ano,mes,nome,item,fornecedor,cnpj_cpf,valor,saldo
2025,1,ADAIL JUNIOR,Vale Combustível,PRIME LTDA,05.340.639/0001-30,6844.0,20294.13
2025,1,ADAIL JUNIOR,Vale Alimentação,PLUXEE BENEFÍCIOS BRASIL,69.034.668/0001-56,4720.0,15574.13
2025,1,ADAIL JUNIOR,Vale Restaurante,PLUXEE BENEFÍCIOS BRASIL,69.034.668/0001-56,2360.0,13214.13
2025,1,ADAIL JUNIOR,Passcard´s Eletrônicos,SINDIÔNIBUS,07.341.423/0001-14,0.0,13214.13
2025,1,ADAIL JUNIOR,Despesas com Locação de Veículo,CASABLANCA RENT A CAR,03.977.401/0001-94,9440.0,3774.13
2025,1,ADAIL JUNIOR,Despesas com Serviço Gráfico,GRÁFICA RDS,02.265.186/0001-36,3657.0,117.13
2025,1,ADRIANA ALMEIDA,Vale Combustível,PRIME LTDA,05.340.639/0001-30,4400.0,22738.13
2025,1,ADRIANA ALMEIDA,Vale Alimentação,PLUXEE BENEFÍCIOS BRASIL,69.034.668/0001-56,3500.0,19238.13
2025,1,ADRIANA ALMEIDA,Vale Restaurante,PLUXEE BENEFÍCIOS BRASIL,69.034.668/0001-56,2000.0,17238.13
2025,1,ADRIANA ALMEIDA,Passcard´s Eletrônicos,SINDIÔNIBUS,07.341.423/0001-14,612.0,16626.13
2025,1,ADRIANA ALMEIDA,Despesas com Consultoria Jurídica,BRUNO DE SOUSA,47.771.413/0001-33,4490.5,12135.63
2025,1,ADRIANA ALMEIDA,Despesas com Serviço Gráfico,GRÁFICA PRINTCOLOR,02.824.298/0001-80,6500.02,5635.61
2025,1,ADRIANA ALMEIDA,Despesas com Locação de Veículo,CASABLANCA RENT A CAR,03.977.401/0001-94,5145.0,490.610000000001
2025,1,ADRIANA ALMEIDA,Despesas com Locação de Veículo,CASABLANCA RENT A CAR,03.977.401/0001-94,490.0,0.610000000000582
2025,1,ADRIANA GERÔNIMO,Vale Combustível,PRIME LTDA,05.340.639/0001-30,5240.0,21898.13
2025,1,ADRIANA GERÔNIMO,Vale Alimentação,PLUXEE BENEFÍCIOS BRASIL,69.034.668/0001-56,4220.0,17678.13
2025,1,ADRIANA GERÔNIMO,Vale Restaurante,PLUXEE BENEFÍCIOS BRASIL,69.034.668/0001-56,2713.81,14964.32
2025,1,ADRIANA GERÔNIMO,Passcard´s Eletrônicos,SINDIÔNIBUS,07.341.423/0001-14,1134.0,13830.32
2025,1,ADRIANA GERÔNIMO,Despesas com  Telefonia Móvel,TIM S.A,02.421421/0001-11,62.9,13767.42
2025,1,ADRIANA GERÔNIMO,Despesas com Consultoria Jurídica,BRUNO DE SOUSA-SOC.IND.ADVOCACIA,47.771.413/0001-33,4490.5,9276.92
2025,1,ADRIANA GERÔNIMO,Despesas com Locação de Veículo,CASABLANCA RENT A CAR,03.977.401/0001-94,3814.37,5462.55
2025,1,AGLAYLSON FIGUEIREDO,Vale Combustível,PRIME LTDA,05.340.639/0001-30,7600.0,19538.13
2025,1,AGLAYLSON FIGUEIREDO,Vale Alimentação,PLUXEE BENEFÍCIOS BRASIL,69.034.668/0001-56,3000.0,16538.13
2025,1,AGLAYLSON FIGUEIREDO,Vale Restaurante,PLUXEE BENEFÍCIOS BRASIL,69.034.668/0001-56,1980.0,14558.13
2025,1,AGLAYLSON FIGUEIREDO,Passcard´s Eletrônicos,SINDIÔNIBUS,07.341.423/0001-14,0.0,14558.13
2025,1,AGLAYLSON FIGUEIREDO,Despesas com Locação de Veículo,CASABLANCA RENT A CAR,03.977.401/0001-94,10850.0,3708.13
2025,1,ANA ARACAPÉ,Vale Combustível,PRIME LTDA,05.340.639/0001-30,7870.06,19268.07
2025,1,ANA ARACAPÉ,Vale Alimentação,PLUXEE BENEFÍCIOS BRASIL,69.034.668/0001-56,5427.63,13840.44
2025,1,ANA ARACAPÉ,Vale Restaurante,PLUXEE BENEFÍCIOS BRASIL,69.034.668/0001-56,2713.0,11127.44
2025,1,ANA ARACAPÉ,Passcard´s Eletrônicos,SINDIÔNIBUS,07.341.423/0001-14,279.0,10848.44
2025,1,ANA ARACAPÉ,Despesas com Serviço Gráfico,GRÁFICA SOLUÇÃO,19.386.760/0001-07,6643.43,4205.01
2025,1,ANA ARACAPÉ,Despesas com Locação de Veículo,CASABLANCA RENT A CAR,03.977.401/0001-94,4080.0,125.009999999998
2025,1,BELLA  CARMELO,Vale Combustível,PRIME LTDA,05.340.639/0001-30,3500.0,23638.13
2025,1,BELLA  CARMELO,Vale Alimentação,PLUXEE BENEFÍCIOS BRASIL,69.034.668/0001-56,2300.0,21338.13
2025,1,BELLA  CARMELO,Vale Restaurante,PLUXEE BENEFÍCIOS BRASIL,69.034.668/0001-56,2700.0,18638.13
2025,1,BELLA  CARMELO,Passcard´s Eletrônicos,SINDIÔNIBUS,07.341.423/0001-14,0.0,18638.13
2025,1,BELLA  CARMELO,Despesas com Locação de Veículo,CASABLANCA RENT A CAR,03.977.401/0001-94,10500.0,8138.13
2025,1,BENIGNO  JUNIOR,Vale Combustível,PRIME LTDA,05.340.639/0001-30,7500.0,19638.13
2025,1,BENIGNO  JUNIOR,Vale Alimentação,PLUXEE BENEFÍCIOS BRASIL,69.034.668/0001-56,5400.0,14238.13
2025,1,BENIGNO  JUNIOR,Vale Restaurante,PLUXEE BENEFÍCIOS BRASIL,69.034.668/0001-56,2700.0,11538.13
2025,1,BENIGNO  JUNIOR,Passcard´s Eletrônicos,SINDIÔNIBUS,07.341.423/0001-14,0.0,11538.13
2025,1,BENIGNO  JUNIOR,Despesas com Serviço Gráfico,GRÁFICA PRINTCOLOR,02.824.298/0001-80,6104.3,5433.83
2025,1,BENIGNO  JUNIOR,Despesas com Locação de Veículo,CASABLANCA RENT A CAR,03.977.401/0001-94,5150.0,283.830000000001
2025,1,BRUNO MESQUITA,Vale Combustível,PRIME LTDA,05.340.639/0001-30,7844.0,19294.13
2025,1,BRUNO MESQUITA,Vale Alimentação,PLUXEE BENEFÍCIOS BRASIL,69.034.668/0001-56,5420.0,13874.13
2025,1,BRUNO MESQUITA,Vale Restaurante,PLUXEE BENEFÍCIOS BRASIL,69.034.668/0001-56,2710.0,11164.13
2025,1,BRUNO MESQUITA,Passcard´s Eletrônicos,SINDIÔNIBUS,07.341.423/0001-14,0.0,11164.13
2025,1,BRUNO MESQUITA,Despesas com Locação de Veículo,CASABLANCA RENT A CAR,03.977.401/0001-94,5670.0,5494.13
2025,1,CARLA IBIAPINA,Vale Combustível,PRIME LTDA,05.340.639/0001-30,7000.0,20138.13
2025,1,CARLA IBIAPINA,Vale Alimentação,PLUXEE BENEFÍCIOS BRASIL,69.034.668/0001-56,5426.0,14712.13
2025,1,CARLA IBIAPINA,Vale Restaurante,PLUXEE BENEFÍCIOS BRASIL,69.034.668/0001-56,2713.0,11999.13
2025,1,CARLA IBIAPINA,Passcard´s Eletrônicos,SINDIÔNIBUS,07.341.423/0001-14,0.0,11999.13
2025,1,CARLA IBIAPINA,Despesas com Serviço Gráfico,GRÁFICA SOLUÇÃO,19.386.760/0001-07,5993.22,6005.91
2025,1,CARLA IBIAPINA,Despesas com Locação de Veículo,CASABLANCA RENT A CAR,03.977.401/0001-94,5000.0,1005.91
2025,1,CHIQUINHO DOS CARNEIROS,Vale Combustível,PRIME LTDA,05.340.639/0001-30,7870.0,19268.13
2025,1,CHIQUINHO DOS CARNEIROS,Vale Alimentação,PLUXEE BENEFÍCIOS BRASIL,69.034.668/0001-56,5426.0,13842.13
2025,1,CHIQUINHO DOS CARNEIROS,Vale Restaurante,PLUXEE BENEFÍCIOS BRASIL,69.034.668/0001-56,2712.0,11130.13
2025,1,CHIQUINHO DOS CARNEIROS,Passcard´s Eletrônicos,SINDIÔNIBUS,07.341.423/0001-14,0.0,11130.13
2025,1,CHIQUINHO DOS CARNEIROS,Despesas com Serviço Gráfico,GRÁFICA ESTRELA,07.097.989/0001-42,6737.66,4392.47
2025,1,DR. LUCIANO GIRÃO,Vale Combustível,PRIME LTDA,05.340.639/0001-30,2000.0,25138.13
2025,1,DR. LUCIANO GIRÃO,Vale Alimentação,PLUXEE BENEFÍCIOS BRASIL,69.034.668/0001-56,5420.0,19718.13
2025,1,DR. LUCIANO GIRÃO,Vale Restaurante,PLUXEE BENEFÍCIOS BRASIL,69.034.668/0001-56,2713.0,17005.13
2025,1,DR. LUCIANO GIRÃO,Passcard´s Eletrônicos,SINDIÔNIBUS,07.341.423/0001-14,594.0,16411.13
2025,1,DR. LUCIANO GIRÃO,Despesas com Telefonia Móvel,TELEFÔNICA BRASIL S.A,02.558.157/0001/62,37.99,16373.14
2025,1,DR. LUCIANO GIRÃO,Despesas com  Telefonia Móvel,CLARO S.A,40.432.544/0001/47,57.02,16316.12
2025,1,DR. LUCIANO GIRÃO,Despesas com Serviço Gráfico,GRÁFICA SOLUÇÃO,19.386.760/0001-07,3499.59,12816.53
2025,1,DR. LUCIANO GIRÃO,Despesas com Locação de Veículo,CASABLANCA RENT A CAR,03.977.401/0001-94,3045.0,9771.53
2025,1,DR. LUCIANO GIRÃO,Despesas com Locação de Veículo,CASABLANCA RENT A CAR,03.977.401/0001-94,6955.0,2816.53
2025,1,DR. VICENTE,Vale Combustível,PRIME LTDA,05.340.639/0001-30,7800.0,19338.13
2025,1,DR. VICENTE,Vale Alimentação,PLUXEE BENEFÍCIOS BRASIL,69.034.668/0001-56,4800.0,14538.13
2025,1,DR. VICENTE,Vale Restaurante,PLUXEE BENEFÍCIOS BRASIL,69.034.668/0001-56,2700.0,11838.13
2025,1,DR. VICENTE,Passcard´s Eletrônicos,SINDIÔNIBUS,07.341.423/0001-14,1080.0,10758.13
2025,1,DR. VICENTE,Despesas com  Telefonia Móvel,CLARO S.A,40.432.544/0001/47,105.36,10652.77
2025,1,DR. VICENTE,Despesas com Serviço Gráfico,GRÁFICA PRINTCOLOR,02.824.298/0001-80,5544.53,5108.24
2025,1,DR. VICENTE,Despesas com Locação de Veículo,CASABLANCA RENT A CAR,03.977.401/0001-94,5100.0,8.24000000000069
2025,1,EMANUEL ACRISIO,Vale Combustível,PRIME LTDA,05.340.639/0001-30,7792.0,19346.13
2025,1,EMANUEL ACRISIO,Vale Alimentação,PLUXEE BENEFÍCIOS BRASIL,69.034.668/0001-56,5420.0,13926.13
2025,1,EMANUEL ACRISIO,Vale Restaurante,PLUXEE BENEFÍCIOS BRASIL,69.034.668/0001-56,2710.0,11216.13
2025,1,EMANUEL ACRISIO,Passcard´s Eletrônicos,SINDIÔNIBUS,07.341.423/0001-14,540.0,10676.13
2025,1,EMANUEL ACRISIO,Despesas com Serviço Gráfico,GRÁFICA  PRINTCOLOR,02.824.298/0001-80,5620.13,5056.0
2025,1,EMANUEL ACRISIO,Despesas com locação de veículo,CASABLANCA RENT A CAR,03.977.401/0001-94,5040.0,16.0000000000009
2025,1,ERICH  DOUGLAS,Vale Combustível,PRIME LTDA,05.340.639/0001-30,6500.0,20638.13
2025,1,ERICH  DOUGLAS,Vale Alimentação,PLUXEE BENEFÍCIOS BRASIL,69.034.668/0001-56,5400.0,15238.13
2025,1,ERICH  DOUGLAS,Vale Restaurante,PLUXEE BENEFÍCIOS BRASIL,69.034.668/0001-56,2713.0,12525.13
2025,1,ERICH  DOUGLAS,Passcard´s Eletrônicos,SINDIÔNIBUS,07.341.423/0001-14,0.0,12525.13
2025,1,ERICH  DOUGLAS,Despesas com Consultoria Jurídica,ANTÔNIO ALBUQUERQUE,47.730.644/0001-07,5980.5,6544.63
2025,1,ERICH  DOUGLAS,Despesas com Locação de Veículo,CASABLANCA RENT A CAR,03.977.401/0001-94,4640.0,1904.63
2025,1,ESTRELA BARROS,Vale Combustível,PRIME LTDA,05.340.639/0001-30,4127.0,23011.13
2025,1,ESTRELA BARROS,Vale Alimentação,PLUXEE BENEFÍCIOS BRASIL,69.034.668/0001-56,5427.0,17584.13
2025,1,ESTRELA BARROS,Vale Restaurante,PLUXEE BENEFÍCIOS BRASIL,69.034.668/0001-56,0.0,17584.13
2025,1,ESTRELA BARROS,Passcard´s Eletrônicos,SINDIÔNIBUS,07.341.423/0001-14,0.0,17584.13
2025,1,ESTRELA BARROS,Despesas com Serviço Gráfico,GRÁFICA SOLUÇÃO,19.386.760/0001-07,6765.93,10818.2
2025,1,ESTRELA BARROS,Despesas com Locação de Veículo,CASABLANCA RENT A CAR,03.977.401/0001-94,10800.0,18.2000000000007
2025,1,GABRIEL AGUIAR,Vale Combustível,PRIME LTDA,05.340.639/0001-30,5900.0,21238.13
2025,1,GABRIEL AGUIAR,Vale Alimentação,PLUXEE BENEFÍCIOS BRASIL,69.034.668/0001-56,4800.0,16438.13
2025,1,GABRIEL AGUIAR,Vale Restaurante,PLUXEE BENEFÍCIOS BRASIL,69.034.668/0001-56,1800.0,14638.13
2025,1,GABRIEL AGUIAR,Passcard´s Eletrônicos,SINDIÔNIBUS,07.341.423/0001-14,1935.0,12703.13
2025,1,GABRIEL AGUIAR,Despesas com Locação de Veículo,CASABLANCA RENT A CAR,06.621.791/0001-53,1300.0,11403.13
2025,1,GABRIEL AGUIAR,Despesas com Locação de Veículo,CASABLANCA RENT A CAR,06.621.791/0001-53,5670.0,5733.13
2025,1,GARDEL  ROLIM,Vale Combustível,PRIME LTDA,05.340.639/0001-30,7500.0,19638.13
2025,1,GARDEL  ROLIM,Vale Alimentação,PLUXEE BENEFÍCIOS BRASIL,69.034.668/0001-56,5300.0,14338.13
2025,1,GARDEL  ROLIM,Vale Restaurante,PLUXEE BENEFÍCIOS BRASIL,69.034.668/0001-56,600.0,13738.13
2025,1,GARDEL  ROLIM,Passcard´s Eletrônicos,SINDIÔNIBUS,07.341.423/0001-14,225.0,13513.13
2025,1,GARDEL  ROLIM,Despesas com Telefonia Móvel,TELEFÔNICA BRASIL S.A,02.558.157/0001/62,113.96,13399.17
2025,1,GARDEL  ROLIM,Despesas com Serviço Gráfico,GRÁFICA  PRINTCOLOR,02.824.298/0001-80,2493.93,10905.24
2025,1,GARDEL  ROLIM,Despesas com Locação de Veículo,CASABLANCA RENT A CAR,06.621.791/0001-53,6510.0,4395.24
2025,1,GARDEL  ROLIM,Despesas com Locação de Veículo,CASABLANCA RENT A CAR,06.621.791/0001-53,4345.0,50.2400000000016
2025,1,GERMANO  HEMANN,Vale Combustível,PRIME LTDA,05.340.639/0001-30,7870.0,19268.13
2025,1,GERMANO  HEMANN,Vale Alimentação,PLUXEE BENEFÍCIOS BRASIL,69.034.668/0001-56,5427.0,13841.13
2025,1,GERMANO  HEMANN,Vale Restaurante,PLUXEE BENEFÍCIOS BRASIL,69.034.668/0001-56,2713.81,11127.32
2025,1,GERMANO  HEMANN,Passcard´s Eletrônicos,SINDIÔNIBUS,07.341.423/0001-14,0.0,11127.32
2025,1,GERMANO  HEMANN,Despesas com Telefonia Móvel,CLARO S.A,40.432.544/0001/47,87.39,11039.93
2025,1,GERMANO  HEMANN,Despesas com Telefonia Móvel,TIM S.A,02.421.421/0001-11,125.8,10914.13
2025,1,GERMANO  HEMANN,Despesas com Locação de Veículo,CASABLANCA RENT A CAR,03.977.401/0001-94,10850.0,64.1300000000028
2025,1,INSPETOR ALBERTO,Vale Combustível,PRIME LTDA,05.340.639/0001-30,7870.0,19268.13
2025,1,INSPETOR ALBERTO,Vale Alimentação,PLUXEE BENEFÍCIOS BRASIL,69.034.668/0001-56,5427.0,13841.13
2025,1,INSPETOR ALBERTO,Vale Restaurante,PLUXEE BENEFÍCIOS BRASIL,69.034.668/0001-56,2713.0,11128.13
2025,1,INSPETOR ALBERTO,Passcard´s Eletrônicos,SINDIÔNIBUS,07.341.423/0001-14,0.0,11128.13
2025,1,INSPETOR ALBERTO,Desp.com Comunicação e Divulg. de Mandato,PRM Comunic.Gestão Emp. ltda,37.842.306/0001-03,6500.0,4628.13
2025,1,INSPETOR ALBERTO,Despesas com Serviço Gráfico,GRÁFICA INFORGRAF,35.432.845/0001-30,4566.35,61.7800000000007
2025,1,IRMÃO  LÉO,Vale Combustível,PRIME LTDA,05.340.639/0001-30,6214.0,20924.13
2025,1,IRMÃO  LÉO,Vale Alimentação,PLUXEE BENEFÍCIOS BRASIL,69.034.668/0001-56,5427.0,15497.13
2025,1,IRMÃO  LÉO,Vale Restaurante,PLUXEE BENEFÍCIOS BRASIL,69.034.668/0001-56,2713.0,12784.13
2025,1,IRMÃO  LÉO,Passcard´s Eletrônicos,SINDIÔNIBUS,07.341.423/0001-14,0.0,12784.13
2025,1,IRMÃO  LÉO,Despesas com Serviço Gráfico,GRÁFICA RDS,02.265.186/0001-36,6360.0,6424.13
2025,1,JÂNIO HENRIQUE,Vale Combustível,PRIME LTDA,05.340.639/0001-30,7850.0,19288.13
2025,1,JÂNIO HENRIQUE,Vale Alimentação,PLUXEE BENEFÍCIOS BRASIL,69.034.668/0001-56,5400.0,13888.13
2025,1,JÂNIO HENRIQUE,Vale Restaurante,PLUXEE BENEFÍCIOS BRASIL,69.034.668/0001-56,2700.0,11188.13
2025,1,JÂNIO HENRIQUE,Passcard´s Eletrônicos,SINDIÔNIBUS,07.341.423/0001-14,0.0,11188.13
2025,1,JÂNIO HENRIQUE,Despesas com Serviço Gráfico,GRÁFICA PRINTCOLOR,02.824.298/0001-80,6422.3,4765.83
2025,1,JÂNIO HENRIQUE,Despesas com Consultoria Jurídica,ANTÔNIO ALBUQUERQUE,47.730.644/0001-07,4295.5,470.330000000001
2025,1,JORGE PINHEIRO,Vale Combustível,PRIME LTDA,05.340.639/0001-30,5100.0,22038.13
2025,1,JORGE PINHEIRO,Vale Alimentação,PLUXEE BENEFÍCIOS BRASIL,69.034.668/0001-56,5427.0,16611.13
2025,1,JORGE PINHEIRO,Vale Restaurante,PLUXEE BENEFÍCIOS BRASIL,69.034.668/0001-56,2713.0,13898.13
2025,1,JORGE PINHEIRO,Passcard´s Eletrônicos,SINDIÔNIBUS,07.341.423/0001-14,297.0,13601.13
2025,1,JORGE PINHEIRO,Despesas com Telefonia Móvel,TELEFÔNICA BRASIL S.A,02.558.157/0001/62,151.94,13449.19
2025,1,JORGE PINHEIRO,Despesas com Serviço de carta simples,CORREIOS E TELÉGRAFOS,34.028.316/0010-02,530.4,12918.79
2025,1,JULIERME  SENA,Vale Combustível,PRIME LTDA,05.340.639/0001-30,7100.0,20038.13
2025,1,JULIERME  SENA,Vale Alimentação,PLUXEE BENEFÍCIOS BRASIL,69.034.668/0001-56,5427.63,14610.5
2025,1,JULIERME  SENA,Vale Restaurante,PLUXEE BENEFÍCIOS BRASIL,69.034.668/0001-56,2700.0,11910.5
2025,1,JULIERME  SENA,Passcard´s Eletrônicos,SINDIÔNIBUS,07.341.423/0001-14,1350.0,10560.5
2025,1,JULIERME  SENA,Despesas com Serviço Gráfico,MOTOGRÁFICA,10.670.251/0001-37,4683.44,5877.06
2025,1,JULIERME  SENA,Despesas com Locação de Veículo,CASABLANCA RENT A CAR,03.977.401/0001-94,5050.0,827.06
2025,1,KÁTIA RODRIGUES,Vale Combustível,PRIME LTDA,05.340.639/0001-30,7044.0,20094.13
2025,1,KÁTIA RODRIGUES,Vale Alimentação,PLUXEE BENEFÍCIOS BRASIL,69.034.668/0001-56,5400.0,14694.13
2025,1,KÁTIA RODRIGUES,Vale Restaurante,PLUXEE BENEFÍCIOS BRASIL,69.034.668/0001-56,2360.0,12334.13
2025,1,KÁTIA RODRIGUES,Passcard´s Eletrônicos,SINDIÔNIBUS,07.341.423/0001-14,0.0,12334.13
2025,1,KÁTIA RODRIGUES,Despesas com Serviço Gráfico,GRÁFICA SOLUÇÃO,19.386.760/0001-07,5964.95,6369.18
2025,1,KÁTIA RODRIGUES,Despesas com Locação de Veículo,CASABLANCA RENT A CAR,03.977.401/0001-94,6047.14,322.040000000001
2025,1,LÉO COUTO,Vale Combustível,PRIME LTDA,05.340.639/0001-30,5100.0,22038.13
2025,1,LÉO COUTO,Vale Alimentação,PLUXEE BENEFÍCIOS BRASIL,69.034.668/0001-56,3000.0,19038.13
2025,1,LÉO COUTO,Vale Restaurante,PLUXEE BENEFÍCIOS BRASIL,69.034.668/0001-56,2360.0,16678.13
2025,1,LÉO COUTO,Passcard´s Eletrônicos,SINDIÔNIBUS,07.341.423/0001-14,0.0,16678.13
2025,1,LÉO COUTO,Despesas com Locação de Veículo,CASABLANCA RENT A CAR,03.977.401/0001-94,10850.0,5828.13
2025,1,LUIZ PAUPINA,Vale Combustível,PRIME LTDA,05.340.639/0001-30,7870.06,19268.07
2025,1,LUIZ PAUPINA,Vale Alimentação,PLUXEE BENEFÍCIOS BRASIL,69.034.668/0001-56,5427.63,13840.44
2025,1,LUIZ PAUPINA,Vale Restaurante,PLUXEE BENEFÍCIOS BRASIL,69.034.668/0001-56,0.0,13840.44
2025,1,LUIZ PAUPINA,Passcard´s Eletrônicos,SINDIÔNIBUS,07.341.423/0001-14,0.0,13840.44
2025,1,LUIZ PAUPINA,Despesas com Serviço Gráfico,GRÁFICA SOLUÇÃO,19.386.760/0001-07,6773.4,7067.04
2025,1,LUIZ PAUPINA,Despesas com Locação de Veículo,CASABLANCA RENT A CAR,06.621.791/0001-53,3400.0,3667.04
2025,1,LUIZ PAUPINA,Despesas com Locação de Veículo,CASABLANCA RENT A CAR,06.621.791/0001-53,3600.0,67.0399999999991
2025,1,LUIZ SERGIO,Vale Combustível,PRIME LTDA,05.340.639/0001-30,4870.0,22268.13
2025,1,LUIZ SERGIO,Vale Alimentação,PLUXEE BENEFÍCIOS BRASIL,69.034.668/0001-56,4427.0,17841.13
2025,1,LUIZ SERGIO,Vale Restaurante,PLUXEE BENEFÍCIOS BRASIL,69.034.668/0001-56,712.0,17129.13
2025,1,LUIZ SERGIO,Passcard´s Eletrônicos,SINDIÔNIBUS,07.341.423/0001-14,0.0,17129.13
2025,1,LUIZ SERGIO,Despesas com Serviço Gráfico,GRÁFICA SOLUÇÃO,19.386.760/0001-07,4343.88,12785.25
2025,1,LUIZ SERGIO,Despesas com Comunicação e Divulgação de Mandato,PRM COMUNIC. GESTÃO EMPRES. LTDA,37.842.306/0001-03,5850.0,6935.25
2025,1,MARCEL  COLARES,Vale Combustível,PRIME LTDA,05.340.639/0001-30,6250.0,20888.13
2025,1,MARCEL  COLARES,Vale Alimentação,PLUXEE BENEFÍCIOS BRASIL,69.034.668/0001-56,5400.0,15488.13
2025,1,MARCEL  COLARES,Vale Restaurante,PLUXEE BENEFÍCIOS BRASIL,69.034.668/0001-56,1600.0,13888.13
2025,1,MARCEL  COLARES,Passcard´s Eletrônicos,SINDIÔNIBUS,07.341.423/0001-14,0.0,13888.13
2025,1,MARCEL  COLARES,Despesas com Serviço Gráfico,GRÁFICA ESTRELA,07.097.989/0001-42,6030.91,7857.22
2025,1,MARCEL  COLARES,Despesas com Locação de Veículo,CASABLANCA RENT A CAR,03.977.401/0001-94,7000.0,857.220000000001
2025,1,MARCELO  MENDES,Vale Combustível,PRIME LTDA,05.340.639/0001-30,7800.0,19338.13
2025,1,MARCELO  MENDES,Vale Alimentação,PLUXEE BENEFÍCIOS BRASIL,69.034.668/0001-56,5375.0,13963.13
2025,1,MARCELO  MENDES,Vale Restaurante,PLUXEE BENEFÍCIOS BRASIL,69.034.668/0001-56,0.0,13963.13
2025,1,MARCELO  MENDES,Passcard´s Eletrônicos,SINDIÔNIBUS,07.341.423/0001-14,0.0,13963.13
2025,1,MARCOS PAULO,Vale Combustível,PRIME LTDA,05.340.639/0001-30,7500.0,19638.13
2025,1,MARCOS PAULO,Vale Alimentação,PLUXEE BENEFÍCIOS BRASIL,69.034.668/0001-56,5427.63,14210.5
2025,1,MARCOS PAULO,Vale Restaurante,PLUXEE BENEFÍCIOS BRASIL,69.034.668/0001-56,2713.81,11496.69
2025,1,MARCOS PAULO,Passcard´s Eletrônicos,SINDIÔNIBUS,07.341.423/0001-14,0.0,11496.69
2025,1,MARCOS PAULO,Despesas com Serviço Gráfico,GRÁFICA SOLUÇÃO,19.386.760/0001-07,6766.71,4729.98
2025,1,MARCOS PAULO,Despesas com Locação de Veículo,CASABLANCA RENT A CAR,03.977.401/0001-94,4700.0,29.9800000000005
2025,1,MARI  LACERDA,Vale Combustível,PRIME LTDA,05.340.639/0001-30,4464.0,22674.13
2025,1,MARI  LACERDA,Vale Alimentação,PLUXEE BENEFÍCIOS BRASIL,69.034.668/0001-56,4000.0,18674.13
2025,1,MARI  LACERDA,Vale Restaurante,PLUXEE BENEFÍCIOS BRASIL,69.034.668/0001-56,2500.0,16174.13
2025,1,MARI  LACERDA,Passcard´s Eletrônicos,SINDIÔNIBUS,07.341.423/0001-14,0.0,16174.13
2025,1,MARI  LACERDA,Despesas com Serviço Gráfico,GRÁFICA  PRINTCOLOR,02.824.298/0001-80,5176.26,10997.87
2025,1,MARI  LACERDA,Despesas com Locação de Veículo,CASABLANCA RENT A CAR,03.977.401/0001-94,3024.0,7973.87
2025,1,MICHEL  LINS,Vale Combustível,PRIME LTDA,05.340.639/0001-30,0.0,27138.13
2025,1,MICHEL  LINS,Vale Alimentação,PLUXEE BENEFÍCIOS BRASIL,69.034.668/0001-56,4720.0,22418.13
2025,1,MICHEL  LINS,Vale Restaurante,PLUXEE BENEFÍCIOS BRASIL,69.034.668/0001-56,2360.0,20058.13
2025,1,MICHEL  LINS,Passcard´s Eletrônicos,SINDIÔNIBUS,07.341.423/0001-14,360.0,19698.13
2025,1,MICHEL  LINS,Despesas com Comunicação e Divulgação de Mandato,MARKETING ON SOFTWARE E PUB. LTDA,45.565.661/0001-00,6662.5,13035.63
2025,1,MICHEL  LINS,Despesas com Serviço Gráfico,GRÁFICA RDS,02.265.186/0001-36,2179.34,10856.29
2025,1,MICHEL  LINS,Despesas com Locação de Veículo,CASABLANCA RENT A CAR,03.977.401/0001-94,10850.0,6.29000000000087
2025,1,PAULO MARTINS,Vale Combustível,PRIME LTDA,05.340.639/0001-30,7850.0,19288.13
2025,1,PAULO MARTINS,Vale Alimentação,PLUXEE BENEFÍCIOS BRASIL,69.034.668/0001-56,5420.0,13868.13
2025,1,PAULO MARTINS,Vale Restaurante,PLUXEE BENEFÍCIOS BRASIL,69.034.668/0001-56,2713.0,11155.13
2025,1,PAULO MARTINS,Passcard´s Eletrônicos,SINDIÔNIBUS,07.341.423/0001-14,1836.0,9319.13
2025,1,PAULO MARTINS,Despesas com Telefonia Móvel,TELEFÔNICA BRASIL S.A,02.558.157/0001/62,151.94,9167.19
2025,1,PAULO MARTINS,Despesas com  Telefonia Móvel,CLARO S.A,40.432.544/0001/47,894.4,8272.79
2025,1,PAULO MARTINS,Despesas com Serviço de Cartas,CORREIOS E TELÉGRAFOS,34.028.316/0010-02,3197.7,5075.09
2025,1,PAULO MARTINS,Despesas com Locação de Veículo,CASABLANCA RENT A CAR,03.977.401/0001-94,5050.0,25.0899999999992
2025,1,PEDRO MATOS,Vale Combustível,PRIME LTDA,05.340.639/0001-30,7800.0,19338.13
2025,1,PEDRO MATOS,Vale Alimentação,PLUXEE BENEFÍCIOS BRASIL,69.034.668/0001-56,5400.0,13938.13
2025,1,PEDRO MATOS,Vale Restaurante,PLUXEE BENEFÍCIOS BRASIL,69.034.668/0001-56,2700.0,11238.13
2025,1,PEDRO MATOS,Passcard´s Eletrônicos,SINDIÔNIBUS,07.341.423/0001-14,0.0,11238.13
2025,1,PEDRO MATOS,Despesas com  Telefonia Móvel,CLARO S.A,40.432.544/0001/47,68.35,11169.78
2025,1,PEDRO MATOS,Despesas com Comunicação e Divulgação de Mandato,R e K PRODUCÕES E ASSESORIA LTDA,16.880.815/0001-42,6662.5,4507.28
2025,1,PEDRO MATOS,Despesas com Serviço Gráfico,GRÁFICA ESTRELA,07.097.989/0001-42,4496.1,11.1799999999985
2025,1,PPCELL,Vale Combustível,PRIME LTDA,05.340.639/0001-30,7870.0,19268.13
2025,1,PPCELL,Vale Alimentação,PLUXEE BENEFÍCIOS BRASIL,69.034.668/0001-56,5427.0,13841.13
2025,1,PPCELL,Vale Restaurante,PLUXEE BENEFÍCIOS BRASIL,69.034.668/0001-56,2713.0,11128.13
2025,1,PPCELL,Passcard´s Eletrônicos,SINDIÔNIBUS,07.341.423/0001-14,198.0,10930.13
2025,1,PPCELL,Despesas com Serviço Gráfico,GRÁFICA RDS,02.265.186/0001-36,4293.0,6637.13
2025,1,PPCELL,Despesas com Locação de Veículo,CASABLANCA RENT A CAR,03.977.401/0001-94,6510.0,127.129999999999
2025,1,PRISCILA  COSTA,Vale Combustível,PRIME LTDA,05.340.639/0001-30,5190.0,21948.13
2025,1,PRISCILA  COSTA,Vale Alimentação,PLUXEE BENEFÍCIOS BRASIL,69.034.668/0001-56,4720.0,17228.13
2025,1,PRISCILA  COSTA,Vale Restaurante,PLUXEE BENEFÍCIOS BRASIL,69.034.668/0001-56,2360.0,14868.13
2025,1,PRISCILA  COSTA,Passcard´s Eletrônicos,SINDIÔNIBUS,07.341.423/0001-14,0.0,14868.13
2025,1,PRISCILA  COSTA,Desp.com Comunicação e Divulg. de Mandato,PRM Comunic.Gestão Emp. ltda,37.842.306/0001-03,5200.0,9668.13
2025,1,PRISCILA  COSTA,Despesas com Locação de Veículo,CASABLANCA RENT A CAR,03.977.401/0001-94,9440.0,228.129999999999
2025,1,PROF. AGUIAR TOBA,Vale Combustível,PRIME LTDA,05.340.639/0001-30,7870.05,19268.08
2025,1,PROF. AGUIAR TOBA,Vale Alimentação,PLUXEE BENEFÍCIOS BRASIL,69.034.668/0001-56,5427.63,13840.45
2025,1,PROF. AGUIAR TOBA,Vale Restaurante,PLUXEE BENEFÍCIOS BRASIL,69.034.668/0001-56,2713.8,11126.65
2025,1,PROF. AGUIAR TOBA,Passcard´s Eletrônicos,SINDIÔNIBUS,07.341.423/0001-14,0.0,11126.65
2025,1,PROF. AGUIAR TOBA,Despesas com Comunicação e Divulgação de Mandato,MARKETING ON SOFTWARE E PUB. LTDA,45.565.661/0001-00,4225.0,6901.65
2025,1,PROF. AGUIAR TOBA,Despesas com Serviço Gráfico,GRÁFICA SOLUÇÃO,19.386.760/0001-07,6757.5,144.150000000001
2025,1,PROFESSOR ENILSON,Vale Combustível,PRIME LTDA,05.340.639/0001-30,7592.0,19546.13
2025,1,PROFESSOR ENILSON,Vale Alimentação,PLUXEE BENEFÍCIOS BRASIL,69.034.668/0001-56,5420.0,14126.13
2025,1,PROFESSOR ENILSON,Vale Restaurante,PLUXEE BENEFÍCIOS BRASIL,69.034.668/0001-56,2360.0,11766.13
2025,1,PROFESSOR ENILSON,Passcard´s Eletrônicos,SINDIÔNIBUS,07.341.423/0001-14,0.0,11766.13
2025,1,PROFESSOR ENILSON,Despesas com Serviço Gráfico,GRÁFICA SOLUÇÃO,19.386.760/0001-07,6643.43,5122.7
2025,1,PROFESSOR ENILSON,Despesas com Locação de Veículo,CASABLANCA RENT A CAR,03.977.401/0001-94,4998.42,124.279999999999
2025,1,RENÉ  PESSOA,Vale Combustível,PRIME LTDA,05.340.639/0001-30,7870.06,19268.07
2025,1,RENÉ  PESSOA,Vale Alimentação,PLUXEE BENEFÍCIOS BRASIL,69.034.668/0001-56,5427.63,13840.44
2025,1,RENÉ  PESSOA,Vale Restaurante,PLUXEE BENEFÍCIOS BRASIL,69.034.668/0001-56,2713.81,11126.63
2025,1,RENÉ  PESSOA,Passcard´s Eletrônicos,SINDIÔNIBUS,07.341.423/0001-14,207.0,10919.63
2025,1,RENÉ  PESSOA,Despesas com serviço Gráfico,GRÁFICA  SOLUÇÃO,19.386.760/0001-07,2087.67,8831.96
2025,1,RENÉ  PESSOA,Despesas com Locação de Veículo,CASABLANCA RENT A CAR,03.977.401/0001-94,8800.0,31.9599999999991
2025,1,RONALDO  MARTINS,Vale Combustível,PRIME LTDA,05.340.639/0001-30,7692.0,19446.13
2025,1,RONALDO  MARTINS,Vale Alimentação,PLUXEE BENEFÍCIOS BRASIL,69.034.668/0001-56,5420.0,14026.13
2025,1,RONALDO  MARTINS,Vale Restaurante,PLUXEE BENEFÍCIOS BRASIL,69.034.668/0001-56,2713.0,11313.13
2025,1,RONALDO  MARTINS,Passcard´s Eletrônicos,SINDIÔNIBUS,07.341.423/0001-14,1872.0,9441.13
2025,1,RONALDO  MARTINS,Despesas com locação de veículo,CASABLANCA RENT A CAR,03.977.401/0001-94,6000.0,3441.13
2025,1,SOLDADO  NOÉLIO,Vale Combustível,PRIME LTDA,05.340.639/0001-30,5000.0,22138.13
2025,1,SOLDADO  NOÉLIO,Vale Alimentação,PLUXEE BENEFÍCIOS BRASIL,69.034.668/0001-56,4500.0,17638.13
2025,1,SOLDADO  NOÉLIO,Vale Restaurante,PLUXEE BENEFÍCIOS BRASIL,69.034.668/0001-56,0.0,17638.13
2025,1,SOLDADO  NOÉLIO,Passcard´s Eletrônicos,SINDIÔNIBUS,07.341.423/0001-14,0.0,17638.13
2025,1,SOLDADO  NOÉLIO,Desp.com Comunicação e Divulg. de Mandato,PRM Comunic.Gestão Emp. ltda,37.842.306/0001-03,6175.0,11463.13
2025,1,TONY BRITO,Vale Combustível,PRIME LTDA,05.340.639/0001-30,7100.0,20038.13
2025,1,TONY BRITO,Vale Alimentação,PLUXEE BENEFÍCIOS BRASIL,69.034.668/0001-56,5000.0,15038.13
2025,1,TONY BRITO,Vale Restaurante,PLUXEE BENEFÍCIOS BRASIL,69.034.668/0001-56,2500.0,12538.13
2025,1,TONY BRITO,Passcard´s Eletrônicos,SINDIÔNIBUS,07.341.423/0001-14,720.0,11818.13
2025,1,TONY BRITO,Despesas com Comunicação e Divulgação de Mandato,PRM COMUNIC. GESTÃO EMPRES. LTDA,37.842.306/0001-03,4550.0,7268.13
2025,1,TONY BRITO,Despesas com Locação de Veículo,CASABLANCA RENT A CAR,06.621.791/0001-53,7000.0,268.129999999999
2025,1,WELLINGTON SÁBOIA,Vale Combustível,PRIME LTDA,05.340.639/0001-30,7870.06,19268.07
2025,1,WELLINGTON SÁBOIA,Vale Alimentação,PLUXEE BENEFÍCIOS BRASIL,69.034.668/0001-56,5427.59,13840.48
2025,1,WELLINGTON SÁBOIA,Vale Restaurante,PLUXEE BENEFÍCIOS BRASIL,69.034.668/0001-56,2676.35,11164.13
2025,1,WELLINGTON SÁBOIA,Passcard´s Eletrônicos,SINDIÔNIBUS,07.341.423/0001-14,0.0,11164.13
2025,1,WELLINGTON SÁBOIA,Despesas com  Telefonia Móvel,CLARO S.A,40.432.544/0001/47,87.39,11076.74
2025,1,WELLINGTON SÁBOIA,Despesas com Locação de Veículo,CASABLANCA RENT A CAR,03.977.401/0001-94,10850.0,226.74
2025,2,ADAIL JUNIOR,Vale Combustível,PRIME LTDA,05.340.639/0001-30,6844.0,20411.26
2025,2,ADAIL JUNIOR,Vale Alimentação,PLUXEE BENEFÍCIOS BRASIL,69.034.668/0001-56,4720.0,15691.26
2025,2,ADAIL JUNIOR,Vale Restaurante,PLUXEE BENEFÍCIOS BRASIL,69.034.668/0001-56,2360.0,13331.26
2025,2,ADAIL JUNIOR,Passcard´s Eletrônicos,SINDIÔNIBUS,07.341.423/0001-14,0.0,13331.26
2025,2,ADAIL JUNIOR,Despesas com Locação de Veículo,CASABLANCA RENT A CAR,03.977.401/0001-94,9440.0,3891.26
2025,2,ADRIANA ALMEIDA,Vale Combustível,PRIME LTDA,05.340.639/0001-30,4400.0,22738.74
2025,2,ADRIANA ALMEIDA,Vale Alimentação,PLUXEE BENEFÍCIOS BRASIL,69.034.668/0001-56,3500.0,19238.74
2025,2,ADRIANA ALMEIDA,Vale Restaurante,PLUXEE BENEFÍCIOS BRASIL,69.034.668/0001-56,2000.0,17238.74
2025,2,ADRIANA ALMEIDA,Passcard´s Eletrônicos,SINDIÔNIBUS,07.341.423/0001-14,405.0,16833.74
2025,2,ADRIANA ALMEIDA,Despesas com Consultoria Jurídica,BRUNO DE SOUSA,47.771.413/0001-33,4490.5,12343.24
2025,2,ADRIANA ALMEIDA,Despesas com Serviço Gráfico,GRÁFICA PRINTCOLOR,02.824.298/0001-80,5669.66,6673.58
2025,2,ADRIANA ALMEIDA,Despesas com Passagem aérea,R MORAES AGENCIA DE TURISMO,06.955.770/0001-74,961.79,5711.79
2025,2,ADRIANA ALMEIDA,Despesas com Locação de Veículo,CASABLANCA RENT A CAR,03.977.401/0001-94,5145.0,566.79
2025,2,ADRIANA ALMEIDA,Despesas com Locação de Veículo,CASABLANCA RENT A CAR,03.977.401/0001-94,548.0,18.79
2025,2,ADRIANA GERÔNIMO,Vale Combustível,PRIME LTDA,05.340.639/0001-30,6540.0,26060.68
2025,2,ADRIANA GERÔNIMO,Vale Alimentação,PLUXEE BENEFÍCIOS BRASIL,69.034.668/0001-56,5427.63,20633.05
2025,2,ADRIANA GERÔNIMO,Vale Restaurante,PLUXEE BENEFÍCIOS BRASIL,69.034.668/0001-56,2713.81,17919.24
2025,2,ADRIANA GERÔNIMO,Passcard´s Eletrônicos,SINDIÔNIBUS,07.341.423/0001-14,1701.0,16218.24
2025,2,ADRIANA GERÔNIMO,Despesas com  Telefonia Móvel,TIM S.A,02.421421/0001-11,62.9,16155.34
2025,2,ADRIANA GERÔNIMO,Despesas com serviço Gráfico,GRÁFICA MOTOGRÁFICA,10.670.251/0001-37,5636.38,10518.96
2025,2,ADRIANA GERÔNIMO,Despesas com Passagem aérea,R MORAES AGENCIA DE TURISMO,06.955.770/0001-74,1374.7,9144.26
2025,2,ADRIANA GERÔNIMO,Despesas com Hospedagem,R MORAES AGENCIA DE TURISMO,06.955.770/0001-74,2601.8,6542.46
2025,2,ADRIANA GERÔNIMO,Despesas com Consultoria Jurídica,BRUNO DE SOUSA-SOC.IND.ADVOCACIA,47.771.413/0001-33,4490.5,2051.96
2025,2,ADRIANA GERÔNIMO,Despesas com Locação de Veículo,CASABLANCA RENT A CAR,03.977.401/0001-94,2050.0,1.95999999999822
2025,2,AGLAYLSON FIGUEIREDO,Vale Combustível,PRIME LTDA,05.340.639/0001-30,7600.0,23246.26
2025,2,AGLAYLSON FIGUEIREDO,Vale Alimentação,PLUXEE BENEFÍCIOS BRASIL,69.034.668/0001-56,3000.0,20246.26
2025,2,AGLAYLSON FIGUEIREDO,Vale Restaurante,PLUXEE BENEFÍCIOS BRASIL,69.034.668/0001-56,1980.0,18266.26
2025,2,AGLAYLSON FIGUEIREDO,Passcard´s Eletrônicos,SINDIÔNIBUS,07.341.423/0001-14,0.0,18266.26
2025,2,AGLAYLSON FIGUEIREDO,Despesas com Serviço Gráfico,GRÁFICA PRINTCOLOR,02.824.298/0001-80,6775.35,11490.91
2025,2,AGLAYLSON FIGUEIREDO,Despesas com Locação de Veículo,CASABLANCA RENT A CAR,03.977.401/0001-94,10850.0,640.909999999998
2025,2,ANA ARACAPÉ,Vale Combustível,PRIME LTDA,05.340.639/0001-30,7870.06,19393.08
2025,2,ANA ARACAPÉ,Vale Alimentação,PLUXEE BENEFÍCIOS BRASIL,69.034.668/0001-56,5427.63,13965.45
2025,2,ANA ARACAPÉ,Vale Restaurante,PLUXEE BENEFÍCIOS BRASIL,69.034.668/0001-56,2713.0,11252.45
2025,2,ANA ARACAPÉ,Passcard´s Eletrônicos,SINDIÔNIBUS,07.341.423/0001-14,279.0,10973.45
2025,2,ANA ARACAPÉ,Despesas com Serviço Gráfico,GRÁFICA SOLUÇÃO,19.386.760/0001-07,6652.85,4320.6
2025,2,ANA ARACAPÉ,Despesas com Locação de Veículo,CASABLANCA RENT A CAR,03.977.401/0001-94,4080.0,240.6
2025,2,BELLA  CARMELO,Vale Combustível,PRIME LTDA,05.340.639/0001-30,3500.0,31776.26
2025,2,BELLA  CARMELO,Vale Alimentação,PLUXEE BENEFÍCIOS BRASIL,69.034.668/0001-56,2300.0,29476.26
2025,2,BELLA  CARMELO,Vale Restaurante,PLUXEE BENEFÍCIOS BRASIL,69.034.668/0001-56,2700.0,26776.26
2025,2,BELLA  CARMELO,Passcard´s Eletrônicos,SINDIÔNIBUS,07.341.423/0001-14,0.0,26776.26
2025,2,BELLA  CARMELO,Despesas com Passagem aérea,R MORAES AGENCIA DE TURISMO,06.955.770/0001-74,5861.0,20915.26
2025,2,BELLA  CARMELO,Despesas com Hospedagem,R MORAES AGENCIA DE TURISMO,06.955.770/0001-74,1796.8,19118.46
2025,2,BELLA  CARMELO,Despesas com Locação de Veículo,CASABLANCA RENT A CAR,03.977.401/0001-94,10850.0,8268.46
2025,2,BENIGNO  JUNIOR,Vale Combustível,PRIME LTDA,05.340.639/0001-30,7500.0,19921.96
2025,2,BENIGNO  JUNIOR,Vale Alimentação,PLUXEE BENEFÍCIOS BRASIL,69.034.668/0001-56,5400.0,14521.96
2025,2,BENIGNO  JUNIOR,Vale Restaurante,PLUXEE BENEFÍCIOS BRASIL,69.034.668/0001-56,2700.0,11821.96
2025,2,BENIGNO  JUNIOR,Passcard´s Eletrônicos,SINDIÔNIBUS,07.341.423/0001-14,0.0,11821.96
2025,2,BENIGNO  JUNIOR,Despesas com Serviço Gráfico,GRÁFICA PRINTCOLOR,02.824.298/0001-80,5495.52,6326.44
2025,2,BENIGNO  JUNIOR,Despesas com Locação de Veículo,CASABLANCA RENT A CAR,03.977.401/0001-94,6090.0,236.439999999999
2025,2,BRUNO MESQUITA,Vale Combustível,PRIME LTDA,05.340.639/0001-30,7844.0,24788.26
2025,2,BRUNO MESQUITA,Vale Alimentação,PLUXEE BENEFÍCIOS BRASIL,69.034.668/0001-56,5420.0,19368.26
2025,2,BRUNO MESQUITA,Vale Restaurante,PLUXEE BENEFÍCIOS BRASIL,69.034.668/0001-56,2710.0,16658.26
2025,2,BRUNO MESQUITA,Passcard´s Eletrônicos,SINDIÔNIBUS,07.341.423/0001-14,0.0,16658.26
2025,2,BRUNO MESQUITA,Despesas com Locação de Veículo,CASABLANCA RENT A CAR,03.977.401/0001-94,5670.0,10988.26
2025,2,BRUNO MESQUITA,Despesas com Serviço Gráfico,GRÁFICA RDS,02.265.186/0001-36,6677.67,4310.59
2025,2,CARLA IBIAPINA,Vale Combustível,PRIME LTDA,05.340.639/0001-30,7000.0,21144.04
2025,2,CARLA IBIAPINA,Vale Alimentação,PLUXEE BENEFÍCIOS BRASIL,69.034.668/0001-56,5426.0,15718.04
2025,2,CARLA IBIAPINA,Vale Restaurante,PLUXEE BENEFÍCIOS BRASIL,69.034.668/0001-56,2713.0,13005.04
2025,2,CARLA IBIAPINA,Passcard´s Eletrônicos,SINDIÔNIBUS,07.341.423/0001-14,0.0,13005.04
2025,2,CARLA IBIAPINA,Despesas com Serviço Gráfico,GRÁFICA SOLUÇÃO,19.386.760/0001-07,5983.8,7021.24
2025,2,CARLA IBIAPINA,Despesas com Locação de Veículo,CASABLANCA RENT A CAR,03.977.401/0001-94,5000.0,2021.24
2025,2,CHIQUINHO DOS CARNEIROS,Vale Combustível,PRIME LTDA,05.340.639/0001-30,7870.0,23660.6
2025,2,CHIQUINHO DOS CARNEIROS,Vale Alimentação,PLUXEE BENEFÍCIOS BRASIL,69.034.668/0001-56,5426.0,18234.6
2025,2,CHIQUINHO DOS CARNEIROS,Vale Restaurante,PLUXEE BENEFÍCIOS BRASIL,69.034.668/0001-56,2712.0,15522.6
2025,2,CHIQUINHO DOS CARNEIROS,Passcard´s Eletrônicos,SINDIÔNIBUS,07.341.423/0001-14,0.0,15522.6
2025,2,CHIQUINHO DOS CARNEIROS,Despesas com Serviço Gráfico,GRÁFICA ESTRELA,07.097.989/0001-42,6115.72,9406.88
2025,2,DR. LUCIANO GIRÃO,Vale Combustível,PRIME LTDA,05.340.639/0001-30,7870.0,22084.66
2025,2,DR. LUCIANO GIRÃO,Vale Alimentação,PLUXEE BENEFÍCIOS BRASIL,69.034.668/0001-56,5420.0,16664.66
2025,2,DR. LUCIANO GIRÃO,Vale Restaurante,PLUXEE BENEFÍCIOS BRASIL,69.034.668/0001-56,2713.0,13951.66
2025,2,DR. LUCIANO GIRÃO,Passcard´s Eletrônicos,SINDIÔNIBUS,07.341.423/0001-14,594.0,13357.66
2025,2,DR. LUCIANO GIRÃO,Despesas com Telefonia Móvel,TELEFÔNICA BRASIL S.A,02.558.157/0001/62,37.99,13319.67
2025,2,DR. LUCIANO GIRÃO,Despesas com  Telefonia Móvel,CLARO S.A,40.432.544/0001/47,58.26,13261.41
2025,2,DR. LUCIANO GIRÃO,Despesas com Serviço Gráfico,GRÁFICA SOLUÇÃO,19.386.760/0001-07,3161.32,10100.09
2025,2,DR. LUCIANO GIRÃO,Despesas com Locação de Veículo,CASABLANCA RENT A CAR,03.977.401/0001-94,6955.0,3145.09
2025,2,DR. LUCIANO GIRÃO,Despesas com Locação de Veículo,CASABLANCA RENT A CAR,03.977.401/0001-94,3045.0,100.09
2025,2,DR. VICENTE,Vale Combustível,PRIME LTDA,05.340.639/0001-30,7800.0,19346.37
2025,2,DR. VICENTE,Vale Alimentação,PLUXEE BENEFÍCIOS BRASIL,69.034.668/0001-56,4800.0,14546.37
2025,2,DR. VICENTE,Vale Restaurante,PLUXEE BENEFÍCIOS BRASIL,69.034.668/0001-56,2700.0,11846.37
2025,2,DR. VICENTE,Passcard´s Eletrônicos,SINDIÔNIBUS,07.341.423/0001-14,0.0,11846.37
2025,2,DR. VICENTE,Despesas com  Telefonia Móvel,CLARO S.A,40.432.544/0001/47,97.12,11749.25
2025,2,DR. VICENTE,Despesas com Serviço Gráfico,GRÁFICA PRINTCOLOR,02.824.298/0001-80,6607.05,5142.2
2025,2,EMANUEL ACRISIO,Vale Combustível,PRIME LTDA,05.340.639/0001-30,7792.0,19362.13
2025,2,EMANUEL ACRISIO,Vale Alimentação,PLUXEE BENEFÍCIOS BRASIL,69.034.668/0001-56,5420.0,13942.13
2025,2,EMANUEL ACRISIO,Vale Restaurante,PLUXEE BENEFÍCIOS BRASIL,69.034.668/0001-56,2710.0,11232.13
2025,2,EMANUEL ACRISIO,Passcard´s Eletrônicos,SINDIÔNIBUS,07.341.423/0001-14,540.0,10692.13
2025,2,EMANUEL ACRISIO,Despesas com Serviço Gráfico,GRÁFICA  PRINTCOLOR,02.824.298/0001-80,5620.13,5072.0
2025,2,EMANUEL ACRISIO,Despesas com locação de veículo,CASABLANCA RENT A CAR,03.977.401/0001-94,5040.0,31.9999999999991
2025,2,ERICH  DOUGLAS,Vale Combustível,PRIME LTDA,05.340.639/0001-30,6500.0,22542.76
2025,2,ERICH  DOUGLAS,Vale Alimentação,PLUXEE BENEFÍCIOS BRASIL,69.034.668/0001-56,5400.0,17142.76
2025,2,ERICH  DOUGLAS,Vale Restaurante,PLUXEE BENEFÍCIOS BRASIL,69.034.668/0001-56,2713.0,14429.76
2025,2,ERICH  DOUGLAS,Passcard´s Eletrônicos,SINDIÔNIBUS,07.341.423/0001-14,247.5,14182.26
2025,2,ERICH  DOUGLAS,Despesas com Consultoria Jurídica,ANTÔNIO ALBUQUERQUE,47.730.644/0001-07,6687.0,7495.26
2025,2,ERICH  DOUGLAS,Despesas com Locação de Veículo,CASABLANCA RENT A CAR,03.977.401/0001-94,5800.0,1695.26
2025,2,ESTRELA BARROS,Vale Combustível,PRIME LTDA,05.340.639/0001-30,4127.0,23029.33
2025,2,ESTRELA BARROS,Vale Alimentação,PLUXEE BENEFÍCIOS BRASIL,69.034.668/0001-56,5427.0,17602.33
2025,2,ESTRELA BARROS,Vale Restaurante,PLUXEE BENEFÍCIOS BRASIL,69.034.668/0001-56,0.0,17602.33
2025,2,ESTRELA BARROS,Passcard´s Eletrônicos,SINDIÔNIBUS,07.341.423/0001-14,0.0,17602.33
2025,2,ESTRELA BARROS,Despesas com Serviço Gráfico,GRÁFICA SOLUÇÃO,19.386.760/0001-07,6757.5,10844.83
2025,2,ESTRELA BARROS,Despesas com Locação de Veículo,CASABLANCA RENT A CAR,03.977.401/0001-94,10800.0,44.8300000000017
2025,2,GABRIEL AGUIAR,Vale Combustível,PRIME LTDA,05.340.639/0001-30,5900.0,26971.26
2025,2,GABRIEL AGUIAR,Vale Alimentação,PLUXEE BENEFÍCIOS BRASIL,69.034.668/0001-56,4800.0,22171.26
2025,2,GABRIEL AGUIAR,Vale Restaurante,PLUXEE BENEFÍCIOS BRASIL,69.034.668/0001-56,2400.0,19771.26
2025,2,GABRIEL AGUIAR,Passcard´s Eletrônicos,SINDIÔNIBUS,07.341.423/0001-14,1980.0,17791.26
2025,2,GABRIEL AGUIAR,Despesas com Locação de Veículo,CASABLANCA RENT A CAR,06.621.791/0001-53,5670.0,12121.26
2025,2,GABRIEL AGUIAR,Despesas com Locação de Veículo,CASABLANCA RENT A CAR,06.621.791/0001-53,2640.0,9481.26
2025,2,GARDEL  ROLIM,Vale Combustível,PRIME LTDA,05.340.639/0001-30,7500.0,19688.37
2025,2,GARDEL  ROLIM,Vale Alimentação,PLUXEE BENEFÍCIOS BRASIL,69.034.668/0001-56,5300.0,14388.37
2025,2,GARDEL  ROLIM,Vale Restaurante,PLUXEE BENEFÍCIOS BRASIL,69.034.668/0001-56,600.0,13788.37
2025,2,GARDEL  ROLIM,Passcard´s Eletrônicos,SINDIÔNIBUS,07.341.423/0001-14,225.0,13563.37
2025,2,GARDEL  ROLIM,Despesas com Telefonia Móvel,TELEFÔNICA BRASIL S.A,02.558.157/0001/62,113.96,13449.41
2025,2,GARDEL  ROLIM,Despesas com Serviço Gráfico,GRÁFICA  PRINTCOLOR,02.824.298/0001-80,6699.97,6749.44
2025,2,GARDEL  ROLIM,Despesas com Locação de Veículo,CASABLANCA RENT A CAR,06.621.791/0001-53,6510.0,239.44
2025,2,GERMANO  HEMANN,Vale Combustível,PRIME LTDA,05.340.639/0001-30,7870.0,19332.26
2025,2,GERMANO  HEMANN,Vale Alimentação,PLUXEE BENEFÍCIOS BRASIL,69.034.668/0001-56,5427.0,13905.26
2025,2,GERMANO  HEMANN,Vale Restaurante,PLUXEE BENEFÍCIOS BRASIL,69.034.668/0001-56,2713.81,11191.45
2025,2,GERMANO  HEMANN,Passcard´s Eletrônicos,SINDIÔNIBUS,07.341.423/0001-14,0.0,11191.45
2025,2,GERMANO  HEMANN,Despesas com Telefonia Móvel,CLARO S.A,40.432.544/0001/47,89.3,11102.15
2025,2,GERMANO  HEMANN,Despesas com Telefonia Móvel,TIM S.A,02.421.421/0001-11,125.8,10976.35
2025,2,GERMANO  HEMANN,Despesas com Locação de Veículo,CASABLANCA RENT A CAR,03.977.401/0001-94,10850.0,126.350000000002
2025,2,INSPETOR ALBERTO,Vale Combustível,PRIME LTDA,05.340.639/0001-30,7870.0,19329.91
2025,2,INSPETOR ALBERTO,Vale Alimentação,PLUXEE BENEFÍCIOS BRASIL,69.034.668/0001-56,5427.0,13902.91
2025,2,INSPETOR ALBERTO,Vale Restaurante,PLUXEE BENEFÍCIOS BRASIL,69.034.668/0001-56,2713.0,11189.91
2025,2,INSPETOR ALBERTO,Passcard´s Eletrônicos,SINDIÔNIBUS,07.341.423/0001-14,0.0,11189.91
2025,2,INSPETOR ALBERTO,Desp.com Comunicação e Divulg. de Mandato,PRM Comunic.Gestão Emp. ltda,37.842.306/0001-03,6500.0,4689.91
2025,2,INSPETOR ALBERTO,Despesas com Consultoria Jurídica,MATHEUS FERREIRA ADV,56.638.251/0001-50,4681.25,8.65999999999985
2025,2,IRMÃO  LÉO,Vale Combustível,PRIME LTDA,05.340.639/0001-30,6214.0,27348.26
2025,2,IRMÃO  LÉO,Vale Alimentação,PLUXEE BENEFÍCIOS BRASIL,69.034.668/0001-56,5427.0,21921.26
2025,2,IRMÃO  LÉO,Vale Restaurante,PLUXEE BENEFÍCIOS BRASIL,69.034.668/0001-56,2713.0,19208.26
2025,2,IRMÃO  LÉO,Passcard´s Eletrônicos,SINDIÔNIBUS,07.341.423/0001-14,0.0,19208.26
2025,2,IRMÃO  LÉO,Despesas com Serviço Gráfico,GRÁFICA RDS,02.265.186/0001-36,6350.79,12857.47
2025,2,IRMÃO  LÉO,Despesas com Consultoria Jurídica,DAMASCENO E ROCHA ADV,17.886.840/0001-04,4762.5,8094.97
2025,2,JÂNIO HENRIQUE,Vale Combustível,PRIME LTDA,05.340.639/0001-30,7850.0,19758.46
2025,2,JÂNIO HENRIQUE,Vale Alimentação,PLUXEE BENEFÍCIOS BRASIL,69.034.668/0001-56,5400.0,14358.46
2025,2,JÂNIO HENRIQUE,Vale Restaurante,PLUXEE BENEFÍCIOS BRASIL,69.034.668/0001-56,2700.0,11658.46
2025,2,JÂNIO HENRIQUE,Passcard´s Eletrônicos,SINDIÔNIBUS,07.341.423/0001-14,0.0,11658.46
2025,2,JÂNIO HENRIQUE,Despesas com Serviço Gráfico,GRÁFICA PRINTCOLOR,02.824.298/0001-80,6690.54,4967.92
2025,2,JÂNIO HENRIQUE,Despesas com Consultoria Jurídica,ANTÔNIO ALBUQUERQUE ADV,47.730.644/0001-07,4762.5,205.419999999999
2025,2,JORGE PINHEIRO,Vale Combustível,PRIME LTDA,05.340.639/0001-30,5100.0,34956.92
2025,2,JORGE PINHEIRO,Vale Alimentação,PLUXEE BENEFÍCIOS BRASIL,69.034.668/0001-56,5427.0,29529.92
2025,2,JORGE PINHEIRO,Vale Restaurante,PLUXEE BENEFÍCIOS BRASIL,69.034.668/0001-56,2713.0,26816.92
2025,2,JORGE PINHEIRO,Passcard´s Eletrônicos,SINDIÔNIBUS,07.341.423/0001-14,297.0,26519.92
2025,2,JORGE PINHEIRO,Despesas com Telefonia Móvel,TELEFÔNICA BRASIL S.A,02.558.157/0001/62,151.94,26367.98
2025,2,JULIERME  SENA,Vale Combustível,PRIME LTDA,05.340.639/0001-30,7100.0,20865.19
2025,2,JULIERME  SENA,Vale Alimentação,PLUXEE BENEFÍCIOS BRASIL,69.034.668/0001-56,5427.63,15437.56
2025,2,JULIERME  SENA,Vale Restaurante,PLUXEE BENEFÍCIOS BRASIL,69.034.668/0001-56,2700.0,12737.56
2025,2,JULIERME  SENA,Passcard´s Eletrônicos,SINDIÔNIBUS,07.341.423/0001-14,1350.0,11387.56
2025,2,JULIERME  SENA,Despesas com Serviço Gráfico,MOTOGRÁFICA,10.670.251/0001-37,4683.44,6704.12
2025,2,JULIERME  SENA,Despesas com Locação de Veículo,CASABLANCA RENT A CAR,03.977.401/0001-94,5050.0,1654.12
2025,2,KÁTIA RODRIGUES,Vale Combustível,PRIME LTDA,05.340.639/0001-30,7044.0,20416.17
2025,2,KÁTIA RODRIGUES,Vale Alimentação,PLUXEE BENEFÍCIOS BRASIL,69.034.668/0001-56,5400.0,15016.17
2025,2,KÁTIA RODRIGUES,Vale Restaurante,PLUXEE BENEFÍCIOS BRASIL,69.034.668/0001-56,2360.0,12656.17
2025,2,KÁTIA RODRIGUES,Passcard´s Eletrônicos,SINDIÔNIBUS,07.341.423/0001-14,0.0,12656.17
2025,2,KÁTIA RODRIGUES,Despesas com Serviço Gráfico,GRÁFICA SOLUÇÃO,19.386.760/0001-07,5974.37,6681.8
2025,2,KÁTIA RODRIGUES,Despesas com Locação de Veículo,CASABLANCA RENT A CAR,03.977.401/0001-94,6680.0,1.79999999999836
2025,2,LÉO COUTO,Vale Combustível,PRIME LTDA,05.340.639/0001-30,5100.0,27866.26
2025,2,LÉO COUTO,Vale Alimentação,PLUXEE BENEFÍCIOS BRASIL,69.034.668/0001-56,3000.0,24866.26
2025,2,LÉO COUTO,Vale Restaurante,PLUXEE BENEFÍCIOS BRASIL,69.034.668/0001-56,2360.0,22506.26
2025,2,LÉO COUTO,Passcard´s Eletrônicos,SINDIÔNIBUS,07.341.423/0001-14,0.0,22506.26
2025,2,LÉO COUTO,Despesas com Locação de Veículo,CASABLANCA RENT A CAR,03.977.401/0001-94,10850.0,11656.26
2025,2,LÉO COUTO,Despesas com Consultoria Jurídica,MATHEUS FERREIRA ADV,56.638.251/0001-50,6703.25,4953.01
2025,2,LUIZ PAUPINA,Vale Combustível,PRIME LTDA,05.340.639/0001-30,7870.06,19335.11
2025,2,LUIZ PAUPINA,Vale Alimentação,PLUXEE BENEFÍCIOS BRASIL,69.034.668/0001-56,5427.63,13907.48
2025,2,LUIZ PAUPINA,Vale Restaurante,PLUXEE BENEFÍCIOS BRASIL,69.034.668/0001-56,0.0,13907.48
2025,2,LUIZ PAUPINA,Passcard´s Eletrônicos,SINDIÔNIBUS,07.341.423/0001-14,0.0,13907.48
2025,2,LUIZ PAUPINA,Despesas com Serviço Gráfico,GRÁFICA SOLUÇÃO,19.386.760/0001-07,6765.93,7141.55
2025,2,LUIZ PAUPINA,Despesas com Locação de Veículo,CASABLANCA RENT A CAR,06.621.791/0001-53,3400.0,3741.55
2025,2,LUIZ PAUPINA,Despesas com Locação de Veículo,CASABLANCA RENT A CAR,06.621.791/0001-53,3600.0,141.549999999996
2025,2,LUIZ SERGIO,Vale Combustível,PRIME LTDA,05.340.639/0001-30,4870.0,29203.38
2025,2,LUIZ SERGIO,Vale Alimentação,PLUXEE BENEFÍCIOS BRASIL,69.034.668/0001-56,4427.0,24776.38
2025,2,LUIZ SERGIO,Vale Restaurante,PLUXEE BENEFÍCIOS BRASIL,69.034.668/0001-56,712.0,24064.38
2025,2,LUIZ SERGIO,Passcard´s Eletrônicos,SINDIÔNIBUS,07.341.423/0001-14,0.0,24064.38
2025,2,LUIZ SERGIO,Despesas com Serviço Gráfico,GRÁFICA SOLUÇÃO,19.386.760/0001-07,6765.93,17298.45
2025,2,LUIZ SERGIO,Despesas com Comunicação e Divulgação de Mandato,PRM COMUNIC. GESTÃO EMPRES. LTDA,37.842.306/0001-03,3250.0,14048.45
2025,2,LUIZ SERGIO,Despesas com Consultoria Jurídica,MATHEUS FERREIRA ADV,56.638.251/0001-50,6735.75,7312.7
2025,2,MARCEL  COLARES,Vale Combustível,PRIME LTDA,05.340.639/0001-30,6250.0,21745.35
2025,2,MARCEL  COLARES,Vale Alimentação,PLUXEE BENEFÍCIOS BRASIL,69.034.668/0001-56,5400.0,16345.35
2025,2,MARCEL  COLARES,Vale Restaurante,PLUXEE BENEFÍCIOS BRASIL,69.034.668/0001-56,1600.0,14745.35
2025,2,MARCEL  COLARES,Passcard´s Eletrônicos,SINDIÔNIBUS,07.341.423/0001-14,0.0,14745.35
2025,2,MARCEL  COLARES,Despesas com Serviço Gráfico,GRÁFICA ESTRELA,07.097.989/0001-42,6126.23,8619.12
2025,2,MARCEL  COLARES,Despesas com Locação de Veículo,CASABLANCA RENT A CAR,03.977.401/0001-94,7000.0,1619.12
2025,2,MARCELO  MENDES,Vale Combustível,PRIME LTDA,05.340.639/0001-30,7800.0,33301.26
2025,2,MARCELO  MENDES,Vale Alimentação,PLUXEE BENEFÍCIOS BRASIL,69.034.668/0001-56,5375.0,27926.26
2025,2,MARCELO  MENDES,Vale Restaurante,PLUXEE BENEFÍCIOS BRASIL,69.034.668/0001-56,0.0,27926.26
2025,2,MARCELO  MENDES,Passcard´s Eletrônicos Metropolitano,SINDIÔNIBUS,07.341.423/0001-14,238.0,27688.26
2025,2,MARCELO  MENDES,Passcard´s Eletrônicos Urbano,SINDIÔNIBUS,07.341.423/0001-14,180.0,27508.26
2025,2,MARCELO  MENDES,Desp.com Comunicação e Divulg. de Mandato,INTERSECTIO BRANDING E DADOS LTDA,36.709.628/0001-08,6500.0,21008.26
2025,2,MARCELO  MENDES,Despesas com Consultoria Jurídica,MICHELLE SANTOS SOC. IND. ADV,58.985.204/0001-09,6687.0,14321.26
2025,2,MARCOS PAULO,Vale Combustível,PRIME LTDA,05.340.639/0001-30,7500.0,19668.11
2025,2,MARCOS PAULO,Vale Alimentação,PLUXEE BENEFÍCIOS BRASIL,69.034.668/0001-56,5427.63,14240.48
2025,2,MARCOS PAULO,Vale Restaurante,PLUXEE BENEFÍCIOS BRASIL,69.034.668/0001-56,2713.81,11526.67
2025,2,MARCOS PAULO,Passcard´s Eletrônicos,SINDIÔNIBUS,07.341.423/0001-14,0.0,11526.67
2025,2,MARCOS PAULO,Despesas com Serviço Gráfico,GRÁFICA SOLUÇÃO,19.386.760/0001-07,6765.91,4760.76
2025,2,MARCOS PAULO,Despesas com Locação de Veículo,CASABLANCA RENT A CAR,03.977.401/0001-94,4700.0,60.7600000000002
2025,2,MARI  LACERDA,Vale Combustível,PRIME LTDA,05.340.639/0001-30,4464.0,30648.0
2025,2,MARI  LACERDA,Vale Alimentação,PLUXEE BENEFÍCIOS BRASIL,69.034.668/0001-56,4000.0,26648.0
2025,2,MARI  LACERDA,Vale Restaurante,PLUXEE BENEFÍCIOS BRASIL,69.034.668/0001-56,2500.0,24148.0
2025,2,MARI  LACERDA,Passcard´s Eletrônicos,SINDIÔNIBUS,07.341.423/0001-14,0.0,24148.0
2025,2,MARI  LACERDA,Despesas com Serviço Gráfico,GRÁFICA PRINTCOLOR,02.824.298/0001-80,5770.24,18377.76
2025,2,MARI  LACERDA,Despesas com Locação de Veículo,CASABLANCA RENT A CAR,03.977.401/0001-94,4536.0,13841.76
2025,2,MICHEL  LINS,Vale Combustível,PRIME LTDA,05.340.639/0001-30,0.0,27144.42
2025,2,MICHEL  LINS,Vale Alimentação,PLUXEE BENEFÍCIOS BRASIL,69.034.668/0001-56,4720.0,22424.42
2025,2,MICHEL  LINS,Vale Restaurante,PLUXEE BENEFÍCIOS BRASIL,69.034.668/0001-56,2360.0,20064.42
2025,2,MICHEL  LINS,Passcard´s Eletrônicos,SINDIÔNIBUS,07.341.423/0001-14,360.0,19704.42
2025,2,MICHEL  LINS,Despesas com Comunicação e Divulgação de Mandato,MARKETING ON SOFTWARE E PUB. LTDA,45.565.661/0001-00,6662.5,13041.92
2025,2,MICHEL  LINS,Despesas com Serviço Gráfico,GRÁFICA RDS,02.265.186/0001-36,2174.93,10866.99
2025,2,MICHEL  LINS,Despesas com Locação de Veículo,CASABLANCA RENT A CAR,03.977.401/0001-94,10850.0,16.989999999998
2025,2,PAULO MARTINS,Vale Combustível,PRIME LTDA,05.340.639/0001-30,7850.0,19313.22
2025,2,PAULO MARTINS,Vale Alimentação,PLUXEE BENEFÍCIOS BRASIL,69.034.668/0001-56,5420.0,13893.22
2025,2,PAULO MARTINS,Vale Restaurante,PLUXEE BENEFÍCIOS BRASIL,69.034.668/0001-56,2713.0,11180.22
2025,2,PAULO MARTINS,Passcard´s Eletrônicos,SINDIÔNIBUS,07.341.423/0001-14,1836.0,9344.22
2025,2,PAULO MARTINS,Despesas com Telefonia Móvel,TELEFÔNICA BRASIL S.A,02.558.157/0001/62,151.94,9192.28
2025,2,PAULO MARTINS,Despesas com  Telefonia Móvel,CLARO S.A,40.432.544/0001/47,914.26,8278.02
2025,2,PAULO MARTINS,Despesas com Locação de Veículo,CASABLANCA RENT A CAR,03.977.401/0001-94,5050.0,3228.02
2025,2,PAULO MARTINS,,,,0.0,3228.02
2025,2,PEDRO MATOS,Vale Combustível,PRIME LTDA,05.340.639/0001-30,7800.0,19349.31
2025,2,PEDRO MATOS,Vale Alimentação,PLUXEE BENEFÍCIOS BRASIL,69.034.668/0001-56,5400.0,13949.31
2025,2,PEDRO MATOS,Vale Restaurante,PLUXEE BENEFÍCIOS BRASIL,69.034.668/0001-56,2700.0,11249.31
2025,2,PEDRO MATOS,Passcard´s Eletrônicos,SINDIÔNIBUS,07.341.423/0001-14,0.0,11249.31
2025,2,PEDRO MATOS,Despesas com  Telefonia Móvel,CLARO S.A,40.432.544/0001/47,69.86,11179.45
2025,2,PEDRO MATOS,Despesas com Comunicação e Divulgação de Mandato,R e K PRODUCÕES E ASSESORIA LTDA,16.880.815/0001-42,6662.5,4516.95
2025,2,PEDRO MATOS,Despesas com Consultoria Jurídica,CARVALHO E SANTOS ADVOGADOS,34.636.322/0001-43,4490.5,26.4499999999989
2025,2,PPCELL,Vale Combustível,PRIME LTDA,05.340.639/0001-30,7870.0,19395.26
2025,2,PPCELL,Vale Alimentação,PLUXEE BENEFÍCIOS BRASIL,69.034.668/0001-56,5427.0,13968.26
2025,2,PPCELL,Vale Restaurante,PLUXEE BENEFÍCIOS BRASIL,69.034.668/0001-56,2713.0,11255.26
2025,2,PPCELL,Passcard´s Eletrônicos,SINDIÔNIBUS,07.341.423/0001-14,198.0,11057.26
2025,2,PPCELL,Despesas com Serviço Gráfico,GRÁFICA RDS,02.265.186/0001-36,4501.65,6555.61
2025,2,PPCELL,Despesas com Locação de Veículo,CASABLANCA RENT A CAR,03.977.401/0001-94,6510.0,45.6100000000024
2025,2,PRISCILA  COSTA,Vale Combustível,PRIME LTDA,05.340.639/0001-30,5190.0,22176.26
2025,2,PRISCILA  COSTA,Vale Alimentação,PLUXEE BENEFÍCIOS BRASIL,69.034.668/0001-56,4720.0,17456.26
2025,2,PRISCILA  COSTA,Vale Restaurante,PLUXEE BENEFÍCIOS BRASIL,69.034.668/0001-56,2360.0,15096.26
2025,2,PRISCILA  COSTA,Passcard´s Eletrônicos,SINDIÔNIBUS,07.341.423/0001-14,0.0,15096.26
2025,2,PRISCILA  COSTA,Desp.com Comunicação e Divulg. de Mandato,PRM Comunic.Gestão Emp. ltda,37.842.306/0001-03,4225.0,10871.26
2025,2,PRISCILA  COSTA,Despesas com Locação de Veículo,CASABLANCA RENT A CAR,03.977.401/0001-94,10850.0,21.2600000000002
2025,2,PROF. AGUIAR TOBA,Vale Combustível,PRIME LTDA,05.340.639/0001-30,7870.05,19412.23
2025,2,PROF. AGUIAR TOBA,Vale Alimentação,PLUXEE BENEFÍCIOS BRASIL,69.034.668/0001-56,5427.63,13984.6
2025,2,PROF. AGUIAR TOBA,Vale Restaurante,PLUXEE BENEFÍCIOS BRASIL,69.034.668/0001-56,2713.8,11270.8
2025,2,PROF. AGUIAR TOBA,Passcard´s Eletrônicos,SINDIÔNIBUS,07.341.423/0001-14,0.0,11270.8
2025,2,PROF. AGUIAR TOBA,Despesas com Comunicação e Divulgação de Mandato,MARKETING ON SOFTWARE E PUB. LTDA,45.565.661/0001-00,4387.5,6883.3
2025,2,PROF. AGUIAR TOBA,Despesas com Serviço Gráfico,GRÁFICA SOLUÇÃO,19.386.760/0001-07,6765.93,117.369999999999
2025,2,PROFESSOR ENILSON,Vale Combustível,PRIME LTDA,05.340.639/0001-30,7592.0,19670.41
2025,2,PROFESSOR ENILSON,Vale Alimentação,PLUXEE BENEFÍCIOS BRASIL,69.034.668/0001-56,5420.0,14250.41
2025,2,PROFESSOR ENILSON,Vale Restaurante,PLUXEE BENEFÍCIOS BRASIL,69.034.668/0001-56,2360.0,11890.41
2025,2,PROFESSOR ENILSON,Passcard´s Eletrônicos,SINDIÔNIBUS,07.341.423/0001-14,0.0,11890.41
2025,2,PROFESSOR ENILSON,Despesas com Serviço Gráfico,GRÁFICA SOLUÇÃO,19.386.760/0001-07,6652.85,5237.56
2025,2,PROFESSOR ENILSON,Despesas com Locação de Veículo,CASABLANCA RENT A CAR,03.977.401/0001-94,5000.0,237.559999999999
2025,2,RENÉ  PESSOA,Vale Combustível,PRIME LTDA,05.340.639/0001-30,7870.06,19300.03
2025,2,RENÉ  PESSOA,Vale Alimentação,PLUXEE BENEFÍCIOS BRASIL,69.034.668/0001-56,5427.63,13872.4
2025,2,RENÉ  PESSOA,Vale Restaurante,PLUXEE BENEFÍCIOS BRASIL,69.034.668/0001-56,2713.81,11158.59
2025,2,RENÉ  PESSOA,Passcard´s Eletrônicos,SINDIÔNIBUS,07.341.423/0001-14,207.0,10951.59
2025,2,RENÉ  PESSOA,Despesas com serviço Gráfico,GRÁFICA  SOLUÇÃO,19.386.760/0001-07,2112.76,8838.83
2025,2,RENÉ  PESSOA,Despesas com Locação de Veículo,CASABLANCA RENT A CAR,03.977.401/0001-94,8800.0,38.8299999999999
2025,2,RONALDO  MARTINS,Vale Combustível,PRIME LTDA,05.340.639/0001-30,7692.0,22887.26
2025,2,RONALDO  MARTINS,Vale Alimentação,PLUXEE BENEFÍCIOS BRASIL,69.034.668/0001-56,5420.0,17467.26
2025,2,RONALDO  MARTINS,Vale Restaurante,PLUXEE BENEFÍCIOS BRASIL,69.034.668/0001-56,2713.0,14754.26
2025,2,RONALDO  MARTINS,Passcard´s Eletrônicos,SINDIÔNIBUS,07.341.423/0001-14,1872.0,12882.26
2025,2,RONALDO  MARTINS,Despesas com Passagem aérea,R MORAES AGENCIA DE TURISMO,06.955.770/0001-74,4573.08,8309.18
2025,2,RONALDO  MARTINS,Despesas com locação de veículo,CASABLANCA RENT A CAR,03.977.401/0001-94,6000.0,2309.18
2025,2,SOLDADO  NOÉLIO,Vale Combustível,PRIME LTDA,05.340.639/0001-30,5000.0,33601.26
2025,2,SOLDADO  NOÉLIO,Vale Alimentação,PLUXEE BENEFÍCIOS BRASIL,69.034.668/0001-56,4500.0,29101.26
2025,2,SOLDADO  NOÉLIO,Vale Restaurante,PLUXEE BENEFÍCIOS BRASIL,69.034.668/0001-56,0.0,29101.26
2025,2,SOLDADO  NOÉLIO,Passcard´s Eletrônicos,SINDIÔNIBUS,07.341.423/0001-14,0.0,29101.26
2025,2,SOLDADO  NOÉLIO,Desp.com Comunicação e Divulg. de Mandato,PRM Comunic.Gestão Emp. ltda,37.842.306/0001-03,6500.0,22601.26
2025,2,SOLDADO  NOÉLIO,Despesas com Serviço Gráfico,GRÁFICA  PRINTCOLOR,02.824.298/0001-80,3075.2,19526.06
2025,2,SOLDADO  NOÉLIO,Despesas com Serviço Gráfico,GRÁFICA  PRINTCOLOR,02.824.298/0001-80,5882.15,13643.91
2025,2,SOLDADO  NOÉLIO,Despesas com Consultoria Jurídica,MATHEUS FERREIRA – Sociedade Individual de Advocacia,56.638.251/0001-50,6735.75,6908.16
2025,2,SOLDADO  NOÉLIO,Despesas com Locação de Veículo,CASABLANCA RENT A CAR,06.621.791/0001-53,6900.0,8.15999999999804
2025,2,TONY BRITO,Vale Combustível,PRIME LTDA,05.340.639/0001-30,7100.0,20306.26
2025,2,TONY BRITO,Vale Alimentação,PLUXEE BENEFÍCIOS BRASIL,69.034.668/0001-56,5000.0,15306.26
2025,2,TONY BRITO,Vale Restaurante,PLUXEE BENEFÍCIOS BRASIL,69.034.668/0001-56,2500.0,12806.26
2025,2,TONY BRITO,Passcard´s Eletrônicos,SINDIÔNIBUS,07.341.423/0001-14,0.0,12806.26
2025,2,TONY BRITO,Despesas com Comunicação e Divulgação de Mandato,PRM COMUNIC. GESTÃO EMPRES. LTDA,37.842.306/0001-03,5200.0,7606.26
2025,2,TONY BRITO,Despesas com Locação de Veículo,CASABLANCA RENT A CAR,06.621.791/0001-53,7000.0,606.26
2025,2,WELLINGTON SÁBOIA,Vale Combustível,PRIME LTDA,05.340.639/0001-30,7870.06,19494.81
2025,2,WELLINGTON SÁBOIA,Vale Alimentação,PLUXEE BENEFÍCIOS BRASIL,69.034.668/0001-56,5427.59,14067.22
2025,2,WELLINGTON SÁBOIA,Vale Restaurante,PLUXEE BENEFÍCIOS BRASIL,69.034.668/0001-56,2676.35,11390.87
2025,2,WELLINGTON SÁBOIA,Passcard´s Eletrônicos,SINDIÔNIBUS,07.341.423/0001-14,0.0,11390.87
2025,2,WELLINGTON SÁBOIA,Despesas com  Telefonia Móvel,CLARO S.A,40.432.544/0001/47,89.33,11301.54
2025,2,WELLINGTON SÁBOIA,Despesas com Locação de Veículo,CASABLANCA RENT A CAR,03.977.401/0001-94,10850.0,451.539999999997
2025,3,ADAIL JUNIOR,Vale Combustível,PRIME LTDA,05.340.639/0001-30,6844.0,24185.39
2025,3,ADAIL JUNIOR,Vale Alimentação,PLUXEE BENEFÍCIOS BRASIL,69.034.668/0001-56,4720.0,19465.39
2025,3,ADAIL JUNIOR,Vale Restaurante,PLUXEE BENEFÍCIOS BRASIL,69.034.668/0001-56,2360.0,17105.39
2025,3,ADAIL JUNIOR,Passcard´s Eletrônicos,SINDIÔNIBUS,07.341.423/0001-14,0.0,17105.39
2025,3,ADAIL JUNIOR,Despesas com Locação de Veículo,CASABLANCA RENT A CAR,03.977.401/0001-94,10320.0,6785.39
2025,3,ADAIL JUNIOR,Despesas com Serviço Gráfico,GRÁFICA RDS,02.265.186/0001-36,6771.07,14.3199999999997
2025,3,ADRIANA ALMEIDA,Vale Combustível,PRIME LTDA,05.340.639/0001-30,4100.0,23056.92
2025,3,ADRIANA ALMEIDA,Vale Alimentação,PLUXEE BENEFÍCIOS BRASIL,69.034.668/0001-56,4000.0,19056.92
2025,3,ADRIANA ALMEIDA,Vale Restaurante,PLUXEE BENEFÍCIOS BRASIL,69.034.668/0001-56,2000.0,17056.92
2025,3,ADRIANA ALMEIDA,Passcard´s Eletrônicos,SINDIÔNIBUS,07.341.423/0001-14,621.0,16435.92
2025,3,ADRIANA ALMEIDA,Despesas com Comunicação e Divulgação de Mandato,BRUNO DE S. OLIVEIRA-ADV,47.771.413/0001-33,4490.5,11945.42
2025,3,ADRIANA ALMEIDA,Despesas com Locação de Veículo,CASABLANCA RENT A CAR,03.977.401/0001-94,5145.0,6800.42
2025,3,ADRIANA ALMEIDA,Despesas com Locação de Veículo,CASABLANCA RENT A CAR,03.977.401/0001-94,1102.39,5698.03
2025,3,ADRIANA ALMEIDA,Despesas com Serviço Gráfico,GRÁFICA PRINTCOLOR,02.824.298/0001-80,5694.3,3.72999999999774
2025,3,ADRIANA GERÔNIMO,Vale Combustível,PRIME LTDA,05.340.639/0001-30,6540.0,20600.09
2025,3,ADRIANA GERÔNIMO,Vale Alimentação,PLUXEE BENEFÍCIOS BRASIL,69.034.668/0001-56,5427.63,15172.46
2025,3,ADRIANA GERÔNIMO,Vale Restaurante,PLUXEE BENEFÍCIOS BRASIL,69.034.668/0001-56,2713.81,12458.65
2025,3,ADRIANA GERÔNIMO,Passcard´s Eletrônicos,SINDIÔNIBUS,07.341.423/0001-14,1701.0,10757.65
2025,3,ADRIANA GERÔNIMO,Despesas com  Telefonia Móvel,TIM S.A,02.421421/0001-11,62.95,10694.7
2025,3,ADRIANA GERÔNIMO,Despesas com Locação de Veículo,CASABLANCA RENT A CAR,03.977.401/0001-94,1959.6,8735.1
2025,3,ADRIANA GERÔNIMO,Despesas com Locação de Veículo,CASABLANCA RENT A CAR,03.977.401/0001-94,3619.14,5115.96
2025,3,ADRIANA GERÔNIMO,Despesas com Consultoria Jurídica,BRUNO DE SOUSA-SOC.IND.ADVOCACIA,47.771.413/0001-33,4490.5,625.459999999999
2025,3,AGLAYLSON FIGUEIREDO,Vale Combustível,PRIME LTDA,05.340.639/0001-30,7600.0,20179.04
2025,3,AGLAYLSON FIGUEIREDO,Vale Alimentação,PLUXEE BENEFÍCIOS BRASIL,69.034.668/0001-56,3000.0,17179.04
2025,3,AGLAYLSON FIGUEIREDO,Vale Restaurante,PLUXEE BENEFÍCIOS BRASIL,69.034.668/0001-56,1980.0,15199.04
2025,3,AGLAYLSON FIGUEIREDO,Passcard´s Eletrônicos,SINDIÔNIBUS,07.341.423/0001-14,0.0,15199.04
2025,3,AGLAYLSON FIGUEIREDO,Despesas com Locação de Veículo,CASABLANCA RENT A CAR,03.977.401/0001-94,10850.0,4349.04
2025,3,ANA ARACAPÉ,Vale Combustível,PRIME LTDA,05.340.639/0001-30,7870.06,19508.67
2025,3,ANA ARACAPÉ,Vale Alimentação,PLUXEE BENEFÍCIOS BRASIL,69.034.668/0001-56,5427.63,14081.04
2025,3,ANA ARACAPÉ,Vale Restaurante,PLUXEE BENEFÍCIOS BRASIL,69.034.668/0001-56,2713.0,11368.04
2025,3,ANA ARACAPÉ,Passcard´s Eletrônicos,SINDIÔNIBUS,07.341.423/0001-14,279.0,11089.04
2025,3,ANA ARACAPÉ,Despesas com Serviço Gráfico,GRÁFICA SOLUÇÃO,19.386.760/0001-07,6662.27,4426.77
2025,3,ANA ARACAPÉ,Despesas com Locação de Veículo,CASABLANCA RENT A CAR,03.977.401/0001-94,4080.0,346.77
2025,3,BELLA  CARMELO,Vale Combustível,PRIME LTDA,05.340.639/0001-30,3500.0,31906.59
2025,3,BELLA  CARMELO,Vale Alimentação,PLUXEE BENEFÍCIOS BRASIL,69.034.668/0001-56,2300.0,29606.59
2025,3,BELLA  CARMELO,Vale Restaurante,PLUXEE BENEFÍCIOS BRASIL,69.034.668/0001-56,2700.0,26906.59
2025,3,BELLA  CARMELO,Passcard´s Eletrônicos,SINDIÔNIBUS,07.341.423/0001-14,0.0,26906.59
2025,3,BELLA  CARMELO,Despesas com Locação de Veículo,CASABLANCA RENT A CAR,03.977.401/0001-94,10850.0,16056.59
2025,3,BENIGNO  JUNIOR,Vale Combustível,PRIME LTDA,05.340.639/0001-30,7500.0,19874.57
2025,3,BENIGNO  JUNIOR,Vale Alimentação,PLUXEE BENEFÍCIOS BRASIL,69.034.668/0001-56,5400.0,14474.57
2025,3,BENIGNO  JUNIOR,Vale Restaurante,PLUXEE BENEFÍCIOS BRASIL,69.034.668/0001-56,2700.0,11774.57
2025,3,BENIGNO  JUNIOR,Passcard´s Eletrônicos,SINDIÔNIBUS,07.341.423/0001-14,0.0,11774.57
2025,3,BENIGNO  JUNIOR,Despesas com Locação de Veículo,CASABLANCA RENT A CAR,03.977.401/0001-94,6090.0,5684.57
2025,3,BENIGNO  JUNIOR,Despesas com Locação de Veículo,CASABLANCA RENT A CAR,03.977.401/0001-94,4760.0,924.57
2025,3,BRUNO MESQUITA,Vale Combustível,PRIME LTDA,05.340.639/0001-30,7844.0,23604.72
2025,3,BRUNO MESQUITA,Vale Alimentação,PLUXEE BENEFÍCIOS BRASIL,69.034.668/0001-56,5420.0,18184.72
2025,3,BRUNO MESQUITA,Vale Restaurante,PLUXEE BENEFÍCIOS BRASIL,69.034.668/0001-56,2710.0,15474.72
2025,3,BRUNO MESQUITA,Passcard´s Eletrônicos,SINDIÔNIBUS,07.341.423/0001-14,0.0,15474.72
2025,3,BRUNO MESQUITA,Despesas com Locação de Veículo,CASABLANCA RENT A CAR,03.977.401/0001-94,5670.0,9804.72
2025,3,BRUNO MESQUITA,Despesas com Serviço Gráfico,GRÁFICA RDS,02.265.186/0001-36,2982.34,6822.38
2025,3,BRUNO MESQUITA,Despesas com Consultoria Jurídica,MAIA E ROCHA ADVOGADOS ASSOCIADOS,26.828.489/0001,6719.5,102.879999999999
2025,3,CARLA IBIAPINA,Vale Combustível,PRIME LTDA,05.340.639/0001-30,7000.0,22159.37
2025,3,CARLA IBIAPINA,Vale Alimentação,PLUXEE BENEFÍCIOS BRASIL,69.034.668/0001-56,5426.0,16733.37
2025,3,CARLA IBIAPINA,Vale Restaurante,PLUXEE BENEFÍCIOS BRASIL,69.034.668/0001-56,2713.0,14020.37
2025,3,CARLA IBIAPINA,Passcard´s Eletrônicos,SINDIÔNIBUS,07.341.423/0001-14,0.0,14020.37
2025,3,CARLA IBIAPINA,Despesas com Serviço Gráfico,GRÁFICA SOLUÇÃO,19.386.760/0001-07,5993.22,8027.15
2025,3,CARLA IBIAPINA,Despesas com Locação de Veículo,CASABLANCA RENT A CAR,03.977.401/0001-94,5000.0,3027.15
2025,3,CARLA IBIAPINA,Despesas com Locação de Veículo,CASABLANCA RENT A CAR,03.977.401/0001-94,3000.0,27.1499999999987
2025,3,CHIQUINHO DOS CARNEIROS,Vale Combustível,PRIME LTDA,05.340.639/0001-30,7870.0,28675.01
2025,3,CHIQUINHO DOS CARNEIROS,Vale Alimentação,PLUXEE BENEFÍCIOS BRASIL,69.034.668/0001-56,5426.0,23249.01
2025,3,CHIQUINHO DOS CARNEIROS,Vale Restaurante,PLUXEE BENEFÍCIOS BRASIL,69.034.668/0001-56,2712.0,20537.01
2025,3,CHIQUINHO DOS CARNEIROS,Passcard´s Eletrônicos,SINDIÔNIBUS,07.341.423/0001-14,0.0,20537.01
2025,3,CHIQUINHO DOS CARNEIROS,Despesas com Consultoria Jurídica(ref.fev),PUPO ADVOCACIA S/S,12.576.687/0001-97,6654.5,13882.51
2025,3,CHIQUINHO DOS CARNEIROS,Despesas com Comunicação e Divulgação de Mandato,NAYANE SANTIAGO A.C.FERREIRA PRODUÇÕES,32.075.292/0001-18,6600.75,7281.76
2025,3,CHIQUINHO DOS CARNEIROS,Despesas com Consultoria Jurídica,PUPO ADVOCACIA S/S,12.576.687/0001-97,6654.5,627.259999999998
2025,3,DR. LUCIANO GIRÃO,Vale Combustível,PRIME LTDA,05.340.639/0001-30,7870.0,19368.22
2025,3,DR. LUCIANO GIRÃO,Vale Alimentação,PLUXEE BENEFÍCIOS BRASIL,69.034.668/0001-56,5420.0,13948.22
2025,3,DR. LUCIANO GIRÃO,Vale Restaurante,PLUXEE BENEFÍCIOS BRASIL,69.034.668/0001-56,2713.0,11235.22
2025,3,DR. LUCIANO GIRÃO,Passcard´s Eletrônicos,SINDIÔNIBUS,07.341.423/0001-14,396.0,10839.22
2025,3,DR. LUCIANO GIRÃO,Despesas com Telefonia Móvel,TELEFÔNICA BRASIL S.A,02.558.157/0001/62,37.99,10801.23
2025,3,DR. LUCIANO GIRÃO,Despesas com  Telefonia Móvel,CLARO S.A,40.432.544/0001/47,57.02,10744.21
2025,3,DR. LUCIANO GIRÃO,Despesas com Locação de Veículo,CASABLANCA RENT A CAR,03.977.401/0001-94,7455.0,3289.21
2025,3,DR. LUCIANO GIRÃO,Despesas com Locação de Veículo,CASABLANCA RENT A CAR,03.977.401/0001-94,3045.0,244.210000000001
2025,3,DR. VICENTE,Vale Combustível,PRIME LTDA,05.340.639/0001-30,7800.0,24480.33
2025,3,DR. VICENTE,Vale Alimentação,PLUXEE BENEFÍCIOS BRASIL,69.034.668/0001-56,4800.0,19680.33
2025,3,DR. VICENTE,Vale Restaurante,PLUXEE BENEFÍCIOS BRASIL,69.034.668/0001-56,2700.0,16980.33
2025,3,DR. VICENTE,Passcard´s Eletrônicos,SINDIÔNIBUS,07.341.423/0001-14,180.0,16800.33
2025,3,DR. VICENTE,Despesas com  Telefonia Móvel,CLARO S.A,40.432.544/0001/47,5.96,16794.37
2025,3,DR. VICENTE,Despesas com Serviço Gráfico,GRÁFICA PRINTCOLOR,02.824.298/0001-80,6562.15,10232.22
2025,3,DR. VICENTE,Despesas com Consultoria Jurídica,LAIO DUARTE VIEIRA( VIEIRA E MAIA ADV ),27.194.020/0001-05,5132.0,5100.22
2025,3,DR. VICENTE,Despesas com Locação de Veículo,CASABLANCA RENT A CAR,03.977.401/0001-94,5100.0,0.220000000002983
2025,3,ESTRELA BARROS,Vale Combustível,PRIME LTDA,05.340.639/0001-30,4127.0,23055.96
2025,3,ESTRELA BARROS,Vale Alimentação,PLUXEE BENEFÍCIOS BRASIL,69.034.668/0001-56,5427.0,17628.96
2025,3,ESTRELA BARROS,Vale Restaurante,PLUXEE BENEFÍCIOS BRASIL,69.034.668/0001-56,0.0,17628.96
2025,3,ESTRELA BARROS,Passcard´s Eletrônicos,SINDIÔNIBUS,07.341.423/0001-14,0.0,17628.96
2025,3,ESTRELA BARROS,Despesas com Serviço Gráfico,GRÁFICA SOLUÇÃO,19.386.760/0001-07,6775.35,10853.61
2025,3,ESTRELA BARROS,Despesas com Locação de Veículo,CASABLANCA RENT A CAR,03.977.401/0001-94,10800.0,53.6099999999988
2025,3,GABRIEL AGUIAR,Vale Combustível,PRIME LTDA,05.340.639/0001-30,5900.0,30719.39
2025,3,GABRIEL AGUIAR,Vale Alimentação,PLUXEE BENEFÍCIOS BRASIL,69.034.668/0001-56,4800.0,25919.39
2025,3,GABRIEL AGUIAR,Vale Restaurante,PLUXEE BENEFÍCIOS BRASIL,69.034.668/0001-56,2400.0,23519.39
2025,3,GABRIEL AGUIAR,Passcard´s Eletrônicos,SINDIÔNIBUS,07.341.423/0001-14,1980.0,21539.39
2025,3,GABRIEL AGUIAR,Despesas com Locação de Veículo,CASABLANCA RENT A CAR,06.621.791/0001-53,5670.0,15869.39
2025,3,GABRIEL AGUIAR,Despesas com Locação de Veículo,CASABLANCA RENT A CAR,06.621.791/0001-53,2640.0,13229.39
2025,3,GABRIEL AGUIAR,Despesas com Serviço Gráfico,GRÁFICA  PRINTCOLOR,02.824.298/0001-80,5536.85,7692.54
2025,3,GABRIEL AGUIAR,Despesas com Passagem aérea,R MORAES AGENCIA DE TURISMO,06.955.770/0001-74,4035.7,3656.84
2025,3,GARDEL  ROLIM,Vale Combustível,PRIME LTDA,05.340.639/0001-30,7500.0,19877.57
2025,3,GARDEL  ROLIM,Vale Alimentação,PLUXEE BENEFÍCIOS BRASIL,69.034.668/0001-56,5400.0,14477.57
2025,3,GARDEL  ROLIM,Vale Restaurante,PLUXEE BENEFÍCIOS BRASIL,69.034.668/0001-56,2700.0,11777.57
2025,3,GARDEL  ROLIM,Passcard´s Eletrônicos,SINDIÔNIBUS,07.341.423/0001-14,225.0,11552.57
2025,3,GARDEL  ROLIM,Despesas com Telefonia Móvel,TELEFÔNICA BRASIL S.A,02.558.157/0001/62,113.96,11438.61
2025,3,GARDEL  ROLIM,Despesas com Locação de Veículo,CASABLANCA RENT A CAR,06.621.791/0001-53,6510.0,4928.61
2025,3,GARDEL  ROLIM,Despesas com Serviço Gráfico,GRÁFICA  PRINTCOLOR,02.824.298/0001-80,4894.19,34.420000000001
2025,3,GERMANO  HEMANN,Vale Combustível,PRIME LTDA,05.340.639/0001-30,7870.0,19394.48
2025,3,GERMANO  HEMANN,Vale Alimentação,PLUXEE BENEFÍCIOS BRASIL,69.034.668/0001-56,5427.0,13967.48
2025,3,GERMANO  HEMANN,Vale Restaurante,PLUXEE BENEFÍCIOS BRASIL,69.034.668/0001-56,2713.81,11253.67
2025,3,GERMANO  HEMANN,Passcard´s Eletrônicos,SINDIÔNIBUS,07.341.423/0001-14,0.0,11253.67
2025,3,GERMANO  HEMANN,Despesas com Telefonia Móvel,CLARO S.A,40.432.544/0001/47,87.39,11166.28
2025,3,GERMANO  HEMANN,Despesas com Telefonia Móvel,TIM S.A,02.421.421/0001-11,125.8,11040.48
2025,3,GERMANO  HEMANN,Despesas com Locação de Veículo,CASABLANCA RENT A CAR,03.977.401/0001-94,10850.0,190.480000000001
2025,3,INSPETOR ALBERTO,Vale Combustível,PRIME LTDA,05.340.639/0001-30,7870.0,19276.79
2025,3,INSPETOR ALBERTO,Vale Alimentação,PLUXEE BENEFÍCIOS BRASIL,69.034.668/0001-56,5427.0,13849.79
2025,3,INSPETOR ALBERTO,Vale Restaurante,PLUXEE BENEFÍCIOS BRASIL,69.034.668/0001-56,2713.0,11136.79
2025,3,INSPETOR ALBERTO,Passcard´s Eletrônicos,SINDIÔNIBUS,07.341.423/0001-14,0.0,11136.79
2025,3,INSPETOR ALBERTO,Desp.com Comunicação e Divulg. de Mandato,PRM Comunic.Gestão Emp. ltda,37.842.306/0001-03,6500.0,4636.79
2025,3,INSPETOR ALBERTO,Despesas com Consultoria Jurídica,MATHEUS FERREIRA ADV,56.638.251/0001-50,4632.5,4.29000000000087
2025,3,IRMÃO  LÉO,Vale Combustível,PRIME LTDA,05.340.639/0001-30,6214.0,29019.1
2025,3,IRMÃO  LÉO,Vale Alimentação,PLUXEE BENEFÍCIOS BRASIL,69.034.668/0001-56,5427.0,23592.1
2025,3,IRMÃO  LÉO,Vale Restaurante,PLUXEE BENEFÍCIOS BRASIL,69.034.668/0001-56,2713.0,20879.1
2025,3,IRMÃO  LÉO,Passcard´s Eletrônicos,SINDIÔNIBUS,07.341.423/0001-14,0.0,20879.1
2025,3,IRMÃO  LÉO,Despesas com Serviço Gráfico,GRÁFICA RDS,02.265.186/0001-36,6771.07,14108.03
2025,3,IRMÃO  LÉO,Despesas com Consultoria Jurídica,DAMASCENO E ROCHA ADV,17.886.840/0001-04,6670.75,7437.28
2025,3,IRMÃO  LÉO,Despesas com Comunicação e Divulgação de Mandato,MARKETING ON SOFTWARE E PUB. LTDA,45.565.661/0001-00,6662.5,774.779999999999
2025,3,JÂNIO HENRIQUE,Vale Combustível,PRIME LTDA,05.340.639/0001-30,7850.0,19493.55
2025,3,JÂNIO HENRIQUE,Vale Alimentação,PLUXEE BENEFÍCIOS BRASIL,69.034.668/0001-56,5400.0,14093.55
2025,3,JÂNIO HENRIQUE,Vale Restaurante,PLUXEE BENEFÍCIOS BRASIL,69.034.668/0001-56,2700.0,11393.55
2025,3,JÂNIO HENRIQUE,Passcard´s Eletrônicos,SINDIÔNIBUS,07.341.423/0001-14,0.0,11393.55
2025,3,JÂNIO HENRIQUE,Despesas com Serviço Gráfico,GRÁFICA PRINTCOLOR,02.824.298/0001-80,6397.54,4996.01
2025,3,JÂNIO HENRIQUE,Despesas com Consultoria Jurídica,ANTÔNIO ALBUQUERQUE,47.730.644/0001-07,4969.5,26.5099999999993
2025,3,JORGE PINHEIRO,Vale Combustível,PRIME LTDA,05.340.639/0001-30,5100.0,48406.11
2025,3,JORGE PINHEIRO,Vale Alimentação,PLUXEE BENEFÍCIOS BRASIL,69.034.668/0001-56,5427.0,42979.11
2025,3,JORGE PINHEIRO,Vale Restaurante,PLUXEE BENEFÍCIOS BRASIL,69.034.668/0001-56,2713.0,40266.11
2025,3,JORGE PINHEIRO,Passcard´s Eletrônicos,SINDIÔNIBUS,07.341.423/0001-14,297.0,39969.11
2025,3,JORGE PINHEIRO,Despesas com Telefonia Móvel,TELEFÔNICA BRASIL S.A,02.558.157/0001/62,151.94,39817.17
2025,3,JORGE PINHEIRO,Despesas com Serviço Gráfico,GRÁFICA PRINTCOLOR,02.824.298/0001-80,5498.73,34318.44
2025,3,JULIERME  SENA,Vale Combustível,PRIME LTDA,05.340.639/0001-30,7100.0,21692.25
2025,3,JULIERME  SENA,Vale Alimentação,PLUXEE BENEFÍCIOS BRASIL,69.034.668/0001-56,5427.63,16264.62
2025,3,JULIERME  SENA,Vale Restaurante,PLUXEE BENEFÍCIOS BRASIL,69.034.668/0001-56,2700.0,13564.62
2025,3,JULIERME  SENA,Passcard´s Eletrônicos,SINDIÔNIBUS,07.341.423/0001-14,1350.0,12214.62
2025,3,JULIERME  SENA,Despesas com Serviço Gráfico,MOTOGRÁFICA,10.670.251/0001-37,4683.44,7531.18
2025,3,JULIERME  SENA,Despesas com Locação de Veículo,CASABLANCA RENT A CAR,03.977.401/0001-94,5050.0,2481.18
2025,3,KÁTIA RODRIGUES,Vale Combustível,PRIME LTDA,05.340.639/0001-30,7044.0,20095.93
2025,3,KÁTIA RODRIGUES,Vale Alimentação,PLUXEE BENEFÍCIOS BRASIL,69.034.668/0001-56,5400.0,14695.93
2025,3,KÁTIA RODRIGUES,Vale Restaurante,PLUXEE BENEFÍCIOS BRASIL,69.034.668/0001-56,2360.0,12335.93
2025,3,KÁTIA RODRIGUES,Passcard´s Eletrônicos,SINDIÔNIBUS,07.341.423/0001-14,0.0,12335.93
2025,3,KÁTIA RODRIGUES,Despesas com Serviço Gráfico,GRÁFICA SOLUÇÃO,19.386.760/0001-07,5653.98,6681.95
2025,3,KÁTIA RODRIGUES,Despesas com Locação de Veículo,CASABLANCA RENT A CAR,03.977.401/0001-94,6680.0,1.95000000000073
2025,3,LÉO COUTO,Vale Combustível,PRIME LTDA,05.340.639/0001-30,5100.0,26991.14
2025,3,LÉO COUTO,Vale Alimentação,PLUXEE BENEFÍCIOS BRASIL,69.034.668/0001-56,3000.0,23991.14
2025,3,LÉO COUTO,Vale Restaurante,PLUXEE BENEFÍCIOS BRASIL,69.034.668/0001-56,2360.0,21631.14
2025,3,LÉO COUTO,Passcard´s Eletrônicos,SINDIÔNIBUS,07.341.423/0001-14,0.0,21631.14
2025,3,LÉO COUTO,Despesas com Locação de Veículo,CASABLANCA RENT A CAR,03.977.401/0001-94,10850.0,10781.14
2025,3,LÉO COUTO,Despesas com Consultoria Jurídica,MATHEUS FERREIRA ADV,56.638.251/0001-50,6703.65,4077.49
2025,3,LUIZ PAUPINA,Vale Combustível,PRIME LTDA,05.340.639/0001-30,7870.06,19409.62
2025,3,LUIZ PAUPINA,Vale Alimentação,PLUXEE BENEFÍCIOS BRASIL,69.034.668/0001-56,5427.63,13981.99
2025,3,LUIZ PAUPINA,Vale Restaurante,PLUXEE BENEFÍCIOS BRASIL,69.034.668/0001-56,0.0,13981.99
2025,3,LUIZ PAUPINA,Passcard´s Eletrônicos,SINDIÔNIBUS,07.341.423/0001-14,0.0,13981.99
2025,3,LUIZ PAUPINA,Despesas com Serviço Gráfico,GRÁFICA SOLUÇÃO,19.386.760/0001-07,6775.35,7206.64
2025,3,LUIZ PAUPINA,Despesas com Locação de Veículo,CASABLANCA RENT A CAR,06.621.791/0001-53,3600.0,3606.64
2025,3,LUIZ PAUPINA,Despesas com Locação de Veículo,CASABLANCA RENT A CAR,06.621.791/0001-53,3400.0,206.639999999999
2025,3,LUIZ SERGIO,Vale Combustível,PRIME LTDA,05.340.639/0001-30,2000.0,32450.83
2025,3,LUIZ SERGIO,Vale Alimentação,PLUXEE BENEFÍCIOS BRASIL,69.034.668/0001-56,5000.0,27450.83
2025,3,LUIZ SERGIO,Vale Restaurante,PLUXEE BENEFÍCIOS BRASIL,69.034.668/0001-56,2712.0,24738.83
2025,3,LUIZ SERGIO,Passcard´s Eletrônicos,SINDIÔNIBUS,07.341.423/0001-14,346.5,24392.33
2025,3,LUIZ SERGIO,Despesas com Serviço Gráfico,GRÁFICA SOLUÇÃO,19.386.760/0001-07,6756.51,17635.82
2025,3,LUIZ SERGIO,Despesas com Comunicação e Divulgação de Mandato,PRM COMUNIC. GESTÃO EMPRES. LTDA,37.842.306/0001-03,6500.0,11135.82
2025,3,LUIZ SERGIO,Despesas com Consultoria Jurídica,MATHEUS FERREIRA ADV,56.638.251/0001-50,6735.75,4400.07
2025,3,LUIZ SERGIO,Despesas com Locação de Veículo,CASABLANCA RENT A CAR,03.977.401/0001-94,4400.0,0.069999999999709
2025,3,MARCEL  COLARES,Vale Combustível,PRIME LTDA,05.340.639/0001-30,6250.0,22507.25
2025,3,MARCEL  COLARES,Vale Alimentação,PLUXEE BENEFÍCIOS BRASIL,69.034.668/0001-56,5400.0,17107.25
2025,3,MARCEL  COLARES,Vale Restaurante,PLUXEE BENEFÍCIOS BRASIL,69.034.668/0001-56,1600.0,15507.25
2025,3,MARCEL  COLARES,Passcard´s Eletrônicos,SINDIÔNIBUS,07.341.423/0001-14,0.0,15507.25
2025,3,MARCEL  COLARES,Despesas com Serviço Gráfico,GRÁFICA ESTRELA,07.097.989/0001-42,6492.65,9014.6
2025,3,MARCEL  COLARES,Despesas com Locação de Veículo,CASABLANCA RENT A CAR,03.977.401/0001-94,7000.0,2014.6
2025,3,MARCELO  MENDES,Vale Combustível,PRIME LTDA,05.340.639/0001-30,7800.0,33659.39
2025,3,MARCELO  MENDES,Vale Alimentação,PLUXEE BENEFÍCIOS BRASIL,69.034.668/0001-56,5375.0,28284.39
2025,3,MARCELO  MENDES,Vale Restaurante,PLUXEE BENEFÍCIOS BRASIL,69.034.668/0001-56,2713.8,25570.59
2025,3,MARCELO  MENDES,Passcard´s Eletrônicos Metropolitano,SINDIÔNIBUS,07.341.423/0001-14,238.0,25332.59
2025,3,MARCELO  MENDES,Passcard´s Eletrônicos Urbano,SINDIÔNIBUS,07.341.423/0001-14,180.0,25152.59
2025,3,MARCELO  MENDES,Desp.com Comunicação e Divulg. de Mandato,INTERSECTIO BRANDING E DADOS LTDA,36.709.628/0001-08,11700.0,13452.59
2025,3,MARCELO  MENDES,Despesas com Consultoria Jurídica,MICHELLE SANTOS SOC. IND. ADV,58.985.204/0001-09,13325.25,127.34
2025,3,MARCELO TCHELA ( SUPLENTE ),Vale Combustível,PRIME LTDA,05.340.639/0001-30,7792.0,19346.13
2025,3,MARCELO TCHELA ( SUPLENTE ),Vale Alimentação,PLUXEE BENEFÍCIOS BRASIL,69.034.668/0001-56,5420.0,13926.13
2025,3,MARCELO TCHELA ( SUPLENTE ),Vale Restaurante,PLUXEE BENEFÍCIOS BRASIL,69.034.668/0001-56,2710.0,11216.13
2025,3,MARCELO TCHELA ( SUPLENTE ),Passcard´s Eletrônicos,SINDIÔNIBUS,07.341.423/0001-14,540.0,10676.13
2025,3,MARCELO TCHELA ( SUPLENTE ),Despesas com Serviço Gráfico,GRÁFICA  PRINTCOLOR,02.824.298/0001-80,5631.84,5044.29
2025,3,MARCELO TCHELA ( SUPLENTE ),Despesas com Locação de Veículo,CASABLANCA RENT A CAR,06.621.791/0001-53,5040.0,4.29000000000087
2025,3,MARCOS PAULO,Vale Combustível,PRIME LTDA,05.340.639/0001-30,7500.0,19698.89
2025,3,MARCOS PAULO,Vale Alimentação,PLUXEE BENEFÍCIOS BRASIL,69.034.668/0001-56,4427.63,15271.26
2025,3,MARCOS PAULO,Vale Restaurante,PLUXEE BENEFÍCIOS BRASIL,69.034.668/0001-56,2000.0,13271.26
2025,3,MARCOS PAULO,Passcard´s Eletrônicos,SINDIÔNIBUS,07.341.423/0001-14,0.0,13271.26
2025,3,MARCOS PAULO,Despesas com Serviço Gráfico,GRÁFICA SOLUÇÃO,19.386.760/0001-07,6775.35,6495.91
2025,3,MARCOS PAULO,Despesas com Locação de Veículo,CASABLANCA RENT A CAR,03.977.401/0001-94,6495.0,0.909999999999855
2025,3,MARI  LACERDA,Vale Combustível,PRIME LTDA,05.340.639/0001-30,4464.0,36515.89
2025,3,MARI  LACERDA,Vale Alimentação,PLUXEE BENEFÍCIOS BRASIL,69.034.668/0001-56,4000.0,32515.89
2025,3,MARI  LACERDA,Vale Restaurante,PLUXEE BENEFÍCIOS BRASIL,69.034.668/0001-56,2500.0,30015.89
2025,3,MARI  LACERDA,Passcard´s Eletrônicos,SINDIÔNIBUS,07.341.423/0001-14,0.0,30015.89
2025,3,MARI  LACERDA,Despesas com Passagem aérea,R MORAES AGENCIA DE TURISMO,06.955.770/0001-74,3132.2,26883.69
2025,3,MARI  LACERDA,Despesas com Locação de Veículo,CASABLANCA RENT A CAR,03.977.401/0001-94,4536.0,22347.69
2025,3,MARI  LACERDA,Desp.com Comunicação e Divulg. de Mandato,PRM Comunic.Gestão Emp. ltda,37.842.306/0001-03,6500.0,15847.69
2025,3,MARI  LACERDA,Despesas com Consultoria Jurídica,MATHEUS FERREIRA-SOC.IND.ADV,56.638.251/0001-50,6703.25,9144.44
2025,3,MARI  LACERDA,Despesas com Locação de Veículo,CASABLANCA RENT A CAR,03.977.401/0001-94,2365.0,6779.44
2025,3,MARI  LACERDA,Despesas com Serviço Gráfico,GRÁFICA PRINTCOLOR,02.824.298/0001-80,6778.57,0.869999999998981
2025,3,MICHEL  LINS,Vale Combustível,PRIME LTDA,05.340.639/0001-30,0.0,27155.12
2025,3,MICHEL  LINS,Vale Alimentação,PLUXEE BENEFÍCIOS BRASIL,69.034.668/0001-56,4720.0,22435.12
2025,3,MICHEL  LINS,Vale Restaurante,PLUXEE BENEFÍCIOS BRASIL,69.034.668/0001-56,2360.0,20075.12
2025,3,MICHEL  LINS,Passcard´s Eletrônicos,SINDIÔNIBUS,07.341.423/0001-14,360.0,19715.12
2025,3,MICHEL  LINS,Despesas com Comunicação e Divulgação de Mandato,MARKETING ON SOFTWARE E PUB. LTDA,45.565.661/0001-00,6662.5,13052.62
2025,3,MICHEL  LINS,Despesas com Serviço Gráfico,GRÁFICA RDS,02.265.186/0001-36,2174.93,10877.69
2025,3,MICHEL  LINS,Despesas com Locação de Veículo,CASABLANCA RENT A CAR,03.977.401/0001-94,10850.0,27.6899999999987
2025,3,PAULO MARTINS,Vale Combustível,PRIME LTDA,05.340.639/0001-30,7850.0,22516.15
2025,3,PAULO MARTINS,Vale Alimentação,PLUXEE BENEFÍCIOS BRASIL,69.034.668/0001-56,5420.0,17096.15
2025,3,PAULO MARTINS,Vale Restaurante,PLUXEE BENEFÍCIOS BRASIL,69.034.668/0001-56,2713.0,14383.15
2025,3,PAULO MARTINS,Passcard´s Eletrônicos,SINDIÔNIBUS,07.341.423/0001-14,1836.0,12547.15
2025,3,PAULO MARTINS,Despesas com Telefonia Móvel,TELEFÔNICA BRASIL S.A,02.558.157/0001/62,151.94,12395.21
2025,3,PAULO MARTINS,Despesas com  Telefonia Móvel,CLARO S.A,40.432.544/0001/47,43.7,12351.51
2025,3,PAULO MARTINS,Despesas com Locação de Veículo,CASABLANCA RENT A CAR,03.977.401/0001-94,5050.0,7301.51
2025,3,PAULO MARTINS,Desp.com Comunicação e Divulg. de Mandato,PRM Comunic.Gestão Emp. ltda,37.842.306/0001-03,3575.0,3726.51
2025,3,PAULO MARTINS,Despesas Serviço de Cartas,ECT-EMP.BRAS. DE CORREIOS E TELEGRAFOS,34028316230702,3598.05,128.459999999998
2025,3,PEDRO MATOS,Vale Combustível,PRIME LTDA,05.340.639/0001-30,7800.0,19364.58
2025,3,PEDRO MATOS,Vale Alimentação,PLUXEE BENEFÍCIOS BRASIL,69.034.668/0001-56,5400.0,13964.58
2025,3,PEDRO MATOS,Vale Restaurante,PLUXEE BENEFÍCIOS BRASIL,69.034.668/0001-56,2700.0,11264.58
2025,3,PEDRO MATOS,Passcard´s Eletrônicos,SINDIÔNIBUS,07.341.423/0001-14,0.0,11264.58
2025,3,PEDRO MATOS,Despesas com  Telefonia Móvel,CLARO S.A,40.432.544/0001/47,68.35,11196.23
2025,3,PEDRO MATOS,Despesas com Comunicação e Divulgação de Mandato,R e K PRODUCÕES E ASSESORIA LTDA,16.880.815/0001-42,6662.5,4533.73
2025,3,PEDRO MATOS,Despesas com Consultoria Jurídica,CARVALHO E SANTOS ADVOGADOS,34.636.322/0001-43,4490.5,43.2299999999996
2025,3,PPCELL,Vale Combustível,PRIME LTDA,05.340.639/0001-30,7870.0,19313.74
2025,3,PPCELL,Vale Alimentação,PLUXEE BENEFÍCIOS BRASIL,69.034.668/0001-56,5427.0,13886.74
2025,3,PPCELL,Vale Restaurante,PLUXEE BENEFÍCIOS BRASIL,69.034.668/0001-56,2713.0,11173.74
2025,3,PPCELL,Passcard´s Eletrônicos,SINDIÔNIBUS,07.341.423/0001-14,198.0,10975.74
2025,3,PPCELL,Despesas com Serviço Gráfico,GRÁFICA RDS,02.265.186/0001-36,4443.19,6532.55
2025,3,PPCELL,Despesas com Locação de Veículo,CASABLANCA RENT A CAR,03.977.401/0001-94,6510.0,22.5500000000002
2025,3,PRISCILA  COSTA,Vale Combustível,PRIME LTDA,05.340.639/0001-30,5190.0,21969.39
2025,3,PRISCILA  COSTA,Vale Alimentação,PLUXEE BENEFÍCIOS BRASIL,69.034.668/0001-56,4720.0,17249.39
2025,3,PRISCILA  COSTA,Vale Restaurante,PLUXEE BENEFÍCIOS BRASIL,69.034.668/0001-56,2360.0,14889.39
2025,3,PRISCILA  COSTA,Passcard´s Eletrônicos,SINDIÔNIBUS,07.341.423/0001-14,0.0,14889.39
2025,3,PRISCILA  COSTA,Desp.com Comunicação e Divulg. de Mandato,PRM Comunic.Gestão Emp. ltda,37.842.306/0001-03,3900.0,10989.39
2025,3,PRISCILA  COSTA,Despesas com Locação de Veículo,CASABLANCA RENT A CAR,03.977.401/0001-94,10850.0,139.389999999999
2025,3,PROF. AGUIAR TOBA,Vale Combustível,PRIME LTDA,05.340.639/0001-30,7870.05,19385.45
2025,3,PROF. AGUIAR TOBA,Vale Alimentação,PLUXEE BENEFÍCIOS BRASIL,69.034.668/0001-56,5427.63,13957.82
2025,3,PROF. AGUIAR TOBA,Vale Restaurante,PLUXEE BENEFÍCIOS BRASIL,69.034.668/0001-56,2713.8,11244.02
2025,3,PROF. AGUIAR TOBA,Passcard´s Eletrônicos,SINDIÔNIBUS,07.341.423/0001-14,0.0,11244.02
2025,3,PROF. AGUIAR TOBA,Despesas com Comunicação e Divulgação de Mandato,MARKETING ON SOFTWARE E PUB. LTDA,45.565.661/0001-00,6662.5,4581.52
2025,3,PROF. AGUIAR TOBA,Despesas com Serviço Gráfico,GRÁFICA SOLUÇÃO,19.386.760/0001-07,4427.5,154.02
2025,3,PROFESSOR ENILSON,Vale Combustível,PRIME LTDA,05.340.639/0001-30,7592.0,19783.69
2025,3,PROFESSOR ENILSON,Vale Alimentação,PLUXEE BENEFÍCIOS BRASIL,69.034.668/0001-56,5420.0,14363.69
2025,3,PROFESSOR ENILSON,Vale Restaurante,PLUXEE BENEFÍCIOS BRASIL,69.034.668/0001-56,2360.0,12003.69
2025,3,PROFESSOR ENILSON,Passcard´s Eletrônicos,SINDIÔNIBUS,07.341.423/0001-14,0.0,12003.69
2025,3,PROFESSOR ENILSON,Despesas com Serviço Gráfico,GRÁFICA SOLUÇÃO,19.386.760/0001-07,6657.35,5346.34
2025,3,PROFESSOR ENILSON,Despesas com Locação de Veículo,CASABLANCA RENT A CAR,03.977.401/0001-94,5000.0,346.34
2025,3,RENÉ  PESSOA,Vale Combustível,PRIME LTDA,05.340.639/0001-30,7870.06,19306.9
2025,3,RENÉ  PESSOA,Vale Alimentação,PLUXEE BENEFÍCIOS BRASIL,69.034.668/0001-56,5427.63,13879.27
2025,3,RENÉ  PESSOA,Vale Restaurante,PLUXEE BENEFÍCIOS BRASIL,69.034.668/0001-56,2713.81,11165.46
2025,3,RENÉ  PESSOA,Passcard´s Eletrônicos,SINDIÔNIBUS,07.341.423/0001-14,207.0,10958.46
2025,3,RENÉ  PESSOA,Desp.com Comunicação e Divulg. de Mandato,PRM Comunic.Gestão Emp. ltda,37.842.306/0001-03,4875.0,6083.46
2025,3,RENÉ  PESSOA,Despesas com Locação de Veículo,CASABLANCA RENT A CAR,03.977.401/0001-94,6083.0,0.459999999999127
2025,3,RONALDO  MARTINS,Vale Combustível,PRIME LTDA,05.340.639/0001-30,7692.0,21755.31
2025,3,RONALDO  MARTINS,Vale Alimentação,PLUXEE BENEFÍCIOS BRASIL,69.034.668/0001-56,5420.0,16335.31
2025,3,RONALDO  MARTINS,Vale Restaurante,PLUXEE BENEFÍCIOS BRASIL,69.034.668/0001-56,2713.0,13622.31
2025,3,RONALDO  MARTINS,Passcard´s Eletrônicos,SINDIÔNIBUS,07.341.423/0001-14,1872.0,11750.31
2025,3,RONALDO  MARTINS,Despesas com Hospedagem,R MORAES AGENCIA DE TURISMO,06.955.770/0001-74,5589.8,6160.51
2025,3,RONALDO  MARTINS,Despesas com locação de veículo,CASABLANCA RENT A CAR,03.977.401/0001-94,6000.0,160.509999999999
2025,3,SOLDADO  NOÉLIO,Vale Combustível,PRIME LTDA,05.340.639/0001-30,5000.0,22146.29
2025,3,SOLDADO  NOÉLIO,Vale Alimentação,PLUXEE BENEFÍCIOS BRASIL,69.034.668/0001-56,5400.0,16746.29
2025,3,SOLDADO  NOÉLIO,Vale Restaurante,PLUXEE BENEFÍCIOS BRASIL,69.034.668/0001-56,0.0,16746.29
2025,3,SOLDADO  NOÉLIO,Passcard´s Eletrônicos,SINDIÔNIBUS,07.341.423/0001-14,0.0,16746.29
2025,3,SOLDADO  NOÉLIO,Desp.com Comunicação e Divulg. de Mandato,PRM Comunic.Gestão Emp. ltda,37.842.306/0001-03,6500.0,10246.29
2025,3,SOLDADO  NOÉLIO,Despesas com Consultoria Jurídica,MATHEUS FERREIRA – Soc. Ind.  de Adv,56.638.251/0001-50,6735.75,3510.54
2025,3,SOLDADO  NOÉLIO,Despesas com Serviço Gráfico,GRÁFICA SOLUÇÃO,19.386.760/0001-07,3454.04,56.5000000000009
2025,3,TIA FRANCISCA ( SUPLENTE ),Vale Combustível,PRIME LTDA,05.340.639/0001-30,6500.0,20638.13
2025,3,TIA FRANCISCA ( SUPLENTE ),Vale Alimentação,PLUXEE BENEFÍCIOS BRASIL,69.034.668/0001-56,5400.0,15238.13
2025,3,TIA FRANCISCA ( SUPLENTE ),Vale Restaurante,PLUXEE BENEFÍCIOS BRASIL,69.034.668/0001-56,2713.0,12525.13
2025,3,TIA FRANCISCA ( SUPLENTE ),Passcard´s Eletrônicos,SINDIÔNIBUS,07.341.423/0001-14,247.5,12277.63
2025,3,TIA FRANCISCA ( SUPLENTE ),Despesas com Consultoria Jurídica,ANTÔNIO ALBUQUERQUE,47.730.644/0001-07,6415.0,5862.63
2025,3,TIA FRANCISCA ( SUPLENTE ),Despesas com Locação de Veículo,CASABLANCA RENT A CAR,03.977.401/0001-94,5800.0,62.630000000001
2025,3,TONY BRITO,Vale Combustível,PRIME LTDA,05.340.639/0001-30,7100.0,20644.39
2025,3,TONY BRITO,Vale Alimentação,PLUXEE BENEFÍCIOS BRASIL,69.034.668/0001-56,5000.0,15644.39
2025,3,TONY BRITO,Vale Restaurante,PLUXEE BENEFÍCIOS BRASIL,69.034.668/0001-56,2500.0,13144.39
2025,3,TONY BRITO,Passcard´s Eletrônicos,SINDIÔNIBUS,07.341.423/0001-14,0.0,13144.39
2025,3,TONY BRITO,Despesas com Comunicação e Divulgação de Mandato,PRM COMUNIC. GESTÃO EMPRES. LTDA,37.842.306/0001-03,5525.0,7619.39
2025,3,TONY BRITO,Despesas com Locação de Veículo,CASABLANCA RENT A CAR,06.621.791/0001-53,7000.0,619.389999999999
2025,3,WELLINGTON SÁBOIA,Vale Combustível,PRIME LTDA,05.340.639/0001-30,7870.06,19719.61
2025,3,WELLINGTON SÁBOIA,Vale Alimentação,PLUXEE BENEFÍCIOS BRASIL,69.034.668/0001-56,5427.59,14292.02
2025,3,WELLINGTON SÁBOIA,Vale Restaurante,PLUXEE BENEFÍCIOS BRASIL,69.034.668/0001-56,2676.35,11615.67
2025,3,WELLINGTON SÁBOIA,Passcard´s Eletrônicos,SINDIÔNIBUS,07.341.423/0001-14,0.0,11615.67
2025,3,WELLINGTON SÁBOIA,Despesas com  Telefonia Móvel,CLARO S.A,40.432.544/0001/47,87.39,11528.28
2025,3,WELLINGTON SÁBOIA,Despesas com Locação de Veículo,CASABLANCA RENT A CAR,03.977.401/0001-94,10850.0,678.280000000001
2025,4,ADAIL JUNIOR,Vale Combustível,PRIME LTDA,05.340.639/0001-30,6844.0,20294.13
2025,4,ADAIL JUNIOR,Vale Alimentação,PLUXEE BENEFÍCIOS BRASIL,69.034.668/0001-56,4720.0,15574.13
2025,4,ADAIL JUNIOR,Vale Restaurante,PLUXEE BENEFÍCIOS BRASIL,69.034.668/0001-56,2360.0,13214.13
2025,4,ADAIL JUNIOR,Passcard´s Eletrônicos,SINDIÔNIBUS,07.341.423/0001-14,0.0,13214.13
2025,4,ADAIL JUNIOR,Despesas com Locação de Veículo,CASABLANCA RENT A CAR,03.977.401/0001-94,9440.0,3774.13
2025,4,ADAIL JUNIOR,Despesas com Consultória Jurídica,THIAGO MONTEZUMA-ADV ASSOCIADOS,59.861.314/0001-21,3528.25,245.880000000001
2025,4,ADRIANA ALMEIDA,Vale Combustível,PRIME LTDA,05.340.639/0001-30,4100.0,23038.13
2025,4,ADRIANA ALMEIDA,Vale Alimentação,PLUXEE BENEFÍCIOS BRASIL,69.034.668/0001-56,4000.0,19038.13
2025,4,ADRIANA ALMEIDA,Vale Restaurante,PLUXEE BENEFÍCIOS BRASIL,69.034.668/0001-56,2000.0,17038.13
2025,4,ADRIANA ALMEIDA,Passcard´s Eletrônicos,SINDIÔNIBUS,07.341.423/0001-14,621.0,16417.13
2025,4,ADRIANA ALMEIDA,Despesas com Comunicação e Divulg. Mandato,BRUNO DE S.OLIVEIRA ADV,47.771.413/0001-33,4490.5,11926.63
2025,4,ADRIANA ALMEIDA,Despesas com Serviço Gráfico,GRÁFICA PRINTCOLOR,02.824.298/0001-80,5016.12,6910.51
2025,4,ADRIANA ALMEIDA,Despesas com Locação de Veículo,CASABLANCA RENT A CAR,03.977.401/0001-94,5145.0,1765.51
2025,4,ADRIANA ALMEIDA,Despesas com Locação de Veículo,CASABLANCA RENT A CAR,03.977.401/0001-94,1760.0,5.51000000000113
2025,4,ADRIANA GERÔNIMO,Vale Combustível,PRIME LTDA,05.340.639/0001-30,6240.0,20898.13
2025,4,ADRIANA GERÔNIMO,Vale Alimentação,PLUXEE BENEFÍCIOS BRASIL,69.034.668/0001-56,5427.63,15470.5
2025,4,ADRIANA GERÔNIMO,Vale Restaurante,PLUXEE BENEFÍCIOS BRASIL,69.034.668/0001-56,2713.81,12756.69
2025,4,ADRIANA GERÔNIMO,Passcard´s Eletrônicos,SINDIÔNIBUS,07.341.423/0001-14,1701.0,11055.69
2025,4,ADRIANA GERÔNIMO,Despesas com Telefonia Móvel,TELEFÔNICA BRASIL S.A,02.558.157/0001/62,2338.51,8717.18
2025,4,ADRIANA GERÔNIMO,Despesas com  Telefonia Móvel,TIM S.A,02.421421/0001-11,63.64,8653.54
2025,4,ADRIANA GERÔNIMO,Despesas com Consultória Jurídica,BRUNO SOUSA – ADV,47.771.413/0001-33,3849.0,4804.54
2025,4,ADRIANA GERÔNIMO,Despesas com Locação de Veículo,CASABLANCA RENT A CAR,03.977.401/0001-94,3619.14,1185.4
2025,4,ADRIANA GERÔNIMO,Despesas com Locação de Veículo,CASABLANCA RENT A CAR,03.977.401/0001-94,605.0,580.400000000001
2025,4,AGLAYLSON FIGUEIREDO,Vale Combustível,PRIME LTDA,05.340.639/0001-30,7600.0,19538.13
2025,4,AGLAYLSON FIGUEIREDO,Vale Alimentação,PLUXEE BENEFÍCIOS BRASIL,69.034.668/0001-56,3000.0,16538.13
2025,4,AGLAYLSON FIGUEIREDO,Vale Restaurante,PLUXEE BENEFÍCIOS BRASIL,69.034.668/0001-56,2700.0,13838.13
2025,4,AGLAYLSON FIGUEIREDO,Passcard´s Eletrônicos,SINDIÔNIBUS,07.341.423/0001-14,0.0,13838.13
2025,4,AGLAYLSON FIGUEIREDO,Despesas com Locação de Veículo,CASABLANCA RENT A CAR,03.977.401/0001-94,10850.0,2988.13
2025,4,ANA ARACAPÉ,Vale Combustível,PRIME LTDA,05.340.639/0001-30,7870.06,19268.07
2025,4,ANA ARACAPÉ,Vale Alimentação,PLUXEE BENEFÍCIOS BRASIL,69.034.668/0001-56,5427.63,13840.44
2025,4,ANA ARACAPÉ,Vale Restaurante,PLUXEE BENEFÍCIOS BRASIL,69.034.668/0001-56,2713.0,11127.44
2025,4,ANA ARACAPÉ,Passcard´s Eletrônicos,SINDIÔNIBUS,07.341.423/0001-14,279.0,10848.44
2025,4,ANA ARACAPÉ,Despesas com Serviço Gráfico,GRÁFICA SOLUÇÃO,19.386.760/0001-07,6652.85,4195.59
2025,4,ANA ARACAPÉ,Despesas com Locação de Veículo,CASABLANCA RENT A CAR,03.977.401/0001-94,4080.0,115.589999999998
2025,4,BELLA  CARMELO,Vale Combustível,PRIME LTDA,05.340.639/0001-30,3500.0,23638.13
2025,4,BELLA  CARMELO,Vale Alimentação,PLUXEE BENEFÍCIOS BRASIL,69.034.668/0001-56,2300.0,21338.13
2025,4,BELLA  CARMELO,Vale Restaurante,PLUXEE BENEFÍCIOS BRASIL,69.034.668/0001-56,2700.0,18638.13
2025,4,BELLA  CARMELO,Passcard´s Eletrônicos,SINDIÔNIBUS,07.341.423/0001-14,0.0,18638.13
2025,4,BELLA  CARMELO,Despesas com Locação de Veículo,CASABLANCA RENT A CAR,03.977.401/0001-94,10850.0,7788.13
2025,4,BELLA  CARMELO,Despesas com passagem Aérea,R MORAES AGÊNCIA DE TURISMO,06.955.770/0001-74,171.8,7616.33
2025,4,BENIGNO  JUNIOR,Vale Combustível,PRIME LTDA,05.340.639/0001-30,7500.0,19638.13
2025,4,BENIGNO  JUNIOR,Vale Alimentação,PLUXEE BENEFÍCIOS BRASIL,69.034.668/0001-56,5400.0,14238.13
2025,4,BENIGNO  JUNIOR,Vale Restaurante,PLUXEE BENEFÍCIOS BRASIL,69.034.668/0001-56,2700.0,11538.13
2025,4,BENIGNO  JUNIOR,Passcard´s Eletrônicos,SINDIÔNIBUS,07.341.423/0001-14,0.0,11538.13
2025,4,BENIGNO  JUNIOR,Despesas com Locação de Veículo,CASABLANCA RENT A CAR,03.977.401/0001-94,9135.0,2403.13
2025,4,BRUNO MESQUITA,Vale Combustível,PRIME LTDA,05.340.639/0001-30,7844.0,19294.13
2025,4,BRUNO MESQUITA,Vale Alimentação,PLUXEE BENEFÍCIOS BRASIL,69.034.668/0001-56,5420.0,13874.13
2025,4,BRUNO MESQUITA,Vale Restaurante,PLUXEE BENEFÍCIOS BRASIL,69.034.668/0001-56,2710.0,11164.13
2025,4,BRUNO MESQUITA,Passcard´s Eletrônicos,SINDIÔNIBUS,07.341.423/0001-14,225.0,10939.13
2025,4,BRUNO MESQUITA,Despesas com Locação de Veículo,CASABLANCA RENT A CAR,03.977.401/0001-94,5670.0,5269.13
2025,4,BRUNO MESQUITA,Despesas com Consultória Jurídica,MAIA E ROCHA ADV ASSOCIADOS,26.828.489/0001,5132.0,137.130000000001
2025,4,CARLA IBIAPINA,Vale Combustível,PRIME LTDA,05.340.639/0001-30,7000.0,20138.13
2025,4,CARLA IBIAPINA,Vale Alimentação,PLUXEE BENEFÍCIOS BRASIL,69.034.668/0001-56,5426.0,14712.13
2025,4,CARLA IBIAPINA,Vale Restaurante,PLUXEE BENEFÍCIOS BRASIL,69.034.668/0001-56,2713.0,11999.13
2025,4,CARLA IBIAPINA,Passcard´s Eletrônicos,SINDIÔNIBUS,07.341.423/0001-14,0.0,11999.13
2025,4,CARLA IBIAPINA,Despesas com Serviço Gráfico,GRÁFICA  SOLUÇÃO,19.386.760/0001-07,5992.71,6006.42
2025,4,CARLA IBIAPINA,Despesas com Locação de Veículo,CASABLANCA RENT A CAR,03.977.401/0001-94,5000.0,1006.42
2025,4,CARLA IBIAPINA,Despesas com Comunicação e Divulgação de Mandato,MARKETING ON SOFTWARE E PUB. LTDA,45.565.661/0001-00,975.0,31.420000000001
2025,4,CHIQUINHO DOS CARNEIROS,Vale Combustível,PRIME LTDA,05.340.639/0001-30,7870.0,19268.13
2025,4,CHIQUINHO DOS CARNEIROS,Vale Alimentação,PLUXEE BENEFÍCIOS BRASIL,69.034.668/0001-56,5426.0,13842.13
2025,4,CHIQUINHO DOS CARNEIROS,Vale Restaurante,PLUXEE BENEFÍCIOS BRASIL,69.034.668/0001-56,2712.0,11130.13
2025,4,CHIQUINHO DOS CARNEIROS,Passcard´s Eletrônicos,SINDIÔNIBUS,07.341.423/0001-14,0.0,11130.13
2025,4,CHIQUINHO DOS CARNEIROS,Despesas com Consultória Jurídica,PUPO ADVOCACIA S/S,12.576.687/0001-97,6654.5,4475.63
2025,4,CHIQUINHO DOS CARNEIROS,Despesas com Comunicação e Divulg.Mandato,NAYANE SANTIAGO A.C F. PRODUÇÕES,32.075.292/0001-18,4355.0,120.630000000001
2025,4,DR. LUCIANO GIRÃO,Vale Combustível,PRIME LTDA,05.340.639/0001-30,7870.0,19268.13
2025,4,DR. LUCIANO GIRÃO,Vale Alimentação,PLUXEE BENEFÍCIOS BRASIL,69.034.668/0001-56,5420.0,13848.13
2025,4,DR. LUCIANO GIRÃO,Vale Restaurante,PLUXEE BENEFÍCIOS BRASIL,69.034.668/0001-56,2713.0,11135.13
2025,4,DR. LUCIANO GIRÃO,Passcard´s Eletrônicos,SINDIÔNIBUS,07.341.423/0001-14,396.0,10739.13
2025,4,DR. LUCIANO GIRÃO,Despesas com Telefonia Móvel,TELEFÔNICA BRASIL S.A,02.558.157/0001/62,1193.94,9545.19
2025,4,DR. LUCIANO GIRÃO,Despesas com  Telefonia Móvel,CLARO S.A,40.432.544/0001/47,57.02,9488.17
2025,4,DR. LUCIANO GIRÃO,Despesas com Locação de Veículo,CASABLANCA RENT A CAR,03.977.401/0001-94,2030.0,7458.17
2025,4,DR. LUCIANO GIRÃO,Despesas com Locação de Veículo,CASABLANCA RENT A CAR,03.977.401/0001-94,7455.0,3.17000000000007
2025,4,DR. VICENTE,Vale Combustível,PRIME LTDA,05.340.639/0001-30,7800.0,19338.13
2025,4,DR. VICENTE,Vale Alimentação,PLUXEE BENEFÍCIOS BRASIL,69.034.668/0001-56,4800.0,14538.13
2025,4,DR. VICENTE,Vale Restaurante,PLUXEE BENEFÍCIOS BRASIL,69.034.668/0001-56,2700.0,11838.13
2025,4,DR. VICENTE,Passcard´s Eletrônicos,SINDIÔNIBUS,07.341.423/0001-14,180.0,11658.13
2025,4,DR. VICENTE,Despesas com Telefonia Móvel,CLARO S.A,40.432.544/0001-47,29.9,11628.23
2025,4,DR. VICENTE,Despesas com Consultória Jurídica,BRUNO  SOUSA -ADV,47.771.413/0001-33,5132.0,6496.23
2025,4,DR. VICENTE,Despesas com Serviço Gráfico,GRÁFICA PRINTCOLOR,02.824.298/0001-80,6494.81,1.42000000000098
2025,4,ESTRELA BARROS,Vale Combustível,PRIME LTDA,05.340.639/0001-30,4127.0,23011.13
2025,4,ESTRELA BARROS,Vale Alimentação,PLUXEE BENEFÍCIOS BRASIL,69.034.668/0001-56,5427.0,17584.13
2025,4,ESTRELA BARROS,Vale Restaurante,PLUXEE BENEFÍCIOS BRASIL,69.034.668/0001-56,0.0,17584.13
2025,4,ESTRELA BARROS,Passcard´s Eletrônicos,SINDIÔNIBUS,07.341.423/0001-14,0.0,17584.13
2025,4,ESTRELA BARROS,Despesas com Serviço Gráfico,GRÁFICA SOLUÇÃO,19.386.760/0001-07,6775.35,10808.78
2025,4,ESTRELA BARROS,Despesas com Locação de Veículo,CASABLANCA RENT A CAR,03.977.401/0001-94,10800.0,8.78000000000066
2025,4,GABRIEL AGUIAR,Vale Combustível,PRIME LTDA,05.340.639/0001-30,6300.0,20838.13
2025,4,GABRIEL AGUIAR,Vale Alimentação,PLUXEE BENEFÍCIOS BRASIL,69.034.668/0001-56,5100.0,15738.13
2025,4,GABRIEL AGUIAR,Vale Restaurante,PLUXEE BENEFÍCIOS BRASIL,69.034.668/0001-56,2400.0,13338.13
2025,4,GABRIEL AGUIAR,Passcard´s Eletrônicos,SINDIÔNIBUS,07.341.423/0001-14,2250.0,11088.13
2025,4,GABRIEL AGUIAR,Despesas com Locação de Veículo,CASABLANCA RENT A CAR,03.977.401/0001-94,5670.0,5418.13
2025,4,GABRIEL AGUIAR,Despesas com Locação de Veículo,CASABLANCA RENT A CAR,03.977.401/0001-94,2640.0,2778.13
2025,4,GARDEL  ROLIM,Vale Combustível,PRIME LTDA,05.340.639/0001-30,7500.0,19638.13
2025,4,GARDEL  ROLIM,Vale Alimentação,PLUXEE BENEFÍCIOS BRASIL,69.034.668/0001-56,5400.0,14238.13
2025,4,GARDEL  ROLIM,Vale Restaurante,PLUXEE BENEFÍCIOS BRASIL,69.034.668/0001-56,2700.0,11538.13
2025,4,GARDEL  ROLIM,Passcard´s Eletrônicos,SINDIÔNIBUS,07.341.423/0001-14,225.0,11313.13
2025,4,GARDEL  ROLIM,Despesas com Telefonia Móvel,TELEFÔNICA BRASIL S.A,02.558.157/0001/62,113.93,11199.2
2025,4,GARDEL  ROLIM,Despesas com Serviço Gráfico,GRÁFICA PRINTCOLOR,02.824.298/0001-80,4589.77,6609.43
2025,4,GARDEL  ROLIM,Despesas com Locação de Veículo,CASABLANCA RENT A CAR,03.977.401/0001-94,6510.0,99.4300000000003
2025,4,GERMANO  HEMANN,Vale Combustível,PRIME LTDA,05.340.639/0001-30,7870.0,19268.13
2025,4,GERMANO  HEMANN,Vale Alimentação,PLUXEE BENEFÍCIOS BRASIL,69.034.668/0001-56,5427.0,13841.13
2025,4,GERMANO  HEMANN,Vale Restaurante,PLUXEE BENEFÍCIOS BRASIL,69.034.668/0001-56,2713.81,11127.32
2025,4,GERMANO  HEMANN,Passcard´s Eletrônicos,SINDIÔNIBUS,07.341.423/0001-14,0.0,11127.32
2025,4,GERMANO  HEMANN,Despesas com  Telefonia Móvel,CLARO S.A,40.432.544/0001/47,87.39,11039.93
2025,4,GERMANO  HEMANN,Despesas com  Telefonia Móvel,TIM S.A,02.421421/0001-11,75.06,10964.87
2025,4,GERMANO  HEMANN,Despesas com Locação de Veículo,CASABLANCA RENT A CAR,03.977.401/0001-94,10850.0,114.870000000001
2025,4,INSPETOR ALBERTO,Vale Combustível,PRIME LTDA,05.340.639/0001-30,7870.0,19268.13
2025,4,INSPETOR ALBERTO,Vale Alimentação,PLUXEE BENEFÍCIOS BRASIL,69.034.668/0001-56,5427.0,13841.13
2025,4,INSPETOR ALBERTO,Vale Restaurante,PLUXEE BENEFÍCIOS BRASIL,69.034.668/0001-56,2713.0,11128.13
2025,4,INSPETOR ALBERTO,Passcard´s Eletrônicos,SINDIÔNIBUS,07.341.423/0001-14,0.0,11128.13
2025,4,INSPETOR ALBERTO,Despesas com Consultória Jurídica,MATHEUS FERREIRA-SOC.IND. DE ADVOCACIA,56.638.251/0001-50,4616.25,6511.88
2025,4,INSPETOR ALBERTO,Despesas com Comunicação e Divulg. Mandato,PRM-COMUN.GESTÃO EMP. LTDA,37.842.306/0001-03,6500.0,11.880000000001
2025,4,IRMÃO  LÉO,Vale Combustível,PRIME LTDA,05.340.639/0001-30,6214.0,20924.13
2025,4,IRMÃO  LÉO,Vale Alimentação,PLUXEE BENEFÍCIOS BRASIL,69.034.668/0001-56,5427.0,15497.13
2025,4,IRMÃO  LÉO,Vale Restaurante,PLUXEE BENEFÍCIOS BRASIL,69.034.668/0001-56,2713.0,12784.13
2025,4,IRMÃO  LÉO,Passcard´s Eletrônicos,SINDIÔNIBUS,07.341.423/0001-14,0.0,12784.13
2025,4,IRMÃO  LÉO,Despesas com Consultória Jurídica,DAMASCENO E ROCHA ADV ASSOCIADOS,17.886.840/0001-04,6094.25,6689.88
2025,4,IRMÃO  LÉO,Despesas com Comunicação e Divulg. Mandato,MARKETING ON SOFTWARE E PUBLICIDADE LTDA,45.565.661/0001-00,6662.5,27.380000000001
2025,4,JÂNIO HENRIQUE,Vale Combustível,PRIME LTDA,05.340.639/0001-30,7850.0,19288.13
2025,4,JÂNIO HENRIQUE,Vale Alimentação,PLUXEE BENEFÍCIOS BRASIL,69.034.668/0001-56,5400.0,13888.13
2025,4,JÂNIO HENRIQUE,Vale Restaurante,PLUXEE BENEFÍCIOS BRASIL,69.034.668/0001-56,2700.0,11188.13
2025,4,JÂNIO HENRIQUE,Passcard´s Eletrônicos,SINDIÔNIBUS,07.341.423/0001-14,0.0,11188.13
2025,4,JÂNIO HENRIQUE,Despesas com Serviço Gráfico,GRÁFICA PRINTCOLOR,02.824.298/0001-80,6741.73,4446.4
2025,4,JÂNIO HENRIQUE,Despesas com Consultória Jurídica,ANTº. ALBUQ.SOC. IND. ADV,47.730.644/0001-07,4441.75,4.65000000000146
2025,4,JORGE PINHEIRO,Vale Combustível,PRIME LTDA,05.340.639/0001-30,5100.0,22038.13
2025,4,JORGE PINHEIRO,Vale Alimentação,PLUXEE BENEFÍCIOS BRASIL,69.034.668/0001-56,5427.0,16611.13
2025,4,JORGE PINHEIRO,Vale Restaurante,PLUXEE BENEFÍCIOS BRASIL,69.034.668/0001-56,2713.0,13898.13
2025,4,JORGE PINHEIRO,Passcard´s Eletrônicos,SINDIÔNIBUS,07.341.423/0001-14,297.0,13601.13
2025,4,JORGE PINHEIRO,Despesas com Telefonia Móvel,TELEFÔNICA BRASIL S.A,02.558.157/0001/62,151.91,13449.22
2025,4,JORGE PINHEIRO,Despesas com Serviço Gráfico,GRÁFICA PRINTCOLOR,02.824.298/0001-80,4491.66,8957.56
2025,4,JULIERME  SENA,Vale Combustível,PRIME LTDA,05.340.639/0001-30,7100.0,20038.13
2025,4,JULIERME  SENA,Vale Alimentação,PLUXEE BENEFÍCIOS BRASIL,69.034.668/0001-56,5427.63,14610.5
2025,4,JULIERME  SENA,Vale Restaurante,PLUXEE BENEFÍCIOS BRASIL,69.034.668/0001-56,2700.0,11910.5
2025,4,JULIERME  SENA,Passcard´s Eletrônicos,SINDIÔNIBUS,07.341.423/0001-14,1350.0,10560.5
2025,4,JULIERME  SENA,Despesas com Serviço Gráfico,MOTOGRÁFICA,10.670.251/0001-37,4683.44,5877.06
2025,4,JULIERME  SENA,Despesas com Locação de Veículo,CASABLANCA RENT A CAR,03.977.401/0001-94,5050.0,827.06
2025,4,KÁTIA RODRIGUES,Vale Combustível,PRIME LTDA,05.340.639/0001-30,7044.0,20094.13
2025,4,KÁTIA RODRIGUES,Vale Alimentação,PLUXEE BENEFÍCIOS BRASIL,69.034.668/0001-56,5400.0,14694.13
2025,4,KÁTIA RODRIGUES,Vale Restaurante,PLUXEE BENEFÍCIOS BRASIL,69.034.668/0001-56,2360.0,12334.13
2025,4,KÁTIA RODRIGUES,Passcard´s Eletrônicos,SINDIÔNIBUS,07.341.423/0001-14,0.0,12334.13
2025,4,KÁTIA RODRIGUES,Despesas com Serviço Gráfico,GRÁFICA SOLUÇÃO,19.386.760/0001-07,5652.45,6681.68
2025,4,KÁTIA RODRIGUES,Despesas com Locação de Veículo,CASABLANCA RENT A CAR,03.977.401/0001-94,6681.0,0.680000000001201
2025,4,LÉO COUTO,Vale Combustível,PRIME LTDA,05.340.639/0001-30,5100.0,22038.13
2025,4,LÉO COUTO,Vale Alimentação,PLUXEE BENEFÍCIOS BRASIL,69.034.668/0001-56,3000.0,19038.13
2025,4,LÉO COUTO,Vale Restaurante,PLUXEE BENEFÍCIOS BRASIL,69.034.668/0001-56,2360.0,16678.13
2025,4,LÉO COUTO,Passcard´s Eletrônicos,SINDIÔNIBUS,07.341.423/0001-14,0.0,16678.13
2025,4,LÉO COUTO,Despesas com Locação de Veículo,CASABLANCA RENT A CAR,03.977.401/0001-94,10850.0,5828.13
2025,4,LÉO COUTO,Despesas com Consultória Jurídica,BARBOSA E MORAES SOC-ADV,38.028.070/0001-20,5773.5,54.630000000001
2025,4,LUIZ PAUPINA,Vale Combustível,PRIME LTDA,05.340.639/0001-30,7870.06,19268.07
2025,4,LUIZ PAUPINA,Vale Alimentação,PLUXEE BENEFÍCIOS BRASIL,69.034.668/0001-56,5427.63,13840.44
2025,4,LUIZ PAUPINA,Vale Restaurante,PLUXEE BENEFÍCIOS BRASIL,69.034.668/0001-56,0.0,13840.44
2025,4,LUIZ PAUPINA,Passcard´s Eletrônicos,SINDIÔNIBUS,07.341.423/0001-14,0.0,13840.44
2025,4,LUIZ PAUPINA,Despesas com Serviço Gráfico,GRÁFICA SOLUÇÃO,19.386.760/0001-07,6775.35,7065.09
2025,4,LUIZ PAUPINA,Despesas com Locação de Veículo,CASABLANCA RENT A CAR,03.977.401/0001-94,3400.0,3665.09
2025,4,LUIZ PAUPINA,Despesas com Locação de Veículo,CASABLANCA RENT A CAR,03.977.401/0001-94,3600.0,65.0899999999983
2025,4,LUIZ SERGIO,Vale Combustível,PRIME LTDA,05.340.639/0001-30,2000.0,25138.13
2025,4,LUIZ SERGIO,Vale Alimentação,PLUXEE BENEFÍCIOS BRASIL,69.034.668/0001-56,5000.0,20138.13
2025,4,LUIZ SERGIO,Vale Restaurante,PLUXEE BENEFÍCIOS BRASIL,69.034.668/0001-56,2712.0,17426.13
2025,4,LUIZ SERGIO,Passcard´s Eletrônicos,SINDIÔNIBUS,07.341.423/0001-14,346.5,17079.63
2025,4,LUIZ SERGIO,Despesas com Serviço Gráfico,GRÁFICA SOLUÇÃO,19.386.760/0001-07,6756.51,10323.12
2025,4,LUIZ SERGIO,Despesas com Consultória Jurídica,MATHEUS FERREIRA-SOC.IND.ADV,56.638.251/0001-50,6735.75,3587.37
2025,4,LUIZ SERGIO,Despesas com Comunicação e Divulg. Mandato,PRM-COM.GESTÃO EMP.LTDA,37.842.306/0001-03,3575.0,12.3700000000008
2025,4,MARCEL  COLARES,Vale Combustível,PRIME LTDA,05.340.639/0001-30,6250.0,20888.13
2025,4,MARCEL  COLARES,Vale Alimentação,PLUXEE BENEFÍCIOS BRASIL,69.034.668/0001-56,5400.0,15488.13
2025,4,MARCEL  COLARES,Vale Restaurante,PLUXEE BENEFÍCIOS BRASIL,69.034.668/0001-56,1600.0,13888.13
2025,4,MARCEL  COLARES,Passcard´s Eletrônicos,SINDIÔNIBUS,07.341.423/0001-14,0.0,13888.13
2025,4,MARCEL  COLARES,Despesas com Serviço Gráfico,GRÁFICA  ESTRELA,07.097.989/0001-42,6483.23,7404.9
2025,4,MARCEL  COLARES,Despesas com Locação de Veículo,CASABLANCA RENT A CAR,03.977.401/0001-94,7000.0,404.900000000001
2025,4,MARCELO  MENDES,Vale Combustível,PRIME LTDA,05.340.639/0001-30,7800.0,19338.13
2025,4,MARCELO  MENDES,Vale Alimentação,PLUXEE BENEFÍCIOS BRASIL,69.034.668/0001-56,5375.0,13963.13
2025,4,MARCELO  MENDES,Vale Restaurante,PLUXEE BENEFÍCIOS BRASIL,69.034.668/0001-56,2713.0,11250.13
2025,4,MARCELO  MENDES,Passcard´s Eletrônicos Metropolitano,SINDIÔNIBUS,07.341.423/0001-14,238.0,11012.13
2025,4,MARCELO  MENDES,Passcard´s Eletrônicos Urbano,SINDIÔNIBUS,07.341.423/0001-14,360.0,10652.13
2025,4,MARCELO  MENDES,Despesas com Consultória Jurídica,MICHELLE SANTOS SOC.IND. ADV,58.985.204/0001-09,6670.75,3981.38
2025,4,MARCELO TCHELA ( SUPLENTE ),Vale Combustível,PRIME LTDA,05.340.639/0001-30,7792.0,19346.13
2025,4,MARCELO TCHELA ( SUPLENTE ),Vale Alimentação,PLUXEE BENEFÍCIOS BRASIL,69.034.668/0001-56,5420.0,13926.13
2025,4,MARCELO TCHELA ( SUPLENTE ),Vale Restaurante,PLUXEE BENEFÍCIOS BRASIL,69.034.668/0001-56,2710.0,11216.13
2025,4,MARCELO TCHELA ( SUPLENTE ),Passcard´s Eletrônicos,SINDIÔNIBUS,07.341.423/0001-14,540.0,10676.13
2025,4,MARCELO TCHELA ( SUPLENTE ),Despesas com Serviço Gráfico,GRÁFICA PRINTCOLOR,02.824.298/0001-80,5635.8,5040.33
2025,4,MARCELO TCHELA ( SUPLENTE ),Despesas com Locação de Veículo,CASABLANCA RENT A CAR,03.977.401/0001-94,5040.0,0.330000000000837
2025,4,MARCOS PAULO,Vale Combustível,PRIME LTDA,05.340.639/0001-30,7500.0,19638.13
2025,4,MARCOS PAULO,Vale Alimentação,PLUXEE BENEFÍCIOS BRASIL,69.034.668/0001-56,4427.63,15210.5
2025,4,MARCOS PAULO,Vale Restaurante,PLUXEE BENEFÍCIOS BRASIL,69.034.668/0001-56,2000.0,13210.5
2025,4,MARCOS PAULO,Passcard´s Eletrônicos,SINDIÔNIBUS,07.341.423/0001-14,0.0,13210.5
2025,4,MARCOS PAULO,Despesas com Serviço Gráfico,GRÁFICA SOLUÇÃO,19.386.760/0001-07,6775.35,6435.15
2025,4,MARCOS PAULO,Despesas com Locação de Veículo,CASABLANCA RENT A CAR,03.977.401/0001-94,6435.0,0.149999999999636
2025,4,MARI  LACERDA,Vale Combustível,PRIME LTDA,05.340.639/0001-30,4764.0,22374.13
2025,4,MARI  LACERDA,Vale Alimentação,PLUXEE BENEFÍCIOS BRASIL,69.034.668/0001-56,4800.0,17574.13
2025,4,MARI  LACERDA,Vale Restaurante,PLUXEE BENEFÍCIOS BRASIL,69.034.668/0001-56,2500.0,15074.13
2025,4,MARI  LACERDA,Passcard´s Eletrônicos,SINDIÔNIBUS,07.341.423/0001-14,0.0,15074.13
2025,4,MARI  LACERDA,Despesas com Serviço Gráfico,GRÁFICA PRINTCOLOR,02.824.298/0001-80,6406.83,8667.3
2025,4,MARI  LACERDA,Despesas com Locação de Veículo,CASABLANCA RENT A CAR,03.977.401/0001-94,5145.0,3522.3
2025,4,MICHEL  LINS,Vale Combustível,PRIME LTDA,05.340.639/0001-30,0.0,27138.13
2025,4,MICHEL  LINS,Vale Alimentação,PLUXEE BENEFÍCIOS BRASIL,69.034.668/0001-56,4720.0,22418.13
2025,4,MICHEL  LINS,Vale Restaurante,PLUXEE BENEFÍCIOS BRASIL,69.034.668/0001-56,2360.0,20058.13
2025,4,MICHEL  LINS,Passcard´s Eletrônicos,SINDIÔNIBUS,07.341.423/0001-14,360.0,19698.13
2025,4,MICHEL  LINS,Despesas com Comunicação e Divulg. Mandato,MARKETING ON SOFTWARE E PUB.LTDA,45.565.661/0001-00,6662.5,13035.63
2025,4,MICHEL  LINS,Despesas com Serviço Gráfico,GRÁFICA  RDS,02.265.186/0001-36,2174.93,10860.7
2025,4,MICHEL  LINS,Despesas com Locação de Veículo,CASABLANCA RENT A CAR,03.977.401/0001-94,10850.0,10.7000000000007
2025,4,PAULO MARTINS,Vale Combustível,PRIME LTDA,05.340.639/0001-30,7850.0,19288.13
2025,4,PAULO MARTINS,Vale Alimentação,PLUXEE BENEFÍCIOS BRASIL,69.034.668/0001-56,5420.0,13868.13
2025,4,PAULO MARTINS,Vale Restaurante,PLUXEE BENEFÍCIOS BRASIL,69.034.668/0001-56,2713.0,11155.13
2025,4,PAULO MARTINS,Passcard´s Eletrônicos,SINDIÔNIBUS,07.341.423/0001-14,1836.0,9319.13
2025,4,PAULO MARTINS,Despesas com Telefonia Móvel,TELEFÔNICA BRASIL S.A,02.558.157/0001/62,151.91,9167.22
2025,4,PAULO MARTINS,Despesas com  Telefonia Móvel,CLARO S.A,40.432.544/0001/47,43.7,9123.52
2025,4,PAULO MARTINS,Despesas com Locação de Veículo,CASABLANCA RENT A CAR,03.977.401/0001-94,5050.0,4073.52
2025,4,PAULO MARTINS,Despesas com Serviço de Cartas,CORREIOS E TELÉGRAFOS,34.028.316/0010-02,3898.95,174.570000000001
2025,4,PEDRO MATOS,Vale Combustível,PRIME LTDA,05.340.639/0001-30,7800.0,19338.13
2025,4,PEDRO MATOS,Vale Alimentação,PLUXEE BENEFÍCIOS BRASIL,69.034.668/0001-56,5400.0,13938.13
2025,4,PEDRO MATOS,Vale Restaurante,PLUXEE BENEFÍCIOS BRASIL,69.034.668/0001-56,2700.0,11238.13
2025,4,PEDRO MATOS,Passcard´s Eletrônicos,SINDIÔNIBUS,07.341.423/0001-14,0.0,11238.13
2025,4,PEDRO MATOS,Despesas com  Telefonia Móvel,CLARO S.A,40.432.544/0001/47,18.15,11219.98
2025,4,PEDRO MATOS,Despesas com Consultória Jurídica,CARVALHO E SANTOS ADV,34.636.322/0001-43,4490.5,6729.48
2025,4,PEDRO MATOS,Despesas com Comunicação e Divulg. Mandato,R e K PROD. ASSESSORIA LTDA,16.880.815/0001-42,6662.5,66.9799999999996
2025,4,PPCELL,Vale Combustível,PRIME LTDA,05.340.639/0001-30,7870.0,19268.13
2025,4,PPCELL,Vale Alimentação,PLUXEE BENEFÍCIOS BRASIL,69.034.668/0001-56,5427.0,13841.13
2025,4,PPCELL,Vale Restaurante,PLUXEE BENEFÍCIOS BRASIL,69.034.668/0001-56,2713.0,11128.13
2025,4,PPCELL,Passcard´s Eletrônicos,SINDIÔNIBUS,07.341.423/0001-14,198.0,10930.13
2025,4,PPCELL,Despesas com Serviço Gráfico,GRÁFICA RDS,02.265.186/0001-36,4413.96,6516.17
2025,4,PPCELL,Despesas com Locação de Veículo,CASABLANCA RENT A CAR,03.977.401/0001-94,6510.0,6.17000000000098
2025,4,PRISCILA  COSTA,Vale Combustível,PRIME LTDA,05.340.639/0001-30,5190.0,21948.13
2025,4,PRISCILA  COSTA,Vale Alimentação,PLUXEE BENEFÍCIOS BRASIL,69.034.668/0001-56,4720.0,17228.13
2025,4,PRISCILA  COSTA,Vale Restaurante,PLUXEE BENEFÍCIOS BRASIL,69.034.668/0001-56,2360.0,14868.13
2025,4,PRISCILA  COSTA,Passcard´s Eletrônicos,SINDIÔNIBUS,07.341.423/0001-14,0.0,14868.13
2025,4,PRISCILA  COSTA,Despesas com Locação de Veículo,CASABLANCA RENT A CAR,03.977.401/0001-94,10850.0,4018.13
2025,4,PRISCILA  COSTA,Despesas com Comunicação e Divulg. Mandato,PRM-COM.GESTÃO EMP.LTDA,37.842.306/0001-03,3900.0,118.130000000001
2025,4,PROF. AGUIAR TOBA,Vale Combustível,PRIME LTDA,05.340.639/0001-30,7870.05,19268.08
2025,4,PROF. AGUIAR TOBA,Vale Alimentação,PLUXEE BENEFÍCIOS BRASIL,69.034.668/0001-56,5427.63,13840.45
2025,4,PROF. AGUIAR TOBA,Vale Restaurante,PLUXEE BENEFÍCIOS BRASIL,69.034.668/0001-56,2713.8,11126.65
2025,4,PROF. AGUIAR TOBA,Passcard´s Eletrônicos,SINDIÔNIBUS,07.341.423/0001-14,0.0,11126.65
2025,4,PROF. AGUIAR TOBA,Despesas com Serviço Gráfico,GRÁFICA SOLUÇÃO,19.386.760/0001-07,4425.34,6701.31
2025,4,PROF. AGUIAR TOBA,Despesas com Comunicação e Divulg. Mandato,MARKETING ON SOFTWARE E PUB. LTDA,45.565.661/0001-00,6662.5,38.8100000000013
2025,4,PROFESSOR ENILSON,Vale Combustível,PRIME LTDA,05.340.639/0001-30,7592.0,19546.13
2025,4,PROFESSOR ENILSON,Vale Alimentação,PLUXEE BENEFÍCIOS BRASIL,69.034.668/0001-56,5420.0,14126.13
2025,4,PROFESSOR ENILSON,Vale Restaurante,PLUXEE BENEFÍCIOS BRASIL,69.034.668/0001-56,2360.0,11766.13
2025,4,PROFESSOR ENILSON,Passcard´s Eletrônicos,SINDIÔNIBUS,07.341.423/0001-14,0.0,11766.13
2025,4,PROFESSOR ENILSON,Despesas com Serviço Gráfico,GRÁFICA SOLUÇÃO,19.386.760/0001-07,6652.85,5113.28
2025,4,PROFESSOR ENILSON,Despesas com Comunicação e Divulg.Mandato,NAYANE SANTIAGO A.C F. PRODUÇÕES,32.075.292/0001-18,4998.5,114.780000000001
2025,4,RENÉ  PESSOA,Vale Combustível,PRIME LTDA,05.340.639/0001-30,7870.06,19268.07
2025,4,RENÉ  PESSOA,Vale Alimentação,PLUXEE BENEFÍCIOS BRASIL,69.034.668/0001-56,5427.63,13840.44
2025,4,RENÉ  PESSOA,Vale Restaurante,PLUXEE BENEFÍCIOS BRASIL,69.034.668/0001-56,2713.81,11126.63
2025,4,RENÉ  PESSOA,Passcard´s Eletrônicos,SINDIÔNIBUS,07.341.423/0001-14,207.0,10919.63
2025,4,RENÉ  PESSOA,Despesas com Locação de Veículo,CASABLANCA RENT A CAR,03.977.401/0001-94,10160.0,759.629999999999
2025,4,RONALDO  MARTINS,Vale Combustível,PRIME LTDA,05.340.639/0001-30,7692.0,19446.13
2025,4,RONALDO  MARTINS,Vale Alimentação,PLUXEE BENEFÍCIOS BRASIL,69.034.668/0001-56,5420.0,14026.13
2025,4,RONALDO  MARTINS,Vale Restaurante,PLUXEE BENEFÍCIOS BRASIL,69.034.668/0001-56,2713.0,11313.13
2025,4,RONALDO  MARTINS,Passcard´s Eletrônicos,SINDIÔNIBUS,07.341.423/0001-14,1872.0,9441.13
2025,4,RONALDO  MARTINS,Despesas com Locação de Veículo,CASABLANCA RENT A CAR,03.977.401/0001-94,6000.0,3441.13
2025,4,RONALDO  MARTINS,Despesas com Locação de Veículo,R MORAES AGENCIA DE TURISMO,06.955.770/0001-74,966.58,2474.55
2025,4,SOLDADO  NOÉLIO,Vale Combustível,PRIME LTDA,05.340.639/0001-30,5000.0,22138.13
2025,4,SOLDADO  NOÉLIO,Vale Alimentação,PLUXEE BENEFÍCIOS BRASIL,69.034.668/0001-56,5400.0,16738.13
2025,4,SOLDADO  NOÉLIO,Vale Restaurante,PLUXEE BENEFÍCIOS BRASIL,69.034.668/0001-56,0.0,16738.13
2025,4,SOLDADO  NOÉLIO,Passcard´s Eletrônicos,SINDIÔNIBUS,07.341.423/0001-14,0.0,16738.13
2025,4,SOLDADO  NOÉLIO,Despesas com Serviço Gráfico,GRÁFICA SOLUÇÃO,19.386.760/0001-07,3400.19,13337.94
2025,4,SOLDADO  NOÉLIO,Despesas com Consultória Jurídica,MATHEUS FERREIRA-SOC.IND. DE ADV,56.638.251/0001-50,6735.75,6602.19
2025,4,SOLDADO  NOÉLIO,Despesas com Comunicação e Divulg. Mandato,PRM-COM.GESTÃO EMP. LTDA,37.842.306/0001-03,6500.0,102.190000000001
2025,4,TIA FRANCISCA ( SUPLENTE ),Vale Combustível,PRIME LTDA,05.340.639/0001-30,6500.0,20638.13
2025,4,TIA FRANCISCA ( SUPLENTE ),Vale Alimentação,PLUXEE BENEFÍCIOS BRASIL,69.034.668/0001-56,5400.0,15238.13
2025,4,TIA FRANCISCA ( SUPLENTE ),Vale Restaurante,PLUXEE BENEFÍCIOS BRASIL,69.034.668/0001-56,2713.0,12525.13
2025,4,TIA FRANCISCA ( SUPLENTE ),Passcard´s Eletrônicos,SINDIÔNIBUS,07.341.423/0001-14,247.5,12277.63
2025,4,TIA FRANCISCA ( SUPLENTE ),Despesas com Consultória Jurídica,ANTº.ALBUQ. SOC.IND.ADV,47.730.644/0001-07,6415.0,5862.63
2025,4,TIA FRANCISCA ( SUPLENTE ),Despesas com Locação de Veículo,CASABLANCA RENT A CAR,03.977.401/0001-94,5800.0,62.630000000001
2025,4,TONY BRITO,Vale Combustível,PRIME LTDA,05.340.639/0001-30,7100.0,20038.13
2025,4,TONY BRITO,Vale Alimentação,PLUXEE BENEFÍCIOS BRASIL,69.034.668/0001-56,5000.0,15038.13
2025,4,TONY BRITO,Vale Restaurante,PLUXEE BENEFÍCIOS BRASIL,69.034.668/0001-56,2500.0,12538.13
2025,4,TONY BRITO,Passcard´s Eletrônicos,SINDIÔNIBUS,07.341.423/0001-14,0.0,12538.13
2025,4,TONY BRITO,Despesas com Comunicação e Divulg. Mandato,PRM COM.GESTÃO EMPRES.LTDA,37.842.306/0001-03,4550.0,7988.13
2025,4,TONY BRITO,Despesas com Locação de Veículo,CASABLANCA RENT A CAR,03.977.401/0001-94,7000.0,988.129999999999
2025,4,WELLINGTON SÁBOIA,Vale Combustível,PRIME LTDA,05.340.639/0001-30,7870.06,19268.07
2025,4,WELLINGTON SÁBOIA,Vale Alimentação,PLUXEE BENEFÍCIOS BRASIL,69.034.668/0001-56,5427.59,13840.48
2025,4,WELLINGTON SÁBOIA,Vale Restaurante,PLUXEE BENEFÍCIOS BRASIL,69.034.668/0001-56,2676.35,11164.13
2025,4,WELLINGTON SÁBOIA,Passcard´s Eletrônicos,SINDIÔNIBUS,07.341.423/0001-14,216.0,10948.13
2025,4,WELLINGTON SÁBOIA,Despesas com  Telefonia Móvel,CLARO S.A,40.432.544/0001/47,87.39,10860.74
2025,4,WELLINGTON SÁBOIA,Despesas com Locação de Veículo,CASABLANCA RENT A CAR,03.977.401/0001-94,10850.0,10.7399999999998
2025,5,ADAIL JUNIOR,Vale Combustível,PRIME LTDA,05.340.639/0001-30,7870.0,19514.01
2025,5,ADAIL JUNIOR,Vale Alimentação,PLUXEE BENEFÍCIOS BRASIL,69.034.668/0001-56,5427.0,14087.01
2025,5,ADAIL JUNIOR,Vale Restaurante,PLUXEE BENEFÍCIOS BRASIL,69.034.668/0001-56,2713.0,11374.01
2025,5,ADAIL JUNIOR,Passcard´s Eletrônicos,SINDIÔNIBUS,07.341.423/0001-14,0.0,11374.01
2025,5,ADAIL JUNIOR,Despesas com Locação de Veículo,CASABLANCA RENT A CAR,03.977.401/0001-94,4137.0,7237.01
2025,5,ADAIL JUNIOR,Despesas com Consultória Jurídica,THIAGO MONTEZUMA-ADV ASSOCIADOS,59.861.314/0001-21,6589.5,647.51
2025,5,ADRIANA ALMEIDA,Vale Combustível,PRIME LTDA,05.340.639/0001-30,3600.0,23543.64
2025,5,ADRIANA ALMEIDA,Vale Alimentação,PLUXEE BENEFÍCIOS BRASIL,69.034.668/0001-56,4000.0,19543.64
2025,5,ADRIANA ALMEIDA,Vale Restaurante,PLUXEE BENEFÍCIOS BRASIL,69.034.668/0001-56,1500.0,18043.64
2025,5,ADRIANA ALMEIDA,Passcard´s Eletrônicos,SINDIÔNIBUS,07.341.423/0001-14,909.0,17134.64
2025,5,ADRIANA ALMEIDA,Despesas com Consultoria Jurídica,BRUNO DE S.OLIVEIRA ADV,47.771.413/0001-33,4490.5,12644.14
2025,5,ADRIANA ALMEIDA,Despesas com Serviço Gráfico,GRÁFICA PRINTCOLOR,02.824.298/0001-80,6526.81,6117.33
2025,5,ADRIANA ALMEIDA,Despesas com Locação de Veículo,CASABLANCA RENT A CAR,03.977.401/0001-94,5145.0,972.329999999999
2025,5,ADRIANA ALMEIDA,Despesas com Locação de Veículo,CASABLANCA RENT A CAR,03.977.401/0001-94,968.38,3.94999999999902
2025,5,ADRIANA GERÔNIMO,Vale Combustível,PRIME LTDA,05.340.639/0001-30,6240.0,21478.53
2025,5,ADRIANA GERÔNIMO,Vale Alimentação,PLUXEE BENEFÍCIOS BRASIL,69.034.668/0001-56,5427.63,16050.9
2025,5,ADRIANA GERÔNIMO,Vale Restaurante,PLUXEE BENEFÍCIOS BRASIL,69.034.668/0001-56,2713.81,13337.09
2025,5,ADRIANA GERÔNIMO,Passcard´s Eletrônicos,SINDIÔNIBUS,07.341.423/0001-14,1701.0,11636.09
2025,5,ADRIANA GERÔNIMO,Despesas com Telefonia Móvel,TELEFÔNICA BRASIL S.A,02.558.157/0001/62,1193.95,10442.14
2025,5,ADRIANA GERÔNIMO,Despesas com  Telefonia Móvel,TIM S.A,02.421421/0001-11,64.58,10377.56
2025,5,ADRIANA GERÔNIMO,Despesas com Consultória Jurídica,BRUNO SOUSA – ADV,47.771.413/0001-33,4490.5,5887.06
2025,5,ADRIANA GERÔNIMO,Despesas com Locação de Veículo,CASABLANCA RENT A CAR,03.977.401/0001-94,3619.14,2267.92
2025,5,ADRIANA GERÔNIMO,Despesas com Locação de Ônibus,CASABLANCA RENT A CAR,03.977.401/0001-94,1760.0,507.92
2025,5,AGLAYLSON FIGUEIREDO,Vale Combustível,PRIME LTDA,05.340.639/0001-30,7600.0,22526.26
2025,5,AGLAYLSON FIGUEIREDO,Vale Alimentação,PLUXEE BENEFÍCIOS BRASIL,69.034.668/0001-56,4500.0,18026.26
2025,5,AGLAYLSON FIGUEIREDO,Vale Restaurante,PLUXEE BENEFÍCIOS BRASIL,69.034.668/0001-56,2700.0,15326.26
2025,5,AGLAYLSON FIGUEIREDO,Passcard´s Eletrônicos,SINDIÔNIBUS,07.341.423/0001-14,0.0,15326.26
2025,5,AGLAYLSON FIGUEIREDO,Despesas com Locação de Veículo,CASABLANCA RENT A CAR,03.977.401/0001-94,10850.0,4476.26
2025,5,AGLAYLSON FIGUEIREDO,Despesas com Serviço Gráfico,GRÁFICA PRINTCOLOR,02.824.298/0001-80,4460.96,15.3000000000002
2025,5,ANA ARACAPÉ,Vale Combustível,PRIME LTDA,05.340.639/0001-30,5170.06,22083.66
2025,5,ANA ARACAPÉ,Vale Alimentação,PLUXEE BENEFÍCIOS BRASIL,69.034.668/0001-56,5427.63,16656.03
2025,5,ANA ARACAPÉ,Vale Restaurante,PLUXEE BENEFÍCIOS BRASIL,69.034.668/0001-56,2713.0,13943.03
2025,5,ANA ARACAPÉ,Passcard´s Eletrônicos,SINDIÔNIBUS,07.341.423/0001-14,279.0,13664.03
2025,5,ANA ARACAPÉ,Despesas com Serviço Gráfico,GRÁFICA SOLUÇÃO,19.386.760/0001-07,6662.27,7001.76
2025,5,ANA ARACAPÉ,Despesas com Comunicação e Divulg. Mandato,MARKETING ON SOFTWARE E PUB.LTDA,45.565.661/0001-00,6662.5,339.26
2025,5,BELLA  CARMELO,Vale Combustível,PRIME LTDA,05.340.639/0001-30,3500.0,31254.46
2025,5,BELLA  CARMELO,Vale Alimentação,PLUXEE BENEFÍCIOS BRASIL,69.034.668/0001-56,2300.0,28954.46
2025,5,BELLA  CARMELO,Vale Restaurante,PLUXEE BENEFÍCIOS BRASIL,69.034.668/0001-56,2700.0,26254.46
2025,5,BELLA  CARMELO,Passcard´s Eletrônicos,SINDIÔNIBUS,07.341.423/0001-14,0.0,26254.46
2025,5,BELLA  CARMELO,Despesas com Locação de Veículo,CASABLANCA RENT A CAR,03.977.401/0001-94,10850.0,15404.46
2025,5,BENIGNO  JUNIOR,Vale Combustível,PRIME LTDA,05.340.639/0001-30,7500.0,22041.26
2025,5,BENIGNO  JUNIOR,Vale Alimentação,PLUXEE BENEFÍCIOS BRASIL,69.034.668/0001-56,5400.0,16641.26
2025,5,BENIGNO  JUNIOR,Vale Restaurante,PLUXEE BENEFÍCIOS BRASIL,69.034.668/0001-56,2700.0,13941.26
2025,5,BENIGNO  JUNIOR,Passcard´s Eletrônicos,SINDIÔNIBUS,07.341.423/0001-14,0.0,13941.26
2025,5,BENIGNO  JUNIOR,Despesas com Locação de Veículo,CASABLANCA RENT A CAR,03.977.401/0001-94,6090.0,7851.26
2025,5,BENIGNO  JUNIOR,Despesas com Serviço Gráfico,GRÁFICA PRINTCOLOR,02.824.298/0001-80,4449.03,3402.23
2025,5,BENIGNO  JUNIOR,Despesas com Comunicação e Divulg.Mandato,PROG. DO RUBÃO LTDA,19.586.466/0001-95,2275.0,1127.23
2025,5,BRUNO MESQUITA,Vale Combustível,PRIME LTDA,05.340.639/0001-30,7844.0,19431.26
2025,5,BRUNO MESQUITA,Vale Alimentação,PLUXEE BENEFÍCIOS BRASIL,69.034.668/0001-56,5420.0,14011.26
2025,5,BRUNO MESQUITA,Vale Restaurante,PLUXEE BENEFÍCIOS BRASIL,69.034.668/0001-56,2710.0,11301.26
2025,5,BRUNO MESQUITA,Passcard´s Eletrônicos,SINDIÔNIBUS,07.341.423/0001-14,225.0,11076.26
2025,5,BRUNO MESQUITA,Despesas com Locação de Veículo,CASABLANCA RENT A CAR,03.977.401/0001-94,5670.0,5406.26
2025,5,BRUNO MESQUITA,Despesas com Consultória Jurídica,MAIA E ROCHA ADV ASSOCIADOS,26.828.489/0001,5132.0,274.26
2025,5,CARLA IBIAPINA,Vale Combustível,PRIME LTDA,05.340.639/0001-30,7000.0,20169.55
2025,5,CARLA IBIAPINA,Vale Alimentação,PLUXEE BENEFÍCIOS BRASIL,69.034.668/0001-56,5426.0,14743.55
2025,5,CARLA IBIAPINA,Vale Restaurante,PLUXEE BENEFÍCIOS BRASIL,69.034.668/0001-56,2713.0,12030.55
2025,5,CARLA IBIAPINA,Passcard´s Eletrônicos,SINDIÔNIBUS,07.341.423/0001-14,0.0,12030.55
2025,5,CARLA IBIAPINA,Despesas com Comunicação e Divulgação de Mandato,MARKETING ON SOFTWARE E PUB. LTDA,45.565.661/0001-00,6662.5,5368.05
2025,5,CARLA IBIAPINA,Despesas com Locação de Veículo,CASABLANCA RENT A CAR,03.977.401/0001-94,5000.0,368.049999999999
2025,5,CHIQUINHO DOS CARNEIROS,Vale Combustível,PRIME LTDA,05.340.639/0001-30,7870.0,19388.76
2025,5,CHIQUINHO DOS CARNEIROS,Vale Alimentação,PLUXEE BENEFÍCIOS BRASIL,69.034.668/0001-56,5426.0,13962.76
2025,5,CHIQUINHO DOS CARNEIROS,Vale Restaurante,PLUXEE BENEFÍCIOS BRASIL,69.034.668/0001-56,2712.0,11250.76
2025,5,CHIQUINHO DOS CARNEIROS,Passcard´s Eletrônicos,SINDIÔNIBUS,07.341.423/0001-14,0.0,11250.76
2025,5,CHIQUINHO DOS CARNEIROS,Despesas com Consultória Jurídica,PUPO ADVOCACIA S/S,12.576.687/0001-97,6654.5,4596.26
2025,5,CHIQUINHO DOS CARNEIROS,Despesas com Comunicação e Divulg.Mandato,NAYANE SANTIAGO A.C F. PRODUÇÕES,32.075.292/0001-18,4550.0,46.2600000000002
2025,5,DR. LUCIANO GIRÃO,Vale Combustível,PRIME LTDA,05.340.639/0001-30,7870.0,19271.3
2025,5,DR. LUCIANO GIRÃO,Vale Alimentação,PLUXEE BENEFÍCIOS BRASIL,69.034.668/0001-56,5420.0,13851.3
2025,5,DR. LUCIANO GIRÃO,Vale Restaurante,PLUXEE BENEFÍCIOS BRASIL,69.034.668/0001-56,2713.0,11138.3
2025,5,DR. LUCIANO GIRÃO,Passcard´s Eletrônicos,SINDIÔNIBUS,07.341.423/0001-14,396.0,10742.3
2025,5,DR. LUCIANO GIRÃO,Despesas com Telefonia Móvel,TELEFÔNICA BRASIL S.A,02.558.157/0001/62,0.0,10742.3
2025,5,DR. LUCIANO GIRÃO,Despesas com  Telefonia Móvel,CLARO S.A,40.432.544/0001/47,57.02,10685.28
2025,5,DR. LUCIANO GIRÃO,Despesas com Locação de Veículo,CASABLANCA RENT A CAR,03.977.401/0001-94,3045.0,7640.28
2025,5,DR. LUCIANO GIRÃO,Despesas com Locação de Veículo,CASABLANCA RENT A CAR,03.977.401/0001-94,7455.0,185.279999999999
2025,5,DR. VICENTE,Vale Combustível,PRIME LTDA,05.340.639/0001-30,7800.0,19339.55
2025,5,DR. VICENTE,Vale Alimentação,PLUXEE BENEFÍCIOS BRASIL,69.034.668/0001-56,4800.0,14539.55
2025,5,DR. VICENTE,Vale Restaurante,PLUXEE BENEFÍCIOS BRASIL,69.034.668/0001-56,2700.0,11839.55
2025,5,DR. VICENTE,Passcard´s Eletrônicos,SINDIÔNIBUS,07.341.423/0001-14,360.0,11479.55
2025,5,DR. VICENTE,Despesas com Telefonia Móvel,CLARO S.A,40.432.544/0001-47,792.4,10687.15
2025,5,DR. VICENTE,Despesas com Consultória Jurídica,BRUNO  SOUSA -ADV,47.771.413/0001-33,5132.0,5555.15
2025,5,DR. VICENTE,Despesas com Serviço Gráfico,GRÁFICA PRINTCOLOR,02.824.298/0001-80,5537.05,18.0999999999995
2025,5,ESTRELA BARROS,Vale Combustível,PRIME LTDA,05.340.639/0001-30,4127.0,23019.91
2025,5,ESTRELA BARROS,Vale Alimentação,PLUXEE BENEFÍCIOS BRASIL,69.034.668/0001-56,5427.0,17592.91
2025,5,ESTRELA BARROS,Vale Restaurante,PLUXEE BENEFÍCIOS BRASIL,69.034.668/0001-56,0.0,17592.91
2025,5,ESTRELA BARROS,Passcard´s Eletrônicos,SINDIÔNIBUS,07.341.423/0001-14,0.0,17592.91
2025,5,ESTRELA BARROS,Despesas com Serviço Gráfico,GRÁFICA SOLUÇÃO,19.386.760/0001-07,6775.35,10817.56
2025,5,ESTRELA BARROS,Despesas com Locação de Veículo,CASABLANCA RENT A CAR,03.977.401/0001-94,10800.0,17.5599999999995
2025,5,GABRIEL AGUIAR,Vale Combustível,PRIME LTDA,05.340.639/0001-30,6300.0,23616.26
2025,5,GABRIEL AGUIAR,Vale Alimentação,PLUXEE BENEFÍCIOS BRASIL,69.034.668/0001-56,5100.0,18516.26
2025,5,GABRIEL AGUIAR,Vale Restaurante,PLUXEE BENEFÍCIOS BRASIL,69.034.668/0001-56,2400.0,16116.26
2025,5,GABRIEL AGUIAR,Passcard´s Eletrônicos,SINDIÔNIBUS,07.341.423/0001-14,2250.0,13866.26
2025,5,GABRIEL AGUIAR,Despesas com Passagem aérea,R MORAES AGENCIA DE TURISMO,06.955.770/0001-74,6759.57,7106.69
2025,5,GABRIEL AGUIAR,Despesas com Locação de Veículo,CASABLANCA RENT A CAR,03.977.401/0001-94,5670.0,1436.69
2025,5,GABRIEL AGUIAR,Despesas com Locação de Ônibus,CASABLANCA RENT A CAR,03.977.401/0001-94,880.0,556.690000000001
2025,5,GARDEL  ROLIM,Vale Combustível,PRIME LTDA,05.340.639/0001-30,7500.0,19737.56
2025,5,GARDEL  ROLIM,Vale Alimentação,PLUXEE BENEFÍCIOS BRASIL,69.034.668/0001-56,5400.0,14337.56
2025,5,GARDEL  ROLIM,Vale Restaurante,PLUXEE BENEFÍCIOS BRASIL,69.034.668/0001-56,2700.0,11637.56
2025,5,GARDEL  ROLIM,Passcard´s Eletrônicos,SINDIÔNIBUS,07.341.423/0001-14,225.0,11412.56
2025,5,GARDEL  ROLIM,Despesas com Telefonia Móvel,TELEFÔNICA BRASIL S.A,02.558.157/0001/62,113.93,11298.63
2025,5,GARDEL  ROLIM,Despesas com Serviço Gráfico,GRÁFICA PRINTCOLOR,02.824.298/0001-80,4777.11,6521.52
2025,5,GARDEL  ROLIM,Despesas com Locação de Veículo,CASABLANCA RENT A CAR,03.977.401/0001-94,6510.0,11.5199999999995
2025,5,GERMANO  HEMANN,Vale Combustível,PRIME LTDA,05.340.639/0001-30,7870.0,19383.0
2025,5,GERMANO  HEMANN,Vale Alimentação,PLUXEE BENEFÍCIOS BRASIL,69.034.668/0001-56,5427.0,13956.0
2025,5,GERMANO  HEMANN,Vale Restaurante,PLUXEE BENEFÍCIOS BRASIL,69.034.668/0001-56,2713.81,11242.19
2025,5,GERMANO  HEMANN,Passcard´s Eletrônicos,SINDIÔNIBUS,07.341.423/0001-14,0.0,11242.19
2025,5,GERMANO  HEMANN,Despesas com  Telefonia Móvel,CLARO S.A,40.432.544/0001/47,93.1,11149.09
2025,5,GERMANO  HEMANN,Despesas com  Telefonia Móvel,TIM S.A,02.421421/0001-11,62.9,11086.19
2025,5,GERMANO  HEMANN,Despesas com Locação de Veículo,CASABLANCA RENT A CAR,03.977.401/0001-94,10850.0,236.190000000001
2025,5,INSPETOR ALBERTO,Vale Combustível,PRIME LTDA,05.340.639/0001-30,7870.0,19280.01
2025,5,INSPETOR ALBERTO,Vale Alimentação,PLUXEE BENEFÍCIOS BRASIL,69.034.668/0001-56,5427.0,13853.01
2025,5,INSPETOR ALBERTO,Vale Restaurante,PLUXEE BENEFÍCIOS BRASIL,69.034.668/0001-56,2713.0,11140.01
2025,5,INSPETOR ALBERTO,Passcard´s Eletrônicos,SINDIÔNIBUS,07.341.423/0001-14,0.0,11140.01
2025,5,INSPETOR ALBERTO,Despesas com Consultória Jurídica,MATHEUS FERREIRA-SOC.IND. DE ADVOCACIA,56.638.251/0001-50,4616.25,6523.76
2025,5,INSPETOR ALBERTO,Despesas com Comunicação e Divulg. Mandato,PRM-COMUN.GESTÃO EMP. LTDA,37.842.306/0001-03,6500.0,23.7600000000002
2025,5,IRMÃO  LÉO,Vale Combustível,PRIME LTDA,05.340.639/0001-30,6214.0,20951.51
2025,5,IRMÃO  LÉO,Vale Alimentação,PLUXEE BENEFÍCIOS BRASIL,69.034.668/0001-56,5427.0,15524.51
2025,5,IRMÃO  LÉO,Vale Restaurante,PLUXEE BENEFÍCIOS BRASIL,69.034.668/0001-56,2713.0,12811.51
2025,5,IRMÃO  LÉO,Passcard´s Eletrônicos,SINDIÔNIBUS,07.341.423/0001-14,0.0,12811.51
2025,5,IRMÃO  LÉO,Despesas com Consultória Jurídica,DAMASCENO E ROCHA ADV ASSOCIADOS,17.886.840/0001-04,6094.25,6717.26
2025,5,IRMÃO  LÉO,Despesas com Comunicação e Divulg. Mandato,MARKETING ON SOFTWARE E PUBLICIDADE LTDA,45.565.661/0001-00,6662.5,54.7600000000002
2025,5,JÂNIO HENRIQUE,Vale Combustível,PRIME LTDA,05.340.639/0001-30,7850.0,19292.78
2025,5,JÂNIO HENRIQUE,Vale Alimentação,PLUXEE BENEFÍCIOS BRASIL,69.034.668/0001-56,5400.0,13892.78
2025,5,JÂNIO HENRIQUE,Vale Restaurante,PLUXEE BENEFÍCIOS BRASIL,69.034.668/0001-56,2700.0,11192.78
2025,5,JÂNIO HENRIQUE,Passcard´s Eletrônicos,SINDIÔNIBUS,07.341.423/0001-14,0.0,11192.78
2025,5,JÂNIO HENRIQUE,Despesas com Serviço Gráfico,GRÁFICA PRINTCOLOR,02.824.298/0001-80,4521.04,6671.74
2025,5,JÂNIO HENRIQUE,Despesas com Comunicação e Divulg. Mandato,MARKETING ON SOFTWARE E PUB.LTDA,45.565.661/0001-00,6662.5,9.24000000000069
2025,5,JORGE PINHEIRO,Vale Combustível,PRIME LTDA,05.340.639/0001-30,5100.0,30995.69
2025,5,JORGE PINHEIRO,Vale Alimentação,PLUXEE BENEFÍCIOS BRASIL,69.034.668/0001-56,5427.0,25568.69
2025,5,JORGE PINHEIRO,Vale Restaurante,PLUXEE BENEFÍCIOS BRASIL,69.034.668/0001-56,2713.0,22855.69
2025,5,JORGE PINHEIRO,Passcard´s Eletrônicos,SINDIÔNIBUS,07.341.423/0001-14,0.0,22855.69
2025,5,JORGE PINHEIRO,Despesas com Telefonia Móvel,TELEFÔNICA BRASIL S.A,02.558.157/0001/62,151.91,22703.78
2025,5,JULIERME  SENA,Vale Combustível,PRIME LTDA,05.340.639/0001-30,7100.0,20865.19
2025,5,JULIERME  SENA,Vale Alimentação,PLUXEE BENEFÍCIOS BRASIL,69.034.668/0001-56,5427.63,15437.56
2025,5,JULIERME  SENA,Vale Restaurante,PLUXEE BENEFÍCIOS BRASIL,69.034.668/0001-56,2700.0,12737.56
2025,5,JULIERME  SENA,Passcard´s Eletrônicos,SINDIÔNIBUS,07.341.423/0001-14,1350.0,11387.56
2025,5,JULIERME  SENA,Despesas com Serviço Gráfico,MOTOGRÁFICA,10.670.251/0001-37,4683.44,6704.12
2025,5,JULIERME  SENA,Despesas com Locação de Veículo,CASABLANCA RENT A CAR,03.977.401/0001-94,5050.0,1654.12
2025,5,LÉO COUTO,Vale Combustível,PRIME LTDA,05.340.639/0001-30,5100.0,22092.76
2025,5,LÉO COUTO,Vale Alimentação,PLUXEE BENEFÍCIOS BRASIL,69.034.668/0001-56,3000.0,19092.76
2025,5,LÉO COUTO,Vale Restaurante,PLUXEE BENEFÍCIOS BRASIL,69.034.668/0001-56,2360.0,16732.76
2025,5,LÉO COUTO,Passcard´s Eletrônicos,SINDIÔNIBUS,07.341.423/0001-14,0.0,16732.76
2025,5,LÉO COUTO,Despesas com Locação de Veículo,CASABLANCA RENT A CAR,03.977.401/0001-94,10850.0,5882.76
2025,5,LÉO COUTO,Despesas com Consultória Jurídica,BARBOSA E MORAES SOC-ADV,38.028.070/0001-20,5773.5,109.259999999998
2025,5,LUIZ PAUPINA,Vale Combustível,PRIME LTDA,05.340.639/0001-30,7870.06,19333.16
2025,5,LUIZ PAUPINA,Vale Alimentação,PLUXEE BENEFÍCIOS BRASIL,69.034.668/0001-56,5427.63,13905.53
2025,5,LUIZ PAUPINA,Vale Restaurante,PLUXEE BENEFÍCIOS BRASIL,69.034.668/0001-56,0.0,13905.53
2025,5,LUIZ PAUPINA,Passcard´s Eletrônicos,SINDIÔNIBUS,07.341.423/0001-14,0.0,13905.53
2025,5,LUIZ PAUPINA,Despesas com Serviço Gráfico,GRÁFICA SOLUÇÃO,19.386.760/0001-07,6775.35,7130.18
2025,5,LUIZ PAUPINA,Despesas com Locação de Veículo,CASABLANCA RENT A CAR,03.977.401/0001-94,3400.0,3730.18
2025,5,LUIZ PAUPINA,Despesas com Locação de Veículo,CASABLANCA RENT A CAR,03.977.401/0001-94,3600.0,130.18
2025,5,LUIZ SERGIO,Vale Combustível,PRIME LTDA,05.340.639/0001-30,2000.0,25150.5
2025,5,LUIZ SERGIO,Vale Alimentação,PLUXEE BENEFÍCIOS BRASIL,69.034.668/0001-56,5358.0,19792.5
2025,5,LUIZ SERGIO,Vale Restaurante,PLUXEE BENEFÍCIOS BRASIL,69.034.668/0001-56,2712.0,17080.5
2025,5,LUIZ SERGIO,Passcard´s Eletrônicos,SINDIÔNIBUS,07.341.423/0001-14,0.0,17080.5
2025,5,LUIZ SERGIO,Despesas com Serviço Gráfico,GRÁFICA SOLUÇÃO,19.386.760/0001-07,6756.51,10323.99
2025,5,LUIZ SERGIO,Despesas com Consultória Jurídica,MATHEUS FERREIRA-SOC.IND.ADV,56.638.251/0001-50,6735.75,3588.24
2025,5,LUIZ SERGIO,Despesas com Comunicação e Divulg. Mandato,PRM-COM.GESTÃO EMP.LTDA,37.842.306/0001-03,3575.0,13.2399999999998
2025,5,MARCEL  COLARES,Vale Combustível,PRIME LTDA,05.340.639/0001-30,6250.0,21293.03
2025,5,MARCEL  COLARES,Vale Alimentação,PLUXEE BENEFÍCIOS BRASIL,69.034.668/0001-56,5400.0,15893.03
2025,5,MARCEL  COLARES,Vale Restaurante,PLUXEE BENEFÍCIOS BRASIL,69.034.668/0001-56,1600.0,14293.03
2025,5,MARCEL  COLARES,Passcard´s Eletrônicos,SINDIÔNIBUS,07.341.423/0001-14,0.0,14293.03
2025,5,MARCEL  COLARES,Despesas com Serviço Gráfico,GRÁFICA  ESTRELA,07.097.989/0001-42,6483.23,7809.8
2025,5,MARCEL  COLARES,Despesas com Locação de Veículo,CASABLANCA RENT A CAR,03.977.401/0001-94,7000.0,809.800000000001
2025,5,MARCELO  MENDES,Vale Combustível,PRIME LTDA,05.340.639/0001-30,7800.0,23319.51
2025,5,MARCELO  MENDES,Vale Alimentação,PLUXEE BENEFÍCIOS BRASIL,69.034.668/0001-56,5410.0,17909.51
2025,5,MARCELO  MENDES,Vale Restaurante,PLUXEE BENEFÍCIOS BRASIL,69.034.668/0001-56,2713.8,15195.71
2025,5,MARCELO  MENDES,Passcard´s Eletrônicos Metropolitano,SINDIÔNIBUS,07.341.423/0001-14,238.0,14957.71
2025,5,MARCELO  MENDES,Passcard´s Eletrônicos Urbano,SINDIÔNIBUS,07.341.423/0001-14,360.0,14597.71
2025,5,MARCELO  MENDES,Despesas com Consultória Jurídica,MICHELLE SANTOS SOC.IND. ADV,58.985.204/0001-09,6687.0,7910.71
2025,5,MARCELO  MENDES,Despesas com Comunicação e Divulg. Mandato,MARKETING ON SOFTWARE E PUB.LTDA,45.565.661/0001-00,6662.5,1248.21
2025,5,MARCELO TCHELA ( SUPLENTE ),Vale Combustível,PRIME LTDA,05.340.639/0001-30,7792.0,19346.46
2025,5,MARCELO TCHELA ( SUPLENTE ),Vale Alimentação,PLUXEE BENEFÍCIOS BRASIL,69.034.668/0001-56,5420.0,13926.46
2025,5,MARCELO TCHELA ( SUPLENTE ),Vale Restaurante,PLUXEE BENEFÍCIOS BRASIL,69.034.668/0001-56,2710.0,11216.46
2025,5,MARCELO TCHELA ( SUPLENTE ),Passcard´s Eletrônicos,SINDIÔNIBUS,07.341.423/0001-14,540.0,10676.46
2025,5,MARCELO TCHELA ( SUPLENTE ),Despesas com Serviço Gráfico,GRÁFICA PRINTCOLOR,02.824.298/0001-80,5631.84,5044.62
2025,5,MARCELO TCHELA ( SUPLENTE ),Despesas com Locação de Veículo,CASABLANCA RENT A CAR,03.977.401/0001-94,5040.0,4.61999999999898
2025,5,MARCOS PAULO,Vale Combustível,PRIME LTDA,05.340.639/0001-30,7500.0,19638.28
2025,5,MARCOS PAULO,Vale Alimentação,PLUXEE BENEFÍCIOS BRASIL,69.034.668/0001-56,4427.63,15210.65
2025,5,MARCOS PAULO,Vale Restaurante,PLUXEE BENEFÍCIOS BRASIL,69.034.668/0001-56,2000.0,13210.65
2025,5,MARCOS PAULO,Passcard´s Eletrônicos,SINDIÔNIBUS,07.341.423/0001-14,0.0,13210.65
2025,5,MARCOS PAULO,Despesas com Serviço Gráfico,GRÁFICA SOLUÇÃO,19.386.760/0001-07,6775.35,6435.3
2025,5,MARCOS PAULO,Despesas com Locação de Veículo,CASABLANCA RENT A CAR,03.977.401/0001-94,6435.0,0.299999999999272
2025,5,MARI  LACERDA,Vale Combustível,PRIME LTDA,05.340.639/0001-30,4264.0,26396.43
2025,5,MARI  LACERDA,Vale Alimentação,PLUXEE BENEFÍCIOS BRASIL,69.034.668/0001-56,5000.0,21396.43
2025,5,MARI  LACERDA,Vale Restaurante,PLUXEE BENEFÍCIOS BRASIL,69.034.668/0001-56,2500.0,18896.43
2025,5,MARI  LACERDA,Passcard´s Eletrônicos,SINDIÔNIBUS,07.341.423/0001-14,0.0,18896.43
2025,5,MARI  LACERDA,Despesas com Locação de Veículo,CASABLANCA RENT A CAR,03.977.401/0001-94,5145.0,13751.43
2025,5,MICHEL  LINS,Vale Combustível,PRIME LTDA,05.340.639/0001-30,0.0,27148.83
2025,5,MICHEL  LINS,Vale Alimentação,PLUXEE BENEFÍCIOS BRASIL,69.034.668/0001-56,4720.0,22428.83
2025,5,MICHEL  LINS,Vale Restaurante,PLUXEE BENEFÍCIOS BRASIL,69.034.668/0001-56,2360.0,20068.83
2025,5,MICHEL  LINS,Passcard´s Eletrônicos,SINDIÔNIBUS,07.341.423/0001-14,360.0,19708.83
2025,5,MICHEL  LINS,Despesas com Comunicação e Divulg. Mandato,MARKETING ON SOFTWARE E PUB.LTDA,45.565.661/0001-00,6662.5,13046.33
2025,5,MICHEL  LINS,Despesas com Serviço Gráfico,GRÁFICA  RDS,02.265.186/0001-36,2174.93,10871.4
2025,5,MICHEL  LINS,Despesas com Locação de Veículo,CASABLANCA RENT A CAR,03.977.401/0001-94,10850.0,21.4000000000015
2025,5,PAULO MARTINS,Vale Combustível,PRIME LTDA,05.340.639/0001-30,7850.0,19462.7
2025,5,PAULO MARTINS,Vale Alimentação,PLUXEE BENEFÍCIOS BRASIL,69.034.668/0001-56,5420.0,14042.7
2025,5,PAULO MARTINS,Vale Restaurante,PLUXEE BENEFÍCIOS BRASIL,69.034.668/0001-56,2713.0,11329.7
2025,5,PAULO MARTINS,Passcard´s Eletrônicos,SINDIÔNIBUS,07.341.423/0001-14,1836.0,9493.7
2025,5,PAULO MARTINS,Despesas com Telefonia Móvel,TELEFÔNICA BRASIL S.A,02.558.157/0001/62,151.91,9341.79
2025,5,PAULO MARTINS,Despesas com  Telefonia Móvel,CLARO S.A,40.432.544/0001/47,43.7,9298.09
2025,5,PAULO MARTINS,Despesas com Serviço de Cartas,CORREIOS E TELÉGRAFOS,34.028.316/0010-02,4099.6,5198.49
2025,5,PAULO MARTINS,Despesas com Locação de Veículo,CASABLANCA RENT A CAR,03.977.401/0001-94,5050.0,148.49
2025,5,PEDRO MATOS,Vale Combustível,PRIME LTDA,05.340.639/0001-30,7800.0,19405.11
2025,5,PEDRO MATOS,Vale Alimentação,PLUXEE BENEFÍCIOS BRASIL,69.034.668/0001-56,5400.0,14005.11
2025,5,PEDRO MATOS,Vale Restaurante,PLUXEE BENEFÍCIOS BRASIL,69.034.668/0001-56,2700.0,11305.11
2025,5,PEDRO MATOS,Passcard´s Eletrônicos,SINDIÔNIBUS,07.341.423/0001-14,0.0,11305.11
2025,5,PEDRO MATOS,Despesas com  Telefonia Móvel,TELEFÔNICA BRASIL S.A,02.558.157/0001/62,0.0,11305.11
2025,5,PEDRO MATOS,Despesas com Consultória Jurídica,CARVALHO E SANTOS ADV,34.636.322/0001-43,4490.5,6814.61
2025,5,PEDRO MATOS,Despesas com Comunicação e Divulg. Mandato,R e K PROD. ASSESSORIA LTDA,16.880.815/0001-42,6662.5,152.110000000001
2025,5,PPCELL,Vale Combustível,PRIME LTDA,05.340.639/0001-30,7870.0,19274.3
2025,5,PPCELL,Vale Alimentação,PLUXEE BENEFÍCIOS BRASIL,69.034.668/0001-56,5427.0,13847.3
2025,5,PPCELL,Vale Restaurante,PLUXEE BENEFÍCIOS BRASIL,69.034.668/0001-56,2713.0,11134.3
2025,5,PPCELL,Passcard´s Eletrônicos,SINDIÔNIBUS,07.341.423/0001-14,198.0,10936.3
2025,5,PPCELL,Despesas com Serviço Gráfico,GRÁFICA RDS,02.265.186/0001-36,4413.96,6522.34
2025,5,PPCELL,Despesas com Locação de Veículo,CASABLANCA RENT A CAR,03.977.401/0001-94,6510.0,12.3399999999992
2025,5,PRISCILA  COSTA,Vale Combustível,PRIME LTDA,05.340.639/0001-30,5190.0,22066.26
2025,5,PRISCILA  COSTA,Vale Alimentação,PLUXEE BENEFÍCIOS BRASIL,69.034.668/0001-56,4720.0,17346.26
2025,5,PRISCILA  COSTA,Vale Restaurante,PLUXEE BENEFÍCIOS BRASIL,69.034.668/0001-56,2360.0,14986.26
2025,5,PRISCILA  COSTA,Passcard´s Eletrônicos,SINDIÔNIBUS,07.341.423/0001-14,0.0,14986.26
2025,5,PRISCILA  COSTA,Despesas com Locação de Veículo,CASABLANCA RENT A CAR,03.977.401/0001-94,10850.0,4136.26
2025,5,PRISCILA  COSTA,Despesas com Comunicação e Divulg. Mandato,PRM-COM.GESTÃO EMP.LTDA,37.842.306/0001-03,3900.0,236.26
2025,5,PROF. AGUIAR TOBA,Vale Combustível,PRIME LTDA,05.340.639/0001-30,7870.05,19306.89
2025,5,PROF. AGUIAR TOBA,Vale Alimentação,PLUXEE BENEFÍCIOS BRASIL,69.034.668/0001-56,5427.63,13879.26
2025,5,PROF. AGUIAR TOBA,Vale Restaurante,PLUXEE BENEFÍCIOS BRASIL,69.034.668/0001-56,2713.8,11165.46
2025,5,PROF. AGUIAR TOBA,Passcard´s Eletrônicos,SINDIÔNIBUS,07.341.423/0001-14,0.0,11165.46
2025,5,PROF. AGUIAR TOBA,Despesas com Serviço Gráfico,GRÁFICA SOLUÇÃO,19.386.760/0001-07,4425.85,6739.61
2025,5,PROF. AGUIAR TOBA,Despesas com Comunicação e Divulg. Mandato,MARKETING ON SOFTWARE E PUB. LTDA,45.565.661/0001-00,6662.5,77.1099999999988
2025,5,PROFESSOR ENILSON,Vale Combustível,PRIME LTDA,05.340.639/0001-30,7592.0,19660.91
2025,5,PROFESSOR ENILSON,Vale Alimentação,PLUXEE BENEFÍCIOS BRASIL,69.034.668/0001-56,5420.0,14240.91
2025,5,PROFESSOR ENILSON,Vale Restaurante,PLUXEE BENEFÍCIOS BRASIL,69.034.668/0001-56,2360.0,11880.91
2025,5,PROFESSOR ENILSON,Passcard´s Eletrônicos,SINDIÔNIBUS,07.341.423/0001-14,0.0,11880.91
2025,5,PROFESSOR ENILSON,Despesas com Serviço Gráfico,GRÁFICA SOLUÇÃO,19.386.760/0001-07,6652.85,5228.06
2025,5,PROFESSOR ENILSON,Despesas com Comunicação e Divulg.Mandato,NAYANE SANTIAGO A.C F. PRODUÇÕES,32.075.292/0001-18,4998.5,229.559999999999
2025,5,RAIMUNDO FILHO ( SUPLENTE ),Vale Combustível,PRIME LTDA,05.340.639/0001-30,7044.0,20094.13
2025,5,RAIMUNDO FILHO ( SUPLENTE ),Vale Alimentação,PLUXEE BENEFÍCIOS BRASIL,69.034.668/0001-56,5400.0,14694.13
2025,5,RAIMUNDO FILHO ( SUPLENTE ),Vale Restaurante,PLUXEE BENEFÍCIOS BRASIL,69.034.668/0001-56,2360.0,12334.13
2025,5,RAIMUNDO FILHO ( SUPLENTE ),Passcard´s Eletrônicos,SINDIÔNIBUS,07.341.423/0001-14,0.0,12334.13
2025,5,RAIMUNDO FILHO ( SUPLENTE ),Despesas com Serviço Gráfico,GRÁFICA SOLUÇÃO,19.386.760/0001-07,5653.98,6680.15
2025,5,RAIMUNDO FILHO ( SUPLENTE ),Despesas com Locação de Veículo,CASABLANCA RENT A CAR,03.977.401/0001-94,6680.0,0.149999999999636
2025,5,RENÉ  PESSOA,Vale Combustível,PRIME LTDA,05.340.639/0001-30,7870.06,20027.7
2025,5,RENÉ  PESSOA,Vale Alimentação,PLUXEE BENEFÍCIOS BRASIL,69.034.668/0001-56,5427.63,14600.07
2025,5,RENÉ  PESSOA,Vale Restaurante,PLUXEE BENEFÍCIOS BRASIL,69.034.668/0001-56,2713.81,11886.26
2025,5,RENÉ  PESSOA,Passcard´s Eletrônicos,SINDIÔNIBUS,07.341.423/0001-14,207.0,11679.26
2025,5,RENÉ  PESSOA,Despesas com Locação de Veículo,CASABLANCA RENT A CAR,03.977.401/0001-94,10160.0,1519.26
2025,5,RENÉ  PESSOA,Despesas com Serviço Gráfico,GRÁFICA PRINTCOLOR,02.824.298/0001-80,1495.65,23.6100000000001
2025,5,RONALDO  MARTINS,Vale Combustível,PRIME LTDA,05.340.639/0001-30,7692.0,21920.68
2025,5,RONALDO  MARTINS,Vale Alimentação,PLUXEE BENEFÍCIOS BRASIL,69.034.668/0001-56,5420.0,16500.68
2025,5,RONALDO  MARTINS,Vale Restaurante,PLUXEE BENEFÍCIOS BRASIL,69.034.668/0001-56,2713.0,13787.68
2025,5,RONALDO  MARTINS,Passcard´s Eletrônicos,SINDIÔNIBUS,07.341.423/0001-14,1872.0,11915.68
2025,5,RONALDO  MARTINS,Despesas com Locação de Veículo,R MORAES AGENCIA DE TURISMO,06.955.770/0001-74,460.8,11454.88
2025,5,RONALDO  MARTINS,Despesas com Locação de Veículo,CASABLANCA RENT A CAR,03.977.401/0001-94,6400.0,5054.88
2025,5,RONALDO  MARTINS,Despesas com Consultória Jurídica,MATHEUS FERREIRA-SOC.IND. DE ADVOCACIA,56.638.251/0001-50,5050.75,4.1299999999992
2025,5,SOLDADO  NOÉLIO,Vale Combustível,PRIME LTDA,05.340.639/0001-30,5000.0,22240.32
2025,5,SOLDADO  NOÉLIO,Vale Alimentação,PLUXEE BENEFÍCIOS BRASIL,69.034.668/0001-56,5400.0,16840.32
2025,5,SOLDADO  NOÉLIO,Vale Restaurante,PLUXEE BENEFÍCIOS BRASIL,69.034.668/0001-56,0.0,16840.32
2025,5,SOLDADO  NOÉLIO,Passcard´s Eletrônicos,SINDIÔNIBUS,07.341.423/0001-14,0.0,16840.32
2025,5,SOLDADO  NOÉLIO,Despesas com Serviço Gráfico,GRÁFICA SOLUÇÃO,19.386.760/0001-07,3454.04,13386.28
2025,5,SOLDADO  NOÉLIO,Despesas com Consultória Jurídica,MATHEUS FERREIRA-SOC.IND. DE ADV,56.638.251/0001-50,6735.75,6650.53
2025,5,SOLDADO  NOÉLIO,Despesas com Comunicação e Divulg. Mandato,PRM-COM.GESTÃO EMP. LTDA,37.842.306/0001-03,6500.0,150.529999999999
2025,5,TIA FRANCISCA ( SUPLENTE ),Vale Combustível,PRIME LTDA,05.340.639/0001-30,6500.0,20700.76
2025,5,TIA FRANCISCA ( SUPLENTE ),Vale Alimentação,PLUXEE BENEFÍCIOS BRASIL,69.034.668/0001-56,5400.0,15300.76
2025,5,TIA FRANCISCA ( SUPLENTE ),Vale Restaurante,PLUXEE BENEFÍCIOS BRASIL,69.034.668/0001-56,2713.0,12587.76
2025,5,TIA FRANCISCA ( SUPLENTE ),Passcard´s Eletrônicos,SINDIÔNIBUS,07.341.423/0001-14,247.5,12340.26
2025,5,TIA FRANCISCA ( SUPLENTE ),Despesas com Consultória Jurídica,ANTº.ALBUQ. SOC.IND.ADV,47.730.644/0001-07,6094.25,6246.01
2025,5,TIA FRANCISCA ( SUPLENTE ),Despesas com Locação de Veículo,CASABLANCA RENT A CAR,03.977.401/0001-94,6000.0,246.01
2025,5,TONY BRITO,Vale Combustível,PRIME LTDA,05.340.639/0001-30,7100.0,21026.26
2025,5,TONY BRITO,Vale Alimentação,PLUXEE BENEFÍCIOS BRASIL,69.034.668/0001-56,5000.0,16026.26
2025,5,TONY BRITO,Vale Restaurante,PLUXEE BENEFÍCIOS BRASIL,69.034.668/0001-56,2500.0,13526.26
2025,5,TONY BRITO,Passcard´s Eletrônicos,SINDIÔNIBUS,07.341.423/0001-14,0.0,13526.26
2025,5,TONY BRITO,Despesas com Comunicação e Divulg. Mandato,PRM COM.GESTÃO EMPRES.LTDA,37.842.306/0001-03,5525.0,8001.26
2025,5,TONY BRITO,Despesas com Locação de Veículo,CASABLANCA RENT A CAR,03.977.401/0001-94,7000.0,1001.26
2025,5,WELLINGTON SÁBOIA,Vale Combustível,PRIME LTDA,05.340.639/0001-30,7870.06,19278.81
2025,5,WELLINGTON SÁBOIA,Vale Alimentação,PLUXEE BENEFÍCIOS BRASIL,69.034.668/0001-56,5427.59,13851.22
2025,5,WELLINGTON SÁBOIA,Vale Restaurante,PLUXEE BENEFÍCIOS BRASIL,69.034.668/0001-56,2676.35,11174.87
2025,5,WELLINGTON SÁBOIA,Passcard´s Eletrônicos,SINDIÔNIBUS,07.341.423/0001-14,216.0,10958.87
2025,5,WELLINGTON SÁBOIA,Despesas com  Telefonia Móvel,CLARO S.A,40.432.544/0001/47,87.39,10871.48
2025,5,WELLINGTON SÁBOIA,Despesas com Locação de Veículo,CASABLANCA RENT A CAR,03.977.401/0001-94,10850.0,21.4800000000014
2025,6,ADAIL JUNIOR,Vale Combustível,PRIME LTDA,05.340.639/0001-30,7870.0,19915.64
2025,6,ADAIL JUNIOR,Vale Alimentação,PLUXEE BENEFÍCIOS BRASIL,69.034.668/0001-56,5427.0,14488.64
2025,6,ADAIL JUNIOR,Vale Restaurante,PLUXEE BENEFÍCIOS BRASIL,69.034.668/0001-56,2713.0,11775.64
2025,6,ADAIL JUNIOR,Passcard´s Eletrônicos,SINDIÔNIBUS,07.341.423/0001-14,0.0,11775.64
2025,6,ADAIL JUNIOR,Despesas com Consultória Jurídica,THIAGO MONTEZUMA-ADV ASSOCIADOS,59.861.314/0001-21,6699.0,5076.64
2025,6,ADAIL JUNIOR,Despesas com Serviço Gráfico,GRÁFICA RDS,02.265.186/0001-36,1745.76,3330.88
2025,6,ADAIL JUNIOR,Despesas com Locação de Veículo,CASABLANCA RENT A CAR,03.977.401/0001-94,3309.6,21.2799999999993
2025,6,ADRIANA ALMEIDA,Vale Combustível,PRIME LTDA,05.340.639/0001-30,3600.0,23542.08
2025,6,ADRIANA ALMEIDA,Vale Alimentação,PLUXEE BENEFÍCIOS BRASIL,69.034.668/0001-56,4000.0,19542.08
2025,6,ADRIANA ALMEIDA,Vale Restaurante,PLUXEE BENEFÍCIOS BRASIL,69.034.668/0001-56,1500.0,18042.08
2025,6,ADRIANA ALMEIDA,Passcard´s Eletrônicos,SINDIÔNIBUS,07.341.423/0001-14,909.0,17133.08
2025,6,ADRIANA ALMEIDA,Despesas com Consultoria Jurídica,BRUNO DE S.OLIVEIRA ADV,47.771.413/0001-33,4490.5,12642.58
2025,6,ADRIANA ALMEIDA,Despesas com Serviço Gráfico,GRÁFICA PRINTCOLOR,02.824.298/0001-80,6616.09,6026.49
2025,6,ADRIANA ALMEIDA,Despesas com Locação de Veículo,CASABLANCA RENT A CAR,03.977.401/0001-94,5145.0,881.490000000002
2025,6,ADRIANA ALMEIDA,Despesas com Locação de Ônibus,CASABLANCA RENT A CAR,03.977.401/0001-94,880.0,1.4900000000016
2025,6,ADRIANA GERÔNIMO,Vale Combustível,PRIME LTDA,05.340.639/0001-30,6240.0,21406.05
2025,6,ADRIANA GERÔNIMO,Vale Alimentação,PLUXEE BENEFÍCIOS BRASIL,69.034.668/0001-56,5427.63,15978.42
2025,6,ADRIANA GERÔNIMO,Vale Restaurante,PLUXEE BENEFÍCIOS BRASIL,69.034.668/0001-56,2713.81,13264.61
2025,6,ADRIANA GERÔNIMO,Passcard´s Eletrônicos,SINDIÔNIBUS,07.341.423/0001-14,1890.0,11374.61
2025,6,ADRIANA GERÔNIMO,Despesas com Telefonia Móvel,TELEFÔNICA BRASIL S.A,02.558.157/0001/62,1193.95,10180.66
2025,6,ADRIANA GERÔNIMO,Despesas com  Telefonia Móvel,TIM S.A,02.421421/0001-11,63.2,10117.46
2025,6,ADRIANA GERÔNIMO,Despesas com Consultória Jurídica,BRUNO SOUSA – ADV,47.771.413/0001-33,4490.5,5626.96
2025,6,ADRIANA GERÔNIMO,Despesas com Locação de Veículo,CASABLANCA RENT A CAR,03.977.401/0001-94,3619.14,2007.82
2025,6,ADRIANA GERÔNIMO,Despesas com Locação de Ônibus,CASABLANCA RENT A CAR,03.977.401/0001-94,1760.0,247.819999999999
2025,6,AGLAYLSON FIGUEIREDO,Vale Combustível,PRIME LTDA,05.340.639/0001-30,7600.0,19553.43
2025,6,AGLAYLSON FIGUEIREDO,Vale Alimentação,PLUXEE BENEFÍCIOS BRASIL,69.034.668/0001-56,4500.0,15053.43
2025,6,AGLAYLSON FIGUEIREDO,Vale Restaurante,PLUXEE BENEFÍCIOS BRASIL,69.034.668/0001-56,2700.0,12353.43
2025,6,AGLAYLSON FIGUEIREDO,Passcard´s Eletrônicos,SINDIÔNIBUS,07.341.423/0001-14,0.0,12353.43
2025,6,AGLAYLSON FIGUEIREDO,Despesas com Serviço Gráfico,GRÁFICA PRINTCOLOR,02.824.298/0001-80,1490.96,10862.47
2025,6,AGLAYLSON FIGUEIREDO,Despesas com Locação de Veículo,CASABLANCA RENT A CAR,03.977.401/0001-94,10850.0,12.4700000000012
2025,6,ANA ARACAPÉ,Vale Combustível,PRIME LTDA,05.340.639/0001-30,5170.06,22307.33
2025,6,ANA ARACAPÉ,Vale Alimentação,PLUXEE BENEFÍCIOS BRASIL,69.034.668/0001-56,5427.63,16879.7
2025,6,ANA ARACAPÉ,Vale Restaurante,PLUXEE BENEFÍCIOS BRASIL,69.034.668/0001-56,2713.0,14166.7
2025,6,ANA ARACAPÉ,Passcard´s Eletrônicos,SINDIÔNIBUS,07.341.423/0001-14,279.0,13887.7
2025,6,ANA ARACAPÉ,Despesas com Serviço Gráfico,GRÁFICA SOLUÇÃO,19.386.760/0001-07,6662.27,7225.43
2025,6,ANA ARACAPÉ,Despesas com Comunicação e Divulg. Mandato,MARKETING ON SOFTWARE E PUB.LTDA,45.565.661/0001-00,6662.5,562.93
2025,6,BELLA  CARMELO,Vale Combustível,PRIME LTDA,05.340.639/0001-30,3500.0,39042.59
2025,6,BELLA  CARMELO,Vale Alimentação,PLUXEE BENEFÍCIOS BRASIL,69.034.668/0001-56,2300.0,36742.59
2025,6,BELLA  CARMELO,Vale Restaurante,PLUXEE BENEFÍCIOS BRASIL,69.034.668/0001-56,2700.0,34042.59
2025,6,BELLA  CARMELO,Passcard´s Eletrônicos,SINDIÔNIBUS,07.341.423/0001-14,0.0,34042.59
2025,6,BELLA  CARMELO,Despesas com Telefonia Móvel,CLARO S.A,40.432.544/0001-47,5.79,34036.8
2025,6,BELLA  CARMELO,Despesas com Passagem aérea,R MORAES AGENCIA DE TURISMO,06.955.770/0001-74,5644.4,28392.4
2025,6,BELLA  CARMELO,Despesas com Hospedagem,R MORAES AGENCIA DE TURISMO,06.955.770/0001-74,1903.81,26488.59
2025,6,BELLA  CARMELO,Despesas com Locação de Veículo,CASABLANCA RENT A CAR,03.977.401/0001-94,10850.0,15638.59
2025,6,BELLA  CARMELO,Despesas com Comunicação e Divulg. Mandato,PRM-COMUN.GESTÃO EMP. LTDA,37.842.306/0001-03,6500.0,9138.58999999999
2025,6,BENIGNO  JUNIOR,Vale Combustível,PRIME LTDA,05.340.639/0001-30,7500.0,20765.36
2025,6,BENIGNO  JUNIOR,Vale Alimentação,PLUXEE BENEFÍCIOS BRASIL,69.034.668/0001-56,5400.0,15365.36
2025,6,BENIGNO  JUNIOR,Vale Restaurante,PLUXEE BENEFÍCIOS BRASIL,69.034.668/0001-56,2700.0,12665.36
2025,6,BENIGNO  JUNIOR,Passcard´s Eletrônicos,SINDIÔNIBUS,07.341.423/0001-14,0.0,12665.36
2025,6,BENIGNO  JUNIOR,Despesas com Serviço Gráfico,COPYJET DIGITAL,32.656.125/0001-60,6070.61,6594.75
2025,6,BENIGNO  JUNIOR,Despesas com Locação de Veículo,CASABLANCA RENT A CAR,03.977.401/0001-94,6090.0,504.750000000001
2025,6,BRUNO MESQUITA,Vale Combustível,PRIME LTDA,05.340.639/0001-30,7844.0,19568.39
2025,6,BRUNO MESQUITA,Vale Alimentação,PLUXEE BENEFÍCIOS BRASIL,69.034.668/0001-56,5420.0,14148.39
2025,6,BRUNO MESQUITA,Vale Restaurante,PLUXEE BENEFÍCIOS BRASIL,69.034.668/0001-56,2710.0,11438.39
2025,6,BRUNO MESQUITA,Passcard´s Eletrônicos,SINDIÔNIBUS,07.341.423/0001-14,225.0,11213.39
2025,6,BRUNO MESQUITA,Despesas com Serviço Gráfico,GRÁFICA RDS,02.265.186/0001-36,5027.82,6185.57
2025,6,BRUNO MESQUITA,Despesas com Locação de Veículo,CASABLANCA RENT A CAR,03.977.401/0001-94,5670.0,515.57
2025,6,CARLA IBIAPINA,Vale Combustível,PRIME LTDA,05.340.639/0001-30,7000.0,20506.18
2025,6,CARLA IBIAPINA,Vale Alimentação,PLUXEE BENEFÍCIOS BRASIL,69.034.668/0001-56,5426.0,15080.18
2025,6,CARLA IBIAPINA,Vale Restaurante,PLUXEE BENEFÍCIOS BRASIL,69.034.668/0001-56,2713.0,12367.18
2025,6,CARLA IBIAPINA,Passcard´s Eletrônicos,SINDIÔNIBUS,07.341.423/0001-14,0.0,12367.18
2025,6,CARLA IBIAPINA,Despesas com Comunicação e Divulgação de Mandato,MARKETING ON SOFTWARE E PUB. LTDA,45.565.661/0001-00,6662.5,5704.68
2025,6,CARLA IBIAPINA,Despesas com Serviço Gráfico,GRÁFICA SOLUÇÃO,19.386.760/0001-07,5691.67,13.0100000000002
2025,6,CHIQUINHO DOS CARNEIROS,Vale Combustível,PRIME LTDA,05.340.639/0001-30,7870.0,19314.39
2025,6,CHIQUINHO DOS CARNEIROS,Vale Alimentação,PLUXEE BENEFÍCIOS BRASIL,69.034.668/0001-56,5426.0,13888.39
2025,6,CHIQUINHO DOS CARNEIROS,Vale Restaurante,PLUXEE BENEFÍCIOS BRASIL,69.034.668/0001-56,2712.0,11176.39
2025,6,CHIQUINHO DOS CARNEIROS,Passcard´s Eletrônicos,SINDIÔNIBUS,07.341.423/0001-14,0.0,11176.39
2025,6,CHIQUINHO DOS CARNEIROS,Despesas com Consultória Jurídica,PUPO ADVOCACIA S/S,12.576.687/0001-97,6654.5,4521.89
2025,6,CHIQUINHO DOS CARNEIROS,Despesas com Comunicação e Divulg.Mandato,NAYANE SANTIAGO A.C F. PRODUÇÕES,32.075.292/0001-18,3695.25,826.639999999999
2025,6,CHIQUINHO DOS CARNEIROS,Despesas co Serviço Gráfico,GRÁFICA ESTRELA,07.097.989/0001-42,823.88,2.75999999999942
2025,6,DR. LUCIANO GIRÃO,Vale Combustível,PRIME LTDA,05.340.639/0001-30,7870.0,19453.41
2025,6,DR. LUCIANO GIRÃO,Vale Alimentação,PLUXEE BENEFÍCIOS BRASIL,69.034.668/0001-56,5420.0,14033.41
2025,6,DR. LUCIANO GIRÃO,Vale Restaurante,PLUXEE BENEFÍCIOS BRASIL,69.034.668/0001-56,2713.0,11320.41
2025,6,DR. LUCIANO GIRÃO,Passcard´s Eletrônicos,SINDIÔNIBUS,07.341.423/0001-14,396.0,10924.41
2025,6,DR. LUCIANO GIRÃO,Despesas com Telefonia Móvel,TELEFÔNICA BRASIL S.A,02.558.157/0001/62,0.0,10924.41
2025,6,DR. LUCIANO GIRÃO,Despesas com  Telefonia Móvel,CLARO S.A,40.432.544/0001/47,57.02,10867.39
2025,6,DR. LUCIANO GIRÃO,Despesas com Locação de Veículo,CASABLANCA RENT A CAR,03.977.401/0001-94,3045.0,7822.39
2025,6,DR. LUCIANO GIRÃO,Despesas com Locação de Veículo,CASABLANCA RENT A CAR,03.977.401/0001-94,7455.0,367.389999999999
2025,6,DR. VICENTE,Vale Combustível,PRIME LTDA,05.340.639/0001-30,7800.0,19356.23
2025,6,DR. VICENTE,Vale Alimentação,PLUXEE BENEFÍCIOS BRASIL,69.034.668/0001-56,4800.0,14556.23
2025,6,DR. VICENTE,Vale Restaurante,PLUXEE BENEFÍCIOS BRASIL,69.034.668/0001-56,2700.0,11856.23
2025,6,DR. VICENTE,Passcard´s Eletrônicos,SINDIÔNIBUS,07.341.423/0001-14,360.0,11496.23
2025,6,DR. VICENTE,Despesas com Telefonia Móvel,CLARO S.A,40.432.544/0001-47,792.4,10703.83
2025,6,DR. VICENTE,Despesas com Consultória Jurídica,BRUNO  SOUSA -ADV,47.771.413/0001-33,5132.0,5571.83
2025,6,DR. VICENTE,Despesas com Serviço Gráfico,GRÁFICA PRINTCOLOR,02.824.298/0001-80,5566.98,4.85000000000036
2025,6,ESTRELA BARROS,Vale Combustível,PRIME LTDA,05.340.639/0001-30,4127.0,23028.69
2025,6,ESTRELA BARROS,Vale Alimentação,PLUXEE BENEFÍCIOS BRASIL,69.034.668/0001-56,5427.0,17601.69
2025,6,ESTRELA BARROS,Vale Restaurante,PLUXEE BENEFÍCIOS BRASIL,69.034.668/0001-56,0.0,17601.69
2025,6,ESTRELA BARROS,Passcard´s Eletrônicos,SINDIÔNIBUS,07.341.423/0001-14,0.0,17601.69
2025,6,ESTRELA BARROS,Despesas com Serviço Gráfico,GRÁFICA SOLUÇÃO,19.386.760/0001-07,6775.35,10826.34
2025,6,ESTRELA BARROS,Despesas com Locação de Veículo,CASABLANCA RENT A CAR,03.977.401/0001-94,10800.0,26.3399999999983
2025,6,GABRIEL AGUIAR,Vale Combustível,PRIME LTDA,05.340.639/0001-30,6300.0,21394.82
2025,6,GABRIEL AGUIAR,Vale Alimentação,PLUXEE BENEFÍCIOS BRASIL,69.034.668/0001-56,5100.0,16294.82
2025,6,GABRIEL AGUIAR,Vale Restaurante,PLUXEE BENEFÍCIOS BRASIL,69.034.668/0001-56,2400.0,13894.82
2025,6,GABRIEL AGUIAR,Passcard´s Eletrônicos,SINDIÔNIBUS,07.341.423/0001-14,2250.0,11644.82
2025,6,GABRIEL AGUIAR,Despesas com Serviço Gráfico,GRÁFICA  PRINTCOLOR,02.824.298/0001-80,1565.15,10079.67
2025,6,GABRIEL AGUIAR,Despesas com Locação de Veículo,CASABLANCA RENT A CAR,03.977.401/0001-94,5670.0,4409.67
2025,6,GABRIEL AGUIAR,Despesas com Locação de Ônibus,CASABLANCA RENT A CAR,03.977.401/0001-94,4400.0,9.67000000000007
2025,6,GARDEL  ROLIM,Vale Combustível,PRIME LTDA,05.340.639/0001-30,7500.0,19649.65
2025,6,GARDEL  ROLIM,Vale Alimentação,PLUXEE BENEFÍCIOS BRASIL,69.034.668/0001-56,5400.0,14249.65
2025,6,GARDEL  ROLIM,Vale Restaurante,PLUXEE BENEFÍCIOS BRASIL,69.034.668/0001-56,2700.0,11549.65
2025,6,GARDEL  ROLIM,Passcard´s Eletrônicos,SINDIÔNIBUS,07.341.423/0001-14,225.0,11324.65
2025,6,GARDEL  ROLIM,Despesas com Telefonia Móvel,TELEFÔNICA BRASIL S.A,02.558.157/0001/62,113.93,11210.72
2025,6,GARDEL  ROLIM,Despesas com Serviço Gráfico,GRÁFICA PRINTCOLOR,02.824.298/0001-80,4496.1,6714.62
2025,6,GARDEL  ROLIM,Despesas com Locação de Veículo,CASABLANCA RENT A CAR,03.977.401/0001-94,6510.0,204.619999999999
2025,6,GERMANO  HEMANN,Vale Combustível,PRIME LTDA,05.340.639/0001-30,7870.0,19504.32
2025,6,GERMANO  HEMANN,Vale Alimentação,PLUXEE BENEFÍCIOS BRASIL,69.034.668/0001-56,5427.0,14077.32
2025,6,GERMANO  HEMANN,Vale Restaurante,PLUXEE BENEFÍCIOS BRASIL,69.034.668/0001-56,2713.81,11363.51
2025,6,GERMANO  HEMANN,Passcard´s Eletrônicos,SINDIÔNIBUS,07.341.423/0001-14,0.0,11363.51
2025,6,GERMANO  HEMANN,Despesas com  Telefonia Móvel,CLARO S.A,40.432.544/0001/47,106.42,11257.09
2025,6,GERMANO  HEMANN,Despesas com  Telefonia Móvel,TIM S.A,02.421421/0001-11,62.9,11194.19
2025,6,GERMANO  HEMANN,Despesas com Locação de Veículo,CASABLANCA RENT A CAR,03.977.401/0001-94,10850.0,344.190000000001
2025,6,INSPETOR ALBERTO,Vale Combustível,PRIME LTDA,05.340.639/0001-30,7870.0,19291.89
2025,6,INSPETOR ALBERTO,Vale Alimentação,PLUXEE BENEFÍCIOS BRASIL,69.034.668/0001-56,5427.0,13864.89
2025,6,INSPETOR ALBERTO,Vale Restaurante,PLUXEE BENEFÍCIOS BRASIL,69.034.668/0001-56,2713.0,11151.89
2025,6,INSPETOR ALBERTO,Passcard´s Eletrônicos,SINDIÔNIBUS,07.341.423/0001-14,0.0,11151.89
2025,6,INSPETOR ALBERTO,Despesas com Consultória Jurídica,MATHEUS FERREIRA-SOC.IND. DE ADVOCACIA,56.638.251/0001-50,4648.75,6503.14
2025,6,INSPETOR ALBERTO,Despesas com Comunicação e Divulg. Mandato,PRM-COMUN.GESTÃO EMP. LTDA,37.842.306/0001-03,6500.0,3.13999999999942
2025,6,IRMÃO  LÉO,Vale Combustível,PRIME LTDA,05.340.639/0001-30,6214.0,20978.89
2025,6,IRMÃO  LÉO,Vale Alimentação,PLUXEE BENEFÍCIOS BRASIL,69.034.668/0001-56,5427.0,15551.89
2025,6,IRMÃO  LÉO,Vale Restaurante,PLUXEE BENEFÍCIOS BRASIL,69.034.668/0001-56,2713.0,12838.89
2025,6,IRMÃO  LÉO,Passcard´s Eletrônicos,SINDIÔNIBUS,07.341.423/0001-14,0.0,12838.89
2025,6,IRMÃO  LÉO,Despesas com Comunicação e Divulg. Mandato,MARKETING ON SOFTWARE E PUBLICIDADE LTDA,45.565.661/0001-00,6662.5,6176.39
2025,6,IRMÃO  LÉO,Despesas com Consultória Jurídica,DAMASCENO E ROCHA ADV ASSOCIADOS,17.886.840/0001-04,6094.25,82.1399999999994
2025,6,JÂNIO HENRIQUE,Vale Combustível,PRIME LTDA,05.340.639/0001-30,7850.0,19297.37
2025,6,JÂNIO HENRIQUE,Vale Alimentação,PLUXEE BENEFÍCIOS BRASIL,69.034.668/0001-56,5400.0,13897.37
2025,6,JÂNIO HENRIQUE,Vale Restaurante,PLUXEE BENEFÍCIOS BRASIL,69.034.668/0001-56,2700.0,11197.37
2025,6,JÂNIO HENRIQUE,Passcard´s Eletrônicos,SINDIÔNIBUS,07.341.423/0001-14,0.0,11197.37
2025,6,JÂNIO HENRIQUE,Despesas com Serviço Gráfico,GRÁFICA PRINTCOLOR,02.824.298/0001-80,4493.58,6703.79
2025,6,JÂNIO HENRIQUE,Despesas com Comunicação e Divulg. Mandato,MARKETING ON SOFTWARE E PUB.LTDA,45.565.661/0001-00,6662.5,41.2900000000009
2025,6,JORGE PINHEIRO,Vale Combustível,PRIME LTDA,05.340.639/0001-30,5100.0,44741.91
2025,6,JORGE PINHEIRO,Vale Alimentação,PLUXEE BENEFÍCIOS BRASIL,69.034.668/0001-56,5427.0,39314.91
2025,6,JORGE PINHEIRO,Vale Restaurante,PLUXEE BENEFÍCIOS BRASIL,69.034.668/0001-56,2713.0,36601.91
2025,6,JORGE PINHEIRO,Passcard´s Eletrônicos,SINDIÔNIBUS,07.341.423/0001-14,297.0,36304.91
2025,6,JORGE PINHEIRO,Despesas com Telefonia Móvel,TELEFÔNICA BRASIL S.A,02.558.157/0001/62,151.91,36153.0
2025,6,JULIERME  SENA,Vale Combustível,PRIME LTDA,05.340.639/0001-30,7100.0,21692.25
2025,6,JULIERME  SENA,Vale Alimentação,PLUXEE BENEFÍCIOS BRASIL,69.034.668/0001-56,5427.63,16264.62
2025,6,JULIERME  SENA,Vale Restaurante,PLUXEE BENEFÍCIOS BRASIL,69.034.668/0001-56,2700.0,13564.62
2025,6,JULIERME  SENA,Passcard´s Eletrônicos,SINDIÔNIBUS,07.341.423/0001-14,1350.0,12214.62
2025,6,JULIERME  SENA,Despesas com Serviço Gráfico,MOTOGRÁFICA,10.670.251/0001-37,4683.44,7531.18
2025,6,JULIERME  SENA,Despesas com Locação de Veículo,CASABLANCA RENT A CAR,03.977.401/0001-94,5050.0,2481.18
2025,6,LÉO COUTO,Vale Combustível,PRIME LTDA,05.340.639/0001-30,5100.0,22147.39
2025,6,LÉO COUTO,Vale Alimentação,PLUXEE BENEFÍCIOS BRASIL,69.034.668/0001-56,3000.0,19147.39
2025,6,LÉO COUTO,Vale Restaurante,PLUXEE BENEFÍCIOS BRASIL,69.034.668/0001-56,2360.0,16787.39
2025,6,LÉO COUTO,Passcard´s Eletrônicos,SINDIÔNIBUS,07.341.423/0001-14,0.0,16787.39
2025,6,LÉO COUTO,Despesas com Consultória Jurídica,BARBOSA E MORAES SOC-ADV,38.028.070/0001-20,5773.5,11013.89
2025,6,LÉO COUTO,Despesas com Locação de Veículo,CASABLANCA RENT A CAR,03.977.401/0001-94,10850.0,163.889999999999
2025,6,LUIZ PAUPINA,Vale Combustível,PRIME LTDA,05.340.639/0001-30,7870.06,19398.25
2025,6,LUIZ PAUPINA,Vale Alimentação,PLUXEE BENEFÍCIOS BRASIL,69.034.668/0001-56,5427.63,13970.62
2025,6,LUIZ PAUPINA,Vale Restaurante,PLUXEE BENEFÍCIOS BRASIL,69.034.668/0001-56,0.0,13970.62
2025,6,LUIZ PAUPINA,Passcard´s Eletrônicos,SINDIÔNIBUS,07.341.423/0001-14,0.0,13970.62
2025,6,LUIZ PAUPINA,Despesas com Serviço Gráfico,GRÁFICA SOLUÇÃO,19.386.760/0001-07,6766.71,7203.91
2025,6,LUIZ PAUPINA,Despesas com Locação de Veículo,CASABLANCA RENT A CAR,03.977.401/0001-94,3600.0,3603.91
2025,6,LUIZ PAUPINA,Despesas com Locação de Veículo,CASABLANCA RENT A CAR,03.977.401/0001-94,3400.0,203.910000000001
2025,6,LUIZ SERGIO,Vale Combustível,PRIME LTDA,05.340.639/0001-30,2000.0,25151.37
2025,6,LUIZ SERGIO,Vale Alimentação,PLUXEE BENEFÍCIOS BRASIL,69.034.668/0001-56,5358.0,19793.37
2025,6,LUIZ SERGIO,Vale Restaurante,PLUXEE BENEFÍCIOS BRASIL,69.034.668/0001-56,2712.0,17081.37
2025,6,LUIZ SERGIO,Passcard´s Eletrônicos,SINDIÔNIBUS,07.341.423/0001-14,0.0,17081.37
2025,6,LUIZ SERGIO,Despesas com Serviço Gráfico,GRÁFICA SOLUÇÃO,19.386.760/0001-07,6756.51,10324.86
2025,6,LUIZ SERGIO,Despesas com Consultória Jurídica,MATHEUS FERREIRA-SOC.IND.ADV,56.638.251/0001-50,6735.75,3589.11
2025,6,LUIZ SERGIO,Despesas com Comunicação e Divulg. Mandato,PRM-COM.GESTÃO EMP.LTDA,37.842.306/0001-03,3575.0,14.1099999999988
2025,6,MARCEL  COLARES,Vale Combustível,PRIME LTDA,05.340.639/0001-30,6250.0,21697.93
2025,6,MARCEL  COLARES,Vale Alimentação,PLUXEE BENEFÍCIOS BRASIL,69.034.668/0001-56,5400.0,16297.93
2025,6,MARCEL  COLARES,Vale Restaurante,PLUXEE BENEFÍCIOS BRASIL,69.034.668/0001-56,1600.0,14697.93
2025,6,MARCEL  COLARES,Passcard´s Eletrônicos,SINDIÔNIBUS,07.341.423/0001-14,225.0,14472.93
2025,6,MARCEL  COLARES,Despesas com Serviço Gráfico,GRÁFICA  ESTRELA,07.097.989/0001-42,6483.23,7989.7
2025,6,MARCEL  COLARES,Despesas com Locação de Veículo,CASABLANCA RENT A CAR,03.977.401/0001-94,7000.0,989.700000000001
2025,6,MARCELO  MENDES,Vale Combustível,PRIME LTDA,05.340.639/0001-30,7800.0,20586.34
2025,6,MARCELO  MENDES,Vale Alimentação,PLUXEE BENEFÍCIOS BRASIL,69.034.668/0001-56,5410.0,15176.34
2025,6,MARCELO  MENDES,Vale Restaurante,PLUXEE BENEFÍCIOS BRASIL,69.034.668/0001-56,2713.8,12462.54
2025,6,MARCELO  MENDES,Passcard´s Eletrônicos Metropolitano,SINDIÔNIBUS,07.341.423/0001-14,238.0,12224.54
2025,6,MARCELO  MENDES,Passcard´s Eletrônicos Urbano,SINDIÔNIBUS,07.341.423/0001-14,360.0,11864.54
2025,6,MARCELO  MENDES,Despesas com Consultória Jurídica,MICHELLE SANTOS SOC.IND. ADV,58.985.204/0001-09,6670.75,5193.79
2025,6,MARCELO  MENDES,Despesas com Comunicação e Divulg. Mandato,MARKETING ON SOFTWARE E PUB.LTDA,45.565.661/0001-00,5037.5,156.290000000001
2025,6,MARCELO TCHELA ( SUPLENTE ),Vale Combustível,PRIME LTDA,05.340.639/0001-30,7792.0,19350.75
2025,6,MARCELO TCHELA ( SUPLENTE ),Vale Alimentação,PLUXEE BENEFÍCIOS BRASIL,69.034.668/0001-56,5420.0,13930.75
2025,6,MARCELO TCHELA ( SUPLENTE ),Vale Restaurante,PLUXEE BENEFÍCIOS BRASIL,69.034.668/0001-56,2710.0,11220.75
2025,6,MARCELO TCHELA ( SUPLENTE ),Passcard´s Eletrônicos,SINDIÔNIBUS,07.341.423/0001-14,540.0,10680.75
2025,6,MARCELO TCHELA ( SUPLENTE ),Despesas com Serviço Gráfico,GRÁFICA PRINTCOLOR,02.824.298/0001-80,5620.13,5060.62
2025,6,MARCELO TCHELA ( SUPLENTE ),Despesas com Locação de Veículo,CASABLANCA RENT A CAR,03.977.401/0001-94,5040.0,20.6199999999999
2025,6,MARCOS PAULO,Vale Combustível,PRIME LTDA,05.340.639/0001-30,7500.0,19638.43
2025,6,MARCOS PAULO,Vale Alimentação,PLUXEE BENEFÍCIOS BRASIL,69.034.668/0001-56,4427.63,15210.8
2025,6,MARCOS PAULO,Vale Restaurante,PLUXEE BENEFÍCIOS BRASIL,69.034.668/0001-56,2000.0,13210.8
2025,6,MARCOS PAULO,Passcard´s Eletrônicos,SINDIÔNIBUS,07.341.423/0001-14,0.0,13210.8
2025,6,MARCOS PAULO,Despesas com Serviço Gráfico,GRÁFICA SOLUÇÃO,19.386.760/0001-07,6775.35,6435.45
2025,6,MARCOS PAULO,Despesas com Locação de Veículo,CASABLANCA RENT A CAR,03.977.401/0001-94,6435.0,0.449999999998909
2025,6,MARI  LACERDA,Vale Combustível,PRIME LTDA,05.340.639/0001-30,4264.0,36625.56
2025,6,MARI  LACERDA,Vale Alimentação,PLUXEE BENEFÍCIOS BRASIL,69.034.668/0001-56,5000.0,31625.56
2025,6,MARI  LACERDA,Vale Restaurante,PLUXEE BENEFÍCIOS BRASIL,69.034.668/0001-56,2500.0,29125.56
2025,6,MARI  LACERDA,Passcard´s Eletrônicos,SINDIÔNIBUS,07.341.423/0001-14,0.0,29125.56
2025,6,MARI  LACERDA,Despesas com Serviço Gráfico,GRÁFICA  PRINTCOLOR,02.824.298/0001-80,6381.82,22743.74
2025,6,MARI  LACERDA,Despesas com Consultória Jurídica,MATHEUS FERREIRA-SOC.IND. DE ADVOCACIA,56.638.251/0001-50,6735.75,16007.99
2025,6,MARI  LACERDA,Despesas com Comunicação e Divulg. Mandato,PRM-COMUN.GESTÃO EMP. LTDA,37.842.306/0001-03,6500.0,9507.99
2025,6,MARI  LACERDA,Despesas com Locação de Veículo,CASABLANCA RENT A CAR,03.977.401/0001-94,5145.0,4362.99
2025,6,MARI  LACERDA,Despesas com Locação de Veículo,CASABLANCA RENT A CAR,03.977.401/0001-94,4360.0,2.9900000000016
2025,6,MICHEL  LINS,Vale Combustível,PRIME LTDA,05.340.639/0001-30,0.0,27159.53
2025,6,MICHEL  LINS,Vale Alimentação,PLUXEE BENEFÍCIOS BRASIL,69.034.668/0001-56,4720.0,22439.53
2025,6,MICHEL  LINS,Vale Restaurante,PLUXEE BENEFÍCIOS BRASIL,69.034.668/0001-56,2360.0,20079.53
2025,6,MICHEL  LINS,Passcard´s Eletrônicos,SINDIÔNIBUS,07.341.423/0001-14,360.0,19719.53
2025,6,MICHEL  LINS,Despesas com Comunicação e Divulg. Mandato,MARKETING ON SOFTWARE E PUB.LTDA,45.565.661/0001-00,6662.5,13057.03
2025,6,MICHEL  LINS,Despesas com Serviço Gráfico,GRÁFICA  RDS,02.265.186/0001-36,2174.93,10882.1
2025,6,MICHEL  LINS,Despesas com Locação de Veículo,CASABLANCA RENT A CAR,03.977.401/0001-94,10850.0,32.0999999999985
2025,6,PAULO MARTINS,Vale Combustível,PRIME LTDA,05.340.639/0001-30,7850.0,19436.62
2025,6,PAULO MARTINS,Vale Alimentação,PLUXEE BENEFÍCIOS BRASIL,69.034.668/0001-56,5420.0,14016.62
2025,6,PAULO MARTINS,Vale Restaurante,PLUXEE BENEFÍCIOS BRASIL,69.034.668/0001-56,2713.0,11303.62
2025,6,PAULO MARTINS,Passcard´s Eletrônicos,SINDIÔNIBUS,07.341.423/0001-14,1836.0,9467.62
2025,6,PAULO MARTINS,Despesas com Telefonia Móvel,TELEFÔNICA BRASIL S.A,02.558.157/0001/62,151.91,9315.71
2025,6,PAULO MARTINS,Despesas com  Telefonia Móvel,CLARO S.A,40.432.544/0001/47,43.7,9272.01
2025,6,PAULO MARTINS,Despesas com Locação de Veículo,CASABLANCA RENT A CAR,03.977.401/0001-94,5050.0,4222.01
2025,6,PAULO MARTINS,Despesas com Locação de Veículo,CASABLANCA RENT A CAR,03.977.401/0001-94,4200.0,22.0100000000002
2025,6,PEDRO MATOS,Vale Combustível,PRIME LTDA,05.340.639/0001-30,7800.0,19490.24
2025,6,PEDRO MATOS,Vale Alimentação,PLUXEE BENEFÍCIOS BRASIL,69.034.668/0001-56,5400.0,14090.24
2025,6,PEDRO MATOS,Vale Restaurante,PLUXEE BENEFÍCIOS BRASIL,69.034.668/0001-56,2700.0,11390.24
2025,6,PEDRO MATOS,Passcard´s Eletrônicos,SINDIÔNIBUS,07.341.423/0001-14,0.0,11390.24
2025,6,PEDRO MATOS,Despesas com  Telefonia Móvel,TELEFÔNICA BRASIL S.A,02.558.157/0001/62,0.0,11390.24
2025,6,PEDRO MATOS,Despesas com Consultória Jurídica,CARVALHO E SANTOS ADV,34.636.322/0001-43,4490.5,6899.74
2025,6,PEDRO MATOS,Despesas com Comunicação e Divulg. Mandato,R e K PROD. ASSESSORIA LTDA,16.880.815/0001-42,6662.5,237.24
2025,6,PPCELL,Vale Combustível,PRIME LTDA,05.340.639/0001-30,7870.0,19280.47
2025,6,PPCELL,Vale Alimentação,PLUXEE BENEFÍCIOS BRASIL,69.034.668/0001-56,5427.0,13853.47
2025,6,PPCELL,Vale Restaurante,PLUXEE BENEFÍCIOS BRASIL,69.034.668/0001-56,2713.0,11140.47
2025,6,PPCELL,Passcard´s Eletrônicos,SINDIÔNIBUS,07.341.423/0001-14,198.0,10942.47
2025,6,PPCELL,Despesas com Serviço Gráfico,GRÁFICA RDS,02.265.186/0001-36,4413.96,6528.51
2025,6,PPCELL,Despesas com Locação de Veículo,CASABLANCA RENT A CAR,03.977.401/0001-94,6510.0,18.5099999999993
2025,6,PRISCILA  COSTA,Vale Combustível,PRIME LTDA,05.340.639/0001-30,5190.0,22184.39
2025,6,PRISCILA  COSTA,Vale Alimentação,PLUXEE BENEFÍCIOS BRASIL,69.034.668/0001-56,4720.0,17464.39
2025,6,PRISCILA  COSTA,Vale Restaurante,PLUXEE BENEFÍCIOS BRASIL,69.034.668/0001-56,2360.0,15104.39
2025,6,PRISCILA  COSTA,Passcard´s Eletrônicos,SINDIÔNIBUS,07.341.423/0001-14,0.0,15104.39
2025,6,PRISCILA  COSTA,Despesas com Comunicação e Divulg. Mandato,PRM-COM.GESTÃO EMP.LTDA,37.842.306/0001-03,4225.0,10879.39
2025,6,PRISCILA  COSTA,Despesas com Locação de Veículo,CASABLANCA RENT A CAR,03.977.401/0001-94,10850.0,29.3899999999994
2025,6,PROF. AGUIAR TOBA,Vale Combustível,PRIME LTDA,05.340.639/0001-30,7870.05,19345.19
2025,6,PROF. AGUIAR TOBA,Vale Alimentação,PLUXEE BENEFÍCIOS BRASIL,69.034.668/0001-56,5427.63,13917.56
2025,6,PROF. AGUIAR TOBA,Vale Restaurante,PLUXEE BENEFÍCIOS BRASIL,69.034.668/0001-56,2713.8,11203.76
2025,6,PROF. AGUIAR TOBA,Passcard´s Eletrônicos,SINDIÔNIBUS,07.341.423/0001-14,0.0,11203.76
2025,6,PROF. AGUIAR TOBA,Despesas com Serviço Gráfico,GRÁFICA SOLUÇÃO,19.386.760/0001-07,4425.8,6777.96
2025,6,PROF. AGUIAR TOBA,Despesas com Comunicação e Divulg. Mandato,MARKETING ON SOFTWARE E PUB. LTDA,45.565.661/0001-00,6662.5,115.46
2025,6,PROFESSOR ENILSON,Vale Combustível,PRIME LTDA,05.340.639/0001-30,7592.0,19775.69
2025,6,PROFESSOR ENILSON,Vale Alimentação,PLUXEE BENEFÍCIOS BRASIL,69.034.668/0001-56,5420.0,14355.69
2025,6,PROFESSOR ENILSON,Vale Restaurante,PLUXEE BENEFÍCIOS BRASIL,69.034.668/0001-56,2360.0,11995.69
2025,6,PROFESSOR ENILSON,Passcard´s Eletrônicos,SINDIÔNIBUS,07.341.423/0001-14,0.0,11995.69
2025,6,PROFESSOR ENILSON,Despesas com Serviço Gráfico,GRÁFICA SOLUÇÃO,19.386.760/0001-07,6652.85,5342.84
2025,6,PROFESSOR ENILSON,Despesas com Comunicação e Divulg.Mandato,NAYANE SANTIAGO A.C F. PRODUÇÕES,32.075.292/0001-18,4998.5,344.34
2025,6,RAIMUNDO FILHO ( SUPLENTE ),Vale Combustível,PRIME LTDA,05.340.639/0001-30,7044.0,20094.28
2025,6,RAIMUNDO FILHO ( SUPLENTE ),Vale Alimentação,PLUXEE BENEFÍCIOS BRASIL,69.034.668/0001-56,5400.0,14694.28
2025,6,RAIMUNDO FILHO ( SUPLENTE ),Vale Restaurante,PLUXEE BENEFÍCIOS BRASIL,69.034.668/0001-56,2360.0,12334.28
2025,6,RAIMUNDO FILHO ( SUPLENTE ),Passcard´s Eletrônicos,SINDIÔNIBUS,07.341.423/0001-14,0.0,12334.28
2025,6,RAIMUNDO FILHO ( SUPLENTE ),Despesas com Serviço Gráfico,GRÁFICA SOLUÇÃO,19.386.760/0001-07,5636.22,6698.06
2025,6,RAIMUNDO FILHO ( SUPLENTE ),Despesas com Locação de Veículo,CASABLANCA RENT A CAR,03.977.401/0001-94,6680.0,18.0600000000004
2025,6,RENÉ  PESSOA,Vale Combustível,PRIME LTDA,05.340.639/0001-30,7870.06,19291.68
2025,6,RENÉ  PESSOA,Vale Alimentação,PLUXEE BENEFÍCIOS BRASIL,69.034.668/0001-56,5427.63,13864.05
2025,6,RENÉ  PESSOA,Vale Restaurante,PLUXEE BENEFÍCIOS BRASIL,69.034.668/0001-56,2713.81,11150.24
2025,6,RENÉ  PESSOA,Passcard´s Eletrônicos,SINDIÔNIBUS,07.341.423/0001-14,207.0,10943.24
2025,6,RENÉ  PESSOA,Despesas com Serviço Gráfico,GRÁFICA PRINTCOLOR,02.824.298/0001-80,4991.0,5952.24
2025,6,RENÉ  PESSOA,Despesas com Locação de Veículo,CASABLANCA RENT A CAR,03.977.401/0001-94,5952.24,0.0
2025,6,RONALDO  MARTINS,Vale Combustível,PRIME LTDA,05.340.639/0001-30,7692.0,19450.26
2025,6,RONALDO  MARTINS,Vale Alimentação,PLUXEE BENEFÍCIOS BRASIL,69.034.668/0001-56,5420.0,14030.26
2025,6,RONALDO  MARTINS,Vale Restaurante,PLUXEE BENEFÍCIOS BRASIL,69.034.668/0001-56,2713.0,11317.26
2025,6,RONALDO  MARTINS,Passcard´s Eletrônicos,SINDIÔNIBUS,07.341.423/0001-14,1872.0,9445.26
2025,6,RONALDO  MARTINS,Despesas com Locação de Veículo,CASABLANCA RENT A CAR,03.977.401/0001-94,3440.0,6005.26
2025,6,RONALDO  MARTINS,Despesas com Locação de Veículo,CASABLANCA RENT A CAR,03.977.401/0001-94,6000.0,5.2599999999984
2025,6,TAM OLIVEIRA,Vale Combustível,PRIME LTDA,05.340.639/0001-30,5000.0,22138.13
2025,6,TAM OLIVEIRA,Vale Alimentação,PLUXEE BENEFÍCIOS BRASIL,69.034.668/0001-56,5400.0,16738.13
2025,6,TAM OLIVEIRA,Vale Restaurante,PLUXEE BENEFÍCIOS BRASIL,69.034.668/0001-56,0.0,16738.13
2025,6,TAM OLIVEIRA,Passcard´s Eletrônicos,SINDIÔNIBUS,07.341.423/0001-14,0.0,16738.13
2025,6,TAM OLIVEIRA,Desp.com Comunicação e Divulg. de Mandato,PRM Comunic.Gestão Emp. ltda,37.842.306/0001-03,6500.0,10238.13
2025,6,TAM OLIVEIRA,Despesas com Consultória Jurídica,MATHEUS FERREIRA-SOC.IND. DE ADVOCACIA,56.638.251/0001-50,6735.75,3502.38
2025,6,TAM OLIVEIRA,Despesas com Serviço Gráfico,GRÁFICA SOLUÇÃO,19.386.760/0001-07,3400.19,102.190000000001
2025,6,TIA FRANCISCA ( SUPLENTE ),Vale Combustível,PRIME LTDA,05.340.639/0001-30,6500.0,20884.14
2025,6,TIA FRANCISCA ( SUPLENTE ),Vale Alimentação,PLUXEE BENEFÍCIOS BRASIL,69.034.668/0001-56,5400.0,15484.14
2025,6,TIA FRANCISCA ( SUPLENTE ),Vale Restaurante,PLUXEE BENEFÍCIOS BRASIL,69.034.668/0001-56,2713.0,12771.14
2025,6,TIA FRANCISCA ( SUPLENTE ),Passcard´s Eletrônicos,SINDIÔNIBUS,07.341.423/0001-14,247.5,12523.64
2025,6,TIA FRANCISCA ( SUPLENTE ),Despesas com Consultória Jurídica,ANTº.ALBUQ. SOC.IND.ADV,47.730.644/0001-07,6094.25,6429.39
2025,6,TIA FRANCISCA ( SUPLENTE ),Despesas com Locação de Veículo,CASABLANCA RENT A CAR,03.977.401/0001-94,6130.0,299.39
2025,6,TONY BRITO,Vale Combustível,PRIME LTDA,05.340.639/0001-30,7100.0,21039.39
2025,6,TONY BRITO,Vale Alimentação,PLUXEE BENEFÍCIOS BRASIL,69.034.668/0001-56,5000.0,16039.39
2025,6,TONY BRITO,Vale Restaurante,PLUXEE BENEFÍCIOS BRASIL,69.034.668/0001-56,2500.0,13539.39
2025,6,TONY BRITO,Passcard´s Eletrônicos,SINDIÔNIBUS,07.341.423/0001-14,0.0,13539.39
2025,6,TONY BRITO,Despesas com Comunicação e Divulg. Mandato,PRM COM.GESTÃO EMPRES.LTDA,37.842.306/0001-03,6500.0,7039.39
2025,6,TONY BRITO,Despesas com Locação de Veículo,CASABLANCA RENT A CAR,03.977.401/0001-94,7000.0,39.3899999999994
2025,6,WELLINGTON SÁBOIA,Vale Combustível,PRIME LTDA,05.340.639/0001-30,7870.06,19289.55
2025,6,WELLINGTON SÁBOIA,Vale Alimentação,PLUXEE BENEFÍCIOS BRASIL,69.034.668/0001-56,5427.59,13861.96
2025,6,WELLINGTON SÁBOIA,Vale Restaurante,PLUXEE BENEFÍCIOS BRASIL,69.034.668/0001-56,2676.35,11185.61
2025,6,WELLINGTON SÁBOIA,Passcard´s Eletrônicos,SINDIÔNIBUS,07.341.423/0001-14,216.0,10969.61
2025,6,WELLINGTON SÁBOIA,Despesas com  Telefonia Móvel,CLARO S.A,40.432.544/0001/47,87.39,10882.22
2025,6,WELLINGTON SÁBOIA,Despesas com Locação de Veículo,CASABLANCA RENT A CAR,03.977.401/0001-94,10850.0,32.2200000000012
2025,7,ADAIL JUNIOR,Vale Combustível,PRIME LTDA,05.340.639/0001-30,7870.0,19268.13
2025,7,ADAIL JUNIOR,Vale Alimentação,PLUXEE BENEFÍCIOS BRASIL,69.034.668/0001-56,5427.0,13841.13
2025,7,ADAIL JUNIOR,Vale Restaurante,PLUXEE BENEFÍCIOS BRASIL,69.034.668/0001-56,2713.0,11128.13
2025,7,ADAIL JUNIOR,Passcard´s Eletrônicos,SINDIÔNIBUS,07.341.423/0001-14,0.0,11128.13
2025,7,ADAIL JUNIOR,Despesas com Consultória Jurídica,THIAGO MONTEZUMA-ADV ASSOCIADOS,59.861.314/0001-21,6699.0,4429.13
2025,7,ADAIL JUNIOR,Despesas com Serviço Gráfico,GRÁFICA RDS,02.265.186/0001-36,4413.96,15.170000000001
2025,7,ADRIANA ALMEIDA,Vale Combustível,PRIME LTDA,05.340.639/0001-30,3600.0,23538.13
2025,7,ADRIANA ALMEIDA,Vale Alimentação,PLUXEE BENEFÍCIOS BRASIL,69.034.668/0001-56,4000.0,19538.13
2025,7,ADRIANA ALMEIDA,Vale Restaurante,PLUXEE BENEFÍCIOS BRASIL,69.034.668/0001-56,1500.0,18038.13
2025,7,ADRIANA ALMEIDA,Passcard´s Eletrônicos,SINDIÔNIBUS,07.341.423/0001-14,909.0,17129.13
2025,7,ADRIANA ALMEIDA,Despesas com Consultoria Jurídica,BRUNO DE SOUSA-ADV,47.771.413/0001-33,4490.5,12638.63
2025,7,ADRIANA ALMEIDA,Despesas com Serviço Gráfico,GRÁFICA PRINTCOLOR,02.824.298/0001-80,6781.27,5857.36
2025,7,ADRIANA ALMEIDA,Despesas com Locação de Veículo,CASABLANCA RENT A CAR,03.977.401/0001-94,2850.0,3007.36
2025,7,ADRIANA GERÔNIMO,Vale Combustível,PRIME LTDA,05.340.639/0001-30,6240.0,20898.13
2025,7,ADRIANA GERÔNIMO,Vale Alimentação,PLUXEE BENEFÍCIOS BRASIL,69.034.668/0001-56,5427.63,15470.5
2025,7,ADRIANA GERÔNIMO,Vale Restaurante,PLUXEE BENEFÍCIOS BRASIL,69.034.668/0001-56,2713.81,12756.69
2025,7,ADRIANA GERÔNIMO,Passcard´s Eletrônicos,SINDIÔNIBUS,07.341.423/0001-14,1890.0,10866.69
2025,7,ADRIANA GERÔNIMO,Despesas com Telefonia Móvel,TELEFÔNICA BRASIL S.A,02.558.157/0001/62,1193.95,9672.74
2025,7,ADRIANA GERÔNIMO,Despesas com  Telefonia Móvel,TIM S.A,02.421421/0001-11,62.9,9609.84
2025,7,ADRIANA GERÔNIMO,Despesas com Consultória Jurídica,BRUNO SOUSA – ADV,47.771.413/0001-33,4490.5,5119.34
2025,7,ADRIANA GERÔNIMO,Despesas com Locação de Veículo,CASABLANCA RENT A CAR,03.977.401/0001-94,3619.14,1500.2
2025,7,AGLAYLSON FIGUEIREDO,Vale Combustível,PRIME LTDA,05.340.639/0001-30,7600.0,19538.13
2025,7,AGLAYLSON FIGUEIREDO,Vale Alimentação,PLUXEE BENEFÍCIOS BRASIL,69.034.668/0001-56,4500.0,15038.13
2025,7,AGLAYLSON FIGUEIREDO,Vale Restaurante,PLUXEE BENEFÍCIOS BRASIL,69.034.668/0001-56,2700.0,12338.13
2025,7,AGLAYLSON FIGUEIREDO,Passcard´s Eletrônicos,SINDIÔNIBUS,07.341.423/0001-14,0.0,12338.13
2025,7,AGLAYLSON FIGUEIREDO,Despesas com Locação de Veículo,CASABLANCA RENT A CAR,03.977.401/0001-94,10850.0,1488.13
2025,7,BELLA  CARMELO,Vale Combustível,PRIME LTDA,05.340.639/0001-30,3500.0,23638.13
2025,7,BELLA  CARMELO,Vale Alimentação,PLUXEE BENEFÍCIOS BRASIL,69.034.668/0001-56,2300.0,21338.13
2025,7,BELLA  CARMELO,Vale Restaurante,PLUXEE BENEFÍCIOS BRASIL,69.034.668/0001-56,2700.0,18638.13
2025,7,BELLA  CARMELO,Passcard´s Eletrônicos,SINDIÔNIBUS,07.341.423/0001-14,0.0,18638.13
2025,7,BELLA  CARMELO,Despesas com Telefonia Móvel,CLARO S.A,40.432.544/0001-47,21.9,18616.23
2025,7,BELLA  CARMELO,Despesas com Locação de Veículo,CASABLANCA RENT A CAR,03.977.401/0001-94,10850.0,7766.23
2025,7,BENIGNO  JUNIOR,Vale Combustível,PRIME LTDA,05.340.639/0001-30,7500.0,19638.13
2025,7,BENIGNO  JUNIOR,Vale Alimentação,PLUXEE BENEFÍCIOS BRASIL,69.034.668/0001-56,5400.0,14238.13
2025,7,BENIGNO  JUNIOR,Vale Restaurante,PLUXEE BENEFÍCIOS BRASIL,69.034.668/0001-56,2700.0,11538.13
2025,7,BENIGNO  JUNIOR,Passcard´s Eletrônicos,SINDIÔNIBUS,07.341.423/0001-14,0.0,11538.13
2025,7,BENIGNO  JUNIOR,Despesas com Serviço Gráfico,GRÁFICA COPY JET DIGITAL,32.656.125/0001-60,5136.67,6401.46
2025,7,BENIGNO  JUNIOR,Despesas com Locação de Veículo,CASABLANCA RENT A CAR,03.977.401/0001-94,6090.0,311.459999999999
2025,7,BRUNO MESQUITA,Vale Combustível,PRIME LTDA,05.340.639/0001-30,7844.0,19294.13
2025,7,BRUNO MESQUITA,Vale Alimentação,PLUXEE BENEFÍCIOS BRASIL,69.034.668/0001-56,5420.0,13874.13
2025,7,BRUNO MESQUITA,Vale Restaurante,PLUXEE BENEFÍCIOS BRASIL,69.034.668/0001-56,2710.0,11164.13
2025,7,BRUNO MESQUITA,Passcard´s Eletrônicos,SINDIÔNIBUS,07.341.423/0001-14,225.0,10939.13
2025,7,BRUNO MESQUITA,Despesas com Locação de Veículo,CASABLANCA RENT A CAR,03.977.401/0001-94,5670.0,5269.13
2025,7,CARLA IBIAPINA,Vale Combustível,PRIME LTDA,05.340.639/0001-30,7000.0,20138.13
2025,7,CARLA IBIAPINA,Vale Alimentação,PLUXEE BENEFÍCIOS BRASIL,69.034.668/0001-56,5426.0,14712.13
2025,7,CARLA IBIAPINA,Vale Restaurante,PLUXEE BENEFÍCIOS BRASIL,69.034.668/0001-56,2713.0,11999.13
2025,7,CARLA IBIAPINA,Passcard´s Eletrônicos,SINDIÔNIBUS,07.341.423/0001-14,0.0,11999.13
2025,7,CARLA IBIAPINA,Despesas com Serviço Gráfico,GRÁFICA SOLUÇÃO,19.386.760/0001-07,5691.67,6307.46
2025,7,CARLA IBIAPINA,Despesas com Comunicação e Divulgação de Mandato,MARKETING ON SOFTWARE E PUB. LTDA,45.565.661/0001-00,6175.0,132.459999999999
2025,7,CHIQUINHO DOS CARNEIROS,Vale Combustível,PRIME LTDA,05.340.639/0001-30,7870.0,19268.13
2025,7,CHIQUINHO DOS CARNEIROS,Vale Alimentação,PLUXEE BENEFÍCIOS BRASIL,69.034.668/0001-56,5426.0,13842.13
2025,7,CHIQUINHO DOS CARNEIROS,Vale Restaurante,PLUXEE BENEFÍCIOS BRASIL,69.034.668/0001-56,2712.0,11130.13
2025,7,CHIQUINHO DOS CARNEIROS,Passcard´s Eletrônicos,SINDIÔNIBUS,07.341.423/0001-14,0.0,11130.13
2025,7,CHIQUINHO DOS CARNEIROS,Despesas com Comunicação e Divulg.Mandato,NAYANE SANTIAGO A.C F. PRODUÇÕES,32.075.292/0001-18,3500.25,7629.88
2025,7,CHIQUINHO DOS CARNEIROS,Despesas com Consultória Jurídica,PUPO ADVOCACIA S/S,12.576.687/0001-97,6654.5,975.379999999999
2025,7,CLAÚDIO LIMA( SUPLENTE ),Vale Combustível,PRIME LTDA,05.340.639/0001-30,7800.0,19338.13
2025,7,CLAÚDIO LIMA( SUPLENTE ),Vale Alimentação,PLUXEE BENEFÍCIOS BRASIL,69.034.668/0001-56,5400.0,13938.13
2025,7,CLAÚDIO LIMA( SUPLENTE ),Vale Restaurante,PLUXEE BENEFÍCIOS BRASIL,69.034.668/0001-56,2700.0,11238.13
2025,7,CLAÚDIO LIMA( SUPLENTE ),Passcard´s Eletrônicos,SINDIÔNIBUS,07.341.423/0001-14,0.0,11238.13
2025,7,CLAÚDIO LIMA( SUPLENTE ),Despesas com  Telefonia Móvel,TELEFÔNICA BRASIL S.A,02.558.157/0001/62,0.0,11238.13
2025,7,CLAÚDIO LIMA( SUPLENTE ),Despesas com Comunicação e Divulgação de Mandato,R e K PRODUCÕES E ASSESORIA LTDA,16.880.815/0001-42,6662.5,4575.63
2025,7,CLAÚDIO LIMA( SUPLENTE ),Despesas com Consultória Jurídica,CARVALHO E SANTOS ADV,34.636.322/0001-43,4490.5,85.1299999999992
2025,7,DR. LUCIANO GIRÃO,Vale Combustível,PRIME LTDA,05.340.639/0001-30,7870.0,19268.13
2025,7,DR. LUCIANO GIRÃO,Vale Alimentação,PLUXEE BENEFÍCIOS BRASIL,69.034.668/0001-56,5420.0,13848.13
2025,7,DR. LUCIANO GIRÃO,Vale Restaurante,PLUXEE BENEFÍCIOS BRASIL,69.034.668/0001-56,2713.0,11135.13
2025,7,DR. LUCIANO GIRÃO,Passcard´s Eletrônicos,SINDIÔNIBUS,07.341.423/0001-14,396.0,10739.13
2025,7,DR. LUCIANO GIRÃO,Despesas com Telefonia Móvel,TELEFÔNICA BRASIL S.A,02.558.157/0001/62,1193.94,9545.19
2025,7,DR. LUCIANO GIRÃO,Despesas com Telefonia Móvel,TELEFÔNICA BRASIL S.A,02.558.157/0001/62,37.98,9507.21
2025,7,DR. LUCIANO GIRÃO,Despesas com  Telefonia Móvel,CLARO S.A,40.432.544/0001/47,57.02,9450.19
2025,7,DR. LUCIANO GIRÃO,Despesas com Locação de Veículo,CASABLANCA RENT A CAR,03.977.401/0001-94,7455.0,1995.19
2025,7,DR. LUCIANO GIRÃO,Despesas com Locação de Veículo,CASABLANCA RENT A CAR,03.977.401/0001-94,1995.0,0.18999999999869
2025,7,DR. VICENTE,Vale Combustível,PRIME LTDA,05.340.639/0001-30,7800.0,19338.13
2025,7,DR. VICENTE,Vale Alimentação,PLUXEE BENEFÍCIOS BRASIL,69.034.668/0001-56,4800.0,14538.13
2025,7,DR. VICENTE,Vale Restaurante,PLUXEE BENEFÍCIOS BRASIL,69.034.668/0001-56,2700.0,11838.13
2025,7,DR. VICENTE,Passcard´s Eletrônicos,SINDIÔNIBUS,07.341.423/0001-14,360.0,11478.13
2025,7,DR. VICENTE,Despesas com  Telefonia Móvel,CLARO S.A,40.432.544/0001/47,792.4,10685.73
2025,7,DR. VICENTE,Despesas com Consultória Jurídica,BRUNO SOUSA – ADV,47.771.413/0001-33,5132.0,5553.73
2025,7,DR. VICENTE,Despesas com Serviço Gráfico,GRÁFICA PRINTCOLOR,02.824.298/0001-80,5552.01,1.71999999999935
2025,7,ESTRELA BARROS,Vale Combustível,PRIME LTDA,05.340.639/0001-30,4127.0,23011.13
2025,7,ESTRELA BARROS,Vale Alimentação,PLUXEE BENEFÍCIOS BRASIL,69.034.668/0001-56,5427.0,17584.13
2025,7,ESTRELA BARROS,Vale Restaurante,PLUXEE BENEFÍCIOS BRASIL,69.034.668/0001-56,0.0,17584.13
2025,7,ESTRELA BARROS,Passcard´s Eletrônicos,SINDIÔNIBUS,07.341.423/0001-14,0.0,17584.13
2025,7,ESTRELA BARROS,Despesas com Serviço Gráfico,GRÁFICA SOLUÇÃO,19.386.760/0001-07,6775.35,10808.78
2025,7,ESTRELA BARROS,Despesas com Locação de Veículo,CASABLANCA RENT A CAR,03.977.401/0001-94,10800.0,8.78000000000066
2025,7,GABRIEL AGUIAR,Vale Combustível,PRIME LTDA,05.340.639/0001-30,6300.0,20838.13
2025,7,GABRIEL AGUIAR,Vale Alimentação,PLUXEE BENEFÍCIOS BRASIL,69.034.668/0001-56,5100.0,15738.13
2025,7,GABRIEL AGUIAR,Vale Restaurante,PLUXEE BENEFÍCIOS BRASIL,69.034.668/0001-56,2400.0,13338.13
2025,7,GABRIEL AGUIAR,Passcard´s Eletrônicos,SINDIÔNIBUS,07.341.423/0001-14,2250.0,11088.13
2025,7,GABRIEL AGUIAR,Despesas com Locação de Veículo,CASABLANCA RENT A CAR,03.977.401/0001-94,5670.0,5418.13
2025,7,GABRIEL AGUIAR,Despesas com Locação de Ônibus,CASABLANCA RENT A CAR,03.977.401/0001-94,4782.0,636.129999999999
2025,7,GARDEL  ROLIM,Vale Combustível,PRIME LTDA,05.340.639/0001-30,7500.0,19638.13
2025,7,GARDEL  ROLIM,Vale Alimentação,PLUXEE BENEFÍCIOS BRASIL,69.034.668/0001-56,5400.0,14238.13
2025,7,GARDEL  ROLIM,Vale Restaurante,PLUXEE BENEFÍCIOS BRASIL,69.034.668/0001-56,2700.0,11538.13
2025,7,GARDEL  ROLIM,Passcard´s Eletrônicos,SINDIÔNIBUS,07.341.423/0001-14,225.0,11313.13
2025,7,GARDEL  ROLIM,Despesas com Telefonia Móvel,TELEFÔNICA BRASIL S.A,02.558.157/0001/62,113.93,11199.2
2025,7,GARDEL  ROLIM,Despesas com Serviço Gráfico,GRÁFICA  PRINTCOLOR,02.824.298/0001-80,4683.44,6515.76
2025,7,GARDEL  ROLIM,Despesas com Locação de Veículo,CASABLANCA RENT A CAR,06.621.791/0001-53,6510.0,5.76000000000113
2025,7,IGOR NOGUEIRA( SUPLENTE),Vale Combustível,PRIME LTDA,05.340.639/0001-30,7870.0,19268.13
2025,7,IGOR NOGUEIRA( SUPLENTE),Vale Alimentação,PLUXEE BENEFÍCIOS BRASIL,69.034.668/0001-56,5427.0,13841.13
2025,7,IGOR NOGUEIRA( SUPLENTE),Vale Restaurante,PLUXEE BENEFÍCIOS BRASIL,69.034.668/0001-56,2713.81,11127.32
2025,7,IGOR NOGUEIRA( SUPLENTE),Passcard´s Eletrônicos,SINDIÔNIBUS,07.341.423/0001-14,0.0,11127.32
2025,7,IGOR NOGUEIRA( SUPLENTE),Despesas com Telefonia Móvel,CLARO S.A,40.432.544/0001/47,106.42,11020.9
2025,7,IGOR NOGUEIRA( SUPLENTE),Despesas com Telefonia Móvel,TIM S.A,02.421.421/0001-11,62.9,10958.0
2025,7,IGOR NOGUEIRA( SUPLENTE),Despesas com Locação de Veículo,CASABLANCA RENT A CAR,03.977.401/0001-94,10850.0,108.0
2025,7,INSPETOR ALBERTO,Vale Combustível,PRIME LTDA,05.340.639/0001-30,7870.0,19268.13
2025,7,INSPETOR ALBERTO,Vale Alimentação,PLUXEE BENEFÍCIOS BRASIL,69.034.668/0001-56,5427.0,13841.13
2025,7,INSPETOR ALBERTO,Vale Restaurante,PLUXEE BENEFÍCIOS BRASIL,69.034.668/0001-56,2713.0,11128.13
2025,7,INSPETOR ALBERTO,Passcard´s Eletrônicos,SINDIÔNIBUS,07.341.423/0001-14,0.0,11128.13
2025,7,INSPETOR ALBERTO,Despesas com Comunicação e Divulg. Mandato,PRM-COMUN.GESTÃO EMP. LTDA,37.842.306/0001-03,6500.0,4628.13
2025,7,INSPETOR ALBERTO,Despesas com Serviço Gráfico,GRÁFICA INFORGRAF,35.432.845/0001-30,3512.58,1115.55
2025,7,IRMÃO  LÉO,Vale Combustível,PRIME LTDA,05.340.639/0001-30,6214.0,20924.13
2025,7,IRMÃO  LÉO,Vale Alimentação,PLUXEE BENEFÍCIOS BRASIL,69.034.668/0001-56,5427.0,15497.13
2025,7,IRMÃO  LÉO,Vale Restaurante,PLUXEE BENEFÍCIOS BRASIL,69.034.668/0001-56,2713.0,12784.13
2025,7,IRMÃO  LÉO,Passcard´s Eletrônicos,SINDIÔNIBUS,07.341.423/0001-14,0.0,12784.13
2025,7,IRMÃO  LÉO,Despesas com Comunicação e Divulg. Mandato,MARKETING ON SOFTWARE E PUBLICIDADE LTDA,45.565.661/0001-00,6662.5,6121.63
2025,7,IRMÃO  LÉO,Despesas com Consultória Jurídica,DAMASCENO E ROCHA ADV ASSOCIADOS,17.886.840/0001-04,6094.25,27.3799999999992
2025,7,JÂNIO HENRIQUE,Vale Combustível,PRIME LTDA,05.340.639/0001-30,7850.0,19288.13
2025,7,JÂNIO HENRIQUE,Vale Alimentação,PLUXEE BENEFÍCIOS BRASIL,69.034.668/0001-56,5400.0,13888.13
2025,7,JÂNIO HENRIQUE,Vale Restaurante,PLUXEE BENEFÍCIOS BRASIL,69.034.668/0001-56,2700.0,11188.13
2025,7,JÂNIO HENRIQUE,Passcard´s Eletrônicos,SINDIÔNIBUS,07.341.423/0001-14,0.0,11188.13
2025,7,JÂNIO HENRIQUE,Despesas com Serviço Gráfico,GRÁFICA PRINTCOLOR,02.824.298/0001-80,4493.58,6694.55
2025,7,JÂNIO HENRIQUE,Despesas com Comunicação e Divulgação de Mandato,MARKETING ON SOFTWARE E PUB. LTDA,45.565.661/0001-00,6662.5,32.0499999999993
2025,7,JORGE PINHEIRO,Vale Combustível,PRIME LTDA,05.340.639/0001-30,5100.0,22038.13
2025,7,JORGE PINHEIRO,Vale Alimentação,PLUXEE BENEFÍCIOS BRASIL,69.034.668/0001-56,5427.0,16611.13
2025,7,JORGE PINHEIRO,Vale Restaurante,PLUXEE BENEFÍCIOS BRASIL,69.034.668/0001-56,2713.0,13898.13
2025,7,JORGE PINHEIRO,Passcard´s Eletrônicos,SINDIÔNIBUS,07.341.423/0001-14,297.0,13601.13
2025,7,JORGE PINHEIRO,Despesas com Telefonia Móvel,TELEFÔNICA BRASIL S.A,02.558.157/0001/62,151.91,13449.22
2025,7,JULIERME  SENA,Vale Combustível,PRIME LTDA,05.340.639/0001-30,7100.0,20038.13
2025,7,JULIERME  SENA,Vale Alimentação,PLUXEE BENEFÍCIOS BRASIL,69.034.668/0001-56,5427.63,14610.5
2025,7,JULIERME  SENA,Vale Restaurante,PLUXEE BENEFÍCIOS BRASIL,69.034.668/0001-56,2700.0,11910.5
2025,7,JULIERME  SENA,Passcard´s Eletrônicos,SINDIÔNIBUS,07.341.423/0001-14,1350.0,10560.5
2025,7,JULIERME  SENA,Despesas com Serviço Gráfico,MOTOGRÁFICA,10.670.251/0001-37,4683.44,5877.06
2025,7,JULIERME  SENA,Despesas com Locação de Veículo,CASABLANCA RENT A CAR,03.977.401/0001-94,5050.0,827.06
2025,7,JUNINHO AQUINO( SUPLENTE ),Vale Combustível,PRIME LTDA,05.340.639/0001-30,4170.06,22968.07
2025,7,JUNINHO AQUINO( SUPLENTE ),Vale Alimentação,PLUXEE BENEFÍCIOS BRASIL,69.034.668/0001-56,4720.0,18248.07
2025,7,JUNINHO AQUINO( SUPLENTE ),Vale Restaurante,PLUXEE BENEFÍCIOS BRASIL,69.034.668/0001-56,2713.0,15535.07
2025,7,JUNINHO AQUINO( SUPLENTE ),Passcard´s Eletrônicos,SINDIÔNIBUS,07.341.423/0001-14,279.0,15256.07
2025,7,JUNINHO AQUINO( SUPLENTE ),Despesas com Serviço Gráfico,GRÁFICA SOLUÇÃO,19.386.760/0001-07,5314.74,9941.33
2025,7,JUNINHO AQUINO( SUPLENTE ),Despesas com Comunicação e Divulgação de Mandato,MARKETING ON SOFTWARE E PUB. LTDA,45.565.661/0001-00,6662.5,3278.83
2025,7,JUNINHO AQUINO( SUPLENTE ),Despesas com Consultoria Jurídica,FABIANO GIOVANI ADV,29.941.589/0001-04,2886.75,392.08
2025,7,LÉO COUTO,Vale Combustível,PRIME LTDA,05.340.639/0001-30,5100.0,22038.13
2025,7,LÉO COUTO,Vale Alimentação,PLUXEE BENEFÍCIOS BRASIL,69.034.668/0001-56,3000.0,19038.13
2025,7,LÉO COUTO,Vale Restaurante,PLUXEE BENEFÍCIOS BRASIL,69.034.668/0001-56,2360.0,16678.13
2025,7,LÉO COUTO,Passcard´s Eletrônicos,SINDIÔNIBUS,07.341.423/0001-14,0.0,16678.13
2025,7,LÉO COUTO,Despesas com Consultória Jurídica,BARBOSA E MORAES SOC-ADV,38.028.070/0001-20,5773.5,10904.63
2025,7,LÉO COUTO,Despesas com Locação de Veículo,CASABLANCA RENT A CAR,03.977.401/0001-94,10850.0,54.630000000001
2025,7,LUIZ PAUPINA,Vale Combustível,PRIME LTDA,05.340.639/0001-30,7870.06,19268.07
2025,7,LUIZ PAUPINA,Vale Alimentação,PLUXEE BENEFÍCIOS BRASIL,69.034.668/0001-56,5427.63,13840.44
2025,7,LUIZ PAUPINA,Vale Restaurante,PLUXEE BENEFÍCIOS BRASIL,69.034.668/0001-56,0.0,13840.44
2025,7,LUIZ PAUPINA,Passcard´s Eletrônicos,SINDIÔNIBUS,07.341.423/0001-14,0.0,13840.44
2025,7,LUIZ PAUPINA,Despesas com Serviço Gráfico,GRÁFICA SOLUÇÃO,19.386.760/0001-07,6775.35,7065.09
2025,7,LUIZ PAUPINA,Despesas com Locação de Veículo,CASABLANCA RENT A CAR,06.621.791/0001-53,3400.0,3665.09
2025,7,LUIZ PAUPINA,Despesas com Locação de Veículo,CASABLANCA RENT A CAR,06.621.791/0001-53,3600.0,65.0900000000001
2025,7,LUIZ SERGIO,Vale Combustível,PRIME LTDA,05.340.639/0001-30,2000.0,25138.13
2025,7,LUIZ SERGIO,Vale Alimentação,PLUXEE BENEFÍCIOS BRASIL,69.034.668/0001-56,5358.0,19780.13
2025,7,LUIZ SERGIO,Vale Restaurante,PLUXEE BENEFÍCIOS BRASIL,69.034.668/0001-56,2712.0,17068.13
2025,7,LUIZ SERGIO,Passcard´s Eletrônicos,SINDIÔNIBUS,07.341.423/0001-14,0.0,17068.13
2025,7,LUIZ SERGIO,Despesas com Serviço Gráfico,GRÁFICA SOLUÇÃO,19.386.760/0001-07,6756.51,10311.62
2025,7,LUIZ SERGIO,Despesas com Consultória Jurídica,MATHEUS FERREIRA-SOC.IND.ADV,56.638.251/0001-50,6735.75,3575.87
2025,7,LUIZ SERGIO,Despesas com Comunicação e Divulg. Mandato,PRM-COM.GESTÃO EMP.LTDA,37.842.306/0001-03,3575.0,0.8700000000008
2025,7,MARCEL  COLARES,Vale Combustível,PRIME LTDA,05.340.639/0001-30,6250.0,20888.13
2025,7,MARCEL  COLARES,Vale Alimentação,PLUXEE BENEFÍCIOS BRASIL,69.034.668/0001-56,5400.0,15488.13
2025,7,MARCEL  COLARES,Vale Restaurante,PLUXEE BENEFÍCIOS BRASIL,69.034.668/0001-56,1600.0,13888.13
2025,7,MARCEL  COLARES,Passcard´s Eletrônicos,SINDIÔNIBUS,07.341.423/0001-14,225.0,13663.13
2025,7,MARCEL  COLARES,Despesas com Serviço Gráfico,GRÁFICA ESTRELA,07.097.989/0001-42,6487.78,7175.35
2025,7,MARCEL  COLARES,Despesas com Locação de Veículo,CASABLANCA RENT A CAR,03.977.401/0001-94,7000.0,175.349999999999
2025,7,MARCELO  MENDES,Vale Combustível,PRIME LTDA,05.340.639/0001-30,7800.0,19338.13
2025,7,MARCELO  MENDES,Vale Alimentação,PLUXEE BENEFÍCIOS BRASIL,69.034.668/0001-56,5410.0,13928.13
2025,7,MARCELO  MENDES,Vale Restaurante,PLUXEE BENEFÍCIOS BRASIL,69.034.668/0001-56,2713.8,11214.33
2025,7,MARCELO  MENDES,Passcard´s Eletrônicos Metropolitano,SINDIÔNIBUS,07.341.423/0001-14,238.0,10976.33
2025,7,MARCELO  MENDES,Passcard´s Eletrônicos Urbano,SINDIÔNIBUS,07.341.423/0001-14,360.0,10616.33
2025,7,MARCELO  MENDES,Despesas com Locação de Veículo,CASABLANCA RENT A CAR,03.977.401/0001-94,10600.0,16.3300000000017
2025,7,MARCELO TCHELA ( SUPLENTE ),Vale Combustível,PRIME LTDA,05.340.639/0001-30,7792.0,19346.13
2025,7,MARCELO TCHELA ( SUPLENTE ),Vale Alimentação,PLUXEE BENEFÍCIOS BRASIL,69.034.668/0001-56,5420.0,13926.13
2025,7,MARCELO TCHELA ( SUPLENTE ),Vale Restaurante,PLUXEE BENEFÍCIOS BRASIL,69.034.668/0001-56,2710.0,11216.13
2025,7,MARCELO TCHELA ( SUPLENTE ),Passcard´s Eletrônicos,SINDIÔNIBUS,07.341.423/0001-14,540.0,10676.13
2025,7,MARCELO TCHELA ( SUPLENTE ),Despesas com Serviço Gráfico,GRÁFICA  PRINTCOLOR,02.824.298/0001-80,5596.71,5079.42
2025,7,MARCELO TCHELA ( SUPLENTE ),Despesas com Locação de Veículo,CASABLANCA RENT A CAR,06.621.791/0001-53,5040.0,39.4199999999992
2025,7,MARCOS PAULO,Vale Combustível,PRIME LTDA,05.340.639/0001-30,7500.0,19638.13
2025,7,MARCOS PAULO,Vale Alimentação,PLUXEE BENEFÍCIOS BRASIL,69.034.668/0001-56,4427.63,15210.5
2025,7,MARCOS PAULO,Vale Restaurante,PLUXEE BENEFÍCIOS BRASIL,69.034.668/0001-56,2713.0,12497.5
2025,7,MARCOS PAULO,Passcard´s Eletrônicos,SINDIÔNIBUS,07.341.423/0001-14,0.0,12497.5
2025,7,MARCOS PAULO,Despesas com Serviço Gráfico,GRÁFICA SOLUÇÃO,19.386.760/0001-07,6775.35,5722.15
2025,7,MARCOS PAULO,Despesas com Locação de Veículo,CASABLANCA RENT A CAR,03.977.401/0001-94,5722.0,0.149999999999636
2025,7,MARI  LACERDA,Vale Combustível,PRIME LTDA,05.340.639/0001-30,4264.0,22874.13
2025,7,MARI  LACERDA,Vale Alimentação,PLUXEE BENEFÍCIOS BRASIL,69.034.668/0001-56,4500.0,18374.13
2025,7,MARI  LACERDA,Vale Restaurante,PLUXEE BENEFÍCIOS BRASIL,69.034.668/0001-56,2500.0,15874.13
2025,7,MARI  LACERDA,Passcard´s Eletrônicos,SINDIÔNIBUS,07.341.423/0001-14,504.0,15370.13
2025,7,MARI  LACERDA,Despesas com  Telefonia Móvel,CLARO S.A,40.432.544/0001/47,37.77,15332.36
2025,7,MARI  LACERDA,Despesas com Locação de Veículo,CASABLANCA RENT A CAR,03.977.401/0001-94,4360.0,10972.36
2025,7,MARI  LACERDA,Despesas com Locação de Veículo,CASABLANCA RENT A CAR,03.977.401/0001-94,5145.0,5827.36
2025,7,MICHEL  LINS,Vale Combustível,PRIME LTDA,05.340.639/0001-30,0.0,27138.13
2025,7,MICHEL  LINS,Vale Alimentação,PLUXEE BENEFÍCIOS BRASIL,69.034.668/0001-56,4720.0,22418.13
2025,7,MICHEL  LINS,Vale Restaurante,PLUXEE BENEFÍCIOS BRASIL,69.034.668/0001-56,2360.0,20058.13
2025,7,MICHEL  LINS,Passcard´s Eletrônicos,SINDIÔNIBUS,07.341.423/0001-14,360.0,19698.13
2025,7,MICHEL  LINS,Despesas com Comunicação e Divulgação de Mandato,MARKETING ON SOFTWARE E PUB. LTDA,45.565.661/0001-00,6662.5,13035.63
2025,7,MICHEL  LINS,Despesas com Serviço Gráfico,GRÁFICA RDS,02.265.186/0001-36,2174.93,10860.7
2025,7,MICHEL  LINS,Despesas com Locação de Veículo,CASABLANCA RENT A CAR,03.977.401/0001-94,10850.0,10.7000000000007
2025,7,PAULO MARTINS,Vale Combustível,PRIME LTDA,05.340.639/0001-30,7850.0,19288.13
2025,7,PAULO MARTINS,Vale Alimentação,PLUXEE BENEFÍCIOS BRASIL,69.034.668/0001-56,5420.0,13868.13
2025,7,PAULO MARTINS,Vale Restaurante,PLUXEE BENEFÍCIOS BRASIL,69.034.668/0001-56,2713.0,11155.13
2025,7,PAULO MARTINS,Passcard´s Eletrônicos,SINDIÔNIBUS,07.341.423/0001-14,1836.0,9319.13
2025,7,PAULO MARTINS,Despesas com Telefonia Móvel,TELEFÔNICA BRASIL S.A,02.558.157/0001/62,151.91,9167.22
2025,7,PAULO MARTINS,Despesas com  Telefonia Móvel,CLARO S.A,40.432.544/0001/47,43.69,9123.53
2025,7,PAULO MARTINS,Despesas com Locação de Veículo,CASABLANCA RENT A CAR,03.977.401/0001-94,5050.0,4073.53
2025,7,PAULO MARTINS,Despesas com Locação de Veículo,CASABLANCA RENT A CAR,03.977.401/0001-94,4000.0,73.5299999999988
2025,7,PPCELL,Vale Combustível,PRIME LTDA,05.340.639/0001-30,7870.0,19268.13
2025,7,PPCELL,Vale Alimentação,PLUXEE BENEFÍCIOS BRASIL,69.034.668/0001-56,5427.0,13841.13
2025,7,PPCELL,Vale Restaurante,PLUXEE BENEFÍCIOS BRASIL,69.034.668/0001-56,2713.0,11128.13
2025,7,PPCELL,Passcard´s Eletrônicos,SINDIÔNIBUS,07.341.423/0001-14,0.0,11128.13
2025,7,PPCELL,Despesas com Serviço Gráfico,GRÁFICA RDS,02.265.186/0001-36,4413.96,6714.17
2025,7,PPCELL,Despesas com Locação de Veículo,CASABLANCA RENT A CAR,03.977.401/0001-94,6510.0,204.169999999999
2025,7,PRISCILA  COSTA,Vale Combustível,PRIME LTDA,05.340.639/0001-30,5190.0,21948.13
2025,7,PRISCILA  COSTA,Vale Alimentação,PLUXEE BENEFÍCIOS BRASIL,69.034.668/0001-56,4720.0,17228.13
2025,7,PRISCILA  COSTA,Vale Restaurante,PLUXEE BENEFÍCIOS BRASIL,69.034.668/0001-56,2360.0,14868.13
2025,7,PRISCILA  COSTA,Passcard´s Eletrônicos,SINDIÔNIBUS,07.341.423/0001-14,0.0,14868.13
2025,7,PRISCILA  COSTA,Desp.com Comunicação e Divulg. de Mandato,PRM Comunic.Gestão Emp. ltda,37.842.306/0001-03,3900.0,10968.13
2025,7,PRISCILA  COSTA,Despesas com Consultória Jurídica,BARBOSA E MORAES SOC-ADV,38.028.070/0001-20,5132.0,5836.13
2025,7,PRISCILA  COSTA,Despesas com Passagem aérea,R MORAES AGENCIA DE TURISMO,06.955.770/0001-74,2672.79,3163.34
2025,7,PROF. AGUIAR TOBA,Vale Combustível,PRIME LTDA,05.340.639/0001-30,7870.05,19268.08
2025,7,PROF. AGUIAR TOBA,Vale Alimentação,PLUXEE BENEFÍCIOS BRASIL,69.034.668/0001-56,5427.63,13840.45
2025,7,PROF. AGUIAR TOBA,Vale Restaurante,PLUXEE BENEFÍCIOS BRASIL,69.034.668/0001-56,2713.8,11126.65
2025,7,PROF. AGUIAR TOBA,Passcard´s Eletrônicos,SINDIÔNIBUS,07.341.423/0001-14,0.0,11126.65
2025,7,PROF. AGUIAR TOBA,Despesas com Comunicação e Divulgação de Mandato,MARKETING ON SOFTWARE E PUB. LTDA,45.565.661/0001-00,6662.5,4464.15
2025,7,PROF. AGUIAR TOBA,Despesas com Serviço Gráfico,GRÁFICA SOLUÇÃO,19.386.760/0001-07,4425.85,38.2999999999993
2025,7,PROFESSOR ENILSON,Vale Combustível,PRIME LTDA,05.340.639/0001-30,7592.0,19546.13
2025,7,PROFESSOR ENILSON,Vale Alimentação,PLUXEE BENEFÍCIOS BRASIL,69.034.668/0001-56,5420.0,14126.13
2025,7,PROFESSOR ENILSON,Vale Restaurante,PLUXEE BENEFÍCIOS BRASIL,69.034.668/0001-56,2360.0,11766.13
2025,7,PROFESSOR ENILSON,Passcard´s Eletrônicos,SINDIÔNIBUS,07.341.423/0001-14,0.0,11766.13
2025,7,PROFESSOR ENILSON,Despesas com Serviço Gráfico,GRÁFICA SOLUÇÃO,19.386.760/0001-07,6652.85,5113.28
2025,7,PROFESSOR ENILSON,Despesas com Comunicação e Divulg.Mandato,NAYANE SANTIAGO A.C F. PRODUÇÕES,32.075.292/0001-18,4998.5,114.779999999999
2025,7,RAIMUNDO FILHO ( SUPLENTE ),Vale Combustível,PRIME LTDA,05.340.639/0001-30,7044.0,20094.13
2025,7,RAIMUNDO FILHO ( SUPLENTE ),Vale Alimentação,PLUXEE BENEFÍCIOS BRASIL,69.034.668/0001-56,5400.0,14694.13
2025,7,RAIMUNDO FILHO ( SUPLENTE ),Vale Restaurante,PLUXEE BENEFÍCIOS BRASIL,69.034.668/0001-56,2360.0,12334.13
2025,7,RAIMUNDO FILHO ( SUPLENTE ),Passcard´s Eletrônicos,SINDIÔNIBUS,07.341.423/0001-14,0.0,12334.13
2025,7,RAIMUNDO FILHO ( SUPLENTE ),Despesas com Serviço Gráfico,GRÁFICA SOLUÇÃO,19.386.760/0001-07,5653.98,6680.15
2025,7,RAIMUNDO FILHO ( SUPLENTE ),Despesas com Locação de Veículo,CASABLANCA RENT A CAR,03.977.401/0001-94,6680.0,0.149999999999636
2025,7,RENÉ  PESSOA,Vale Combustível,PRIME LTDA,05.340.639/0001-30,7870.06,19268.07
2025,7,RENÉ  PESSOA,Vale Alimentação,PLUXEE BENEFÍCIOS BRASIL,69.034.668/0001-56,5427.63,13840.44
2025,7,RENÉ  PESSOA,Vale Restaurante,PLUXEE BENEFÍCIOS BRASIL,69.034.668/0001-56,2713.81,11126.63
2025,7,RENÉ  PESSOA,Passcard´s Eletrônicos,SINDIÔNIBUS,07.341.423/0001-14,207.0,10919.63
2025,7,RENÉ  PESSOA,Despesas com Locação de Veículo,CASABLANCA RENT A CAR,03.977.401/0001-94,10160.0,759.629999999999
2025,7,RONALDO  MARTINS,Vale Combustível,PRIME LTDA,05.340.639/0001-30,7692.0,19446.13
2025,7,RONALDO  MARTINS,Vale Alimentação,PLUXEE BENEFÍCIOS BRASIL,69.034.668/0001-56,5420.0,14026.13
2025,7,RONALDO  MARTINS,Vale Restaurante,PLUXEE BENEFÍCIOS BRASIL,69.034.668/0001-56,2713.0,11313.13
2025,7,RONALDO  MARTINS,Passcard´s Eletrônicos,SINDIÔNIBUS,07.341.423/0001-14,1872.0,9441.13
2025,7,RONALDO  MARTINS,Despesas com Passagem aérea,R MORAES AGENCIA DE TURISMO,06.955.770/0001-74,2978.4,6462.73
2025,7,RONALDO  MARTINS,Despesas com locação de veículo,CASABLANCA RENT A CAR,03.977.401/0001-94,6000.0,462.73
2025,7,TAM OLIVEIRA ( SUPLENTE ),Vale Combustível,PRIME LTDA,05.340.639/0001-30,5000.0,22138.13
2025,7,TAM OLIVEIRA ( SUPLENTE ),Vale Alimentação,PLUXEE BENEFÍCIOS BRASIL,69.034.668/0001-56,5400.0,16738.13
2025,7,TAM OLIVEIRA ( SUPLENTE ),Vale Restaurante,PLUXEE BENEFÍCIOS BRASIL,69.034.668/0001-56,0.0,16738.13
2025,7,TAM OLIVEIRA ( SUPLENTE ),Passcard´s Eletrônicos,SINDIÔNIBUS,07.341.423/0001-14,0.0,16738.13
2025,7,TAM OLIVEIRA ( SUPLENTE ),Desp.com Comunicação e Divulg. de Mandato,PRM Comunic.Gestão Emp. ltda,37.842.306/0001-03,6500.0,10238.13
2025,7,TAM OLIVEIRA ( SUPLENTE ),Despesas com Consultória Jurídica,MATHEUS FERREIRA-SOC.IND. DE ADVOCACIA,56.638.251/0001-50,6735.75,3502.38
2025,7,TAM OLIVEIRA ( SUPLENTE ),Despesas com Serviço Gráfico,GRÁFICA SOLUÇÃO,19.386.760/0001-07,3339.0,163.380000000001
2025,7,TIA FRANCISCA ( SUPLENTE ),Vale Combustível,PRIME LTDA,05.340.639/0001-30,6500.0,20638.13
2025,7,TIA FRANCISCA ( SUPLENTE ),Vale Alimentação,PLUXEE BENEFÍCIOS BRASIL,69.034.668/0001-56,5400.0,15238.13
2025,7,TIA FRANCISCA ( SUPLENTE ),Vale Restaurante,PLUXEE BENEFÍCIOS BRASIL,69.034.668/0001-56,2713.0,12525.13
2025,7,TIA FRANCISCA ( SUPLENTE ),Passcard´s Eletrônicos,SINDIÔNIBUS,07.341.423/0001-14,247.5,12277.63
2025,7,TIA FRANCISCA ( SUPLENTE ),Despesas com Consultoria Jurídica,ANTÔNIO ALBUQUERQUE,47.730.644/0001-07,3207.5,9070.13
2025,7,TIA FRANCISCA ( SUPLENTE ),Despesas com Locação de Veículo,CASABLANCA RENT A CAR,03.977.401/0001-94,6000.0,3070.13
2025,7,TONY BRITO,Vale Combustível,PRIME LTDA,05.340.639/0001-30,7100.0,20038.13
2025,7,TONY BRITO,Vale Alimentação,PLUXEE BENEFÍCIOS BRASIL,69.034.668/0001-56,5000.0,15038.13
2025,7,TONY BRITO,Vale Restaurante,PLUXEE BENEFÍCIOS BRASIL,69.034.668/0001-56,2500.0,12538.13
2025,7,TONY BRITO,Passcard´s Eletrônicos,SINDIÔNIBUS,07.341.423/0001-14,0.0,12538.13
2025,7,TONY BRITO,Despesas com Comunicação e Divulgação de Mandato,PRM COMUNIC. GESTÃO EMPRES. LTDA,37.842.306/0001-03,5525.0,7013.13
2025,7,TONY BRITO,Despesas com Locação de Veículo,CASABLANCA RENT A CAR,06.621.791/0001-53,7000.0,13.1299999999992
2025,7,WELLINGTON SÁBOIA,Vale Combustível,PRIME LTDA,05.340.639/0001-30,7870.06,19268.07
2025,7,WELLINGTON SÁBOIA,Vale Alimentação,PLUXEE BENEFÍCIOS BRASIL,69.034.668/0001-56,5427.59,13840.48
2025,7,WELLINGTON SÁBOIA,Vale Restaurante,PLUXEE BENEFÍCIOS BRASIL,69.034.668/0001-56,2676.35,11164.13
2025,7,WELLINGTON SÁBOIA,Passcard´s Eletrônicos,SINDIÔNIBUS,07.341.423/0001-14,216.0,10948.13
2025,7,WELLINGTON SÁBOIA,Despesas com  Telefonia Móvel,CLARO S.A,40.432.544/0001/47,87.4,10860.73
2025,7,WELLINGTON SÁBOIA,Despesas com Locação de Veículo,CASABLANCA RENT A CAR,03.977.401/0001-94,10850.0,10.7299999999996
2025,8,ADAIL JUNIOR,Vale Combustível,PRIME LTDA,05.340.639/0001-30,7870.0,19283.3
2025,8,ADAIL JUNIOR,Vale Alimentação,PLUXEE BENEFÍCIOS BRASIL,69.034.668/0001-56,5427.0,13856.3
2025,8,ADAIL JUNIOR,Vale Restaurante,PLUXEE BENEFÍCIOS BRASIL,69.034.668/0001-56,2713.0,11143.3
2025,8,ADAIL JUNIOR,Passcard´s Eletrônicos,SINDIÔNIBUS,07.341.423/0001-14,0.0,11143.3
2025,8,ADAIL JUNIOR,Despesas com Consultória Jurídica,THIAGO MONTEZUMA-ADV ASSOCIADOS,59.861.314/0001-21,6699.0,4444.3
2025,8,ADAIL JUNIOR,Despesas com Locação de Veículo,CASABLANCA RENT A CAR,03.977.401/0001-94,4444.0,0.299999999999272
2025,8,ADRIANA ALMEIDA,Vale Combustível,PRIME LTDA,05.340.639/0001-30,3600.0,26545.49
2025,8,ADRIANA ALMEIDA,Vale Alimentação,PLUXEE BENEFÍCIOS BRASIL,69.034.668/0001-56,4000.0,22545.49
2025,8,ADRIANA ALMEIDA,Vale Restaurante,PLUXEE BENEFÍCIOS BRASIL,69.034.668/0001-56,1500.0,21045.49
2025,8,ADRIANA ALMEIDA,Passcard´s Eletrônicos,SINDIÔNIBUS,07.341.423/0001-14,909.0,20136.49
2025,8,ADRIANA ALMEIDA,Despesas com Consultoria Jurídica,BRUNO DE SOUSA-ADV,47.771.413/0001-33,4490.5,15645.99
2025,8,ADRIANA ALMEIDA,Despesas com Serviço Gráfico,GRÁFICA PRINTCOLOR,02.824.298/0001-80,6781.27,8864.72
2025,8,ADRIANA ALMEIDA,Despesas com Locação de Veículo,CASABLANCA RENT A CAR,03.977.401/0001-94,5145.0,3719.72
2025,8,ADRIANA ALMEIDA,Despesas com Locação de Veículo,CASABLANCA RENT A CAR,03.977.401/0001-94,3216.0,503.720000000001
2025,8,ADRIANA GERÔNIMO,Vale Combustível,PRIME LTDA,05.340.639/0001-30,6429.0,22209.33
2025,8,ADRIANA GERÔNIMO,Vale Alimentação,PLUXEE BENEFÍCIOS BRASIL,69.034.668/0001-56,5427.63,16781.7
2025,8,ADRIANA GERÔNIMO,Vale Restaurante,PLUXEE BENEFÍCIOS BRASIL,69.034.668/0001-56,2713.81,14067.89
2025,8,ADRIANA GERÔNIMO,Passcard´s Eletrônicos,SINDIÔNIBUS,07.341.423/0001-14,1701.0,12366.89
2025,8,ADRIANA GERÔNIMO,Despesas com Telefonia Móvel,TELEFÔNICA BRASIL S.A,02.558.157/0001/62,1193.95,11172.94
2025,8,ADRIANA GERÔNIMO,Despesas com  Telefonia Móvel,TIM S.A,02.421421/0001-11,62.9,11110.04
2025,8,ADRIANA GERÔNIMO,Despesas com Consultória Jurídica,BRUNO SOUSA – ADV,47.771.413/0001-33,4490.5,6619.54
2025,8,ADRIANA GERÔNIMO,Despesas com Locação de Veículo,CASABLANCA RENT A CAR,03.977.401/0001-94,3619.14,3000.4
2025,8,ADRIANA GERÔNIMO,Despesas com Locação de Ônibus,CASABLANCA RENT A CAR,03.977.401/0001-94,1760.0,1240.4
2025,8,AGLAYLSON FIGUEIREDO,Vale Combustível,PRIME LTDA,05.340.639/0001-30,7600.0,21026.26
2025,8,AGLAYLSON FIGUEIREDO,Vale Alimentação,PLUXEE BENEFÍCIOS BRASIL,69.034.668/0001-56,4500.0,16526.26
2025,8,AGLAYLSON FIGUEIREDO,Vale Restaurante,PLUXEE BENEFÍCIOS BRASIL,69.034.668/0001-56,2700.0,13826.26
2025,8,AGLAYLSON FIGUEIREDO,Passcard´s Eletrônicos,SINDIÔNIBUS,07.341.423/0001-14,0.0,13826.26
2025,8,AGLAYLSON FIGUEIREDO,Despesas com Locação de Veículo,CASABLANCA RENT A CAR,03.977.401/0001-94,10850.0,2976.26
2025,8,BELLA  CARMELO,Vale Combustível,PRIME LTDA,05.340.639/0001-30,3500.0,31404.36
2025,8,BELLA  CARMELO,Vale Alimentação,PLUXEE BENEFÍCIOS BRASIL,69.034.668/0001-56,2300.0,29104.36
2025,8,BELLA  CARMELO,Vale Restaurante,PLUXEE BENEFÍCIOS BRASIL,69.034.668/0001-56,2700.0,26404.36
2025,8,BELLA  CARMELO,Passcard´s Eletrônicos,SINDIÔNIBUS,07.341.423/0001-14,0.0,26404.36
2025,8,BELLA  CARMELO,Despesas com Telefonia Móvel,CLARO S.A,40.432.544/0001-47,21.9,26382.46
2025,8,BELLA  CARMELO,Despesas com Locação de Veículo,CASABLANCA RENT A CAR,03.977.401/0001-94,10850.0,15532.46
2025,8,BENIGNO  JUNIOR,Vale Combustível,PRIME LTDA,05.340.639/0001-30,7500.0,19949.59
2025,8,BENIGNO  JUNIOR,Vale Alimentação,PLUXEE BENEFÍCIOS BRASIL,69.034.668/0001-56,5400.0,14549.59
2025,8,BENIGNO  JUNIOR,Vale Restaurante,PLUXEE BENEFÍCIOS BRASIL,69.034.668/0001-56,2700.0,11849.59
2025,8,BENIGNO  JUNIOR,Passcard´s Eletrônicos,SINDIÔNIBUS,07.341.423/0001-14,0.0,11849.59
2025,8,BENIGNO  JUNIOR,Despesas com Serviço Gráfico,GRÁFICA COPY JET DIGITAL,32.656.125/0001-60,5090.4,6759.19
2025,8,BENIGNO  JUNIOR,Despesas com Locação de Veículo,CASABLANCA RENT A CAR,03.977.401/0001-94,6090.0,669.190000000001
2025,8,BRUNO MESQUITA,Vale Combustível,PRIME LTDA,05.340.639/0001-30,7844.0,24563.26
2025,8,BRUNO MESQUITA,Vale Alimentação,PLUXEE BENEFÍCIOS BRASIL,69.034.668/0001-56,5420.0,19143.26
2025,8,BRUNO MESQUITA,Vale Restaurante,PLUXEE BENEFÍCIOS BRASIL,69.034.668/0001-56,2710.0,16433.26
2025,8,BRUNO MESQUITA,Passcard´s Eletrônicos,SINDIÔNIBUS,07.341.423/0001-14,225.0,16208.26
2025,8,BRUNO MESQUITA,Despesas com Serviço Gráfico,GRÁFICA RDS,02.265.186/0001-36,6677.67,9530.59
2025,8,BRUNO MESQUITA,Despesas com Locação de Veículo,CASABLANCA RENT A CAR,03.977.401/0001-94,5670.0,3860.59
2025,8,CARLA IBIAPINA,Vale Combustível,PRIME LTDA,05.340.639/0001-30,7000.0,20270.59
2025,8,CARLA IBIAPINA,Vale Alimentação,PLUXEE BENEFÍCIOS BRASIL,69.034.668/0001-56,5426.0,14844.59
2025,8,CARLA IBIAPINA,Vale Restaurante,PLUXEE BENEFÍCIOS BRASIL,69.034.668/0001-56,2713.0,12131.59
2025,8,CARLA IBIAPINA,Passcard´s Eletrônicos,SINDIÔNIBUS,07.341.423/0001-14,0.0,12131.59
2025,8,CARLA IBIAPINA,Despesas com Serviço Gráfico,GRÁFICA SOLUÇÃO,19.386.760/0001-07,5465.51,6666.08
2025,8,CARLA IBIAPINA,Despesas com Comunicação e Divulgação de Mandato,MARKETING ON SOFTWARE E PUB. LTDA,45.565.661/0001-00,6662.5,3.57999999999993
2025,8,CHIQUINHO DOS CARNEIROS,Vale Combustível,PRIME LTDA,05.340.639/0001-30,7870.0,20243.51
2025,8,CHIQUINHO DOS CARNEIROS,Vale Alimentação,PLUXEE BENEFÍCIOS BRASIL,69.034.668/0001-56,5426.0,14817.51
2025,8,CHIQUINHO DOS CARNEIROS,Vale Restaurante,PLUXEE BENEFÍCIOS BRASIL,69.034.668/0001-56,2712.0,12105.51
2025,8,CHIQUINHO DOS CARNEIROS,Passcard´s Eletrônicos,SINDIÔNIBUS,07.341.423/0001-14,0.0,12105.51
2025,8,CHIQUINHO DOS CARNEIROS,Despesas com Comunicação e Divulg.Mandato,NAYANE SANTIAGO A.C F. PRODUÇÕES,32.075.292/0001-18,4225.0,7880.51
2025,8,CHIQUINHO DOS CARNEIROS,Despesas com Consultória Jurídica,PUPO ADVOCACIA S/S,12.576.687/0001-97,6654.5,1226.01
2025,8,CLAÚDIO LIMA( SUPLENTE ),Vale Combustível,PRIME LTDA,05.340.639/0001-30,7800.0,19423.26
2025,8,CLAÚDIO LIMA( SUPLENTE ),Vale Alimentação,PLUXEE BENEFÍCIOS BRASIL,69.034.668/0001-56,5400.0,14023.26
2025,8,CLAÚDIO LIMA( SUPLENTE ),Vale Restaurante,PLUXEE BENEFÍCIOS BRASIL,69.034.668/0001-56,2700.0,11323.26
2025,8,CLAÚDIO LIMA( SUPLENTE ),Passcard´s Eletrônicos,SINDIÔNIBUS,07.341.423/0001-14,0.0,11323.26
2025,8,CLAÚDIO LIMA( SUPLENTE ),Despesas com  Telefonia Móvel,TELEFÔNICA BRASIL S.A,02.558.157/0001/62,0.0,11323.26
2025,8,CLAÚDIO LIMA( SUPLENTE ),Despesas com Comunicação e Divulgação de Mandato,R e K PRODUCÕES E ASSESORIA LTDA,16.880.815/0001-42,6662.5,4660.76
2025,8,CLAÚDIO LIMA( SUPLENTE ),Despesas com Consultória Jurídica,CARVALHO E SANTOS ADV,34.636.322/0001-43,4490.5,170.26
2025,8,DR. LUCIANO GIRÃO,Vale Combustível,PRIME LTDA,05.340.639/0001-30,7870.0,19268.32
2025,8,DR. LUCIANO GIRÃO,Vale Alimentação,PLUXEE BENEFÍCIOS BRASIL,69.034.668/0001-56,5420.0,13848.32
2025,8,DR. LUCIANO GIRÃO,Vale Restaurante,PLUXEE BENEFÍCIOS BRASIL,69.034.668/0001-56,2713.0,11135.32
2025,8,DR. LUCIANO GIRÃO,Passcard´s Eletrônicos,SINDIÔNIBUS,07.341.423/0001-14,0.0,11135.32
2025,8,DR. LUCIANO GIRÃO,Despesas com Telefonia Móvel,TELEFÔNICA BRASIL S.A,02.558.157/0001/62,37.98,11097.34
2025,8,DR. LUCIANO GIRÃO,Despesas com Telefonia Móvel,TELEFÔNICA BRASIL S.A,02.558.157/0001/62,1193.94,9903.4
2025,8,DR. LUCIANO GIRÃO,Despesas com  Telefonia Móvel,CLARO S.A,40.432.544/0001/47,57.02,9846.38
2025,8,DR. LUCIANO GIRÃO,Despesas com Locação de Veículo,CASABLANCA RENT A CAR,03.977.401/0001-94,9840.0,6.3799999999992
2025,8,DR. VICENTE,Vale Combustível,PRIME LTDA,05.340.639/0001-30,7800.0,19339.85
2025,8,DR. VICENTE,Vale Alimentação,PLUXEE BENEFÍCIOS BRASIL,69.034.668/0001-56,4800.0,14539.85
2025,8,DR. VICENTE,Vale Restaurante,PLUXEE BENEFÍCIOS BRASIL,69.034.668/0001-56,2700.0,11839.85
2025,8,DR. VICENTE,Passcard´s Eletrônicos,SINDIÔNIBUS,07.341.423/0001-14,360.0,11479.85
2025,8,DR. VICENTE,Despesas com  Telefonia Móvel,CLARO S.A,40.432.544/0001/47,792.4,10687.45
2025,8,DR. VICENTE,Despesas com Consultória Jurídica,BRUNO SOUSA – ADV,47.771.413/0001-33,5132.0,5555.45
2025,8,DR. VICENTE,Despesas com Serviço Gráfico,GRÁFICA PRINTCOLOR,02.824.298/0001-80,5552.01,3.44000000000051
2025,8,ESTRELA BARROS,Vale Combustível,PRIME LTDA,05.340.639/0001-30,4127.0,23019.91
2025,8,ESTRELA BARROS,Vale Alimentação,PLUXEE BENEFÍCIOS BRASIL,69.034.668/0001-56,5427.0,17592.91
2025,8,ESTRELA BARROS,Vale Restaurante,PLUXEE BENEFÍCIOS BRASIL,69.034.668/0001-56,0.0,17592.91
2025,8,ESTRELA BARROS,Passcard´s Eletrônicos,SINDIÔNIBUS,07.341.423/0001-14,0.0,17592.91
2025,8,ESTRELA BARROS,Despesas com Serviço Gráfico,GRÁFICA SOLUÇÃO,19.386.760/0001-07,6775.35,10817.56
2025,8,ESTRELA BARROS,Despesas com Locação de Veículo,CASABLANCA RENT A CAR,03.977.401/0001-94,10800.0,17.5599999999995
2025,8,GABRIEL AGUIAR,Vale Combustível,PRIME LTDA,05.340.639/0001-30,6300.0,21474.26
2025,8,GABRIEL AGUIAR,Vale Alimentação,PLUXEE BENEFÍCIOS BRASIL,69.034.668/0001-56,5100.0,16374.26
2025,8,GABRIEL AGUIAR,Vale Restaurante,PLUXEE BENEFÍCIOS BRASIL,69.034.668/0001-56,2400.0,13974.26
2025,8,GABRIEL AGUIAR,Passcard´s Eletrônicos,SINDIÔNIBUS,07.341.423/0001-14,2250.0,11724.26
2025,8,GABRIEL AGUIAR,Despesas com Locação de Veículo,CASABLANCA RENT A CAR,03.977.401/0001-94,5670.0,6054.26
2025,8,GABRIEL AGUIAR,Despesas com Locação de Ônibus,CASABLANCA RENT A CAR,03.977.401/0001-94,3520.0,2534.26
2025,8,GARDEL  ROLIM,Vale Combustível,PRIME LTDA,05.340.639/0001-30,7500.0,19643.89
2025,8,GARDEL  ROLIM,Vale Alimentação,PLUXEE BENEFÍCIOS BRASIL,69.034.668/0001-56,5400.0,14243.89
2025,8,GARDEL  ROLIM,Vale Restaurante,PLUXEE BENEFÍCIOS BRASIL,69.034.668/0001-56,2700.0,11543.89
2025,8,GARDEL  ROLIM,Passcard´s Eletrônicos,SINDIÔNIBUS,07.341.423/0001-14,225.0,11318.89
2025,8,GARDEL  ROLIM,Despesas com Telefonia Móvel,TELEFÔNICA BRASIL S.A,02.558.157/0001/62,113.93,11204.96
2025,8,GARDEL  ROLIM,Despesas com Serviço Gráfico,GRÁFICA  PRINTCOLOR,02.824.298/0001-80,4683.44,6521.52
2025,8,GARDEL  ROLIM,Despesas com Locação de Veículo,CASABLANCA RENT A CAR,06.621.791/0001-53,6510.0,11.5199999999995
2025,8,IGOR NOGUEIRA( SUPLENTE),Vale Combustível,PRIME LTDA,05.340.639/0001-30,7870.0,19376.13
2025,8,IGOR NOGUEIRA( SUPLENTE),Vale Alimentação,PLUXEE BENEFÍCIOS BRASIL,69.034.668/0001-56,5427.0,13949.13
2025,8,IGOR NOGUEIRA( SUPLENTE),Vale Restaurante,PLUXEE BENEFÍCIOS BRASIL,69.034.668/0001-56,2713.81,11235.32
2025,8,IGOR NOGUEIRA( SUPLENTE),Passcard´s Eletrônicos,SINDIÔNIBUS,07.341.423/0001-14,0.0,11235.32
2025,8,IGOR NOGUEIRA( SUPLENTE),Despesas com Telefonia Móvel,CLARO S.A,40.432.544/0001/47,258.36,10976.96
2025,8,IGOR NOGUEIRA( SUPLENTE),Despesas com Telefonia Móvel,TIM S.A,02.421.421/0001-11,62.9,10914.06
2025,8,IGOR NOGUEIRA( SUPLENTE),Despesas com Locação de Veículo,CASABLANCA RENT A CAR,03.977.401/0001-94,10850.0,64.0599999999995
2025,8,INSPETOR ALBERTO,Vale Combustível,PRIME LTDA,05.340.639/0001-30,7870.0,20383.68
2025,8,INSPETOR ALBERTO,Vale Alimentação,PLUXEE BENEFÍCIOS BRASIL,69.034.668/0001-56,5427.0,14956.68
2025,8,INSPETOR ALBERTO,Vale Restaurante,PLUXEE BENEFÍCIOS BRASIL,69.034.668/0001-56,2713.0,12243.68
2025,8,INSPETOR ALBERTO,Passcard´s Eletrônicos,SINDIÔNIBUS,07.341.423/0001-14,0.0,12243.68
2025,8,INSPETOR ALBERTO,Despesas com Comunicação e Divulg. Mandato,PRM-COMUN.GESTÃO EMP. LTDA,37.842.306/0001-03,6500.0,5743.68
2025,8,INSPETOR ALBERTO,Despesas com Serviço Gráfico,GRÁFICA INFORGRAF,35.432.845/0001-30,4683.44,1060.24
2025,8,IRMÃO  LÉO,Vale Combustível,PRIME LTDA,05.340.639/0001-30,6214.0,20951.51
2025,8,IRMÃO  LÉO,Vale Alimentação,PLUXEE BENEFÍCIOS BRASIL,69.034.668/0001-56,5427.0,15524.51
2025,8,IRMÃO  LÉO,Vale Restaurante,PLUXEE BENEFÍCIOS BRASIL,69.034.668/0001-56,2713.0,12811.51
2025,8,IRMÃO  LÉO,Passcard´s Eletrônicos,SINDIÔNIBUS,07.341.423/0001-14,0.0,12811.51
2025,8,IRMÃO  LÉO,Despesas com Comunicação e Divulg. Mandato,MARKETING ON SOFTWARE E PUBLICIDADE LTDA,45.565.661/0001-00,6662.5,6149.01
2025,8,IRMÃO  LÉO,Despesas com Consultória Jurídica,DAMASCENO E ROCHA ADV ASSOCIADOS,17.886.840/0001-04,6094.25,54.7600000000002
2025,8,JÂNIO HENRIQUE,Vale Combustível GAB 24,PRIME LTDA,05.340.639/0001-30,7850.0,19320.18
2025,8,JÂNIO HENRIQUE,Vale Alimentação,PLUXEE BENEFÍCIOS BRASIL,69.034.668/0001-56,5400.0,13920.18
2025,8,JÂNIO HENRIQUE,Vale Restaurante,PLUXEE BENEFÍCIOS BRASIL,69.034.668/0001-56,2700.0,11220.18
2025,8,JÂNIO HENRIQUE,Passcard´s Eletrônicos,SINDIÔNIBUS,07.341.423/0001-14,0.0,11220.18
2025,8,JÂNIO HENRIQUE,Despesas com Serviço Gráfico,GRÁFICA PRINTCOLOR,02.824.298/0001-80,4493.58,6726.6
2025,8,JÂNIO HENRIQUE,Despesas com Comunicação e Divulgação de Mandato,MARKETING ON SOFTWARE E PUB. LTDA,45.565.661/0001-00,6662.5,64.1000000000004
2025,8,JORGE PINHEIRO,Vale Combustível GAB 36,PRIME LTDA,05.340.639/0001-30,5100.0,35487.35
2025,8,JORGE PINHEIRO,Vale Alimentação,PLUXEE BENEFÍCIOS BRASIL,69.034.668/0001-56,5427.0,30060.35
2025,8,JORGE PINHEIRO,Vale Restaurante,PLUXEE BENEFÍCIOS BRASIL,69.034.668/0001-56,2713.0,27347.35
2025,8,JORGE PINHEIRO,Passcard´s Eletrônicos,SINDIÔNIBUS,07.341.423/0001-14,297.0,27050.35
2025,8,JORGE PINHEIRO,Despesas com Telefonia Móvel,TELEFÔNICA BRASIL S.A,02.558.157/0001/62,151.91,26898.44
2025,8,JULIERME  SENA,Vale Combustível GAB 21,PRIME LTDA,05.340.639/0001-30,7100.0,20865.19
2025,8,JULIERME  SENA,Vale Alimentação,PLUXEE BENEFÍCIOS BRASIL,69.034.668/0001-56,5427.63,15437.56
2025,8,JULIERME  SENA,Vale Restaurante,PLUXEE BENEFÍCIOS BRASIL,69.034.668/0001-56,2700.0,12737.56
2025,8,JULIERME  SENA,Passcard´s Eletrônicos,SINDIÔNIBUS,07.341.423/0001-14,1350.0,11387.56
2025,8,JULIERME  SENA,Despesas com Serviço Gráfico,MOTOGRÁFICA,10.670.251/0001-37,4683.44,6704.12
2025,8,JULIERME  SENA,Despesas com Locação de Veículo,CASABLANCA RENT A CAR,03.977.401/0001-94,5050.0,1654.12
2025,8,JUNINHO AQUINO( SUPLENTE ),Vale Combustível GAB 02,PRIME LTDA,05.340.639/0001-30,4170.06,23360.15
2025,8,JUNINHO AQUINO( SUPLENTE ),Vale Alimentação,PLUXEE BENEFÍCIOS BRASIL,69.034.668/0001-56,4720.0,18640.15
2025,8,JUNINHO AQUINO( SUPLENTE ),Vale Restaurante,PLUXEE BENEFÍCIOS BRASIL,69.034.668/0001-56,2713.0,15927.15
2025,8,JUNINHO AQUINO( SUPLENTE ),Passcard´s Eletrônicos,SINDIÔNIBUS,07.341.423/0001-14,279.0,15648.15
2025,8,JUNINHO AQUINO( SUPLENTE ),Despesas com Serviço Gráfico,GRÁFICA SOLUÇÃO,19.386.760/0001-07,5314.74,10333.41
2025,8,JUNINHO AQUINO( SUPLENTE ),Despesas com Comunicação e Divulgação de Mandato,MARKETING ON SOFTWARE E PUB. LTDA,45.565.661/0001-00,6662.5,3670.91
2025,8,JUNINHO AQUINO( SUPLENTE ),Despesas com Consultoria Jurídica,FABIANO GIOVANI ADV,29.941.589/0001-04,2886.75,784.16
2025,8,LÉO COUTO,Vale Combustível GAB 20,PRIME LTDA,05.340.639/0001-30,5100.0,22092.76
2025,8,LÉO COUTO,Vale Alimentação,PLUXEE BENEFÍCIOS BRASIL,69.034.668/0001-56,3000.0,19092.76
2025,8,LÉO COUTO,Vale Restaurante,PLUXEE BENEFÍCIOS BRASIL,69.034.668/0001-56,2360.0,16732.76
2025,8,LÉO COUTO,Passcard´s Eletrônicos,SINDIÔNIBUS,07.341.423/0001-14,0.0,16732.76
2025,8,LÉO COUTO,Despesas com Consultória Jurídica,BARBOSA E MORAES SOC-ADV,38.028.070/0001-20,5773.5,10959.26
2025,8,LÉO COUTO,Despesas com Locação de Veículo,CASABLANCA RENT A CAR,03.977.401/0001-94,10850.0,109.259999999998
2025,8,LUIZ PAUPINA,Vale Combustível GAB 34,PRIME LTDA,05.340.639/0001-30,7870.06,19333.16
2025,8,LUIZ PAUPINA,Vale Alimentação,PLUXEE BENEFÍCIOS BRASIL,69.034.668/0001-56,5427.63,13905.53
2025,8,LUIZ PAUPINA,Vale Restaurante,PLUXEE BENEFÍCIOS BRASIL,69.034.668/0001-56,0.0,13905.53
2025,8,LUIZ PAUPINA,Passcard´s Eletrônicos,SINDIÔNIBUS,07.341.423/0001-14,0.0,13905.53
2025,8,LUIZ PAUPINA,Despesas com Serviço Gráfico,GRÁFICA SOLUÇÃO,19.386.760/0001-07,6775.35,7130.18
2025,8,LUIZ PAUPINA,Despesas com Locação de Veículo,CASABLANCA RENT A CAR,06.621.791/0001-53,3400.0,3730.18
2025,8,LUIZ PAUPINA,Despesas com Locação de Veículo,CASABLANCA RENT A CAR,06.621.791/0001-53,3600.0,130.18
2025,8,LUIZ SERGIO,Vale Combustível GAB 07,PRIME LTDA,05.340.639/0001-30,2000.0,25139.0
2025,8,LUIZ SERGIO,Vale Alimentação,PLUXEE BENEFÍCIOS BRASIL,69.034.668/0001-56,5358.0,19781.0
2025,8,LUIZ SERGIO,Vale Restaurante,PLUXEE BENEFÍCIOS BRASIL,69.034.668/0001-56,2712.0,17069.0
2025,8,LUIZ SERGIO,Passcard´s Eletrônicos,SINDIÔNIBUS,07.341.423/0001-14,0.0,17069.0
2025,8,LUIZ SERGIO,Despesas com Serviço Gráfico,GRÁFICA MS SOLUÇÕES LTDA,43.377.752/0001-89,6756.51,10312.49
2025,8,LUIZ SERGIO,Despesas com Consultória Jurídica,MATHEUS FERREIRA-SOC.IND.ADV,56.638.251/0001-50,6735.75,3576.74
2025,8,LUIZ SERGIO,Despesas com Comunicação e Divulg. Mandato,PRM-COM.GESTÃO EMP.LTDA,37.842.306/0001-03,3575.0,1.73999999999978
2025,8,MARCEL  COLARES,Vale Combustível GAB 10,PRIME LTDA,05.340.639/0001-30,6250.0,21063.48
2025,8,MARCEL  COLARES,Vale Alimentação,PLUXEE BENEFÍCIOS BRASIL,69.034.668/0001-56,5400.0,15663.48
2025,8,MARCEL  COLARES,Vale Restaurante,PLUXEE BENEFÍCIOS BRASIL,69.034.668/0001-56,1600.0,14063.48
2025,8,MARCEL  COLARES,Passcard´s Eletrônicos,SINDIÔNIBUS,07.341.423/0001-14,225.0,13838.48
2025,8,MARCEL  COLARES,Despesas com Serviço Gráfico,GRÁFICA ESTRELA,07.097.989/0001-42,6483.23,7355.25
2025,8,MARCEL  COLARES,Despesas com Locação de Veículo,CASABLANCA RENT A CAR,03.977.401/0001-94,7000.0,355.25
2025,8,MARCELO  MENDES,Vale Combustível ( GAB 12 ),PRIME LTDA,05.340.639/0001-30,7800.0,19354.46
2025,8,MARCELO  MENDES,Vale Alimentação,PLUXEE BENEFÍCIOS BRASIL,69.034.668/0001-56,5410.0,13944.46
2025,8,MARCELO  MENDES,Vale Restaurante,PLUXEE BENEFÍCIOS BRASIL,69.034.668/0001-56,2713.8,11230.66
2025,8,MARCELO  MENDES,Passcard´s Eletrônicos Metropolitano,SINDIÔNIBUS,07.341.423/0001-14,238.0,10992.66
2025,8,MARCELO  MENDES,Passcard´s Eletrônicos Urbano,SINDIÔNIBUS,07.341.423/0001-14,360.0,10632.66
2025,8,MARCELO  MENDES,Despesas com Locação de Veículo,CASABLANCA RENT A CAR,03.977.401/0001-94,10600.0,32.6599999999999
2025,8,MARCELO TCHELA ( SUPLENTE ),Vale Combustível ( GAB 03 ),PRIME LTDA,05.340.639/0001-30,7792.0,19385.55
2025,8,MARCELO TCHELA ( SUPLENTE ),Vale Alimentação,PLUXEE BENEFÍCIOS BRASIL,69.034.668/0001-56,5420.0,13965.55
2025,8,MARCELO TCHELA ( SUPLENTE ),Vale Restaurante,PLUXEE BENEFÍCIOS BRASIL,69.034.668/0001-56,2710.0,11255.55
2025,8,MARCELO TCHELA ( SUPLENTE ),Passcard´s Eletrônicos,SINDIÔNIBUS,07.341.423/0001-14,540.0,10715.55
2025,8,MARCELO TCHELA ( SUPLENTE ),Despesas com Serviço Gráfico,GRÁFICA  PRINTCOLOR,02.824.298/0001-80,5643.54,5072.01
2025,8,MARCELO TCHELA ( SUPLENTE ),Despesas com Locação de Veículo,CASABLANCA RENT A CAR,06.621.791/0001-53,5040.0,32.0099999999993
2025,8,MARCOS PAULO,Vale Combustível GAB 05,PRIME LTDA,05.340.639/0001-30,7500.0,19638.28
2025,8,MARCOS PAULO,Vale Alimentação,PLUXEE BENEFÍCIOS BRASIL,69.034.668/0001-56,4427.63,15210.65
2025,8,MARCOS PAULO,Vale Restaurante,PLUXEE BENEFÍCIOS BRASIL,69.034.668/0001-56,2713.0,12497.65
2025,8,MARCOS PAULO,Passcard´s Eletrônicos,SINDIÔNIBUS,07.341.423/0001-14,0.0,12497.65
2025,8,MARCOS PAULO,Despesas com Serviço Gráfico,GRÁFICA SOLUÇÃO,19.386.760/0001-07,6775.35,5722.3
2025,8,MARCOS PAULO,Despesas com Locação de Veículo,CASABLANCA RENT A CAR,03.977.401/0001-94,5720.0,2.29999999999927
2025,8,MARI  LACERDA,Vale Combustível GAB 33,PRIME LTDA,05.340.639/0001-30,4264.0,28701.49
2025,8,MARI  LACERDA,Vale Alimentação,PLUXEE BENEFÍCIOS BRASIL,69.034.668/0001-56,4900.0,23801.49
2025,8,MARI  LACERDA,Vale Restaurante,PLUXEE BENEFÍCIOS BRASIL,69.034.668/0001-56,2500.0,21301.49
2025,8,MARI  LACERDA,Passcard´s Eletrônicos,SINDIÔNIBUS,07.341.423/0001-14,504.0,20797.49
2025,8,MARI  LACERDA,Despesas com  Telefonia Móvel,CLARO S.A,40.432.544/0001/47,56.8,20740.69
2025,8,MARI  LACERDA,Despesas com Passagem aérea,R MORAES AGENCIA DE TURISMO,06.955.770/0001-74,5663.88,15076.81
2025,8,MARI  LACERDA,Despesas com Assinatura Jornal,o povo,06.913.315/0001-06,875.8,14201.01
2025,8,MARI  LACERDA,Despesas com Comunicação e Divulg. Mandato,PRM-COMUN.GESTÃO EMP. LTDA,37.842.306/0001-03,5850.0,8351.01
2025,8,MARI  LACERDA,Despesas com Locação de Veículo,CASABLANCA RENT A CAR,03.977.401/0001-94,5145.0,3206.01
2025,8,MARI  LACERDA,Despesas com Locação de Veículo,CASABLANCA RENT A CAR,03.977.401/0001-94,1075.0,2131.01
2025,8,MICHEL  LINS,Vale Combustível GAB 13,PRIME LTDA,05.340.639/0001-30,0.0,27148.83
2025,8,MICHEL  LINS,Vale Alimentação,PLUXEE BENEFÍCIOS BRASIL,69.034.668/0001-56,4720.0,22428.83
2025,8,MICHEL  LINS,Vale Restaurante,PLUXEE BENEFÍCIOS BRASIL,69.034.668/0001-56,2360.0,20068.83
2025,8,MICHEL  LINS,Passcard´s Eletrônicos,SINDIÔNIBUS,07.341.423/0001-14,360.0,19708.83
2025,8,MICHEL  LINS,Despesas com Comunicação e Divulgação de Mandato,MARKETING ON SOFTWARE E PUB. LTDA,45.565.661/0001-00,6662.5,13046.33
2025,8,MICHEL  LINS,Despesas com Serviço Gráfico,GRÁFICA RDS,02.265.186/0001-36,2174.93,10871.4
2025,8,MICHEL  LINS,Despesas com Locação de Veículo,CASABLANCA RENT A CAR,03.977.401/0001-94,10850.0,21.4000000000015
2025,8,PAULO MARTINS,Vale Combustível  ( GAB 37 ),PRIME LTDA,05.340.639/0001-30,7850.0,19361.66
2025,8,PAULO MARTINS,Vale Alimentação,PLUXEE BENEFÍCIOS BRASIL,69.034.668/0001-56,5420.0,13941.66
2025,8,PAULO MARTINS,Vale Restaurante,PLUXEE BENEFÍCIOS BRASIL,69.034.668/0001-56,2713.0,11228.66
2025,8,PAULO MARTINS,Passcard´s Eletrônicos,SINDIÔNIBUS,07.341.423/0001-14,1836.0,9392.66
2025,8,PAULO MARTINS,Despesas com Telefonia Móvel,TELEFÔNICA BRASIL S.A,02.558.157/0001/62,151.91,9240.75
2025,8,PAULO MARTINS,Despesas com  Telefonia Móvel,CLARO S.A,40.432.544/0001/47,43.69,9197.06
2025,8,PAULO MARTINS,Despesas com Locação de Veículo,CASABLANCA RENT A CAR,03.977.401/0001-94,5050.0,4147.06
2025,8,PAULO MARTINS,Despesas com Locação de Veículo,CASABLANCA RENT A CAR,03.977.401/0001-94,4000.0,147.059999999999
2025,8,PPCELL,Vale Combustível  ( GAB 25 ),PRIME LTDA,05.340.639/0001-30,7870.0,19472.3
2025,8,PPCELL,Vale Alimentação,PLUXEE BENEFÍCIOS BRASIL,69.034.668/0001-56,5427.0,14045.3
2025,8,PPCELL,Vale Restaurante,PLUXEE BENEFÍCIOS BRASIL,69.034.668/0001-56,2713.0,11332.3
2025,8,PPCELL,Passcard´s Eletrônicos,SINDIÔNIBUS,07.341.423/0001-14,0.0,11332.3
2025,8,PPCELL,Despesas com Serviço Gráfico,GRÁFICA RDS,02.265.186/0001-36,4413.96,6918.34
2025,8,PPCELL,Despesas com Locação de Veículo,CASABLANCA RENT A CAR,03.977.401/0001-94,6510.0,408.339999999999
2025,8,PRISCILA  COSTA,Vale Combustível GAB 19,PRIME LTDA,05.340.639/0001-30,5190.0,25111.47
2025,8,PRISCILA  COSTA,Vale Alimentação,PLUXEE BENEFÍCIOS BRASIL,69.034.668/0001-56,4720.0,20391.47
2025,8,PRISCILA  COSTA,Vale Restaurante,PLUXEE BENEFÍCIOS BRASIL,69.034.668/0001-56,2360.0,18031.47
2025,8,PRISCILA  COSTA,Passcard´s Eletrônicos,SINDIÔNIBUS,07.341.423/0001-14,0.0,18031.47
2025,8,PRISCILA  COSTA,Desp.com Comunicação e Divulg. de Mandato,PRM Comunic.Gestão Emp. ltda,37.842.306/0001-03,6500.0,11531.47
2025,8,PRISCILA  COSTA,Despesas com Consultória Jurídica,BARBOSA E MORAES SOC-ADV,38.028.070/0001-20,5132.0,6399.47
2025,8,PRISCILA  COSTA,Despesas com Serviço Gráfico,GRÁFICA QUALIGARF,02.933.302/0001-48,5974.57,424.900000000002
2025,8,PROF. AGUIAR TOBA,Vale Combustível  ( GAB 17 ),PRIME LTDA,05.340.639/0001-30,7870.05,19306.38
2025,8,PROF. AGUIAR TOBA,Vale Alimentação,PLUXEE BENEFÍCIOS BRASIL,69.034.668/0001-56,5427.63,13878.75
2025,8,PROF. AGUIAR TOBA,Vale Restaurante,PLUXEE BENEFÍCIOS BRASIL,69.034.668/0001-56,2713.8,11164.95
2025,8,PROF. AGUIAR TOBA,Passcard´s Eletrônicos,SINDIÔNIBUS,07.341.423/0001-14,0.0,11164.95
2025,8,PROF. AGUIAR TOBA,Despesas com Serviço Gráfico,GRÁFICA SOLUÇÃO,19.386.760/0001-07,4425.85,6739.1
2025,8,PROF. AGUIAR TOBA,Despesas com Comunicação e Divulgação de Mandato,MARKETING ON SOFTWARE E PUB. LTDA,45.565.661/0001-00,6662.5,76.6000000000004
2025,8,PROFESSOR ENILSON,Vale Combustível ( GAB  09 ),PRIME LTDA,05.340.639/0001-30,7592.0,19660.91
2025,8,PROFESSOR ENILSON,Vale Alimentação,PLUXEE BENEFÍCIOS BRASIL,69.034.668/0001-56,5420.0,14240.91
2025,8,PROFESSOR ENILSON,Vale Restaurante,PLUXEE BENEFÍCIOS BRASIL,69.034.668/0001-56,2360.0,11880.91
2025,8,PROFESSOR ENILSON,Passcard´s Eletrônicos,SINDIÔNIBUS,07.341.423/0001-14,0.0,11880.91
2025,8,PROFESSOR ENILSON,Despesas com Serviço Gráfico,GRÁFICA SOLUÇÃO,19.386.760/0001-07,6652.85,5228.06
2025,8,PROFESSOR ENILSON,Despesas com Comunicação e Divulg.Mandato,NAYANE SANTIAGO A.C F. PRODUÇÕES,32.075.292/0001-18,4998.5,229.559999999999
2025,8,RAIMUNDO FILHO ( SUPLENTE ),Vale Combustível ( GAB 11 ),PRIME LTDA,05.340.639/0001-30,7044.0,20094.28
2025,8,RAIMUNDO FILHO ( SUPLENTE ),Vale Alimentação,PLUXEE BENEFÍCIOS BRASIL,69.034.668/0001-56,5400.0,14694.28
2025,8,RAIMUNDO FILHO ( SUPLENTE ),Vale Restaurante,PLUXEE BENEFÍCIOS BRASIL,69.034.668/0001-56,2360.0,12334.28
2025,8,RAIMUNDO FILHO ( SUPLENTE ),Passcard´s Eletrônicos,SINDIÔNIBUS,07.341.423/0001-14,0.0,12334.28
2025,8,RAIMUNDO FILHO ( SUPLENTE ),Despesas com Serviço Gráfico,GRÁFICA SOLUÇÃO,19.386.760/0001-07,5653.98,6680.3
2025,8,RAIMUNDO FILHO ( SUPLENTE ),Despesas com Locação de Veículo,CASABLANCA RENT A CAR,03.977.401/0001-94,6680.0,0.300000000001091
2025,8,RENÉ  PESSOA,Vale Combustível ( GAB 22 ),PRIME LTDA,05.340.639/0001-30,7870.06,20027.7
2025,8,RENÉ  PESSOA,Vale Alimentação,PLUXEE BENEFÍCIOS BRASIL,69.034.668/0001-56,5427.63,14600.07
2025,8,RENÉ  PESSOA,Vale Restaurante,PLUXEE BENEFÍCIOS BRASIL,69.034.668/0001-56,2713.81,11886.26
2025,8,RENÉ  PESSOA,Passcard´s Eletrônicos,SINDIÔNIBUS,07.341.423/0001-14,414.0,11472.26
2025,8,RENÉ  PESSOA,Despesas com Serviço Gráfico,GRÁFICA MS SOLUÇÕES LDA,43.377.752/0001-89,3466.06,8006.2
2025,8,RENÉ  PESSOA,Despesas com Locação de Veículo,CASABLANCA RENT A CAR,03.977.401/0001-94,8000.0,6.20000000000073
2025,8,RONALDO  MARTINS,Vale Combustível  ( GAB 32 ),PRIME LTDA,05.340.639/0001-30,7692.0,19908.86
2025,8,RONALDO  MARTINS,Vale Alimentação,PLUXEE BENEFÍCIOS BRASIL,69.034.668/0001-56,5420.0,14488.86
2025,8,RONALDO  MARTINS,Vale Restaurante,PLUXEE BENEFÍCIOS BRASIL,69.034.668/0001-56,2713.0,11775.86
2025,8,RONALDO  MARTINS,Passcard´s Eletrônicos,SINDIÔNIBUS,07.341.423/0001-14,1872.0,9903.86
2025,8,RONALDO  MARTINS,Despesas com Passagem aérea,R MORAES AGENCIA DE TURISMO,06.955.770/0001-74,1748.29,8155.57
2025,8,RONALDO  MARTINS,Despesas com locação de veículo,R MORAES AGENCIA DE TURISMO,06.955.770/0001-74,1375.87,6779.7
2025,8,RONALDO  MARTINS,Despesas com locação de veículo,CASABLANCA RENT A CAR,03.977.401/0001-94,6000.0,779.7
2025,8,TAM OLIVEIRA ( SUPLENTE ),Vale Combustível GAB 31,PRIME LTDA,05.340.639/0001-30,5000.0,22301.51
2025,8,TAM OLIVEIRA ( SUPLENTE ),Vale Alimentação,PLUXEE BENEFÍCIOS BRASIL,69.034.668/0001-56,5400.0,16901.51
2025,8,TAM OLIVEIRA ( SUPLENTE ),Vale Restaurante,PLUXEE BENEFÍCIOS BRASIL,69.034.668/0001-56,0.0,16901.51
2025,8,TAM OLIVEIRA ( SUPLENTE ),Passcard´s Eletrônicos,SINDIÔNIBUS,07.341.423/0001-14,0.0,16901.51
2025,8,TAM OLIVEIRA ( SUPLENTE ),Desp.com Comunicação e Divulg. de Mandato,PRM Comunic.Gestão Emp. ltda,37.842.306/0001-03,6500.0,10401.51
2025,8,TAM OLIVEIRA ( SUPLENTE ),Despesas com Consultória Jurídica,MATHEUS FERREIRA-SOC.IND. DE ADVOCACIA,56.638.251/0001-50,6735.75,3665.76
2025,8,TAM OLIVEIRA ( SUPLENTE ),Despesas com Serviço Gráfico,GRÁFICA MS SOLUÇÕES LTDA,43.377.752/0001-89,3454.04,211.719999999998
2025,8,TIA FRANCISCA ( SUPLENTE ),Vale Combustível GAB 35,PRIME LTDA,05.340.639/0001-30,6500.0,23708.26
2025,8,TIA FRANCISCA ( SUPLENTE ),Vale Alimentação,PLUXEE BENEFÍCIOS BRASIL,69.034.668/0001-56,5400.0,18308.26
2025,8,TIA FRANCISCA ( SUPLENTE ),Vale Restaurante,PLUXEE BENEFÍCIOS BRASIL,69.034.668/0001-56,2713.0,15595.26
2025,8,TIA FRANCISCA ( SUPLENTE ),Passcard´s Eletrônicos,SINDIÔNIBUS,07.341.423/0001-14,247.5,15347.76
2025,8,TIA FRANCISCA ( SUPLENTE ),Despesas com Consultoria Jurídica,ANTÔNIO ALBUQUERQUE – ADV,47.730.644/0001-07,6735.75,8612.01
2025,8,TIA FRANCISCA ( SUPLENTE ),Despesas com Passagem aérea,R MORAES AGENCIA DE TURISMO,06.955.770/0001-74,2111.53,6500.48
2025,8,TIA FRANCISCA ( SUPLENTE ),Despesas com Hospedagem,R MORAES AGENCIA DE TURISMO,06.955.770/0001-74,506.8,5993.68
2025,8,TIA FRANCISCA ( SUPLENTE ),Despesas com Comunicação e Divulgação de Mandato,MARKETING ON SOFTWARE E PUB. LTDA,45.565.661/0001-00,5850.0,143.679999999998
2025,8,TONY BRITO,Vale Combustível GAB 26,PRIME LTDA,05.340.639/0001-30,7100.0,20051.26
2025,8,TONY BRITO,Vale Alimentação,PLUXEE BENEFÍCIOS BRASIL,69.034.668/0001-56,5000.0,15051.26
2025,8,TONY BRITO,Vale Restaurante,PLUXEE BENEFÍCIOS BRASIL,69.034.668/0001-56,2500.0,12551.26
2025,8,TONY BRITO,Passcard´s Eletrônicos,SINDIÔNIBUS,07.341.423/0001-14,0.0,12551.26
2025,8,TONY BRITO,Despesas com Comunicação e Divulgação de Mandato,PRM COMUNIC. GESTÃO EMPRES. LTDA,37.842.306/0001-03,5525.0,7026.26
2025,8,TONY BRITO,Despesas com Locação de Veículo,CASABLANCA RENT A CAR,06.621.791/0001-53,7000.0,26.2600000000002
2025,8,WELLINGTON SÁBOIA,Vale Combustível ( GAB 14 ),PRIME LTDA,05.340.639/0001-30,7870.06,19278.8
2025,8,WELLINGTON SÁBOIA,Vale Alimentação,PLUXEE BENEFÍCIOS BRASIL,69.034.668/0001-56,5427.59,13851.21
2025,8,WELLINGTON SÁBOIA,Vale Restaurante,PLUXEE BENEFÍCIOS BRASIL,69.034.668/0001-56,2676.35,11174.86
2025,8,WELLINGTON SÁBOIA,Passcard´s Eletrônicos,SINDIÔNIBUS,07.341.423/0001-14,216.0,10958.86
2025,8,WELLINGTON SÁBOIA,Despesas com  Telefonia Móvel,CLARO S.A,40.432.544/0001/47,87.4,10871.46
2025,8,WELLINGTON SÁBOIA,Despesas com Locação de Veículo,CASABLANCA RENT A CAR,03.977.401/0001-94,10850.0,21.4600000000009
2025,9,ADAIL JUNIOR,Vale Combustível,PRIME LTDA,05.340.639/0001-30,7870.0,19268.43
2025,9,ADAIL JUNIOR,Vale Alimentação,PLUXEE BENEFÍCIOS BRASIL,69.034.668/0001-56,5427.0,13841.43
2025,9,ADAIL JUNIOR,Vale Restaurante,PLUXEE BENEFÍCIOS BRASIL,69.034.668/0001-56,2713.0,11128.43
2025,9,ADAIL JUNIOR,Passcard´s Eletrônicos,SINDIÔNIBUS,07.341.423/0001-14,0.0,11128.43
2025,9,ADAIL JUNIOR,Despesas com Consultória Jurídica,THIAGO MONTEZUMA-ADV ASSOCIADOS,59.861.314/0001-21,4567.5,6560.93
2025,9,ADAIL JUNIOR,Despesas com Locação de Veículo,CASABLANCA RENT A CAR,03.977.401/0001-94,6500.0,60.9300000000003
2025,9,ADRIANA ALMEIDA,Vale Combustível ( Gab 08 ),PRIME LTDA,05.340.639/0001-30,3600.0,24041.85
2025,9,ADRIANA ALMEIDA,Vale Alimentação,PLUXEE BENEFÍCIOS BRASIL,69.034.668/0001-56,3500.0,20541.85
2025,9,ADRIANA ALMEIDA,Vale Restaurante,PLUXEE BENEFÍCIOS BRASIL,69.034.668/0001-56,2300.0,18241.85
2025,9,ADRIANA ALMEIDA,Passcard´s Eletrônicos,SINDIÔNIBUS,07.341.423/0001-14,909.0,17332.85
2025,9,ADRIANA ALMEIDA,Despesas com Consultoria Jurídica,BRUNO DE SOUSA-ADV,47.771.413/0001-33,4490.5,12842.35
2025,9,ADRIANA ALMEIDA,Despesas com Serviço Gráfico,GRÁFICA PRINTCOLOR,02.824.298/0001-80,5995.55,6846.8
2025,9,ADRIANA ALMEIDA,Despesas com Locação de Veículo,CASABLANCA RENT A CAR,03.977.401/0001-94,5145.0,1701.8
2025,9,ADRIANA ALMEIDA,Despesas com Locação de Ônibus,CASABLANCA RENT A CAR,03.977.401/0001-94,1700.0,1.79999999999836
2025,9,ADRIANA GERÔNIMO,Vale Combustível ( Gab 30 ),PRIME LTDA,05.340.639/0001-30,6429.0,21949.53
2025,9,ADRIANA GERÔNIMO,Vale Alimentação,PLUXEE BENEFÍCIOS BRASIL,69.034.668/0001-56,5427.63,16521.9
2025,9,ADRIANA GERÔNIMO,Vale Restaurante,PLUXEE BENEFÍCIOS BRASIL,69.034.668/0001-56,2713.81,13808.09
2025,9,ADRIANA GERÔNIMO,Passcard´s Eletrônicos,SINDIÔNIBUS,07.341.423/0001-14,1701.0,12107.09
2025,9,ADRIANA GERÔNIMO,Despesas com Telefonia Móvel,TELEFÔNICA BRASIL S.A,02.558.157/0001/62,1193.95,10913.14
2025,9,ADRIANA GERÔNIMO,Despesas com  Telefonia Móvel,TIM S.A,02.421421/0001-11,63.05,10850.09
2025,9,ADRIANA GERÔNIMO,Despesas com Consultória Jurídica,BRUNO SOUSA – ADV,47.771.413/0001-33,4490.5,6359.59
2025,9,ADRIANA GERÔNIMO,Despesas com Locação de Veículo,CASABLANCA RENT A CAR,03.977.401/0001-94,3619.14,2740.45
2025,9,ADRIANA GERÔNIMO,Despesas com Locação de Ônibus,CASABLANCA RENT A CAR,03.977.401/0001-94,2640.0,100.45
2025,9,AGLAYLSON FIGUEIREDO,Vale Combustível ( Gab 18 ),PRIME LTDA,05.340.639/0001-30,7600.0,22514.39
2025,9,AGLAYLSON FIGUEIREDO,Vale Alimentação,PLUXEE BENEFÍCIOS BRASIL,69.034.668/0001-56,4500.0,18014.39
2025,9,AGLAYLSON FIGUEIREDO,Vale Restaurante,PLUXEE BENEFÍCIOS BRASIL,69.034.668/0001-56,2700.0,15314.39
2025,9,AGLAYLSON FIGUEIREDO,Passcard´s Eletrônicos,SINDIÔNIBUS,07.341.423/0001-14,0.0,15314.39
2025,9,AGLAYLSON FIGUEIREDO,Despesas com Locação de Veículo,CASABLANCA RENT A CAR,03.977.401/0001-94,10850.0,4464.39
2025,9,AGLAYLSON FIGUEIREDO,Despesas com Serviço Gráfico,GRÁFICA PRINTCOLOR,02.824.298/0001-80,4460.73,3.65999999999985
2025,9,BELLA  CARMELO,Vale Combustível ( Gab 42 ),PRIME LTDA,05.340.639/0001-30,3500.0,39170.59
2025,9,BELLA  CARMELO,Vale Alimentação,PLUXEE BENEFÍCIOS BRASIL,69.034.668/0001-56,2300.0,36870.59
2025,9,BELLA  CARMELO,Vale Restaurante,PLUXEE BENEFÍCIOS BRASIL,69.034.668/0001-56,2700.0,34170.59
2025,9,BELLA  CARMELO,Passcard´s Eletrônicos,SINDIÔNIBUS,07.341.423/0001-14,0.0,34170.59
2025,9,BELLA  CARMELO,Despesas com Telefonia Móvel,CLARO S.A,40.432.544/0001-47,583.2,33587.39
2025,9,BELLA  CARMELO,Despesas com Locação de Veículo,CASABLANCA RENT A CAR,03.977.401/0001-94,10850.0,22737.39
2025,9,BELLA  CARMELO,Despesas com Hospedagem,R MORAES AGENCIA DE TURISMO,06.955.770/0001-74,2300.2,20437.19
2025,9,BELLA  CARMELO,Despesas com Hospedagem,R MORAES AGENCIA DE TURISMO,06.955.770/0001-74,1030.72,19406.47
2025,9,BELLA  CARMELO,Despesas com Passagem Aérea,R MORAES AGENCIA DE TURISMO,06.955.770/0001-74,4004.38,15402.09
2025,9,BENIGNO  JUNIOR,Vale Combustível ( Gab 23 ),PRIME LTDA,05.340.639/0001-30,7500.0,20307.32
2025,9,BENIGNO  JUNIOR,Vale Alimentação,PLUXEE BENEFÍCIOS BRASIL,69.034.668/0001-56,5400.0,14907.32
2025,9,BENIGNO  JUNIOR,Vale Restaurante,PLUXEE BENEFÍCIOS BRASIL,69.034.668/0001-56,2700.0,12207.32
2025,9,BENIGNO  JUNIOR,Passcard´s Eletrônicos,SINDIÔNIBUS,07.341.423/0001-14,0.0,12207.32
2025,9,BENIGNO  JUNIOR,Despesas com Serviço Gráfico,GRÁFICA COPY JET DIGITAL,32.656.125/0001-60,4575.95,7631.37
2025,9,BENIGNO  JUNIOR,Despesas com Locação de Veículo,CASABLANCA RENT A CAR,03.977.401/0001-94,6090.0,1541.37
2025,9,BENIGNO  JUNIOR,Despesas com Jornal Digital,O POVO,06.913.315/0001-06,875.8,665.57
2025,9,BRUNO MESQUITA,Vale Combustível ( Gab 01 ),PRIME LTDA,05.340.639/0001-30,7844.0,23154.72
2025,9,BRUNO MESQUITA,Vale Alimentação,PLUXEE BENEFÍCIOS BRASIL,69.034.668/0001-56,5420.0,17734.72
2025,9,BRUNO MESQUITA,Vale Restaurante,PLUXEE BENEFÍCIOS BRASIL,69.034.668/0001-56,2710.0,15024.72
2025,9,BRUNO MESQUITA,Passcard´s Eletrônicos,SINDIÔNIBUS,07.341.423/0001-14,225.0,14799.72
2025,9,BRUNO MESQUITA,Despesas com Serviço Gráfico,GRÁFICA RDS,02.265.186/0001-36,6677.67,8122.05
2025,9,BRUNO MESQUITA,Despesas com Locação de Veículo,CASABLANCA RENT A CAR,03.977.401/0001-94,5670.0,2452.05
2025,9,BRUNO MESQUITA,Despesas com Locação de Veículo,CASABLANCA RENT A CAR,03.977.401/0001-94,2200.0,252.049999999999
2025,9,CARLA IBIAPINA,Vale Combustível ( Gab 38 ),PRIME LTDA,05.340.639/0001-30,7000.0,20141.71
2025,9,CARLA IBIAPINA,Vale Alimentação,PLUXEE BENEFÍCIOS BRASIL,69.034.668/0001-56,5426.0,14715.71
2025,9,CARLA IBIAPINA,Vale Restaurante,PLUXEE BENEFÍCIOS BRASIL,69.034.668/0001-56,2713.0,12002.71
2025,9,CARLA IBIAPINA,Passcard´s Eletrônicos,SINDIÔNIBUS,07.341.423/0001-14,0.0,12002.71
2025,9,CARLA IBIAPINA,Despesas com Serviço Gráfico,GRÁFICA SOLUÇÃO,19.386.760/0001-07,5465.51,6537.2
2025,9,CARLA IBIAPINA,Despesas com Comunicação e Divulgação de Mandato,MARKETING ON SOFTWARE E PUB. LTDA,45.565.661/0001-00,6500.0,37.1999999999989
2025,9,CHIQUINHO DOS CARNEIROS,Vale Combustível ( Gab 28 ),PRIME LTDA,05.340.639/0001-30,7870.0,20494.14
2025,9,CHIQUINHO DOS CARNEIROS,Vale Alimentação,PLUXEE BENEFÍCIOS BRASIL,69.034.668/0001-56,5426.0,15068.14
2025,9,CHIQUINHO DOS CARNEIROS,Vale Restaurante,PLUXEE BENEFÍCIOS BRASIL,69.034.668/0001-56,2712.0,12356.14
2025,9,CHIQUINHO DOS CARNEIROS,Passcard´s Eletrônicos,SINDIÔNIBUS,07.341.423/0001-14,0.0,12356.14
2025,9,CHIQUINHO DOS CARNEIROS,Despesas com Serviço Gráfico,MS SOLUÇÕES GRÁFICA,43.377.752/0001-89,5653.98,6702.16
2025,9,CHIQUINHO DOS CARNEIROS,Despesas com Consultória Jurídica,PUPO ADVOCACIA S/S,12.576.687/0001-97,6654.5,47.6599999999999
2025,9,CLAÚDIO LIMA( SUPLENTE ),Vale Combustível ( Gab 04 ),PRIME LTDA,05.340.639/0001-30,7800.0,19508.39
2025,9,CLAÚDIO LIMA( SUPLENTE ),Vale Alimentação,PLUXEE BENEFÍCIOS BRASIL,69.034.668/0001-56,5400.0,14108.39
2025,9,CLAÚDIO LIMA( SUPLENTE ),Vale Restaurante,PLUXEE BENEFÍCIOS BRASIL,69.034.668/0001-56,2700.0,11408.39
2025,9,CLAÚDIO LIMA( SUPLENTE ),Passcard´s Eletrônicos,SINDIÔNIBUS,07.341.423/0001-14,0.0,11408.39
2025,9,CLAÚDIO LIMA( SUPLENTE ),Despesas com  Telefonia Móvel,TELEFÔNICA BRASIL S.A,02.558.157/0001/62,0.0,11408.39
2025,9,CLAÚDIO LIMA( SUPLENTE ),Despesas com Comunicação e Divulgação de Mandato,R e K PRODUCÕES E ASSESORIA LTDA,16.880.815/0001-42,6662.5,4745.89
2025,9,CLAÚDIO LIMA( SUPLENTE ),Despesas com Consultória Jurídica,CARVALHO E SANTOS ADV,34.636.322/0001-43,4490.5,255.389999999999
2025,9,DR. LUCIANO GIRÃO,Vale Combustível ( Gab 15 ),PRIME LTDA,05.340.639/0001-30,7870.0,19274.51
2025,9,DR. LUCIANO GIRÃO,Vale Alimentação,PLUXEE BENEFÍCIOS BRASIL,69.034.668/0001-56,5420.0,13854.51
2025,9,DR. LUCIANO GIRÃO,Vale Restaurante,PLUXEE BENEFÍCIOS BRASIL,69.034.668/0001-56,2713.0,11141.51
2025,9,DR. LUCIANO GIRÃO,Passcard´s Eletrônicos,SINDIÔNIBUS,07.341.423/0001-14,0.0,11141.51
2025,9,DR. LUCIANO GIRÃO,Despesas com Telefonia Móvel,TELEFÔNICA BRASIL S.A,02.558.157/0001/62,1193.94,9947.57
2025,9,DR. LUCIANO GIRÃO,Despesas com  Telefonia Móvel,CLARO S.A,40.432.544/0001/47,57.02,9890.55
2025,9,DR. LUCIANO GIRÃO,Despesas com Locação de Veículo,CASABLANCA RENT A CAR,03.977.401/0001-94,9840.0,50.5499999999975
2025,9,DR. VICENTE,Vale Combustível ( Gab 43 ),PRIME LTDA,05.340.639/0001-30,7800.0,19341.57
2025,9,DR. VICENTE,Vale Alimentação,PLUXEE BENEFÍCIOS BRASIL,69.034.668/0001-56,4800.0,14541.57
2025,9,DR. VICENTE,Vale Restaurante,PLUXEE BENEFÍCIOS BRASIL,69.034.668/0001-56,2700.0,11841.57
2025,9,DR. VICENTE,Passcard´s Eletrônicos,SINDIÔNIBUS,07.341.423/0001-14,360.0,11481.57
2025,9,DR. VICENTE,Despesas com  Telefonia Móvel,CLARO S.A,40.432.544/0001/47,792.4,10689.17
2025,9,DR. VICENTE,Despesas com Consultória Jurídica,BRUNO SOUSA – ADV,47.771.413/0001-33,5132.0,5557.17
2025,9,DR. VICENTE,Despesas com Serviço Gráfico,GRÁFICA PRINTCOLOR,02.824.298/0001-80,5552.01,5.15999999999985
2025,9,ESTRELA BARROS,Vale Combustível ( Gab 29 ),PRIME LTDA,05.340.639/0001-30,4127.0,23028.69
2025,9,ESTRELA BARROS,Vale Alimentação,PLUXEE BENEFÍCIOS BRASIL,69.034.668/0001-56,5427.0,17601.69
2025,9,ESTRELA BARROS,Vale Restaurante,PLUXEE BENEFÍCIOS BRASIL,69.034.668/0001-56,0.0,17601.69
2025,9,ESTRELA BARROS,Passcard´s Eletrônicos,SINDIÔNIBUS,07.341.423/0001-14,0.0,17601.69
2025,9,ESTRELA BARROS,Despesas com Serviço Gráfico,GRÁFICA SOLUÇÃO,19.386.760/0001-07,1791.42,15810.27
2025,9,ESTRELA BARROS,Despesas com Locação de Veículo,CASABLANCA RENT A CAR,03.977.401/0001-94,10800.0,5010.27
2025,9,ESTRELA BARROS,Despesas com Consultória Jurídica,AGUIAR ADV ASSOCIADOS,09.403.820/0001-07,4811.25,199.019999999999
2025,9,GABRIEL AGUIAR,Vale Combustível ( Gab 41 ),PRIME LTDA,05.340.639/0001-30,6300.0,23372.39
2025,9,GABRIEL AGUIAR,Vale Alimentação,PLUXEE BENEFÍCIOS BRASIL,69.034.668/0001-56,5100.0,18272.39
2025,9,GABRIEL AGUIAR,Vale Restaurante,PLUXEE BENEFÍCIOS BRASIL,69.034.668/0001-56,2400.0,15872.39
2025,9,GABRIEL AGUIAR,Passcard´s Eletrônicos,SINDIÔNIBUS,07.341.423/0001-14,2250.0,13622.39
2025,9,GABRIEL AGUIAR,Despesas com Locação de Veículo,CASABLANCA RENT A CAR,03.977.401/0001-94,5670.0,7952.39
2025,9,GABRIEL AGUIAR,Despesas com Locação de Ônibus,CASABLANCA RENT A CAR,03.977.401/0001-94,3740.0,4212.39
2025,9,GABRIEL AGUIAR,Despesas com Passagem aérea,R MORAES AGENCIA DE TURISMO,06.955.770/0001-74,1941.95,2270.44
2025,9,GABRIEL AGUIAR,Despesas com Passagem aérea,R MORAES AGENCIA DE TURISMO,06.955.770/0001-74,1646.59,623.85
2025,9,GARDEL  ROLIM,Vale Combustível ( Gab 27 ),PRIME LTDA,05.340.639/0001-30,7500.0,19649.65
2025,9,GARDEL  ROLIM,Vale Alimentação,PLUXEE BENEFÍCIOS BRASIL,69.034.668/0001-56,5400.0,14249.65
2025,9,GARDEL  ROLIM,Vale Restaurante,PLUXEE BENEFÍCIOS BRASIL,69.034.668/0001-56,2700.0,11549.65
2025,9,GARDEL  ROLIM,Passcard´s Eletrônicos,SINDIÔNIBUS,07.341.423/0001-14,225.0,11324.65
2025,9,GARDEL  ROLIM,Despesas com Telefonia Móvel,TELEFÔNICA BRASIL S.A,02.558.157/0001/62,113.93,11210.72
2025,9,GARDEL  ROLIM,Despesas com Serviço Gráfico,GRÁFICA  PRINTCOLOR,02.824.298/0001-80,4683.44,6527.28
2025,9,GARDEL  ROLIM,Despesas com Locação de Veículo,CASABLANCA RENT A CAR,06.621.791/0001-53,6510.0,17.2799999999997
2025,9,IGOR NOGUEIRA( SUPLENTE),Vale Combustível ( Gab 16 ),PRIME LTDA,05.340.639/0001-30,7870.0,19332.19
2025,9,IGOR NOGUEIRA( SUPLENTE),Vale Alimentação,PLUXEE BENEFÍCIOS BRASIL,69.034.668/0001-56,5427.0,13905.19
2025,9,IGOR NOGUEIRA( SUPLENTE),Vale Restaurante,PLUXEE BENEFÍCIOS BRASIL,69.034.668/0001-56,2713.81,11191.38
2025,9,IGOR NOGUEIRA( SUPLENTE),Passcard´s Eletrônicos,SINDIÔNIBUS,07.341.423/0001-14,0.0,11191.38
2025,9,IGOR NOGUEIRA( SUPLENTE),Despesas com Telefonia Móvel,CLARO S.A,40.432.544/0001/47,106.42,11084.96
2025,9,IGOR NOGUEIRA( SUPLENTE),Despesas com Telefonia Móvel,TIM S.A,02.421.421/0001-11,62.9,11022.06
2025,9,IGOR NOGUEIRA( SUPLENTE),Despesas com Locação de Veículo,CASABLANCA RENT A CAR,03.977.401/0001-94,10850.0,172.059999999999
2025,9,INSPETOR ALBERTO,Vale Combustível ( Gab 39 ),PRIME LTDA,05.340.639/0001-30,7870.0,20328.37
2025,9,INSPETOR ALBERTO,Vale Alimentação,PLUXEE BENEFÍCIOS BRASIL,69.034.668/0001-56,5427.0,14901.37
2025,9,INSPETOR ALBERTO,Vale Restaurante,PLUXEE BENEFÍCIOS BRASIL,69.034.668/0001-56,2713.0,12188.37
2025,9,INSPETOR ALBERTO,Passcard´s Eletrônicos,SINDIÔNIBUS,07.341.423/0001-14,0.0,12188.37
2025,9,INSPETOR ALBERTO,Despesas com Comunicação e Divulg. Mandato,PRM-COMUN.GESTÃO EMP. LTDA,37.842.306/0001-03,6500.0,5688.37
2025,9,INSPETOR ALBERTO,Despesas com Serviço Gráfico,GRÁFICA INFORGRAF,35.432.845/0001-30,5677.19,11.1800000000012
2025,9,IRMÃO  LÉO,Vale Combustível ( Gab 40 ),PRIME LTDA,05.340.639/0001-30,6214.0,20978.89
2025,9,IRMÃO  LÉO,Vale Alimentação,PLUXEE BENEFÍCIOS BRASIL,69.034.668/0001-56,5427.0,15551.89
2025,9,IRMÃO  LÉO,Vale Restaurante,PLUXEE BENEFÍCIOS BRASIL,69.034.668/0001-56,2713.0,12838.89
2025,9,IRMÃO  LÉO,Passcard´s Eletrônicos,SINDIÔNIBUS,07.341.423/0001-14,0.0,12838.89
2025,9,IRMÃO  LÉO,Despesas com Comunicação e Divulg. Mandato,MARKETING ON SOFTWARE E PUBLICIDADE LTDA,45.565.661/0001-00,6662.5,6176.39
2025,9,IRMÃO  LÉO,Despesas com Consultória Jurídica,DAMASCENO E ROCHA ADV ASSOCIADOS,17.886.840/0001-04,6094.25,82.1399999999994
2025,9,JÂNIO HENRIQUE,Vale Combustível ( GAB 24 ),PRIME LTDA,05.340.639/0001-30,7850.0,19352.23
2025,9,JÂNIO HENRIQUE,Vale Alimentação,PLUXEE BENEFÍCIOS BRASIL,69.034.668/0001-56,5400.0,13952.23
2025,9,JÂNIO HENRIQUE,Vale Restaurante,PLUXEE BENEFÍCIOS BRASIL,69.034.668/0001-56,2700.0,11252.23
2025,9,JÂNIO HENRIQUE,Passcard´s Eletrônicos,SINDIÔNIBUS,07.341.423/0001-14,0.0,11252.23
2025,9,JÂNIO HENRIQUE,Despesas com Serviço Gráfico,GRÁFICA PRINTCOLOR,02.824.298/0001-80,4575.95,6676.28
2025,9,JÂNIO HENRIQUE,Despesas com Comunicação e Divulgação de Mandato,MARKETING ON SOFTWARE E PUB. LTDA,45.565.661/0001-00,6662.5,13.7799999999997
2025,9,JORGE PINHEIRO,Vale Combustível ( GAB 36 ),PRIME LTDA,05.340.639/0001-30,5100.0,48936.57
2025,9,JORGE PINHEIRO,Vale Alimentação,PLUXEE BENEFÍCIOS BRASIL,69.034.668/0001-56,5427.0,43509.57
2025,9,JORGE PINHEIRO,Vale Restaurante,PLUXEE BENEFÍCIOS BRASIL,69.034.668/0001-56,2713.0,40796.57
2025,9,JORGE PINHEIRO,Passcard´s Eletrônicos,SINDIÔNIBUS,07.341.423/0001-14,297.0,40499.57
2025,9,JORGE PINHEIRO,Despesas com Telefonia Móvel,TELEFÔNICA BRASIL S.A,02.558.157/0001/62,151.91,40347.66
2025,9,JORGE PINHEIRO,Despesas com Comunicação e Divulgação de Mandato,RM CEARÁ NOTICÍAS,02.323.168/0001-63,975.0,39372.66
2025,9,JULIERME  SENA,Vale Combustível ( GAB 21 ),PRIME LTDA,05.340.639/0001-30,7100.0,21692.25
2025,9,JULIERME  SENA,Vale Alimentação,PLUXEE BENEFÍCIOS BRASIL,69.034.668/0001-56,5427.63,16264.62
2025,9,JULIERME  SENA,Vale Restaurante,PLUXEE BENEFÍCIOS BRASIL,69.034.668/0001-56,2700.0,13564.62
2025,9,JULIERME  SENA,Passcard´s Eletrônicos,SINDIÔNIBUS,07.341.423/0001-14,1350.0,12214.62
2025,9,JULIERME  SENA,Despesas com Serviço Gráfico,MOTOGRÁFICA,10.670.251/0001-37,4683.44,7531.18
2025,9,JULIERME  SENA,Despesas com Locação de Veículo,CASABLANCA RENT A CAR,03.977.401/0001-94,5050.0,2481.18
2025,9,JUNINHO AQUINO( SUPLENTE ),Vale Combustível ( GAB 02 ),PRIME LTDA,05.340.639/0001-30,4170.06,23752.23
2025,9,JUNINHO AQUINO( SUPLENTE ),Vale Alimentação,PLUXEE BENEFÍCIOS BRASIL,69.034.668/0001-56,4720.0,19032.23
2025,9,JUNINHO AQUINO( SUPLENTE ),Vale Restaurante,PLUXEE BENEFÍCIOS BRASIL,69.034.668/0001-56,2713.0,16319.23
2025,9,JUNINHO AQUINO( SUPLENTE ),Passcard´s Eletrônicos,SINDIÔNIBUS,07.341.423/0001-14,279.0,16040.23
2025,9,JUNINHO AQUINO( SUPLENTE ),Despesas com Serviço Gráfico,GRÁFICA SOLUÇÃO,19.386.760/0001-07,5314.74,10725.49
2025,9,JUNINHO AQUINO( SUPLENTE ),Despesas com Comunicação e Divulgação de Mandato,MARKETING ON SOFTWARE E PUB. LTDA,45.565.661/0001-00,6662.5,4062.99
2025,9,JUNINHO AQUINO( SUPLENTE ),Despesas com Consultoria Jurídica,FABIANO GIOVANI ADV,29.941.589/0001-04,3849.0,213.99
2025,9,LÉO COUTO,Vale Combustível ( GAB 20 ),PRIME LTDA,05.340.639/0001-30,5100.0,22147.39
2025,9,LÉO COUTO,Vale Alimentação,PLUXEE BENEFÍCIOS BRASIL,69.034.668/0001-56,3000.0,19147.39
2025,9,LÉO COUTO,Vale Restaurante,PLUXEE BENEFÍCIOS BRASIL,69.034.668/0001-56,2360.0,16787.39
2025,9,LÉO COUTO,Passcard´s Eletrônicos,SINDIÔNIBUS,07.341.423/0001-14,0.0,16787.39
2025,9,LÉO COUTO,Despesas com Consultória Jurídica,BARBOSA E MORAES SOC-ADV,38.028.070/0001-20,5773.5,11013.89
2025,9,LÉO COUTO,Despesas com Locação de Veículo,CASABLANCA RENT A CAR,03.977.401/0001-94,10850.0,163.889999999999
2025,9,LUIZ PAUPINA,Vale Combustível ( GAB 34 ),PRIME LTDA,05.340.639/0001-30,7870.06,19398.25
2025,9,LUIZ PAUPINA,Vale Alimentação,PLUXEE BENEFÍCIOS BRASIL,69.034.668/0001-56,5427.63,13970.62
2025,9,LUIZ PAUPINA,Vale Restaurante,PLUXEE BENEFÍCIOS BRASIL,69.034.668/0001-56,0.0,13970.62
2025,9,LUIZ PAUPINA,Passcard´s Eletrônicos,SINDIÔNIBUS,07.341.423/0001-14,0.0,13970.62
2025,9,LUIZ PAUPINA,Despesas com Serviço Gráfico,GRÁFICA SOLUÇÃO,19.386.760/0001-07,6775.35,7195.27
2025,9,LUIZ PAUPINA,Despesas com Locação de Veículo,CASABLANCA RENT A CAR,06.621.791/0001-53,3400.0,3795.27
2025,9,LUIZ PAUPINA,Despesas com Locação de Veículo,CASABLANCA RENT A CAR,06.621.791/0001-53,3600.0,195.27
2025,9,LUIZ SERGIO,Vale Combustível ( GAB 07 ),PRIME LTDA,05.340.639/0001-30,2000.0,25139.87
2025,9,LUIZ SERGIO,Vale Alimentação,PLUXEE BENEFÍCIOS BRASIL,69.034.668/0001-56,5358.0,19781.87
2025,9,LUIZ SERGIO,Vale Restaurante,PLUXEE BENEFÍCIOS BRASIL,69.034.668/0001-56,2712.0,17069.87
2025,9,LUIZ SERGIO,Passcard´s Eletrônicos,SINDIÔNIBUS,07.341.423/0001-14,0.0,17069.87
2025,9,LUIZ SERGIO,Despesas com Serviço Gráfico,GRÁFICA MS SOLUÇÕES LDA,43.377.752/0001-89,6756.51,10313.36
2025,9,LUIZ SERGIO,Despesas com Consultória Jurídica,MATHEUS FERREIRA-SOC.IND.ADV,56.638.251/0001-50,6735.75,3577.61
2025,9,LUIZ SERGIO,Despesas com Comunicação e Divulg. Mandato,PRM-COM.GESTÃO EMP.LTDA,37.842.306/0001-03,3575.0,2.60999999999876
2025,9,MARCEL  COLARES,Vale Combustível ( GAB 10 ),PRIME LTDA,05.340.639/0001-30,6250.0,21243.38
2025,9,MARCEL  COLARES,Vale Alimentação,PLUXEE BENEFÍCIOS BRASIL,69.034.668/0001-56,5400.0,15843.38
2025,9,MARCEL  COLARES,Vale Restaurante,PLUXEE BENEFÍCIOS BRASIL,69.034.668/0001-56,1600.0,14243.38
2025,9,MARCEL  COLARES,Passcard´s Eletrônicos,SINDIÔNIBUS,07.341.423/0001-14,225.0,14018.38
2025,9,MARCEL  COLARES,Despesas com Serviço Gráfico,GRÁFICA ESTRELA,07.097.989/0001-42,6483.23,7535.15
2025,9,MARCEL  COLARES,Despesas com Locação de Veículo,CASABLANCA RENT A CAR,03.977.401/0001-94,7000.0,535.15
2025,9,MARCELO  MENDES,Vale Combustível ( GAB 12 ),PRIME LTDA,05.340.639/0001-30,7800.0,19370.79
2025,9,MARCELO  MENDES,Vale Alimentação,PLUXEE BENEFÍCIOS BRASIL,69.034.668/0001-56,5410.0,13960.79
2025,9,MARCELO  MENDES,Vale Restaurante,PLUXEE BENEFÍCIOS BRASIL,69.034.668/0001-56,2713.8,11246.99
2025,9,MARCELO  MENDES,Passcard´s Eletrônicos Metropolitano,SINDIÔNIBUS,07.341.423/0001-14,238.0,11008.99
2025,9,MARCELO  MENDES,Passcard´s Eletrônicos Urbano,SINDIÔNIBUS,07.341.423/0001-14,360.0,10648.99
2025,9,MARCELO  MENDES,Despesas com Locação de Veículo,CASABLANCA RENT A CAR,03.977.401/0001-94,10600.0,48.9899999999998
2025,9,MARCELO TCHELA ( SUPLENTE ),Vale Combustível ( GAB 03 ),PRIME LTDA,05.340.639/0001-30,7792.0,19378.14
2025,9,MARCELO TCHELA ( SUPLENTE ),Vale Alimentação,PLUXEE BENEFÍCIOS BRASIL,69.034.668/0001-56,5420.0,13958.14
2025,9,MARCELO TCHELA ( SUPLENTE ),Vale Restaurante,PLUXEE BENEFÍCIOS BRASIL,69.034.668/0001-56,2710.0,11248.14
2025,9,MARCELO TCHELA ( SUPLENTE ),Passcard´s Eletrônicos,SINDIÔNIBUS,07.341.423/0001-14,540.0,10708.14
2025,9,MARCELO TCHELA ( SUPLENTE ),Despesas com Serviço Gráfico,GRÁFICA  PRINTCOLOR,02.824.298/0001-80,5666.96,5041.18
2025,9,MARCELO TCHELA ( SUPLENTE ),Despesas com Locação de Veículo,CASABLANCA RENT A CAR,06.621.791/0001-53,5040.0,1.17999999999938
2025,9,MARCOS PAULO,Vale Combustível ( GAB 05 ),PRIME LTDA,05.340.639/0001-30,7500.0,19640.43
2025,9,MARCOS PAULO,Vale Alimentação,PLUXEE BENEFÍCIOS BRASIL,69.034.668/0001-56,4427.63,15212.8
2025,9,MARCOS PAULO,Vale Restaurante,PLUXEE BENEFÍCIOS BRASIL,69.034.668/0001-56,2713.0,12499.8
2025,9,MARCOS PAULO,Passcard´s Eletrônicos,SINDIÔNIBUS,07.341.423/0001-14,0.0,12499.8
2025,9,MARCOS PAULO,Despesas com Serviço Gráfico,GRÁFICA SOLUÇÃO,19.386.760/0001-07,6775.35,5724.45
2025,9,MARCOS PAULO,Despesas com Locação de Veículo,CASABLANCA RENT A CAR,03.977.401/0001-94,5720.0,4.44999999999891
2025,9,MARI  LACERDA,Vale Combustível ( GAB 33 ),PRIME LTDA,05.340.639/0001-30,4264.0,25005.14
2025,9,MARI  LACERDA,Vale Alimentação,PLUXEE BENEFÍCIOS BRASIL,69.034.668/0001-56,4900.0,20105.14
2025,9,MARI  LACERDA,Vale Restaurante,PLUXEE BENEFÍCIOS BRASIL,69.034.668/0001-56,2500.0,17605.14
2025,9,MARI  LACERDA,Passcard´s Eletrônicos,SINDIÔNIBUS,07.341.423/0001-14,504.0,17101.14
2025,9,MARI  LACERDA,Despesas com  Telefonia Móvel,CLARO S.A,40.432.544/0001/47,1539.1,15562.04
2025,9,MARI  LACERDA,Despesas com Locação de Veículo,CASABLANCA RENT A CAR,03.977.401/0001-94,5145.0,10417.04
2025,9,MARI  LACERDA,Despesas com Locação de Ônibus,CASABLANCA RENT A CAR,03.977.401/0001-94,1075.0,9342.04
2025,9,MARI  LACERDA,Despesas com Comunicação e Divulg. Mandato,PRM-COMUN.GESTÃO EMP. LTDA,37.842.306/0001-03,5850.0,3492.04
2025,9,MARI  LACERDA,Despesas com Serviço Gráfico,GRÁFICA PRINTCOLOR,02.824.298/0001-80,3486.87,5.16999999999916
2025,9,NILO DANTAS ( SUPLENTE ),Vale Combustível ( Gab 13 ),PRIME LTDA,05.340.639/0001-30,0.0,27138.13
2025,9,NILO DANTAS ( SUPLENTE ),Vale Alimentação,PLUXEE BENEFÍCIOS BRASIL,69.034.668/0001-56,4720.0,22418.13
2025,9,NILO DANTAS ( SUPLENTE ),Vale Restaurante,PLUXEE BENEFÍCIOS BRASIL,69.034.668/0001-56,2360.0,20058.13
2025,9,NILO DANTAS ( SUPLENTE ),Passcard´s Eletrônicos,SINDIÔNIBUS,07.341.423/0001-14,360.0,19698.13
2025,9,NILO DANTAS ( SUPLENTE ),Despesas com Comunicação e Divulgação de Mandato,MARKETING ON SOFTWARE E PUB. LTDA,45.565.661/0001-00,6662.5,13035.63
2025,9,NILO DANTAS ( SUPLENTE ),Despesas com Serviço Gráfico,GRÁFICA RDS,02.265.186/0001-36,2174.93,10860.7
2025,9,NILO DANTAS ( SUPLENTE ),Despesas com Locação de Veículo,CASABLANCA RENT A CAR,03.977.401/0001-94,10850.0,10.7000000000007
2025,9,PAULO MARTINS,Vale Combustível  ( GAB 37 ),PRIME LTDA,05.340.639/0001-30,7850.0,19435.19
2025,9,PAULO MARTINS,Vale Alimentação,PLUXEE BENEFÍCIOS BRASIL,69.034.668/0001-56,5420.0,14015.19
2025,9,PAULO MARTINS,Vale Restaurante,PLUXEE BENEFÍCIOS BRASIL,69.034.668/0001-56,2713.0,11302.19
2025,9,PAULO MARTINS,Passcard´s Eletrônicos,SINDIÔNIBUS,07.341.423/0001-14,1836.0,9466.19
2025,9,PAULO MARTINS,Despesas com Telefonia Móvel,TELEFÔNICA BRASIL S.A,02.558.157/0001/62,151.91,9314.28
2025,9,PAULO MARTINS,Despesas com  Telefonia Móvel,CLARO S.A,40.432.544/0001/47,43.69,9270.59
2025,9,PAULO MARTINS,Despesas com Locação de Veículo,CASABLANCA RENT A CAR,03.977.401/0001-94,5050.0,4220.59
2025,9,PAULO MARTINS,Despesas com Locação de Veículo,CASABLANCA RENT A CAR,03.977.401/0001-94,4000.0,220.59
2025,9,PPCELL,Vale Combustível  ( GAB 25 ),PRIME LTDA,05.340.639/0001-30,7870.0,19676.47
2025,9,PPCELL,Vale Alimentação,PLUXEE BENEFÍCIOS BRASIL,69.034.668/0001-56,5427.0,14249.47
2025,9,PPCELL,Vale Restaurante,PLUXEE BENEFÍCIOS BRASIL,69.034.668/0001-56,2713.0,11536.47
2025,9,PPCELL,Passcard´s Eletrônicos,SINDIÔNIBUS,07.341.423/0001-14,0.0,11536.47
2025,9,PPCELL,Despesas com Serviço Gráfico,GRÁFICA RDS,02.265.186/0001-36,4413.96,7122.51
2025,9,PPCELL,Despesas com Locação de Veículo,CASABLANCA RENT A CAR,03.977.401/0001-94,6510.0,612.509999999999
2025,9,PRISCILA  COSTA,Vale Combustível ( GAB 19 ),PRIME LTDA,05.340.639/0001-30,5190.0,22373.03
2025,9,PRISCILA  COSTA,Vale Alimentação,PLUXEE BENEFÍCIOS BRASIL,69.034.668/0001-56,4720.0,17653.03
2025,9,PRISCILA  COSTA,Vale Restaurante,PLUXEE BENEFÍCIOS BRASIL,69.034.668/0001-56,2360.0,15293.03
2025,9,PRISCILA  COSTA,Passcard´s Eletrônicos,SINDIÔNIBUS,07.341.423/0001-14,0.0,15293.03
2025,9,PRISCILA  COSTA,Desp.com Comunicação e Divulg. de Mandato,PRM Comunic.Gestão Emp. ltda,37.842.306/0001-03,6500.0,8793.03
2025,9,PRISCILA  COSTA,Despesas com Consultória Jurídica,BARBOSA E MORAES SOC-ADV,38.028.070/0001-20,5132.0,3661.03
2025,9,PRISCILA  COSTA,Despesas com Serviço Gráfico,GRÁFICA QUALIGARF,02.933.302/0001-48,3527.57,133.460000000001
2025,9,PROF. AGUIAR TOBA,Vale Combustível  ( GAB 17 ),PRIME LTDA,05.340.639/0001-30,7870.05,19344.68
2025,9,PROF. AGUIAR TOBA,Vale Alimentação,PLUXEE BENEFÍCIOS BRASIL,69.034.668/0001-56,5427.63,13917.05
2025,9,PROF. AGUIAR TOBA,Vale Restaurante,PLUXEE BENEFÍCIOS BRASIL,69.034.668/0001-56,2713.8,11203.25
2025,9,PROF. AGUIAR TOBA,Passcard´s Eletrônicos,SINDIÔNIBUS,07.341.423/0001-14,0.0,11203.25
2025,9,PROF. AGUIAR TOBA,Despesas com Serviço Gráfico,GRÁFICA SOLUÇÃO,19.386.760/0001-07,4425.85,6777.4
2025,9,PROF. AGUIAR TOBA,Despesas com Comunicação e Divulgação de Mandato,MARKETING ON SOFTWARE E PUB. LTDA,45.565.661/0001-00,6662.5,114.9
2025,9,PROFESSOR ENILSON,Vale Combustível ( GAB  09 ),PRIME LTDA,05.340.639/0001-30,7592.0,19775.69
2025,9,PROFESSOR ENILSON,Vale Alimentação,PLUXEE BENEFÍCIOS BRASIL,69.034.668/0001-56,5420.0,14355.69
2025,9,PROFESSOR ENILSON,Vale Restaurante,PLUXEE BENEFÍCIOS BRASIL,69.034.668/0001-56,2360.0,11995.69
2025,9,PROFESSOR ENILSON,Passcard´s Eletrônicos,SINDIÔNIBUS,07.341.423/0001-14,0.0,11995.69
2025,9,PROFESSOR ENILSON,Despesas com Serviço Gráfico,GRÁFICA MS SOLUÇÕES LTDA,43.377.752/0001-89,6652.85,5342.84
2025,9,PROFESSOR ENILSON,Despesas com Comunicação e Divulg.Mandato,AGÊNCIA PIC MKT LTDA,32.075.292/0001-18,4998.5,344.34
2025,9,RAIMUNDO FILHO ( SUPLENTE ),Vale Combustível ( GAB 11 ),PRIME LTDA,05.340.639/0001-30,7044.0,20094.43
2025,9,RAIMUNDO FILHO ( SUPLENTE ),Vale Alimentação,PLUXEE BENEFÍCIOS BRASIL,69.034.668/0001-56,5400.0,14694.43
2025,9,RAIMUNDO FILHO ( SUPLENTE ),Vale Restaurante,PLUXEE BENEFÍCIOS BRASIL,69.034.668/0001-56,2360.0,12334.43
2025,9,RAIMUNDO FILHO ( SUPLENTE ),Passcard´s Eletrônicos,SINDIÔNIBUS,07.341.423/0001-14,0.0,12334.43
2025,9,RAIMUNDO FILHO ( SUPLENTE ),Despesas com Serviço Gráfico,MS SOLUÇÕES LTDA,43.377.752/0001-89,5653.98,6680.45
2025,9,RAIMUNDO FILHO ( SUPLENTE ),Despesas com Locação de Veículo,CASABLANCA RENT A CAR,03.977.401/0001-94,6680.0,0.450000000000728
2025,9,RENÉ  PESSOA,Vale Combustível ( GAB 22 ),PRIME LTDA,05.340.639/0001-30,7870.06,19274.27
2025,9,RENÉ  PESSOA,Vale Alimentação,PLUXEE BENEFÍCIOS BRASIL,69.034.668/0001-56,5427.63,13846.64
2025,9,RENÉ  PESSOA,Vale Restaurante,PLUXEE BENEFÍCIOS BRASIL,69.034.668/0001-56,2713.81,11132.83
2025,9,RENÉ  PESSOA,Passcard´s Eletrônicos,SINDIÔNIBUS,07.341.423/0001-14,414.0,10718.83
2025,9,RENÉ  PESSOA,Despesas com Serviço Gráfico,GRÁFICA MS SOLUÇÕES LDA,43.377.752/0001-89,3499.59,7219.24
2025,9,RENÉ  PESSOA,Despesas com Locação de Veículo,CASABLANCA RENT A CAR,03.977.401/0001-94,7219.0,0.239999999999782
2025,9,RONALDO  MARTINS,Vale Combustível  ( GAB 32 ),PRIME LTDA,05.340.639/0001-30,7692.0,20225.83
2025,9,RONALDO  MARTINS,Vale Alimentação,PLUXEE BENEFÍCIOS BRASIL,69.034.668/0001-56,5420.0,14805.83
2025,9,RONALDO  MARTINS,Vale Restaurante,PLUXEE BENEFÍCIOS BRASIL,69.034.668/0001-56,2713.0,12092.83
2025,9,RONALDO  MARTINS,Passcard´s Eletrônicos,SINDIÔNIBUS,07.341.423/0001-14,1872.0,10220.83
2025,9,RONALDO  MARTINS,Despesas com locação de veículo,CASABLANCA RENT A CAR,03.977.401/0001-94,10200.0,20.8300000000017
2025,9,TAM OLIVEIRA ( SUPLENTE ),Vale Combustível ( GAB 31 ),PRIME LTDA,05.340.639/0001-30,5000.0,22349.85
2025,9,TAM OLIVEIRA ( SUPLENTE ),Vale Alimentação,PLUXEE BENEFÍCIOS BRASIL,69.034.668/0001-56,5400.0,16949.85
2025,9,TAM OLIVEIRA ( SUPLENTE ),Vale Restaurante,PLUXEE BENEFÍCIOS BRASIL,69.034.668/0001-56,0.0,16949.85
2025,9,TAM OLIVEIRA ( SUPLENTE ),Passcard´s Eletrônicos,SINDIÔNIBUS,07.341.423/0001-14,0.0,16949.85
2025,9,TAM OLIVEIRA ( SUPLENTE ),Desp.com Comunicação e Divulg. de Mandato,PRM Comunic.Gestão Emp. ltda,37.842.306/0001-03,6500.0,10449.85
2025,9,TAM OLIVEIRA ( SUPLENTE ),Despesas com Consultória Jurídica,MATHEUS FERREIRA-SOC.IND. DE ADVOCACIA,56.638.251/0001-50,6735.75,3714.1
2025,9,TAM OLIVEIRA ( SUPLENTE ),Despesas com Serviço Gráfico,GRÁFICA MS SOLUÇÕES LTDA,43.377.752/0001-89,3454.04,260.059999999999
2025,9,TIA FRANCISCA ( SUPLENTE ),Vale Combustível ( GAB 35 ),PRIME LTDA,05.340.639/0001-30,6500.0,20781.81
2025,9,TIA FRANCISCA ( SUPLENTE ),Vale Alimentação,PLUXEE BENEFÍCIOS BRASIL,69.034.668/0001-56,5400.0,15381.81
2025,9,TIA FRANCISCA ( SUPLENTE ),Vale Restaurante,PLUXEE BENEFÍCIOS BRASIL,69.034.668/0001-56,2713.0,12668.81
2025,9,TIA FRANCISCA ( SUPLENTE ),Passcard´s Eletrônicos,SINDIÔNIBUS,07.341.423/0001-14,247.5,12421.31
2025,9,TIA FRANCISCA ( SUPLENTE ),Despesas com Consultoria Jurídica,ANTÔNIO ALBUQUERQUE – ADV,47.730.644/0001-07,5643.5,6777.81
2025,9,TIA FRANCISCA ( SUPLENTE ),Despesas com Comunicação e Divulgação de Mandato,MARKETING ON SOFTWARE E PUB. LTDA,45.565.661/0001-00,6662.5,115.310000000001
2025,9,TONY BRITO,Vale Combustível ( GAB 26 ),PRIME LTDA,05.340.639/0001-30,7100.0,20064.39
2025,9,TONY BRITO,Vale Alimentação,PLUXEE BENEFÍCIOS BRASIL,69.034.668/0001-56,5000.0,15064.39
2025,9,TONY BRITO,Vale Restaurante,PLUXEE BENEFÍCIOS BRASIL,69.034.668/0001-56,2500.0,12564.39
2025,9,TONY BRITO,Passcard´s Eletrônicos,SINDIÔNIBUS,07.341.423/0001-14,0.0,12564.39
2025,9,TONY BRITO,Despesas com Comunicação e Divulgação de Mandato,PRM COMUNIC. GESTÃO EMPRES. LTDA,37.842.306/0001-03,5525.0,7039.39
2025,9,TONY BRITO,Despesas com Locação de Veículo,CASABLANCA RENT A CAR,06.621.791/0001-53,7000.0,39.3899999999994
2025,9,WELLINGTON SÁBOIA,Vale Combustível ( GAB 14 ),PRIME LTDA,05.340.639/0001-30,7870.06,19289.53
2025,9,WELLINGTON SÁBOIA,Vale Alimentação,PLUXEE BENEFÍCIOS BRASIL,69.034.668/0001-56,5427.59,13861.94
2025,9,WELLINGTON SÁBOIA,Vale Restaurante,PLUXEE BENEFÍCIOS BRASIL,69.034.668/0001-56,2676.35,11185.59
2025,9,WELLINGTON SÁBOIA,Passcard´s Eletrônicos,SINDIÔNIBUS,07.341.423/0001-14,216.0,10969.59
2025,9,WELLINGTON SÁBOIA,Despesas com  Telefonia Móvel,CLARO S.A,40.432.544/0001/47,87.4,10882.19
2025,9,WELLINGTON SÁBOIA,Despesas com Locação de Veículo,CASABLANCA RENT A CAR,03.977.401/0001-94,10850.0,32.1900000000005
2025,10,ADAIL JUNIOR,Vale Combustível  ( Gab 06 ),PRIME LTDA,05.340.639/0001-30,7870.0,19268.13
2025,10,ADAIL JUNIOR,Vale Alimentação,PLUXEE BENEFÍCIOS BRASIL,69.034.668/0001-56,5427.0,13841.13
2025,10,ADAIL JUNIOR,Vale Restaurante,PLUXEE BENEFÍCIOS BRASIL,69.034.668/0001-56,2713.0,11128.13
2025,10,ADAIL JUNIOR,Passcard´s Eletrônicos,SINDIÔNIBUS,07.341.423/0001-14,0.0,11128.13
2025,10,ADAIL JUNIOR,Despesas com Consultória Jurídica,THIAGO MONTEZUMA-ADV ASSOCIADOS,59.861.314/0001-21,4567.5,6560.63
2025,10,ADAIL JUNIOR,Despesas com Locação de Veículo,CASABLANCA RENT A CAR,03.977.401/0001-94,6560.0,0.6299999999992
2025,10,ADRIANA ALMEIDA,Vale Combustível ( Gab 08 ),PRIME LTDA,05.340.639/0001-30,3600.0,23538.13
2025,10,ADRIANA ALMEIDA,Vale Alimentação,PLUXEE BENEFÍCIOS BRASIL,69.034.668/0001-56,3500.0,20038.13
2025,10,ADRIANA ALMEIDA,Vale Restaurante,PLUXEE BENEFÍCIOS BRASIL,69.034.668/0001-56,2300.0,17738.13
2025,10,ADRIANA ALMEIDA,Passcard´s Eletrônicos,SINDIÔNIBUS,07.341.423/0001-14,909.0,16829.13
2025,10,ADRIANA ALMEIDA,Despesas com Consultoria Jurídica,BRUNO DE SOUSA-ADV,47.771.413/0001-33,4490.5,12338.63
2025,10,ADRIANA ALMEIDA,Despesas com Serviço Gráfico,GRÁFICA PRINTCOLOR,02.824.298/0001-80,6308.56,6030.07
2025,10,ADRIANA ALMEIDA,Despesas com Locação de Veículo,CASABLANCA RENT A CAR,03.977.401/0001-94,5145.0,885.070000000001
2025,10,ADRIANA ALMEIDA,Despesas com Locação de Veículo,CASABLANCA RENT A CAR,03.977.401/0001-94,880.0,5.07000000000062
2025,10,ADRIANA GERÔNIMO,Vale Combustível ( Gab 30 ),PRIME LTDA,05.340.639/0001-30,6429.0,20709.13
2025,10,ADRIANA GERÔNIMO,Vale Alimentação,PLUXEE BENEFÍCIOS BRASIL,69.034.668/0001-56,5427.63,15281.5
2025,10,ADRIANA GERÔNIMO,Vale Restaurante,PLUXEE BENEFÍCIOS BRASIL,69.034.668/0001-56,2713.81,12567.69
2025,10,ADRIANA GERÔNIMO,Passcard´s Eletrônicos,SINDIÔNIBUS,07.341.423/0001-14,1701.0,10866.69
2025,10,ADRIANA GERÔNIMO,Despesas com Telefonia Móvel,TELEFÔNICA BRASIL S.A,02.558.157/0001/62,1193.95,9672.74
2025,10,ADRIANA GERÔNIMO,Despesas com  Telefonia Móvel,TIM S.A,02.421421/0001-11,62.9,9609.84
2025,10,ADRIANA GERÔNIMO,Despesas com Consultória Jurídica,BRUNO SOUSA – ADV,47.771.413/0001-33,4490.5,5119.34
2025,10,ADRIANA GERÔNIMO,Despesas com Locação de Veículo,CASABLANCA RENT A CAR,03.977.401/0001-94,3619.14,1500.2
2025,10,AGLAYLSON FIGUEIREDO,Vale Combustível ( Gab 18 ),PRIME LTDA,05.340.639/0001-30,7600.0,19538.13
2025,10,AGLAYLSON FIGUEIREDO,Vale Alimentação,PLUXEE BENEFÍCIOS BRASIL,69.034.668/0001-56,4500.0,15038.13
2025,10,AGLAYLSON FIGUEIREDO,Vale Restaurante,PLUXEE BENEFÍCIOS BRASIL,69.034.668/0001-56,2700.0,12338.13
2025,10,AGLAYLSON FIGUEIREDO,Passcard´s Eletrônicos,SINDIÔNIBUS,07.341.423/0001-14,0.0,12338.13
2025,10,AGLAYLSON FIGUEIREDO,Despesas com Locação de Veículo,CASABLANCA RENT A CAR,03.977.401/0001-94,10850.0,1488.13
2025,10,BELLA  CARMELO,Vale Combustível ( Gab 42 ),PRIME LTDA,05.340.639/0001-30,3500.0,23638.13
2025,10,BELLA  CARMELO,Vale Alimentação,PLUXEE BENEFÍCIOS BRASIL,69.034.668/0001-56,2300.0,21338.13
2025,10,BELLA  CARMELO,Vale Restaurante,PLUXEE BENEFÍCIOS BRASIL,69.034.668/0001-56,2000.0,19338.13
2025,10,BELLA  CARMELO,Passcard´s Eletrônicos,SINDIÔNIBUS,07.341.423/0001-14,0.0,19338.13
2025,10,BELLA  CARMELO,Despesas com Telefonia Móvel,CLARO S.A,40.432.544/0001-47,583.2,18754.93
2025,10,BELLA  CARMELO,Despesas com Locação de Veículo,CASABLANCA RENT A CAR,03.977.401/0001-94,10850.0,7904.93
2025,10,BENIGNO  JUNIOR,Vale Combustível ( Gab 23 ),PRIME LTDA,05.340.639/0001-30,7500.0,19638.13
2025,10,BENIGNO  JUNIOR,Vale Alimentação,PLUXEE BENEFÍCIOS BRASIL,69.034.668/0001-56,5400.0,14238.13
2025,10,BENIGNO  JUNIOR,Vale Restaurante,PLUXEE BENEFÍCIOS BRASIL,69.034.668/0001-56,2700.0,11538.13
2025,10,BENIGNO  JUNIOR,Passcard´s Eletrônicos,SINDIÔNIBUS,07.341.423/0001-14,0.0,11538.13
2025,10,BENIGNO  JUNIOR,Despesas com Serviço Gráfico,GRÁFICA PRINTCOLOR,02.824.298/0001-80,5144.74,6393.39
2025,10,BENIGNO  JUNIOR,Despesas com Locação de Veículo,CASABLANCA RENT A CAR,03.977.401/0001-94,6090.0,303.389999999999
2025,10,BRUNO MESQUITA,Vale Combustível ( Gab 01 ),PRIME LTDA,05.340.639/0001-30,7844.0,19294.13
2025,10,BRUNO MESQUITA,Vale Alimentação,PLUXEE BENEFÍCIOS BRASIL,69.034.668/0001-56,5420.0,13874.13
2025,10,BRUNO MESQUITA,Vale Restaurante,PLUXEE BENEFÍCIOS BRASIL,69.034.668/0001-56,2710.0,11164.13
2025,10,BRUNO MESQUITA,Passcard´s Eletrônicos,SINDIÔNIBUS,07.341.423/0001-14,225.0,10939.13
2025,10,BRUNO MESQUITA,Despesas com Serviço Gráfico,GRÁFICA RDS,02.265.186/0001-36,4996.58,5942.55
2025,10,BRUNO MESQUITA,Despesas com Locação de Veículo,CASABLANCA RENT A CAR,03.977.401/0001-94,5670.0,272.549999999999
2025,10,CARLA IBIAPINA,Vale Combustível ( Gab 38 ),PRIME LTDA,05.340.639/0001-30,7000.0,20138.13
2025,10,CARLA IBIAPINA,Vale Alimentação,PLUXEE BENEFÍCIOS BRASIL,69.034.668/0001-56,5426.0,14712.13
2025,10,CARLA IBIAPINA,Vale Restaurante,PLUXEE BENEFÍCIOS BRASIL,69.034.668/0001-56,2713.0,11999.13
2025,10,CARLA IBIAPINA,Passcard´s Eletrônicos,SINDIÔNIBUS,07.341.423/0001-14,0.0,11999.13
2025,10,CARLA IBIAPINA,Despesas com Serviço Gráfico,GRÁFICA SOLUÇÃO,19.386.760/0001-07,5465.51,6533.62
2025,10,CARLA IBIAPINA,Despesas com Comunicação e Divulgação de Mandato,MARKETING ON SOFTWARE E PUB. LTDA,45.565.661/0001-00,6500.0,33.619999999999
2025,10,CHIQUINHO DOS CARNEIROS,Vale Combustível ( Gab 28 ),PRIME LTDA,05.340.639/0001-30,7870.0,19268.13
2025,10,CHIQUINHO DOS CARNEIROS,Vale Alimentação,PLUXEE BENEFÍCIOS BRASIL,69.034.668/0001-56,5426.0,13842.13
2025,10,CHIQUINHO DOS CARNEIROS,Vale Restaurante,PLUXEE BENEFÍCIOS BRASIL,69.034.668/0001-56,2712.0,11130.13
2025,10,CHIQUINHO DOS CARNEIROS,Passcard´s Eletrônicos,SINDIÔNIBUS,07.341.423/0001-14,0.0,11130.13
2025,10,CHIQUINHO DOS CARNEIROS,Despesas com Comunicação e Divulg.Mandato,MARKETING ON SOFTWARE E PUB. LTDA,45.565.661/0001-00,5362.5,5767.63
2025,10,CHIQUINHO DOS CARNEIROS,Despesas com Serviço Gráfico,GRÁFICA MS SOLUÇÕES LDA,43.377.752/0001-89,5653.98,113.65
2025,10,CLAÚDIO LIMA( SUPLENTE ),Vale Combustível ( Gab 04 ),PRIME LTDA,05.340.639/0001-30,7800.0,19338.13
2025,10,CLAÚDIO LIMA( SUPLENTE ),Vale Alimentação,PLUXEE BENEFÍCIOS BRASIL,69.034.668/0001-56,5400.0,13938.13
2025,10,CLAÚDIO LIMA( SUPLENTE ),Vale Restaurante,PLUXEE BENEFÍCIOS BRASIL,69.034.668/0001-56,2700.0,11238.13
2025,10,CLAÚDIO LIMA( SUPLENTE ),Passcard´s Eletrônicos,SINDIÔNIBUS,07.341.423/0001-14,0.0,11238.13
2025,10,CLAÚDIO LIMA( SUPLENTE ),Despesas com  Telefonia Móvel,TELEFÔNICA BRASIL S.A,02.558.157/0001/62,0.0,11238.13
2025,10,CLAÚDIO LIMA( SUPLENTE ),Despesas com Comunicação e Divulgação de Mandato,R e K PRODUCÕES E ASSESORIA LTDA,16.880.815/0001-42,6662.5,4575.63
2025,10,CLAÚDIO LIMA( SUPLENTE ),Despesas com Consultória Jurídica,CARVALHO E SANTOS ADV,34.636.322/0001-43,4490.5,85.1299999999992
2025,10,DR. LUCIANO GIRÃO,Vale Combustível,PRIME LTDA,05.340.639/0001-30,7870.0,19268.13
2025,10,DR. LUCIANO GIRÃO,Vale Alimentação,PLUXEE BENEFÍCIOS BRASIL,69.034.668/0001-56,5420.0,13848.13
2025,10,DR. LUCIANO GIRÃO,Vale Restaurante,PLUXEE BENEFÍCIOS BRASIL,69.034.668/0001-56,2713.0,11135.13
2025,10,DR. LUCIANO GIRÃO,Passcard´s Eletrônicos,SINDIÔNIBUS,07.341.423/0001-14,0.0,11135.13
2025,10,DR. LUCIANO GIRÃO,Despesas com Telefonia Móvel,TELEFÔNICA BRASIL S.A,02.558.157/0001/62,1193.94,9941.19
2025,10,DR. LUCIANO GIRÃO,Despesas com  Telefonia Móvel,CLARO S.A,40.432.544/0001/47,57.02,9884.17
2025,10,DR. LUCIANO GIRÃO,Despesas com Locação de Veículo,CASABLANCA RENT A CAR,03.977.401/0001-94,9135.0,749.17
2025,10,DR. LUCIANO GIRÃO,Despesas com Locação de Veículo,CASABLANCA RENT A CAR,03.977.401/0001-94,705.0,44.1700000000001
2025,10,DR. VICENTE,Vale Combustível (GAB 43 ),PRIME LTDA,05.340.639/0001-30,7800.0,19338.13
2025,10,DR. VICENTE,Vale Alimentação,PLUXEE BENEFÍCIOS BRASIL,69.034.668/0001-56,4800.0,14538.13
2025,10,DR. VICENTE,Vale Restaurante,PLUXEE BENEFÍCIOS BRASIL,69.034.668/0001-56,2700.0,11838.13
2025,10,DR. VICENTE,Passcard´s Eletrônicos,SINDIÔNIBUS,07.341.423/0001-14,360.0,11478.13
2025,10,DR. VICENTE,Despesas com  Telefonia Móvel,CLARO S.A,40.432.544/0001/47,792.4,10685.73
2025,10,DR. VICENTE,Despesas com Consultória Jurídica,BRUNO SOUSA – ADV,47.771.413/0001-33,5132.0,5553.73
2025,10,DR. VICENTE,Despesas com Serviço Gráfico,GRÁFICA PRINTCOLOR,02.824.298/0001-80,5492.15,61.5799999999999
2025,10,ESTRELA BARROS,Vale Combustível ( Gab 29 ),PRIME LTDA,05.340.639/0001-30,4127.0,23011.13
2025,10,ESTRELA BARROS,Vale Alimentação,PLUXEE BENEFÍCIOS BRASIL,69.034.668/0001-56,5427.0,17584.13
2025,10,ESTRELA BARROS,Vale Restaurante,PLUXEE BENEFÍCIOS BRASIL,69.034.668/0001-56,0.0,17584.13
2025,10,ESTRELA BARROS,Passcard´s Eletrônicos,SINDIÔNIBUS,07.341.423/0001-14,0.0,17584.13
2025,10,ESTRELA BARROS,Despesas com Serviço Gráfico,GRÁFICA SOLUÇÃO,19.386.760/0001-07,1791.42,15792.71
2025,10,ESTRELA BARROS,Despesas com Consultória Jurídica,AGUIAR -ADV. ASSOCIADOS,09.403.820/0001-07,4811.25,10981.46
2025,10,ESTRELA BARROS,Despesas com Locação de Veículo,CASABLANCA RENT A CAR,03.977.401/0001-94,10800.0,181.460000000001
2025,10,GABRIEL AGUIAR,Vale Combustível ( Gab 41 ),PRIME LTDA,05.340.639/0001-30,6300.0,20838.13
2025,10,GABRIEL AGUIAR,Vale Alimentação,PLUXEE BENEFÍCIOS BRASIL,69.034.668/0001-56,5100.0,15738.13
2025,10,GABRIEL AGUIAR,Vale Restaurante,PLUXEE BENEFÍCIOS BRASIL,69.034.668/0001-56,2400.0,13338.13
2025,10,GABRIEL AGUIAR,Passcard´s Eletrônicos,SINDIÔNIBUS,07.341.423/0001-14,2250.0,11088.13
2025,10,GABRIEL AGUIAR,Despesas com Locação de Veículo,CASABLANCA RENT A CAR,03.977.401/0001-94,5670.0,5418.13
2025,10,GABRIEL AGUIAR,Despesas com Locação de Ônibus,CASABLANCA RENT A CAR,03.977.401/0001-94,1760.0,3658.13
2025,10,GARDEL  ROLIM,Vale Combustível ( Gab 27 ),PRIME LTDA,05.340.639/0001-30,7500.0,19638.13
2025,10,GARDEL  ROLIM,Vale Alimentação,PLUXEE BENEFÍCIOS BRASIL,69.034.668/0001-56,5400.0,14238.13
2025,10,GARDEL  ROLIM,Vale Restaurante,PLUXEE BENEFÍCIOS BRASIL,69.034.668/0001-56,2700.0,11538.13
2025,10,GARDEL  ROLIM,Passcard´s Eletrônicos,SINDIÔNIBUS,07.341.423/0001-14,225.0,11313.13
2025,10,GARDEL  ROLIM,Despesas com Telefonia Móvel,TELEFÔNICA BRASIL S.A,02.558.157/0001/62,113.93,11199.2
2025,10,GARDEL  ROLIM,Despesas com Serviço Gráfico,GRÁFICA  PRINTCOLOR,02.824.298/0001-80,4788.82,6410.38
2025,10,GARDEL  ROLIM,Despesas com Locação de Veículo,CASABLANCA RENT A CAR,06.621.791/0001-53,6410.0,0.3799999999992
2025,10,IGOR NOGUEIRA( SUPLENTE),Vale Combustível ( Gab 16 ),PRIME LTDA,05.340.639/0001-30,7870.0,19268.13
2025,10,IGOR NOGUEIRA( SUPLENTE),Vale Alimentação,PLUXEE BENEFÍCIOS BRASIL,69.034.668/0001-56,5427.0,13841.13
2025,10,IGOR NOGUEIRA( SUPLENTE),Vale Restaurante,PLUXEE BENEFÍCIOS BRASIL,69.034.668/0001-56,2713.81,11127.32
2025,10,IGOR NOGUEIRA( SUPLENTE),Passcard´s Eletrônicos,SINDIÔNIBUS,07.341.423/0001-14,0.0,11127.32
2025,10,IGOR NOGUEIRA( SUPLENTE),Despesas com Telefonia Móvel,CLARO S.A,40.432.544/0001/47,106.42,11020.9
2025,10,IGOR NOGUEIRA( SUPLENTE),Despesas com Telefonia Móvel,TIM S.A,02.421.421/0001-11,62.9,10958.0
2025,10,IGOR NOGUEIRA( SUPLENTE),Despesas com Locação de Veículo,CASABLANCA RENT A CAR,03.977.401/0001-94,10850.0,108.0
2025,10,INSPETOR ALBERTO,Vale Combustível ( Gab 39 ),PRIME LTDA,05.340.639/0001-30,7870.0,19268.13
2025,10,INSPETOR ALBERTO,Vale Alimentação,PLUXEE BENEFÍCIOS BRASIL,69.034.668/0001-56,5427.0,13841.13
2025,10,INSPETOR ALBERTO,Vale Restaurante,PLUXEE BENEFÍCIOS BRASIL,69.034.668/0001-56,2713.0,11128.13
2025,10,INSPETOR ALBERTO,Passcard´s Eletrônicos,SINDIÔNIBUS,07.341.423/0001-14,0.0,11128.13
2025,10,INSPETOR ALBERTO,Despesas com Comunicação e Divulg. Mandato,PRM-COMUN.GESTÃO EMP. LTDA,37.842.306/0001-03,6500.0,4628.13
2025,10,INSPETOR ALBERTO,Despesas com Serviço Gráfico,GRÁFICA INFORGRAF,35.432.845/0001-30,3512.58,1115.55
2025,10,IRMÃO  LÉO,Vale Combustível ( Gab 40 ),PRIME LTDA,05.340.639/0001-30,6214.0,20924.13
2025,10,IRMÃO  LÉO,Vale Alimentação,PLUXEE BENEFÍCIOS BRASIL,69.034.668/0001-56,5427.0,15497.13
2025,10,IRMÃO  LÉO,Vale Restaurante,PLUXEE BENEFÍCIOS BRASIL,69.034.668/0001-56,2713.0,12784.13
2025,10,IRMÃO  LÉO,Passcard´s Eletrônicos,SINDIÔNIBUS,07.341.423/0001-14,0.0,12784.13
2025,10,IRMÃO  LÉO,Despesas com Comunicação e Divulg. Mandato,MARKETING ON SOFTWARE E PUBLICIDADE LTDA,45.565.661/0001-00,6662.5,6121.63
2025,10,IRMÃO  LÉO,Despesas com Consultória Jurídica,DAMASCENO E ROCHA ADV ASSOCIADOS,17.886.840/0001-04,6094.25,27.3799999999992
2025,10,JÂNIO HENRIQUE,Vale Combustível ( Gab 24 ),PRIME LTDA,05.340.639/0001-30,7850.0,19288.13
2025,10,JÂNIO HENRIQUE,Vale Alimentação,PLUXEE BENEFÍCIOS BRASIL,69.034.668/0001-56,5400.0,13888.13
2025,10,JÂNIO HENRIQUE,Vale Restaurante,PLUXEE BENEFÍCIOS BRASIL,69.034.668/0001-56,2700.0,11188.13
2025,10,JÂNIO HENRIQUE,Passcard´s Eletrônicos,SINDIÔNIBUS,07.341.423/0001-14,0.0,11188.13
2025,10,JÂNIO HENRIQUE,Despesas com Serviço Gráfico,GRÁFICA PRINTCOLOR,02.824.298/0001-80,4493.58,6694.55
2025,10,JÂNIO HENRIQUE,Despesas com Comunicação e Divulgação de Mandato,MARKETING ON SOFTWARE E PUB. LTDA,45.565.661/0001-00,6662.5,32.0499999999993
2025,10,JORGE PINHEIRO,Vale Combustível ( Gab 36 ),PRIME LTDA,05.340.639/0001-30,5100.0,22038.13
2025,10,JORGE PINHEIRO,Vale Alimentação,PLUXEE BENEFÍCIOS BRASIL,69.034.668/0001-56,5427.0,16611.13
2025,10,JORGE PINHEIRO,Vale Restaurante,PLUXEE BENEFÍCIOS BRASIL,69.034.668/0001-56,2713.0,13898.13
2025,10,JORGE PINHEIRO,Passcard´s Eletrônicos,SINDIÔNIBUS,07.341.423/0001-14,297.0,13601.13
2025,10,JORGE PINHEIRO,Despesas com Telefonia Móvel,TELEFÔNICA BRASIL S.A,02.558.157/0001/62,151.91,13449.22
2025,10,JORGE PINHEIRO,Despesas com Serviço Gráfico,GRÁFICA QUALIGRAF LTDA,02.933.302/0001-48,5296.9,8152.32
2025,10,JULIERME  SENA,Vale Combustível ( Gab 21 ),PRIME LTDA,05.340.639/0001-30,7100.0,20038.13
2025,10,JULIERME  SENA,Vale Alimentação,PLUXEE BENEFÍCIOS BRASIL,69.034.668/0001-56,5427.63,14610.5
2025,10,JULIERME  SENA,Vale Restaurante,PLUXEE BENEFÍCIOS BRASIL,69.034.668/0001-56,2700.0,11910.5
2025,10,JULIERME  SENA,Passcard´s Eletrônicos,SINDIÔNIBUS,07.341.423/0001-14,1350.0,10560.5
2025,10,JULIERME  SENA,Despesas com Serviço Gráfico,GRÁFICA RONDA LTDA,07.651.0003/0001-34,5503.04,5057.46
2025,10,JULIERME  SENA,Despesas com Locação de Veículo,CASABLANCA RENT A CAR,03.977.401/0001-94,5050.0,7.46000000000004
2025,10,JUNINHO AQUINO( SUPLENTE ),Vale Combustível ( Gab 02 ),PRIME LTDA,05.340.639/0001-30,4170.06,22968.07
2025,10,JUNINHO AQUINO( SUPLENTE ),Vale Alimentação,PLUXEE BENEFÍCIOS BRASIL,69.034.668/0001-56,4720.0,18248.07
2025,10,JUNINHO AQUINO( SUPLENTE ),Vale Restaurante,PLUXEE BENEFÍCIOS BRASIL,69.034.668/0001-56,2713.0,15535.07
2025,10,JUNINHO AQUINO( SUPLENTE ),Passcard´s Eletrônicos,SINDIÔNIBUS,07.341.423/0001-14,279.0,15256.07
2025,10,JUNINHO AQUINO( SUPLENTE ),Despesas com Serviço Gráfico,GRÁFICA MS SOLUÇÕES LDA,43.377.752/0001-89,5314.74,9941.33
2025,10,JUNINHO AQUINO( SUPLENTE ),Despesas com Comunicação e Divulgação de Mandato,MARKETING ON SOFTWARE E PUB. LTDA,45.565.661/0001-00,6662.5,3278.83
2025,10,JUNINHO AQUINO( SUPLENTE ),Despesas com Consultoria Jurídica,FABIANO GIOVANI ADV,29.941.589/0001-04,2886.75,392.08
2025,10,LÉO COUTO,Vale Combustível ( Gab 20 ),PRIME LTDA,05.340.639/0001-30,5100.0,22038.13
2025,10,LÉO COUTO,Vale Alimentação,PLUXEE BENEFÍCIOS BRASIL,69.034.668/0001-56,3000.0,19038.13
2025,10,LÉO COUTO,Vale Restaurante,PLUXEE BENEFÍCIOS BRASIL,69.034.668/0001-56,2360.0,16678.13
2025,10,LÉO COUTO,Passcard´s Eletrônicos,SINDIÔNIBUS,07.341.423/0001-14,0.0,16678.13
2025,10,LÉO COUTO,Despesas com Consultória Jurídica,BARBOSA E MORAES SOC-ADV,38.028.070/0001-20,5773.5,10904.63
2025,10,LÉO COUTO,Despesas com Locação de Veículo,CASABLANCA RENT A CAR,03.977.401/0001-94,10850.0,54.630000000001
2025,10,LUIZ SERGIO,Vale Combustível ( Gab 07 ),PRIME LTDA,05.340.639/0001-30,2000.0,25138.13
2025,10,LUIZ SERGIO,Vale Alimentação,PLUXEE BENEFÍCIOS BRASIL,69.034.668/0001-56,5358.0,19780.13
2025,10,LUIZ SERGIO,Vale Restaurante,PLUXEE BENEFÍCIOS BRASIL,69.034.668/0001-56,2712.0,17068.13
2025,10,LUIZ SERGIO,Passcard´s Eletrônicos,SINDIÔNIBUS,07.341.423/0001-14,0.0,17068.13
2025,10,LUIZ SERGIO,Despesas com Serviço Gráfico,GRÁFICA MS SOLUÇÕES LDA,43.377.752/0001-89,6756.51,10311.62
2025,10,LUIZ SERGIO,Despesas com Consultória Jurídica,MATHEUS FERREIRA-SOC.IND.ADV,56.638.251/0001-50,6735.75,3575.87
2025,10,LUIZ SERGIO,Despesas com Comunicação e Divulg. Mandato,PRM-COM.GESTÃO EMP.LTDA,37.842.306/0001-03,3575.0,0.8700000000008
2025,10,MARCEL  COLARES,Vale Combustível ( Gab 10 ),PRIME LTDA,05.340.639/0001-30,6250.0,20888.13
2025,10,MARCEL  COLARES,Vale Alimentação,PLUXEE BENEFÍCIOS BRASIL,69.034.668/0001-56,5400.0,15488.13
2025,10,MARCEL  COLARES,Vale Restaurante,PLUXEE BENEFÍCIOS BRASIL,69.034.668/0001-56,1600.0,13888.13
2025,10,MARCEL  COLARES,Passcard´s Eletrônicos,SINDIÔNIBUS,07.341.423/0001-14,225.0,13663.13
2025,10,MARCEL  COLARES,Despesas com Serviço Gráfico,GRÁFICA ESTRELA,07.097.989/0001-42,6492.65,7170.48
2025,10,MARCEL  COLARES,Despesas com Locação de Veículo,CASABLANCA RENT A CAR,03.977.401/0001-94,7000.0,170.48
2025,10,MARCELO  MENDES,Vale Combustível ( Gab 12 ),PRIME LTDA,05.340.639/0001-30,7800.0,19338.13
2025,10,MARCELO  MENDES,Vale Alimentação,PLUXEE BENEFÍCIOS BRASIL,69.034.668/0001-56,5410.0,13928.13
2025,10,MARCELO  MENDES,Vale Restaurante,PLUXEE BENEFÍCIOS BRASIL,69.034.668/0001-56,2713.8,11214.33
2025,10,MARCELO  MENDES,Passcard´s Eletrônicos Metropolitano,SINDIÔNIBUS,07.341.423/0001-14,238.0,10976.33
2025,10,MARCELO  MENDES,Passcard´s Eletrônicos Urbano,SINDIÔNIBUS,07.341.423/0001-14,360.0,10616.33
2025,10,MARCELO  MENDES,Despesas com Locação de Veículo,CASABLANCA RENT A CAR,03.977.401/0001-94,10600.0,16.3299999999999
2025,10,MARCELO TCHELA ( SUPLENTE ),Vale Combustível ( Gab 03 ),PRIME LTDA,05.340.639/0001-30,7792.0,19346.13
2025,10,MARCELO TCHELA ( SUPLENTE ),Vale Alimentação,PLUXEE BENEFÍCIOS BRASIL,69.034.668/0001-56,5420.0,13926.13
2025,10,MARCELO TCHELA ( SUPLENTE ),Vale Restaurante,PLUXEE BENEFÍCIOS BRASIL,69.034.668/0001-56,2710.0,11216.13
2025,10,MARCELO TCHELA ( SUPLENTE ),Passcard´s Eletrônicos,SINDIÔNIBUS,07.341.423/0001-14,540.0,10676.13
2025,10,MARCELO TCHELA ( SUPLENTE ),Despesas com Serviço Gráfico,GRÁFICA  PRINTCOLOR,02.824.298/0001-80,5643.55,5032.58
2025,10,MARCELO TCHELA ( SUPLENTE ),Despesas com Locação de Veículo,CASABLANCA RENT A CAR,06.621.791/0001-53,5030.0,2.57999999999902
2025,10,MARCOS PAULO,Vale Combustível ( Gab 05 ),PRIME LTDA,05.340.639/0001-30,7500.0,19638.13
2025,10,MARCOS PAULO,Vale Alimentação,PLUXEE BENEFÍCIOS BRASIL,69.034.668/0001-56,4427.63,15210.5
2025,10,MARCOS PAULO,Vale Restaurante,PLUXEE BENEFÍCIOS BRASIL,69.034.668/0001-56,2713.0,12497.5
2025,10,MARCOS PAULO,Passcard´s Eletrônicos,SINDIÔNIBUS,07.341.423/0001-14,0.0,12497.5
2025,10,MARCOS PAULO,Despesas com Serviço Gráfico,GRÁFICA SOLUÇÃO,19.386.760/0001-07,6775.35,5722.15
2025,10,MARCOS PAULO,Despesas com Locação de Veículo,CASABLANCA RENT A CAR,03.977.401/0001-94,5720.0,2.14999999999964
2025,10,MARI  LACERDA,Vale Combustível ( Gab 33 ),PRIME LTDA,05.340.639/0001-30,4264.0,22874.13
2025,10,MARI  LACERDA,Vale Alimentação,PLUXEE BENEFÍCIOS BRASIL,69.034.668/0001-56,4900.0,17974.13
2025,10,MARI  LACERDA,Vale Restaurante,PLUXEE BENEFÍCIOS BRASIL,69.034.668/0001-56,2500.0,15474.13
2025,10,MARI  LACERDA,Passcard´s Eletrônicos,SINDIÔNIBUS,07.341.423/0001-14,504.0,14970.13
2025,10,MARI  LACERDA,Despesas com  Telefonia Móvel,CLARO S.A,40.432.544/0001/47,1539.1,13431.03
2025,10,MARI  LACERDA,Despesas com Passagem aérea,R MORAES AGENCIA DE TURISMO,06.955.770/0001-74,4877.06,8553.97
2025,10,MARI  LACERDA,Despesas com Passagem aérea,R MORAES AGENCIA DE TURISMO,06.955.770/0001-74,3659.45,4894.52
2025,10,MARI  LACERDA,Despesas com Locação de Veículo,CASABLANCA RENT A CAR,03.977.401/0001-94,4890.0,4.51999999999771
2025,10,NILO DANTAS ( SUPLENTE ),Vale Combustível ( Gab 13 ),PRIME LTDA,05.340.639/0001-30,0.0,27138.13
2025,10,NILO DANTAS ( SUPLENTE ),Vale Alimentação,PLUXEE BENEFÍCIOS BRASIL,69.034.668/0001-56,4720.0,22418.13
2025,10,NILO DANTAS ( SUPLENTE ),Vale Restaurante,PLUXEE BENEFÍCIOS BRASIL,69.034.668/0001-56,2360.0,20058.13
2025,10,NILO DANTAS ( SUPLENTE ),Passcard´s Eletrônicos,SINDIÔNIBUS,07.341.423/0001-14,360.0,19698.13
2025,10,NILO DANTAS ( SUPLENTE ),Despesas com Comunicação e Divulgação de Mandato,MARKETING ON SOFTWARE E PUB. LTDA,45.565.661/0001-00,6662.5,13035.63
2025,10,NILO DANTAS ( SUPLENTE ),Despesas com Serviço Gráfico,GRÁFICA RDS,02.265.186/0001-36,2174.93,10860.7
2025,10,NILO DANTAS ( SUPLENTE ),Despesas com Locação de Veículo,CASABLANCA RENT A CAR,03.977.401/0001-94,10850.0,10.7000000000007
2025,10,PAULO MARTINS,Vale Combustível ( Gab 37 ),PRIME LTDA,05.340.639/0001-30,7850.0,19288.13
2025,10,PAULO MARTINS,Vale Alimentação,PLUXEE BENEFÍCIOS BRASIL,69.034.668/0001-56,5420.0,13868.13
2025,10,PAULO MARTINS,Vale Restaurante,PLUXEE BENEFÍCIOS BRASIL,69.034.668/0001-56,2713.0,11155.13
2025,10,PAULO MARTINS,Passcard´s Eletrônicos,SINDIÔNIBUS,07.341.423/0001-14,1836.0,9319.13
2025,10,PAULO MARTINS,Despesas com Telefonia Móvel,TELEFÔNICA BRASIL S.A,02.558.157/0001/62,151.91,9167.22
2025,10,PAULO MARTINS,Despesas com  Telefonia Móvel,CLARO S.A,40.432.544/0001/47,43.69,9123.53
2025,10,PAULO MARTINS,Despesas com Locação de Veículo,CASABLANCA RENT A CAR,03.977.401/0001-94,5050.0,4073.53
2025,10,PAULO MARTINS,Despesas com Locação de Veículo,CASABLANCA RENT A CAR,03.977.401/0001-94,4000.0,73.5299999999988
2025,10,PPCELL,Vale Combustível ( Gab 25 ),PRIME LTDA,05.340.639/0001-30,7870.0,19268.13
2025,10,PPCELL,Vale Alimentação,PLUXEE BENEFÍCIOS BRASIL,69.034.668/0001-56,5427.0,13841.13
2025,10,PPCELL,Vale Restaurante,PLUXEE BENEFÍCIOS BRASIL,69.034.668/0001-56,2713.0,11128.13
2025,10,PPCELL,Passcard´s Eletrônicos,SINDIÔNIBUS,07.341.423/0001-14,0.0,11128.13
2025,10,PPCELL,Despesas com Serviço Gráfico,GRÁFICA RDS,02.265.186/0001-36,4413.96,6714.17
2025,10,PPCELL,Despesas com Locação de Veículo,CASABLANCA RENT A CAR,03.977.401/0001-94,6510.0,204.169999999999
2025,10,PRISCILA  COSTA,Vale Combustível ( Gab 19 ),PRIME LTDA,05.340.639/0001-30,5190.0,21948.13
2025,10,PRISCILA  COSTA,Vale Alimentação,PLUXEE BENEFÍCIOS BRASIL,69.034.668/0001-56,4720.0,17228.13
2025,10,PRISCILA  COSTA,Vale Restaurante,PLUXEE BENEFÍCIOS BRASIL,69.034.668/0001-56,2360.0,14868.13
2025,10,PRISCILA  COSTA,Passcard´s Eletrônicos,SINDIÔNIBUS,07.341.423/0001-14,0.0,14868.13
2025,10,PRISCILA  COSTA,Desp.com Comunicação e Divulg. de Mandato,PRM Comunic.Gestão Emp. ltda,37.842.306/0001-03,6500.0,8368.13
2025,10,PRISCILA  COSTA,Despesas com Consultória Jurídica,BARBOSA E MORAES SOC-ADV,38.028.070/0001-20,5132.0,3236.13
2025,10,PROF. AGUIAR TOBA,Vale Combustível ( Gab 17 ),PRIME LTDA,05.340.639/0001-30,7870.05,19268.08
2025,10,PROF. AGUIAR TOBA,Vale Alimentação,PLUXEE BENEFÍCIOS BRASIL,69.034.668/0001-56,5427.63,13840.45
2025,10,PROF. AGUIAR TOBA,Vale Restaurante,PLUXEE BENEFÍCIOS BRASIL,69.034.668/0001-56,2713.8,11126.65
2025,10,PROF. AGUIAR TOBA,Passcard´s Eletrônicos,SINDIÔNIBUS,07.341.423/0001-14,0.0,11126.65
2025,10,PROF. AGUIAR TOBA,Despesas com Comunicação e Divulgação de Mandato,MARKETING ON SOFTWARE E PUB. LTDA,45.565.661/0001-00,6662.5,4464.15
2025,10,PROF. AGUIAR TOBA,Despesas com Serviço Gráfico,GRÁFICA SOLUÇÃO,19.386.760/0001-07,4425.85,38.2999999999993
2025,10,PROFESSOR ENILSON,Vale Combustível ( Gab 09 ),PRIME LTDA,05.340.639/0001-30,7592.0,19546.13
2025,10,PROFESSOR ENILSON,Vale Alimentação,PLUXEE BENEFÍCIOS BRASIL,69.034.668/0001-56,5420.0,14126.13
2025,10,PROFESSOR ENILSON,Vale Restaurante,PLUXEE BENEFÍCIOS BRASIL,69.034.668/0001-56,2360.0,11766.13
2025,10,PROFESSOR ENILSON,Passcard´s Eletrônicos,SINDIÔNIBUS,07.341.423/0001-14,0.0,11766.13
2025,10,PROFESSOR ENILSON,Despesas com Serviço Gráfico,GRÁFICA MS SOLUÇÕES LDA,43.377.752/0001-89,6652.85,5113.28
2025,10,PROFESSOR ENILSON,Despesas com Comunicação e Divulg.Mandato,AGÊNCIA PIC MKT LTDA,32.075.292/0001-18,4998.5,114.779999999999
2025,10,RAIMUNDO FILHO ( SUPLENTE ),Vale Combustível ( Gab 11 ),PRIME LTDA,05.340.639/0001-30,7044.0,20094.13
2025,10,RAIMUNDO FILHO ( SUPLENTE ),Vale Alimentação,PLUXEE BENEFÍCIOS BRASIL,69.034.668/0001-56,5400.0,14694.13
2025,10,RAIMUNDO FILHO ( SUPLENTE ),Vale Restaurante,PLUXEE BENEFÍCIOS BRASIL,69.034.668/0001-56,2360.0,12334.13
2025,10,RAIMUNDO FILHO ( SUPLENTE ),Passcard´s Eletrônicos,SINDIÔNIBUS,07.341.423/0001-14,0.0,12334.13
2025,10,RAIMUNDO FILHO ( SUPLENTE ),Despesas com Serviço Gráfico,GRÁFICA MS SOLUÇÕES LDA,43.377.752/0001-89,5653.98,6680.15
2025,10,RAIMUNDO FILHO ( SUPLENTE ),Despesas com Locação de Veículo,CASABLANCA RENT A CAR,03.977.401/0001-94,6680.0,0.149999999999636
2025,10,RENÉ  PESSOA,Vale Combustível ( Gab 22 ),PRIME LTDA,05.340.639/0001-30,7870.06,19268.07
2025,10,RENÉ  PESSOA,Vale Alimentação,PLUXEE BENEFÍCIOS BRASIL,69.034.668/0001-56,5427.63,13840.44
2025,10,RENÉ  PESSOA,Vale Restaurante,PLUXEE BENEFÍCIOS BRASIL,69.034.668/0001-56,2713.81,11126.63
2025,10,RENÉ  PESSOA,Passcard´s Eletrônicos,SINDIÔNIBUS,07.341.423/0001-14,414.0,10712.63
2025,10,RENÉ  PESSOA,Despesas com Serviço Gráfico,GRÁFICA PRINTCOLOR,02.824.298/0001-80,6780.4,3932.23
2025,10,RENÉ  PESSOA,Despesas com Locação de Veículo,CASABLANCA RENT A CAR,03.977.401/0001-94,3930.0,2.22999999999956
2025,10,RONALDO  MARTINS,Vale Combustível ( Gab 32 ),PRIME LTDA,05.340.639/0001-30,7692.0,19446.13
2025,10,RONALDO  MARTINS,Vale Alimentação,PLUXEE BENEFÍCIOS BRASIL,69.034.668/0001-56,5420.0,14026.13
2025,10,RONALDO  MARTINS,Vale Restaurante,PLUXEE BENEFÍCIOS BRASIL,69.034.668/0001-56,2713.0,11313.13
2025,10,RONALDO  MARTINS,Passcard´s Eletrônicos,SINDIÔNIBUS,07.341.423/0001-14,1872.0,9441.13
2025,10,RONALDO  MARTINS,Despesas com locação de veículo,CASABLANCA RENT A CAR,03.977.401/0001-94,6000.0,3441.13
2025,10,SOLDADO  NOÉLIO,Vale Combustível ( Gab 31 ),PRIME LTDA,05.340.639/0001-30,5000.0,22138.13
2025,10,SOLDADO  NOÉLIO,Vale Alimentação,PLUXEE BENEFÍCIOS BRASIL,69.034.668/0001-56,5400.0,16738.13
2025,10,SOLDADO  NOÉLIO,Vale Restaurante,PLUXEE BENEFÍCIOS BRASIL,69.034.668/0001-56,0.0,16738.13
2025,10,SOLDADO  NOÉLIO,Passcard´s Eletrônicos,SINDIÔNIBUS,07.341.423/0001-14,0.0,16738.13
2025,10,SOLDADO  NOÉLIO,Despesas com Serviço Gráfico,GRÁFICA MS SOLUÇÕES LDA,43.377.752/0001-89,3454.04,13284.09
2025,10,SOLDADO  NOÉLIO,Despesas com Consultória Jurídica,MATHEUS FERREIRA-SOC.IND. DE ADV,56.638.251/0001-50,6735.75,6548.34
2025,10,SOLDADO  NOÉLIO,Despesas com Comunicação e Divulg. Mandato,PRM-COM.GESTÃO EMP. LTDA,37.842.306/0001-03,6500.0,48.3400000000002
2025,10,TIA FRANCISCA ( SUPLENTE ),Vale Combustível ( Gab 35 ),PRIME LTDA,05.340.639/0001-30,6500.0,20638.13
2025,10,TIA FRANCISCA ( SUPLENTE ),Vale Alimentação,PLUXEE BENEFÍCIOS BRASIL,69.034.668/0001-56,5400.0,15238.13
2025,10,TIA FRANCISCA ( SUPLENTE ),Vale Restaurante,PLUXEE BENEFÍCIOS BRASIL,69.034.668/0001-56,2713.0,12525.13
2025,10,TIA FRANCISCA ( SUPLENTE ),Passcard´s Eletrônicos,SINDIÔNIBUS,07.341.423/0001-14,247.5,12277.63
2025,10,TIA FRANCISCA ( SUPLENTE ),Despesas com Consultoria Jurídica,ANTÔNIO ALBUQUERQUE-ADV,47.730.644/0001-07,5491.25,6786.38
2025,10,TIA FRANCISCA ( SUPLENTE ),Despesas com Comunicação e Divulgação de Mandato,MARKETING ON SOFTWARE E PUB. LTDA,45.565.661/0001-00,6662.5,123.879999999999
2025,10,TONY BRITO,Vale Combustível ( Gab 26 ),PRIME LTDA,05.340.639/0001-30,7100.0,20038.13
2025,10,TONY BRITO,Vale Alimentação,PLUXEE BENEFÍCIOS BRASIL,69.034.668/0001-56,5000.0,15038.13
2025,10,TONY BRITO,Vale Restaurante,PLUXEE BENEFÍCIOS BRASIL,69.034.668/0001-56,2500.0,12538.13
2025,10,TONY BRITO,Passcard´s Eletrônicos,SINDIÔNIBUS,07.341.423/0001-14,0.0,12538.13
2025,10,TONY BRITO,Despesas com Comunicação e Divulgação de Mandato,PRM COMUNIC. GESTÃO EMPRES. LTDA,37.842.306/0001-03,5525.0,7013.13
2025,10,TONY BRITO,Despesas com Locação de Veículo,CASABLANCA RENT A CAR,06.621.791/0001-53,7000.0,13.1299999999992
2025,10,WANDER ALENCAR ( SUPLENTE ),Vale Combustível ( Gab 34 ),PRIME LTDA,05.340.639/0001-30,7870.06,19268.07
2025,10,WANDER ALENCAR ( SUPLENTE ),Vale Alimentação,PLUXEE BENEFÍCIOS BRASIL,69.034.668/0001-56,5427.63,13840.44
2025,10,WANDER ALENCAR ( SUPLENTE ),Vale Restaurante,PLUXEE BENEFÍCIOS BRASIL,69.034.668/0001-56,0.0,13840.44
2025,10,WANDER ALENCAR ( SUPLENTE ),Passcard´s Eletrônicos,SINDIÔNIBUS,07.341.423/0001-14,0.0,13840.44
2025,10,WANDER ALENCAR ( SUPLENTE ),Despesas com Serviço Gráfico,GRÁFICA MS SOLUÇÕES LDA,43.377.752/0001-89,6775.35,7065.09
2025,10,WANDER ALENCAR ( SUPLENTE ),Despesas com Locação de Veículo,CASABLANCA RENT A CAR,06.621.791/0001-53,3400.0,3665.09
2025,10,WANDER ALENCAR ( SUPLENTE ),Despesas com Locação de Veículo,CASABLANCA RENT A CAR,06.621.791/0001-53,3600.0,65.0900000000001
2025,10,WELLINGTON SÁBOIA,Vale Combustível ( Gab 14 ),PRIME LTDA,05.340.639/0001-30,7870.06,19268.07
2025,10,WELLINGTON SÁBOIA,Vale Alimentação,PLUXEE BENEFÍCIOS BRASIL,69.034.668/0001-56,5427.59,13840.48
2025,10,WELLINGTON SÁBOIA,Vale Restaurante,PLUXEE BENEFÍCIOS BRASIL,69.034.668/0001-56,2676.35,11164.13
2025,10,WELLINGTON SÁBOIA,Passcard´s Eletrônicos,SINDIÔNIBUS,07.341.423/0001-14,216.0,10948.13
2025,10,WELLINGTON SÁBOIA,Despesas com  Telefonia Móvel,CLARO S.A,40.432.544/0001/47,87.4,10860.73
2025,10,WELLINGTON SÁBOIA,Despesas com Locação de Veículo,CASABLANCA RENT A CAR,03.977.401/0001-94,10850.0,10.7299999999996
2025,11,ADAIL JUNIOR,Vale Combustível  ( Gab 06 ),PRIME LTDA,05.340.639/0001-30,7870.0,19268.76
2025,11,ADAIL JUNIOR,Vale Alimentação,PLUXEE BENEFÍCIOS BRASIL,69.034.668/0001-56,5427.0,13841.76
2025,11,ADAIL JUNIOR,Vale Restaurante,PLUXEE BENEFÍCIOS BRASIL,69.034.668/0001-56,2713.0,11128.76
2025,11,ADAIL JUNIOR,Passcard´s Eletrônicos,SINDIÔNIBUS,07.341.423/0001-14,0.0,11128.76
2025,11,ADAIL JUNIOR,Despesas com Consultória Jurídica,THIAGO MONTEZUMA-ADV ASSOCIADOS,59.861.314/0001-21,4567.5,6561.26
2025,11,ADAIL JUNIOR,Despesas com Locação de Veículo,CASABLANCA RENT A CAR,03.977.401/0001-94,6560.0,1.26000000000022
2025,11,ADRIANA ALMEIDA,Vale Combustível ( Gab 08 ),PRIME LTDA,05.340.639/0001-30,3600.0,23543.2
2025,11,ADRIANA ALMEIDA,Vale Alimentação,PLUXEE BENEFÍCIOS BRASIL,69.034.668/0001-56,4000.0,19543.2
2025,11,ADRIANA ALMEIDA,Vale Restaurante,PLUXEE BENEFÍCIOS BRASIL,69.034.668/0001-56,2300.0,17243.2
2025,11,ADRIANA ALMEIDA,Passcard´s Eletrônicos,SINDIÔNIBUS,07.341.423/0001-14,909.0,16334.2
2025,11,ADRIANA ALMEIDA,Despesas com Consultoria Jurídica,BRUNO DE SOUSA-ADV,47.771.413/0001-33,3849.0,12485.2
2025,11,ADRIANA ALMEIDA,Despesas com Passagem Aérea,R MORAES AGENCIA DE TURISMO,06.955.770/0001-74,3085.54,9399.66
2025,11,ADRIANA ALMEIDA,Despesas com Passagem Aérea,R MORAES AGENCIA DE TURISMO,06.955.770/0001-74,3866.55,5533.11
2025,11,ADRIANA ALMEIDA,Despesas com Passagem Aérea,R MORAES AGENCIA DE TURISMO,06.955.770/0001-74,5266.19,266.92
2025,11,ADRIANA GERÔNIMO,Vale Combustível ( Gab 30 ),PRIME LTDA,05.340.639/0001-30,6729.0,21909.33
2025,11,ADRIANA GERÔNIMO,Vale Alimentação,PLUXEE BENEFÍCIOS BRASIL,69.034.668/0001-56,5427.63,16481.7
2025,11,ADRIANA GERÔNIMO,Vale Restaurante,PLUXEE BENEFÍCIOS BRASIL,69.034.668/0001-56,2713.81,13767.89
2025,11,ADRIANA GERÔNIMO,Passcard´s Eletrônicos,SINDIÔNIBUS,07.341.423/0001-14,1323.0,12444.89
2025,11,ADRIANA GERÔNIMO,Despesas com Telefonia Móvel,TELEFÔNICA BRASIL S.A,02.558.157/0001/62,1193.95,11250.94
2025,11,ADRIANA GERÔNIMO,Despesas com  Telefonia Móvel,TIM S.A,02.421421/0001-11,62.9,11188.04
2025,11,ADRIANA GERÔNIMO,Despesas com Consultória Jurídica,BRUNO SOUSA – ADV,47.771.413/0001-33,4490.5,6697.54
2025,11,ADRIANA GERÔNIMO,Despesas com Locação de Veículo,CASABLANCA RENT A CAR,03.977.401/0001-94,3619.14,3078.4
2025,11,ADRIANA GERÔNIMO,Despesas com Locação de Ônibus,CASABLANCA RENT A CAR,03.977.401/0001-94,880.0,2198.4
2025,11,AGLAYLSON FIGUEIREDO,Vale Combustível ( Gab 18 ),PRIME LTDA,05.340.639/0001-30,7600.0,21026.26
2025,11,AGLAYLSON FIGUEIREDO,Vale Alimentação,PLUXEE BENEFÍCIOS BRASIL,69.034.668/0001-56,4500.0,16526.26
2025,11,AGLAYLSON FIGUEIREDO,Vale Restaurante,PLUXEE BENEFÍCIOS BRASIL,69.034.668/0001-56,2700.0,13826.26
2025,11,AGLAYLSON FIGUEIREDO,Passcard´s Eletrônicos,SINDIÔNIBUS,07.341.423/0001-14,0.0,13826.26
2025,11,AGLAYLSON FIGUEIREDO,Despesas com Locação de Veículo,CASABLANCA RENT A CAR,03.977.401/0001-94,10850.0,2976.26
2025,11,ANA ARACAPÉ,Vale Combustível ( GAB 02 ),PRIME LTDA,05.340.639/0001-30,4170.06,22968.07
2025,11,ANA ARACAPÉ,Vale Alimentação,PLUXEE BENEFÍCIOS BRASIL,69.034.668/0001-56,5070.0,17898.07
2025,11,ANA ARACAPÉ,Vale Restaurante,PLUXEE BENEFÍCIOS BRASIL,69.034.668/0001-56,2713.0,15185.07
2025,11,ANA ARACAPÉ,Passcard´s Eletrônicos,SINDIÔNIBUS,07.341.423/0001-14,279.0,14906.07
2025,11,ANA ARACAPÉ,Despesas com Serviço Gráfico,GRÁFICA MS SOLUÇÕES LTDA,43.3773752/0001-89,5315.37,9590.7
2025,11,ANA ARACAPÉ,Despesas com Consultória Jurídica,FABIANO GIOVANI ADV,29.941.589/0001-04,2886.75,6703.95
2025,11,ANA ARACAPÉ,Despesas com Comunicação e Divulgação de Mandato,MARKETING ON SOFTWARE E PUB. LTDA,45.565.661/0001-00,6662.5,41.4500000000007
2025,11,BELLA  CARMELO,Vale Combustível ( Gab 42 ),PRIME LTDA,05.340.639/0001-30,3500.0,31543.06
2025,11,BELLA  CARMELO,Vale Alimentação,PLUXEE BENEFÍCIOS BRASIL,69.034.668/0001-56,2300.0,29243.06
2025,11,BELLA  CARMELO,Vale Restaurante,PLUXEE BENEFÍCIOS BRASIL,69.034.668/0001-56,2000.0,27243.06
2025,11,BELLA  CARMELO,Passcard´s Eletrônicos,SINDIÔNIBUS,07.341.423/0001-14,0.0,27243.06
2025,11,BELLA  CARMELO,Despesas com Telefonia Móvel,CLARO S.A,40.432.544/0001-47,583.2,26659.86
2025,11,BELLA  CARMELO,Despesas com Locação de Veículo,CASABLANCA RENT A CAR,03.977.401/0001-94,10850.0,15809.86
2025,11,BELLA  CARMELO,Despesas com Passagem Aérea,R MORAES AGENCIA DE TURISMO,06.955.770/0001-74,6408.25,9401.61
2025,11,BELLA  CARMELO,Despesas com Hospedagem,R MORAES AGENCIA DE TURISMO,06.955.770/0001-74,4754.53,4647.08
2025,11,BENIGNO  JUNIOR,Vale Combustível ( Gab 23 ),PRIME LTDA,05.340.639/0001-30,7500.0,19941.52
2025,11,BENIGNO  JUNIOR,Vale Alimentação,PLUXEE BENEFÍCIOS BRASIL,69.034.668/0001-56,5400.0,14541.52
2025,11,BENIGNO  JUNIOR,Vale Restaurante,PLUXEE BENEFÍCIOS BRASIL,69.034.668/0001-56,2700.0,11841.52
2025,11,BENIGNO  JUNIOR,Passcard´s Eletrônicos,SINDIÔNIBUS,07.341.423/0001-14,0.0,11841.52
2025,11,BENIGNO  JUNIOR,Despesas com Locação de Veículo,CASABLANCA RENT A CAR,03.977.401/0001-94,3045.0,8796.52
2025,11,BENIGNO  JUNIOR,Despesas com Locação de Veículo,CASABLANCA RENT A CAR,03.977.401/0001-94,1505.0,7291.52
2025,11,BENIGNO  JUNIOR,Despesas com Locação de Veículo,CASABLANCA RENT A CAR,03.977.401/0001-94,6300.0,991.52
2025,11,BRUNO MESQUITA,Vale Combustível ( Gab 01 ),PRIME LTDA,05.340.639/0001-30,7844.0,19566.68
2025,11,BRUNO MESQUITA,Vale Alimentação,PLUXEE BENEFÍCIOS BRASIL,69.034.668/0001-56,5420.0,14146.68
2025,11,BRUNO MESQUITA,Vale Restaurante,PLUXEE BENEFÍCIOS BRASIL,69.034.668/0001-56,2710.0,11436.68
2025,11,BRUNO MESQUITA,Passcard´s Eletrônicos,SINDIÔNIBUS,07.341.423/0001-14,225.0,11211.68
2025,11,BRUNO MESQUITA,Despesas com Serviço Gráfico,GRÁFICA RDS,02.265.186/0001-36,5136.67,6075.01
2025,11,BRUNO MESQUITA,Despesas com Locação de Veículo,CASABLANCA RENT A CAR,03.977.401/0001-94,5670.0,405.01
2025,11,CHIQUINHO DOS CARNEIROS,Vale Combustível ( Gab 28 ),PRIME LTDA,05.340.639/0001-30,7870.0,19381.78
2025,11,CHIQUINHO DOS CARNEIROS,Vale Alimentação,PLUXEE BENEFÍCIOS BRASIL,69.034.668/0001-56,5426.0,13955.78
2025,11,CHIQUINHO DOS CARNEIROS,Vale Restaurante,PLUXEE BENEFÍCIOS BRASIL,69.034.668/0001-56,2712.0,11243.78
2025,11,CHIQUINHO DOS CARNEIROS,Passcard´s Eletrônicos,SINDIÔNIBUS,07.341.423/0001-14,0.0,11243.78
2025,11,CHIQUINHO DOS CARNEIROS,Despesas com Serviço Gráfico,GRÁFICA MS SOLUÇÕES LDA,43.377.752/0001-89,4580.79,6662.99
2025,11,CHIQUINHO DOS CARNEIROS,Despesas com Comunicação e Divulg.Mandato,MARKETING ON SOFTWARE E PUB. LTDA,45.565.661/0001-00,6662.5,0.490000000000691
2025,11,CLAÚDIO LIMA( SUPLENTE ),Vale Combustível ( Gab 04 ),PRIME LTDA,05.340.639/0001-30,7800.0,19423.26
2025,11,CLAÚDIO LIMA( SUPLENTE ),Vale Alimentação,PLUXEE BENEFÍCIOS BRASIL,69.034.668/0001-56,5400.0,14023.26
2025,11,CLAÚDIO LIMA( SUPLENTE ),Vale Restaurante,PLUXEE BENEFÍCIOS BRASIL,69.034.668/0001-56,2700.0,11323.26
2025,11,CLAÚDIO LIMA( SUPLENTE ),Passcard´s Eletrônicos,SINDIÔNIBUS,07.341.423/0001-14,0.0,11323.26
2025,11,CLAÚDIO LIMA( SUPLENTE ),Despesas com  Telefonia Móvel,TELEFÔNICA BRASIL S.A,02.558.157/0001/62,0.0,11323.26
2025,11,CLAÚDIO LIMA( SUPLENTE ),Despesas com Comunicação e Divulgação de Mandato,R e K PRODUCÕES E ASSESORIA LTDA,16.880.815/0001-42,6662.5,4660.76
2025,11,CLAÚDIO LIMA( SUPLENTE ),Despesas com Consultória Jurídica,CARVALHO E SANTOS ADV,34.636.322/0001-43,4490.5,170.26
2025,11,DAYANE COSTA ( SUPLENTE ),Vale Combustível ( Gab 14 ),PRIME LTDA,05.340.639/0001-30,7870.06,19268.07
2025,11,DAYANE COSTA ( SUPLENTE ),Vale Alimentação,PLUXEE BENEFÍCIOS BRASIL,69.034.668/0001-56,5427.59,13840.48
2025,11,DAYANE COSTA ( SUPLENTE ),Vale Restaurante,PLUXEE BENEFÍCIOS BRASIL,69.034.668/0001-56,2676.35,11164.13
2025,11,DAYANE COSTA ( SUPLENTE ),Passcard´s Eletrônicos,SINDIÔNIBUS,07.341.423/0001-14,216.0,10948.13
2025,11,DAYANE COSTA ( SUPLENTE ),Despesas com  Telefonia Móvel,CLARO S.A,40.432.544/0001/47,87.36,10860.77
2025,11,DAYANE COSTA ( SUPLENTE ),Despesas com Locação de Veículo,CASABLANCA RENT A CAR,03.977.401/0001-94,10850.0,10.7699999999986
2025,11,DR. LUCIANO GIRÃO,Vale Combustível  ( Gab 15 ),PRIME LTDA,05.340.639/0001-30,4000.0,23182.3
2025,11,DR. LUCIANO GIRÃO,Vale Alimentação,PLUXEE BENEFÍCIOS BRASIL,69.034.668/0001-56,5420.0,17762.3
2025,11,DR. LUCIANO GIRÃO,Vale Restaurante,PLUXEE BENEFÍCIOS BRASIL,69.034.668/0001-56,2713.0,15049.3
2025,11,DR. LUCIANO GIRÃO,Passcard´s Eletrônicos,SINDIÔNIBUS,07.341.423/0001-14,0.0,15049.3
2025,11,DR. LUCIANO GIRÃO,Despesas com Telefonia Móvel,TELEFÔNICA BRASIL S.A,02.558.157/0001/62,1193.94,13855.36
2025,11,DR. LUCIANO GIRÃO,Despesas com  Telefonia Móvel,CLARO S.A,40.432.544/0001/47,57.02,13798.34
2025,11,DR. LUCIANO GIRÃO,Despesas com Comunicação e Divulg. Mandato,MARKETING ON SOFTWARE E PUB.LTDA,45.565.661/0001-00,2925.0,10873.34
2025,11,DR. LUCIANO GIRÃO,Despesas com Locação de Veículo,CASABLANCA RENT A CAR,03.977.401/0001-94,1715.0,9158.34
2025,11,DR. LUCIANO GIRÃO,Despesas com Locação de Veículo,CASABLANCA RENT A CAR,03.977.401/0001-94,9135.0,23.3399999999983
2025,11,DR. VICENTE,Vale Combustível (GAB 43 ),PRIME LTDA,05.340.639/0001-30,6800.0,20399.71
2025,11,DR. VICENTE,Vale Alimentação,PLUXEE BENEFÍCIOS BRASIL,69.034.668/0001-56,4800.0,15599.71
2025,11,DR. VICENTE,Vale Restaurante,PLUXEE BENEFÍCIOS BRASIL,69.034.668/0001-56,2700.0,12899.71
2025,11,DR. VICENTE,Passcard´s Eletrônicos,SINDIÔNIBUS,07.341.423/0001-14,360.0,12539.71
2025,11,DR. VICENTE,Despesas com  Telefonia Móvel,CLARO S.A,40.432.544/0001/47,792.48,11747.23
2025,11,DR. VICENTE,Despesas com Consultória Jurídica,BRUNO SOUSA – ADV,47.771.413/0001-33,5132.0,6615.23
2025,11,DR. VICENTE,Despesas com Serviço Gráfico,GRÁFICA PRINTCOLOR,02.824.298/0001-80,6614.53,0.699999999999818
2025,11,DUMMAR RIBEIRO ( SUPLENTE ),Vale Combustível ( Gab 38 ),PRIME LTDA,05.340.639/0001-30,7000.0,20138.13
2025,11,DUMMAR RIBEIRO ( SUPLENTE ),Vale Alimentação,PLUXEE BENEFÍCIOS BRASIL,69.034.668/0001-56,5426.0,14712.13
2025,11,DUMMAR RIBEIRO ( SUPLENTE ),Vale Restaurante,PLUXEE BENEFÍCIOS BRASIL,69.034.668/0001-56,2713.0,11999.13
2025,11,DUMMAR RIBEIRO ( SUPLENTE ),Passcard´s Eletrônicos,SINDIÔNIBUS,07.341.423/0001-14,0.0,11999.13
2025,11,DUMMAR RIBEIRO ( SUPLENTE ),Despesas com Serviço Gráfico,GRÁFICA MS SOLUÇÕES LTDA,43.3773752/0001-89,5466.42,6532.71
2025,11,DUMMAR RIBEIRO ( SUPLENTE ),Despesas com Comunicação e Divulgação de Mandato,MARKETING ON SOFTWARE E PUB. LTDA,45.565.661/0001-00,6500.0,32.7099999999991
2025,11,ESTRELA BARROS,Vale Combustível ( Gab 29 ),PRIME LTDA,05.340.639/0001-30,4127.0,23192.59
2025,11,ESTRELA BARROS,Vale Alimentação,PLUXEE BENEFÍCIOS BRASIL,69.034.668/0001-56,5127.0,18065.59
2025,11,ESTRELA BARROS,Vale Restaurante,PLUXEE BENEFÍCIOS BRASIL,69.034.668/0001-56,0.0,18065.59
2025,11,ESTRELA BARROS,Passcard´s Eletrônicos,SINDIÔNIBUS,07.341.423/0001-14,0.0,18065.59
2025,11,ESTRELA BARROS,Despesas com Serviço Gráfico,GRÁFICA MS SOLUÇÕES LTDA,43.3773752/0001-89,1792.73,16272.86
2025,11,ESTRELA BARROS,Despesas com Consultória Jurídica,AGUIAR -ADV. ASSOCIADOS,09.403.820/0001-07,4811.25,11461.61
2025,11,ESTRELA BARROS,Despesas com Locação de Veículo,CASABLANCA RENT A CAR,03.977.401/0001-94,10800.0,661.610000000001
2025,11,GABRIEL AGUIAR,Vale Combustível ( Gab 41 ),PRIME LTDA,05.340.639/0001-30,6300.0,24496.26
2025,11,GABRIEL AGUIAR,Vale Alimentação,PLUXEE BENEFÍCIOS BRASIL,69.034.668/0001-56,5100.0,19396.26
2025,11,GABRIEL AGUIAR,Vale Restaurante,PLUXEE BENEFÍCIOS BRASIL,69.034.668/0001-56,2400.0,16996.26
2025,11,GABRIEL AGUIAR,Passcard´s Eletrônicos,SINDIÔNIBUS,07.341.423/0001-14,2250.0,14746.26
2025,11,GABRIEL AGUIAR,Despesas com Locação de Veículo,CASABLANCA RENT A CAR,03.977.401/0001-94,5670.0,9076.26
2025,11,GABRIEL AGUIAR,Despesas com Locação de Ônibus,CASABLANCA RENT A CAR,03.977.401/0001-94,4290.0,4786.26
2025,11,GARDEL  ROLIM,Vale Combustível ( Gab 27 ),PRIME LTDA,05.340.639/0001-30,7500.0,19638.51
2025,11,GARDEL  ROLIM,Vale Alimentação,PLUXEE BENEFÍCIOS BRASIL,69.034.668/0001-56,5400.0,14238.51
2025,11,GARDEL  ROLIM,Vale Restaurante,PLUXEE BENEFÍCIOS BRASIL,69.034.668/0001-56,2700.0,11538.51
2025,11,GARDEL  ROLIM,Passcard´s Eletrônicos,SINDIÔNIBUS,07.341.423/0001-14,225.0,11313.51
2025,11,GARDEL  ROLIM,Despesas com Telefonia Móvel,TELEFÔNICA BRASIL S.A,02.558.157/0001/62,113.93,11199.58
2025,11,GARDEL  ROLIM,Despesas com Serviço Gráfico,GRÁFICA  PRINTCOLOR,02.824.298/0001-80,1756.29,9443.29
2025,11,GARDEL  ROLIM,Despesas com Comunicação e Divulg.Mandato,SPACE PRODUÇÕES LTDA,25.527.153/0001-12,2925.0,6518.29
2025,11,GARDEL  ROLIM,Despesas com Locação de Veículo,CASABLANCA RENT A CAR,06.621.791/0001-53,6510.0,8.29000000000087
2025,11,GERMANO  HEMANN,Vale Combustível ( Gab 16 ),PRIME LTDA,05.340.639/0001-30,7870.0,19268.13
2025,11,GERMANO  HEMANN,Vale Alimentação,PLUXEE BENEFÍCIOS BRASIL,69.034.668/0001-56,5427.0,13841.13
2025,11,GERMANO  HEMANN,Vale Restaurante,PLUXEE BENEFÍCIOS BRASIL,69.034.668/0001-56,2713.81,11127.32
2025,11,GERMANO  HEMANN,Passcard´s Eletrônicos,SINDIÔNIBUS,07.341.423/0001-14,0.0,11127.32
2025,11,GERMANO  HEMANN,Despesas com Telefonia Móvel,CLARO S.A,40.432.544/0001/47,106.48,11020.84
2025,11,GERMANO  HEMANN,Despesas com Telefonia Móvel,TIM S.A,02.421.421/0001-11,62.9,10957.94
2025,11,GERMANO  HEMANN,Despesas com Locação de Veículo,CASABLANCA RENT A CAR,03.977.401/0001-94,10850.0,107.940000000001
2025,11,INSPETOR ALBERTO,Vale Combustível ( Gab 39 ),PRIME LTDA,05.340.639/0001-30,7870.0,20383.68
2025,11,INSPETOR ALBERTO,Vale Alimentação,PLUXEE BENEFÍCIOS BRASIL,69.034.668/0001-56,5427.0,14956.68
2025,11,INSPETOR ALBERTO,Vale Restaurante,PLUXEE BENEFÍCIOS BRASIL,69.034.668/0001-56,2713.0,12243.68
2025,11,INSPETOR ALBERTO,Passcard´s Eletrônicos,SINDIÔNIBUS,07.341.423/0001-14,0.0,12243.68
2025,11,INSPETOR ALBERTO,Despesas com Comunicação e Divulg. Mandato,PRM-COMUN.GESTÃO EMP. LTDA,37.842.306/0001-03,6500.0,5743.68
2025,11,INSPETOR ALBERTO,Despesas com Serviço Gráfico,GRÁFICA INFORGRAF,35.432.845/0001-30,4683.44,1060.24
2025,11,IRMÃO  LÉO,Vale Combustível ( Gab 40 ),PRIME LTDA,05.340.639/0001-30,6214.0,20951.51
2025,11,IRMÃO  LÉO,Vale Alimentação,PLUXEE BENEFÍCIOS BRASIL,69.034.668/0001-56,5427.0,15524.51
2025,11,IRMÃO  LÉO,Vale Restaurante,PLUXEE BENEFÍCIOS BRASIL,69.034.668/0001-56,2713.0,12811.51
2025,11,IRMÃO  LÉO,Passcard´s Eletrônicos,SINDIÔNIBUS,07.341.423/0001-14,0.0,12811.51
2025,11,IRMÃO  LÉO,Despesas com Comunicação e Divulg. Mandato,MARKETING ON SOFTWARE E PUBLICIDADE LTDA,45.565.661/0001-00,6662.5,6149.01
2025,11,IRMÃO  LÉO,Despesas com Consultória Jurídica,DAMASCENO E ROCHA ADV ASSOCIADOS,17.886.840/0001-04,6094.25,54.7600000000002
2025,11,JÂNIO HENRIQUE,Vale Combustível ( Gab 24 ),PRIME LTDA,05.340.639/0001-30,7850.0,19320.18
2025,11,JÂNIO HENRIQUE,Vale Alimentação,PLUXEE BENEFÍCIOS BRASIL,69.034.668/0001-56,5400.0,13920.18
2025,11,JÂNIO HENRIQUE,Vale Restaurante,PLUXEE BENEFÍCIOS BRASIL,69.034.668/0001-56,2700.0,11220.18
2025,11,JÂNIO HENRIQUE,Passcard´s Eletrônicos,SINDIÔNIBUS,07.341.423/0001-14,0.0,11220.18
2025,11,JÂNIO HENRIQUE,Despesas com Serviço Gráfico,GRÁFICA PRINTCOLOR,02.824.298/0001-80,4493.58,6726.6
2025,11,JÂNIO HENRIQUE,Despesas com Comunicação e Divulgação de Mandato,MARKETING ON SOFTWARE E PUB. LTDA,45.565.661/0001-00,6662.5,64.1000000000004
2025,11,JORGE PINHEIRO,Vale Combustível ( Gab 36 ),PRIME LTDA,05.340.639/0001-30,5100.0,30190.45
2025,11,JORGE PINHEIRO,Vale Alimentação,PLUXEE BENEFÍCIOS BRASIL,69.034.668/0001-56,5427.0,24763.45
2025,11,JORGE PINHEIRO,Vale Restaurante,PLUXEE BENEFÍCIOS BRASIL,69.034.668/0001-56,2713.0,22050.45
2025,11,JORGE PINHEIRO,Passcard´s Eletrônicos,SINDIÔNIBUS,07.341.423/0001-14,297.0,21753.45
2025,11,JORGE PINHEIRO,Despesas com Telefonia Móvel,TELEFÔNICA BRASIL S.A,02.558.157/0001/62,151.91,21601.54
2025,11,JORGE PINHEIRO,Despesas com Comunicação e Divulgação de Mandato,RM CEARÁ NOTICÍAS,02.323.168/0001-63,975.0,20626.54
2025,11,JULIERME  SENA,Vale Combustível ( Gab 21 ),PRIME LTDA,05.340.639/0001-30,7100.0,20045.59
2025,11,JULIERME  SENA,Vale Alimentação,PLUXEE BENEFÍCIOS BRASIL,69.034.668/0001-56,5427.63,14617.96
2025,11,JULIERME  SENA,Vale Restaurante,PLUXEE BENEFÍCIOS BRASIL,69.034.668/0001-56,2700.0,11917.96
2025,11,JULIERME  SENA,Passcard´s Eletrônicos,SINDIÔNIBUS,07.341.423/0001-14,1350.0,10567.96
2025,11,JULIERME  SENA,Despesas com Serviço Gráfico,GRÁFICA RONDA LTDA,07.651.0003/0001-34,5503.04,5064.92
2025,11,JULIERME  SENA,Despesas com Locação de Veículo,CASABLANCA RENT A CAR,03.977.401/0001-94,5050.0,14.9199999999992
2025,11,LÉO COUTO,Vale Combustível ( Gab 20 ),PRIME LTDA,05.340.639/0001-30,5100.0,22092.76
2025,11,LÉO COUTO,Vale Alimentação,PLUXEE BENEFÍCIOS BRASIL,69.034.668/0001-56,3000.0,19092.76
2025,11,LÉO COUTO,Vale Restaurante,PLUXEE BENEFÍCIOS BRASIL,69.034.668/0001-56,2360.0,16732.76
2025,11,LÉO COUTO,Passcard´s Eletrônicos,SINDIÔNIBUS,07.341.423/0001-14,0.0,16732.76
2025,11,LÉO COUTO,Despesas com Consultória Jurídica,BARBOSA E MORAES SOC-ADV,38.028.070/0001-20,5773.5,10959.26
2025,11,LÉO COUTO,Despesas com Locação de Veículo,CASABLANCA RENT A CAR,03.977.401/0001-94,10850.0,109.259999999998
2025,11,LUIZ SERGIO,Vale Combustível ( Gab 07 ),PRIME LTDA,05.340.639/0001-30,2000.0,25139.0
2025,11,LUIZ SERGIO,Vale Alimentação,PLUXEE BENEFÍCIOS BRASIL,69.034.668/0001-56,5358.0,19781.0
2025,11,LUIZ SERGIO,Vale Restaurante,PLUXEE BENEFÍCIOS BRASIL,69.034.668/0001-56,2712.0,17069.0
2025,11,LUIZ SERGIO,Passcard´s Eletrônicos,SINDIÔNIBUS,07.341.423/0001-14,0.0,17069.0
2025,11,LUIZ SERGIO,Despesas com Serviço Gráfico,GRÁFICA MS SOLUÇÕES LDA,43.377.752/0001-89,6755.91,10313.09
2025,11,LUIZ SERGIO,Despesas com Consultória Jurídica,MATHEUS FERREIRA-SOC.IND.ADV,56.638.251/0001-50,6735.75,3577.34
2025,11,LUIZ SERGIO,Despesas com Comunicação e Divulg. Mandato,PRM-COM.GESTÃO EMP.LTDA,37.842.306/0001-03,3575.0,2.34000000000015
2025,11,MARCEL  COLARES,Vale Combustível ( Gab 10 ),PRIME LTDA,05.340.639/0001-30,6250.0,21058.61
2025,11,MARCEL  COLARES,Vale Alimentação,PLUXEE BENEFÍCIOS BRASIL,69.034.668/0001-56,5400.0,15658.61
2025,11,MARCEL  COLARES,Vale Restaurante,PLUXEE BENEFÍCIOS BRASIL,69.034.668/0001-56,1600.0,14058.61
2025,11,MARCEL  COLARES,Passcard´s Eletrônicos,SINDIÔNIBUS,07.341.423/0001-14,225.0,13833.61
2025,11,MARCEL  COLARES,Despesas com Serviço Gráfico,GRÁFICA ESTRELA,07.097.989/0001-42,6492.65,7340.96
2025,11,MARCEL  COLARES,Despesas com Locação de Veículo,CASABLANCA RENT A CAR,03.977.401/0001-94,7280.0,60.9600000000009
2025,11,MARCELO  MENDES,Vale Combustível ( Gab 12 ),PRIME LTDA,05.340.639/0001-30,7800.0,19354.46
2025,11,MARCELO  MENDES,Vale Alimentação,PLUXEE BENEFÍCIOS BRASIL,69.034.668/0001-56,5410.0,13944.46
2025,11,MARCELO  MENDES,Vale Restaurante,PLUXEE BENEFÍCIOS BRASIL,69.034.668/0001-56,2713.8,11230.66
2025,11,MARCELO  MENDES,Passcard´s Eletrônicos Metropolitano,SINDIÔNIBUS,07.341.423/0001-14,238.0,10992.66
2025,11,MARCELO  MENDES,Passcard´s Eletrônicos Urbano,SINDIÔNIBUS,07.341.423/0001-14,360.0,10632.66
2025,11,MARCELO  MENDES,Despesas com Locação de Veículo,CASABLANCA RENT A CAR,03.977.401/0001-94,10600.0,32.6599999999999
2025,11,MARCELO TCHELA ( SUPLENTE ),Vale Combustível ( Gab 03 ),PRIME LTDA,05.340.639/0001-30,7792.0,19348.71
2025,11,MARCELO TCHELA ( SUPLENTE ),Vale Alimentação,PLUXEE BENEFÍCIOS BRASIL,69.034.668/0001-56,5420.0,13928.71
2025,11,MARCELO TCHELA ( SUPLENTE ),Vale Restaurante,PLUXEE BENEFÍCIOS BRASIL,69.034.668/0001-56,2710.0,11218.71
2025,11,MARCELO TCHELA ( SUPLENTE ),Passcard´s Eletrônicos,SINDIÔNIBUS,07.341.423/0001-14,540.0,10678.71
2025,11,MARCELO TCHELA ( SUPLENTE ),Despesas com Serviço Gráfico,GRÁFICA  PRINTCOLOR,02.824.298/0001-80,5596.71,5082.0
2025,11,MARCELO TCHELA ( SUPLENTE ),Despesas com Locação de Veículo,CASABLANCA RENT A CAR,06.621.791/0001-53,5040.0,41.9999999999991
2025,11,MARCOS PAULO,Vale Combustível ( Gab 05 ),PRIME LTDA,05.340.639/0001-30,7500.0,19640.28
2025,11,MARCOS PAULO,Vale Alimentação,PLUXEE BENEFÍCIOS BRASIL,69.034.668/0001-56,4427.63,15212.65
2025,11,MARCOS PAULO,Vale Restaurante,PLUXEE BENEFÍCIOS BRASIL,69.034.668/0001-56,2713.0,12499.65
2025,11,MARCOS PAULO,Passcard´s Eletrônicos,SINDIÔNIBUS,07.341.423/0001-14,0.0,12499.65
2025,11,MARCOS PAULO,Despesas com Serviço Gráfico,GRÁFICA MS SOLUÇÕES LTDA,43.3773752/0001-89,6775.35,5724.3
2025,11,MARCOS PAULO,Despesas com Locação de Veículo,CASABLANCA RENT A CAR,03.977.401/0001-94,5720.0,4.29999999999927
2025,11,MARI  LACERDA,Vale Combustível ( Gab 33 ),PRIME LTDA,05.340.639/0001-30,4464.0,22678.65
2025,11,MARI  LACERDA,Vale Alimentação,PLUXEE BENEFÍCIOS BRASIL,69.034.668/0001-56,4800.0,17878.65
2025,11,MARI  LACERDA,Vale Restaurante,PLUXEE BENEFÍCIOS BRASIL,69.034.668/0001-56,2500.0,15378.65
2025,11,MARI  LACERDA,Passcard´s Eletrônicos,SINDIÔNIBUS,07.341.423/0001-14,504.0,14874.65
2025,11,MARI  LACERDA,Despesas com  Telefonia Móvel,CLARO S.A,40.432.544/0001/47,1539.1,13335.55
2025,11,MARI  LACERDA,Despesas com Serviço Gráfico,GRÁFICA PRINTCOLOR,02.824.298/0001-80,4995.86,8339.69
2025,11,MARI  LACERDA,Despesas com Locação de Veículo,CASABLANCA RENT A CAR,03.977.401/0001-94,2338.47,6001.22
2025,11,MARI  LACERDA,Despesas com Locação de Veículo,CASABLANCA RENT A CAR,03.977.401/0001-94,5145.0,856.219999999999
2025,11,NILO DANTAS ( SUPLENTE ),Vale Combustível ( Gab 13 ),PRIME LTDA,05.340.639/0001-30,0.0,27148.83
2025,11,NILO DANTAS ( SUPLENTE ),Vale Alimentação,PLUXEE BENEFÍCIOS BRASIL,69.034.668/0001-56,4720.0,22428.83
2025,11,NILO DANTAS ( SUPLENTE ),Vale Restaurante,PLUXEE BENEFÍCIOS BRASIL,69.034.668/0001-56,2360.0,20068.83
2025,11,NILO DANTAS ( SUPLENTE ),Passcard´s Eletrônicos,SINDIÔNIBUS,07.341.423/0001-14,360.0,19708.83
2025,11,NILO DANTAS ( SUPLENTE ),Despesas com Comunicação e Divulgação de Mandato,MARKETING ON SOFTWARE E PUB. LTDA,45.565.661/0001-00,6662.5,13046.33
2025,11,NILO DANTAS ( SUPLENTE ),Despesas com Serviço Gráfico,GRÁFICA RDS,02.265.186/0001-36,2174.93,10871.4
2025,11,NILO DANTAS ( SUPLENTE ),Despesas com Locação de Veículo,CASABLANCA RENT A CAR,03.977.401/0001-94,10850.0,21.4000000000015
2025,11,PAULO MARTINS,Vale Combustível ( Gab 37 ),PRIME LTDA,05.340.639/0001-30,7850.0,19361.66
2025,11,PAULO MARTINS,Vale Alimentação,PLUXEE BENEFÍCIOS BRASIL,69.034.668/0001-56,5420.0,13941.66
2025,11,PAULO MARTINS,Vale Restaurante,PLUXEE BENEFÍCIOS BRASIL,69.034.668/0001-56,2713.0,11228.66
2025,11,PAULO MARTINS,Passcard´s Eletrônicos,SINDIÔNIBUS,07.341.423/0001-14,1836.0,9392.66
2025,11,PAULO MARTINS,Despesas com Telefonia Móvel,TELEFÔNICA BRASIL S.A,02.558.157/0001/62,151.91,9240.75
2025,11,PAULO MARTINS,Despesas com  Telefonia Móvel,CLARO S.A,40.432.544/0001/47,43.68,9197.07
2025,11,PAULO MARTINS,Despesas com Locação de Veículo,CASABLANCA RENT A CAR,03.977.401/0001-94,5050.0,4147.07
2025,11,PAULO MARTINS,Despesas com Locação de Veículo,CASABLANCA RENT A CAR,03.977.401/0001-94,4000.0,147.07
2025,11,PPCELL,Vale Combustível ( Gab 25 ),PRIME LTDA,05.340.639/0001-30,7870.0,19472.3
2025,11,PPCELL,Vale Alimentação,PLUXEE BENEFÍCIOS BRASIL,69.034.668/0001-56,5427.0,14045.3
2025,11,PPCELL,Vale Restaurante,PLUXEE BENEFÍCIOS BRASIL,69.034.668/0001-56,2713.0,11332.3
2025,11,PPCELL,Passcard´s Eletrônicos,SINDIÔNIBUS,07.341.423/0001-14,0.0,11332.3
2025,11,PPCELL,Despesas com Serviço Gráfico,GRÁFICA RDS,02.265.186/0001-36,4413.96,6918.34
2025,11,PPCELL,Despesas com Locação de Veículo,CASABLANCA RENT A CAR,03.977.401/0001-94,6510.0,408.339999999999
2025,11,PRISCILA  COSTA,Vale Combustível ( Gab 19 ),PRIME LTDA,05.340.639/0001-30,5190.0,25184.26
2025,11,PRISCILA  COSTA,Vale Alimentação,PLUXEE BENEFÍCIOS BRASIL,69.034.668/0001-56,4720.0,20464.26
2025,11,PRISCILA  COSTA,Vale Restaurante,PLUXEE BENEFÍCIOS BRASIL,69.034.668/0001-56,2360.0,18104.26
2025,11,PRISCILA  COSTA,Passcard´s Eletrônicos,SINDIÔNIBUS,07.341.423/0001-14,0.0,18104.26
2025,11,PRISCILA  COSTA,Desp.com Comunicação e Divulg. de Mandato,PRM Comunic.Gestão Emp. ltda,37.842.306/0001-03,6500.0,11604.26
2025,11,PRISCILA  COSTA,Despesas com Consultória Jurídica,BARBOSA E MORAES SOC-ADV,38.028.070/0001-20,5132.0,6472.26
2025,11,PROF. AGUIAR TOBA,Vale Combustível ( Gab 17 ),PRIME LTDA,05.340.639/0001-30,7870.05,19306.38
2025,11,PROF. AGUIAR TOBA,Vale Alimentação,PLUXEE BENEFÍCIOS BRASIL,69.034.668/0001-56,5427.63,13878.75
2025,11,PROF. AGUIAR TOBA,Vale Restaurante,PLUXEE BENEFÍCIOS BRASIL,69.034.668/0001-56,2713.8,11164.95
2025,11,PROF. AGUIAR TOBA,Passcard´s Eletrônicos,SINDIÔNIBUS,07.341.423/0001-14,0.0,11164.95
2025,11,PROF. AGUIAR TOBA,Despesas com Comunicação e Divulgação de Mandato,MARKETING ON SOFTWARE E PUB. LTDA,45.565.661/0001-00,6662.5,4502.45
2025,11,PROF. AGUIAR TOBA,Despesas com Serviço Gráfico,GRÁFICA MS SOLUÇÕES LTDA,43.3773752/0001-89,4425.85,76.6000000000004
2025,11,PROFESSOR ENILSON,Vale Combustível ( Gab 09 ),PRIME LTDA,05.340.639/0001-30,7592.0,19660.91
2025,11,PROFESSOR ENILSON,Vale Alimentação,PLUXEE BENEFÍCIOS BRASIL,69.034.668/0001-56,5420.0,14240.91
2025,11,PROFESSOR ENILSON,Vale Restaurante,PLUXEE BENEFÍCIOS BRASIL,69.034.668/0001-56,2360.0,11880.91
2025,11,PROFESSOR ENILSON,Passcard´s Eletrônicos,SINDIÔNIBUS,07.341.423/0001-14,0.0,11880.91
2025,11,PROFESSOR ENILSON,Despesas com Serviço Gráfico,GRÁFICA MS SOLUÇÕES LDA,43.377.752/0001-89,6654.15,5226.76
2025,11,PROFESSOR ENILSON,Despesas com Comunicação e Divulg.Mandato,AGÊNCIA PIC MKT LTDA,32.075.292/0001-18,4998.5,228.26
2025,11,RAIMUNDO FILHO ( SUPLENTE ),Vale Combustível ( Gab 11 ),PRIME LTDA,05.340.639/0001-30,7044.0,20094.28
2025,11,RAIMUNDO FILHO ( SUPLENTE ),Vale Alimentação,PLUXEE BENEFÍCIOS BRASIL,69.034.668/0001-56,5400.0,14694.28
2025,11,RAIMUNDO FILHO ( SUPLENTE ),Vale Restaurante,PLUXEE BENEFÍCIOS BRASIL,69.034.668/0001-56,2360.0,12334.28
2025,11,RAIMUNDO FILHO ( SUPLENTE ),Passcard´s Eletrônicos,SINDIÔNIBUS,07.341.423/0001-14,0.0,12334.28
2025,11,RAIMUNDO FILHO ( SUPLENTE ),Despesas com Serviço Gráfico,GRÁFICA MS SOLUÇÕES LDA,43.377.752/0001-89,5653.98,6680.3
2025,11,RAIMUNDO FILHO ( SUPLENTE ),Despesas com Locação de Veículo,CASABLANCA RENT A CAR,03.977.401/0001-94,6640.0,40.3000000000011
2025,11,RENÉ  PESSOA,Vale Combustível ( Gab 22 ),PRIME LTDA,05.340.639/0001-30,7870.06,19270.3
2025,11,RENÉ  PESSOA,Vale Alimentação,PLUXEE BENEFÍCIOS BRASIL,69.034.668/0001-56,5427.63,13842.67
2025,11,RENÉ  PESSOA,Vale Restaurante,PLUXEE BENEFÍCIOS BRASIL,69.034.668/0001-56,2713.81,11128.86
2025,11,RENÉ  PESSOA,Passcard´s Eletrônicos,SINDIÔNIBUS,07.341.423/0001-14,414.0,10714.86
2025,11,RENÉ  PESSOA,Despesas com Serviço Gráfico,GRÁFICA PRINTCOLOR,02.824.298/0001-80,4998.59,5716.27
2025,11,RENÉ  PESSOA,Despesas com Locação de Veículo,CASABLANCA RENT A CAR,03.977.401/0001-94,5715.0,1.27000000000044
2025,11,RONALDO  MARTINS,Vale Combustível ( Gab 32 ),PRIME LTDA,05.340.639/0001-30,7692.0,22887.26
2025,11,RONALDO  MARTINS,Vale Alimentação,PLUXEE BENEFÍCIOS BRASIL,69.034.668/0001-56,5420.0,17467.26
2025,11,RONALDO  MARTINS,Vale Restaurante,PLUXEE BENEFÍCIOS BRASIL,69.034.668/0001-56,2713.0,14754.26
2025,11,RONALDO  MARTINS,Passcard´s Eletrônicos,SINDIÔNIBUS,07.341.423/0001-14,1872.0,12882.26
2025,11,RONALDO  MARTINS,Despesas com locação de veículo,CASABLANCA RENT A CAR,03.977.401/0001-94,6000.0,6882.26
2025,11,RONALDO  MARTINS,Despesas com Passagem aérea,R MORAES AGENCIA DE TURISMO,06.955.770/0001-74,1675.78,5206.48
2025,11,RONALDO  MARTINS,Despesas com Passagem aérea,R MORAES AGENCIA DE TURISMO,06.955.770/0001-74,1883.6,3322.88
2025,11,RONALDO  MARTINS,Despesas com Passagem aérea,R MORAES AGENCIA DE TURISMO,06.955.770/0001-74,3193.78,129.1
2025,11,SOLDADO  NOÉLIO,Vale Combustível ( Gab 31 ),PRIME LTDA,05.340.639/0001-30,5000.0,22186.47
2025,11,SOLDADO  NOÉLIO,Vale Alimentação,PLUXEE BENEFÍCIOS BRASIL,69.034.668/0001-56,5400.0,16786.47
2025,11,SOLDADO  NOÉLIO,Vale Restaurante,PLUXEE BENEFÍCIOS BRASIL,69.034.668/0001-56,0.0,16786.47
2025,11,SOLDADO  NOÉLIO,Passcard´s Eletrônicos,SINDIÔNIBUS,07.341.423/0001-14,0.0,16786.47
2025,11,SOLDADO  NOÉLIO,Despesas com Serviço Gráfico,GRÁFICA MS SOLUÇÕES LDA,43.377.752/0001-89,3455.07,13331.4
2025,11,SOLDADO  NOÉLIO,Despesas com Consultória Jurídica,MATHEUS FERREIRA-SOC.IND. DE ADV,56.638.251/0001-50,6735.75,6595.65
2025,11,SOLDADO  NOÉLIO,Despesas com Comunicação e Divulg. Mandato,PRM-COM.GESTÃO EMP. LTDA,37.842.306/0001-03,6500.0,95.6500000000015
2025,11,TIA FRANCISCA ( SUPLENTE ),Vale Combustível ( Gab 35 ),PRIME LTDA,05.340.639/0001-30,6500.0,20762.01
2025,11,TIA FRANCISCA ( SUPLENTE ),Vale Alimentação,PLUXEE BENEFÍCIOS BRASIL,69.034.668/0001-56,5400.0,15362.01
2025,11,TIA FRANCISCA ( SUPLENTE ),Vale Restaurante,PLUXEE BENEFÍCIOS BRASIL,69.034.668/0001-56,2713.0,12649.01
2025,11,TIA FRANCISCA ( SUPLENTE ),Passcard´s Eletrônicos,SINDIÔNIBUS,07.341.423/0001-14,247.5,12401.51
2025,11,TIA FRANCISCA ( SUPLENTE ),Despesas com Passagem Aérea,R MORAES AGENCIA DE TURISMO,06.955.770/0001-74,2481.37,9920.14
2025,11,TIA FRANCISCA ( SUPLENTE ),Despesas com Passagem Aérea,R MORAES AGENCIA DE TURISMO,06.955.770/0001-74,942.83,8977.31
2025,11,TIA FRANCISCA ( SUPLENTE ),Despesas com Hospedagem,R MORAES AGENCIA DE TURISMO,06.955.770/0001-74,1441.8,7535.51
2025,11,TIA FRANCISCA ( SUPLENTE ),Despesas com Comunicação e Divulgação de Mandato,MARKETING ON SOFTWARE E PUB. LTDA,45.565.661/0001-00,6662.5,873.009999999999
2025,11,TONY BRITO,Vale Combustível ( Gab 26 ),PRIME LTDA,05.340.639/0001-30,7100.0,20051.26
2025,11,TONY BRITO,Vale Alimentação,PLUXEE BENEFÍCIOS BRASIL,69.034.668/0001-56,5000.0,15051.26
2025,11,TONY BRITO,Vale Restaurante,PLUXEE BENEFÍCIOS BRASIL,69.034.668/0001-56,2500.0,12551.26
2025,11,TONY BRITO,Passcard´s Eletrônicos,SINDIÔNIBUS,07.341.423/0001-14,0.0,12551.26
2025,11,TONY BRITO,Despesas com Comunicação e Divulgação de Mandato,PRM COMUNIC. GESTÃO EMPRES. LTDA,37.842.306/0001-03,5525.0,7026.26
2025,11,TONY BRITO,Despesas com Locação de Veículo,CASABLANCA RENT A CAR,06.621.791/0001-53,7000.0,26.2600000000002
2025,11,WANDER ALENCAR ( SUPLENTE ),Vale Combustível ( Gab 34 ),PRIME LTDA,05.340.639/0001-30,7870.06,19333.16
2025,11,WANDER ALENCAR ( SUPLENTE ),Vale Alimentação,PLUXEE BENEFÍCIOS BRASIL,69.034.668/0001-56,5427.63,13905.53
2025,11,WANDER ALENCAR ( SUPLENTE ),Vale Restaurante,PLUXEE BENEFÍCIOS BRASIL,69.034.668/0001-56,0.0,13905.53
2025,11,WANDER ALENCAR ( SUPLENTE ),Passcard´s Eletrônicos,SINDIÔNIBUS,07.341.423/0001-14,0.0,13905.53
2025,11,WANDER ALENCAR ( SUPLENTE ),Despesas com Serviço Gráfico,GRÁFICA MS SOLUÇÕES LDA,43.377.752/0001-89,6776.58,7128.95
2025,11,WANDER ALENCAR ( SUPLENTE ),Despesas com Locação de Veículo,CASABLANCA RENT A CAR,06.621.791/0001-53,3400.0,3728.95
2025,11,WANDER ALENCAR ( SUPLENTE ),Despesas com Locação de Veículo,CASABLANCA RENT A CAR,06.621.791/0001-53,3600.0,128.950000000001
2025,12,ADAIL JUNIOR,Vale Combustível  ( Gab 06 ),PRIME LTDA,05.340.639/0001-30,7870.0,19269.39
2025,12,ADAIL JUNIOR,Vale Alimentação,PLUXEE BENEFÍCIOS BRASIL,69.034.668/0001-56,5427.0,13842.39
2025,12,ADAIL JUNIOR,Vale Restaurante,PLUXEE BENEFÍCIOS BRASIL,69.034.668/0001-56,2713.0,11129.39
2025,12,ADAIL JUNIOR,Passcard´s Eletrônicos,SINDIÔNIBUS,07.341.423/0001-14,0.0,11129.39
2025,12,ADAIL JUNIOR,Despesas com Consultória Jurídica,THIAGO MONTEZUMA-ADV ASSOCIADOS,59.861.314/0001-21,4567.5,6561.89
2025,12,ADAIL JUNIOR,Despesas com Locação de Veículo,CASABLANCA RENT A CAR,03.977.401/0001-94,6560.0,1.88999999999942
2025,12,ADRIANA ALMEIDA,Vale Combustível ( Gab 08 ),PRIME LTDA,05.340.639/0001-30,3600.0,23805.05
2025,12,ADRIANA ALMEIDA,Vale Alimentação,PLUXEE BENEFÍCIOS BRASIL,69.034.668/0001-56,4000.0,19805.05
2025,12,ADRIANA ALMEIDA,Vale Restaurante,PLUXEE BENEFÍCIOS BRASIL,69.034.668/0001-56,2300.0,17505.05
2025,12,ADRIANA ALMEIDA,Passcard´s Eletrônicos,SINDIÔNIBUS,07.341.423/0001-14,909.0,16596.05
2025,12,ADRIANA ALMEIDA,Despesas com Consultoria Jurídica,BRUNO DE SOUSA-ADV,47.771.413/0001-33,5132.0,11464.05
2025,12,ADRIANA ALMEIDA,Despesas com Serviço Gráfico,GRÁFICA PRINTCOLOR,02.824.298/0001-80,4070.63,7393.42
2025,12,ADRIANA ALMEIDA,Despesas com Locação de Veículo,CASABLANCA RENT A CAR,03.977.401/0001-94,2150.48,5242.94
2025,12,ADRIANA ALMEIDA,Despesas com Locação de Veículo,CASABLANCA RENT A CAR,03.977.401/0001-94,5145.0,97.9399999999987
2025,12,ADRIANA GERÔNIMO,Vale Combustível ( Gab 30 ),PRIME LTDA,05.340.639/0001-30,6729.0,22607.53
2025,12,ADRIANA GERÔNIMO,Vale Alimentação,PLUXEE BENEFÍCIOS BRASIL,69.034.668/0001-56,5427.63,17179.9
2025,12,ADRIANA GERÔNIMO,Vale Restaurante,PLUXEE BENEFÍCIOS BRASIL,69.034.668/0001-56,2713.81,14466.09
2025,12,ADRIANA GERÔNIMO,Passcard´s Eletrônicos,SINDIÔNIBUS,07.341.423/0001-14,1512.0,12954.09
2025,12,ADRIANA GERÔNIMO,Despesas com Telefonia Móvel,TELEFÔNICA BRASIL S.A,02.558.157/0001/62,1193.95,11760.14
2025,12,ADRIANA GERÔNIMO,Despesas com  Telefonia Móvel,TIM S.A,02.421421/0001-11,62.9,11697.24
2025,12,ADRIANA GERÔNIMO,Despesas com Consultória Jurídica,BRUNO SOUSA – ADV,47.771.413/0001-33,4490.5,7206.74
2025,12,ADRIANA GERÔNIMO,Despesas com Locação de Veículo,CASABLANCA RENT A CAR,03.977.401/0001-94,3619.14,3587.6
2025,12,ADRIANA GERÔNIMO,Despesas com Locação de Ônibus,CASABLANCA RENT A CAR,03.977.401/0001-94,1760.0,1827.6
2025,12,ADRIANA GERÔNIMO,Despesas com serviço Gráfico,GRÁFICA MOTOGRÁFICA,10.670.251/0001-37,915.19,912.41
2025,12,AGLAYLSON FIGUEIREDO,Vale Combustível ( Gab 18 ),PRIME LTDA,05.340.639/0001-30,7600.0,22514.39
2025,12,AGLAYLSON FIGUEIREDO,Vale Alimentação,PLUXEE BENEFÍCIOS BRASIL,69.034.668/0001-56,4500.0,18014.39
2025,12,AGLAYLSON FIGUEIREDO,Vale Restaurante,PLUXEE BENEFÍCIOS BRASIL,69.034.668/0001-56,2700.0,15314.39
2025,12,AGLAYLSON FIGUEIREDO,Passcard´s Eletrônicos,SINDIÔNIBUS,07.341.423/0001-14,0.0,15314.39
2025,12,AGLAYLSON FIGUEIREDO,Despesas com Locação de Veículo,CASABLANCA RENT A CAR,03.977.401/0001-94,10850.0,4464.39
2025,12,AGLAYLSON FIGUEIREDO,Despesas com Serviço Gráfico,GRÁFICA PRINTCOLOR,02.824.298/0001-80,4405.2,59.1899999999996
2025,12,ANA ARACAPÉ,Vale Combustível ( GAB 02 ),PRIME LTDA,05.340.639/0001-30,4170.06,23009.52
2025,12,ANA ARACAPÉ,Vale Alimentação,PLUXEE BENEFÍCIOS BRASIL,69.034.668/0001-56,5070.0,17939.52
2025,12,ANA ARACAPÉ,Vale Restaurante,PLUXEE BENEFÍCIOS BRASIL,69.034.668/0001-56,2713.0,15226.52
2025,12,ANA ARACAPÉ,Passcard´s Eletrônicos,SINDIÔNIBUS,07.341.423/0001-14,279.0,14947.52
2025,12,ANA ARACAPÉ,Despesas com Serviço Gráfico,GRÁFICA MS SOLUÇÕES LTDA,43.3773752/0001-89,5314.74,9632.78
2025,12,ANA ARACAPÉ,Despesas com Consultória Jurídica,FABIANO GIOVANI ADV,29.941.589/0001-04,2886.75,6746.03
2025,12,ANA ARACAPÉ,Despesas com Comunicação e Divulgação de Mandato,MARKETING ON SOFTWARE E PUB. LTDA,45.565.661/0001-00,6662.5,83.5300000000007
2025,12,BELLA  CARMELO,Vale Combustível ( Gab 42 ),PRIME LTDA,05.340.639/0001-30,3500.0,28285.21
2025,12,BELLA  CARMELO,Vale Alimentação,PLUXEE BENEFÍCIOS BRASIL,69.034.668/0001-56,2300.0,25985.21
2025,12,BELLA  CARMELO,Vale Restaurante,PLUXEE BENEFÍCIOS BRASIL,69.034.668/0001-56,2000.0,23985.21
2025,12,BELLA  CARMELO,Passcard´s Eletrônicos,SINDIÔNIBUS,07.341.423/0001-14,0.0,23985.21
2025,12,BELLA  CARMELO,Despesas com Telefonia Móvel,CLARO S.A,40.432.544/0001-47,583.2,23402.01
2025,12,BELLA  CARMELO,Despesas com Locação de Veículo,CASABLANCA RENT A CAR,03.977.401/0001-94,10850.0,12552.01
2025,12,BELLA  CARMELO,Despesas com Passagem Aérea,R MORAES AGENCIA DE TURISMO,06.955.770/0001-74,7764.9,4787.11
2025,12,BENIGNO  JUNIOR,Vale Combustível ( Gab 23 ),PRIME LTDA,05.340.639/0001-30,7500.0,20629.65
2025,12,BENIGNO  JUNIOR,Vale Alimentação,PLUXEE BENEFÍCIOS BRASIL,69.034.668/0001-56,5400.0,15229.65
2025,12,BENIGNO  JUNIOR,Vale Restaurante,PLUXEE BENEFÍCIOS BRASIL,69.034.668/0001-56,2700.0,12529.65
2025,12,BENIGNO  JUNIOR,Passcard´s Eletrônicos,SINDIÔNIBUS,07.341.423/0001-14,0.0,12529.65
2025,12,BENIGNO  JUNIOR,Despesas com Telefonia Móvel,TELEFÔNICA BRASIL S.A,02.558.157/0001/62,0.0,12529.65
2025,12,BENIGNO  JUNIOR,Despesas com Comunicação e Divulg.Mandato,SPACE PRODUÇÕES LTDA,25.527.153/0001-12,975.0,11554.65
2025,12,BENIGNO  JUNIOR,Despesas com Locação de Veículo,CASABLANCA RENT A CAR,03.977.401/0001-94,6090.0,5464.65
2025,12,BENIGNO  JUNIOR,Despesas com Serviço Gráfico,GRÁFICA COPY JET DIGITAL,32.656.125/0001-60,4575.95,888.7
2025,12,BRUNO MESQUITA,Vale Combustível ( Gab 01 ),PRIME LTDA,05.340.639/0001-30,7844.0,19699.14
2025,12,BRUNO MESQUITA,Vale Alimentação,PLUXEE BENEFÍCIOS BRASIL,69.034.668/0001-56,5420.0,14279.14
2025,12,BRUNO MESQUITA,Vale Restaurante,PLUXEE BENEFÍCIOS BRASIL,69.034.668/0001-56,2710.0,11569.14
2025,12,BRUNO MESQUITA,Passcard´s Eletrônicos,SINDIÔNIBUS,07.341.423/0001-14,225.0,11344.14
2025,12,BRUNO MESQUITA,Despesas com Serviço Gráfico,GRÁFICA RDS,02.265.186/0001-36,5486.9,5857.24
2025,12,BRUNO MESQUITA,Despesas com Locação de Veículo,CASABLANCA RENT A CAR,03.977.401/0001-94,5670.0,187.24
2025,12,CHIQUINHO DOS CARNEIROS,Vale Combustível ( Gab 28 ),PRIME LTDA,05.340.639/0001-30,7870.0,19268.62
2025,12,CHIQUINHO DOS CARNEIROS,Vale Alimentação,PLUXEE BENEFÍCIOS BRASIL,69.034.668/0001-56,5426.0,13842.62
2025,12,CHIQUINHO DOS CARNEIROS,Vale Restaurante,PLUXEE BENEFÍCIOS BRASIL,69.034.668/0001-56,2712.0,11130.62
2025,12,CHIQUINHO DOS CARNEIROS,Passcard´s Eletrônicos,SINDIÔNIBUS,07.341.423/0001-14,0.0,11130.62
2025,12,CHIQUINHO DOS CARNEIROS,Despesas com Serviço Gráfico,GRÁFICA MS SOLUÇÕES LDA,43.377.752/0001-89,5665.4,5465.22
2025,12,CHIQUINHO DOS CARNEIROS,Despesas com Comunicação e Divulg.Mandato,MARKETING ON SOFTWARE E PUB. LTDA,45.565.661/0001-00,5362.5,102.720000000001
2025,12,CLAÚDIO LIMA( SUPLENTE ),Vale Combustível ( Gab 04 ),PRIME LTDA,05.340.639/0001-30,7800.0,19508.39
2025,12,CLAÚDIO LIMA( SUPLENTE ),Vale Alimentação,PLUXEE BENEFÍCIOS BRASIL,69.034.668/0001-56,5400.0,14108.39
2025,12,CLAÚDIO LIMA( SUPLENTE ),Vale Restaurante,PLUXEE BENEFÍCIOS BRASIL,69.034.668/0001-56,2700.0,11408.39
2025,12,CLAÚDIO LIMA( SUPLENTE ),Passcard´s Eletrônicos,SINDIÔNIBUS,07.341.423/0001-14,0.0,11408.39
2025,12,CLAÚDIO LIMA( SUPLENTE ),Despesas com  Telefonia Móvel,TELEFÔNICA BRASIL S.A,02.558.157/0001/62,0.0,11408.39
2025,12,CLAÚDIO LIMA( SUPLENTE ),Despesas com Comunicação e Divulgação de Mandato,R e K PRODUCÕES E ASSESORIA LTDA,16.880.815/0001-42,6662.5,4745.89
2025,12,CLAÚDIO LIMA( SUPLENTE ),Despesas com Consultória Jurídica,CARVALHO E SANTOS ADV,34.636.322/0001-43,4490.5,255.389999999999
2025,12,DAYANE COSTA ( SUPLENTE ),Vale Combustível ( Gab 14 ),PRIME LTDA,05.340.639/0001-30,7870.06,19278.84
2025,12,DAYANE COSTA ( SUPLENTE ),Vale Alimentação,PLUXEE BENEFÍCIOS BRASIL,69.034.668/0001-56,5427.59,13851.25
2025,12,DAYANE COSTA ( SUPLENTE ),Vale Restaurante,PLUXEE BENEFÍCIOS BRASIL,69.034.668/0001-56,2676.35,11174.9
2025,12,DAYANE COSTA ( SUPLENTE ),Passcard´s Eletrônicos,SINDIÔNIBUS,07.341.423/0001-14,216.0,10958.9
2025,12,DAYANE COSTA ( SUPLENTE ),Despesas com  Telefonia Móvel,CLARO S.A,40.432.544/0001/47,87.39,10871.51
2025,12,DAYANE COSTA ( SUPLENTE ),Despesas com Locação de Veículo,CASABLANCA RENT A CAR,03.977.401/0001-94,10850.0,21.5100000000002
2025,12,DR. LUCIANO GIRÃO,Vale Combustível  ( Gab 15 ),PRIME LTDA,05.340.639/0001-30,4000.0,23161.47
2025,12,DR. LUCIANO GIRÃO,Vale Alimentação,PLUXEE BENEFÍCIOS BRASIL,69.034.668/0001-56,5420.0,17741.47
2025,12,DR. LUCIANO GIRÃO,Vale Restaurante,PLUXEE BENEFÍCIOS BRASIL,69.034.668/0001-56,2713.0,15028.47
2025,12,DR. LUCIANO GIRÃO,Passcard´s Eletrônicos,SINDIÔNIBUS,07.341.423/0001-14,180.0,14848.47
2025,12,DR. LUCIANO GIRÃO,Despesas com Telefonia Móvel,TELEFÔNICA BRASIL S.A,02.558.157/0001/62,1193.94,13654.53
2025,12,DR. LUCIANO GIRÃO,Despesas com  Telefonia Móvel,CLARO S.A,40.432.544/0001/47,57.02,13597.51
2025,12,DR. LUCIANO GIRÃO,Despesas com Comunicação e Divulg. Mandato,MARKETING ON SOFTWARE E PUB.LTDA,45.565.661/0001-00,2600.0,10997.51
2025,12,DR. LUCIANO GIRÃO,Despesas com Locação de Veículo,CASABLANCA RENT A CAR,03.977.401/0001-94,9135.0,1862.51
2025,12,DR. LUCIANO GIRÃO,Despesas com Locação de Veículo,CASABLANCA RENT A CAR,03.977.401/0001-94,1715.0,147.509999999998
2025,12,DR. VICENTE,Vale Combustível (GAB 43 ),PRIME LTDA,05.340.639/0001-30,6800.0,20338.83
2025,12,DR. VICENTE,Vale Alimentação,PLUXEE BENEFÍCIOS BRASIL,69.034.668/0001-56,4800.0,15538.83
2025,12,DR. VICENTE,Vale Restaurante,PLUXEE BENEFÍCIOS BRASIL,69.034.668/0001-56,2700.0,12838.83
2025,12,DR. VICENTE,Passcard´s Eletrônicos,SINDIÔNIBUS,07.341.423/0001-14,360.0,12478.83
2025,12,DR. VICENTE,Despesas com  Telefonia Móvel,CLARO S.A,40.432.544/0001/47,792.4,11686.43
2025,12,DR. VICENTE,Despesas com Consultória Jurídica,BRUNO SOUSA – ADV,47.771.413/0001-33,5132.0,6554.43
2025,12,DR. VICENTE,Despesas com Serviço Gráfico,GRÁFICA PRINTCOLOR,02.824.298/0001-80,6539.71,14.7200000000003
2025,12,DUMMAR RIBEIRO ( SUPLENTE ),Vale Combustível ( Gab 38 ),PRIME LTDA,05.340.639/0001-30,7000.0,20170.84
2025,12,DUMMAR RIBEIRO ( SUPLENTE ),Vale Alimentação,PLUXEE BENEFÍCIOS BRASIL,69.034.668/0001-56,5426.0,14744.84
2025,12,DUMMAR RIBEIRO ( SUPLENTE ),Vale Restaurante,PLUXEE BENEFÍCIOS BRASIL,69.034.668/0001-56,2713.0,12031.84
2025,12,DUMMAR RIBEIRO ( SUPLENTE ),Passcard´s Eletrônicos,SINDIÔNIBUS,07.341.423/0001-14,0.0,12031.84
2025,12,DUMMAR RIBEIRO ( SUPLENTE ),Despesas com Serviço Gráfico,GRÁFICA MS SOLUÇÕES LTDA,43.3773752/0001-89,5463.38,6568.46
2025,12,DUMMAR RIBEIRO ( SUPLENTE ),Despesas com Comunicação e Divulgação de Mandato,MARKETING ON SOFTWARE E PUB. LTDA,45.565.661/0001-00,6500.0,68.46
2025,12,ESTRELA BARROS,Vale Combustível ( Gab 29 ),PRIME LTDA,05.340.639/0001-30,4127.0,23672.74
2025,12,ESTRELA BARROS,Vale Alimentação,PLUXEE BENEFÍCIOS BRASIL,69.034.668/0001-56,5127.0,18545.74
2025,12,ESTRELA BARROS,Vale Restaurante,PLUXEE BENEFÍCIOS BRASIL,69.034.668/0001-56,0.0,18545.74
2025,12,ESTRELA BARROS,Passcard´s Eletrônicos,SINDIÔNIBUS,07.341.423/0001-14,0.0,18545.74
2025,12,ESTRELA BARROS,Despesas com Serviço Gráfico,GRÁFICA MS SOLUÇÕES LTDA,43.3773752/0001-89,2933.55,15612.19
2025,12,ESTRELA BARROS,Despesas com Consultória Jurídica,AGUIAR -ADV. ASSOCIADOS,09.403.820/0001-07,4811.25,10800.94
2025,12,ESTRELA BARROS,Despesas com Locação de Veículo,CASABLANCA RENT A CAR,03.977.401/0001-94,10800.0,0.940000000002328
2025,12,GABRIEL AGUIAR,Vale Combustível ( Gab 41 ),PRIME LTDA,05.340.639/0001-30,6300.0,25624.39
2025,12,GABRIEL AGUIAR,Vale Alimentação,PLUXEE BENEFÍCIOS BRASIL,69.034.668/0001-56,5100.0,20524.39
2025,12,GABRIEL AGUIAR,Vale Restaurante,PLUXEE BENEFÍCIOS BRASIL,69.034.668/0001-56,2400.0,18124.39
2025,12,GABRIEL AGUIAR,Passcard´s Eletrônicos,SINDIÔNIBUS,07.341.423/0001-14,2250.0,15874.39
2025,12,GABRIEL AGUIAR,Despesas com Locação de Veículo,CASABLANCA RENT A CAR,03.977.401/0001-94,5670.0,10204.39
2025,12,GABRIEL AGUIAR,Despesas com Locação de Ônibus,CASABLANCA RENT A CAR,03.977.401/0001-94,4400.0,5804.39
2025,12,GARDEL  ROLIM,Vale Combustível ( Gab 27 ),PRIME LTDA,05.340.639/0001-30,7500.0,19646.42
2025,12,GARDEL  ROLIM,Vale Alimentação,PLUXEE BENEFÍCIOS BRASIL,69.034.668/0001-56,5400.0,14246.42
2025,12,GARDEL  ROLIM,Vale Restaurante,PLUXEE BENEFÍCIOS BRASIL,69.034.668/0001-56,2700.0,11546.42
2025,12,GARDEL  ROLIM,Passcard´s Eletrônicos,SINDIÔNIBUS,07.341.423/0001-14,225.0,11321.42
2025,12,GARDEL  ROLIM,Despesas com Telefonia Móvel,TELEFÔNICA BRASIL S.A,02.558.157/0001/62,113.93,11207.49
2025,12,GARDEL  ROLIM,Despesas com Serviço Gráfico,GRÁFICA  PRINTCOLOR,02.824.298/0001-80,4674.66,6532.83
2025,12,GARDEL  ROLIM,Despesas com Locação de Veículo,CASABLANCA RENT A CAR,06.621.791/0001-53,6510.0,22.8299999999981
2025,12,GERMANO  HEMANN,Vale Combustível ( Gab 16 ),PRIME LTDA,05.340.639/0001-30,7870.0,19376.07
2025,12,GERMANO  HEMANN,Vale Alimentação,PLUXEE BENEFÍCIOS BRASIL,69.034.668/0001-56,5427.0,13949.07
2025,12,GERMANO  HEMANN,Vale Restaurante,PLUXEE BENEFÍCIOS BRASIL,69.034.668/0001-56,2713.81,11235.26
2025,12,GERMANO  HEMANN,Passcard´s Eletrônicos,SINDIÔNIBUS,07.341.423/0001-14,0.0,11235.26
2025,12,GERMANO  HEMANN,Despesas com Telefonia Móvel,CLARO S.A,40.432.544/0001/47,106.42,11128.84
2025,12,GERMANO  HEMANN,Despesas com Telefonia Móvel,TIM S.A,02.421.421/0001-11,62.9,11065.94
2025,12,GERMANO  HEMANN,Despesas com Locação de Veículo,CASABLANCA RENT A CAR,03.977.401/0001-94,10850.0,215.94
2025,12,INSPETOR ALBERTO,Vale Combustível ( Gab 39 ),PRIME LTDA,05.340.639/0001-30,7870.0,20328.37
2025,12,INSPETOR ALBERTO,Vale Alimentação,PLUXEE BENEFÍCIOS BRASIL,69.034.668/0001-56,5427.0,14901.37
2025,12,INSPETOR ALBERTO,Vale Restaurante,PLUXEE BENEFÍCIOS BRASIL,69.034.668/0001-56,2713.0,12188.37
2025,12,INSPETOR ALBERTO,Passcard´s Eletrônicos,SINDIÔNIBUS,07.341.423/0001-14,0.0,12188.37
2025,12,INSPETOR ALBERTO,Despesas com Comunicação e Divulg. Mandato,PRM-COMUN.GESTÃO EMP. LTDA,37.842.306/0001-03,6500.0,5688.37
2025,12,INSPETOR ALBERTO,Despesas com Serviço Gráfico,GRÁFICA INFORGRAF,35.432.845/0001-30,5677.19,11.1800000000012
2025,12,IRMÃO  LÉO,Vale Combustível ( Gab 40 ),PRIME LTDA,05.340.639/0001-30,6214.0,20978.89
2025,12,IRMÃO  LÉO,Vale Alimentação,PLUXEE BENEFÍCIOS BRASIL,69.034.668/0001-56,5427.0,15551.89
2025,12,IRMÃO  LÉO,Vale Restaurante,PLUXEE BENEFÍCIOS BRASIL,69.034.668/0001-56,2713.0,12838.89
2025,12,IRMÃO  LÉO,Passcard´s Eletrônicos,SINDIÔNIBUS,07.341.423/0001-14,0.0,12838.89
2025,12,IRMÃO  LÉO,Despesas com Comunicação e Divulg. Mandato,MARKETING ON SOFTWARE E PUBLICIDADE LTDA,45.565.661/0001-00,6662.5,6176.39
2025,12,IRMÃO  LÉO,Despesas com Consultória Jurídica,DAMASCENO E ROCHA ADV ASSOCIADOS,17.886.840/0001-04,6094.25,82.1399999999994
2025,12,JÂNIO HENRIQUE,Vale Combustível ( Gab 24 ),PRIME LTDA,05.340.639/0001-30,7850.0,19352.23
2025,12,JÂNIO HENRIQUE,Vale Alimentação,PLUXEE BENEFÍCIOS BRASIL,69.034.668/0001-56,5400.0,13952.23
2025,12,JÂNIO HENRIQUE,Vale Restaurante,PLUXEE BENEFÍCIOS BRASIL,69.034.668/0001-56,2700.0,11252.23
2025,12,JÂNIO HENRIQUE,Passcard´s Eletrônicos,SINDIÔNIBUS,07.341.423/0001-14,0.0,11252.23
2025,12,JÂNIO HENRIQUE,Despesas com Serviço Gráfico,GRÁFICA PRINTCOLOR,02.824.298/0001-80,4493.58,6758.65
2025,12,JÂNIO HENRIQUE,Despesas com Comunicação e Divulgação de Mandato,MARKETING ON SOFTWARE E PUB. LTDA,45.565.661/0001-00,6662.5,96.1499999999996
2025,12,JORGE PINHEIRO,Vale Combustível ( Gab 36 ),PRIME LTDA,05.340.639/0001-30,5100.0,42664.67
2025,12,JORGE PINHEIRO,Vale Alimentação,PLUXEE BENEFÍCIOS BRASIL,69.034.668/0001-56,5427.0,37237.67
2025,12,JORGE PINHEIRO,Vale Restaurante,PLUXEE BENEFÍCIOS BRASIL,69.034.668/0001-56,2713.0,34524.67
2025,12,JORGE PINHEIRO,Passcard´s Eletrônicos,SINDIÔNIBUS,07.341.423/0001-14,297.0,34227.67
2025,12,JORGE PINHEIRO,Despesas com Telefonia Móvel,TELEFÔNICA BRASIL S.A,02.558.157/0001/62,151.91,34075.76
2025,12,JULIERME  SENA,Vale Combustível ( Gab 21 ),PRIME LTDA,05.340.639/0001-30,7100.0,20053.05
2025,12,JULIERME  SENA,Vale Alimentação,PLUXEE BENEFÍCIOS BRASIL,69.034.668/0001-56,5427.63,14625.42
2025,12,JULIERME  SENA,Vale Restaurante,PLUXEE BENEFÍCIOS BRASIL,69.034.668/0001-56,2700.0,11925.42
2025,12,JULIERME  SENA,Passcard´s Eletrônicos,SINDIÔNIBUS,07.341.423/0001-14,1350.0,10575.42
2025,12,JULIERME  SENA,Despesas com Serviço Gráfico,GRÁFICA RONDA LTDA,07.651.0003/0001-34,5503.04,5072.38
2025,12,JULIERME  SENA,Despesas com Locação de Veículo,CASABLANCA RENT A CAR,03.977.401/0001-94,5050.0,22.3800000000001
2025,12,LÉO COUTO,Vale Combustível ( Gab 20 ),PRIME LTDA,05.340.639/0001-30,5100.0,22147.39
2025,12,LÉO COUTO,Vale Alimentação,PLUXEE BENEFÍCIOS BRASIL,69.034.668/0001-56,3000.0,19147.39
2025,12,LÉO COUTO,Vale Restaurante,PLUXEE BENEFÍCIOS BRASIL,69.034.668/0001-56,2360.0,16787.39
2025,12,LÉO COUTO,Passcard´s Eletrônicos,SINDIÔNIBUS,07.341.423/0001-14,0.0,16787.39
2025,12,LÉO COUTO,Despesas com Consultória Jurídica,BARBOSA E MORAES SOC-ADV,38.028.070/0001-20,5773.5,11013.89
2025,12,LÉO COUTO,Despesas com Locação de Veículo,CASABLANCA RENT A CAR,03.977.401/0001-94,10850.0,163.889999999999
2025,12,LUIZ SERGIO,Vale Combustível ( Gab 07 ),PRIME LTDA,05.340.639/0001-30,3500.0,23640.47
2025,12,LUIZ SERGIO,Vale Alimentação,PLUXEE BENEFÍCIOS BRASIL,69.034.668/0001-56,3858.0,19782.47
2025,12,LUIZ SERGIO,Vale Restaurante,PLUXEE BENEFÍCIOS BRASIL,69.034.668/0001-56,2712.0,17070.47
2025,12,LUIZ SERGIO,Passcard´s Eletrônicos,SINDIÔNIBUS,07.341.423/0001-14,0.0,17070.47
2025,12,LUIZ SERGIO,Despesas com Serviço Gráfico,GRÁFICA MS SOLUÇÕES LDA,43.377.752/0001-89,6756.51,10313.96
2025,12,LUIZ SERGIO,Despesas com Consultória Jurídica,MATHEUS FERREIRA-SOC.IND.ADV,56.638.251/0001-50,6735.75,3578.21
2025,12,LUIZ SERGIO,Despesas com Comunicação e Divulg. Mandato,PRM-COM.GESTÃO EMP.LTDA,37.842.306/0001-03,3575.0,3.21000000000095
2025,12,MARCEL  COLARES,Vale Combustível ( Gab 10 ),PRIME LTDA,05.340.639/0001-30,6250.0,20949.09
2025,12,MARCEL  COLARES,Vale Alimentação,PLUXEE BENEFÍCIOS BRASIL,69.034.668/0001-56,5400.0,15549.09
2025,12,MARCEL  COLARES,Vale Restaurante,PLUXEE BENEFÍCIOS BRASIL,69.034.668/0001-56,1600.0,13949.09
2025,12,MARCEL  COLARES,Passcard´s Eletrônicos,SINDIÔNIBUS,07.341.423/0001-14,225.0,13724.09
2025,12,MARCEL  COLARES,Despesas com Serviço Gráfico,GRÁFICA ESTRELA,07.097.989/0001-42,2856.9,10867.19
2025,12,MARCEL  COLARES,Despesas com Locação de Veículo,CASABLANCA RENT A CAR,03.977.401/0001-94,10850.0,17.1900000000005
2025,12,MARCELO  MENDES,Vale Combustível ( Gab 12 ),PRIME LTDA,05.340.639/0001-30,7800.0,19370.79
2025,12,MARCELO  MENDES,Vale Alimentação,PLUXEE BENEFÍCIOS BRASIL,69.034.668/0001-56,5410.0,13960.79
2025,12,MARCELO  MENDES,Vale Restaurante,PLUXEE BENEFÍCIOS BRASIL,69.034.668/0001-56,2713.8,11246.99
2025,12,MARCELO  MENDES,Passcard´s Eletrônicos Metropolitano,SINDIÔNIBUS,07.341.423/0001-14,238.0,11008.99
2025,12,MARCELO  MENDES,Passcard´s Eletrônicos Urbano,SINDIÔNIBUS,07.341.423/0001-14,360.0,10648.99
2025,12,MARCELO  MENDES,Despesas com Locação de Veículo,CASABLANCA RENT A CAR,03.977.401/0001-94,10600.0,48.9899999999998
2025,12,MARCELO TCHELA ( SUPLENTE ),Vale Combustível ( Gab 03 ),PRIME LTDA,05.340.639/0001-30,7792.0,19388.13
2025,12,MARCELO TCHELA ( SUPLENTE ),Vale Alimentação,PLUXEE BENEFÍCIOS BRASIL,69.034.668/0001-56,5420.0,13968.13
2025,12,MARCELO TCHELA ( SUPLENTE ),Vale Restaurante,PLUXEE BENEFÍCIOS BRASIL,69.034.668/0001-56,2710.0,11258.13
2025,12,MARCELO TCHELA ( SUPLENTE ),Passcard´s Eletrônicos,SINDIÔNIBUS,07.341.423/0001-14,540.0,10718.13
2025,12,MARCELO TCHELA ( SUPLENTE ),Despesas com Serviço Gráfico,GRÁFICA  PRINTCOLOR,02.824.298/0001-80,5585.0,5133.13
2025,12,MARCELO TCHELA ( SUPLENTE ),Despesas com Locação de Veículo,CASABLANCA RENT A CAR,06.621.791/0001-53,5040.0,93.1299999999992
2025,12,MARCOS PAULO,Vale Combustível ( Gab 05 ),PRIME LTDA,05.340.639/0001-30,7500.0,19642.43
2025,12,MARCOS PAULO,Vale Alimentação,PLUXEE BENEFÍCIOS BRASIL,69.034.668/0001-56,4427.63,15214.8
2025,12,MARCOS PAULO,Vale Restaurante,PLUXEE BENEFÍCIOS BRASIL,69.034.668/0001-56,2713.0,12501.8
2025,12,MARCOS PAULO,Passcard´s Eletrônicos,SINDIÔNIBUS,07.341.423/0001-14,0.0,12501.8
2025,12,MARCOS PAULO,Despesas com Serviço Gráfico,GRÁFICA MS SOLUÇÕES LTDA,43.3773752/0001-89,6775.35,5726.45
2025,12,MARCOS PAULO,Despesas com Locação de Veículo,CASABLANCA RENT A CAR,03.977.401/0001-94,5720.0,6.44999999999891
2025,12,MARI  LACERDA,Vale Combustível ( Gab 33 ),PRIME LTDA,05.340.639/0001-30,4464.0,23530.35
2025,12,MARI  LACERDA,Vale Alimentação,PLUXEE BENEFÍCIOS BRASIL,69.034.668/0001-56,4800.0,18730.35
2025,12,MARI  LACERDA,Vale Restaurante,PLUXEE BENEFÍCIOS BRASIL,69.034.668/0001-56,2500.0,16230.35
2025,12,MARI  LACERDA,Passcard´s Eletrônicos,SINDIÔNIBUS,07.341.423/0001-14,504.0,15726.35
2025,12,MARI  LACERDA,Despesas com  Telefonia Móvel,CLARO S.A,40.432.544/0001/47,1539.1,14187.25
2025,12,MARI  LACERDA,Despesas com Serviço Gráfico,GRÁFICA PRINTCOLOR,02.824.298/0001-80,2798.92,11388.33
2025,12,MARI  LACERDA,Despesas com Locação de Veículo,CASABLANCA RENT A CAR,03.977.401/0001-94,5145.0,6243.33
2025,12,MARI  LACERDA,Despesas com Locação de Veículo,CASABLANCA RENT A CAR,03.977.401/0001-94,2338.47,3904.86
2025,12,MARI  LACERDA,Despesas com Comunicação e Divulg. Mandato,PRM-COM.GESTÃO EMP. LTDA,37.842.306/0001-03,3900.0,4.86000000000013
2025,12,NILO DANTAS ( SUPLENTE ),Vale Combustível ( Gab 13 ),PRIME LTDA,05.340.639/0001-30,0.0,27159.53
2025,12,NILO DANTAS ( SUPLENTE ),Vale Alimentação,PLUXEE BENEFÍCIOS BRASIL,69.034.668/0001-56,4720.0,22439.53
2025,12,NILO DANTAS ( SUPLENTE ),Vale Restaurante,PLUXEE BENEFÍCIOS BRASIL,69.034.668/0001-56,2360.0,20079.53
2025,12,NILO DANTAS ( SUPLENTE ),Passcard´s Eletrônicos,SINDIÔNIBUS,07.341.423/0001-14,360.0,19719.53
2025,12,NILO DANTAS ( SUPLENTE ),Despesas com Comunicação e Divulgação de Mandato,MARKETING ON SOFTWARE E PUB. LTDA,45.565.661/0001-00,6662.5,13057.03
2025,12,NILO DANTAS ( SUPLENTE ),Despesas com Serviço Gráfico,GRÁFICA RDS,02.265.186/0001-36,2174.93,10882.1
2025,12,NILO DANTAS ( SUPLENTE ),Despesas com Locação de Veículo,CASABLANCA RENT A CAR,03.977.401/0001-94,10850.0,32.0999999999985
2025,12,PAULO MARTINS,Vale Combustível ( Gab 37 ),PRIME LTDA,05.340.639/0001-30,7850.0,19435.2
2025,12,PAULO MARTINS,Vale Alimentação,PLUXEE BENEFÍCIOS BRASIL,69.034.668/0001-56,5420.0,14015.2
2025,12,PAULO MARTINS,Vale Restaurante,PLUXEE BENEFÍCIOS BRASIL,69.034.668/0001-56,2713.0,11302.2
2025,12,PAULO MARTINS,Passcard´s Eletrônicos,SINDIÔNIBUS,07.341.423/0001-14,1836.0,9466.2
2025,12,PAULO MARTINS,Despesas com Telefonia Móvel,TELEFÔNICA BRASIL S.A,02.558.157/0001/62,151.91,9314.29
2025,12,PAULO MARTINS,Despesas com  Telefonia Móvel,CLARO S.A,40.432.544/0001/47,43.7,9270.59
2025,12,PAULO MARTINS,Despesas com Locação de Veículo,CASABLANCA RENT A CAR,03.977.401/0001-94,5050.0,4220.59
2025,12,PAULO MARTINS,Despesas com Locação de Veículo,CASABLANCA RENT A CAR,03.977.401/0001-94,4000.0,220.59
2025,12,PPCELL,Vale Combustível ( Gab 25 ),PRIME LTDA,05.340.639/0001-30,7870.0,19676.47
2025,12,PPCELL,Vale Alimentação,PLUXEE BENEFÍCIOS BRASIL,69.034.668/0001-56,5427.0,14249.47
2025,12,PPCELL,Vale Restaurante,PLUXEE BENEFÍCIOS BRASIL,69.034.668/0001-56,2713.0,11536.47
2025,12,PPCELL,Passcard´s Eletrônicos,SINDIÔNIBUS,07.341.423/0001-14,0.0,11536.47
2025,12,PPCELL,Despesas com Serviço Gráfico,GRÁFICA RDS,02.265.186/0001-36,4413.96,7122.51
2025,12,PPCELL,Despesas com Locação de Veículo,CASABLANCA RENT A CAR,03.977.401/0001-94,6510.0,612.509999999999
2025,12,PRISCILA  COSTA,Vale Combustível ( Gab 19 ),PRIME LTDA,05.340.639/0001-30,7870.0,25740.39
2025,12,PRISCILA  COSTA,Vale Alimentação,PLUXEE BENEFÍCIOS BRASIL,69.034.668/0001-56,4720.0,21020.39
2025,12,PRISCILA  COSTA,Vale Restaurante,PLUXEE BENEFÍCIOS BRASIL,69.034.668/0001-56,2360.0,18660.39
2025,12,PRISCILA  COSTA,Passcard´s Eletrônicos,SINDIÔNIBUS,07.341.423/0001-14,0.0,18660.39
2025,12,PRISCILA  COSTA,Desp.com Comunicação e Divulg. de Mandato,PRM Comunic.Gestão Emp. ltda,37.842.306/0001-03,6500.0,12160.39
2025,12,PRISCILA  COSTA,Despesas com Consultória Jurídica,BARBOSA E MORAES SOC-ADV,38.028.070/0001-20,5132.0,7028.39
2025,12,PRISCILA  COSTA,Despesas com Serviço Gráfico,GRÁFICA RDS,02.265.186/0001-36,6782.29,246.099999999999
2025,12,PROF. AGUIAR TOBA,Vale Combustível ( Gab 17 ),PRIME LTDA,05.340.639/0001-30,7870.05,19344.68
2025,12,PROF. AGUIAR TOBA,Vale Alimentação,PLUXEE BENEFÍCIOS BRASIL,69.034.668/0001-56,5427.63,13917.05
2025,12,PROF. AGUIAR TOBA,Vale Restaurante,PLUXEE BENEFÍCIOS BRASIL,69.034.668/0001-56,2713.8,11203.25
2025,12,PROF. AGUIAR TOBA,Passcard´s Eletrônicos,SINDIÔNIBUS,07.341.423/0001-14,0.0,11203.25
2025,12,PROF. AGUIAR TOBA,Despesas com Serviço Gráfico,GRÁFICA MS SOLUÇÕES LTDA,43.3773752/0001-89,4425.85,6777.4
2025,12,PROF. AGUIAR TOBA,Despesas com Comunicação e Divulgação de Mandato,MARKETING ON SOFTWARE E PUB. LTDA,45.565.661/0001-00,6662.5,114.9
2025,12,PROFESSOR ENILSON,Vale Combustível ( Gab 09 ),PRIME LTDA,05.340.639/0001-30,7592.0,19774.39
2025,12,PROFESSOR ENILSON,Vale Alimentação,PLUXEE BENEFÍCIOS BRASIL,69.034.668/0001-56,5420.0,14354.39
2025,12,PROFESSOR ENILSON,Vale Restaurante,PLUXEE BENEFÍCIOS BRASIL,69.034.668/0001-56,2360.0,11994.39
2025,12,PROFESSOR ENILSON,Passcard´s Eletrônicos,SINDIÔNIBUS,07.341.423/0001-14,0.0,11994.39
2025,12,PROFESSOR ENILSON,Despesas com Serviço Gráfico,GRÁFICA MS SOLUÇÕES LDA,43.377.752/0001-89,6653.79,5340.6
2025,12,PROFESSOR ENILSON,Despesas com Comunicação e Divulg.Mandato,AGÊNCIA PIC MKT LTDA,32.075.292/0001-18,4998.5,342.099999999999
2025,12,RAIMUNDO FILHO ( SUPLENTE ),Vale Combustível ( Gab 11 ),PRIME LTDA,05.340.639/0001-30,7044.0,20134.43
2025,12,RAIMUNDO FILHO ( SUPLENTE ),Vale Alimentação,PLUXEE BENEFÍCIOS BRASIL,69.034.668/0001-56,5400.0,14734.43
2025,12,RAIMUNDO FILHO ( SUPLENTE ),Vale Restaurante,PLUXEE BENEFÍCIOS BRASIL,69.034.668/0001-56,2360.0,12374.43
2025,12,RAIMUNDO FILHO ( SUPLENTE ),Passcard´s Eletrônicos,SINDIÔNIBUS,07.341.423/0001-14,0.0,12374.43
2025,12,RAIMUNDO FILHO ( SUPLENTE ),Despesas com Serviço Gráfico,GRÁFICA MS SOLUÇÕES LDA,43.377.752/0001-89,5733.0,6641.43
2025,12,RAIMUNDO FILHO ( SUPLENTE ),Despesas com Locação de Veículo,CASABLANCA RENT A CAR,03.977.401/0001-94,6640.0,1.43000000000029
2025,12,RENÉ  PESSOA,Vale Combustível ( Gab 22 ),PRIME LTDA,05.340.639/0001-30,7870.06,19269.34
2025,12,RENÉ  PESSOA,Vale Alimentação,PLUXEE BENEFÍCIOS BRASIL,69.034.668/0001-56,5427.63,13841.71
2025,12,RENÉ  PESSOA,Vale Restaurante,PLUXEE BENEFÍCIOS BRASIL,69.034.668/0001-56,2713.81,11127.9
2025,12,RENÉ  PESSOA,Passcard´s Eletrônicos,SINDIÔNIBUS,07.341.423/0001-14,414.0,10713.9
2025,12,RENÉ  PESSOA,Despesas com Serviço Gráfico,GRÁFICA PRINTCOLOR,02.824.298/0001-80,3566.24,7147.66
2025,12,RENÉ  PESSOA,Despesas com Locação de Veículo,CASABLANCA RENT A CAR,03.977.401/0001-94,7140.0,7.65999999999985
2025,12,RONALDO  MARTINS,Vale Combustível ( Gab 32 ),PRIME LTDA,05.340.639/0001-30,7692.0,19575.23
2025,12,RONALDO  MARTINS,Vale Alimentação,PLUXEE BENEFÍCIOS BRASIL,69.034.668/0001-56,5420.0,14155.23
2025,12,RONALDO  MARTINS,Vale Restaurante,PLUXEE BENEFÍCIOS BRASIL,69.034.668/0001-56,2713.0,11442.23
2025,12,RONALDO  MARTINS,Passcard´s Eletrônicos,SINDIÔNIBUS,07.341.423/0001-14,1872.0,9570.23
2025,12,RONALDO  MARTINS,Despesas com locação de veículo,CASABLANCA RENT A CAR,03.977.401/0001-94,6200.0,3370.23
2025,12,RONALDO  MARTINS,Despesas com locação de veículo,R MORAES AGENCIA DE TURISMO,06.955.770/0001-74,1529.61,1840.62
2025,12,RONALDO  MARTINS,Despesas com Hospedagem,R MORAES AGENCIA DE TURISMO,06.955.770/0001-74,1808.8,31.8199999999997
2025,12,SOLDADO  NOÉLIO,Vale Combustível ( Gab 31 ),PRIME LTDA,05.340.639/0001-30,5000.0,22233.78
2025,12,SOLDADO  NOÉLIO,Vale Alimentação,PLUXEE BENEFÍCIOS BRASIL,69.034.668/0001-56,5400.0,16833.78
2025,12,SOLDADO  NOÉLIO,Vale Restaurante,PLUXEE BENEFÍCIOS BRASIL,69.034.668/0001-56,0.0,16833.78
2025,12,SOLDADO  NOÉLIO,Passcard´s Eletrônicos,SINDIÔNIBUS,07.341.423/0001-14,0.0,16833.78
2025,12,SOLDADO  NOÉLIO,Despesas com Serviço Gráfico,GRÁFICA MS SOLUÇÕES LDA,43.377.752/0001-89,3495.7,13338.08
2025,12,SOLDADO  NOÉLIO,Despesas com Consultória Jurídica,MATHEUS FERREIRA-SOC.IND. DE ADV,56.638.251/0001-50,6735.75,6602.33
2025,12,SOLDADO  NOÉLIO,Despesas com Comunicação e Divulg. Mandato,PRM-COM.GESTÃO EMP. LTDA,37.842.306/0001-03,6500.0,102.329999999998
2025,12,TIA FRANCISCA ( SUPLENTE ),Vale Combustível ( Gab 35 ),PRIME LTDA,05.340.639/0001-30,6500.0,21511.14
2025,12,TIA FRANCISCA ( SUPLENTE ),Vale Alimentação,PLUXEE BENEFÍCIOS BRASIL,69.034.668/0001-56,5400.0,16111.14
2025,12,TIA FRANCISCA ( SUPLENTE ),Vale Restaurante,PLUXEE BENEFÍCIOS BRASIL,69.034.668/0001-56,2713.0,13398.14
2025,12,TIA FRANCISCA ( SUPLENTE ),Passcard´s Eletrônicos,SINDIÔNIBUS,07.341.423/0001-14,247.5,13150.64
2025,12,TIA FRANCISCA ( SUPLENTE ),Despesas com Passagem Aérea,R MORAES AGENCIA DE TURISMO,06.955.770/0001-74,3092.98,10057.66
2025,12,TIA FRANCISCA ( SUPLENTE ),Despesas com Hospedagem,R MORAES AGENCIA DE TURISMO,06.955.770/0001-74,1016.8,9040.86
2025,12,TIA FRANCISCA ( SUPLENTE ),Despesas com Comunicação e Divulgação de Mandato,MARKETING ON SOFTWARE E PUB. LTDA,45.565.661/0001-00,6662.5,2378.36
2025,12,TONY BRITO,Vale Combustível ( Gab 26 ),PRIME LTDA,05.340.639/0001-30,7100.0,20064.39
2025,12,TONY BRITO,Vale Alimentação,PLUXEE BENEFÍCIOS BRASIL,69.034.668/0001-56,5000.0,15064.39
2025,12,TONY BRITO,Vale Restaurante,PLUXEE BENEFÍCIOS BRASIL,69.034.668/0001-56,2500.0,12564.39
2025,12,TONY BRITO,Passcard´s Eletrônicos,SINDIÔNIBUS,07.341.423/0001-14,0.0,12564.39
2025,12,TONY BRITO,Despesas com Comunicação e Divulgação de Mandato,PRM COMUNIC. GESTÃO EMPRES. LTDA,37.842.306/0001-03,5525.0,7039.39
2025,12,TONY BRITO,Despesas com Locação de Veículo,CASABLANCA RENT A CAR,06.621.791/0001-53,7000.0,39.3899999999994
2025,12,WANDER ALENCAR ( SUPLENTE ),Vale Combustível ( Gab 34 ),PRIME LTDA,05.340.639/0001-30,7870.06,19397.02
2025,12,WANDER ALENCAR ( SUPLENTE ),Vale Alimentação,PLUXEE BENEFÍCIOS BRASIL,69.034.668/0001-56,5427.63,13969.39
2025,12,WANDER ALENCAR ( SUPLENTE ),Vale Restaurante,PLUXEE BENEFÍCIOS BRASIL,69.034.668/0001-56,0.0,13969.39
2025,12,WANDER ALENCAR ( SUPLENTE ),Passcard´s Eletrônicos,SINDIÔNIBUS,07.341.423/0001-14,0.0,13969.39
2025,12,WANDER ALENCAR ( SUPLENTE ),Despesas com Serviço Gráfico,GRÁFICA MS SOLUÇÕES LDA,43.377.752/0001-89,6775.35,7194.04
2025,12,WANDER ALENCAR ( SUPLENTE ),Despesas com Locação de Veículo,CASABLANCA RENT A CAR,06.621.791/0001-53,3400.0,3794.04
2025,12,WANDER ALENCAR ( SUPLENTE ),Despesas com Locação de Veículo,CASABLANCA RENT A CAR,06.621.791/0001-53,3600.0,194.039999999999
2026,1,ADAIL JR,Vale Combustível  ( Gab 06 ),PRIME LTDA,05.340.639/0001-30,7870.0,19268.13
2026,1,ADAIL JR,Vale Alimentação,PLUXEE BENEFÍCIOS BRASIL,69.034.668/0001-56,5427.0,13841.13
2026,1,ADAIL JR,Vale Restaurante,PLUXEE BENEFÍCIOS BRASIL,69.034.668/0001-56,2713.0,11128.13
2026,1,ADAIL JR,Passcard´s Eletrônicos,SINDIÔNIBUS,07.341.423/0001-14,0.0,11128.13
2026,1,ADAIL JR,Despesas com Consultória Jurídica,THIAGO MONTEZUMA-ADV ASSOCIADOS,59.861.314/0001-21,6699.0,4429.13
2026,1,ADAIL JR,Despesas com Locação de Veículo,CASABLANCA RENT A CAR,03.977.401/0001-94,4420.0,9.1299999999992
2026,1,ADRIANA ALMEIDA,Vale Combustível ( Gab 08 ),PRIME LTDA,05.340.639/0001-30,4100.0,23038.13
2026,1,ADRIANA ALMEIDA,Vale Alimentação,PLUXEE BENEFÍCIOS BRASIL,69.034.668/0001-56,4000.0,19038.13
2026,1,ADRIANA ALMEIDA,Vale Restaurante,PLUXEE BENEFÍCIOS BRASIL,69.034.668/0001-56,2300.0,16738.13
2026,1,ADRIANA ALMEIDA,Passcard´s Eletrônicos,SINDIÔNIBUS,07.341.423/0001-14,909.0,15829.13
2026,1,ADRIANA ALMEIDA,Despesas com Consultoria Jurídica,BRUNO DE SOUSA-ADV,47.771.413/0001-33,4490.5,11338.63
2026,1,ADRIANA ALMEIDA,Despesas com Serviço Gráfico,GRÁFICA PRINTCOLOR,02.824.298/0001-80,4962.82,6375.81
2026,1,ADRIANA ALMEIDA,Despesas com Locação de Veículo,CASABLANCA RENT A CAR,03.977.401/0001-94,5145.0,1230.81
2026,1,ADRIANA ALMEIDA,Despesas com Locação de Ônibus,CASABLANCA RENT A CAR,03.977.401/0001-94,1170.0,60.8099999999995
2026,1,ADRIANA GERÔNIMO,Vale Combustível ( Gab 30 ),PRIME LTDA,05.340.639/0001-30,6729.0,20409.13
2026,1,ADRIANA GERÔNIMO,Vale Alimentação,PLUXEE BENEFÍCIOS BRASIL,69.034.668/0001-56,5427.62,14981.51
2026,1,ADRIANA GERÔNIMO,Vale Restaurante,PLUXEE BENEFÍCIOS BRASIL,69.034.668/0001-56,2713.81,12267.7
2026,1,ADRIANA GERÔNIMO,Passcard´s Eletrônicos,SINDIÔNIBUS,07.341.423/0001-14,1512.0,10755.7
2026,1,ADRIANA GERÔNIMO,Despesas com Telefonia Móvel,TELEFÔNICA BRASIL S.A,02.558.157/0001/62,37.99,10717.71
2026,1,ADRIANA GERÔNIMO,Despesas com  Telefonia Móvel,TIM S.A,02.421421/0001-11,62.9,10654.81
2026,1,ADRIANA GERÔNIMO,Despesas com Consultória Jurídica,BRUNO SOUSA – ADV,47.771.413/0001-33,4490.5,6164.31
2026,1,ADRIANA GERÔNIMO,Despesas com Locação de Veículo,CASABLANCA RENT A CAR,03.977.401/0001-94,3700.0,2464.31
2026,1,AGAYLSON,Vale Combustível ( Gab 18 ),PRIME LTDA,05.340.639/0001-30,7600.0,19538.13
2026,1,AGAYLSON,Vale Alimentação,PLUXEE BENEFÍCIOS BRASIL,69.034.668/0001-56,4500.0,15038.13
2026,1,AGAYLSON,Vale Restaurante,PLUXEE BENEFÍCIOS BRASIL,69.034.668/0001-56,2700.0,12338.13
2026,1,AGAYLSON,Passcard´s Eletrônicos,SINDIÔNIBUS,07.341.423/0001-14,0.0,12338.13
2026,1,AGAYLSON,Despesas com Locação de Veículo,CASABLANCA RENT A CAR,03.977.401/0001-94,10850.0,1488.13
2026,1,ANA ARACAPÉ,Vale Combustível ( GAB 02 ),PRIME LTDA,05.340.639/0001-30,4170.06,22968.07
2026,1,ANA ARACAPÉ,Vale Alimentação,PLUXEE BENEFÍCIOS BRASIL,69.034.668/0001-56,5070.0,17898.07
2026,1,ANA ARACAPÉ,Vale Restaurante,PLUXEE BENEFÍCIOS BRASIL,69.034.668/0001-56,2713.0,15185.07
2026,1,ANA ARACAPÉ,Passcard´s Eletrônicos,SINDIÔNIBUS,07.341.423/0001-14,279.0,14906.07
2026,1,ANA ARACAPÉ,Despesas com Consultoria Jurídica,FABIANO GIOVANI – ADV,29.941.589/0001-04,2886.75,12019.32
2026,1,ANA ARACAPÉ,Despesas com Serviço Gráfico,MS SOLUÇÕES GRÁFICA,43.377.752/0001-89,5314.74,6704.58
2026,1,ANA ARACAPÉ,Despesas com Comun. Divulg. Mandato,MARKETING ON LTDA,45.565.661/0001-00,6662.5,42.0799999999999
2026,1,BELLA CARMELO,Vale Combustível ( Gab 42 ),PRIME LTDA,05.340.639/0001-30,3500.0,23638.13
2026,1,BELLA CARMELO,Vale Alimentação,PLUXEE BENEFÍCIOS BRASIL,69.034.668/0001-56,2300.0,21338.13
2026,1,BELLA CARMELO,Vale Restaurante,PLUXEE BENEFÍCIOS BRASIL,69.034.668/0001-56,2000.0,19338.13
2026,1,BELLA CARMELO,Passcard´s Eletrônicos,SINDIÔNIBUS,07.341.423/0001-14,0.0,19338.13
2026,1,BELLA CARMELO,Despesas com Telefonia Móvel,CLARO S.A,40.432.544/0001-47,583.2,18754.93
2026,1,BELLA CARMELO,Despesas com Comun. Divulg. Mandato,PRM COMUNICAÇÃO LTDA,37.842.306/0001-03,6500.0,12254.93
2026,1,BELLA CARMELO,Despesas com Locação de Veículo,CASABLANCA RENT A CAR,03.977.401/0001-94,10850.0,1404.93
2026,1,BENIGNO JR,Vale Combustível ( Gab 23 ),PRIME LTDA,05.340.639/0001-30,7500.0,19638.13
2026,1,BENIGNO JR,Vale Alimentação,PLUXEE BENEFÍCIOS BRASIL,69.034.668/0001-56,5400.0,14238.13
2026,1,BENIGNO JR,Vale Restaurante,PLUXEE BENEFÍCIOS BRASIL,69.034.668/0001-56,2700.0,11538.13
2026,1,BENIGNO JR,Passcard´s Eletrônicos,SINDIÔNIBUS,07.341.423/0001-14,0.0,11538.13
2026,1,BENIGNO JR,Despesas com Telefonia Móvel,TELEFÔNICA BRASIL S.A,02.558.157/0001/62,724.55,10813.58
2026,1,BENIGNO JR,Despesas com Serviço Gráfico,GRÁFICA PRINTCOLOR,02.824.298/0001-80,4448.8,6364.78
2026,1,BENIGNO JR,Despesas com Locação de Veículo,CASABLANCA RENT A CAR,03.977.401/0001-94,5045.0,1319.78
2026,1,BRUNO MESQUITA,Vale Combustível ( Gab 01 ),PRIME LTDA,05.340.639/0001-30,7844.0,19294.13
2026,1,BRUNO MESQUITA,Vale Alimentação,PLUXEE BENEFÍCIOS BRASIL,69.034.668/0001-56,5420.0,13874.13
2026,1,BRUNO MESQUITA,Vale Restaurante,PLUXEE BENEFÍCIOS BRASIL,69.034.668/0001-56,2710.0,11164.13
2026,1,BRUNO MESQUITA,Passcard´s Eletrônicos,SINDIÔNIBUS,07.341.423/0001-14,225.0,10939.13
2026,1,BRUNO MESQUITA,Despesas com Serviço Gráfico,GRÁFICA RDS,02.265.186/0001-36,4872.24,6066.89
2026,1,BRUNO MESQUITA,Despesas com Locação de Veículo,CASABLANCA RENT A CAR,03.977.401/0001-94,5670.0,396.889999999999
2026,1,CHIQUINHO DOS CARNEIROS,Vale Combustível ( Gab 28 ),PRIME LTDA,05.340.639/0001-30,7870.0,19268.13
2026,1,CHIQUINHO DOS CARNEIROS,Vale Alimentação,PLUXEE BENEFÍCIOS BRASIL,69.034.668/0001-56,5426.0,13842.13
2026,1,CHIQUINHO DOS CARNEIROS,Vale Restaurante,PLUXEE BENEFÍCIOS BRASIL,69.034.668/0001-56,2712.0,11130.13
2026,1,CHIQUINHO DOS CARNEIROS,Passcard´s Eletrônicos,SINDIÔNIBUS,07.341.423/0001-14,0.0,11130.13
2026,1,CHIQUINHO DOS CARNEIROS,Despesas com Comunicação e Divulg.Mandato,MARKETING ON SOFTWARE E PUB. LTDA,45.565.661/0001-00,4225.0,6905.13
2026,1,CHIQUINHO DOS CARNEIROS,Despesas com Serviço Gráfico,GRÁFICA MS SOLUÇÕES LDA,43.377.752/0001-89,6775.35,129.779999999999
2026,1,CLAÚDIO LIMA,Vale Combustível ( Gab 04 ),PRIME LTDA,05.340.639/0001-30,7800.0,19338.13
2026,1,CLAÚDIO LIMA,Vale Alimentação,PLUXEE BENEFÍCIOS BRASIL,69.034.668/0001-56,5400.0,13938.13
2026,1,CLAÚDIO LIMA,Vale Restaurante,PLUXEE BENEFÍCIOS BRASIL,69.034.668/0001-56,2700.0,11238.13
2026,1,CLAÚDIO LIMA,Passcard´s Eletrônicos,SINDIÔNIBUS,07.341.423/0001-14,0.0,11238.13
2026,1,CLAÚDIO LIMA,Despesas com  Telefonia Móvel,TELEFÔNICA BRASIL S.A,02.558.157/0001/62,0.0,11238.13
2026,1,CLAÚDIO LIMA,Despesas com Comunicação e Divulgação de Mandato,R e K PRODUCÕES E ASSESORIA LTDA,16.880.815/0001-42,6662.5,4575.63
2026,1,CLAÚDIO LIMA,Despesas com Consultória Jurídica,CARVALHO & SANTOS ADV,34.636.322/0001-43,4490.5,85.1299999999992
2026,1,DAYANNE COSTA,Vale Combustível ( Gab 14 ),PRIME LTDA,05.340.639/0001-30,7870.05,19268.08
2026,1,DAYANNE COSTA,Vale Alimentação,PLUXEE BENEFÍCIOS BRASIL,69.034.668/0001-56,5427.59,13840.49
2026,1,DAYANNE COSTA,Vale Restaurante,PLUXEE BENEFÍCIOS BRASIL,69.034.668/0001-56,2676.35,11164.14
2026,1,DAYANNE COSTA,Passcard´s Eletrônicos,SINDIÔNIBUS,07.341.423/0001-14,216.0,10948.14
2026,1,DAYANNE COSTA,Despesas com  Telefonia Móvel,CLARO S.A,40.432.544/0001/47,87.36,10860.78
2026,1,DAYANNE COSTA,Despesas com Locação de Veículo,CASABLANCA RENT A CAR,03.977.401/0001-94,10850.0,10.7799999999988
2026,1,DR. VICENTE,Vale Combustível (GAB 43 ),PRIME LTDA,05.340.639/0001-30,6800.0,20338.13
2026,1,DR. VICENTE,Vale Alimentação,PLUXEE BENEFÍCIOS BRASIL,69.034.668/0001-56,4800.0,15538.13
2026,1,DR. VICENTE,Vale Restaurante,PLUXEE BENEFÍCIOS BRASIL,69.034.668/0001-56,2700.0,12838.13
2026,1,DR. VICENTE,Passcard´s Eletrônicos,SINDIÔNIBUS,07.341.423/0001-14,360.0,12478.13
2026,1,DR. VICENTE,Despesas com  Telefonia Móvel,CLARO S.A,40.432.544/0001/47,792.4,11685.73
2026,1,DR. VICENTE,Despesas com Consultória Jurídica,BRUNO SOUSA – ADV,47.771.413/0001-33,5132.0,6553.73
2026,1,DR. VICENTE,Despesas com Serviço Gráfico,GRÁFICA PRINTCOLOR,02.824.298/0001-80,6539.71,14.0199999999995
2026,1,DUMMAR RIBEIRO,Vale Combustível ( Gab 38 ),PRIME LTDA,05.340.639/0001-30,7000.0,20138.13
2026,1,DUMMAR RIBEIRO,Vale Alimentação,PLUXEE BENEFÍCIOS BRASIL,69.034.668/0001-56,5426.0,14712.13
2026,1,DUMMAR RIBEIRO,Vale Restaurante,PLUXEE BENEFÍCIOS BRASIL,69.034.668/0001-56,2713.0,11999.13
2026,1,DUMMAR RIBEIRO,Passcard´s Eletrônicos,SINDIÔNIBUS,07.341.423/0001-14,0.0,11999.13
2026,1,DUMMAR RIBEIRO,Despesas com Serviço Gráfico,GRÁFICA MS SOLUÇÕES LTDA,43.377.752/0001-89,5465.51,6533.62
2026,1,DUMMAR RIBEIRO,Despesas com Comunicação e Divulgação de Mandato,MARKETING ON SOFTWARE E PUB. LTDA,45.565.661/0001-00,6500.0,33.619999999999
2026,1,ESTRELA BARROS,Vale Combustível ( Gab 29 ),PRIME LTDA,05.340.639/0001-30,4127.0,23011.13
2026,1,ESTRELA BARROS,Vale Alimentação,PLUXEE BENEFÍCIOS BRASIL,69.034.668/0001-56,5427.0,17584.13
2026,1,ESTRELA BARROS,Vale Restaurante,PLUXEE BENEFÍCIOS BRASIL,69.034.668/0001-56,0.0,17584.13
2026,1,ESTRELA BARROS,Passcard´s Eletrônicos,SINDIÔNIBUS,07.341.423/0001-14,0.0,17584.13
2026,1,ESTRELA BARROS,Despesas com Serviço Gráfico,GRÁFICA MS SOLUÇÕES LTDA,43.377.752/0001-89,1791.42,15792.71
2026,1,ESTRELA BARROS,Despesas com Consultória Jurídica,AGUIAR -ADV. ASSOCIADOS,09.403.820/0001-07,4811.25,10981.46
2026,1,ESTRELA BARROS,Despesas com Locação de Veículo,CASABLANCA RENT A CAR,03.977.401/0001-94,10800.0,181.460000000001
2026,1,GABRIEL AGUIAR,Vale Combustível ( Gab 41 ),PRIME LTDA,05.340.639/0001-30,6300.0,20838.13
2026,1,GABRIEL AGUIAR,Vale Alimentação,PLUXEE BENEFÍCIOS BRASIL,69.034.668/0001-56,5100.0,15738.13
2026,1,GABRIEL AGUIAR,Vale Restaurante,PLUXEE BENEFÍCIOS BRASIL,69.034.668/0001-56,2400.0,13338.13
2026,1,GABRIEL AGUIAR,Passcard´s Eletrônicos,SINDIÔNIBUS,07.341.423/0001-14,2250.0,11088.13
2026,1,GABRIEL AGUIAR,Despesas com Locação de Veículo,CASABLANCA RENT A CAR,03.977.401/0001-94,5670.0,5418.13
2026,1,GABRIEL AGUIAR,Despesas com Locação de Ônibus,CASABLANCA RENT A CAR,03.977.401/0001-94,4400.0,1018.13
2026,1,GARDEL ROLIM,Vale Combustível ( Gab 27 ),PRIME LTDA,05.340.639/0001-30,7500.0,19638.13
2026,1,GARDEL ROLIM,Vale Alimentação,PLUXEE BENEFÍCIOS BRASIL,69.034.668/0001-56,5400.0,14238.13
2026,1,GARDEL ROLIM,Vale Restaurante,PLUXEE BENEFÍCIOS BRASIL,69.034.668/0001-56,2700.0,11538.13
2026,1,GARDEL ROLIM,Passcard´s Eletrônicos,SINDIÔNIBUS,07.341.423/0001-14,225.0,11313.13
2026,1,GARDEL ROLIM,Despesas com Telefonia Móvel,TELEFÔNICA BRASIL S.A,02.558.157/0001/62,113.93,11199.2
2026,1,GARDEL ROLIM,Despesas com Serviço Gráfico,GRÁFICA  PRINTCOLOR,02.824.298/0001-80,4683.44,6515.76
2026,1,GARDEL ROLIM,Despesas com Locação de Veículo,CASABLANCA RENT A CAR,06.621.791/0001-53,6510.0,5.75999999999931
2026,1,GERMANO HEMAN,Vale Combustível  ( GAB 16 ),PRIME LTDA,05.340.639/0001-30,7870.0,19268.13
2026,1,GERMANO HEMAN,Vale Alimentação,PLUXEE BENEFÍCIOS BRASIL,69.034.668/0001-56,5427.0,13841.13
2026,1,GERMANO HEMAN,Vale Restaurante,PLUXEE BENEFÍCIOS BRASIL,69.034.668/0001-56,2713.81,11127.32
2026,1,GERMANO HEMAN,Passcard´s Eletrônicos,SINDIÔNIBUS,07.341.423/0001-14,0.0,11127.32
2026,1,GERMANO HEMAN,Despesas com Telefonia Móvel,CLARO S.A,40.432.544/0001/47,106.39,11020.93
2026,1,GERMANO HEMAN,Despesas com Telefonia Móvel,TIM S.A,02.421.421/0001-11,62.9,10958.03
2026,1,GERMANO HEMAN,Despesas com Locação de Veículo,CASABLANCA RENT A CAR,03.977.401/0001-94,10850.0,108.030000000001
2026,1,INSPETOR ALBERTO,Vale Combustível ( Gab 39 ),PRIME LTDA,05.340.639/0001-30,7870.0,19268.13
2026,1,INSPETOR ALBERTO,Vale Alimentação,PLUXEE BENEFÍCIOS BRASIL,69.034.668/0001-56,5427.0,13841.13
2026,1,INSPETOR ALBERTO,Vale Restaurante,PLUXEE BENEFÍCIOS BRASIL,69.034.668/0001-56,2713.0,11128.13
2026,1,INSPETOR ALBERTO,Passcard´s Eletrônicos,SINDIÔNIBUS,07.341.423/0001-14,0.0,11128.13
2026,1,INSPETOR ALBERTO,Despesas com Comunicação e Divulg. Mandato,PRM-COMUN.GESTÃO EMP. LTDA,37.842.306/0001-03,6500.0,4628.13
2026,1,INSPETOR ALBERTO,Despesas com Consultoria jurídica,MATHEUS FERREIRA-SOC.IND-ADV,56.638.251/0001-50,4616.25,11.8799999999992
2026,1,IRMÃO LÉO,Vale Combustível ( Gab 40 ),PRIME LTDA,05.340.639/0001-30,6214.0,20924.13
2026,1,IRMÃO LÉO,Vale Alimentação,PLUXEE BENEFÍCIOS BRASIL,69.034.668/0001-56,5427.0,15497.13
2026,1,IRMÃO LÉO,Vale Restaurante,PLUXEE BENEFÍCIOS BRASIL,69.034.668/0001-56,2713.0,12784.13
2026,1,IRMÃO LÉO,Passcard´s Eletrônicos,SINDIÔNIBUS,07.341.423/0001-14,0.0,12784.13
2026,1,IRMÃO LÉO,Despesas com Comunicação e Divulg. Mandato,MARKETING ON SOFTWARE E PUBLICIDADE LTDA,45.565.661/0001-00,6662.5,6121.63
2026,1,IRMÃO LÉO,Despesas com Consultória Jurídica,DAMASCENO & ROCHA ADV ASSOCIADOS,17.886.840/0001-04,6094.25,27.3799999999992
2026,1,JÂNIO HENRIQUE,Vale Combustível ( Gab 24 ),PRIME LTDA,05.340.639/0001-30,7850.0,19288.13
2026,1,JÂNIO HENRIQUE,Vale Alimentação,PLUXEE BENEFÍCIOS BRASIL,69.034.668/0001-56,5400.0,13888.13
2026,1,JÂNIO HENRIQUE,Vale Restaurante,PLUXEE BENEFÍCIOS BRASIL,69.034.668/0001-56,2700.0,11188.13
2026,1,JÂNIO HENRIQUE,Passcard´s Eletrônicos,SINDIÔNIBUS,07.341.423/0001-14,0.0,11188.13
2026,1,JÂNIO HENRIQUE,Despesas com Serviço Gráfico,GRÁFICA PRINTCOLOR,02.824.298/0001-80,4493.58,6694.55
2026,1,JÂNIO HENRIQUE,Despesas com Comunicação e Divulgação de Mandato,MARKETING ON SOFTWARE E PUB. LTDA,45.565.661/0001-00,6662.5,32.0499999999993
2026,1,JORGE PINHEIRO,Vale Combustível ( Gab 36 ),PRIME LTDA,05.340.639/0001-30,5100.0,22038.13
2026,1,JORGE PINHEIRO,Vale Alimentação,PLUXEE BENEFÍCIOS BRASIL,69.034.668/0001-56,5427.0,16611.13
2026,1,JORGE PINHEIRO,Vale Restaurante,PLUXEE BENEFÍCIOS BRASIL,69.034.668/0001-56,2713.0,13898.13
2026,1,JORGE PINHEIRO,Passcard´s Eletrônicos,SINDIÔNIBUS,07.341.423/0001-14,297.0,13601.13
2026,1,JORGE PINHEIRO,Despesas com Telefonia Móvel,TELEFÔNICA BRASIL S.A,02.558.157/0001/62,151.91,13449.22
2026,1,JORGE PINHEIRO,Despesas com Comun. Divulg. Mandato,RM CEARÁ NOTICIAS LTDA,02.323.168/0001-63,975.0,12474.22
2026,1,JORGE PINHEIRO,Despesas co Serviços de Cartas,ECT-EMP.BRAS.CORREIOS,63.557.474/0001-59,5305.8,7168.42
2026,1,JULIERME SENA,Vale Combustível ( Gab 21 ),PRIME LTDA,05.340.639/0001-30,7100.0,20038.13
2026,1,JULIERME SENA,Vale Alimentação,PLUXEE BENEFÍCIOS BRASIL,69.034.668/0001-56,5427.62,14610.51
2026,1,JULIERME SENA,Vale Restaurante,PLUXEE BENEFÍCIOS BRASIL,69.034.668/0001-56,2700.0,11910.51
2026,1,JULIERME SENA,Passcard´s Eletrônicos,SINDIÔNIBUS,07.341.423/0001-14,1350.0,10560.51
2026,1,JULIERME SENA,Despesas com Serviço Gráfico,GRÁFICA RONDA LTDA,07.651.0003/0001-34,5503.04,5057.47
2026,1,JULIERME SENA,Despesas com Locação de Veículo,CASABLANCA RENT A CAR,03.977.401/0001-94,5050.0,7.47000000000025
2026,1,LÉO COUTO,Vale Combustível ( Gab 20 ),PRIME LTDA,05.340.639/0001-30,5100.0,22038.13
2026,1,LÉO COUTO,Vale Alimentação,PLUXEE BENEFÍCIOS BRASIL,69.034.668/0001-56,3000.0,19038.13
2026,1,LÉO COUTO,Vale Restaurante,PLUXEE BENEFÍCIOS BRASIL,69.034.668/0001-56,2360.0,16678.13
2026,1,LÉO COUTO,Passcard´s Eletrônicos,SINDIÔNIBUS,07.341.423/0001-14,0.0,16678.13
2026,1,LÉO COUTO,Despesas com Consultória Jurídica,BARBOSA E MORAES SOC-ADV,38.028.070/0001-20,5773.5,10904.63
2026,1,LÉO COUTO,Despesas com Locação de Veículo,CASABLANCA RENT A CAR,03.977.401/0001-94,10850.0,54.630000000001
2026,1,LUCIANO GIRÃO,Vale Combustível ( GAB 15 ),PRIME LTDA,05.340.639/0001-30,4000.0,23138.13
2026,1,LUCIANO GIRÃO,Vale Alimentação,PLUXEE BENEFÍCIOS BRASIL,69.034.668/0001-56,4420.0,18718.13
2026,1,LUCIANO GIRÃO,Vale Restaurante,PLUXEE BENEFÍCIOS BRASIL,69.034.668/0001-56,2713.0,16005.13
2026,1,LUCIANO GIRÃO,Passcard´s Eletrônicos,SINDIÔNIBUS,07.341.423/0001-14,180.0,15825.13
2026,1,LUCIANO GIRÃO,Despesas com Telefonia Móvel,TELEFÔNICA BRASIL S.A,02.558.157/0001/62,0.0,15825.13
2026,1,LUCIANO GIRÃO,Despesas com  Telefonia Móvel,CLARO S.A,40.432.544/0001/47,57.02,15768.11
2026,1,LUCIANO GIRÃO,Despesas com Locação de Veículo,CASABLANCA RENT A CAR,03.977.401/0001-94,9135.0,6633.11
2026,1,LUCIANO GIRÃO,Despesas com Locação de Veículo,CASABLANCA RENT A CAR,03.977.401/0001-94,1715.0,4918.11
2026,1,LUCIANO GIRÃO,Despesas com Comun. Divulg. Mandato,MARKETING ON LTDA,45.565.661/0001-00,3575.0,1343.11
2026,1,LUIZ SÉRGIO,Vale Combustível ( Gab 07 ),PRIME LTDA,05.340.639/0001-30,3500.0,23638.13
2026,1,LUIZ SÉRGIO,Vale Alimentação,PLUXEE BENEFÍCIOS BRASIL,69.034.668/0001-56,3858.0,19780.13
2026,1,LUIZ SÉRGIO,Vale Restaurante,PLUXEE BENEFÍCIOS BRASIL,69.034.668/0001-56,2712.0,17068.13
2026,1,LUIZ SÉRGIO,Passcard´s Eletrônicos,SINDIÔNIBUS,07.341.423/0001-14,0.0,17068.13
2026,1,LUIZ SÉRGIO,Despesas com Serviço Gráfico,GRÁFICA MS SOLUÇÕES LDA,43.377.752/0001-89,6756.51,10311.62
2026,1,LUIZ SÉRGIO,Despesas com Consultória Jurídica,MATHEUS FERREIRA-SOC.IND.ADV,56.638.251/0001-50,6735.75,3575.87
2026,1,LUIZ SÉRGIO,Despesas com Comunicação e Divulg. Mandato,PRM-COM.GESTÃO EMP.LTDA,37.842.306/0001-03,3575.0,0.8700000000008
2026,1,MARCEL COLARES,Vale Combustível ( Gab 10 ),PRIME LTDA,05.340.639/0001-30,6250.0,20888.13
2026,1,MARCEL COLARES,Vale Alimentação,PLUXEE BENEFÍCIOS BRASIL,69.034.668/0001-56,5400.0,15488.13
2026,1,MARCEL COLARES,Vale Restaurante,PLUXEE BENEFÍCIOS BRASIL,69.034.668/0001-56,1600.0,13888.13
2026,1,MARCEL COLARES,Passcard´s Eletrônicos,SINDIÔNIBUS,07.341.423/0001-14,225.0,13663.13
2026,1,MARCEL COLARES,Despesas com Serviço Gráfico,GRÁFICA ESTRELA,07.097.989/0001-42,2810.06,10853.07
2026,1,MARCEL COLARES,Despesas com Locação de Veículo,CASABLANCA RENT A CAR,03.977.401/0001-94,10850.0,3.06999999999971
2026,1,MARCELO MENDES,Vale Combustível ( Gab 12 ),PRIME LTDA,05.340.639/0001-30,7800.0,19338.13
2026,1,MARCELO MENDES,Vale Alimentação,PLUXEE BENEFÍCIOS BRASIL,69.034.668/0001-56,5410.0,13928.13
2026,1,MARCELO MENDES,Vale Restaurante,PLUXEE BENEFÍCIOS BRASIL,69.034.668/0001-56,2713.8,11214.33
2026,1,MARCELO MENDES,Passcard´s Eletrônicos Metropolitano,SINDIÔNIBUS,07.341.423/0001-14,238.0,10976.33
2026,1,MARCELO MENDES,Passcard´s Eletrônicos Urbano,SINDIÔNIBUS,07.341.423/0001-14,360.0,10616.33
2026,1,MARCELO MENDES,Despesas com Locação de Veículo,CASABLANCA RENT A CAR,03.977.401/0001-94,10600.0,16.3299999999999
2026,1,MARCELO TCHELA,Vale Combustível ( Gab 03 ),PRIME LTDA,05.340.639/0001-30,7792.0,19346.13
2026,1,MARCELO TCHELA,Vale Alimentação,PLUXEE BENEFÍCIOS BRASIL,69.034.668/0001-56,5420.0,13926.13
2026,1,MARCELO TCHELA,Vale Restaurante,PLUXEE BENEFÍCIOS BRASIL,69.034.668/0001-56,2710.0,11216.13
2026,1,MARCELO TCHELA,Passcard´s Eletrônicos,SINDIÔNIBUS,07.341.423/0001-14,540.0,10676.13
2026,1,MARCELO TCHELA,Despesas com Serviço Gráfico,GRÁFICA  PRINTCOLOR,02.824.298/0001-80,5573.29,5102.84
2026,1,MARCELO TCHELA,Despesas com Locação de Veículo,CASABLANCA RENT A CAR,06.621.791/0001-53,5040.0,62.8399999999992
2026,1,MARCOS PAULO,Vale Combustível ( Gab 05 ),PRIME LTDA,05.340.639/0001-30,7500.0,19638.13
2026,1,MARCOS PAULO,Vale Alimentação,PLUXEE BENEFÍCIOS BRASIL,69.034.668/0001-56,4427.63,15210.5
2026,1,MARCOS PAULO,Vale Restaurante,PLUXEE BENEFÍCIOS BRASIL,69.034.668/0001-56,2713.0,12497.5
2026,1,MARCOS PAULO,Passcard´s Eletrônicos,SINDIÔNIBUS,07.341.423/0001-14,0.0,12497.5
2026,1,MARCOS PAULO,Despesas com Serviço Gráfico,GRÁFICA MS SOLUÇÕES LTDA,43.377.752/0001-89,6775.35,5722.15
2026,1,MARCOS PAULO,Despesas com Locação de Veículo,CASABLANCA RENT A CAR,03.977.401/0001-94,5720.0,2.14999999999964
2026,1,MARI LACERDA,Vale Combustível ( Gab 33 ),PRIME LTDA,05.340.639/0001-30,4464.0,22674.13
2026,1,MARI LACERDA,Vale Alimentação,PLUXEE BENEFÍCIOS BRASIL,69.034.668/0001-56,4800.0,17874.13
2026,1,MARI LACERDA,Vale Restaurante,PLUXEE BENEFÍCIOS BRASIL,69.034.668/0001-56,2500.0,15374.13
2026,1,MARI LACERDA,Passcard´s Eletrônicos,SINDIÔNIBUS,07.341.423/0001-14,504.0,14870.13
2026,1,MARI LACERDA,Despesas com  Telefonia Móvel,CLARO S.A,40.432.544/0001/47,1539.1,13331.03
2026,1,MARI LACERDA,Despesas com Locação de Veículo,CASABLANCA RENT A CAR,03.977.401/0001-94,5145.0,8186.03
2026,1,MARI LACERDA,Despesas com Locação de Ônibus,CASABLANCA RENT A CAR,03.977.401/0001-94,2005.0,6181.03
2026,1,MARI LACERDA,Despesas com Passagem aérea,R MORAES AGENCIA DE TURISMO,06.955.770/0001-74,1924.96,4256.07
2026,1,MARI LACERDA,Despesas com Serviço Gráfico,GRÁFICA PRINTCOLOR,02.824.298/0001-80,3998.14,257.929999999999
2026,1,NILO DANTAS,Vale Combustível ( Gab 13 ),PRIME LTDA,05.340.639/0001-30,0.0,27138.13
2026,1,NILO DANTAS,Vale Alimentação,PLUXEE BENEFÍCIOS BRASIL,69.034.668/0001-56,4720.0,22418.13
2026,1,NILO DANTAS,Vale Restaurante,PLUXEE BENEFÍCIOS BRASIL,69.034.668/0001-56,2360.0,20058.13
2026,1,NILO DANTAS,Passcard´s Eletrônicos,SINDIÔNIBUS,07.341.423/0001-14,360.0,19698.13
2026,1,NILO DANTAS,Despesas com Comunicação e Divulgação de Mandato,MARKETING ON SOFTWARE E PUB. LTDA,45.565.661/0001-00,6662.5,13035.63
2026,1,NILO DANTAS,Despesas com Serviço Gráfico,GRÁFICA RDS,02.265.186/0001-36,2174.93,10860.7
2026,1,NILO DANTAS,Despesas com Locação de Veículo,CASABLANCA RENT A CAR,03.977.401/0001-94,10850.0,10.7000000000007
2026,1,PAULO MARTINS,Vale Combustível ( Gab 37 ),PRIME LTDA,05.340.639/0001-30,7850.0,19288.13
2026,1,PAULO MARTINS,Vale Alimentação,PLUXEE BENEFÍCIOS BRASIL,69.034.668/0001-56,5420.0,13868.13
2026,1,PAULO MARTINS,Vale Restaurante,PLUXEE BENEFÍCIOS BRASIL,69.034.668/0001-56,2713.0,11155.13
2026,1,PAULO MARTINS,Passcard´s Eletrônicos,SINDIÔNIBUS,07.341.423/0001-14,1836.0,9319.13
2026,1,PAULO MARTINS,Despesas com Telefonia Móvel,TELEFÔNICA BRASIL S.A,02.558.157/0001/62,151.91,9167.22
2026,1,PAULO MARTINS,Despesas com  Telefonia Móvel,CLARO S.A,40.432.544/0001/47,43.68,9123.54
2026,1,PAULO MARTINS,Despesas com Locação de Veículo,CASABLANCA RENT A CAR,03.977.401/0001-94,5050.0,4073.54
2026,1,PAULO MARTINS,Despesas com Locação de Veículo,CASABLANCA RENT A CAR,03.977.401/0001-94,4000.0,73.5399999999991
2026,1,PPCELL,Vale Combustível ( Gab 25 ),PRIME LTDA,05.340.639/0001-30,7870.0,19268.13
2026,1,PPCELL,Vale Alimentação,PLUXEE BENEFÍCIOS BRASIL,69.034.668/0001-56,5427.0,13841.13
2026,1,PPCELL,Vale Restaurante,PLUXEE BENEFÍCIOS BRASIL,69.034.668/0001-56,2713.0,11128.13
2026,1,PPCELL,Passcard´s Eletrônicos,SINDIÔNIBUS,07.341.423/0001-14,0.0,11128.13
2026,1,PPCELL,Despesas com Serviço Gráfico,GRÁFICA RDS,02.265.186/0001-36,4413.96,6714.17
2026,1,PPCELL,Despesas com Locação de Veículo,CASABLANCA RENT A CAR,03.977.401/0001-94,6510.0,204.169999999999
2026,1,PRISCILA COSTA,Vale Combustível ( Gab 19 ),PRIME LTDA,05.340.639/0001-30,5190.0,21948.13
2026,1,PRISCILA COSTA,Vale Alimentação,PLUXEE BENEFÍCIOS BRASIL,69.034.668/0001-56,4720.0,17228.13
2026,1,PRISCILA COSTA,Vale Restaurante,PLUXEE BENEFÍCIOS BRASIL,69.034.668/0001-56,2360.0,14868.13
2026,1,PRISCILA COSTA,Passcard´s Eletrônicos,SINDIÔNIBUS,07.341.423/0001-14,0.0,14868.13
2026,1,PRISCILA COSTA,Desp.com Comunicação e Divulg. de Mandato,PRM Comunic.Gestão Emp. ltda,37.842.306/0001-03,6500.0,8368.13
2026,1,PRISCILA COSTA,Despesas com Consultória Jurídica,BARBOSA E MORAES SOC-ADV,38.028.070/0001-20,5132.0,3236.13
2026,1,PROF. AGUIAR TOBA,Vale Combustível ( Gab 17 ),PRIME LTDA,05.340.639/0001-30,7870.05,19268.08
2026,1,PROF. AGUIAR TOBA,Vale Alimentação,PLUXEE BENEFÍCIOS BRASIL,69.034.668/0001-56,5427.62,13840.46
2026,1,PROF. AGUIAR TOBA,Vale Restaurante,PLUXEE BENEFÍCIOS BRASIL,69.034.668/0001-56,2713.8,11126.66
2026,1,PROF. AGUIAR TOBA,Passcard´s Eletrônicos,SINDIÔNIBUS,07.341.423/0001-14,0.0,11126.66
2026,1,PROF. AGUIAR TOBA,Despesas com Comunicação e Divulgação de Mandato,MARKETING ON SOFTWARE E PUB. LTDA,45.565.661/0001-00,6662.5,4464.16
2026,1,PROF. AGUIAR TOBA,Despesas com Serviço Gráfico,GRÁFICA MS SOLUÇÕES LTDA,43.377.752/0001-89,4427.5,36.6599999999999
2026,1,PROFESSOR ENILSON,Vale Combustível ( Gab 09 ),PRIME LTDA,05.340.639/0001-30,7592.0,19546.13
2026,1,PROFESSOR ENILSON,Vale Alimentação,PLUXEE BENEFÍCIOS BRASIL,69.034.668/0001-56,5420.0,14126.13
2026,1,PROFESSOR ENILSON,Vale Restaurante,PLUXEE BENEFÍCIOS BRASIL,69.034.668/0001-56,2360.0,11766.13
2026,1,PROFESSOR ENILSON,Passcard´s Eletrônicos,SINDIÔNIBUS,07.341.423/0001-14,0.0,11766.13
2026,1,PROFESSOR ENILSON,Despesas com Serviço Gráfico,GRÁFICA MS SOLUÇÕES LDA,43.377.752/0001-89,6657.35,5108.78
2026,1,PROFESSOR ENILSON,Despesas com Comunicação e Divulg.Mandato,AGÊNCIA PIC MKT LTDA,32.075.292/0001-18,4998.5,110.279999999999
2026,1,RAIMUNDO FILHO,Vale Combustível ( Gab 11 ),PRIME LTDA,05.340.639/0001-30,7044.0,20094.13
2026,1,RAIMUNDO FILHO,Vale Alimentação,PLUXEE BENEFÍCIOS BRASIL,69.034.668/0001-56,5400.0,14694.13
2026,1,RAIMUNDO FILHO,Vale Restaurante,PLUXEE BENEFÍCIOS BRASIL,69.034.668/0001-56,2360.0,12334.13
2026,1,RAIMUNDO FILHO,Passcard´s Eletrônicos,SINDIÔNIBUS,07.341.423/0001-14,0.0,12334.13
2026,1,RAIMUNDO FILHO,Despesas com Serviço Gráfico,GRÁFICA MS SOLUÇÕES LDA,43.377.752/0001-89,5653.98,6680.15
2026,1,RAIMUNDO FILHO,Despesas com Locação de Veículo,CASABLANCA RENT A CAR,03.977.401/0001-94,6640.0,40.1499999999996
2026,1,RENÉ PESSOA,Vale Combustível ( Gab 22 ),PRIME LTDA,05.340.639/0001-30,7870.05,19268.08
2026,1,RENÉ PESSOA,Vale Alimentação,PLUXEE BENEFÍCIOS BRASIL,69.034.668/0001-56,5427.62,13840.46
2026,1,RENÉ PESSOA,Vale Restaurante,PLUXEE BENEFÍCIOS BRASIL,69.034.668/0001-56,2713.81,11126.65
2026,1,RENÉ PESSOA,Passcard´s Eletrônicos,SINDIÔNIBUS,07.341.423/0001-14,414.0,10712.65
2026,1,RENÉ PESSOA,Despesas com Serviço Gráfico,GRÁFICA PRINTCOLOR,02.824.298/0001-80,4852.43,5860.22
2026,1,RENÉ PESSOA,Despesas com Locação de Veículo,CASABLANCA RENT A CAR,03.977.401/0001-94,5860.0,0.219999999999345
2026,1,RONALDO MARTINS,Vale Combustível ( Gab 32 ),PRIME LTDA,05.340.639/0001-30,7692.0,19446.13
2026,1,RONALDO MARTINS,Vale Alimentação,PLUXEE BENEFÍCIOS BRASIL,69.034.668/0001-56,5420.0,14026.13
2026,1,RONALDO MARTINS,Vale Restaurante,PLUXEE BENEFÍCIOS BRASIL,69.034.668/0001-56,2713.0,11313.13
2026,1,RONALDO MARTINS,Passcard´s Eletrônicos,SINDIÔNIBUS,07.341.423/0001-14,1872.0,9441.13
2026,1,RONALDO MARTINS,Despesas com locação de veículo,CASABLANCA RENT A CAR,03.977.401/0001-94,9440.0,1.1299999999992
2026,1,SOLDADO NOÉLIO,Vale Combustível ( Gab 31 ),PRIME LTDA,05.340.639/0001-30,5000.0,22138.13
2026,1,SOLDADO NOÉLIO,Vale Alimentação,PLUXEE BENEFÍCIOS BRASIL,69.034.668/0001-56,5400.0,16738.13
2026,1,SOLDADO NOÉLIO,Vale Restaurante,PLUXEE BENEFÍCIOS BRASIL,69.034.668/0001-56,0.0,16738.13
2026,1,SOLDADO NOÉLIO,Passcard´s Eletrônicos,SINDIÔNIBUS,07.341.423/0001-14,0.0,16738.13
2026,1,SOLDADO NOÉLIO,Despesas com Serviço Gráfico,GRÁFICA MS SOLUÇÕES LDA,43.377.752/0001-89,3454.04,13284.09
2026,1,SOLDADO NOÉLIO,Despesas com Consultória Jurídica,MATHEUS FERREIRA-SOC.IND. DE ADV,56.638.251/0001-50,6735.75,6548.34
2026,1,SOLDADO NOÉLIO,Despesas com Comunicação e Divulg. Mandato,PRM-COM.GESTÃO EMP. LTDA,37.842.306/0001-03,6500.0,48.3400000000002
2026,1,TIA FRANCISCA,Vale Combustível ( Gab 35 ),PRIME LTDA,05.340.639/0001-30,6500.0,20638.13
2026,1,TIA FRANCISCA,Vale Alimentação,PLUXEE BENEFÍCIOS BRASIL,69.034.668/0001-56,5400.0,15238.13
2026,1,TIA FRANCISCA,Vale Restaurante,PLUXEE BENEFÍCIOS BRASIL,69.034.668/0001-56,2713.0,12525.13
2026,1,TIA FRANCISCA,Passcard´s Eletrônicos,SINDIÔNIBUS,07.341.423/0001-14,247.5,12277.63
2026,1,TIA FRANCISCA,Despesas com Consultoria Jurídica,ANTÔNIO ALBUQUERQUE-ADV,47.730.644/0001-07,5491.25,6786.38
2026,1,TIA FRANCISCA,Despesas com Comunicação e Divulgação de Mandato,MARKETING ON SOFTWARE E PUB. LTDA,45.565.661/0001-00,6662.5,123.879999999999
2026,1,TONY BRITO,Vale Combustível ( Gab 26 ),PRIME LTDA,05.340.639/0001-30,7100.0,20038.13
2026,1,TONY BRITO,Vale Alimentação,PLUXEE BENEFÍCIOS BRASIL,69.034.668/0001-56,5000.0,15038.13
2026,1,TONY BRITO,Vale Restaurante,PLUXEE BENEFÍCIOS BRASIL,69.034.668/0001-56,2500.0,12538.13
2026,1,TONY BRITO,Passcard´s Eletrônicos,SINDIÔNIBUS,07.341.423/0001-14,0.0,12538.13
2026,1,TONY BRITO,Despesas com Comunicação e Divulgação de Mandato,PRM COMUNIC. GESTÃO EMPRES. LTDA,37.842.306/0001-03,5525.0,7013.13
2026,1,TONY BRITO,Despesas com Locação de Veículo,CASABLANCA RENT A CAR,06.621.791/0001-53,7000.0,13.1299999999992
2026,1,WANDER ALENCAR,Vale Combustível ( Gab 34 ),PRIME LTDA,05.340.639/0001-30,7870.05,19268.08
2026,1,WANDER ALENCAR,Vale Alimentação,PLUXEE BENEFÍCIOS BRASIL,69.034.668/0001-56,5427.62,13840.46
2026,1,WANDER ALENCAR,Vale Restaurante,PLUXEE BENEFÍCIOS BRASIL,69.034.668/0001-56,0.0,13840.46
2026,1,WANDER ALENCAR,Passcard´s Eletrônicos,SINDIÔNIBUS,07.341.423/0001-14,0.0,13840.46
2026,1,WANDER ALENCAR,Despesas com Serviço Gráfico,GRÁFICA MS SOLUÇÕES LDA,43.377.752/0001-89,6775.35,7065.11
2026,1,WANDER ALENCAR,Despesas com Locação de Veículo,CASABLANCA RENT A CAR,06.621.791/0001-53,3400.0,3665.11
2026,1,WANDER ALENCAR,Despesas com Locação de Veículo,CASABLANCA RENT A CAR,06.621.791/0001-53,3600.0,65.1099999999988
2026,2,ADAIL JR,Vale Combustível  ( Gab 06 ),PRIME LTDA,05.340.639/0001-30,7870.0,19277.26
2026,2,ADAIL JR,Vale Alimentação,PLUXEE BENEFÍCIOS BRASIL,69.034.668/0001-56,5427.0,13850.26
2026,2,ADAIL JR,Vale Restaurante,PLUXEE BENEFÍCIOS BRASIL,69.034.668/0001-56,2713.0,11137.26
2026,2,ADAIL JR,Passcard´s Eletrônicos,SINDIÔNIBUS,07.341.423/0001-14,0.0,11137.26
2026,2,ADAIL JR,Despesas com Consultória Jurídica,THIAGO MONTEZUMA-ADV ASSOCIADOS,59.861.314/0001-21,6699.0,4438.26
2026,2,ADAIL JR,Despesas com Locação de Veículo,CASABLANCA RENT A CAR,03.977.401/0001-94,4430.0,8.26000000000022
2026,2,ADRIANA ALMEIDA,Vale Combustível ( Gab 08 ),PRIME LTDA,05.340.639/0001-30,4100.0,23098.94
2026,2,ADRIANA ALMEIDA,Vale Alimentação,PLUXEE BENEFÍCIOS BRASIL,69.034.668/0001-56,4000.0,19098.94
2026,2,ADRIANA ALMEIDA,Vale Restaurante,PLUXEE BENEFÍCIOS BRASIL,69.034.668/0001-56,2300.0,16798.94
2026,2,ADRIANA ALMEIDA,Passcard´s Eletrônicos,SINDIÔNIBUS,07.341.423/0001-14,1090.8,15708.14
2026,2,ADRIANA ALMEIDA,Despesas com Consultoria Jurídica,BRUNO DE SOUSA-ADV,47.771.413/0001-33,4490.5,11217.64
2026,2,ADRIANA ALMEIDA,Despesas com Serviço Gráfico,GRÁFICA PRINTCOLOR,02.824.298/0001-80,6780.4,4437.24
2026,2,ADRIANA ALMEIDA,Despesas com Locação de Veículo,CASABLANCA RENT A CAR,03.977.401/0001-94,4430.0,7.23999999999978
2026,2,ADRIANA GERÔNIMO,Vale Combustível ( Gab 30 ),PRIME LTDA,05.340.639/0001-30,7729.0,21873.44
2026,2,ADRIANA GERÔNIMO,Vale Alimentação,PLUXEE BENEFÍCIOS BRASIL,69.034.668/0001-56,5427.62,16445.82
2026,2,ADRIANA GERÔNIMO,Vale Restaurante,PLUXEE BENEFÍCIOS BRASIL,69.034.668/0001-56,2713.81,13732.01
2026,2,ADRIANA GERÔNIMO,Passcard´s Eletrônicos,SINDIÔNIBUS,07.341.423/0001-14,1587.6,12144.41
2026,2,ADRIANA GERÔNIMO,Despesas com Telefonia Móvel,TELEFÔNICA BRASIL S.A,02.558.157/0001/62,17.73,12126.68
2026,2,ADRIANA GERÔNIMO,Despesas com  Telefonia Móvel,TIM S.A,02.421421/0001-11,62.9,12063.78
2026,2,ADRIANA GERÔNIMO,Despesas com Consultória Jurídica,BRUNO SOUSA – ADV,47.771.413/0001-33,4490.5,7573.28
2026,2,ADRIANA GERÔNIMO,Despesas com serviço Gráfico,GRÁFICA MOTOGRÁFICA,10.670.251/0001-37,6538.0,1035.28
2026,2,AGAYLSON,Vale Combustível ( Gab 18 ),PRIME LTDA,05.340.639/0001-30,7600.0,21026.26
2026,2,AGAYLSON,Vale Alimentação,PLUXEE BENEFÍCIOS BRASIL,69.034.668/0001-56,4500.0,16526.26
2026,2,AGAYLSON,Vale Restaurante,PLUXEE BENEFÍCIOS BRASIL,69.034.668/0001-56,2700.0,13826.26
2026,2,AGAYLSON,Passcard´s Eletrônicos,SINDIÔNIBUS,07.341.423/0001-14,0.0,13826.26
2026,2,AGAYLSON,Despesas com Locação de Veículo,CASABLANCA RENT A CAR,03.977.401/0001-94,10850.0,2976.26
2026,2,ANA ARACAPÉ,Vale Combustível ( GAB 02 ),PRIME LTDA,05.340.639/0001-30,4170.06,23010.15
2026,2,ANA ARACAPÉ,Vale Alimentação,PLUXEE BENEFÍCIOS BRASIL,69.034.668/0001-56,5070.0,17940.15
2026,2,ANA ARACAPÉ,Vale Restaurante,PLUXEE BENEFÍCIOS BRASIL,69.034.668/0001-56,2713.0,15227.15
2026,2,ANA ARACAPÉ,Passcard´s Eletrônicos,SINDIÔNIBUS,07.341.423/0001-14,334.8,14892.35
2026,2,ANA ARACAPÉ,Despesas com Serviço Gráfico,MS SOLUÇÕES GRÁFICA,43.377.752/0001-89,5314.74,9577.61
2026,2,ANA ARACAPÉ,Despesas com Comun. Divulg. Mandato,MARKETING ON LTDA,45.565.661/0001-00,6662.5,2915.11
2026,2,ANA ARACAPÉ,Despesas com Consultoria Jurídica,FABIANO GIOVANI – ADV,29.941.589/0001-04,2886.75,28.3600000000006
2026,2,BELLA CARMELO,Vale Combustível ( Gab 42 ),PRIME LTDA,05.340.639/0001-30,3500.0,25043.06
2026,2,BELLA CARMELO,Vale Alimentação,PLUXEE BENEFÍCIOS BRASIL,69.034.668/0001-56,2300.0,22743.06
2026,2,BELLA CARMELO,Vale Restaurante,PLUXEE BENEFÍCIOS BRASIL,69.034.668/0001-56,2000.0,20743.06
2026,2,BELLA CARMELO,Passcard´s Eletrônicos,SINDIÔNIBUS,07.341.423/0001-14,0.0,20743.06
2026,2,BELLA CARMELO,Despesas com Telefonia Móvel,CLARO S.A,40.432.544/0001-47,595.44,20147.62
2026,2,BELLA CARMELO,Despesas com Locação de Veículo,CASABLANCA RENT A CAR,03.977.401/0001-94,10850.0,9297.62
2026,2,BENIGNO JR,Vale Combustível ( Gab 23 ),PRIME LTDA,05.340.639/0001-30,7500.0,20957.91
2026,2,BENIGNO JR,Vale Alimentação,PLUXEE BENEFÍCIOS BRASIL,69.034.668/0001-56,5400.0,15557.91
2026,2,BENIGNO JR,Vale Restaurante,PLUXEE BENEFÍCIOS BRASIL,69.034.668/0001-56,2700.0,12857.91
2026,2,BENIGNO JR,Passcard´s Eletrônicos,SINDIÔNIBUS,07.341.423/0001-14,0.0,12857.91
2026,2,BENIGNO JR,Despesas com Telefonia Móvel,TELEFÔNICA BRASIL S.A,02.558.157/0001/62,738.48,12119.43
2026,2,BENIGNO JR,Despesas com Serviço Gráfico,GRÁFICA COPY JET DIGITAL,32.656.125/0001-60,4575.95,7543.48
2026,2,BENIGNO JR,Despesas com Comunicação e Divulg.Mandato,SPACE PRODUÇÕES LTDA,25.527.153/0001-12,975.0,6568.48
2026,2,BENIGNO JR,Despesas com Locação de Veículo,CASABLANCA RENT A CAR,03.977.401/0001-94,6090.0,478.480000000001
2026,2,BRUNO MESQUITA,Vale Combustível ( Gab 01 ),PRIME LTDA,05.340.639/0001-30,7844.0,19691.02
2026,2,BRUNO MESQUITA,Vale Alimentação,PLUXEE BENEFÍCIOS BRASIL,69.034.668/0001-56,5420.0,14271.02
2026,2,BRUNO MESQUITA,Vale Restaurante,PLUXEE BENEFÍCIOS BRASIL,69.034.668/0001-56,2710.0,11561.02
2026,2,BRUNO MESQUITA,Passcard´s Eletrônicos,SINDIÔNIBUS,07.341.423/0001-14,270.0,11291.02
2026,2,BRUNO MESQUITA,Despesas com Serviço Gráfico,GRÁFICA RDS,02.265.186/0001-36,5183.37,6107.65
2026,2,BRUNO MESQUITA,Despesas com Locação de Veículo,CASABLANCA RENT A CAR,03.977.401/0001-94,5670.0,437.650000000001
2026,2,CHIQUINHO DOS CARNEIROS,Vale Combustível ( Gab 28 ),PRIME LTDA,05.340.639/0001-30,7870.0,19397.91
2026,2,CHIQUINHO DOS CARNEIROS,Vale Alimentação,PLUXEE BENEFÍCIOS BRASIL,69.034.668/0001-56,5426.0,13971.91
2026,2,CHIQUINHO DOS CARNEIROS,Vale Restaurante,PLUXEE BENEFÍCIOS BRASIL,69.034.668/0001-56,2712.0,11259.91
2026,2,CHIQUINHO DOS CARNEIROS,Passcard´s Eletrônicos,SINDIÔNIBUS,07.341.423/0001-14,0.0,11259.91
2026,2,CHIQUINHO DOS CARNEIROS,Despesas com Serviço Gráfico,GRÁFICA MS SOLUÇÕES LDA,43.377.752/0001-89,4225.0,7034.91
2026,2,CHIQUINHO DOS CARNEIROS,Despesas com Comunicação e Divulg.Mandato,MARKETING ON SOFTWARE E PUB. LTDA,45.565.661/0001-00,6775.35,259.559999999999
2026,2,CLAÚDIO LIMA,Vale Combustível ( Gab 04 ),PRIME LTDA,05.340.639/0001-30,7800.0,19423.26
2026,2,CLAÚDIO LIMA,Vale Alimentação,PLUXEE BENEFÍCIOS BRASIL,69.034.668/0001-56,5400.0,14023.26
2026,2,CLAÚDIO LIMA,Vale Restaurante,PLUXEE BENEFÍCIOS BRASIL,69.034.668/0001-56,2700.0,11323.26
2026,2,CLAÚDIO LIMA,Passcard´s Eletrônicos,SINDIÔNIBUS,07.341.423/0001-14,0.0,11323.26
2026,2,CLAÚDIO LIMA,Despesas com  Telefonia Móvel,TELEFÔNICA BRASIL S.A,02.558.157/0001/62,0.0,11323.26
2026,2,CLAÚDIO LIMA,Despesas com Comunicação e Divulgação de Mandato,R e K PRODUCÕES E ASSESORIA LTDA,16.880.815/0001-42,6662.5,4660.76
2026,2,CLAÚDIO LIMA,Despesas com Consultória Jurídica,CARVALHO & SANTOS ADV,34.636.322/0001-43,4490.5,170.26
2026,2,CÔNSUL DO POVO,Vale Combustível ( Gab 29 ),PRIME LTDA,05.340.639/0001-30,4127.0,23011.13
2026,2,CÔNSUL DO POVO,Vale Alimentação,PLUXEE BENEFÍCIOS BRASIL,69.034.668/0001-56,5427.0,17584.13
2026,2,CÔNSUL DO POVO,Vale Restaurante,PLUXEE BENEFÍCIOS BRASIL,69.034.668/0001-56,0.0,17584.13
2026,2,CÔNSUL DO POVO,Passcard´s Eletrônicos,SINDIÔNIBUS,07.341.423/0001-14,0.0,17584.13
2026,2,CÔNSUL DO POVO,Despesas com Serviço Gráfico,GRÁFICA MS SOLUÇÕES LTDA,43.377.752/0001-89,1791.42,15792.71
2026,2,CÔNSUL DO POVO,Despesas com Consultória Jurídica,AGUIAR -ADV. ASSOCIADOS,09.403.820/0001-07,4811.25,10981.46
2026,2,CÔNSUL DO POVO,Despesas com Locação de Veículo,CASABLANCA RENT A CAR,03.977.401/0001-94,10800.0,181.460000000001
2026,2,DAYANNE COSTA,Vale Combustível ( Gab 14 ),PRIME LTDA,05.340.639/0001-30,7870.05,19278.86
2026,2,DAYANNE COSTA,Vale Alimentação,PLUXEE BENEFÍCIOS BRASIL,69.034.668/0001-56,5427.59,13851.27
2026,2,DAYANNE COSTA,Vale Restaurante,PLUXEE BENEFÍCIOS BRASIL,69.034.668/0001-56,2676.35,11174.92
2026,2,DAYANNE COSTA,Passcard´s Eletrônicos,SINDIÔNIBUS,07.341.423/0001-14,259.2,10915.72
2026,2,DAYANNE COSTA,Despesas com  Telefonia Móvel,CLARO S.A,40.432.544/0001/47,89.21,10826.51
2026,2,DAYANNE COSTA,Despesas com Locação de Veículo,CASABLANCA RENT A CAR,03.977.401/0001-94,10820.0,6.51000000000022
2026,2,DR. LUCIANO GIRÃO,Vale Combustível ( GAB 15 ),PRIME LTDA,05.340.639/0001-30,4000.0,24481.24
2026,2,DR. LUCIANO GIRÃO,Vale Alimentação,PLUXEE BENEFÍCIOS BRASIL,69.034.668/0001-56,5420.0,19061.24
2026,2,DR. LUCIANO GIRÃO,Vale Restaurante,PLUXEE BENEFÍCIOS BRASIL,69.034.668/0001-56,2713.0,16348.24
2026,2,DR. LUCIANO GIRÃO,Passcard´s Eletrônicos,SINDIÔNIBUS,07.341.423/0001-14,216.0,16132.24
2026,2,DR. LUCIANO GIRÃO,Despesas com Telefonia Móvel,TELEFÔNICA BRASIL S.A,02.558.157/0001/62,0.0,16132.24
2026,2,DR. LUCIANO GIRÃO,Despesas com  Telefonia Móvel,CLARO S.A,40.432.544/0001/47,58.2,16074.04
2026,2,DR. LUCIANO GIRÃO,Despesas com Locação de Veículo,CASABLANCA RENT A CAR,03.977.401/0001-94,1715.0,14359.04
2026,2,DR. LUCIANO GIRÃO,Despesas com Locação de Veículo,CASABLANCA RENT A CAR,03.977.401/0001-94,9135.0,5224.04
2026,2,DR. LUCIANO GIRÃO,Despesas com Comun. Divulg. Mandato,MARKETING ON LTDA,45.565.661/0001-00,2925.0,2299.04
2026,2,DR. VICENTE,Vale Combustível (GAB 43 ),PRIME LTDA,05.340.639/0001-30,6800.0,20352.15
2026,2,DR. VICENTE,Vale Alimentação,PLUXEE BENEFÍCIOS BRASIL,69.034.668/0001-56,4800.0,15552.15
2026,2,DR. VICENTE,Vale Restaurante,PLUXEE BENEFÍCIOS BRASIL,69.034.668/0001-56,2700.0,12852.15
2026,2,DR. VICENTE,Passcard´s Eletrônicos,SINDIÔNIBUS,07.341.423/0001-14,432.0,12420.15
2026,2,DR. VICENTE,Despesas com  Telefonia Móvel,CLARO S.A,40.432.544/0001/47,809.03,11611.12
2026,2,DR. VICENTE,Despesas com Consultória Jurídica,BRUNO SOUSA – ADV,47.771.413/0001-33,5132.0,6479.12
2026,2,DR. VICENTE,Despesas com Serviço Gráfico,GRÁFICA PRINTCOLOR,02.824.298/0001-80,6472.36,6.75999999999931
2026,2,DUMMAR RIBEIRO,Vale Combustível ( Gab 38 ),PRIME LTDA,05.340.639/0001-30,7000.0,20171.75
2026,2,DUMMAR RIBEIRO,Vale Alimentação,PLUXEE BENEFÍCIOS BRASIL,69.034.668/0001-56,5426.0,14745.75
2026,2,DUMMAR RIBEIRO,Vale Restaurante,PLUXEE BENEFÍCIOS BRASIL,69.034.668/0001-56,2713.0,12032.75
2026,2,DUMMAR RIBEIRO,Passcard´s Eletrônicos,SINDIÔNIBUS,07.341.423/0001-14,0.0,12032.75
2026,2,DUMMAR RIBEIRO,Despesas com Serviço Gráfico,GRÁFICA MS SOLUÇÕES LTDA,43.377.752/0001-89,5465.51,6567.24
2026,2,DUMMAR RIBEIRO,Despesas com Comunicação e Divulgação de Mandato,MARKETING ON SOFTWARE E PUB. LTDA,45.565.661/0001-00,6500.0,67.2399999999998
2026,2,GABRIEL AGUIAR,Vale Combustível ( Gab 41 ),PRIME LTDA,05.340.639/0001-30,6300.0,21856.26
2026,2,GABRIEL AGUIAR,Vale Alimentação,PLUXEE BENEFÍCIOS BRASIL,69.034.668/0001-56,5100.0,16756.26
2026,2,GABRIEL AGUIAR,Vale Restaurante,PLUXEE BENEFÍCIOS BRASIL,69.034.668/0001-56,2400.0,14356.26
2026,2,GABRIEL AGUIAR,Passcard´s Eletrônicos,SINDIÔNIBUS,07.341.423/0001-14,2700.0,11656.26
2026,2,GABRIEL AGUIAR,Despesas com Locação de Veículo,CASABLANCA RENT A CAR,03.977.401/0001-94,5670.0,5986.26
2026,2,GARDEL ROLIM,Vale Combustível ( Gab 27 ),PRIME LTDA,05.340.639/0001-30,7500.0,19643.89
2026,2,GARDEL ROLIM,Vale Alimentação,PLUXEE BENEFÍCIOS BRASIL,69.034.668/0001-56,5400.0,14243.89
2026,2,GARDEL ROLIM,Vale Restaurante,PLUXEE BENEFÍCIOS BRASIL,69.034.668/0001-56,2700.0,11543.89
2026,2,GARDEL ROLIM,Passcard´s Eletrônicos,SINDIÔNIBUS,07.341.423/0001-14,270.0,11273.89
2026,2,GARDEL ROLIM,Despesas com Telefonia Móvel,TELEFÔNICA BRASIL S.A,02.558.157/0001/62,113.93,11159.96
2026,2,GARDEL ROLIM,Despesas com Consultória Jurídica,THIAGO MONTEZUMA-ADV ASSOCIADOS,59.861.314/0001-21,4567.5,6592.46
2026,2,GARDEL ROLIM,Despesas com Locação de Veículo,CASABLANCA RENT A CAR,06.621.791/0001-53,6510.0,82.4599999999991
2026,2,GERMANO HEMAN,Vale Combustível  ( GAB 16 ),PRIME LTDA,05.340.639/0001-30,7870.0,19376.16
2026,2,GERMANO HEMAN,Vale Alimentação,PLUXEE BENEFÍCIOS BRASIL,69.034.668/0001-56,5427.0,13949.16
2026,2,GERMANO HEMAN,Vale Restaurante,PLUXEE BENEFÍCIOS BRASIL,69.034.668/0001-56,2713.81,11235.35
2026,2,GERMANO HEMAN,Passcard´s Eletrônicos,SINDIÔNIBUS,07.341.423/0001-14,0.0,11235.35
2026,2,GERMANO HEMAN,Despesas com Telefonia Móvel,CLARO S.A,40.432.544/0001/47,108.64,11126.71
2026,2,GERMANO HEMAN,Despesas com Telefonia Móvel,TIM S.A,02.421.421/0001-11,62.9,11063.81
2026,2,GERMANO HEMAN,Despesas com Locação de Veículo,CASABLANCA RENT A CAR,03.977.401/0001-94,10850.0,213.810000000001
2026,2,INSPETOR ALBERTO,Vale Combustível ( Gab 39 ),PRIME LTDA,05.340.639/0001-30,7870.0,19280.01
2026,2,INSPETOR ALBERTO,Vale Alimentação,PLUXEE BENEFÍCIOS BRASIL,69.034.668/0001-56,5427.0,13853.01
2026,2,INSPETOR ALBERTO,Vale Restaurante,PLUXEE BENEFÍCIOS BRASIL,69.034.668/0001-56,2713.0,11140.01
2026,2,INSPETOR ALBERTO,Passcard´s Eletrônicos,SINDIÔNIBUS,07.341.423/0001-14,0.0,11140.01
2026,2,INSPETOR ALBERTO,Despesas com Comunicação e Divulg. Mandato,PRM-COMUN.GESTÃO EMP. LTDA,37.842.306/0001-03,6500.0,4640.01
2026,2,INSPETOR ALBERTO,Despesas com Consultoria jurídica,MATHEUS FERREIRA-SOC.IND-ADV,56.638.251/0001-50,4616.25,23.7600000000002
2026,2,IRMÃO LÉO,Vale Combustível ( Gab 40 ),PRIME LTDA,05.340.639/0001-30,6214.0,20951.51
2026,2,IRMÃO LÉO,Vale Alimentação,PLUXEE BENEFÍCIOS BRASIL,69.034.668/0001-56,5427.0,15524.51
2026,2,IRMÃO LÉO,Vale Restaurante,PLUXEE BENEFÍCIOS BRASIL,69.034.668/0001-56,2713.0,12811.51
2026,2,IRMÃO LÉO,Passcard´s Eletrônicos,SINDIÔNIBUS,07.341.423/0001-14,0.0,12811.51
2026,2,IRMÃO LÉO,Despesas com Comunicação e Divulg. Mandato,MARKETING ON SOFTWARE E PUBLICIDADE LTDA,45.565.661/0001-00,6662.5,6149.01
2026,2,IRMÃO LÉO,Despesas com Consultória Jurídica,DAMASCENO & ROCHA ADV ASSOCIADOS,17.886.840/0001-04,6094.25,54.7600000000002
2026,2,JÂNIO HENRIQUE,Vale Combustível ( Gab 24 ),PRIME LTDA,05.340.639/0001-30,7850.0,19320.18
2026,2,JÂNIO HENRIQUE,Vale Alimentação,PLUXEE BENEFÍCIOS BRASIL,69.034.668/0001-56,5400.0,13920.18
2026,2,JÂNIO HENRIQUE,Vale Restaurante,PLUXEE BENEFÍCIOS BRASIL,69.034.668/0001-56,2700.0,11220.18
2026,2,JÂNIO HENRIQUE,Passcard´s Eletrônicos,SINDIÔNIBUS,07.341.423/0001-14,0.0,11220.18
2026,2,JÂNIO HENRIQUE,Despesas com Serviço Gráfico,GRÁFICA PRINTCOLOR,02.824.298/0001-80,4493.58,6726.6
2026,2,JÂNIO HENRIQUE,Despesas com Comunicação e Divulgação de Mandato,MARKETING ON SOFTWARE E PUB. LTDA,45.565.661/0001-00,6662.5,64.1000000000004
2026,2,JOHN MONTEIRO,Vale Combustível ( Gab 07 ),PRIME LTDA,05.340.639/0001-30,3500.0,23638.13
2026,2,JOHN MONTEIRO,Vale Alimentação,PLUXEE BENEFÍCIOS BRASIL,69.034.668/0001-56,3858.0,19780.13
2026,2,JOHN MONTEIRO,Vale Restaurante,PLUXEE BENEFÍCIOS BRASIL,69.034.668/0001-56,2712.0,17068.13
2026,2,JOHN MONTEIRO,Passcard´s Eletrônicos,SINDIÔNIBUS,07.341.423/0001-14,0.0,17068.13
2026,2,JOHN MONTEIRO,Despesas com Serviço Gráfico,GRÁFICA MS SOLUÇÕES LDA,43.377.752/0001-89,6756.51,10311.62
2026,2,JOHN MONTEIRO,Despesas com Consultória Jurídica,MATHEUS FERREIRA-SOC.IND.ADV,56.638.251/0001-50,6735.75,3575.87
2026,2,JOHN MONTEIRO,Despesas com Comunicação e Divulg. Mandato,PRM-COM.GESTÃO EMP.LTDA,37.842.306/0001-03,3575.0,0.8700000000008
2026,2,JORGE PINHEIRO,Vale Combustível ( Gab 36 ),PRIME LTDA,05.340.639/0001-30,5100.0,29206.55
2026,2,JORGE PINHEIRO,Vale Alimentação,PLUXEE BENEFÍCIOS BRASIL,69.034.668/0001-56,5427.0,23779.55
2026,2,JORGE PINHEIRO,Vale Restaurante,PLUXEE BENEFÍCIOS BRASIL,69.034.668/0001-56,2713.0,21066.55
2026,2,JORGE PINHEIRO,Passcard´s Eletrônicos,SINDIÔNIBUS,07.341.423/0001-14,356.4,20710.15
2026,2,JORGE PINHEIRO,Despesas com Telefonia Móvel,TELEFÔNICA BRASIL S.A,02.558.157/0001/62,151.91,20558.24
2026,2,JORGE PINHEIRO,Despesas com Comun. Divulg. Mandato,RM CEARÁ NOTICIAS LTDA,02.323.168/0001-63,975.0,19583.24
2026,2,JORGE PINHEIRO,Despesas com Serviço Gráfico,QUALIGRAF EDITORA LTDA,02.933.302/0001-48,3637.0,15946.24
2026,2,JORGE PINHEIRO,Despesas com Serviço Gráfico,QUALIGRAF EDITORA LTDA,02.933.302/0001-48,2182.2,13764.04
2026,2,JULIERME SENA,Vale Combustível ( Gab 21 ),PRIME LTDA,05.340.639/0001-30,7100.0,20045.6
2026,2,JULIERME SENA,Vale Alimentação,PLUXEE BENEFÍCIOS BRASIL,69.034.668/0001-56,5427.62,14617.98
2026,2,JULIERME SENA,Vale Restaurante,PLUXEE BENEFÍCIOS BRASIL,69.034.668/0001-56,2700.0,11917.98
2026,2,JULIERME SENA,Passcard´s Eletrônicos,SINDIÔNIBUS,07.341.423/0001-14,1620.0,10297.98
2026,2,JULIERME SENA,Despesas com Serviço Gráfico,GRÁFICA RONDA LTDA,07.651.0003/0001-34,5245.45,5052.53
2026,2,JULIERME SENA,Despesas com Locação de Veículo,CASABLANCA RENT A CAR,03.977.401/0001-94,5050.0,2.52999999999975
2026,2,LÉO COUTO,Vale Combustível ( Gab 20 ),PRIME LTDA,05.340.639/0001-30,5100.0,22092.76
2026,2,LÉO COUTO,Vale Alimentação,PLUXEE BENEFÍCIOS BRASIL,69.034.668/0001-56,3000.0,19092.76
2026,2,LÉO COUTO,Vale Restaurante,PLUXEE BENEFÍCIOS BRASIL,69.034.668/0001-56,2360.0,16732.76
2026,2,LÉO COUTO,Passcard´s Eletrônicos,SINDIÔNIBUS,07.341.423/0001-14,0.0,16732.76
2026,2,LÉO COUTO,Despesas com Consultória Jurídica,BARBOSA E MORAES SOC-ADV,38.028.070/0001-20,5773.5,10959.26
2026,2,LÉO COUTO,Despesas com Locação de Veículo,CASABLANCA RENT A CAR,03.977.401/0001-94,10850.0,109.259999999998
2026,2,LUIZ PAUPINA,Vale Combustível ( Gab 34 ),PRIME LTDA,05.340.639/0001-30,7870.05,19268.08
2026,2,LUIZ PAUPINA,Vale Alimentação,PLUXEE BENEFÍCIOS BRASIL,69.034.668/0001-56,5427.62,13840.46
2026,2,LUIZ PAUPINA,Vale Restaurante,PLUXEE BENEFÍCIOS BRASIL,69.034.668/0001-56,0.0,13840.46
2026,2,LUIZ PAUPINA,Passcard´s Eletrônicos,SINDIÔNIBUS,07.341.423/0001-14,0.0,13840.46
2026,2,LUIZ PAUPINA,Despesas com Serviço Gráfico,GRÁFICA MS SOLUÇÕES LDA,43.377.752/0001-89,6775.35,7065.11
2026,2,LUIZ PAUPINA,Despesas com Locação de Veículo,CASABLANCA RENT A CAR,06.621.791/0001-53,3600.0,3465.11
2026,2,LUIZ PAUPINA,Despesas com Locação de Veículo,CASABLANCA RENT A CAR,06.621.791/0001-53,3400.0,65.1099999999988
2026,2,MARCEL COLARES,Vale Combustível ( Gab 10 ),PRIME LTDA,05.340.639/0001-30,6250.0,20891.2
2026,2,MARCEL COLARES,Vale Alimentação,PLUXEE BENEFÍCIOS BRASIL,69.034.668/0001-56,5400.0,15491.2
2026,2,MARCEL COLARES,Vale Restaurante,PLUXEE BENEFÍCIOS BRASIL,69.034.668/0001-56,1600.0,13891.2
2026,2,MARCEL COLARES,Passcard´s Eletrônicos,SINDIÔNIBUS,07.341.423/0001-14,270.0,13621.2
2026,2,MARCEL COLARES,Despesas com Serviço Gráfico,GRÁFICA ESTRELA,07.097.989/0001-42,2810.06,10811.14
2026,2,MARCEL COLARES,Despesas com Locação de Veículo,CASABLANCA RENT A CAR,03.977.401/0001-94,5425.0,5386.14
2026,2,MARCEL COLARES,Despesas com Locação de Veículo,CASABLANCA RENT A CAR,03.977.401/0001-94,5385.0,1.14000000000124
2026,2,MARCELO MENDES,Vale Combustível ( Gab 12 ),PRIME LTDA,05.340.639/0001-30,7800.0,19354.46
2026,2,MARCELO MENDES,Vale Alimentação,PLUXEE BENEFÍCIOS BRASIL,69.034.668/0001-56,5410.0,13944.46
2026,2,MARCELO MENDES,Vale Restaurante,PLUXEE BENEFÍCIOS BRASIL,69.034.668/0001-56,2713.8,11230.66
2026,2,MARCELO MENDES,Passcard´s Eletrônicos Metropolitano,SINDIÔNIBUS,07.341.423/0001-14,238.0,10992.66
2026,2,MARCELO MENDES,Passcard´s Eletrônicos Urbano,SINDIÔNIBUS,07.341.423/0001-14,432.0,10560.66
2026,2,MARCELO MENDES,Despesas com Locação de Veículo,CASABLANCA RENT A CAR,03.977.401/0001-94,10560.0,0.659999999999855
2026,2,MARCELO TCHELA,Vale Combustível ( Gab 03 ),PRIME LTDA,05.340.639/0001-30,7792.0,19408.97
2026,2,MARCELO TCHELA,Vale Alimentação,PLUXEE BENEFÍCIOS BRASIL,69.034.668/0001-56,5420.0,13988.97
2026,2,MARCELO TCHELA,Vale Restaurante,PLUXEE BENEFÍCIOS BRASIL,69.034.668/0001-56,2710.0,11278.97
2026,2,MARCELO TCHELA,Passcard´s Eletrônicos,SINDIÔNIBUS,07.341.423/0001-14,648.0,10630.97
2026,2,MARCELO TCHELA,Despesas com Serviço Gráfico,GRÁFICA  PRINTCOLOR,02.824.298/0001-80,5491.33,5139.64
2026,2,MARCELO TCHELA,Despesas com Locação de Veículo,CASABLANCA RENT A CAR,06.621.791/0001-53,5040.0,99.6399999999994
2026,2,MARCOS PAULO,Vale Combustível ( Gab 05 ),PRIME LTDA,05.340.639/0001-30,7500.0,19640.28
2026,2,MARCOS PAULO,Vale Alimentação,PLUXEE BENEFÍCIOS BRASIL,69.034.668/0001-56,4427.63,15212.65
2026,2,MARCOS PAULO,Vale Restaurante,PLUXEE BENEFÍCIOS BRASIL,69.034.668/0001-56,2713.0,12499.65
2026,2,MARCOS PAULO,Passcard´s Eletrônicos,SINDIÔNIBUS,07.341.423/0001-14,0.0,12499.65
2026,2,MARCOS PAULO,Despesas com Serviço Gráfico,GRÁFICA MS SOLUÇÕES LTDA,43.377.752/0001-89,6775.35,5724.3
2026,2,MARCOS PAULO,Despesas com Locação de Veículo,CASABLANCA RENT A CAR,03.977.401/0001-94,5720.0,4.29999999999927
2026,2,MARCOS PAULO,,,,0.0,0.0
2026,2,MARI LACERDA,Vale Combustível ( Gab 33 ),PRIME LTDA,05.340.639/0001-30,4464.0,22932.06
2026,2,MARI LACERDA,Vale Alimentação,PLUXEE BENEFÍCIOS BRASIL,69.034.668/0001-56,4800.0,18132.06
2026,2,MARI LACERDA,Vale Restaurante,PLUXEE BENEFÍCIOS BRASIL,69.034.668/0001-56,2500.0,15632.06
2026,2,MARI LACERDA,Passcard´s Eletrônicos,SINDIÔNIBUS,07.341.423/0001-14,604.8,15027.26
2026,2,MARI LACERDA,Despesas com  Telefonia Móvel,CLARO S.A,40.432.544/0001/47,1571.41,13455.85
2026,2,MARI LACERDA,Despesas com Serviço Gráfico,GRÁFICA PRINTCOLOR,02.824.298/0001-80,4962.82,8493.03
2026,2,MARI LACERDA,Despesas com Locação de Veículo,CASABLANCA RENT A CAR,03.977.401/0001-94,5145.0,3348.03
2026,2,MARI LACERDA,Despesas com Locação de Ônibus,CASABLANCA RENT A CAR,03.977.401/0001-94,1835.0,1513.03
2026,2,NILO DANTAS,Vale Combustível ( Gab 13 ),PRIME LTDA,05.340.639/0001-30,0.0,27148.83
2026,2,NILO DANTAS,Vale Alimentação,PLUXEE BENEFÍCIOS BRASIL,69.034.668/0001-56,4720.0,22428.83
2026,2,NILO DANTAS,Vale Restaurante,PLUXEE BENEFÍCIOS BRASIL,69.034.668/0001-56,2360.0,20068.83
2026,2,NILO DANTAS,Passcard´s Eletrônicos,SINDIÔNIBUS,07.341.423/0001-14,432.0,19636.83
2026,2,NILO DANTAS,Despesas com Comunicação e Divulgação de Mandato,MARKETING ON SOFTWARE E PUB. LTDA,45.565.661/0001-00,6662.5,12974.33
2026,2,NILO DANTAS,Despesas com Serviço Gráfico,GRÁFICA RDS,02.265.186/0001-36,2109.46,10864.87
2026,2,NILO DANTAS,Despesas com Locação de Veículo,CASABLANCA RENT A CAR,03.977.401/0001-94,10850.0,14.8700000000026
2026,2,PAULO MARTINS,Vale Combustível ( Gab 37 ),PRIME LTDA,05.340.639/0001-30,7850.0,19361.67
2026,2,PAULO MARTINS,Vale Alimentação,PLUXEE BENEFÍCIOS BRASIL,69.034.668/0001-56,5420.0,13941.67
2026,2,PAULO MARTINS,Vale Restaurante,PLUXEE BENEFÍCIOS BRASIL,69.034.668/0001-56,2713.0,11228.67
2026,2,PAULO MARTINS,Passcard´s Eletrônicos,SINDIÔNIBUS,07.341.423/0001-14,2203.2,9025.47
2026,2,PAULO MARTINS,Despesas com Telefonia Móvel,TELEFÔNICA BRASIL S.A,02.558.157/0001/62,151.91,8873.56
2026,2,PAULO MARTINS,Despesas com  Telefonia Móvel,CLARO S.A,40.432.544/0001/47,44.61,8828.95
2026,2,PAULO MARTINS,Despesas com Locação de Veículo,CASABLANCA RENT A CAR,03.977.401/0001-94,3778.0,5050.95
2026,2,PAULO MARTINS,Despesas com Locação de Veículo,CASABLANCA RENT A CAR,03.977.401/0001-94,5050.0,0.949999999998909
2026,2,PPCELL,Vale Combustível ( Gab 25 ),PRIME LTDA,05.340.639/0001-30,7870.0,19472.3
2026,2,PPCELL,Vale Alimentação,PLUXEE BENEFÍCIOS BRASIL,69.034.668/0001-56,5427.0,14045.3
2026,2,PPCELL,Vale Restaurante,PLUXEE BENEFÍCIOS BRASIL,69.034.668/0001-56,2713.0,11332.3
2026,2,PPCELL,Passcard´s Eletrônicos,SINDIÔNIBUS,07.341.423/0001-14,0.0,11332.3
2026,2,PPCELL,Despesas com Serviço Gráfico,GRÁFICA RDS,02.265.186/0001-36,4413.96,6918.34
2026,2,PPCELL,Despesas com Locação de Veículo,CASABLANCA RENT A CAR,03.977.401/0001-94,6510.0,408.339999999999
2026,2,PRISCILA COSTA,Vale Combustível ( Gab 19 ),PRIME LTDA,05.340.639/0001-30,5190.0,25184.26
2026,2,PRISCILA COSTA,Vale Alimentação,PLUXEE BENEFÍCIOS BRASIL,69.034.668/0001-56,4720.0,20464.26
2026,2,PRISCILA COSTA,Vale Restaurante,PLUXEE BENEFÍCIOS BRASIL,69.034.668/0001-56,2360.0,18104.26
2026,2,PRISCILA COSTA,Passcard´s Eletrônicos,SINDIÔNIBUS,07.341.423/0001-14,0.0,18104.26
2026,2,PRISCILA COSTA,Desp.com Comunicação e Divulg. de Mandato,PRM Comunic.Gestão Emp. ltda,37.842.306/0001-03,6500.0,11604.26
2026,2,PRISCILA COSTA,Despesas com Consultória Jurídica,BARBOSA E MORAES SOC-ADV,38.028.070/0001-20,5132.0,6472.26
2026,2,PRISCILA COSTA,Despesas com Serviço Gráfico,GRÁFICA RDS,02.265.186/0001-36,6444.19,28.0699999999988
2026,2,PROF. AGUIAR TOBA,Vale Combustível ( Gab 17 ),PRIME LTDA,05.340.639/0001-30,7870.05,19304.74
2026,2,PROF. AGUIAR TOBA,Vale Alimentação,PLUXEE BENEFÍCIOS BRASIL,69.034.668/0001-56,5427.62,13877.12
2026,2,PROF. AGUIAR TOBA,Vale Restaurante,PLUXEE BENEFÍCIOS BRASIL,69.034.668/0001-56,2713.8,11163.32
2026,2,PROF. AGUIAR TOBA,Passcard´s Eletrônicos,SINDIÔNIBUS,07.341.423/0001-14,0.0,11163.32
2026,2,PROF. AGUIAR TOBA,Despesas com Serviço Gráfico,GRÁFICA MS SOLUÇÕES LTDA,43.377.752/0001-89,4425.85,6737.47
2026,2,PROF. AGUIAR TOBA,Despesas com Comunicação e Divulgação de Mandato,MARKETING ON SOFTWARE E PUB. LTDA,45.565.661/0001-00,6662.5,74.9699999999993
2026,2,PROFESSOR ENILSON,Vale Combustível ( Gab 09 ),PRIME LTDA,05.340.639/0001-30,7592.0,19656.41
2026,2,PROFESSOR ENILSON,Vale Alimentação,PLUXEE BENEFÍCIOS BRASIL,69.034.668/0001-56,5420.0,14236.41
2026,2,PROFESSOR ENILSON,Vale Restaurante,PLUXEE BENEFÍCIOS BRASIL,69.034.668/0001-56,2360.0,11876.41
2026,2,PROFESSOR ENILSON,Passcard´s Eletrônicos,SINDIÔNIBUS,07.341.423/0001-14,0.0,11876.41
2026,2,PROFESSOR ENILSON,Despesas com Serviço Gráfico,GRÁFICA MS SOLUÇÕES LDA,43.377.752/0001-89,6652.85,5223.56
2026,2,PROFESSOR ENILSON,Despesas com Comunicação e Divulg.Mandato,AGÊNCIA PIC MKT LTDA,32.075.292/0001-18,4998.5,225.059999999999
2026,2,RAIMUNDO FILHO,Vale Combustível ( Gab 11 ),PRIME LTDA,05.340.639/0001-30,7044.0,20134.28
2026,2,RAIMUNDO FILHO,Vale Alimentação,PLUXEE BENEFÍCIOS BRASIL,69.034.668/0001-56,5400.0,14734.28
2026,2,RAIMUNDO FILHO,Vale Restaurante,PLUXEE BENEFÍCIOS BRASIL,69.034.668/0001-56,2360.0,12374.28
2026,2,RAIMUNDO FILHO,Passcard´s Eletrônicos,SINDIÔNIBUS,07.341.423/0001-14,0.0,12374.28
2026,2,RAIMUNDO FILHO,Despesas com Serviço Gráfico,GRÁFICA MS SOLUÇÕES LDA,43.377.752/0001-89,5653.98,6720.3
2026,2,RAIMUNDO FILHO,Despesas com Locação de Veículo,CASABLANCA RENT A CAR,03.977.401/0001-94,6640.0,80.3000000000011
2026,2,RENÉ PESSOA,Vale Combustível ( Gab 22 ),PRIME LTDA,05.340.639/0001-30,7870.05,19268.3
2026,2,RENÉ PESSOA,Vale Alimentação,PLUXEE BENEFÍCIOS BRASIL,69.034.668/0001-56,5427.62,13840.68
2026,2,RENÉ PESSOA,Vale Restaurante,PLUXEE BENEFÍCIOS BRASIL,69.034.668/0001-56,2713.81,11126.87
2026,2,RENÉ PESSOA,Passcard´s Eletrônicos,SINDIÔNIBUS,07.341.423/0001-14,496.8,10630.07
2026,2,RENÉ PESSOA,Despesas com Serviço Gráfico,GRÁFICA PRINTCOLOR,02.824.298/0001-80,2993.31,7636.76
2026,2,RENÉ PESSOA,Despesas com Locação de Veículo,CASABLANCA RENT A CAR,03.977.401/0001-94,1330.0,6306.76
2026,2,RENÉ PESSOA,Despesas com Locação de Veículo,CASABLANCA RENT A CAR,03.977.401/0001-94,6300.0,6.76000000000022
2026,2,RONALDO MARTINS,Vale Combustível ( Gab 32 ),PRIME LTDA,05.340.639/0001-30,7692.0,19447.26
2026,2,RONALDO MARTINS,Vale Alimentação,PLUXEE BENEFÍCIOS BRASIL,69.034.668/0001-56,5420.0,14027.26
2026,2,RONALDO MARTINS,Vale Restaurante,PLUXEE BENEFÍCIOS BRASIL,69.034.668/0001-56,2713.0,11314.26
2026,2,RONALDO MARTINS,Passcard´s Eletrônicos,SINDIÔNIBUS,07.341.423/0001-14,2246.4,9067.86
2026,2,RONALDO MARTINS,Despesas com locação de veículo,CASABLANCA RENT A CAR,03.977.401/0001-94,9060.0,7.86000000000058
2026,2,SOLDADO NOÉLIO,Vale Combustível ( Gab 31 ),PRIME LTDA,05.340.639/0001-30,5000.0,22186.47
2026,2,SOLDADO NOÉLIO,Vale Alimentação,PLUXEE BENEFÍCIOS BRASIL,69.034.668/0001-56,5400.0,16786.47
2026,2,SOLDADO NOÉLIO,Vale Restaurante,PLUXEE BENEFÍCIOS BRASIL,69.034.668/0001-56,0.0,16786.47
2026,2,SOLDADO NOÉLIO,Passcard´s Eletrônicos,SINDIÔNIBUS,07.341.423/0001-14,0.0,16786.47
2026,2,SOLDADO NOÉLIO,Despesas com Comunicação e Divulg. Mandato,PRM-COM.GESTÃO EMP. LTDA,37.842.306/0001-03,6500.0,10286.47
2026,2,SOLDADO NOÉLIO,Despesas com Serviço Gráfico,GRÁFICA MS SOLUÇÕES LDA,43.377.752/0001-89,3454.04,6832.43
2026,2,SOLDADO NOÉLIO,Despesas com Consultória Jurídica,MATHEUS FERREIRA-SOC.IND. DE ADV,56.638.251/0001-50,6735.75,96.6800000000012
2026,2,TIA FRANCISCA,Vale Combustível ( Gab 35 ),PRIME LTDA,05.340.639/0001-30,6500.0,20762.01
2026,2,TIA FRANCISCA,Vale Alimentação,PLUXEE BENEFÍCIOS BRASIL,69.034.668/0001-56,5400.0,15362.01
2026,2,TIA FRANCISCA,Vale Restaurante,PLUXEE BENEFÍCIOS BRASIL,69.034.668/0001-56,2713.0,12649.01
2026,2,TIA FRANCISCA,Passcard´s Eletrônicos,SINDIÔNIBUS,07.341.423/0001-14,297.0,12352.01
2026,2,TIA FRANCISCA,Despesas com Consultoria Jurídica,ANTÔNIO ALBUQUERQUE-ADV,47.730.644/0001-07,5491.25,6860.76
2026,2,TIA FRANCISCA,Despesas com Comunicação e Divulgação de Mandato,MARKETING ON SOFTWARE E PUB. LTDA,45.565.661/0001-00,6662.5,198.26
2026,2,TONY BRITO,Vale Combustível ( Gab 26 ),PRIME LTDA,05.340.639/0001-30,7100.0,20051.26
2026,2,TONY BRITO,Vale Alimentação,PLUXEE BENEFÍCIOS BRASIL,69.034.668/0001-56,5000.0,15051.26
2026,2,TONY BRITO,Vale Restaurante,PLUXEE BENEFÍCIOS BRASIL,69.034.668/0001-56,2500.0,12551.26
2026,2,TONY BRITO,Passcard´s Eletrônicos,SINDIÔNIBUS,07.341.423/0001-14,0.0,12551.26
2026,2,TONY BRITO,Despesas com Comunicação e Divulgação de Mandato,PRM COMUNIC. GESTÃO EMPRES. LTDA,37.842.306/0001-03,5525.0,7026.26
2026,2,TONY BRITO,Despesas com Locação de Veículo,CASABLANCA RENT A CAR,06.621.791/0001-53,7000.0,26.2600000000002
2026,3,ADAIL JR,Vale Combustível  ( Gab 06 ),PRIME LTDA,05.340.639/0001-30,7870.0,23007.82
2026,3,ADAIL JR,Vale Alimentação,PLUXEE BENEFÍCIOS BRASIL,69.034.668/0001-56,5427.0,17580.82
2026,3,ADAIL JR,Vale Restaurante,PLUXEE BENEFÍCIOS BRASIL,69.034.668/0001-56,2713.0,14867.82
2026,3,ADAIL JR,Passcard´s Eletrônicos,SINDIÔNIBUS,07.341.423/0001-14,0.0,14867.82
2026,3,ADAIL JR,Despesas com Consultória Jurídica,THIAGO MONTEZUMA-ADV ASSOCIADOS,59.861.314/0001-21,7612.5,7255.32
2026,3,ADAIL JR,Despesas com Serviço Gráfico,GRÁFICA QUALIGRAF EDITORA LTDA,02.933.302/0001-48,2815.98,4439.34
2026,3,ADAIL JR,Despesas com Locação de Veículo,CASABLANCA RENT A CAR,03.977.401/0001-94,4430.0,9.34000000000015
2026,3,ADRIANA ALMEIDA,Vale Combustível ( Gab 08 ),PRIME LTDA,05.340.639/0001-30,4100.0,26776.8
2026,3,ADRIANA ALMEIDA,Vale Alimentação,PLUXEE BENEFÍCIOS BRASIL,69.034.668/0001-56,4000.0,22776.8
2026,3,ADRIANA ALMEIDA,Vale Restaurante,PLUXEE BENEFÍCIOS BRASIL,69.034.668/0001-56,2300.0,20476.8
2026,3,ADRIANA ALMEIDA,Passcard´s Eletrônicos,SINDIÔNIBUS,07.341.423/0001-14,1026.0,19450.8
2026,3,ADRIANA ALMEIDA,Despesas com Consultoria Jurídica,BRUNO DE SOUSA-ADV,47.771.413/0001-33,4490.5,14960.3
2026,3,ADRIANA ALMEIDA,Despesas com Serviço Gráfico,GRÁFICA PRINTCOLOR,02.824.298/0001-80,7709.67,7250.63
2026,3,ADRIANA ALMEIDA,Despesas com Locação de Veículo,CASABLANCA RENT A CAR,03.977.401/0001-94,5145.0,2105.63
2026,3,ADRIANA ALMEIDA,Despesas com Locação de Ônibus,CASABLANCA RENT A CAR,03.977.401/0001-94,2090.0,15.6299999999992
2026,3,ADRIANA GERÔNIMO,Vale Combustível ( Gab 30 ),PRIME LTDA,05.340.639/0001-30,7729.0,24175.84
2026,3,ADRIANA GERÔNIMO,Vale Alimentação,PLUXEE BENEFÍCIOS BRASIL,69.034.668/0001-56,5427.62,18748.22
2026,3,ADRIANA GERÔNIMO,Vale Restaurante,PLUXEE BENEFÍCIOS BRASIL,69.034.668/0001-56,2713.81,16034.41
2026,3,ADRIANA GERÔNIMO,Passcard´s Eletrônicos,SINDIÔNIBUS,07.341.423/0001-14,1587.6,14446.81
2026,3,ADRIANA GERÔNIMO,Despesas com Telefonia Móvel,TELEFÔNICA BRASIL S.A,02.558.157/0001/62,1252.25,13194.56
2026,3,ADRIANA GERÔNIMO,Despesas com  Telefonia Móvel,TIM S.A,02.421421/0001-11,63.31,13131.25
2026,3,ADRIANA GERÔNIMO,Despesas com serviço Gráfico,GRÁFICA MOTOGRÁFICA,10.670.251/0001-37,4543.04,8588.21
2026,3,ADRIANA GERÔNIMO,Despesas com Consultória Jurídica,BRUNO SOUSA – ADV,47.771.413/0001-33,4490.5,4097.71
2026,3,ADRIANA GERÔNIMO,Despesas com Hospedagem,R MORAES AGENCIA DE TURISMO,06.955.770/0001-74,3636.8,460.909999999999
2026,3,AGAYLSON,Vale Combustível ( Gab 18 ),PRIME LTDA,05.340.639/0001-30,7600.0,26245.82
2026,3,AGAYLSON,Vale Alimentação,PLUXEE BENEFÍCIOS BRASIL,69.034.668/0001-56,4500.0,21745.82
2026,3,AGAYLSON,Vale Restaurante,PLUXEE BENEFÍCIOS BRASIL,69.034.668/0001-56,2700.0,19045.82
2026,3,AGAYLSON,Passcard´s Eletrônicos,SINDIÔNIBUS,07.341.423/0001-14,0.0,19045.82
2026,3,AGAYLSON,Despesas com Serviço Gráfico,GRÁFICA  PRINTCOLOR,02.824.298/0001-80,7711.93,11333.89
2026,3,AGAYLSON,Despesas com Locação de Veículo,CASABLANCA RENT A CAR,03.977.401/0001-94,10850.0,483.889999999999
2026,3,ANA ARACAPÉ,Vale Combustível ( GAB 02 ),PRIME LTDA,05.340.639/0001-30,4170.06,26727.86
2026,3,ANA ARACAPÉ,Vale Alimentação,PLUXEE BENEFÍCIOS BRASIL,69.034.668/0001-56,5070.0,21657.86
2026,3,ANA ARACAPÉ,Vale Restaurante,PLUXEE BENEFÍCIOS BRASIL,69.034.668/0001-56,2713.0,18944.86
2026,3,ANA ARACAPÉ,Passcard´s Eletrônicos,SINDIÔNIBUS,07.341.423/0001-14,334.8,18610.06
2026,3,ANA ARACAPÉ,Despesas com Serviço Gráfico,MS SOLUÇÕES GRÁFICA,43.377.752/0001-89,5314.74,13295.32
2026,3,ANA ARACAPÉ,Despesas com Comun. Divulg. Mandato,MARKETING ON LTDA,45.565.661/0001-00,6662.5,6632.82
2026,3,ANA ARACAPÉ,Despesas com Consultoria Jurídica,FABIANO GIOVANI – ADV,29.941.589/0001-04,2886.75,3746.07
2026,3,ANA ARACAPÉ,Despesas com Consultoria Jurídica,FABIANO GIOVANI – ADV,29.941.589/0001-04,3528.25,217.820000000002
2026,3,BELLA CARMELO,Vale Combustível ( Gab 42 ),PRIME LTDA,05.340.639/0001-30,3500.0,36667.18
2026,3,BELLA CARMELO,Vale Alimentação,PLUXEE BENEFÍCIOS BRASIL,69.034.668/0001-56,2300.0,34367.18
2026,3,BELLA CARMELO,Vale Restaurante,PLUXEE BENEFÍCIOS BRASIL,69.034.668/0001-56,2000.0,32367.18
2026,3,BELLA CARMELO,Passcard´s Eletrônicos,SINDIÔNIBUS,07.341.423/0001-14,0.0,32367.18
2026,3,BELLA CARMELO,Despesas com Telefonia Móvel,CLARO S.A,40.432.544/0001-47,583.2,31783.98
2026,3,BELLA CARMELO,Despesas com Comunicação e Divulgação de Mandato,PRM COMUNIC. GESTÃO EMPRES. LTDA,37.842.306/0001-03,7637.5,24146.48
2026,3,BELLA CARMELO,Despesas com Locação de Veículo,CASABLANCA RENT A CAR,03.977.401/0001-94,10850.0,13296.48
2026,3,BENIGNO JR,Vale Combustível ( Gab 23 ),PRIME LTDA,05.340.639/0001-30,7500.0,23848.04
2026,3,BENIGNO JR,Vale Alimentação,PLUXEE BENEFÍCIOS BRASIL,69.034.668/0001-56,5400.0,18448.04
2026,3,BENIGNO JR,Vale Restaurante,PLUXEE BENEFÍCIOS BRASIL,69.034.668/0001-56,2700.0,15748.04
2026,3,BENIGNO JR,Passcard´s Eletrônicos,SINDIÔNIBUS,07.341.423/0001-14,0.0,15748.04
2026,3,BENIGNO JR,Despesas com Telefonia Móvel,TELEFÔNICA BRASIL S.A,02.558.157/0001/62,738.48,15009.56
2026,3,BENIGNO JR,Despesas com Serviço Gráfico,GRÁFICA COPY JET DIGITAL,32.656.125/0001-60,7600.84,7408.72
2026,3,BENIGNO JR,Despesas com Comunicação e Divulg.Mandato,SPACE PRODUÇÕES LTDA,25.527.153/0001-12,1137.5,6271.22
2026,3,BENIGNO JR,Despesas com Locação de Veículo,CASABLANCA RENT A CAR,03.977.401/0001-94,6090.0,181.220000000001
2026,3,BRUNO MESQUITA,Vale Combustível ( Gab 01 ),PRIME LTDA,05.340.639/0001-30,8944.0,22363.21
2026,3,BRUNO MESQUITA,Vale Alimentação,PLUXEE BENEFÍCIOS BRASIL,69.034.668/0001-56,5920.0,16443.21
2026,3,BRUNO MESQUITA,Vale Restaurante,PLUXEE BENEFÍCIOS BRASIL,69.034.668/0001-56,2710.0,13733.21
2026,3,BRUNO MESQUITA,Passcard´s Eletrônicos,SINDIÔNIBUS,07.341.423/0001-14,270.0,13463.21
2026,3,BRUNO MESQUITA,Despesas com Serviço Gráfico,GRÁFICA RDS,02.265.186/0001-36,7681.66,5781.55
2026,3,BRUNO MESQUITA,Despesas com Locação de Veículo,CASABLANCA RENT A CAR,03.977.401/0001-94,5670.0,111.549999999999
2026,3,CARLA IBIAPINA,Vale Combustível ( Gab 38 ),PRIME LTDA,05.340.639/0001-30,7000.0,23869.56
2026,3,CARLA IBIAPINA,Vale Alimentação,PLUXEE BENEFÍCIOS BRASIL,69.034.668/0001-56,5426.0,18443.56
2026,3,CARLA IBIAPINA,Vale Restaurante,PLUXEE BENEFÍCIOS BRASIL,69.034.668/0001-56,2713.0,15730.56
2026,3,CARLA IBIAPINA,Passcard´s Eletrônicos,SINDIÔNIBUS,07.341.423/0001-14,0.0,15730.56
2026,3,CARLA IBIAPINA,Despesas com Serviço Gráfico,GRÁFICA MS SOLUÇÕES LTDA,43.377.752/0001-89,5465.51,10265.05
2026,3,CARLA IBIAPINA,Despesas com Serviço Gráfico,GRÁFICA MS SOLUÇÕES LTDA,43.377.752/0001-89,2251.44,8013.61
2026,3,CARLA IBIAPINA,Despesas com Comunicação e Divulgação de Mandato,MARKETING ON SOFTWARE E PUB. LTDA,45.565.661/0001-00,6500.0,1513.61
2026,3,CARLA IBIAPINA,Despesas com Comunicação e Divulgação de Mandato,MARKETING ON SOFTWARE E PUB. LTDA,45.565.661/0001-00,1137.5,376.109999999999
2026,3,CHIQUINHO DOS CARNEIROS,Vale Combustível ( Gab 28 ),PRIME LTDA,05.340.639/0001-30,7870.0,23259.12
2026,3,CHIQUINHO DOS CARNEIROS,Vale Alimentação,PLUXEE BENEFÍCIOS BRASIL,69.034.668/0001-56,5426.0,17833.12
2026,3,CHIQUINHO DOS CARNEIROS,Vale Restaurante,PLUXEE BENEFÍCIOS BRASIL,69.034.668/0001-56,2712.0,15121.12
2026,3,CHIQUINHO DOS CARNEIROS,Passcard´s Eletrônicos,SINDIÔNIBUS,07.341.423/0001-14,0.0,15121.12
2026,3,CHIQUINHO DOS CARNEIROS,Despesas com Serviço Gráfico,GRÁFICA MS SOLUÇÕES LDA,43.377.752/0001-89,6765.93,8355.19
2026,3,CHIQUINHO DOS CARNEIROS,Despesas com Serviço Gráfico,GRÁFICA MS SOLUÇÕES LDA,43.377.752/0001-89,940.09,7415.1
2026,3,CHIQUINHO DOS CARNEIROS,Despesas com Comunicação e Divulg.Mandato,MARKETING ON SOFTWARE E PUB. LTDA,45.565.661/0001-00,7312.5,102.6
2026,3,CÔNSUL DO POVO,Vale Combustível ( Gab 29 ),PRIME LTDA,05.340.639/0001-30,4127.0,26924.02
2026,3,CÔNSUL DO POVO,Vale Alimentação,PLUXEE BENEFÍCIOS BRASIL,69.034.668/0001-56,5427.0,21497.02
2026,3,CÔNSUL DO POVO,Vale Restaurante,PLUXEE BENEFÍCIOS BRASIL,69.034.668/0001-56,0.0,21497.02
2026,3,CÔNSUL DO POVO,Passcard´s Eletrônicos,SINDIÔNIBUS,07.341.423/0001-14,0.0,21497.02
2026,3,CÔNSUL DO POVO,Despesas com Serviço Gráfico,GRÁFICA MS SOLUÇÕES LTDA,43.377.752/0001-89,1791.42,19705.6
2026,3,CÔNSUL DO POVO,Despesas com Serviço Gráfico,GRÁFICA MS SOLUÇÕES LTDA,43.377.752/0001-89,4086.3,15619.3
2026,3,CÔNSUL DO POVO,Despesas com Consultória Jurídica,AGUIAR -ADV. ASSOCIADOS,09.403.820/0001-07,4811.25,10808.05
2026,3,CÔNSUL DO POVO,Despesas com Locação de Veículo,CASABLANCA RENT A CAR,03.977.401/0001-94,10800.0,8.04999999999927
2026,3,DAYANNE COSTA,Vale Combustível ( Gab 14 ),PRIME LTDA,05.340.639/0001-30,7870.05,23006.02
2026,3,DAYANNE COSTA,Vale Alimentação,PLUXEE BENEFÍCIOS BRASIL,69.034.668/0001-56,5427.59,17578.43
2026,3,DAYANNE COSTA,Vale Restaurante,PLUXEE BENEFÍCIOS BRASIL,69.034.668/0001-56,2676.35,14902.08
2026,3,DAYANNE COSTA,Passcard´s Eletrônicos,SINDIÔNIBUS,07.341.423/0001-14,0.0,14902.08
2026,3,DAYANNE COSTA,Despesas com  Telefonia Móvel,CLARO S.A,40.432.544/0001/47,87.39,14814.69
2026,3,DAYANNE COSTA,Despesas com Consultoria Jurídica,ANTÔNIO ALBUQUERQUE-ADV,47.730.644/0001-07,3950.45,10864.24
2026,3,DAYANNE COSTA,Despesas com Locação de Veículo,CASABLANCA RENT A CAR,03.977.401/0001-94,10850.0,14.2400000000016
2026,3,DR. LUCIANO GIRÃO,Vale Combustível ( GAB 15 ),PRIME LTDA,05.340.639/0001-30,4000.0,29168.6
2026,3,DR. LUCIANO GIRÃO,Vale Alimentação,PLUXEE BENEFÍCIOS BRASIL,69.034.668/0001-56,5420.0,23748.6
2026,3,DR. LUCIANO GIRÃO,Vale Restaurante,PLUXEE BENEFÍCIOS BRASIL,69.034.668/0001-56,2713.0,21035.6
2026,3,DR. LUCIANO GIRÃO,Passcard´s Eletrônicos,SINDIÔNIBUS,07.341.423/0001-14,216.0,20819.6
2026,3,DR. LUCIANO GIRÃO,Despesas com Telefonia Móvel,TELEFÔNICA BRASIL S.A,02.558.157/0001/62,2222.45,18597.15
2026,3,DR. LUCIANO GIRÃO,Despesas com  Telefonia Móvel,CLARO S.A,40.432.544/0001/47,57.01,18540.14
2026,3,DR. LUCIANO GIRÃO,Despesas com Comun. Divulg. Mandato,MARKETING ON LTDA,45.565.661/0001-00,7475.0,11065.14
2026,3,DR. LUCIANO GIRÃO,Despesas com Locação de Veículo,CASABLANCA RENT A CAR,03.977.401/0001-94,9135.0,1930.14
2026,3,DR. LUCIANO GIRÃO,Despesas com Locação de Veículo,CASABLANCA RENT A CAR,03.977.401/0001-94,1715.0,215.139999999999
2026,3,DR. VICENTE,Vale Combustível (GAB 43 ),PRIME LTDA,05.340.639/0001-30,6800.0,24076.32
2026,3,DR. VICENTE,Vale Alimentação,PLUXEE BENEFÍCIOS BRASIL,69.034.668/0001-56,4800.0,19276.32
2026,3,DR. VICENTE,Vale Restaurante,PLUXEE BENEFÍCIOS BRASIL,69.034.668/0001-56,2700.0,16576.32
2026,3,DR. VICENTE,Passcard´s Eletrônicos,SINDIÔNIBUS,07.341.423/0001-14,432.0,16144.32
2026,3,DR. VICENTE,Despesas com  Telefonia Móvel,TELEFÔNICA BRASIL S.A,02.558.157/0001/62,610.04,15534.28
2026,3,DR. VICENTE,Despesas com  Telefonia Móvel,CLARO S.A,40.432.544/0001/47,29.9,15504.38
2026,3,DR. VICENTE,Despesas com Consultória Jurídica,BRUNO SOUSA – ADV,47.771.413/0001-33,5132.0,10372.38
2026,3,DR. VICENTE,Despesas com Consultória Jurídica,BRUNO SOUSA – ADV,47.771.413/0001-33,2566.0,7806.38
2026,3,DR. VICENTE,Despesas com Serviço Gráfico,GRÁFICA PRINTCOLOR,02.824.298/0001-80,7701.02,105.359999999999
2026,3,EMANUEL ACRIZIO,Vale Combustível ( Gab 03 ),PRIME LTDA,05.340.639/0001-30,8952.0,21917.56
2026,3,EMANUEL ACRIZIO,Vale Alimentação,PLUXEE BENEFÍCIOS BRASIL,69.034.668/0001-56,6173.0,15744.56
2026,3,EMANUEL ACRIZIO,Vale Restaurante,PLUXEE BENEFÍCIOS BRASIL,69.034.668/0001-56,3086.0,12658.56
2026,3,EMANUEL ACRIZIO,Passcard´s Eletrônicos,SINDIÔNIBUS,07.341.423/0001-14,648.0,12010.56
2026,3,EMANUEL ACRIZIO,Despesas com Serviço Gráfico,GRÁFICA  PRINTCOLOR,02.824.298/0001-80,6899.74,5110.82
2026,3,EMANUEL ACRIZIO,Despesas com Locação de Veículo,CASABLANCA RENT A CAR,06.621.791/0001-53,5040.0,70.8199999999997
2026,3,GABRIEL AGUIAR,Vale Combustível ( Gab 41 ),PRIME LTDA,05.340.639/0001-30,6800.0,30055.82
2026,3,GABRIEL AGUIAR,Vale Alimentação,PLUXEE BENEFÍCIOS BRASIL,69.034.668/0001-56,5100.0,24955.82
2026,3,GABRIEL AGUIAR,Vale Restaurante,PLUXEE BENEFÍCIOS BRASIL,69.034.668/0001-56,2700.0,22255.82
2026,3,GABRIEL AGUIAR,Passcard´s Eletrônicos,SINDIÔNIBUS,07.341.423/0001-14,2700.0,19555.82
2026,3,GABRIEL AGUIAR,Despesas com Passagem Aérea,R MORAES AGENCIA DE TURISMO,06.955.770/0001-74,7992.72,11563.1
2026,3,GABRIEL AGUIAR,Despesas com Locação de Veículo,CASABLANCA RENT A CAR,03.977.401/0001-94,5670.0,5893.1
2026,3,GABRIEL AGUIAR,Despesas com Locação de Van,CASABLANCA RENT A CAR,03.977.401/0001-94,725.0,5168.1
2026,3,GARDEL ROLIM,Vale Combustível ( Gab 27 ),PRIME LTDA,05.340.639/0001-30,7500.0,23452.02
2026,3,GARDEL ROLIM,Vale Alimentação,PLUXEE BENEFÍCIOS BRASIL,69.034.668/0001-56,5400.0,18052.02
2026,3,GARDEL ROLIM,Vale Restaurante,PLUXEE BENEFÍCIOS BRASIL,69.034.668/0001-56,2700.0,15352.02
2026,3,GARDEL ROLIM,Passcard´s Eletrônicos,SINDIÔNIBUS,07.341.423/0001-14,0.0,15352.02
2026,3,GARDEL ROLIM,Despesas com Telefonia Móvel,TELEFÔNICA BRASIL S.A,02.558.157/0001/62,113.93,15238.09
2026,3,GARDEL ROLIM,Despesas com Consultória Jurídica,THIAGO MONTEZUMA-ADV ASSOCIADOS,59.861.314/0001-21,6699.0,8539.09
2026,3,GARDEL ROLIM,Despesas com Serviço Gráfico,GRÁFICA PRINTCOLOR,02.824.298/0001-80,1995.2,6543.89
2026,3,GARDEL ROLIM,Despesas com Locação de Veículo,CASABLANCA RENT A CAR,06.621.791/0001-53,6510.0,33.8900000000003
2026,3,GERMANO HEMAN,Vale Combustível  ( GAB 16 ),PRIME LTDA,05.340.639/0001-30,7870.0,23213.37
2026,3,GERMANO HEMAN,Vale Alimentação,PLUXEE BENEFÍCIOS BRASIL,69.034.668/0001-56,5427.0,17786.37
2026,3,GERMANO HEMAN,Vale Restaurante,PLUXEE BENEFÍCIOS BRASIL,69.034.668/0001-56,2713.81,15072.56
2026,3,GERMANO HEMAN,Passcard´s Eletrônicos,SINDIÔNIBUS,07.341.423/0001-14,0.0,15072.56
2026,3,GERMANO HEMAN,Despesas com Telefonia Móvel,CLARO S.A,40.432.544/0001/47,106.42,14966.14
2026,3,GERMANO HEMAN,Despesas com Telefonia Móvel,TIM S.A,02.421.421/0001-11,62.9,14903.24
2026,3,GERMANO HEMAN,Despesas com Comunicação e Divulgação de Mandato,MARKETING ON SOFTWARE E PUB. LTDA,45.565.661/0001-00,3900.0,11003.24
2026,3,GERMANO HEMAN,Despesas com Locação de Veículo,CASABLANCA RENT A CAR,03.977.401/0001-94,10850.0,153.24
2026,3,INSPETOR ALBERTO,Vale Combustível ( Gab 39 ),PRIME LTDA,05.340.639/0001-30,7870.0,23023.32
2026,3,INSPETOR ALBERTO,Vale Alimentação,PLUXEE BENEFÍCIOS BRASIL,69.034.668/0001-56,5427.0,17596.32
2026,3,INSPETOR ALBERTO,Vale Restaurante,PLUXEE BENEFÍCIOS BRASIL,69.034.668/0001-56,2713.0,14883.32
2026,3,INSPETOR ALBERTO,Passcard´s Eletrônicos,SINDIÔNIBUS,07.341.423/0001-14,0.0,14883.32
2026,3,INSPETOR ALBERTO,Despesas com Comunicação e Divulg. Mandato,PRM-COMUN.GESTÃO EMP. LTDA,37.842.306/0001-03,6500.0,8383.32
2026,3,INSPETOR ALBERTO,Despesas com Consultoria jurídica,MATHEUS FERREIRA-SOC.IND-ADV,56.638.251/0001-50,4616.25,3767.07
2026,3,INSPETOR ALBERTO,Despesas com Consultoria jurídica,MATHEUS FERREIRA-SOC.IND-ADV,56.638.251/0001-50,3093.75,673.32
2026,3,IRMÃO LÉO,Vale Combustível ( Gab 40 ),PRIME LTDA,05.340.639/0001-30,6214.0,24710.32
2026,3,IRMÃO LÉO,Vale Alimentação,PLUXEE BENEFÍCIOS BRASIL,69.034.668/0001-56,5427.0,19283.32
2026,3,IRMÃO LÉO,Vale Restaurante,PLUXEE BENEFÍCIOS BRASIL,69.034.668/0001-56,2713.0,16570.32
2026,3,IRMÃO LÉO,Passcard´s Eletrônicos,SINDIÔNIBUS,07.341.423/0001-14,0.0,16570.32
2026,3,IRMÃO LÉO,Despesas com Comunicação e Divulg. Mandato,MARKETING ON SOFTWARE E PUBLICIDADE LTDA,45.565.661/0001-00,7637.5,8932.82
2026,3,IRMÃO LÉO,Despesas com Consultória Jurídica,MIKHAIL DAMASCENO – SOC. IND. ADV,62.957.587/0001-89,7698.0,1234.82
2026,3,JÂNIO HENRIQUE,Vale Combustível ( Gab 24 ),PRIME LTDA,05.340.639/0001-30,7850.0,23083.66
2026,3,JÂNIO HENRIQUE,Vale Alimentação,PLUXEE BENEFÍCIOS BRASIL,69.034.668/0001-56,5400.0,17683.66
2026,3,JÂNIO HENRIQUE,Vale Restaurante,PLUXEE BENEFÍCIOS BRASIL,69.034.668/0001-56,2700.0,14983.66
2026,3,JÂNIO HENRIQUE,Passcard´s Eletrônicos,SINDIÔNIBUS,07.341.423/0001-14,0.0,14983.66
2026,3,JÂNIO HENRIQUE,Despesas com Serviço Gráfico,GRÁFICA PRINTCOLOR,02.824.298/0001-80,7694.39,7289.27
2026,3,JÂNIO HENRIQUE,Despesas com Comunicação e Divulgação de Mandato,MARKETING ON SOFTWARE E PUB. LTDA,45.565.661/0001-00,7150.0,139.27
2026,3,JOHN MONTEIRO,Vale Combustível ( Gab 07 ),PRIME LTDA,05.340.639/0001-30,3500.0,27370.43
2026,3,JOHN MONTEIRO,Vale Alimentação,PLUXEE BENEFÍCIOS BRASIL,69.034.668/0001-56,3858.0,23512.43
2026,3,JOHN MONTEIRO,Vale Restaurante,PLUXEE BENEFÍCIOS BRASIL,69.034.668/0001-56,2712.0,20800.43
2026,3,JOHN MONTEIRO,Passcard´s Eletrônicos,SINDIÔNIBUS,07.341.423/0001-14,0.0,20800.43
2026,3,JOHN MONTEIRO,Despesas com Serviço Gráfico,GRÁFICA MS SOLUÇÕES LDA,43.377.752/0001-89,6756.51,14043.92
2026,3,JOHN MONTEIRO,Despesas com Serviço Gráfico,GRÁFICA MS SOLUÇÕES LDA,43.377.752/0001-89,940.09,13103.83
2026,3,JOHN MONTEIRO,Despesas com Comunicação e Divulg. Mandato,PRM-COM.GESTÃO EMP.LTDA,37.842.306/0001-03,3575.0,9528.83
2026,3,JOHN MONTEIRO,Despesas com Comunicação e Divulg. Mandato,PRM-COM.GESTÃO EMP.LTDA,37.842.306/0001-03,1787.5,7741.33
2026,3,JOHN MONTEIRO,Despesas com Consultória Jurídica,MATHEUS FERREIRA-SOC.IND.ADV,56.638.251/0001-50,6735.75,1005.58
2026,3,JOHN MONTEIRO,Despesas com Consultória Jurídica,MATHEUS FERREIRA-SOC.IND.ADV,56.638.251/0001-50,962.25,43.3299999999999
2026,3,JORGE PINHEIRO,Vale Combustível ( Gab 36 ),PRIME LTDA,05.340.639/0001-30,5100.0,39533.6
2026,3,JORGE PINHEIRO,Vale Alimentação,PLUXEE BENEFÍCIOS BRASIL,69.034.668/0001-56,5427.0,34106.6
2026,3,JORGE PINHEIRO,Vale Restaurante,PLUXEE BENEFÍCIOS BRASIL,69.034.668/0001-56,2713.0,31393.6
2026,3,JORGE PINHEIRO,Passcard´s Eletrônicos,SINDIÔNIBUS,07.341.423/0001-14,356.4,31037.2
2026,3,JORGE PINHEIRO,Despesas com Telefonia Móvel,TELEFÔNICA BRASIL S.A,02.558.157/0001/62,151.91,30885.29
2026,3,JORGE PINHEIRO,Despesas com Comun. Divulg. Mandato,RM CEARÁ NOTICIAS LTDA,02.323.168/0001-63,975.0,29910.29
2026,3,KAMILA CARDOSO,Vale Combustível ( Gab 31 ),PRIME LTDA,05.340.639/0001-30,5000.0,25869.56
2026,3,KAMILA CARDOSO,Vale Alimentação,PLUXEE BENEFÍCIOS BRASIL,69.034.668/0001-56,5400.0,20469.56
2026,3,KAMILA CARDOSO,Vale Restaurante,PLUXEE BENEFÍCIOS BRASIL,69.034.668/0001-56,0.0,20469.56
2026,3,KAMILA CARDOSO,Passcard´s Eletrônicos,SINDIÔNIBUS,07.341.423/0001-14,0.0,20469.56
2026,3,KAMILA CARDOSO,Despesas com Comunicação e Divulg. Mandato,PRM-COM.GESTÃO EMP. LTDA,37.842.306/0001-03,6500.0,13969.56
2026,3,KAMILA CARDOSO,Despesas com Serviço Gráfico,GRÁFICA MS SOLUÇÕES LDA,43.377.752/0001-89,3454.04,10515.52
2026,3,KAMILA CARDOSO,Despesas com Serviço Gráfico,GRÁFICA MS SOLUÇÕES LDA,43.377.752/0001-89,3720.6,6794.92
2026,3,KAMILA CARDOSO,Despesas com Consultória Jurídica,MATHEUS FERREIRA-SOC.IND. DE ADV,56.638.251/0001-50,6735.75,59.1700000000001
2026,3,LAEL SENA,Vale Combustível ( Gab 21 ),PRIME LTDA,05.340.639/0001-30,8350.0,22519.56
2026,3,LAEL SENA,Vale Alimentação,PLUXEE BENEFÍCIOS BRASIL,69.034.668/0001-56,5427.62,17091.94
2026,3,LAEL SENA,Vale Restaurante,PLUXEE BENEFÍCIOS BRASIL,69.034.668/0001-56,2700.0,14391.94
2026,3,LAEL SENA,Passcard´s Eletrônicos,SINDIÔNIBUS,07.341.423/0001-14,1620.0,12771.94
2026,3,LAEL SENA,Despesas com Serviço Gráfico,GRÁFICA RONDA LTDA,07.651.0003/0001-34,7708.26,5063.68
2026,3,LAEL SENA,Despesas com Locação de Veículo,CASABLANCA RENT A CAR,03.977.401/0001-94,5050.0,13.6800000000003
2026,3,LÉO COUTO,Vale Combustível ( Gab 20 ),PRIME LTDA,05.340.639/0001-30,5100.0,25878.82
2026,3,LÉO COUTO,Vale Alimentação,PLUXEE BENEFÍCIOS BRASIL,69.034.668/0001-56,3000.0,22878.82
2026,3,LÉO COUTO,Vale Restaurante,PLUXEE BENEFÍCIOS BRASIL,69.034.668/0001-56,2360.0,20518.82
2026,3,LÉO COUTO,Passcard´s Eletrônicos,SINDIÔNIBUS,07.341.423/0001-14,0.0,20518.82
2026,3,LÉO COUTO,Despesas com Consultória Jurídica,BARBOSA E MORAES SOC-ADV,38.028.070/0001-20,5773.5,14745.32
2026,3,LÉO COUTO,Despesas com Locação de Veículo,CASABLANCA RENT A CAR,03.977.401/0001-94,10850.0,3895.32
2026,3,LUIZ PAUPINA,Vale Combustível ( Gab 34 ),PRIME LTDA,05.340.639/0001-30,7870.05,23064.62
2026,3,LUIZ PAUPINA,Vale Alimentação,PLUXEE BENEFÍCIOS BRASIL,69.034.668/0001-56,5427.62,17637.0
2026,3,LUIZ PAUPINA,Vale Restaurante,PLUXEE BENEFÍCIOS BRASIL,69.034.668/0001-56,0.0,17637.0
2026,3,LUIZ PAUPINA,Passcard´s Eletrônicos,SINDIÔNIBUS,07.341.423/0001-14,0.0,17637.0
2026,3,LUIZ PAUPINA,Despesas com Serviço Gráfico,GRÁFICA MS SOLUÇÕES LDA,43.377.752/0001-89,6775.35,10861.65
2026,3,LUIZ PAUPINA,Despesas com Serviço Gráfico,GRÁFICA MS SOLUÇÕES LDA,43.377.752/0001-89,940.09,9921.56
2026,3,LUIZ PAUPINA,Despesas com Locação de Veículo,CASABLANCA RENT A CAR,06.621.791/0001-53,6300.0,3621.56
2026,3,LUIZ PAUPINA,Despesas com Locação de Veículo,CASABLANCA RENT A CAR,06.621.791/0001-53,700.0,2921.56
2026,3,MARCEL COLARES,Vale Combustível ( Gab 10 ),PRIME LTDA,05.340.639/0001-30,6250.0,24620.7
2026,3,MARCEL COLARES,Vale Alimentação,PLUXEE BENEFÍCIOS BRASIL,69.034.668/0001-56,5400.0,19220.7
2026,3,MARCEL COLARES,Vale Restaurante,PLUXEE BENEFÍCIOS BRASIL,69.034.668/0001-56,1600.0,17620.7
2026,3,MARCEL COLARES,Passcard´s Eletrônicos,SINDIÔNIBUS,07.341.423/0001-14,270.0,17350.7
2026,3,MARCEL COLARES,Despesas com Serviço Gráfico,GRÁFICA RDS,02.265.186/0001-36,4996.58,12354.12
2026,3,MARCEL COLARES,Despesas com Serviço Gráfico,GRÁFICA RDS,02.265.186/0001-36,1491.17,10862.95
2026,3,MARCEL COLARES,Despesas com Locação de Veículo,CASABLANCA RENT A CAR,03.977.401/0001-94,10850.0,12.9500000000007
2026,3,MARCELO MENDES,Vale Combustível ( Gab 12 ),PRIME LTDA,05.340.639/0001-30,7800.0,23070.22
2026,3,MARCELO MENDES,Vale Alimentação,PLUXEE BENEFÍCIOS BRASIL,69.034.668/0001-56,5410.0,17660.22
2026,3,MARCELO MENDES,Vale Restaurante,PLUXEE BENEFÍCIOS BRASIL,69.034.668/0001-56,2713.8,14946.42
2026,3,MARCELO MENDES,Passcard´s Eletrônicos Metropolitano,SINDIÔNIBUS,07.341.423/0001-14,238.0,14708.42
2026,3,MARCELO MENDES,Passcard´s Eletrônicos Urbano,SINDIÔNIBUS,07.341.423/0001-14,432.0,14276.42
2026,3,MARCELO MENDES,Despesas com Serviço Gráfico,GRÁFICA RDS,02.265.186/0001-36,3683.17,10593.25
2026,3,MARCELO MENDES,Despesas com Locação de Veículo,CASABLANCA RENT A CAR,03.977.401/0001-94,10590.0,3.25
2026,3,MARCOS PAULO,Vale Combustível ( Gab 05 ),PRIME LTDA,05.340.639/0001-30,8500.0,22373.86
2026,3,MARCOS PAULO,Vale Alimentação,PLUXEE BENEFÍCIOS BRASIL,69.034.668/0001-56,5851.63,16522.23
2026,3,MARCOS PAULO,Vale Restaurante,PLUXEE BENEFÍCIOS BRASIL,69.034.668/0001-56,3086.0,13436.23
2026,3,MARCOS PAULO,Passcard´s Eletrônicos,SINDIÔNIBUS,07.341.423/0001-14,0.0,13436.23
2026,3,MARCOS PAULO,Despesas com Serviço Gráfico,GRÁFICA MS SOLUÇÕES LTDA,43.377.752/0001-89,6775.35,6660.88
2026,3,MARCOS PAULO,Despesas com Serviço Gráfico,GRÁFICA MS SOLUÇÕES LTDA,43.377.752/0001-89,940.09,5720.79
2026,3,MARCOS PAULO,Despesas com Locação de Veículo,CASABLANCA RENT A CAR,03.977.401/0001-94,5670.0,50.7899999999991
2026,3,MARCOS PAULO,,,,0.0,0.0
2026,3,MARI LACERDA,Vale Combustível ( Gab 33 ),PRIME LTDA,05.340.639/0001-30,4464.0,27918.59
2026,3,MARI LACERDA,Vale Alimentação,PLUXEE BENEFÍCIOS BRASIL,69.034.668/0001-56,4800.0,23118.59
2026,3,MARI LACERDA,Vale Restaurante,PLUXEE BENEFÍCIOS BRASIL,69.034.668/0001-56,2500.0,20618.59
2026,3,MARI LACERDA,Passcard´s Eletrônicos,SINDIÔNIBUS,07.341.423/0001-14,604.8,20013.79
2026,3,MARI LACERDA,Despesas com  Telefonia Móvel,CLARO S.A,40.432.544/0001/47,1539.1,18474.69
2026,3,MARI LACERDA,Despesas com Comunicação e Divulg. Mandato,PRM-COMUN.GESTÃO EMP. LTDA,37.842.306/0001-03,3250.0,15224.69
2026,3,MARI LACERDA,Despesas com Serviço Gráfico,GRÁFICA PRINTCOLOR,02.824.298/0001-80,5999.4,9225.29
2026,3,MARI LACERDA,Despesas com Locação de Veículo,CASABLANCA RENT A CAR,03.977.401/0001-94,6000.0,3225.29
2026,3,MARI LACERDA,Despesas com Locação de Ônibus,CASABLANCA RENT A CAR,03.977.401/0001-94,3160.0,65.2900000000027
2026,3,NILO DANTAS,Vale Combustível ( Gab 13 ),PRIME LTDA,05.340.639/0001-30,0.0,30884.43
2026,3,NILO DANTAS,Vale Alimentação,PLUXEE BENEFÍCIOS BRASIL,69.034.668/0001-56,4720.0,26164.43
2026,3,NILO DANTAS,Vale Restaurante,PLUXEE BENEFÍCIOS BRASIL,69.034.668/0001-56,2360.0,23804.43
2026,3,NILO DANTAS,Passcard´s Eletrônicos,SINDIÔNIBUS,07.341.423/0001-14,432.0,23372.43
2026,3,NILO DANTAS,Despesas com Comunicação e Divulgação de Mandato,MARKETING ON SOFTWARE E PUB. LTDA,45.565.661/0001-00,6662.5,16709.93
2026,3,NILO DANTAS,Despesas com Serviço Gráfico,GRÁFICA RDS,02.265.186/0001-36,5846.3,10863.63
2026,3,NILO DANTAS,Despesas com Locação de Veículo,CASABLANCA RENT A CAR,03.977.401/0001-94,10850.0,13.630000000001
2026,3,PAULO MARTINS,Vale Combustível ( Gab 37 ),PRIME LTDA,05.340.639/0001-30,8250.0,22620.51
2026,3,PAULO MARTINS,Vale Alimentação,PLUXEE BENEFÍCIOS BRASIL,69.034.668/0001-56,5420.0,17200.51
2026,3,PAULO MARTINS,Vale Restaurante,PLUXEE BENEFÍCIOS BRASIL,69.034.668/0001-56,2713.0,14487.51
2026,3,PAULO MARTINS,Passcard´s Eletrônicos,SINDIÔNIBUS,07.341.423/0001-14,1927.8,12559.71
2026,3,PAULO MARTINS,Despesas com Telefonia Móvel,TELEFÔNICA BRASIL S.A,02.558.157/0001/62,151.91,12407.8
2026,3,PAULO MARTINS,Despesas com  Telefonia Móvel,CLARO S.A,40.432.544/0001/47,43.7,12364.1
2026,3,PAULO MARTINS,Despesas com Comunicação e Divulg. Mandato,PRM-COMUN.GESTÃO EMP. LTDA,37.842.306/0001-03,3250.0,9114.1
2026,3,PAULO MARTINS,Despesas com Locação de Veículo,CASABLANCA RENT A CAR,03.977.401/0001-94,5050.0,4064.1
2026,3,PAULO MARTINS,Despesas com Locação de Veículo,CASABLANCA RENT A CAR,03.977.401/0001-94,4000.0,64.0999999999985
2026,3,PEDRO MATOS,Vale Combustível ( Gab 04 ),PRIME LTDA,05.340.639/0001-30,7800.0,23069.56
2026,3,PEDRO MATOS,Vale Alimentação,PLUXEE BENEFÍCIOS BRASIL,69.034.668/0001-56,5400.0,17669.56
2026,3,PEDRO MATOS,Vale Restaurante,PLUXEE BENEFÍCIOS BRASIL,69.034.668/0001-56,2700.0,14969.56
2026,3,PEDRO MATOS,Passcard´s Eletrônicos,SINDIÔNIBUS,07.341.423/0001-14,0.0,14969.56
2026,3,PEDRO MATOS,Despesas com  Telefonia Móvel,TELEFÔNICA BRASIL S.A,02.558.157/0001/62,75.97,14893.59
2026,3,PEDRO MATOS,Despesas com Comunicação e Divulgação de Mandato,R e K PRODUCÕES E ASSESORIA LTDA,16.880.815/0001-42,6662.5,8231.09
2026,3,PEDRO MATOS,Despesas com Comunicação e Divulgação de Mandato,R e K PRODUCÕES E ASSESORIA LTDA,16.880.815/0001-42,975.0,7256.09
2026,3,PEDRO MATOS,Despesas com Consultória Jurídica,CARVALHO & SANTOS ADV,34.636.322/0001-43,4490.5,2765.59
2026,3,PEDRO MATOS,Despesas com Consultória Jurídica,CARVALHO & SANTOS ADV,34.636.322/0001-43,2758.45,7.14000000000033
2026,3,PPCELL,Vale Combustível ( Gab 25 ),PRIME LTDA,05.340.639/0001-30,8910.0,22367.9
2026,3,PPCELL,Vale Alimentação,PLUXEE BENEFÍCIOS BRASIL,69.034.668/0001-56,5427.0,16940.9
2026,3,PPCELL,Vale Restaurante,PLUXEE BENEFÍCIOS BRASIL,69.034.668/0001-56,2713.0,14227.9
2026,3,PPCELL,Passcard´s Eletrônicos,SINDIÔNIBUS,07.341.423/0001-14,0.0,14227.9
2026,3,PPCELL,Despesas com Serviço Gráfico,GRÁFICA RDS,02.265.186/0001-36,7705.01,6522.89
2026,3,PPCELL,Despesas com Locação de Veículo,CASABLANCA RENT A CAR,03.977.401/0001-94,6510.0,12.8899999999994
2026,3,PRISCILA COSTA,Vale Combustível ( Gab 19 ),PRIME LTDA,05.340.639/0001-30,5190.0,25707.63
2026,3,PRISCILA COSTA,Vale Alimentação,PLUXEE BENEFÍCIOS BRASIL,69.034.668/0001-56,4720.0,20987.63
2026,3,PRISCILA COSTA,Vale Restaurante,PLUXEE BENEFÍCIOS BRASIL,69.034.668/0001-56,2360.0,18627.63
2026,3,PRISCILA COSTA,Passcard´s Eletrônicos,SINDIÔNIBUS,07.341.423/0001-14,0.0,18627.63
2026,3,PRISCILA COSTA,Desp.com Comunicação e Divulg. de Mandato,PRM Comunic.Gestão Emp. ltda,37.842.306/0001-03,6500.0,12127.63
2026,3,PRISCILA COSTA,Despesas com Consultória Jurídica,BARBOSA E MORAES SOC-ADV,38.028.070/0001-20,5132.0,6995.63
2026,3,PRISCILA COSTA,Despesas com Serviço Gráfico,GRÁFICA RDS,02.265.186/0001-36,6981.2,14.4300000000012
2026,3,PROF. AGUIAR TOBA,Vale Combustível ( Gab 17 ),PRIME LTDA,05.340.639/0001-30,7870.05,23074.48
2026,3,PROF. AGUIAR TOBA,Vale Alimentação,PLUXEE BENEFÍCIOS BRASIL,69.034.668/0001-56,5427.62,17646.86
2026,3,PROF. AGUIAR TOBA,Vale Restaurante,PLUXEE BENEFÍCIOS BRASIL,69.034.668/0001-56,2713.8,14933.06
2026,3,PROF. AGUIAR TOBA,Passcard´s Eletrônicos,SINDIÔNIBUS,07.341.423/0001-14,0.0,14933.06
2026,3,PROF. AGUIAR TOBA,Despesas com Serviço Gráfico,GRÁFICA MS SOLUÇÕES LTDA,43.377.752/0001-89,4425.85,10507.21
2026,3,PROF. AGUIAR TOBA,Despesas com Serviço Gráfico,GRÁFICA MS SOLUÇÕES LTDA,43.377.752/0001-89,2861.95,7645.26
2026,3,PROF. AGUIAR TOBA,Despesas com Comunicação e Divulgação de Mandato,MARKETING ON SOFTWARE E PUB. LTDA,45.565.661/0001-00,7637.5,7.75999999999931
2026,3,PROFESSOR ENILSON,Vale Combustível ( Gab 09 ),PRIME LTDA,05.340.639/0001-30,7592.0,23502.62
2026,3,PROFESSOR ENILSON,Vale Alimentação,PLUXEE BENEFÍCIOS BRASIL,69.034.668/0001-56,5420.0,18082.62
2026,3,PROFESSOR ENILSON,Vale Restaurante,PLUXEE BENEFÍCIOS BRASIL,69.034.668/0001-56,2360.0,15722.62
2026,3,PROFESSOR ENILSON,Passcard´s Eletrônicos,SINDIÔNIBUS,07.341.423/0001-14,0.0,15722.62
2026,3,PROFESSOR ENILSON,Despesas com Serviço Gráfico,GRÁFICA MS SOLUÇÕES LDA,43.377.752/0001-89,6652.85,9069.77
2026,3,PROFESSOR ENILSON,Despesas com Serviço Gráfico,GRÁFICA MS SOLUÇÕES LDA,43.377.752/0001-89,1063.31,8006.46
2026,3,PROFESSOR ENILSON,Despesas com Comunicação e Divulg.Mandato,AGÊNCIA PIC MKT LTDA,32.075.292/0001-18,4998.5,3007.96
2026,3,PROFESSOR ENILSON,Despesas com Comunicação e Divulg.Mandato,AGÊNCIA PIC MKT LTDA,32.075.292/0001-18,2717.0,290.960000000001
2026,3,RAIMUNDO FILHO,Vale Combustível ( Gab 11 ),PRIME LTDA,05.340.639/0001-30,7044.0,23905.86
2026,3,RAIMUNDO FILHO,Vale Alimentação,PLUXEE BENEFÍCIOS BRASIL,69.034.668/0001-56,5400.0,18505.86
2026,3,RAIMUNDO FILHO,Vale Restaurante,PLUXEE BENEFÍCIOS BRASIL,69.034.668/0001-56,2360.0,16145.86
2026,3,RAIMUNDO FILHO,Passcard´s Eletrônicos,SINDIÔNIBUS,07.341.423/0001-14,0.0,16145.86
2026,3,RAIMUNDO FILHO,Despesas com Serviço Gráfico,GRÁFICA MS SOLUÇÕES LDA,43.377.752/0001-89,5653.98,10491.88
2026,3,RAIMUNDO FILHO,Despesas com Serviço Gráfico,GRÁFICA MS SOLUÇÕES LDA,43.377.752/0001-89,2051.1,8440.78
2026,3,RAIMUNDO FILHO,Despesas com Locação de Veículo,CASABLANCA RENT A CAR,03.977.401/0001-94,6640.0,1800.78
2026,3,RENÉ PESSOA,Vale Combustível ( Gab 22 ),PRIME LTDA,05.340.639/0001-30,7870.05,23006.27
2026,3,RENÉ PESSOA,Vale Alimentação,PLUXEE BENEFÍCIOS BRASIL,69.034.668/0001-56,5427.62,17578.65
2026,3,RENÉ PESSOA,Vale Restaurante,PLUXEE BENEFÍCIOS BRASIL,69.034.668/0001-56,2713.81,14864.84
2026,3,RENÉ PESSOA,Passcard´s Eletrônicos,SINDIÔNIBUS,07.341.423/0001-14,496.8,14368.04
2026,3,RENÉ PESSOA,Despesas com Comunicação e Divulg. Mandato,PRM-COMUN.GESTÃO EMP. LTDA,37.842.306/0001-03,7637.5,6730.54
2026,3,RENÉ PESSOA,Despesas com Locação de Veículo,CASABLANCA RENT A CAR,03.977.401/0001-94,6300.0,430.540000000001
2026,3,RENÉ PESSOA,Despesas com Locação de Veículo,CASABLANCA RENT A CAR,03.977.401/0001-94,420.0,10.5400000000009
2026,3,RONALDO MARTINS,Vale Combustível ( Gab 32 ),PRIME LTDA,05.340.639/0001-30,8952.0,21925.42
2026,3,RONALDO MARTINS,Vale Alimentação,PLUXEE BENEFÍCIOS BRASIL,69.034.668/0001-56,6173.0,15752.42
2026,3,RONALDO MARTINS,Vale Restaurante,PLUXEE BENEFÍCIOS BRASIL,69.034.668/0001-56,3086.0,12666.42
2026,3,RONALDO MARTINS,Passcard´s Eletrônicos,SINDIÔNIBUS,07.341.423/0001-14,2246.4,10420.02
2026,3,RONALDO MARTINS,Despesas com Serviço Gráfico,GRÁFICA QUALIGRAF EDITORA LTDA,02.933.302/0001-48,1359.89,9060.13
2026,3,RONALDO MARTINS,Despesas com locação de veículo,CASABLANCA RENT A CAR,03.977.401/0001-94,9060.0,0.130000000001019
2026,3,TIA FRANCISCA,Vale Combustível ( Gab 35 ),PRIME LTDA,05.340.639/0001-30,6500.0,24567.82
2026,3,TIA FRANCISCA,Vale Alimentação,PLUXEE BENEFÍCIOS BRASIL,69.034.668/0001-56,5400.0,19167.82
2026,3,TIA FRANCISCA,Vale Restaurante,PLUXEE BENEFÍCIOS BRASIL,69.034.668/0001-56,2713.0,16454.82
2026,3,TIA FRANCISCA,Passcard´s Eletrônicos,SINDIÔNIBUS,07.341.423/0001-14,297.0,16157.82
2026,3,TIA FRANCISCA,Despesas com Consultoria Jurídica,ANTÔNIO ALBUQUERQUE-ADV,47.730.644/0001-07,5491.25,10666.57
2026,3,TIA FRANCISCA,Despesas com Comunicação e Divulgação de Mandato,MARKETING ON SOFTWARE E PUB. LTDA,45.565.661/0001-00,6662.5,4004.07
2026,3,TIA FRANCISCA,Despesas com Consultoria Jurídica,THIAGO MONTESUMA-ADV.ASSOC.,59.861.314/0001-21,2131.5,1872.57
2026,3,TONY BRITO,Vale Combustível ( Gab 26 ),PRIME LTDA,05.340.639/0001-30,8700.0,22195.82
2026,3,TONY BRITO,Vale Alimentação,PLUXEE BENEFÍCIOS BRASIL,69.034.668/0001-56,5000.0,17195.82
2026,3,TONY BRITO,Vale Restaurante,PLUXEE BENEFÍCIOS BRASIL,69.034.668/0001-56,2500.0,14695.82
2026,3,TONY BRITO,Passcard´s Eletrônicos,SINDIÔNIBUS,07.341.423/0001-14,0.0,14695.82
2026,3,TONY BRITO,Despesas com Comunicação e Divulgação de Mandato,PRM COMUNIC. GESTÃO EMPRES. LTDA,37.842.306/0001-03,5525.0,9170.82
2026,3,TONY BRITO,Despesas com Comunicação e Divulgação de Mandato,PRM COMUNIC. GESTÃO EMPRES. LTDA,37.842.306/0001-03,2112.5,7058.32
2026,3,TONY BRITO,Despesas com Locação de Veículo,CASABLANCA RENT A CAR,06.621.791/0001-53,7000.0,58.3199999999997
2026,4,ADAIL JR,Vale Combustível  ( Gab 06 ),PRIME LTDA,05.340.639/0001-30,8952.0,21917.56
2026,4,ADAIL JR,Vale Alimentação,PLUXEE BENEFÍCIOS BRASIL,69.034.668/0001-56,6173.0,15744.56
2026,4,ADAIL JR,Vale Restaurante,PLUXEE BENEFÍCIOS BRASIL,69.034.668/0001-56,3086.0,12658.56
2026,4,ADAIL JR,Passcard´s Eletrônicos,SINDIÔNIBUS,07.341.423/0001-14,0.0,12658.56
2026,4,ADAIL JR,Despesas com Consultória Jurídica,THIAGO MONTEZUMA-ADV ASSOCIADOS,59.861.314/0001-21,7612.5,5046.06
2026,4,ADAIL JR,Despesas com Locação de Veículo,CASABLANCA RENT A CAR,03.977.401/0001-94,5045.0,1.06000000000131
2026,4,ADRIANA ALMEIDA,Vale Combustível ( Gab 08 ),PRIME LTDA,05.340.639/0001-30,4100.0,26769.56
2026,4,ADRIANA ALMEIDA,Vale Alimentação,PLUXEE BENEFÍCIOS BRASIL,69.034.668/0001-56,4000.0,22769.56
2026,4,ADRIANA ALMEIDA,Vale Restaurante,PLUXEE BENEFÍCIOS BRASIL,69.034.668/0001-56,2300.0,20469.56
2026,4,ADRIANA ALMEIDA,Passcard´s Eletrônicos,SINDIÔNIBUS,07.341.423/0001-14,1026.0,19443.56
2026,4,ADRIANA ALMEIDA,Despesas com Consultoria Jurídica,BRUNO DE SOUSA-ADV,47.771.413/0001-33,4490.5,14953.06
2026,4,ADRIANA ALMEIDA,Despesas com Serviço Gráfico,GRÁFICA PRINTCOLOR,02.824.298/0001-80,7492.45,7460.61
2026,4,ADRIANA ALMEIDA,Despesas com Locação de Veículo,CASABLANCA RENT A CAR,03.977.401/0001-94,5145.0,2315.61
2026,4,ADRIANA ALMEIDA,Despesas com Locação de Veículo,CASABLANCA RENT A CAR,03.977.401/0001-94,2315.0,0.610000000001492
2026,4,ADRIANA GERÔNIMO,Vale Combustível ( Gab 30 ),PRIME LTDA,05.340.639/0001-30,7729.0,23140.56
2026,4,ADRIANA GERÔNIMO,Vale Alimentação,PLUXEE BENEFÍCIOS BRASIL,69.034.668/0001-56,6127.62,17012.94
2026,4,ADRIANA GERÔNIMO,Vale Restaurante,PLUXEE BENEFÍCIOS BRASIL,69.034.668/0001-56,3086.0,13926.94
2026,4,ADRIANA GERÔNIMO,Passcard´s Eletrônicos,SINDIÔNIBUS,07.341.423/0001-14,1587.6,12339.34
2026,4,ADRIANA GERÔNIMO,Despesas com Telefonia Móvel,TELEFÔNICA BRASIL S.A,02.558.157/0001/62,1249.72,11089.62
2026,4,ADRIANA GERÔNIMO,Despesas com  Telefonia Móvel,TIM S.A,02.421421/0001-11,70.23,11019.39
2026,4,ADRIANA GERÔNIMO,Despesas com Consultória Jurídica,BRUNO SOUSA – ADV,47.771.413/0001-33,4490.5,6528.89
2026,4,ADRIANA GERÔNIMO,Despesas com Hospedagem,R MORAES AGENCIA DE TURISMO,06.955.770/0001-74,2898.45,3630.44
2026,4,ADRIANA GERÔNIMO,Despesas com Locação de ônibus,CASABLANCA RENT A CAR,03.977.401/0001-94,880.0,2750.44
2026,4,AGAYLSON,Vale Combustível ( Gab 18 ),PRIME LTDA,05.340.639/0001-30,7600.0,23269.56
2026,4,AGAYLSON,Vale Alimentação,PLUXEE BENEFÍCIOS BRASIL,69.034.668/0001-56,4500.0,18769.56
2026,4,AGAYLSON,Vale Restaurante,PLUXEE BENEFÍCIOS BRASIL,69.034.668/0001-56,2700.0,16069.56
2026,4,AGAYLSON,Passcard´s Eletrônicos,SINDIÔNIBUS,07.341.423/0001-14,0.0,16069.56
2026,4,AGAYLSON,Despesas com Serviço Gráfico,GRÁFICA  PRINTCOLOR,02.824.298/0001-80,5264.93,10804.63
2026,4,AGAYLSON,Despesas com Locação de Veículo,CASABLANCA RENT A CAR,03.977.401/0001-94,10800.0,4.6299999999992
2026,4,APOLLO VICZ,Vale Combustível ( Gab 29 ),PRIME LTDA,05.340.639/0001-30,4127.0,26742.56
2026,4,APOLLO VICZ,Vale Alimentação,PLUXEE BENEFÍCIOS BRASIL,69.034.668/0001-56,5427.0,21315.56
2026,4,APOLLO VICZ,Vale Restaurante,PLUXEE BENEFÍCIOS BRASIL,69.034.668/0001-56,0.0,21315.56
2026,4,APOLLO VICZ,Passcard´s Eletrônicos,SINDIÔNIBUS,07.341.423/0001-14,0.0,21315.56
2026,4,APOLLO VICZ,Despesas com Serviço Gráfico,GRÁFICA MS SOLUÇÕES LTDA,43.377.752/0001-89,3770.17,17545.39
2026,4,APOLLO VICZ,Despesas com Consultória Jurídica,AGUIAR -ADV. ASSOCIADOS,09.403.820/0001-07,6735.75,10809.64
2026,4,APOLLO VICZ,Despesas com Locação de Veículo,CASABLANCA RENT A CAR,03.977.401/0001-94,10800.0,9.63999999999942
2026,4,BELLA CARMELO,Vale Combustível ( Gab 42 ),PRIME LTDA,05.340.639/0001-30,3500.0,27369.56
2026,4,BELLA CARMELO,Vale Alimentação,PLUXEE BENEFÍCIOS BRASIL,69.034.668/0001-56,2300.0,25069.56
2026,4,BELLA CARMELO,Vale Restaurante,PLUXEE BENEFÍCIOS BRASIL,69.034.668/0001-56,2000.0,23069.56
2026,4,BELLA CARMELO,Passcard´s Eletrônicos,SINDIÔNIBUS,07.341.423/0001-14,0.0,23069.56
2026,4,BELLA CARMELO,Despesas com Telefonia Móvel,CLARO S.A,40.432.544/0001-47,583.2,22486.36
2026,4,BELLA CARMELO,Despesas com Locação de Veículo,CASABLANCA RENT A CAR,03.977.401/0001-94,10800.0,11686.36
2026,4,BENIGNO JR,Vale Combustível ( Gab 23 ),PRIME LTDA,05.340.639/0001-30,8500.0,22369.56
2026,4,BENIGNO JR,Vale Alimentação,PLUXEE BENEFÍCIOS BRASIL,69.034.668/0001-56,6000.0,16369.56
2026,4,BENIGNO JR,Vale Restaurante,PLUXEE BENEFÍCIOS BRASIL,69.034.668/0001-56,3000.0,13369.56
2026,4,BENIGNO JR,Passcard´s Eletrônicos,SINDIÔNIBUS,07.341.423/0001-14,0.0,13369.56
2026,4,BENIGNO JR,Despesas com Telefonia Móvel,TELEFÔNICA BRASIL S.A,02.558.157/0001/62,738.48,12631.08
2026,4,BENIGNO JR,Despesas com Serviço Gráfico,GRÁFICA COPY JET DIGITAL,32.656.125/0001-60,6070.61,6560.47
2026,4,BENIGNO JR,Despesas com Locação de Veículo,CASABLANCA RENT A CAR,03.977.401/0001-94,6090.0,470.470000000002
2026,4,BRUNO MESQUITA,Vale Combustível ( Gab 01 ),PRIME LTDA,05.340.639/0001-30,8952.0,21917.56
2026,4,BRUNO MESQUITA,Vale Alimentação,PLUXEE BENEFÍCIOS BRASIL,69.034.668/0001-56,6173.0,15744.56
2026,4,BRUNO MESQUITA,Vale Restaurante,PLUXEE BENEFÍCIOS BRASIL,69.034.668/0001-56,2710.0,13034.56
2026,4,BRUNO MESQUITA,Passcard´s Eletrônicos,SINDIÔNIBUS,07.341.423/0001-14,270.0,12764.56
2026,4,BRUNO MESQUITA,Despesas com Serviço Gráfico,GRÁFICA RDS,02.265.186/0001-36,7004.55,5760.01
2026,4,BRUNO MESQUITA,Despesas com Locação de Veículo,CASABLANCA RENT A CAR,03.977.401/0001-94,5670.0,90.0099999999993
2026,4,CARLA IBIAPINA,Vale Combustível ( Gab 38 ),PRIME LTDA,05.340.639/0001-30,7000.0,23869.56
2026,4,CARLA IBIAPINA,Vale Alimentação,PLUXEE BENEFÍCIOS BRASIL,69.034.668/0001-56,5426.0,18443.56
2026,4,CARLA IBIAPINA,Vale Restaurante,PLUXEE BENEFÍCIOS BRASIL,69.034.668/0001-56,2713.0,15730.56
2026,4,CARLA IBIAPINA,Passcard´s Eletrônicos,SINDIÔNIBUS,07.341.423/0001-14,0.0,15730.56
2026,4,CARLA IBIAPINA,Despesas com Serviço Gráfico,GRÁFICA MS SOLUÇÕES LTDA,43.377.752/0001-89,7714.97,8015.59
2026,4,CARLA IBIAPINA,Despesas com Comunicação e Divulgação de Mandato,MARKETING ON SOFTWARE E PUB. LTDA,45.565.661/0001-00,7637.5,378.090000000001
2026,4,CHIQUINHO DOS CARNEIROS,Vale Combustível ( Gab 28 ),PRIME LTDA,05.340.639/0001-30,8950.0,21919.56
2026,4,CHIQUINHO DOS CARNEIROS,Vale Alimentação,PLUXEE BENEFÍCIOS BRASIL,69.034.668/0001-56,6170.0,15749.56
2026,4,CHIQUINHO DOS CARNEIROS,Vale Restaurante,PLUXEE BENEFÍCIOS BRASIL,69.034.668/0001-56,3000.0,12749.56
2026,4,CHIQUINHO DOS CARNEIROS,Passcard´s Eletrônicos,SINDIÔNIBUS,07.341.423/0001-14,0.0,12749.56
2026,4,CHIQUINHO DOS CARNEIROS,Despesas com Serviço Gráfico,GRÁFICA MS SOLUÇÕES LDA,43.377.752/0001-89,7714.97,5034.59
2026,4,DR. LUCIANO GIRÃO,Vale Combustível ( GAB 15 ),PRIME LTDA,05.340.639/0001-30,8900.0,21969.56
2026,4,DR. LUCIANO GIRÃO,Vale Alimentação,PLUXEE BENEFÍCIOS BRASIL,69.034.668/0001-56,6173.91,15795.65
2026,4,DR. LUCIANO GIRÃO,Vale Restaurante,PLUXEE BENEFÍCIOS BRASIL,69.034.668/0001-56,3086.95,12708.7
2026,4,DR. LUCIANO GIRÃO,Passcard´s Eletrônicos,SINDIÔNIBUS,07.341.423/0001-14,216.0,12492.7
2026,4,DR. LUCIANO GIRÃO,Despesas com Telefonia Móvel,TELEFÔNICA BRASIL S.A,02.558.157/0001/62,1066.49,11426.21
2026,4,DR. LUCIANO GIRÃO,Despesas com  Telefonia Móvel,CLARO S.A,40.432.544/0001/47,57.01,11369.2
2026,4,DR. LUCIANO GIRÃO,Despesas com Locação de Veículo,CASABLANCA RENT A CAR,03.977.401/0001-94,9135.0,2234.2
2026,4,DR. LUCIANO GIRÃO,Despesas com Locação de Veículo,CASABLANCA RENT A CAR,03.977.401/0001-94,1665.0,569.200000000001
2026,4,DR. VICENTE,Vale Combustível (GAB 43 ),PRIME LTDA,05.340.639/0001-30,6800.0,24069.56
2026,4,DR. VICENTE,Vale Alimentação,PLUXEE BENEFÍCIOS BRASIL,69.034.668/0001-56,4800.0,19269.56
2026,4,DR. VICENTE,Vale Restaurante,PLUXEE BENEFÍCIOS BRASIL,69.034.668/0001-56,2700.0,16569.56
2026,4,DR. VICENTE,Passcard´s Eletrônicos,SINDIÔNIBUS,07.341.423/0001-14,432.0,16137.56
2026,4,DR. VICENTE,Despesas com  Telefonia Móvel,TELEFÔNICA BRASIL S.A,02.558.157/0001/62,0.0,16137.56
2026,4,DR. VICENTE,Despesas com  Telefonia Móvel,CLARO S.A,40.432.544/0001/47,29.9,16107.66
2026,4,DR. VICENTE,Despesas com Consultória Jurídica,BRUNO SOUSA – ADV,47.771.413/0001-33,7698.0,8409.66
2026,4,DR. VICENTE,Despesas com Serviço Gráfico,GRÁFICA PRINTCOLOR,02.824.298/0001-80,7695.04,714.620000000002
2026,4,EMANUEL ACRIZIO,Vale Combustível ( Gab 03 ),PRIME LTDA,05.340.639/0001-30,8952.0,21917.56
2026,4,EMANUEL ACRIZIO,Vale Alimentação,PLUXEE BENEFÍCIOS BRASIL,69.034.668/0001-56,6173.0,15744.56
2026,4,EMANUEL ACRIZIO,Vale Restaurante,PLUXEE BENEFÍCIOS BRASIL,69.034.668/0001-56,3086.0,12658.56
2026,4,EMANUEL ACRIZIO,Passcard´s Eletrônicos,SINDIÔNIBUS,07.341.423/0001-14,648.0,12010.56
2026,4,EMANUEL ACRIZIO,Despesas com Serviço Gráfico,GRÁFICA  PRINTCOLOR,02.824.298/0001-80,6897.86,5112.7
2026,4,EMANUEL ACRIZIO,Despesas com Locação de Veículo,CASABLANCA RENT A CAR,06.621.791/0001-53,5040.0,72.6999999999998
2026,4,ERICH DOUGLAS,Vale Combustível ( Gab 35 ),PRIME LTDA,05.340.639/0001-30,6500.0,24369.56
2026,4,ERICH DOUGLAS,Vale Alimentação,PLUXEE BENEFÍCIOS BRASIL,69.034.668/0001-56,5400.0,18969.56
2026,4,ERICH DOUGLAS,Vale Restaurante,PLUXEE BENEFÍCIOS BRASIL,69.034.668/0001-56,2713.0,16256.56
2026,4,ERICH DOUGLAS,Passcard´s Eletrônicos,SINDIÔNIBUS,07.341.423/0001-14,297.0,15959.56
2026,4,ERICH DOUGLAS,Despesas com Consultoria Jurídica,ANTÔNIO ALBUQUERQUE-ADV,47.730.644/0001-07,6778.27,9181.29
2026,4,ERICH DOUGLAS,Despesas com Comunicação e Divulgação de Mandato,MARKETING ON SOFTWARE E PUB. LTDA,45.565.661/0001-00,7637.5,1543.79
2026,4,ERICH DOUGLAS,Despesas com Serviço Gráfico,QUALIGRAF EDITORA E GRÁFICA LTDA,02.933.302/0001-48,1180.71,363.079999999999
2026,4,ESTRELA BARROS,Vale Combustível ( Gab 26 ),PRIME LTDA,05.340.639/0001-30,8900.0,21969.56
2026,4,ESTRELA BARROS,Vale Alimentação,PLUXEE BENEFÍCIOS BRASIL,69.034.668/0001-56,6100.0,15869.56
2026,4,ESTRELA BARROS,Vale Restaurante,PLUXEE BENEFÍCIOS BRASIL,69.034.668/0001-56,3000.0,12869.56
2026,4,ESTRELA BARROS,Passcard´s Eletrônicos,SINDIÔNIBUS,07.341.423/0001-14,0.0,12869.56
2026,4,ESTRELA BARROS,Despesas com Serviço Gráfico,GRÁFICA MS SOLUÇÕES LTDA,43.377.752/0001-89,4994.35,7875.21
2026,4,ESTRELA BARROS,Despesas com Serviço Gráfico,GRÁFICA MS SOLUÇÕES LTDA,43.377.752/0001-89,874.5,7000.71
2026,4,ESTRELA BARROS,Despesas com Locação de Veículo,CASABLANCA RENT A CAR,06.621.791/0001-53,7000.0,0.709999999999127
2026,4,GABRIEL AGUIAR,Vale Combustível ( Gab 41 ),PRIME LTDA,05.340.639/0001-30,6800.0,24069.56
2026,4,GABRIEL AGUIAR,Vale Alimentação,PLUXEE BENEFÍCIOS BRASIL,69.034.668/0001-56,6100.0,17969.56
2026,4,GABRIEL AGUIAR,Vale Restaurante,PLUXEE BENEFÍCIOS BRASIL,69.034.668/0001-56,2700.0,15269.56
2026,4,GABRIEL AGUIAR,Passcard´s Eletrônicos,SINDIÔNIBUS,07.341.423/0001-14,2700.0,12569.56
2026,4,GABRIEL AGUIAR,Despesas com Locação de Veículo,CASABLANCA RENT A CAR,03.977.401/0001-94,5670.0,6899.56
2026,4,GARDEL ROLIM,Vale Combustível ( Gab 27 ),PRIME LTDA,05.340.639/0001-30,8500.0,22369.56
2026,4,GARDEL ROLIM,Vale Alimentação,PLUXEE BENEFÍCIOS BRASIL,69.034.668/0001-56,6100.0,16269.56
2026,4,GARDEL ROLIM,Vale Restaurante,PLUXEE BENEFÍCIOS BRASIL,69.034.668/0001-56,3000.0,13269.56
2026,4,GARDEL ROLIM,Passcard´s Eletrônicos,SINDIÔNIBUS,07.341.423/0001-14,0.0,13269.56
2026,4,GARDEL ROLIM,Despesas com Telefonia Móvel,TELEFÔNICA BRASIL S.A,02.558.157/0001/62,113.93,13155.63
2026,4,GARDEL ROLIM,Despesas com Consultória Jurídica,THIAGO MONTEZUMA-ADV ASSOCIADOS,59.861.314/0001-21,4567.5,8588.13
2026,4,GARDEL ROLIM,Despesas com Serviço Gráfico,GRÁFICA PRINTCOLOR,02.824.298/0001-80,2012.55,6575.58
2026,4,GARDEL ROLIM,Despesas com Locação de Veículo,CASABLANCA RENT A CAR,06.621.791/0001-53,6510.0,65.579999999999
2026,4,GERMANO HEMAN,Vale Combustível  ( GAB 16 ),PRIME LTDA,05.340.639/0001-30,8952.0,21917.56
2026,4,GERMANO HEMAN,Vale Alimentação,PLUXEE BENEFÍCIOS BRASIL,69.034.668/0001-56,6173.0,15744.56
2026,4,GERMANO HEMAN,Vale Restaurante,PLUXEE BENEFÍCIOS BRASIL,69.034.668/0001-56,3086.0,12658.56
2026,4,GERMANO HEMAN,Passcard´s Eletrônicos,SINDIÔNIBUS,07.341.423/0001-14,0.0,12658.56
2026,4,GERMANO HEMAN,Despesas com Telefonia Móvel,CLARO S.A,40.432.544/0001/47,106.42,12552.14
2026,4,GERMANO HEMAN,Despesas com Telefonia Móvel,TIM S.A,02.421.421/0001-11,62.9,12489.24
2026,4,GERMANO HEMAN,Despesas com Locação de Veículo,CASABLANCA RENT A CAR,03.977.401/0001-94,10800.0,1689.24
2026,4,INSPETOR ALBERTO,Vale Combustível ( Gab 39 ),PRIME LTDA,05.340.639/0001-30,7870.0,22999.56
2026,4,INSPETOR ALBERTO,Vale Alimentação,PLUXEE BENEFÍCIOS BRASIL,69.034.668/0001-56,5427.0,17572.56
2026,4,INSPETOR ALBERTO,Vale Restaurante,PLUXEE BENEFÍCIOS BRASIL,69.034.668/0001-56,2713.0,14859.56
2026,4,INSPETOR ALBERTO,Passcard´s Eletrônicos,SINDIÔNIBUS,07.341.423/0001-14,0.0,14859.56
2026,4,INSPETOR ALBERTO,Despesas com Comunicação e Divulg. Mandato,PRM-COMUN.GESTÃO EMP. LTDA,37.842.306/0001-03,7637.5,7222.06
2026,4,INSPETOR ALBERTO,Despesas com Consultoria jurídica,MATHEUS FERREIRA-SOC.IND-ADV,56.638.251/0001-50,7214.75,7.31000000000131
2026,4,IRMÃO LÉO,Vale Combustível ( Gab 40 ),PRIME LTDA,05.340.639/0001-30,8952.0,21917.56
2026,4,IRMÃO LÉO,Vale Alimentação,PLUXEE BENEFÍCIOS BRASIL,69.034.668/0001-56,6173.91,15743.65
2026,4,IRMÃO LÉO,Vale Restaurante,PLUXEE BENEFÍCIOS BRASIL,69.034.668/0001-56,3086.0,12657.65
2026,4,IRMÃO LÉO,Passcard´s Eletrônicos,SINDIÔNIBUS,07.341.423/0001-14,0.0,12657.65
2026,4,IRMÃO LÉO,Despesas com Comunicação e Divulg. Mandato,MARKETING ON SOFTWARE E PUBLICIDADE LTDA,45.565.661/0001-00,7637.5,5020.15
2026,4,IRMÃO LÉO,Despesas com Consultória Jurídica,MIKHAIL DAMASCENO – SOC. IND. ADV,62.957.587/0001-89,4811.25,208.9
2026,4,JÂNIO HENRIQUE,Vale Combustível ( Gab 24 ),PRIME LTDA,05.340.639/0001-30,7850.0,23019.56
2026,4,JÂNIO HENRIQUE,Vale Alimentação,PLUXEE BENEFÍCIOS BRASIL,69.034.668/0001-56,5400.0,17619.56
2026,4,JÂNIO HENRIQUE,Vale Restaurante,PLUXEE BENEFÍCIOS BRASIL,69.034.668/0001-56,2700.0,14919.56
2026,4,JÂNIO HENRIQUE,Passcard´s Eletrônicos,SINDIÔNIBUS,07.341.423/0001-14,0.0,14919.56
2026,4,JÂNIO HENRIQUE,Despesas com Serviço Gráfico,GRÁFICA PRINTCOLOR,02.824.298/0001-80,5993.22,8926.34
2026,4,JÂNIO HENRIQUE,Despesas com Comunicação e Divulgação de Mandato,MARKETING ON SOFTWARE E PUB. LTDA,45.565.661/0001-00,7150.0,1776.34
2026,4,JOHN MONTEIRO,Vale Combustível ( Gab 07 ),PRIME LTDA,05.340.639/0001-30,4000.0,26869.56
2026,4,JOHN MONTEIRO,Vale Alimentação,PLUXEE BENEFÍCIOS BRASIL,69.034.668/0001-56,5140.0,21729.56
2026,4,JOHN MONTEIRO,Vale Restaurante,PLUXEE BENEFÍCIOS BRASIL,69.034.668/0001-56,2712.0,19017.56
2026,4,JOHN MONTEIRO,Passcard´s Eletrônicos,SINDIÔNIBUS,07.341.423/0001-14,0.0,19017.56
2026,4,JOHN MONTEIRO,Despesas com Serviço Gráfico,GRÁFICA MS SOLUÇÕES LDA,43.377.752/0001-89,7700.0,11317.56
2026,4,JOHN MONTEIRO,Despesas com Comunicação e Divulg. Mandato,PRM-COM.GESTÃO EMP.LTDA,37.842.306/0001-03,3575.0,7742.56
2026,4,JOHN MONTEIRO,Despesas com Consultória Jurídica,"COELHO, CASTRO & SOUSA ADV ASSOC.",22.326.735/0001-42,7698.0,44.5600000000013
2026,4,JORGE PINHEIRO,Vale Combustível ( Gab 36 ),PRIME LTDA,05.340.639/0001-30,5100.0,25769.56
2026,4,JORGE PINHEIRO,Vale Alimentação,PLUXEE BENEFÍCIOS BRASIL,69.034.668/0001-56,5427.0,20342.56
2026,4,JORGE PINHEIRO,Vale Restaurante,PLUXEE BENEFÍCIOS BRASIL,69.034.668/0001-56,2713.0,17629.56
2026,4,JORGE PINHEIRO,Passcard´s Eletrônicos,SINDIÔNIBUS,07.341.423/0001-14,356.4,17273.16
2026,4,JORGE PINHEIRO,Despesas com Telefonia Móvel,TELEFÔNICA BRASIL S.A,02.558.157/0001/62,151.91,17121.25
2026,4,JORGE PINHEIRO,Despesas com Comun. Divulg. Mandato,RM CEARÁ NOTICIAS LTDA,02.323.168/0001-63,975.0,16146.25
2026,4,KÁTIA RODRIGUÊS,Vale Combustível ( Gab 11 ),PRIME LTDA,05.340.639/0001-30,7044.0,23825.56
2026,4,KÁTIA RODRIGUÊS,Vale Alimentação,PLUXEE BENEFÍCIOS BRASIL,69.034.668/0001-56,5400.0,18425.56
2026,4,KÁTIA RODRIGUÊS,Vale Restaurante,PLUXEE BENEFÍCIOS BRASIL,69.034.668/0001-56,2360.0,16065.56
2026,4,KÁTIA RODRIGUÊS,Passcard´s Eletrônicos,SINDIÔNIBUS,07.341.423/0001-14,0.0,16065.56
2026,4,KÁTIA RODRIGUÊS,Despesas com Serviço Gráfico,GRÁFICA MS SOLUÇÕES LDA,43.377.752/0001-89,6417.27,9648.29
2026,4,KÁTIA RODRIGUÊS,Despesas com Locação de Veículo,CASABLANCA RENT A CAR,03.977.401/0001-94,9640.0,8.29000000000087
2026,4,LAEL SENA,Vale Combustível ( Gab 21 ),PRIME LTDA,05.340.639/0001-30,7250.0,23619.56
2026,4,LAEL SENA,Vale Alimentação,PLUXEE BENEFÍCIOS BRASIL,69.034.668/0001-56,6173.0,17446.56
2026,4,LAEL SENA,Vale Restaurante,PLUXEE BENEFÍCIOS BRASIL,69.034.668/0001-56,3085.0,14361.56
2026,4,LAEL SENA,Passcard´s Eletrônicos,SINDIÔNIBUS,07.341.423/0001-14,1620.0,12741.56
2026,4,LAEL SENA,Despesas com Serviço Gráfico,GRÁFICA RONDA LTDA,07.651.0003/0001-34,7689.41,5052.15
2026,4,LAEL SENA,Despesas com Locação de Veículo,CASABLANCA RENT A CAR,03.977.401/0001-94,5050.0,2.14999999999964
2026,4,LÉO COUTO,Vale Combustível ( Gab 20 ),PRIME LTDA,05.340.639/0001-30,5100.0,25769.56
2026,4,LÉO COUTO,Vale Alimentação,PLUXEE BENEFÍCIOS BRASIL,69.034.668/0001-56,3000.0,22769.56
2026,4,LÉO COUTO,Vale Restaurante,PLUXEE BENEFÍCIOS BRASIL,69.034.668/0001-56,2360.0,20409.56
2026,4,LÉO COUTO,Passcard´s Eletrônicos,SINDIÔNIBUS,07.341.423/0001-14,0.0,20409.56
2026,4,LÉO COUTO,Despesas com Consultória Jurídica,BARBOSA E MORAES SOC-ADV,38.028.070/0001-20,5773.5,14636.06
2026,4,LÉO COUTO,Despesas com Locação de Veículo,CASABLANCA RENT A CAR,03.977.401/0001-94,10800.0,3836.06
2026,4,LUIZ PAUPINA,Vale Combustível ( Gab 34 ),PRIME LTDA,05.340.639/0001-30,7870.05,22999.51
2026,4,LUIZ PAUPINA,Vale Alimentação,PLUXEE BENEFÍCIOS BRASIL,69.034.668/0001-56,5427.62,17571.89
2026,4,LUIZ PAUPINA,Vale Restaurante,PLUXEE BENEFÍCIOS BRASIL,69.034.668/0001-56,0.0,17571.89
2026,4,LUIZ PAUPINA,Passcard´s Eletrônicos,SINDIÔNIBUS,07.341.423/0001-14,0.0,17571.89
2026,4,LUIZ PAUPINA,Despesas com Serviço Gráfico,GRÁFICA MS SOLUÇÕES LDA,43.377.752/0001-89,7714.97,9856.92
2026,4,LUIZ PAUPINA,Despesas com Comunicação e Divulg. Mandato,PRM-COMUN.GESTÃO EMP. LTDA,37.842.306/0001-03,2762.5,7094.42
2026,4,LUIZ PAUPINA,Despesas com Locação de Veículo,CASABLANCA RENT A CAR,06.621.791/0001-53,6300.0,794.419999999998
2026,4,LUIZ PAUPINA,Despesas com Locação de Veículo,CASABLANCA RENT A CAR,06.621.791/0001-53,700.0,94.4199999999983
2026,4,MARCEL COLARES,Vale Combustível ( Gab 10 ),PRIME LTDA,05.340.639/0001-30,6250.0,24619.56
2026,4,MARCEL COLARES,Vale Alimentação,PLUXEE BENEFÍCIOS BRASIL,69.034.668/0001-56,5400.0,19219.56
2026,4,MARCEL COLARES,Vale Restaurante,PLUXEE BENEFÍCIOS BRASIL,69.034.668/0001-56,1600.0,17619.56
2026,4,MARCEL COLARES,Passcard´s Eletrônicos,SINDIÔNIBUS,07.341.423/0001-14,270.0,17349.56
2026,4,MARCEL COLARES,Despesas com Serviço Gráfico,GRÁFICA RDS,02.265.186/0001-36,6537.58,10811.98
2026,4,MARCEL COLARES,Despesas com Locação de Veículo,CASABLANCA RENT A CAR,03.977.401/0001-94,10800.0,11.9800000000014
2026,4,MARCELO MENDES,Vale Combustível ( Gab 12 ),PRIME LTDA,05.340.639/0001-30,7800.0,23069.56
2026,4,MARCELO MENDES,Vale Alimentação,PLUXEE BENEFÍCIOS BRASIL,69.034.668/0001-56,5410.0,17659.56
2026,4,MARCELO MENDES,Vale Restaurante,PLUXEE BENEFÍCIOS BRASIL,69.034.668/0001-56,2713.8,14945.76
2026,4,MARCELO MENDES,Passcard´s Eletrônicos Metropolitano,SINDIÔNIBUS,07.341.423/0001-14,238.0,14707.76
2026,4,MARCELO MENDES,Passcard´s Eletrônicos Urbano,SINDIÔNIBUS,07.341.423/0001-14,432.0,14275.76
2026,4,MARCELO MENDES,Despesas com Locação de Veículo,CASABLANCA RENT A CAR,03.977.401/0001-94,10590.0,3685.76
2026,4,MARCELO TCHELA,Vale Combustível ( GAB 02 ),PRIME LTDA,05.340.639/0001-30,4170.06,26699.5
2026,4,MARCELO TCHELA,Vale Alimentação,PLUXEE BENEFÍCIOS BRASIL,69.034.668/0001-56,5070.0,21629.5
2026,4,MARCELO TCHELA,Vale Restaurante,PLUXEE BENEFÍCIOS BRASIL,69.034.668/0001-56,2713.0,18916.5
2026,4,MARCELO TCHELA,Passcard´s Eletrônicos,SINDIÔNIBUS,07.341.423/0001-14,334.8,18581.7
2026,4,MARCELO TCHELA,Despesas com Serviço Gráfico,MS SOLUÇÕES GRÁFICA,43.377.752/0001-89,5314.74,13266.96
2026,4,MARCELO TCHELA,Despesas com Comun. Divulg. Mandato,MARKETING ON LTDA,45.565.661/0001-00,6662.5,6604.46
2026,4,MARCELO TCHELA,Despesas com Consultoria Jurídica,FABIANO GIOVANI – ADV,29.941.589/0001-04,6415.0,189.460000000001
2026,4,MARCIO MARTINS,Vale Combustível ( Gab 22 ),PRIME LTDA,05.340.639/0001-30,8952.05,21917.51
2026,4,MARCIO MARTINS,Vale Alimentação,PLUXEE BENEFÍCIOS BRASIL,69.034.668/0001-56,6173.62,15743.89
2026,4,MARCIO MARTINS,Vale Restaurante,PLUXEE BENEFÍCIOS BRASIL,69.034.668/0001-56,3086.95,12656.94
2026,4,MARCIO MARTINS,Passcard´s Eletrônicos,SINDIÔNIBUS,07.341.423/0001-14,496.8,12160.14
2026,4,MARCIO MARTINS,Despesas com Serviço Gráfico,GRÁFICA PRINTCOLOR,02.824.298/0001-80,4910.73,7249.41
2026,4,MARCIO MARTINS,Despesas com Locação de Veículo,CASABLANCA RENT A CAR,03.977.401/0001-94,6300.0,949.41
2026,4,MARCIO MARTINS,Despesas com Locação de Veículo,CASABLANCA RENT A CAR,03.977.401/0001-94,940.0,9.40999999999985
2026,4,MARCOS PAULO,Vale Combustível ( Gab 05 ),PRIME LTDA,05.340.639/0001-30,8500.0,22369.56
2026,4,MARCOS PAULO,Vale Alimentação,PLUXEE BENEFÍCIOS BRASIL,69.034.668/0001-56,5851.63,16517.93
2026,4,MARCOS PAULO,Vale Restaurante,PLUXEE BENEFÍCIOS BRASIL,69.034.668/0001-56,3086.0,13431.93
2026,4,MARCOS PAULO,Passcard´s Eletrônicos,SINDIÔNIBUS,07.341.423/0001-14,0.0,13431.93
2026,4,MARCOS PAULO,Despesas com Serviço Gráfico,GRÁFICA MS SOLUÇÕES LTDA,43.377.752/0001-89,7714.97,5716.96
2026,4,MARCOS PAULO,Despesas com Locação de Veículo,CASABLANCA RENT A CAR,03.977.401/0001-94,5670.0,46.96
2026,4,MARCOS PAULO,,,,0.0,0.0
2026,4,MARI LACERDA,Vale Combustível ( Gab 33 ),PRIME LTDA,05.340.639/0001-30,4464.0,26405.56
2026,4,MARI LACERDA,Vale Alimentação,PLUXEE BENEFÍCIOS BRASIL,69.034.668/0001-56,4900.0,21505.56
2026,4,MARI LACERDA,Vale Restaurante,PLUXEE BENEFÍCIOS BRASIL,69.034.668/0001-56,2500.0,19005.56
2026,4,MARI LACERDA,Passcard´s Eletrônicos,SINDIÔNIBUS,07.341.423/0001-14,599.4,18406.16
2026,4,MARI LACERDA,Despesas com  Telefonia Móvel,CLARO S.A,40.432.544/0001/47,1539.1,16867.06
2026,4,MARI LACERDA,Despesas com Serviço Gráfico,GRÁFICA PRINTCOLOR,02.824.298/0001-80,4998.59,11868.47
2026,4,MARI LACERDA,Despesas com Locação de Veículo,CASABLANCA RENT A CAR,03.977.401/0001-94,6000.0,5868.47
2026,4,MARI LACERDA,Despesas com Locação de Ônibus,CASABLANCA RENT A CAR,03.977.401/0001-94,1400.0,4468.47
2026,4,MICHEL LINS,Vale Combustível ( Gab 13 ),PRIME LTDA,05.340.639/0001-30,3000.0,27869.56
2026,4,MICHEL LINS,Vale Alimentação,PLUXEE BENEFÍCIOS BRASIL,69.034.668/0001-56,5462.13,22407.43
2026,4,MICHEL LINS,Vale Restaurante,PLUXEE BENEFÍCIOS BRASIL,69.034.668/0001-56,2360.0,20047.43
2026,4,MICHEL LINS,Passcard´s Eletrônicos,SINDIÔNIBUS,07.341.423/0001-14,0.0,20047.43
2026,4,MICHEL LINS,Despesas com Comunicação e Divulgação de Mandato,MARKETING ON SOFTWARE E PUB. LTDA,45.565.661/0001-00,6662.5,13384.93
2026,4,MICHEL LINS,Despesas com Serviço Gráfico,GRÁFICA RDS,02.265.186/0001-36,2109.46,11275.47
2026,4,MICHEL LINS,Despesas com Locação de Veículo,CASABLANCA RENT A CAR,03.977.401/0001-94,10800.0,475.470000000001
2026,4,PAULO MARTINS,Vale Combustível ( Gab 37 ),PRIME LTDA,05.340.639/0001-30,8950.0,21919.56
2026,4,PAULO MARTINS,Vale Alimentação,PLUXEE BENEFÍCIOS BRASIL,69.034.668/0001-56,6053.9,15865.66
2026,4,PAULO MARTINS,Vale Restaurante,PLUXEE BENEFÍCIOS BRASIL,69.034.668/0001-56,3086.0,12779.66
2026,4,PAULO MARTINS,Passcard´s Eletrônicos,SINDIÔNIBUS,07.341.423/0001-14,1927.8,10851.86
2026,4,PAULO MARTINS,Despesas com Telefonia Móvel,TELEFÔNICA BRASIL S.A,02.558.157/0001/62,151.91,10699.95
2026,4,PAULO MARTINS,Despesas com  Telefonia Móvel,CLARO S.A,40.432.544/0001/47,43.7,10656.25
2026,4,PAULO MARTINS,Despesas com Comunicação e Divulg. Mandato,PRM-COMUN.GESTÃO EMP. LTDA,37.842.306/0001-03,1452.5,9203.75
2026,4,PAULO MARTINS,Despesas com Locação de Veículo,CASABLANCA RENT A CAR,03.977.401/0001-94,5050.0,4153.75
2026,4,PAULO MARTINS,Despesas com Locação de Veículo,CASABLANCA RENT A CAR,03.977.401/0001-94,4000.0,153.75
2026,4,PEDRO MATOS,Vale Combustível ( Gab 04 ),PRIME LTDA,05.340.639/0001-30,7800.0,23069.56
2026,4,PEDRO MATOS,Vale Alimentação,PLUXEE BENEFÍCIOS BRASIL,69.034.668/0001-56,5400.0,17669.56
2026,4,PEDRO MATOS,Vale Restaurante,PLUXEE BENEFÍCIOS BRASIL,69.034.668/0001-56,2700.0,14969.56
2026,4,PEDRO MATOS,Passcard´s Eletrônicos,SINDIÔNIBUS,07.341.423/0001-14,0.0,14969.56
2026,4,PEDRO MATOS,Despesas com  Telefonia Móvel,TELEFÔNICA BRASIL S.A,02.558.157/0001/62,70.91,14898.65
2026,4,PEDRO MATOS,Despesas com Comunicação e Divulgação de Mandato,R e K PRODUCÕES E ASSESORIA LTDA,16.880.815/0001-42,7637.5,7261.15
2026,4,PEDRO MATOS,Despesas com Consultória Jurídica,CARVALHO & SANTOS ADV,34.636.322/0001-43,7248.95,12.2000000000016
2026,4,PPCELL,Vale Combustível ( Gab 25 ),PRIME LTDA,05.340.639/0001-30,8910.0,21959.56
2026,4,PPCELL,Vale Alimentação,PLUXEE BENEFÍCIOS BRASIL,69.034.668/0001-56,5427.0,16532.56
2026,4,PPCELL,Vale Restaurante,PLUXEE BENEFÍCIOS BRASIL,69.034.668/0001-56,2713.0,13819.56
2026,4,PPCELL,Passcard´s Eletrônicos,SINDIÔNIBUS,07.341.423/0001-14,0.0,13819.56
2026,4,PPCELL,Despesas com Serviço Gráfico,GRÁFICA RDS,02.265.186/0001-36,7308.08,6511.48
2026,4,PPCELL,Despesas com Locação de Veículo,CASABLANCA RENT A CAR,03.977.401/0001-94,6510.0,1.47999999999956
2026,4,PRISCILA COSTA,Vale Combustível ( Gab 19 ),PRIME LTDA,05.340.639/0001-30,5190.0,25679.56
2026,4,PRISCILA COSTA,Vale Alimentação,PLUXEE BENEFÍCIOS BRASIL,69.034.668/0001-56,4720.0,20959.56
2026,4,PRISCILA COSTA,Vale Restaurante,PLUXEE BENEFÍCIOS BRASIL,69.034.668/0001-56,2360.0,18599.56
2026,4,PRISCILA COSTA,Passcard´s Eletrônicos,SINDIÔNIBUS,07.341.423/0001-14,0.0,18599.56
2026,4,PRISCILA COSTA,Desp.com Comunicação e Divulg. de Mandato,PRM Comunic.Gestão Emp. ltda,37.842.306/0001-03,7637.5,10962.06
2026,4,PRISCILA COSTA,Despesas com Consultória Jurídica,BARBOSA E MORAES SOC-ADV,38.028.070/0001-20,7698.0,3264.06
2026,4,PROF. AGUIAR TOBA,Vale Combustível ( Gab 17 ),PRIME LTDA,05.340.639/0001-30,8952.05,21917.51
2026,4,PROF. AGUIAR TOBA,Vale Alimentação,PLUXEE BENEFÍCIOS BRASIL,69.034.668/0001-56,5557.63,16359.88
2026,4,PROF. AGUIAR TOBA,Vale Restaurante,PLUXEE BENEFÍCIOS BRASIL,69.034.668/0001-56,2713.8,13646.08
2026,4,PROF. AGUIAR TOBA,Passcard´s Eletrônicos,SINDIÔNIBUS,07.341.423/0001-14,0.0,13646.08
2026,4,PROF. AGUIAR TOBA,Despesas com Serviço Gráfico,GRÁFICA MS SOLUÇÕES LTDA,43.377.752/0001-89,7293.63,6352.45
2026,4,PROF. AGUIAR TOBA,Despesas com Comunicação e Divulgação de Mandato,MARKETING ON SOFTWARE E PUB. LTDA,45.565.661/0001-00,6337.5,14.9500000000016
2026,4,PROFESSOR ENILSON,Vale Combustível ( Gab 09 ),PRIME LTDA,05.340.639/0001-30,8952.17,21917.39
2026,4,PROFESSOR ENILSON,Vale Alimentação,PLUXEE BENEFÍCIOS BRASIL,69.034.668/0001-56,6173.91,15743.48
2026,4,PROFESSOR ENILSON,Vale Restaurante,PLUXEE BENEFÍCIOS BRASIL,69.034.668/0001-56,3086.95,12656.53
2026,4,PROFESSOR ENILSON,Passcard´s Eletrônicos,SINDIÔNIBUS,07.341.423/0001-14,0.0,12656.53
2026,4,PROFESSOR ENILSON,Despesas com Serviço Gráfico,GRÁFICA MS SOLUÇÕES LDA,43.377.752/0001-89,7655.11,5001.42
2026,4,PROFESSOR ENILSON,Despesas com Comunicação e Divulg.Mandato,AGÊNCIA PIC MKT LTDA,32.075.292/0001-18,4998.5,2.91999999999916
2026,4,RONALDO MARTINS,Vale Combustível ( Gab 32 ),PRIME LTDA,05.340.639/0001-30,8952.0,21917.56
2026,4,RONALDO MARTINS,Vale Alimentação,PLUXEE BENEFÍCIOS BRASIL,69.034.668/0001-56,6173.0,15744.56
2026,4,RONALDO MARTINS,Vale Restaurante,PLUXEE BENEFÍCIOS BRASIL,69.034.668/0001-56,3086.0,12658.56
2026,4,RONALDO MARTINS,Passcard´s Eletrônicos,SINDIÔNIBUS,07.341.423/0001-14,2246.4,10412.16
2026,4,RONALDO MARTINS,Despesas com locação de veículo,CASABLANCA RENT A CAR,03.977.401/0001-94,9060.0,1352.16
2026,4,SOLDADO NOÉLIO,Vale Combustível ( Gab 31 ),PRIME LTDA,05.340.639/0001-30,5000.0,25869.56
2026,4,SOLDADO NOÉLIO,Vale Alimentação,PLUXEE BENEFÍCIOS BRASIL,69.034.668/0001-56,5400.0,20469.56
2026,4,SOLDADO NOÉLIO,Vale Restaurante,PLUXEE BENEFÍCIOS BRASIL,69.034.668/0001-56,0.0,20469.56
2026,4,SOLDADO NOÉLIO,Passcard´s Eletrônicos,SINDIÔNIBUS,07.341.423/0001-14,0.0,20469.56
2026,4,SOLDADO NOÉLIO,Despesas com Comunicação e Divulg. Mandato,PRM-COM.GESTÃO EMP. LTDA,37.842.306/0001-03,6500.0,13969.56
2026,4,SOLDADO NOÉLIO,Despesas com Serviço Gráfico,GRÁFICA MS SOLUÇÕES LDA,43.377.752/0001-89,7227.67,6741.89
2026,4,SOLDADO NOÉLIO,Despesas com Consultória Jurídica,MATHEUS FERREIRA-SOC.IND. DE ADV,56.638.251/0001-50,6735.75,6.14000000000124
2026,4,WELLINGTON SABOIA,Vale Combustível ( Gab 14 ),PRIME LTDA,05.340.639/0001-30,7870.05,22999.51
2026,4,WELLINGTON SABOIA,Vale Alimentação,PLUXEE BENEFÍCIOS BRASIL,69.034.668/0001-56,5427.59,17571.92
2026,4,WELLINGTON SABOIA,Vale Restaurante,PLUXEE BENEFÍCIOS BRASIL,69.034.668/0001-56,2676.35,14895.57
2026,4,WELLINGTON SABOIA,Passcard´s Eletrônicos,SINDIÔNIBUS,07.341.423/0001-14,0.0,14895.57
2026,4,WELLINGTON SABOIA,Despesas com  Telefonia Móvel,CLARO S.A,40.432.544/0001/47,87.39,14808.18
2026,4,WELLINGTON SABOIA,Despesas com Consultoria Jurídica,ANTÔNIO ALBUQUERQUE-ADV,47.730.644/0001-07,3950.45,10857.73
2026,4,WELLINGTON SABOIA,Despesas com Locação de Veículo,CASABLANCA RENT A CAR,03.977.401/0001-94,10800.0,57.7299999999996
2026,5,ADAIL JR,Vale Combustível  ( Gab 06 ),PRIME LTDA,05.340.639/0001-30,8952.0,21918.62
2026,5,ADAIL JR,Vale Alimentação,PLUXEE BENEFÍCIOS BRASIL,69.034.668/0001-56,6173.0,15745.62
2026,5,ADAIL JR,Vale Restaurante,PLUXEE BENEFÍCIOS BRASIL,69.034.668/0001-56,3086.0,12659.62
2026,5,ADAIL JR,Passcard´s Eletrônicos,SINDIÔNIBUS,07.341.423/0001-14,0.0,12659.62
2026,5,ADAIL JR,Despesas com Consultória Jurídica,THIAGO MONTEZUMA-ADV ASSOCIADOS,59.861.314/0001-21,7612.5,5047.12
2026,5,ADAIL JR,Despesas com Locação de Veículo,CASABLANCA RENT A CAR,03.977.401/0001-94,5040.0,7.11999999999989
2026,5,ADRIANA ALMEIDA,Vale Combustível ( Gab 08 ),PRIME LTDA,05.340.639/0001-30,3600.0,27270.17
2026,5,ADRIANA ALMEIDA,Vale Alimentação,PLUXEE BENEFÍCIOS BRASIL,69.034.668/0001-56,3300.0,23970.17
2026,5,ADRIANA ALMEIDA,Vale Restaurante,PLUXEE BENEFÍCIOS BRASIL,69.034.668/0001-56,3086.0,20884.17
2026,5,ADRIANA ALMEIDA,Passcard´s Eletrônicos,SINDIÔNIBUS,07.341.423/0001-14,1026.0,19858.17
2026,5,ADRIANA ALMEIDA,Despesas com Consultoria Jurídica,BRUNO DE SOUSA-ADV,47.771.413/0001-33,4490.5,15367.67
2026,5,ADRIANA ALMEIDA,Despesas com Serviço Gráfico,GRÁFICA PRINTCOLOR,02.824.298/0001-80,6997.77,8369.9
2026,5,ADRIANA ALMEIDA,Despesas com Passagem Aérea,A3 TURISMO LTDA,12.848.540/0001-09,1961.16,6408.74
2026,5,ADRIANA ALMEIDA,Despesas com Locação de Veículo,CASABLANCA RENT A CAR,03.977.401/0001-94,5145.0,1263.74
2026,5,ADRIANA ALMEIDA,Despesas com Locação de Ônibus,CASABLANCA RENT A CAR,03.977.401/0001-94,1260.0,3.73999999999796
2026,5,ADRIANA GERÔNIMO,Vale Combustível ( Gab 30 ),PRIME LTDA,05.340.639/0001-30,7729.0,25891.0
2026,5,ADRIANA GERÔNIMO,Vale Alimentação,PLUXEE BENEFÍCIOS BRASIL,69.034.668/0001-56,6127.62,19763.38
2026,5,ADRIANA GERÔNIMO,Vale Restaurante,PLUXEE BENEFÍCIOS BRASIL,69.034.668/0001-56,3086.0,16677.38
2026,5,ADRIANA GERÔNIMO,Passcard´s Eletrônicos,SINDIÔNIBUS,07.341.423/0001-14,1587.6,15089.78
2026,5,ADRIANA GERÔNIMO,Despesas com Telefonia Móvel,TELEFÔNICA BRASIL S.A,02.558.157/0001/62,1252.24,13837.54
2026,5,ADRIANA GERÔNIMO,Despesas com  Telefonia Móvel,TIM S.A,02.421421/0001-11,65.44,13772.1
2026,5,ADRIANA GERÔNIMO,Despesas com Consultória Jurídica,BRUNO SOUSA – ADV,47.771.413/0001-33,4490.5,9281.6
2026,5,ADRIANA GERÔNIMO,Despesas com Passagem Aérea,A3 TURISMO LTDA,12.848.540/0001-09,2663.86,6617.74
2026,5,ADRIANA GERÔNIMO,Despesas com serviço Gráfico,GRÁFICA MOTOGRÁFICA,10.670.251/0001-37,4496.27,2121.47
2026,5,ADRIANA GERÔNIMO,Despesas com Locação de ônibus,CASABLANCA RENT A CAR,03.977.401/0001-94,1760.0,361.469999999999
2026,5,ADRIANA PEDROSA,Vale Combustível (GAB 43 ),PRIME LTDA,05.340.639/0001-30,6800.0,24069.56
2026,5,ADRIANA PEDROSA,Vale Alimentação,PLUXEE BENEFÍCIOS BRASIL,69.034.668/0001-56,4800.0,19269.56
2026,5,ADRIANA PEDROSA,Vale Restaurante,PLUXEE BENEFÍCIOS BRASIL,69.034.668/0001-56,2700.0,16569.56
2026,5,ADRIANA PEDROSA,Passcard´s Eletrônicos,SINDIÔNIBUS,07.341.423/0001-14,432.0,16137.56
2026,5,ADRIANA PEDROSA,Despesas com  Telefonia Móvel,TELEFÔNICA BRASIL S.A,02.558.157/0001/62,54.04,16083.52
2026,5,ADRIANA PEDROSA,Despesas com  Telefonia Móvel,CLARO S.A,40.432.544/0001/47,29.9,16053.62
2026,5,ADRIANA PEDROSA,Despesas com Consultória Jurídica,BRUNO SOUSA – ADV,47.771.413/0001-33,7698.0,8355.62
2026,5,ADRIANA PEDROSA,Despesas com Serviço Gráfico,GRÁFICA PRINTCOLOR,02.824.298/0001-80,7689.05,666.570000000001
2026,5,AGAYLSON,Vale Combustível ( Gab 18 ),PRIME LTDA,05.340.639/0001-30,7600.0,23274.19
2026,5,AGAYLSON,Vale Alimentação,PLUXEE BENEFÍCIOS BRASIL,69.034.668/0001-56,4500.0,18774.19
2026,5,AGAYLSON,Vale Restaurante,PLUXEE BENEFÍCIOS BRASIL,69.034.668/0001-56,2700.0,16074.19
2026,5,AGAYLSON,Passcard´s Eletrônicos,SINDIÔNIBUS,07.341.423/0001-14,0.0,16074.19
2026,5,AGAYLSON,Despesas com Serviço Gráfico,GRÁFICA  PRINTCOLOR,02.824.298/0001-80,5272.2,10801.99
2026,5,AGAYLSON,Despesas com Locação de Veículo,CASABLANCA RENT A CAR,03.977.401/0001-94,10800.0,1.9900000000016
2026,5,APOLLO VICZ,Vale Combustível ( Gab 29 ),PRIME LTDA,05.340.639/0001-30,4127.0,26752.2
2026,5,APOLLO VICZ,Vale Alimentação,PLUXEE BENEFÍCIOS BRASIL,69.034.668/0001-56,5427.0,21325.2
2026,5,APOLLO VICZ,Vale Restaurante,PLUXEE BENEFÍCIOS BRASIL,69.034.668/0001-56,0.0,21325.2
2026,5,APOLLO VICZ,Passcard´s Eletrônicos,SINDIÔNIBUS,07.341.423/0001-14,0.0,21325.2
2026,5,APOLLO VICZ,Despesas com Serviço Gráfico,GRÁFICA MS SOLUÇÕES LTDA,43.377.752/0001-89,3770.17,17555.03
2026,5,APOLLO VICZ,Despesas com Consultória Jurídica,AGUIAR -ADV. ASSOCIADOS,09.403.820/0001-07,6735.75,10819.28
2026,5,APOLLO VICZ,Despesas com Locação de Veículo,CASABLANCA RENT A CAR,03.977.401/0001-94,10800.0,19.2799999999988
2026,5,BELLA CARMELO,Vale Combustível ( Gab 42 ),PRIME LTDA,05.340.639/0001-30,3500.0,39055.92
2026,5,BELLA CARMELO,Vale Alimentação,PLUXEE BENEFÍCIOS BRASIL,69.034.668/0001-56,2300.0,36755.92
2026,5,BELLA CARMELO,Vale Restaurante,PLUXEE BENEFÍCIOS BRASIL,69.034.668/0001-56,2000.0,34755.92
2026,5,BELLA CARMELO,Passcard´s Eletrônicos,SINDIÔNIBUS,07.341.423/0001-14,0.0,34755.92
2026,5,BELLA CARMELO,Despesas com Telefonia Móvel,CLARO S.A,40.432.544/0001-47,583.2,34172.72
2026,5,BELLA CARMELO,Despesas com Comunicação e Divulg. Mandato,PRM-COMUN.GESTÃO EMP. LTDA,37.842.306/0001-03,7637.5,26535.22
2026,5,BELLA CARMELO,Despesas com Passagem Aérea,A3 TURISMO LTDA,12.848.540/0001-09,10407.87,16127.35
2026,5,BELLA CARMELO,Despesas com Passagem Aérea,A3 TURISMO LTDA,12.848.540/0001-09,1090.71,15036.64
2026,5,BELLA CARMELO,Despesas com Locação de Veículo,CASABLANCA RENT A CAR,03.977.401/0001-94,10800.0,4236.64
2026,5,BENIGNO JR,Vale Combustível ( Gab 23 ),PRIME LTDA,05.340.639/0001-30,8500.0,22840.03
2026,5,BENIGNO JR,Vale Alimentação,PLUXEE BENEFÍCIOS BRASIL,69.034.668/0001-56,6000.0,16840.03
2026,5,BENIGNO JR,Vale Restaurante,PLUXEE BENEFÍCIOS BRASIL,69.034.668/0001-56,3000.0,13840.03
2026,5,BENIGNO JR,Passcard´s Eletrônicos,SINDIÔNIBUS,07.341.423/0001-14,0.0,13840.03
2026,5,BENIGNO JR,Despesas com Telefonia Móvel,TELEFÔNICA BRASIL S.A,02.558.157/0001/62,738.48,13101.55
2026,5,BENIGNO JR,Despesas com Serviço Gráfico,GRÁFICA COPY JET DIGITAL,32.656.125/0001-60,5603.64,7497.91
2026,5,BENIGNO JR,Despesas com Serviço Gráfico,GRÁFICA RDS,02.265.186/0001-36,1018.36,6479.55
2026,5,BENIGNO JR,Despesas com Locação de Veículo,CASABLANCA RENT A CAR,03.977.401/0001-94,6090.0,389.550000000001
2026,5,BRUNO MESQUITA,Vale Combustível ( Gab 01 ),PRIME LTDA,05.340.639/0001-30,8952.0,22007.57
2026,5,BRUNO MESQUITA,Vale Alimentação,PLUXEE BENEFÍCIOS BRASIL,69.034.668/0001-56,6173.0,15834.57
2026,5,BRUNO MESQUITA,Vale Restaurante,PLUXEE BENEFÍCIOS BRASIL,69.034.668/0001-56,2710.0,13124.57
2026,5,BRUNO MESQUITA,Passcard´s Eletrônicos,SINDIÔNIBUS,07.341.423/0001-14,270.0,12854.57
2026,5,BRUNO MESQUITA,Despesas com Serviço Gráfico,GRÁFICA RDS,02.265.186/0001-36,6492.31,6362.26
2026,5,BRUNO MESQUITA,Despesas com Locação de Veículo,CASABLANCA RENT A CAR,03.977.401/0001-94,5670.0,692.259999999999
2026,5,CARLA IBIAPINA,Vale Combustível ( Gab 38 ),PRIME LTDA,05.340.639/0001-30,7000.0,24247.65
2026,5,CARLA IBIAPINA,Vale Alimentação,PLUXEE BENEFÍCIOS BRASIL,69.034.668/0001-56,5426.0,18821.65
2026,5,CARLA IBIAPINA,Vale Restaurante,PLUXEE BENEFÍCIOS BRASIL,69.034.668/0001-56,2713.0,16108.65
2026,5,CARLA IBIAPINA,Passcard´s Eletrônicos,SINDIÔNIBUS,07.341.423/0001-14,0.0,16108.65
2026,5,CARLA IBIAPINA,Despesas com Serviço Gráfico,GRÁFICA MS SOLUÇÕES LTDA,43.377.752/0001-89,7707.49,8401.16
2026,5,CARLA IBIAPINA,Despesas com Comunicação e Divulgação de Mandato,MARKETING ON SOFTWARE E PUB. LTDA,45.565.661/0001-00,7637.5,763.66
2026,5,CHIQUINHO DOS CARNEIROS,Vale Combustível ( Gab 28 ),PRIME LTDA,05.340.639/0001-30,8950.0,26954.15
2026,5,CHIQUINHO DOS CARNEIROS,Vale Alimentação,PLUXEE BENEFÍCIOS BRASIL,69.034.668/0001-56,6170.0,20784.15
2026,5,CHIQUINHO DOS CARNEIROS,Vale Restaurante,PLUXEE BENEFÍCIOS BRASIL,69.034.668/0001-56,3000.0,17784.15
2026,5,CHIQUINHO DOS CARNEIROS,Passcard´s Eletrônicos,SINDIÔNIBUS,07.341.423/0001-14,0.0,17784.15
2026,5,CHIQUINHO DOS CARNEIROS,Despesas com Serviço Gráfico,GRÁFICA MS SOLUÇÕES LDA,43.377.752/0001-89,7707.49,10076.66
2026,5,CHIQUINHO DOS CARNEIROS,Despesas com Comunicação e Divulg.Mandato,MARKETING ON SOFTWARE E PUB. LTDA,45.565.661/0001-00,7637.5,2439.16
2026,5,DR. LUCIANO GIRÃO,Vale Combustível ( GAB 15 ),PRIME LTDA,05.340.639/0001-30,8900.0,22538.76
2026,5,DR. LUCIANO GIRÃO,Vale Alimentação,PLUXEE BENEFÍCIOS BRASIL,69.034.668/0001-56,6173.91,16364.85
2026,5,DR. LUCIANO GIRÃO,Vale Restaurante,PLUXEE BENEFÍCIOS BRASIL,69.034.668/0001-56,3086.95,13277.9
2026,5,DR. LUCIANO GIRÃO,Passcard´s Eletrônicos,SINDIÔNIBUS,07.341.423/0001-14,216.0,13061.9
2026,5,DR. LUCIANO GIRÃO,Despesas com Telefonia Móvel,TELEFÔNICA BRASIL S.A,02.558.157/0001/62,0.0,13061.9
2026,5,DR. LUCIANO GIRÃO,Despesas com  Telefonia Móvel,CLARO S.A,40.432.544/0001/47,57.01,13004.89
2026,5,DR. LUCIANO GIRÃO,Despesas com Locação de Veículo,CASABLANCA RENT A CAR,03.977.401/0001-94,9135.0,3869.89
2026,5,DR. LUCIANO GIRÃO,Despesas com Locação de Veículo,CASABLANCA RENT A CAR,03.977.401/0001-94,1665.0,2204.89
2026,5,DR. LUCIANO GIRÃO,Despesas com Serviço Gráfico,GRÁFICA MS SOLUÇÕES LTDA,43.377.752/0001-89,2189.43,15.46
2026,5,EMANUEL ACRIZIO,Vale Combustível ( Gab 03 ),PRIME LTDA,05.340.639/0001-30,8952.0,21990.26
2026,5,EMANUEL ACRIZIO,Vale Alimentação,PLUXEE BENEFÍCIOS BRASIL,69.034.668/0001-56,6173.0,15817.26
2026,5,EMANUEL ACRIZIO,Vale Restaurante,PLUXEE BENEFÍCIOS BRASIL,69.034.668/0001-56,3086.0,12731.26
2026,5,EMANUEL ACRIZIO,Passcard´s Eletrônicos,SINDIÔNIBUS,07.341.423/0001-14,648.0,12083.26
2026,5,EMANUEL ACRIZIO,Despesas com Serviço Gráfico,GRÁFICA  PRINTCOLOR,02.824.298/0001-80,6888.43,5194.83
2026,5,EMANUEL ACRIZIO,Despesas com Locação de Veículo,CASABLANCA RENT A CAR,06.621.791/0001-53,5040.0,154.83
2026,5,ERICH DOUGLAS,Vale Combustível ( Gab 35 ),PRIME LTDA,05.340.639/0001-30,6500.0,24732.64
2026,5,ERICH DOUGLAS,Vale Alimentação,PLUXEE BENEFÍCIOS BRASIL,69.034.668/0001-56,5400.0,19332.64
2026,5,ERICH DOUGLAS,Vale Restaurante,PLUXEE BENEFÍCIOS BRASIL,69.034.668/0001-56,2713.0,16619.64
2026,5,ERICH DOUGLAS,Passcard´s Eletrônicos,SINDIÔNIBUS,07.341.423/0001-14,297.0,16322.64
2026,5,ERICH DOUGLAS,Despesas com Consultoria Jurídica,ANTÔNIO ALBUQUERQUE-ADV,47.730.644/0001-07,5996.75,10325.89
2026,5,ERICH DOUGLAS,Despesas com Comunicação e Divulgação de Mandato,MARKETING ON SOFTWARE E PUB. LTDA,45.565.661/0001-00,7637.5,2688.39
2026,5,ERICH DOUGLAS,Despesas com Passagem Aérea,A3 TURISMO LTDA,12.848.540/0001-09,853.34,1835.05
2026,5,ERICH DOUGLAS,Despesas com Serviço Gráfico,GRÁFICA ESTRELA,07.097.989/0001-42,1803.12,31.9299999999994
2026,5,ESTRELA BARROS,Vale Combustível ( Gab 26 ),PRIME LTDA,05.340.639/0001-30,8900.0,21970.27
2026,5,ESTRELA BARROS,Vale Alimentação,PLUXEE BENEFÍCIOS BRASIL,69.034.668/0001-56,6100.0,15870.27
2026,5,ESTRELA BARROS,Vale Restaurante,PLUXEE BENEFÍCIOS BRASIL,69.034.668/0001-56,3000.0,12870.27
2026,5,ESTRELA BARROS,Passcard´s Eletrônicos,SINDIÔNIBUS,07.341.423/0001-14,0.0,12870.27
2026,5,ESTRELA BARROS,Despesas com Serviço Gráfico,GRÁFICA MS SOLUÇÕES LTDA,43.377.752/0001-89,5861.29,7008.98
2026,5,ESTRELA BARROS,Despesas com Locação de Veículo,CASABLANCA RENT A CAR,06.621.791/0001-53,7000.0,8.98000000000047
2026,5,GABRIEL AGUIAR,Vale Combustível ( Gab 41 ),PRIME LTDA,05.340.639/0001-30,6800.0,30969.12
2026,5,GABRIEL AGUIAR,Vale Alimentação,PLUXEE BENEFÍCIOS BRASIL,69.034.668/0001-56,6100.0,24869.12
2026,5,GABRIEL AGUIAR,Vale Restaurante,PLUXEE BENEFÍCIOS BRASIL,69.034.668/0001-56,2700.0,22169.12
2026,5,GABRIEL AGUIAR,Passcard´s Eletrônicos,SINDIÔNIBUS,07.341.423/0001-14,2700.0,19469.12
2026,5,GABRIEL AGUIAR,Despesas com Locação de Veículo,CASABLANCA RENT A CAR,03.977.401/0001-94,5670.0,13799.12
2026,5,GARDEL ROLIM,Vale Combustível ( Gab 27 ),PRIME LTDA,05.340.639/0001-30,8500.0,22435.14
2026,5,GARDEL ROLIM,Vale Alimentação,PLUXEE BENEFÍCIOS BRASIL,69.034.668/0001-56,6100.0,16335.14
2026,5,GARDEL ROLIM,Vale Restaurante,PLUXEE BENEFÍCIOS BRASIL,69.034.668/0001-56,3000.0,13335.14
2026,5,GARDEL ROLIM,Passcard´s Eletrônicos,SINDIÔNIBUS,07.341.423/0001-14,0.0,13335.14
2026,5,GARDEL ROLIM,Despesas com Telefonia Móvel,TELEFÔNICA BRASIL S.A,02.558.157/0001/62,418.49,12916.65
2026,5,GARDEL ROLIM,Despesas com Consultória Jurídica,THIAGO MONTEZUMA-ADV ASSOCIADOS,59.861.314/0001-21,3045.0,9871.65
2026,5,GARDEL ROLIM,Despesas com Serviço Gráfico,GRÁFICA PRINTCOLOR,02.824.298/0001-80,3357.15,6514.5
2026,5,GARDEL ROLIM,Despesas com Locação de Veículo,CASABLANCA RENT A CAR,06.621.791/0001-53,6510.0,4.5
2026,5,GERMANO HEMAN,Vale Combustível  ( GAB 16 ),PRIME LTDA,05.340.639/0001-30,8952.0,23606.8
2026,5,GERMANO HEMAN,Vale Alimentação,PLUXEE BENEFÍCIOS BRASIL,69.034.668/0001-56,6173.0,17433.8
2026,5,GERMANO HEMAN,Vale Restaurante,PLUXEE BENEFÍCIOS BRASIL,69.034.668/0001-56,3086.0,14347.8
2026,5,GERMANO HEMAN,Passcard´s Eletrônicos,SINDIÔNIBUS,07.341.423/0001-14,0.0,14347.8
2026,5,GERMANO HEMAN,Despesas com Telefonia Móvel,TELEFÔNICA BRASIL S.A,02.558.157/0001/62,0.0,14347.8
2026,5,GERMANO HEMAN,Despesas com Telefonia Móvel,CLARO S.A,40.432.544/0001/47,106.42,14241.38
2026,5,GERMANO HEMAN,Despesas com Telefonia Móvel,TIM S.A,02.421.421/0001-11,62.9,14178.48
2026,5,GERMANO HEMAN,Despesas com Locação de Veículo,CASABLANCA RENT A CAR,03.977.401/0001-94,10800.0,3378.48
2026,5,INSPETOR ALBERTO,Vale Combustível ( Gab 39 ),PRIME LTDA,05.340.639/0001-30,7870.0,23006.87
2026,5,INSPETOR ALBERTO,Vale Alimentação,PLUXEE BENEFÍCIOS BRASIL,69.034.668/0001-56,5427.0,17579.87
2026,5,INSPETOR ALBERTO,Vale Restaurante,PLUXEE BENEFÍCIOS BRASIL,69.034.668/0001-56,2713.0,14866.87
2026,5,INSPETOR ALBERTO,Passcard´s Eletrônicos,SINDIÔNIBUS,07.341.423/0001-14,0.0,14866.87
2026,5,INSPETOR ALBERTO,Despesas com Comunicação e Divulg. Mandato,PRM-COMUN.GESTÃO EMP. LTDA,37.842.306/0001-03,7637.5,7229.37
2026,5,INSPETOR ALBERTO,Despesas com Consultoria jurídica,MATHEUS FERREIRA-SOC.IND-ADV,56.638.251/0001-50,7214.75,14.6200000000008
2026,5,IRMÃO LÉO,Vale Combustível ( Gab 40 ),PRIME LTDA,05.340.639/0001-30,8952.0,22126.46
2026,5,IRMÃO LÉO,Vale Alimentação,PLUXEE BENEFÍCIOS BRASIL,69.034.668/0001-56,6173.91,15952.55
2026,5,IRMÃO LÉO,Vale Restaurante,PLUXEE BENEFÍCIOS BRASIL,69.034.668/0001-56,3086.0,12866.55
2026,5,IRMÃO LÉO,Passcard´s Eletrônicos,SINDIÔNIBUS,07.341.423/0001-14,0.0,12866.55
2026,5,IRMÃO LÉO,Despesas com Comunicação e Divulg. Mandato,MARKETING ON SOFTWARE E PUBLICIDADE LTDA,45.565.661/0001-00,6662.5,6204.05
2026,5,IRMÃO LÉO,Despesas com Consultória Jurídica,MIKHAIL DAMASCENO – SOC. IND. ADV,62.957.587/0001-89,6094.25,109.799999999999
2026,5,JÂNIO HENRIQUE,Vale Combustível ( Gab 24 ),PRIME LTDA,05.340.639/0001-30,7850.0,24795.9
2026,5,JÂNIO HENRIQUE,Vale Alimentação,PLUXEE BENEFÍCIOS BRASIL,69.034.668/0001-56,5400.0,19395.9
2026,5,JÂNIO HENRIQUE,Vale Restaurante,PLUXEE BENEFÍCIOS BRASIL,69.034.668/0001-56,2700.0,16695.9
2026,5,JÂNIO HENRIQUE,Passcard´s Eletrônicos,SINDIÔNIBUS,07.341.423/0001-14,0.0,16695.9
2026,5,JÂNIO HENRIQUE,Despesas com Serviço Gráfico,GRÁFICA PRINTCOLOR,02.824.298/0001-80,5993.22,10702.68
2026,5,JÂNIO HENRIQUE,Despesas com Serviço Gráfico,GRÁFICA PRINTCOLOR,02.824.298/0001-80,3261.72,7440.96
2026,5,JÂNIO HENRIQUE,Despesas com Comunicação e Divulgação de Mandato,MARKETING ON SOFTWARE E PUB. LTDA,45.565.661/0001-00,7150.0,290.960000000001
2026,5,JOHN MONTEIRO,Vale Combustível ( Gab 07 ),PRIME LTDA,05.340.639/0001-30,4000.0,26914.12
2026,5,JOHN MONTEIRO,Vale Alimentação,PLUXEE BENEFÍCIOS BRASIL,69.034.668/0001-56,5185.0,21729.12
2026,5,JOHN MONTEIRO,Vale Restaurante,PLUXEE BENEFÍCIOS BRASIL,69.034.668/0001-56,2712.0,19017.12
2026,5,JOHN MONTEIRO,Passcard´s Eletrônicos,SINDIÔNIBUS,07.341.423/0001-14,0.0,19017.12
2026,5,JOHN MONTEIRO,Despesas com Serviço Gráfico,GRÁFICA MS SOLUÇÕES LDA,43.377.752/0001-89,7700.0,11317.12
2026,5,JOHN MONTEIRO,Despesas com Comunicação e Divulg. Mandato,PRM-COM.GESTÃO EMP.LTDA,37.842.306/0001-03,3575.0,7742.12
2026,5,JOHN MONTEIRO,Despesas com Consultória Jurídica,"COELHO, CASTRO & SOUSA ADV ASSOC.",22.326.735/0001-42,7698.0,44.119999999999
2026,5,JORGE PINHEIRO,Vale Combustível ( Gab 36 ),PRIME LTDA,05.340.639/0001-30,5950.0,41065.81
2026,5,JORGE PINHEIRO,Vale Alimentação,PLUXEE BENEFÍCIOS BRASIL,69.034.668/0001-56,6173.91,34891.9
2026,5,JORGE PINHEIRO,Vale Restaurante,PLUXEE BENEFÍCIOS BRASIL,69.034.668/0001-56,3086.95,31804.95
2026,5,JORGE PINHEIRO,Passcard´s Eletrônicos,SINDIÔNIBUS,07.341.423/0001-14,356.4,31448.55
2026,5,JORGE PINHEIRO,Despesas com Telefonia Móvel,TELEFÔNICA BRASIL S.A,02.558.157/0001/62,151.91,31296.64
2026,5,JORGE PINHEIRO,Despesas com Comun. Divulg. Mandato,RM CEARÁ NOTICIAS LTDA,02.323.168/0001-63,975.0,30321.64
2026,5,KÁTIA RODRIGUÊS,Vale Combustível ( Gab 11 ),PRIME LTDA,05.340.639/0001-30,7044.0,23833.85
2026,5,KÁTIA RODRIGUÊS,Vale Alimentação,PLUXEE BENEFÍCIOS BRASIL,69.034.668/0001-56,5400.0,18433.85
2026,5,KÁTIA RODRIGUÊS,Vale Restaurante,PLUXEE BENEFÍCIOS BRASIL,69.034.668/0001-56,2360.0,16073.85
2026,5,KÁTIA RODRIGUÊS,Passcard´s Eletrônicos,SINDIÔNIBUS,07.341.423/0001-14,0.0,16073.85
2026,5,KÁTIA RODRIGUÊS,Despesas com Serviço Gráfico,GRÁFICA MS SOLUÇÕES LDA,43.377.752/0001-89,6407.84,9666.01
2026,5,KÁTIA RODRIGUÊS,Despesas com Locação de Veículo,CASABLANCA RENT A CAR,03.977.401/0001-94,9640.0,26.0100000000002
2026,5,LAEL SENA,Vale Combustível ( Gab 21 ),PRIME LTDA,05.340.639/0001-30,7250.0,23621.71
2026,5,LAEL SENA,Vale Alimentação,PLUXEE BENEFÍCIOS BRASIL,69.034.668/0001-56,6173.0,17448.71
2026,5,LAEL SENA,Vale Restaurante,PLUXEE BENEFÍCIOS BRASIL,69.034.668/0001-56,3085.0,14363.71
2026,5,LAEL SENA,Passcard´s Eletrônicos,SINDIÔNIBUS,07.341.423/0001-14,1620.0,12743.71
2026,5,LAEL SENA,Despesas com Serviço Gráfico,GRÁFICA RONDA LTDA,07.651.0003/0001-34,7689.41,5054.3
2026,5,LAEL SENA,Despesas com Locação de Veículo,CASABLANCA RENT A CAR,03.977.401/0001-94,5050.0,4.29999999999927
2026,5,LÉO COUTO,Vale Combustível ( Gab 20 ),PRIME LTDA,05.340.639/0001-30,5100.0,29605.62
2026,5,LÉO COUTO,Vale Alimentação,PLUXEE BENEFÍCIOS BRASIL,69.034.668/0001-56,3000.0,26605.62
2026,5,LÉO COUTO,Vale Restaurante,PLUXEE BENEFÍCIOS BRASIL,69.034.668/0001-56,2360.0,24245.62
2026,5,LÉO COUTO,Passcard´s Eletrônicos,SINDIÔNIBUS,07.341.423/0001-14,0.0,24245.62
2026,5,LÉO COUTO,Despesas com Consultória Jurídica,BARBOSA E MORAES SOC-ADV,38.028.070/0001-20,5773.5,18472.12
2026,5,LÉO COUTO,Despesas com Locação de Veículo,CASABLANCA RENT A CAR,03.977.401/0001-94,10800.0,7672.12
2026,5,LUCAS CORDEIRO,Vale Combustível ( Gab 14 ),PRIME LTDA,05.340.639/0001-30,7870.05,22999.51
2026,5,LUCAS CORDEIRO,Vale Alimentação,PLUXEE BENEFÍCIOS BRASIL,69.034.668/0001-56,5427.59,17571.92
2026,5,LUCAS CORDEIRO,Vale Restaurante,PLUXEE BENEFÍCIOS BRASIL,69.034.668/0001-56,2676.35,14895.57
2026,5,LUCAS CORDEIRO,Passcard´s Eletrônicos,SINDIÔNIBUS,07.341.423/0001-14,0.0,14895.57
2026,5,LUCAS CORDEIRO,Despesas com  Telefonia Móvel,CLARO S.A,40.432.544/0001/47,87.39,14808.18
2026,5,LUCAS CORDEIRO,Despesas com Consultoria Jurídica,ANTÔNIO ALBUQUERQUE-ADV,47.730.644/0001-07,3950.45,10857.73
2026,5,LUCAS CORDEIRO,Despesas com Locação de Veículo,CASABLANCA RENT A CAR,03.977.401/0001-94,10800.0,57.7299999999996
2026,5,MARCEL COLARES,Vale Combustível ( Gab 10 ),PRIME LTDA,05.340.639/0001-30,6250.0,24631.54
2026,5,MARCEL COLARES,Vale Alimentação,PLUXEE BENEFÍCIOS BRASIL,69.034.668/0001-56,5400.0,19231.54
2026,5,MARCEL COLARES,Vale Restaurante,PLUXEE BENEFÍCIOS BRASIL,69.034.668/0001-56,1600.0,17631.54
2026,5,MARCEL COLARES,Passcard´s Eletrônicos,SINDIÔNIBUS,07.341.423/0001-14,270.0,17361.54
2026,5,MARCEL COLARES,Despesas com Serviço Gráfico,GRÁFICA RDS,02.265.186/0001-36,6537.58,10823.96
2026,5,MARCEL COLARES,Despesas com Locação de Veículo,CASABLANCA RENT A CAR,03.977.401/0001-94,10800.0,23.9600000000009
2026,5,MARCELO MENDES,Vale Combustível ( Gab 12 ),PRIME LTDA,05.340.639/0001-30,8952.17,25603.15
2026,5,MARCELO MENDES,Vale Alimentação,PLUXEE BENEFÍCIOS BRASIL,69.034.668/0001-56,6173.91,19429.24
2026,5,MARCELO MENDES,Vale Restaurante,PLUXEE BENEFÍCIOS BRASIL,69.034.668/0001-56,3086.95,16342.29
2026,5,MARCELO MENDES,Passcard´s Eletrônicos Metropolitano,SINDIÔNIBUS,07.341.423/0001-14,238.0,16104.29
2026,5,MARCELO MENDES,Passcard´s Eletrônicos Urbano,SINDIÔNIBUS,07.341.423/0001-14,432.0,15672.29
2026,5,MARCELO MENDES,Despesas com Serviço Gráfico,GRÁFICA RDS,02.265.186/0001-36,5080.43,10591.86
2026,5,MARCELO MENDES,Despesas com Locação de Veículo,CASABLANCA RENT A CAR,03.977.401/0001-94,10590.0,1.86000000000058
2026,5,MARCELO TCHELA,Vale Combustível ( GAB 02 ),PRIME LTDA,05.340.639/0001-30,4170.06,26888.96
2026,5,MARCELO TCHELA,Vale Alimentação,PLUXEE BENEFÍCIOS BRASIL,69.034.668/0001-56,5070.0,21818.96
2026,5,MARCELO TCHELA,Vale Restaurante,PLUXEE BENEFÍCIOS BRASIL,69.034.668/0001-56,2713.0,19105.96
2026,5,MARCELO TCHELA,Passcard´s Eletrônicos,SINDIÔNIBUS,07.341.423/0001-14,334.8,18771.16
2026,5,MARCELO TCHELA,Despesas com Serviço Gráfico,MS SOLUÇÕES GRÁFICA,43.377.752/0001-89,5314.74,13456.42
2026,5,MARCELO TCHELA,Despesas com Comun. Divulg. Mandato,MARKETING ON LTDA,45.565.661/0001-00,6662.5,6793.92
2026,5,MARCELO TCHELA,Despesas com Consultoria Jurídica,FABIANO GIOVANI – ADV,29.941.589/0001-04,6415.0,378.92
2026,5,MARCIO MARTINS,Vale Combustível ( Gab 22 ),PRIME LTDA,05.340.639/0001-30,8952.05,21926.92
2026,5,MARCIO MARTINS,Vale Alimentação,PLUXEE BENEFÍCIOS BRASIL,69.034.668/0001-56,6173.62,15753.3
2026,5,MARCIO MARTINS,Vale Restaurante,PLUXEE BENEFÍCIOS BRASIL,69.034.668/0001-56,3086.95,12666.35
2026,5,MARCIO MARTINS,Passcard´s Eletrônicos,SINDIÔNIBUS,07.341.423/0001-14,496.8,12169.55
2026,5,MARCIO MARTINS,Despesas com Serviço Gráfico,GRÁFICA PRINTCOLOR,02.824.298/0001-80,4928.59,7240.96
2026,5,MARCIO MARTINS,Despesas com Locação de Veículo,CASABLANCA RENT A CAR,03.977.401/0001-94,6300.0,940.959999999999
2026,5,MARCIO MARTINS,Despesas com Locação de Veículo,CASABLANCA RENT A CAR,03.977.401/0001-94,940.0,0.959999999999127
2026,5,MARCOS PAULO,Vale Combustível ( Gab 05 ),PRIME LTDA,05.340.639/0001-30,8500.0,22416.52
2026,5,MARCOS PAULO,Vale Alimentação,PLUXEE BENEFÍCIOS BRASIL,69.034.668/0001-56,5851.63,16564.89
2026,5,MARCOS PAULO,Vale Restaurante,PLUXEE BENEFÍCIOS BRASIL,69.034.668/0001-56,3086.0,13478.89
2026,5,MARCOS PAULO,Passcard´s Eletrônicos,SINDIÔNIBUS,07.341.423/0001-14,0.0,13478.89
2026,5,MARCOS PAULO,Despesas com Serviço Gráfico,GRÁFICA MS SOLUÇÕES LTDA,43.377.752/0001-89,7707.49,5771.4
2026,5,MARCOS PAULO,Despesas com Locação de Veículo,CASABLANCA RENT A CAR,03.977.401/0001-94,5670.0,101.4
2026,5,MARCOS PAULO,,,,0.0,0.0
2026,5,MARI LACERDA,Vale Combustível ( Gab 33 ),PRIME LTDA,05.340.639/0001-30,4464.0,30874.03
2026,5,MARI LACERDA,Vale Alimentação,PLUXEE BENEFÍCIOS BRASIL,69.034.668/0001-56,4900.0,25974.03
2026,5,MARI LACERDA,Vale Restaurante,PLUXEE BENEFÍCIOS BRASIL,69.034.668/0001-56,2500.0,23474.03
2026,5,MARI LACERDA,Passcard´s Eletrônicos,SINDIÔNIBUS,07.341.423/0001-14,599.4,22874.63
2026,5,MARI LACERDA,Despesas com  Telefonia Móvel,CLARO S.A,40.432.544/0001/47,1539.1,21335.53
2026,5,MARI LACERDA,Despesas com Serviço Gráfico,GRÁFICA PRINTCOLOR,02.824.298/0001-80,4998.93,16336.6
2026,5,MARI LACERDA,Despesas com Comunicação e Divulg. Mandato,PRM-COMUN.GESTÃO EMP. LTDA,37.842.306/0001-03,7637.5,8699.1
2026,5,MARI LACERDA,Despesas com Locação de Veículo,CASABLANCA RENT A CAR,03.977.401/0001-94,6000.0,2699.1
2026,5,MICHEL LINS,Vale Combustível ( Gab 13 ),PRIME LTDA,05.340.639/0001-30,3000.0,28345.03
2026,5,MICHEL LINS,Vale Alimentação,PLUXEE BENEFÍCIOS BRASIL,69.034.668/0001-56,5462.13,22882.9
2026,5,MICHEL LINS,Vale Restaurante,PLUXEE BENEFÍCIOS BRASIL,69.034.668/0001-56,2360.0,20522.9
2026,5,MICHEL LINS,Passcard´s Eletrônicos,SINDIÔNIBUS,07.341.423/0001-14,432.0,20090.9
2026,5,MICHEL LINS,Despesas com Comunicação e Divulgação de Mandato,MARKETING ON SOFTWARE E PUB. LTDA,45.565.661/0001-00,6662.5,13428.4
2026,5,MICHEL LINS,Despesas com Serviço Gráfico,GRÁFICA RDS,02.265.186/0001-36,2109.46,11318.94
2026,5,MICHEL LINS,Despesas com Locação de Veículo,CASABLANCA RENT A CAR,03.977.401/0001-94,10800.0,518.940000000002
2026,5,NILO DANTAS,Vale Combustível ( Gab 34 ),PRIME LTDA,05.340.639/0001-30,8850.0,22019.56
2026,5,NILO DANTAS,Vale Alimentação,PLUXEE BENEFÍCIOS BRASIL,69.034.668/0001-56,6173.91,15845.65
2026,5,NILO DANTAS,Vale Restaurante,PLUXEE BENEFÍCIOS BRASIL,69.034.668/0001-56,0.0,15845.65
2026,5,NILO DANTAS,Passcard´s Eletrônicos,SINDIÔNIBUS,07.341.423/0001-14,0.0,15845.65
2026,5,NILO DANTAS,Despesas com Serviço Gráfico,GRÁFICA MS SOLUÇÕES LDA,43.377.752/0001-89,7707.49,8138.16
2026,5,NILO DANTAS,Despesas com Consultoria jurídica,MATHEUS FERREIRA-SOC.IND-ADV,56.638.251/0001-50,7698.0,440.160000000002
2026,5,PAULO MARTINS,Vale Combustível ( Gab 37 ),PRIME LTDA,05.340.639/0001-30,8950.0,22073.31
2026,5,PAULO MARTINS,Vale Alimentação,PLUXEE BENEFÍCIOS BRASIL,69.034.668/0001-56,6053.9,16019.41
2026,5,PAULO MARTINS,Vale Restaurante,PLUXEE BENEFÍCIOS BRASIL,69.034.668/0001-56,3086.0,12933.41
2026,5,PAULO MARTINS,Passcard´s Eletrônicos,SINDIÔNIBUS,07.341.423/0001-14,1927.8,11005.61
2026,5,PAULO MARTINS,Despesas com Telefonia Móvel,TELEFÔNICA BRASIL S.A,02.558.157/0001/62,151.91,10853.7
2026,5,PAULO MARTINS,Despesas com  Telefonia Móvel,CLARO S.A,40.432.544/0001/47,43.7,10810.0
2026,5,PAULO MARTINS,Despesas com Locação de Veículo,CASABLANCA RENT A CAR,03.977.401/0001-94,5050.0,5760.0
2026,5,PAULO MARTINS,Despesas com Locação de Veículo,CASABLANCA RENT A CAR,03.977.401/0001-94,5670.0,90.0000000000018
2026,5,PEDRO MATOS,Vale Combustível ( Gab 04 ),PRIME LTDA,05.340.639/0001-30,7800.0,23081.76
2026,5,PEDRO MATOS,Vale Alimentação,PLUXEE BENEFÍCIOS BRASIL,69.034.668/0001-56,5400.0,17681.76
2026,5,PEDRO MATOS,Vale Restaurante,PLUXEE BENEFÍCIOS BRASIL,69.034.668/0001-56,2700.0,14981.76
2026,5,PEDRO MATOS,Passcard´s Eletrônicos,SINDIÔNIBUS,07.341.423/0001-14,0.0,14981.76
2026,5,PEDRO MATOS,Despesas com  Telefonia Móvel,TELEFÔNICA BRASIL S.A,02.558.157/0001/62,75.96,14905.8
2026,5,PEDRO MATOS,Despesas com Comunicação e Divulgação de Mandato,R e K PRODUCÕES E ASSESORIA LTDA,16.880.815/0001-42,7637.5,7268.3
2026,5,PEDRO MATOS,Despesas com Consultória Jurídica,CARVALHO & SANTOS ADV,34.636.322/0001-43,7248.95,19.3500000000013
2026,5,PPCELL,Vale Combustível ( Gab 25 ),PRIME LTDA,05.340.639/0001-30,8910.0,21961.04
2026,5,PPCELL,Vale Alimentação,PLUXEE BENEFÍCIOS BRASIL,69.034.668/0001-56,5427.0,16534.04
2026,5,PPCELL,Vale Restaurante,PLUXEE BENEFÍCIOS BRASIL,69.034.668/0001-56,2713.0,13821.04
2026,5,PPCELL,Passcard´s Eletrônicos,SINDIÔNIBUS,07.341.423/0001-14,0.0,13821.04
2026,5,PPCELL,Despesas com Serviço Gráfico,GRÁFICA RDS,02.265.186/0001-36,7308.08,6512.96
2026,5,PPCELL,Despesas com Locação de Veículo,CASABLANCA RENT A CAR,03.977.401/0001-94,6510.0,2.96000000000095
2026,5,PRISCILA COSTA,Vale Combustível ( Gab 19 ),PRIME LTDA,05.340.639/0001-30,5190.0,28943.62
2026,5,PRISCILA COSTA,Vale Alimentação,PLUXEE BENEFÍCIOS BRASIL,69.034.668/0001-56,4720.0,24223.62
2026,5,PRISCILA COSTA,Vale Restaurante,PLUXEE BENEFÍCIOS BRASIL,69.034.668/0001-56,2360.0,21863.62
2026,5,PRISCILA COSTA,Passcard´s Eletrônicos,SINDIÔNIBUS,07.341.423/0001-14,0.0,21863.62
2026,5,PRISCILA COSTA,Desp.com Comunicação e Divulg. de Mandato,PRM Comunic.Gestão Emp. ltda,37.842.306/0001-03,7637.5,14226.12
2026,5,PRISCILA COSTA,Despesas com Consultória Jurídica,BARBOSA E MORAES SOC-ADV,38.028.070/0001-20,7698.0,6528.12
2026,5,PRISCILA COSTA,Despesas com Serviço Gráfico,GRÁFICA RDS,02.265.186/0001-36,6514.23,13.8899999999994
2026,5,PROF. AGUIAR TOBA,Vale Combustível ( Gab 17 ),PRIME LTDA,05.340.639/0001-30,8952.05,21932.46
2026,5,PROF. AGUIAR TOBA,Vale Alimentação,PLUXEE BENEFÍCIOS BRASIL,69.034.668/0001-56,5577.63,16354.83
2026,5,PROF. AGUIAR TOBA,Vale Restaurante,PLUXEE BENEFÍCIOS BRASIL,69.034.668/0001-56,2713.8,13641.03
2026,5,PROF. AGUIAR TOBA,Passcard´s Eletrônicos,SINDIÔNIBUS,07.341.423/0001-14,0.0,13641.03
2026,5,PROF. AGUIAR TOBA,Despesas com Serviço Gráfico,GRÁFICA MS SOLUÇÕES LTDA,43.377.752/0001-89,5993.22,7647.81
2026,5,PROF. AGUIAR TOBA,Despesas com Comunicação e Divulgação de Mandato,MARKETING ON SOFTWARE E PUB. LTDA,45.565.661/0001-00,7637.5,10.3100000000004
2026,5,PROFESSOR ENILSON,Vale Combustível ( Gab 09 ),PRIME LTDA,05.340.639/0001-30,8952.17,21920.31
2026,5,PROFESSOR ENILSON,Vale Alimentação,PLUXEE BENEFÍCIOS BRASIL,69.034.668/0001-56,6173.91,15746.4
2026,5,PROFESSOR ENILSON,Vale Restaurante,PLUXEE BENEFÍCIOS BRASIL,69.034.668/0001-56,3086.95,12659.45
2026,5,PROFESSOR ENILSON,Passcard´s Eletrônicos,SINDIÔNIBUS,07.341.423/0001-14,0.0,12659.45
2026,5,PROFESSOR ENILSON,Despesas com Serviço Gráfico,GRÁFICA MS SOLUÇÕES LDA,43.377.752/0001-89,7647.63,5011.82
2026,5,PROFESSOR ENILSON,Despesas com Comunicação e Divulg.Mandato,AGÊNCIA PIC MKT LTDA,32.075.292/0001-18,4998.5,13.3200000000006
2026,5,RONALDO MARTINS,Vale Combustível ( Gab 32 ),PRIME LTDA,05.340.639/0001-30,8952.0,23269.72
2026,5,RONALDO MARTINS,Vale Alimentação,PLUXEE BENEFÍCIOS BRASIL,69.034.668/0001-56,6173.0,17096.72
2026,5,RONALDO MARTINS,Vale Restaurante,PLUXEE BENEFÍCIOS BRASIL,69.034.668/0001-56,3086.0,14010.72
2026,5,RONALDO MARTINS,Passcard´s Eletrônicos,SINDIÔNIBUS,07.341.423/0001-14,2246.4,11764.32
2026,5,RONALDO MARTINS,Despesas com Passagem Aérea,A3 TURISMO LTDA,12.848.540/0001-09,1210.38,10553.94
2026,5,RONALDO MARTINS,Despesas com Hospedagem,A3 TURISMO LTDA,12.848.540/0001-09,1124.42,9429.52
2026,5,RONALDO MARTINS,Despesas com locação de veículo,CASABLANCA RENT A CAR,03.977.401/0001-94,9060.0,369.519999999999
2026,5,SOLDADO NOÉLIO,Vale Combustível ( Gab 31 ),PRIME LTDA,05.340.639/0001-30,5000.0,25875.7
2026,5,SOLDADO NOÉLIO,Vale Alimentação,PLUXEE BENEFÍCIOS BRASIL,69.034.668/0001-56,5400.0,20475.7
2026,5,SOLDADO NOÉLIO,Vale Restaurante,PLUXEE BENEFÍCIOS BRASIL,69.034.668/0001-56,0.0,20475.7
2026,5,SOLDADO NOÉLIO,Passcard´s Eletrônicos,SINDIÔNIBUS,07.341.423/0001-14,0.0,20475.7
2026,5,SOLDADO NOÉLIO,Despesas com Comunicação e Divulg. Mandato,PRM-COM.GESTÃO EMP. LTDA,37.842.306/0001-03,6500.0,13975.7
2026,5,SOLDADO NOÉLIO,Despesas com Serviço Gráfico,GRÁFICA MS SOLUÇÕES LDA,43.377.752/0001-89,7218.25,6757.45
2026,5,SOLDADO NOÉLIO,Despesas com Consultória Jurídica,MATHEUS FERREIRA-SOC.IND. DE ADV,56.638.251/0001-50,6735.75,21.7000000000007
2026,6,ADAIL JR,Vale Combustível  ( Gab 06 ),PRIME LTDA,05.340.639/0001-30,8952.0,21924.68
2026,6,ADAIL JR,Vale Alimentação,PLUXEE BENEFÍCIOS BRASIL,69.034.668/0001-56,6173.0,15751.68
2026,6,ADAIL JR,Vale Restaurante,PLUXEE BENEFÍCIOS BRASIL,69.034.668/0001-56,3086.0,12665.68
2026,6,ADAIL JR,Passcard´s Eletrônicos,SINDIÔNIBUS,07.341.423/0001-14,0.0,12665.68
2026,6,ADAIL JR,Despesas com Consultória Jurídica,THIAGO MONTEZUMA-ADV ASSOCIADOS,59.861.314/0001-21,7612.5,5053.18
2026,6,ADAIL JR,Despesas com Locação de Veículo,CASABLANCA RENT A CAR,03.977.401/0001-94,5040.0,13.1800000000003
2026,6,ADRIANA ALMEIDA,Vale Combustível ( Gab 08 ),PRIME LTDA,05.340.639/0001-30,3600.0,27273.3
2026,6,ADRIANA ALMEIDA,Vale Alimentação,PLUXEE BENEFÍCIOS BRASIL,69.034.668/0001-56,3300.0,23973.3
2026,6,ADRIANA ALMEIDA,Vale Restaurante,PLUXEE BENEFÍCIOS BRASIL,69.034.668/0001-56,3086.0,20887.3
2026,6,ADRIANA ALMEIDA,Passcard´s Eletrônicos,SINDIÔNIBUS,07.341.423/0001-14,1026.0,19861.3
2026,6,ADRIANA ALMEIDA,Despesas com Consultoria Jurídica,BRUNO DE SOUSA-ADV,47.771.413/0001-33,4490.5,15370.8
2026,6,ADRIANA ALMEIDA,Despesas com Serviço Gráfico,GRÁFICA PRINTCOLOR,02.824.298/0001-80,7714.78,7656.02
2026,6,ADRIANA ALMEIDA,Despesas com Locação de Veículo,CASABLANCA RENT A CAR,03.977.401/0001-94,3430.0,4226.02
2026,6,ADRIANA ALMEIDA,Despesas com Locação de Ônibus,CASABLANCA RENT A CAR,03.977.401/0001-94,4215.0,11.0199999999995
2026,6,ADRIANA GERÔNIMO,Vale Combustível ( Gab 30 ),PRIME LTDA,05.340.639/0001-30,7729.0,23502.03
2026,6,ADRIANA GERÔNIMO,Vale Alimentação,PLUXEE BENEFÍCIOS BRASIL,69.034.668/0001-56,6127.62,17374.41
2026,6,ADRIANA GERÔNIMO,Vale Restaurante,PLUXEE BENEFÍCIOS BRASIL,69.034.668/0001-56,3086.0,14288.41
2026,6,ADRIANA GERÔNIMO,Passcard´s Eletrônicos,SINDIÔNIBUS,07.341.423/0001-14,1587.6,12700.81
2026,6,ADRIANA GERÔNIMO,Despesas com Telefonia Móvel,TELEFÔNICA BRASIL S.A,02.558.157/0001/62,1252.24,11448.57
2026,6,ADRIANA GERÔNIMO,Despesas com  Telefonia Móvel,TIM S.A,02.421421/0001-11,62.9,11385.67
2026,6,ADRIANA GERÔNIMO,Despesas com Consultória Jurídica,BRUNO SOUSA – ADV,47.771.413/0001-33,4490.5,6895.17
2026,6,ADRIANA GERÔNIMO,Despesas com serviço Gráfico,GRÁFICA RONDA,07.651.003/0001-34,5133.58,1761.59
2026,6,ADRIANA GERÔNIMO,Despesas com Locação de ônibus,CASABLANCA RENT A CAR,03.977.401/0001-94,1760.0,1.59000000000015
2026,6,ADRIANA PEDROSA,Vale Combustível (GAB 43 ),PRIME LTDA,05.340.639/0001-30,8570.0,22966.13
2026,6,ADRIANA PEDROSA,Vale Alimentação,PLUXEE BENEFÍCIOS BRASIL,69.034.668/0001-56,4800.0,18166.13
2026,6,ADRIANA PEDROSA,Vale Restaurante,PLUXEE BENEFÍCIOS BRASIL,69.034.668/0001-56,2700.0,15466.13
2026,6,ADRIANA PEDROSA,Passcard´s Eletrônicos,SINDIÔNIBUS,07.341.423/0001-14,432.0,15034.13
2026,6,ADRIANA PEDROSA,Despesas com  Telefonia Móvel,TELEFÔNICA BRASIL S.A,02.558.157/0001/62,610.04,14424.09
2026,6,ADRIANA PEDROSA,Despesas com  Telefonia Móvel,CLARO S.A,40.432.544/0001/47,29.9,14394.19
2026,6,ADRIANA PEDROSA,Despesas com Consultória Jurídica,BRUNO SOUSA – ADV,47.771.413/0001-33,7698.0,6696.19
2026,6,ADRIANA PEDROSA,Despesas com Serviço Gráfico,GRÁFICA PRINTCOLOR,02.824.298/0001-80,6695.76,0.430000000000291
2026,6,AGAYLSON,Vale Combustível ( Gab 18 ),PRIME LTDA,05.340.639/0001-30,8900.0,21971.55
2026,6,AGAYLSON,Vale Alimentação,PLUXEE BENEFÍCIOS BRASIL,69.034.668/0001-56,6150.0,15821.55
2026,6,AGAYLSON,Vale Restaurante,PLUXEE BENEFÍCIOS BRASIL,69.034.668/0001-56,3000.0,12821.55
2026,6,AGAYLSON,Passcard´s Eletrônicos,SINDIÔNIBUS,07.341.423/0001-14,0.0,12821.55
2026,6,AGAYLSON,Despesas com Serviço Gráfico,GRÁFICA  PRINTCOLOR,02.824.298/0001-80,2013.88,10807.67
2026,6,AGAYLSON,Despesas com Locação de Veículo,CASABLANCA RENT A CAR,03.977.401/0001-94,10800.0,7.66999999999825
2026,6,APOLLO VICZ,Vale Combustível ( Gab 29 ),PRIME LTDA,05.340.639/0001-30,4127.0,26761.84
2026,6,APOLLO VICZ,Vale Alimentação,PLUXEE BENEFÍCIOS BRASIL,69.034.668/0001-56,5427.0,21334.84
2026,6,APOLLO VICZ,Vale Restaurante,PLUXEE BENEFÍCIOS BRASIL,69.034.668/0001-56,0.0,21334.84
2026,6,APOLLO VICZ,Passcard´s Eletrônicos,SINDIÔNIBUS,07.341.423/0001-14,0.0,21334.84
2026,6,APOLLO VICZ,Despesas com Serviço Gráfico,GRÁFICA MS SOLUÇÕES LTDA,43.377.752/0001-89,3770.17,17564.67
2026,6,APOLLO VICZ,Despesas com Consultória Jurídica,AGUIAR -ADV. ASSOCIADOS,09.403.820/0001-07,6735.75,10828.92
2026,6,APOLLO VICZ,Despesas com Locação de Veículo,CASABLANCA RENT A CAR,03.977.401/0001-94,10800.0,28.9199999999983
2026,6,BELLA CARMELO,Vale Combustível ( Gab 42 ),PRIME LTDA,05.340.639/0001-30,3500.0,31606.2
2026,6,BELLA CARMELO,Vale Alimentação,PLUXEE BENEFÍCIOS BRASIL,69.034.668/0001-56,2300.0,29306.2
2026,6,BELLA CARMELO,Vale Restaurante,PLUXEE BENEFÍCIOS BRASIL,69.034.668/0001-56,2000.0,27306.2
2026,6,BELLA CARMELO,Passcard´s Eletrônicos,SINDIÔNIBUS,07.341.423/0001-14,0.0,27306.2
2026,6,BELLA CARMELO,Despesas com Telefonia Móvel,CLARO S.A,40.432.544/0001-47,583.2,26723.0
2026,6,BELLA CARMELO,Despesas com Comunicação e Divulg. Mandato,PRM-COMUN.GESTÃO EMP. LTDA,37.842.306/0001-03,7637.5,19085.5
2026,6,BELLA CARMELO,Despesas com Hospedagem,A3 TURISMO LTDA,12.848.540/0001-09,6985.0,12100.5
2026,6,BELLA CARMELO,Despesas com Locação de Veículo,CASABLANCA RENT A CAR,03.977.401/0001-94,10800.0,1300.5
2026,6,BELLA CARMELO,,,,0.0,0.0
2026,6,BENIGNO JR,Vale Combustível ( Gab 23 ),PRIME LTDA,05.340.639/0001-30,8500.0,22759.11
2026,6,BENIGNO JR,Vale Alimentação,PLUXEE BENEFÍCIOS BRASIL,69.034.668/0001-56,6000.0,16759.11
2026,6,BENIGNO JR,Vale Restaurante,PLUXEE BENEFÍCIOS BRASIL,69.034.668/0001-56,3000.0,13759.11
2026,6,BENIGNO JR,Passcard´s Eletrônicos,SINDIÔNIBUS,07.341.423/0001-14,0.0,13759.11
2026,6,BENIGNO JR,Despesas com Telefonia Móvel,TELEFÔNICA BRASIL S.A,02.558.157/0001/62,738.48,13020.63
2026,6,BENIGNO JR,Despesas com Comun. e Divulg. Mandato,MULCHI CONSULT. E MARKETING LTDA,31.573.676/0001-06,6500.0,6520.63
2026,6,BENIGNO JR,Despesas com Locação de Veículo,CASABLANCA RENT A CAR,03.977.401/0001-94,6090.0,430.630000000001
2026,6,BRUNO MESQUITA,Vale Combustível ( Gab 01 ),PRIME LTDA,05.340.639/0001-30,8952.0,22609.82
2026,6,BRUNO MESQUITA,Vale Alimentação,PLUXEE BENEFÍCIOS BRASIL,69.034.668/0001-56,6173.0,16436.82
2026,6,BRUNO MESQUITA,Vale Restaurante,PLUXEE BENEFÍCIOS BRASIL,69.034.668/0001-56,2710.0,13726.82
2026,6,BRUNO MESQUITA,Passcard´s Eletrônicos,SINDIÔNIBUS,07.341.423/0001-14,270.0,13456.82
2026,6,BRUNO MESQUITA,Despesas com Serviço Gráfico,GRÁFICA RDS,02.265.186/0001-36,7004.55,6452.27
2026,6,BRUNO MESQUITA,Despesas com Locação de Veículo,CASABLANCA RENT A CAR,03.977.401/0001-94,5670.0,782.27
2026,6,CARLA IBIAPINA,Vale Combustível ( Gab 38 ),PRIME LTDA,05.340.639/0001-30,7000.0,24633.22
2026,6,CARLA IBIAPINA,Vale Alimentação,PLUXEE BENEFÍCIOS BRASIL,69.034.668/0001-56,5426.0,19207.22
2026,6,CARLA IBIAPINA,Vale Restaurante,PLUXEE BENEFÍCIOS BRASIL,69.034.668/0001-56,2713.0,16494.22
2026,6,CARLA IBIAPINA,Passcard´s Eletrônicos,SINDIÔNIBUS,07.341.423/0001-14,0.0,16494.22
2026,6,CARLA IBIAPINA,Despesas com Serviço Gráfico,GRÁFICA MS SOLUÇÕES LTDA,43.377.752/0001-89,7714.97,8779.25
2026,6,CARLA IBIAPINA,Despesas com Comunicação e Divulgação de Mandato,MARKETING ON SOFTWARE E PUB. LTDA,45.565.661/0001-00,7637.5,1141.75
2026,6,CARLA IBIAPINA,Despesas com Serviço Gráfico,GRÁFICA MS SOLUÇÕES LTDA,43.377.752/0001-89,1140.82,0.930000000000064
2026,6,CHIQUINHO DOS CARNEIROS,Vale Combustível ( Gab 28 ),PRIME LTDA,05.340.639/0001-30,8950.0,24358.72
2026,6,CHIQUINHO DOS CARNEIROS,Vale Alimentação,PLUXEE BENEFÍCIOS BRASIL,69.034.668/0001-56,6170.0,18188.72
2026,6,CHIQUINHO DOS CARNEIROS,Vale Restaurante,PLUXEE BENEFÍCIOS BRASIL,69.034.668/0001-56,3000.0,15188.72
2026,6,CHIQUINHO DOS CARNEIROS,Passcard´s Eletrônicos,SINDIÔNIBUS,07.341.423/0001-14,0.0,15188.72
2026,6,CHIQUINHO DOS CARNEIROS,Despesas com Serviço Gráfico,GRÁFICA MS SOLUÇÕES LDA,43.377.752/0001-89,7714.97,7473.75
2026,6,CHIQUINHO DOS CARNEIROS,Despesas com Comunicação e Divulg.Mandato,MARKETING ON SOFTWARE E PUB. LTDA,45.565.661/0001-00,7312.5,161.249999999999
2026,6,CLAÚDIO LIMA,Vale Combustível ( Gab 03 ),PRIME LTDA,05.340.639/0001-30,8952.0,21917.56
2026,6,CLAÚDIO LIMA,Vale Alimentação,PLUXEE BENEFÍCIOS BRASIL,69.034.668/0001-56,6173.0,15744.56
2026,6,CLAÚDIO LIMA,Vale Restaurante,PLUXEE BENEFÍCIOS BRASIL,69.034.668/0001-56,3086.0,12658.56
2026,6,CLAÚDIO LIMA,Passcard´s Eletrônicos,SINDIÔNIBUS,07.341.423/0001-14,648.0,12010.56
2026,6,CLAÚDIO LIMA,Despesas com Serviço Gráfico,GRÁFICA PRINTCOLOR,02.824.298/0001-80,6897.86,5112.7
2026,6,CLAÚDIO LIMA,Despesas com Locação de Veículo,CASABLANCA RENT A CAR,03.977.401/0001-94,5040.0,72.6999999999998
2026,6,DR. LUCIANO GIRÃO,Vale Combustível ( GAB 15 ),PRIME LTDA,05.340.639/0001-30,8900.0,21985.02
2026,6,DR. LUCIANO GIRÃO,Vale Alimentação,PLUXEE BENEFÍCIOS BRASIL,69.034.668/0001-56,6173.91,15811.11
2026,6,DR. LUCIANO GIRÃO,Vale Restaurante,PLUXEE BENEFÍCIOS BRASIL,69.034.668/0001-56,3086.95,12724.16
2026,6,DR. LUCIANO GIRÃO,Passcard´s Eletrônicos,SINDIÔNIBUS,07.341.423/0001-14,216.0,12508.16
2026,6,DR. LUCIANO GIRÃO,Despesas com Telefonia Móvel,TELEFÔNICA BRASIL S.A,02.558.157/0001/62,0.0,12508.16
2026,6,DR. LUCIANO GIRÃO,Despesas com  Telefonia Móvel,CLARO S.A,40.432.544/0001/47,57.01,12451.15
2026,6,DR. LUCIANO GIRÃO,Despesas com Locação de Veículo,CASABLANCA RENT A CAR,03.977.401/0001-94,7395.0,5056.15
2026,6,DR. LUCIANO GIRÃO,Despesas com Locação de Veículo,CASABLANCA RENT A CAR,03.977.401/0001-94,3405.0,1651.15
2026,6,DR. LUCIANO GIRÃO,Despesas com Serviço Gráfico,GRÁFICA MS SOLUÇÕES LTDA,43.377.752/0001-89,1498.57,152.58
2026,6,ERICH DOUGLAS,Vale Combustível ( Gab 35 ),PRIME LTDA,05.340.639/0001-30,6500.0,24401.49
2026,6,ERICH DOUGLAS,Vale Alimentação,PLUXEE BENEFÍCIOS BRASIL,69.034.668/0001-56,5400.0,19001.49
2026,6,ERICH DOUGLAS,Vale Restaurante,PLUXEE BENEFÍCIOS BRASIL,69.034.668/0001-56,2713.0,16288.49
2026,6,ERICH DOUGLAS,Passcard´s Eletrônicos,SINDIÔNIBUS,07.341.423/0001-14,297.0,15991.49
2026,6,ERICH DOUGLAS,Despesas com Consultoria Jurídica,ANTÔNIO ALBUQUERQUE-ADV,47.730.644/0001-07,6678.83,9312.66
2026,6,ERICH DOUGLAS,Despesas com Comunicação e Divulgação de Mandato,MARKETING ON SOFTWARE E PUB. LTDA,45.565.661/0001-00,7637.5,1675.16
2026,6,ERICH DOUGLAS,Despesas com Serviço Gráfico,GRÁFICA ESTRELA,07.097.989/0001-42,1674.33,0.830000000001746
2026,6,ESTRELA BARROS,Vale Combustível ( Gab 26 ),PRIME LTDA,05.340.639/0001-30,8900.0,21978.54
2026,6,ESTRELA BARROS,Vale Alimentação,PLUXEE BENEFÍCIOS BRASIL,69.034.668/0001-56,6100.0,15878.54
2026,6,ESTRELA BARROS,Vale Restaurante,PLUXEE BENEFÍCIOS BRASIL,69.034.668/0001-56,3000.0,12878.54
2026,6,ESTRELA BARROS,Passcard´s Eletrônicos,SINDIÔNIBUS,07.341.423/0001-14,0.0,12878.54
2026,6,ESTRELA BARROS,Despesas com Serviço Gráfico,GRÁFICA ESTRELA LTDA,07.097.989/0001-42,5870.72,7007.82
2026,6,ESTRELA BARROS,Despesas com Locação de Veículo,CASABLANCA RENT A CAR,06.621.791/0001-53,7000.0,7.82000000000062
2026,6,GABRIEL AGUIAR,Vale Combustível ( Gab 41 ),PRIME LTDA,05.340.639/0001-30,6800.0,37868.68
2026,6,GABRIEL AGUIAR,Vale Alimentação,PLUXEE BENEFÍCIOS BRASIL,69.034.668/0001-56,6100.0,31768.68
2026,6,GABRIEL AGUIAR,Vale Restaurante,PLUXEE BENEFÍCIOS BRASIL,69.034.668/0001-56,2700.0,29068.68
2026,6,GABRIEL AGUIAR,Passcard´s Eletrônicos,SINDIÔNIBUS,07.341.423/0001-14,2700.0,26368.68
2026,6,GABRIEL AGUIAR,Despesas com Locação de Veículo,CASABLANCA RENT A CAR,03.977.401/0001-94,5670.0,20698.68
2026,6,GABRIEL AGUIAR,Despesas com Locação de Ônibus,CASABLANCA RENT A CAR,03.977.401/0001-94,3990.0,16708.68
2026,6,GABRIEL AGUIAR,Despesas com Locação de Ônibus,CASABLANCA RENT A CAR,03.977.401/0001-94,880.0,15828.68
2026,6,GARDEL ROLIM,Vale Combustível ( Gab 27 ),PRIME LTDA,05.340.639/0001-30,8500.0,22374.06
2026,6,GARDEL ROLIM,Vale Alimentação,PLUXEE BENEFÍCIOS BRASIL,69.034.668/0001-56,6100.0,16274.06
2026,6,GARDEL ROLIM,Vale Restaurante,PLUXEE BENEFÍCIOS BRASIL,69.034.668/0001-56,3000.0,13274.06
2026,6,GARDEL ROLIM,Passcard´s Eletrônicos,SINDIÔNIBUS,07.341.423/0001-14,0.0,13274.06
2026,6,GARDEL ROLIM,Despesas com Telefonia Móvel,TELEFÔNICA BRASIL S.A,02.558.157/0001/62,190.07,13083.99
2026,6,GARDEL ROLIM,Despesas com Consultória Jurídica,THIAGO MONTEZUMA-ADV ASSOCIADOS,59.861.314/0001-21,6090.0,6993.99
2026,6,GARDEL ROLIM,Despesas com Locação de Veículo,CASABLANCA RENT A CAR,06.621.791/0001-53,6510.0,483.99
2026,6,GERMANO HEMAN,Vale Combustível  ( GAB 16 ),PRIME LTDA,05.340.639/0001-30,8952.0,25296.04
2026,6,GERMANO HEMAN,Vale Alimentação,PLUXEE BENEFÍCIOS BRASIL,69.034.668/0001-56,6173.0,19123.04
2026,6,GERMANO HEMAN,Vale Restaurante,PLUXEE BENEFÍCIOS BRASIL,69.034.668/0001-56,3086.0,16037.04
2026,6,GERMANO HEMAN,Passcard´s Eletrônicos,SINDIÔNIBUS,07.341.423/0001-14,0.0,16037.04
2026,6,GERMANO HEMAN,Despesas com Telefonia Móvel,TELEFÔNICA BRASIL S.A,02.558.157/0001/62,1368.19,14668.85
2026,6,GERMANO HEMAN,Despesas com Telefonia Móvel,CLARO S.A,40.432.544/0001/47,106.42,14562.43
2026,6,GERMANO HEMAN,Despesas com Telefonia Móvel,TIM S.A,02.421.421/0001-11,62.9,14499.53
2026,6,GERMANO HEMAN,Despesas com Locação de Veículo,CASABLANCA RENT A CAR,03.977.401/0001-94,10800.0,3699.53
2026,6,GERMANO HEMAN,Despesas com Comunicação e Divulgação de Mandato,MARKETING ON SOFTWARE E PUB. LTDA,45.565.661/0001-00,3575.0,124.530000000001
2026,6,INSPETOR ALBERTO,Vale Combustível ( Gab 39 ),PRIME LTDA,05.340.639/0001-30,7870.0,23014.18
2026,6,INSPETOR ALBERTO,Vale Alimentação,PLUXEE BENEFÍCIOS BRASIL,69.034.668/0001-56,5427.0,17587.18
2026,6,INSPETOR ALBERTO,Vale Restaurante,PLUXEE BENEFÍCIOS BRASIL,69.034.668/0001-56,2713.0,14874.18
2026,6,INSPETOR ALBERTO,Passcard´s Eletrônicos,SINDIÔNIBUS,07.341.423/0001-14,0.0,14874.18
2026,6,INSPETOR ALBERTO,Despesas com Comunicação e Divulg. Mandato,PRM-COMUN.GESTÃO EMP. LTDA,37.842.306/0001-03,7637.5,7236.68
2026,6,INSPETOR ALBERTO,Despesas com Consultoria jurídica,MATHEUS FERREIRA-SOC.IND-ADV,56.638.251/0001-50,7231.0,5.68000000000029
2026,6,IRMÃO LÉO,Vale Combustível ( Gab 40 ),PRIME LTDA,05.340.639/0001-30,8952.0,22027.36
2026,6,IRMÃO LÉO,Vale Alimentação,PLUXEE BENEFÍCIOS BRASIL,69.034.668/0001-56,6173.91,15853.45
2026,6,IRMÃO LÉO,Vale Restaurante,PLUXEE BENEFÍCIOS BRASIL,69.034.668/0001-56,3086.0,12767.45
2026,6,IRMÃO LÉO,Passcard´s Eletrônicos,SINDIÔNIBUS,07.341.423/0001-14,0.0,12767.45
2026,6,IRMÃO LÉO,Despesas com Comunicação e Divulg. Mandato,MARKETING ON SOFTWARE E PUBLICIDADE LTDA,45.565.661/0001-00,6662.5,6104.95
2026,6,IRMÃO LÉO,Despesas com Consultória Jurídica,MIKHAIL DAMASCENO – SOC. IND. ADV,62.957.587/0001-89,6094.25,10.7000000000007
2026,6,JÂNIO HENRIQUE,Vale Combustível ( Gab 24 ),PRIME LTDA,05.340.639/0001-30,7850.0,23310.52
2026,6,JÂNIO HENRIQUE,Vale Alimentação,PLUXEE BENEFÍCIOS BRASIL,69.034.668/0001-56,5400.0,17910.52
2026,6,JÂNIO HENRIQUE,Vale Restaurante,PLUXEE BENEFÍCIOS BRASIL,69.034.668/0001-56,2700.0,15210.52
2026,6,JÂNIO HENRIQUE,Passcard´s Eletrônicos,SINDIÔNIBUS,07.341.423/0001-14,0.0,15210.52
2026,6,JÂNIO HENRIQUE,Despesas com Serviço Gráfico,GRÁFICA PRINTCOLOR,02.824.298/0001-80,7998.25,7212.27
2026,6,JÂNIO HENRIQUE,Despesas com Comunicação e Divulgação de Mandato,MARKETING ON SOFTWARE E PUB. LTDA,45.565.661/0001-00,7150.0,62.2700000000004
2026,6,JOHN MONTEIRO,Vale Combustível ( Gab 07 ),PRIME LTDA,05.340.639/0001-30,4000.0,26913.68
2026,6,JOHN MONTEIRO,Vale Alimentação,PLUXEE BENEFÍCIOS BRASIL,69.034.668/0001-56,4697.5,22216.18
2026,6,JOHN MONTEIRO,Vale Restaurante,PLUXEE BENEFÍCIOS BRASIL,69.034.668/0001-56,2712.0,19504.18
2026,6,JOHN MONTEIRO,Passcard´s Eletrônicos,SINDIÔNIBUS,07.341.423/0001-14,0.0,19504.18
2026,6,JOHN MONTEIRO,Despesas com Serviço Gráfico,GRÁFICA MS SOLUÇÕES LDA,43.377.752/0001-89,7700.0,11804.18
2026,6,JOHN MONTEIRO,Despesas com Comunicação e Divulg. Mandato,PRM-COM.GESTÃO EMP.LTDA,37.842.306/0001-03,4062.5,7741.68
2026,6,JOHN MONTEIRO,Despesas com Consultória Jurídica,"COELHO, CASTRO & SOUSA ADV ASSOC.",22.326.735/0001-42,7698.0,43.6800000000003
2026,6,JORGE PINHEIRO,Vale Combustível ( Gab 36 ),PRIME LTDA,05.340.639/0001-30,5950.0,55241.2
2026,6,JORGE PINHEIRO,Vale Alimentação,PLUXEE BENEFÍCIOS BRASIL,69.034.668/0001-56,6173.91,49067.29
2026,6,JORGE PINHEIRO,Vale Restaurante,PLUXEE BENEFÍCIOS BRASIL,69.034.668/0001-56,3086.95,45980.34
2026,6,JORGE PINHEIRO,Passcard´s Eletrônicos,SINDIÔNIBUS,07.341.423/0001-14,356.4,45623.94
2026,6,JORGE PINHEIRO,Despesas com Telefonia Móvel,TELEFÔNICA BRASIL S.A,02.558.157/0001/62,151.91,45472.03
2026,6,JORGE PINHEIRO,Despesas com Comun. Divulg. Mandato,RM CEARÁ NOTICIAS LTDA,02.323.168/0001-63,975.0,44497.03
2026,6,JORGE PINHEIRO,Despesas com Locação de Ônibus,CASABLANCA RENT A CAR,03.977.401/0001-94,2640.0,41857.03
2026,6,KÁTIA RODRIGUÊS,Vale Combustível ( Gab 11 ),PRIME LTDA,05.340.639/0001-30,7044.0,23851.57
2026,6,KÁTIA RODRIGUÊS,Vale Alimentação,PLUXEE BENEFÍCIOS BRASIL,69.034.668/0001-56,5400.0,18451.57
2026,6,KÁTIA RODRIGUÊS,Vale Restaurante,PLUXEE BENEFÍCIOS BRASIL,69.034.668/0001-56,2360.0,16091.57
2026,6,KÁTIA RODRIGUÊS,Passcard´s Eletrônicos,SINDIÔNIBUS,07.341.423/0001-14,0.0,16091.57
2026,6,KÁTIA RODRIGUÊS,Despesas com Serviço Gráfico,GRÁFICA MS SOLUÇÕES LDA,43.377.752/0001-89,6407.84,9683.73
2026,6,KÁTIA RODRIGUÊS,Despesas com Locação de Veículo,CASABLANCA RENT A CAR,03.977.401/0001-94,9640.0,43.7299999999996
2026,6,LAEL SENA,Vale Combustível ( Gab 21 ),PRIME LTDA,05.340.639/0001-30,7250.0,23623.86
2026,6,LAEL SENA,Vale Alimentação,PLUXEE BENEFÍCIOS BRASIL,69.034.668/0001-56,6173.0,17450.86
2026,6,LAEL SENA,Vale Restaurante,PLUXEE BENEFÍCIOS BRASIL,69.034.668/0001-56,3085.0,14365.86
2026,6,LAEL SENA,Passcard´s Eletrônicos,SINDIÔNIBUS,07.341.423/0001-14,1620.0,12745.86
2026,6,LAEL SENA,Despesas com Serviço Gráfico,GRÁFICA RONDA LTDA,07.651.0003/0001-34,7689.41,5056.45
2026,6,LAEL SENA,Despesas com Locação de Veículo,CASABLANCA RENT A CAR,03.977.401/0001-94,5050.0,6.45000000000073
2026,6,LAEL SENA,,,,0.0,0.0
2026,6,LÉO COUTO,Vale Combustível ( Gab 20 ),PRIME LTDA,05.340.639/0001-30,5100.0,33441.68
2026,6,LÉO COUTO,Vale Alimentação,PLUXEE BENEFÍCIOS BRASIL,69.034.668/0001-56,3000.0,30441.68
2026,6,LÉO COUTO,Vale Restaurante,PLUXEE BENEFÍCIOS BRASIL,69.034.668/0001-56,2360.0,28081.68
2026,6,LÉO COUTO,Passcard´s Eletrônicos,SINDIÔNIBUS,07.341.423/0001-14,0.0,28081.68
2026,6,LÉO COUTO,Despesas com Consultória Jurídica,BARBOSA E MORAES SOC-ADV,38.028.070/0001-20,5773.5,22308.18
2026,6,LÉO COUTO,Despesas com Locação de Veículo,CASABLANCA RENT A CAR,03.977.401/0001-94,10800.0,11508.18
2026,6,LUCAS CORDEIRO,Vale Combustível ( Gab 14 ),PRIME LTDA,05.340.639/0001-30,7870.05,23057.24
2026,6,LUCAS CORDEIRO,Vale Alimentação,PLUXEE BENEFÍCIOS BRASIL,69.034.668/0001-56,5427.59,17629.65
2026,6,LUCAS CORDEIRO,Vale Restaurante,PLUXEE BENEFÍCIOS BRASIL,69.034.668/0001-56,2676.35,14953.3
2026,6,LUCAS CORDEIRO,Passcard´s Eletrônicos,SINDIÔNIBUS,07.341.423/0001-14,0.0,14953.3
2026,6,LUCAS CORDEIRO,Despesas com  Telefonia Móvel,CLARO S.A,40.432.544/0001/47,87.39,14865.91
2026,6,LUCAS CORDEIRO,Despesas com Consultoria Jurídica,ANTÔNIO ALBUQUERQUE-ADV,47.730.644/0001-07,3950.45,10915.46
2026,6,LUCAS CORDEIRO,Despesas com Locação de Veículo,CASABLANCA RENT A CAR,03.977.401/0001-94,10800.0,115.459999999999
2026,6,MARCEL COLARES,Vale Combustível ( Gab 10 ),PRIME LTDA,05.340.639/0001-30,6250.0,24643.52
2026,6,MARCEL COLARES,Vale Alimentação,PLUXEE BENEFÍCIOS BRASIL,69.034.668/0001-56,5400.0,19243.52
2026,6,MARCEL COLARES,Vale Restaurante,PLUXEE BENEFÍCIOS BRASIL,69.034.668/0001-56,1600.0,17643.52
2026,6,MARCEL COLARES,Passcard´s Eletrônicos,SINDIÔNIBUS,07.341.423/0001-14,270.0,17373.52
2026,6,MARCEL COLARES,Despesas com Serviço Gráfico,GRÁFICA RDS,02.265.186/0001-36,6537.58,10835.94
2026,6,MARCEL COLARES,Despesas com Locação de Veículo,CASABLANCA RENT A CAR,03.977.401/0001-94,10800.0,35.9400000000005
2026,6,MARCELO MENDES,Vale Combustível ( Gab 12 ),PRIME LTDA,05.340.639/0001-30,8952.17,21919.25
2026,6,MARCELO MENDES,Vale Alimentação,PLUXEE BENEFÍCIOS BRASIL,69.034.668/0001-56,6173.91,15745.34
2026,6,MARCELO MENDES,Vale Restaurante,PLUXEE BENEFÍCIOS BRASIL,69.034.668/0001-56,3086.95,12658.39
2026,6,MARCELO MENDES,Passcard´s Eletrônicos Metropolitano,SINDIÔNIBUS,07.341.423/0001-14,238.0,12420.39
2026,6,MARCELO MENDES,Passcard´s Eletrônicos Urbano,SINDIÔNIBUS,07.341.423/0001-14,432.0,11988.39
2026,6,MARCELO MENDES,Despesas com Locação de Veículo,CASABLANCA RENT A CAR,03.977.401/0001-94,10590.0,1398.39
2026,6,MARCELO MENDES,Despesas com Serviço Gráfico,GRÁFICA RDS,02.265.186/0001-36,1382.06,16.3299999999995
2026,6,MARCELO TCHELA,Vale Combustível ( GAB 02 ),PRIME LTDA,05.340.639/0001-30,4170.06,27078.42
2026,6,MARCELO TCHELA,Vale Alimentação,PLUXEE BENEFÍCIOS BRASIL,69.034.668/0001-56,5070.0,22008.42
2026,6,MARCELO TCHELA,Vale Restaurante,PLUXEE BENEFÍCIOS BRASIL,69.034.668/0001-56,2713.0,19295.42
2026,6,MARCELO TCHELA,Passcard´s Eletrônicos,SINDIÔNIBUS,07.341.423/0001-14,334.8,18960.62
2026,6,MARCELO TCHELA,Despesas com Serviço Gráfico,MS SOLUÇÕES GRÁFICA,43.377.752/0001-89,5314.74,13645.88
2026,6,MARCELO TCHELA,Despesas com Comun. Divulg. Mandato,MARKETING ON LTDA,45.565.661/0001-00,6662.5,6983.38
2026,6,MARCELO TCHELA,Despesas com Consultoria Jurídica,FABIANO GIOVANI – ADV,29.941.589/0001-04,6415.0,568.379999999999
2026,6,MARCIO MARTINS,Vale Combustível ( Gab 22 ),PRIME LTDA,05.340.639/0001-30,8952.05,21918.47
2026,6,MARCIO MARTINS,Vale Alimentação,PLUXEE BENEFÍCIOS BRASIL,69.034.668/0001-56,6173.62,15744.850000000002
2026,6,MARCIO MARTINS,Vale Restaurante,PLUXEE BENEFÍCIOS BRASIL,69.034.668/0001-56,3086.95,12657.900000000001
2026,6,MARCIO MARTINS,Passcard´s Eletrônicos,SINDIÔNIBUS,07.341.423/0001-14,496.8,12161.100000000002
2026,6,MARCIO MARTINS,Despesas com Locação de Veículo,CASABLANCA RENT A CAR,03.977.401/0001-94,940.0,11221.100000000002
2026,6,MARCIO MARTINS,Despesas com Locação de Veículo,CASABLANCA RENT A CAR,03.977.401/0001-94,6300.0,4921.100000000002
2026,6,MARCIO MARTINS,Despesas com Serviço Gráfico,GRÁFICA PRINTCOLOR,02.824.298/0001-80,4910.73,10.37000000000262
2026,6,MARCOS PAULO,Vale Combustível ( Gab 05 ),PRIME LTDA,05.340.639/0001-30,8500.0,22470.96
2026,6,MARCOS PAULO,Vale Alimentação,PLUXEE BENEFÍCIOS BRASIL,69.034.668/0001-56,5851.63,16619.33
2026,6,MARCOS PAULO,Vale Restaurante,PLUXEE BENEFÍCIOS BRASIL,69.034.668/0001-56,3086.0,13533.33
2026,6,MARCOS PAULO,Passcard´s Eletrônicos,SINDIÔNIBUS,07.341.423/0001-14,0.0,13533.33
2026,6,MARCOS PAULO,Despesas com Serviço Gráfico,GRÁFICA MS SOLUÇÕES LTDA,43.377.752/0001-89,7714.97,5818.36
2026,6,MARCOS PAULO,Despesas com Locação de Veículo,CASABLANCA RENT A CAR,03.977.401/0001-94,5670.0,148.36
2026,6,MARCOS PAULO,,,,0.0,0.0
2026,6,MARI LACERDA,Vale Combustível ( Gab 33 ),PRIME LTDA,05.340.639/0001-30,4464.0,29104.66
2026,6,MARI LACERDA,Vale Alimentação,PLUXEE BENEFÍCIOS BRASIL,69.034.668/0001-56,4900.0,24204.66
2026,6,MARI LACERDA,Vale Restaurante,PLUXEE BENEFÍCIOS BRASIL,69.034.668/0001-56,2500.0,21704.66
2026,6,MARI LACERDA,Passcard´s Eletrônicos,SINDIÔNIBUS,07.341.423/0001-14,599.4,21105.26
2026,6,MARI LACERDA,Despesas com  Telefonia Móvel,CLARO S.A,40.432.544/0001/47,1539.1,19566.16
2026,6,MARI LACERDA,Despesas com Locação de Veículo,CASABLANCA RENT A CAR,03.977.401/0001-94,6000.0,13566.16
2026,6,MARI LACERDA,Despesas com Passagem Aérea,A3 TURISMO LTDA,12.848.540/0001-09,874.58,12691.58
2026,6,MARI LACERDA,Despesas com Passagem Aérea,CERRADO VIAGENS,26.722.189/0001-10,973.98,11717.6
2026,6,MARI LACERDA,Despesas com Passagem Aérea,A3 TURISMO LTDA,12.848.540/0001-09,1899.57,9818.03
2026,6,MARI LACERDA,Despesas com Passagem Aérea,A3 TURISMO LTDA,12.848.540/0001-09,1972.25,7845.78
2026,6,MARI LACERDA,Despesas com Comunicação e Divulg. Mandato,PRM-COMUN.GESTÃO EMP. LTDA,37.842.306/0001-03,4712.5,3133.28
2026,6,MARI LACERDA,Despesas com Serviço Gráfico,GRÁFICA PRINTCOLOR,02.824.298/0001-80,2998.41,134.870000000001
2026,6,NILO DANTAS,Vale Combustível ( Gab 34 ),PRIME LTDA,05.340.639/0001-30,8900.0,22409.72
2026,6,NILO DANTAS,Vale Alimentação,PLUXEE BENEFÍCIOS BRASIL,69.034.668/0001-56,6000.0,16409.72
2026,6,NILO DANTAS,Vale Restaurante,PLUXEE BENEFÍCIOS BRASIL,69.034.668/0001-56,3000.0,13409.72
2026,6,NILO DANTAS,Passcard´s Eletrônicos,SINDIÔNIBUS,07.341.423/0001-14,0.0,13409.72
2026,6,NILO DANTAS,Despesas com Serviço Gráfico,GRÁFICA MS SOLUÇÕES LDA,43.377.752/0001-89,5192.24,8217.48
2026,6,NILO DANTAS,Despesas com Consultoria jurídica,MATHEUS FERREIRA-SOC.IND-ADV,56.638.251/0001-50,7698.0,519.48
2026,6,NILO DANTAS,Despesas com Serviço Gráfico,GRÁFICA MS SOLUÇÕES LDA,43.377.752/0001-89,498.86,20.6199999999996
2026,6,PAULO MARTINS,Vale Combustível ( Gab 37 ),PRIME LTDA,05.340.639/0001-30,8950.0,22009.56
2026,6,PAULO MARTINS,Vale Alimentação,PLUXEE BENEFÍCIOS BRASIL,69.034.668/0001-56,6053.9,15955.66
2026,6,PAULO MARTINS,Vale Restaurante,PLUXEE BENEFÍCIOS BRASIL,69.034.668/0001-56,3086.0,12869.66
2026,6,PAULO MARTINS,Passcard´s Eletrônicos,SINDIÔNIBUS,07.341.423/0001-14,1927.8,10941.86
2026,6,PAULO MARTINS,Despesas com Telefonia Móvel,TELEFÔNICA BRASIL S.A,02.558.157/0001/62,151.91,10789.95
2026,6,PAULO MARTINS,Despesas com  Telefonia Móvel,CLARO S.A,40.432.544/0001/47,43.7,10746.25
2026,6,PAULO MARTINS,Despesas com Locação de Veículo,CASABLANCA RENT A CAR,03.977.401/0001-94,5050.0,5696.25
2026,6,PAULO MARTINS,Despesas com Locação de Ônibus,CASABLANCA RENT A CAR,03.977.401/0001-94,1650.0,4046.25
2026,6,PAULO MARTINS,Despesas com Locação de Veículo,CASABLANCA RENT A CAR,03.977.401/0001-94,4000.0,46.25
2026,6,PEDRO MATOS,Vale Combustível ( Gab 04 ),PRIME LTDA,05.340.639/0001-30,7800.0,23088.91
2026,6,PEDRO MATOS,Vale Alimentação,PLUXEE BENEFÍCIOS BRASIL,69.034.668/0001-56,5400.0,17688.91
2026,6,PEDRO MATOS,Vale Restaurante,PLUXEE BENEFÍCIOS BRASIL,69.034.668/0001-56,2700.0,14988.91
2026,6,PEDRO MATOS,Passcard´s Eletrônicos,SINDIÔNIBUS,07.341.423/0001-14,0.0,14988.91
2026,6,PEDRO MATOS,Despesas com  Telefonia Móvel,TELEFÔNICA BRASIL S.A,02.558.157/0001/62,75.96,14912.95
2026,6,PEDRO MATOS,Despesas com Comunicação e Divulgação de Mandato,R e K PRODUCÕES E ASSESORIA LTDA,16.880.815/0001-42,7637.5,7275.45
2026,6,PEDRO MATOS,Despesas com Consultória Jurídica,CARVALHO & SANTOS ADV,34.636.322/0001-43,7248.95,26.5000000000009
2026,6,POLLY CORREIA,Vale Combustível ( Gab 13 ),PRIME LTDA,05.340.639/0001-30,3000.0,27869.56
2026,6,POLLY CORREIA,Vale Alimentação,PLUXEE BENEFÍCIOS BRASIL,69.034.668/0001-56,5462.13,22407.43
2026,6,POLLY CORREIA,Vale Restaurante,PLUXEE BENEFÍCIOS BRASIL,69.034.668/0001-56,2360.0,20047.43
2026,6,POLLY CORREIA,Passcard´s Eletrônicos,SINDIÔNIBUS,07.341.423/0001-14,432.0,19615.43
2026,6,POLLY CORREIA,Despesas com Comunicação e Divulgação de Mandato,MARKETING ON SOFTWARE E PUB. LTDA,45.565.661/0001-00,6662.5,12952.93
2026,6,POLLY CORREIA,Despesas com Serviço Gráfico,GRÁFICA RDS,02.265.186/0001-36,2109.46,10843.47
2026,6,POLLY CORREIA,Despesas com Locação de Veículo,CASABLANCA RENT A CAR,03.977.401/0001-94,10800.0,43.4700000000012
2026,6,PPCELL,Vale Combustível ( Gab 25 ),PRIME LTDA,05.340.639/0001-30,8910.0,21962.52
2026,6,PPCELL,Vale Alimentação,PLUXEE BENEFÍCIOS BRASIL,69.034.668/0001-56,5727.0,16235.52
2026,6,PPCELL,Vale Restaurante,PLUXEE BENEFÍCIOS BRASIL,69.034.668/0001-56,2463.0,13772.52
2026,6,PPCELL,Passcard´s Eletrônicos,SINDIÔNIBUS,07.341.423/0001-14,0.0,13772.52
2026,6,PPCELL,Despesas com Serviço Gráfico,GRÁFICA RDS,02.265.186/0001-36,7308.08,6464.44
2026,6,PPCELL,Despesas com Locação de Veículo,CASABLANCA RENT A CAR,03.977.401/0001-94,6460.0,4.44000000000051
2026,6,PRISCILA COSTA,Vale Combustível ( Gab 19 ),PRIME LTDA,05.340.639/0001-30,5190.0,25679.56
2026,6,PRISCILA COSTA,Vale Alimentação,PLUXEE BENEFÍCIOS BRASIL,69.034.668/0001-56,4720.0,20959.56
2026,6,PRISCILA COSTA,Vale Restaurante,PLUXEE BENEFÍCIOS BRASIL,69.034.668/0001-56,2360.0,18599.56
2026,6,PRISCILA COSTA,Passcard´s Eletrônicos,SINDIÔNIBUS,07.341.423/0001-14,0.0,18599.56
2026,6,PRISCILA COSTA,Despesas com Passagem Aérea,A3 TURISMO LTDA,12.848.540/0001-09,0.0,18599.56
2026,6,PRISCILA COSTA,Despesas com Passagem Aérea,A3 TURISMO LTDA,12.848.540/0001-09,0.0,18599.56
2026,6,PRISCILA COSTA,Desp.com Comunicação e Divulg. de Mandato,PRM Comunic.Gestão Emp. ltda,37.842.306/0001-03,0.0,18599.56
2026,6,PRISCILA COSTA,Despesas com Consultória Jurídica,BARBOSA E MORAES SOC-ADV,38.028.070/0001-20,0.0,18599.56
2026,6,PRISCILA COSTA,,,,0.0,0.0
2026,6,PROF. AGUIAR TOBA,Vale Combustível ( Gab 17 ),PRIME LTDA,05.340.639/0001-30,8952.05,21927.82
2026,6,PROF. AGUIAR TOBA,Vale Alimentação,PLUXEE BENEFÍCIOS BRASIL,69.034.668/0001-56,5577.63,16350.19
2026,6,PROF. AGUIAR TOBA,Vale Restaurante,PLUXEE BENEFÍCIOS BRASIL,69.034.668/0001-56,2713.8,13636.39
2026,6,PROF. AGUIAR TOBA,Passcard´s Eletrônicos,SINDIÔNIBUS,07.341.423/0001-14,0.0,13636.39
2026,6,PROF. AGUIAR TOBA,Despesas com Serviço Gráfico,GRÁFICA MS SOLUÇÕES LTDA,43.377.752/0001-89,5993.22,7643.17
2026,6,PROF. AGUIAR TOBA,Despesas com Comunicação e Divulgação de Mandato,MARKETING ON SOFTWARE E PUB. LTDA,45.565.661/0001-00,7637.5,5.66999999999916
2026,6,PROFESSOR ENILSON,Vale Combustível ( Gab 09 ),PRIME LTDA,05.340.639/0001-30,8952.17,21930.71
2026,6,PROFESSOR ENILSON,Vale Alimentação,PLUXEE BENEFÍCIOS BRASIL,69.034.668/0001-56,6173.91,15756.8
2026,6,PROFESSOR ENILSON,Vale Restaurante,PLUXEE BENEFÍCIOS BRASIL,69.034.668/0001-56,3086.95,12669.85
2026,6,PROFESSOR ENILSON,Passcard´s Eletrônicos,SINDIÔNIBUS,07.341.423/0001-14,0.0,12669.85
2026,6,PROFESSOR ENILSON,Despesas com Serviço Gráfico,GRÁFICA MS SOLUÇÕES LDA,43.377.752/0001-89,7647.63,5022.22
2026,6,PROFESSOR ENILSON,Despesas com Comunicação e Divulg.Mandato,AGÊNCIA PIC MKT LTDA,32.075.292/0001-18,4998.5,23.7200000000003
2026,6,RONALDO MARTINS,Vale Combustível ( Gab 32 ),PRIME LTDA,05.340.639/0001-30,8952.0,22287.08
2026,6,RONALDO MARTINS,Vale Alimentação,PLUXEE BENEFÍCIOS BRASIL,69.034.668/0001-56,6173.0,16114.08
2026,6,RONALDO MARTINS,Vale Restaurante,PLUXEE BENEFÍCIOS BRASIL,69.034.668/0001-56,3086.0,13028.08
2026,6,RONALDO MARTINS,Passcard´s Eletrônicos,SINDIÔNIBUS,07.341.423/0001-14,2246.4,10781.68
2026,6,RONALDO MARTINS,Despesas com Passagem Aérea,A3 TURISMO LTDA,12.848.540/0001-09,1350.06,9431.62
2026,6,RONALDO MARTINS,Despesas com locação de veículo,CASABLANCA RENT A CAR,03.977.401/0001-94,9430.0,1.62000000000262
2026,6,SOLDADO NOÉLIO,Vale Combustível ( Gab 31 ),PRIME LTDA,05.340.639/0001-30,5000.0,25891.26
2026,6,SOLDADO NOÉLIO,Vale Alimentação,PLUXEE BENEFÍCIOS BRASIL,69.034.668/0001-56,5400.0,20491.26
2026,6,SOLDADO NOÉLIO,Vale Restaurante,PLUXEE BENEFÍCIOS BRASIL,69.034.668/0001-56,0.0,20491.26
2026,6,SOLDADO NOÉLIO,Passcard´s Eletrônicos,SINDIÔNIBUS,07.341.423/0001-14,0.0,20491.26
2026,6,SOLDADO NOÉLIO,Despesas com Comunicação e Divulg. Mandato,PRM-COM.GESTÃO EMP. LTDA,37.842.306/0001-03,6500.0,13991.26
2026,6,SOLDADO NOÉLIO,Despesas com Serviço Gráfico,GRÁFICA MS SOLUÇÕES LDA,43.377.752/0001-89,7218.25,6773.01
2026,6,SOLDADO NOÉLIO,Despesas com Consultória Jurídica,MATHEUS FERREIRA-SOC.IND. DE ADV,56.638.251/0001-50,6735.75,37.2599999999984
2026,7,ADAIL JR,Vale Combustível  ( Gab 06 ),PRIME LTDA,05.340.639/0001-30,8952.0,21917.56
2026,7,ADAIL JR,Vale Alimentação,PLUXEE BENEFÍCIOS BRASIL,69.034.668/0001-56,6173.0,15744.56
2026,7,ADAIL JR,Vale Restaurante,PLUXEE BENEFÍCIOS BRASIL,69.034.668/0001-56,3086.0,12658.56
2026,7,ADAIL JR,Passcard´s Eletrônicos,SINDIÔNIBUS,07.341.423/0001-14,0.0,12658.56
2026,7,ADAIL JR,Despesas com Consultória Jurídica,THIAGO MONTEZUMA-ADV ASSOCIADOS,59.861.314/0001-21,7612.5,5046.06
2026,7,ADAIL JR,Despesas com Serviço Gráfico,GRÁFICA RDS,02.265.186/0001-36,1048.56,3997.5
2026,7,ADAIL JR,Despesas com Locação de Veículo,CASABLANCA RENT A CAR,03.977.401/0001-94,3997.5,0.0
2026,7,ADRIANA GERÔNIMO,Vale Combustível ( Gab 30 ),PRIME LTDA,05.340.639/0001-30,7729.0,23140.56
2026,7,ADRIANA GERÔNIMO,Vale Alimentação,PLUXEE BENEFÍCIOS BRASIL,69.034.668/0001-56,6127.62,17012.94
2026,7,ADRIANA GERÔNIMO,Vale Restaurante,PLUXEE BENEFÍCIOS BRASIL,69.034.668/0001-56,3086.0,13926.94
2026,7,ADRIANA GERÔNIMO,Passcard´s Eletrônicos,SINDIÔNIBUS,07.341.423/0001-14,1587.6,12339.34
2026,7,ADRIANA GERÔNIMO,Despesas com Telefonia Móvel,TELEFÔNICA BRASIL S.A,02.558.157/0001/62,2859.43,9479.91
2026,7,ADRIANA GERÔNIMO,Despesas com  Telefonia Móvel,TIM S.A,02.421421/0001-11,63.05,9416.86
2026,7,ADRIANA GERÔNIMO,Despesas com Consultória Jurídica,BRUNO SOUSA – ADV,47.771.413/0001-33,4490.5,4926.36
2026,7,ADRIANA PEDROSA,Vale Combustível (GAB 08 ),PRIME LTDA,05.340.639/0001-30,4100.0,26769.56
2026,7,ADRIANA PEDROSA,Vale Alimentação,PLUXEE BENEFÍCIOS BRASIL,69.034.668/0001-56,4086.0,22683.56
2026,7,ADRIANA PEDROSA,Vale Restaurante,PLUXEE BENEFÍCIOS BRASIL,69.034.668/0001-56,2300.0,20383.56
2026,7,ADRIANA PEDROSA,Passcard´s Eletrônicos,SINDIÔNIBUS,07.341.423/0001-14,1026.0,19357.56
2026,7,ADRIANA PEDROSA,Despesas com Consultoria Jurídica,BRUNO DE SOUSA-ADV,47.771.413/0001-33,4490.5,14867.06
2026,7,ADRIANA PEDROSA,Despesas com Serviço Gráfico,GRÁFICA PRINTCOLOR,02.824.298/0001-80,6493.9,8373.16
2026,7,ADRIANA PEDROSA,Despesas com Locação de Veículo,CASABLANCA RENT A CAR,03.977.401/0001-94,5145.0,3228.16
2026,7,ADRIANA PEDROSA,Despesas com Locação de Ônibus,CASABLANCA RENT A CAR,03.977.401/0001-94,3215.0,13.1600000000017
2026,7,AGAYLSON,Vale Combustível ( Gab 18 ),PRIME LTDA,05.340.639/0001-30,8900.0,21969.56
2026,7,AGAYLSON,Vale Alimentação,PLUXEE BENEFÍCIOS BRASIL,69.034.668/0001-56,6150.0,15819.56
2026,7,AGAYLSON,Vale Restaurante,PLUXEE BENEFÍCIOS BRASIL,69.034.668/0001-56,3000.0,12819.56
2026,7,AGAYLSON,Passcard´s Eletrônicos,SINDIÔNIBUS,07.341.423/0001-14,0.0,12819.56
2026,7,AGAYLSON,Despesas com Locação de Veículo,CASABLANCA RENT A CAR,03.977.401/0001-94,10800.0,2019.56
2026,7,APOLLO VICZ,Vale Combustível ( Gab 29 ),PRIME LTDA,05.340.639/0001-30,4127.0,26742.56
2026,7,APOLLO VICZ,Vale Alimentação,PLUXEE BENEFÍCIOS BRASIL,69.034.668/0001-56,5427.0,21315.56
2026,7,APOLLO VICZ,Vale Restaurante,PLUXEE BENEFÍCIOS BRASIL,69.034.668/0001-56,0.0,21315.56
2026,7,APOLLO VICZ,Passcard´s Eletrônicos,SINDIÔNIBUS,07.341.423/0001-14,0.0,21315.56
2026,7,APOLLO VICZ,Despesas com Serviço Gráfico,SOLUÇÃO GRÁFICA DIGITAL LTDA,19.386.760/0001-07,3770.17,17545.39
2026,7,APOLLO VICZ,Despesas com Consultória Jurídica,AGUIAR -ADV. ASSOCIADOS,09.403.820/0001-07,6735.75,10809.64
2026,7,APOLLO VICZ,Despesas com Locação de Veículo,CASABLANCA RENT A CAR,03.977.401/0001-94,10800.0,9.63999999999942
2026,7,BELLA CARMELO,Vale Combustível ( Gab 42 ),PRIME LTDA,05.340.639/0001-30,3500.0,27369.56
2026,7,BELLA CARMELO,Vale Alimentação,PLUXEE BENEFÍCIOS BRASIL,69.034.668/0001-56,2300.0,25069.56
2026,7,BELLA CARMELO,Vale Restaurante,PLUXEE BENEFÍCIOS BRASIL,69.034.668/0001-56,2000.0,23069.56
2026,7,BELLA CARMELO,Passcard´s Eletrônicos,SINDIÔNIBUS,07.341.423/0001-14,0.0,23069.56
2026,7,BELLA CARMELO,Despesas com Telefonia Móvel,CLARO S.A,40.432.544/0001-47,21.9,23047.66
2026,7,BELLA CARMELO,Despesas com Passagem Aérea,A3 TURISMO LTDA,12.848.540/0001-09,6548.0,16499.66
2026,7,BELLA CARMELO,Despesas com Hospedagem,A3 TURISMO LTDA,12.848.540/0001-09,1464.36,15035.3
2026,7,BELLA CARMELO,Despesas com Locação de Veículo,CASABLANCA RENT A CAR,03.977.401/0001-94,5655.0,9380.3
2026,7,BELLA CARMELO,Despesas com Locação de Veículo,CASABLANCA RENT A CAR,03.977.401/0001-94,5145.0,4235.3
2026,7,BENIGNO JR,Vale Combustível ( Gab 23 ),PRIME LTDA,05.340.639/0001-30,8500.0,22369.56
2026,7,BENIGNO JR,Vale Alimentação,PLUXEE BENEFÍCIOS BRASIL,69.034.668/0001-56,6000.0,16369.56
2026,7,BENIGNO JR,Vale Restaurante,PLUXEE BENEFÍCIOS BRASIL,69.034.668/0001-56,3000.0,13369.56
2026,7,BENIGNO JR,Passcard´s Eletrônicos,SINDIÔNIBUS,07.341.423/0001-14,0.0,13369.56
2026,7,BENIGNO JR,Despesas com Telefonia Móvel,TELEFÔNICA BRASIL S.A,02.558.157/0001/62,738.48,12631.08
2026,7,BENIGNO JR,Despesas com Comun. e Divulg. Mandato,MULCHI CONSULT. E MARKETING LTDA,31.573.676/0001-06,5525.0,7106.08
2026,7,BENIGNO JR,Despesas com Locação de Veículo,CASABLANCA RENT A CAR,03.977.401/0001-94,6090.0,1016.08
2026,7,BRUNO MESQUITA,Vale Combustível ( Gab 01 ),PRIME LTDA,05.340.639/0001-30,8952.0,21917.56
2026,7,BRUNO MESQUITA,Vale Alimentação,PLUXEE BENEFÍCIOS BRASIL,69.034.668/0001-56,6173.0,15744.560000000001
2026,7,BRUNO MESQUITA,Vale Restaurante,PLUXEE BENEFÍCIOS BRASIL,69.034.668/0001-56,2710.0,13034.560000000001
2026,7,BRUNO MESQUITA,Passcard´s Eletrônicos,SINDIÔNIBUS,07.341.423/0001-14,270.0,12764.560000000001
2026,7,BRUNO MESQUITA,Despesas com Serviço Gráfico,GRÁFICA RDS,02.265.186/0001-36,6582.07,6182.490000000002
2026,7,BRUNO MESQUITA,Despesas com Locação de Veículo,CASABLANCA RENT A CAR,03.977.401/0001-94,5670.0,512.4900000000016
2026,7,CARLA IBIAPINA,Vale Combustível ( Gab 38 ),PRIME LTDA,05.340.639/0001-30,7000.0,23869.56
2026,7,CARLA IBIAPINA,Vale Alimentação,PLUXEE BENEFÍCIOS BRASIL,69.034.668/0001-56,5426.0,18443.56
2026,7,CARLA IBIAPINA,Vale Restaurante,PLUXEE BENEFÍCIOS BRASIL,69.034.668/0001-56,2713.0,15730.56
2026,7,CARLA IBIAPINA,Passcard´s Eletrônicos,SINDIÔNIBUS,07.341.423/0001-14,0.0,15730.56
2026,7,CARLA IBIAPINA,Despesas com Serviço Gráfico,SOLUÇÃO GRÁFICA DIGITAL LTDA,19.386.760/0001-07,7714.97,8015.59
2026,7,CARLA IBIAPINA,Despesas com Comunicação e Divulgação de Mandato,MARKETING ON SOFTWARE E PUB. LTDA,45.565.661/0001-00,7637.5,378.089999999999
2026,7,CHIQUINHO DOS CARNEIROS,Vale Combustível ( Gab 28 ),PRIME LTDA,05.340.639/0001-30,8950.0,21919.56
2026,7,CHIQUINHO DOS CARNEIROS,Vale Alimentação,PLUXEE BENEFÍCIOS BRASIL,69.034.668/0001-56,6170.0,15749.56
2026,7,CHIQUINHO DOS CARNEIROS,Vale Restaurante,PLUXEE BENEFÍCIOS BRASIL,69.034.668/0001-56,3000.0,12749.56
2026,7,CHIQUINHO DOS CARNEIROS,Passcard´s Eletrônicos,SINDIÔNIBUS,07.341.423/0001-14,0.0,12749.56
2026,7,CHIQUINHO DOS CARNEIROS,Despesas com Serviço Gráfico,SOLUÇÃO GRÁFICA DIGITAL LTDA,19.386.760/0001-07,7714.97,5034.59
2026,7,CLAÚDIO LIMA,Vale Combustível ( Gab 03 ),PRIME LTDA,05.340.639/0001-30,8952.0,21917.56
2026,7,CLAÚDIO LIMA,Vale Alimentação,PLUXEE BENEFÍCIOS BRASIL,69.034.668/0001-56,6173.0,15744.56
2026,7,CLAÚDIO LIMA,Vale Restaurante,PLUXEE BENEFÍCIOS BRASIL,69.034.668/0001-56,3086.0,12658.56
2026,7,CLAÚDIO LIMA,Passcard´s Eletrônicos,SINDIÔNIBUS,07.341.423/0001-14,648.0,12010.56
2026,7,CLAÚDIO LIMA,Despesas com Serviço Gráfico,GRÁFICA PRINTCOLOR,02.824.298/0001-80,6897.86,5112.7
2026,7,CLAÚDIO LIMA,Despesas com Locação de Veículo,CASABLANCA RENT A CAR,03.977.401/0001-94,5040.0,72.6999999999998
2026,7,DR. VICENTE,Vale Combustível (GAB 43 ),PRIME LTDA,05.340.639/0001-30,8650.0,22219.56
2026,7,DR. VICENTE,Vale Alimentação,PLUXEE BENEFÍCIOS BRASIL,69.034.668/0001-56,4800.0,17419.56
2026,7,DR. VICENTE,Vale Restaurante,PLUXEE BENEFÍCIOS BRASIL,69.034.668/0001-56,2700.0,14719.56
2026,7,DR. VICENTE,Passcard´s Eletrônicos,SINDIÔNIBUS,07.341.423/0001-14,432.0,14287.56
2026,7,DR. VICENTE,Despesas com  Telefonia Móvel,TELEFÔNICA BRASIL S.A,02.558.157/0001/62,610.04,13677.52
2026,7,DR. VICENTE,Despesas com  Telefonia Móvel,CLARO S.A,40.432.544/0001/47,29.9,13647.62
2026,7,DR. VICENTE,Despesas com Consultória Jurídica,BRUNO SOUSA – ADV,47.771.413/0001-33,7698.0,5949.62
2026,7,DR. VICENTE,Despesas com Serviço Gráfico,GRÁFICA PRINTCOLOR,02.824.298/0001-80,5947.8,1.82000000000062
2026,7,ERICH DOUGLAS,Vale Combustível ( Gab 35 ),PRIME LTDA,05.340.639/0001-30,6500.0,24369.56
2026,7,ERICH DOUGLAS,Vale Alimentação,PLUXEE BENEFÍCIOS BRASIL,69.034.668/0001-56,5400.0,18969.56
2026,7,ERICH DOUGLAS,Vale Restaurante,PLUXEE BENEFÍCIOS BRASIL,69.034.668/0001-56,2713.0,16256.56
2026,7,ERICH DOUGLAS,Passcard´s Eletrônicos,SINDIÔNIBUS,07.341.423/0001-14,297.0,15959.56
2026,7,ERICH DOUGLAS,Despesas com Passagem Aérea,A3 TURISMO LTDA,12.848.540/0001-09,4238.82,11720.74
2026,7,ERICH DOUGLAS,Despesas com Comunicação e Divulgação de Mandato,MARKETING ON SOFTWARE E PUB. LTDA,45.565.661/0001-00,7637.5,4083.24
2026,7,ERICH DOUGLAS,Despesas com Serviço Gráfico,GRÁFICA ESTRELA,07.097.989/0001-42,1880.25,2202.99
2026,7,ERICH DOUGLAS,Despesas com Consultoria Jurídica,ANTÔNIO ALBUQUERQUE-ADV,47.730.644/0001-07,2196.5,6.48999999999978
2026,7,ESTRELA BARROS,Vale Combustível ( Gab 26 ),PRIME LTDA,05.340.639/0001-30,8900.0,21969.56
2026,7,ESTRELA BARROS,Vale Alimentação,PLUXEE BENEFÍCIOS BRASIL,69.034.668/0001-56,6100.0,15869.56
2026,7,ESTRELA BARROS,Vale Restaurante,PLUXEE BENEFÍCIOS BRASIL,69.034.668/0001-56,3000.0,12869.56
2026,7,ESTRELA BARROS,Passcard´s Eletrônicos,SINDIÔNIBUS,07.341.423/0001-14,0.0,12869.56
2026,7,ESTRELA BARROS,Despesas com Serviço Gráfico,GRÁFICA ESTRELA LTDA,07.097.989/0001-42,5866.38,7003.18
2026,7,ESTRELA BARROS,Despesas com Locação de Veículo,CASABLANCA RENT A CAR,06.621.791/0001-53,7000.0,3.17999999999938
2026,7,GABRIEL AGUIAR,Vale Combustível ( Gab 41 ),PRIME LTDA,05.340.639/0001-30,6800.0,24069.56
2026,7,GABRIEL AGUIAR,Vale Alimentação,PLUXEE BENEFÍCIOS BRASIL,69.034.668/0001-56,6100.0,17969.56
2026,7,GABRIEL AGUIAR,Vale Restaurante,PLUXEE BENEFÍCIOS BRASIL,69.034.668/0001-56,2700.0,15269.56
2026,7,GABRIEL AGUIAR,Passcard´s Eletrônicos,SINDIÔNIBUS,07.341.423/0001-14,2700.0,12569.56
2026,7,GABRIEL AGUIAR,Despesas com Locação de Veículo,CASABLANCA RENT A CAR,03.977.401/0001-94,5670.0,6899.56
2026,7,GARDEL ROLIM,Vale Combustível ( Gab 27 ),PRIME LTDA,05.340.639/0001-30,8500.0,22369.56
2026,7,GARDEL ROLIM,Vale Alimentação,PLUXEE BENEFÍCIOS BRASIL,69.034.668/0001-56,6100.0,16269.56
2026,7,GARDEL ROLIM,Vale Restaurante,PLUXEE BENEFÍCIOS BRASIL,69.034.668/0001-56,3000.0,13269.56
2026,7,GARDEL ROLIM,Passcard´s Eletrônicos,SINDIÔNIBUS,07.341.423/0001-14,0.0,13269.56
2026,7,GARDEL ROLIM,Despesas com Telefonia Móvel,TELEFÔNICA BRASIL S.A,02.558.157/0001/62,113.93,13155.63
2026,7,GARDEL ROLIM,Despesas com  Telefonia Móvel,TIM S.A,02.421421/0001-11,44.9,13110.73
2026,7,GARDEL ROLIM,Despesas com Consultória Jurídica,THIAGO MONTEZUMA-ADV ASSOCIADOS,59.861.314/0001-21,6090.0,7020.73
2026,7,GARDEL ROLIM,Despesas com Locação de Veículo,CASABLANCA RENT A CAR,06.621.791/0001-53,6510.0,510.73
2026,7,GERMANO HEMAN,Vale Combustível  ( GAB 16 ),PRIME LTDA,05.340.639/0001-30,8952.0,21917.56
2026,7,GERMANO HEMAN,Vale Alimentação,PLUXEE BENEFÍCIOS BRASIL,69.034.668/0001-56,6173.0,15744.56
2026,7,GERMANO HEMAN,Vale Restaurante,PLUXEE BENEFÍCIOS BRASIL,69.034.668/0001-56,3086.0,12658.56
2026,7,GERMANO HEMAN,Passcard´s Eletrônicos,SINDIÔNIBUS,07.341.423/0001-14,0.0,12658.56
2026,7,GERMANO HEMAN,Despesas com Telefonia Móvel,TELEFÔNICA BRASIL S.A,02.558.157/0001/62,1370.08,11288.48
2026,7,GERMANO HEMAN,Despesas com Telefonia Móvel,CLARO S.A,40.432.544/0001/47,106.42,11182.06
2026,7,GERMANO HEMAN,Despesas com Telefonia Móvel,TIM S.A,02.421.421/0001-11,62.9,11119.16
2026,7,GERMANO HEMAN,Despesas com Locação de Veículo,CASABLANCA RENT A CAR,03.977.401/0001-94,10800.0,319.160000000002
2026,7,INSPETOR ALBERTO,Vale Combustível ( Gab 39 ),PRIME LTDA,05.340.639/0001-30,7870.0,22999.56
2026,7,INSPETOR ALBERTO,Vale Alimentação,PLUXEE BENEFÍCIOS BRASIL,69.034.668/0001-56,5427.0,17572.56
2026,7,INSPETOR ALBERTO,Vale Restaurante,PLUXEE BENEFÍCIOS BRASIL,69.034.668/0001-56,2713.0,14859.56
2026,7,INSPETOR ALBERTO,Passcard´s Eletrônicos,SINDIÔNIBUS,07.341.423/0001-14,0.0,14859.56
2026,7,INSPETOR ALBERTO,Despesas com Comunicação e Divulg. Mandato,PRM-COMUN.GESTÃO EMP. LTDA,37.842.306/0001-03,7637.5,7222.06
2026,7,INSPETOR ALBERTO,Despesas com Consultoria jurídica,MATHEUS FERREIRA-SOC.IND-ADV,56.638.251/0001-50,7214.75,7.30999999999949
2026,7,IRMÃO LÉO,Vale Combustível ( Gab 40 ),PRIME LTDA,05.340.639/0001-30,8952.0,21917.56
2026,7,IRMÃO LÉO,Vale Alimentação,PLUXEE BENEFÍCIOS BRASIL,69.034.668/0001-56,6173.91,15743.65
2026,7,IRMÃO LÉO,Vale Restaurante,PLUXEE BENEFÍCIOS BRASIL,69.034.668/0001-56,3086.0,12657.65
2026,7,IRMÃO LÉO,Passcard´s Eletrônicos,SINDIÔNIBUS,07.341.423/0001-14,0.0,12657.65
2026,7,IRMÃO LÉO,Despesas com Comunicação e Divulg. Mandato,MARKETING ON SOFTWARE E PUBLICIDADE LTDA,45.565.661/0001-00,6662.5,5995.15
2026,7,IRMÃO LÉO,Despesas com Consultória Jurídica,MIKHAIL DAMASCENO – SOC. IND. ADV,62.957.587/0001-89,5773.5,221.65
2026,7,JÂNIO HENRIQUE,Vale Combustível ( Gab 24 ),PRIME LTDA,05.340.639/0001-30,7850.0,23019.56
2026,7,JÂNIO HENRIQUE,Vale Alimentação,PLUXEE BENEFÍCIOS BRASIL,69.034.668/0001-56,5400.0,17619.56
2026,7,JÂNIO HENRIQUE,Vale Restaurante,PLUXEE BENEFÍCIOS BRASIL,69.034.668/0001-56,2700.0,14919.56
2026,7,JÂNIO HENRIQUE,Passcard´s Eletrônicos,SINDIÔNIBUS,07.341.423/0001-14,0.0,14919.56
2026,7,JÂNIO HENRIQUE,Despesas com Serviço Gráfico,GRÁFICA PRINTCOLOR,02.824.298/0001-80,7698.11,7221.45
2026,7,JÂNIO HENRIQUE,Despesas com Comunicação e Divulgação de Mandato,MARKETING ON SOFTWARE E PUB. LTDA,45.565.661/0001-00,7150.0,71.4499999999998
2026,7,JOHN MONTEIRO,Vale Combustível ( Gab 07 ),PRIME LTDA,05.340.639/0001-30,4000.0,26869.56
2026,7,JOHN MONTEIRO,Vale Alimentação,PLUXEE BENEFÍCIOS BRASIL,69.034.668/0001-56,4697.5,22172.06
2026,7,JOHN MONTEIRO,Vale Restaurante,PLUXEE BENEFÍCIOS BRASIL,69.034.668/0001-56,2712.0,19460.06
2026,7,JOHN MONTEIRO,Passcard´s Eletrônicos,SINDIÔNIBUS,07.341.423/0001-14,0.0,19460.06
2026,7,JOHN MONTEIRO,Despesas com Comunicação e Divulg. Mandato,PRM-COM.GESTÃO EMP.LTDA,37.842.306/0001-03,4062.5,15397.56
2026,7,JOHN MONTEIRO,Despesas com Consultória Jurídica,"COELHO, CASTRO & SOUSA ADV ASSOC.",22.326.735/0001-42,7698.0,7699.56
2026,7,JOHN MONTEIRO,Despesas com Serviço Gráfico,SOLUÇÃO GRÁFICA DIGITAL LTDA,19.386.760/0001-07,7692.52,7.04000000000087
2026,7,JORGE PINHEIRO,Vale Combustível ( Gab 36 ),PRIME LTDA,05.340.639/0001-30,5950.0,24919.56
2026,7,JORGE PINHEIRO,Vale Alimentação,PLUXEE BENEFÍCIOS BRASIL,69.034.668/0001-56,6173.91,18745.65
2026,7,JORGE PINHEIRO,Vale Restaurante,PLUXEE BENEFÍCIOS BRASIL,69.034.668/0001-56,3086.95,15658.7
2026,7,JORGE PINHEIRO,Passcard´s Eletrônicos,SINDIÔNIBUS,07.341.423/0001-14,356.4,15302.3
2026,7,JORGE PINHEIRO,Despesas com Telefonia Móvel,TELEFÔNICA BRASIL S.A,02.558.157/0001/62,151.91,15150.39
2026,7,JORGE PINHEIRO,Despesas com Comun. Divulg. Mandato,RM CEARÁ NOTICIAS LTDA,02.323.168/0001-63,975.0,14175.39
2026,7,JORGE PINHEIRO,Despesas com Locação de Ônibus,CASABLANCA RENT A CAR,03.977.401/0001-94,2960.0,11215.39
2026,7,JULIERME SENA,Vale Combustível ( Gab 21 ),PRIME LTDA,05.340.639/0001-30,7250.0,23619.56
2026,7,JULIERME SENA,Vale Alimentação,PLUXEE BENEFÍCIOS BRASIL,69.034.668/0001-56,6173.0,17446.56
2026,7,JULIERME SENA,Vale Restaurante,PLUXEE BENEFÍCIOS BRASIL,69.034.668/0001-56,3085.0,14361.56
2026,7,JULIERME SENA,Passcard´s Eletrônicos,SINDIÔNIBUS,07.341.423/0001-14,1620.0,12741.56
2026,7,JULIERME SENA,Despesas com Serviço Gráfico,GRÁFICA RONDA LTDA,07.651.0003/0001-34,7689.41,5052.15
2026,7,JULIERME SENA,Despesas com Locação de Veículo,CASABLANCA RENT A CAR,03.977.401/0001-94,5050.0,2.14999999999964
2026,7,KÁTIA RODRIGUÊS,Vale Combustível ( Gab 11 ),PRIME LTDA,05.340.639/0001-30,7044.0,23825.56
2026,7,KÁTIA RODRIGUÊS,Vale Alimentação,PLUXEE BENEFÍCIOS BRASIL,69.034.668/0001-56,5400.0,18425.56
2026,7,KÁTIA RODRIGUÊS,Vale Restaurante,PLUXEE BENEFÍCIOS BRASIL,69.034.668/0001-56,2360.0,16065.56
2026,7,KÁTIA RODRIGUÊS,Passcard´s Eletrônicos,SINDIÔNIBUS,07.341.423/0001-14,0.0,16065.56
2026,7,KÁTIA RODRIGUÊS,Despesas com Serviço Gráfico,SOLUÇÃO GRÁFICA DIGITAL LTDA,19.386.760/0001-07,6407.84,9657.72
2026,7,KÁTIA RODRIGUÊS,Despesas com Locação de Veículo,CASABLANCA RENT A CAR,03.977.401/0001-94,9640.0,17.7199999999993
2026,7,LÉO COUTO,Vale Combustível ( Gab 20 ),PRIME LTDA,05.340.639/0001-30,5100.0,25769.56
2026,7,LÉO COUTO,Vale Alimentação,PLUXEE BENEFÍCIOS BRASIL,69.034.668/0001-56,3000.0,22769.56
2026,7,LÉO COUTO,Vale Restaurante,PLUXEE BENEFÍCIOS BRASIL,69.034.668/0001-56,2360.0,20409.56
2026,7,LÉO COUTO,Passcard´s Eletrônicos,SINDIÔNIBUS,07.341.423/0001-14,0.0,20409.56
2026,7,LÉO COUTO,Despesas com Consultória Jurídica,BARBOSA E MORAES SOC-ADV,38.028.070/0001-20,5773.5,14636.06
2026,7,LÉO COUTO,Despesas com Locação de Veículo,CASABLANCA RENT A CAR,03.977.401/0001-94,10800.0,3836.06
2026,7,LUCAS CORDEIRO,Vale Combustível ( Gab 14 ),PRIME LTDA,05.340.639/0001-30,7870.05,22999.51
2026,7,LUCAS CORDEIRO,Vale Alimentação,PLUXEE BENEFÍCIOS BRASIL,69.034.668/0001-56,5427.59,17571.92
2026,7,LUCAS CORDEIRO,Vale Restaurante,PLUXEE BENEFÍCIOS BRASIL,69.034.668/0001-56,2676.35,14895.57
2026,7,LUCAS CORDEIRO,Passcard´s Eletrônicos,SINDIÔNIBUS,07.341.423/0001-14,0.0,14895.57
2026,7,LUCAS CORDEIRO,Despesas com  Telefonia Móvel,CLARO S.A,40.432.544/0001/47,87.39,14808.18
2026,7,LUCAS CORDEIRO,Despesas com Consultoria Jurídica,ANTÔNIO ALBUQUERQUE-ADV,47.730.644/0001-07,3950.45,10857.73
2026,7,LUCAS CORDEIRO,Despesas com Locação de Veículo,CASABLANCA RENT A CAR,03.977.401/0001-94,10800.0,57.7299999999996
2026,7,MARCEL COLARES,Vale Combustível ( Gab 10 ),PRIME LTDA,05.340.639/0001-30,6250.0,24619.56
2026,7,MARCEL COLARES,Vale Alimentação,PLUXEE BENEFÍCIOS BRASIL,69.034.668/0001-56,5400.0,19219.56
2026,7,MARCEL COLARES,Vale Restaurante,PLUXEE BENEFÍCIOS BRASIL,69.034.668/0001-56,1600.0,17619.56
2026,7,MARCEL COLARES,Passcard´s Eletrônicos,SINDIÔNIBUS,07.341.423/0001-14,270.0,17349.56
2026,7,MARCEL COLARES,Despesas com Serviço Gráfico,GRÁFICA RDS,02.265.186/0001-36,6537.58,10811.98
2026,7,MARCEL COLARES,Despesas com Locação de Veículo,CASABLANCA RENT A CAR,03.977.401/0001-94,10800.0,11.9800000000014
2026,7,MARCELO MENDES,Vale Combustível ( Gab 12 ),PRIME LTDA,05.340.639/0001-30,8952.17,21917.39
2026,7,MARCELO MENDES,Vale Alimentação,PLUXEE BENEFÍCIOS BRASIL,69.034.668/0001-56,6173.91,15743.48
2026,7,MARCELO MENDES,Vale Restaurante,PLUXEE BENEFÍCIOS BRASIL,69.034.668/0001-56,3086.95,12656.529999999999
2026,7,MARCELO MENDES,Passcard´s Eletrônicos Metropolitano,SINDIÔNIBUS,07.341.423/0001-14,238.0,12418.529999999999
2026,7,MARCELO MENDES,Passcard´s Eletrônicos Urbano,SINDIÔNIBUS,07.341.423/0001-14,432.0,11986.529999999999
2026,7,MARCELO MENDES,Despesas com Locação de Veículo,CASABLANCA RENT A CAR,03.977.401/0001-94,10590.0,1396.5299999999988
2026,7,MARCELO TCHELA,Vale Combustível ( GAB 02 ),PRIME LTDA,05.340.639/0001-30,4170.06,26699.5
2026,7,MARCELO TCHELA,Vale Alimentação,PLUXEE BENEFÍCIOS BRASIL,69.034.668/0001-56,5070.0,21629.5
2026,7,MARCELO TCHELA,Vale Restaurante,PLUXEE BENEFÍCIOS BRASIL,69.034.668/0001-56,2713.0,18916.5
2026,7,MARCELO TCHELA,Passcard´s Eletrônicos,SINDIÔNIBUS,07.341.423/0001-14,334.8,18581.7
2026,7,MARCELO TCHELA,Despesas com Comun. Divulg. Mandato,MARKETING ON LTDA,45.565.661/0001-00,6662.5,11919.2
2026,7,MARCELO TCHELA,Despesas com Consultoria Jurídica,FABIANO GIOVANI – ADV,29.941.589/0001-04,6415.0,5504.2
2026,7,MARCELO TCHELA,Despesas com Serviço Gráfico,SOLUÇÃO GRÁFICA DIGITAL LTDA,19.386.760/0001-07,5314.74,189.460000000001
2026,7,MARCIO MARTINS,Vale Combustível ( Gab 22 ),PRIME LTDA,05.340.639/0001-30,8952.05,21917.51
2026,7,MARCIO MARTINS,Vale Alimentação,PLUXEE BENEFÍCIOS BRASIL,69.034.668/0001-56,6173.62,15743.89
2026,7,MARCIO MARTINS,Vale Restaurante,PLUXEE BENEFÍCIOS BRASIL,69.034.668/0001-56,3086.95,12656.94
2026,7,MARCIO MARTINS,Passcard´s Eletrônicos,SINDIÔNIBUS,07.341.423/0001-14,496.8,12160.14
2026,7,MARCIO MARTINS,Despesas com Serviço Gráfico,GRÁFICA PRINTCOLOR,02.824.298/0001-80,5821.45,6338.69
2026,7,MARCIO MARTINS,Despesas com Locação de Veículo,CASABLANCA RENT A CAR,03.977.401/0001-94,6300.0,38.6900000000032
2026,7,MARCOS PAULO,Vale Combustível ( Gab 05 ),PRIME LTDA,05.340.639/0001-30,8500.0,22369.56
2026,7,MARCOS PAULO,Vale Alimentação,PLUXEE BENEFÍCIOS BRASIL,69.034.668/0001-56,5851.63,16517.93
2026,7,MARCOS PAULO,Vale Restaurante,PLUXEE BENEFÍCIOS BRASIL,69.034.668/0001-56,3086.0,13431.93
2026,7,MARCOS PAULO,Passcard´s Eletrônicos,SINDIÔNIBUS,07.341.423/0001-14,0.0,13431.93
2026,7,MARCOS PAULO,Despesas com Serviço Gráfico,SOLUÇÃO GRÁFICA DIGITAL LTDA,19.386.760/0001-07,7714.97,5716.96
2026,7,MARCOS PAULO,Despesas com Locação de Veículo,CASABLANCA RENT A CAR,03.977.401/0001-94,5670.0,46.96
2026,7,MARCOS PAULO,,,,0.0,0.0
2026,7,MARI LACERDA,Vale Combustível ( Gab 33 ),PRIME LTDA,05.340.639/0001-30,4464.0,26405.56
2026,7,MARI LACERDA,Vale Alimentação,PLUXEE BENEFÍCIOS BRASIL,69.034.668/0001-56,4900.0,21505.56
2026,7,MARI LACERDA,Vale Restaurante,PLUXEE BENEFÍCIOS BRASIL,69.034.668/0001-56,2500.0,19005.56
2026,7,MARI LACERDA,Passcard´s Eletrônicos,SINDIÔNIBUS,07.341.423/0001-14,599.4,18406.16
2026,7,MARI LACERDA,Despesas com  Telefonia Móvel,CLARO S.A,40.432.544/0001/47,56.8,18349.36
2026,7,MARI LACERDA,Despesas com Locação de Veículo,CASABLANCA RENT A CAR,03.977.401/0001-94,6000.0,12349.36
2026,7,NILO DANTAS,Vale Combustível ( Gab 34 ),PRIME LTDA,05.340.639/0001-30,8900.0,21969.56
2026,7,NILO DANTAS,Vale Alimentação,PLUXEE BENEFÍCIOS BRASIL,69.034.668/0001-56,6000.0,15969.56
2026,7,NILO DANTAS,Vale Restaurante,PLUXEE BENEFÍCIOS BRASIL,69.034.668/0001-56,3000.0,12969.56
2026,7,NILO DANTAS,Passcard´s Eletrônicos,SINDIÔNIBUS,07.341.423/0001-14,0.0,12969.56
2026,7,NILO DANTAS,Despesas com Comunicação e Divulg.Mandato,MARKETING ON SOFTWARE E PUB. LTDA,45.565.661/0001-00,7637.5,5332.06
2026,7,NILO DANTAS,Despesas com Consultoria jurídica,MATHEUS FERREIRA-SOC.IND-ADV,56.638.251/0001-50,5290.25,41.8100000000013
2026,7,PAULO MARTINS,Vale Combustível ( Gab 37 ),PRIME LTDA,05.340.639/0001-30,8950.0,21919.56
2026,7,PAULO MARTINS,Vale Alimentação,PLUXEE BENEFÍCIOS BRASIL,69.034.668/0001-56,6053.9,15865.66
2026,7,PAULO MARTINS,Vale Restaurante,PLUXEE BENEFÍCIOS BRASIL,69.034.668/0001-56,3086.0,12779.66
2026,7,PAULO MARTINS,Passcard´s Eletrônicos,SINDIÔNIBUS,07.341.423/0001-14,1927.8,10851.86
2026,7,PAULO MARTINS,Despesas com Telefonia Móvel,TELEFÔNICA BRASIL S.A,02.558.157/0001/62,151.91,10699.95
2026,7,PAULO MARTINS,Despesas com  Telefonia Móvel,CLARO S.A,40.432.544/0001/47,43.7,10656.25
2026,7,PAULO MARTINS,Despesas com Locação de Veículo,CASABLANCA RENT A CAR,03.977.401/0001-94,5050.0,5606.25
2026,7,PAULO MARTINS,Despesas com Locação de Veículo,CASABLANCA RENT A CAR,03.977.401/0001-94,4000.0,1606.25
2026,7,PAULO MARTINS,Despesas com Locação de Ônibus,CASABLANCA RENT A CAR,03.977.401/0001-94,1600.0,6.25
2026,7,PAULO MARTINS,,,,0.0,0.0
2026,7,PEDRO MATOS,Vale Combustível ( Gab 04 ),PRIME LTDA,05.340.639/0001-30,7800.0,23069.56
2026,7,PEDRO MATOS,Vale Alimentação,PLUXEE BENEFÍCIOS BRASIL,69.034.668/0001-56,5400.0,17669.56
2026,7,PEDRO MATOS,Vale Restaurante,PLUXEE BENEFÍCIOS BRASIL,69.034.668/0001-56,2700.0,14969.56
2026,7,PEDRO MATOS,Passcard´s Eletrônicos,SINDIÔNIBUS,07.341.423/0001-14,0.0,14969.56
2026,7,PEDRO MATOS,Despesas com  Telefonia Móvel,TELEFÔNICA BRASIL S.A,02.558.157/0001/62,75.96,14893.6
2026,7,PEDRO MATOS,Despesas com Comunicação e Divulgação de Mandato,R e K PRODUCÕES E ASSESORIA LTDA,16.880.815/0001-42,7637.5,7256.1
2026,7,PEDRO MATOS,Despesas com Consultória Jurídica,CARVALHO & SANTOS ADV,34.636.322/0001-43,7248.95,7.15000000000055
2026,7,POLLY CORREIA,Vale Combustível ( Gab 13 ),PRIME LTDA,05.340.639/0001-30,3000.0,27869.56
2026,7,POLLY CORREIA,Vale Alimentação,PLUXEE BENEFÍCIOS BRASIL,69.034.668/0001-56,5462.13,22407.43
2026,7,POLLY CORREIA,Vale Restaurante,PLUXEE BENEFÍCIOS BRASIL,69.034.668/0001-56,2360.0,20047.43
2026,7,POLLY CORREIA,Passcard´s Eletrônicos,SINDIÔNIBUS,07.341.423/0001-14,432.0,19615.43
2026,7,POLLY CORREIA,Despesas com Comunicação e Divulgação de Mandato,MARKETING ON SOFTWARE E PUB. LTDA,45.565.661/0001-00,6662.5,12952.93
2026,7,POLLY CORREIA,Despesas com Serviço Gráfico,GRÁFICA RDS,02.265.186/0001-36,2109.46,10843.47
2026,7,POLLY CORREIA,Despesas com Locação de Veículo,CASABLANCA RENT A CAR,03.977.401/0001-94,10800.0,43.4700000000012
2026,7,PPCELL,Vale Combustível ( Gab 25 ),PRIME LTDA,05.340.639/0001-30,8910.0,21959.56
2026,7,PPCELL,Vale Alimentação,PLUXEE BENEFÍCIOS BRASIL,69.034.668/0001-56,5727.0,16232.56
2026,7,PPCELL,Vale Restaurante,PLUXEE BENEFÍCIOS BRASIL,69.034.668/0001-56,2463.0,13769.56
2026,7,PPCELL,Passcard´s Eletrônicos,SINDIÔNIBUS,07.341.423/0001-14,0.0,13769.56
2026,7,PPCELL,Despesas com Serviço Gráfico,GRÁFICA RDS,02.265.186/0001-36,7308.08,6461.48
2026,7,PPCELL,Despesas com Locação de Veículo,CASABLANCA RENT A CAR,03.977.401/0001-94,6460.0,1.47999999999956
2026,7,PRISCILA COSTA,Vale Combustível ( Gab 19 ),PRIME LTDA,05.340.639/0001-30,5190.0,25679.56
2026,7,PRISCILA COSTA,Vale Alimentação,PLUXEE BENEFÍCIOS BRASIL,69.034.668/0001-56,4720.0,20959.56
2026,7,PRISCILA COSTA,Vale Restaurante,PLUXEE BENEFÍCIOS BRASIL,69.034.668/0001-56,2360.0,18599.56
2026,7,PRISCILA COSTA,Passcard´s Eletrônicos,SINDIÔNIBUS,07.341.423/0001-14,0.0,18599.56
2026,7,PRISCILA COSTA,Desp.com Comunicação e Divulg. de Mandato,PRM Comunic.Gestão Emp. ltda,37.842.306/0001-03,7637.5,10962.06
2026,7,PRISCILA COSTA,Despesas com Consultória Jurídica,BARBOSA E MORAES SOC-ADV,38.028.070/0001-20,7698.0,3264.06
2026,7,PRISCILA COSTA,,,,0.0,0.0
2026,7,PROF. AGUIAR TOBA,Vale Combustível ( Gab 17 ),PRIME LTDA,05.340.639/0001-30,8952.05,21917.51
2026,7,PROF. AGUIAR TOBA,Vale Alimentação,PLUXEE BENEFÍCIOS BRASIL,69.034.668/0001-56,5577.63,16339.88
2026,7,PROF. AGUIAR TOBA,Vale Restaurante,PLUXEE BENEFÍCIOS BRASIL,69.034.668/0001-56,2713.8,13626.08
2026,7,PROF. AGUIAR TOBA,Passcard´s Eletrônicos,SINDIÔNIBUS,07.341.423/0001-14,0.0,13626.08
2026,7,PROF. AGUIAR TOBA,Despesas com Serviço Gráfico,SOLUÇÃO GRÁFICA DIGITAL LTDA,19.386.760/0001-07,5983.8,7642.28
2026,7,PROF. AGUIAR TOBA,Despesas com Comunicação e Divulgação de Mandato,MARKETING ON SOFTWARE E PUB. LTDA,45.565.661/0001-00,7637.5,4.77999999999975
2026,7,PROFESSOR ENILSON,Vale Combustível ( Gab 09 ),PRIME LTDA,05.340.639/0001-30,8952.17,21917.39
2026,7,PROFESSOR ENILSON,Vale Alimentação,PLUXEE BENEFÍCIOS BRASIL,69.034.668/0001-56,6173.91,15743.48
2026,7,PROFESSOR ENILSON,Vale Restaurante,PLUXEE BENEFÍCIOS BRASIL,69.034.668/0001-56,3086.95,12656.53
2026,7,PROFESSOR ENILSON,Passcard´s Eletrônicos,SINDIÔNIBUS,07.341.423/0001-14,0.0,12656.53
2026,7,PROFESSOR ENILSON,Despesas com Serviço Gráfico,SOLUÇÃO GRÁFICA DIGITAL LTDA,19.386.760/0001-07,7647.63,5008.9
2026,7,PROFESSOR ENILSON,Despesas com Comunicação e Divulg.Mandato,AGÊNCIA PIC MKT LTDA,32.075.292/0001-18,4998.5,10.4000000000005
2026,7,RAIMUNDO FILHO,Vale Combustível ( GAB 15 ),PRIME LTDA,05.340.639/0001-30,8900.0,21969.56
2026,7,RAIMUNDO FILHO,Vale Alimentação,PLUXEE BENEFÍCIOS BRASIL,69.034.668/0001-56,6173.91,15795.65
2026,7,RAIMUNDO FILHO,Vale Restaurante,PLUXEE BENEFÍCIOS BRASIL,69.034.668/0001-56,3086.95,12708.7
2026,7,RAIMUNDO FILHO,Passcard´s Eletrônicos,SINDIÔNIBUS,07.341.423/0001-14,216.0,12492.7
2026,7,RAIMUNDO FILHO,Despesas com Telefonia Móvel,TELEFÔNICA BRASIL S.A,02.558.157/0001/62,37.98,12454.72
2026,7,RAIMUNDO FILHO,Despesas com  Telefonia Móvel,CLARO S.A,40.432.544/0001/47,57.01,12397.71
2026,7,RAIMUNDO FILHO,Despesas com Locação de Veículo,CASABLANCA RENT A CAR,03.977.401/0001-94,7395.0,5002.71
2026,7,RAIMUNDO FILHO,Despesas com Locação de Ônibus,CASABLANCA RENT A CAR,03.977.401/0001-94,3405.0,1597.71
2026,7,RENÉ PESSOA,Vale Combustível ( Gab 31 ),PRIME LTDA,05.340.639/0001-30,5000.0,25869.56
2026,7,RENÉ PESSOA,Vale Alimentação,PLUXEE BENEFÍCIOS BRASIL,69.034.668/0001-56,5400.0,20469.56
2026,7,RENÉ PESSOA,Vale Restaurante,PLUXEE BENEFÍCIOS BRASIL,69.034.668/0001-56,0.0,20469.56
2026,7,RENÉ PESSOA,Passcard´s Eletrônicos,SINDIÔNIBUS,07.341.423/0001-14,0.0,20469.56
2026,7,RENÉ PESSOA,Despesas com Consultória Jurídica,MATHEUS FERREIRA-SOC.IND. DE ADV,56.638.251/0001-50,6735.75,13733.81
2026,7,RENÉ PESSOA,Despesas com Comunicação e Divulg. Mandato,PRM-COM.GESTÃO EMP. LTDA,37.842.306/0001-03,6500.0,7233.81
2026,7,RENÉ PESSOA,Despesas com Serviço Gráfico,SOLUÇÃO GRÁFICA DIGITAL LTDA,19.386.760/0001-07,7218.25,15.5600000000013
2026,7,RONALDO MARTINS,Vale Combustível ( Gab 32 ),PRIME LTDA,05.340.639/0001-30,8952.0,21917.56
2026,7,RONALDO MARTINS,Vale Alimentação,PLUXEE BENEFÍCIOS BRASIL,69.034.668/0001-56,6173.0,15744.56
2026,7,RONALDO MARTINS,Vale Restaurante,PLUXEE BENEFÍCIOS BRASIL,69.034.668/0001-56,3086.0,12658.56
2026,7,RONALDO MARTINS,Passcard´s Eletrônicos,SINDIÔNIBUS,07.341.423/0001-14,2246.4,10412.16
2026,7,RONALDO MARTINS,Despesas com Hospedagem,A3 TURISMO LTDA,12.848.540/0001-09,1244.0,9168.16
2026,7,RONALDO MARTINS,Despesas com locação de veículo,CASABLANCA RENT A CAR,03.977.401/0001-94,9060.0,108.16
2026,8,ADAIL JR,Vale Combustível  ( Gab 06 ),PRIME LTDA,05.340.639/0001-30,8952.0,21917.56
2026,8,ADAIL JR,Vale Alimentação,PLUXEE BENEFÍCIOS BRASIL,69.034.668/0001-56,6173.0,15744.56
2026,8,ADAIL JR,Vale Restaurante,PLUXEE BENEFÍCIOS BRASIL,69.034.668/0001-56,3086.0,12658.56
2026,8,ADAIL JR,Passcard´s Eletrônicos,SINDIÔNIBUS,07.341.423/0001-14,0.0,12658.56
2026,8,ADAIL JR,Despesas com Consultória Jurídica,THIAGO MONTEZUMA-ADV ASSOCIADOS,59.861.314/0001-21,7612.5,5046.06
2026,8,ADAIL JR,Despesas com Locação de Veículo,CASABLANCA RENT A CAR,03.977.401/0001-94,5045.0,1.06000000000131
2026,8,ADRIANA GERÔNIMO,Vale Combustível ( Gab 30 ),PRIME LTDA,05.340.639/0001-30,7329.0,28466.92
2026,8,ADRIANA GERÔNIMO,Vale Alimentação,PLUXEE BENEFÍCIOS BRASIL,69.034.668/0001-56,6127.62,22339.3
2026,8,ADRIANA GERÔNIMO,Vale Restaurante,PLUXEE BENEFÍCIOS BRASIL,69.034.668/0001-56,3086.0,19253.3
2026,8,ADRIANA GERÔNIMO,Passcard´s Eletrônicos,SINDIÔNIBUS,07.341.423/0001-14,1587.6,17665.7
2026,8,ADRIANA GERÔNIMO,Despesas com Telefonia Móvel,TELEFÔNICA BRASIL S.A,02.558.157/0001/62,2859.43,14806.27
2026,8,ADRIANA GERÔNIMO,Despesas com  Telefonia Móvel,TIM S.A,02.421421/0001-11,62.9,14743.37
2026,8,ADRIANA GERÔNIMO,Despesas com Consultória Jurídica,BRUNO SOUSA – ADV,47.771.413/0001-33,4490.5,10252.87
2026,8,ADRIANA GERÔNIMO,Despesas com serviço Gráfico,MOTOGRÁFICA E COMÉRCIO DE PAPÉIS LTDA,10.670.251/0001-37,9260.61,992.26
2026,8,ADRIANA PEDROSA ( SUPLENTE ),Vale Combustível (GAB 08 ),PRIME LTDA,05.340.639/0001-30,4100.0,26782.72
2026,8,ADRIANA PEDROSA ( SUPLENTE ),Vale Alimentação,PLUXEE BENEFÍCIOS BRASIL,69.034.668/0001-56,4086.0,22696.72
2026,8,ADRIANA PEDROSA ( SUPLENTE ),Vale Restaurante,PLUXEE BENEFÍCIOS BRASIL,69.034.668/0001-56,2300.0,20396.72
2026,8,ADRIANA PEDROSA ( SUPLENTE ),Passcard´s Eletrônicos,SINDIÔNIBUS,07.341.423/0001-14,1026.0,19370.72
2026,8,ADRIANA PEDROSA ( SUPLENTE ),Despesas com Consultoria Jurídica,BRUNO DE SOUSA-ADV,47.771.413/0001-33,4490.5,14880.22
2026,8,ADRIANA PEDROSA ( SUPLENTE ),Despesas com Serviço Gráfico,GRÁFICA PRINTCOLOR,02.824.298/0001-80,7692.55,7187.67
2026,8,ADRIANA PEDROSA ( SUPLENTE ),Despesas com Consultoria Jurídica,BRUNO DE SOUSA-ADV,47.771.413/0001-33,3207.5,3980.17
2026,8,ADRIANA PEDROSA ( SUPLENTE ),Despesas com Comunicação e Divulgação de Mandato,MARKETING ON SOFTWARE E PUB. LTDA,45.565.661/0001-00,3900.0,80.170000000001
2026,8,AGAYLSON,Vale Combustível ( Gab 18 ),PRIME LTDA,05.340.639/0001-30,8900.0,23989.12
2026,8,AGAYLSON,Vale Alimentação,PLUXEE BENEFÍCIOS BRASIL,69.034.668/0001-56,6150.0,17839.12
2026,8,AGAYLSON,Vale Restaurante,PLUXEE BENEFÍCIOS BRASIL,69.034.668/0001-56,3000.0,14839.12
2026,8,AGAYLSON,Passcard´s Eletrônicos,SINDIÔNIBUS,07.341.423/0001-14,0.0,14839.12
2026,8,AGAYLSON,Despesas com Locação de Veículo,CASABLANCA RENT A CAR,03.977.401/0001-94,10800.0,4039.12
2026,8,AILTON LOPES ( SUPLENTE ),Vale Combustível ( Gab 41 ),PRIME LTDA,05.340.639/0001-30,5800.0,25069.56
2026,8,AILTON LOPES ( SUPLENTE ),Vale Alimentação,PLUXEE BENEFÍCIOS BRASIL,69.034.668/0001-56,6100.0,18969.56
2026,8,AILTON LOPES ( SUPLENTE ),Vale Restaurante,PLUXEE BENEFÍCIOS BRASIL,69.034.668/0001-56,2700.0,16269.56
2026,8,AILTON LOPES ( SUPLENTE ),Passcard´s Eletrônicos,SINDIÔNIBUS,07.341.423/0001-14,2700.0,13569.56
2026,8,AILTON LOPES ( SUPLENTE ),Despesas com Locação de Veículo,CASABLANCA RENT A CAR,03.977.401/0001-94,5670.0,7899.56
2026,8,AILTON LOPES ( SUPLENTE ),Despesas com Locação de Ônibus,CASABLANCA RENT A CAR,03.977.401/0001-94,880.0,7019.56
2026,8,APOLLO VICZ,Vale Combustível ( Gab 29 ),PRIME LTDA,05.340.639/0001-30,4127.0,26752.2
2026,8,APOLLO VICZ,Vale Alimentação,PLUXEE BENEFÍCIOS BRASIL,69.034.668/0001-56,5427.0,21325.2
2026,8,APOLLO VICZ,Vale Restaurante,PLUXEE BENEFÍCIOS BRASIL,69.034.668/0001-56,0.0,21325.2
2026,8,APOLLO VICZ,Passcard´s Eletrônicos,SINDIÔNIBUS,07.341.423/0001-14,0.0,21325.2
2026,8,APOLLO VICZ,Despesas com Serviço Gráfico,MS SOLUÇÕES EMPRESARIAIS LTDA,43.377.752/0001-89,9256.47,12068.73
2026,8,APOLLO VICZ,Despesas com Locação de Veículo,CASABLANCA RENT A CAR,03.977.401/0001-94,10800.0,1268.73
2026,8,BELLA CARMELO,Vale Combustível ( Gab 42 ),PRIME LTDA,05.340.639/0001-30,3500.0,31604.86
2026,8,BELLA CARMELO,Vale Alimentação,PLUXEE BENEFÍCIOS BRASIL,69.034.668/0001-56,2300.0,29304.86
2026,8,BELLA CARMELO,Vale Restaurante,PLUXEE BENEFÍCIOS BRASIL,69.034.668/0001-56,2000.0,27304.86
2026,8,BELLA CARMELO,Passcard´s Eletrônicos,SINDIÔNIBUS,07.341.423/0001-14,0.0,27304.86
2026,8,BELLA CARMELO,Despesas com Telefonia Móvel,CLARO S.A,40.432.544/0001-47,22.35,27282.51
2026,8,BELLA CARMELO,Despesas com Hospedagem,A3 TURISMO LTDA,12.848.540/0001-09,4126.58,23155.93
2026,8,BELLA CARMELO,Despesas com Locação de Veículo,CASABLANCA RENT A CAR,03.977.401/0001-94,5655.0,17500.93
2026,8,BELLA CARMELO,Despesas com Locação de Veículo,CASABLANCA RENT A CAR,03.977.401/0001-94,5145.0,12355.93
2026,8,BENIGNO JR,Vale Combustível ( Gab 23 ),PRIME LTDA,05.340.639/0001-30,8500.0,23385.64
2026,8,BENIGNO JR,Vale Alimentação,PLUXEE BENEFÍCIOS BRASIL,69.034.668/0001-56,6000.0,17385.64
2026,8,BENIGNO JR,Vale Restaurante,PLUXEE BENEFÍCIOS BRASIL,69.034.668/0001-56,3000.0,14385.64
2026,8,BENIGNO JR,Passcard´s Eletrônicos,SINDIÔNIBUS,07.341.423/0001-14,0.0,14385.64
2026,8,BENIGNO JR,Despesas com Telefonia Móvel,TELEFÔNICA BRASIL S.A,02.558.157/0001/62,738.48,13647.16
2026,8,BENIGNO JR,Despesas com Comun. e Divulg. Mandato,MULCHI CONSULT. E MARKETING LTDA,31.573.676/0001-06,5850.0,7797.16
2026,8,BENIGNO JR,Despesas com Locação de Veículo,CASABLANCA RENT A CAR,03.977.401/0001-94,6090.0,1707.16
2026,8,BRUNO MESQUITA,Vale Combustível ( Gab 01 ),PRIME LTDA,05.340.639/0001-30,8952.0,22430.050000000003
2026,8,BRUNO MESQUITA,Vale Alimentação,PLUXEE BENEFÍCIOS BRASIL,69.034.668/0001-56,6173.0,16257.050000000003
2026,8,BRUNO MESQUITA,Vale Restaurante,PLUXEE BENEFÍCIOS BRASIL,69.034.668/0001-56,2710.0,13547.050000000003
2026,8,BRUNO MESQUITA,Passcard´s Eletrônicos,SINDIÔNIBUS,07.341.423/0001-14,270.0,13277.050000000003
2026,8,BRUNO MESQUITA,Despesas com Serviço Gráfico,GRÁFICA RDS,02.265.186/0001-36,7191.34,6085.710000000003
2026,8,BRUNO MESQUITA,Despesas com Locação de Veículo,CASABLANCA RENT A CAR,03.977.401/0001-94,5670.0,415.71000000000276
2026,8,CHIQUINHO DOS CARNEIROS,Vale Combustível ( Gab 28 ),PRIME LTDA,05.340.639/0001-30,8950.0,26954.15
2026,8,CHIQUINHO DOS CARNEIROS,Vale Alimentação,PLUXEE BENEFÍCIOS BRASIL,69.034.668/0001-56,6170.0,20784.15
2026,8,CHIQUINHO DOS CARNEIROS,Vale Restaurante,PLUXEE BENEFÍCIOS BRASIL,69.034.668/0001-56,3000.0,17784.15
2026,8,CHIQUINHO DOS CARNEIROS,Passcard´s Eletrônicos,SINDIÔNIBUS,07.341.423/0001-14,0.0,17784.15
2026,8,CHIQUINHO DOS CARNEIROS,Despesas com Serviço Gráfico,SOLUÇÃO GRÁFICA DIGITAL LTDA,19.386.760/0001-07,7710.08,10074.07
2026,8,CHIQUINHO DOS CARNEIROS,Despesas com Consultória Jurídica,NUNES E BARRETO SOC. ADV.,25.328.068/0001-25,7698.0,2376.07
2026,8,CLAÚDIO LIMA ( SUPLENTE ),Vale Combustível ( Gab 03 ),PRIME LTDA,05.340.639/0001-30,8952.0,21990.26
2026,8,CLAÚDIO LIMA ( SUPLENTE ),Vale Alimentação,PLUXEE BENEFÍCIOS BRASIL,69.034.668/0001-56,6173.0,15817.26
2026,8,CLAÚDIO LIMA ( SUPLENTE ),Vale Restaurante,PLUXEE BENEFÍCIOS BRASIL,69.034.668/0001-56,3086.0,12731.26
2026,8,CLAÚDIO LIMA ( SUPLENTE ),Passcard´s Eletrônicos,SINDIÔNIBUS,07.341.423/0001-14,648.0,12083.26
2026,8,CLAÚDIO LIMA ( SUPLENTE ),Despesas com Serviço Gráfico,GRÁFICA PRINTCOLOR,02.824.298/0001-80,5898.99,6184.27
2026,8,CLAÚDIO LIMA ( SUPLENTE ),Despesas com Locação de Veículo,CASABLANCA RENT A CAR,03.977.401/0001-94,5040.0,1144.27
2026,8,DR. VICENTE,Vale Combustível (GAB 43 ),PRIME LTDA,05.340.639/0001-30,8650.0,22221.38
2026,8,DR. VICENTE,Vale Alimentação,PLUXEE BENEFÍCIOS BRASIL,69.034.668/0001-56,4800.0,17421.38
2026,8,DR. VICENTE,Vale Restaurante,PLUXEE BENEFÍCIOS BRASIL,69.034.668/0001-56,2700.0,14721.38
2026,8,DR. VICENTE,Passcard´s Eletrônicos,SINDIÔNIBUS,07.341.423/0001-14,432.0,14289.38
2026,8,DR. VICENTE,Despesas com  Telefonia Móvel,TELEFÔNICA BRASIL S.A,02.558.157/0001/62,610.04,13679.34
2026,8,DR. VICENTE,Despesas com  Telefonia Móvel,CLARO S.A,40.432.544/0001/47,29.9,13649.44
2026,8,DR. VICENTE,Despesas com Consultória Jurídica,BRUNO SOUSA – ADV,47.771.413/0001-33,7698.0,5951.44
2026,8,DR. VICENTE,Despesas com Serviço Gráfico,GRÁFICA PRINTCOLOR,02.824.298/0001-80,5947.8,3.64000000000033
2026,8,ERICH DOUGLAS,Vale Combustível ( Gab 35 ),PRIME LTDA,05.340.639/0001-30,6500.0,24376.05
2026,8,ERICH DOUGLAS,Vale Alimentação,PLUXEE BENEFÍCIOS BRASIL,69.034.668/0001-56,5400.0,18976.05
2026,8,ERICH DOUGLAS,Vale Restaurante,PLUXEE BENEFÍCIOS BRASIL,69.034.668/0001-56,2713.0,16263.05
2026,8,ERICH DOUGLAS,Passcard´s Eletrônicos,SINDIÔNIBUS,07.341.423/0001-14,297.0,15966.05
2026,8,ERICH DOUGLAS,Despesas com Consultoria Jurídica,ANTÔNIO ALBUQUERQUE-ADV,47.730.644/0001-07,7716.15,8249.9
2026,8,ERICH DOUGLAS,Despesas com Comunicação e Divulgação de Mandato,MARKETING ON SOFTWARE E PUB. LTDA,45.565.661/0001-00,7637.5,612.4
2026,8,ESTRELA BARROS ( SUPLENTE ),Vale Combustível ( Gab 26 ),PRIME LTDA,05.340.639/0001-30,8900.0,21972.74
2026,8,ESTRELA BARROS ( SUPLENTE ),Vale Alimentação,PLUXEE BENEFÍCIOS BRASIL,69.034.668/0001-56,6100.0,15872.74
2026,8,ESTRELA BARROS ( SUPLENTE ),Vale Restaurante,PLUXEE BENEFÍCIOS BRASIL,69.034.668/0001-56,3000.0,12872.74
2026,8,ESTRELA BARROS ( SUPLENTE ),Passcard´s Eletrônicos,SINDIÔNIBUS,07.341.423/0001-14,0.0,12872.74
2026,8,ESTRELA BARROS ( SUPLENTE ),Despesas com Serviço Gráfico,GRÁFICA ESTRELA LTDA,07.097.989/0001-42,5861.29,7011.45
2026,8,ESTRELA BARROS ( SUPLENTE ),Despesas com Locação de Veículo,CASABLANCA RENT A CAR,06.621.791/0001-53,7000.0,11.4499999999998
2026,8,GARDEL ROLIM,Vale Combustível ( Gab 27 ),PRIME LTDA,05.340.639/0001-30,8500.0,22880.29
2026,8,GARDEL ROLIM,Vale Alimentação,PLUXEE BENEFÍCIOS BRASIL,69.034.668/0001-56,6100.0,16780.29
2026,8,GARDEL ROLIM,Vale Restaurante,PLUXEE BENEFÍCIOS BRASIL,69.034.668/0001-56,3000.0,13780.29
2026,8,GARDEL ROLIM,Passcard´s Eletrônicos,SINDIÔNIBUS,07.341.423/0001-14,0.0,13780.29
2026,8,GARDEL ROLIM,Despesas com Telefonia Móvel,TELEFÔNICA BRASIL S.A,02.558.157/0001/62,113.93,13666.36
2026,8,GARDEL ROLIM,Despesas com  Telefonia Móvel,TIM S.A,02.421421/0001-11,45.24,13621.12
2026,8,GARDEL ROLIM,Despesas com Consultória Jurídica,THIAGO MONTEZUMA-ADV ASSOCIADOS,59.861.314/0001-21,6090.0,7531.12
2026,8,GARDEL ROLIM,Despesas com Locação de Veículo,CASABLANCA RENT A CAR,06.621.791/0001-53,6510.0,1021.12
2026,8,GERMANO HEMAN,Vale Combustível  ( GAB 16 ),PRIME LTDA,05.340.639/0001-30,8952.0,22236.72
2026,8,GERMANO HEMAN,Vale Alimentação,PLUXEE BENEFÍCIOS BRASIL,69.034.668/0001-56,6173.0,16063.72
2026,8,GERMANO HEMAN,Vale Restaurante,PLUXEE BENEFÍCIOS BRASIL,69.034.668/0001-56,3086.0,12977.72
2026,8,GERMANO HEMAN,Passcard´s Eletrônicos,SINDIÔNIBUS,07.341.423/0001-14,0.0,12977.72
2026,8,GERMANO HEMAN,Despesas com Telefonia Móvel,TELEFÔNICA BRASIL S.A,02.558.157/0001/62,1370.08,11607.64
2026,8,GERMANO HEMAN,Despesas com Telefonia Móvel,CLARO S.A,40.432.544/0001/47,106.42,11501.22
2026,8,GERMANO HEMAN,Despesas com Telefonia Móvel,TIM S.A,02.421.421/0001-11,62.9,11438.32
2026,8,GERMANO HEMAN,Despesas com Locação de Veículo,CASABLANCA RENT A CAR,03.977.401/0001-94,10800.0,638.32
2026,8,INSPETOR ALBERTO,Vale Combustível ( Gab 39 ),PRIME LTDA,05.340.639/0001-30,7870.0,23006.87
2026,8,INSPETOR ALBERTO,Vale Alimentação,PLUXEE BENEFÍCIOS BRASIL,69.034.668/0001-56,5427.0,17579.87
2026,8,INSPETOR ALBERTO,Vale Restaurante,PLUXEE BENEFÍCIOS BRASIL,69.034.668/0001-56,2713.0,14866.87
2026,8,INSPETOR ALBERTO,Passcard´s Eletrônicos,SINDIÔNIBUS,07.341.423/0001-14,0.0,14866.87
2026,8,INSPETOR ALBERTO,Despesas com Comunicação e Divulg. Mandato,PRM-COMUN.GESTÃO EMP. LTDA,37.842.306/0001-03,7637.5,7229.37
2026,8,INSPETOR ALBERTO,Despesas com Consultoria jurídica,MATHEUS FERREIRA-SOC.IND-ADV,56.638.251/0001-50,7214.75,14.6200000000008
2026,8,IRMÃO LÉO,Vale Combustível ( Gab 40 ),PRIME LTDA,05.340.639/0001-30,8952.0,22139.21
2026,8,IRMÃO LÉO,Vale Alimentação,PLUXEE BENEFÍCIOS BRASIL,69.034.668/0001-56,6173.91,15965.3
2026,8,IRMÃO LÉO,Vale Restaurante,PLUXEE BENEFÍCIOS BRASIL,69.034.668/0001-56,3086.0,12879.3
2026,8,IRMÃO LÉO,Passcard´s Eletrônicos,SINDIÔNIBUS,07.341.423/0001-14,0.0,12879.3
2026,8,IRMÃO LÉO,Despesas com Comunicação e Divulg. Mandato,MARKETING ON SOFTWARE E PUBLICIDADE LTDA,45.565.661/0001-00,6662.5,6216.8
2026,8,IRMÃO LÉO,Despesas com Consultória Jurídica,MIKHAIL DAMASCENO – SOC. IND. ADV,62.957.587/0001-89,6094.25,122.549999999999
2026,8,JÂNIO HENRIQUE,Vale Combustível ( Gab 24 ),PRIME LTDA,05.340.639/0001-30,7850.0,23091.01
2026,8,JÂNIO HENRIQUE,Vale Alimentação,PLUXEE BENEFÍCIOS BRASIL,69.034.668/0001-56,5400.0,17691.01
2026,8,JÂNIO HENRIQUE,Vale Restaurante,PLUXEE BENEFÍCIOS BRASIL,69.034.668/0001-56,2700.0,14991.01
2026,8,JÂNIO HENRIQUE,Passcard´s Eletrônicos,SINDIÔNIBUS,07.341.423/0001-14,0.0,14991.01
2026,8,JÂNIO HENRIQUE,Despesas com Serviço Gráfico,GRÁFICA PRINTCOLOR,02.824.298/0001-80,7731.46,7259.55
2026,8,JÂNIO HENRIQUE,Despesas com Comunicação e Divulgação de Mandato,MARKETING ON SOFTWARE E PUB. LTDA,45.565.661/0001-00,7150.0,109.55
2026,8,JOHN MONTEIRO ( SUPLENTE ),Vale Combustível ( Gab 07 ),PRIME LTDA,05.340.639/0001-30,4000.0,26876.6
2026,8,JOHN MONTEIRO ( SUPLENTE ),Vale Alimentação,PLUXEE BENEFÍCIOS BRASIL,69.034.668/0001-56,4697.5,22179.1
2026,8,JOHN MONTEIRO ( SUPLENTE ),Vale Restaurante,PLUXEE BENEFÍCIOS BRASIL,69.034.668/0001-56,2712.0,19467.1
2026,8,JOHN MONTEIRO ( SUPLENTE ),Passcard´s Eletrônicos,SINDIÔNIBUS,07.341.423/0001-14,0.0,19467.1
2026,8,JOHN MONTEIRO ( SUPLENTE ),Despesas com Comunicação e Divulg. Mandato,PRM-COM.GESTÃO EMP.LTDA,37.842.306/0001-03,4062.5,15404.6
2026,8,JOHN MONTEIRO ( SUPLENTE ),Despesas com Consultória Jurídica,"COELHO, CASTRO & SOUSA ADV ASSOC.",22.326.735/0001-42,7698.0,7706.6
2026,8,JOHN MONTEIRO ( SUPLENTE ),Despesas com Serviço Gráfico,SOLUÇÃO GRÁFICA DIGITAL LTDA,19.386.760/0001-07,7685.04,21.5599999999986
2026,8,JORGE PINHEIRO,Vale Combustível ( Gab 36 ),PRIME LTDA,05.340.639/0001-30,5950.0,36134.95
2026,8,JORGE PINHEIRO,Vale Alimentação,PLUXEE BENEFÍCIOS BRASIL,69.034.668/0001-56,6173.91,29961.04
2026,8,JORGE PINHEIRO,Vale Restaurante,PLUXEE BENEFÍCIOS BRASIL,69.034.668/0001-56,3086.95,26874.09
2026,8,JORGE PINHEIRO,Passcard´s Eletrônicos,SINDIÔNIBUS,07.341.423/0001-14,356.4,26517.69
2026,8,JORGE PINHEIRO,Despesas com Telefonia Móvel,TELEFÔNICA BRASIL S.A,02.558.157/0001/62,151.91,26365.78
2026,8,JORGE PINHEIRO,Despesas com Comun. Divulg. Mandato,RM CEARÁ NOTICIAS LTDA,02.323.168/0001-63,975.0,25390.78
2026,8,JORGE PINHEIRO,Despesas com Locação de Ônibus,CASABLANCA RENT A CAR,03.977.401/0001-94,2960.0,22430.78
2026,8,JULIERME SENA,Vale Combustível ( Gab 21 ),PRIME LTDA,05.340.639/0001-30,7250.0,23621.71
2026,8,JULIERME SENA,Vale Alimentação,PLUXEE BENEFÍCIOS BRASIL,69.034.668/0001-56,6173.0,17448.71
2026,8,JULIERME SENA,Vale Restaurante,PLUXEE BENEFÍCIOS BRASIL,69.034.668/0001-56,3085.0,14363.71
2026,8,JULIERME SENA,Passcard´s Eletrônicos,SINDIÔNIBUS,07.341.423/0001-14,1620.0,12743.71
2026,8,JULIERME SENA,Despesas com Serviço Gráfico,MOTOGRÁFICA E COMERCIO LTDA,10.670.251/0001-37,7689.41,5054.3
2026,8,JULIERME SENA,Despesas com Locação de Veículo,CASABLANCA RENT A CAR,03.977.401/0001-94,5050.0,4.29999999999927
2026,8,KÁTIA RODRIGUÊS,Vale Combustível ( Gab 11 ),PRIME LTDA,05.340.639/0001-30,7044.0,23843.28
2026,8,KÁTIA RODRIGUÊS,Vale Alimentação,PLUXEE BENEFÍCIOS BRASIL,69.034.668/0001-56,5400.0,18443.28
2026,8,KÁTIA RODRIGUÊS,Vale Restaurante,PLUXEE BENEFÍCIOS BRASIL,69.034.668/0001-56,2360.0,16083.28
2026,8,KÁTIA RODRIGUÊS,Passcard´s Eletrônicos,SINDIÔNIBUS,07.341.423/0001-14,0.0,16083.28
2026,8,KÁTIA RODRIGUÊS,Despesas com Serviço Gráfico,SOLUÇÃO GRÁFICA DIGITAL LTDA,19.386.760/0001-07,6398.42,9684.86
2026,8,KÁTIA RODRIGUÊS,Despesas com Locação de Veículo,CASABLANCA RENT A CAR,03.977.401/0001-94,9640.0,44.8600000000006
2026,8,LAEL SENA,Vale Combustível ( Gab 19 ),PRIME LTDA,05.340.639/0001-30,0.0,18599.56
2026,8,LAEL SENA,Vale Alimentação,PLUXEE BENEFÍCIOS BRASIL,69.034.668/0001-56,0.0,18599.56
2026,8,LAEL SENA,Vale Restaurante,PLUXEE BENEFÍCIOS BRASIL,69.034.668/0001-56,0.0,18599.56
2026,8,LAEL SENA,Passcard´s Eletrônicos,SINDIÔNIBUS,07.341.423/0001-14,0.0,18599.56
2026,8,LAEL SENA,Desp.com Comunicação e Divulg. de Mandato,PRM Comunic.Gestão Emp. ltda,37.842.306/0001-03,7637.5,10962.06
2026,8,LAEL SENA,Despesas com Consultória Jurídica,MATHEUS FERREIRA-SOC.IND-ADV,56.638.251/0001-50,7698.0,3264.06
2026,8,LAEL SENA,Despesas com Locação de Veículo,CASABLANCA RENT A CAR,03.977.401/0001-94,3000.0,264.06
2026,8,LAEL SENA,,,,0.0,0.0
2026,8,LÉO COUTO,Vale Combustível ( Gab 20 ),PRIME LTDA,05.340.639/0001-30,5100.0,29605.62
2026,8,LÉO COUTO,Vale Alimentação,PLUXEE BENEFÍCIOS BRASIL,69.034.668/0001-56,3000.0,26605.62
2026,8,LÉO COUTO,Vale Restaurante,PLUXEE BENEFÍCIOS BRASIL,69.034.668/0001-56,2360.0,24245.62
2026,8,LÉO COUTO,Passcard´s Eletrônicos,SINDIÔNIBUS,07.341.423/0001-14,0.0,24245.62
2026,8,LÉO COUTO,Despesas com Consultória Jurídica,BARBOSA E MORAES SOC-ADV,38.028.070/0001-20,5773.5,18472.12
2026,8,LÉO COUTO,Despesas com Locação de Veículo,CASABLANCA RENT A CAR,03.977.401/0001-94,10800.0,7672.12
2026,8,LUCAS CORDEIRO ( SUPLENTE ),Vale Combustível ( Gab 14 ),PRIME LTDA,05.340.639/0001-30,7870.05,23057.24
2026,8,LUCAS CORDEIRO ( SUPLENTE ),Vale Alimentação,PLUXEE BENEFÍCIOS BRASIL,69.034.668/0001-56,5427.59,17629.65
2026,8,LUCAS CORDEIRO ( SUPLENTE ),Vale Restaurante,PLUXEE BENEFÍCIOS BRASIL,69.034.668/0001-56,2676.35,14953.3
2026,8,LUCAS CORDEIRO ( SUPLENTE ),Passcard´s Eletrônicos,SINDIÔNIBUS,07.341.423/0001-14,0.0,14953.3
2026,8,LUCAS CORDEIRO ( SUPLENTE ),Despesas com  Telefonia Móvel,CLARO S.A,40.432.544/0001/47,87.39,14865.91
2026,8,LUCAS CORDEIRO ( SUPLENTE ),Despesas com Consultoria Jurídica,ANTÔNIO ALBUQUERQUE-ADV,47.730.644/0001-07,3950.45,10915.46
2026,8,LUCAS CORDEIRO ( SUPLENTE ),Despesas com Locação de Veículo,CASABLANCA RENT A CAR,03.977.401/0001-94,10800.0,115.459999999999
2026,8,MARCEL COLARES,Vale Combustível ( Gab 10 ),PRIME LTDA,05.340.639/0001-30,6250.0,24631.54
2026,8,MARCEL COLARES,Vale Alimentação,PLUXEE BENEFÍCIOS BRASIL,69.034.668/0001-56,5400.0,19231.54
2026,8,MARCEL COLARES,Vale Restaurante,PLUXEE BENEFÍCIOS BRASIL,69.034.668/0001-56,1600.0,17631.54
2026,8,MARCEL COLARES,Passcard´s Eletrônicos,SINDIÔNIBUS,07.341.423/0001-14,270.0,17361.54
2026,8,MARCEL COLARES,Despesas com Serviço Gráfico,GRÁFICA RDS,02.265.186/0001-36,6537.58,10823.96
2026,8,MARCEL COLARES,Despesas com Locação de Veículo,CASABLANCA RENT A CAR,03.977.401/0001-94,10800.0,23.9600000000009
2026,8,MARCELO MENDES,Vale Combustível ( Gab 12 ),PRIME LTDA,05.340.639/0001-30,8952.17,23313.92
2026,8,MARCELO MENDES,Vale Alimentação,PLUXEE BENEFÍCIOS BRASIL,69.034.668/0001-56,6173.91,17140.01
2026,8,MARCELO MENDES,Vale Restaurante,PLUXEE BENEFÍCIOS BRASIL,69.034.668/0001-56,3086.95,14053.059999999998
2026,8,MARCELO MENDES,Passcard´s Eletrônicos Metropolitano,SINDIÔNIBUS,07.341.423/0001-14,238.0,13815.059999999998
2026,8,MARCELO MENDES,Passcard´s Eletrônicos Urbano,SINDIÔNIBUS,07.341.423/0001-14,432.0,13383.059999999998
2026,8,MARCELO MENDES,Despesas com Locação de Veículo,CASABLANCA RENT A CAR,03.977.401/0001-94,10590.0,2793.0599999999977
2026,8,MARCELO TCHELA ( SUPLENTE ),Vale Combustível ( GAB 02 ),PRIME LTDA,05.340.639/0001-30,4170.06,26888.96
2026,8,MARCELO TCHELA ( SUPLENTE ),Vale Alimentação,PLUXEE BENEFÍCIOS BRASIL,69.034.668/0001-56,5070.0,21818.96
2026,8,MARCELO TCHELA ( SUPLENTE ),Vale Restaurante,PLUXEE BENEFÍCIOS BRASIL,69.034.668/0001-56,2713.0,19105.96
2026,8,MARCELO TCHELA ( SUPLENTE ),Passcard´s Eletrônicos,SINDIÔNIBUS,07.341.423/0001-14,334.8,18771.16
2026,8,MARCELO TCHELA ( SUPLENTE ),Despesas com Comun. Divulg. Mandato,MARKETING ON SOFTWARE E PUBLIC. LTDA,45.565.661/0001-00,6662.5,12108.66
2026,8,MARCELO TCHELA ( SUPLENTE ),Despesas com Consultoria Jurídica,FABIANO GIOVANI – ADV,29.941.589/0001-04,6415.0,5693.66
2026,8,MARCELO TCHELA ( SUPLENTE ),Despesas com Serviço Gráfico,SOLUÇÃO GRÁFICA DIGITAL LTDA,19.386.760/0001-07,5305.32,388.34
2026,8,MARCIO MARTINS,Vale Combustível ( Gab 22 ),PRIME LTDA,05.340.639/0001-30,8952.05,21956.2
2026,8,MARCIO MARTINS,Vale Alimentação,PLUXEE BENEFÍCIOS BRASIL,69.034.668/0001-56,6173.62,15782.58
2026,8,MARCIO MARTINS,Vale Restaurante,PLUXEE BENEFÍCIOS BRASIL,69.034.668/0001-56,3086.95,12695.63
2026,8,MARCIO MARTINS,Passcard´s Eletrônicos,SINDIÔNIBUS,07.341.423/0001-14,496.8,12198.83
2026,8,MARCIO MARTINS,Despesas com Comunicação e Divulg. Mandato,PRM-COMUN.GESTÃO EMP. LTDA,37.842.306/0001-03,5850.0,6348.83
2026,8,MARCIO MARTINS,Despesas com Locação de Veículo,CASABLANCA RENT A CAR,03.977.401/0001-94,6300.0,48.8299999999999
2026,8,MARCOS PAULO,Vale Combustível ( Gab 05 ),PRIME LTDA,05.340.639/0001-30,8500.0,22416.52
2026,8,MARCOS PAULO,Vale Alimentação,PLUXEE BENEFÍCIOS BRASIL,69.034.668/0001-56,5851.63,16564.89
2026,8,MARCOS PAULO,Vale Restaurante,PLUXEE BENEFÍCIOS BRASIL,69.034.668/0001-56,3086.0,13478.89
2026,8,MARCOS PAULO,Passcard´s Eletrônicos,SINDIÔNIBUS,07.341.423/0001-14,0.0,13478.89
2026,8,MARCOS PAULO,Despesas com Serviço Gráfico,SOLUÇÃO GRÁFICA DIGITAL LTDA,19.386.760/0001-07,7692.52,5786.37
2026,8,MARCOS PAULO,,,,0.0,0.0
2026,8,MARI LACERDA,Vale Combustível ( Gab 33 ),PRIME LTDA,05.340.639/0001-30,4464.0,38754.92
2026,8,MARI LACERDA,Vale Alimentação,PLUXEE BENEFÍCIOS BRASIL,69.034.668/0001-56,4900.0,33854.92
2026,8,MARI LACERDA,Vale Restaurante,PLUXEE BENEFÍCIOS BRASIL,69.034.668/0001-56,2500.0,31354.92
2026,8,MARI LACERDA,Passcard´s Eletrônicos,SINDIÔNIBUS,07.341.423/0001-14,837.0,30517.92
2026,8,MARI LACERDA,Despesas com  Telefonia Móvel,CLARO S.A,40.432.544/0001/47,56.8,30461.12
2026,8,MARI LACERDA,Despesas com Consultoria jurídica,MATHEUS FERREIRA-SOC.IND-ADV,56.638.251/0001-50,7698.0,22763.12
2026,8,MARI LACERDA,Despesas com Serviço Gráfico,GRÁFICA PRINTCOLOR,02.824.298/0001-80,8998.73,13764.39
2026,8,MARI LACERDA,Despesas com Comunicação e Divulg. Mandato,PRM-COMUN.GESTÃO EMP. LTDA,37.842.306/0001-03,7637.5,6126.89
2026,8,MARI LACERDA,Despesas com Locação de Veículo,CASABLANCA RENT A CAR,03.977.401/0001-94,4500.0,1626.89
2026,8,MARI LACERDA,Despesas com Locação de Ônibus,CASABLANCA RENT A CAR,03.977.401/0001-94,1500.0,126.889999999999
2026,8,NILO DANTAS,Vale Combustível ( Gab 34 ),PRIME LTDA,05.340.639/0001-30,8900.0,22011.37
2026,8,NILO DANTAS,Vale Alimentação,PLUXEE BENEFÍCIOS BRASIL,69.034.668/0001-56,6000.0,16011.37
2026,8,NILO DANTAS,Vale Restaurante,PLUXEE BENEFÍCIOS BRASIL,69.034.668/0001-56,3000.0,13011.37
2026,8,NILO DANTAS,Passcard´s Eletrônicos,SINDIÔNIBUS,07.341.423/0001-14,0.0,13011.37
2026,8,NILO DANTAS,Despesas com Comunicação e Divulg.Mandato,MARKETING ON SOFTWARE E PUB. LTDA,45.565.661/0001-00,7637.5,5373.87
2026,8,NILO DANTAS,Despesas com Serviço Gráfico,SOLUÇÃO GRÁFICA DIGITAL LTDA,19.386.760/0001-07,5192.24,181.630000000001
2026,8,PAULO MARTINS,Vale Combustível ( Gab 37 ),PRIME LTDA,05.340.639/0001-30,8950.0,21925.81
2026,8,PAULO MARTINS,Vale Alimentação,PLUXEE BENEFÍCIOS BRASIL,69.034.668/0001-56,6053.9,15871.91
2026,8,PAULO MARTINS,Vale Restaurante,PLUXEE BENEFÍCIOS BRASIL,69.034.668/0001-56,3086.0,12785.91
2026,8,PAULO MARTINS,Passcard´s Eletrônicos,SINDIÔNIBUS,07.341.423/0001-14,1927.8,10858.11
2026,8,PAULO MARTINS,Despesas com Telefonia Móvel,TELEFÔNICA BRASIL S.A,02.558.157/0001/62,151.91,10706.2
2026,8,PAULO MARTINS,Despesas com  Telefonia Móvel,CLARO S.A,40.432.544/0001/47,43.7,10662.5
2026,8,PAULO MARTINS,Despesas com Locação de Veículo,CASABLANCA RENT A CAR,03.977.401/0001-94,5050.0,5612.5
2026,8,PAULO MARTINS,Despesas com Locação de Veículo,CASABLANCA RENT A CAR,03.977.401/0001-94,4000.0,1612.5
2026,8,PAULO MARTINS,Despesas com Locação de Ônibus,CASABLANCA RENT A CAR,03.977.401/0001-94,1610.0,2.5
2026,8,PAULO MARTINS,,,,0.0,0.0
2026,8,PEDRO MATOS,Vale Combustível ( Gab 04 ),PRIME LTDA,05.340.639/0001-30,7800.0,23076.71
2026,8,PEDRO MATOS,Vale Alimentação,PLUXEE BENEFÍCIOS BRASIL,69.034.668/0001-56,5400.0,17676.71
2026,8,PEDRO MATOS,Vale Restaurante,PLUXEE BENEFÍCIOS BRASIL,69.034.668/0001-56,2700.0,14976.71
2026,8,PEDRO MATOS,Passcard´s Eletrônicos,SINDIÔNIBUS,07.341.423/0001-14,0.0,14976.71
2026,8,PEDRO MATOS,Despesas com  Telefonia Móvel,TELEFÔNICA BRASIL S.A,02.558.157/0001/62,75.96,14900.75
2026,8,PEDRO MATOS,Despesas com Comunicação e Divulgação de Mandato,R e K PRODUCÕES E ASSESORIA LTDA,16.880.815/0001-42,7637.5,7263.25
2026,8,PEDRO MATOS,Despesas com Consultória Jurídica,CARVALHO & SANTOS ADV,34.636.322/0001-43,7248.95,14.3000000000002
2026,8,POLLY CORREIA ( SUPLENTE ),Vale Combustível ( Gab 13 ),PRIME LTDA,05.340.639/0001-30,3000.0,27913.03
2026,8,POLLY CORREIA ( SUPLENTE ),Vale Alimentação,PLUXEE BENEFÍCIOS BRASIL,69.034.668/0001-56,5462.13,22450.9
2026,8,POLLY CORREIA ( SUPLENTE ),Vale Restaurante,PLUXEE BENEFÍCIOS BRASIL,69.034.668/0001-56,2360.0,20090.9
2026,8,POLLY CORREIA ( SUPLENTE ),Passcard´s Eletrônicos,SINDIÔNIBUS,07.341.423/0001-14,432.0,19658.9
2026,8,POLLY CORREIA ( SUPLENTE ),Despesas com Comunicação e Divulgação de Mandato,MARKETING ON SOFTWARE E PUB. LTDA,45.565.661/0001-00,6662.5,12996.4
2026,8,POLLY CORREIA ( SUPLENTE ),Despesas com Serviço Gráfico,GRÁFICA RDS,02.265.186/0001-36,2109.46,10886.94
2026,8,POLLY CORREIA ( SUPLENTE ),Despesas com Locação de Veículo,CASABLANCA RENT A CAR,03.977.401/0001-94,10800.0,86.9400000000023
2026,8,POPÓ DA TORCIDA ( SUPLENTE ),Vale Combustível ( Gab 05 ),PRIME LTDA,05.340.639/0001-30,0.0,5739.41
2026,8,POPÓ DA TORCIDA ( SUPLENTE ),Vale Alimentação,PLUXEE BENEFÍCIOS BRASIL,69.034.668/0001-56,0.0,5739.41
2026,8,POPÓ DA TORCIDA ( SUPLENTE ),Vale Restaurante,PLUXEE BENEFÍCIOS BRASIL,69.034.668/0001-56,0.0,5739.41
2026,8,POPÓ DA TORCIDA ( SUPLENTE ),Passcard´s Eletrônicos,SINDIÔNIBUS,07.341.423/0001-14,0.0,5739.41
2026,8,POPÓ DA TORCIDA ( SUPLENTE ),Despesas com Locação de Veículo,CASABLANCA RENT A CAR,03.977.401/0001-94,5670.0,69.4099999999999
2026,8,POPÓ DA TORCIDA ( SUPLENTE ),,,,0.0,0.0
2026,8,PPCELL,Vale Combustível ( Gab 25 ),PRIME LTDA,05.340.639/0001-30,8910.0,21961.04
2026,8,PPCELL,Vale Alimentação,PLUXEE BENEFÍCIOS BRASIL,69.034.668/0001-56,5727.0,16234.04
2026,8,PPCELL,Vale Restaurante,PLUXEE BENEFÍCIOS BRASIL,69.034.668/0001-56,2463.0,13771.04
2026,8,PPCELL,Passcard´s Eletrônicos,SINDIÔNIBUS,07.341.423/0001-14,0.0,13771.04
2026,8,PPCELL,Despesas com Serviço Gráfico,GRÁFICA RDS,02.265.186/0001-36,7308.08,6462.96
2026,8,PPCELL,Despesas com Locação de Veículo,CASABLANCA RENT A CAR,03.977.401/0001-94,6460.0,2.96000000000095
2026,8,PRISCILA COSTA,Vale Combustível ( Gab 19 ),PRIME LTDA,05.340.639/0001-30,5190.0,28943.62
2026,8,PRISCILA COSTA,Vale Alimentação,PLUXEE BENEFÍCIOS BRASIL,69.034.668/0001-56,4720.0,24223.62
2026,8,PRISCILA COSTA,Vale Restaurante,PLUXEE BENEFÍCIOS BRASIL,69.034.668/0001-56,2360.0,21863.62
2026,8,PRISCILA COSTA,Passcard´s Eletrônicos,SINDIÔNIBUS,07.341.423/0001-14,0.0,21863.62
2026,8,PRISCILA COSTA,,,,0.0,0.0
2026,8,PROF. AGUIAR TOBA,Vale Combustível ( Gab 17 ),PRIME LTDA,05.340.639/0001-30,8952.05,21922.29
2026,8,PROF. AGUIAR TOBA,Vale Alimentação,PLUXEE BENEFÍCIOS BRASIL,69.034.668/0001-56,5577.63,16344.66
2026,8,PROF. AGUIAR TOBA,Vale Restaurante,PLUXEE BENEFÍCIOS BRASIL,69.034.668/0001-56,2713.8,13630.86
2026,8,PROF. AGUIAR TOBA,Passcard´s Eletrônicos,SINDIÔNIBUS,07.341.423/0001-14,0.0,13630.86
2026,8,PROF. AGUIAR TOBA,Despesas com Serviço Gráfico,SOLUÇÃO GRÁFICA DIGITAL LTDA,19.386.760/0001-07,5974.37,7656.49
2026,8,PROF. AGUIAR TOBA,Despesas com Comunicação e Divulgação de Mandato,MARKETING ON SOFTWARE E PUB. LTDA,45.565.661/0001-00,7637.5,18.9900000000007
2026,8,PROFESSOR ENILSON,Vale Combustível ( Gab 09 ),PRIME LTDA,05.340.639/0001-30,8952.17,21927.79
2026,8,PROFESSOR ENILSON,Vale Alimentação,PLUXEE BENEFÍCIOS BRASIL,69.034.668/0001-56,6173.91,15753.88
2026,8,PROFESSOR ENILSON,Vale Restaurante,PLUXEE BENEFÍCIOS BRASIL,69.034.668/0001-56,3086.95,12666.93
2026,8,PROFESSOR ENILSON,Passcard´s Eletrônicos,SINDIÔNIBUS,07.341.423/0001-14,0.0,12666.93
2026,8,PROFESSOR ENILSON,Despesas com Serviço Gráfico,SOLUÇÃO GRÁFICA DIGITAL LTDA,19.386.760/0001-07,7632.66,5034.27
2026,8,PROFESSOR ENILSON,Despesas com Comunicação e Divulg.Mandato,AGÊNCIA PIC MKT LTDA,32.075.292/0001-18,4998.5,35.7700000000004
2026,8,RAIMUNDO FILHO ( SUPLENTE ),Vale Combustível ( GAB 15 ),PRIME LTDA,05.340.639/0001-30,8900.0,23567.27
2026,8,RAIMUNDO FILHO ( SUPLENTE ),Vale Alimentação,PLUXEE BENEFÍCIOS BRASIL,69.034.668/0001-56,6173.91,17393.36
2026,8,RAIMUNDO FILHO ( SUPLENTE ),Vale Restaurante,PLUXEE BENEFÍCIOS BRASIL,69.034.668/0001-56,3086.95,14306.41
2026,8,RAIMUNDO FILHO ( SUPLENTE ),Passcard´s Eletrônicos,SINDIÔNIBUS,07.341.423/0001-14,216.0,14090.41
2026,8,RAIMUNDO FILHO ( SUPLENTE ),Despesas com Telefonia Móvel,TELEFÔNICA BRASIL S.A,02.558.157/0001/62,37.98,14052.43
2026,8,RAIMUNDO FILHO ( SUPLENTE ),Despesas com  Telefonia Móvel,CLARO S.A,40.432.544/0001/47,57.01,13995.42
2026,8,RAIMUNDO FILHO ( SUPLENTE ),Despesas com Locação de Veículo,CASABLANCA RENT A CAR,03.977.401/0001-94,7395.0,6600.42
2026,8,RAIMUNDO FILHO ( SUPLENTE ),Despesas com Consultória Jurídica,THIAGO MONTEZUMA-ADV ASSOCIADOS,59.861.314/0001-21,6394.5,205.92
2026,8,RENATINHO SOARES ( SUPLENTE ),Vale Combustível ( Gab 38 ),PRIME LTDA,05.340.639/0001-30,7000.0,23869.56
2026,8,RENATINHO SOARES ( SUPLENTE ),Vale Alimentação,PLUXEE BENEFÍCIOS BRASIL,69.034.668/0001-56,5426.0,18443.56
2026,8,RENATINHO SOARES ( SUPLENTE ),Vale Restaurante,PLUXEE BENEFÍCIOS BRASIL,69.034.668/0001-56,2713.0,15730.56
2026,8,RENATINHO SOARES ( SUPLENTE ),Passcard´s Eletrônicos,SINDIÔNIBUS,07.341.423/0001-14,0.0,15730.56
2026,8,RENATINHO SOARES ( SUPLENTE ),Despesas com Serviço Gráfico,SOLUÇÃO GRÁFICA DIGITAL LTDA,19.386.760/0001-07,7632.66,8097.9
2026,8,RENATINHO SOARES ( SUPLENTE ),Despesas com Comunicação e Divulgação de Mandato,MARKETING ON SOFTWARE E PUB. LTDA,45.565.661/0001-00,7637.5,460.4
2026,8,RENÉ PESSOA ( SUPLENTE ),Vale Combustível ( Gab 31 ),PRIME LTDA,05.340.639/0001-30,5000.0,25885.12
2026,8,RENÉ PESSOA ( SUPLENTE ),Vale Alimentação,PLUXEE BENEFÍCIOS BRASIL,69.034.668/0001-56,5400.0,20485.12
2026,8,RENÉ PESSOA ( SUPLENTE ),Vale Restaurante,PLUXEE BENEFÍCIOS BRASIL,69.034.668/0001-56,0.0,20485.12
2026,8,RENÉ PESSOA ( SUPLENTE ),Passcard´s Eletrônicos,SINDIÔNIBUS,07.341.423/0001-14,0.0,20485.12
2026,8,RENÉ PESSOA ( SUPLENTE ),Despesas com Consultória Jurídica,MATHEUS FERREIRA-SOC.IND. DE ADV,56.638.251/0001-50,6735.75,13749.37
2026,8,RENÉ PESSOA ( SUPLENTE ),Despesas com Comunicação e Divulg. Mandato,PRM-COM.GESTÃO EMP. LTDA,37.842.306/0001-03,6500.0,7249.37
2026,8,RENÉ PESSOA ( SUPLENTE ),Despesas com Serviço Gráfico,SOLUÇÃO GRÁFICA DIGITAL LTDA,19.386.760/0001-07,7208.82,40.5499999999993
2026,8,RONALDO MARTINS,Vale Combustível ( Gab 32 ),PRIME LTDA,05.340.639/0001-30,8952.0,22025.72
2026,8,RONALDO MARTINS,Vale Alimentação,PLUXEE BENEFÍCIOS BRASIL,69.034.668/0001-56,6173.0,15852.72
2026,8,RONALDO MARTINS,Vale Restaurante,PLUXEE BENEFÍCIOS BRASIL,69.034.668/0001-56,3086.0,12766.72
2026,8,RONALDO MARTINS,Passcard´s Eletrônicos,SINDIÔNIBUS,07.341.423/0001-14,2246.4,10520.32
2026,8,RONALDO MARTINS,Despesas com Passagem Aérea,A3 TURISMO LTDA,12.848.540/0001-09,3715.68,6804.64
2026,8,RONALDO MARTINS,Despesas com locação de veículo,CASABLANCA RENT A CAR,03.977.401/0001-94,6800.0,4.63999999999942
