ano,mes,setor_id,id,data,valor,cat,cat_nome,raiz,raiz_nome,descricao
2025,1,23,401202,2025-01-01,13903.32,1.1,Crédito Mensal ou Ajuste,1,Créditos QBM,
2025,1,23,401211,2025-01-31,-297.03,3.2.1,Claro Móvel,3,Telefonia,
2025,1,23,401232,2025-01-31,-180.32,3.3.1,Claro Dados,3,Telefonia,
2025,1,229,401153,2025-01-01,13903.32,1.1,Crédito Mensal ou Ajuste,1,Créditos QBM,
2025,1,229,400909,2025-01-06,-12.4,2.1.10,Colorida,2,Reprografia,
2025,1,229,400914,2025-01-06,-3.1,2.1.10,Colorida,2,Reprografia,
2025,1,229,400983,2025-01-07,-1.55,2.1.10,Colorida,2,Reprografia,
2025,1,229,401105,2025-01-14,-46.5,2.1.10,Colorida,2,Reprografia,
2025,1,229,401122,2025-01-22,-490.0,5.1,Material do Almoxarifado,5,Material de Expediente,
2025,1,229,401128,2025-01-23,-122.45,2.1.10,Colorida,2,Reprografia,
2025,1,229,401134,2025-01-24,-53.25,5.1,Material do Almoxarifado,5,Material de Expediente,
2025,1,229,401135,2025-01-24,-13.53,5.1,Material do Almoxarifado,5,Material de Expediente,
2025,1,229,401222,2025-01-31,-297.03,3.2.1,Claro Móvel,3,Telefonia,
2025,1,229,401242,2025-01-31,-180.32,3.3.1,Claro Dados,3,Telefonia,
2025,1,229,401265,2025-01-31,-3245.16,12,Indenização por Uso de Veículo Particular,12,Indenização por Uso de Veículo Particular,
2025,1,232,401191,2025-01-01,13903.32,1.1,Crédito Mensal ou Ajuste,1,Créditos QBM,
2025,1,232,400985,2025-01-08,-92.46,5.1,Material do Almoxarifado,5,Material de Expediente,
2025,1,232,401210,2025-01-31,-198.02,3.2.1,Claro Móvel,3,Telefonia,
2025,1,232,401243,2025-01-31,-180.32,3.3.1,Claro Dados,3,Telefonia,
2025,1,232,401257,2025-01-31,-1515.45,12,Indenização por Uso de Veículo Particular,12,Indenização por Uso de Veículo Particular,
2025,1,1058,401159,2025-01-01,13903.32,1.1,Crédito Mensal ou Ajuste,1,Créditos QBM,
2025,1,1058,400905,2025-01-03,-33.56,5.1,Material do Almoxarifado,5,Material de Expediente,
2025,1,1058,401207,2025-01-31,-99.01,3.2.1,Claro Móvel,3,Telefonia,
2025,1,1058,401229,2025-01-31,-90.16,3.3.1,Claro Dados,3,Telefonia,
2025,1,1058,401266,2025-01-31,-1611.26,12,Indenização por Uso de Veículo Particular,12,Indenização por Uso de Veículo Particular,
2025,1,1067,401183,2025-01-01,13903.32,1.1,Crédito Mensal ou Ajuste,1,Créditos QBM,
2025,1,1067,400894,2025-01-02,-155.0,2.1.10,Colorida,2,Reprografia,
2025,1,1067,400910,2025-01-06,-88.35,2.1.10,Colorida,2,Reprografia,
2025,1,1067,400913,2025-01-06,-279.6,5.1,Material do Almoxarifado,5,Material de Expediente,
2025,1,1067,400986,2025-01-08,-3.1,2.1.10,Colorida,2,Reprografia,
2025,1,1067,401137,2025-01-27,-77.5,2.1.10,Colorida,2,Reprografia,
2025,1,1067,401139,2025-01-28,-151.9,2.1.10,Colorida,2,Reprografia,
2025,1,1067,401220,2025-01-31,-297.03,3.2.1,Claro Móvel,3,Telefonia,
2025,1,1067,401241,2025-01-31,-180.32,3.3.1,Claro Dados,3,Telefonia,
2025,1,1067,401255,2025-01-31,-2907.72,3.2.1,Claro Móvel,3,Telefonia,
2025,1,1067,401262,2025-01-31,-3309.61,12,Indenização por Uso de Veículo Particular,12,Indenização por Uso de Veículo Particular,
2025,1,1110,401152,2025-01-01,13903.32,1.1,Crédito Mensal ou Ajuste,1,Créditos QBM,
2025,1,1110,401204,2025-01-31,-99.01,3.2.1,Claro Móvel,3,Telefonia,
2025,1,1113,401181,2025-01-01,13903.32,1.1,Crédito Mensal ou Ajuste,1,Créditos QBM,
2025,1,1115,401198,2025-01-01,13903.32,1.1,Crédito Mensal ou Ajuste,1,Créditos QBM,
2025,1,1115,401226,2025-01-31,-297.03,3.2.1,Claro Móvel,3,Telefonia,
2025,1,1115,401247,2025-01-31,-180.32,3.3.1,Claro Dados,3,Telefonia,
2025,1,1115,401259,2025-01-31,-3104.07,12,Indenização por Uso de Veículo Particular,12,Indenização por Uso de Veículo Particular,
2025,1,1117,401199,2025-01-01,13903.32,1.1,Crédito Mensal ou Ajuste,1,Créditos QBM,
2025,1,1117,401102,2025-01-13,-121.69,5.1,Material do Almoxarifado,5,Material de Expediente,
2025,1,1117,401223,2025-01-31,-297.03,3.2.1,Claro Móvel,3,Telefonia,
2025,1,1117,401244,2025-01-31,-180.32,3.3.1,Claro Dados,3,Telefonia,
2025,1,1117,401267,2025-01-31,-2020.6,12,Indenização por Uso de Veículo Particular,12,Indenização por Uso de Veículo Particular,
2025,1,1127,401190,2025-01-01,13903.32,1.1,Crédito Mensal ou Ajuste,1,Créditos QBM,
2025,1,1127,400890,2025-01-02,-160.36,5.1,Material do Almoxarifado,5,Material de Expediente,
2025,1,1127,401093,2025-01-09,-930.0,2.1.10,Colorida,2,Reprografia,
2025,1,1127,401110,2025-01-15,-200.1,2.1.9,Preto e Branco,2,Reprografia,
2025,1,1127,401121,2025-01-21,-207.0,2.1.9,Preto e Branco,2,Reprografia,
2025,1,1127,401221,2025-01-31,-297.03,3.2.1,Claro Móvel,3,Telefonia,
2025,1,1127,401230,2025-01-31,-90.16,3.3.1,Claro Dados,3,Telefonia,
2025,1,1128,401201,2025-01-01,13903.32,1.1,Crédito Mensal ou Ajuste,1,Créditos QBM,
2025,1,1128,400989,2025-01-08,-39.73,5.1,Material do Almoxarifado,5,Material de Expediente,
2025,1,1128,401218,2025-01-31,-297.03,3.2.1,Claro Móvel,3,Telefonia,
2025,1,1128,401239,2025-01-31,-180.32,3.3.1,Claro Dados,3,Telefonia,
2025,1,1130,401149,2025-01-01,13903.32,1.1,Crédito Mensal ou Ajuste,1,Créditos QBM,
2025,1,1130,400920,2025-01-07,-145.55,5.1,Material do Almoxarifado,5,Material de Expediente,
2025,1,1130,400984,2025-01-07,-3.1,2.1.10,Colorida,2,Reprografia,
2025,1,1130,401213,2025-01-31,-297.03,3.2.1,Claro Móvel,3,Telefonia,
2025,1,1130,401234,2025-01-31,-180.32,3.3.1,Claro Dados,3,Telefonia,
2025,1,1130,401268,2025-01-31,-1752.35,12,Indenização por Uso de Veículo Particular,12,Indenização por Uso de Veículo Particular,
2025,1,1141,401194,2025-01-01,13903.32,1.1,Crédito Mensal ou Ajuste,1,Créditos QBM,
2025,1,1141,400917,2025-01-07,-94.11,5.1,Material do Almoxarifado,5,Material de Expediente,
2025,1,1141,401106,2025-01-14,-52.68,5.1,Material do Almoxarifado,5,Material de Expediente,
2025,1,1141,401120,2025-01-21,-25.4,5.1,Material do Almoxarifado,5,Material de Expediente,
2025,1,1141,401225,2025-01-31,-297.03,3.2.1,Claro Móvel,3,Telefonia,
2025,1,1141,401246,2025-01-31,-180.32,3.3.1,Claro Dados,3,Telefonia,
2025,1,1144,401196,2025-01-01,13903.32,1.1,Crédito Mensal ou Ajuste,1,Créditos QBM,
2025,1,1145,401193,2025-01-01,13903.32,1.1,Crédito Mensal ou Ajuste,1,Créditos QBM,
2025,1,1145,400902,2025-01-03,-103.64,5.1,Material do Almoxarifado,5,Material de Expediente,
2025,1,1145,401215,2025-01-31,-297.03,3.2.1,Claro Móvel,3,Telefonia,
2025,1,1145,401236,2025-01-31,-180.32,3.3.1,Claro Dados,3,Telefonia,
2025,1,1145,401261,2025-01-31,-3309.61,12,Indenização por Uso de Veículo Particular,12,Indenização por Uso de Veículo Particular,
2025,1,1149,401189,2025-01-01,13903.32,1.1,Crédito Mensal ou Ajuste,1,Créditos QBM,
2025,1,1149,400925,2025-01-07,-138.19,5.1,Material do Almoxarifado,5,Material de Expediente,
2025,1,1149,401126,2025-01-23,-31.65,5.1,Material do Almoxarifado,5,Material de Expediente,
2025,1,1149,401206,2025-01-31,-99.01,3.2.1,Claro Móvel,3,Telefonia,
2025,1,1149,401258,2025-01-31,-3187.68,12,Indenização por Uso de Veículo Particular,12,Indenização por Uso de Veículo Particular,
2025,1,1153,401200,2025-01-01,13903.32,1.1,Crédito Mensal ou Ajuste,1,Créditos QBM,
2025,1,1153,400891,2025-01-02,-85.52,5.1,Material do Almoxarifado,5,Material de Expediente,
2025,1,1153,401219,2025-01-31,-297.03,3.2.1,Claro Móvel,3,Telefonia,
2025,1,1153,401240,2025-01-31,-180.32,3.3.1,Claro Dados,3,Telefonia,
2025,1,1155,401170,2025-01-01,13903.32,1.1,Crédito Mensal ou Ajuste,1,Créditos QBM,
2025,1,1155,400908,2025-01-06,-13.53,5.1,Material do Almoxarifado,5,Material de Expediente,
2025,1,1155,400921,2025-01-07,-4.65,2.1.10,Colorida,2,Reprografia,
2025,1,1155,401095,2025-01-10,-0.78,5.1,Material do Almoxarifado,5,Material de Expediente,
2025,1,1155,401209,2025-01-31,-198.02,3.2.1,Claro Móvel,3,Telefonia,
2025,1,1155,401228,2025-01-31,-90.16,3.3.1,Claro Dados,3,Telefonia,
2025,1,1155,401260,2025-01-31,-1956.15,12,Indenização por Uso de Veículo Particular,12,Indenização por Uso de Veículo Particular,
2025,1,1157,401195,2025-01-01,13903.32,1.1,Crédito Mensal ou Ajuste,1,Créditos QBM,
2025,1,1157,400896,2025-01-02,-214.48,5.1,Material do Almoxarifado,5,Material de Expediente,
2025,1,1157,401227,2025-01-31,-297.03,3.2.1,Claro Móvel,3,Telefonia,
2025,1,1157,401248,2025-01-31,-180.32,3.3.1,Claro Dados,3,Telefonia,
2025,1,1160,401150,2025-01-01,13903.32,1.1,Crédito Mensal ou Ajuste,1,Créditos QBM,
2025,1,1160,400980,2025-01-07,-50.32,5.1,Material do Almoxarifado,5,Material de Expediente,
2025,1,1160,401214,2025-01-31,-297.03,3.2.1,Claro Móvel,3,Telefonia,
2025,1,1160,401235,2025-01-31,-180.32,3.3.1,Claro Dados,3,Telefonia,
2025,1,1160,401263,2025-01-31,-3309.61,12,Indenização por Uso de Veículo Particular,12,Indenização por Uso de Veículo Particular,
2025,1,1170,401197,2025-01-01,13903.32,1.1,Crédito Mensal ou Ajuste,1,Créditos QBM,
2025,1,1170,400897,2025-01-02,-269.93,5.1,Material do Almoxarifado,5,Material de Expediente,
2025,1,1170,401099,2025-01-13,-1.55,2.1.10,Colorida,2,Reprografia,
2025,1,1170,401100,2025-01-13,-1.55,2.1.10,Colorida,2,Reprografia,
2025,1,1170,401224,2025-01-31,-297.03,3.2.1,Claro Móvel,3,Telefonia,
2025,1,1170,401245,2025-01-31,-180.32,3.3.1,Claro Dados,3,Telefonia,
2025,1,1170,401251,2025-01-31,-1364.28,3.3.1,Claro Dados,3,Telefonia,
2025,1,1170,401254,2025-01-31,-5815.44,3.2.1,Claro Móvel,3,Telefonia,
2025,1,1176,401177,2025-01-01,13903.32,1.1,Crédito Mensal ou Ajuste,1,Créditos QBM,
2025,1,1176,401124,2025-01-22,-181.26,5.1,Material do Almoxarifado,5,Material de Expediente,
2025,1,1176,401216,2025-01-31,-297.03,3.2.1,Claro Móvel,3,Telefonia,
2025,1,1176,401237,2025-01-31,-180.32,3.3.1,Claro Dados,3,Telefonia,
2025,1,1176,401264,2025-01-31,-2255.76,12,Indenização por Uso de Veículo Particular,12,Indenização por Uso de Veículo Particular,
2025,1,1213,401151,2025-01-01,13903.32,1.1,Crédito Mensal ou Ajuste,1,Créditos QBM,
2025,1,1213,400906,2025-01-03,-386.96,5.1,Material do Almoxarifado,5,Material de Expediente,
2025,1,1213,400915,2025-01-06,-9.96,5.1,Material do Almoxarifado,5,Material de Expediente,
2025,1,1213,400988,2025-01-08,-85.77,5.1,Material do Almoxarifado,5,Material de Expediente,
2025,1,1213,401094,2025-01-10,-139.74,5.1,Material do Almoxarifado,5,Material de Expediente,
2025,1,1213,401107,2025-01-14,-32.2,2.1.9,Preto e Branco,2,Reprografia,
2025,1,1213,401111,2025-01-15,-69.0,2.1.9,Preto e Branco,2,Reprografia,
2025,1,1213,401123,2025-01-22,-155.0,2.1.10,Colorida,2,Reprografia,
2025,1,1213,401205,2025-01-31,-99.01,3.2.1,Claro Móvel,3,Telefonia,
2025,1,1221,401180,2025-01-01,13903.32,1.1,Crédito Mensal ou Ajuste,1,Créditos QBM,
2025,1,1221,400904,2025-01-03,-200.36,5.1,Material do Almoxarifado,5,Material de Expediente,
2025,1,1221,400981,2025-01-07,-100.74,2.1.9,Preto e Branco,2,Reprografia,
2025,1,1221,400982,2025-01-07,-19.5,2.2,Encadernações,2,Reprografia,
2025,1,1240,401184,2025-01-01,13903.32,1.1,Crédito Mensal ou Ajuste,1,Créditos QBM,
2025,1,1240,400901,2025-01-03,-252.27,5.1,Material do Almoxarifado,5,Material de Expediente,
2025,1,1240,401096,2025-01-10,-123.49,5.1,Material do Almoxarifado,5,Material de Expediente,
2025,1,1240,401203,2025-01-31,-99.01,3.2.1,Claro Móvel,3,Telefonia,
2025,1,1250,401192,2025-01-01,13903.32,1.1,Crédito Mensal ou Ajuste,1,Créditos QBM,
2025,1,1295,401172,2025-01-01,13903.32,1.1,Crédito Mensal ou Ajuste,1,Créditos QBM,
2025,1,1295,401098,2025-01-13,-126.03,5.1,Material do Almoxarifado,5,Material de Expediente,
2025,1,1295,401108,2025-01-15,-37.33,5.1,Material do Almoxarifado,5,Material de Expediente,
2025,1,1295,401143,2025-01-30,-35.56,5.1,Material do Almoxarifado,5,Material de Expediente,
2025,1,1295,401208,2025-01-31,-99.01,3.2.1,Claro Móvel,3,Telefonia,
2025,1,1295,401231,2025-01-31,-90.16,3.3.1,Claro Dados,3,Telefonia,
2025,1,1296,401173,2025-01-01,13903.32,1.1,Crédito Mensal ou Ajuste,1,Créditos QBM,
2025,1,1296,400893,2025-01-02,-383.0,5.1,Material do Almoxarifado,5,Material de Expediente,
2025,1,1296,400898,2025-01-02,150.0,5.1,Material do Almoxarifado,5,Material de Expediente,
2025,1,1296,400900,2025-01-03,-18.4,5.1,Material do Almoxarifado,5,Material de Expediente,
2025,1,1296,400907,2025-01-06,-16.0,5.1,Material do Almoxarifado,5,Material de Expediente,
2025,1,1296,400918,2025-01-07,-17.45,5.1,Material do Almoxarifado,5,Material de Expediente,
2025,1,1296,400987,2025-01-08,-7.67,5.1,Material do Almoxarifado,5,Material de Expediente,
2025,1,1296,401101,2025-01-13,-3.1,2.1.10,Colorida,2,Reprografia,
2025,1,1296,401104,2025-01-14,-150.0,5.1,Material do Almoxarifado,5,Material de Expediente,
2025,1,1296,401114,2025-01-14,150.0,5.1,Material do Almoxarifado,5,Material de Expediente,
2025,1,1296,401109,2025-01-15,-42.82,5.1,Material do Almoxarifado,5,Material de Expediente,
2025,1,1296,401119,2025-01-21,-18.0,5.1,Material do Almoxarifado,5,Material de Expediente,
2025,1,1297,401166,2025-01-01,13903.32,1.1,Crédito Mensal ou Ajuste,1,Créditos QBM,
2025,1,1297,400916,2025-01-07,-44.68,5.1,Material do Almoxarifado,5,Material de Expediente,
2025,1,1297,401041,2025-01-09,-88.8,5.1,Material do Almoxarifado,5,Material de Expediente,
2025,1,1298,401161,2025-01-01,13903.32,1.1,Crédito Mensal ou Ajuste,1,Créditos QBM,
2025,1,1299,401176,2025-01-01,13903.32,1.1,Crédito Mensal ou Ajuste,1,Créditos QBM,
2025,1,1299,400892,2025-01-02,-159.54,5.1,Material do Almoxarifado,5,Material de Expediente,
2025,1,1299,400911,2025-01-06,-64.64,5.1,Material do Almoxarifado,5,Material de Expediente,
2025,1,1300,401179,2025-01-01,13903.32,1.1,Crédito Mensal ou Ajuste,1,Créditos QBM,
2025,1,1300,400899,2025-01-02,-231.18,5.1,Material do Almoxarifado,5,Material de Expediente,
2025,1,1300,400922,2025-01-07,-97.65,2.1.10,Colorida,2,Reprografia,
2025,1,1300,400923,2025-01-07,-3.25,2.2,Encadernações,2,Reprografia,
2025,1,1300,401125,2025-01-22,-4.51,5.1,Material do Almoxarifado,5,Material de Expediente,
2025,1,1300,401136,2025-01-24,-28.03,5.1,Material do Almoxarifado,5,Material de Expediente,
2025,1,1300,401138,2025-01-24,7.29,5.1,Material do Almoxarifado,5,Material de Expediente,
2025,1,1300,401212,2025-01-31,-297.03,3.2.1,Claro Móvel,3,Telefonia,
2025,1,1300,401233,2025-01-31,-180.32,3.3.1,Claro Dados,3,Telefonia,
2025,1,1300,401249,2025-01-31,-1364.28,3.3.1,Claro Dados,3,Telefonia,
2025,1,1300,401252,2025-01-31,-5815.44,3.2.1,Claro Móvel,3,Telefonia,
2025,1,1301,401160,2025-01-01,13903.32,1.1,Crédito Mensal ou Ajuste,1,Créditos QBM,
2025,1,1301,400895,2025-01-02,-366.34,5.1,Material do Almoxarifado,5,Material de Expediente,
2025,1,1301,401117,2025-01-17,-230.98,5.1,Material do Almoxarifado,5,Material de Expediente,
2025,1,1301,401129,2025-01-23,-3.1,2.1.10,Colorida,2,Reprografia,
2025,1,1301,401217,2025-01-31,-297.03,3.2.1,Claro Móvel,3,Telefonia,
2025,1,1301,401238,2025-01-31,-180.32,3.3.1,Claro Dados,3,Telefonia,
2025,1,1301,401250,2025-01-31,-1364.28,3.3.1,Claro Dados,3,Telefonia,
2025,1,1301,401253,2025-01-31,-5815.44,3.2.1,Claro Móvel,3,Telefonia,
2025,1,1302,401175,2025-01-01,13903.32,1.1,Crédito Mensal ou Ajuste,1,Créditos QBM,
2025,1,1302,400903,2025-01-03,-198.14,5.1,Material do Almoxarifado,5,Material de Expediente,
2025,1,1302,401040,2025-01-09,-68.55,5.1,Material do Almoxarifado,5,Material de Expediente,
2025,1,1302,401103,2025-01-13,-50.06,5.1,Material do Almoxarifado,5,Material de Expediente,
2025,1,1302,401118,2025-01-20,-34.67,5.1,Material do Almoxarifado,5,Material de Expediente,
2025,1,1302,401140,2025-01-29,-162.98,5.1,Material do Almoxarifado,5,Material de Expediente,
2025,1,1303,401174,2025-01-01,13903.32,1.1,Crédito Mensal ou Ajuste,1,Créditos QBM,
2025,1,1303,400924,2025-01-07,-87.58,5.1,Material do Almoxarifado,5,Material de Expediente,
2025,1,1303,401256,2025-01-31,-2004.93,12,Indenização por Uso de Veículo Particular,12,Indenização por Uso de Veículo Particular,
2025,2,23,401344,2025-02-01,13903.32,1.1,Crédito Mensal ou Ajuste,1,Créditos QBM,
2025,2,23,401419,2025-02-12,-41.48,5.1,Material do Almoxarifado,5,Material de Expediente,
2025,2,23,401448,2025-02-17,-440.0,8.5,Internet Individual,8,Produtos e Serviços de TI,
2025,2,23,401506,2025-02-24,-620.0,2.1.10,Colorida,2,Reprografia,
2025,2,23,401530,2025-02-28,-297.03,3.2.1,Claro Móvel,3,Telefonia,
2025,2,23,401577,2025-02-28,-180.32,3.3.1,Claro Dados,3,Telefonia,
2025,2,23,401602,2025-02-28,-1174.82,12,Indenização por Uso de Veículo Particular,12,Indenização por Uso de Veículo Particular,
2025,2,229,401271,2025-02-01,13903.32,1.1,Crédito Mensal ou Ajuste,1,Créditos QBM,
2025,2,229,401367,2025-02-05,-6.2,2.1.10,Colorida,2,Reprografia,
2025,2,229,401372,2025-02-05,-6.2,2.1.10,Colorida,2,Reprografia,
2025,2,229,401427,2025-02-13,-13.53,5.1,Material do Almoxarifado,5,Material de Expediente,
2025,2,229,401440,2025-02-13,53.76,12,Indenização por Uso de Veículo Particular,12,Indenização por Uso de Veículo Particular,
2025,2,229,401442,2025-02-14,-490.0,5.1,Material do Almoxarifado,5,Material de Expediente,
2025,2,229,401468,2025-02-17,-440.0,8.5,Internet Individual,8,Produtos e Serviços de TI,
2025,2,229,401499,2025-02-21,-226.88,5.1,Material do Almoxarifado,5,Material de Expediente,
2025,2,229,401540,2025-02-28,-297.03,3.2.1,Claro Móvel,3,Telefonia,
2025,2,229,401587,2025-02-28,-180.32,3.3.1,Claro Dados,3,Telefonia,
2025,2,229,401598,2025-02-28,-3599.88,12,Indenização por Uso de Veículo Particular,12,Indenização por Uso de Veículo Particular,
2025,2,229,401946,2025-02-28,-4636.26,6.11,Outros,6,Correios,
2025,2,232,401333,2025-02-01,13903.32,1.1,Crédito Mensal ou Ajuste,1,Créditos QBM,
2025,2,232,401447,2025-02-17,-267.38,5.1,Material do Almoxarifado,5,Material de Expediente,
2025,2,232,401470,2025-02-17,-440.0,8.5,Internet Individual,8,Produtos e Serviços de TI,
2025,2,232,401548,2025-02-28,-198.02,3.2.1,Claro Móvel,3,Telefonia,
2025,2,232,401588,2025-02-28,-180.32,3.3.1,Claro Dados,3,Telefonia,
2025,2,232,401608,2025-02-28,-2558.02,12,Indenização por Uso de Veículo Particular,12,Indenização por Uso de Veículo Particular,
2025,2,1058,401281,2025-02-01,13903.32,1.1,Crédito Mensal ou Ajuste,1,Créditos QBM,
2025,2,1058,401374,2025-02-06,-9.02,5.1,Material do Almoxarifado,5,Material de Expediente,
2025,2,1058,401437,2025-02-13,5.38,12,Indenização por Uso de Veículo Particular,12,Indenização por Uso de Veículo Particular,
2025,2,1058,401553,2025-02-28,-99.01,3.2.1,Claro Móvel,3,Telefonia,
2025,2,1058,401574,2025-02-28,-90.16,3.3.1,Claro Dados,3,Telefonia,
2025,2,1058,401612,2025-02-28,-708.47,12,Indenização por Uso de Veículo Particular,12,Indenização por Uso de Veículo Particular,
2025,2,1067,401321,2025-02-01,13903.32,1.1,Crédito Mensal ou Ajuste,1,Créditos QBM,
2025,2,1067,401371,2025-02-05,-165.17,5.1,Material do Almoxarifado,5,Material de Expediente,
2025,2,1067,401391,2025-02-06,-13.53,5.1,Material do Almoxarifado,5,Material de Expediente,
2025,2,1067,401406,2025-02-11,-13.95,2.1.10,Colorida,2,Reprografia,
2025,2,1067,401418,2025-02-12,-29.25,5.1,Material do Almoxarifado,5,Material de Expediente,
2025,2,1067,401432,2025-02-13,-2.3,2.1.9,Preto e Branco,2,Reprografia,
2025,2,1067,401465,2025-02-17,-440.0,8.5,Internet Individual,8,Produtos e Serviços de TI,
2025,2,1067,401479,2025-02-17,-88.35,2.1.10,Colorida,2,Reprografia,
2025,2,1067,401482,2025-02-17,-161.2,2.1.10,Colorida,2,Reprografia,
2025,2,1067,401485,2025-02-18,-98.73,5.1,Material do Almoxarifado,5,Material de Expediente,
2025,2,1067,401495,2025-02-20,-6.2,2.1.10,Colorida,2,Reprografia,
2025,2,1067,401538,2025-02-28,-297.03,3.2.1,Claro Móvel,3,Telefonia,
2025,2,1067,401586,2025-02-28,-180.32,3.3.1,Claro Dados,3,Telefonia,
2025,2,1067,401615,2025-02-28,-3770.55,12,Indenização por Uso de Veículo Particular,12,Indenização por Uso de Veículo Particular,
2025,2,1067,401947,2025-02-28,-2323.05,6.11,Outros,6,Correios,
2025,2,1110,401270,2025-02-01,13903.32,1.1,Crédito Mensal ou Ajuste,1,Créditos QBM,
2025,2,1110,401366,2025-02-05,-26.48,5.1,Material do Almoxarifado,5,Material de Expediente,
2025,2,1110,401453,2025-02-17,-440.0,8.5,Internet Individual,8,Produtos e Serviços de TI,
2025,2,1110,401550,2025-02-28,-99.01,3.2.1,Claro Móvel,3,Telefonia,
2025,2,1113,401318,2025-02-01,13903.32,1.1,Crédito Mensal ou Ajuste,1,Créditos QBM,
2025,2,1115,401340,2025-02-01,13903.32,1.1,Crédito Mensal ou Ajuste,1,Créditos QBM,
2025,2,1115,401422,2025-02-12,-101.81,5.1,Material do Almoxarifado,5,Material de Expediente,
2025,2,1115,401544,2025-02-28,-297.03,3.2.1,Claro Móvel,3,Telefonia,
2025,2,1115,401614,2025-02-28,-2567.94,12,Indenização por Uso de Veículo Particular,12,Indenização por Uso de Veículo Particular,
2025,2,1117,401341,2025-02-01,13903.32,1.1,Crédito Mensal ou Ajuste,1,Créditos QBM,
2025,2,1117,401370,2025-02-05,-9.3,2.1.10,Colorida,2,Reprografia,
2025,2,1117,401395,2025-02-07,-12.4,2.1.10,Colorida,2,Reprografia,
2025,2,1117,401471,2025-02-17,-440.0,8.5,Internet Individual,8,Produtos e Serviços de TI,
2025,2,1117,401517,2025-02-26,-131.86,5.1,Material do Almoxarifado,5,Material de Expediente,
2025,2,1117,401541,2025-02-28,-297.03,3.2.1,Claro Móvel,3,Telefonia,
2025,2,1117,401589,2025-02-28,-180.32,3.3.1,Claro Dados,3,Telefonia,
2025,2,1127,401332,2025-02-01,13903.32,1.1,Crédito Mensal ou Ajuste,1,Créditos QBM,
2025,2,1127,401359,2025-02-04,-232.48,5.1,Material do Almoxarifado,5,Material de Expediente,
2025,2,1127,401368,2025-02-05,-93.0,2.1.10,Colorida,2,Reprografia,
2025,2,1127,401390,2025-02-06,-15.9,5.1,Material do Almoxarifado,5,Material de Expediente,
2025,2,1127,401413,2025-02-11,-837.0,2.1.10,Colorida,2,Reprografia,
2025,2,1127,401423,2025-02-12,-23.0,2.1.9,Preto e Branco,2,Reprografia,
2025,2,1127,401424,2025-02-12,-299.0,2.1.9,Preto e Branco,2,Reprografia,
2025,2,1127,401467,2025-02-17,-440.0,8.5,Internet Individual,8,Produtos e Serviços de TI,
2025,2,1127,401539,2025-02-28,-297.03,3.2.1,Claro Móvel,3,Telefonia,
2025,2,1127,401575,2025-02-28,-90.16,3.3.1,Claro Dados,3,Telefonia,
2025,2,1127,401610,2025-02-28,-438.57,12,Indenização por Uso de Veículo Particular,12,Indenização por Uso de Veículo Particular,
2025,2,1128,401343,2025-02-01,13903.32,1.1,Crédito Mensal ou Ajuste,1,Créditos QBM,
2025,2,1128,401351,2025-02-03,-24.8,2.1.10,Colorida,2,Reprografia,
2025,2,1128,401353,2025-02-04,-13.53,5.1,Material do Almoxarifado,5,Material de Expediente,
2025,2,1128,401369,2025-02-05,-17.8,5.1,Material do Almoxarifado,5,Material de Expediente,
2025,2,1128,401463,2025-02-17,-440.0,8.5,Internet Individual,8,Produtos e Serviços de TI,
2025,2,1128,401480,2025-02-17,-67.84,5.1,Material do Almoxarifado,5,Material de Expediente,
2025,2,1128,401527,2025-02-27,-3.1,2.1.10,Colorida,2,Reprografia,
2025,2,1128,401536,2025-02-28,-297.03,3.2.1,Claro Móvel,3,Telefonia,
2025,2,1128,401584,2025-02-28,-180.32,3.3.1,Claro Dados,3,Telefonia,
2025,2,1128,401604,2025-02-28,-1299.85,12,Indenização por Uso de Veículo Particular,12,Indenização por Uso de Veículo Particular,
2025,2,1130,401269,2025-02-01,13903.32,1.1,Crédito Mensal ou Ajuste,1,Créditos QBM,
2025,2,1130,401452,2025-02-17,-440.0,8.5,Internet Individual,8,Produtos e Serviços de TI,
2025,2,1130,401532,2025-02-28,-297.03,3.2.1,Claro Móvel,3,Telefonia,
2025,2,1130,401579,2025-02-28,-180.32,3.3.1,Claro Dados,3,Telefonia,
2025,2,1130,401611,2025-02-28,-2635.42,12,Indenização por Uso de Veículo Particular,12,Indenização por Uso de Veículo Particular,
2025,2,1141,401337,2025-02-01,13903.32,1.1,Crédito Mensal ou Ajuste,1,Créditos QBM,
2025,2,1141,401346,2025-02-03,-54.04,5.1,Material do Almoxarifado,5,Material de Expediente,
2025,2,1141,401401,2025-02-10,-132.11,5.1,Material do Almoxarifado,5,Material de Expediente,
2025,2,1141,401421,2025-02-12,-833.9,2.1.10,Colorida,2,Reprografia,
2025,2,1141,401431,2025-02-13,-182.93,5.1,Material do Almoxarifado,5,Material de Expediente,
2025,2,1141,401473,2025-02-17,-440.0,8.5,Internet Individual,8,Produtos e Serviços de TI,
2025,2,1141,401543,2025-02-28,-297.03,3.2.1,Claro Móvel,3,Telefonia,
2025,2,1141,401591,2025-02-28,-180.32,3.3.1,Claro Dados,3,Telefonia,
2025,2,1144,401338,2025-02-01,13903.32,1.1,Crédito Mensal ou Ajuste,1,Créditos QBM,
2025,2,1145,401335,2025-02-01,13903.32,1.1,Crédito Mensal ou Ajuste,1,Créditos QBM,
2025,2,1145,401360,2025-02-04,-26.99,5.1,Material do Almoxarifado,5,Material de Expediente,
2025,2,1145,401460,2025-02-17,-440.0,8.5,Internet Individual,8,Produtos e Serviços de TI,
2025,2,1145,401500,2025-02-24,-94.74,5.1,Material do Almoxarifado,5,Material de Expediente,
2025,2,1145,401502,2025-02-24,-10.85,2.1.10,Colorida,2,Reprografia,
2025,2,1145,401534,2025-02-28,-297.03,3.2.1,Claro Móvel,3,Telefonia,
2025,2,1145,401582,2025-02-28,-180.32,3.3.1,Claro Dados,3,Telefonia,
2025,2,1145,401607,2025-02-28,-3770.55,12,Indenização por Uso de Veículo Particular,12,Indenização por Uso de Veículo Particular,
2025,2,1149,401331,2025-02-01,13903.32,1.1,Crédito Mensal ou Ajuste,1,Créditos QBM,
2025,2,1149,401457,2025-02-17,-440.0,8.5,Internet Individual,8,Produtos e Serviços de TI,
2025,2,1149,401496,2025-02-20,-58.52,5.1,Material do Almoxarifado,5,Material de Expediente,
2025,2,1149,401552,2025-02-28,-99.01,3.2.1,Claro Móvel,3,Telefonia,
2025,2,1149,401572,2025-02-28,-180.32,3.3.1,Claro Dados,3,Telefonia,
2025,2,1149,401596,2025-02-28,-2655.26,12,Indenização por Uso de Veículo Particular,12,Indenização por Uso de Veículo Particular,
2025,2,1153,401342,2025-02-01,13903.32,1.1,Crédito Mensal ou Ajuste,1,Créditos QBM,
2025,2,1153,401417,2025-02-12,-254.73,5.1,Material do Almoxarifado,5,Material de Expediente,
2025,2,1153,401436,2025-02-13,-3309.61,12,Indenização por Uso de Veículo Particular,12,Indenização por Uso de Veículo Particular,
2025,2,1153,401464,2025-02-17,-440.0,8.5,Internet Individual,8,Produtos e Serviços de TI,
2025,2,1153,401504,2025-02-24,-156.43,5.1,Material do Almoxarifado,5,Material de Expediente,
2025,2,1153,401537,2025-02-28,-297.03,3.2.1,Claro Móvel,3,Telefonia,
2025,2,1153,401585,2025-02-28,-180.32,3.3.1,Claro Dados,3,Telefonia,
2025,2,1153,401600,2025-02-28,-3490.74,12,Indenização por Uso de Veículo Particular,12,Indenização por Uso de Veículo Particular,
2025,2,1155,401307,2025-02-01,13903.32,1.1,Crédito Mensal ou Ajuste,1,Créditos QBM,
2025,2,1155,401416,2025-02-12,-15.9,5.1,Material do Almoxarifado,5,Material de Expediente,
2025,2,1155,401458,2025-02-17,-440.0,8.5,Internet Individual,8,Produtos e Serviços de TI,
2025,2,1155,401492,2025-02-19,-36.03,5.1,Material do Almoxarifado,5,Material de Expediente,
2025,2,1155,401546,2025-02-28,-198.02,3.2.1,Claro Móvel,3,Telefonia,
2025,2,1155,401573,2025-02-28,-90.16,3.3.1,Claro Dados,3,Telefonia,
2025,2,1155,401595,2025-02-28,-3770.55,12,Indenização por Uso de Veículo Particular,12,Indenização por Uso de Veículo Particular,
2025,2,1157,401336,2025-02-01,13903.32,1.1,Crédito Mensal ou Ajuste,1,Créditos QBM,
2025,2,1157,401355,2025-02-04,-19.09,5.1,Material do Almoxarifado,5,Material de Expediente,
2025,2,1157,401474,2025-02-17,-440.0,8.5,Internet Individual,8,Produtos e Serviços de TI,
2025,2,1157,401490,2025-02-19,-32.5,5.1,Material do Almoxarifado,5,Material de Expediente,
2025,2,1157,401545,2025-02-28,-297.03,3.2.1,Claro Móvel,3,Telefonia,
2025,2,1157,401592,2025-02-28,-180.32,3.3.1,Claro Dados,3,Telefonia,
2025,2,1157,401606,2025-02-28,-156.78,12,Indenização por Uso de Veículo Particular,12,Indenização por Uso de Veículo Particular,
2025,2,1160,401277,2025-02-01,13903.32,1.1,Crédito Mensal ou Ajuste,1,Créditos QBM,
2025,2,1160,401454,2025-02-17,-440.0,8.5,Internet Individual,8,Produtos e Serviços de TI,
2025,2,1160,401533,2025-02-28,-297.03,3.2.1,Claro Móvel,3,Telefonia,
2025,2,1160,401580,2025-02-28,-180.32,3.3.1,Claro Dados,3,Telefonia,
2025,2,1160,401605,2025-02-28,-3770.55,12,Indenização por Uso de Veículo Particular,12,Indenização por Uso de Veículo Particular,
2025,2,1170,401339,2025-02-01,13903.32,1.1,Crédito Mensal ou Ajuste,1,Créditos QBM,
2025,2,1170,401356,2025-02-04,-78.11,5.1,Material do Almoxarifado,5,Material de Expediente,
2025,2,1170,401472,2025-02-17,-440.0,8.5,Internet Individual,8,Produtos e Serviços de TI,
2025,2,1170,401505,2025-02-24,-1.55,2.1.10,Colorida,2,Reprografia,
2025,2,1170,401512,2025-02-25,-15.5,2.1.10,Colorida,2,Reprografia,
2025,2,1170,401526,2025-02-27,-1.55,2.1.10,Colorida,2,Reprografia,
2025,2,1170,401542,2025-02-28,-297.03,3.2.1,Claro Móvel,3,Telefonia,
2025,2,1170,401590,2025-02-28,-180.32,3.3.1,Claro Dados,3,Telefonia,
2025,2,1176,401317,2025-02-01,13903.32,1.1,Crédito Mensal ou Ajuste,1,Créditos QBM,
2025,2,1176,401394,2025-02-07,-930.0,2.1.10,Colorida,2,Reprografia,
2025,2,1176,401428,2025-02-13,-201.45,5.1,Material do Almoxarifado,5,Material de Expediente,
2025,2,1176,401461,2025-02-17,-440.0,8.5,Internet Individual,8,Produtos e Serviços de TI,
2025,2,1176,401535,2025-02-28,-297.03,3.2.1,Claro Móvel,3,Telefonia,
2025,2,1176,401583,2025-02-28,-180.32,3.3.1,Claro Dados,3,Telefonia,
2025,2,1176,401599,2025-02-28,-3770.55,12,Indenização por Uso de Veículo Particular,12,Indenização por Uso de Veículo Particular,
2025,2,1213,401345,2025-02-01,13903.32,1.1,Crédito Mensal ou Ajuste,1,Créditos QBM,
2025,2,1213,401349,2025-02-03,-31.0,2.1.10,Colorida,2,Reprografia,
2025,2,1213,401350,2025-02-03,-31.0,2.1.10,Colorida,2,Reprografia,
2025,2,1213,401398,2025-02-10,-57.5,2.1.9,Preto e Branco,2,Reprografia,
2025,2,1213,401403,2025-02-11,-199.06,5.1,Material do Almoxarifado,5,Material de Expediente,
2025,2,1213,401414,2025-02-11,-221.47,5.1,Material do Almoxarifado,5,Material de Expediente,
2025,2,1213,401444,2025-02-14,-387.5,2.1.10,Colorida,2,Reprografia,
2025,2,1213,401456,2025-02-17,-440.0,8.5,Internet Individual,8,Produtos e Serviços de TI,
2025,2,1213,401481,2025-02-17,-310.0,2.1.10,Colorida,2,Reprografia,
2025,2,1213,401491,2025-02-19,-130.2,2.1.10,Colorida,2,Reprografia,
2025,2,1213,401515,2025-02-26,-130.55,5.1,Material do Almoxarifado,5,Material de Expediente,
2025,2,1213,401519,2025-02-27,-181.78,5.1,Material do Almoxarifado,5,Material de Expediente,
2025,2,1213,401521,2025-02-27,-48.0,5.1,Material do Almoxarifado,5,Material de Expediente,
2025,2,1213,401522,2025-02-27,48.0,5.1,Material do Almoxarifado,5,Material de Expediente,
2025,2,1213,401551,2025-02-28,-99.01,3.2.1,Claro Móvel,3,Telefonia,
2025,2,1221,401315,2025-02-01,13903.32,1.1,Crédito Mensal ou Ajuste,1,Créditos QBM,
2025,2,1221,401402,2025-02-11,-33.65,5.1,Material do Almoxarifado,5,Material de Expediente,
2025,2,1221,401434,2025-02-13,-40.0,,,,,"Material adicional - Outros - Confecção de carimbo, conforme processo 265.00042/2025-14"
2025,2,1221,401469,2025-02-17,-220.0,8.5,Internet Individual,8,Produtos e Serviços de TI,
2025,2,1221,401597,2025-02-28,-513.99,12,Indenização por Uso de Veículo Particular,12,Indenização por Uso de Veículo Particular,
2025,2,1240,401322,2025-02-01,13903.32,1.1,Crédito Mensal ou Ajuste,1,Créditos QBM,
2025,2,1240,401392,2025-02-06,-41.48,5.1,Material do Almoxarifado,5,Material de Expediente,
2025,2,1240,401450,2025-02-17,-440.0,8.5,Internet Individual,8,Produtos e Serviços de TI,
2025,2,1240,401478,2025-02-17,-150.0,5.1,Material do Almoxarifado,5,Material de Expediente,
2025,2,1240,401508,2025-02-24,-16.0,5.1,Material do Almoxarifado,5,Material de Expediente,
2025,2,1240,401510,2025-02-24,-230.0,2.1.9,Preto e Branco,2,Reprografia,
2025,2,1240,401528,2025-02-28,-45.0,,,,,Material adicional - Outros - Confecção de carimbo
2025,2,1240,401549,2025-02-28,-99.01,3.2.1,Claro Móvel,3,Telefonia,
2025,2,1250,401334,2025-02-01,13903.32,1.1,Crédito Mensal ou Ajuste,1,Créditos QBM,
2025,2,1250,401476,2025-02-17,-220.0,8.5,Internet Individual,8,Produtos e Serviços de TI,
2025,2,1250,401594,2025-02-28,-557.64,12,Indenização por Uso de Veículo Particular,12,Indenização por Uso de Veículo Particular,
2025,2,1295,401308,2025-02-01,13903.32,1.1,Crédito Mensal ou Ajuste,1,Créditos QBM,
2025,2,1295,401446,2025-02-14,-172.49,5.1,Material do Almoxarifado,5,Material de Expediente,
2025,2,1295,401477,2025-02-17,-440.0,8.5,Internet Individual,8,Produtos e Serviços de TI,
2025,2,1295,401488,2025-02-18,-103.87,5.1,Material do Almoxarifado,5,Material de Expediente,
2025,2,1295,401509,2025-02-24,-167.04,5.1,Material do Almoxarifado,5,Material de Expediente,
2025,2,1295,401520,2025-02-27,-11.47,5.1,Material do Almoxarifado,5,Material de Expediente,
2025,2,1295,401554,2025-02-28,-99.01,3.2.1,Claro Móvel,3,Telefonia,
2025,2,1295,401576,2025-02-28,-90.16,3.3.1,Claro Dados,3,Telefonia,
2025,2,1295,401616,2025-02-28,-309.58,12,Indenização por Uso de Veículo Particular,12,Indenização por Uso de Veículo Particular,
2025,2,1296,401309,2025-02-01,13903.32,1.1,Crédito Mensal ou Ajuste,1,Créditos QBM,
2025,2,1296,401347,2025-02-03,-38.75,2.1.10,Colorida,2,Reprografia,
2025,2,1296,401352,2025-02-04,-63.31,5.1,Material do Almoxarifado,5,Material de Expediente,
2025,2,1296,401361,2025-02-04,-1.55,2.1.10,Colorida,2,Reprografia,
2025,2,1296,401363,2025-02-05,-150.0,5.1,Material do Almoxarifado,5,Material de Expediente,
2025,2,1296,401364,2025-02-05,150.0,5.1,Material do Almoxarifado,5,Material de Expediente,
2025,2,1296,401393,2025-02-07,-4.5,5.1,Material do Almoxarifado,5,Material de Expediente,
2025,2,1296,401396,2025-02-10,-2.2,5.1,Material do Almoxarifado,5,Material de Expediente,
2025,2,1296,401397,2025-02-10,-15.51,5.1,Material do Almoxarifado,5,Material de Expediente,
2025,2,1296,401404,2025-02-11,-1.55,2.1.10,Colorida,2,Reprografia,
2025,2,1296,401405,2025-02-11,-6.2,2.1.10,Colorida,2,Reprografia,
2025,2,1296,401407,2025-02-11,-4.65,2.1.10,Colorida,2,Reprografia,
2025,2,1296,401408,2025-02-11,-84.77,5.1,Material do Almoxarifado,5,Material de Expediente,
2025,2,1296,401409,2025-02-11,-7.75,2.1.10,Colorida,2,Reprografia,
2025,2,1296,401410,2025-02-11,-6.2,2.1.10,Colorida,2,Reprografia,
2025,2,1296,401411,2025-02-11,-15.5,2.1.10,Colorida,2,Reprografia,
2025,2,1296,401412,2025-02-11,-3.1,2.1.10,Colorida,2,Reprografia,
2025,2,1296,401415,2025-02-12,-7.75,2.1.10,Colorida,2,Reprografia,
2025,2,1296,401420,2025-02-12,-3.1,2.1.10,Colorida,2,Reprografia,
2025,2,1296,401425,2025-02-13,-9.28,5.1,Material do Almoxarifado,5,Material de Expediente,
2025,2,1296,401433,2025-02-13,-45.0,,,,,"Material adicional - Outros - Confecção de carimbo, conforme processo 363.00039/2025-83"
2025,2,1296,401435,2025-02-13,-40.0,,,,,Material adicional - Outros - Confecção de carimbo conforme processo 363.00020/2025-37
2025,2,1296,401455,2025-02-17,-440.0,8.5,Internet Individual,8,Produtos e Serviços de TI,
2025,2,1296,401486,2025-02-18,-2.28,5.1,Material do Almoxarifado,5,Material de Expediente,
2025,2,1296,401507,2025-02-24,-77.5,2.1.10,Colorida,2,Reprografia,
2025,2,1296,401513,2025-02-25,-1.55,2.1.10,Colorida,2,Reprografia,
2025,2,1296,401514,2025-02-26,-38.75,2.1.10,Colorida,2,Reprografia,
2025,2,1296,401523,2025-02-27,-10.85,2.1.10,Colorida,2,Reprografia,
2025,2,1296,401524,2025-02-27,-38.09,5.1,Material do Almoxarifado,5,Material de Expediente,
2025,2,1296,401525,2025-02-27,38.09,5.1,Material do Almoxarifado,5,Material de Expediente,
2025,2,1297,401298,2025-02-01,13903.32,1.1,Crédito Mensal ou Ajuste,1,Créditos QBM,
2025,2,1297,401362,2025-02-04,-45.26,5.1,Material do Almoxarifado,5,Material de Expediente,
2025,2,1297,401429,2025-02-13,-16.0,5.1,Material do Almoxarifado,5,Material de Expediente,
2025,2,1297,401462,2025-02-17,-220.0,8.5,Internet Individual,8,Produtos e Serviços de TI,
2025,2,1297,401483,2025-02-18,-172.49,5.1,Material do Almoxarifado,5,Material de Expediente,
2025,2,1298,401289,2025-02-01,13903.32,1.1,Crédito Mensal ou Ajuste,1,Créditos QBM,
2025,2,1299,401312,2025-02-01,13903.32,1.1,Crédito Mensal ou Ajuste,1,Créditos QBM,
2025,2,1299,401365,2025-02-05,-286.82,5.1,Material do Almoxarifado,5,Material de Expediente,
2025,2,1299,401449,2025-02-17,-440.0,8.5,Internet Individual,8,Produtos e Serviços de TI,
2025,2,1299,401493,2025-02-19,-23.95,5.1,Material do Almoxarifado,5,Material de Expediente,
2025,2,1299,401494,2025-02-20,-276.0,2.1.9,Preto e Branco,2,Reprografia,
2025,2,1299,401613,2025-02-28,-182.57,12,Indenização por Uso de Veículo Particular,12,Indenização por Uso de Veículo Particular,
2025,2,1300,401316,2025-02-01,13903.32,1.1,Crédito Mensal ou Ajuste,1,Créditos QBM,
2025,2,1300,401373,2025-02-05,-6.23,5.1,Material do Almoxarifado,5,Material de Expediente,
2025,2,1300,401441,2025-02-14,-2907.72,3.2.1,Claro Móvel,3,Telefonia,
2025,2,1300,401451,2025-02-17,-440.0,8.5,Internet Individual,8,Produtos e Serviços de TI,
2025,2,1300,401484,2025-02-18,-8.99,5.1,Material do Almoxarifado,5,Material de Expediente,
2025,2,1300,401518,2025-02-27,-37.88,5.1,Material do Almoxarifado,5,Material de Expediente,
2025,2,1300,401531,2025-02-28,-297.03,3.2.1,Claro Móvel,3,Telefonia,
2025,2,1300,401578,2025-02-28,-180.32,3.3.1,Claro Dados,3,Telefonia,
2025,2,1301,401286,2025-02-01,13903.32,1.1,Crédito Mensal ou Ajuste,1,Créditos QBM,
2025,2,1301,401375,2025-02-06,-88.82,5.1,Material do Almoxarifado,5,Material de Expediente,
2025,2,1301,401459,2025-02-17,-440.0,8.5,Internet Individual,8,Produtos e Serviços de TI,
2025,2,1301,401489,2025-02-19,-123.91,5.1,Material do Almoxarifado,5,Material de Expediente,
2025,2,1301,401547,2025-02-28,-198.02,3.2.1,Claro Móvel,3,Telefonia,
2025,2,1301,401581,2025-02-28,-180.32,3.3.1,Claro Dados,3,Telefonia,
2025,2,1301,401603,2025-02-28,-738.23,12,Indenização por Uso de Veículo Particular,12,Indenização por Uso de Veículo Particular,
2025,2,1302,401311,2025-02-01,13903.32,1.1,Crédito Mensal ou Ajuste,1,Créditos QBM,
2025,2,1302,401348,2025-02-03,-58.04,5.1,Material do Almoxarifado,5,Material de Expediente,
2025,2,1302,401358,2025-02-04,-81.26,5.1,Material do Almoxarifado,5,Material de Expediente,
2025,2,1302,401388,2025-02-06,-43.57,5.1,Material do Almoxarifado,5,Material de Expediente,
2025,2,1302,401445,2025-02-14,-46.93,5.1,Material do Almoxarifado,5,Material de Expediente,
2025,2,1302,401466,2025-02-17,-440.0,8.5,Internet Individual,8,Produtos e Serviços de TI,
2025,2,1302,401516,2025-02-26,-41.49,5.1,Material do Almoxarifado,5,Material de Expediente,
2025,2,1302,401529,2025-02-28,-40.0,,,,,Material adicional - Outros - Confecção de carimbo
2025,2,1302,401593,2025-02-28,-345.0,2.1.9,Preto e Branco,2,Reprografia,
2025,2,1302,401609,2025-02-28,-2677.09,12,Indenização por Uso de Veículo Particular,12,Indenização por Uso de Veículo Particular,
2025,2,1303,401310,2025-02-01,13903.32,1.1,Crédito Mensal ou Ajuste,1,Créditos QBM,
2025,2,1303,401354,2025-02-04,-307.23,5.1,Material do Almoxarifado,5,Material de Expediente,
2025,2,1303,401357,2025-02-04,38.09,5.1,Material do Almoxarifado,5,Material de Expediente,
2025,2,1303,401439,2025-02-13,83.23,12,Indenização por Uso de Veículo Particular,12,Indenização por Uso de Veículo Particular,
2025,2,1303,401475,2025-02-17,-440.0,8.5,Internet Individual,8,Produtos e Serviços de TI,
2025,2,1303,401601,2025-02-28,-2694.95,12,Indenização por Uso de Veículo Particular,12,Indenização por Uso de Veículo Particular,
2025,3,23,401693,2025-03-01,13903.32,1.1,Crédito Mensal ou Ajuste,1,Créditos QBM,
2025,3,23,401695,2025-03-06,-102.77,5.1,Material do Almoxarifado,5,Material de Expediente,
2025,3,23,401756,2025-03-17,-4.65,2.1.10,Colorida,2,Reprografia,
2025,3,23,401767,2025-03-18,-7.75,2.1.10,Colorida,2,Reprografia,
2025,3,23,401823,2025-03-24,-297.03,3.2.1,Claro Móvel,3,Telefonia,
2025,3,23,401843,2025-03-24,-180.32,3.2.1,Claro Móvel,3,Telefonia,
2025,3,23,401861,2025-03-24,-220.0,8.5,Internet Individual,8,Produtos e Serviços de TI,
2025,3,23,401999,2025-03-31,-1087.51,12,Indenização por Uso de Veículo Particular,12,Indenização por Uso de Veículo Particular,
2025,3,229,401624,2025-03-01,13903.32,1.1,Crédito Mensal ou Ajuste,1,Créditos QBM,
2025,3,229,401707,2025-03-07,-48.05,2.1.10,Colorida,2,Reprografia,
2025,3,229,401708,2025-03-07,-37.2,2.1.10,Colorida,2,Reprografia,
2025,3,229,401717,2025-03-10,-3.1,2.1.10,Colorida,2,Reprografia,
2025,3,229,401725,2025-03-10,-294.6,5.1,Material do Almoxarifado,5,Material de Expediente,
2025,3,229,401726,2025-03-10,-15.5,2.1.10,Colorida,2,Reprografia,
2025,3,229,401808,2025-03-24,-4636.26,6.3,Carta,6,Correios,
2025,3,229,401810,2025-03-24,-823.29,6.3,Carta,6,Correios,
2025,3,229,401833,2025-03-24,-297.03,3.2.1,Claro Móvel,3,Telefonia,
2025,3,229,401853,2025-03-24,-180.32,3.2.1,Claro Móvel,3,Telefonia,
2025,3,229,401881,2025-03-24,-220.0,8.5,Internet Individual,8,Produtos e Serviços de TI,
2025,3,229,401963,2025-03-27,-490.0,5.1,Material do Almoxarifado,5,Material de Expediente,
2025,3,229,402014,2025-03-31,-3770.55,12,Indenização por Uso de Veículo Particular,12,Indenização por Uso de Veículo Particular,
2025,3,232,401681,2025-03-01,13903.32,1.1,Crédito Mensal ou Ajuste,1,Créditos QBM,
2025,3,232,401730,2025-03-11,-19.78,2.1.9,Preto e Branco,2,Reprografia,
2025,3,232,401731,2025-03-11,-13.8,2.1.9,Preto e Branco,2,Reprografia,
2025,3,232,401777,2025-03-19,-112.92,5.1,Material do Almoxarifado,5,Material de Expediente,
2025,3,232,401822,2025-03-24,-198.02,3.2.1,Claro Móvel,3,Telefonia,
2025,3,232,401854,2025-03-24,-180.32,3.2.1,Claro Móvel,3,Telefonia,
2025,3,232,401883,2025-03-24,-220.0,8.5,Internet Individual,8,Produtos e Serviços de TI,
2025,3,232,401958,2025-03-26,-23.0,2.1.9,Preto e Branco,2,Reprografia,
2025,3,232,401959,2025-03-26,-46.0,2.1.9,Preto e Branco,2,Reprografia,
2025,3,232,401960,2025-03-26,23.0,2,Reprografia,2,Reprografia,
2025,3,232,402008,2025-03-31,-2718.77,12,Indenização por Uso de Veículo Particular,12,Indenização por Uso de Veículo Particular,
2025,3,1058,401630,2025-03-01,13903.32,1.1,Crédito Mensal ou Ajuste,1,Créditos QBM,
2025,3,1058,401718,2025-03-10,-17.04,5.1,Material do Almoxarifado,5,Material de Expediente,
2025,3,1058,401763,2025-03-18,-52.26,5.1,Material do Almoxarifado,5,Material de Expediente,
2025,3,1058,401818,2025-03-24,-99.01,3.2.1,Claro Móvel,3,Telefonia,
2025,3,1058,401840,2025-03-24,-90.16,3.2.1,Claro Móvel,3,Telefonia,
2025,3,1058,401985,2025-03-31,-27.4,5.1,Material do Almoxarifado,5,Material de Expediente,
2025,3,1058,401998,2025-03-31,-1024.0,12,Indenização por Uso de Veículo Particular,12,Indenização por Uso de Veículo Particular,
2025,3,1067,401671,2025-03-01,13903.32,1.1,Crédito Mensal ou Ajuste,1,Créditos QBM,
2025,3,1067,401696,2025-03-06,-31.0,2.1.10,Colorida,2,Reprografia,
2025,3,1067,401740,2025-03-12,-194.99,5.1,Material do Almoxarifado,5,Material de Expediente,
2025,3,1067,401747,2025-03-13,-1.55,2.1.10,Colorida,2,Reprografia,
2025,3,1067,401779,2025-03-19,-230.95,2.1.10,Colorida,2,Reprografia,
2025,3,1067,401801,2025-03-21,-196.0,5.1,Material do Almoxarifado,5,Material de Expediente,
2025,3,1067,401804,2025-03-21,-1.55,2.1.10,Colorida,2,Reprografia,
2025,3,1067,401809,2025-03-24,-2323.05,6.3,Carta,6,Correios,
2025,3,1067,401812,2025-03-24,2323.05,,,,,ESTORNO LANC CARTA de Mar/24/25
2025,3,1067,401813,2025-03-24,-1269.9,6.3,Carta,6,Correios,
2025,3,1067,401831,2025-03-24,-297.03,3.2.1,Claro Móvel,3,Telefonia,
2025,3,1067,401852,2025-03-24,-180.32,3.2.1,Claro Móvel,3,Telefonia,
2025,3,1067,401878,2025-03-24,-220.0,8.5,Internet Individual,8,Produtos e Serviços de TI,
2025,3,1067,401944,2025-03-25,-7.75,2.1.10,Colorida,2,Reprografia,
2025,3,1067,401957,2025-03-26,-15.5,2.1.10,Colorida,2,Reprografia,
2025,3,1067,401988,2025-03-31,-32.36,5.1,Material do Almoxarifado,5,Material de Expediente,
2025,3,1067,401990,2025-03-31,-12.4,2.1.10,Colorida,2,Reprografia,
2025,3,1067,401995,2025-03-31,-3770.55,12,Indenização por Uso de Veículo Particular,12,Indenização por Uso de Veículo Particular,
2025,3,1110,401623,2025-03-01,13903.32,1.1,Crédito Mensal ou Ajuste,1,Créditos QBM,
2025,3,1110,401721,2025-03-10,-95.43,5.1,Material do Almoxarifado,5,Material de Expediente,
2025,3,1110,401815,2025-03-24,-99.01,3.2.1,Claro Móvel,3,Telefonia,
2025,3,1110,401866,2025-03-24,-220.0,8.5,Internet Individual,8,Produtos e Serviços de TI,
2025,3,1113,401667,2025-03-01,13903.32,1.1,Crédito Mensal ou Ajuste,1,Créditos QBM,
2025,3,1115,401691,2025-03-01,13903.32,1.1,Crédito Mensal ou Ajuste,1,Créditos QBM,
2025,3,1115,401837,2025-03-24,-297.03,3.2.1,Claro Móvel,3,Telefonia,
2025,3,1115,401858,2025-03-24,-180.32,3.2.1,Claro Móvel,3,Telefonia,
2025,3,1115,401993,2025-03-31,-2806.08,12,Indenização por Uso de Veículo Particular,12,Indenização por Uso de Veículo Particular,
2025,3,1117,401690,2025-03-01,13903.32,1.1,Crédito Mensal ou Ajuste,1,Créditos QBM,
2025,3,1117,401805,2025-03-21,-122.85,5.1,Material do Almoxarifado,5,Material de Expediente,
2025,3,1117,401834,2025-03-24,-297.03,3.2.1,Claro Móvel,3,Telefonia,
2025,3,1117,401855,2025-03-24,-180.32,3.2.1,Claro Móvel,3,Telefonia,
2025,3,1117,401884,2025-03-24,-220.0,8.5,Internet Individual,8,Produtos e Serviços de TI,
2025,3,1117,401962,2025-03-27,-72.26,5.1,Material do Almoxarifado,5,Material de Expediente,
2025,3,1127,401689,2025-03-01,13903.32,1.1,Crédito Mensal ou Ajuste,1,Créditos QBM,
2025,3,1127,401742,2025-03-12,-21.7,2.1.10,Colorida,2,Reprografia,
2025,3,1127,401749,2025-03-13,-357.89,5.1,Material do Almoxarifado,5,Material de Expediente,
2025,3,1127,401832,2025-03-24,-297.03,3.2.1,Claro Móvel,3,Telefonia,
2025,3,1127,401841,2025-03-24,-90.16,3.2.1,Claro Móvel,3,Telefonia,
2025,3,1127,401880,2025-03-24,-220.0,8.5,Internet Individual,8,Produtos e Serviços de TI,
2025,3,1127,401965,2025-03-27,-1379.95,11.1,Passagens,11,Viagens,
2025,3,1127,401996,2025-03-31,-517.95,12,Indenização por Uso de Veículo Particular,12,Indenização por Uso de Veículo Particular,
2025,3,1128,401692,2025-03-01,13903.32,1.1,Crédito Mensal ou Ajuste,1,Créditos QBM,
2025,3,1128,401766,2025-03-18,-17.04,5.1,Material do Almoxarifado,5,Material de Expediente,
2025,3,1128,401811,2025-03-24,-3.1,2.1.10,Colorida,2,Reprografia,
2025,3,1128,401829,2025-03-24,-297.03,3.2.1,Claro Móvel,3,Telefonia,
2025,3,1128,401850,2025-03-24,-180.32,3.2.1,Claro Móvel,3,Telefonia,
2025,3,1128,401876,2025-03-24,-220.0,8.5,Internet Individual,8,Produtos e Serviços de TI,
2025,3,1128,401943,2025-03-24,-1.55,2.1.10,Colorida,2,Reprografia,
2025,3,1128,402001,2025-03-31,-1238.33,12,Indenização por Uso de Veículo Particular,12,Indenização por Uso de Veículo Particular,
2025,3,1130,401625,2025-03-01,13903.32,1.1,Crédito Mensal ou Ajuste,1,Créditos QBM,
2025,3,1130,401715,2025-03-10,-165.6,5.1,Material do Almoxarifado,5,Material de Expediente,
2025,3,1130,401825,2025-03-24,-297.03,3.2.1,Claro Móvel,3,Telefonia,
2025,3,1130,401845,2025-03-24,-180.32,3.2.1,Claro Móvel,3,Telefonia,
2025,3,1130,401865,2025-03-24,-220.0,8.5,Internet Individual,8,Produtos e Serviços de TI,
2025,3,1130,401994,2025-03-31,-2599.69,12,Indenização por Uso de Veículo Particular,12,Indenização por Uso de Veículo Particular,
2025,3,1141,401685,2025-03-01,13903.32,1.1,Crédito Mensal ou Ajuste,1,Créditos QBM,
2025,3,1141,401700,2025-03-06,-128.36,5.1,Material do Almoxarifado,5,Material de Expediente,
2025,3,1141,401758,2025-03-17,-63.01,5.1,Material do Almoxarifado,5,Material de Expediente,
2025,3,1141,401836,2025-03-24,-297.03,3.2.1,Claro Móvel,3,Telefonia,
2025,3,1141,401857,2025-03-24,-180.32,3.2.1,Claro Móvel,3,Telefonia,
2025,3,1141,401886,2025-03-24,-220.0,8.5,Internet Individual,8,Produtos e Serviços de TI,
2025,3,1141,401941,2025-03-24,-63.14,5.1,Material do Almoxarifado,5,Material de Expediente,
2025,3,1141,401978,2025-03-28,-2907.72,3.2.1,Claro Móvel,3,Telefonia,
2025,3,1141,401986,2025-03-31,-20.26,5.1,Material do Almoxarifado,5,Material de Expediente,
2025,3,1141,401989,2025-03-31,-6.2,2.1.10,Colorida,2,Reprografia,
2025,3,1144,401682,2025-03-01,13903.32,1.1,Crédito Mensal ou Ajuste,1,Créditos QBM,
2025,3,1145,401686,2025-03-01,13903.32,1.1,Crédito Mensal ou Ajuste,1,Créditos QBM,
2025,3,1145,401738,2025-03-11,-3.1,2.1.10,Colorida,2,Reprografia,
2025,3,1145,401781,2025-03-19,-1.55,2.1.10,Colorida,2,Reprografia,
2025,3,1145,401798,2025-03-20,-1.55,2.1.10,Colorida,2,Reprografia,
2025,3,1145,401799,2025-03-20,-1.55,2.1.10,Colorida,2,Reprografia,
2025,3,1145,401827,2025-03-24,-297.03,3.2.1,Claro Móvel,3,Telefonia,
2025,3,1145,401848,2025-03-24,-180.32,3.2.1,Claro Móvel,3,Telefonia,
2025,3,1145,401873,2025-03-24,-220.0,8.5,Internet Individual,8,Produtos e Serviços de TI,
2025,3,1145,401942,2025-03-24,-1.55,2.1.10,Colorida,2,Reprografia,
2025,3,1145,401954,2025-03-26,-775.0,2.1.10,Colorida,2,Reprografia,
2025,3,1145,402002,2025-03-31,-3770.55,12,Indenização por Uso de Veículo Particular,12,Indenização por Uso de Veículo Particular,
2025,3,1149,401680,2025-03-01,13903.32,1.1,Crédito Mensal ou Ajuste,1,Créditos QBM,
2025,3,1149,401701,2025-03-06,-31.62,5.1,Material do Almoxarifado,5,Material de Expediente,
2025,3,1149,401817,2025-03-24,-99.01,3.2.1,Claro Móvel,3,Telefonia,
2025,3,1149,401860,2025-03-24,-180.32,3.2.1,Claro Móvel,3,Telefonia,
2025,3,1149,401870,2025-03-24,-220.0,8.5,Internet Individual,8,Produtos e Serviços de TI,
2025,3,1149,401891,2025-03-24,-500.5,11.2,Diárias,11,Viagens,
2025,3,1149,401964,2025-03-27,-15.09,5.1,Material do Almoxarifado,5,Material de Expediente,
2025,3,1149,402012,2025-03-31,-3127.57,12,Indenização por Uso de Veículo Particular,12,Indenização por Uso de Veículo Particular,
2025,3,1153,401687,2025-03-01,13903.32,1.1,Crédito Mensal ou Ajuste,1,Créditos QBM,
2025,3,1153,401743,2025-03-12,-184.0,2.1.9,Preto e Branco,2,Reprografia,
2025,3,1153,401830,2025-03-24,-297.03,3.2.1,Claro Móvel,3,Telefonia,
2025,3,1153,401851,2025-03-24,-180.32,3.2.1,Claro Móvel,3,Telefonia,
2025,3,1153,401877,2025-03-24,-220.0,8.5,Internet Individual,8,Produtos e Serviços de TI,
2025,3,1153,402000,2025-03-31,-3770.55,12,Indenização por Uso de Veículo Particular,12,Indenização por Uso de Veículo Particular,
2025,3,1155,401654,2025-03-01,13903.32,1.1,Crédito Mensal ou Ajuste,1,Créditos QBM,
2025,3,1155,401820,2025-03-24,-198.02,3.2.1,Claro Móvel,3,Telefonia,
2025,3,1155,401839,2025-03-24,-90.16,3.2.1,Claro Móvel,3,Telefonia,
2025,3,1155,401871,2025-03-24,-220.0,8.5,Internet Individual,8,Produtos e Serviços de TI,
2025,3,1155,401950,2025-03-25,-21.3,5.1,Material do Almoxarifado,5,Material de Expediente,
2025,3,1155,402003,2025-03-31,-3770.55,12,Indenização por Uso de Veículo Particular,12,Indenização por Uso de Veículo Particular,
2025,3,1157,401683,2025-03-01,13903.32,1.1,Crédito Mensal ou Ajuste,1,Créditos QBM,
2025,3,1157,401733,2025-03-11,-69.3,5.1,Material do Almoxarifado,5,Material de Expediente,
2025,3,1157,401757,2025-03-17,-26.13,5.1,Material do Almoxarifado,5,Material de Expediente,
2025,3,1157,401788,2025-03-19,-36.68,5.1,Material do Almoxarifado,5,Material de Expediente,
2025,3,1157,401838,2025-03-24,-297.03,3.2.1,Claro Móvel,3,Telefonia,
2025,3,1157,401859,2025-03-24,-180.32,3.2.1,Claro Móvel,3,Telefonia,
2025,3,1157,401887,2025-03-24,-220.0,8.5,Internet Individual,8,Produtos e Serviços de TI,
2025,3,1157,401901,2025-03-24,-500.5,11.2,Diárias,11,Viagens,
2025,3,1157,401911,2025-03-24,-500.5,11.2,Diárias,11,Viagens,
2025,3,1157,401921,2025-03-24,-94.11,11.1,Passagens,11,Viagens,
2025,3,1157,401931,2025-03-24,-204.2,11.1,Passagens,11,Viagens,
2025,3,1157,401969,2025-03-27,-33.74,5.1,Material do Almoxarifado,5,Material de Expediente,
2025,3,1157,401979,2025-03-28,-46.0,2.1.9,Preto e Branco,2,Reprografia,
2025,3,1157,402007,2025-03-31,-1004.16,12,Indenização por Uso de Veículo Particular,12,Indenização por Uso de Veículo Particular,
2025,3,1160,401622,2025-03-01,13903.32,1.1,Crédito Mensal ou Ajuste,1,Créditos QBM,
2025,3,1160,401709,2025-03-07,-20.15,2.1.10,Colorida,2,Reprografia,
2025,3,1160,401714,2025-03-10,-151.37,5.1,Material do Almoxarifado,5,Material de Expediente,
2025,3,1160,401826,2025-03-24,-297.03,3.2.1,Claro Móvel,3,Telefonia,
2025,3,1160,401846,2025-03-24,-180.32,3.2.1,Claro Móvel,3,Telefonia,
2025,3,1160,401867,2025-03-24,-220.0,8.5,Internet Individual,8,Produtos e Serviços de TI,
2025,3,1160,402011,2025-03-31,-3770.55,12,Indenização por Uso de Veículo Particular,12,Indenização por Uso de Veículo Particular,
2025,3,1170,401684,2025-03-01,13903.32,1.1,Crédito Mensal ou Ajuste,1,Créditos QBM,
2025,3,1170,401711,2025-03-07,-1.55,2.1.10,Colorida,2,Reprografia,
2025,3,1170,401712,2025-03-07,-18.6,2.1.10,Colorida,2,Reprografia,
2025,3,1170,401728,2025-03-11,-117.77,5.1,Material do Almoxarifado,5,Material de Expediente,
2025,3,1170,401737,2025-03-11,-15.9,5.1,Material do Almoxarifado,5,Material de Expediente,
2025,3,1170,401755,2025-03-17,-9.3,2.1.10,Colorida,2,Reprografia,
2025,3,1170,401786,2025-03-19,-4.65,2.1.10,Colorida,2,Reprografia,
2025,3,1170,401807,2025-03-24,-45.0,,,,,Material adicional - Outros - Confecção de carimbo (processo 238.00070/2025-69)
2025,3,1170,401835,2025-03-24,-297.03,3.2.1,Claro Móvel,3,Telefonia,
2025,3,1170,401856,2025-03-24,-180.32,3.2.1,Claro Móvel,3,Telefonia,
2025,3,1170,401885,2025-03-24,-220.0,8.5,Internet Individual,8,Produtos e Serviços de TI,
2025,3,1170,401945,2025-03-25,-1.55,2.1.10,Colorida,2,Reprografia,
2025,3,1170,401974,2025-03-27,-3.1,2.1.10,Colorida,2,Reprografia,
2025,3,1170,401980,2025-03-28,-32.57,5.1,Material do Almoxarifado,5,Material de Expediente,
2025,3,1170,401981,2025-03-28,-155.0,2.1.10,Colorida,2,Reprografia,
2025,3,1170,401982,2025-03-28,-230.0,2.1.9,Preto e Branco,2,Reprografia,
2025,3,1170,401984,2025-03-28,-155.0,2.1.10,Colorida,2,Reprografia,
2025,3,1176,401722,2025-03-01,13903.32,1.1,Crédito Mensal ou Ajuste,1,Créditos QBM,
2025,3,1176,401723,2025-03-10,-1.55,2.1.10,Colorida,2,Reprografia,
2025,3,1176,401724,2025-03-10,-166.48,5.1,Material do Almoxarifado,5,Material de Expediente,
2025,3,1176,401772,2025-03-18,-23.25,2.1.10,Colorida,2,Reprografia,
2025,3,1176,401773,2025-03-18,-1.55,2.1.10,Colorida,2,Reprografia,
2025,3,1176,401783,2025-03-19,-162.75,2.1.10,Colorida,2,Reprografia,
2025,3,1176,401784,2025-03-19,-3.1,2.1.10,Colorida,2,Reprografia,
2025,3,1176,401791,2025-03-19,-75.95,2.1.10,Colorida,2,Reprografia,
2025,3,1176,401828,2025-03-24,-297.03,3.2.1,Claro Móvel,3,Telefonia,
2025,3,1176,401849,2025-03-24,-180.32,3.2.1,Claro Móvel,3,Telefonia,
2025,3,1176,401874,2025-03-24,-220.0,8.5,Internet Individual,8,Produtos e Serviços de TI,
2025,3,1176,401973,2025-03-27,-1.55,2.1.10,Colorida,2,Reprografia,
2025,3,1176,402010,2025-03-31,-3770.55,12,Indenização por Uso de Veículo Particular,12,Indenização por Uso de Veículo Particular,
2025,3,1213,401621,2025-03-01,13903.32,1.1,Crédito Mensal ou Ajuste,1,Créditos QBM,
2025,3,1213,401710,2025-03-07,-232.66,5.1,Material do Almoxarifado,5,Material de Expediente,
2025,3,1213,401713,2025-03-07,-92.0,2.1.9,Preto e Branco,2,Reprografia,
2025,3,1213,401744,2025-03-12,-310.0,2.1.10,Colorida,2,Reprografia,
2025,3,1213,401782,2025-03-19,-46.0,2.1.9,Preto e Branco,2,Reprografia,
2025,3,1213,401793,2025-03-20,-156.45,5.1,Material do Almoxarifado,5,Material de Expediente,
2025,3,1213,401794,2025-03-20,7.95,5.1,Material do Almoxarifado,5,Material de Expediente,
2025,3,1213,401816,2025-03-24,-99.01,3.2.1,Claro Móvel,3,Telefonia,
2025,3,1213,401869,2025-03-24,-220.0,8.5,Internet Individual,8,Produtos e Serviços de TI,
2025,3,1213,401949,2025-03-25,-103.45,5.1,Material do Almoxarifado,5,Material de Expediente,
2025,3,1213,401997,2025-03-31,-2413.15,12,Indenização por Uso de Veículo Particular,12,Indenização por Uso de Veículo Particular,
2025,3,1221,401663,2025-03-01,13903.32,1.1,Crédito Mensal ou Ajuste,1,Créditos QBM,
2025,3,1221,401882,2025-03-24,-220.0,8.5,Internet Individual,8,Produtos e Serviços de TI,
2025,3,1221,401976,2025-03-28,-6.36,5.1,Material do Almoxarifado,5,Material de Expediente,
2025,3,1221,401977,2025-03-28,-6.36,5.1,Material do Almoxarifado,5,Material de Expediente,
2025,3,1221,402006,2025-03-31,-750.14,12,Indenização por Uso de Veículo Particular,12,Indenização por Uso de Veículo Particular,
2025,3,1240,401669,2025-03-01,13903.32,1.1,Crédito Mensal ou Ajuste,1,Créditos QBM,
2025,3,1240,401775,2025-03-18,-1.55,2.1.10,Colorida,2,Reprografia,
2025,3,1240,401776,2025-03-19,-107.32,5.1,Material do Almoxarifado,5,Material de Expediente,
2025,3,1240,401795,2025-03-19,7.95,5.1,Material do Almoxarifado,5,Material de Expediente,
2025,3,1240,401814,2025-03-24,-99.01,3.2.1,Claro Móvel,3,Telefonia,
2025,3,1240,401863,2025-03-24,-220.0,8.5,Internet Individual,8,Produtos e Serviços de TI,
2025,3,1250,401688,2025-03-01,13903.32,1.1,Crédito Mensal ou Ajuste,1,Créditos QBM,
2025,3,1250,401889,2025-03-24,-220.0,8.5,Internet Individual,8,Produtos e Serviços de TI,
2025,3,1250,402013,2025-03-31,-1186.73,12,Indenização por Uso de Veículo Particular,12,Indenização por Uso de Veículo Particular,
2025,3,1295,401657,2025-03-01,13903.32,1.1,Crédito Mensal ou Ajuste,1,Créditos QBM,
2025,3,1295,401780,2025-03-19,-87.18,5.1,Material do Almoxarifado,5,Material de Expediente,
2025,3,1295,401819,2025-03-24,-99.01,3.2.1,Claro Móvel,3,Telefonia,
2025,3,1295,401842,2025-03-24,-90.16,3.2.1,Claro Móvel,3,Telefonia,
2025,3,1295,401890,2025-03-24,-220.0,8.5,Internet Individual,8,Produtos e Serviços de TI,
2025,3,1295,401970,2025-03-27,-128.11,5.1,Material do Almoxarifado,5,Material de Expediente,
2025,3,1295,402009,2025-03-31,-246.08,12,Indenização por Uso de Veículo Particular,12,Indenização por Uso de Veículo Particular,
2025,3,1296,401658,2025-03-01,13903.32,1.1,Crédito Mensal ou Ajuste,1,Créditos QBM,
2025,3,1296,401697,2025-03-06,-7.75,2.1.10,Colorida,2,Reprografia,
2025,3,1296,401702,2025-03-07,-88.59,5.1,Material do Almoxarifado,5,Material de Expediente,
2025,3,1296,401719,2025-03-10,-7.75,2.1.10,Colorida,2,Reprografia,
2025,3,1296,401732,2025-03-11,-23.1,5.1,Material do Almoxarifado,5,Material de Expediente,
2025,3,1296,401734,2025-03-11,-6.2,2.1.10,Colorida,2,Reprografia,
2025,3,1296,401735,2025-03-11,-6.2,2.1.10,Colorida,2,Reprografia,
2025,3,1296,401746,2025-03-13,-15.5,2.1.10,Colorida,2,Reprografia,
2025,3,1296,401759,2025-03-17,-4.65,2.1.10,Colorida,2,Reprografia,
2025,3,1296,401765,2025-03-18,-2.7,5.1,Material do Almoxarifado,5,Material de Expediente,
2025,3,1296,401770,2025-03-18,-1.55,2.1.10,Colorida,2,Reprografia,
2025,3,1296,401771,2025-03-18,-1.55,2.1.10,Colorida,2,Reprografia,
2025,3,1296,401778,2025-03-19,-1.55,2.1.10,Colorida,2,Reprografia,
2025,3,1296,401785,2025-03-19,-23.25,2.1.10,Colorida,2,Reprografia,
2025,3,1296,401797,2025-03-20,-10.85,2.1.10,Colorida,2,Reprografia,
2025,3,1296,401802,2025-03-21,-1.55,2.1.10,Colorida,2,Reprografia,
2025,3,1296,401868,2025-03-24,-220.0,8.5,Internet Individual,8,Produtos e Serviços de TI,
2025,3,1296,401972,2025-03-27,-3.1,2.1.10,Colorida,2,Reprografia,
2025,3,1296,401987,2025-03-31,-34.65,5.1,Material do Almoxarifado,5,Material de Expediente,
2025,3,1297,401646,2025-03-01,13903.32,1.1,Crédito Mensal ou Ajuste,1,Créditos QBM,
2025,3,1297,401699,2025-03-06,-31.0,2.1.10,Colorida,2,Reprografia,
2025,3,1297,401753,2025-03-17,-69.3,5.1,Material do Almoxarifado,5,Material de Expediente,
2025,3,1297,401875,2025-03-24,-220.0,8.5,Internet Individual,8,Produtos e Serviços de TI,
2025,3,1298,401636,2025-03-01,13903.32,1.1,Crédito Mensal ou Ajuste,1,Créditos QBM,
2025,3,1298,402005,2025-03-31,-315.54,12,Indenização por Uso de Veículo Particular,12,Indenização por Uso de Veículo Particular,
2025,3,1299,401665,2025-03-01,13903.32,1.1,Crédito Mensal ou Ajuste,1,Créditos QBM,
2025,3,1299,401705,2025-03-07,-100.13,5.1,Material do Almoxarifado,5,Material de Expediente,
2025,3,1299,401764,2025-03-18,-27.45,5.1,Material do Almoxarifado,5,Material de Expediente,
2025,3,1299,401768,2025-03-18,-1.55,2.1.10,Colorida,2,Reprografia,
2025,3,1299,401769,2025-03-18,-31.0,2.1.10,Colorida,2,Reprografia,
2025,3,1299,401806,2025-03-24,-80.0,,,,,Material adicional - Outros - Confecção de carimbos (processo 360.00049/2025-11)
2025,3,1299,401862,2025-03-24,-220.0,8.5,Internet Individual,8,Produtos e Serviços de TI,
2025,3,1299,401961,2025-03-26,-6.2,2.1.10,Colorida,2,Reprografia,
2025,3,1299,401971,2025-03-27,-71.85,5.1,Material do Almoxarifado,5,Material de Expediente,
2025,3,1299,402004,2025-03-31,-662.82,12,Indenização por Uso de Veículo Particular,12,Indenização por Uso de Veículo Particular,
2025,3,1300,401664,2025-03-01,13903.32,1.1,Crédito Mensal ou Ajuste,1,Créditos QBM,
2025,3,1300,401694,2025-03-06,-23.88,5.1,Material do Almoxarifado,5,Material de Expediente,
2025,3,1300,401698,2025-03-06,-46.5,2.1.10,Colorida,2,Reprografia,
2025,3,1300,401739,2025-03-11,-6.2,2.1.10,Colorida,2,Reprografia,
2025,3,1300,401754,2025-03-17,-26.13,5.1,Material do Almoxarifado,5,Material de Expediente,
2025,3,1300,401789,2025-03-19,-3.1,2.1.10,Colorida,2,Reprografia,
2025,3,1300,401790,2025-03-19,-27.83,2.1.9,Preto e Branco,2,Reprografia,
2025,3,1300,401796,2025-03-20,-48.78,5.1,Material do Almoxarifado,5,Material de Expediente,
2025,3,1300,401824,2025-03-24,-297.03,3.2.1,Claro Móvel,3,Telefonia,
2025,3,1300,401844,2025-03-24,-180.32,3.2.1,Claro Móvel,3,Telefonia,
2025,3,1300,401864,2025-03-24,-220.0,8.5,Internet Individual,8,Produtos e Serviços de TI,
2025,3,1301,401635,2025-03-01,13903.32,1.1,Crédito Mensal ou Ajuste,1,Créditos QBM,
2025,3,1301,401727,2025-03-11,-174.68,5.1,Material do Almoxarifado,5,Material de Expediente,
2025,3,1301,401750,2025-03-14,-19.5,2.2,Encadernações,2,Reprografia,
2025,3,1301,401760,2025-03-18,-51.02,5.1,Material do Almoxarifado,5,Material de Expediente,
2025,3,1301,401821,2025-03-24,-198.02,3.2.1,Claro Móvel,3,Telefonia,
2025,3,1301,401847,2025-03-24,-180.32,3.2.1,Claro Móvel,3,Telefonia,
2025,3,1301,401872,2025-03-24,-220.0,8.5,Internet Individual,8,Produtos e Serviços de TI,
2025,3,1301,401951,2025-03-26,-56.58,5.1,Material do Almoxarifado,5,Material de Expediente,
2025,3,1302,401659,2025-03-01,13903.32,1.1,Crédito Mensal ou Ajuste,1,Créditos QBM,
2025,3,1302,401703,2025-03-07,-228.91,5.1,Material do Almoxarifado,5,Material de Expediente,
2025,3,1302,401706,2025-03-07,-465.0,2.1.10,Colorida,2,Reprografia,
2025,3,1302,401736,2025-03-11,-44.01,5.1,Material do Almoxarifado,5,Material de Expediente,
2025,3,1302,401745,2025-03-13,-131.04,5.1,Material do Almoxarifado,5,Material de Expediente,
2025,3,1302,401748,2025-03-13,-230.0,2.1.9,Preto e Branco,2,Reprografia,
2025,3,1302,401751,2025-03-13,38.09,5.1,Material do Almoxarifado,5,Material de Expediente,
2025,3,1302,401787,2025-03-19,-115.0,2.1.9,Preto e Branco,2,Reprografia,
2025,3,1302,401803,2025-03-21,-161.0,2.1.9,Preto e Branco,2,Reprografia,
2025,3,1302,401879,2025-03-24,-220.0,8.5,Internet Individual,8,Produtos e Serviços de TI,
2025,3,1302,401952,2025-03-26,-45.14,5.1,Material do Almoxarifado,5,Material de Expediente,
2025,3,1302,401953,2025-03-26,-465.0,2.1.10,Colorida,2,Reprografia,
2025,3,1302,401955,2025-03-26,-161.0,2.1.9,Preto e Branco,2,Reprografia,
2025,3,1302,401991,2025-03-31,-460.0,2.1.9,Preto e Branco,2,Reprografia,
2025,3,1302,402015,2025-03-31,-2175.01,12,Indenização por Uso de Veículo Particular,12,Indenização por Uso de Veículo Particular,
2025,3,1303,401660,2025-03-01,13903.32,1.1,Crédito Mensal ou Ajuste,1,Créditos QBM,
2025,3,1303,401704,2025-03-07,-66.65,5.1,Material do Almoxarifado,5,Material de Expediente,
2025,3,1303,401888,2025-03-24,-220.0,8.5,Internet Individual,8,Produtos e Serviços de TI,
2025,3,1303,401992,2025-03-31,-3429.22,12,Indenização por Uso de Veículo Particular,12,Indenização por Uso de Veículo Particular,
2025,4,23,402083,2025-04-01,13903.32,1.1,Crédito Mensal ou Ajuste,1,Créditos QBM,
2025,4,23,402105,2025-04-02,-161.47,5.1,Material do Almoxarifado,5,Material de Expediente,
2025,4,23,402109,2025-04-02,-310.0,2.1.10,Colorida,2,Reprografia,
2025,4,23,402147,2025-04-09,-155.0,2.1.10,Colorida,2,Reprografia,
2025,4,23,402195,2025-04-24,-12.4,2.1.10,Colorida,2,Reprografia,
2025,4,23,402216,2025-04-28,-297.03,3.2.1,Claro Móvel,3,Telefonia,
2025,4,23,402236,2025-04-28,-180.32,3.3.1,Claro Dados,3,Telefonia,
2025,4,23,402256,2025-04-28,-220.0,8.5,Internet Individual,8,Produtos e Serviços de TI,
2025,4,23,402323,2025-04-30,-1151.01,12,Indenização por Uso de Veículo Particular,12,Indenização por Uso de Veículo Particular,
2025,4,229,402087,2025-04-01,13903.32,1.1,Crédito Mensal ou Ajuste,1,Créditos QBM,
2025,4,229,402125,2025-04-04,-26.35,2.1.10,Colorida,2,Reprografia,
2025,4,229,402132,2025-04-08,-29.45,2.1.10,Colorida,2,Reprografia,
2025,4,229,402136,2025-04-08,-10.85,2.1.10,Colorida,2,Reprografia,
2025,4,229,402181,2025-04-22,-91.09,5.1,Material do Almoxarifado,5,Material de Expediente,
2025,4,229,402201,2025-04-28,-1.55,2.1.10,Colorida,2,Reprografia,
2025,4,229,402203,2025-04-28,-1.55,2.1.10,Colorida,2,Reprografia,
2025,4,229,402226,2025-04-28,-297.03,3.2.1,Claro Móvel,3,Telefonia,
2025,4,229,402246,2025-04-28,-180.32,3.3.1,Claro Dados,3,Telefonia,
2025,4,229,402276,2025-04-28,-220.0,8.5,Internet Individual,8,Produtos e Serviços de TI,
2025,4,229,402305,2025-04-29,-66.65,2.1.10,Colorida,2,Reprografia,
2025,4,229,402318,2025-04-30,-3665.37,12,Indenização por Uso de Veículo Particular,12,Indenização por Uso de Veículo Particular,
2025,4,232,402073,2025-04-01,13903.32,1.1,Crédito Mensal ou Ajuste,1,Créditos QBM,
2025,4,232,402150,2025-04-10,-31.0,2.1.10,Colorida,2,Reprografia,
2025,4,232,402168,2025-04-16,-257.5,5.1,Material do Almoxarifado,5,Material de Expediente,
2025,4,232,402172,2025-04-16,-31.0,2.1.10,Colorida,2,Reprografia,
2025,4,232,402215,2025-04-28,-198.02,3.2.1,Claro Móvel,3,Telefonia,
2025,4,232,402247,2025-04-28,-180.32,3.3.1,Claro Dados,3,Telefonia,
2025,4,232,402278,2025-04-28,-220.0,8.5,Internet Individual,8,Produtos e Serviços de TI,
2025,4,232,402314,2025-04-30,-1905.12,12,Indenização por Uso de Veículo Particular,12,Indenização por Uso de Veículo Particular,
2025,4,1058,402020,2025-04-01,13903.32,1.1,Crédito Mensal ou Ajuste,1,Créditos QBM,
2025,4,1058,402183,2025-04-23,-21.51,5.1,Material do Almoxarifado,5,Material de Expediente,
2025,4,1058,402188,2025-04-23,-94.17,5.1,Material do Almoxarifado,5,Material de Expediente,
2025,4,1058,402211,2025-04-28,-99.01,3.2.1,Claro Móvel,3,Telefonia,
2025,4,1058,402233,2025-04-28,-90.16,3.3.1,Claro Dados,3,Telefonia,
2025,4,1058,402337,2025-04-30,-1164.9,12,Indenização por Uso de Veículo Particular,12,Indenização por Uso de Veículo Particular,
2025,4,1067,402060,2025-04-01,13903.32,1.1,Crédito Mensal ou Ajuste,1,Créditos QBM,
2025,4,1067,402111,2025-04-02,-3.1,2.1.10,Colorida,2,Reprografia,
2025,4,1067,402112,2025-04-02,-412.95,5.1,Material do Almoxarifado,5,Material de Expediente,
2025,4,1067,402122,2025-04-04,-12.4,2.1.10,Colorida,2,Reprografia,
2025,4,1067,402190,2025-04-23,-246.45,2.1.10,Colorida,2,Reprografia,
2025,4,1067,402206,2025-04-28,-1167.9,6.3,Carta,6,Correios,
2025,4,1067,402224,2025-04-28,-297.03,3.2.1,Claro Móvel,3,Telefonia,
2025,4,1067,402245,2025-04-28,-180.32,3.3.1,Claro Dados,3,Telefonia,
2025,4,1067,402273,2025-04-28,-220.0,8.5,Internet Individual,8,Produtos e Serviços de TI,
2025,4,1067,402330,2025-04-30,-3770.55,12,Indenização por Uso de Veículo Particular,12,Indenização por Uso de Veículo Particular,
2025,4,1110,402084,2025-04-01,13903.32,1.1,Crédito Mensal ou Ajuste,1,Créditos QBM,
2025,4,1110,402101,2025-04-02,-16.49,5.1,Material do Almoxarifado,5,Material de Expediente,
2025,4,1110,402208,2025-04-28,-99.01,3.2.1,Claro Móvel,3,Telefonia,
2025,4,1110,402261,2025-04-28,-220.0,8.5,Internet Individual,8,Produtos e Serviços de TI,
2025,4,1113,402057,2025-04-01,13903.32,1.1,Crédito Mensal ou Ajuste,1,Créditos QBM,
2025,4,1115,402072,2025-04-01,13903.32,1.1,Crédito Mensal ou Ajuste,1,Créditos QBM,
2025,4,1115,402149,2025-04-10,-162.99,5.1,Material do Almoxarifado,5,Material de Expediente,
2025,4,1115,402230,2025-04-28,-297.03,3.2.1,Claro Móvel,3,Telefonia,
2025,4,1115,402251,2025-04-28,-180.32,3.3.1,Claro Dados,3,Telefonia,
2025,4,1115,402315,2025-04-30,-2845.77,12,Indenização por Uso de Veículo Particular,12,Indenização por Uso de Veículo Particular,
2025,4,1117,402075,2025-04-01,13903.32,1.1,Crédito Mensal ou Ajuste,1,Créditos QBM,
2025,4,1117,402153,2025-04-11,-123.72,5.1,Material do Almoxarifado,5,Material de Expediente,
2025,4,1117,402157,2025-04-11,30.45,5.1,Material do Almoxarifado,5,Material de Expediente,
2025,4,1117,402162,2025-04-14,-52.26,5.1,Material do Almoxarifado,5,Material de Expediente,
2025,4,1117,402227,2025-04-28,-297.03,3.2.1,Claro Móvel,3,Telefonia,
2025,4,1117,402248,2025-04-28,-180.32,3.3.1,Claro Dados,3,Telefonia,
2025,4,1117,402279,2025-04-28,-220.0,8.5,Internet Individual,8,Produtos e Serviços de TI,
2025,4,1127,402079,2025-04-01,13903.32,1.1,Crédito Mensal ou Ajuste,1,Créditos QBM,
2025,4,1127,402117,2025-04-03,-191.07,5.1,Material do Almoxarifado,5,Material de Expediente,
2025,4,1127,402142,2025-04-09,-80.86,5.1,Material do Almoxarifado,5,Material de Expediente,
2025,4,1127,402178,2025-04-22,-94.55,2.1.10,Colorida,2,Reprografia,
2025,4,1127,401966,2025-04-27,-1379.95,11.1,Passagens,11,Viagens,
2025,4,1127,402225,2025-04-28,-297.03,3.2.1,Claro Móvel,3,Telefonia,
2025,4,1127,402234,2025-04-28,-90.16,3.3.1,Claro Dados,3,Telefonia,
2025,4,1127,402275,2025-04-28,-220.0,8.5,Internet Individual,8,Produtos e Serviços de TI,
2025,4,1127,402311,2025-04-30,-379.04,12,Indenização por Uso de Veículo Particular,12,Indenização por Uso de Veículo Particular,
2025,4,1128,402082,2025-04-01,13903.32,1.1,Crédito Mensal ou Ajuste,1,Créditos QBM,
2025,4,1128,402092,2025-04-01,-74.45,5.1,Material do Almoxarifado,5,Material de Expediente,
2025,4,1128,402098,2025-04-01,-3.1,2.1.10,Colorida,2,Reprografia,
2025,4,1128,402126,2025-04-04,-156.55,2.1.10,Colorida,2,Reprografia,
2025,4,1128,402127,2025-04-04,-3.1,2.1.10,Colorida,2,Reprografia,
2025,4,1128,402133,2025-04-08,-36.49,5.1,Material do Almoxarifado,5,Material de Expediente,
2025,4,1128,402146,2025-04-09,-310.0,2.1.10,Colorida,2,Reprografia,
2025,4,1128,402148,2025-04-09,-1.55,2.1.10,Colorida,2,Reprografia,
2025,4,1128,402160,2025-04-14,-17.05,2.1.10,Colorida,2,Reprografia,
2025,4,1128,402165,2025-04-15,-310.0,2.1.10,Colorida,2,Reprografia,
2025,4,1128,402166,2025-04-15,310.0,2,Reprografia,2,Reprografia,
2025,4,1128,402167,2025-04-15,-155.0,2.1.10,Colorida,2,Reprografia,
2025,4,1128,402194,2025-04-24,-17.05,2.1.10,Colorida,2,Reprografia,
2025,4,1128,402222,2025-04-28,-297.03,3.2.1,Claro Móvel,3,Telefonia,
2025,4,1128,402243,2025-04-28,-180.32,3.3.1,Claro Dados,3,Telefonia,
2025,4,1128,402271,2025-04-28,-220.0,8.5,Internet Individual,8,Produtos e Serviços de TI,
2025,4,1128,402328,2025-04-30,-1099.41,12,Indenização por Uso de Veículo Particular,12,Indenização por Uso de Veículo Particular,
2025,4,1130,402085,2025-04-01,13903.32,1.1,Crédito Mensal ou Ajuste,1,Créditos QBM,
2025,4,1130,402128,2025-04-07,-158.05,5.1,Material do Almoxarifado,5,Material de Expediente,
2025,4,1130,402218,2025-04-28,-297.03,3.2.1,Claro Móvel,3,Telefonia,
2025,4,1130,402238,2025-04-28,-180.32,3.3.1,Claro Dados,3,Telefonia,
2025,4,1130,402254,2025-04-28,95.25,12,Indenização por Uso de Veículo Particular,12,Indenização por Uso de Veículo Particular,
2025,4,1130,402260,2025-04-28,-220.0,8.5,Internet Individual,8,Produtos e Serviços de TI,
2025,4,1130,402321,2025-04-30,-2550.08,12,Indenização por Uso de Veículo Particular,12,Indenização por Uso de Veículo Particular,
2025,4,1141,402080,2025-04-01,13903.32,1.1,Crédito Mensal ou Ajuste,1,Créditos QBM,
2025,4,1141,402097,2025-04-01,-119.63,5.1,Material do Almoxarifado,5,Material de Expediente,
2025,4,1141,402099,2025-04-02,-286.85,5.1,Material do Almoxarifado,5,Material de Expediente,
2025,4,1141,402118,2025-04-03,-48.45,5.1,Material do Almoxarifado,5,Material de Expediente,
2025,4,1141,402135,2025-04-08,-45.64,5.1,Material do Almoxarifado,5,Material de Expediente,
2025,4,1141,402154,2025-04-11,-15.09,5.1,Material do Almoxarifado,5,Material de Expediente,
2025,4,1141,402164,2025-04-14,-6.2,2.1.10,Colorida,2,Reprografia,
2025,4,1141,402229,2025-04-28,-297.03,3.2.1,Claro Móvel,3,Telefonia,
2025,4,1141,402250,2025-04-28,-180.32,3.3.1,Claro Dados,3,Telefonia,
2025,4,1141,402281,2025-04-28,-220.0,8.5,Internet Individual,8,Produtos e Serviços de TI,
2025,4,1141,402334,2025-04-30,-478.26,12,Indenização por Uso de Veículo Particular,12,Indenização por Uso de Veículo Particular,
2025,4,1144,402070,2025-04-01,13903.32,1.1,Crédito Mensal ou Ajuste,1,Créditos QBM,
2025,4,1145,402081,2025-04-01,13903.32,1.1,Crédito Mensal ou Ajuste,1,Créditos QBM,
2025,4,1145,402091,2025-04-01,-295.64,5.1,Material do Almoxarifado,5,Material de Expediente,
2025,4,1145,402106,2025-04-02,-1.55,2.1.10,Colorida,2,Reprografia,
2025,4,1145,402220,2025-04-28,-297.03,3.2.1,Claro Móvel,3,Telefonia,
2025,4,1145,402241,2025-04-28,-180.32,3.3.1,Claro Dados,3,Telefonia,
2025,4,1145,402268,2025-04-28,-220.0,8.5,Internet Individual,8,Produtos e Serviços de TI,
2025,4,1145,402319,2025-04-30,-3770.55,12,Indenização por Uso de Veículo Particular,12,Indenização por Uso de Veículo Particular,
2025,4,1149,402071,2025-04-01,13903.32,1.1,Crédito Mensal ou Ajuste,1,Créditos QBM,
2025,4,1149,402171,2025-04-16,-19.62,5.1,Material do Almoxarifado,5,Material de Expediente,
2025,4,1149,401892,2025-04-24,-500.5,11.2,Diárias,11,Viagens,
2025,4,1149,402210,2025-04-28,-99.01,3.2.1,Claro Móvel,3,Telefonia,
2025,4,1149,402253,2025-04-28,-180.32,3.3.1,Claro Dados,3,Telefonia,
2025,4,1149,402265,2025-04-28,-220.0,8.5,Internet Individual,8,Produtos e Serviços de TI,
2025,4,1149,402316,2025-04-30,-3629.65,12,Indenização por Uso de Veículo Particular,12,Indenização por Uso de Veículo Particular,
2025,4,1153,402077,2025-04-01,13903.32,1.1,Crédito Mensal ou Ajuste,1,Créditos QBM,
2025,4,1153,402115,2025-04-03,-6.2,2.1.10,Colorida,2,Reprografia,
2025,4,1153,402134,2025-04-08,-131.12,5.1,Material do Almoxarifado,5,Material de Expediente,
2025,4,1153,402223,2025-04-28,-297.03,3.2.1,Claro Móvel,3,Telefonia,
2025,4,1153,402244,2025-04-28,-180.32,3.3.1,Claro Dados,3,Telefonia,
2025,4,1153,402272,2025-04-28,-220.0,8.5,Internet Individual,8,Produtos e Serviços de TI,
2025,4,1153,402317,2025-04-30,-3770.55,12,Indenização por Uso de Veículo Particular,12,Indenização por Uso de Veículo Particular,
2025,4,1155,402042,2025-04-01,13903.32,1.1,Crédito Mensal ou Ajuste,1,Créditos QBM,
2025,4,1155,402159,2025-04-14,-26.13,5.1,Material do Almoxarifado,5,Material de Expediente,
2025,4,1155,402196,2025-04-24,-64.8,5.1,Material do Almoxarifado,5,Material de Expediente,
2025,4,1155,402213,2025-04-28,-198.02,3.2.1,Claro Móvel,3,Telefonia,
2025,4,1155,402232,2025-04-28,-90.16,3.3.1,Claro Dados,3,Telefonia,
2025,4,1155,402266,2025-04-28,-220.0,8.5,Internet Individual,8,Produtos e Serviços de TI,
2025,4,1155,402310,2025-04-30,-41.65,5.1,Material do Almoxarifado,5,Material de Expediente,
2025,4,1155,402336,2025-04-30,-3770.55,12,Indenização por Uso de Veículo Particular,12,Indenização por Uso de Veículo Particular,
2025,4,1157,402074,2025-04-01,13903.32,1.1,Crédito Mensal ou Ajuste,1,Créditos QBM,
2025,4,1157,402141,2025-04-09,-26.13,5.1,Material do Almoxarifado,5,Material de Expediente,
2025,4,1157,402151,2025-04-10,-33.33,5.1,Material do Almoxarifado,5,Material de Expediente,
2025,4,1157,402187,2025-04-23,-36.78,5.1,Material do Almoxarifado,5,Material de Expediente,
2025,4,1157,401902,2025-04-24,-500.5,11.2,Diárias,11,Viagens,
2025,4,1157,401912,2025-04-24,-500.5,11.2,Diárias,11,Viagens,
2025,4,1157,401922,2025-04-24,-94.11,11.1,Passagens,11,Viagens,
2025,4,1157,401932,2025-04-24,-204.2,11.1,Passagens,11,Viagens,
2025,4,1157,402193,2025-04-24,-38.97,5.1,Material do Almoxarifado,5,Material de Expediente,
2025,4,1157,402231,2025-04-28,-297.03,3.2.1,Claro Móvel,3,Telefonia,
2025,4,1157,402252,2025-04-28,-180.32,3.3.1,Claro Dados,3,Telefonia,
2025,4,1157,402282,2025-04-28,-220.0,8.5,Internet Individual,8,Produtos e Serviços de TI,
2025,4,1157,402335,2025-04-30,-1006.14,12,Indenização por Uso de Veículo Particular,12,Indenização por Uso de Veículo Particular,
2025,4,1160,402086,2025-04-01,13903.32,1.1,Crédito Mensal ou Ajuste,1,Créditos QBM,
2025,4,1160,402114,2025-04-03,-187.0,5.1,Material do Almoxarifado,5,Material de Expediente,
2025,4,1160,402198,2025-04-25,-77.5,2.1.10,Colorida,2,Reprografia,
2025,4,1160,402219,2025-04-28,-297.03,3.2.1,Claro Móvel,3,Telefonia,
2025,4,1160,402239,2025-04-28,-180.32,3.3.1,Claro Dados,3,Telefonia,
2025,4,1160,402262,2025-04-28,-220.0,8.5,Internet Individual,8,Produtos e Serviços de TI,
2025,4,1160,402320,2025-04-30,-3770.55,12,Indenização por Uso de Veículo Particular,12,Indenização por Uso de Veículo Particular,
2025,4,1170,402076,2025-04-01,13903.32,1.1,Crédito Mensal ou Ajuste,1,Créditos QBM,
2025,4,1170,402107,2025-04-02,-15.5,2.1.10,Colorida,2,Reprografia,
2025,4,1170,402116,2025-04-03,-6.2,2.1.10,Colorida,2,Reprografia,
2025,4,1170,402120,2025-04-03,-230.0,2.1.9,Preto e Branco,2,Reprografia,
2025,4,1170,402121,2025-04-03,-159.22,5.1,Material do Almoxarifado,5,Material de Expediente,
2025,4,1170,402137,2025-04-08,-638.6,2.1.10,Colorida,2,Reprografia,
2025,4,1170,402139,2025-04-08,-155.0,2.1.10,Colorida,2,Reprografia,
2025,4,1170,402175,2025-04-16,-1.55,2.1.10,Colorida,2,Reprografia,
2025,4,1170,402192,2025-04-23,-1.55,2.1.10,Colorida,2,Reprografia,
2025,4,1170,402199,2025-04-25,-3.1,2.1.10,Colorida,2,Reprografia,
2025,4,1170,402202,2025-04-28,-3.1,2.1.10,Colorida,2,Reprografia,
2025,4,1170,402228,2025-04-28,-297.03,3.2.1,Claro Móvel,3,Telefonia,
2025,4,1170,402249,2025-04-28,-180.32,3.3.1,Claro Dados,3,Telefonia,
2025,4,1170,402280,2025-04-28,-220.0,8.5,Internet Individual,8,Produtos e Serviços de TI,
2025,4,1176,402052,2025-04-01,13903.32,1.1,Crédito Mensal ou Ajuste,1,Créditos QBM,
2025,4,1176,402094,2025-04-01,-275.48,5.1,Material do Almoxarifado,5,Material de Expediente,
2025,4,1176,402221,2025-04-28,-297.03,3.2.1,Claro Móvel,3,Telefonia,
2025,4,1176,402242,2025-04-28,-180.32,3.3.1,Claro Dados,3,Telefonia,
2025,4,1176,402255,2025-04-28,123.03,12,Indenização por Uso de Veículo Particular,12,Indenização por Uso de Veículo Particular,
2025,4,1176,402269,2025-04-28,-220.0,8.5,Internet Individual,8,Produtos e Serviços de TI,
2025,4,1176,402309,2025-04-30,-138.0,2.1.9,Preto e Branco,2,Reprografia,
2025,4,1176,402324,2025-04-30,-3770.55,12,Indenização por Uso de Veículo Particular,12,Indenização por Uso de Veículo Particular,
2025,4,1213,402088,2025-04-01,13903.32,1.1,Crédito Mensal ou Ajuste,1,Créditos QBM,
2025,4,1213,402090,2025-04-01,-229.62,5.1,Material do Almoxarifado,5,Material de Expediente,
2025,4,1213,402104,2025-04-02,-2275.0,11.2,Diárias,11,Viagens,
2025,4,1213,402123,2025-04-04,-285.4,5.1,Material do Almoxarifado,5,Material de Expediente,
2025,4,1213,402130,2025-04-07,-89.4,5.1,Material do Almoxarifado,5,Material de Expediente,
2025,4,1213,402155,2025-04-11,-114.7,2.1.10,Colorida,2,Reprografia,
2025,4,1213,402163,2025-04-14,-193.75,2.1.10,Colorida,2,Reprografia,
2025,4,1213,402173,2025-04-16,-114.7,2.1.10,Colorida,2,Reprografia,
2025,4,1213,402189,2025-04-23,-155.0,2.1.10,Colorida,2,Reprografia,
2025,4,1213,402197,2025-04-24,-213.9,2.1.10,Colorida,2,Reprografia,
2025,4,1213,402204,2025-04-28,-137.95,2.1.10,Colorida,2,Reprografia,
2025,4,1213,402209,2025-04-28,-99.01,3.2.1,Claro Móvel,3,Telefonia,
2025,4,1213,402264,2025-04-28,-220.0,8.5,Internet Individual,8,Produtos e Serviços de TI,
2025,4,1213,402313,2025-04-30,-2694.95,12,Indenização por Uso de Veículo Particular,12,Indenização por Uso de Veículo Particular,
2025,4,1221,402051,2025-04-01,13903.32,1.1,Crédito Mensal ou Ajuste,1,Créditos QBM,
2025,4,1221,402169,2025-04-16,-6.2,2.1.10,Colorida,2,Reprografia,
2025,4,1221,402191,2025-04-23,-1.55,2.1.10,Colorida,2,Reprografia,
2025,4,1221,402277,2025-04-28,-220.0,8.5,Internet Individual,8,Produtos e Serviços de TI,
2025,4,1221,402286,2025-04-28,-397.22,11.2,Diárias,11,Viagens,
2025,4,1221,402307,2025-04-29,-41.56,5.1,Material do Almoxarifado,5,Material de Expediente,
2025,4,1221,402312,2025-04-30,-480.25,12,Indenização por Uso de Veículo Particular,12,Indenização por Uso de Veículo Particular,
2025,4,1240,402061,2025-04-01,13903.32,1.1,Crédito Mensal ou Ajuste,1,Créditos QBM,
2025,4,1240,402102,2025-04-02,-3575.0,11.2,Diárias,11,Viagens,
2025,4,1240,402103,2025-04-02,-2843.68,11.1,Passagens,11,Viagens,
2025,4,1240,402176,2025-04-16,-27.9,2.1.10,Colorida,2,Reprografia,
2025,4,1240,402200,2025-04-28,-154.62,5.1,Material do Almoxarifado,5,Material de Expediente,
2025,4,1240,402207,2025-04-28,-99.01,3.2.1,Claro Móvel,3,Telefonia,
2025,4,1240,402258,2025-04-28,-220.0,8.5,Internet Individual,8,Produtos e Serviços de TI,
2025,4,1250,402078,2025-04-01,13903.32,1.1,Crédito Mensal ou Ajuste,1,Créditos QBM,
2025,4,1250,402284,2025-04-28,-220.0,8.5,Internet Individual,8,Produtos e Serviços de TI,
2025,4,1250,402306,2025-04-29,-56.13,5.1,Material do Almoxarifado,5,Material de Expediente,
2025,4,1250,402326,2025-04-30,-587.41,12,Indenização por Uso de Veículo Particular,12,Indenização por Uso de Veículo Particular,
2025,4,1295,402048,2025-04-01,13903.32,1.1,Crédito Mensal ou Ajuste,1,Créditos QBM,
2025,4,1295,402185,2025-04-23,-61.71,5.1,Material do Almoxarifado,5,Material de Expediente,
2025,4,1295,402212,2025-04-28,-99.01,3.2.1,Claro Móvel,3,Telefonia,
2025,4,1295,402235,2025-04-28,-90.16,3.3.1,Claro Dados,3,Telefonia,
2025,4,1295,402285,2025-04-28,-220.0,8.5,Internet Individual,8,Produtos e Serviços de TI,
2025,4,1295,402331,2025-04-30,-130.98,12,Indenização por Uso de Veículo Particular,12,Indenização por Uso de Veículo Particular,
2025,4,1296,402045,2025-04-01,13903.32,1.1,Crédito Mensal ou Ajuste,1,Créditos QBM,
2025,4,1296,402093,2025-04-01,-30.85,5.1,Material do Almoxarifado,5,Material de Expediente,
2025,4,1296,402100,2025-04-02,-42.71,5.1,Material do Almoxarifado,5,Material de Expediente,
2025,4,1296,402143,2025-04-09,-12.84,5.1,Material do Almoxarifado,5,Material de Expediente,
2025,4,1296,402145,2025-04-09,-6.56,5.1,Material do Almoxarifado,5,Material de Expediente,
2025,4,1296,402182,2025-04-22,-3.2,5.1,Material do Almoxarifado,5,Material de Expediente,
2025,4,1296,402186,2025-04-23,-52.26,5.1,Material do Almoxarifado,5,Material de Expediente,
2025,4,1296,402263,2025-04-28,-220.0,8.5,Internet Individual,8,Produtos e Serviços de TI,
2025,4,1296,402304,2025-04-29,-52.88,5.1,Material do Almoxarifado,5,Material de Expediente,
2025,4,1296,402327,2025-04-30,-857.3,12,Indenização por Uso de Veículo Particular,12,Indenização por Uso de Veículo Particular,
2025,4,1297,402037,2025-04-01,13903.32,1.1,Crédito Mensal ou Ajuste,1,Créditos QBM,
2025,4,1297,402270,2025-04-28,-220.0,8.5,Internet Individual,8,Produtos e Serviços de TI,
2025,4,1297,402295,2025-04-28,-397.22,11.2,Diárias,11,Viagens,
2025,4,1298,402030,2025-04-01,13903.32,1.1,Crédito Mensal ou Ajuste,1,Créditos QBM,
2025,4,1298,402322,2025-04-30,-1809.86,12,Indenização por Uso de Veículo Particular,12,Indenização por Uso de Veículo Particular,
2025,4,1299,402056,2025-04-01,13903.32,1.1,Crédito Mensal ou Ajuste,1,Créditos QBM,
2025,4,1299,402113,2025-04-02,-33.06,5.1,Material do Almoxarifado,5,Material de Expediente,
2025,4,1299,402119,2025-04-03,-111.6,2.1.10,Colorida,2,Reprografia,
2025,4,1299,402138,2025-04-08,-2.3,2.1.9,Preto e Branco,2,Reprografia,
2025,4,1299,402174,2025-04-16,-24.8,2.1.10,Colorida,2,Reprografia,
2025,4,1299,402257,2025-04-28,-220.0,8.5,Internet Individual,8,Produtos e Serviços de TI,
2025,4,1299,402325,2025-04-30,-508.03,12,Indenização por Uso de Veículo Particular,12,Indenização por Uso de Veículo Particular,
2025,4,1300,402055,2025-04-01,13903.32,1.1,Crédito Mensal ou Ajuste,1,Créditos QBM,
2025,4,1300,402108,2025-04-02,-6.2,2.1.10,Colorida,2,Reprografia,
2025,4,1300,402110,2025-04-02,-9.3,2.1.10,Colorida,2,Reprografia,
2025,4,1300,402177,2025-04-17,-56.4,5.1,Material do Almoxarifado,5,Material de Expediente,
2025,4,1300,402217,2025-04-28,-297.03,3.2.1,Claro Móvel,3,Telefonia,
2025,4,1300,402237,2025-04-28,-180.32,3.3.1,Claro Dados,3,Telefonia,
2025,4,1300,402259,2025-04-28,-220.0,8.5,Internet Individual,8,Produtos e Serviços de TI,
2025,4,1300,402333,2025-04-30,-1686.83,12,Indenização por Uso de Veículo Particular,12,Indenização por Uso de Veículo Particular,
2025,4,1301,402021,2025-04-01,13903.32,1.1,Crédito Mensal ou Ajuste,1,Créditos QBM,
2025,4,1301,402140,2025-04-08,-218.97,5.1,Material do Almoxarifado,5,Material de Expediente,
2025,4,1301,402152,2025-04-10,-69.34,5.1,Material do Almoxarifado,5,Material de Expediente,
2025,4,1301,402214,2025-04-28,-198.02,3.2.1,Claro Móvel,3,Telefonia,
2025,4,1301,402240,2025-04-28,-180.32,3.3.1,Claro Dados,3,Telefonia,
2025,4,1301,402267,2025-04-28,-220.0,8.5,Internet Individual,8,Produtos e Serviços de TI,
2025,4,1302,402050,2025-04-01,13903.32,1.1,Crédito Mensal ou Ajuste,1,Créditos QBM,
2025,4,1302,402124,2025-04-04,-85.87,5.1,Material do Almoxarifado,5,Material de Expediente,
2025,4,1302,402170,2025-04-16,-68.52,5.1,Material do Almoxarifado,5,Material de Expediente,
2025,4,1302,402274,2025-04-28,-220.0,8.5,Internet Individual,8,Produtos e Serviços de TI,
2025,4,1302,402329,2025-04-30,-2986.67,12,Indenização por Uso de Veículo Particular,12,Indenização por Uso de Veículo Particular,
2025,4,1303,402049,2025-04-01,13903.32,1.1,Crédito Mensal ou Ajuste,1,Créditos QBM,
2025,4,1303,402089,2025-04-01,-119.19,5.1,Material do Almoxarifado,5,Material de Expediente,
2025,4,1303,402179,2025-04-22,-232.5,2.1.10,Colorida,2,Reprografia,
2025,4,1303,402283,2025-04-28,-220.0,8.5,Internet Individual,8,Produtos e Serviços de TI,
2025,4,1303,402308,2025-04-30,-52.26,5.1,Material do Almoxarifado,5,Material de Expediente,
2025,4,1303,402332,2025-04-30,-3014.46,12,Indenização por Uso de Veículo Particular,12,Indenização por Uso de Veículo Particular,
2025,5,23,402404,2025-05-01,13903.32,1.1,Crédito Mensal ou Ajuste,1,Créditos QBM,
2025,5,23,402562,2025-05-31,-1262.14,12,Indenização por Uso de Veículo Particular,12,Indenização por Uso de Veículo Particular,
2025,5,229,402406,2025-05-01,13903.32,1.1,Crédito Mensal ou Ajuste,1,Créditos QBM,
2025,5,229,402459,2025-05-14,-6.2,2.1.10,Colorida,2,Reprografia,
2025,5,229,402468,2025-05-14,-6.2,2.1.10,Colorida,2,Reprografia,
2025,5,229,402494,2025-05-19,-7.0,5.1,Material do Almoxarifado,5,Material de Expediente,
2025,5,229,402511,2025-05-23,-5733.14,6.3,Carta,6,Correios,
2025,5,229,402561,2025-05-31,-3770.55,12,Indenização por Uso de Veículo Particular,12,Indenização por Uso de Veículo Particular,
2025,5,232,402683,2025-05-01,13903.32,1.1,Crédito Mensal ou Ajuste,1,Créditos QBM,
2025,5,1058,402342,2025-05-01,13903.32,1.1,Crédito Mensal ou Ajuste,1,Créditos QBM,
2025,5,1058,402519,2025-05-26,-63.64,5.1,Material do Almoxarifado,5,Material de Expediente,
2025,5,1058,402520,2025-05-26,-61.92,5.1,Material do Almoxarifado,5,Material de Expediente,
2025,5,1058,402525,2025-05-26,61.92,5.1,Material do Almoxarifado,5,Material de Expediente,
2025,5,1058,402526,2025-05-26,61.92,5.1,Material do Almoxarifado,5,Material de Expediente,
2025,5,1058,402527,2025-05-27,-52.26,5.1,Material do Almoxarifado,5,Material de Expediente,
2025,5,1058,402575,2025-05-31,-1285.96,12,Indenização por Uso de Veículo Particular,12,Indenização por Uso de Veículo Particular,
2025,5,1067,402382,2025-05-01,13903.32,1.1,Crédito Mensal ou Ajuste,1,Créditos QBM,
2025,5,1067,402411,2025-05-12,-133.74,5.1,Material do Almoxarifado,5,Material de Expediente,
2025,5,1067,402481,2025-05-16,-1.55,2.1.10,Colorida,2,Reprografia,
2025,5,1067,402485,2025-05-19,-1731.6,6.3,Carta,6,Correios,
2025,5,1067,402503,2025-05-21,-1.55,2.1.10,Colorida,2,Reprografia,
2025,5,1067,402531,2025-05-27,-266.6,2.1.10,Colorida,2,Reprografia,
2025,5,1067,402533,2025-05-27,-1.55,2.1.10,Colorida,2,Reprografia,
2025,5,1067,402535,2025-05-28,-6.98,5.1,Material do Almoxarifado,5,Material de Expediente,
2025,5,1067,402574,2025-05-31,-3770.55,12,Indenização por Uso de Veículo Particular,12,Indenização por Uso de Veículo Particular,
2025,5,1110,402408,2025-05-01,13903.32,1.1,Crédito Mensal ou Ajuste,1,Créditos QBM,
2025,5,1110,402460,2025-05-14,-72.24,5.1,Material do Almoxarifado,5,Material de Expediente,
2025,5,1113,402379,2025-05-01,13903.32,1.1,Crédito Mensal ou Ajuste,1,Créditos QBM,
2025,5,1115,402394,2025-05-01,13903.32,1.1,Crédito Mensal ou Ajuste,1,Créditos QBM,
2025,5,1115,402565,2025-05-31,-3167.26,12,Indenização por Uso de Veículo Particular,12,Indenização por Uso de Veículo Particular,
2025,5,1117,402398,2025-05-01,13903.32,1.1,Crédito Mensal ou Ajuste,1,Créditos QBM,
2025,5,1117,402497,2025-05-20,-68.51,5.1,Material do Almoxarifado,5,Material de Expediente,
2025,5,1117,402542,2025-05-28,-66.7,5.1,Material do Almoxarifado,5,Material de Expediente,
2025,5,1127,402400,2025-05-01,13903.32,1.1,Crédito Mensal ou Ajuste,1,Créditos QBM,
2025,5,1127,402450,2025-05-13,-837.0,2.1.10,Colorida,2,Reprografia,
2025,5,1127,402470,2025-05-15,-62.0,2.1.10,Colorida,2,Reprografia,
2025,5,1127,402471,2025-05-15,-2.99,2.1.9,Preto e Branco,2,Reprografia,
2025,5,1127,402486,2025-05-19,-2907.72,3.2.1,Claro Móvel,3,Telefonia,
2025,5,1127,402509,2025-05-22,-10.85,2.1.10,Colorida,2,Reprografia,
2025,5,1127,401967,2025-05-27,-1379.95,11.1,Passagens,11,Viagens,
2025,5,1127,402530,2025-05-27,-235.64,5.1,Material do Almoxarifado,5,Material de Expediente,
2025,5,1128,402403,2025-05-01,13903.32,1.1,Crédito Mensal ou Ajuste,1,Créditos QBM,
2025,5,1128,402467,2025-05-14,-311.55,2.1.10,Colorida,2,Reprografia,
2025,5,1128,402488,2025-05-19,-71.2,5.1,Material do Almoxarifado,5,Material de Expediente,
2025,5,1128,402502,2025-05-20,-110.05,2.1.10,Colorida,2,Reprografia,
2025,5,1128,402505,2025-05-21,-4.65,2.1.10,Colorida,2,Reprografia,
2025,5,1128,402507,2025-05-21,-7.0,5.1,Material do Almoxarifado,5,Material de Expediente,
2025,5,1128,402523,2025-05-26,-6.2,2.1.10,Colorida,2,Reprografia,
2025,5,1128,402540,2025-05-28,-6.2,2.1.10,Colorida,2,Reprografia,
2025,5,1128,402541,2025-05-28,-9.3,2.1.10,Colorida,2,Reprografia,
2025,5,1128,402548,2025-05-29,-482.05,2.1.10,Colorida,2,Reprografia,
2025,5,1128,402559,2025-05-31,-1490.36,12,Indenização por Uso de Veículo Particular,12,Indenização por Uso de Veículo Particular,
2025,5,1130,402405,2025-05-01,13903.32,1.1,Crédito Mensal ou Ajuste,1,Créditos QBM,
2025,5,1130,402445,2025-05-13,-134.07,5.1,Material do Almoxarifado,5,Material de Expediente,
2025,5,1130,402547,2025-05-29,-61.92,5.1,Material do Almoxarifado,5,Material de Expediente,
2025,5,1130,402549,2025-05-30,-1.55,2.1.10,Colorida,2,Reprografia,
2025,5,1130,402554,2025-05-30,-99.2,2.1.10,Colorida,2,Reprografia,
2025,5,1130,402564,2025-05-31,-2899.35,12,Indenização por Uso de Veículo Particular,12,Indenização por Uso de Veículo Particular,
2025,5,1141,402401,2025-05-01,13903.32,1.1,Crédito Mensal ou Ajuste,1,Créditos QBM,
2025,5,1141,402461,2025-05-14,-158.76,5.1,Material do Almoxarifado,5,Material de Expediente,
2025,5,1141,402514,2025-05-26,-113.15,2.1.10,Colorida,2,Reprografia,
2025,5,1141,402577,2025-05-31,-379.04,12,Indenização por Uso de Veículo Particular,12,Indenização por Uso de Veículo Particular,
2025,5,1144,402393,2025-05-01,13903.32,1.1,Crédito Mensal ou Ajuste,1,Créditos QBM,
2025,5,1145,402402,2025-05-01,13903.32,1.1,Crédito Mensal ou Ajuste,1,Créditos QBM,
2025,5,1145,402448,2025-05-13,-545.6,2.1.10,Colorida,2,Reprografia,
2025,5,1145,402466,2025-05-14,-77.5,2.1.10,Colorida,2,Reprografia,
2025,5,1145,402472,2025-05-15,-77.5,2.1.10,Colorida,2,Reprografia,
2025,5,1145,402490,2025-05-19,-297.11,5.1,Material do Almoxarifado,5,Material de Expediente,
2025,5,1145,402558,2025-05-31,-3770.55,12,Indenização por Uso de Veículo Particular,12,Indenização por Uso de Veículo Particular,
2025,5,1149,402392,2025-05-01,13903.32,1.1,Crédito Mensal ou Ajuste,1,Créditos QBM,
2025,5,1149,401893,2025-05-24,-500.5,11.2,Diárias,11,Viagens,
2025,5,1149,402570,2025-05-31,-2946.98,12,Indenização por Uso de Veículo Particular,12,Indenização por Uso de Veículo Particular,
2025,5,1149,402668,2025-05-31,-10455.84,1.3,Transferência de Saldo por Alteração em Vereança,1,Créditos QBM,TRANSFERENCIA DE SALDO PARA SUPLENTE ALEXANDRE BOBADRA CONSIDERANDO LICANCA PARA DESEMPENHAR
2025,5,1151,402543,2025-05-29,10455.84,1.3,Transferência de Saldo por Alteração em Vereança,1,Créditos QBM,TRANSFERENCIA DE SALDO DA VEREADOR TITULAR FERNANDA BARTH EXISTENTE EM 26/05/2025
2025,5,1153,402397,2025-05-01,13903.32,1.1,Crédito Mensal ou Ajuste,1,Créditos QBM,
2025,5,1153,402462,2025-05-14,-129.23,5.1,Material do Almoxarifado,5,Material de Expediente,
2025,5,1153,402560,2025-05-31,-3357.77,12,Indenização por Uso de Veículo Particular,12,Indenização por Uso de Veículo Particular,
2025,5,1155,402365,2025-05-01,13903.32,1.1,Crédito Mensal ou Ajuste,1,Créditos QBM,
2025,5,1155,402476,2025-05-16,-25.98,5.1,Material do Almoxarifado,5,Material de Expediente,
2025,5,1155,402477,2025-05-16,-18.99,5.1,Material do Almoxarifado,5,Material de Expediente,
2025,5,1155,402571,2025-05-31,-3770.55,12,Indenização por Uso de Veículo Particular,12,Indenização por Uso de Veículo Particular,
2025,5,1157,402395,2025-05-01,13903.32,1.1,Crédito Mensal ou Ajuste,1,Créditos QBM,
2025,5,1157,402413,2025-05-12,-56.58,5.1,Material do Almoxarifado,5,Material de Expediente,
2025,5,1157,402496,2025-05-20,-65.1,5.1,Material do Almoxarifado,5,Material de Expediente,
2025,5,1157,401903,2025-05-24,-500.5,11.2,Diárias,11,Viagens,
2025,5,1157,401913,2025-05-24,-500.5,11.2,Diárias,11,Viagens,
2025,5,1157,401923,2025-05-24,-94.11,11.1,Passagens,11,Viagens,
2025,5,1157,401933,2025-05-24,-204.2,11.1,Passagens,11,Viagens,
2025,5,1157,402517,2025-05-26,-656.7,1.3,Transferência de Saldo por Alteração em Vereança,1,Créditos QBM,"INSCRICAO EM EVENTO, CONFORME PROCESSO 215.00032/2025-29"
2025,5,1157,402518,2025-05-26,-997.0,1.3,Transferência de Saldo por Alteração em Vereança,1,Créditos QBM,"INSCRICAO EM EVENTO, CONFORME PROCESSO 215.00033/2025-73"
2025,5,1157,402524,2025-05-27,-60.78,5.1,Material do Almoxarifado,5,Material de Expediente,
2025,5,1157,402580,2025-05-31,-1355.41,12,Indenização por Uso de Veículo Particular,12,Indenização por Uso de Veículo Particular,
2025,5,1170,402396,2025-05-01,13903.32,1.1,Crédito Mensal ou Ajuste,1,Créditos QBM,
2025,5,1170,402508,2025-05-22,-23.25,2.1.10,Colorida,2,Reprografia,
2025,5,1170,402513,2025-05-23,-43.4,2.1.10,Colorida,2,Reprografia,
2025,5,1170,402544,2025-05-29,-3.1,2.1.10,Colorida,2,Reprografia,
2025,5,1170,402550,2025-05-30,-1.55,2.1.10,Colorida,2,Reprografia,
2025,5,1170,402567,2025-05-31,-3683.23,12,Indenização por Uso de Veículo Particular,12,Indenização por Uso de Veículo Particular,
2025,5,1176,402373,2025-05-01,13903.32,1.1,Crédito Mensal ou Ajuste,1,Créditos QBM,
2025,5,1176,402415,2025-05-13,-150.21,5.1,Material do Almoxarifado,5,Material de Expediente,
2025,5,1176,402418,2025-05-13,-715.0,11.2,Diárias,11,Viagens,
2025,5,1176,402423,2025-05-13,-1274.26,11.1,Passagens,11,Viagens,
2025,5,1176,402449,2025-05-13,-4.65,2.1.10,Colorida,2,Reprografia,
2025,5,1176,402465,2025-05-14,-108.5,2.1.10,Colorida,2,Reprografia,
2025,5,1176,402469,2025-05-15,-31.0,2.1.10,Colorida,2,Reprografia,
2025,5,1176,402479,2025-05-16,-230.0,2.1.9,Preto e Branco,2,Reprografia,
2025,5,1176,402504,2025-05-21,-690.0,2.1.9,Preto e Branco,2,Reprografia,
2025,5,1176,402506,2025-05-21,-138.0,2.1.9,Preto e Branco,2,Reprografia,
2025,5,1176,402521,2025-05-26,-230.0,2.1.9,Preto e Branco,2,Reprografia,
2025,5,1176,402532,2025-05-27,-23.25,2.1.10,Colorida,2,Reprografia,
2025,5,1176,402537,2025-05-28,-46.0,2.1.9,Preto e Branco,2,Reprografia,
2025,5,1176,402546,2025-05-29,-3.1,2.1.10,Colorida,2,Reprografia,
2025,5,1176,402553,2025-05-30,-4.65,2.1.10,Colorida,2,Reprografia,
2025,5,1176,402576,2025-05-31,-3770.55,12,Indenização por Uso de Veículo Particular,12,Indenização por Uso de Veículo Particular,
2025,5,1213,402407,2025-05-01,13903.32,1.1,Crédito Mensal ou Ajuste,1,Créditos QBM,
2025,5,1213,402454,2025-05-14,-314.61,5.1,Material do Almoxarifado,5,Material de Expediente,
2025,5,1213,402478,2025-05-16,-115.0,2.1.9,Preto e Branco,2,Reprografia,
2025,5,1213,402487,2025-05-19,-74.4,5.2.3,Papel Couche,5,Material de Expediente,
2025,5,1213,402489,2025-05-19,-99.37,5.1,Material do Almoxarifado,5,Material de Expediente,
2025,5,1213,402495,2025-05-19,-195.3,2.1.10,Colorida,2,Reprografia,
2025,5,1213,402539,2025-05-28,-325.5,2.1.10,Colorida,2,Reprografia,
2025,5,1213,402545,2025-05-29,-77.5,2.1.10,Colorida,2,Reprografia,
2025,5,1213,402551,2025-05-30,-331.7,2.1.10,Colorida,2,Reprografia,
2025,5,1213,402568,2025-05-31,-2827.91,12,Indenização por Uso de Veículo Particular,12,Indenização por Uso de Veículo Particular,
2025,5,1221,402376,2025-05-01,13903.32,1.1,Crédito Mensal ou Ajuste,1,Créditos QBM,
2025,5,1221,402451,2025-05-13,-72.85,2.1.10,Colorida,2,Reprografia,
2025,5,1221,402456,2025-05-14,-6.2,2.1.10,Colorida,2,Reprografia,
2025,5,1221,402482,2025-05-16,-1.55,2.1.10,Colorida,2,Reprografia,
2025,5,1221,402287,2025-05-28,-397.22,11.2,Diárias,11,Viagens,
2025,5,1221,402579,2025-05-31,-1156.96,12,Indenização por Uso de Veículo Particular,12,Indenização por Uso de Veículo Particular,
2025,5,1240,402383,2025-05-01,13903.32,1.1,Crédito Mensal ou Ajuste,1,Créditos QBM,
2025,5,1240,402491,2025-05-19,-48.94,5.1,Material do Almoxarifado,5,Material de Expediente,
2025,5,1240,402493,2025-05-19,-15.5,2.1.10,Colorida,2,Reprografia,
2025,5,1240,402500,2025-05-20,-1.55,2.1.10,Colorida,2,Reprografia,
2025,5,1240,402501,2025-05-20,-18.6,2.1.10,Colorida,2,Reprografia,
2025,5,1240,402510,2025-05-23,-4.65,2.1.10,Colorida,2,Reprografia,
2025,5,1240,402512,2025-05-23,-17.05,2.1.10,Colorida,2,Reprografia,
2025,5,1250,402399,2025-05-01,13903.32,1.1,Crédito Mensal ou Ajuste,1,Créditos QBM,
2025,5,1250,402563,2025-05-31,-533.83,12,Indenização por Uso de Veículo Particular,12,Indenização por Uso de Veículo Particular,
2025,5,1295,402368,2025-05-01,13903.32,1.1,Crédito Mensal ou Ajuste,1,Créditos QBM,
2025,5,1295,402417,2025-05-13,-72.09,5.1,Material do Almoxarifado,5,Material de Expediente,
2025,5,1295,402498,2025-05-20,-97.62,5.1,Material do Almoxarifado,5,Material de Expediente,
2025,5,1295,402573,2025-05-31,-394.92,12,Indenização por Uso de Veículo Particular,12,Indenização por Uso de Veículo Particular,
2025,5,1296,402360,2025-05-01,13903.32,1.1,Crédito Mensal ou Ajuste,1,Créditos QBM,
2025,5,1296,402416,2025-05-13,-71.25,5.1,Material do Almoxarifado,5,Material de Expediente,
2025,5,1296,402528,2025-05-27,-12.43,5.1,Material do Almoxarifado,5,Material de Expediente,
2025,5,1297,402359,2025-05-01,13903.32,1.1,Crédito Mensal ou Ajuste,1,Créditos QBM,
2025,5,1297,402428,2025-05-13,-446.88,11.2,Diárias,11,Viagens,
2025,5,1297,402436,2025-05-13,-351.37,11.1,Passagens,11,Viagens,
2025,5,1297,402473,2025-05-15,-310.0,2.1.10,Colorida,2,Reprografia,
2025,5,1297,402475,2025-05-16,-114.07,5.1,Material do Almoxarifado,5,Material de Expediente,
2025,5,1297,402499,2025-05-20,-14.58,5.1,Material do Almoxarifado,5,Material de Expediente,
2025,5,1297,402296,2025-05-28,-397.22,11.2,Diárias,11,Viagens,
2025,5,1298,402350,2025-05-01,13903.32,1.1,Crédito Mensal ou Ajuste,1,Créditos QBM,
2025,5,1298,402556,2025-05-31,-3707.05,12,Indenização por Uso de Veículo Particular,12,Indenização por Uso de Veículo Particular,
2025,5,1299,402378,2025-05-01,13903.32,1.1,Crédito Mensal ou Ajuste,1,Créditos QBM,
2025,5,1299,402409,2025-05-12,-59.62,5.1,Material do Almoxarifado,5,Material de Expediente,
2025,5,1299,402414,2025-05-12,-5.7,5.1,Material do Almoxarifado,5,Material de Expediente,
2025,5,1299,402455,2025-05-14,-55.8,2.1.10,Colorida,2,Reprografia,
2025,5,1299,402457,2025-05-14,-134.85,2.1.10,Colorida,2,Reprografia,
2025,5,1299,402458,2025-05-14,-23.25,2.1.10,Colorida,2,Reprografia,
2025,5,1299,402463,2025-05-14,-3.1,2.1.10,Colorida,2,Reprografia,
2025,5,1299,402474,2025-05-15,-52.7,2.1.10,Colorida,2,Reprografia,
2025,5,1299,402516,2025-05-26,-1.55,2.1.10,Colorida,2,Reprografia,
2025,5,1299,402522,2025-05-26,-176.7,2.1.10,Colorida,2,Reprografia,
2025,5,1299,402578,2025-05-31,-920.81,12,Indenização por Uso de Veículo Particular,12,Indenização por Uso de Veículo Particular,
2025,5,1300,402377,2025-05-01,13903.32,1.1,Crédito Mensal ou Ajuste,1,Créditos QBM,
2025,5,1300,402447,2025-05-13,-77.5,2.1.10,Colorida,2,Reprografia,
2025,5,1300,402555,2025-05-30,-67.58,5.1,Material do Almoxarifado,5,Material de Expediente,
2025,5,1300,402572,2025-05-31,-2905.31,12,Indenização por Uso de Veículo Particular,12,Indenização por Uso de Veículo Particular,
2025,5,1301,402343,2025-05-01,13903.32,1.1,Crédito Mensal ou Ajuste,1,Créditos QBM,
2025,5,1301,402464,2025-05-14,-930.0,2.1.10,Colorida,2,Reprografia,
2025,5,1301,402566,2025-05-31,-1573.71,12,Indenização por Uso de Veículo Particular,12,Indenização por Uso de Veículo Particular,
2025,5,1302,402371,2025-05-01,13903.32,1.1,Crédito Mensal ou Ajuste,1,Créditos QBM,
2025,5,1302,402412,2025-05-12,-274.72,5.1,Material do Almoxarifado,5,Material de Expediente,
2025,5,1302,402452,2025-05-13,-46.0,2.1.9,Preto e Branco,2,Reprografia,
2025,5,1302,402480,2025-05-16,-77.5,2.1.10,Colorida,2,Reprografia,
2025,5,1302,402569,2025-05-31,-3042.24,12,Indenização por Uso de Veículo Particular,12,Indenização por Uso de Veículo Particular,
2025,5,1303,402372,2025-05-01,13903.32,1.1,Crédito Mensal ou Ajuste,1,Créditos QBM,
2025,5,1303,402410,2025-05-12,-89.16,5.1,Material do Almoxarifado,5,Material de Expediente,
2025,5,1303,402557,2025-05-31,-3298.24,12,Indenização por Uso de Veículo Particular,12,Indenização por Uso de Veículo Particular,
2025,6,23,402651,2025-06-01,13903.32,1.1,Crédito Mensal ou Ajuste,1,Créditos QBM,
2025,6,23,402654,2025-06-02,-208.13,5.1,Material do Almoxarifado,5,Material de Expediente,
2025,6,23,402695,2025-06-05,-3.1,2.1.10,Colorida,2,Reprografia,
2025,6,23,402758,2025-06-24,-132.48,2.1.9,Preto e Branco,2,Reprografia,
2025,6,23,402860,2025-06-30,-10.28,5.1,Material do Almoxarifado,5,Material de Expediente,
2025,6,23,402866,2025-06-30,-17.05,2.1.10,Colorida,2,Reprografia,
2025,6,23,402887,2025-06-30,-1230.39,12,Indenização por Uso de Veículo Particular,12,Indenização por Uso de Veículo Particular,
2025,6,229,402650,2025-06-01,13903.32,1.1,Crédito Mensal ou Ajuste,1,Créditos QBM,
2025,6,229,402662,2025-06-03,-25.56,5.1,Material do Almoxarifado,5,Material de Expediente,
2025,6,229,402692,2025-06-04,-3.1,2.1.10,Colorida,2,Reprografia,
2025,6,229,402713,2025-06-09,-12.4,2.1.10,Colorida,2,Reprografia,
2025,6,229,402732,2025-06-13,-310.0,2.1.10,Colorida,2,Reprografia,
2025,6,229,402733,2025-06-13,-37.2,2.1.10,Colorida,2,Reprografia,
2025,6,229,402740,2025-06-16,-21.7,2.1.10,Colorida,2,Reprografia,
2025,6,229,402754,2025-06-23,-1.55,2.1.10,Colorida,2,Reprografia,
2025,6,229,402766,2025-06-25,-347.73,5.1,Material do Almoxarifado,5,Material de Expediente,
2025,6,229,402848,2025-06-25,-2334.7,6.3,Carta,6,Correios,
2025,6,229,402853,2025-06-26,-37.2,2.1.10,Colorida,2,Reprografia,
2025,6,229,402857,2025-06-27,-53.25,5.1,Material do Almoxarifado,5,Material de Expediente,
2025,6,229,402862,2025-06-30,1.55,2,Reprografia,2,Reprografia,
2025,6,229,402863,2025-06-30,-31.0,2.1.10,Colorida,2,Reprografia,
2025,6,229,402893,2025-06-30,-3770.55,12,Indenização por Uso de Veículo Particular,12,Indenização por Uso de Veículo Particular,
2025,6,232,402638,2025-06-01,13903.32,1.1,Crédito Mensal ou Ajuste,1,Créditos QBM,
2025,6,232,402660,2025-06-02,-167.66,5.1,Material do Almoxarifado,5,Material de Expediente,
2025,6,232,402871,2025-06-30,-2798.15,12,Indenização por Uso de Veículo Particular,12,Indenização por Uso de Veículo Particular,
2025,6,1058,402585,2025-06-01,13903.32,1.1,Crédito Mensal ou Ajuste,1,Créditos QBM,
2025,6,1058,402659,2025-06-02,-69.3,5.1,Material do Almoxarifado,5,Material de Expediente,
2025,6,1058,402711,2025-06-09,-52.26,5.1,Material do Almoxarifado,5,Material de Expediente,
2025,6,1058,402896,2025-06-30,-1262.14,12,Indenização por Uso de Veículo Particular,12,Indenização por Uso de Veículo Particular,
2025,6,1067,402626,2025-06-01,13903.32,1.1,Crédito Mensal ou Ajuste,1,Créditos QBM,
2025,6,1067,402655,2025-06-02,-180.9,5.1,Material do Almoxarifado,5,Material de Expediente,
2025,6,1067,402717,2025-06-10,-23.25,2.1.10,Colorida,2,Reprografia,
2025,6,1067,402727,2025-06-11,-9.3,2.1.10,Colorida,2,Reprografia,
2025,6,1067,402749,2025-06-23,-46.5,2.1.10,Colorida,2,Reprografia,
2025,6,1067,402750,2025-06-23,-93.0,2.1.10,Colorida,2,Reprografia,
2025,6,1067,402760,2025-06-24,-217.0,2.1.10,Colorida,2,Reprografia,
2025,6,1067,402762,2025-06-24,-141.05,2.1.10,Colorida,2,Reprografia,
2025,6,1067,402861,2025-06-30,-186.0,2.1.10,Colorida,2,Reprografia,
2025,6,1067,402865,2025-06-30,-46.5,2.1.10,Colorida,2,Reprografia,
2025,6,1067,402876,2025-06-30,-3770.55,12,Indenização por Uso de Veículo Particular,12,Indenização por Uso de Veículo Particular,
2025,6,1110,402648,2025-06-01,13903.32,1.1,Crédito Mensal ou Ajuste,1,Créditos QBM,
2025,6,1113,402622,2025-06-01,13903.32,1.1,Crédito Mensal ou Ajuste,1,Créditos QBM,
2025,6,1115,402643,2025-06-01,13903.32,1.1,Crédito Mensal ou Ajuste,1,Créditos QBM,
2025,6,1115,402753,2025-06-23,-148.7,5.1,Material do Almoxarifado,5,Material de Expediente,
2025,6,1115,402883,2025-06-30,-3147.42,12,Indenização por Uso de Veículo Particular,12,Indenização por Uso de Veículo Particular,
2025,6,1117,402642,2025-06-01,13903.32,1.1,Crédito Mensal ou Ajuste,1,Créditos QBM,
2025,6,1117,402831,2025-06-25,-510.71,11.2,Diárias,11,Viagens,
2025,6,1117,402838,2025-06-25,-360.3,11.1,Passagens,11,Viagens,
2025,6,1127,402645,2025-06-01,13903.32,1.1,Crédito Mensal ou Ajuste,1,Créditos QBM,
2025,6,1127,402704,2025-06-06,-93.0,2.1.10,Colorida,2,Reprografia,
2025,6,1127,402705,2025-06-06,-11.5,2.1.9,Preto e Branco,2,Reprografia,
2025,6,1127,402730,2025-06-12,-24.8,2.1.10,Colorida,2,Reprografia,
2025,6,1127,402739,2025-06-16,-6.2,2.1.10,Colorida,2,Reprografia,
2025,6,1127,401968,2025-06-27,-1379.95,11.1,Passagens,11,Viagens,
2025,6,1127,402884,2025-06-30,-347.29,12,Indenização por Uso de Veículo Particular,12,Indenização por Uso de Veículo Particular,
2025,6,1128,402652,2025-06-01,13903.32,1.1,Crédito Mensal ou Ajuste,1,Créditos QBM,
2025,6,1128,402670,2025-06-03,-62.3,5.1,Material do Almoxarifado,5,Material de Expediente,
2025,6,1128,402677,2025-06-03,-3.1,2.1.10,Colorida,2,Reprografia,
2025,6,1128,402759,2025-06-24,-311.55,2.1.10,Colorida,2,Reprografia,
2025,6,1128,402765,2025-06-25,-155.0,2.1.10,Colorida,2,Reprografia,
2025,6,1128,402889,2025-06-30,-1025.99,12,Indenização por Uso de Veículo Particular,12,Indenização por Uso de Veículo Particular,
2025,6,1130,402647,2025-06-01,13903.32,1.1,Crédito Mensal ou Ajuste,1,Créditos QBM,
2025,6,1130,402707,2025-06-09,-140.17,5.1,Material do Almoxarifado,5,Material de Expediente,
2025,6,1130,402869,2025-06-30,-31.0,2.1.10,Colorida,2,Reprografia,
2025,6,1130,402897,2025-06-30,-2996.6,12,Indenização por Uso de Veículo Particular,12,Indenização por Uso de Veículo Particular,
2025,6,1141,402639,2025-06-01,13903.32,1.1,Crédito Mensal ou Ajuste,1,Créditos QBM,
2025,6,1141,402714,2025-06-09,-180.22,5.1,Material do Almoxarifado,5,Material de Expediente,
2025,6,1141,402849,2025-06-25,-56.58,5.1,Material do Almoxarifado,5,Material de Expediente,
2025,6,1141,402892,2025-06-30,-416.75,12,Indenização por Uso de Veículo Particular,12,Indenização por Uso de Veículo Particular,
2025,6,1144,402637,2025-06-01,13903.32,1.1,Crédito Mensal ou Ajuste,1,Créditos QBM,
2025,6,1145,402646,2025-06-01,13903.32,1.1,Crédito Mensal ou Ajuste,1,Créditos QBM,
2025,6,1145,402724,2025-06-11,-3.1,2.1.10,Colorida,2,Reprografia,
2025,6,1145,402728,2025-06-11,-52.7,2.1.10,Colorida,2,Reprografia,
2025,6,1145,402729,2025-06-11,-7.75,2.1.10,Colorida,2,Reprografia,
2025,6,1145,402764,2025-06-25,-7.75,2.1.10,Colorida,2,Reprografia,
2025,6,1145,402874,2025-06-30,-3770.55,12,Indenização por Uso de Veículo Particular,12,Indenização por Uso de Veículo Particular,
2025,6,1151,402627,2025-06-01,13903.32,1.1,Crédito Mensal ou Ajuste,1,Créditos QBM,
2025,6,1151,402663,2025-06-03,-63.71,5.1,Material do Almoxarifado,5,Material de Expediente,
2025,6,1151,401894,2025-06-24,-500.5,11.2,Diárias,11,Viagens,
2025,6,1151,402756,2025-06-24,-10.17,5.1,Material do Almoxarifado,5,Material de Expediente,
2025,6,1151,402763,2025-06-25,-152.08,5.1,Material do Almoxarifado,5,Material de Expediente,
2025,6,1151,402851,2025-06-26,-930.0,2.1.10,Colorida,2,Reprografia,
2025,6,1151,402854,2025-06-26,-19.57,5.1,Material do Almoxarifado,5,Material de Expediente,
2025,6,1151,402867,2025-06-30,-8.98,5.1,Material do Almoxarifado,5,Material de Expediente,
2025,6,1153,402641,2025-06-01,13903.32,1.1,Crédito Mensal ou Ajuste,1,Créditos QBM,
2025,6,1153,402716,2025-06-10,-124.92,5.1,Material do Almoxarifado,5,Material de Expediente,
2025,6,1153,402720,2025-06-10,-46.5,2.1.10,Colorida,2,Reprografia,
2025,6,1153,402891,2025-06-30,-3770.55,12,Indenização por Uso de Veículo Particular,12,Indenização por Uso de Veículo Particular,
2025,6,1155,402610,2025-06-01,13903.32,1.1,Crédito Mensal ou Ajuste,1,Créditos QBM,
2025,6,1155,402881,2025-06-30,-3770.55,12,Indenização por Uso de Veículo Particular,12,Indenização por Uso de Veículo Particular,
2025,6,1157,402636,2025-06-01,13903.32,1.1,Crédito Mensal ou Ajuste,1,Créditos QBM,
2025,6,1157,402666,2025-06-03,-301.96,5.1,Material do Almoxarifado,5,Material de Expediente,
2025,6,1157,402686,2025-06-04,-6.2,2.1.10,Colorida,2,Reprografia,
2025,6,1157,402747,2025-06-18,-30.45,5.1,Material do Almoxarifado,5,Material de Expediente,
2025,6,1157,401904,2025-06-24,-500.5,11.2,Diárias,11,Viagens,
2025,6,1157,401914,2025-06-24,-500.5,11.2,Diárias,11,Viagens,
2025,6,1157,401924,2025-06-24,-94.11,11.1,Passagens,11,Viagens,
2025,6,1157,401934,2025-06-24,-204.2,11.1,Passagens,11,Viagens,
2025,6,1157,402798,2025-06-25,-455.0,11.2,Diárias,11,Viagens,
2025,6,1157,402872,2025-06-30,-1176.81,12,Indenização por Uso de Veículo Particular,12,Indenização por Uso de Veículo Particular,
2025,6,1160,402649,2025-06-01,13903.32,1.1,Crédito Mensal ou Ajuste,1,Créditos QBM,
2025,6,1160,402719,2025-06-10,-129.94,5.1,Material do Almoxarifado,5,Material de Expediente,
2025,6,1160,402738,2025-06-16,-6.2,2.1.10,Colorida,2,Reprografia,
2025,6,1160,402817,2025-06-25,-569.63,11.1,Passagens,11,Viagens,
2025,6,1160,402824,2025-06-25,-306.43,11.2,Diárias,11,Viagens,
2025,6,1160,402868,2025-06-30,-6.2,2.1.10,Colorida,2,Reprografia,
2025,6,1160,402880,2025-06-30,-3770.55,12,Indenização por Uso de Veículo Particular,12,Indenização por Uso de Veículo Particular,
2025,6,1170,402640,2025-06-01,13903.32,1.1,Crédito Mensal ou Ajuste,1,Créditos QBM,
2025,6,1170,402689,2025-06-04,-1.55,2.1.10,Colorida,2,Reprografia,
2025,6,1170,402691,2025-06-04,-68.2,2.1.10,Colorida,2,Reprografia,
2025,6,1170,402700,2025-06-05,-1.55,2.1.10,Colorida,2,Reprografia,
2025,6,1170,402712,2025-06-09,-446.4,2.1.10,Colorida,2,Reprografia,
2025,6,1170,402721,2025-06-11,-3.25,2.2,Encadernações,2,Reprografia,
2025,6,1170,402755,2025-06-23,-1.55,2.1.10,Colorida,2,Reprografia,
2025,6,1170,402761,2025-06-24,-23.25,2.1.10,Colorida,2,Reprografia,
2025,6,1170,402767,2025-06-25,-23.25,2.1.10,Colorida,2,Reprografia,
2025,6,1170,402805,2025-06-25,-715.0,11.2,Diárias,11,Viagens,
2025,6,1170,402811,2025-06-25,-268.41,11.1,Passagens,11,Viagens,
2025,6,1170,402894,2025-06-30,-3770.55,12,Indenização por Uso de Veículo Particular,12,Indenização por Uso de Veículo Particular,
2025,6,1176,402615,2025-06-01,13903.32,1.1,Crédito Mensal ou Ajuste,1,Créditos QBM,
2025,6,1176,402688,2025-06-04,-149.78,5.1,Material do Almoxarifado,5,Material de Expediente,
2025,6,1176,402701,2025-06-05,-23.25,2.1.10,Colorida,2,Reprografia,
2025,6,1176,402703,2025-06-05,-446.4,2.1.10,Colorida,2,Reprografia,
2025,6,1176,402723,2025-06-11,-46.0,2.1.9,Preto e Branco,2,Reprografia,
2025,6,1176,402726,2025-06-11,-46.0,2.1.9,Preto e Branco,2,Reprografia,
2025,6,1176,402419,2025-06-13,-715.0,11.2,Diárias,11,Viagens,
2025,6,1176,402424,2025-06-13,-1274.26,11.1,Passagens,11,Viagens,
2025,6,1176,402743,2025-06-17,-37.2,2.1.10,Colorida,2,Reprografia,
2025,6,1176,402780,2025-06-25,-726.07,11.1,Passagens,11,Viagens,
2025,6,1176,402786,2025-06-25,-357.5,11.2,Diárias,11,Viagens,
2025,6,1176,402890,2025-06-30,-3770.55,12,Indenização por Uso de Veículo Particular,12,Indenização por Uso de Veículo Particular,
2025,6,1213,402653,2025-06-01,13903.32,1.1,Crédito Mensal ou Ajuste,1,Créditos QBM,
2025,6,1213,402694,2025-06-05,-357.03,5.1,Material do Almoxarifado,5,Material de Expediente,
2025,6,1213,402737,2025-06-16,-930.0,2.1.10,Colorida,2,Reprografia,
2025,6,1213,402859,2025-06-27,-157.72,5.1,Material do Almoxarifado,5,Material de Expediente,
2025,6,1213,402895,2025-06-30,-2397.28,12,Indenização por Uso de Veículo Particular,12,Indenização por Uso de Veículo Particular,
2025,6,1221,402621,2025-06-01,13903.32,1.1,Crédito Mensal ou Ajuste,1,Créditos QBM,
2025,6,1221,402678,2025-06-03,-6.2,2.1.10,Colorida,2,Reprografia,
2025,6,1221,402684,2025-06-04,-1.55,2.1.10,Colorida,2,Reprografia,
2025,6,1221,402697,2025-06-05,-24.8,2.1.10,Colorida,2,Reprografia,
2025,6,1221,402698,2025-06-05,-4.65,2.1.10,Colorida,2,Reprografia,
2025,6,1221,402699,2025-06-05,-3.1,2.1.10,Colorida,2,Reprografia,
2025,6,1221,402702,2025-06-05,-1.55,2.1.10,Colorida,2,Reprografia,
2025,6,1221,402708,2025-06-09,-1.55,2.1.10,Colorida,2,Reprografia,
2025,6,1221,402710,2025-06-09,-25.56,5.1,Material do Almoxarifado,5,Material de Expediente,
2025,6,1221,402288,2025-06-28,-397.22,11.2,Diárias,11,Viagens,
2025,6,1221,402864,2025-06-30,-179.8,2.1.10,Colorida,2,Reprografia,
2025,6,1221,402882,2025-06-30,-1002.17,12,Indenização por Uso de Veículo Particular,12,Indenização por Uso de Veículo Particular,
2025,6,1240,402625,2025-06-01,13903.32,1.1,Crédito Mensal ou Ajuste,1,Créditos QBM,
2025,6,1240,402742,2025-06-17,-31.0,2.1.10,Colorida,2,Reprografia,
2025,6,1240,402745,2025-06-18,-4.65,2.1.10,Colorida,2,Reprografia,
2025,6,1240,402746,2025-06-18,-346.38,2.1.9,Preto e Branco,2,Reprografia,
2025,6,1240,402845,2025-06-25,-1146.53,11.1,Passagens,11,Viagens,
2025,6,1240,402846,2025-06-25,-2275.0,11.2,Diárias,11,Viagens,
2025,6,1240,402847,2025-06-25,-245.85,11.1,Passagens,11,Viagens,
2025,6,1240,402856,2025-06-26,-4.0,5.1,Material do Almoxarifado,5,Material de Expediente,
2025,6,1250,402644,2025-06-01,13903.32,1.1,Crédito Mensal ou Ajuste,1,Créditos QBM,
2025,6,1250,402709,2025-06-09,-37.2,2.1.10,Colorida,2,Reprografia,
2025,6,1250,402768,2025-06-25,-119.17,11.2,Diárias,11,Viagens,
2025,6,1250,402774,2025-06-25,-292.05,11.1,Passagens,11,Viagens,
2025,6,1250,402792,2025-06-25,-1300.0,11.2,Diárias,11,Viagens,
2025,6,1250,402878,2025-06-30,-273.86,12,Indenização por Uso de Veículo Particular,12,Indenização por Uso de Veículo Particular,
2025,6,1295,402611,2025-06-01,13903.32,1.1,Crédito Mensal ou Ajuste,1,Créditos QBM,
2025,6,1295,402669,2025-06-03,-46.64,5.1,Material do Almoxarifado,5,Material de Expediente,
2025,6,1295,402679,2025-06-03,-3.4,5.1,Material do Almoxarifado,5,Material de Expediente,
2025,6,1295,402741,2025-06-17,-107.62,5.1,Material do Almoxarifado,5,Material de Expediente,
2025,6,1295,402873,2025-06-30,-476.28,12,Indenização por Uso de Veículo Particular,12,Indenização por Uso de Veículo Particular,
2025,6,1296,402602,2025-06-01,13903.32,1.1,Crédito Mensal ou Ajuste,1,Créditos QBM,
2025,6,1296,402715,2025-06-10,-54.26,5.1,Material do Almoxarifado,5,Material de Expediente,
2025,6,1296,402718,2025-06-10,-106.44,5.1,Material do Almoxarifado,5,Material de Expediente,
2025,6,1296,402855,2025-06-26,-37.9,5.1,Material do Almoxarifado,5,Material de Expediente,
2025,6,1296,402888,2025-06-30,-468.34,12,Indenização por Uso de Veículo Particular,12,Indenização por Uso de Veículo Particular,
2025,6,1297,402607,2025-06-01,13903.32,1.1,Crédito Mensal ou Ajuste,1,Créditos QBM,
2025,6,1297,402656,2025-06-02,-18.99,5.1,Material do Almoxarifado,5,Material de Expediente,
2025,6,1297,402429,2025-06-13,-446.88,11.2,Diárias,11,Viagens,
2025,6,1297,402437,2025-06-13,-351.37,11.1,Passagens,11,Viagens,
2025,6,1297,402731,2025-06-13,-310.0,2.1.10,Colorida,2,Reprografia,
2025,6,1297,402736,2025-06-16,-310.0,2.1.10,Colorida,2,Reprografia,
2025,6,1297,402744,2025-06-18,-346.38,2.1.9,Preto e Branco,2,Reprografia,
2025,6,1297,402852,2025-06-26,-46.5,2.1.10,Colorida,2,Reprografia,
2025,6,1297,402297,2025-06-28,-397.22,11.2,Diárias,11,Viagens,
2025,6,1298,402596,2025-06-01,13903.32,1.1,Crédito Mensal ou Ajuste,1,Créditos QBM,
2025,6,1298,402877,2025-06-30,-2812.04,12,Indenização por Uso de Veículo Particular,12,Indenização por Uso de Veículo Particular,
2025,6,1299,402618,2025-06-01,13903.32,1.1,Crédito Mensal ou Ajuste,1,Créditos QBM,
2025,6,1299,402870,2025-06-30,-2631.45,12,Indenização por Uso de Veículo Particular,12,Indenização por Uso de Veículo Particular,
2025,6,1300,402614,2025-06-01,13903.32,1.1,Crédito Mensal ou Ajuste,1,Créditos QBM,
2025,6,1300,402722,2025-06-11,-52.7,2.1.10,Colorida,2,Reprografia,
2025,6,1300,402751,2025-06-23,-1.55,2.1.10,Colorida,2,Reprografia,
2025,6,1300,402875,2025-06-30,-2843.79,12,Indenização por Uso de Veículo Particular,12,Indenização por Uso de Veículo Particular,
2025,6,1301,402588,2025-06-01,13903.32,1.1,Crédito Mensal ou Ajuste,1,Créditos QBM,
2025,6,1301,402657,2025-06-02,-78.99,5.1,Material do Almoxarifado,5,Material de Expediente,
2025,6,1301,402693,2025-06-02,61.92,5.1,Material do Almoxarifado,5,Material de Expediente,
2025,6,1301,402879,2025-06-30,-3770.55,12,Indenização por Uso de Veículo Particular,12,Indenização por Uso de Veículo Particular,
2025,6,1302,402617,2025-06-01,13903.32,1.1,Crédito Mensal ou Ajuste,1,Créditos QBM,
2025,6,1302,402661,2025-06-02,-103.78,5.1,Material do Almoxarifado,5,Material de Expediente,
2025,6,1302,402685,2025-06-04,-70.36,5.1,Material do Almoxarifado,5,Material de Expediente,
2025,6,1302,402690,2025-06-04,-21.7,2.1.10,Colorida,2,Reprografia,
2025,6,1302,402696,2025-06-05,-9.3,2.1.10,Colorida,2,Reprografia,
2025,6,1302,402748,2025-06-23,-198.72,2.1.9,Preto e Branco,2,Reprografia,
2025,6,1302,402752,2025-06-23,-142.83,2.1.9,Preto e Branco,2,Reprografia,
2025,6,1302,402757,2025-06-24,-78.21,5.1,Material do Almoxarifado,5,Material de Expediente,
2025,6,1302,402858,2025-06-27,-620.0,2.1.10,Colorida,2,Reprografia,
2025,6,1302,402886,2025-06-30,-3407.39,12,Indenização por Uso de Veículo Particular,12,Indenização por Uso de Veículo Particular,
2025,6,1303,402616,2025-06-01,13903.32,1.1,Crédito Mensal ou Ajuste,1,Créditos QBM,
2025,6,1303,402665,2025-06-03,-184.27,5.1,Material do Almoxarifado,5,Material de Expediente,
2025,6,1303,402885,2025-06-30,-3079.94,12,Indenização por Uso de Veículo Particular,12,Indenização por Uso de Veículo Particular,
2025,7,23,402964,2025-07-01,13903.32,1.1,Crédito Mensal ou Ajuste,1,Créditos QBM,
2025,7,23,402984,2025-07-02,-143.88,5.1,Material do Almoxarifado,5,Material de Expediente,
2025,7,23,403099,2025-07-31,-1139.1,12,Indenização por Uso de Veículo Particular,12,Indenização por Uso de Veículo Particular,
2025,7,229,402962,2025-07-01,13903.32,1.1,Crédito Mensal ou Ajuste,1,Créditos QBM,
2025,7,229,402993,2025-07-07,-34.1,2.1.10,Colorida,2,Reprografia,
2025,7,229,402999,2025-07-07,-15.5,2.1.10,Colorida,2,Reprografia,
2025,7,229,403026,2025-07-14,-6275.2,6.3,Carta,6,Correios,
2025,7,229,403085,2025-07-25,-21.7,2.1.10,Colorida,2,Reprografia,
2025,7,229,403092,2025-07-29,-25.56,5.1,Material do Almoxarifado,5,Material de Expediente,
2025,7,229,403096,2025-07-31,-23.25,2.1.10,Colorida,2,Reprografia,
2025,7,229,403100,2025-07-31,-3770.55,12,Indenização por Uso de Veículo Particular,12,Indenização por Uso de Veículo Particular,
2025,7,232,402954,2025-07-01,13903.32,1.1,Crédito Mensal ou Ajuste,1,Créditos QBM,
2025,7,232,403107,2025-07-31,-3504.63,12,Indenização por Uso de Veículo Particular,12,Indenização por Uso de Veículo Particular,
2025,7,1058,402900,2025-07-01,13903.32,1.1,Crédito Mensal ou Ajuste,1,Créditos QBM,
2025,7,1058,403012,2025-07-09,-83.88,5.1,Material do Almoxarifado,5,Material de Expediente,
2025,7,1058,403076,2025-07-23,-8.52,5.1,Material do Almoxarifado,5,Material de Expediente,
2025,7,1058,403101,2025-07-31,-1587.6,12,Indenização por Uso de Veículo Particular,12,Indenização por Uso de Veículo Particular,
2025,7,1067,402942,2025-07-01,13903.32,1.1,Crédito Mensal ou Ajuste,1,Créditos QBM,
2025,7,1067,402969,2025-07-01,-69.99,5.1,Material do Almoxarifado,5,Material de Expediente,
2025,7,1067,403025,2025-07-14,-3570.5,6.3,Carta,6,Correios,
2025,7,1067,403064,2025-07-17,-17.05,2.1.10,Colorida,2,Reprografia,
2025,7,1067,403073,2025-07-22,-1.55,2.1.10,Colorida,2,Reprografia,
2025,7,1067,403074,2025-07-22,-232.5,2.1.10,Colorida,2,Reprografia,
2025,7,1067,403094,2025-07-30,-3.1,2.1.10,Colorida,2,Reprografia,
2025,7,1067,403114,2025-07-31,-3770.55,12,Indenização por Uso de Veículo Particular,12,Indenização por Uso de Veículo Particular,
2025,7,1110,402963,2025-07-01,13903.32,1.1,Crédito Mensal ou Ajuste,1,Créditos QBM,
2025,7,1110,403066,2025-07-17,-3.1,2.1.10,Colorida,2,Reprografia,
2025,7,1113,402938,2025-07-01,13903.32,1.1,Crédito Mensal ou Ajuste,1,Créditos QBM,
2025,7,1115,402957,2025-07-01,13903.32,1.1,Crédito Mensal ou Ajuste,1,Créditos QBM,
2025,7,1115,403014,2025-07-09,-233.67,5.1,Material do Almoxarifado,5,Material de Expediente,
2025,7,1115,403119,2025-07-31,-2429.03,12,Indenização por Uso de Veículo Particular,12,Indenização por Uso de Veículo Particular,
2025,7,1117,403056,2025-07-15,13903.32,1.1,Crédito Mensal ou Ajuste,1,Créditos QBM,
2025,7,1117,403062,2025-07-17,-15.52,5.1,Material do Almoxarifado,5,Material de Expediente,
2025,7,1117,403063,2025-07-17,-10.65,5.1,Material do Almoxarifado,5,Material de Expediente,
2025,7,1117,403068,2025-07-21,-4.3,5.1,Material do Almoxarifado,5,Material de Expediente,
2025,7,1117,403079,2025-07-23,-46.5,2.1.10,Colorida,2,Reprografia,
2025,7,1117,403082,2025-07-24,-16.1,2.1.9,Preto e Branco,2,Reprografia,
2025,7,1117,402832,2025-07-25,-510.71,11.2,Diárias,11,Viagens,
2025,7,1117,402839,2025-07-25,-360.3,11.1,Passagens,11,Viagens,
2025,7,1117,403097,2025-07-31,-1119.26,12,Indenização por Uso de Veículo Particular,12,Indenização por Uso de Veículo Particular,
2025,7,1127,402955,2025-07-01,13903.32,1.1,Crédito Mensal ou Ajuste,1,Créditos QBM,
2025,7,1127,402974,2025-07-01,-393.86,5.1,Material do Almoxarifado,5,Material de Expediente,
2025,7,1127,402975,2025-07-01,7.0,5.1,Material do Almoxarifado,5,Material de Expediente,
2025,7,1127,403041,2025-07-14,-1633.96,11.1,Passagens,11,Viagens,
2025,7,1128,402968,2025-07-01,13903.32,1.1,Crédito Mensal ou Ajuste,1,Créditos QBM,
2025,7,1128,402983,2025-07-02,-6.2,2.1.10,Colorida,2,Reprografia,
2025,7,1128,403008,2025-07-09,-69.3,5.1,Material do Almoxarifado,5,Material de Expediente,
2025,7,1128,403095,2025-07-30,-229.4,2.1.10,Colorida,2,Reprografia,
2025,7,1128,403109,2025-07-31,-904.93,12,Indenização por Uso de Veículo Particular,12,Indenização por Uso de Veículo Particular,
2025,7,1130,402967,2025-07-01,13903.32,1.1,Crédito Mensal ou Ajuste,1,Créditos QBM,
2025,7,1130,403001,2025-07-07,-112.31,5.1,Material do Almoxarifado,5,Material de Expediente,
2025,7,1130,403120,2025-07-31,-2744.56,12,Indenização por Uso de Veículo Particular,12,Indenização por Uso de Veículo Particular,
2025,7,1141,402956,2025-07-01,13903.32,1.1,Crédito Mensal ou Ajuste,1,Créditos QBM,
2025,7,1141,403023,2025-07-11,-24.8,2.1.10,Colorida,2,Reprografia,
2025,7,1141,403093,2025-07-29,-1.55,2.1.10,Colorida,2,Reprografia,
2025,7,1141,403105,2025-07-31,-271.88,12,Indenização por Uso de Veículo Particular,12,Indenização por Uso de Veículo Particular,
2025,7,1144,402953,2025-07-01,13903.32,1.1,Crédito Mensal ou Ajuste,1,Créditos QBM,
2025,7,1145,402961,2025-07-01,13903.32,1.1,Crédito Mensal ou Ajuste,1,Créditos QBM,
2025,7,1145,402980,2025-07-02,-251.81,5.1,Material do Almoxarifado,5,Material de Expediente,
2025,7,1145,402981,2025-07-02,-6.2,2.1.10,Colorida,2,Reprografia,
2025,7,1145,402992,2025-07-07,-3.1,2.1.10,Colorida,2,Reprografia,
2025,7,1145,403117,2025-07-31,-3770.55,12,Indenização por Uso de Veículo Particular,12,Indenização por Uso de Veículo Particular,
2025,7,1151,402943,2025-07-01,13903.32,1.1,Crédito Mensal ou Ajuste,1,Créditos QBM,
2025,7,1151,402970,2025-07-01,-62.25,5.1,Material do Almoxarifado,5,Material de Expediente,
2025,7,1151,402977,2025-07-01,-8.52,5.1,Material do Almoxarifado,5,Material de Expediente,
2025,7,1151,402982,2025-07-02,-930.0,2.1.10,Colorida,2,Reprografia,
2025,7,1151,402987,2025-07-04,-110.0,,,,,Material adicional - Outros - Valor referente a aquisição de carimbos (processo 117.00072/2025-98)
2025,7,1151,403024,2025-07-14,-81.02,5.1,Material do Almoxarifado,5,Material de Expediente,
2025,7,1151,403027,2025-07-14,-1143.3,6.3,Carta,6,Correios,
2025,7,1151,403054,2025-07-14,-10.95,5.1,Material do Almoxarifado,5,Material de Expediente,
2025,7,1151,403070,2025-07-22,-104.52,5.1,Material do Almoxarifado,5,Material de Expediente,
2025,7,1151,403071,2025-07-22,-5.06,5.1,Material do Almoxarifado,5,Material de Expediente,
2025,7,1151,401895,2025-07-24,-500.5,11.2,Diárias,11,Viagens,
2025,7,1151,403088,2025-07-29,-49.76,5.1,Material do Almoxarifado,5,Material de Expediente,
2025,7,1151,403090,2025-07-29,-0.93,5.1,Material do Almoxarifado,5,Material de Expediente,
2025,7,1153,402960,2025-07-01,13903.32,1.1,Crédito Mensal ou Ajuste,1,Créditos QBM,
2025,7,1153,402976,2025-07-01,-117.04,5.1,Material do Almoxarifado,5,Material de Expediente,
2025,7,1153,403121,2025-07-31,-3458.98,12,Indenização por Uso de Veículo Particular,12,Indenização por Uso de Veículo Particular,
2025,7,1155,402927,2025-07-01,13903.32,1.1,Crédito Mensal ou Ajuste,1,Créditos QBM,
2025,7,1155,403113,2025-07-31,-3163.29,12,Indenização por Uso de Veículo Particular,12,Indenização por Uso de Veículo Particular,
2025,7,1157,402952,2025-07-01,13903.32,1.1,Crédito Mensal ou Ajuste,1,Créditos QBM,
2025,7,1157,402991,2025-07-07,-41.65,5.1,Material do Almoxarifado,5,Material de Expediente,
2025,7,1157,401905,2025-07-24,-500.5,11.2,Diárias,11,Viagens,
2025,7,1157,401915,2025-07-24,-500.5,11.2,Diárias,11,Viagens,
2025,7,1157,401925,2025-07-24,-94.11,11.1,Passagens,11,Viagens,
2025,7,1157,401935,2025-07-24,-204.2,11.1,Passagens,11,Viagens,
2025,7,1157,402799,2025-07-25,-455.0,11.2,Diárias,11,Viagens,
2025,7,1157,403104,2025-07-31,-914.85,12,Indenização por Uso de Veículo Particular,12,Indenização por Uso de Veículo Particular,
2025,7,1160,402965,2025-07-01,13903.32,1.1,Crédito Mensal ou Ajuste,1,Créditos QBM,
2025,7,1160,403002,2025-07-08,-113.05,5.1,Material do Almoxarifado,5,Material de Expediente,
2025,7,1160,403018,2025-07-10,-3.1,2.1.10,Colorida,2,Reprografia,
2025,7,1160,403050,2025-07-14,-489.8,2.1.10,Colorida,2,Reprografia,
2025,7,1160,402818,2025-07-25,-569.63,11.1,Passagens,11,Viagens,
2025,7,1160,402825,2025-07-25,-306.43,11.2,Diárias,11,Viagens,
2025,7,1160,403112,2025-07-31,-3770.55,12,Indenização por Uso de Veículo Particular,12,Indenização por Uso de Veículo Particular,
2025,7,1170,402959,2025-07-01,13903.32,1.1,Crédito Mensal ou Ajuste,1,Créditos QBM,
2025,7,1170,402971,2025-07-01,-101.01,5.1,Material do Almoxarifado,5,Material de Expediente,
2025,7,1170,403005,2025-07-08,-155.0,2.1.10,Colorida,2,Reprografia,
2025,7,1170,402806,2025-07-25,-715.0,11.2,Diárias,11,Viagens,
2025,7,1170,402812,2025-07-25,-268.41,11.1,Passagens,11,Viagens,
2025,7,1170,403108,2025-07-31,-3770.55,12,Indenização por Uso de Veículo Particular,12,Indenização por Uso de Veículo Particular,
2025,7,1176,402931,2025-07-01,13903.32,1.1,Crédito Mensal ou Ajuste,1,Créditos QBM,
2025,7,1176,402973,2025-07-01,-183.0,5.1,Material do Almoxarifado,5,Material de Expediente,
2025,7,1176,402989,2025-07-07,-581.54,3.2.1,Claro Móvel,3,Telefonia,
2025,7,1176,403003,2025-07-08,-110.0,,,,,Material adicional - Outros - Referente a aquisição de carimbos
2025,7,1176,403015,2025-07-09,-15.5,2.1.10,Colorida,2,Reprografia,
2025,7,1176,403016,2025-07-09,-38.41,2.1.9,Preto e Branco,2,Reprografia,
2025,7,1176,403017,2025-07-09,-230.0,2.1.9,Preto e Branco,2,Reprografia,
2025,7,1176,403021,2025-07-10,-23.25,2.1.10,Colorida,2,Reprografia,
2025,7,1176,402420,2025-07-13,-715.0,11.2,Diárias,11,Viagens,
2025,7,1176,402425,2025-07-13,-1274.26,11.1,Passagens,11,Viagens,
2025,7,1176,403046,2025-07-14,-3.1,2.1.10,Colorida,2,Reprografia,
2025,7,1176,403048,2025-07-14,-103.5,2.1.9,Preto e Branco,2,Reprografia,
2025,7,1176,403051,2025-07-14,-21.7,2.1.10,Colorida,2,Reprografia,
2025,7,1176,403061,2025-07-16,-1.55,2.1.10,Colorida,2,Reprografia,
2025,7,1176,403065,2025-07-17,-13.8,2.1.9,Preto e Branco,2,Reprografia,
2025,7,1176,402781,2025-07-25,-726.07,11.1,Passagens,11,Viagens,
2025,7,1176,402787,2025-07-25,-357.5,11.2,Diárias,11,Viagens,
2025,7,1176,403098,2025-07-31,-2754.49,12,Indenização por Uso de Veículo Particular,12,Indenização por Uso de Veículo Particular,
2025,7,1213,402966,2025-07-01,13903.32,1.1,Crédito Mensal ou Ajuste,1,Créditos QBM,
2025,7,1213,402994,2025-07-07,-253.0,2.1.9,Preto e Branco,2,Reprografia,
2025,7,1213,402998,2025-07-07,-360.54,5.1,Material do Almoxarifado,5,Material de Expediente,
2025,7,1213,403004,2025-07-08,-5005.0,11.2,Diárias,11,Viagens,
2025,7,1213,403019,2025-07-10,-46.5,2.1.10,Colorida,2,Reprografia,
2025,7,1213,403110,2025-07-31,-3645.53,12,Indenização por Uso de Veículo Particular,12,Indenização por Uso de Veículo Particular,
2025,7,1221,402937,2025-07-01,13903.32,1.1,Crédito Mensal ou Ajuste,1,Créditos QBM,
2025,7,1221,402996,2025-07-07,-1.55,2.1.10,Colorida,2,Reprografia,
2025,7,1221,402997,2025-07-07,-18.6,2.1.10,Colorida,2,Reprografia,
2025,7,1221,403028,2025-07-14,-50.88,5.1,Material do Almoxarifado,5,Material de Expediente,
2025,7,1221,403053,2025-07-14,-18.6,2.1.10,Colorida,2,Reprografia,
2025,7,1221,402289,2025-07-28,-397.22,11.2,Diárias,11,Viagens,
2025,7,1221,403116,2025-07-31,-1107.35,12,Indenização por Uso de Veículo Particular,12,Indenização por Uso de Veículo Particular,
2025,7,1240,402941,2025-07-01,13903.32,1.1,Crédito Mensal ou Ajuste,1,Créditos QBM,
2025,7,1240,403047,2025-07-14,-52.26,5.1,Material do Almoxarifado,5,Material de Expediente,
2025,7,1240,403072,2025-07-22,-97.69,5.1,Material do Almoxarifado,5,Material de Expediente,
2025,7,1250,402958,2025-07-01,13903.32,1.1,Crédito Mensal ou Ajuste,1,Créditos QBM,
2025,7,1250,402769,2025-07-25,-119.17,11.2,Diárias,11,Viagens,
2025,7,1250,402775,2025-07-25,-292.05,11.1,Passagens,11,Viagens,
2025,7,1250,402793,2025-07-25,-1300.0,11.2,Diárias,11,Viagens,
2025,7,1250,403118,2025-07-31,-381.02,12,Indenização por Uso de Veículo Particular,12,Indenização por Uso de Veículo Particular,
2025,7,1295,402924,2025-07-01,13903.32,1.1,Crédito Mensal ou Ajuste,1,Créditos QBM,
2025,7,1295,403022,2025-07-11,-104.52,5.1,Material do Almoxarifado,5,Material de Expediente,
2025,7,1295,403103,2025-07-31,-758.08,12,Indenização por Uso de Veículo Particular,12,Indenização por Uso de Veículo Particular,
2025,7,1296,402918,2025-07-01,13903.32,1.1,Crédito Mensal ou Ajuste,1,Créditos QBM,
2025,7,1296,403020,2025-07-10,-115.89,5.1,Material do Almoxarifado,5,Material de Expediente,
2025,7,1296,403058,2025-07-15,-72.94,5.1,Material do Almoxarifado,5,Material de Expediente,
2025,7,1297,402923,2025-07-01,13903.32,1.1,Crédito Mensal ou Ajuste,1,Créditos QBM,
2025,7,1297,403010,2025-07-09,-48.26,5.1,Material do Almoxarifado,5,Material de Expediente,
2025,7,1297,402430,2025-07-13,-446.88,11.2,Diárias,11,Viagens,
2025,7,1297,402438,2025-07-13,-351.37,11.1,Passagens,11,Viagens,
2025,7,1297,403052,2025-07-14,-216.66,2.1.9,Preto e Branco,2,Reprografia,
2025,7,1297,403057,2025-07-15,-651.0,2.1.10,Colorida,2,Reprografia,
2025,7,1297,403060,2025-07-16,-4.65,2.1.10,Colorida,2,Reprografia,
2025,7,1297,402298,2025-07-28,-397.22,11.2,Diárias,11,Viagens,
2025,7,1298,402915,2025-07-01,13903.32,1.1,Crédito Mensal ou Ajuste,1,Créditos QBM,
2025,7,1298,403013,2025-07-09,-55.2,2.1.9,Preto e Branco,2,Reprografia,
2025,7,1298,403081,2025-07-23,-3.1,2.1.10,Colorida,2,Reprografia,
2025,7,1298,403102,2025-07-31,-2522.3,12,Indenização por Uso de Veículo Particular,12,Indenização por Uso de Veículo Particular,
2025,7,1299,402934,2025-07-01,13903.32,1.1,Crédito Mensal ou Ajuste,1,Créditos QBM,
2025,7,1299,402995,2025-07-07,-246.82,5.1,Material do Almoxarifado,5,Material de Expediente,
2025,7,1299,403006,2025-07-08,-80.04,2.1.9,Preto e Branco,2,Reprografia,
2025,7,1299,403007,2025-07-08,-9.3,2.1.10,Colorida,2,Reprografia,
2025,7,1299,403059,2025-07-15,-52.26,5.1,Material do Almoxarifado,5,Material de Expediente,
2025,7,1300,402930,2025-07-01,13903.32,1.1,Crédito Mensal ou Ajuste,1,Créditos QBM,
2025,7,1300,402978,2025-07-02,-41.32,5.1,Material do Almoxarifado,5,Material de Expediente,
2025,7,1300,402979,2025-07-02,-7.08,5.1,Material do Almoxarifado,5,Material de Expediente,
2025,7,1300,403049,2025-07-14,-58.13,5.1,Material do Almoxarifado,5,Material de Expediente,
2025,7,1300,403111,2025-07-31,-3726.89,12,Indenização por Uso de Veículo Particular,12,Indenização por Uso de Veículo Particular,
2025,7,1301,402985,2025-07-03,13903.32,1.1,Crédito Mensal ou Ajuste,1,Créditos QBM,
2025,7,1301,402986,2025-07-03,-158.5,5.1,Material do Almoxarifado,5,Material de Expediente,
2025,7,1301,402990,2025-07-03,123.84,5.1,Material do Almoxarifado,5,Material de Expediente,
2025,7,1301,402988,2025-07-07,-76.95,5.1,Material do Almoxarifado,5,Material de Expediente,
2025,7,1302,402933,2025-07-01,13903.32,1.1,Crédito Mensal ou Ajuste,1,Créditos QBM,
2025,7,1302,403029,2025-07-14,-357.5,11.2,Diárias,11,Viagens,
2025,7,1302,403035,2025-07-14,-1044.77,11.1,Passagens,11,Viagens,
2025,7,1302,403075,2025-07-22,-116.69,5.1,Material do Almoxarifado,5,Material de Expediente,
2025,7,1302,403078,2025-07-23,-477.4,2.1.10,Colorida,2,Reprografia,
2025,7,1302,403086,2025-07-25,-452.6,2.1.10,Colorida,2,Reprografia,
2025,7,1302,403087,2025-07-25,-92.0,2.1.9,Preto e Branco,2,Reprografia,
2025,7,1302,403106,2025-07-31,-1857.49,12,Indenização por Uso de Veículo Particular,12,Indenização por Uso de Veículo Particular,
2025,7,1303,402932,2025-07-01,13903.32,1.1,Crédito Mensal ou Ajuste,1,Créditos QBM,
2025,7,1303,402972,2025-07-01,-126.48,5.1,Material do Almoxarifado,5,Material de Expediente,
2025,7,1303,403115,2025-07-31,-2647.32,12,Indenização por Uso de Veículo Particular,12,Indenização por Uso de Veículo Particular,
2025,8,23,403185,2025-08-01,13903.32,1.1,Crédito Mensal ou Ajuste,1,Créditos QBM,
2025,8,23,403204,2025-08-04,-38.75,2.1.10,Colorida,2,Reprografia,
2025,8,23,403268,2025-08-13,-46.0,2.1.9,Preto e Branco,2,Reprografia,
2025,8,23,403290,2025-08-18,-162.66,5.1,Material do Almoxarifado,5,Material de Expediente,
2025,8,23,403291,2025-08-18,-92.0,2.1.9,Preto e Branco,2,Reprografia,
2025,8,23,403292,2025-08-18,-620.0,2.1.10,Colorida,2,Reprografia,
2025,8,23,403371,2025-08-28,-72.0,5.1,Material do Almoxarifado,5,Material de Expediente,
2025,8,23,403403,2025-08-31,-1127.2,12,Indenização por Uso de Veículo Particular,12,Indenização por Uso de Veículo Particular,
2025,8,229,403182,2025-08-01,13903.32,1.1,Crédito Mensal ou Ajuste,1,Créditos QBM,
2025,8,229,403225,2025-08-06,-116.25,2.1.10,Colorida,2,Reprografia,
2025,8,229,403229,2025-08-07,-165.85,2.1.10,Colorida,2,Reprografia,
2025,8,229,403230,2025-08-07,-1.55,2.1.10,Colorida,2,Reprografia,
2025,8,229,403236,2025-08-11,-124.0,2.1.10,Colorida,2,Reprografia,
2025,8,229,403253,2025-08-12,-6778.4,6.3,Carta,6,Correios,
2025,8,229,403321,2025-08-21,-1.55,2.1.10,Colorida,2,Reprografia,
2025,8,229,403337,2025-08-25,-7.75,2.1.10,Colorida,2,Reprografia,
2025,8,229,403374,2025-08-28,-25.56,5.1,Material do Almoxarifado,5,Material de Expediente,
2025,8,229,403400,2025-08-31,-3770.55,12,Indenização por Uso de Veículo Particular,12,Indenização por Uso de Veículo Particular,
2025,8,232,403173,2025-08-01,13903.32,1.1,Crédito Mensal ou Ajuste,1,Créditos QBM,
2025,8,232,403256,2025-08-12,-123.38,5.1,Material do Almoxarifado,5,Material de Expediente,
2025,8,232,403364,2025-08-27,-581.54,3.2.1,Claro Móvel,3,Telefonia,
2025,8,232,403412,2025-08-31,-2833.87,12,Indenização por Uso de Veículo Particular,12,Indenização por Uso de Veículo Particular,
2025,8,1058,403126,2025-08-01,13903.32,1.1,Crédito Mensal ou Ajuste,1,Créditos QBM,
2025,8,1058,403331,2025-08-25,-24.33,5.1,Material do Almoxarifado,5,Material de Expediente,
2025,8,1058,403342,2025-08-26,-24.0,5.1,Material do Almoxarifado,5,Material de Expediente,
2025,8,1058,403407,2025-08-31,-1500.28,12,Indenização por Uso de Veículo Particular,12,Indenização por Uso de Veículo Particular,
2025,8,1067,403165,2025-08-01,13903.32,1.1,Crédito Mensal ou Ajuste,1,Créditos QBM,
2025,8,1067,403205,2025-08-04,-0.69,2.1.9,Preto e Branco,2,Reprografia,
2025,8,1067,403206,2025-08-04,-26.76,5.1,Material do Almoxarifado,5,Material de Expediente,
2025,8,1067,403210,2025-08-04,-4.65,2.1.10,Colorida,2,Reprografia,
2025,8,1067,403232,2025-08-07,-6.2,2.1.10,Colorida,2,Reprografia,
2025,8,1067,403239,2025-08-11,-49.6,2.1.10,Colorida,2,Reprografia,
2025,8,1067,403242,2025-08-11,-1.55,2.1.10,Colorida,2,Reprografia,
2025,8,1067,403252,2025-08-12,-1813.0,6.3,Carta,6,Correios,
2025,8,1067,403288,2025-08-18,-1.55,2.1.10,Colorida,2,Reprografia,
2025,8,1067,403323,2025-08-21,-116.18,5.1,Material do Almoxarifado,5,Material de Expediente,
2025,8,1067,403347,2025-08-26,-258.85,2.1.10,Colorida,2,Reprografia,
2025,8,1067,403359,2025-08-27,-4.65,2.1.10,Colorida,2,Reprografia,
2025,8,1067,403360,2025-08-27,-1.55,2.1.10,Colorida,2,Reprografia,
2025,8,1067,403361,2025-08-27,-1.55,2.1.10,Colorida,2,Reprografia,
2025,8,1067,403369,2025-08-28,-15.5,2.1.10,Colorida,2,Reprografia,
2025,8,1067,403370,2025-08-28,-6.2,2.1.10,Colorida,2,Reprografia,
2025,8,1067,403378,2025-08-28,-3.1,2.1.10,Colorida,2,Reprografia,
2025,8,1067,403379,2025-08-28,-115.0,2.1.9,Preto e Branco,2,Reprografia,
2025,8,1067,403381,2025-08-29,49.6,2,Reprografia,2,Reprografia,
2025,8,1067,403382,2025-08-29,-26.35,2.1.10,Colorida,2,Reprografia,
2025,8,1067,403383,2025-08-29,-24.8,2.1.10,Colorida,2,Reprografia,
2025,8,1067,403384,2025-08-29,1.55,2,Reprografia,2,Reprografia,
2025,8,1067,403394,2025-08-31,-3770.55,12,Indenização por Uso de Veículo Particular,12,Indenização por Uso de Veículo Particular,
2025,8,1110,403184,2025-08-01,13903.32,1.1,Crédito Mensal ou Ajuste,1,Créditos QBM,
2025,8,1110,403262,2025-08-12,-3.1,2.1.10,Colorida,2,Reprografia,
2025,8,1110,403267,2025-08-13,-92.52,5.1,Material do Almoxarifado,5,Material de Expediente,
2025,8,1110,403356,2025-08-27,-24.0,5.1,Material do Almoxarifado,5,Material de Expediente,
2025,8,1113,403163,2025-08-01,13903.32,1.1,Crédito Mensal ou Ajuste,1,Créditos QBM,
2025,8,1115,403178,2025-08-01,13903.32,1.1,Crédito Mensal ou Ajuste,1,Créditos QBM,
2025,8,1115,403338,2025-08-25,-186.38,5.1,Material do Almoxarifado,5,Material de Expediente,
2025,8,1115,403391,2025-08-31,-2480.63,12,Indenização por Uso de Veículo Particular,12,Indenização por Uso de Veículo Particular,
2025,8,1117,403177,2025-08-01,13903.32,1.1,Crédito Mensal ou Ajuste,1,Créditos QBM,
2025,8,1117,403207,2025-08-04,-54.26,5.1,Material do Almoxarifado,5,Material de Expediente,
2025,8,1117,403208,2025-08-04,-64.55,5.1,Material do Almoxarifado,5,Material de Expediente,
2025,8,1117,402833,2025-08-25,-510.71,11.2,Diárias,11,Viagens,
2025,8,1117,402840,2025-08-25,-360.3,11.1,Passagens,11,Viagens,
2025,8,1117,403330,2025-08-25,-20.34,5.1,Material do Almoxarifado,5,Material de Expediente,
2025,8,1117,403339,2025-08-25,-7.75,2.1.10,Colorida,2,Reprografia,
2025,8,1117,403392,2025-08-31,-3131.54,12,Indenização por Uso de Veículo Particular,12,Indenização por Uso de Veículo Particular,
2025,8,1127,403176,2025-08-01,13903.32,1.1,Crédito Mensal ou Ajuste,1,Créditos QBM,
2025,8,1127,403233,2025-08-07,-31.0,2.1.10,Colorida,2,Reprografia,
2025,8,1127,403238,2025-08-11,-460.0,2.1.9,Preto e Branco,2,Reprografia,
2025,8,1127,403042,2025-08-14,-1633.96,11.1,Passagens,11,Viagens,
2025,8,1127,403328,2025-08-22,-155.0,2.1.10,Colorida,2,Reprografia,
2025,8,1127,403343,2025-08-26,-280.58,5.1,Material do Almoxarifado,5,Material de Expediente,
2025,8,1127,403367,2025-08-27,-230.0,2.1.9,Preto e Branco,2,Reprografia,
2025,8,1128,403187,2025-08-01,13903.32,1.1,Crédito Mensal ou Ajuste,1,Créditos QBM,
2025,8,1128,403221,2025-08-06,-31.0,2.1.10,Colorida,2,Reprografia,
2025,8,1128,403223,2025-08-06,-10.85,2.1.10,Colorida,2,Reprografia,
2025,8,1128,403226,2025-08-06,-1.55,2.1.10,Colorida,2,Reprografia,
2025,8,1128,403227,2025-08-07,-2.76,2.1.9,Preto e Branco,2,Reprografia,
2025,8,1128,403231,2025-08-07,-142.83,5.1,Material do Almoxarifado,5,Material de Expediente,
2025,8,1128,403246,2025-08-11,-1.55,2.1.10,Colorida,2,Reprografia,
2025,8,1128,403278,2025-08-13,-15.5,2.1.10,Colorida,2,Reprografia,
2025,8,1128,403281,2025-08-14,-156.55,2.1.10,Colorida,2,Reprografia,
2025,8,1128,403315,2025-08-19,-27.9,2.1.10,Colorida,2,Reprografia,
2025,8,1128,403324,2025-08-21,-42.35,5.1,Material do Almoxarifado,5,Material de Expediente,
2025,8,1128,403333,2025-08-25,-37.2,2.1.10,Colorida,2,Reprografia,
2025,8,1128,403345,2025-08-26,-79.05,2.1.10,Colorida,2,Reprografia,
2025,8,1128,403353,2025-08-26,-38.75,2.1.10,Colorida,2,Reprografia,
2025,8,1128,403358,2025-08-27,-1.55,2.1.10,Colorida,2,Reprografia,
2025,8,1128,403363,2025-08-27,-12.0,5.1,Material do Almoxarifado,5,Material de Expediente,
2025,8,1128,403404,2025-08-31,-1089.49,12,Indenização por Uso de Veículo Particular,12,Indenização por Uso de Veículo Particular,
2025,8,1130,403188,2025-08-01,13903.32,1.1,Crédito Mensal ou Ajuste,1,Créditos QBM,
2025,8,1130,403297,2025-08-19,-3.1,2.1.10,Colorida,2,Reprografia,
2025,8,1130,403350,2025-08-26,-72.0,5.1,Material do Almoxarifado,5,Material de Expediente,
2025,8,1130,403386,2025-08-29,-13.95,2.1.10,Colorida,2,Reprografia,
2025,8,1130,403389,2025-08-31,-2671.14,12,Indenização por Uso de Veículo Particular,12,Indenização por Uso de Veículo Particular,
2025,8,1141,403175,2025-08-01,13903.32,1.1,Crédito Mensal ou Ajuste,1,Créditos QBM,
2025,8,1141,403218,2025-08-06,-176.75,5.1,Material do Almoxarifado,5,Material de Expediente,
2025,8,1141,403277,2025-08-13,-6.2,2.1.10,Colorida,2,Reprografia,
2025,8,1141,403325,2025-08-21,-1.55,2.1.10,Colorida,2,Reprografia,
2025,8,1141,403352,2025-08-26,-1.84,2.1.9,Preto e Branco,2,Reprografia,
2025,8,1141,403355,2025-08-27,-124.58,5.1,Material do Almoxarifado,5,Material de Expediente,
2025,8,1141,403375,2025-08-28,-12.4,2.1.10,Colorida,2,Reprografia,
2025,8,1141,403409,2025-08-31,-462.39,12,Indenização por Uso de Veículo Particular,12,Indenização por Uso de Veículo Particular,
2025,8,1144,403174,2025-08-01,13903.32,1.1,Crédito Mensal ou Ajuste,1,Créditos QBM,
2025,8,1145,403181,2025-08-01,13903.32,1.1,Crédito Mensal ou Ajuste,1,Créditos QBM,
2025,8,1145,403251,2025-08-12,-240.98,5.1,Material do Almoxarifado,5,Material de Expediente,
2025,8,1145,403285,2025-08-18,-67.51,5.1,Material do Almoxarifado,5,Material de Expediente,
2025,8,1145,403327,2025-08-22,-34.4,5.1,Material do Almoxarifado,5,Material de Expediente,
2025,8,1145,403329,2025-08-22,-9.3,2.1.10,Colorida,2,Reprografia,
2025,8,1145,403399,2025-08-31,-3770.55,12,Indenização por Uso de Veículo Particular,12,Indenização por Uso de Veículo Particular,
2025,8,1151,403166,2025-08-01,13903.32,1.1,Crédito Mensal ou Ajuste,1,Créditos QBM,
2025,8,1151,403199,2025-08-04,-56.93,5.1,Material do Almoxarifado,5,Material de Expediente,
2025,8,1151,403200,2025-08-04,-930.0,2.1.10,Colorida,2,Reprografia,
2025,8,1151,403212,2025-08-04,-25.56,5.1,Material do Almoxarifado,5,Material de Expediente,
2025,8,1151,403254,2025-08-12,-7622.0,6.3,Carta,6,Correios,
2025,8,1151,403275,2025-08-13,-21.87,5.1,Material do Almoxarifado,5,Material de Expediente,
2025,8,1151,401896,2025-08-24,-500.5,11.2,Diárias,11,Viagens,
2025,8,1151,403344,2025-08-26,-47.24,5.1,Material do Almoxarifado,5,Material de Expediente,
2025,8,1153,403172,2025-08-01,13903.32,1.1,Crédito Mensal ou Ajuste,1,Créditos QBM,
2025,8,1153,403216,2025-08-05,-2275.0,11.2,Diárias,11,Viagens,
2025,8,1153,403217,2025-08-05,-285.6,11.1,Passagens,11,Viagens,
2025,8,1153,403235,2025-08-07,-108.07,5.1,Material do Almoxarifado,5,Material de Expediente,
2025,8,1153,403372,2025-08-28,-87.49,5.1,Material do Almoxarifado,5,Material de Expediente,
2025,8,1153,403405,2025-08-31,-3401.43,12,Indenização por Uso de Veículo Particular,12,Indenização por Uso de Veículo Particular,
2025,8,1155,403151,2025-08-01,13903.32,1.1,Crédito Mensal ou Ajuste,1,Créditos QBM,
2025,8,1155,403241,2025-08-11,-119.98,5.1,Material do Almoxarifado,5,Material de Expediente,
2025,8,1155,403289,2025-08-18,-3.1,2.1.10,Colorida,2,Reprografia,
2025,8,1155,403408,2025-08-31,-3770.55,12,Indenização por Uso de Veículo Particular,12,Indenização por Uso de Veículo Particular,
2025,8,1157,403171,2025-08-01,13903.32,1.1,Crédito Mensal ou Ajuste,1,Créditos QBM,
2025,8,1157,403224,2025-08-06,-119.23,5.1,Material do Almoxarifado,5,Material de Expediente,
2025,8,1157,403294,2025-08-19,-45.79,5.1,Material do Almoxarifado,5,Material de Expediente,
2025,8,1157,401906,2025-08-24,-500.5,11.2,Diárias,11,Viagens,
2025,8,1157,401916,2025-08-24,-500.5,11.2,Diárias,11,Viagens,
2025,8,1157,401926,2025-08-24,-94.11,11.1,Passagens,11,Viagens,
2025,8,1157,401936,2025-08-24,-204.2,11.1,Passagens,11,Viagens,
2025,8,1157,402800,2025-08-25,-455.0,11.2,Diárias,11,Viagens,
2025,8,1157,403413,2025-08-31,-1339.54,12,Indenização por Uso de Veículo Particular,12,Indenização por Uso de Veículo Particular,
2025,8,1160,403183,2025-08-01,13903.32,1.1,Crédito Mensal ou Ajuste,1,Créditos QBM,
2025,8,1160,402819,2025-08-25,-569.63,11.1,Passagens,11,Viagens,
2025,8,1160,402826,2025-08-25,-306.43,11.2,Diárias,11,Viagens,
2025,8,1160,403336,2025-08-25,-100.0,,,,,Material adicional - Outros - Confecção de carimbos
2025,8,1160,403368,2025-08-27,-79.0,5.1,Material do Almoxarifado,5,Material de Expediente,
2025,8,1160,403387,2025-08-31,-3744.75,12,Indenização por Uso de Veículo Particular,12,Indenização por Uso de Veículo Particular,
2025,8,1170,403180,2025-08-01,13903.32,1.1,Crédito Mensal ou Ajuste,1,Créditos QBM,
2025,8,1170,403215,2025-08-05,-90.19,5.1,Material do Almoxarifado,5,Material de Expediente,
2025,8,1170,403257,2025-08-12,-77.5,2.1.10,Colorida,2,Reprografia,
2025,8,1170,403258,2025-08-12,-2.4,5.1,Material do Almoxarifado,5,Material de Expediente,
2025,8,1170,403259,2025-08-12,-232.5,2.1.10,Colorida,2,Reprografia,
2025,8,1170,403269,2025-08-13,-56.81,5.1,Material do Almoxarifado,5,Material de Expediente,
2025,8,1170,403283,2025-08-14,-15.56,5.1,Material do Almoxarifado,5,Material de Expediente,
2025,8,1170,403319,2025-08-20,-96.1,2.1.10,Colorida,2,Reprografia,
2025,8,1170,402807,2025-08-25,-715.0,11.2,Diárias,11,Viagens,
2025,8,1170,402813,2025-08-25,-268.41,11.1,Passagens,11,Viagens,
2025,8,1170,403414,2025-08-31,-3770.55,12,Indenização por Uso de Veículo Particular,12,Indenização por Uso de Veículo Particular,
2025,8,1176,403160,2025-08-01,13903.32,1.1,Crédito Mensal ou Ajuste,1,Créditos QBM,
2025,8,1176,403194,2025-08-01,-70.84,2.1.9,Preto e Branco,2,Reprografia,
2025,8,1176,403213,2025-08-05,-154.02,5.1,Material do Almoxarifado,5,Material de Expediente,
2025,8,1176,402421,2025-08-13,-715.0,11.2,Diárias,11,Viagens,
2025,8,1176,402426,2025-08-13,-1274.26,11.1,Passagens,11,Viagens,
2025,8,1176,402782,2025-08-25,-726.07,11.1,Passagens,11,Viagens,
2025,8,1176,402788,2025-08-25,-357.5,11.2,Diárias,11,Viagens,
2025,8,1176,403340,2025-08-26,-72.0,5.1,Material do Almoxarifado,5,Material de Expediente,
2025,8,1176,403397,2025-08-31,-3770.55,12,Indenização por Uso de Veículo Particular,12,Indenização por Uso de Veículo Particular,
2025,8,1213,403186,2025-08-01,13903.32,1.1,Crédito Mensal ou Ajuste,1,Créditos QBM,
2025,8,1213,403260,2025-08-12,-263.5,2.1.10,Colorida,2,Reprografia,
2025,8,1213,403261,2025-08-12,-1.84,2.1.9,Preto e Branco,2,Reprografia,
2025,8,1213,403263,2025-08-12,-620.0,2.1.10,Colorida,2,Reprografia,
2025,8,1213,403298,2025-08-19,-477.08,5.1,Material do Almoxarifado,5,Material de Expediente,
2025,8,1213,403366,2025-08-27,-126.6,5.1,Material do Almoxarifado,5,Material de Expediente,
2025,8,1213,403398,2025-08-31,-3466.92,12,Indenização por Uso de Veículo Particular,12,Indenização por Uso de Veículo Particular,
2025,8,1221,403157,2025-08-01,13903.32,1.1,Crédito Mensal ou Ajuste,1,Créditos QBM,
2025,8,1221,403271,2025-08-13,-4.64,5.1,Material do Almoxarifado,5,Material de Expediente,
2025,8,1221,402290,2025-08-28,-397.22,11.2,Diárias,11,Viagens,
2025,8,1221,403377,2025-08-28,-48.0,5.1,Material do Almoxarifado,5,Material de Expediente,
2025,8,1221,403410,2025-08-31,-980.34,12,Indenização por Uso de Veículo Particular,12,Indenização por Uso de Veículo Particular,
2025,8,1240,403164,2025-08-01,13903.32,1.1,Crédito Mensal ou Ajuste,1,Créditos QBM,
2025,8,1240,403209,2025-08-04,-15.5,2.1.10,Colorida,2,Reprografia,
2025,8,1240,403220,2025-08-06,-126.96,2.1.9,Preto e Branco,2,Reprografia,
2025,8,1240,403255,2025-08-12,-97.52,2.1.9,Preto e Branco,2,Reprografia,
2025,8,1240,403295,2025-08-19,-3.1,2.1.10,Colorida,2,Reprografia,
2025,8,1240,403296,2025-08-19,-15.5,2.1.10,Colorida,2,Reprografia,
2025,8,1240,403313,2025-08-19,-49.6,2.1.10,Colorida,2,Reprografia,
2025,8,1240,403365,2025-08-27,-52.26,5.1,Material do Almoxarifado,5,Material de Expediente,
2025,8,1240,403385,2025-08-29,-4.65,2.1.10,Colorida,2,Reprografia,
2025,8,1250,403179,2025-08-01,13903.32,1.1,Crédito Mensal ou Ajuste,1,Créditos QBM,
2025,8,1250,402770,2025-08-25,-119.17,11.2,Diárias,11,Viagens,
2025,8,1250,402776,2025-08-25,-292.05,11.1,Passagens,11,Viagens,
2025,8,1250,402794,2025-08-25,-1300.0,11.2,Diárias,11,Viagens,
2025,8,1250,403362,2025-08-27,-10.49,5.1,Material do Almoxarifado,5,Material de Expediente,
2025,8,1250,403393,2025-08-31,-607.26,12,Indenização por Uso de Veículo Particular,12,Indenização por Uso de Veículo Particular,
2025,8,1295,403148,2025-08-01,13903.32,1.1,Crédito Mensal ou Ajuste,1,Créditos QBM,
2025,8,1295,403201,2025-08-04,-166.92,5.1,Material do Almoxarifado,5,Material de Expediente,
2025,8,1295,403322,2025-08-21,-51.18,5.1,Material do Almoxarifado,5,Material de Expediente,
2025,8,1295,403346,2025-08-26,-24.0,5.1,Material do Almoxarifado,5,Material de Expediente,
2025,8,1295,403411,2025-08-31,-627.1,12,Indenização por Uso de Veículo Particular,12,Indenização por Uso de Veículo Particular,
2025,8,1296,403142,2025-08-01,13903.32,1.1,Crédito Mensal ou Ajuste,1,Créditos QBM,
2025,8,1296,403219,2025-08-06,-6.2,2.1.10,Colorida,2,Reprografia,
2025,8,1296,403244,2025-08-11,-7.5,5.1,Material do Almoxarifado,5,Material de Expediente,
2025,8,1296,403282,2025-08-14,-3.1,2.1.10,Colorida,2,Reprografia,
2025,8,1296,403376,2025-08-28,-161.72,5.1,Material do Almoxarifado,5,Material de Expediente,
2025,8,1296,403406,2025-08-31,-867.23,12,Indenização por Uso de Veículo Particular,12,Indenização por Uso de Veículo Particular,
2025,8,1297,403147,2025-08-01,13903.32,1.1,Crédito Mensal ou Ajuste,1,Créditos QBM,
2025,8,1297,403211,2025-08-04,-17.04,5.1,Material do Almoxarifado,5,Material de Expediente,
2025,8,1297,402431,2025-08-13,-446.88,11.2,Diárias,11,Viagens,
2025,8,1297,402439,2025-08-13,-351.37,11.1,Passagens,11,Viagens,
2025,8,1297,403293,2025-08-18,-620.0,2.1.10,Colorida,2,Reprografia,
2025,8,1297,402299,2025-08-28,-397.22,11.2,Diárias,11,Viagens,
2025,8,1298,403141,2025-08-01,13903.32,1.1,Crédito Mensal ou Ajuste,1,Créditos QBM,
2025,8,1298,403286,2025-08-18,-1.55,2.1.10,Colorida,2,Reprografia,
2025,8,1298,403314,2025-08-19,-3.1,2.1.10,Colorida,2,Reprografia,
2025,8,1298,403388,2025-08-31,-3014.46,12,Indenização por Uso de Veículo Particular,12,Indenização por Uso de Veículo Particular,
2025,8,1299,403154,2025-08-01,13903.32,1.1,Crédito Mensal ou Ajuste,1,Créditos QBM,
2025,8,1299,403287,2025-08-18,-97.1,5.1,Material do Almoxarifado,5,Material de Expediente,
2025,8,1299,403390,2025-08-31,-2976.75,12,Indenização por Uso de Veículo Particular,12,Indenização por Uso de Veículo Particular,
2025,8,1300,403161,2025-08-01,13903.32,1.1,Crédito Mensal ou Ajuste,1,Créditos QBM,
2025,8,1300,403222,2025-08-06,-105.4,2.1.10,Colorida,2,Reprografia,
2025,8,1300,403284,2025-08-15,-110.0,,,,,Material adicional - Outros - Referente a confecção de dois carimbos (processo 362.00071/2025-60)
2025,8,1300,403307,2025-08-19,-3575.0,11.2,Diárias,11,Viagens,
2025,8,1300,403308,2025-08-19,-6135.22,11.1,Passagens,11,Viagens,
2025,8,1300,403317,2025-08-20,-62.0,2.1.10,Colorida,2,Reprografia,
2025,8,1300,403326,2025-08-22,-55.79,5.1,Material do Almoxarifado,5,Material de Expediente,
2025,8,1300,403341,2025-08-26,-12.0,5.1,Material do Almoxarifado,5,Material de Expediente,
2025,8,1300,403380,2025-08-29,-6.2,2.1.10,Colorida,2,Reprografia,
2025,8,1300,403396,2025-08-31,-3770.55,12,Indenização por Uso de Veículo Particular,12,Indenização por Uso de Veículo Particular,
2025,8,1301,403129,2025-08-01,13903.32,1.1,Crédito Mensal ou Ajuste,1,Créditos QBM,
2025,8,1301,403202,2025-08-04,-9.3,2.1.10,Colorida,2,Reprografia,
2025,8,1301,403203,2025-08-04,-13.95,2.1.10,Colorida,2,Reprografia,
2025,8,1301,403237,2025-08-11,-27.93,5.1,Material do Almoxarifado,5,Material de Expediente,
2025,8,1301,403247,2025-08-12,-37.37,5.1,Material do Almoxarifado,5,Material de Expediente,
2025,8,1301,403265,2025-08-13,-61.92,5.1,Material do Almoxarifado,5,Material de Expediente,
2025,8,1301,403266,2025-08-13,-61.92,5.1,Material do Almoxarifado,5,Material de Expediente,
2025,8,1301,403272,2025-08-13,61.92,5.1,Material do Almoxarifado,5,Material de Expediente,
2025,8,1301,403273,2025-08-13,61.92,5.1,Material do Almoxarifado,5,Material de Expediente,
2025,8,1301,403274,2025-08-13,-86.91,5.1,Material do Almoxarifado,5,Material de Expediente,
2025,8,1301,403349,2025-08-26,-33.0,5.1,Material do Almoxarifado,5,Material de Expediente,
2025,8,1301,403402,2025-08-31,-3770.55,12,Indenização por Uso de Veículo Particular,12,Indenização por Uso de Veículo Particular,
2025,8,1302,403156,2025-08-01,13903.32,1.1,Crédito Mensal ou Ajuste,1,Créditos QBM,
2025,8,1302,403234,2025-08-07,-387.5,2.1.10,Colorida,2,Reprografia,
2025,8,1302,403243,2025-08-11,-133.45,5.1,Material do Almoxarifado,5,Material de Expediente,
2025,8,1302,403248,2025-08-12,-49.6,2.1.10,Colorida,2,Reprografia,
2025,8,1302,403249,2025-08-12,-18.6,2.1.10,Colorida,2,Reprografia,
2025,8,1302,403250,2025-08-12,-72.4,5.1,Material do Almoxarifado,5,Material de Expediente,
2025,8,1302,403276,2025-08-13,-310.0,2.1.10,Colorida,2,Reprografia,
2025,8,1302,403030,2025-08-14,-357.5,11.2,Diárias,11,Viagens,
2025,8,1302,403036,2025-08-14,-1044.77,11.1,Passagens,11,Viagens,
2025,8,1302,403334,2025-08-25,-3.1,2.1.10,Colorida,2,Reprografia,
2025,8,1302,403335,2025-08-25,-13.95,2.1.10,Colorida,2,Reprografia,
2025,8,1302,403357,2025-08-27,-81.42,5.1,Material do Almoxarifado,5,Material de Expediente,
2025,8,1302,403395,2025-08-31,-2397.28,12,Indenização por Uso de Veículo Particular,12,Indenização por Uso de Veículo Particular,
2025,8,1303,403155,2025-08-01,13903.32,1.1,Crédito Mensal ou Ajuste,1,Créditos QBM,
2025,8,1303,403214,2025-08-05,-36.12,5.1,Material do Almoxarifado,5,Material de Expediente,
2025,8,1303,403299,2025-08-19,-893.75,11.2,Diárias,11,Viagens,
2025,8,1303,403309,2025-08-19,-908.33,11.1,Passagens,11,Viagens,
2025,8,1303,403401,2025-08-31,-3103.76,12,Indenização por Uso de Veículo Particular,12,Indenização por Uso de Veículo Particular,
2025,9,23,403482,2025-09-01,13903.32,1.1,Crédito Mensal ou Ajuste,1,Créditos QBM,
2025,9,23,403602,2025-09-22,-26.99,5.1,Material do Almoxarifado,5,Material de Expediente,
2025,9,23,403660,2025-09-30,-108.5,2.1.10,Colorida,2,Reprografia,
2025,9,23,403819,2025-09-30,-1633.24,12,Indenização por Uso de Veículo Particular,12,Indenização por Uso de Veículo Particular,
2025,9,229,403483,2025-09-01,13903.32,1.1,Crédito Mensal ou Ajuste,1,Créditos QBM,
2025,9,229,403558,2025-09-10,-5387.2,6.3,Carta,6,Correios,
2025,9,229,403596,2025-09-17,-4.65,2.1.10,Colorida,2,Reprografia,
2025,9,229,403605,2025-09-22,-138.0,5.1,Material do Almoxarifado,5,Material de Expediente,
2025,9,229,403607,2025-09-22,-292.37,5.1,Material do Almoxarifado,5,Material de Expediente,
2025,9,229,403614,2025-09-23,-7.29,5.1,Material do Almoxarifado,5,Material de Expediente,
2025,9,229,403624,2025-09-24,-6.2,2.1.10,Colorida,2,Reprografia,
2025,9,229,403626,2025-09-24,-6.2,2.1.10,Colorida,2,Reprografia,
2025,9,229,403641,2025-09-29,-6.2,2.1.10,Colorida,2,Reprografia,
2025,9,229,403646,2025-09-29,-3.1,2.1.10,Colorida,2,Reprografia,
2025,9,229,403647,2025-09-29,-1.55,2.1.10,Colorida,2,Reprografia,
2025,9,229,403809,2025-09-30,-3770.55,12,Indenização por Uso de Veículo Particular,12,Indenização por Uso de Veículo Particular,
2025,9,232,403473,2025-09-01,13903.32,1.1,Crédito Mensal ou Ajuste,1,Créditos QBM,
2025,9,232,403579,2025-09-15,-67.62,2.1.9,Preto e Branco,2,Reprografia,
2025,9,232,403622,2025-09-24,-149.28,5.1,Material do Almoxarifado,5,Material de Expediente,
2025,9,232,403814,2025-09-30,-2696.94,12,Indenização por Uso de Veículo Particular,12,Indenização por Uso de Veículo Particular,
2025,9,1058,403416,2025-09-01,13903.32,1.1,Crédito Mensal ou Ajuste,1,Créditos QBM,
2025,9,1058,403567,2025-09-11,-32.52,5.1,Material do Almoxarifado,5,Material de Expediente,
2025,9,1058,403640,2025-09-29,-9.3,2.1.10,Colorida,2,Reprografia,
2025,9,1058,403813,2025-09-30,-871.2,12,Indenização por Uso de Veículo Particular,12,Indenização por Uso de Veículo Particular,
2025,9,1067,403461,2025-09-01,13903.32,1.1,Crédito Mensal ou Ajuste,1,Créditos QBM,
2025,9,1067,403493,2025-09-02,-184.72,5.1,Material do Almoxarifado,5,Material de Expediente,
2025,9,1067,403521,2025-09-04,-4.5,5.1,Material do Almoxarifado,5,Material de Expediente,
2025,9,1067,403569,2025-09-12,-302.02,5.1,Material do Almoxarifado,5,Material de Expediente,
2025,9,1067,403580,2025-09-15,-7.75,2.1.10,Colorida,2,Reprografia,
2025,9,1067,403587,2025-09-17,-49.6,2.1.10,Colorida,2,Reprografia,
2025,9,1067,403627,2025-09-24,-258.85,2.1.10,Colorida,2,Reprografia,
2025,9,1067,403628,2025-09-25,-69.0,5.1,Material do Almoxarifado,5,Material de Expediente,
2025,9,1067,403645,2025-09-29,-26.35,2.1.10,Colorida,2,Reprografia,
2025,9,1067,403827,2025-09-30,-3770.55,12,Indenização por Uso de Veículo Particular,12,Indenização por Uso de Veículo Particular,
2025,9,1110,403488,2025-09-01,13903.32,1.1,Crédito Mensal ou Ajuste,1,Créditos QBM,
2025,9,1110,403612,2025-09-22,-51.83,5.1,Material do Almoxarifado,5,Material de Expediente,
2025,9,1113,403457,2025-09-01,13903.32,1.1,Crédito Mensal ou Ajuste,1,Créditos QBM,
2025,9,1115,403477,2025-09-01,13903.32,1.1,Crédito Mensal ou Ajuste,1,Créditos QBM,
2025,9,1115,403831,2025-09-30,-2226.61,12,Indenização por Uso de Veículo Particular,12,Indenização por Uso de Veículo Particular,
2025,9,1117,403480,2025-09-01,13903.32,1.1,Crédito Mensal ou Ajuste,1,Créditos QBM,
2025,9,1117,403584,2025-09-17,-170.5,2.1.10,Colorida,2,Reprografia,
2025,9,1117,403585,2025-09-17,-25.7,5.1,Material do Almoxarifado,5,Material de Expediente,
2025,9,1117,403601,2025-09-19,-21.3,5.1,Material do Almoxarifado,5,Material de Expediente,
2025,9,1117,403608,2025-09-22,-3.1,2.1.10,Colorida,2,Reprografia,
2025,9,1117,402834,2025-09-25,-510.71,11.2,Diárias,11,Viagens,
2025,9,1117,402841,2025-09-25,-360.3,11.1,Passagens,11,Viagens,
2025,9,1117,403636,2025-09-29,-17.04,5.1,Material do Almoxarifado,5,Material de Expediente,
2025,9,1117,403649,2025-09-30,-536.25,11.2,Diárias,11,Viagens,
2025,9,1117,403653,2025-09-30,-572.95,11.1,Passagens,11,Viagens,
2025,9,1117,403820,2025-09-30,-2937.06,12,Indenização por Uso de Veículo Particular,12,Indenização por Uso de Veículo Particular,
2025,9,1127,403476,2025-09-01,13903.32,1.1,Crédito Mensal ou Ajuste,1,Créditos QBM,
2025,9,1127,403530,2025-09-08,-1223.56,11.1,Passagens,11,Viagens,
2025,9,1127,403570,2025-09-12,-163.81,5.1,Material do Almoxarifado,5,Material de Expediente,
2025,9,1127,403043,2025-09-14,-1633.96,11.1,Passagens,11,Viagens,
2025,9,1127,403633,2025-09-26,-180.42,5.1,Material do Almoxarifado,5,Material de Expediente,
2025,9,1127,403658,2025-09-30,-6.2,2.1.10,Colorida,2,Reprografia,
2025,9,1127,403666,2025-09-30,-923.8,2.1.10,Colorida,2,Reprografia,
2025,9,1127,403667,2025-09-30,-68.08,2.1.9,Preto e Branco,2,Reprografia,
2025,9,1128,403486,2025-09-01,13903.32,1.1,Crédito Mensal ou Ajuste,1,Créditos QBM,
2025,9,1128,403492,2025-09-01,-38.75,2.1.10,Colorida,2,Reprografia,
2025,9,1128,403508,2025-09-03,-71.25,5.1,Material do Almoxarifado,5,Material de Expediente,
2025,9,1128,403523,2025-09-04,-23.25,2.1.10,Colorida,2,Reprografia,
2025,9,1128,403526,2025-09-05,-20.15,2.1.10,Colorida,2,Reprografia,
2025,9,1128,403527,2025-09-05,-7.75,2.1.10,Colorida,2,Reprografia,
2025,9,1128,403528,2025-09-05,-77.5,2.1.10,Colorida,2,Reprografia,
2025,9,1128,403535,2025-09-08,-25.7,5.1,Material do Almoxarifado,5,Material de Expediente,
2025,9,1128,403557,2025-09-10,-76.26,5.1,Material do Almoxarifado,5,Material de Expediente,
2025,9,1128,403594,2025-09-17,-34.1,2.1.10,Colorida,2,Reprografia,
2025,9,1128,403595,2025-09-17,-1.55,2.1.10,Colorida,2,Reprografia,
2025,9,1128,403834,2025-09-30,-1853.52,12,Indenização por Uso de Veículo Particular,12,Indenização por Uso de Veículo Particular,
2025,9,1130,403487,2025-09-01,13903.32,1.1,Crédito Mensal ou Ajuste,1,Créditos QBM,
2025,9,1130,403542,2025-09-08,-6.2,2.1.10,Colorida,2,Reprografia,
2025,9,1130,403547,2025-09-09,-123.58,5.1,Material do Almoxarifado,5,Material de Expediente,
2025,9,1130,403588,2025-09-17,-4.65,2.1.10,Colorida,2,Reprografia,
2025,9,1130,403597,2025-09-17,-9.3,2.1.10,Colorida,2,Reprografia,
2025,9,1130,403833,2025-09-30,-2732.66,12,Indenização por Uso de Veículo Particular,12,Indenização por Uso de Veículo Particular,
2025,9,1141,403475,2025-09-01,13903.32,1.1,Crédito Mensal ou Ajuste,1,Créditos QBM,
2025,9,1141,403510,2025-09-03,-1.55,2.1.10,Colorida,2,Reprografia,
2025,9,1141,403518,2025-09-03,-4.65,2.1.10,Colorida,2,Reprografia,
2025,9,1141,403529,2025-09-05,-12.4,2.1.10,Colorida,2,Reprografia,
2025,9,1141,403543,2025-09-08,-7.75,2.1.10,Colorida,2,Reprografia,
2025,9,1141,403548,2025-09-09,-1.55,2.1.10,Colorida,2,Reprografia,
2025,9,1141,403561,2025-09-10,-23.25,2.1.10,Colorida,2,Reprografia,
2025,9,1141,403573,2025-09-15,-131.34,5.1,Material do Almoxarifado,5,Material de Expediente,
2025,9,1141,403635,2025-09-26,-35.65,2.1.10,Colorida,2,Reprografia,
2025,9,1141,403818,2025-09-30,-565.58,12,Indenização por Uso de Veículo Particular,12,Indenização por Uso de Veículo Particular,
2025,9,1144,403472,2025-09-01,13903.32,1.1,Crédito Mensal ou Ajuste,1,Créditos QBM,
2025,9,1145,403481,2025-09-01,13903.32,1.1,Crédito Mensal ou Ajuste,1,Créditos QBM,
2025,9,1145,403525,2025-09-05,-38.75,2.1.10,Colorida,2,Reprografia,
2025,9,1145,403553,2025-09-10,-6.2,2.1.10,Colorida,2,Reprografia,
2025,9,1145,403554,2025-09-10,-17.48,2.1.9,Preto e Branco,2,Reprografia,
2025,9,1145,403562,2025-09-10,-1.55,2.1.10,Colorida,2,Reprografia,
2025,9,1145,403566,2025-09-11,-324.03,5.1,Material do Almoxarifado,5,Material de Expediente,
2025,9,1145,403582,2025-09-16,-1.55,2.1.10,Colorida,2,Reprografia,
2025,9,1145,403583,2025-09-16,-387.5,2.1.10,Colorida,2,Reprografia,
2025,9,1145,403829,2025-09-30,-3770.55,12,Indenização por Uso de Veículo Particular,12,Indenização por Uso de Veículo Particular,
2025,9,1151,403462,2025-09-01,13903.32,1.1,Crédito Mensal ou Ajuste,1,Créditos QBM,
2025,9,1151,403506,2025-09-02,-213.92,5.1,Material do Almoxarifado,5,Material de Expediente,
2025,9,1151,403524,2025-09-05,-930.0,2.1.10,Colorida,2,Reprografia,
2025,9,1151,403559,2025-09-10,-6870.9,6.3,Carta,6,Correios,
2025,9,1151,403563,2025-09-10,-18.99,5.1,Material do Almoxarifado,5,Material de Expediente,
2025,9,1151,403577,2025-09-15,-291.42,5.1,Material do Almoxarifado,5,Material de Expediente,
2025,9,1151,403598,2025-09-18,-44.0,5.1,Material do Almoxarifado,5,Material de Expediente,
2025,9,1151,401897,2025-09-24,-500.5,11.2,Diárias,11,Viagens,
2025,9,1151,403638,2025-09-29,-131.91,5.1,Material do Almoxarifado,5,Material de Expediente,
2025,9,1153,403479,2025-09-01,13903.32,1.1,Crédito Mensal ou Ajuste,1,Créditos QBM,
2025,9,1153,403568,2025-09-12,-54.41,5.1,Material do Almoxarifado,5,Material de Expediente,
2025,9,1153,403613,2025-09-23,-7.57,5.1,Material do Almoxarifado,5,Material de Expediente,
2025,9,1153,403823,2025-09-30,-3770.55,12,Indenização por Uso de Veículo Particular,12,Indenização por Uso de Veículo Particular,
2025,9,1155,403446,2025-09-01,13903.32,1.1,Crédito Mensal ou Ajuste,1,Créditos QBM,
2025,9,1155,403615,2025-09-23,-259.64,5.1,Material do Almoxarifado,5,Material de Expediente,
2025,9,1155,403811,2025-09-30,-3770.55,12,Indenização por Uso de Veículo Particular,12,Indenização por Uso de Veículo Particular,
2025,9,1157,403471,2025-09-01,13903.32,1.1,Crédito Mensal ou Ajuste,1,Créditos QBM,
2025,9,1157,403538,2025-09-08,-276.69,5.1,Material do Almoxarifado,5,Material de Expediente,
2025,9,1157,403619,2025-09-23,-90.45,5.1,Material do Almoxarifado,5,Material de Expediente,
2025,9,1157,401907,2025-09-24,-500.5,11.2,Diárias,11,Viagens,
2025,9,1157,401917,2025-09-24,-500.5,11.2,Diárias,11,Viagens,
2025,9,1157,401927,2025-09-24,-94.11,11.1,Passagens,11,Viagens,
2025,9,1157,401937,2025-09-24,-204.2,11.1,Passagens,11,Viagens,
2025,9,1157,402801,2025-09-25,-455.0,11.2,Diárias,11,Viagens,
2025,9,1157,403826,2025-09-30,-1242.3,12,Indenização por Uso de Veículo Particular,12,Indenização por Uso de Veículo Particular,
2025,9,1160,403484,2025-09-01,13903.32,1.1,Crédito Mensal ou Ajuste,1,Créditos QBM,
2025,9,1160,403520,2025-09-04,-172.84,5.1,Material do Almoxarifado,5,Material de Expediente,
2025,9,1160,403603,2025-09-22,-44.0,5.1,Material do Almoxarifado,5,Material de Expediente,
2025,9,1160,402820,2025-09-25,-569.63,11.1,Passagens,11,Viagens,
2025,9,1160,402827,2025-09-25,-306.43,11.2,Diárias,11,Viagens,
2025,9,1160,403828,2025-09-30,-3770.55,12,Indenização por Uso de Veículo Particular,12,Indenização por Uso de Veículo Particular,
2025,9,1170,403474,2025-09-01,13903.32,1.1,Crédito Mensal ou Ajuste,1,Créditos QBM,
2025,9,1170,403522,2025-09-04,-30.85,5.1,Material do Almoxarifado,5,Material de Expediente,
2025,9,1170,403533,2025-09-08,-2275.0,11.2,Diárias,11,Viagens,
2025,9,1170,403544,2025-09-08,-387.5,2.1.10,Colorida,2,Reprografia,
2025,9,1170,403549,2025-09-09,-3.1,2.1.10,Colorida,2,Reprografia,
2025,9,1170,403550,2025-09-09,-0.92,2.1.9,Preto e Branco,2,Reprografia,
2025,9,1170,403572,2025-09-15,-6.2,2.1.10,Colorida,2,Reprografia,
2025,9,1170,403576,2025-09-15,-7.24,5.1,Material do Almoxarifado,5,Material de Expediente,
2025,9,1170,403578,2025-09-15,-1.55,2.1.10,Colorida,2,Reprografia,
2025,9,1170,403586,2025-09-17,-98.68,5.1,Material do Almoxarifado,5,Material de Expediente,
2025,9,1170,403592,2025-09-17,-12.4,2.1.10,Colorida,2,Reprografia,
2025,9,1170,402808,2025-09-25,-715.0,11.2,Diárias,11,Viagens,
2025,9,1170,402814,2025-09-25,-268.41,11.1,Passagens,11,Viagens,
2025,9,1170,403632,2025-09-26,-519.25,2.1.10,Colorida,2,Reprografia,
2025,9,1170,403648,2025-09-30,1.55,2,Reprografia,2,Reprografia,
2025,9,1170,403659,2025-09-30,-1.55,2.1.10,Colorida,2,Reprografia,
2025,9,1170,403824,2025-09-30,-3770.55,12,Indenização por Uso de Veículo Particular,12,Indenização por Uso de Veículo Particular,
2025,9,1176,403455,2025-09-01,13903.32,1.1,Crédito Mensal ou Ajuste,1,Créditos QBM,
2025,9,1176,403489,2025-09-01,-229.49,5.1,Material do Almoxarifado,5,Material de Expediente,
2025,9,1176,402422,2025-09-13,-715.0,11.2,Diárias,11,Viagens,
2025,9,1176,402427,2025-09-13,-1274.26,11.1,Passagens,11,Viagens,
2025,9,1176,403591,2025-09-17,-78.61,5.1,Material do Almoxarifado,5,Material de Expediente,
2025,9,1176,403599,2025-09-18,-93.0,2.1.10,Colorida,2,Reprografia,
2025,9,1176,403610,2025-09-22,-148.8,2.1.10,Colorida,2,Reprografia,
2025,9,1176,403623,2025-09-24,-9.3,2.1.10,Colorida,2,Reprografia,
2025,9,1176,402783,2025-09-25,-726.07,11.1,Passagens,11,Viagens,
2025,9,1176,402789,2025-09-25,-357.5,11.2,Diárias,11,Viagens,
2025,9,1176,403830,2025-09-30,-2000.38,12,Indenização por Uso de Veículo Particular,12,Indenização por Uso de Veículo Particular,
2025,9,1213,403485,2025-09-01,13903.32,1.1,Crédito Mensal ou Ajuste,1,Créditos QBM,
2025,9,1213,403514,2025-09-03,-493.37,5.1,Material do Almoxarifado,5,Material de Expediente,
2025,9,1213,403536,2025-09-08,-620.0,2.1.10,Colorida,2,Reprografia,
2025,9,1213,403537,2025-09-08,-155.0,2.1.10,Colorida,2,Reprografia,
2025,9,1213,403620,2025-09-23,-920.0,2.1.9,Preto e Branco,2,Reprografia,
2025,9,1213,403639,2025-09-29,-81.25,5.1,Material do Almoxarifado,5,Material de Expediente,
2025,9,1213,403810,2025-09-30,-3756.66,12,Indenização por Uso de Veículo Particular,12,Indenização por Uso de Veículo Particular,
2025,9,1221,403449,2025-09-01,13903.32,1.1,Crédito Mensal ou Ajuste,1,Créditos QBM,
2025,9,1221,402291,2025-09-28,-397.22,11.2,Diárias,11,Viagens,
2025,9,1221,403815,2025-09-30,-839.44,12,Indenização por Uso de Veículo Particular,12,Indenização por Uso de Veículo Particular,
2025,9,1240,403460,2025-09-01,13903.32,1.1,Crédito Mensal ou Ajuste,1,Créditos QBM,
2025,9,1240,403509,2025-09-03,-51.0,5.1,Material do Almoxarifado,5,Material de Expediente,
2025,9,1240,403513,2025-09-03,-25.7,5.1,Material do Almoxarifado,5,Material de Expediente,
2025,9,1240,403551,2025-09-09,-3.1,2.1.10,Colorida,2,Reprografia,
2025,9,1240,403621,2025-09-24,-4.72,5.1,Material do Almoxarifado,5,Material de Expediente,
2025,9,1240,403661,2025-09-30,-15.5,2.1.10,Colorida,2,Reprografia,
2025,9,1250,403478,2025-09-01,13903.32,1.1,Crédito Mensal ou Ajuste,1,Créditos QBM,
2025,9,1250,403495,2025-09-02,-893.75,11.2,Diárias,11,Viagens,
2025,9,1250,403499,2025-09-02,-441.91,11.1,Passagens,11,Viagens,
2025,9,1250,402771,2025-09-25,-119.17,11.2,Diárias,11,Viagens,
2025,9,1250,402777,2025-09-25,-292.05,11.1,Passagens,11,Viagens,
2025,9,1250,402795,2025-09-25,-1300.0,11.2,Diárias,11,Viagens,
2025,9,1250,403821,2025-09-30,-440.56,12,Indenização por Uso de Veículo Particular,12,Indenização por Uso de Veículo Particular,
2025,9,1295,403442,2025-09-01,13903.32,1.1,Crédito Mensal ou Ajuste,1,Créditos QBM,
2025,9,1295,403609,2025-09-22,-161.32,5.1,Material do Almoxarifado,5,Material de Expediente,
2025,9,1295,403817,2025-09-30,-603.29,12,Indenização por Uso de Veículo Particular,12,Indenização por Uso de Veículo Particular,
2025,9,1296,403443,2025-09-01,13903.32,1.1,Crédito Mensal ou Ajuste,1,Créditos QBM,
2025,9,1296,403555,2025-09-10,-26.53,5.1,Material do Almoxarifado,5,Material de Expediente,
2025,9,1296,403625,2025-09-24,-1.55,2.1.10,Colorida,2,Reprografia,
2025,9,1296,403665,2025-09-30,-6.2,2.1.10,Colorida,2,Reprografia,
2025,9,1296,403822,2025-09-30,-964.47,12,Indenização por Uso de Veículo Particular,12,Indenização por Uso de Veículo Particular,
2025,9,1297,403439,2025-09-01,13903.32,1.1,Crédito Mensal ou Ajuste,1,Créditos QBM,
2025,9,1297,403539,2025-09-08,-155.0,2.1.10,Colorida,2,Reprografia,
2025,9,1297,403540,2025-09-08,-49.01,5.1,Material do Almoxarifado,5,Material de Expediente,
2025,9,1297,403560,2025-09-10,-71.25,5.1,Material do Almoxarifado,5,Material de Expediente,
2025,9,1297,402432,2025-09-13,-446.88,11.2,Diárias,11,Viagens,
2025,9,1297,402440,2025-09-13,-351.37,11.1,Passagens,11,Viagens,
2025,9,1297,403589,2025-09-17,-192.01,5.1,Material do Almoxarifado,5,Material de Expediente,
2025,9,1297,403593,2025-09-17,-15.5,2.1.10,Colorida,2,Reprografia,
2025,9,1297,403634,2025-09-26,-37.65,5.1,Material do Almoxarifado,5,Material de Expediente,
2025,9,1297,402300,2025-09-28,-397.22,11.2,Diárias,11,Viagens,
2025,9,1297,403662,2025-09-30,-68.58,5.1,Material do Almoxarifado,5,Material de Expediente,
2025,9,1298,403436,2025-09-01,13903.32,1.1,Crédito Mensal ou Ajuste,1,Créditos QBM,
2025,9,1298,403491,2025-09-01,-4.65,2.1.10,Colorida,2,Reprografia,
2025,9,1298,403517,2025-09-03,-80.0,,,,,Material adicional - Outros - Confecção de carimbos
2025,9,1298,403564,2025-09-10,-15.5,2.1.10,Colorida,2,Reprografia,
2025,9,1298,403631,2025-09-26,-44.0,5.1,Material do Almoxarifado,5,Material de Expediente,
2025,9,1298,403657,2025-09-30,-2566.47,11.1,Passagens,11,Viagens,
2025,9,1298,403812,2025-09-30,-2643.35,12,Indenização por Uso de Veículo Particular,12,Indenização por Uso de Veículo Particular,
2025,9,1299,403454,2025-09-01,13903.32,1.1,Crédito Mensal ou Ajuste,1,Créditos QBM,
2025,9,1299,403511,2025-09-03,-4.65,2.1.10,Colorida,2,Reprografia,
2025,9,1299,403512,2025-09-03,-40.71,2.1.9,Preto e Branco,2,Reprografia,
2025,9,1299,403541,2025-09-08,-126.22,5.1,Material do Almoxarifado,5,Material de Expediente,
2025,9,1299,403565,2025-09-11,-2.15,5.1,Material do Almoxarifado,5,Material de Expediente,
2025,9,1299,403571,2025-09-15,-3185.0,11.2,Diárias,11,Viagens,
2025,9,1299,403581,2025-09-15,-77.5,2.1.10,Colorida,2,Reprografia,
2025,9,1299,403600,2025-09-19,-60.45,2.1.10,Colorida,2,Reprografia,
2025,9,1300,403456,2025-09-01,13903.32,1.1,Crédito Mensal ou Ajuste,1,Créditos QBM,
2025,9,1300,403503,2025-09-02,-3.1,2.1.10,Colorida,2,Reprografia,
2025,9,1300,403630,2025-09-26,-154.24,5.1,Material do Almoxarifado,5,Material de Expediente,
2025,9,1300,403816,2025-09-30,-3770.55,12,Indenização por Uso de Veículo Particular,12,Indenização por Uso de Veículo Particular,
2025,9,1301,403424,2025-09-01,13903.32,1.1,Crédito Mensal ou Ajuste,1,Créditos QBM,
2025,9,1301,403504,2025-09-02,-56.86,5.1,Material do Almoxarifado,5,Material de Expediente,
2025,9,1301,403516,2025-09-02,14.58,5.1,Material do Almoxarifado,5,Material de Expediente,
2025,9,1301,403552,2025-09-09,-25.7,5.1,Material do Almoxarifado,5,Material de Expediente,
2025,9,1301,403556,2025-09-10,-96.65,5.1,Material do Almoxarifado,5,Material de Expediente,
2025,9,1301,403617,2025-09-23,-123.84,5.1,Material do Almoxarifado,5,Material de Expediente,
2025,9,1301,403618,2025-09-23,123.84,5.1,Material do Almoxarifado,5,Material de Expediente,
2025,9,1301,403642,2025-09-29,-147.69,5.1,Material do Almoxarifado,5,Material de Expediente,
2025,9,1301,403643,2025-09-29,-26.13,5.1,Material do Almoxarifado,5,Material de Expediente,
2025,9,1301,403644,2025-09-29,123.84,5.1,Material do Almoxarifado,5,Material de Expediente,
2025,9,1301,403664,2025-09-30,-32.52,5.1,Material do Almoxarifado,5,Material de Expediente,
2025,9,1302,403450,2025-09-01,13903.32,1.1,Crédito Mensal ou Ajuste,1,Créditos QBM,
2025,9,1302,403505,2025-09-02,-77.5,2.1.10,Colorida,2,Reprografia,
2025,9,1302,403507,2025-09-03,-157.11,5.1,Material do Almoxarifado,5,Material de Expediente,
2025,9,1302,403515,2025-09-03,-25.7,5.1,Material do Almoxarifado,5,Material de Expediente,
2025,9,1302,403519,2025-09-04,-36.0,5.1,Material do Almoxarifado,5,Material de Expediente,
2025,9,1302,403031,2025-09-14,-357.5,11.2,Diárias,11,Viagens,
2025,9,1302,403037,2025-09-14,-1044.77,11.1,Passagens,11,Viagens,
2025,9,1302,403616,2025-09-23,-215.8,5.1,Material do Almoxarifado,5,Material de Expediente,
2025,9,1302,403637,2025-09-29,-620.0,2.1.10,Colorida,2,Reprografia,
2025,9,1302,403663,2025-09-30,-116.25,2.1.10,Colorida,2,Reprografia,
2025,9,1302,403825,2025-09-30,-2000.38,12,Indenização por Uso de Veículo Particular,12,Indenização por Uso de Veículo Particular,
2025,9,1303,403451,2025-09-01,13903.32,1.1,Crédito Mensal ou Ajuste,1,Créditos QBM,
2025,9,1303,403490,2025-09-01,-152.93,5.1,Material do Almoxarifado,5,Material de Expediente,
2025,9,1303,403300,2025-09-19,-893.75,11.2,Diárias,11,Viagens,
2025,9,1303,403310,2025-09-19,-908.33,11.1,Passagens,11,Viagens,
2025,9,1303,403606,2025-09-22,-44.0,5.1,Material do Almoxarifado,5,Material de Expediente,
2025,9,1303,403832,2025-09-30,-2881.49,12,Indenização por Uso de Veículo Particular,12,Indenização por Uso de Veículo Particular,
2025,10,23,403736,2025-10-01,13903.32,1.1,Crédito Mensal ou Ajuste,1,Créditos QBM,
2025,10,23,403879,2025-10-20,-77.5,2.1.10,Colorida,2,Reprografia,
2025,10,23,403887,2025-10-22,-403.88,2.1.9,Preto e Branco,2,Reprografia,
2025,10,23,403954,2025-10-31,-1536.0,12,Indenização por Uso de Veículo Particular,12,Indenização por Uso de Veículo Particular,
2025,10,229,403740,2025-10-01,13903.32,1.1,Crédito Mensal ou Ajuste,1,Créditos QBM,
2025,10,229,403751,2025-10-02,-38.68,5.1,Material do Almoxarifado,5,Material de Expediente,
2025,10,229,403851,2025-10-14,-5842.3,6.3,Carta,6,Correios,
2025,10,229,403916,2025-10-28,-388.79,5.1,Material do Almoxarifado,5,Material de Expediente,
2025,10,229,403956,2025-10-31,-3770.55,12,Indenização por Uso de Veículo Particular,12,Indenização por Uso de Veículo Particular,
2025,10,232,403726,2025-10-01,13903.32,1.1,Crédito Mensal ou Ajuste,1,Créditos QBM,
2025,10,232,403958,2025-10-31,-2520.32,12,Indenização por Uso de Veículo Particular,12,Indenização por Uso de Veículo Particular,
2025,10,1058,403673,2025-10-01,13903.32,1.1,Crédito Mensal ou Ajuste,1,Créditos QBM,
2025,10,1058,403908,2025-10-27,-31.23,5.1,Material do Almoxarifado,5,Material de Expediente,
2025,10,1058,403912,2025-10-27,-78.39,5.1,Material do Almoxarifado,5,Material de Expediente,
2025,10,1058,403948,2025-10-31,-1012.09,12,Indenização por Uso de Veículo Particular,12,Indenização por Uso de Veículo Particular,
2025,10,1067,403715,2025-10-01,13903.32,1.1,Crédito Mensal ou Ajuste,1,Créditos QBM,
2025,10,1067,403743,2025-10-02,-187.96,5.1,Material do Almoxarifado,5,Material de Expediente,
2025,10,1067,403756,2025-10-02,-6.2,2.1.10,Colorida,2,Reprografia,
2025,10,1067,403772,2025-10-03,-13.95,2.1.10,Colorida,2,Reprografia,
2025,10,1067,403773,2025-10-03,-3.1,2.1.10,Colorida,2,Reprografia,
2025,10,1067,403776,2025-10-03,-15.5,2.1.10,Colorida,2,Reprografia,
2025,10,1067,403798,2025-10-07,-155.0,2.1.10,Colorida,2,Reprografia,
2025,10,1067,403843,2025-10-13,-6.2,2.1.10,Colorida,2,Reprografia,
2025,10,1067,403850,2025-10-14,-5490.8,6.3,Carta,6,Correios,
2025,10,1067,403855,2025-10-14,-9.3,2.1.10,Colorida,2,Reprografia,
2025,10,1067,403869,2025-10-16,-21.7,2.1.10,Colorida,2,Reprografia,
2025,10,1067,403870,2025-10-16,-155.0,2.1.10,Colorida,2,Reprografia,
2025,10,1067,403876,2025-10-17,-234.58,5.1,Material do Almoxarifado,5,Material de Expediente,
2025,10,1067,403881,2025-10-21,-255.75,2.1.10,Colorida,2,Reprografia,
2025,10,1067,403883,2025-10-21,-6.2,2.1.10,Colorida,2,Reprografia,
2025,10,1067,403886,2025-10-22,-36.0,5.1,Material do Almoxarifado,5,Material de Expediente,
2025,10,1067,403892,2025-10-22,-49.6,2.1.10,Colorida,2,Reprografia,
2025,10,1067,403893,2025-10-22,49.6,2,Reprografia,2,Reprografia,
2025,10,1067,403894,2025-10-22,-32.55,2.1.10,Colorida,2,Reprografia,
2025,10,1067,403899,2025-10-23,-155.0,2.1.10,Colorida,2,Reprografia,
2025,10,1067,403932,2025-10-30,32.55,2,Reprografia,2,Reprografia,
2025,10,1067,403933,2025-10-30,-49.6,2.1.10,Colorida,2,Reprografia,
2025,10,1067,403950,2025-10-31,-3770.55,12,Indenização por Uso de Veículo Particular,12,Indenização por Uso de Veículo Particular,
2025,10,1110,403734,2025-10-01,13903.32,1.1,Crédito Mensal ou Ajuste,1,Créditos QBM,
2025,10,1110,403745,2025-10-02,-101.4,5.1,Material do Almoxarifado,5,Material de Expediente,
2025,10,1110,403934,2025-10-30,-84.16,5.1,Material do Almoxarifado,5,Material de Expediente,
2025,10,1113,403710,2025-10-01,13903.32,1.1,Crédito Mensal ou Ajuste,1,Créditos QBM,
2025,10,1115,403729,2025-10-01,13903.32,1.1,Crédito Mensal ou Ajuste,1,Créditos QBM,
2025,10,1115,403807,2025-10-08,-194.86,5.1,Material do Almoxarifado,5,Material de Expediente,
2025,10,1115,403890,2025-10-22,-24.38,2.1.9,Preto e Branco,2,Reprografia,
2025,10,1115,403900,2025-10-23,-176.7,2.1.10,Colorida,2,Reprografia,
2025,10,1115,403955,2025-10-31,-2309.96,12,Indenização por Uso de Veículo Particular,12,Indenização por Uso de Veículo Particular,
2025,10,1117,403731,2025-10-01,13903.32,1.1,Crédito Mensal ou Ajuste,1,Créditos QBM,
2025,10,1117,403742,2025-10-01,-52.26,5.1,Material do Almoxarifado,5,Material de Expediente,
2025,10,1117,403758,2025-10-02,-240.25,2.1.10,Colorida,2,Reprografia,
2025,10,1117,403874,2025-10-17,-119.35,2.1.10,Colorida,2,Reprografia,
2025,10,1117,403875,2025-10-17,-34.1,2.1.10,Colorida,2,Reprografia,
2025,10,1117,403889,2025-10-22,-3.1,2.1.10,Colorida,2,Reprografia,
2025,10,1117,402835,2025-10-25,-510.71,11.2,Diárias,11,Viagens,
2025,10,1117,402842,2025-10-25,-360.3,11.1,Passagens,11,Viagens,
2025,10,1117,403907,2025-10-27,-17.04,5.1,Material do Almoxarifado,5,Material de Expediente,
2025,10,1117,403913,2025-10-27,-6.2,2.1.10,Colorida,2,Reprografia,
2025,10,1117,403919,2025-10-28,-8.52,5.1,Material do Almoxarifado,5,Material de Expediente,
2025,10,1117,403650,2025-10-30,-536.25,11.2,Diárias,11,Viagens,
2025,10,1117,403654,2025-10-30,-572.95,11.1,Passagens,11,Viagens,
2025,10,1117,403930,2025-10-30,-7.75,2.1.10,Colorida,2,Reprografia,
2025,10,1117,403931,2025-10-30,-3.1,2.1.10,Colorida,2,Reprografia,
2025,10,1117,403937,2025-10-30,-3.1,2.1.10,Colorida,2,Reprografia,
2025,10,1117,403938,2025-10-30,-1.55,2.1.10,Colorida,2,Reprografia,
2025,10,1117,403939,2025-10-30,-31.74,2.1.9,Preto e Branco,2,Reprografia,
2025,10,1117,403967,2025-10-31,-3131.54,12,Indenização por Uso de Veículo Particular,12,Indenização por Uso de Veículo Particular,
2025,10,1127,403767,2025-10-02,13903.32,1.1,Crédito Mensal ou Ajuste,1,Créditos QBM,
2025,10,1127,403770,2025-10-03,-930.0,2.1.10,Colorida,2,Reprografia,
2025,10,1127,403795,2025-10-07,-309.17,5.1,Material do Almoxarifado,5,Material de Expediente,
2025,10,1127,403531,2025-10-08,-1223.56,11.1,Passagens,11,Viagens,
2025,10,1127,403842,2025-10-10,-460.0,2.1.9,Preto e Branco,2,Reprografia,
2025,10,1127,403044,2025-10-14,-1633.96,11.1,Passagens,11,Viagens,
2025,10,1127,403944,2025-10-30,-920.0,2.1.9,Preto e Branco,2,Reprografia,
2025,10,1128,403739,2025-10-01,13903.32,1.1,Crédito Mensal ou Ajuste,1,Créditos QBM,
2025,10,1128,403763,2025-10-02,-4.65,2.1.10,Colorida,2,Reprografia,
2025,10,1128,403800,2025-10-07,-77.5,2.1.10,Colorida,2,Reprografia,
2025,10,1128,403880,2025-10-20,-84.78,5.1,Material do Almoxarifado,5,Material de Expediente,
2025,10,1128,403902,2025-10-23,-1.55,2.1.10,Colorida,2,Reprografia,
2025,10,1128,403904,2025-10-23,-1.55,2.1.10,Colorida,2,Reprografia,
2025,10,1128,403959,2025-10-31,-1395.1,12,Indenização por Uso de Veículo Particular,12,Indenização por Uso de Veículo Particular,
2025,10,1130,403735,2025-10-01,13903.32,1.1,Crédito Mensal ou Ajuste,1,Créditos QBM,
2025,10,1130,403775,2025-10-03,-129.24,5.1,Material do Almoxarifado,5,Material de Expediente,
2025,10,1130,403970,2025-10-31,-3139.48,12,Indenização por Uso de Veículo Particular,12,Indenização por Uso de Veículo Particular,
2025,10,1141,403728,2025-10-01,13903.32,1.1,Crédito Mensal ou Ajuste,1,Créditos QBM,
2025,10,1141,403768,2025-10-02,-74.4,2.1.10,Colorida,2,Reprografia,
2025,10,1141,403789,2025-10-06,-24.8,2.1.10,Colorida,2,Reprografia,
2025,10,1141,403862,2025-10-14,-37.2,5.2.3,Papel Couche,5,Material de Expediente,
2025,10,1141,403895,2025-10-22,-3.1,2.1.10,Colorida,2,Reprografia,
2025,10,1141,403909,2025-10-27,-304.8,5.1,Material do Almoxarifado,5,Material de Expediente,
2025,10,1141,403946,2025-10-31,-519.94,12,Indenização por Uso de Veículo Particular,12,Indenização por Uso de Veículo Particular,
2025,10,1144,403730,2025-10-01,13903.32,1.1,Crédito Mensal ou Ajuste,1,Créditos QBM,
2025,10,1145,403732,2025-10-01,13903.32,1.1,Crédito Mensal ou Ajuste,1,Créditos QBM,
2025,10,1145,403755,2025-10-02,-387.5,2.1.10,Colorida,2,Reprografia,
2025,10,1145,403785,2025-10-06,-221.75,5.1,Material do Almoxarifado,5,Material de Expediente,
2025,10,1145,403787,2025-10-06,-1.55,2.1.10,Colorida,2,Reprografia,
2025,10,1145,403799,2025-10-07,-387.5,2.1.10,Colorida,2,Reprografia,
2025,10,1145,403838,2025-10-09,-153.45,2.1.10,Colorida,2,Reprografia,
2025,10,1145,403951,2025-10-31,-3770.55,12,Indenização por Uso de Veículo Particular,12,Indenização por Uso de Veículo Particular,
2025,10,1151,403714,2025-10-01,13903.32,1.1,Crédito Mensal ou Ajuste,1,Créditos QBM,
2025,10,1151,403741,2025-10-01,-207.78,5.1,Material do Almoxarifado,5,Material de Expediente,
2025,10,1151,403780,2025-10-06,-930.0,2.1.10,Colorida,2,Reprografia,
2025,10,1151,403781,2025-10-06,930.0,2,Reprografia,2,Reprografia,
2025,10,1151,403782,2025-10-06,-930.0,2.1.10,Colorida,2,Reprografia,
2025,10,1151,403786,2025-10-06,-141.87,5.1,Material do Almoxarifado,5,Material de Expediente,
2025,10,1151,403801,2025-10-07,-138.0,5.1,Material do Almoxarifado,5,Material de Expediente,
2025,10,1151,403852,2025-10-14,-7207.6,6.3,Carta,6,Correios,
2025,10,1151,403853,2025-10-14,-17.04,5.1,Material do Almoxarifado,5,Material de Expediente,
2025,10,1151,401898,2025-10-24,-500.5,11.2,Diárias,11,Viagens,
2025,10,1151,403917,2025-10-28,-180.59,5.1,Material do Almoxarifado,5,Material de Expediente,
2025,10,1153,403727,2025-10-01,13903.32,1.1,Crédito Mensal ou Ajuste,1,Créditos QBM,
2025,10,1153,403779,2025-10-06,-114.39,5.1,Material do Almoxarifado,5,Material de Expediente,
2025,10,1153,403924,2025-10-29,-20.7,2.1.9,Preto e Branco,2,Reprografia,
2025,10,1153,403947,2025-10-31,-2452.84,12,Indenização por Uso de Veículo Particular,12,Indenização por Uso de Veículo Particular,
2025,10,1155,403700,2025-10-01,13903.32,1.1,Crédito Mensal ou Ajuste,1,Créditos QBM,
2025,10,1155,403914,2025-10-27,-12.4,2.1.10,Colorida,2,Reprografia,
2025,10,1155,403949,2025-10-31,-3770.55,12,Indenização por Uso de Veículo Particular,12,Indenização por Uso de Veículo Particular,
2025,10,1157,403725,2025-10-01,13903.32,1.1,Crédito Mensal ou Ajuste,1,Créditos QBM,
2025,10,1157,403845,2025-10-13,-340.09,5.1,Material do Almoxarifado,5,Material de Expediente,
2025,10,1157,401908,2025-10-24,-500.5,11.2,Diárias,11,Viagens,
2025,10,1157,401918,2025-10-24,-500.5,11.2,Diárias,11,Viagens,
2025,10,1157,401928,2025-10-24,-94.11,11.1,Passagens,11,Viagens,
2025,10,1157,401938,2025-10-24,-204.2,11.1,Passagens,11,Viagens,
2025,10,1157,402802,2025-10-25,-455.0,11.2,Diárias,11,Viagens,
2025,10,1157,403936,2025-10-30,-68.0,5.1,Material do Almoxarifado,5,Material de Expediente,
2025,10,1157,403968,2025-10-31,-1240.31,12,Indenização por Uso de Veículo Particular,12,Indenização por Uso de Veículo Particular,
2025,10,1160,403737,2025-10-01,13903.32,1.1,Crédito Mensal ou Ajuste,1,Créditos QBM,
2025,10,1160,403837,2025-10-09,-89.29,5.1,Material do Almoxarifado,5,Material de Expediente,
2025,10,1160,403856,2025-10-14,-31.0,2.1.10,Colorida,2,Reprografia,
2025,10,1160,402821,2025-10-25,-569.63,11.1,Passagens,11,Viagens,
2025,10,1160,402828,2025-10-25,-306.43,11.2,Diárias,11,Viagens,
2025,10,1160,403964,2025-10-31,-3770.55,12,Indenização por Uso de Veículo Particular,12,Indenização por Uso de Veículo Particular,
2025,10,1170,403733,2025-10-01,13903.32,1.1,Crédito Mensal ou Ajuste,1,Créditos QBM,
2025,10,1170,403744,2025-10-02,-199.72,5.1,Material do Almoxarifado,5,Material de Expediente,
2025,10,1170,403746,2025-10-02,-100.75,2.1.10,Colorida,2,Reprografia,
2025,10,1170,403748,2025-10-02,-6.2,2.1.10,Colorida,2,Reprografia,
2025,10,1170,403759,2025-10-02,-1.55,2.1.10,Colorida,2,Reprografia,
2025,10,1170,403835,2025-10-09,-1.55,2.1.10,Colorida,2,Reprografia,
2025,10,1170,403836,2025-10-09,-7.75,2.1.10,Colorida,2,Reprografia,
2025,10,1170,403844,2025-10-13,-666.5,2.1.10,Colorida,2,Reprografia,
2025,10,1170,403864,2025-10-14,666.5,2,Reprografia,2,Reprografia,
2025,10,1170,403865,2025-10-14,-98.9,2.1.9,Preto e Branco,2,Reprografia,
2025,10,1170,403866,2025-10-14,-511.5,2.1.10,Colorida,2,Reprografia,
2025,10,1170,403884,2025-10-21,-1267.76,2.1.9,Preto e Branco,2,Reprografia,
2025,10,1170,402809,2025-10-25,-715.0,11.2,Diárias,11,Viagens,
2025,10,1170,402815,2025-10-25,-268.41,11.1,Passagens,11,Viagens,
2025,10,1170,403927,2025-10-29,-1.55,2.1.10,Colorida,2,Reprografia,
2025,10,1170,403942,2025-10-30,-6.2,2.1.10,Colorida,2,Reprografia,
2025,10,1170,404059,2025-10-30,-292.95,2.1.10,Colorida,2,Reprografia,
2025,10,1170,403962,2025-10-31,-3770.55,12,Indenização por Uso de Veículo Particular,12,Indenização por Uso de Veículo Particular,
2025,10,1176,403705,2025-10-01,13903.32,1.1,Crédito Mensal ou Ajuste,1,Créditos QBM,
2025,10,1176,403762,2025-10-02,-190.28,5.1,Material do Almoxarifado,5,Material de Expediente,
2025,10,1176,403764,2025-10-02,-10.85,2.1.10,Colorida,2,Reprografia,
2025,10,1176,403888,2025-10-22,-9.3,2.1.10,Colorida,2,Reprografia,
2025,10,1176,402784,2025-10-25,-726.07,11.1,Passagens,11,Viagens,
2025,10,1176,402790,2025-10-25,-357.5,11.2,Diárias,11,Viagens,
2025,10,1176,403941,2025-10-30,-3.1,2.1.10,Colorida,2,Reprografia,
2025,10,1176,403963,2025-10-31,-1799.94,12,Indenização por Uso de Veículo Particular,12,Indenização por Uso de Veículo Particular,
2025,10,1213,403738,2025-10-01,13903.32,1.1,Crédito Mensal ou Ajuste,1,Créditos QBM,
2025,10,1213,403791,2025-10-06,-572.76,5.1,Material do Almoxarifado,5,Material de Expediente,
2025,10,1213,403806,2025-10-08,-325.5,2.1.10,Colorida,2,Reprografia,
2025,10,1213,403808,2025-10-08,-77.5,2.1.10,Colorida,2,Reprografia,
2025,10,1213,403840,2025-10-10,-124.0,2.1.10,Colorida,2,Reprografia,
2025,10,1213,403841,2025-10-10,-136.4,2.1.10,Colorida,2,Reprografia,
2025,10,1213,403861,2025-10-14,-9403.98,11.2,Diárias,11,Viagens,
2025,10,1213,403885,2025-10-21,-31.0,2.1.10,Colorida,2,Reprografia,
2025,10,1213,403918,2025-10-28,-217.0,2.1.10,Colorida,2,Reprografia,
2025,10,1213,403961,2025-10-31,-3015.18,12,Indenização por Uso de Veículo Particular,12,Indenização por Uso de Veículo Particular,
2025,10,1221,403703,2025-10-01,13903.32,1.1,Crédito Mensal ou Ajuste,1,Créditos QBM,
2025,10,1221,403752,2025-10-02,-32.55,2.1.10,Colorida,2,Reprografia,
2025,10,1221,403754,2025-10-02,-15.5,2.1.10,Colorida,2,Reprografia,
2025,10,1221,403757,2025-10-02,-15.5,2.1.10,Colorida,2,Reprografia,
2025,10,1221,403765,2025-10-02,-25.76,2.1.9,Preto e Branco,2,Reprografia,
2025,10,1221,403793,2025-10-07,-18.99,5.1,Material do Almoxarifado,5,Material de Expediente,
2025,10,1221,403871,2025-10-16,-31.0,2.1.10,Colorida,2,Reprografia,
2025,10,1221,403872,2025-10-16,-13.95,2.1.10,Colorida,2,Reprografia,
2025,10,1221,402292,2025-10-28,-397.22,11.2,Diárias,11,Viagens,
2025,10,1221,403953,2025-10-31,-333.4,12,Indenização por Uso de Veículo Particular,12,Indenização por Uso de Veículo Particular,
2025,10,1240,403713,2025-10-01,13903.32,1.1,Crédito Mensal ou Ajuste,1,Créditos QBM,
2025,10,1240,403749,2025-10-02,-62.0,2.1.10,Colorida,2,Reprografia,
2025,10,1240,403753,2025-10-02,-3.1,2.1.10,Colorida,2,Reprografia,
2025,10,1240,403771,2025-10-03,-76.26,5.1,Material do Almoxarifado,5,Material de Expediente,
2025,10,1240,403805,2025-10-08,-3.1,2.1.10,Colorida,2,Reprografia,
2025,10,1240,403867,2025-10-14,-62.0,2.1.10,Colorida,2,Reprografia,
2025,10,1240,403868,2025-10-15,-32.78,5.1,Material do Almoxarifado,5,Material de Expediente,
2025,10,1240,403873,2025-10-17,-18.99,5.1,Material do Almoxarifado,5,Material de Expediente,
2025,10,1240,403901,2025-10-23,-31.0,2.1.10,Colorida,2,Reprografia,
2025,10,1240,403903,2025-10-23,-12.4,2.1.10,Colorida,2,Reprografia,
2025,10,1240,403905,2025-10-23,-8.94,5.1,Material do Almoxarifado,5,Material de Expediente,
2025,10,1240,403906,2025-10-24,-4.9,5.1,Material do Almoxarifado,5,Material de Expediente,
2025,10,1250,403723,2025-10-01,13903.32,1.1,Crédito Mensal ou Ajuste,1,Créditos QBM,
2025,10,1250,403496,2025-10-02,-893.75,11.2,Diárias,11,Viagens,
2025,10,1250,403500,2025-10-02,-441.91,11.1,Passagens,11,Viagens,
2025,10,1250,402772,2025-10-25,-119.17,11.2,Diárias,11,Viagens,
2025,10,1250,402778,2025-10-25,-292.05,11.1,Passagens,11,Viagens,
2025,10,1250,402796,2025-10-25,-1300.0,11.2,Diárias,11,Viagens,
2025,10,1295,403698,2025-10-01,13903.32,1.1,Crédito Mensal ou Ajuste,1,Créditos QBM,
2025,10,1295,403839,2025-10-10,-174.7,5.1,Material do Almoxarifado,5,Material de Expediente,
2025,10,1295,403957,2025-10-31,-539.78,12,Indenização por Uso de Veículo Particular,12,Indenização por Uso de Veículo Particular,
2025,10,1296,403697,2025-10-01,13903.32,1.1,Crédito Mensal ou Ajuste,1,Créditos QBM,
2025,10,1296,403760,2025-10-02,-6.2,2.1.10,Colorida,2,Reprografia,
2025,10,1296,403790,2025-10-06,-47.52,5.1,Material do Almoxarifado,5,Material de Expediente,
2025,10,1296,403804,2025-10-08,-107.67,5.1,Material do Almoxarifado,5,Material de Expediente,
2025,10,1296,403896,2025-10-23,-48.09,5.1,Material do Almoxarifado,5,Material de Expediente,
2025,10,1296,403922,2025-10-28,-117.64,5.1,Material do Almoxarifado,5,Material de Expediente,
2025,10,1296,403966,2025-10-31,-1329.62,12,Indenização por Uso de Veículo Particular,12,Indenização por Uso de Veículo Particular,
2025,10,1297,403690,2025-10-01,13903.32,1.1,Crédito Mensal ou Ajuste,1,Créditos QBM,
2025,10,1297,402433,2025-10-13,-446.88,11.2,Diárias,11,Viagens,
2025,10,1297,402441,2025-10-13,-351.37,11.1,Passagens,11,Viagens,
2025,10,1297,403891,2025-10-22,-98.44,2.1.9,Preto e Branco,2,Reprografia,
2025,10,1297,403911,2025-10-27,-36.0,5.1,Material do Almoxarifado,5,Material de Expediente,
2025,10,1297,402301,2025-10-28,-397.22,11.2,Diárias,11,Viagens,
2025,10,1298,403689,2025-10-01,13903.32,1.1,Crédito Mensal ou Ajuste,1,Créditos QBM,
2025,10,1298,403857,2025-10-14,-3575.0,11.2,Diárias,11,Viagens,
2025,10,1298,403965,2025-10-31,-2649.31,12,Indenização por Uso de Veículo Particular,12,Indenização por Uso de Veículo Particular,
2025,10,1299,403702,2025-10-01,13903.32,1.1,Crédito Mensal ou Ajuste,1,Créditos QBM,
2025,10,1299,403750,2025-10-02,-3.1,2.1.10,Colorida,2,Reprografia,
2025,10,1299,403769,2025-10-02,-310.0,2.1.10,Colorida,2,Reprografia,
2025,10,1299,403783,2025-10-06,-7.75,2.1.10,Colorida,2,Reprografia,
2025,10,1299,403784,2025-10-06,-66.7,2.1.9,Preto e Branco,2,Reprografia,
2025,10,1299,403858,2025-10-14,-1365.0,11.2,Diárias,11,Viagens,
2025,10,1299,403859,2025-10-14,-3575.0,11.2,Diárias,11,Viagens,
2025,10,1299,403860,2025-10-14,-3271.0,11.1,Passagens,11,Viagens,
2025,10,1299,403921,2025-10-28,-179.84,5.1,Material do Almoxarifado,5,Material de Expediente,
2025,10,1299,403940,2025-10-30,-62.0,2.1.10,Colorida,2,Reprografia,
2025,10,1299,403943,2025-10-30,-382.85,2.1.10,Colorida,2,Reprografia,
2025,10,1299,403969,2025-10-31,-1595.54,12,Indenização por Uso de Veículo Particular,12,Indenização por Uso de Veículo Particular,
2025,10,1300,403709,2025-10-01,13903.32,1.1,Crédito Mensal ou Ajuste,1,Créditos QBM,
2025,10,1300,403788,2025-10-06,-27.16,5.1,Material do Almoxarifado,5,Material de Expediente,
2025,10,1300,403846,2025-10-14,-1.55,2.1.10,Colorida,2,Reprografia,
2025,10,1300,403877,2025-10-17,-775.0,2.1.10,Colorida,2,Reprografia,
2025,10,1300,403923,2025-10-28,-145.24,5.1,Material do Almoxarifado,5,Material de Expediente,
2025,10,1300,403929,2025-10-30,-139.5,2.1.10,Colorida,2,Reprografia,
2025,10,1300,403945,2025-10-31,-3770.55,12,Indenização por Uso de Veículo Particular,12,Indenização por Uso de Veículo Particular,
2025,10,1301,403676,2025-10-01,13903.32,1.1,Crédito Mensal ou Ajuste,1,Créditos QBM,
2025,10,1301,403847,2025-10-14,-85.33,5.1,Material do Almoxarifado,5,Material de Expediente,
2025,10,1301,403848,2025-10-14,-9.94,5.1,Material do Almoxarifado,5,Material de Expediente,
2025,10,1301,403849,2025-10-14,26.13,5.1,Material do Almoxarifado,5,Material de Expediente,
2025,10,1301,403854,2025-10-14,-96.51,5.1,Material do Almoxarifado,5,Material de Expediente,
2025,10,1301,403898,2025-10-23,-67.93,5.1,Material do Almoxarifado,5,Material de Expediente,
2025,10,1301,403925,2025-10-29,-98.21,5.1,Material do Almoxarifado,5,Material de Expediente,
2025,10,1302,403706,2025-10-01,13903.32,1.1,Crédito Mensal ou Ajuste,1,Créditos QBM,
2025,10,1302,403747,2025-10-02,-620.0,2.1.10,Colorida,2,Reprografia,
2025,10,1302,403761,2025-10-02,-62.0,2.1.10,Colorida,2,Reprografia,
2025,10,1302,403794,2025-10-07,-185.23,5.1,Material do Almoxarifado,5,Material de Expediente,
2025,10,1302,403796,2025-10-07,-18.6,2.1.10,Colorida,2,Reprografia,
2025,10,1302,403032,2025-10-14,-357.5,11.2,Diárias,11,Viagens,
2025,10,1302,403038,2025-10-14,-1044.77,11.1,Passagens,11,Viagens,
2025,10,1302,403897,2025-10-23,-74.5,5.1,Material do Almoxarifado,5,Material de Expediente,
2025,10,1302,403928,2025-10-29,-68.2,2.1.10,Colorida,2,Reprografia,
2025,10,1302,403935,2025-10-30,-89.1,5.1,Material do Almoxarifado,5,Material de Expediente,
2025,10,1302,403952,2025-10-31,-2141.28,12,Indenização por Uso de Veículo Particular,12,Indenização por Uso de Veículo Particular,
2025,10,1303,403704,2025-10-01,13903.32,1.1,Crédito Mensal ou Ajuste,1,Créditos QBM,
2025,10,1303,403803,2025-10-08,-171.64,5.1,Material do Almoxarifado,5,Material de Expediente,
2025,10,1303,403301,2025-10-19,-893.75,11.2,Diárias,11,Viagens,
2025,10,1303,403311,2025-10-19,-908.33,11.1,Passagens,11,Viagens,
2025,10,1303,403960,2025-10-31,-2637.4,12,Indenização por Uso de Veículo Particular,12,Indenização por Uso de Veículo Particular,
2025,11,23,404038,2025-11-01,13903.32,1.1,Crédito Mensal ou Ajuste,1,Créditos QBM,
2025,11,23,404047,2025-11-03,-152.87,5.1,Material do Almoxarifado,5,Material de Expediente,
2025,11,23,404065,2025-11-04,-155.0,2.1.10,Colorida,2,Reprografia,
2025,11,23,404090,2025-11-10,-9.3,2.1.10,Colorida,2,Reprografia,
2025,11,23,404179,2025-11-26,-24.8,2.1.10,Colorida,2,Reprografia,
2025,11,23,404218,2025-11-30,-1436.78,12,Indenização por Uso de Veículo Particular,12,Indenização por Uso de Veículo Particular,
2025,11,229,404042,2025-11-01,13903.32,1.1,Crédito Mensal ou Ajuste,1,Créditos QBM,
2025,11,229,404061,2025-11-04,-62.0,2.1.10,Colorida,2,Reprografia,
2025,11,229,404089,2025-11-10,-7237.2,6.3,Carta,6,Correios,
2025,11,229,404105,2025-11-12,-201.2,5.1,Material do Almoxarifado,5,Material de Expediente,
2025,11,229,404125,2025-11-14,-40.3,2.1.10,Colorida,2,Reprografia,
2025,11,229,404126,2025-11-14,-12.4,2.1.10,Colorida,2,Reprografia,
2025,11,229,404145,2025-11-19,-111.6,2.1.10,Colorida,2,Reprografia,
2025,11,229,404164,2025-11-24,-9.3,2.1.10,Colorida,2,Reprografia,
2025,11,229,404187,2025-11-27,-345.0,5.1,Material do Almoxarifado,5,Material de Expediente,
2025,11,229,404195,2025-11-27,-1.55,2.1.10,Colorida,2,Reprografia,
2025,11,229,404203,2025-11-30,-3770.55,12,Indenização por Uso de Veículo Particular,12,Indenização por Uso de Veículo Particular,
2025,11,232,404027,2025-11-01,13903.32,1.1,Crédito Mensal ou Ajuste,1,Créditos QBM,
2025,11,232,404086,2025-11-10,-134.72,5.1,Material do Almoxarifado,5,Material de Expediente,
2025,11,232,404202,2025-11-30,-1803.91,12,Indenização por Uso de Veículo Particular,12,Indenização por Uso de Veículo Particular,
2025,11,1058,403973,2025-11-01,13903.32,1.1,Crédito Mensal ou Ajuste,1,Créditos QBM,
2025,11,1058,404049,2025-11-03,-108.44,5.1,Material do Almoxarifado,5,Material de Expediente,
2025,11,1058,404094,2025-11-10,-28.28,5.1,Material do Almoxarifado,5,Material de Expediente,
2025,11,1058,404131,2025-11-18,-6.2,2.1.10,Colorida,2,Reprografia,
2025,11,1058,404181,2025-11-26,-7.0,5.1,Material do Almoxarifado,5,Material de Expediente,
2025,11,1058,404221,2025-11-30,-1016.06,12,Indenização por Uso de Veículo Particular,12,Indenização por Uso de Veículo Particular,
2025,11,1067,404017,2025-11-01,13903.32,1.1,Crédito Mensal ou Ajuste,1,Créditos QBM,
2025,11,1067,404044,2025-11-03,-129.78,5.1,Material do Almoxarifado,5,Material de Expediente,
2025,11,1067,404077,2025-11-05,-4.65,2.1.10,Colorida,2,Reprografia,
2025,11,1067,404087,2025-11-10,-3870.2,6.3,Carta,6,Correios,
2025,11,1067,404091,2025-11-10,-6.2,2.1.10,Colorida,2,Reprografia,
2025,11,1067,404122,2025-11-14,-18.6,2.1.10,Colorida,2,Reprografia,
2025,11,1067,404150,2025-11-19,-12.4,2.1.10,Colorida,2,Reprografia,
2025,11,1067,404156,2025-11-24,-29.45,2.1.10,Colorida,2,Reprografia,
2025,11,1067,404157,2025-11-24,-3.1,2.1.10,Colorida,2,Reprografia,
2025,11,1067,404163,2025-11-24,-4.65,2.1.10,Colorida,2,Reprografia,
2025,11,1067,404165,2025-11-24,-3.1,2.1.10,Colorida,2,Reprografia,
2025,11,1067,404170,2025-11-25,-6.2,2.1.10,Colorida,2,Reprografia,
2025,11,1067,404180,2025-11-26,-252.65,2.1.10,Colorida,2,Reprografia,
2025,11,1067,404183,2025-11-26,-230.0,2.1.9,Preto e Branco,2,Reprografia,
2025,11,1067,404184,2025-11-26,-138.0,5.1,Material do Almoxarifado,5,Material de Expediente,
2025,11,1067,404224,2025-11-30,-3770.55,12,Indenização por Uso de Veículo Particular,12,Indenização por Uso de Veículo Particular,
2025,11,1110,404035,2025-11-01,13903.32,1.1,Crédito Mensal ou Ajuste,1,Créditos QBM,
2025,11,1113,404015,2025-11-01,13903.32,1.1,Crédito Mensal ou Ajuste,1,Créditos QBM,
2025,11,1115,404033,2025-11-01,13903.32,1.1,Crédito Mensal ou Ajuste,1,Créditos QBM,
2025,11,1115,404160,2025-11-24,-144.52,5.1,Material do Almoxarifado,5,Material de Expediente,
2025,11,1115,404223,2025-11-30,-2020.22,12,Indenização por Uso de Veículo Particular,12,Indenização por Uso de Veículo Particular,
2025,11,1117,404036,2025-11-01,13903.32,1.1,Crédito Mensal ou Ajuste,1,Créditos QBM,
2025,11,1117,404081,2025-11-06,-121.79,5.1,Material do Almoxarifado,5,Material de Expediente,
2025,11,1117,404083,2025-11-07,-3.1,2.1.10,Colorida,2,Reprografia,
2025,11,1117,404101,2025-11-11,-9.3,2.1.10,Colorida,2,Reprografia,
2025,11,1117,404110,2025-11-12,-27.9,2.1.10,Colorida,2,Reprografia,
2025,11,1117,404111,2025-11-12,-3.1,2.1.10,Colorida,2,Reprografia,
2025,11,1117,404112,2025-11-12,-0.46,2.1.9,Preto e Branco,2,Reprografia,
2025,11,1117,404132,2025-11-18,-24.8,2.1.10,Colorida,2,Reprografia,
2025,11,1117,404133,2025-11-18,-65.46,5.1,Material do Almoxarifado,5,Material de Expediente,
2025,11,1117,404134,2025-11-18,-6.2,2.1.10,Colorida,2,Reprografia,
2025,11,1117,404136,2025-11-19,-9.3,2.1.10,Colorida,2,Reprografia,
2025,11,1117,404154,2025-11-24,-17.04,5.1,Material do Almoxarifado,5,Material de Expediente,
2025,11,1117,402836,2025-11-25,-510.71,11.2,Diárias,11,Viagens,
2025,11,1117,402843,2025-11-25,-360.3,11.1,Passagens,11,Viagens,
2025,11,1117,404167,2025-11-25,-2.57,5.1,Material do Almoxarifado,5,Material de Expediente,
2025,11,1117,404173,2025-11-25,-4.65,2.1.10,Colorida,2,Reprografia,
2025,11,1117,404174,2025-11-25,-3.1,2.1.10,Colorida,2,Reprografia,
2025,11,1117,404176,2025-11-25,-3.1,2.1.10,Colorida,2,Reprografia,
2025,11,1117,403651,2025-11-30,-536.25,11.2,Diárias,11,Viagens,
2025,11,1117,403655,2025-11-30,-572.95,11.1,Passagens,11,Viagens,
2025,11,1117,404212,2025-11-30,-2210.73,12,Indenização por Uso de Veículo Particular,12,Indenização por Uso de Veículo Particular,
2025,11,1127,404029,2025-11-01,13903.32,1.1,Crédito Mensal ou Ajuste,1,Créditos QBM,
2025,11,1127,404067,2025-11-04,-192.63,5.1,Material do Almoxarifado,5,Material de Expediente,
2025,11,1127,404068,2025-11-04,-1.55,2.1.10,Colorida,2,Reprografia,
2025,11,1127,403532,2025-11-08,-1223.56,11.1,Passagens,11,Viagens,
2025,11,1127,404128,2025-11-17,-460.0,2.1.9,Preto e Branco,2,Reprografia,
2025,11,1127,404141,2025-11-19,-155.0,2.1.10,Colorida,2,Reprografia,
2025,11,1128,404039,2025-11-01,13903.32,1.1,Crédito Mensal ou Ajuste,1,Créditos QBM,
2025,11,1128,404143,2025-11-19,-1.55,2.1.10,Colorida,2,Reprografia,
2025,11,1128,404161,2025-11-24,-4.65,2.1.10,Colorida,2,Reprografia,
2025,11,1128,404182,2025-11-26,-15.5,2.1.10,Colorida,2,Reprografia,
2025,11,1128,404190,2025-11-27,-97.04,5.1,Material do Almoxarifado,5,Material de Expediente,
2025,11,1128,404192,2025-11-27,-6.2,2.1.10,Colorida,2,Reprografia,
2025,11,1128,404204,2025-11-30,-1474.48,12,Indenização por Uso de Veículo Particular,12,Indenização por Uso de Veículo Particular,
2025,11,1130,404043,2025-11-01,13903.32,1.1,Crédito Mensal ou Ajuste,1,Créditos QBM,
2025,11,1130,404072,2025-11-04,-184.22,5.1,Material do Almoxarifado,5,Material de Expediente,
2025,11,1130,404085,2025-11-07,-15.5,2.1.10,Colorida,2,Reprografia,
2025,11,1130,404213,2025-11-30,-3246.64,12,Indenização por Uso de Veículo Particular,12,Indenização por Uso de Veículo Particular,
2025,11,1141,404034,2025-11-01,13903.32,1.1,Crédito Mensal ou Ajuste,1,Créditos QBM,
2025,11,1141,404069,2025-11-04,-12.4,2.1.10,Colorida,2,Reprografia,
2025,11,1141,404152,2025-11-19,-27.9,2.1.10,Colorida,2,Reprografia,
2025,11,1141,404178,2025-11-26,-174.88,5.1,Material do Almoxarifado,5,Material de Expediente,
2025,11,1141,404215,2025-11-30,-454.45,12,Indenização por Uso de Veículo Particular,12,Indenização por Uso de Veículo Particular,
2025,11,1144,404030,2025-11-01,13903.32,1.1,Crédito Mensal ou Ajuste,1,Créditos QBM,
2025,11,1145,404037,2025-11-01,13903.32,1.1,Crédito Mensal ou Ajuste,1,Créditos QBM,
2025,11,1145,404048,2025-11-03,-335.84,5.1,Material do Almoxarifado,5,Material de Expediente,
2025,11,1145,404115,2025-11-13,-1.55,2.1.10,Colorida,2,Reprografia,
2025,11,1145,404116,2025-11-13,1.55,2,Reprografia,2,Reprografia,
2025,11,1145,404120,2025-11-13,-1150.0,2.1.9,Preto e Branco,2,Reprografia,
2025,11,1145,404148,2025-11-19,-230.0,2.1.9,Preto e Branco,2,Reprografia,
2025,11,1145,404185,2025-11-26,-3.1,2.1.10,Colorida,2,Reprografia,
2025,11,1145,404188,2025-11-27,-108.5,2.1.10,Colorida,2,Reprografia,
2025,11,1145,404225,2025-11-30,-3770.55,12,Indenização por Uso de Veículo Particular,12,Indenização por Uso de Veículo Particular,
2025,11,1151,404016,2025-11-01,13903.32,1.1,Crédito Mensal ou Ajuste,1,Créditos QBM,
2025,11,1151,404060,2025-11-04,-429.95,5.1,Material do Almoxarifado,5,Material de Expediente,
2025,11,1151,404075,2025-11-05,-930.0,2.1.10,Colorida,2,Reprografia,
2025,11,1151,404088,2025-11-10,-5805.3,6.3,Carta,6,Correios,
2025,11,1151,404096,2025-11-11,-197.81,5.1,Material do Almoxarifado,5,Material de Expediente,
2025,11,1151,404100,2025-11-11,-26.45,2.1.9,Preto e Branco,2,Reprografia,
2025,11,1151,404142,2025-11-19,-44.0,5.1,Material do Almoxarifado,5,Material de Expediente,
2025,11,1151,404144,2025-11-19,-26.45,2.1.9,Preto e Branco,2,Reprografia,
2025,11,1151,401899,2025-11-24,-500.5,11.2,Diárias,11,Viagens,
2025,11,1151,404166,2025-11-25,-26.13,5.1,Material do Almoxarifado,5,Material de Expediente,
2025,11,1151,404168,2025-11-25,-123.84,5.1,Material do Almoxarifado,5,Material de Expediente,
2025,11,1151,404307,2025-11-25,123.84,5.1,Material do Almoxarifado,5,Material de Expediente,
2025,11,1151,404196,2025-11-28,-67.51,5.1,Material do Almoxarifado,5,Material de Expediente,
2025,11,1153,404031,2025-11-01,13903.32,1.1,Crédito Mensal ou Ajuste,1,Créditos QBM,
2025,11,1153,404057,2025-11-03,-116.72,5.1,Material do Almoxarifado,5,Material de Expediente,
2025,11,1153,404082,2025-11-06,-108.96,5.1,Material do Almoxarifado,5,Material de Expediente,
2025,11,1153,404117,2025-11-13,-15.5,2.1.10,Colorida,2,Reprografia,
2025,11,1153,404219,2025-11-30,-2065.86,12,Indenização por Uso de Veículo Particular,12,Indenização por Uso de Veículo Particular,
2025,11,1155,404000,2025-11-01,13903.32,1.1,Crédito Mensal ou Ajuste,1,Créditos QBM,
2025,11,1155,404140,2025-11-19,-3.1,2.1.10,Colorida,2,Reprografia,
2025,11,1155,404172,2025-11-25,-3.1,2.1.10,Colorida,2,Reprografia,
2025,11,1155,404226,2025-11-30,-3770.55,12,Indenização por Uso de Veículo Particular,12,Indenização por Uso de Veículo Particular,
2025,11,1157,404028,2025-11-01,13903.32,1.1,Crédito Mensal ou Ajuste,1,Créditos QBM,
2025,11,1157,404063,2025-11-04,-3.1,2.1.10,Colorida,2,Reprografia,
2025,11,1157,404118,2025-11-13,-328.25,5.1,Material do Almoxarifado,5,Material de Expediente,
2025,11,1157,401909,2025-11-24,-500.5,11.2,Diárias,11,Viagens,
2025,11,1157,401919,2025-11-24,-500.5,11.2,Diárias,11,Viagens,
2025,11,1157,401929,2025-11-24,-94.11,11.1,Passagens,11,Viagens,
2025,11,1157,401939,2025-11-24,-204.2,11.1,Passagens,11,Viagens,
2025,11,1157,402803,2025-11-25,-455.0,11.2,Diárias,11,Viagens,
2025,11,1157,404201,2025-11-30,-1387.17,12,Indenização por Uso de Veículo Particular,12,Indenização por Uso de Veículo Particular,
2025,11,1160,404041,2025-11-01,13903.32,1.1,Crédito Mensal ou Ajuste,1,Créditos QBM,
2025,11,1160,404056,2025-11-03,-271.49,5.1,Material do Almoxarifado,5,Material de Expediente,
2025,11,1160,404095,2025-11-10,-6.2,2.1.10,Colorida,2,Reprografia,
2025,11,1160,404103,2025-11-12,-6.2,2.1.10,Colorida,2,Reprografia,
2025,11,1160,404158,2025-11-24,-17.05,2.1.10,Colorida,2,Reprografia,
2025,11,1160,402822,2025-11-25,-569.63,11.1,Passagens,11,Viagens,
2025,11,1160,402829,2025-11-25,-306.43,11.2,Diárias,11,Viagens,
2025,11,1160,404207,2025-11-30,-3770.55,12,Indenização por Uso de Veículo Particular,12,Indenização por Uso de Veículo Particular,
2025,11,1170,404032,2025-11-01,13903.32,1.1,Crédito Mensal ou Ajuste,1,Créditos QBM,
2025,11,1170,404050,2025-11-03,-48.05,2.1.10,Colorida,2,Reprografia,
2025,11,1170,404052,2025-11-03,-145.09,5.1,Material do Almoxarifado,5,Material de Expediente,
2025,11,1170,404053,2025-11-03,-12.4,2.1.10,Colorida,2,Reprografia,
2025,11,1170,404106,2025-11-12,-311.55,2.1.10,Colorida,2,Reprografia,
2025,11,1170,404107,2025-11-12,-1.55,2.1.10,Colorida,2,Reprografia,
2025,11,1170,404109,2025-11-12,-1.55,2.1.10,Colorida,2,Reprografia,
2025,11,1170,404129,2025-11-17,-201.5,2.1.10,Colorida,2,Reprografia,
2025,11,1170,404149,2025-11-19,-49.6,2.1.10,Colorida,2,Reprografia,
2025,11,1170,404159,2025-11-24,-3.1,2.1.10,Colorida,2,Reprografia,
2025,11,1170,402810,2025-11-25,-715.0,11.2,Diárias,11,Viagens,
2025,11,1170,402816,2025-11-25,-268.41,11.1,Passagens,11,Viagens,
2025,11,1170,404200,2025-11-30,-3770.55,12,Indenização por Uso de Veículo Particular,12,Indenização por Uso de Veículo Particular,
2025,11,1176,404008,2025-11-01,13903.32,1.1,Crédito Mensal ou Ajuste,1,Créditos QBM,
2025,11,1176,404054,2025-11-03,-306.9,2.1.10,Colorida,2,Reprografia,
2025,11,1176,404055,2025-11-03,-25.3,2.1.9,Preto e Branco,2,Reprografia,
2025,11,1176,404062,2025-11-04,-208.52,5.1,Material do Almoxarifado,5,Material de Expediente,
2025,11,1176,402785,2025-11-25,-726.07,11.1,Passagens,11,Viagens,
2025,11,1176,402791,2025-11-25,-357.5,11.2,Diárias,11,Viagens,
2025,11,1176,404193,2025-11-27,-17.05,2.1.10,Colorida,2,Reprografia,
2025,11,1176,404194,2025-11-27,-1.55,2.1.10,Colorida,2,Reprografia,
2025,11,1176,404198,2025-11-28,-120.9,2.1.10,Colorida,2,Reprografia,
2025,11,1176,404217,2025-11-30,-504.06,12,Indenização por Uso de Veículo Particular,12,Indenização por Uso de Veículo Particular,
2025,11,1213,404040,2025-11-01,13903.32,1.1,Crédito Mensal ou Ajuste,1,Créditos QBM,
2025,11,1213,404070,2025-11-04,-278.47,5.1,Material do Almoxarifado,5,Material de Expediente,
2025,11,1213,404071,2025-11-04,123.84,5.1,Material do Almoxarifado,5,Material de Expediente,
2025,11,1213,404078,2025-11-05,-31.0,2.1.10,Colorida,2,Reprografia,
2025,11,1213,404146,2025-11-19,-519.95,5.1,Material do Almoxarifado,5,Material de Expediente,
2025,11,1213,404151,2025-11-19,-899.0,2.1.10,Colorida,2,Reprografia,
2025,11,1213,404205,2025-11-30,-3701.09,12,Indenização por Uso de Veículo Particular,12,Indenização por Uso de Veículo Particular,
2025,11,1221,404006,2025-11-01,13903.32,1.1,Crédito Mensal ou Ajuste,1,Créditos QBM,
2025,11,1221,404139,2025-11-19,-99.81,5.1,Material do Almoxarifado,5,Material de Expediente,
2025,11,1221,402293,2025-11-28,-397.22,11.2,Diárias,11,Viagens,
2025,11,1221,404206,2025-11-30,-561.61,12,Indenização por Uso de Veículo Particular,12,Indenização por Uso de Veículo Particular,
2025,11,1240,404098,2025-11-01,13903.32,1.2,Crédito de Acúmumlo,1,Créditos QBM,
2025,11,1240,404130,2025-11-17,-3.1,2.1.10,Colorida,2,Reprografia,
2025,11,1240,404135,2025-11-19,-25.7,5.1,Material do Almoxarifado,5,Material de Expediente,
2025,11,1240,404162,2025-11-24,-145.7,2.1.10,Colorida,2,Reprografia,
2025,11,1240,404175,2025-11-25,-31.74,2.1.9,Preto e Branco,2,Reprografia,
2025,11,1240,404191,2025-11-27,-336.35,2.1.10,Colorida,2,Reprografia,
2025,11,1240,404199,2025-11-28,-23.0,2.1.9,Preto e Branco,2,Reprografia,
2025,11,1250,404026,2025-11-01,13903.32,1.1,Crédito Mensal ou Ajuste,1,Créditos QBM,
2025,11,1250,403497,2025-11-02,-893.75,11.2,Diárias,11,Viagens,
2025,11,1250,403501,2025-11-02,-441.91,11.1,Passagens,11,Viagens,
2025,11,1250,402773,2025-11-25,-119.17,11.2,Diárias,11,Viagens,
2025,11,1250,402779,2025-11-25,-292.05,11.1,Passagens,11,Viagens,
2025,11,1250,402797,2025-11-25,-1300.0,11.2,Diárias,11,Viagens,
2025,11,1250,404208,2025-11-30,-428.65,12,Indenização por Uso de Veículo Particular,12,Indenização por Uso de Veículo Particular,
2025,11,1295,403996,2025-11-01,13903.32,1.1,Crédito Mensal ou Ajuste,1,Créditos QBM,
2025,11,1295,404155,2025-11-24,-184.6,5.1,Material do Almoxarifado,5,Material de Expediente,
2025,11,1295,404169,2025-11-25,-44.0,5.1,Material do Almoxarifado,5,Material de Expediente,
2025,11,1295,404222,2025-11-30,-315.54,12,Indenização por Uso de Veículo Particular,12,Indenização por Uso de Veículo Particular,
2025,11,1296,403997,2025-11-01,13903.32,1.1,Crédito Mensal ou Ajuste,1,Créditos QBM,
2025,11,1296,404080,2025-11-06,-1.55,2.1.10,Colorida,2,Reprografia,
2025,11,1296,404102,2025-11-11,-47.64,5.1,Material do Almoxarifado,5,Material de Expediente,
2025,11,1296,404108,2025-11-12,-60.0,5.1,Material do Almoxarifado,5,Material de Expediente,
2025,11,1296,404119,2025-11-13,-122.69,5.1,Material do Almoxarifado,5,Material de Expediente,
2025,11,1296,404121,2025-11-14,-32.55,2.1.10,Colorida,2,Reprografia,
2025,11,1296,404124,2025-11-14,-1.84,5.1,Material do Almoxarifado,5,Material de Expediente,
2025,11,1296,404137,2025-11-19,-49.12,5.1,Material do Almoxarifado,5,Material de Expediente,
2025,11,1296,404220,2025-11-30,-1726.52,12,Indenização por Uso de Veículo Particular,12,Indenização por Uso de Veículo Particular,
2025,11,1297,403991,2025-11-01,13903.32,1.1,Crédito Mensal ou Ajuste,1,Créditos QBM,
2025,11,1297,402434,2025-11-13,-446.88,11.2,Diárias,11,Viagens,
2025,11,1297,402442,2025-11-13,-351.37,11.1,Passagens,11,Viagens,
2025,11,1297,404127,2025-11-17,-3.1,2.1.10,Colorida,2,Reprografia,
2025,11,1297,404153,2025-11-19,-3.1,2.1.10,Colorida,2,Reprografia,
2025,11,1297,402302,2025-11-28,-397.22,11.2,Diárias,11,Viagens,
2025,11,1298,403990,2025-11-01,13903.32,1.1,Crédito Mensal ou Ajuste,1,Créditos QBM,
2025,11,1298,404093,2025-11-10,-3.1,2.1.10,Colorida,2,Reprografia,
2025,11,1298,404113,2025-11-13,-3.1,2.1.10,Colorida,2,Reprografia,
2025,11,1298,404114,2025-11-13,0.0,2.1.10,Colorida,2,Reprografia,
2025,11,1298,404123,2025-11-14,-12.4,2.1.10,Colorida,2,Reprografia,
2025,11,1298,404197,2025-11-28,-15.5,2.1.10,Colorida,2,Reprografia,
2025,11,1298,404214,2025-11-30,-2645.34,12,Indenização por Uso de Veículo Particular,12,Indenização por Uso de Veículo Particular,
2025,11,1299,404009,2025-11-01,13903.32,1.1,Crédito Mensal ou Ajuste,1,Créditos QBM,
2025,11,1299,404045,2025-11-03,-1.55,2.1.10,Colorida,2,Reprografia,
2025,11,1299,404046,2025-11-03,1.55,2,Reprografia,2,Reprografia,
2025,11,1299,404058,2025-11-03,-31.0,2.1.10,Colorida,2,Reprografia,
2025,11,1299,404064,2025-11-04,-48.63,5.1,Material do Almoxarifado,5,Material de Expediente,
2025,11,1299,404076,2025-11-05,-15.5,2.1.10,Colorida,2,Reprografia,
2025,11,1299,404177,2025-11-26,-114.39,5.1,Material do Almoxarifado,5,Material de Expediente,
2025,11,1299,404211,2025-11-30,-2956.91,12,Indenização por Uso de Veículo Particular,12,Indenização por Uso de Veículo Particular,
2025,11,1300,404005,2025-11-01,13903.32,1.1,Crédito Mensal ou Ajuste,1,Créditos QBM,
2025,11,1300,404210,2025-11-30,-3746.74,12,Indenização por Uso de Veículo Particular,12,Indenização por Uso de Veículo Particular,
2025,11,1301,404097,2025-11-01,13903.32,1.2,Crédito de Acúmumlo,1,Créditos QBM,
2025,11,1301,404099,2025-11-11,-177.9,5.1,Material do Almoxarifado,5,Material de Expediente,
2025,11,1301,404171,2025-11-25,-105.64,5.1,Material do Almoxarifado,5,Material de Expediente,
2025,11,1302,404010,2025-11-01,13903.32,1.1,Crédito Mensal ou Ajuste,1,Créditos QBM,
2025,11,1302,404051,2025-11-03,-100.2,5.1,Material do Almoxarifado,5,Material de Expediente,
2025,11,1302,403033,2025-11-14,-357.5,11.2,Diárias,11,Viagens,
2025,11,1302,403039,2025-11-14,-1044.77,11.1,Passagens,11,Viagens,
2025,11,1302,404189,2025-11-27,-137.33,5.1,Material do Almoxarifado,5,Material de Expediente,
2025,11,1302,404216,2025-11-30,-1885.28,12,Indenização por Uso de Veículo Particular,12,Indenização por Uso de Veículo Particular,
2025,11,1303,404007,2025-11-01,13903.32,1.1,Crédito Mensal ou Ajuste,1,Créditos QBM,
2025,11,1303,404074,2025-11-04,-169.82,5.1,Material do Almoxarifado,5,Material de Expediente,
2025,11,1303,403302,2025-11-19,-893.75,11.2,Diárias,11,Viagens,
2025,11,1303,403312,2025-11-19,-908.33,11.1,Passagens,11,Viagens,
2025,11,1303,404209,2025-11-30,-2843.79,12,Indenização por Uso de Veículo Particular,12,Indenização por Uso de Veículo Particular,
2025,12,23,404293,2025-12-01,13903.32,1.1,Crédito Mensal ou Ajuste,1,Créditos QBM,
2025,12,23,404304,2025-12-01,-180.79,5.1,Material do Almoxarifado,5,Material de Expediente,
2025,12,23,404463,2025-12-31,-587.41,12,Indenização por Uso de Veículo Particular,12,Indenização por Uso de Veículo Particular,
2025,12,229,404326,2025-12-02,13903.32,1.1,Crédito Mensal ou Ajuste,1,Créditos QBM,
2025,12,229,404358,2025-12-08,-3940.5,6.3,Carta,6,Correios,
2025,12,229,404379,2025-12-11,-12.4,2.1.10,Colorida,2,Reprografia,
2025,12,229,404384,2025-12-15,-355.65,5.1,Material do Almoxarifado,5,Material de Expediente,
2025,12,229,404402,2025-12-17,-1.55,2.1.10,Colorida,2,Reprografia,
2025,12,229,404403,2025-12-17,-0.23,2.1.9,Preto e Branco,2,Reprografia,
2025,12,229,404404,2025-12-17,1.55,2,Reprografia,2,Reprografia,
2025,12,229,404405,2025-12-17,-0.23,2.1.9,Preto e Branco,2,Reprografia,
2025,12,229,404406,2025-12-17,-12.4,2.1.10,Colorida,2,Reprografia,
2025,12,229,404430,2025-12-19,-1.38,2.1.9,Preto e Branco,2,Reprografia,
2025,12,229,404432,2025-12-19,-4.65,2.1.10,Colorida,2,Reprografia,
2025,12,229,404433,2025-12-19,-9.3,2.1.10,Colorida,2,Reprografia,
2025,12,229,404434,2025-12-19,-83.7,2.1.10,Colorida,2,Reprografia,
2025,12,229,404439,2025-12-22,-4.65,2.1.10,Colorida,2,Reprografia,
2025,12,229,404440,2025-12-22,-111.6,2.1.10,Colorida,2,Reprografia,
2025,12,229,404444,2025-12-22,-12.4,2.1.10,Colorida,2,Reprografia,
2025,12,229,404453,2025-12-31,-3770.55,12,Indenização por Uso de Veículo Particular,12,Indenização por Uso de Veículo Particular,
2025,12,232,404284,2025-12-01,13903.32,1.1,Crédito Mensal ou Ajuste,1,Créditos QBM,
2025,12,232,404398,2025-12-16,-215.23,5.1,Material do Almoxarifado,5,Material de Expediente,
2025,12,232,404476,2025-12-31,-1597.52,12,Indenização por Uso de Veículo Particular,12,Indenização por Uso de Veículo Particular,
2025,12,1058,404227,2025-12-01,13903.32,1.1,Crédito Mensal ou Ajuste,1,Créditos QBM,
2025,12,1058,404334,2025-12-03,-46.0,2.1.9,Preto e Branco,2,Reprografia,
2025,12,1058,404380,2025-12-12,-24.33,5.1,Material do Almoxarifado,5,Material de Expediente,
2025,12,1058,404442,2025-12-22,-4.65,2.1.10,Colorida,2,Reprografia,
2025,12,1058,404469,2025-12-31,-918.82,12,Indenização por Uso de Veículo Particular,12,Indenização por Uso de Veículo Particular,
2025,12,1067,404272,2025-12-01,13903.32,1.1,Crédito Mensal ou Ajuste,1,Créditos QBM,
2025,12,1067,404303,2025-12-01,-310.46,5.1,Material do Almoxarifado,5,Material de Expediente,
2025,12,1067,404329,2025-12-02,-6.2,2.1.10,Colorida,2,Reprografia,
2025,12,1067,404337,2025-12-03,-3.1,2.1.10,Colorida,2,Reprografia,
2025,12,1067,404347,2025-12-05,-35.55,5.1,Material do Almoxarifado,5,Material de Expediente,
2025,12,1067,404359,2025-12-08,-3219.0,6.3,Carta,6,Correios,
2025,12,1067,404375,2025-12-11,-155.0,2.1.10,Colorida,2,Reprografia,
2025,12,1067,404417,2025-12-18,-18.18,5.1,Material do Almoxarifado,5,Material de Expediente,
2025,12,1067,404421,2025-12-18,-9.3,2.1.10,Colorida,2,Reprografia,
2025,12,1067,404445,2025-12-22,-12.4,2.1.10,Colorida,2,Reprografia,
2025,12,1067,404452,2025-12-31,-3770.55,12,Indenização por Uso de Veículo Particular,12,Indenização por Uso de Veículo Particular,
2025,12,1110,404416,2025-12-17,13903.32,1.1,Crédito Mensal ou Ajuste,1,Créditos QBM,
2025,12,1110,404422,2025-12-18,-93.3,5.1,Material do Almoxarifado,5,Material de Expediente,
2025,12,1110,404446,2025-12-23,-3.1,2.1.10,Colorida,2,Reprografia,
2025,12,1113,404266,2025-12-01,13903.32,1.1,Crédito Mensal ou Ajuste,1,Créditos QBM,
2025,12,1115,404289,2025-12-01,13903.32,1.1,Crédito Mensal ou Ajuste,1,Créditos QBM,
2025,12,1115,404460,2025-12-31,-1428.84,12,Indenização por Uso de Veículo Particular,12,Indenização por Uso de Veículo Particular,
2025,12,1117,404292,2025-12-01,13903.32,1.1,Crédito Mensal ou Ajuste,1,Créditos QBM,
2025,12,1117,404366,2025-12-10,-91.45,2.1.10,Colorida,2,Reprografia,
2025,12,1117,404385,2025-12-15,-4.23,5.1,Material do Almoxarifado,5,Material de Expediente,
2025,12,1117,404386,2025-12-15,-10.3,5.1,Material do Almoxarifado,5,Material de Expediente,
2025,12,1117,404428,2025-12-19,-153.45,2.1.10,Colorida,2,Reprografia,
2025,12,1117,402837,2025-12-25,-510.71,11.2,Diárias,11,Viagens,
2025,12,1117,402844,2025-12-25,-360.3,11.1,Passagens,11,Viagens,
2025,12,1117,403652,2025-12-30,-536.25,11.2,Diárias,11,Viagens,
2025,12,1117,403656,2025-12-30,-572.95,11.1,Passagens,11,Viagens,
2025,12,1117,404454,2025-12-31,-2925.15,12,Indenização por Uso de Veículo Particular,12,Indenização por Uso de Veículo Particular,
2025,12,1127,404286,2025-12-01,13903.32,1.1,Crédito Mensal ou Ajuste,1,Créditos QBM,
2025,12,1127,404309,2025-12-01,-93.0,2.1.10,Colorida,2,Reprografia,
2025,12,1127,404338,2025-12-04,-31.0,2.1.10,Colorida,2,Reprografia,
2025,12,1127,404339,2025-12-04,-198.59,5.1,Material do Almoxarifado,5,Material de Expediente,
2025,12,1127,404340,2025-12-04,-6.2,2.1.10,Colorida,2,Reprografia,
2025,12,1127,404370,2025-12-10,-124.0,2.1.10,Colorida,2,Reprografia,
2025,12,1127,404382,2025-12-12,-178.25,2.1.10,Colorida,2,Reprografia,
2025,12,1127,404431,2025-12-19,-1.55,2.1.10,Colorida,2,Reprografia,
2025,12,1128,404295,2025-12-01,13903.32,1.1,Crédito Mensal ou Ajuste,1,Créditos QBM,
2025,12,1128,404305,2025-12-01,-52.7,2.1.10,Colorida,2,Reprografia,
2025,12,1128,404306,2025-12-01,-13.95,5.1,Material do Almoxarifado,5,Material de Expediente,
2025,12,1128,404317,2025-12-01,-1.55,2.1.10,Colorida,2,Reprografia,
2025,12,1128,404350,2025-12-05,-1.55,2.1.10,Colorida,2,Reprografia,
2025,12,1128,404364,2025-12-09,-96.1,2.1.10,Colorida,2,Reprografia,
2025,12,1128,404376,2025-12-11,-9.3,2.1.10,Colorida,2,Reprografia,
2025,12,1128,404377,2025-12-11,-465.0,2.1.10,Colorida,2,Reprografia,
2025,12,1128,404407,2025-12-17,-1.55,2.1.10,Colorida,2,Reprografia,
2025,12,1128,404419,2025-12-18,-52.7,2.1.10,Colorida,2,Reprografia,
2025,12,1128,404438,2025-12-19,-17.05,2.1.10,Colorida,2,Reprografia,
2025,12,1128,404459,2025-12-31,-1111.32,12,Indenização por Uso de Veículo Particular,12,Indenização por Uso de Veículo Particular,
2025,12,1130,404294,2025-12-01,13903.32,1.1,Crédito Mensal ou Ajuste,1,Créditos QBM,
2025,12,1130,404324,2025-12-02,-146.21,5.1,Material do Almoxarifado,5,Material de Expediente,
2025,12,1130,404462,2025-12-31,-2177.0,12,Indenização por Uso de Veículo Particular,12,Indenização por Uso de Veículo Particular,
2025,12,1141,404291,2025-12-01,13903.32,1.1,Crédito Mensal ou Ajuste,1,Créditos QBM,
2025,12,1141,404328,2025-12-02,-7.75,2.1.10,Colorida,2,Reprografia,
2025,12,1141,404330,2025-12-02,-93.0,2.1.10,Colorida,2,Reprografia,
2025,12,1141,404331,2025-12-03,-186.68,5.1,Material do Almoxarifado,5,Material de Expediente,
2025,12,1141,404353,2025-12-08,-34.91,5.1,Material do Almoxarifado,5,Material de Expediente,
2025,12,1141,404356,2025-12-08,-1.55,2.1.10,Colorida,2,Reprografia,
2025,12,1141,404372,2025-12-10,-24.8,2.1.10,Colorida,2,Reprografia,
2025,12,1141,404378,2025-12-11,-24.8,2.1.10,Colorida,2,Reprografia,
2025,12,1141,404408,2025-12-17,-3.1,2.1.10,Colorida,2,Reprografia,
2025,12,1141,404409,2025-12-17,-4.65,2.1.10,Colorida,2,Reprografia,
2025,12,1141,404414,2025-12-17,-13.95,2.1.10,Colorida,2,Reprografia,
2025,12,1141,404415,2025-12-17,-13.95,2.1.10,Colorida,2,Reprografia,
2025,12,1141,404425,2025-12-18,-6.2,2.1.10,Colorida,2,Reprografia,
2025,12,1141,404426,2025-12-18,-18.6,2.1.10,Colorida,2,Reprografia,
2025,12,1141,404436,2025-12-19,-3.1,2.1.10,Colorida,2,Reprografia,
2025,12,1141,404437,2025-12-19,-1.55,2.1.10,Colorida,2,Reprografia,
2025,12,1141,404477,2025-12-31,-327.44,12,Indenização por Uso de Veículo Particular,12,Indenização por Uso de Veículo Particular,
2025,12,1144,404287,2025-12-01,13903.32,1.1,Crédito Mensal ou Ajuste,1,Créditos QBM,
2025,12,1145,404285,2025-12-01,13903.32,1.1,Crédito Mensal ou Ajuste,1,Créditos QBM,
2025,12,1145,404341,2025-12-04,-314.76,5.1,Material do Almoxarifado,5,Material de Expediente,
2025,12,1145,404361,2025-12-08,-18.6,2.1.10,Colorida,2,Reprografia,
2025,12,1145,404391,2025-12-16,-0.46,2.1.9,Preto e Branco,2,Reprografia,
2025,12,1145,404399,2025-12-17,-12.4,2.1.10,Colorida,2,Reprografia,
2025,12,1145,404411,2025-12-17,-23.25,2.1.10,Colorida,2,Reprografia,
2025,12,1145,404464,2025-12-31,-3677.28,12,Indenização por Uso de Veículo Particular,12,Indenização por Uso de Veículo Particular,
2025,12,1149,404388,2025-12-16,6964.54,1.3,Transferência de Saldo por Alteração em Vereança,1,Créditos QBM,"TRANSFERENCIA DE SALDO A VER.ª TITULAR FERNANDA BARTH POR RETORNO DE LICENCA PARA DESEMPENHAR CARGO PUBLICO, CESSANDO A SUPLENCIA DE ALEXANDRE BOBADRA AS 14H DE 15/12/2025."
2025,12,1149,404389,2025-12-16,-22.79,5.1,Material do Almoxarifado,5,Material de Expediente,
2025,12,1149,404401,2025-12-17,-10.85,2.1.10,Colorida,2,Reprografia,
2025,12,1149,404471,2025-12-31,-674.73,12,Indenização por Uso de Veículo Particular,12,Indenização por Uso de Veículo Particular,
2025,12,1151,404273,2025-12-01,13903.32,1.1,Crédito Mensal ou Ajuste,1,Créditos QBM,
2025,12,1151,404310,2025-12-01,-31.0,2.1.10,Colorida,2,Reprografia,
2025,12,1151,404311,2025-12-01,-61.92,5.1,Material do Almoxarifado,5,Material de Expediente,
2025,12,1151,404320,2025-12-02,-1.55,2.1.10,Colorida,2,Reprografia,
2025,12,1151,404321,2025-12-02,-15.5,2.1.10,Colorida,2,Reprografia,
2025,12,1151,404322,2025-12-02,-15.5,2.1.10,Colorida,2,Reprografia,
2025,12,1151,404332,2025-12-03,-3.1,2.1.10,Colorida,2,Reprografia,
2025,12,1151,404342,2025-12-04,-61.56,5.1,Material do Almoxarifado,5,Material de Expediente,
2025,12,1151,404357,2025-12-08,-6127.2,6.3,Carta,6,Correios,
2025,12,1151,404360,2025-12-08,-58.35,5.1,Material do Almoxarifado,5,Material de Expediente,
2025,12,1151,404363,2025-12-08,-44.0,5.1,Material do Almoxarifado,5,Material de Expediente,
2025,12,1151,404373,2025-12-11,-18.6,2.1.10,Colorida,2,Reprografia,
2025,12,1151,404387,2025-12-16,-6964.54,1.3,Transferência de Saldo por Alteração em Vereança,1,Créditos QBM,"TRANSFERENCIA DE SALDO A VER.ª TITULAR FERNANDA BARTH POR RETORNO DE LICENCA PARA DESEMPENHAR CARGO PUBLICO, CESSANDO A SUPLENCIA AS 14H DE 15/12/2025."
2025,12,1151,401900,2025-12-24,-500.5,11.2,Diárias,11,Viagens,
2025,12,1153,404290,2025-12-01,13903.32,1.1,Crédito Mensal ou Ajuste,1,Créditos QBM,
2025,12,1153,404301,2025-12-01,-127.96,5.1,Material do Almoxarifado,5,Material de Expediente,
2025,12,1153,404333,2025-12-03,-15.5,2.1.10,Colorida,2,Reprografia,
2025,12,1153,404355,2025-12-08,-92.0,2.1.9,Preto e Branco,2,Reprografia,
2025,12,1153,404449,2025-12-29,-914.5,2.1.10,Colorida,2,Reprografia,
2025,12,1153,404450,2025-12-29,-609.5,2.1.9,Preto e Branco,2,Reprografia,
2025,12,1153,404451,2025-12-30,-678.5,2.1.9,Preto e Branco,2,Reprografia,
2025,12,1153,404475,2025-12-31,-3770.55,12,Indenização por Uso de Veículo Particular,12,Indenização por Uso de Veículo Particular,
2025,12,1155,404255,2025-12-01,13903.32,1.1,Crédito Mensal ou Ajuste,1,Créditos QBM,
2025,12,1155,404299,2025-12-01,-88.1,5.1,Material do Almoxarifado,5,Material de Expediente,
2025,12,1155,404312,2025-12-01,-1.55,2.1.10,Colorida,2,Reprografia,
2025,12,1155,404345,2025-12-04,-4.65,2.1.10,Colorida,2,Reprografia,
2025,12,1155,404435,2025-12-19,-13.95,2.1.10,Colorida,2,Reprografia,
2025,12,1155,404443,2025-12-22,-9.3,2.1.10,Colorida,2,Reprografia,
2025,12,1155,404473,2025-12-31,-1958.7,12,Indenização por Uso de Veículo Particular,12,Indenização por Uso de Veículo Particular,
2025,12,1157,404283,2025-12-01,13903.32,1.1,Crédito Mensal ou Ajuste,1,Créditos QBM,
2025,12,1157,404381,2025-12-12,-273.61,5.1,Material do Almoxarifado,5,Material de Expediente,
2025,12,1157,401910,2025-12-24,-500.5,11.2,Diárias,11,Viagens,
2025,12,1157,401920,2025-12-24,-500.5,11.2,Diárias,11,Viagens,
2025,12,1157,401930,2025-12-24,-94.11,11.1,Passagens,11,Viagens,
2025,12,1157,401940,2025-12-24,-204.2,11.1,Passagens,11,Viagens,
2025,12,1157,402804,2025-12-25,-455.0,11.2,Diárias,11,Viagens,
2025,12,1160,404297,2025-12-01,13903.32,1.1,Crédito Mensal ou Ajuste,1,Créditos QBM,
2025,12,1160,404298,2025-12-01,-245.51,5.1,Material do Almoxarifado,5,Material de Expediente,
2025,12,1160,404335,2025-12-03,-155.0,2.1.10,Colorida,2,Reprografia,
2025,12,1160,404344,2025-12-04,-3.1,2.1.10,Colorida,2,Reprografia,
2025,12,1160,402823,2025-12-25,-569.63,11.1,Passagens,11,Viagens,
2025,12,1160,402830,2025-12-25,-306.43,11.2,Diárias,11,Viagens,
2025,12,1160,404470,2025-12-31,-3770.55,12,Indenização por Uso de Veículo Particular,12,Indenização por Uso de Veículo Particular,
2025,12,1170,404288,2025-12-01,13903.32,1.1,Crédito Mensal ou Ajuste,1,Créditos QBM,
2025,12,1170,404308,2025-12-01,-105.4,2.1.10,Colorida,2,Reprografia,
2025,12,1170,404349,2025-12-05,-21.7,2.1.10,Colorida,2,Reprografia,
2025,12,1170,404374,2025-12-11,-243.06,5.1,Material do Almoxarifado,5,Material de Expediente,
2025,12,1170,404400,2025-12-17,-1.55,2.1.10,Colorida,2,Reprografia,
2025,12,1170,404458,2025-12-31,-3770.55,12,Indenização por Uso de Veículo Particular,12,Indenização por Uso de Veículo Particular,
2025,12,1176,404265,2025-12-01,13903.32,1.1,Crédito Mensal ou Ajuste,1,Créditos QBM,
2025,12,1176,404318,2025-12-01,-138.0,2.1.9,Preto e Branco,2,Reprografia,
2025,12,1176,404323,2025-12-02,-241.99,5.1,Material do Almoxarifado,5,Material de Expediente,
2025,12,1176,404336,2025-12-03,-46.5,2.1.10,Colorida,2,Reprografia,
2025,12,1176,404343,2025-12-04,-1.55,2.1.10,Colorida,2,Reprografia,
2025,12,1176,404351,2025-12-05,-94.55,2.1.10,Colorida,2,Reprografia,
2025,12,1176,404397,2025-12-16,-57.5,2.1.9,Preto e Branco,2,Reprografia,
2025,12,1176,404424,2025-12-18,-15.5,2.1.10,Colorida,2,Reprografia,
2025,12,1176,404472,2025-12-31,-773.96,12,Indenização por Uso de Veículo Particular,12,Indenização por Uso de Veículo Particular,
2025,12,1213,404296,2025-12-01,13903.32,1.1,Crédito Mensal ou Ajuste,1,Créditos QBM,
2025,12,1213,404412,2025-12-17,-27.9,2.1.10,Colorida,2,Reprografia,
2025,12,1213,404429,2025-12-19,-685.1,2.1.10,Colorida,2,Reprografia,
2025,12,1213,404448,2025-12-26,-545.28,5.1,Material do Almoxarifado,5,Material de Expediente,
2025,12,1213,404457,2025-12-31,-3417.31,12,Indenização por Uso de Veículo Particular,12,Indenização por Uso de Veículo Particular,
2025,12,1221,404262,2025-12-01,13903.32,1.1,Crédito Mensal ou Ajuste,1,Créditos QBM,
2025,12,1221,404420,2025-12-18,-10.85,2.1.10,Colorida,2,Reprografia,
2025,12,1221,402294,2025-12-28,-397.22,11.2,Diárias,11,Viagens,
2025,12,1221,404468,2025-12-31,-379.04,12,Indenização por Uso de Veículo Particular,12,Indenização por Uso de Veículo Particular,
2025,12,1240,404271,2025-12-01,13903.32,1.1,Crédito Mensal ou Ajuste,1,Créditos QBM,
2025,12,1240,404313,2025-12-01,-55.75,5.1,Material do Almoxarifado,5,Material de Expediente,
2025,12,1240,404316,2025-12-01,-155.0,2.1.10,Colorida,2,Reprografia,
2025,12,1240,404390,2025-12-16,-13.7,5.1,Material do Almoxarifado,5,Material de Expediente,
2025,12,1240,404418,2025-12-18,-53.69,5.1,Material do Almoxarifado,5,Material de Expediente,
2025,12,1240,404427,2025-12-19,-40.84,5.1,Material do Almoxarifado,5,Material de Expediente,
2025,12,1250,404282,2025-12-01,13903.32,1.1,Crédito Mensal ou Ajuste,1,Créditos QBM,
2025,12,1250,403498,2025-12-02,-893.75,11.2,Diárias,11,Viagens,
2025,12,1250,403502,2025-12-02,-441.91,11.1,Passagens,11,Viagens,
2025,12,1250,404467,2025-12-31,-519.94,12,Indenização por Uso de Veículo Particular,12,Indenização por Uso de Veículo Particular,
2025,12,1295,404254,2025-12-01,13903.32,1.1,Crédito Mensal ou Ajuste,1,Créditos QBM,
2025,12,1295,404393,2025-12-16,-181.31,5.1,Material do Almoxarifado,5,Material de Expediente,
2025,12,1295,404455,2025-12-31,-315.54,12,Indenização por Uso de Veículo Particular,12,Indenização por Uso de Veículo Particular,
2025,12,1296,404251,2025-12-01,13903.32,1.1,Crédito Mensal ou Ajuste,1,Créditos QBM,
2025,12,1296,404348,2025-12-05,-165.71,5.1,Material do Almoxarifado,5,Material de Expediente,
2025,12,1296,404396,2025-12-16,-3.1,2.1.10,Colorida,2,Reprografia,
2025,12,1296,404410,2025-12-17,-4.65,2.1.10,Colorida,2,Reprografia,
2025,12,1297,404247,2025-12-01,13903.32,1.1,Crédito Mensal ou Ajuste,1,Créditos QBM,
2025,12,1297,404367,2025-12-10,-56.45,5.1,Material do Almoxarifado,5,Material de Expediente,
2025,12,1297,404368,2025-12-10,-12.85,5.1,Material do Almoxarifado,5,Material de Expediente,
2025,12,1297,402435,2025-12-13,-446.88,11.2,Diárias,11,Viagens,
2025,12,1297,402443,2025-12-13,-351.37,11.1,Passagens,11,Viagens,
2025,12,1297,402303,2025-12-28,-397.22,11.2,Diárias,11,Viagens,
2025,12,1298,404248,2025-12-01,13903.32,1.1,Crédito Mensal ou Ajuste,1,Créditos QBM,
2025,12,1298,404466,2025-12-31,-2679.08,12,Indenização por Uso de Veículo Particular,12,Indenização por Uso de Veículo Particular,
2025,12,1299,404259,2025-12-01,13903.32,1.1,Crédito Mensal ou Ajuste,1,Créditos QBM,
2025,12,1299,404346,2025-12-04,-30.13,2.1.9,Preto e Branco,2,Reprografia,
2025,12,1299,404362,2025-12-08,-62.0,2.1.10,Colorida,2,Reprografia,
2025,12,1299,404369,2025-12-10,-6.2,2.1.10,Colorida,2,Reprografia,
2025,12,1299,404392,2025-12-16,-3.1,2.1.10,Colorida,2,Reprografia,
2025,12,1299,404413,2025-12-17,-20.15,2.1.10,Colorida,2,Reprografia,
2025,12,1299,404456,2025-12-31,-1270.08,12,Indenização por Uso de Veículo Particular,12,Indenização por Uso de Veículo Particular,
2025,12,1300,404264,2025-12-01,13903.32,1.1,Crédito Mensal ou Ajuste,1,Créditos QBM,
2025,12,1300,404300,2025-12-01,-57.76,5.1,Material do Almoxarifado,5,Material de Expediente,
2025,12,1300,404465,2025-12-31,-3770.55,12,Indenização por Uso de Veículo Particular,12,Indenização por Uso de Veículo Particular,
2025,12,1301,404234,2025-12-01,13903.32,1.1,Crédito Mensal ou Ajuste,1,Créditos QBM,
2025,12,1302,404261,2025-12-01,13903.32,1.1,Crédito Mensal ou Ajuste,1,Créditos QBM,
2025,12,1302,404352,2025-12-05,-465.0,2.1.10,Colorida,2,Reprografia,
2025,12,1302,404365,2025-12-10,-18.6,2.1.10,Colorida,2,Reprografia,
2025,12,1302,404371,2025-12-10,-161.42,5.1,Material do Almoxarifado,5,Material de Expediente,
2025,12,1302,403034,2025-12-14,-357.5,11.2,Diárias,11,Viagens,
2025,12,1302,403040,2025-12-14,-1044.77,11.1,Passagens,11,Viagens,
2025,12,1302,404395,2025-12-16,-31.0,2.1.10,Colorida,2,Reprografia,
2025,12,1302,404423,2025-12-18,-3.1,2.1.10,Colorida,2,Reprografia,
2025,12,1302,404474,2025-12-31,-2597.71,12,Indenização por Uso de Veículo Particular,12,Indenização por Uso de Veículo Particular,
2025,12,1303,404263,2025-12-01,13903.32,1.1,Crédito Mensal ou Ajuste,1,Créditos QBM,
2025,12,1303,404314,2025-12-01,-155.0,2.1.10,Colorida,2,Reprografia,
2025,12,1303,404315,2025-12-01,-213.01,5.1,Material do Almoxarifado,5,Material de Expediente,
2025,12,1303,404461,2025-12-31,-2877.53,12,Indenização por Uso de Veículo Particular,12,Indenização por Uso de Veículo Particular,
2026,1,23,404523,2026-01-01,13903.32,1.1,Crédito Mensal ou Ajuste,1,Créditos QBM,
2026,1,229,404529,2026-01-01,13903.32,1.1,Crédito Mensal ou Ajuste,1,Créditos QBM,
2026,1,229,404539,2026-01-06,-108.5,2.1.10,Colorida,2,Reprografia,
2026,1,229,404540,2026-01-07,-12.4,2.1.10,Colorida,2,Reprografia,
2026,1,229,404545,2026-01-08,-12.4,2.1.10,Colorida,2,Reprografia,
2026,1,229,404547,2026-01-08,-3.1,2.1.10,Colorida,2,Reprografia,
2026,1,229,404554,2026-01-12,-15.5,2.1.10,Colorida,2,Reprografia,
2026,1,229,404558,2026-01-13,-135.1,5.1,Material do Almoxarifado,5,Material de Expediente,
2026,1,229,404564,2026-01-14,-12.4,2.1.10,Colorida,2,Reprografia,
2026,1,229,404567,2026-01-15,-8010.5,6.3,Carta,6,Correios,
2026,1,229,404578,2026-01-21,-1.55,2.1.10,Colorida,2,Reprografia,
2026,1,229,404584,2026-01-23,-103.95,5.1,Material do Almoxarifado,5,Material de Expediente,
2026,1,229,404601,2026-01-31,-3713.0,12,Indenização por Uso de Veículo Particular,12,Indenização por Uso de Veículo Particular,
2026,1,232,404514,2026-01-01,13903.32,1.1,Crédito Mensal ou Ajuste,1,Créditos QBM,
2026,1,232,404608,2026-01-31,-1714.61,12,Indenização por Uso de Veículo Particular,12,Indenização por Uso de Veículo Particular,
2026,1,1058,404478,2026-01-01,13903.32,1.1,Crédito Mensal ou Ajuste,1,Créditos QBM,
2026,1,1058,404609,2026-01-31,-803.72,12,Indenização por Uso de Veículo Particular,12,Indenização por Uso de Veículo Particular,
2026,1,1058,404771,2026-01-31,-13099.6,1.3,Transferência de Saldo por Alteração em Vereança,1,Créditos QBM,TRANSFERENCIA DE SALDO DE QBM AO TITULAR PROFESSOR VITORINO POR FINAL DE LICENCA/SUPLENCIA.
2026,1,1067,404507,2026-01-01,13903.32,1.1,Crédito Mensal ou Ajuste,1,Créditos QBM,
2026,1,1067,404536,2026-01-05,-177.33,5.1,Material do Almoxarifado,5,Material de Expediente,
2026,1,1067,404566,2026-01-15,-7.75,2.1.10,Colorida,2,Reprografia,
2026,1,1067,404568,2026-01-15,-3807.3,6.3,Carta,6,Correios,
2026,1,1067,404574,2026-01-20,-31.0,2.1.10,Colorida,2,Reprografia,
2026,1,1067,404575,2026-01-21,-389.85,2.1.9,Preto e Branco,2,Reprografia,
2026,1,1067,404576,2026-01-21,-138.0,5.1,Material do Almoxarifado,5,Material de Expediente,
2026,1,1067,404577,2026-01-21,-263.5,2.1.10,Colorida,2,Reprografia,
2026,1,1067,404588,2026-01-28,-24.0,5.1,Material do Almoxarifado,5,Material de Expediente,
2026,1,1067,404590,2026-01-29,-1.55,2.1.10,Colorida,2,Reprografia,
2026,1,1067,404595,2026-01-29,-62.0,2.1.10,Colorida,2,Reprografia,
2026,1,1067,404616,2026-01-31,-3770.55,12,Indenização por Uso de Veículo Particular,12,Indenização por Uso de Veículo Particular,
2026,1,1110,404530,2026-01-01,13903.32,1.1,Crédito Mensal ou Ajuste,1,Créditos QBM,
2026,1,1113,404504,2026-01-01,13903.32,1.1,Crédito Mensal ou Ajuste,1,Créditos QBM,
2026,1,1115,404519,2026-01-01,13903.32,1.1,Crédito Mensal ou Ajuste,1,Créditos QBM,
2026,1,1115,404585,2026-01-23,-100.54,5.1,Material do Almoxarifado,5,Material de Expediente,
2026,1,1115,404619,2026-01-31,-1496.31,12,Indenização por Uso de Veículo Particular,12,Indenização por Uso de Veículo Particular,
2026,1,1117,404525,2026-01-01,13903.32,1.1,Crédito Mensal ou Ajuste,1,Créditos QBM,
2026,1,1117,404541,2026-01-07,-9.3,2.1.10,Colorida,2,Reprografia,
2026,1,1117,404552,2026-01-12,-9.3,2.1.10,Colorida,2,Reprografia,
2026,1,1117,404565,2026-01-15,-71.79,5.1,Material do Almoxarifado,5,Material de Expediente,
2026,1,1117,404581,2026-01-23,-17.04,5.1,Material do Almoxarifado,5,Material de Expediente,
2026,1,1117,404618,2026-01-31,-3683.23,12,Indenização por Uso de Veículo Particular,12,Indenização por Uso de Veículo Particular,
2026,1,1127,404517,2026-01-01,13903.32,1.1,Crédito Mensal ou Ajuste,1,Créditos QBM,
2026,1,1127,404542,2026-01-07,-409.78,5.1,Material do Almoxarifado,5,Material de Expediente,
2026,1,1127,404546,2026-01-08,-34.5,2.1.9,Preto e Branco,2,Reprografia,
2026,1,1127,404579,2026-01-21,-782.0,2.1.9,Preto e Branco,2,Reprografia,
2026,1,1128,404527,2026-01-01,13903.32,1.1,Crédito Mensal ou Ajuste,1,Créditos QBM,
2026,1,1128,404612,2026-01-31,-625.12,12,Indenização por Uso de Veículo Particular,12,Indenização por Uso de Veículo Particular,
2026,1,1130,404524,2026-01-01,13903.32,1.1,Crédito Mensal ou Ajuste,1,Créditos QBM,
2026,1,1130,404537,2026-01-06,-166.63,5.1,Material do Almoxarifado,5,Material de Expediente,
2026,1,1130,404603,2026-01-31,-2434.98,12,Indenização por Uso de Veículo Particular,12,Indenização por Uso de Veículo Particular,
2026,1,1141,404520,2026-01-01,13903.32,1.1,Crédito Mensal ou Ajuste,1,Créditos QBM,
2026,1,1141,404573,2026-01-20,-3.1,2.1.10,Colorida,2,Reprografia,
2026,1,1141,404614,2026-01-31,-353.24,12,Indenização por Uso de Veículo Particular,12,Indenização por Uso de Veículo Particular,
2026,1,1144,404515,2026-01-01,13903.32,1.1,Crédito Mensal ou Ajuste,1,Créditos QBM,
2026,1,1145,404516,2026-01-01,13903.32,1.1,Crédito Mensal ou Ajuste,1,Créditos QBM,
2026,1,1145,404543,2026-01-07,-1.55,2.1.10,Colorida,2,Reprografia,
2026,1,1145,404544,2026-01-07,-387.5,2.1.10,Colorida,2,Reprografia,
2026,1,1145,404551,2026-01-12,-9.3,2.1.10,Colorida,2,Reprografia,
2026,1,1145,404562,2026-01-14,-201.5,2.1.10,Colorida,2,Reprografia,
2026,1,1145,404594,2026-01-29,-9.3,2.1.10,Colorida,2,Reprografia,
2026,1,1145,404611,2026-01-31,-3770.55,12,Indenização por Uso de Veículo Particular,12,Indenização por Uso de Veículo Particular,
2026,1,1149,404512,2026-01-01,13903.32,1.1,Crédito Mensal ou Ajuste,1,Créditos QBM,
2026,1,1149,404621,2026-01-31,-2409.18,12,Indenização por Uso de Veículo Particular,12,Indenização por Uso de Veículo Particular,
2026,1,1153,404522,2026-01-01,13903.32,1.1,Crédito Mensal ou Ajuste,1,Créditos QBM,
2026,1,1153,404532,2026-01-05,-460.0,2.1.9,Preto e Branco,2,Reprografia,
2026,1,1153,404569,2026-01-15,-1920.0,6.3,Carta,6,Correios,
2026,1,1153,404591,2026-01-29,-230.0,2.1.9,Preto e Branco,2,Reprografia,
2026,1,1153,404592,2026-01-29,-690.0,2.1.9,Preto e Branco,2,Reprografia,
2026,1,1153,404593,2026-01-29,-930.0,2.1.10,Colorida,2,Reprografia,
2026,1,1153,404606,2026-01-31,-2484.59,12,Indenização por Uso de Veículo Particular,12,Indenização por Uso de Veículo Particular,
2026,1,1155,404493,2026-01-01,13903.32,1.1,Crédito Mensal ou Ajuste,1,Créditos QBM,
2026,1,1155,404607,2026-01-31,-625.12,12,Indenização por Uso de Veículo Particular,12,Indenização por Uso de Veículo Particular,
2026,1,1157,404521,2026-01-01,13903.32,1.1,Crédito Mensal ou Ajuste,1,Créditos QBM,
2026,1,1157,404535,2026-01-05,-478.85,5.1,Material do Almoxarifado,5,Material de Expediente,
2026,1,1157,404596,2026-01-29,-74.4,2.1.10,Colorida,2,Reprografia,
2026,1,1160,404526,2026-01-01,13903.32,1.1,Crédito Mensal ou Ajuste,1,Créditos QBM,
2026,1,1160,404559,2026-01-14,-342.76,5.1,Material do Almoxarifado,5,Material de Expediente,
2026,1,1160,404572,2026-01-19,-3.1,2.1.10,Colorida,2,Reprografia,
2026,1,1160,404622,2026-01-31,-3770.55,12,Indenização por Uso de Veículo Particular,12,Indenização por Uso de Veículo Particular,
2026,1,1170,404518,2026-01-01,13903.32,1.1,Crédito Mensal ou Ajuste,1,Créditos QBM,
2026,1,1170,404589,2026-01-29,-9.3,2.1.10,Colorida,2,Reprografia,
2026,1,1170,404600,2026-01-31,-3770.55,12,Indenização por Uso de Veículo Particular,12,Indenização por Uso de Veículo Particular,
2026,1,1176,404500,2026-01-01,13903.32,1.1,Crédito Mensal ou Ajuste,1,Créditos QBM,
2026,1,1176,404560,2026-01-14,-49.6,2.1.10,Colorida,2,Reprografia,
2026,1,1176,404561,2026-01-14,-1.55,2.1.10,Colorida,2,Reprografia,
2026,1,1176,404563,2026-01-14,-1.55,2.1.10,Colorida,2,Reprografia,
2026,1,1176,404586,2026-01-26,-251.69,5.1,Material do Almoxarifado,5,Material de Expediente,
2026,1,1213,404528,2026-01-01,13903.32,1.1,Crédito Mensal ou Ajuste,1,Créditos QBM,
2026,1,1213,404587,2026-01-28,-964.39,5.1,Material do Almoxarifado,5,Material de Expediente,
2026,1,1213,404617,2026-01-31,-3697.12,12,Indenização por Uso de Veículo Particular,12,Indenização por Uso de Veículo Particular,
2026,1,1221,404502,2026-01-01,13903.32,1.1,Crédito Mensal ou Ajuste,1,Créditos QBM,
2026,1,1221,404555,2026-01-13,-89.9,5.1,Material do Almoxarifado,5,Material de Expediente,
2026,1,1221,404620,2026-01-31,-127.01,12,Indenização por Uso de Veículo Particular,12,Indenização por Uso de Veículo Particular,
2026,1,1240,404509,2026-01-01,13903.32,1.1,Crédito Mensal ou Ajuste,1,Créditos QBM,
2026,1,1240,404550,2026-01-09,-52.26,5.1,Material do Almoxarifado,5,Material de Expediente,
2026,1,1250,404513,2026-01-01,13903.32,1.1,Crédito Mensal ou Ajuste,1,Créditos QBM,
2026,1,1250,404605,2026-01-31,-142.88,12,Indenização por Uso de Veículo Particular,12,Indenização por Uso de Veículo Particular,
2026,1,1258,404772,2026-01-31,13099.6,1.3,Transferência de Saldo por Alteração em Vereança,1,Créditos QBM,TRANSFERENCIA DE SALDO DE QBM DO SUPLENTE IDENIR CECCHIM AO TITULAR PROFESSOR VITORINO POR FINAL DE LICENCA/SUPLENCIA.
2026,1,1295,404494,2026-01-01,13903.32,1.1,Crédito Mensal ou Ajuste,1,Créditos QBM,
2026,1,1295,404613,2026-01-31,-460.4,12,Indenização por Uso de Veículo Particular,12,Indenização por Uso de Veículo Particular,
2026,1,1296,404489,2026-01-01,13903.32,1.1,Crédito Mensal ou Ajuste,1,Créditos QBM,
2026,1,1296,404571,2026-01-15,-40.84,5.1,Material do Almoxarifado,5,Material de Expediente,
2026,1,1296,404599,2026-01-31,-384.99,12,Indenização por Uso de Veículo Particular,12,Indenização por Uso de Veículo Particular,
2026,1,1297,404491,2026-01-01,13903.32,1.1,Crédito Mensal ou Ajuste,1,Créditos QBM,
2026,1,1298,404488,2026-01-01,13903.32,1.1,Crédito Mensal ou Ajuste,1,Créditos QBM,
2026,1,1298,404602,2026-01-31,-2595.73,12,Indenização por Uso de Veículo Particular,12,Indenização por Uso de Veículo Particular,
2026,1,1299,404497,2026-01-01,13903.32,1.1,Crédito Mensal ou Ajuste,1,Créditos QBM,
2026,1,1299,404533,2026-01-05,-112.35,5.1,Material do Almoxarifado,5,Material de Expediente,
2026,1,1299,404604,2026-01-31,-1774.14,12,Indenização por Uso de Veículo Particular,12,Indenização por Uso de Veículo Particular,
2026,1,1300,404501,2026-01-01,13903.32,1.1,Crédito Mensal ou Ajuste,1,Créditos QBM,
2026,1,1300,404548,2026-01-09,-110.44,5.1,Material do Almoxarifado,5,Material de Expediente,
2026,1,1300,404597,2026-01-30,-77.5,2.1.10,Colorida,2,Reprografia,
2026,1,1302,404496,2026-01-01,13903.32,1.1,Crédito Mensal ou Ajuste,1,Créditos QBM,
2026,1,1302,404615,2026-01-31,-932.71,12,Indenização por Uso de Veículo Particular,12,Indenização por Uso de Veículo Particular,
2026,1,1303,404499,2026-01-01,13903.32,1.1,Crédito Mensal ou Ajuste,1,Créditos QBM,
2026,1,1303,404534,2026-01-05,-243.32,5.1,Material do Almoxarifado,5,Material de Expediente,
2026,1,1303,404610,2026-01-31,-1934.89,12,Indenização por Uso de Veículo Particular,12,Indenização por Uso de Veículo Particular,
2026,1,1315,404549,2026-01-09,13903.32,1.1,Crédito Mensal ou Ajuste,1,Créditos QBM,
2026,1,1315,404553,2026-01-12,-32.52,5.1,Material do Almoxarifado,5,Material de Expediente,
2026,1,1315,404556,2026-01-13,-162.02,5.1,Material do Almoxarifado,5,Material de Expediente,
2026,1,1315,404570,2026-01-15,-15.0,5.1,Material do Almoxarifado,5,Material de Expediente,
2026,1,1315,404582,2026-01-23,-196.69,5.1,Material do Almoxarifado,5,Material de Expediente,
2026,1,1315,404598,2026-01-30,-43.66,5.1,Material do Almoxarifado,5,Material de Expediente,
2026,2,23,404691,2026-02-01,13903.32,1.1,Crédito Mensal ou Ajuste,1,Créditos QBM,
2026,2,23,404751,2026-02-18,-149.97,5.1,Material do Almoxarifado,5,Material de Expediente,
2026,2,23,404795,2026-02-27,-930.0,2.1.10,Colorida,2,Reprografia,
2026,2,229,404694,2026-02-01,13903.32,1.1,Crédito Mensal ou Ajuste,1,Créditos QBM,
2026,2,229,404717,2026-02-05,-6.2,2.1.10,Colorida,2,Reprografia,
2026,2,229,404730,2026-02-09,-6.2,2.1.10,Colorida,2,Reprografia,
2026,2,229,404748,2026-02-13,-723.14,5.1,Material do Almoxarifado,5,Material de Expediente,
2026,2,229,404750,2026-02-13,-38.75,2.1.10,Colorida,2,Reprografia,
2026,2,232,404687,2026-02-01,13903.32,1.1,Crédito Mensal ou Ajuste,1,Créditos QBM,
2026,2,232,404813,2026-02-28,-1811.85,12,Indenização por Uso de Veículo Particular,12,Indenização por Uso de Veículo Particular,
2026,2,1058,404773,2026-02-01,13903.32,1.3,Transferência de Saldo por Alteração em Vereança,1,Créditos QBM,TRANSFERENCIA DE QBM DE RAFAEL FLECK EM FUNCAO DE SUBSTITUICAO EM LICENCA DO TITULAR
2026,2,1058,404703,2026-02-03,-48.94,5.1,Material do Almoxarifado,5,Material de Expediente,
2026,2,1058,404745,2026-02-12,-3.1,2.1.10,Colorida,2,Reprografia,
2026,2,1058,404803,2026-02-28,-988.28,12,Indenização por Uso de Veículo Particular,12,Indenização por Uso de Veículo Particular,
2026,2,1067,404667,2026-02-01,13903.32,1.1,Crédito Mensal ou Ajuste,1,Créditos QBM,
2026,2,1067,404720,2026-02-06,-6.2,2.1.10,Colorida,2,Reprografia,
2026,2,1067,404733,2026-02-11,-7.75,2.1.10,Colorida,2,Reprografia,
2026,2,1067,404734,2026-02-11,-1.15,2.1.9,Preto e Branco,2,Reprografia,
2026,2,1067,404735,2026-02-11,-7.75,2.1.10,Colorida,2,Reprografia,
2026,2,1067,404739,2026-02-11,-1.55,2.1.10,Colorida,2,Reprografia,
2026,2,1067,404740,2026-02-11,-61.56,5.1,Material do Almoxarifado,5,Material de Expediente,
2026,2,1067,404743,2026-02-12,-6.2,2.1.10,Colorida,2,Reprografia,
2026,2,1067,404744,2026-02-12,-26.35,2.1.10,Colorida,2,Reprografia,
2026,2,1067,404747,2026-02-12,-1.55,2.1.10,Colorida,2,Reprografia,
2026,2,1067,404759,2026-02-20,-62.0,2.1.10,Colorida,2,Reprografia,
2026,2,1067,404768,2026-02-23,-77.5,2.1.10,Colorida,2,Reprografia,
2026,2,1067,404783,2026-02-26,-120.9,2.1.10,Colorida,2,Reprografia,
2026,2,1067,404788,2026-02-26,-138.0,5.1,Material do Almoxarifado,5,Material de Expediente,
2026,2,1067,404802,2026-02-28,-3770.55,12,Indenização por Uso de Veículo Particular,12,Indenização por Uso de Veículo Particular,
2026,2,1110,404695,2026-02-01,13903.32,1.1,Crédito Mensal ou Ajuste,1,Créditos QBM,
2026,2,1110,404736,2026-02-11,-112.86,5.1,Material do Almoxarifado,5,Material de Expediente,
2026,2,1110,404760,2026-02-20,-72.78,5.1,Material do Almoxarifado,5,Material de Expediente,
2026,2,1110,404791,2026-02-26,-3.2,5.1,Material do Almoxarifado,5,Material de Expediente,
2026,2,1110,404804,2026-02-28,-835.47,12,Indenização por Uso de Veículo Particular,12,Indenização por Uso de Veículo Particular,
2026,2,1113,404668,2026-02-01,13903.32,1.1,Crédito Mensal ou Ajuste,1,Créditos QBM,
2026,2,1115,404680,2026-02-01,13903.32,1.1,Crédito Mensal ou Ajuste,1,Créditos QBM,
2026,2,1115,404810,2026-02-28,-1387.17,12,Indenização por Uso de Veículo Particular,12,Indenização por Uso de Veículo Particular,
2026,2,1117,404684,2026-02-01,13903.32,1.1,Crédito Mensal ou Ajuste,1,Créditos QBM,
2026,2,1117,404742,2026-02-12,-35.65,2.1.10,Colorida,2,Reprografia,
2026,2,1117,404817,2026-02-28,-2186.92,12,Indenização por Uso de Veículo Particular,12,Indenização por Uso de Veículo Particular,
2026,2,1127,404678,2026-02-01,13903.32,1.1,Crédito Mensal ou Ajuste,1,Créditos QBM,
2026,2,1127,404752,2026-02-18,-272.6,5.1,Material do Almoxarifado,5,Material de Expediente,
2026,2,1127,404755,2026-02-18,-230.0,2.1.9,Preto e Branco,2,Reprografia,
2026,2,1128,404693,2026-02-01,13903.32,1.1,Crédito Mensal ou Ajuste,1,Créditos QBM,
2026,2,1128,404715,2026-02-05,-52.26,5.1,Material do Almoxarifado,5,Material de Expediente,
2026,2,1128,404761,2026-02-20,-1.55,2.1.10,Colorida,2,Reprografia,
2026,2,1128,404764,2026-02-20,-1.55,2.1.10,Colorida,2,Reprografia,
2026,2,1128,404767,2026-02-23,-169.19,5.1,Material do Almoxarifado,5,Material de Expediente,
2026,2,1128,404779,2026-02-24,-13.5,5.1,Material do Almoxarifado,5,Material de Expediente,
2026,2,1128,404822,2026-02-28,-1803.91,12,Indenização por Uso de Veículo Particular,12,Indenização por Uso de Veículo Particular,
2026,2,1130,404692,2026-02-01,13903.32,1.1,Crédito Mensal ou Ajuste,1,Créditos QBM,
2026,2,1130,404778,2026-02-24,-173.7,5.1,Material do Almoxarifado,5,Material de Expediente,
2026,2,1130,404798,2026-02-28,-2300.04,12,Indenização por Uso de Veículo Particular,12,Indenização por Uso de Veículo Particular,
2026,2,1141,404682,2026-02-01,13903.32,1.1,Crédito Mensal ou Ajuste,1,Créditos QBM,
2026,2,1141,404708,2026-02-04,-106.89,5.1,Material do Almoxarifado,5,Material de Expediente,
2026,2,1141,404820,2026-02-28,-410.79,12,Indenização por Uso de Veículo Particular,12,Indenização por Uso de Veículo Particular,
2026,2,1144,404681,2026-02-01,13903.32,1.1,Crédito Mensal ou Ajuste,1,Créditos QBM,
2026,2,1145,404688,2026-02-01,13903.32,1.1,Crédito Mensal ou Ajuste,1,Créditos QBM,
2026,2,1145,404823,2026-02-28,-3770.55,12,Indenização por Uso de Veículo Particular,12,Indenização por Uso de Veículo Particular,
2026,2,1149,404677,2026-02-01,13903.32,1.1,Crédito Mensal ou Ajuste,1,Créditos QBM,
2026,2,1149,404805,2026-02-28,-2377.43,12,Indenização por Uso de Veículo Particular,12,Indenização por Uso de Veículo Particular,
2026,2,1153,404686,2026-02-01,13903.32,1.1,Crédito Mensal ou Ajuste,1,Créditos QBM,
2026,2,1153,404702,2026-02-03,-148.76,5.1,Material do Almoxarifado,5,Material de Expediente,
2026,2,1153,404763,2026-02-20,-87.47,5.1,Material do Almoxarifado,5,Material de Expediente,
2026,2,1153,404796,2026-02-27,-74.67,5.1,Material do Almoxarifado,5,Material de Expediente,
2026,2,1153,404807,2026-02-28,-2560.01,12,Indenização por Uso de Veículo Particular,12,Indenização por Uso de Veículo Particular,
2026,2,1155,404650,2026-02-01,13903.32,1.1,Crédito Mensal ou Ajuste,1,Créditos QBM,
2026,2,1155,404706,2026-02-03,-6.2,2.1.10,Colorida,2,Reprografia,
2026,2,1155,404765,2026-02-20,-188.42,5.1,Material do Almoxarifado,5,Material de Expediente,
2026,2,1155,404809,2026-02-28,-2472.69,12,Indenização por Uso de Veículo Particular,12,Indenização por Uso de Veículo Particular,
2026,2,1157,404685,2026-02-01,13903.32,1.1,Crédito Mensal ou Ajuste,1,Créditos QBM,
2026,2,1157,404725,2026-02-09,-448.8,5.1,Material do Almoxarifado,5,Material de Expediente,
2026,2,1157,404731,2026-02-09,-2.45,5.1,Material do Almoxarifado,5,Material de Expediente,
2026,2,1157,404781,2026-02-25,-620.0,2.1.10,Colorida,2,Reprografia,
2026,2,1157,404782,2026-02-25,-73.12,5.1,Material do Almoxarifado,5,Material de Expediente,
2026,2,1157,404801,2026-02-28,-813.65,12,Indenização por Uso de Veículo Particular,12,Indenização por Uso de Veículo Particular,
2026,2,1160,404689,2026-02-01,13903.32,1.1,Crédito Mensal ou Ajuste,1,Créditos QBM,
2026,2,1160,404719,2026-02-06,-12.4,2.1.10,Colorida,2,Reprografia,
2026,2,1160,404726,2026-02-09,-3.1,2.1.10,Colorida,2,Reprografia,
2026,2,1160,404814,2026-02-28,-3744.75,12,Indenização por Uso de Veículo Particular,12,Indenização por Uso de Veículo Particular,
2026,2,1170,404679,2026-02-01,13903.32,1.1,Crédito Mensal ou Ajuste,1,Créditos QBM,
2026,2,1170,404711,2026-02-04,-139.63,5.1,Material do Almoxarifado,5,Material de Expediente,
2026,2,1170,404727,2026-02-09,-4.65,2.1.10,Colorida,2,Reprografia,
2026,2,1170,404738,2026-02-11,-1.38,2.1.9,Preto e Branco,2,Reprografia,
2026,2,1170,404816,2026-02-28,-3770.55,12,Indenização por Uso de Veículo Particular,12,Indenização por Uso de Veículo Particular,
2026,2,1176,404658,2026-02-01,13903.32,1.1,Crédito Mensal ou Ajuste,1,Créditos QBM,
2026,2,1176,404713,2026-02-04,-15.5,2.1.10,Colorida,2,Reprografia,
2026,2,1176,404721,2026-02-06,-77.5,2.1.10,Colorida,2,Reprografia,
2026,2,1176,404724,2026-02-06,-3.1,2.1.10,Colorida,2,Reprografia,
2026,2,1176,404754,2026-02-18,-155.0,2.1.10,Colorida,2,Reprografia,
2026,2,1176,404786,2026-02-26,-155.0,2.1.10,Colorida,2,Reprografia,
2026,2,1176,404789,2026-02-26,-1.55,2.1.10,Colorida,2,Reprografia,
2026,2,1176,404806,2026-02-28,-460.4,12,Indenização por Uso de Veículo Particular,12,Indenização por Uso de Veículo Particular,
2026,2,1213,404690,2026-02-01,13903.32,1.1,Crédito Mensal ou Ajuste,1,Créditos QBM,
2026,2,1213,404732,2026-02-10,-77.5,2.1.10,Colorida,2,Reprografia,
2026,2,1213,404758,2026-02-19,-568.04,5.1,Material do Almoxarifado,5,Material de Expediente,
2026,2,1213,404766,2026-02-20,-46.0,2.1.9,Preto e Branco,2,Reprografia,
2026,2,1213,404790,2026-02-26,-161.0,2.1.9,Preto e Branco,2,Reprografia,
2026,2,1213,404799,2026-02-28,-3478.83,12,Indenização por Uso de Veículo Particular,12,Indenização por Uso de Veículo Particular,
2026,2,1221,404661,2026-02-01,13903.32,1.1,Crédito Mensal ou Ajuste,1,Créditos QBM,
2026,2,1221,404811,2026-02-28,-222.26,12,Indenização por Uso de Veículo Particular,12,Indenização por Uso de Veículo Particular,
2026,2,1240,404664,2026-02-01,13903.32,1.1,Crédito Mensal ou Ajuste,1,Créditos QBM,
2026,2,1240,404697,2026-02-03,-41.38,5.1,Material do Almoxarifado,5,Material de Expediente,
2026,2,1240,404716,2026-02-05,-6.2,2.1.10,Colorida,2,Reprografia,
2026,2,1240,404718,2026-02-06,-10.17,5.1,Material do Almoxarifado,5,Material de Expediente,
2026,2,1240,404762,2026-02-20,-8.6,5.1,Material do Almoxarifado,5,Material de Expediente,
2026,2,1240,404769,2026-02-23,-17.04,5.1,Material do Almoxarifado,5,Material de Expediente,
2026,2,1240,404787,2026-02-26,-9.3,2.1.10,Colorida,2,Reprografia,
2026,2,1240,404792,2026-02-26,-47.84,2.1.9,Preto e Branco,2,Reprografia,
2026,2,1240,404793,2026-02-27,-2.67,5.1,Material do Almoxarifado,5,Material de Expediente,
2026,2,1240,404797,2026-02-27,-31.0,2.1.10,Colorida,2,Reprografia,
2026,2,1250,404683,2026-02-01,13903.32,1.1,Crédito Mensal ou Ajuste,1,Créditos QBM,
2026,2,1250,404770,2026-02-23,-82.94,5.1,Material do Almoxarifado,5,Material de Expediente,
2026,2,1250,404812,2026-02-28,-482.23,12,Indenização por Uso de Veículo Particular,12,Indenização por Uso de Veículo Particular,
2026,2,1258,404775,2026-02-23,13903.32,1.1,Crédito Mensal ou Ajuste,1,Créditos QBM,
2026,2,1258,404776,2026-02-23,-430.46,5.1,Material do Almoxarifado,5,Material de Expediente,
2026,2,1258,404800,2026-02-28,-1061.71,12,Indenização por Uso de Veículo Particular,12,Indenização por Uso de Veículo Particular,
2026,2,1295,404647,2026-02-01,13903.32,1.1,Crédito Mensal ou Ajuste,1,Créditos QBM,
2026,2,1295,404698,2026-02-03,-73.28,5.1,Material do Almoxarifado,5,Material de Expediente,
2026,2,1295,404707,2026-02-04,-64.22,5.1,Material do Almoxarifado,5,Material de Expediente,
2026,2,1295,404737,2026-02-11,-15.55,5.1,Material do Almoxarifado,5,Material de Expediente,
2026,2,1295,404808,2026-02-28,-545.74,12,Indenização por Uso de Veículo Particular,12,Indenização por Uso de Veículo Particular,
2026,2,1296,404643,2026-02-01,13903.32,1.1,Crédito Mensal ou Ajuste,1,Créditos QBM,
2026,2,1296,404710,2026-02-04,-155.59,5.1,Material do Almoxarifado,5,Material de Expediente,
2026,2,1296,404794,2026-02-27,-50.01,5.1,Material do Almoxarifado,5,Material de Expediente,
2026,2,1296,404815,2026-02-28,-670.76,12,Indenização por Uso de Veículo Particular,12,Indenização por Uso de Veículo Particular,
2026,2,1297,404651,2026-02-01,13903.32,1.1,Crédito Mensal ou Ajuste,1,Créditos QBM,
2026,2,1297,404728,2026-02-09,-38.58,5.1,Material do Almoxarifado,5,Material de Expediente,
2026,2,1298,404645,2026-02-01,13903.32,1.1,Crédito Mensal ou Ajuste,1,Créditos QBM,
2026,2,1298,404818,2026-02-28,-2619.54,12,Indenização por Uso de Veículo Particular,12,Indenização por Uso de Veículo Particular,
2026,2,1299,404656,2026-02-01,13903.32,1.1,Crédito Mensal ou Ajuste,1,Créditos QBM,
2026,2,1299,404722,2026-02-06,-15.5,2.1.10,Colorida,2,Reprografia,
2026,2,1299,404819,2026-02-28,-3381.59,12,Indenização por Uso de Veículo Particular,12,Indenização por Uso de Veículo Particular,
2026,2,1300,404660,2026-02-01,13903.32,1.1,Crédito Mensal ou Ajuste,1,Créditos QBM,
2026,2,1302,404659,2026-02-01,13903.32,1.1,Crédito Mensal ou Ajuste,1,Créditos QBM,
2026,2,1302,404701,2026-02-03,-100.13,5.1,Material do Almoxarifado,5,Material de Expediente,
2026,2,1302,404741,2026-02-12,-465.0,2.1.10,Colorida,2,Reprografia,
2026,2,1302,404746,2026-02-12,-465.0,2.1.10,Colorida,2,Reprografia,
2026,2,1302,404749,2026-02-13,-92.0,2.1.9,Preto e Branco,2,Reprografia,
2026,2,1302,404756,2026-02-19,-97.62,5.1,Material do Almoxarifado,5,Material de Expediente,
2026,2,1302,404757,2026-02-19,-115.0,2.1.9,Preto e Branco,2,Reprografia,
2026,2,1302,404821,2026-02-28,-1811.85,12,Indenização por Uso de Veículo Particular,12,Indenização por Uso de Veículo Particular,
2026,2,1303,404657,2026-02-01,13903.32,1.1,Crédito Mensal ou Ajuste,1,Créditos QBM,
2026,2,1303,404774,2026-02-01,-13903.32,1.3,Transferência de Saldo por Alteração em Vereança,1,Créditos QBM,TRANSFERENCIA DE SALDO DE QBM PARA IDENIR CECCHIM EM FUNCAO DE LICENCA DO TITULAR
2026,2,1315,404624,2026-02-01,13903.32,1.1,Crédito Mensal ou Ajuste,1,Créditos QBM,
2026,2,1315,404696,2026-02-03,-12.0,5.1,Material do Almoxarifado,5,Material de Expediente,
2026,2,1315,404699,2026-02-03,-46.28,5.1,Material do Almoxarifado,5,Material de Expediente,
2026,2,1315,404700,2026-02-03,-59.35,5.1,Material do Almoxarifado,5,Material de Expediente,
2026,2,1315,404709,2026-02-04,-40.73,5.1,Material do Almoxarifado,5,Material de Expediente,
2026,2,1315,404712,2026-02-04,-27.9,2.1.10,Colorida,2,Reprografia,
2026,2,1315,404714,2026-02-04,-41.69,5.1,Material do Almoxarifado,5,Material de Expediente,
2026,2,1315,404729,2026-02-09,-43.88,5.1,Material do Almoxarifado,5,Material de Expediente,
2026,2,1315,404753,2026-02-18,-9.3,2.1.10,Colorida,2,Reprografia,
2026,2,1315,404780,2026-02-25,-90.53,5.1,Material do Almoxarifado,5,Material de Expediente,
2026,2,1315,404784,2026-02-26,-155.0,2.1.10,Colorida,2,Reprografia,
2026,2,1315,404785,2026-02-26,-4.65,2.1.10,Colorida,2,Reprografia,
2026,3,23,404892,2026-03-01,13903.32,1.1,Crédito Mensal ou Ajuste,1,Créditos QBM,
2026,3,23,404953,2026-03-10,-153.47,5.1,Material do Almoxarifado,5,Material de Expediente,
2026,3,23,404992,2026-03-17,-77.5,2.1.10,Colorida,2,Reprografia,
2026,3,23,405021,2026-03-23,-620.0,2.1.10,Colorida,2,Reprografia,
2026,3,23,405039,2026-03-24,-43.4,2.1.10,Colorida,2,Reprografia,
2026,3,23,405110,2026-03-31,-1436.78,12,Indenização por Uso de Veículo Particular,12,Indenização por Uso de Veículo Particular,
2026,3,229,404893,2026-03-01,13903.32,1.1,Crédito Mensal ou Ajuste,1,Créditos QBM,
2026,3,229,404932,2026-03-04,-3.1,2.1.10,Colorida,2,Reprografia,
2026,3,229,404951,2026-03-09,-49.6,2.1.10,Colorida,2,Reprografia,
2026,3,229,404956,2026-03-10,-62.76,5.1,Material do Almoxarifado,5,Material de Expediente,
2026,3,229,405023,2026-03-23,-4.65,2.1.10,Colorida,2,Reprografia,
2026,3,229,405029,2026-03-24,-486.4,5.1,Material do Almoxarifado,5,Material de Expediente,
2026,3,229,405057,2026-03-26,-69.75,2.1.10,Colorida,2,Reprografia,
2026,3,229,405116,2026-03-31,-3770.55,12,Indenização por Uso de Veículo Particular,12,Indenização por Uso de Veículo Particular,
2026,3,232,404888,2026-03-01,13903.32,1.1,Crédito Mensal ou Ajuste,1,Créditos QBM,
2026,3,232,405030,2026-03-24,-224.67,5.1,Material do Almoxarifado,5,Material de Expediente,
2026,3,232,405037,2026-03-24,-306.9,2.1.10,Colorida,2,Reprografia,
2026,3,232,405108,2026-03-31,-2347.66,12,Indenização por Uso de Veículo Particular,12,Indenização por Uso de Veículo Particular,
2026,3,1058,404831,2026-03-01,13903.32,1.1,Crédito Mensal ou Ajuste,1,Créditos QBM,
2026,3,1058,404912,2026-03-02,-17.84,5.1,Material do Almoxarifado,5,Material de Expediente,
2026,3,1058,405117,2026-03-31,-1571.72,12,Indenização por Uso de Veículo Particular,12,Indenização por Uso de Veículo Particular,
2026,3,1067,404876,2026-03-01,13903.32,1.1,Crédito Mensal ou Ajuste,1,Créditos QBM,
2026,3,1067,404897,2026-03-02,-62.76,5.1,Material do Almoxarifado,5,Material de Expediente,
2026,3,1067,404921,2026-03-03,-6.2,2.1.10,Colorida,2,Reprografia,
2026,3,1067,404922,2026-03-03,-7.75,2.1.10,Colorida,2,Reprografia,
2026,3,1067,404933,2026-03-04,-68.73,5.1,Material do Almoxarifado,5,Material de Expediente,
2026,3,1067,404938,2026-03-05,-31.0,2.1.10,Colorida,2,Reprografia,
2026,3,1067,404939,2026-03-05,-0.46,2.1.9,Preto e Branco,2,Reprografia,
2026,3,1067,404943,2026-03-06,-23.25,2.1.10,Colorida,2,Reprografia,
2026,3,1067,404995,2026-03-17,-51.15,2.1.10,Colorida,2,Reprografia,
2026,3,1067,405015,2026-03-20,-275.44,5.1,Material do Almoxarifado,5,Material de Expediente,
2026,3,1067,405035,2026-03-24,-9.3,2.1.10,Colorida,2,Reprografia,
2026,3,1067,405046,2026-03-25,-137.95,2.1.10,Colorida,2,Reprografia,
2026,3,1067,405054,2026-03-25,-3.1,2.1.10,Colorida,2,Reprografia,
2026,3,1067,405055,2026-03-25,-1.55,2.1.10,Colorida,2,Reprografia,
2026,3,1067,405072,2026-03-30,-40.3,2.1.10,Colorida,2,Reprografia,
2026,3,1067,405106,2026-03-31,-3770.55,12,Indenização por Uso de Veículo Particular,12,Indenização por Uso de Veículo Particular,
2026,3,1110,404895,2026-03-01,13903.32,1.1,Crédito Mensal ou Ajuste,1,Créditos QBM,
2026,3,1110,404917,2026-03-03,-12.4,2.1.10,Colorida,2,Reprografia,
2026,3,1110,404923,2026-03-03,-12.4,2.1.10,Colorida,2,Reprografia,
2026,3,1110,405018,2026-03-20,-8.49,5.1,Material do Almoxarifado,5,Material de Expediente,
2026,3,1110,405102,2026-03-31,-968.44,12,Indenização por Uso de Veículo Particular,12,Indenização por Uso de Veículo Particular,
2026,3,1113,404877,2026-03-01,13903.32,1.1,Crédito Mensal ou Ajuste,1,Créditos QBM,
2026,3,1115,404884,2026-03-01,13903.32,1.1,Crédito Mensal ou Ajuste,1,Créditos QBM,
2026,3,1115,404967,2026-03-11,-170.24,5.1,Material do Almoxarifado,5,Material de Expediente,
2026,3,1115,404982,2026-03-13,-46.5,2.1.10,Colorida,2,Reprografia,
2026,3,1115,405064,2026-03-27,-77.5,2.1.10,Colorida,2,Reprografia,
2026,3,1115,405103,2026-03-31,-1492.34,12,Indenização por Uso de Veículo Particular,12,Indenização por Uso de Veículo Particular,
2026,3,1117,404886,2026-03-01,13903.32,1.1,Crédito Mensal ou Ajuste,1,Créditos QBM,
2026,3,1117,404925,2026-03-04,-14.05,5.1,Material do Almoxarifado,5,Material de Expediente,
2026,3,1117,404999,2026-03-18,-35.22,5.1,Material do Almoxarifado,5,Material de Expediente,
2026,3,1117,405112,2026-03-31,-3246.64,12,Indenização por Uso de Veículo Particular,12,Indenização por Uso de Veículo Particular,
2026,3,1127,404880,2026-03-01,13903.32,1.1,Crédito Mensal ou Ajuste,1,Créditos QBM,
2026,3,1127,404984,2026-03-16,-278.91,5.1,Material do Almoxarifado,5,Material de Expediente,
2026,3,1127,404997,2026-03-17,-93.0,2.1.10,Colorida,2,Reprografia,
2026,3,1127,404998,2026-03-17,-15.5,2.1.10,Colorida,2,Reprografia,
2026,3,1127,405017,2026-03-20,-230.0,2.1.9,Preto e Branco,2,Reprografia,
2026,3,1127,405058,2026-03-26,-46.0,2.1.9,Preto e Branco,2,Reprografia,
2026,3,1128,404894,2026-03-01,13903.32,1.1,Crédito Mensal ou Ajuste,1,Créditos QBM,
2026,3,1128,404927,2026-03-04,-1.55,2.1.10,Colorida,2,Reprografia,
2026,3,1128,404930,2026-03-04,-1.55,2.1.10,Colorida,2,Reprografia,
2026,3,1128,404934,2026-03-04,-3.1,2.1.10,Colorida,2,Reprografia,
2026,3,1128,405041,2026-03-24,-6.2,2.1.10,Colorida,2,Reprografia,
2026,3,1128,405075,2026-03-30,-4.65,2.1.10,Colorida,2,Reprografia,
2026,3,1128,405078,2026-03-30,-4.65,2.1.10,Colorida,2,Reprografia,
2026,3,1128,405115,2026-03-31,-1484.41,12,Indenização por Uso de Veículo Particular,12,Indenização por Uso de Veículo Particular,
2026,3,1130,404896,2026-03-01,13903.32,1.1,Crédito Mensal ou Ajuste,1,Créditos QBM,
2026,3,1130,405066,2026-03-30,-125.76,5.1,Material do Almoxarifado,5,Material de Expediente,
2026,3,1130,405107,2026-03-31,-1688.81,12,Indenização por Uso de Veículo Particular,12,Indenização por Uso de Veículo Particular,
2026,3,1141,404881,2026-03-01,13903.32,1.1,Crédito Mensal ou Ajuste,1,Créditos QBM,
2026,3,1141,404961,2026-03-11,-150.38,5.1,Material do Almoxarifado,5,Material de Expediente,
2026,3,1141,404973,2026-03-12,-1.55,2.1.10,Colorida,2,Reprografia,
2026,3,1141,404983,2026-03-13,-52.7,2.1.10,Colorida,2,Reprografia,
2026,3,1141,404987,2026-03-16,-96.1,2.1.10,Colorida,2,Reprografia,
2026,3,1141,405014,2026-03-19,-37.2,2.1.10,Colorida,2,Reprografia,
2026,3,1141,405047,2026-03-25,-1.55,2.1.10,Colorida,2,Reprografia,
2026,3,1141,405049,2026-03-25,-1.55,2.1.10,Colorida,2,Reprografia,
2026,3,1141,405051,2026-03-25,-3.1,2.1.10,Colorida,2,Reprografia,
2026,3,1141,405097,2026-03-31,-535.81,12,Indenização por Uso de Veículo Particular,12,Indenização por Uso de Veículo Particular,
2026,3,1144,404879,2026-03-01,13903.32,1.1,Crédito Mensal ou Ajuste,1,Créditos QBM,
2026,3,1145,404891,2026-03-01,13903.32,1.1,Crédito Mensal ou Ajuste,1,Créditos QBM,
2026,3,1145,404904,2026-03-02,-484.61,5.1,Material do Almoxarifado,5,Material de Expediente,
2026,3,1145,404928,2026-03-04,-3.1,2.1.10,Colorida,2,Reprografia,
2026,3,1145,404931,2026-03-04,-1.55,2.1.10,Colorida,2,Reprografia,
2026,3,1145,404950,2026-03-09,-310.0,2.1.10,Colorida,2,Reprografia,
2026,3,1145,404954,2026-03-10,-11.5,5.1,Material do Almoxarifado,5,Material de Expediente,
2026,3,1145,404970,2026-03-12,-6.2,2.1.10,Colorida,2,Reprografia,
2026,3,1145,404972,2026-03-12,-9.3,2.1.10,Colorida,2,Reprografia,
2026,3,1145,404978,2026-03-13,-28.04,5.1,Material do Almoxarifado,5,Material de Expediente,
2026,3,1145,404990,2026-03-16,-1.55,2.1.10,Colorida,2,Reprografia,
2026,3,1145,405004,2026-03-18,-31.88,5.1,Material do Almoxarifado,5,Material de Expediente,
2026,3,1145,405013,2026-03-19,-3.1,2.1.10,Colorida,2,Reprografia,
2026,3,1145,405043,2026-03-25,-28.75,2.1.9,Preto e Branco,2,Reprografia,
2026,3,1145,405044,2026-03-25,-4.6,2.1.9,Preto e Branco,2,Reprografia,
2026,3,1145,405082,2026-03-31,1.55,2,Reprografia,2,Reprografia,
2026,3,1145,405083,2026-03-31,-15.5,2.1.10,Colorida,2,Reprografia,
2026,3,1145,405095,2026-03-31,-3770.55,12,Indenização por Uso de Veículo Particular,12,Indenização por Uso de Veículo Particular,
2026,3,1149,404878,2026-03-01,13903.32,1.1,Crédito Mensal ou Ajuste,1,Créditos QBM,
2026,3,1149,404949,2026-03-09,-17.84,5.1,Material do Almoxarifado,5,Material de Expediente,
2026,3,1149,404994,2026-03-17,-192.2,2.1.10,Colorida,2,Reprografia,
2026,3,1149,404996,2026-03-17,-9.43,2.1.9,Preto e Branco,2,Reprografia,
2026,3,1149,405060,2026-03-27,-44.35,5.1,Material do Almoxarifado,5,Material de Expediente,
2026,3,1149,405104,2026-03-31,-2631.45,12,Indenização por Uso de Veículo Particular,12,Indenização por Uso de Veículo Particular,
2026,3,1153,404889,2026-03-01,13903.32,1.1,Crédito Mensal ou Ajuste,1,Créditos QBM,
2026,3,1153,404975,2026-03-12,-17.21,5.1,Material do Almoxarifado,5,Material de Expediente,
2026,3,1153,404981,2026-03-13,-3.1,2.1.10,Colorida,2,Reprografia,
2026,3,1153,405061,2026-03-27,-79.93,5.1,Material do Almoxarifado,5,Material de Expediente,
2026,3,1153,405062,2026-03-27,-52.28,5.1,Material do Almoxarifado,5,Material de Expediente,
2026,3,1153,405079,2026-03-30,-926.9,2.1.10,Colorida,2,Reprografia,
2026,3,1153,405084,2026-03-31,-1380.0,2.1.9,Preto e Branco,2,Reprografia,
2026,3,1153,405119,2026-03-31,-3770.55,12,Indenização por Uso de Veículo Particular,12,Indenização por Uso de Veículo Particular,
2026,3,1155,404869,2026-03-01,13903.32,1.1,Crédito Mensal ou Ajuste,1,Créditos QBM,
2026,3,1155,404926,2026-03-04,-48.63,5.1,Material do Almoxarifado,5,Material de Expediente,
2026,3,1155,405031,2026-03-24,-12.4,2.1.10,Colorida,2,Reprografia,
2026,3,1155,405038,2026-03-24,-6.2,2.1.10,Colorida,2,Reprografia,
2026,3,1155,405070,2026-03-30,-67.73,5.1,Material do Almoxarifado,5,Material de Expediente,
2026,3,1155,405113,2026-03-31,-3770.55,12,Indenização por Uso de Veículo Particular,12,Indenização por Uso de Veículo Particular,
2026,3,1157,404870,2026-03-01,13903.32,1.1,Crédito Mensal ou Ajuste,1,Créditos QBM,
2026,3,1157,404919,2026-03-03,-386.69,5.1,Material do Almoxarifado,5,Material de Expediente,
2026,3,1157,404959,2026-03-10,-13.95,2.1.10,Colorida,2,Reprografia,
2026,3,1157,404977,2026-03-13,-10.85,2.1.10,Colorida,2,Reprografia,
2026,3,1157,405045,2026-03-25,-4.65,2.1.10,Colorida,2,Reprografia,
2026,3,1157,405069,2026-03-30,-203.31,5.1,Material do Almoxarifado,5,Material de Expediente,
2026,3,1157,405073,2026-03-30,-1.55,2.1.10,Colorida,2,Reprografia,
2026,3,1157,405091,2026-03-31,-1.55,2.1.10,Colorida,2,Reprografia,
2026,3,1157,405120,2026-03-31,-1228.41,12,Indenização por Uso de Veículo Particular,12,Indenização por Uso de Veículo Particular,
2026,3,1160,404874,2026-03-01,13903.32,1.1,Crédito Mensal ou Ajuste,1,Créditos QBM,
2026,3,1160,404911,2026-03-02,-93.0,2.1.10,Colorida,2,Reprografia,
2026,3,1160,405100,2026-03-31,-3770.55,12,Indenização por Uso de Veículo Particular,12,Indenização por Uso de Veículo Particular,
2026,3,1170,404885,2026-03-01,13903.32,1.1,Crédito Mensal ou Ajuste,1,Créditos QBM,
2026,3,1170,404918,2026-03-03,-172.29,5.1,Material do Almoxarifado,5,Material de Expediente,
2026,3,1170,404936,2026-03-05,-1.55,2.1.10,Colorida,2,Reprografia,
2026,3,1170,404940,2026-03-05,-465.0,2.1.10,Colorida,2,Reprografia,
2026,3,1170,404969,2026-03-11,-463.45,2.1.10,Colorida,2,Reprografia,
2026,3,1170,405033,2026-03-24,-93.53,5.1,Material do Almoxarifado,5,Material de Expediente,
2026,3,1170,405098,2026-03-31,-3770.55,12,Indenização por Uso de Veículo Particular,12,Indenização por Uso de Veículo Particular,
2026,3,1176,404868,2026-03-01,13903.32,1.1,Crédito Mensal ou Ajuste,1,Créditos QBM,
2026,3,1176,404903,2026-03-02,-361.31,5.1,Material do Almoxarifado,5,Material de Expediente,
2026,3,1176,404907,2026-03-02,-1.55,2.1.10,Colorida,2,Reprografia,
2026,3,1176,404916,2026-03-03,-49.6,2.1.10,Colorida,2,Reprografia,
2026,3,1176,404945,2026-03-06,-310.0,2.1.10,Colorida,2,Reprografia,
2026,3,1176,404946,2026-03-06,-11.5,2.1.9,Preto e Branco,2,Reprografia,
2026,3,1176,404971,2026-03-12,-62.02,5.1,Material do Almoxarifado,5,Material de Expediente,
2026,3,1176,404974,2026-03-12,-23.0,2.1.9,Preto e Branco,2,Reprografia,
2026,3,1176,404985,2026-03-16,-120.9,2.1.10,Colorida,2,Reprografia,
2026,3,1176,404986,2026-03-16,-120.9,2.1.10,Colorida,2,Reprografia,
2026,3,1176,405010,2026-03-19,-1.55,2.1.10,Colorida,2,Reprografia,
2026,3,1176,405032,2026-03-24,-36.98,5.1,Material do Almoxarifado,5,Material de Expediente,
2026,3,1176,405036,2026-03-24,-77.5,2.1.10,Colorida,2,Reprografia,
2026,3,1176,405063,2026-03-27,-21.7,2.1.10,Colorida,2,Reprografia,
2026,3,1176,405074,2026-03-30,-1.55,2.1.10,Colorida,2,Reprografia,
2026,3,1176,405099,2026-03-31,-498.11,12,Indenização por Uso de Veículo Particular,12,Indenização por Uso de Veículo Particular,
2026,3,1213,404890,2026-03-01,13903.32,1.1,Crédito Mensal ou Ajuste,1,Créditos QBM,
2026,3,1213,404937,2026-03-05,-23.0,2.1.9,Preto e Branco,2,Reprografia,
2026,3,1213,404955,2026-03-10,-46.5,2.1.10,Colorida,2,Reprografia,
2026,3,1213,405020,2026-03-20,-620.0,2.1.10,Colorida,2,Reprografia,
2026,3,1213,405025,2026-03-23,-124.0,2.1.10,Colorida,2,Reprografia,
2026,3,1213,405034,2026-03-24,-92.0,2.1.9,Preto e Branco,2,Reprografia,
2026,3,1213,405101,2026-03-31,-3752.69,12,Indenização por Uso de Veículo Particular,12,Indenização por Uso de Veículo Particular,
2026,3,1221,404872,2026-03-01,13903.32,1.1,Crédito Mensal ou Ajuste,1,Créditos QBM,
2026,3,1221,405003,2026-03-18,-174.57,2.1.9,Preto e Branco,2,Reprografia,
2026,3,1221,405109,2026-03-31,-1129.18,12,Indenização por Uso de Veículo Particular,12,Indenização por Uso de Veículo Particular,
2026,3,1240,404852,2026-03-01,13903.32,1.1,Crédito Mensal ou Ajuste,1,Créditos QBM,
2026,3,1240,404920,2026-03-03,-52.26,5.1,Material do Almoxarifado,5,Material de Expediente,
2026,3,1240,404942,2026-03-06,-2.08,5.1,Material do Almoxarifado,5,Material de Expediente,
2026,3,1240,404948,2026-03-09,-35.6,5.1,Material do Almoxarifado,5,Material de Expediente,
2026,3,1240,404952,2026-03-10,-11.23,5.1,Material do Almoxarifado,5,Material de Expediente,
2026,3,1240,404960,2026-03-11,-52.26,5.1,Material do Almoxarifado,5,Material de Expediente,
2026,3,1240,405000,2026-03-18,-14.55,5.1,Material do Almoxarifado,5,Material de Expediente,
2026,3,1240,405008,2026-03-18,-4.83,2.1.9,Preto e Branco,2,Reprografia,
2026,3,1240,405009,2026-03-18,-34.1,2.1.10,Colorida,2,Reprografia,
2026,3,1240,405012,2026-03-19,-27.9,2.1.10,Colorida,2,Reprografia,
2026,3,1240,405026,2026-03-23,-31.0,2.1.10,Colorida,2,Reprografia,
2026,3,1240,405048,2026-03-25,-60.45,2.1.10,Colorida,2,Reprografia,
2026,3,1240,405052,2026-03-25,-15.5,2.1.10,Colorida,2,Reprografia,
2026,3,1240,405071,2026-03-30,-9.47,5.1,Material do Almoxarifado,5,Material de Expediente,
2026,3,1240,405081,2026-03-31,-1.55,2.1.10,Colorida,2,Reprografia,
2026,3,1250,404887,2026-03-01,13903.32,1.1,Crédito Mensal ou Ajuste,1,Créditos QBM,
2026,3,1250,404900,2026-03-02,-27.0,5.1,Material do Almoxarifado,5,Material de Expediente,
2026,3,1250,404915,2026-03-03,-155.0,2.1.10,Colorida,2,Reprografia,
2026,3,1250,404962,2026-03-11,-49.6,2.1.10,Colorida,2,Reprografia,
2026,3,1250,405118,2026-03-31,-593.37,12,Indenização por Uso de Veículo Particular,12,Indenização por Uso de Veículo Particular,
2026,3,1258,404871,2026-03-01,13903.32,1.1,Crédito Mensal ou Ajuste,1,Créditos QBM,
2026,3,1258,405007,2026-03-18,-26.45,2.1.9,Preto e Branco,2,Reprografia,
2026,3,1258,405093,2026-03-31,-3292.29,12,Indenização por Uso de Veículo Particular,12,Indenização por Uso de Veículo Particular,
2026,3,1295,404853,2026-03-01,13903.32,1.1,Crédito Mensal ou Ajuste,1,Créditos QBM,
2026,3,1295,404935,2026-03-05,-125.21,5.1,Material do Almoxarifado,5,Material de Expediente,
2026,3,1295,404993,2026-03-17,-159.93,5.1,Material do Almoxarifado,5,Material de Expediente,
2026,3,1295,405111,2026-03-31,-777.92,12,Indenização por Uso de Veículo Particular,12,Indenização por Uso de Veículo Particular,
2026,3,1296,404851,2026-03-01,13903.32,1.1,Crédito Mensal ou Ajuste,1,Créditos QBM,
2026,3,1296,404929,2026-03-04,-1.55,2.1.10,Colorida,2,Reprografia,
2026,3,1296,404968,2026-03-11,-1.55,2.1.10,Colorida,2,Reprografia,
2026,3,1296,405042,2026-03-25,-174.57,2.1.9,Preto e Branco,2,Reprografia,
2026,3,1296,405114,2026-03-31,-1137.12,12,Indenização por Uso de Veículo Particular,12,Indenização por Uso de Veículo Particular,
2026,3,1297,404847,2026-03-01,13903.32,1.1,Crédito Mensal ou Ajuste,1,Créditos QBM,
2026,3,1297,404924,2026-03-04,-43.88,5.1,Material do Almoxarifado,5,Material de Expediente,
2026,3,1297,405053,2026-03-25,-62.0,2.1.10,Colorida,2,Reprografia,
2026,3,1297,405068,2026-03-30,-74.29,5.1,Material do Almoxarifado,5,Material de Expediente,
2026,3,1297,405076,2026-03-30,64.82,5.1,Material do Almoxarifado,5,Material de Expediente,
2026,3,1298,404842,2026-03-01,13903.32,1.1,Crédito Mensal ou Ajuste,1,Créditos QBM,
2026,3,1298,405105,2026-03-31,-2762.42,12,Indenização por Uso de Veículo Particular,12,Indenização por Uso de Veículo Particular,
2026,3,1299,404850,2026-03-01,13903.32,1.1,Crédito Mensal ou Ajuste,1,Créditos QBM,
2026,3,1299,404963,2026-03-11,-105.4,2.1.10,Colorida,2,Reprografia,
2026,3,1299,405011,2026-03-19,-6.2,2.1.10,Colorida,2,Reprografia,
2026,3,1299,405019,2026-03-20,-818.4,2.1.10,Colorida,2,Reprografia,
2026,3,1299,405050,2026-03-25,-33.58,2.1.9,Preto e Branco,2,Reprografia,
2026,3,1299,405089,2026-03-31,-102.62,5.1,Material do Almoxarifado,5,Material de Expediente,
2026,3,1299,405096,2026-03-31,-2687.01,12,Indenização por Uso de Veículo Particular,12,Indenização por Uso de Veículo Particular,
2026,3,1300,404865,2026-03-01,13903.32,1.1,Crédito Mensal ou Ajuste,1,Créditos QBM,
2026,3,1300,404898,2026-03-02,-153.22,5.1,Material do Almoxarifado,5,Material de Expediente,
2026,3,1300,404905,2026-03-02,-46.5,2.1.10,Colorida,2,Reprografia,
2026,3,1300,404908,2026-03-02,-1.55,2.1.10,Colorida,2,Reprografia,
2026,3,1300,404947,2026-03-06,-38.75,2.1.10,Colorida,2,Reprografia,
2026,3,1300,405016,2026-03-20,-3.1,2.1.10,Colorida,2,Reprografia,
2026,3,1300,405024,2026-03-23,-26.35,2.1.10,Colorida,2,Reprografia,
2026,3,1300,405059,2026-03-26,-1.55,2.1.10,Colorida,2,Reprografia,
2026,3,1300,405085,2026-03-31,1.55,2,Reprografia,2,Reprografia,
2026,3,1300,405086,2026-03-31,-3.1,2.1.10,Colorida,2,Reprografia,
2026,3,1300,405087,2026-03-31,1.55,2,Reprografia,2,Reprografia,
2026,3,1300,405088,2026-03-31,-3.1,2.1.10,Colorida,2,Reprografia,
2026,3,1300,405090,2026-03-31,-15.5,2.1.10,Colorida,2,Reprografia,
2026,3,1300,405092,2026-03-31,-3770.55,12,Indenização por Uso de Veículo Particular,12,Indenização por Uso de Veículo Particular,
2026,3,1302,404863,2026-03-01,13903.32,1.1,Crédito Mensal ou Ajuste,1,Créditos QBM,
2026,3,1302,404899,2026-03-02,-46.5,2.1.10,Colorida,2,Reprografia,
2026,3,1302,404902,2026-03-02,-93.0,2.1.10,Colorida,2,Reprografia,
2026,3,1302,404944,2026-03-06,-310.0,2.1.10,Colorida,2,Reprografia,
2026,3,1302,404964,2026-03-11,-3.1,2.1.10,Colorida,2,Reprografia,
2026,3,1302,404965,2026-03-11,-46.0,2.1.9,Preto e Branco,2,Reprografia,
2026,3,1302,404966,2026-03-11,-155.0,2.1.10,Colorida,2,Reprografia,
2026,3,1302,404980,2026-03-13,-137.85,5.1,Material do Almoxarifado,5,Material de Expediente,
2026,3,1302,404988,2026-03-16,-60.45,2.1.10,Colorida,2,Reprografia,
2026,3,1302,404989,2026-03-16,-54.25,2.1.10,Colorida,2,Reprografia,
2026,3,1302,404991,2026-03-16,-124.0,2.1.10,Colorida,2,Reprografia,
2026,3,1302,405006,2026-03-18,-60.45,2.1.10,Colorida,2,Reprografia,
2026,3,1302,405040,2026-03-24,-101.45,5.1,Material do Almoxarifado,5,Material de Expediente,
2026,3,1302,405065,2026-03-30,-9.47,5.1,Material do Almoxarifado,5,Material de Expediente,
2026,3,1302,405094,2026-03-31,-2038.08,12,Indenização por Uso de Veículo Particular,12,Indenização por Uso de Veículo Particular,
2026,3,1305,404957,2026-03-10,13834.48,1.3,Transferência de Saldo por Alteração em Vereança,1,Créditos QBM,TRANSFERENCIA DE SALDO DEIXADO POR VEREADOR SUPLENTE LUKY VIEIRA.
2026,3,1305,404976,2026-03-13,-42.97,5.1,Material do Almoxarifado,5,Material de Expediente,
2026,3,1305,405002,2026-03-18,-64.74,5.1,Material do Almoxarifado,5,Material de Expediente,
2026,3,1305,405022,2026-03-23,-95.62,5.1,Material do Almoxarifado,5,Material de Expediente,
2026,3,1305,405077,2026-03-30,-132.82,5.1,Material do Almoxarifado,5,Material de Expediente,
2026,3,1305,405080,2026-03-31,-38.75,2.1.10,Colorida,2,Reprografia,
2026,3,1315,404824,2026-03-01,13903.32,1.1,Crédito Mensal ou Ajuste,1,Créditos QBM,
2026,3,1315,404914,2026-03-03,-68.84,5.1,Material do Almoxarifado,5,Material de Expediente,
2026,3,1315,404958,2026-03-10,-13834.48,1.3,Transferência de Saldo por Alteração em Vereança,1,Créditos QBM,TRANSFERENCIA DE SALDO AO VEREADOR TITULAR PROF. TOVI POR RETORNO DE TITULAR AO MANDATO.
2026,4,23,405190,2026-04-01,13903.32,1.1,Crédito Mensal ou Ajuste,1,Créditos QBM,
2026,4,23,405376,2026-04-30,-1337.55,12,Indenização por Uso de Veículo Particular,12,Indenização por Uso de Veículo Particular,
2026,4,229,405186,2026-04-01,13903.32,1.1,Crédito Mensal ou Ajuste,1,Créditos QBM,
2026,4,229,405224,2026-04-08,-4.65,2.1.10,Colorida,2,Reprografia,
2026,4,229,405300,2026-04-23,-3.1,2.1.10,Colorida,2,Reprografia,
2026,4,229,405308,2026-04-24,-6.2,2.1.10,Colorida,2,Reprografia,
2026,4,229,405309,2026-04-27,-26.35,2.1.10,Colorida,2,Reprografia,
2026,4,229,405315,2026-04-27,-49.6,2.1.10,Colorida,2,Reprografia,
2026,4,229,405348,2026-04-30,-6.2,2.1.10,Colorida,2,Reprografia,
2026,4,229,405367,2026-04-30,-3601.87,12,Indenização por Uso de Veículo Particular,12,Indenização por Uso de Veículo Particular,
2026,4,232,405181,2026-04-01,13903.32,1.1,Crédito Mensal ou Ajuste,1,Créditos QBM,
2026,4,232,405299,2026-04-23,-54.25,2.1.10,Colorida,2,Reprografia,
2026,4,232,405357,2026-04-30,-2234.55,12,Indenização por Uso de Veículo Particular,12,Indenização por Uso de Veículo Particular,
2026,4,1058,405131,2026-04-01,13903.32,1.1,Crédito Mensal ou Ajuste,1,Créditos QBM,
2026,4,1058,405318,2026-04-28,-17.84,5.1,Material do Almoxarifado,5,Material de Expediente,
2026,4,1058,405379,2026-04-30,-1474.48,12,Indenização por Uso de Veículo Particular,12,Indenização por Uso de Veículo Particular,
2026,4,1067,405176,2026-04-01,13903.32,1.1,Crédito Mensal ou Ajuste,1,Créditos QBM,
2026,4,1067,405204,2026-04-02,-37.2,2.1.10,Colorida,2,Reprografia,
2026,4,1067,405207,2026-04-06,-264.84,5.1,Material do Almoxarifado,5,Material de Expediente,
2026,4,1067,405221,2026-04-08,-6.2,2.1.10,Colorida,2,Reprografia,
2026,4,1067,405234,2026-04-09,-3.1,2.1.10,Colorida,2,Reprografia,
2026,4,1067,405236,2026-04-09,-24.8,2.1.10,Colorida,2,Reprografia,
2026,4,1067,405263,2026-04-15,-4.65,2.1.10,Colorida,2,Reprografia,
2026,4,1067,405265,2026-04-15,-3.1,2.1.10,Colorida,2,Reprografia,
2026,4,1067,405272,2026-04-15,-1.55,2.1.10,Colorida,2,Reprografia,
2026,4,1067,405284,2026-04-16,-71.3,2.1.10,Colorida,2,Reprografia,
2026,4,1067,405302,2026-04-24,-1.55,2.1.10,Colorida,2,Reprografia,
2026,4,1067,405305,2026-04-24,-269.7,2.1.10,Colorida,2,Reprografia,
2026,4,1067,405312,2026-04-27,-10.85,2.1.10,Colorida,2,Reprografia,
2026,4,1067,405373,2026-04-30,-3770.55,12,Indenização por Uso de Veículo Particular,12,Indenização por Uso de Veículo Particular,
2026,4,1110,405191,2026-04-01,13903.32,1.1,Crédito Mensal ou Ajuste,1,Créditos QBM,
2026,4,1110,405193,2026-04-01,-23.5,5.1,Material do Almoxarifado,5,Material de Expediente,
2026,4,1110,405222,2026-04-08,-94.32,5.1,Material do Almoxarifado,5,Material de Expediente,
2026,4,1110,405370,2026-04-30,-966.45,12,Indenização por Uso de Veículo Particular,12,Indenização por Uso de Veículo Particular,
2026,4,1113,405167,2026-04-01,13903.32,1.1,Crédito Mensal ou Ajuste,1,Créditos QBM,
2026,4,1115,405180,2026-04-01,13903.32,1.1,Crédito Mensal ou Ajuste,1,Créditos QBM,
2026,4,1115,405294,2026-04-22,-184.38,5.1,Material do Almoxarifado,5,Material de Expediente,
2026,4,1115,405375,2026-04-30,-1559.82,12,Indenização por Uso de Veículo Particular,12,Indenização por Uso de Veículo Particular,
2026,4,1117,405183,2026-04-01,13903.32,1.1,Crédito Mensal ou Ajuste,1,Créditos QBM,
2026,4,1117,405344,2026-04-30,-21.7,2.1.10,Colorida,2,Reprografia,
2026,4,1117,405382,2026-04-30,-3087.88,12,Indenização por Uso de Veículo Particular,12,Indenização por Uso de Veículo Particular,
2026,4,1127,405467,2026-04-01,13903.32,1.1,Crédito Mensal ou Ajuste,1,Créditos QBM,
2026,4,1128,405187,2026-04-01,13903.32,1.1,Crédito Mensal ou Ajuste,1,Créditos QBM,
2026,4,1128,405199,2026-04-01,-6.2,2.1.10,Colorida,2,Reprografia,
2026,4,1128,405205,2026-04-06,-88.05,5.1,Material do Almoxarifado,5,Material de Expediente,
2026,4,1128,405229,2026-04-08,-1.55,2.1.10,Colorida,2,Reprografia,
2026,4,1128,405231,2026-04-08,-38.75,2.1.10,Colorida,2,Reprografia,
2026,4,1128,405255,2026-04-13,-1.55,2.1.10,Colorida,2,Reprografia,
2026,4,1128,405256,2026-04-13,-1.55,2.1.10,Colorida,2,Reprografia,
2026,4,1128,405275,2026-04-15,-5.05,5.1,Material do Almoxarifado,5,Material de Expediente,
2026,4,1128,405280,2026-04-16,-40.85,5.1,Material do Almoxarifado,5,Material de Expediente,
2026,4,1128,405369,2026-04-30,-1416.93,12,Indenização por Uso de Veículo Particular,12,Indenização por Uso de Veículo Particular,
2026,4,1130,405189,2026-04-01,13903.32,1.1,Crédito Mensal ou Ajuste,1,Créditos QBM,
2026,4,1130,405317,2026-04-28,-116.62,5.1,Material do Almoxarifado,5,Material de Expediente,
2026,4,1130,405358,2026-04-30,-2631.45,12,Indenização por Uso de Veículo Particular,12,Indenização por Uso de Veículo Particular,
2026,4,1141,405172,2026-04-01,13903.32,1.1,Crédito Mensal ou Ajuste,1,Créditos QBM,
2026,4,1141,405202,2026-04-01,-134.85,2.1.10,Colorida,2,Reprografia,
2026,4,1141,405216,2026-04-07,-288.3,2.1.10,Colorida,2,Reprografia,
2026,4,1141,405227,2026-04-08,-3.1,2.1.10,Colorida,2,Reprografia,
2026,4,1141,405233,2026-04-08,-12.4,2.1.10,Colorida,2,Reprografia,
2026,4,1141,405247,2026-04-13,-147.33,5.1,Material do Almoxarifado,5,Material de Expediente,
2026,4,1141,405258,2026-04-13,-80.6,2.1.10,Colorida,2,Reprografia,
2026,4,1141,405282,2026-04-16,-10.12,2.1.9,Preto e Branco,2,Reprografia,
2026,4,1141,405298,2026-04-23,-9.3,2.1.10,Colorida,2,Reprografia,
2026,4,1141,405307,2026-04-24,-1.55,2.1.10,Colorida,2,Reprografia,
2026,4,1141,405334,2026-04-30,80.6,2,Reprografia,2,Reprografia,
2026,4,1141,405335,2026-04-30,-86.8,2.1.10,Colorida,2,Reprografia,
2026,4,1141,405366,2026-04-30,-297.68,12,Indenização por Uso de Veículo Particular,12,Indenização por Uso de Veículo Particular,
2026,4,1144,405171,2026-04-01,13903.32,1.1,Crédito Mensal ou Ajuste,1,Créditos QBM,
2026,4,1145,405184,2026-04-01,13903.32,1.1,Crédito Mensal ou Ajuste,1,Créditos QBM,
2026,4,1145,405228,2026-04-08,-370.0,5.1,Material do Almoxarifado,5,Material de Expediente,
2026,4,1145,405230,2026-04-08,-1.55,2.1.10,Colorida,2,Reprografia,
2026,4,1145,405232,2026-04-08,-1.55,2.1.10,Colorida,2,Reprografia,
2026,4,1145,405235,2026-04-09,-232.5,2.1.10,Colorida,2,Reprografia,
2026,4,1145,405237,2026-04-09,-46.5,2.1.10,Colorida,2,Reprografia,
2026,4,1145,405341,2026-04-30,1.55,2,Reprografia,2,Reprografia,
2026,4,1145,405381,2026-04-30,-3770.55,12,Indenização por Uso de Veículo Particular,12,Indenização por Uso de Veículo Particular,
2026,4,1149,405177,2026-04-01,13903.32,1.1,Crédito Mensal ou Ajuste,1,Créditos QBM,
2026,4,1149,405214,2026-04-07,-9.47,5.1,Material do Almoxarifado,5,Material de Expediente,
2026,4,1149,405262,2026-04-15,-41.32,5.1,Material do Almoxarifado,5,Material de Expediente,
2026,4,1149,405314,2026-04-27,-1.55,2.1.10,Colorida,2,Reprografia,
2026,4,1149,405321,2026-04-28,-40.94,2.1.9,Preto e Branco,2,Reprografia,
2026,4,1149,405380,2026-04-30,-2897.37,12,Indenização por Uso de Veículo Particular,12,Indenização por Uso de Veículo Particular,
2026,4,1153,405185,2026-04-01,13903.32,1.1,Crédito Mensal ou Ajuste,1,Créditos QBM,
2026,4,1153,405277,2026-04-15,-258.3,5.1,Material do Almoxarifado,5,Material de Expediente,
2026,4,1153,405329,2026-04-29,-651.0,2.1.10,Colorida,2,Reprografia,
2026,4,1155,405169,2026-04-01,13903.32,1.1,Crédito Mensal ou Ajuste,1,Créditos QBM,
2026,4,1155,405243,2026-04-09,-1.55,2.1.10,Colorida,2,Reprografia,
2026,4,1155,405266,2026-04-15,-117.8,2.1.10,Colorida,2,Reprografia,
2026,4,1155,405267,2026-04-15,-117.8,2.1.10,Colorida,2,Reprografia,
2026,4,1155,405268,2026-04-15,-117.8,2.1.10,Colorida,2,Reprografia,
2026,4,1155,405269,2026-04-15,-117.8,2.1.10,Colorida,2,Reprografia,
2026,4,1155,405270,2026-04-15,-117.8,2.1.10,Colorida,2,Reprografia,
2026,4,1155,405336,2026-04-30,117.8,2,Reprografia,2,Reprografia,
2026,4,1155,405338,2026-04-30,117.8,2,Reprografia,2,Reprografia,
2026,4,1155,405339,2026-04-30,117.8,2,Reprografia,2,Reprografia,
2026,4,1155,405340,2026-04-30,117.8,2,Reprografia,2,Reprografia,
2026,4,1155,405361,2026-04-30,-3770.55,12,Indenização por Uso de Veículo Particular,12,Indenização por Uso de Veículo Particular,
2026,4,1157,405175,2026-04-01,13903.32,1.1,Crédito Mensal ou Ajuste,1,Créditos QBM,
2026,4,1157,405324,2026-04-29,-116.25,2.1.10,Colorida,2,Reprografia,
2026,4,1157,405356,2026-04-30,-144.15,2.1.10,Colorida,2,Reprografia,
2026,4,1157,405368,2026-04-30,-1111.32,12,Indenização por Uso de Veículo Particular,12,Indenização por Uso de Veículo Particular,
2026,4,1160,405174,2026-04-01,13903.32,1.1,Crédito Mensal ou Ajuste,1,Créditos QBM,
2026,4,1160,405252,2026-04-13,-340.07,5.1,Material do Almoxarifado,5,Material de Expediente,
2026,4,1160,405261,2026-04-14,-1.55,2.1.10,Colorida,2,Reprografia,
2026,4,1160,405264,2026-04-15,-1.55,2.1.10,Colorida,2,Reprografia,
2026,4,1160,405346,2026-04-30,-9.3,2.1.10,Colorida,2,Reprografia,
2026,4,1160,405354,2026-04-30,-775.0,2.1.10,Colorida,2,Reprografia,
2026,4,1160,405377,2026-04-30,-3764.6,12,Indenização por Uso de Veículo Particular,12,Indenização por Uso de Veículo Particular,
2026,4,1170,405179,2026-04-01,13903.32,1.1,Crédito Mensal ou Ajuste,1,Créditos QBM,
2026,4,1170,405200,2026-04-01,-4.65,2.1.10,Colorida,2,Reprografia,
2026,4,1170,405210,2026-04-06,-9.47,5.1,Material do Almoxarifado,5,Material de Expediente,
2026,4,1170,405246,2026-04-13,-2.4,5.1,Material do Almoxarifado,5,Material de Expediente,
2026,4,1170,405249,2026-04-13,-3.1,2.1.10,Colorida,2,Reprografia,
2026,4,1170,405254,2026-04-13,-29.45,2.1.10,Colorida,2,Reprografia,
2026,4,1170,405276,2026-04-15,-6.2,2.1.10,Colorida,2,Reprografia,
2026,4,1170,405290,2026-04-22,-1.55,2.1.10,Colorida,2,Reprografia,
2026,4,1170,405355,2026-04-30,-232.5,2.1.10,Colorida,2,Reprografia,
2026,4,1170,405363,2026-04-30,-3770.55,12,Indenização por Uso de Veículo Particular,12,Indenização por Uso de Veículo Particular,
2026,4,1176,405165,2026-04-01,13903.32,1.1,Crédito Mensal ou Ajuste,1,Créditos QBM,
2026,4,1176,405197,2026-04-01,-221.93,5.1,Material do Almoxarifado,5,Material de Expediente,
2026,4,1176,405296,2026-04-23,-35.58,5.1,Material do Almoxarifado,5,Material de Expediente,
2026,4,1176,405310,2026-04-27,-3.1,2.1.10,Colorida,2,Reprografia,
2026,4,1176,405328,2026-04-29,-181.35,2.1.10,Colorida,2,Reprografia,
2026,4,1176,405352,2026-04-30,-744.0,2.1.10,Colorida,2,Reprografia,
2026,4,1213,405188,2026-04-01,13903.32,1.1,Crédito Mensal ou Ajuste,1,Créditos QBM,
2026,4,1213,405220,2026-04-07,-620.0,2.1.10,Colorida,2,Reprografia,
2026,4,1213,405274,2026-04-15,-92.0,2.1.9,Preto e Branco,2,Reprografia,
2026,4,1213,405281,2026-04-16,-184.0,2.1.9,Preto e Branco,2,Reprografia,
2026,4,1213,405288,2026-04-17,-108.82,5.1,Material do Almoxarifado,5,Material de Expediente,
2026,4,1213,405303,2026-04-24,-276.0,2.1.9,Preto e Branco,2,Reprografia,
2026,4,1213,405304,2026-04-24,-124.0,2.1.10,Colorida,2,Reprografia,
2026,4,1213,405327,2026-04-29,-138.0,2.1.9,Preto e Branco,2,Reprografia,
2026,4,1213,405353,2026-04-30,-186.0,2.1.10,Colorida,2,Reprografia,
2026,4,1213,405359,2026-04-30,-3318.08,12,Indenização por Uso de Veículo Particular,12,Indenização por Uso de Veículo Particular,
2026,4,1221,405173,2026-04-01,13903.32,1.1,Crédito Mensal ou Ajuste,1,Créditos QBM,
2026,4,1221,405194,2026-04-01,-10.85,2.1.10,Colorida,2,Reprografia,
2026,4,1221,405201,2026-04-01,-54.25,2.1.10,Colorida,2,Reprografia,
2026,4,1221,405208,2026-04-06,-40.3,2.1.10,Colorida,2,Reprografia,
2026,4,1221,405215,2026-04-07,-1.55,2.1.10,Colorida,2,Reprografia,
2026,4,1221,405343,2026-04-30,-34.96,2.1.9,Preto e Branco,2,Reprografia,
2026,4,1221,405371,2026-04-30,-779.91,12,Indenização por Uso de Veículo Particular,12,Indenização por Uso de Veículo Particular,
2026,4,1240,405153,2026-04-01,13903.32,1.1,Crédito Mensal ou Ajuste,1,Créditos QBM,
2026,4,1240,405198,2026-04-01,-104.52,5.1,Material do Almoxarifado,5,Material de Expediente,
2026,4,1240,405225,2026-04-08,-47.51,5.1,Material do Almoxarifado,5,Material de Expediente,
2026,4,1240,405226,2026-04-08,-2.09,5.1,Material do Almoxarifado,5,Material de Expediente,
2026,4,1240,405253,2026-04-13,-1.55,5.1,Material do Almoxarifado,5,Material de Expediente,
2026,4,1240,405257,2026-04-13,-6.2,2.1.10,Colorida,2,Reprografia,
2026,4,1250,405182,2026-04-01,13903.32,1.1,Crédito Mensal ou Ajuste,1,Créditos QBM,
2026,4,1250,405383,2026-04-30,-704.5,12,Indenização por Uso de Veículo Particular,12,Indenização por Uso de Veículo Particular,
2026,4,1258,405166,2026-04-01,13903.32,1.1,Crédito Mensal ou Ajuste,1,Créditos QBM,
2026,4,1258,405250,2026-04-13,-1.55,2.1.10,Colorida,2,Reprografia,
2026,4,1258,405251,2026-04-13,-16.56,2.1.9,Preto e Branco,2,Reprografia,
2026,4,1258,405278,2026-04-16,-354.33,5.1,Material do Almoxarifado,5,Material de Expediente,
2026,4,1258,405347,2026-04-30,-39.56,2.1.9,Preto e Branco,2,Reprografia,
2026,4,1258,405364,2026-04-30,-2952.94,12,Indenização por Uso de Veículo Particular,12,Indenização por Uso de Veículo Particular,
2026,4,1295,405151,2026-04-01,13903.32,1.1,Crédito Mensal ou Ajuste,1,Créditos QBM,
2026,4,1295,405271,2026-04-15,-51.39,5.1,Material do Almoxarifado,5,Material de Expediente,
2026,4,1295,405279,2026-04-16,-109.4,5.1,Material do Almoxarifado,5,Material de Expediente,
2026,4,1295,405286,2026-04-17,-2.0,5.1,Material do Almoxarifado,5,Material de Expediente,
2026,4,1295,405360,2026-04-30,-504.06,12,Indenização por Uso de Veículo Particular,12,Indenização por Uso de Veículo Particular,
2026,4,1296,405146,2026-04-01,13903.32,1.1,Crédito Mensal ou Ajuste,1,Créditos QBM,
2026,4,1296,405218,2026-04-07,-143.83,5.1,Material do Almoxarifado,5,Material de Expediente,
2026,4,1296,405316,2026-04-27,-63.48,2.1.9,Preto e Branco,2,Reprografia,
2026,4,1296,405325,2026-04-29,-66.65,2.1.10,Colorida,2,Reprografia,
2026,4,1296,405326,2026-04-29,-117.8,2.1.10,Colorida,2,Reprografia,
2026,4,1296,405331,2026-04-30,117.8,2,Reprografia,2,Reprografia,
2026,4,1296,405332,2026-04-30,66.65,2,Reprografia,2,Reprografia,
2026,4,1296,405333,2026-04-30,-184.45,2.1.10,Colorida,2,Reprografia,
2026,4,1296,405372,2026-04-30,-1349.46,12,Indenização por Uso de Veículo Particular,12,Indenização por Uso de Veículo Particular,
2026,4,1297,405139,2026-04-01,13903.32,1.1,Crédito Mensal ou Ajuste,1,Créditos QBM,
2026,4,1297,405196,2026-04-01,-34.95,5.1,Material do Almoxarifado,5,Material de Expediente,
2026,4,1297,405238,2026-04-09,-27.0,5.1,Material do Almoxarifado,5,Material de Expediente,
2026,4,1297,405240,2026-04-09,-9.48,5.1,Material do Almoxarifado,5,Material de Expediente,
2026,4,1297,405291,2026-04-22,-35.65,2.1.10,Colorida,2,Reprografia,
2026,4,1297,405313,2026-04-27,-54.7,5.1,Material do Almoxarifado,5,Material de Expediente,
2026,4,1298,405138,2026-04-01,13903.32,1.1,Crédito Mensal ou Ajuste,1,Créditos QBM,
2026,4,1298,405283,2026-04-16,-108.13,5.1,Material do Almoxarifado,5,Material de Expediente,
2026,4,1298,405285,2026-04-16,46.28,5.1,Material do Almoxarifado,5,Material de Expediente,
2026,4,1298,405306,2026-04-24,-15.5,2.1.10,Colorida,2,Reprografia,
2026,4,1298,405320,2026-04-28,-1.38,2.1.9,Preto e Branco,2,Reprografia,
2026,4,1298,405330,2026-04-29,-64.82,5.1,Material do Almoxarifado,5,Material de Expediente,
2026,4,1298,405350,2026-04-29,64.82,5.1,Material do Almoxarifado,5,Material de Expediente,
2026,4,1298,405349,2026-04-30,-27.35,5.1,Material do Almoxarifado,5,Material de Expediente,
2026,4,1298,405351,2026-04-30,-44.39,2.1.9,Preto e Branco,2,Reprografia,
2026,4,1298,405365,2026-04-30,-2812.04,12,Indenização por Uso de Veículo Particular,12,Indenização por Uso de Veículo Particular,
2026,4,1299,405148,2026-04-01,13903.32,1.1,Crédito Mensal ou Ajuste,1,Créditos QBM,
2026,4,1299,405195,2026-04-01,-3.1,2.1.10,Colorida,2,Reprografia,
2026,4,1299,405209,2026-04-06,-5.76,5.1,Material do Almoxarifado,5,Material de Expediente,
2026,4,1299,405245,2026-04-13,-9.47,5.1,Material do Almoxarifado,5,Material de Expediente,
2026,4,1299,405311,2026-04-27,-775.0,2.1.10,Colorida,2,Reprografia,
2026,4,1299,405362,2026-04-30,-2758.46,12,Indenização por Uso de Veículo Particular,12,Indenização por Uso de Veículo Particular,
2026,4,1300,405164,2026-04-01,13903.32,1.1,Crédito Mensal ou Ajuste,1,Créditos QBM,
2026,4,1300,405211,2026-04-06,-135.77,5.1,Material do Almoxarifado,5,Material de Expediente,
2026,4,1300,405239,2026-04-09,-156.55,2.1.10,Colorida,2,Reprografia,
2026,4,1300,405241,2026-04-09,-156.55,2.1.10,Colorida,2,Reprografia,
2026,4,1300,405260,2026-04-14,-6.2,2.1.10,Colorida,2,Reprografia,
2026,4,1300,405287,2026-04-17,-4.65,2.1.10,Colorida,2,Reprografia,
2026,4,1300,405301,2026-04-23,-155.0,2.1.10,Colorida,2,Reprografia,
2026,4,1300,405342,2026-04-30,156.55,2,Reprografia,2,Reprografia,
2026,4,1300,405378,2026-04-30,-3770.55,12,Indenização por Uso de Veículo Particular,12,Indenização por Uso de Veículo Particular,
2026,4,1302,405161,2026-04-01,13903.32,1.1,Crédito Mensal ou Ajuste,1,Créditos QBM,
2026,4,1302,405203,2026-04-01,-115.0,2.1.9,Preto e Branco,2,Reprografia,
2026,4,1302,405219,2026-04-07,-2.3,2.1.9,Preto e Branco,2,Reprografia,
2026,4,1302,405244,2026-04-09,-34.5,2.1.9,Preto e Branco,2,Reprografia,
2026,4,1302,405273,2026-04-15,-117.23,5.1,Material do Almoxarifado,5,Material de Expediente,
2026,4,1302,405289,2026-04-22,-6.2,2.1.10,Colorida,2,Reprografia,
2026,4,1302,405292,2026-04-22,-1.55,2.1.10,Colorida,2,Reprografia,
2026,4,1302,405293,2026-04-22,-6.2,2.1.10,Colorida,2,Reprografia,
2026,4,1302,405322,2026-04-28,-775.0,2.1.10,Colorida,2,Reprografia,
2026,4,1302,405323,2026-04-29,-52.7,2.1.10,Colorida,2,Reprografia,
2026,4,1302,405374,2026-04-30,-1797.96,12,Indenização por Uso de Veículo Particular,12,Indenização por Uso de Veículo Particular,
2026,4,1305,405147,2026-04-01,13903.32,1.1,Crédito Mensal ou Ajuste,1,Créditos QBM,
2026,4,1305,405217,2026-04-07,-114.6,5.1,Material do Almoxarifado,5,Material de Expediente,
2026,4,1305,405242,2026-04-09,-930.0,2.1.10,Colorida,2,Reprografia,
2026,4,1305,405259,2026-04-14,-77.87,5.1,Material do Almoxarifado,5,Material de Expediente,
2026,5,23,405451,2026-05-01,13903.32,1.1,Crédito Mensal ou Ajuste,1,Créditos QBM,
2026,5,23,405462,2026-05-04,-131.07,5.1,Material do Almoxarifado,5,Material de Expediente,
2026,5,23,405529,2026-05-19,-155.0,2.1.10,Colorida,2,Reprografia,
2026,5,23,405597,2026-05-31,-1297.86,12,Indenização por Uso de Veículo Particular,12,Indenização por Uso de Veículo Particular,
2026,5,229,405453,2026-05-01,13903.32,1.1,Crédito Mensal ou Ajuste,1,Créditos QBM,
2026,5,229,405461,2026-05-04,-489.32,5.1,Material do Almoxarifado,5,Material de Expediente,
2026,5,229,405468,2026-05-04,-1.55,2.1.10,Colorida,2,Reprografia,
2026,5,229,405514,2026-05-12,-79.05,2.1.10,Colorida,2,Reprografia,
2026,5,229,405519,2026-05-13,-3.1,2.1.10,Colorida,2,Reprografia,
2026,5,229,405548,2026-05-22,-444.9,5.1,Material do Almoxarifado,5,Material de Expediente,
2026,5,229,405551,2026-05-22,-41.85,2.1.10,Colorida,2,Reprografia,
2026,5,229,405605,2026-05-31,-3647.51,12,Indenização por Uso de Veículo Particular,12,Indenização por Uso de Veículo Particular,
2026,5,232,405444,2026-05-01,13903.32,1.1,Crédito Mensal ou Ajuste,1,Créditos QBM,
2026,5,232,405537,2026-05-20,-175.87,5.1,Material do Almoxarifado,5,Material de Expediente,
2026,5,232,405607,2026-05-31,-2327.82,12,Indenização por Uso de Veículo Particular,12,Indenização por Uso de Veículo Particular,
2026,5,1058,405398,2026-05-01,13903.32,1.1,Crédito Mensal ou Ajuste,1,Créditos QBM,
2026,5,1058,405473,2026-05-05,-29.14,5.1,Material do Almoxarifado,5,Material de Expediente,
2026,5,1058,405479,2026-05-05,-33.35,5.1,Material do Almoxarifado,5,Material de Expediente,
2026,5,1058,405540,2026-05-21,-3.1,2.1.10,Colorida,2,Reprografia,
2026,5,1058,405589,2026-05-31,-1430.82,12,Indenização por Uso de Veículo Particular,12,Indenização por Uso de Veículo Particular,
2026,5,1067,405439,2026-05-01,13903.32,1.1,Crédito Mensal ou Ajuste,1,Créditos QBM,
2026,5,1067,405463,2026-05-04,-15.5,2.1.10,Colorida,2,Reprografia,
2026,5,1067,405466,2026-05-04,-17.05,2.1.10,Colorida,2,Reprografia,
2026,5,1067,405472,2026-05-05,-3.1,2.1.10,Colorida,2,Reprografia,
2026,5,1067,405487,2026-05-06,-1.55,2.1.10,Colorida,2,Reprografia,
2026,5,1067,405492,2026-05-07,-31.0,2.1.10,Colorida,2,Reprografia,
2026,5,1067,405493,2026-05-07,-315.81,5.1,Material do Almoxarifado,5,Material de Expediente,
2026,5,1067,405497,2026-05-07,-21.7,2.1.10,Colorida,2,Reprografia,
2026,5,1067,405506,2026-05-11,-110.44,5.1,Material do Almoxarifado,5,Material de Expediente,
2026,5,1067,405510,2026-05-11,-17.05,2.1.10,Colorida,2,Reprografia,
2026,5,1067,405541,2026-05-21,-0.23,2.1.9,Preto e Branco,2,Reprografia,
2026,5,1067,405542,2026-05-21,-1.55,2.1.10,Colorida,2,Reprografia,
2026,5,1067,405555,2026-05-25,-12.4,2.1.10,Colorida,2,Reprografia,
2026,5,1067,405559,2026-05-25,-6.2,2.1.10,Colorida,2,Reprografia,
2026,5,1067,405561,2026-05-25,-9.3,2.1.10,Colorida,2,Reprografia,
2026,5,1067,405562,2026-05-26,-3.1,2.1.10,Colorida,2,Reprografia,
2026,5,1067,405563,2026-05-26,-155.0,2.1.10,Colorida,2,Reprografia,
2026,5,1067,405565,2026-05-26,-1.55,2.1.10,Colorida,2,Reprografia,
2026,5,1067,405567,2026-05-26,-12.4,2.1.10,Colorida,2,Reprografia,
2026,5,1067,405568,2026-05-26,-3.1,2.1.10,Colorida,2,Reprografia,
2026,5,1067,405571,2026-05-28,-195.3,2.1.10,Colorida,2,Reprografia,
2026,5,1067,405575,2026-05-28,-20.15,2.1.10,Colorida,2,Reprografia,
2026,5,1067,405583,2026-05-29,-1.55,2.1.10,Colorida,2,Reprografia,
2026,5,1067,405584,2026-05-29,-23.25,2.1.10,Colorida,2,Reprografia,
2026,5,1067,405614,2026-05-31,-3770.55,12,Indenização por Uso de Veículo Particular,12,Indenização por Uso de Veículo Particular,
2026,5,1110,405450,2026-05-01,13903.32,1.1,Crédito Mensal ou Ajuste,1,Créditos QBM,
2026,5,1110,405460,2026-05-04,-68.69,5.1,Material do Almoxarifado,5,Material de Expediente,
2026,5,1110,405511,2026-05-12,-63.69,5.1,Material do Almoxarifado,5,Material de Expediente,
2026,5,1110,405581,2026-05-29,-9.45,5.1,Material do Almoxarifado,5,Material de Expediente,
2026,5,1110,405606,2026-05-31,-1057.74,12,Indenização por Uso de Veículo Particular,12,Indenização por Uso de Veículo Particular,
2026,5,1113,405428,2026-05-01,13903.32,1.1,Crédito Mensal ou Ajuste,1,Créditos QBM,
2026,5,1115,405442,2026-05-01,13903.32,1.1,Crédito Mensal ou Ajuste,1,Créditos QBM,
2026,5,1115,405602,2026-05-31,-1452.65,12,Indenização por Uso de Veículo Particular,12,Indenização por Uso de Veículo Particular,
2026,5,1117,405446,2026-05-01,13903.32,1.1,Crédito Mensal ou Ajuste,1,Créditos QBM,
2026,5,1117,405588,2026-05-31,-3425.25,12,Indenização por Uso de Veículo Particular,12,Indenização por Uso de Veículo Particular,
2026,5,1127,405434,2026-05-01,13903.32,1.1,Crédito Mensal ou Ajuste,1,Créditos QBM,
2026,5,1127,405470,2026-05-05,-267.69,5.1,Material do Almoxarifado,5,Material de Expediente,
2026,5,1127,405471,2026-05-05,-232.5,2.1.10,Colorida,2,Reprografia,
2026,5,1128,405449,2026-05-01,13903.32,1.1,Crédito Mensal ou Ajuste,1,Créditos QBM,
2026,5,1128,405498,2026-05-07,-9.3,2.1.10,Colorida,2,Reprografia,
2026,5,1128,405517,2026-05-13,-71.3,2.1.10,Colorida,2,Reprografia,
2026,5,1128,405521,2026-05-13,-89.37,5.1,Material do Almoxarifado,5,Material de Expediente,
2026,5,1128,405524,2026-05-15,-77.5,2.1.10,Colorida,2,Reprografia,
2026,5,1128,405544,2026-05-21,-130.2,2.1.10,Colorida,2,Reprografia,
2026,5,1128,405553,2026-05-25,-16.58,5.1,Material do Almoxarifado,5,Material de Expediente,
2026,5,1128,405577,2026-05-28,-62.0,2.1.10,Colorida,2,Reprografia,
2026,5,1128,405612,2026-05-31,-1397.09,12,Indenização por Uso de Veículo Particular,12,Indenização por Uso de Veículo Particular,
2026,5,1130,405452,2026-05-01,13903.32,1.1,Crédito Mensal ou Ajuste,1,Créditos QBM,
2026,5,1130,405608,2026-05-31,-2536.19,12,Indenização por Uso de Veículo Particular,12,Indenização por Uso de Veículo Particular,
2026,5,1141,405435,2026-05-01,13903.32,1.1,Crédito Mensal ou Ajuste,1,Créditos QBM,
2026,5,1141,405457,2026-05-04,-130.29,5.1,Material do Almoxarifado,5,Material de Expediente,
2026,5,1141,405484,2026-05-06,-1.55,2.1.10,Colorida,2,Reprografia,
2026,5,1141,405504,2026-05-08,-1.55,2.1.10,Colorida,2,Reprografia,
2026,5,1141,405515,2026-05-12,-1.55,2.1.10,Colorida,2,Reprografia,
2026,5,1141,405520,2026-05-13,-1.55,2.1.10,Colorida,2,Reprografia,
2026,5,1141,405531,2026-05-19,-26.35,2.1.10,Colorida,2,Reprografia,
2026,5,1141,405576,2026-05-28,-1.55,2.1.10,Colorida,2,Reprografia,
2026,5,1141,405595,2026-05-31,-222.26,12,Indenização por Uso de Veículo Particular,12,Indenização por Uso de Veículo Particular,
2026,5,1144,405433,2026-05-01,13903.32,1.1,Crédito Mensal ou Ajuste,1,Créditos QBM,
2026,5,1145,405448,2026-05-01,13903.32,1.1,Crédito Mensal ou Ajuste,1,Créditos QBM,
2026,5,1145,405503,2026-05-08,-193.75,2.1.10,Colorida,2,Reprografia,
2026,5,1145,405522,2026-05-14,-519.32,5.1,Material do Almoxarifado,5,Material de Expediente,
2026,5,1145,405545,2026-05-21,-12.4,2.1.10,Colorida,2,Reprografia,
2026,5,1145,405549,2026-05-22,-12.4,2.1.10,Colorida,2,Reprografia,
2026,5,1145,405613,2026-05-31,-3770.55,12,Indenização por Uso de Veículo Particular,12,Indenização por Uso de Veículo Particular,
2026,5,1149,405430,2026-05-01,13903.32,1.1,Crédito Mensal ou Ajuste,1,Créditos QBM,
2026,5,1149,405465,2026-05-04,-5.76,5.1,Material do Almoxarifado,5,Material de Expediente,
2026,5,1149,405557,2026-05-25,-12.4,2.1.10,Colorida,2,Reprografia,
2026,5,1149,405558,2026-05-25,-6.2,2.1.10,Colorida,2,Reprografia,
2026,5,1149,405560,2026-05-25,-1.55,2.1.10,Colorida,2,Reprografia,
2026,5,1149,405566,2026-05-26,-15.5,2.1.10,Colorida,2,Reprografia,
2026,5,1149,405570,2026-05-27,-3.1,2.1.10,Colorida,2,Reprografia,
2026,5,1149,405578,2026-05-29,1.55,2,Reprografia,2,Reprografia,
2026,5,1149,405579,2026-05-29,6.2,2,Reprografia,2,Reprografia,
2026,5,1149,405580,2026-05-29,-7.75,2.1.10,Colorida,2,Reprografia,
2026,5,1149,405599,2026-05-31,-2925.15,12,Indenização por Uso de Veículo Particular,12,Indenização por Uso de Veículo Particular,
2026,5,1153,405447,2026-05-01,13903.32,1.1,Crédito Mensal ou Ajuste,1,Créditos QBM,
2026,5,1153,405532,2026-05-19,-155.0,2.1.10,Colorida,2,Reprografia,
2026,5,1153,405556,2026-05-25,-775.0,2.1.10,Colorida,2,Reprografia,
2026,5,1153,405601,2026-05-31,-3770.55,12,Indenização por Uso de Veículo Particular,12,Indenização por Uso de Veículo Particular,
2026,5,1155,405429,2026-05-01,13903.32,1.1,Crédito Mensal ou Ajuste,1,Créditos QBM,
2026,5,1155,405455,2026-05-04,-36.23,5.1,Material do Almoxarifado,5,Material de Expediente,
2026,5,1155,405526,2026-05-15,-1.55,2.1.10,Colorida,2,Reprografia,
2026,5,1155,405574,2026-05-28,-3.1,2.1.10,Colorida,2,Reprografia,
2026,5,1155,405590,2026-05-31,-3770.55,12,Indenização por Uso de Veículo Particular,12,Indenização por Uso de Veículo Particular,
2026,5,1157,405438,2026-05-01,13903.32,1.1,Crédito Mensal ou Ajuste,1,Créditos QBM,
2026,5,1157,405459,2026-05-04,-1.55,2.1.10,Colorida,2,Reprografia,
2026,5,1157,405464,2026-05-04,-9.3,2.1.10,Colorida,2,Reprografia,
2026,5,1157,405535,2026-05-20,-464.86,5.1,Material do Almoxarifado,5,Material de Expediente,
2026,5,1157,405573,2026-05-28,-9.3,2.1.10,Colorida,2,Reprografia,
2026,5,1157,405582,2026-05-29,-23.25,2.1.10,Colorida,2,Reprografia,
2026,5,1157,405593,2026-05-31,-1623.32,12,Indenização por Uso de Veículo Particular,12,Indenização por Uso de Veículo Particular,
2026,5,1160,405437,2026-05-01,13903.32,1.1,Crédito Mensal ou Ajuste,1,Créditos QBM,
2026,5,1160,405508,2026-05-11,-124.0,2.1.10,Colorida,2,Reprografia,
2026,5,1160,405598,2026-05-31,-3770.55,12,Indenização por Uso de Veículo Particular,12,Indenização por Uso de Veículo Particular,
2026,5,1170,405443,2026-05-01,13903.32,1.1,Crédito Mensal ou Ajuste,1,Créditos QBM,
2026,5,1170,405475,2026-05-05,-220.14,5.1,Material do Almoxarifado,5,Material de Expediente,
2026,5,1170,405509,2026-05-11,-466.55,2.1.10,Colorida,2,Reprografia,
2026,5,1170,405516,2026-05-13,-434.0,2.1.10,Colorida,2,Reprografia,
2026,5,1170,405592,2026-05-31,-3770.55,12,Indenização por Uso de Veículo Particular,12,Indenização por Uso de Veículo Particular,
2026,5,1176,405422,2026-05-01,13903.32,1.1,Crédito Mensal ou Ajuste,1,Créditos QBM,
2026,5,1176,405474,2026-05-05,-240.27,5.1,Material do Almoxarifado,5,Material de Expediente,
2026,5,1176,405499,2026-05-07,-77.5,2.1.10,Colorida,2,Reprografia,
2026,5,1176,405502,2026-05-08,-23.25,2.1.10,Colorida,2,Reprografia,
2026,5,1176,405505,2026-05-11,-3.1,2.1.10,Colorida,2,Reprografia,
2026,5,1176,405507,2026-05-11,-62.0,2.1.10,Colorida,2,Reprografia,
2026,5,1176,405523,2026-05-14,-1.55,2.1.10,Colorida,2,Reprografia,
2026,5,1176,405569,2026-05-26,-3.1,2.1.10,Colorida,2,Reprografia,
2026,5,1176,405609,2026-05-31,-682.67,12,Indenização por Uso de Veículo Particular,12,Indenização por Uso de Veículo Particular,
2026,5,1213,405454,2026-05-01,13903.32,1.1,Crédito Mensal ou Ajuste,1,Créditos QBM,
2026,5,1213,405477,2026-05-05,-115.0,2.1.9,Preto e Branco,2,Reprografia,
2026,5,1213,405486,2026-05-06,-15.5,2.1.10,Colorida,2,Reprografia,
2026,5,1213,405488,2026-05-06,-931.76,5.1,Material do Almoxarifado,5,Material de Expediente,
2026,5,1213,405491,2026-05-07,-914.5,2.1.10,Colorida,2,Reprografia,
2026,5,1213,405513,2026-05-12,-184.0,2.1.9,Preto e Branco,2,Reprografia,
2026,5,1213,405525,2026-05-15,-138.0,2.1.9,Preto e Branco,2,Reprografia,
2026,5,1213,405594,2026-05-31,-3601.87,12,Indenização por Uso de Veículo Particular,12,Indenização por Uso de Veículo Particular,
2026,5,1221,405436,2026-05-01,13903.32,1.1,Crédito Mensal ou Ajuste,1,Créditos QBM,
2026,5,1221,405476,2026-05-05,-58.9,2.1.10,Colorida,2,Reprografia,
2026,5,1221,405480,2026-05-05,-51.15,2.1.10,Colorida,2,Reprografia,
2026,5,1221,405546,2026-05-22,-73.83,2.1.9,Preto e Branco,2,Reprografia,
2026,5,1221,405615,2026-05-31,-551.69,12,Indenização por Uso de Veículo Particular,12,Indenização por Uso de Veículo Particular,
2026,5,1240,405413,2026-05-01,13903.32,1.1,Crédito Mensal ou Ajuste,1,Créditos QBM,
2026,5,1240,405458,2026-05-04,-118.32,5.1,Material do Almoxarifado,5,Material de Expediente,
2026,5,1240,405530,2026-05-19,-46.28,5.1,Material do Almoxarifado,5,Material de Expediente,
2026,5,1240,405538,2026-05-20,-3.1,2.1.10,Colorida,2,Reprografia,
2026,5,1240,405539,2026-05-21,-67.07,5.1,Material do Almoxarifado,5,Material de Expediente,
2026,5,1250,405445,2026-05-01,13903.32,1.1,Crédito Mensal ou Ajuste,1,Créditos QBM,
2026,5,1250,405591,2026-05-31,-563.6,12,Indenização por Uso de Veículo Particular,12,Indenização por Uso de Veículo Particular,
2026,5,1258,405426,2026-05-01,13903.32,1.1,Crédito Mensal ou Ajuste,1,Créditos QBM,
2026,5,1258,405572,2026-05-28,-175.83,5.1,Material do Almoxarifado,5,Material de Expediente,
2026,5,1258,405596,2026-05-31,-3730.86,12,Indenização por Uso de Veículo Particular,12,Indenização por Uso de Veículo Particular,
2026,5,1295,405412,2026-05-01,13903.32,1.1,Crédito Mensal ou Ajuste,1,Créditos QBM,
2026,5,1295,405456,2026-05-04,-250.92,5.1,Material do Almoxarifado,5,Material de Expediente,
2026,5,1295,405611,2026-05-31,-623.13,12,Indenização por Uso de Veículo Particular,12,Indenização por Uso de Veículo Particular,
2026,5,1296,405408,2026-05-01,13903.32,1.1,Crédito Mensal ou Ajuste,1,Créditos QBM,
2026,5,1296,405494,2026-05-07,-1.55,2.1.10,Colorida,2,Reprografia,
2026,5,1296,405527,2026-05-19,-31.0,2.1.10,Colorida,2,Reprografia,
2026,5,1296,405536,2026-05-20,-59.19,5.1,Material do Almoxarifado,5,Material de Expediente,
2026,5,1297,405402,2026-05-01,13903.32,1.1,Crédito Mensal ou Ajuste,1,Créditos QBM,
2026,5,1297,405481,2026-05-05,-27.9,2.1.10,Colorida,2,Reprografia,
2026,5,1297,405483,2026-05-06,-27.9,2.1.10,Colorida,2,Reprografia,
2026,5,1297,405501,2026-05-08,-9.47,5.1,Material do Almoxarifado,5,Material de Expediente,
2026,5,1297,405512,2026-05-12,-108.5,2.1.10,Colorida,2,Reprografia,
2026,5,1298,405396,2026-05-01,13903.32,1.1,Crédito Mensal ou Ajuste,1,Créditos QBM,
2026,5,1298,405603,2026-05-31,-2768.38,12,Indenização por Uso de Veículo Particular,12,Indenização por Uso de Veículo Particular,
2026,5,1299,405407,2026-05-01,13903.32,1.1,Crédito Mensal ou Ajuste,1,Créditos QBM,
2026,5,1299,405485,2026-05-06,-14.75,5.1,Material do Almoxarifado,5,Material de Expediente,
2026,5,1299,405534,2026-05-20,-310.0,2.1.10,Colorida,2,Reprografia,
2026,5,1299,405552,2026-05-22,-88.07,5.1,Material do Almoxarifado,5,Material de Expediente,
2026,5,1299,405604,2026-05-31,-1222.45,12,Indenização por Uso de Veículo Particular,12,Indenização por Uso de Veículo Particular,
2026,5,1300,405427,2026-05-01,13903.32,1.1,Crédito Mensal ou Ajuste,1,Créditos QBM,
2026,5,1300,405518,2026-05-13,-77.5,2.1.10,Colorida,2,Reprografia,
2026,5,1300,405533,2026-05-20,-120.64,5.1,Material do Almoxarifado,5,Material de Expediente,
2026,5,1300,405600,2026-05-31,-3770.55,12,Indenização por Uso de Veículo Particular,12,Indenização por Uso de Veículo Particular,
2026,5,1302,405423,2026-05-01,13903.32,1.1,Crédito Mensal ou Ajuste,1,Créditos QBM,
2026,5,1302,405490,2026-05-07,-143.24,5.1,Material do Almoxarifado,5,Material de Expediente,
2026,5,1302,405528,2026-05-19,-155.0,2.1.10,Colorida,2,Reprografia,
2026,5,1302,405564,2026-05-26,-15.5,2.1.10,Colorida,2,Reprografia,
2026,5,1302,405585,2026-05-29,-155.0,2.1.10,Colorida,2,Reprografia,
2026,5,1302,405586,2026-05-29,-155.0,2.1.10,Colorida,2,Reprografia,
2026,5,1302,405587,2026-05-29,-294.5,2.1.10,Colorida,2,Reprografia,
2026,5,1302,405610,2026-05-31,-2248.44,12,Indenização por Uso de Veículo Particular,12,Indenização por Uso de Veículo Particular,
2026,5,1305,405409,2026-05-01,13903.32,1.1,Crédito Mensal ou Ajuste,1,Créditos QBM,
2026,5,1305,405469,2026-05-05,-38.81,5.1,Material do Almoxarifado,5,Material de Expediente,
2026,5,1305,405500,2026-05-08,-56.58,2.1.9,Preto e Branco,2,Reprografia,
2026,5,1305,405550,2026-05-22,-15.5,2.1.10,Colorida,2,Reprografia,
2026,6,23,405686,2026-06-01,13903.32,1.1,Crédito Mensal ou Ajuste,1,Créditos QBM,
2026,6,23,405698,2026-06-02,-254.19,5.1,Material do Almoxarifado,5,Material de Expediente,
2026,6,23,405833,2026-06-30,-1321.68,12,Indenização por Uso de Veículo Particular,12,Indenização por Uso de Veículo Particular,
2026,6,229,405683,2026-06-01,13903.32,1.1,Crédito Mensal ou Ajuste,1,Créditos QBM,
2026,6,229,405693,2026-06-01,-3.1,2.1.10,Colorida,2,Reprografia,
2026,6,229,405746,2026-06-11,-238.88,5.1,Material do Almoxarifado,5,Material de Expediente,
2026,6,229,405761,2026-06-16,-6.2,2.1.10,Colorida,2,Reprografia,
2026,6,229,405763,2026-06-16,-3.1,2.1.10,Colorida,2,Reprografia,
2026,6,229,405796,2026-06-24,-46.0,2.1.9,Preto e Branco,2,Reprografia,
2026,6,229,405818,2026-06-30,-3720.94,12,Indenização por Uso de Veículo Particular,12,Indenização por Uso de Veículo Particular,
2026,6,232,405675,2026-06-01,13903.32,1.1,Crédito Mensal ou Ajuste,1,Créditos QBM,
2026,6,232,405821,2026-06-30,-2367.51,12,Indenização por Uso de Veículo Particular,12,Indenização por Uso de Veículo Particular,
2026,6,1058,405625,2026-06-01,13903.32,1.1,Crédito Mensal ou Ajuste,1,Créditos QBM,
2026,6,1058,405742,2026-06-11,-25.13,5.1,Material do Almoxarifado,5,Material de Expediente,
2026,6,1058,405840,2026-06-30,-1287.94,12,Indenização por Uso de Veículo Particular,12,Indenização por Uso de Veículo Particular,
2026,6,1067,405670,2026-06-01,13903.32,1.1,Crédito Mensal ou Ajuste,1,Créditos QBM,
2026,6,1067,405687,2026-06-01,-3.1,2.1.10,Colorida,2,Reprografia,
2026,6,1067,405691,2026-06-01,-1.55,2.1.10,Colorida,2,Reprografia,
2026,6,1067,405695,2026-06-02,-55.8,2.1.10,Colorida,2,Reprografia,
2026,6,1067,405699,2026-06-02,-438.76,5.1,Material do Almoxarifado,5,Material de Expediente,
2026,6,1067,405719,2026-06-09,-1.55,2.1.10,Colorida,2,Reprografia,
2026,6,1067,405730,2026-06-10,-4.65,2.1.10,Colorida,2,Reprografia,
2026,6,1067,405747,2026-06-12,-26.35,2.1.10,Colorida,2,Reprografia,
2026,6,1067,405753,2026-06-15,-1.55,2.1.10,Colorida,2,Reprografia,
2026,6,1067,405758,2026-06-15,-18.6,2.1.10,Colorida,2,Reprografia,
2026,6,1067,405799,2026-06-25,-3.1,2.1.10,Colorida,2,Reprografia,
2026,6,1067,405800,2026-06-25,-0.69,2.1.9,Preto e Branco,2,Reprografia,
2026,6,1067,405804,2026-06-26,-272.8,2.1.10,Colorida,2,Reprografia,
2026,6,1067,405812,2026-06-30,-15.5,2.1.10,Colorida,2,Reprografia,
2026,6,1067,405829,2026-06-30,-3770.55,12,Indenização por Uso de Veículo Particular,12,Indenização por Uso de Veículo Particular,
2026,6,1110,405681,2026-06-01,13903.32,1.1,Crédito Mensal ou Ajuste,1,Créditos QBM,
2026,6,1110,405805,2026-06-26,-72.54,5.1,Material do Almoxarifado,5,Material de Expediente,
2026,6,1110,405826,2026-06-30,-847.38,12,Indenização por Uso de Veículo Particular,12,Indenização por Uso de Veículo Particular,
2026,6,1113,405662,2026-06-01,13903.32,1.1,Crédito Mensal ou Ajuste,1,Créditos QBM,
2026,6,1115,405676,2026-06-01,13903.32,1.1,Crédito Mensal ou Ajuste,1,Créditos QBM,
2026,6,1115,405689,2026-06-01,-93.64,5.1,Material do Almoxarifado,5,Material de Expediente,
2026,6,1115,405836,2026-06-30,-1500.28,12,Indenização por Uso de Veículo Particular,12,Indenização por Uso de Veículo Particular,
2026,6,1117,405679,2026-06-01,13903.32,1.1,Crédito Mensal ou Ajuste,1,Créditos QBM,
2026,6,1117,405782,2026-06-19,-135.19,5.1,Material do Almoxarifado,5,Material de Expediente,
2026,6,1117,405783,2026-06-19,129.64,5.1,Material do Almoxarifado,5,Material de Expediente,
2026,6,1117,405785,2026-06-22,-31.88,5.1,Material do Almoxarifado,5,Material de Expediente,
2026,6,1117,405842,2026-06-30,-2774.33,12,Indenização por Uso de Veículo Particular,12,Indenização por Uso de Veículo Particular,
2026,6,1127,405668,2026-06-01,13903.32,1.1,Crédito Mensal ou Ajuste,1,Créditos QBM,
2026,6,1127,405710,2026-06-03,-372.0,2.1.10,Colorida,2,Reprografia,
2026,6,1127,405713,2026-06-08,-378.24,5.1,Material do Almoxarifado,5,Material de Expediente,
2026,6,1128,405682,2026-06-01,13903.32,1.1,Crédito Mensal ou Ajuste,1,Créditos QBM,
2026,6,1128,405728,2026-06-10,-4.65,2.1.10,Colorida,2,Reprografia,
2026,6,1128,405732,2026-06-10,-35.05,5.1,Material do Almoxarifado,5,Material de Expediente,
2026,6,1128,405738,2026-06-10,6.0,5.1,Material do Almoxarifado,5,Material de Expediente,
2026,6,1128,405776,2026-06-18,-3.1,2.1.10,Colorida,2,Reprografia,
2026,6,1128,405779,2026-06-18,-155.0,2.1.10,Colorida,2,Reprografia,
2026,6,1128,405801,2026-06-25,-6.2,2.1.10,Colorida,2,Reprografia,
2026,6,1128,405811,2026-06-26,-155.0,2.1.10,Colorida,2,Reprografia,
2026,6,1128,405816,2026-06-30,-606.05,2.1.10,Colorida,2,Reprografia,
2026,6,1128,405832,2026-06-30,-1573.71,12,Indenização por Uso de Veículo Particular,12,Indenização por Uso de Veículo Particular,
2026,6,1130,405684,2026-06-01,13903.32,1.1,Crédito Mensal ou Ajuste,1,Créditos QBM,
2026,6,1130,405694,2026-06-01,-29.45,2.1.10,Colorida,2,Reprografia,
2026,6,1130,405697,2026-06-02,-29.45,2.1.10,Colorida,2,Reprografia,
2026,6,1130,405714,2026-06-08,-113.15,2.1.10,Colorida,2,Reprografia,
2026,6,1130,405716,2026-06-08,-10.85,2.1.10,Colorida,2,Reprografia,
2026,6,1130,405717,2026-06-08,-1.55,2.1.10,Colorida,2,Reprografia,
2026,6,1130,405786,2026-06-22,-102.11,5.1,Material do Almoxarifado,5,Material de Expediente,
2026,6,1130,405823,2026-06-30,-2427.04,12,Indenização por Uso de Veículo Particular,12,Indenização por Uso de Veículo Particular,
2026,6,1141,405666,2026-06-01,13903.32,1.1,Crédito Mensal ou Ajuste,1,Créditos QBM,
2026,6,1141,405701,2026-06-03,-146.41,5.1,Material do Almoxarifado,5,Material de Expediente,
2026,6,1141,405722,2026-06-09,-3.1,2.1.10,Colorida,2,Reprografia,
2026,6,1141,405745,2026-06-11,-232.5,2.1.10,Colorida,2,Reprografia,
2026,6,1141,405751,2026-06-12,-62.0,2.1.10,Colorida,2,Reprografia,
2026,6,1141,405765,2026-06-16,-9.3,2.1.10,Colorida,2,Reprografia,
2026,6,1141,405771,2026-06-17,-21.7,2.1.10,Colorida,2,Reprografia,
2026,6,1141,405777,2026-06-18,-7.75,2.1.10,Colorida,2,Reprografia,
2026,6,1141,405830,2026-06-30,-442.54,12,Indenização por Uso de Veículo Particular,12,Indenização por Uso de Veículo Particular,
2026,6,1144,405660,2026-06-01,13903.32,1.1,Crédito Mensal ou Ajuste,1,Créditos QBM,
2026,6,1145,405680,2026-06-01,13903.32,1.1,Crédito Mensal ou Ajuste,1,Créditos QBM,
2026,6,1145,405733,2026-06-10,-12.4,2.1.10,Colorida,2,Reprografia,
2026,6,1145,405757,2026-06-15,-291.44,5.1,Material do Almoxarifado,5,Material de Expediente,
2026,6,1145,405798,2026-06-24,-193.75,2.1.10,Colorida,2,Reprografia,
2026,6,1145,405835,2026-06-30,-3770.55,12,Indenização por Uso de Veículo Particular,12,Indenização por Uso de Veículo Particular,
2026,6,1149,405669,2026-06-01,13903.32,1.1,Crédito Mensal ou Ajuste,1,Créditos QBM,
2026,6,1149,405696,2026-06-02,-27.01,5.1,Material do Almoxarifado,5,Material de Expediente,
2026,6,1149,405743,2026-06-11,-5.76,5.1,Material do Almoxarifado,5,Material de Expediente,
2026,6,1149,405817,2026-06-30,-7.75,2.1.10,Colorida,2,Reprografia,
2026,6,1149,405838,2026-06-30,-2722.73,12,Indenização por Uso de Veículo Particular,12,Indenização por Uso de Veículo Particular,
2026,6,1153,405678,2026-06-01,13903.32,1.1,Crédito Mensal ou Ajuste,1,Créditos QBM,
2026,6,1153,405734,2026-06-10,-164.68,5.1,Material do Almoxarifado,5,Material de Expediente,
2026,6,1153,405803,2026-06-25,-930.0,2.1.10,Colorida,2,Reprografia,
2026,6,1153,405806,2026-06-26,-52.04,5.1,Material do Almoxarifado,5,Material de Expediente,
2026,6,1153,405841,2026-06-30,-3770.55,12,Indenização por Uso de Veículo Particular,12,Indenização por Uso de Veículo Particular,
2026,6,1155,405659,2026-06-01,13903.32,1.1,Crédito Mensal ou Ajuste,1,Créditos QBM,
2026,6,1155,405781,2026-06-19,-139.49,5.1,Material do Almoxarifado,5,Material de Expediente,
2026,6,1155,405787,2026-06-22,-1.55,2.1.10,Colorida,2,Reprografia,
2026,6,1155,405824,2026-06-30,-3770.55,12,Indenização por Uso de Veículo Particular,12,Indenização por Uso de Veículo Particular,
2026,6,1157,405667,2026-06-01,13903.32,1.1,Crédito Mensal ou Ajuste,1,Créditos QBM,
2026,6,1157,405736,2026-06-11,-1.55,2.1.10,Colorida,2,Reprografia,
2026,6,1157,405775,2026-06-18,-77.5,2.1.10,Colorida,2,Reprografia,
2026,6,1157,405813,2026-06-30,-418.61,5.1,Material do Almoxarifado,5,Material de Expediente,
2026,6,1157,405828,2026-06-30,-1180.78,12,Indenização por Uso de Veículo Particular,12,Indenização por Uso de Veículo Particular,
2026,6,1160,405671,2026-06-01,13903.32,1.1,Crédito Mensal ou Ajuste,1,Créditos QBM,
2026,6,1160,405692,2026-06-01,-250.74,5.1,Material do Almoxarifado,5,Material de Expediente,
2026,6,1160,405756,2026-06-15,-27.9,2.1.10,Colorida,2,Reprografia,
2026,6,1160,405764,2026-06-16,-23.25,2.1.10,Colorida,2,Reprografia,
2026,6,1160,405769,2026-06-17,-116.25,2.1.10,Colorida,2,Reprografia,
2026,6,1160,405820,2026-06-30,-3770.55,12,Indenização por Uso de Veículo Particular,12,Indenização por Uso de Veículo Particular,
2026,6,1170,405674,2026-06-01,13903.32,1.1,Crédito Mensal ou Ajuste,1,Créditos QBM,
2026,6,1170,405690,2026-06-01,-1.55,2.1.10,Colorida,2,Reprografia,
2026,6,1170,405704,2026-06-03,-0.46,2.1.9,Preto e Branco,2,Reprografia,
2026,6,1170,405712,2026-06-08,-1.55,2.1.10,Colorida,2,Reprografia,
2026,6,1170,405720,2026-06-09,-165.5,5.1,Material do Almoxarifado,5,Material de Expediente,
2026,6,1170,405721,2026-06-09,-1.55,2.1.10,Colorida,2,Reprografia,
2026,6,1170,405741,2026-06-11,-38.75,2.1.10,Colorida,2,Reprografia,
2026,6,1170,405749,2026-06-12,-9.3,2.1.10,Colorida,2,Reprografia,
2026,6,1170,405754,2026-06-15,-3.1,2.1.10,Colorida,2,Reprografia,
2026,6,1170,405760,2026-06-16,-1.55,2.1.10,Colorida,2,Reprografia,
2026,6,1170,405768,2026-06-17,-3.1,2.1.10,Colorida,2,Reprografia,
2026,6,1170,405784,2026-06-19,-310.0,2.1.10,Colorida,2,Reprografia,
2026,6,1170,405837,2026-06-30,-3770.55,12,Indenização por Uso de Veículo Particular,12,Indenização por Uso de Veículo Particular,
2026,6,1176,405661,2026-06-01,13903.32,1.1,Crédito Mensal ou Ajuste,1,Créditos QBM,
2026,6,1176,405702,2026-06-03,-262.66,5.1,Material do Almoxarifado,5,Material de Expediente,
2026,6,1176,405707,2026-06-03,-114.7,2.1.10,Colorida,2,Reprografia,
2026,6,1176,405740,2026-06-11,-155.0,2.1.10,Colorida,2,Reprografia,
2026,6,1176,405744,2026-06-11,-310.0,2.1.10,Colorida,2,Reprografia,
2026,6,1176,405770,2026-06-17,-3.1,2.1.10,Colorida,2,Reprografia,
2026,6,1176,405772,2026-06-17,-6.2,2.1.10,Colorida,2,Reprografia,
2026,6,1213,405685,2026-06-01,13903.32,1.1,Crédito Mensal ou Ajuste,1,Créditos QBM,
2026,6,1213,405752,2026-06-15,-168.23,5.1,Material do Almoxarifado,5,Material de Expediente,
2026,6,1213,405762,2026-06-16,-314.02,5.1,Material do Almoxarifado,5,Material de Expediente,
2026,6,1213,405819,2026-06-30,-3722.92,12,Indenização por Uso de Veículo Particular,12,Indenização por Uso de Veículo Particular,
2026,6,1221,405665,2026-06-01,13903.32,1.1,Crédito Mensal ou Ajuste,1,Créditos QBM,
2026,6,1221,405700,2026-06-02,-3.1,2.1.10,Colorida,2,Reprografia,
2026,6,1221,405705,2026-06-03,-3.1,2.1.10,Colorida,2,Reprografia,
2026,6,1221,405708,2026-06-03,-65.1,2.1.10,Colorida,2,Reprografia,
2026,6,1221,405735,2026-06-10,-12.4,2.1.10,Colorida,2,Reprografia,
2026,6,1221,405793,2026-06-24,-3.1,2.1.10,Colorida,2,Reprografia,
2026,6,1240,405647,2026-06-01,13903.32,1.1,Crédito Mensal ou Ajuste,1,Créditos QBM,
2026,6,1240,405718,2026-06-09,-3.1,2.1.10,Colorida,2,Reprografia,
2026,6,1240,405724,2026-06-09,-15.5,2.1.10,Colorida,2,Reprografia,
2026,6,1240,405725,2026-06-09,-15.5,2.1.10,Colorida,2,Reprografia,
2026,6,1240,405731,2026-06-10,-1.7,5.1,Material do Almoxarifado,5,Material de Expediente,
2026,6,1240,405766,2026-06-17,-3.49,5.1,Material do Almoxarifado,5,Material de Expediente,
2026,6,1240,405767,2026-06-17,-53.24,5.1,Material do Almoxarifado,5,Material de Expediente,
2026,6,1240,405773,2026-06-17,-31.0,2.1.10,Colorida,2,Reprografia,
2026,6,1240,405789,2026-06-23,-6.45,5.1,Material do Almoxarifado,5,Material de Expediente,
2026,6,1240,405791,2026-06-23,-18.6,2.1.10,Colorida,2,Reprografia,
2026,6,1240,405794,2026-06-24,-8.08,5.1,Material do Almoxarifado,5,Material de Expediente,
2026,6,1250,405677,2026-06-01,13903.32,1.1,Crédito Mensal ou Ajuste,1,Créditos QBM,
2026,6,1250,405827,2026-06-30,-521.92,12,Indenização por Uso de Veículo Particular,12,Indenização por Uso de Veículo Particular,
2026,6,1258,405658,2026-06-01,13903.32,1.1,Crédito Mensal ou Ajuste,1,Créditos QBM,
2026,6,1258,405843,2026-06-30,-3254.58,12,Indenização por Uso de Veículo Particular,12,Indenização por Uso de Veículo Particular,
2026,6,1295,405643,2026-06-01,13903.32,1.1,Crédito Mensal ou Ajuste,1,Créditos QBM,
2026,6,1295,405774,2026-06-18,-143.9,5.1,Material do Almoxarifado,5,Material de Expediente,
2026,6,1295,405825,2026-06-30,-315.54,12,Indenização por Uso de Veículo Particular,12,Indenização por Uso de Veículo Particular,
2026,6,1296,405639,2026-06-01,13903.32,1.1,Crédito Mensal ou Ajuste,1,Créditos QBM,
2026,6,1296,405688,2026-06-01,-2.96,5.1,Material do Almoxarifado,5,Material de Expediente,
2026,6,1296,405709,2026-06-03,-3.1,2.1.10,Colorida,2,Reprografia,
2026,6,1296,405723,2026-06-09,-1.55,2.1.10,Colorida,2,Reprografia,
2026,6,1296,405748,2026-06-12,-100.75,2.1.10,Colorida,2,Reprografia,
2026,6,1296,405780,2026-06-18,-7.75,2.1.10,Colorida,2,Reprografia,
2026,6,1296,405834,2026-06-30,-446.51,12,Indenização por Uso de Veículo Particular,12,Indenização por Uso de Veículo Particular,
2026,6,1297,405635,2026-06-01,13903.32,1.1,Crédito Mensal ou Ajuste,1,Créditos QBM,
2026,6,1297,405711,2026-06-03,-54.7,5.1,Material do Almoxarifado,5,Material de Expediente,
2026,6,1297,405726,2026-06-10,-13.41,5.1,Material do Almoxarifado,5,Material de Expediente,
2026,6,1297,405755,2026-06-15,-6.0,5.1,Material do Almoxarifado,5,Material de Expediente,
2026,6,1298,405631,2026-06-01,13903.32,1.1,Crédito Mensal ou Ajuste,1,Créditos QBM,
2026,6,1298,405703,2026-06-03,-54.11,5.1,Material do Almoxarifado,5,Material de Expediente,
2026,6,1298,405750,2026-06-12,-6.2,2.1.10,Colorida,2,Reprografia,
2026,6,1298,405795,2026-06-24,-3.1,2.1.10,Colorida,2,Reprografia,
2026,6,1298,405814,2026-06-30,-6.2,2.1.10,Colorida,2,Reprografia,
2026,6,1298,405822,2026-06-30,-2603.66,12,Indenização por Uso de Veículo Particular,12,Indenização por Uso de Veículo Particular,
2026,6,1299,405640,2026-06-01,13903.32,1.1,Crédito Mensal ou Ajuste,1,Créditos QBM,
2026,6,1299,405727,2026-06-10,-775.0,2.1.10,Colorida,2,Reprografia,
2026,6,1299,405729,2026-06-10,-17.84,5.1,Material do Almoxarifado,5,Material de Expediente,
2026,6,1299,405797,2026-06-24,-4.6,2.1.9,Preto e Branco,2,Reprografia,
2026,6,1299,405802,2026-06-25,-74.84,5.1,Material do Almoxarifado,5,Material de Expediente,
2026,6,1300,405654,2026-06-01,13903.32,1.1,Crédito Mensal ou Ajuste,1,Créditos QBM,
2026,6,1300,405759,2026-06-16,-44.88,5.1,Material do Almoxarifado,5,Material de Expediente,
2026,6,1300,405807,2026-06-26,-77.5,2.1.10,Colorida,2,Reprografia,
2026,6,1300,405808,2026-06-26,-310.0,2.1.10,Colorida,2,Reprografia,
2026,6,1300,405809,2026-06-26,-310.0,2.1.10,Colorida,2,Reprografia,
2026,6,1300,405810,2026-06-26,310.0,2,Reprografia,2,Reprografia,
2026,6,1300,405839,2026-06-30,-3770.55,12,Indenização por Uso de Veículo Particular,12,Indenização por Uso de Veículo Particular,
2026,6,1302,405655,2026-06-01,13903.32,1.1,Crédito Mensal ou Ajuste,1,Créditos QBM,
2026,6,1302,405706,2026-06-03,-187.7,5.1,Material do Almoxarifado,5,Material de Expediente,
2026,6,1302,405737,2026-06-11,-3.1,2.1.10,Colorida,2,Reprografia,
2026,6,1302,405739,2026-06-11,-138.0,2.1.9,Preto e Branco,2,Reprografia,
2026,6,1302,405815,2026-06-30,-926.9,2.1.10,Colorida,2,Reprografia,
2026,6,1302,405831,2026-06-30,-2879.51,12,Indenização por Uso de Veículo Particular,12,Indenização por Uso de Veículo Particular,
2026,6,1305,405641,2026-06-01,13903.32,1.1,Crédito Mensal ou Ajuste,1,Créditos QBM,
2026,6,1305,405715,2026-06-08,-65.54,5.1,Material do Almoxarifado,5,Material de Expediente,
2026,6,1305,405792,2026-06-24,-77.3,5.1,Material do Almoxarifado,5,Material de Expediente,
2026,7,23,405912,2026-07-01,13903.32,1.1,Crédito Mensal ou Ajuste,1,Créditos QBM,
2026,7,23,405919,2026-07-01,-247.37,5.1,Material do Almoxarifado,5,Material de Expediente,
2026,7,23,406052,2026-07-31,-837.46,12,Indenização por Uso de Veículo Particular,12,Indenização por Uso de Veículo Particular,
2026,7,229,405913,2026-07-01,13903.32,1.1,Crédito Mensal ou Ajuste,1,Créditos QBM,
2026,7,229,405965,2026-07-10,-350.91,5.1,Material do Almoxarifado,5,Material de Expediente,
2026,7,229,406000,2026-07-21,-6.2,2.1.10,Colorida,2,Reprografia,
2026,7,229,406048,2026-07-31,-3647.51,12,Indenização por Uso de Veículo Particular,12,Indenização por Uso de Veículo Particular,
2026,7,232,405905,2026-07-01,13903.32,1.1,Crédito Mensal ou Ajuste,1,Créditos QBM,
2026,7,232,406049,2026-07-31,-2145.24,12,Indenização por Uso de Veículo Particular,12,Indenização por Uso de Veículo Particular,
2026,7,1058,405859,2026-07-01,13903.32,1.1,Crédito Mensal ou Ajuste,1,Créditos QBM,
2026,7,1058,406036,2026-07-31,-17.84,5.1,Material do Almoxarifado,5,Material de Expediente,
2026,7,1058,406040,2026-07-31,-1303.82,12,Indenização por Uso de Veículo Particular,12,Indenização por Uso de Veículo Particular,
2026,7,1067,405899,2026-07-01,13903.32,1.1,Crédito Mensal ou Ajuste,1,Créditos QBM,
2026,7,1067,405915,2026-07-01,-289.82,5.1,Material do Almoxarifado,5,Material de Expediente,
2026,7,1067,405917,2026-07-01,-15.5,2.1.10,Colorida,2,Reprografia,
2026,7,1067,405931,2026-07-06,-26.35,2.1.10,Colorida,2,Reprografia,
2026,7,1067,405966,2026-07-13,-15.5,2.1.10,Colorida,2,Reprografia,
2026,7,1067,405974,2026-07-13,-38.75,2.1.10,Colorida,2,Reprografia,
2026,7,1067,405975,2026-07-14,-24.8,2.1.10,Colorida,2,Reprografia,
2026,7,1067,405976,2026-07-14,-1.55,2.1.10,Colorida,2,Reprografia,
2026,7,1067,405977,2026-07-14,-1.55,2.1.10,Colorida,2,Reprografia,
2026,7,1067,405978,2026-07-14,-7.75,2.1.10,Colorida,2,Reprografia,
2026,7,1067,405983,2026-07-15,-1.55,2.1.10,Colorida,2,Reprografia,
2026,7,1067,405986,2026-07-15,-4.65,2.1.10,Colorida,2,Reprografia,
2026,7,1067,406003,2026-07-22,-15.5,2.1.10,Colorida,2,Reprografia,
2026,7,1067,406004,2026-07-22,-1.55,2.1.10,Colorida,2,Reprografia,
2026,7,1067,406011,2026-07-23,-4.65,2.1.10,Colorida,2,Reprografia,
2026,7,1067,406019,2026-07-27,-117.76,2.1.9,Preto e Branco,2,Reprografia,
2026,7,1067,406023,2026-07-28,-260.4,2.1.10,Colorida,2,Reprografia,
2026,7,1067,406026,2026-07-29,-3.1,2.1.10,Colorida,2,Reprografia,
2026,7,1067,406027,2026-07-29,-27.9,2.1.10,Colorida,2,Reprografia,
2026,7,1067,406031,2026-07-30,-9.3,2.1.10,Colorida,2,Reprografia,
2026,7,1067,406043,2026-07-31,-3770.55,12,Indenização por Uso de Veículo Particular,12,Indenização por Uso de Veículo Particular,
2026,7,1110,405989,2026-07-15,13903.32,1.1,Crédito Mensal ou Ajuste,1,Créditos QBM,
2026,7,1110,405990,2026-07-15,-100.17,5.1,Material do Almoxarifado,5,Material de Expediente,
2026,7,1110,405991,2026-07-16,-3.4,5.1,Material do Almoxarifado,5,Material de Expediente,
2026,7,1110,406025,2026-07-28,-18.8,5.1,Material do Almoxarifado,5,Material de Expediente,
2026,7,1110,406057,2026-07-31,-722.36,12,Indenização por Uso de Veículo Particular,12,Indenização por Uso de Veículo Particular,
2026,7,1113,405892,2026-07-01,13903.32,1.1,Crédito Mensal ou Ajuste,1,Créditos QBM,
2026,7,1115,405902,2026-07-01,13903.32,1.1,Crédito Mensal ou Ajuste,1,Créditos QBM,
2026,7,1115,405940,2026-07-06,-23.84,5.1,Material do Almoxarifado,5,Material de Expediente,
2026,7,1115,406046,2026-07-31,-1615.38,12,Indenização por Uso de Veículo Particular,12,Indenização por Uso de Veículo Particular,
2026,7,1117,405906,2026-07-01,13903.32,1.1,Crédito Mensal ou Ajuste,1,Créditos QBM,
2026,7,1117,405923,2026-07-02,-34.5,2.1.9,Preto e Branco,2,Reprografia,
2026,7,1127,405889,2026-07-01,13903.32,1.1,Crédito Mensal ou Ajuste,1,Créditos QBM,
2026,7,1127,405967,2026-07-13,-0.46,2.1.9,Preto e Branco,2,Reprografia,
2026,7,1128,405908,2026-07-01,13903.32,1.1,Crédito Mensal ou Ajuste,1,Créditos QBM,
2026,7,1128,405961,2026-07-09,-108.5,2.1.10,Colorida,2,Reprografia,
2026,7,1128,405964,2026-07-10,-31.0,2.1.10,Colorida,2,Reprografia,
2026,7,1128,405969,2026-07-13,-15.5,2.1.10,Colorida,2,Reprografia,
2026,7,1128,405984,2026-07-15,-100.75,2.1.10,Colorida,2,Reprografia,
2026,7,1128,406038,2026-07-31,-3.1,2.1.10,Colorida,2,Reprografia,
2026,7,1128,406059,2026-07-31,-2042.05,12,Indenização por Uso de Veículo Particular,12,Indenização por Uso de Veículo Particular,
2026,7,1130,405911,2026-07-01,13903.32,1.1,Crédito Mensal ou Ajuste,1,Créditos QBM,
2026,7,1130,406055,2026-07-31,-2431.01,12,Indenização por Uso de Veículo Particular,12,Indenização por Uso de Veículo Particular,
2026,7,1141,405893,2026-07-01,13903.32,1.1,Crédito Mensal ou Ajuste,1,Créditos QBM,
2026,7,1141,405937,2026-07-06,-319.91,5.1,Material do Almoxarifado,5,Material de Expediente,
2026,7,1141,405948,2026-07-07,-13.95,2.1.10,Colorida,2,Reprografia,
2026,7,1141,405951,2026-07-07,-4.65,2.1.10,Colorida,2,Reprografia,
2026,7,1141,405972,2026-07-13,-474.3,2.1.10,Colorida,2,Reprografia,
2026,7,1141,405973,2026-07-13,-70.38,2.1.9,Preto e Branco,2,Reprografia,
2026,7,1141,405985,2026-07-15,-26.35,2.1.10,Colorida,2,Reprografia,
2026,7,1141,405993,2026-07-16,-18.69,5.1,Material do Almoxarifado,5,Material de Expediente,
2026,7,1141,405995,2026-07-17,-10.85,2.1.10,Colorida,2,Reprografia,
2026,7,1141,406009,2026-07-23,-3.1,2.1.10,Colorida,2,Reprografia,
2026,7,1141,406010,2026-07-23,-54.25,2.1.10,Colorida,2,Reprografia,
2026,7,1141,406012,2026-07-23,-74.4,2.1.10,Colorida,2,Reprografia,
2026,7,1141,406014,2026-07-23,-79.38,5.1,Material do Almoxarifado,5,Material de Expediente,
2026,7,1141,406044,2026-07-31,-381.02,12,Indenização por Uso de Veículo Particular,12,Indenização por Uso de Veículo Particular,
2026,7,1144,405897,2026-07-01,13903.32,1.1,Crédito Mensal ou Ajuste,1,Créditos QBM,
2026,7,1145,405909,2026-07-01,13903.32,1.1,Crédito Mensal ou Ajuste,1,Créditos QBM,
2026,7,1145,405954,2026-07-09,-392.61,5.1,Material do Almoxarifado,5,Material de Expediente,
2026,7,1145,406013,2026-07-23,-46.5,2.1.10,Colorida,2,Reprografia,
2026,7,1145,406054,2026-07-31,-3770.55,12,Indenização por Uso de Veículo Particular,12,Indenização por Uso de Veículo Particular,
2026,7,1149,405896,2026-07-01,13903.32,1.1,Crédito Mensal ou Ajuste,1,Créditos QBM,
2026,7,1149,405943,2026-07-06,-44.84,5.1,Material do Almoxarifado,5,Material de Expediente,
2026,7,1149,406047,2026-07-31,-2853.71,12,Indenização por Uso de Veículo Particular,12,Indenização por Uso de Veículo Particular,
2026,7,1153,405907,2026-07-01,13903.32,1.1,Crédito Mensal ou Ajuste,1,Créditos QBM,
2026,7,1153,405916,2026-07-01,-130.14,5.1,Material do Almoxarifado,5,Material de Expediente,
2026,7,1153,406051,2026-07-31,-2966.83,12,Indenização por Uso de Veículo Particular,12,Indenização por Uso de Veículo Particular,
2026,7,1155,405884,2026-07-01,13903.32,1.1,Crédito Mensal ou Ajuste,1,Créditos QBM,
2026,7,1157,405895,2026-07-01,13903.32,1.1,Crédito Mensal ou Ajuste,1,Créditos QBM,
2026,7,1157,405941,2026-07-06,-1.55,2.1.10,Colorida,2,Reprografia,
2026,7,1157,405979,2026-07-14,-310.0,2.1.10,Colorida,2,Reprografia,
2026,7,1157,405981,2026-07-15,-321.14,5.1,Material do Almoxarifado,5,Material de Expediente,
2026,7,1157,405996,2026-07-20,-1.84,2.1.9,Preto e Branco,2,Reprografia,
2026,7,1157,405997,2026-07-20,-1.84,2.1.9,Preto e Branco,2,Reprografia,
2026,7,1157,406006,2026-07-22,-1.55,2.1.10,Colorida,2,Reprografia,
2026,7,1157,406020,2026-07-27,-310.0,2.1.10,Colorida,2,Reprografia,
2026,7,1157,406021,2026-07-27,-2.76,2.1.9,Preto e Branco,2,Reprografia,
2026,7,1157,406041,2026-07-31,-1016.06,12,Indenização por Uso de Veículo Particular,12,Indenização por Uso de Veículo Particular,
2026,7,1160,405898,2026-07-01,13903.32,1.1,Crédito Mensal ou Ajuste,1,Créditos QBM,
2026,7,1160,405933,2026-07-06,-235.48,5.1,Material do Almoxarifado,5,Material de Expediente,
2026,7,1160,405963,2026-07-10,-310.0,2.1.10,Colorida,2,Reprografia,
2026,7,1160,406001,2026-07-21,-121.03,5.1,Material do Almoxarifado,5,Material de Expediente,
2026,7,1160,406053,2026-07-31,-3770.55,12,Indenização por Uso de Veículo Particular,12,Indenização por Uso de Veículo Particular,
2026,7,1170,405903,2026-07-01,13903.32,1.1,Crédito Mensal ou Ajuste,1,Créditos QBM,
2026,7,1170,405929,2026-07-06,-3.1,2.1.10,Colorida,2,Reprografia,
2026,7,1170,405930,2026-07-06,-203.05,2.1.10,Colorida,2,Reprografia,
2026,7,1170,405936,2026-07-06,-34.1,2.1.10,Colorida,2,Reprografia,
2026,7,1170,405938,2026-07-06,-3.1,2.1.10,Colorida,2,Reprografia,
2026,7,1170,405944,2026-07-06,-9.3,2.1.10,Colorida,2,Reprografia,
2026,7,1170,405946,2026-07-07,-57.34,5.1,Material do Almoxarifado,5,Material de Expediente,
2026,7,1170,405994,2026-07-17,-31.0,2.1.10,Colorida,2,Reprografia,
2026,7,1170,406008,2026-07-23,-46.5,2.1.10,Colorida,2,Reprografia,
2026,7,1170,406062,2026-07-31,-3770.55,12,Indenização por Uso de Veículo Particular,12,Indenização por Uso de Veículo Particular,
2026,7,1176,405888,2026-07-01,13903.32,1.1,Crédito Mensal ou Ajuste,1,Créditos QBM,
2026,7,1176,405918,2026-07-01,-113.01,5.1,Material do Almoxarifado,5,Material de Expediente,
2026,7,1176,405920,2026-07-01,-3.1,2.1.10,Colorida,2,Reprografia,
2026,7,1176,405928,2026-07-03,-3.1,2.1.10,Colorida,2,Reprografia,
2026,7,1176,405932,2026-07-06,-2.3,2.1.9,Preto e Branco,2,Reprografia,
2026,7,1176,405939,2026-07-06,-69.41,5.1,Material do Almoxarifado,5,Material de Expediente,
2026,7,1176,405957,2026-07-09,-6.2,2.1.10,Colorida,2,Reprografia,
2026,7,1176,405968,2026-07-13,-6.2,2.1.10,Colorida,2,Reprografia,
2026,7,1176,405998,2026-07-20,-52.7,2.1.10,Colorida,2,Reprografia,
2026,7,1176,406042,2026-07-31,-1297.86,12,Indenização por Uso de Veículo Particular,12,Indenização por Uso de Veículo Particular,
2026,7,1213,405910,2026-07-01,13903.32,1.1,Crédito Mensal ou Ajuste,1,Créditos QBM,
2026,7,1213,405934,2026-07-06,-32.55,2.1.10,Colorida,2,Reprografia,
2026,7,1213,405942,2026-07-06,-40.3,2.1.10,Colorida,2,Reprografia,
2026,7,1213,405962,2026-07-09,-17.84,5.1,Material do Almoxarifado,5,Material de Expediente,
2026,7,1213,406045,2026-07-31,-3605.84,12,Indenização por Uso de Veículo Particular,12,Indenização por Uso de Veículo Particular,
2026,7,1221,405894,2026-07-01,13903.32,1.1,Crédito Mensal ou Ajuste,1,Créditos QBM,
2026,7,1240,405877,2026-07-01,13903.32,1.1,Crédito Mensal ou Ajuste,1,Créditos QBM,
2026,7,1240,405953,2026-07-09,-9.61,5.1,Material do Almoxarifado,5,Material de Expediente,
2026,7,1240,405988,2026-07-15,-12.4,2.1.10,Colorida,2,Reprografia,
2026,7,1240,406028,2026-07-29,-8.92,5.1,Material do Almoxarifado,5,Material de Expediente,
2026,7,1240,406030,2026-07-29,-29.45,2.1.10,Colorida,2,Reprografia,
2026,7,1240,406033,2026-07-30,-2.6,5.1,Material do Almoxarifado,5,Material de Expediente,
2026,7,1240,406037,2026-07-31,-49.7,5.1,Material do Almoxarifado,5,Material de Expediente,
2026,7,1240,406056,2026-07-31,-230.2,12,Indenização por Uso de Veículo Particular,12,Indenização por Uso de Veículo Particular,
2026,7,1250,405904,2026-07-01,13903.32,1.1,Crédito Mensal ou Ajuste,1,Créditos QBM,
2026,7,1250,405950,2026-07-07,-59.19,5.1,Material do Almoxarifado,5,Material de Expediente,
2026,7,1250,406058,2026-07-31,-527.88,12,Indenização por Uso de Veículo Particular,12,Indenização por Uso de Veículo Particular,
2026,7,1258,405885,2026-07-01,13903.32,1.1,Crédito Mensal ou Ajuste,1,Créditos QBM,
2026,7,1258,405945,2026-07-07,-219.3,5.1,Material do Almoxarifado,5,Material de Expediente,
2026,7,1258,405970,2026-07-13,-11.04,2.1.9,Preto e Branco,2,Reprografia,
2026,7,1258,406039,2026-07-31,-3675.29,12,Indenização por Uso de Veículo Particular,12,Indenização por Uso de Veículo Particular,
2026,7,1295,405872,2026-07-01,13903.32,1.1,Crédito Mensal ou Ajuste,1,Créditos QBM,
2026,7,1295,405921,2026-07-02,-59.05,5.1,Material do Almoxarifado,5,Material de Expediente,
2026,7,1295,406022,2026-07-28,-72.54,5.1,Material do Almoxarifado,5,Material de Expediente,
2026,7,1296,405865,2026-07-01,13903.32,1.1,Crédito Mensal ou Ajuste,1,Créditos QBM,
2026,7,1296,405959,2026-07-09,-63.62,5.1,Material do Almoxarifado,5,Material de Expediente,
2026,7,1296,406017,2026-07-27,-98.0,5.1,Material do Almoxarifado,5,Material de Expediente,
2026,7,1296,406018,2026-07-27,-74.65,5.1,Material do Almoxarifado,5,Material de Expediente,
2026,7,1296,406050,2026-07-31,-254.02,12,Indenização por Uso de Veículo Particular,12,Indenização por Uso de Veículo Particular,
2026,7,1297,405862,2026-07-01,13903.32,1.1,Crédito Mensal ou Ajuste,1,Créditos QBM,
2026,7,1297,405982,2026-07-15,-1.55,2.1.10,Colorida,2,Reprografia,
2026,7,1297,405987,2026-07-15,-1.55,2.1.10,Colorida,2,Reprografia,
2026,7,1297,405992,2026-07-16,-120.9,2.1.10,Colorida,2,Reprografia,
2026,7,1298,405856,2026-07-01,13903.32,1.1,Crédito Mensal ou Ajuste,1,Créditos QBM,
2026,7,1298,406016,2026-07-27,-54.11,5.1,Material do Almoxarifado,5,Material de Expediente,
2026,7,1298,406063,2026-07-31,-2500.47,12,Indenização por Uso de Veículo Particular,12,Indenização por Uso de Veículo Particular,
2026,7,1299,405869,2026-07-01,13903.32,1.1,Crédito Mensal ou Ajuste,1,Créditos QBM,
2026,7,1299,406024,2026-07-28,-1.38,2.1.9,Preto e Branco,2,Reprografia,
2026,7,1300,405883,2026-07-01,13903.32,1.1,Crédito Mensal ou Ajuste,1,Créditos QBM,
2026,7,1300,405914,2026-07-01,-26.76,5.1,Material do Almoxarifado,5,Material de Expediente,
2026,7,1300,405927,2026-07-03,-10.85,2.1.10,Colorida,2,Reprografia,
2026,7,1300,405947,2026-07-07,-1.55,2.1.10,Colorida,2,Reprografia,
2026,7,1300,405949,2026-07-07,-1.55,2.1.10,Colorida,2,Reprografia,
2026,7,1300,405956,2026-07-09,-3.1,2.1.10,Colorida,2,Reprografia,
2026,7,1300,405999,2026-07-21,-57.96,5.1,Material do Almoxarifado,5,Material de Expediente,
2026,7,1300,406061,2026-07-31,-3770.55,12,Indenização por Uso de Veículo Particular,12,Indenização por Uso de Veículo Particular,
2026,7,1302,405882,2026-07-01,13903.32,1.1,Crédito Mensal ou Ajuste,1,Créditos QBM,
2026,7,1302,405922,2026-07-02,-99.64,5.1,Material do Almoxarifado,5,Material de Expediente,
2026,7,1302,405924,2026-07-02,-27.9,2.1.10,Colorida,2,Reprografia,
2026,7,1302,405925,2026-07-02,-27.9,2.1.10,Colorida,2,Reprografia,
2026,7,1302,405926,2026-07-02,-27.9,2.1.10,Colorida,2,Reprografia,
2026,7,1302,405960,2026-07-09,-232.5,2.1.10,Colorida,2,Reprografia,
2026,7,1302,405971,2026-07-13,-91.45,2.1.10,Colorida,2,Reprografia,
2026,7,1302,406015,2026-07-23,-1.55,2.1.10,Colorida,2,Reprografia,
2026,7,1302,406034,2026-07-30,-520.8,2.1.10,Colorida,2,Reprografia,
2026,7,1302,406035,2026-07-30,-1.38,2.1.9,Preto e Branco,2,Reprografia,
2026,7,1302,406060,2026-07-31,-3107.73,12,Indenização por Uso de Veículo Particular,12,Indenização por Uso de Veículo Particular,
2026,7,1305,405868,2026-07-01,13903.32,1.1,Crédito Mensal ou Ajuste,1,Créditos QBM,
2026,7,1305,406005,2026-07-22,-103.85,2.1.10,Colorida,2,Reprografia,
2026,7,1305,406007,2026-07-22,-77.51,5.1,Material do Almoxarifado,5,Material de Expediente,
2026,8,23,406129,2026-08-01,13903.32,1.1,Crédito Mensal ou Ajuste,1,Créditos QBM,
2026,8,23,406191,2026-08-31,-1047.82,12,Indenização por Uso de Veículo Particular,12,Indenização por Uso de Veículo Particular,
2026,8,229,406131,2026-08-01,13903.32,1.1,Crédito Mensal ou Ajuste,1,Créditos QBM,
2026,8,229,406200,2026-08-31,-3111.7,12,Indenização por Uso de Veículo Particular,12,Indenização por Uso de Veículo Particular,
2026,8,232,406123,2026-08-01,13903.32,1.1,Crédito Mensal ou Ajuste,1,Créditos QBM,
2026,8,232,406206,2026-08-31,-2442.92,12,Indenização por Uso de Veículo Particular,12,Indenização por Uso de Veículo Particular,
2026,8,1058,406077,2026-08-01,13903.32,1.1,Crédito Mensal ou Ajuste,1,Créditos QBM,
2026,8,1058,406192,2026-08-31,-1311.75,12,Indenização por Uso de Veículo Particular,12,Indenização por Uso de Veículo Particular,
2026,8,1067,406117,2026-08-01,13903.32,1.1,Crédito Mensal ou Ajuste,1,Créditos QBM,
2026,8,1067,406136,2026-08-03,-199.3,5.1,Material do Almoxarifado,5,Material de Expediente,
2026,8,1067,406137,2026-08-03,199.3,5.1,Material do Almoxarifado,5,Material de Expediente,
2026,8,1067,406149,2026-08-05,-41.85,2.1.10,Colorida,2,Reprografia,
2026,8,1067,406150,2026-08-06,-12.4,2.1.10,Colorida,2,Reprografia,
2026,8,1067,406151,2026-08-06,-12.4,2.1.10,Colorida,2,Reprografia,
2026,8,1067,406155,2026-08-10,-31.0,2.1.10,Colorida,2,Reprografia,
2026,8,1067,406165,2026-08-18,-1.55,2.1.10,Colorida,2,Reprografia,
2026,8,1067,406176,2026-08-27,-275.9,2.1.10,Colorida,2,Reprografia,
2026,8,1067,406202,2026-08-31,-3770.55,12,Indenização por Uso de Veículo Particular,12,Indenização por Uso de Veículo Particular,
2026,8,1110,406130,2026-08-01,13903.32,1.1,Crédito Mensal ou Ajuste,1,Créditos QBM,
2026,8,1110,406196,2026-08-31,-718.39,12,Indenização por Uso de Veículo Particular,12,Indenização por Uso de Veículo Particular,
2026,8,1113,406109,2026-08-01,13903.32,1.1,Crédito Mensal ou Ajuste,1,Créditos QBM,
2026,8,1115,406120,2026-08-01,13903.32,1.1,Crédito Mensal ou Ajuste,1,Créditos QBM,
2026,8,1115,406168,2026-08-19,-193.75,2.1.10,Colorida,2,Reprografia,
2026,8,1117,406125,2026-08-01,13903.32,1.1,Crédito Mensal ou Ajuste,1,Créditos QBM,
2026,8,1117,406167,2026-08-19,-9.3,2.1.10,Colorida,2,Reprografia,
2026,8,1127,406114,2026-08-01,13903.32,1.1,Crédito Mensal ou Ajuste,1,Créditos QBM,
2026,8,1128,406128,2026-08-01,13903.32,1.1,Crédito Mensal ou Ajuste,1,Créditos QBM,
2026,8,1128,406156,2026-08-11,-155.0,2.1.10,Colorida,2,Reprografia,
2026,8,1128,406160,2026-08-12,-155.0,2.1.10,Colorida,2,Reprografia,
2026,8,1128,406169,2026-08-20,-186.0,2.1.10,Colorida,2,Reprografia,
2026,8,1128,406172,2026-08-26,-44.95,2.1.10,Colorida,2,Reprografia,
2026,8,1128,406180,2026-08-28,-77.5,2.1.10,Colorida,2,Reprografia,
2026,8,1128,406189,2026-08-31,-2556.04,12,Indenização por Uso de Veículo Particular,12,Indenização por Uso de Veículo Particular,
2026,8,1130,406134,2026-08-01,13903.32,1.1,Crédito Mensal ou Ajuste,1,Créditos QBM,
2026,8,1130,406204,2026-08-31,-980.34,12,Indenização por Uso de Veículo Particular,12,Indenização por Uso de Veículo Particular,
2026,8,1141,406115,2026-08-01,13903.32,1.1,Crédito Mensal ou Ajuste,1,Créditos QBM,
2026,8,1141,406164,2026-08-17,-1.55,2.1.10,Colorida,2,Reprografia,
2026,8,1141,406190,2026-08-31,-446.51,12,Indenização por Uso de Veículo Particular,12,Indenização por Uso de Veículo Particular,
2026,8,1144,406119,2026-08-01,13903.32,1.1,Crédito Mensal ou Ajuste,1,Créditos QBM,
2026,8,1145,406124,2026-08-01,13903.32,1.1,Crédito Mensal ou Ajuste,1,Créditos QBM,
2026,8,1145,406145,2026-08-03,-38.75,2.1.10,Colorida,2,Reprografia,
2026,8,1145,406178,2026-08-27,-6.2,2.1.10,Colorida,2,Reprografia,
2026,8,1145,406179,2026-08-28,-6.2,2.1.10,Colorida,2,Reprografia,
2026,8,1145,406182,2026-08-28,-124.0,2.1.10,Colorida,2,Reprografia,
2026,8,1145,406184,2026-08-31,124.0,2,Reprografia,2,Reprografia,
2026,8,1145,406193,2026-08-31,-3770.55,12,Indenização por Uso de Veículo Particular,12,Indenização por Uso de Veículo Particular,
2026,8,1149,406111,2026-08-01,13903.32,1.1,Crédito Mensal ou Ajuste,1,Créditos QBM,
2026,8,1149,406195,2026-08-31,-2829.9,12,Indenização por Uso de Veículo Particular,12,Indenização por Uso de Veículo Particular,
2026,8,1153,406126,2026-08-01,13903.32,1.1,Crédito Mensal ou Ajuste,1,Créditos QBM,
2026,8,1153,406154,2026-08-10,-37.2,2.1.10,Colorida,2,Reprografia,
2026,8,1153,406197,2026-08-31,-2109.52,12,Indenização por Uso de Veículo Particular,12,Indenização por Uso de Veículo Particular,
2026,8,1155,406104,2026-08-01,13903.32,1.1,Crédito Mensal ou Ajuste,1,Créditos QBM,
2026,8,1155,406185,2026-08-31,-2345.68,12,Indenização por Uso de Veículo Particular,12,Indenização por Uso de Veículo Particular,
2026,8,1157,406113,2026-08-01,13903.32,1.1,Crédito Mensal ou Ajuste,1,Créditos QBM,
2026,8,1157,406135,2026-08-03,-24.8,2.1.10,Colorida,2,Reprografia,
2026,8,1157,406146,2026-08-04,-515.81,5.1,Material do Almoxarifado,5,Material de Expediente,
2026,8,1157,406147,2026-08-04,515.81,5.1,Material do Almoxarifado,5,Material de Expediente,
2026,8,1157,406161,2026-08-12,-65.1,2.1.10,Colorida,2,Reprografia,
2026,8,1160,406118,2026-08-01,13903.32,1.1,Crédito Mensal ou Ajuste,1,Créditos QBM,
2026,8,1160,406153,2026-08-10,-12.4,2.1.10,Colorida,2,Reprografia,
2026,8,1160,406194,2026-08-31,-3770.55,12,Indenização por Uso de Veículo Particular,12,Indenização por Uso de Veículo Particular,
2026,8,1170,406122,2026-08-01,13903.32,1.1,Crédito Mensal ou Ajuste,1,Créditos QBM,
2026,8,1170,406199,2026-08-31,-3770.55,12,Indenização por Uso de Veículo Particular,12,Indenização por Uso de Veículo Particular,
2026,8,1176,406102,2026-08-01,13903.32,1.1,Crédito Mensal ou Ajuste,1,Créditos QBM,
2026,8,1176,406157,2026-08-11,-223.2,2.1.10,Colorida,2,Reprografia,
2026,8,1176,406158,2026-08-11,-0.46,2.1.9,Preto e Branco,2,Reprografia,
2026,8,1176,406159,2026-08-11,-1.55,2.1.10,Colorida,2,Reprografia,
2026,8,1176,406183,2026-08-31,-124.0,2.1.10,Colorida,2,Reprografia,
2026,8,1176,406188,2026-08-31,-1460.59,12,Indenização por Uso de Veículo Particular,12,Indenização por Uso de Veículo Particular,
2026,8,1213,406133,2026-08-01,13903.32,1.1,Crédito Mensal ou Ajuste,1,Créditos QBM,
2026,8,1221,406116,2026-08-01,13903.32,1.1,Crédito Mensal ou Ajuste,1,Créditos QBM,
2026,8,1240,406096,2026-08-01,13903.32,1.1,Crédito Mensal ou Ajuste,1,Créditos QBM,
2026,8,1240,406138,2026-08-03,-67.47,5.1,Material do Almoxarifado,5,Material de Expediente,
2026,8,1240,406139,2026-08-03,67.47,5.1,Material do Almoxarifado,5,Material de Expediente,
2026,8,1240,406140,2026-08-03,-20.0,5.1,Material do Almoxarifado,5,Material de Expediente,
2026,8,1240,406141,2026-08-03,20.0,5.1,Material do Almoxarifado,5,Material de Expediente,
2026,8,1240,406142,2026-08-03,20.0,5.1,Material do Almoxarifado,5,Material de Expediente,
2026,8,1240,406171,2026-08-25,-1.55,2.1.10,Colorida,2,Reprografia,
2026,8,1250,406127,2026-08-01,13903.32,1.1,Crédito Mensal ou Ajuste,1,Créditos QBM,
2026,8,1258,406105,2026-08-01,13903.32,1.1,Crédito Mensal ou Ajuste,1,Créditos QBM,
2026,8,1258,406162,2026-08-12,-31.0,2.1.10,Colorida,2,Reprografia,
2026,8,1258,406201,2026-08-31,-3294.27,12,Indenização por Uso de Veículo Particular,12,Indenização por Uso de Veículo Particular,
2026,8,1295,406090,2026-08-01,13903.32,1.1,Crédito Mensal ou Ajuste,1,Créditos QBM,
2026,8,1295,406143,2026-08-03,-119.94,5.1,Material do Almoxarifado,5,Material de Expediente,
2026,8,1295,406144,2026-08-03,119.94,5.1,Material do Almoxarifado,5,Material de Expediente,
2026,8,1295,406186,2026-08-31,-541.77,12,Indenização por Uso de Veículo Particular,12,Indenização por Uso de Veículo Particular,
2026,8,1296,406086,2026-08-01,13903.32,1.1,Crédito Mensal ou Ajuste,1,Créditos QBM,
2026,8,1296,406203,2026-08-31,-202.42,12,Indenização por Uso de Veículo Particular,12,Indenização por Uso de Veículo Particular,
2026,8,1297,406078,2026-08-01,13903.32,1.1,Crédito Mensal ou Ajuste,1,Créditos QBM,
2026,8,1297,406148,2026-08-05,-32.43,2.1.9,Preto e Branco,2,Reprografia,
2026,8,1297,406173,2026-08-26,-9.3,2.1.10,Colorida,2,Reprografia,
2026,8,1297,406174,2026-08-26,-50.37,2.1.9,Preto e Branco,2,Reprografia,
2026,8,1297,406175,2026-08-26,-62.0,2.1.10,Colorida,2,Reprografia,
2026,8,1297,406181,2026-08-28,-1.55,2.1.10,Colorida,2,Reprografia,
2026,8,1298,406082,2026-08-01,13903.32,1.1,Crédito Mensal ou Ajuste,1,Créditos QBM,
2026,8,1298,406152,2026-08-10,-1.84,2.1.9,Preto e Branco,2,Reprografia,
2026,8,1299,406089,2026-08-01,13903.32,1.1,Crédito Mensal ou Ajuste,1,Créditos QBM,
2026,8,1299,406187,2026-08-31,-186.54,12,Indenização por Uso de Veículo Particular,12,Indenização por Uso de Veículo Particular,
2026,8,1300,406103,2026-08-01,13903.32,1.1,Crédito Mensal ou Ajuste,1,Créditos QBM,
2026,8,1300,406177,2026-08-27,-9.3,2.1.10,Colorida,2,Reprografia,
2026,8,1300,406198,2026-08-31,-3770.55,12,Indenização por Uso de Veículo Particular,12,Indenização por Uso de Veículo Particular,
2026,8,1302,406108,2026-08-01,13903.32,1.1,Crédito Mensal ou Ajuste,1,Créditos QBM,
2026,8,1302,406163,2026-08-14,-217.0,2.1.10,Colorida,2,Reprografia,
2026,8,1302,406170,2026-08-21,-54.25,2.1.10,Colorida,2,Reprografia,
2026,8,1302,406205,2026-08-31,-3451.05,12,Indenização por Uso de Veículo Particular,12,Indenização por Uso de Veículo Particular,
2026,8,1305,406087,2026-08-01,13903.32,1.1,Crédito Mensal ou Ajuste,1,Créditos QBM,
2026,8,1305,406166,2026-08-18,-9.3,2.1.10,Colorida,2,Reprografia,
