id_deputado,ano,mes,valor
62881,2023,1,39293.32
62881,2023,2,39293.32
62881,2023,3,39293.32
62881,2023,4,41650.92
62881,2023,5,41650.92
62881,2023,6,41650.92
62881,2023,7,41650.92
62881,2023,8,41650.92
62881,2023,9,41650.92
62881,2023,10,41650.92
62881,2023,11,41650.92
62881,2023,12,41650.92
62881,2024,1,41650.92
62881,2024,2,44008.52
62881,2024,3,44008.52
62881,2024,4,44008.52
62881,2024,5,44008.52
62881,2024,6,44008.52
62881,2024,7,44008.52
62881,2024,8,44008.52
62881,2024,9,44008.52
62881,2024,10,44008.52
62881,2024,11,44008.52
62881,2024,12,44008.52
62881,2025,1,44008.52
62881,2025,2,46366.19
62881,2025,3,46366.19
62881,2025,4,46366.19
62881,2025,5,46366.19
62881,2025,6,46366.19
62881,2025,7,46366.19
62881,2025,8,46366.19
62881,2025,9,46366.19
62881,2025,10,46366.19
62881,2025,11,46366.19
62881,2025,12,46366.19
62881,2026,1,46366.19
62881,2026,2,46366.19
62881,2026,3,46366.19
62881,2026,4,46366.19
62881,2026,5,46366.19
62881,2026,6,46366.19
62881,2026,7,46366.19
62881,2026,8,46366.19
62881,2026,9,46366.19
66385,2023,2,39293.32
66385,2023,3,39293.32
66385,2023,4,41650.92
66385,2023,5,41650.92
66385,2023,6,41650.92
66385,2023,7,41650.92
66385,2023,8,41650.92
66385,2023,9,41650.92
66385,2023,10,41650.92
66385,2023,11,41650.92
66385,2023,12,41650.92
66385,2024,1,41650.92
66385,2024,2,44008.52
66385,2024,3,44008.52
66385,2024,4,44008.52
66385,2024,5,44008.52
66385,2024,6,44008.52
66385,2024,7,44008.52
66385,2024,8,44008.52
66385,2024,9,44008.52
66385,2024,10,44008.52
66385,2024,11,44008.52
66385,2024,12,44008.52
66385,2025,1,44008.52
66385,2025,2,46366.19
66385,2025,3,46366.19
66385,2025,4,46366.19
66385,2025,5,46366.19
66385,2025,6,46366.19
66385,2025,7,46366.19
66385,2025,8,46366.19
66385,2025,9,46366.19
66385,2025,10,46366.19
66385,2025,11,46366.19
66385,2025,12,46366.19
66385,2026,1,46366.19
66385,2026,2,46366.19
66385,2026,3,46366.19
66385,2026,4,46366.19
66385,2026,5,46366.19
66385,2026,6,46366.19
66385,2026,7,46366.19
66385,2026,8,46366.19
66385,2026,9,46366.19
66828,2023,1,39293.32
66828,2023,2,39293.32
66828,2023,3,39293.32
66828,2023,4,41650.92
66828,2023,5,41650.92
66828,2023,6,41650.92
66828,2023,7,41650.92
66828,2023,8,41650.92
66828,2023,9,41650.92
66828,2023,10,41650.92
66828,2023,11,41650.92
66828,2023,12,41650.92
66828,2024,1,41650.92
66828,2024,2,44008.52
66828,2024,3,44008.52
66828,2024,4,44008.52
66828,2024,5,44008.52
66828,2024,6,44008.52
66828,2024,7,44008.52
66828,2024,8,44008.52
66828,2024,9,44008.52
66828,2024,10,44008.52
66828,2024,11,44008.52
66828,2024,12,44008.52
66828,2025,1,44008.52
66828,2025,2,46366.19
66828,2025,3,46366.19
66828,2025,4,46366.19
66828,2025,5,46366.19
66828,2025,6,46366.19
66828,2025,7,46366.19
66828,2025,8,46366.19
66828,2025,9,46366.19
66828,2025,10,46366.19
66828,2025,11,46366.19
66828,2025,12,46366.19
66828,2026,1,46366.19
66828,2026,2,46366.19
66828,2026,3,46366.19
66828,2026,4,46366.19
66828,2026,5,46366.19
66828,2026,6,46366.19
66828,2026,7,46366.19
66828,2026,8,46366.19
66828,2026,9,46366.19
68720,2023,1,39293.32
68720,2024,7,33739.87
68720,2024,8,44008.52
68720,2024,9,44008.52
68720,2024,10,44008.52
68720,2024,11,2933.9
68720,2024,12,0.0
69871,2023,1,39293.32
69871,2023,2,39293.32
69871,2023,3,39293.32
69871,2023,4,41650.92
69871,2023,5,41650.92
69871,2023,6,41650.92
69871,2023,7,41650.92
69871,2023,8,41650.92
69871,2023,9,41650.92
69871,2023,10,41650.92
69871,2023,11,41650.92
69871,2023,12,41650.92
69871,2024,1,41650.92
69871,2024,2,44008.52
69871,2024,3,44008.52
69871,2024,4,44008.52
69871,2024,5,44008.52
69871,2024,6,44008.52
69871,2024,7,44008.52
69871,2024,8,44008.52
69871,2024,9,44008.52
69871,2024,10,44008.52
69871,2024,11,44008.52
69871,2024,12,44008.52
69871,2025,1,44008.52
69871,2025,2,46366.19
69871,2025,3,46366.19
69871,2025,4,46366.19
69871,2025,5,46366.19
69871,2025,6,46366.19
69871,2025,7,46366.19
69871,2025,8,46366.19
69871,2025,9,46366.19
69871,2025,10,46366.19
69871,2025,11,46366.19
69871,2025,12,46366.19
69871,2026,1,46366.19
69871,2026,2,46366.19
69871,2026,3,46366.19
69871,2026,4,46366.19
69871,2026,5,46366.19
69871,2026,6,46366.19
69871,2026,7,46366.19
69871,2026,8,46366.19
69871,2026,9,46366.19
72442,2023,1,39293.32
72442,2023,2,39293.32
72442,2023,3,39293.32
72442,2023,4,41650.92
72442,2023,5,41650.92
72442,2023,6,41650.92
72442,2023,7,41650.92
72442,2023,8,41650.92
72442,2023,9,41650.92
72442,2023,10,41650.92
72442,2023,11,41650.92
72442,2023,12,41650.92
72442,2024,1,41650.92
72442,2024,2,44008.52
72442,2024,3,44008.52
72442,2024,4,44008.52
72442,2024,5,44008.52
72442,2024,6,44008.52
72442,2024,7,44008.52
72442,2024,8,44008.52
72442,2024,9,44008.52
72442,2024,10,44008.52
72442,2024,11,44008.52
72442,2024,12,44008.52
72442,2025,1,44008.52
72442,2025,2,46366.19
72442,2025,3,46366.19
72442,2025,4,46366.19
72442,2025,5,46366.19
72442,2025,6,46366.19
72442,2025,7,46366.19
72442,2025,8,46366.19
72442,2025,9,46366.19
72442,2025,10,46366.19
72442,2025,11,46366.19
72442,2025,12,46366.19
72442,2026,1,46366.19
72442,2026,2,46366.19
72442,2026,3,46366.19
72442,2026,4,46366.19
72442,2026,5,46366.19
72442,2026,6,46366.19
72442,2026,7,46366.19
72442,2026,8,46366.19
72442,2026,9,46366.19
73433,2023,1,39293.32
73433,2023,2,39293.32
73433,2023,3,39293.32
73433,2023,4,41650.92
73433,2023,5,41650.92
73433,2023,6,41650.92
73433,2023,7,41650.92
73433,2023,8,41650.92
73433,2023,9,41650.92
73433,2023,10,41650.92
73433,2023,11,41650.92
73433,2023,12,41650.92
73433,2024,1,41650.92
73433,2024,2,44008.52
73433,2024,3,44008.52
73433,2024,4,44008.52
73433,2024,5,44008.52
73433,2024,6,44008.52
73433,2024,7,44008.52
73433,2024,8,44008.52
73433,2024,9,44008.52
73433,2024,10,44008.52
73433,2024,11,44008.52
73433,2024,12,44008.52
73433,2025,1,44008.52
73433,2025,2,46366.19
73433,2025,3,46366.19
73433,2025,4,46366.19
73433,2025,5,46366.19
73433,2025,6,46366.19
73433,2025,7,46366.19
73433,2025,8,46366.19
73433,2025,9,46366.19
73433,2025,10,46366.19
73433,2025,11,46366.19
73433,2025,12,46366.19
73433,2026,1,46366.19
73433,2026,2,46366.19
73433,2026,3,46366.19
73433,2026,4,46366.19
73433,2026,5,46366.19
73433,2026,6,46366.19
73433,2026,7,46366.19
73433,2026,8,46366.19
73433,2026,9,46366.19
73441,2023,1,39293.32
73441,2023,2,39293.32
73441,2023,3,39293.32
73441,2023,4,41650.92
73441,2023,5,41650.92
73441,2023,6,41650.92
73441,2023,7,41650.92
73441,2023,8,41650.92
73441,2023,9,41650.92
73441,2023,10,41650.92
73441,2023,11,41650.92
73441,2023,12,41650.92
73441,2024,1,41650.92
73441,2024,2,44008.52
73441,2024,3,44008.52
73441,2024,4,44008.52
73441,2024,5,44008.52
73441,2024,6,44008.52
73441,2024,7,44008.52
73441,2024,8,44008.52
73441,2024,9,44008.52
73441,2024,10,44008.52
73441,2024,11,44008.52
73441,2024,12,44008.52
73441,2025,1,44008.52
73441,2025,2,46366.19
73441,2025,3,46366.19
73441,2025,4,46366.19
73441,2025,5,46366.19
73441,2025,6,46366.19
73441,2025,7,46366.19
73441,2025,8,46366.19
73441,2025,9,46366.19
73441,2025,10,46366.19
73441,2025,11,46366.19
73441,2025,12,46366.19
73441,2026,1,46366.19
73441,2026,2,46366.19
73441,2026,3,46366.19
73441,2026,4,46366.19
73441,2026,5,46366.19
73441,2026,6,46366.19
73441,2026,7,46366.19
73441,2026,8,46366.19
73441,2026,9,46366.19
73486,2023,1,39293.32
73486,2023,2,39293.32
73486,2023,3,39293.32
73486,2023,4,41650.92
73486,2023,5,41650.92
73486,2023,6,41650.92
73486,2023,7,41650.92
73486,2023,8,41650.92
73486,2023,9,41650.92
73486,2023,10,41650.92
73486,2023,11,41650.92
73486,2023,12,41650.92
73486,2024,1,41650.92
73486,2024,2,44008.52
73486,2024,3,44008.52
73486,2024,4,44008.52
73486,2024,5,44008.52
73486,2024,6,44008.52
73486,2024,7,44008.52
73486,2024,8,44008.52
73486,2024,9,44008.52
73486,2024,10,44008.52
73486,2024,11,44008.52
73486,2024,12,44008.52
73486,2025,1,44008.52
73486,2025,2,46366.19
73486,2025,3,46366.19
73486,2025,4,46366.19
73486,2025,5,46366.19
73486,2025,6,46366.19
73486,2025,7,46366.19
73486,2025,8,46366.19
73486,2025,9,46366.19
73486,2025,10,46366.19
73486,2025,11,46366.19
73486,2025,12,46366.19
73486,2026,1,46366.19
73486,2026,2,46366.19
73486,2026,3,46366.19
73486,2026,4,46366.19
73486,2026,5,46366.19
73486,2026,6,46366.19
73486,2026,7,46366.19
73486,2026,8,46366.19
73486,2026,9,46366.19
73531,2023,1,39293.32
73531,2023,2,34054.21
73531,2023,3,39293.32
73531,2023,4,41650.92
73531,2023,5,41650.92
73531,2023,6,41650.92
73531,2023,7,41650.92
73531,2023,8,41650.92
73531,2023,9,41650.92
73531,2023,10,41650.92
73531,2023,11,41650.92
73531,2023,12,41650.92
73531,2024,1,41650.92
73531,2024,2,44008.52
73531,2024,3,44008.52
73531,2024,4,44008.52
73531,2024,5,44008.52
73531,2024,6,44008.52
73531,2024,7,44008.52
73531,2024,8,44008.52
73531,2024,9,44008.52
73531,2024,10,44008.52
73531,2024,11,44008.52
73531,2024,12,44008.52
73531,2025,1,44008.52
73531,2025,2,46366.19
73531,2025,3,46366.19
73531,2025,4,46366.19
73531,2025,5,46366.19
73531,2025,6,46366.19
73531,2025,7,46366.19
73531,2025,8,46366.19
73531,2025,9,46366.19
73531,2025,10,46366.19
73531,2025,11,46366.19
73531,2025,12,46366.19
73531,2026,1,46366.19
73531,2026,2,46366.19
73531,2026,3,46366.19
73531,2026,4,33251.18
73531,2026,5,33251.18
73531,2026,6,46366.19
73531,2026,7,46366.19
73531,2026,8,46366.19
73531,2026,9,46366.19
73579,2023,2,39293.32
73579,2023,3,39293.32
73579,2023,4,41650.92
73579,2023,5,41650.92
73579,2023,6,41650.92
73579,2023,7,41650.92
73579,2023,8,41650.92
73579,2023,9,41650.92
73579,2023,10,41650.92
73579,2023,11,41650.92
73579,2023,12,41650.92
73579,2024,1,41650.92
73579,2024,2,44008.52
73579,2024,3,44008.52
73579,2024,4,44008.52
73579,2024,5,44008.52
73579,2024,6,44008.52
73579,2024,7,44008.52
73579,2024,8,44008.52
73579,2024,9,44008.52
73579,2024,10,44008.52
73579,2024,11,44008.52
73579,2024,12,44008.52
73579,2025,1,44008.52
73579,2025,2,46366.19
73579,2025,3,46366.19
73579,2025,4,46366.19
73579,2025,5,46366.19
73579,2025,6,46366.19
73579,2025,7,46366.19
73579,2025,8,46366.19
73579,2025,9,46366.19
73579,2025,10,46366.19
73579,2025,11,46366.19
73579,2025,12,46366.19
73579,2026,1,46366.19
73579,2026,2,46366.19
73579,2026,3,46366.19
73579,2026,4,46366.19
73579,2026,5,46366.19
73579,2026,6,46366.19
73579,2026,7,46366.19
73579,2026,8,46366.19
73579,2026,9,46366.19
73604,2023,1,39293.32
73604,2023,2,39293.32
73604,2023,3,39293.32
73604,2023,4,41650.92
73604,2023,5,41650.92
73604,2023,6,41650.92
73604,2023,7,41650.92
73604,2023,8,41650.92
73604,2023,9,41650.92
73604,2023,10,41650.92
73604,2023,11,41650.92
73604,2023,12,41650.92
73604,2024,1,41650.92
73604,2024,2,44008.52
73604,2024,3,44008.52
73604,2024,4,44008.52
73604,2024,5,44008.52
73604,2024,6,44008.52
73604,2024,7,4400.85
73604,2024,11,42541.57
73604,2024,12,43799.57
73604,2025,1,44008.52
73604,2025,2,46366.19
73604,2025,3,46366.19
73604,2025,4,46366.19
73604,2025,5,46366.19
73604,2025,6,46366.19
73604,2025,7,46366.19
73604,2025,8,46366.19
73604,2025,9,46366.19
73604,2025,10,46366.19
73604,2025,11,46366.19
73604,2025,12,46366.19
73604,2026,1,46366.19
73604,2026,2,46366.19
73604,2026,3,46366.19
73604,2026,4,46366.19
73604,2026,5,46366.19
73604,2026,6,46366.19
73604,2026,7,46366.19
73604,2026,8,46366.19
73604,2026,9,46366.19
73692,2023,1,39293.32
73692,2023,2,39293.32
73692,2023,3,39293.32
73692,2023,4,41650.92
73692,2023,5,41650.92
73692,2023,6,41650.92
73692,2023,7,41650.92
73692,2023,8,41650.92
73692,2023,9,41650.92
73692,2023,10,41650.92
73692,2023,11,41650.92
73692,2023,12,41650.92
73692,2024,1,41650.92
73692,2024,2,44008.52
73692,2024,3,44008.52
73692,2024,4,44008.52
73692,2024,5,44008.52
73692,2024,6,44008.52
73692,2024,7,44008.52
73692,2024,8,44008.52
73692,2024,9,44008.52
73692,2024,10,44008.52
73692,2024,11,44008.52
73692,2024,12,44008.52
73692,2025,1,44008.52
73692,2025,2,46366.19
73692,2025,3,46366.19
73692,2025,4,46366.19
73692,2025,5,46366.19
73692,2025,6,46366.19
73692,2025,7,46366.19
73692,2025,8,46366.19
73692,2025,9,46366.19
73692,2025,10,46366.19
73692,2025,11,46366.19
73692,2025,12,46366.19
73692,2026,1,46366.19
73692,2026,2,46366.19
73692,2026,3,46366.19
73692,2026,4,46366.19
73692,2026,5,46366.19
73692,2026,6,46366.19
73692,2026,7,46366.19
73692,2026,8,46366.19
73692,2026,9,46366.19
73701,2023,1,39293.32
73701,2023,2,39293.32
73701,2023,3,39293.32
73701,2023,4,41650.92
73701,2023,5,41650.92
73701,2023,6,41650.92
73701,2023,7,41650.92
73701,2023,8,41650.92
73701,2023,9,41650.92
73701,2023,10,41650.92
73701,2023,11,41650.92
73701,2023,12,41650.92
73701,2024,1,41650.92
73701,2024,2,44008.52
73701,2024,3,44008.52
73701,2024,4,44008.52
73701,2024,5,44008.52
73701,2024,6,44008.52
73701,2024,7,44008.52
73701,2024,8,44008.52
73701,2024,9,44008.52
73701,2024,10,44008.52
73701,2024,11,44008.52
73701,2024,12,44008.52
73701,2025,1,44008.52
73701,2025,2,46366.19
73701,2025,3,46366.19
73701,2025,4,46366.19
73701,2025,5,46366.19
73701,2025,6,46366.19
73701,2025,7,46366.19
73701,2025,8,46366.19
73701,2025,9,46366.19
73701,2025,10,46366.19
73701,2025,11,46366.19
73701,2025,12,46366.19
73701,2026,1,46366.19
73701,2026,2,46366.19
73701,2026,3,46366.19
73701,2026,4,46366.19
73701,2026,5,46366.19
73701,2026,6,46366.19
73701,2026,7,46366.19
73701,2026,8,46366.19
73701,2026,9,46366.19
73768,2023,1,26943.99
73768,2023,2,39293.32
73768,2023,3,39293.32
73768,2023,4,41650.92
73768,2023,5,41650.92
73768,2023,6,41650.92
73768,2023,7,41650.92
73768,2023,8,41650.92
73768,2023,9,41650.92
73768,2023,10,41650.92
73768,2023,11,41650.92
73768,2023,12,41650.92
73768,2024,1,41650.92
73768,2024,2,44008.52
73768,2024,3,44008.52
73768,2024,4,44008.52
73768,2024,5,44008.52
73768,2024,6,44008.52
73768,2024,7,44008.52
73768,2024,8,44008.52
73768,2024,9,44008.52
73768,2024,10,44008.52
73768,2024,11,44008.52
73768,2024,12,44008.52
73768,2025,1,44008.52
73768,2025,2,46366.19
73768,2025,3,46366.19
73768,2025,4,46366.19
73768,2025,5,46366.19
73768,2025,6,46366.19
73768,2025,7,46366.19
73768,2025,8,46366.19
73768,2025,9,46366.19
73768,2025,10,46366.19
73768,2025,11,46366.19
73768,2025,12,46366.19
73768,2026,1,46366.19
73768,2026,2,46366.19
73768,2026,3,46366.19
73768,2026,4,46366.19
73768,2026,5,46366.19
73768,2026,6,46366.19
73768,2026,7,46366.19
73768,2026,8,46366.19
73768,2026,9,46366.19
73778,2023,1,32669.59
73778,2023,2,32669.59
73778,2023,3,32669.59
73778,2023,4,34629.77
73778,2023,5,34629.77
73778,2023,6,24990.55
73778,2023,7,41650.92
73778,2023,8,41650.92
73778,2023,9,41650.92
73778,2023,10,41650.92
73778,2023,11,41650.92
73778,2023,12,41650.92
73778,2024,1,41650.92
73778,2024,2,44008.52
73778,2024,3,44008.52
73778,2024,4,44008.52
73778,2024,5,44008.52
73778,2024,6,44008.52
73778,2024,7,44008.52
73778,2024,8,44008.52
73778,2024,9,44008.52
73778,2024,10,44008.52
73778,2024,11,44008.52
73778,2024,12,44008.52
73778,2025,1,44008.52
73778,2025,2,46366.19
73778,2025,3,46366.19
73778,2025,4,46366.19
73778,2025,5,46366.19
73778,2025,6,46366.19
73778,2025,7,46366.19
73778,2025,8,46366.19
73778,2025,9,46366.19
73778,2025,10,46366.19
73778,2025,11,46366.19
73778,2025,12,46366.19
73778,2026,1,46366.19
73778,2026,2,46366.19
73778,2026,3,46366.19
73778,2026,4,46366.19
73778,2026,5,46366.19
73778,2026,6,46366.19
73778,2026,7,46366.19
73778,2026,8,46366.19
73778,2026,9,46366.19
73788,2023,1,39293.32
73788,2023,2,39293.32
73788,2023,3,39293.32
73788,2023,4,41650.92
73788,2023,5,41650.92
73788,2023,6,41650.92
73788,2023,7,41650.92
73788,2023,8,41650.92
73788,2023,9,41650.92
73788,2023,10,41650.92
73788,2023,11,41650.92
73788,2023,12,41650.92
73788,2024,1,41650.92
73788,2024,2,44008.52
73788,2024,3,44008.52
73788,2024,4,44008.52
73788,2024,5,44008.52
73788,2024,6,44008.52
73788,2024,7,44008.52
73788,2024,8,44008.52
73788,2024,9,44008.52
73788,2024,10,44008.52
73788,2024,11,44008.52
73788,2024,12,44008.52
73788,2025,1,44008.52
73788,2025,2,46366.19
73788,2025,3,46366.19
73788,2025,4,46366.19
73788,2025,5,46366.19
73788,2025,6,46366.19
73788,2025,7,46366.19
73788,2025,8,46366.19
73788,2025,9,46366.19
73788,2025,10,46366.19
73788,2025,11,46366.19
73788,2025,12,46366.19
73788,2026,1,46366.19
73788,2026,2,46366.19
73788,2026,3,46366.19
73788,2026,4,46366.19
73788,2026,5,46366.19
73788,2026,6,46366.19
73788,2026,7,46366.19
73788,2026,8,46366.19
73788,2026,9,46366.19
73801,2023,1,39293.32
73801,2023,2,39293.32
73801,2023,3,39293.32
73801,2023,4,41650.92
73801,2023,5,41650.92
73801,2023,6,41650.92
73801,2023,7,41650.92
73801,2023,8,41650.92
73801,2023,9,41650.92
73801,2023,10,41650.92
73801,2023,11,41650.92
73801,2023,12,41650.92
73801,2024,1,41650.92
73801,2024,2,44008.52
73801,2024,3,44008.52
73801,2024,4,44008.52
73801,2024,5,44008.52
73801,2024,6,44008.52
73801,2024,7,44008.52
73801,2024,8,44008.52
73801,2024,9,44008.52
73801,2024,10,44008.52
73801,2024,11,44008.52
73801,2024,12,44008.52
73801,2025,1,44008.52
73801,2025,2,46366.19
73801,2025,3,46366.19
73801,2025,4,46366.19
73801,2025,5,46366.19
73801,2025,6,46366.19
73801,2025,7,46366.19
73801,2025,8,46366.19
73801,2025,9,46366.19
73801,2025,10,46366.19
73801,2025,11,46366.19
73801,2025,12,46366.19
73801,2026,1,46366.19
73801,2026,2,46366.19
73801,2026,3,46366.19
73801,2026,4,46366.19
73801,2026,5,46366.19
73801,2026,6,46366.19
73801,2026,7,46366.19
73801,2026,8,46366.19
73801,2026,9,46366.19
73806,2023,2,39293.32
73806,2023,3,39293.32
73806,2023,4,41650.92
73806,2023,5,41650.92
73806,2023,6,41650.92
73806,2023,7,41650.92
73806,2023,8,41650.92
73806,2023,9,41650.92
73806,2023,10,41650.92
73806,2023,11,41650.92
73806,2023,12,41650.92
73806,2024,1,41650.92
73806,2024,2,44008.52
73806,2024,3,44008.52
73806,2024,4,44008.52
73806,2024,5,7334.75
73806,2024,9,39607.67
73806,2024,10,44008.52
73806,2024,11,44008.52
73806,2024,12,44008.52
73806,2025,1,44008.52
73806,2025,2,18546.48
73806,2025,3,2414.91
73806,2025,6,27819.71
73806,2025,7,46366.19
73806,2025,8,46366.19
73806,2025,9,46366.19
73806,2025,10,46366.19
73806,2025,11,46366.19
73806,2025,12,46366.19
73806,2026,1,46366.19
73806,2026,2,46366.19
73806,2026,3,46366.19
73806,2026,4,46366.19
73806,2026,5,46366.19
73806,2026,6,46366.19
73806,2026,7,46366.19
73806,2026,8,46366.19
73808,2023,1,39293.32
73808,2023,2,39293.32
73808,2023,3,39293.32
73808,2023,4,41650.92
73808,2023,5,41650.92
73808,2023,6,41650.92
73808,2023,7,41650.92
73808,2023,8,41650.92
73808,2023,9,41650.92
73808,2023,10,41650.92
73808,2023,11,41650.92
73808,2023,12,41650.92
73808,2024,1,41650.92
73808,2024,2,44008.52
73808,2024,3,44008.52
73808,2024,4,44008.52
73808,2024,5,44008.52
73808,2024,6,44008.52
73808,2024,7,44008.52
73808,2024,8,44008.52
73808,2024,9,44008.52
73808,2024,10,44008.52
73808,2024,11,44008.52
73808,2024,12,44008.52
73808,2025,1,44008.52
73808,2025,2,46366.19
73808,2025,3,46366.19
73808,2025,4,46366.19
73808,2025,5,46366.19
73808,2025,6,46366.19
73808,2025,7,46366.19
73808,2025,8,46366.19
73808,2025,9,46366.19
73808,2025,10,46366.19
73808,2025,11,46366.19
73808,2025,12,46366.19
73808,2026,1,46366.19
73808,2026,2,46366.19
73808,2026,3,46366.19
73808,2026,4,46366.19
73808,2026,5,46366.19
73808,2026,6,46366.19
73808,2026,7,46366.19
73808,2026,8,46366.19
73808,2026,9,46366.19
74041,2023,2,39293.32
74041,2023,3,39293.32
74041,2023,4,41650.92
74041,2023,5,41650.92
74041,2023,6,41650.92
74041,2023,7,41650.92
74041,2023,8,41650.92
74041,2023,9,41650.92
74041,2023,10,41650.92
74041,2023,11,41650.92
74041,2023,12,41650.92
74041,2024,1,41650.92
74041,2024,2,44008.52
74041,2024,3,44008.52
74041,2024,4,44008.52
74041,2024,5,44008.52
74041,2024,6,44008.52
74041,2024,7,44008.52
74041,2024,8,44008.52
74041,2024,9,44008.52
74041,2024,10,44008.52
74041,2024,11,44008.52
74041,2024,12,44008.52
74041,2025,1,44008.52
74041,2025,2,46366.19
74041,2025,3,46366.19
74041,2025,4,46366.19
74041,2025,5,46366.19
74041,2025,6,46366.19
74041,2025,7,46366.19
74041,2025,8,46366.19
74041,2025,9,46366.19
74041,2025,10,46366.19
74041,2025,11,46366.19
74041,2025,12,46366.19
74041,2026,1,46366.19
74041,2026,2,46366.19
74041,2026,3,46366.19
74041,2026,4,46366.19
74041,2026,5,46366.19
74041,2026,6,46366.19
74041,2026,7,46366.19
74041,2026,8,46366.19
74041,2026,9,46366.19
74043,2023,1,39293.32
74043,2023,2,39293.32
74043,2023,3,39293.32
74043,2023,4,41650.92
74043,2023,5,41650.92
74043,2023,6,41650.92
74043,2023,7,41650.92
74043,2023,8,41650.92
74043,2023,9,41650.92
74043,2023,10,41650.92
74043,2023,11,41650.92
74043,2023,12,41650.92
74043,2024,1,41650.92
74043,2024,2,44008.52
74043,2024,3,44008.52
74043,2024,4,44008.52
74043,2024,5,44008.52
74043,2024,6,44008.52
74043,2024,7,44008.52
74043,2024,8,44008.52
74043,2024,9,44008.52
74043,2024,10,44008.52
74043,2024,11,44008.52
74043,2024,12,44008.52
74043,2025,1,44008.52
74043,2025,2,46366.19
74043,2025,3,46366.19
74043,2025,4,46366.19
74043,2025,5,46366.19
74043,2025,6,46366.19
74043,2025,7,46366.19
74043,2025,8,46366.19
74043,2025,9,46366.19
74043,2025,10,46366.19
74043,2025,11,46366.19
74043,2025,12,46366.19
74043,2026,1,46366.19
74043,2026,2,46366.19
74043,2026,3,46366.19
74043,2026,4,46366.19
74043,2026,5,46366.19
74043,2026,6,46366.19
74043,2026,7,46366.19
74043,2026,8,46366.19
74043,2026,9,46366.19
74044,2023,1,39293.32
74044,2023,2,39293.32
74044,2023,3,39293.32
74044,2023,4,41650.92
74044,2023,5,41650.92
74044,2023,6,41650.92
74044,2023,7,41650.92
74044,2023,8,41650.92
74044,2023,9,41650.92
74044,2023,10,41650.92
74044,2023,11,41650.92
74044,2023,12,41650.92
74044,2024,1,41650.92
74044,2024,2,44008.52
74044,2024,3,44008.52
74044,2024,4,44008.52
74044,2024,5,44008.52
74044,2024,6,44008.52
74044,2024,7,44008.52
74044,2024,8,44008.52
74044,2024,9,44008.52
74044,2024,10,44008.52
74044,2024,11,44008.52
74044,2024,12,44008.52
74044,2025,1,44008.52
74044,2025,2,46366.19
74044,2025,3,46366.19
74044,2025,4,46366.19
74044,2025,5,46366.19
74044,2025,6,46366.19
74044,2025,7,46366.19
74044,2025,8,46366.19
74044,2025,9,46366.19
74044,2025,10,46366.19
74044,2025,11,46366.19
74044,2025,12,46366.19
74044,2026,1,46366.19
74044,2026,2,46366.19
74044,2026,3,46366.19
74044,2026,4,46366.19
74044,2026,5,46366.19
74044,2026,6,46366.19
74044,2026,7,46366.19
74044,2026,9,1545.54
74052,2023,1,39293.32
74052,2024,7,35206.82
74052,2024,8,44008.52
74052,2024,9,44008.52
74052,2024,10,44008.52
74052,2024,11,4400.85
74052,2024,12,0.0
74057,2023,1,39293.32
74057,2023,2,39293.32
74057,2023,3,39293.32
74057,2023,4,41650.92
74057,2023,5,41650.92
74057,2023,6,41650.92
74057,2023,7,41650.92
74057,2023,8,41650.92
74057,2023,9,41650.92
74057,2023,10,41650.92
74057,2023,11,41650.92
74057,2023,12,41650.92
74057,2024,1,41650.92
74057,2024,2,44008.52
74057,2024,3,44008.52
74057,2024,4,44008.52
74057,2024,5,44008.52
74057,2024,6,44008.52
74057,2024,7,44008.52
74057,2024,8,44008.52
74057,2024,9,44008.52
74057,2024,10,44008.52
74057,2024,11,44008.52
74057,2024,12,44008.52
74057,2025,1,44008.52
74057,2025,2,46366.19
74057,2025,3,46366.19
74057,2025,4,46366.19
74057,2025,5,46366.19
74057,2025,6,46366.19
74057,2025,7,46366.19
74057,2025,8,46366.19
74057,2025,9,46366.19
74057,2025,10,46366.19
74057,2025,11,46366.19
74057,2025,12,46366.19
74057,2026,1,46366.19
74057,2026,2,46366.19
74057,2026,3,46366.19
74057,2026,4,46366.19
74057,2026,5,46366.19
74057,2026,6,46366.19
74057,2026,7,46366.19
74057,2026,8,46366.19
74057,2026,9,46366.19
74060,2023,1,39293.32
74060,2023,2,39293.32
74060,2023,3,39293.32
74060,2023,4,41650.92
74060,2023,5,41650.92
74060,2023,6,41650.92
74060,2023,7,41650.92
74060,2023,8,41650.92
74060,2023,9,41650.92
74060,2023,10,41650.92
74060,2023,11,41650.92
74060,2023,12,41650.92
74060,2024,1,41650.92
74060,2024,2,44008.52
74060,2024,3,44008.52
74060,2024,4,44008.52
74060,2024,5,44008.52
74060,2024,6,44008.52
74060,2024,7,44008.52
74060,2024,8,44008.52
74060,2024,9,44008.52
74060,2024,10,44008.52
74060,2024,11,44008.52
74060,2024,12,44008.52
74060,2025,1,44008.52
74060,2025,2,46366.19
74060,2025,3,46366.19
74060,2025,4,46366.19
74060,2025,5,46366.19
74060,2025,6,46366.19
74060,2025,7,46366.19
74060,2025,8,46366.19
74060,2025,9,46366.19
74060,2025,10,46366.19
74060,2025,11,46366.19
74060,2025,12,46366.19
74060,2026,1,46366.19
74060,2026,2,46366.19
74060,2026,3,46366.19
74060,2026,4,46366.19
74060,2026,5,46366.19
74060,2026,6,46366.19
74060,2026,7,46366.19
74060,2026,8,46366.19
74060,2026,9,46366.19
74065,2025,10,35547.41
74065,2025,11,46366.19
74065,2025,12,46366.19
74065,2026,1,46366.19
74065,2026,2,46366.19
74065,2026,3,46366.19
74065,2026,4,0.0
74075,2023,1,39293.32
74075,2023,2,39293.32
74075,2023,3,39293.32
74075,2023,4,41650.92
74075,2023,5,41650.92
74075,2023,6,41650.92
74075,2023,7,41650.92
74075,2023,8,41650.92
74075,2023,9,41650.92
74075,2023,10,41650.92
74075,2023,11,41650.92
74075,2023,12,41650.92
74075,2024,1,41650.92
74075,2024,2,44008.52
74075,2024,3,44008.52
74075,2024,4,44008.52
74075,2024,5,44008.52
74075,2024,6,44008.52
74075,2024,7,44008.52
74075,2024,8,44008.52
74075,2024,9,44008.52
74075,2024,10,44008.52
74075,2024,11,44008.52
74075,2024,12,44008.52
74075,2025,1,44008.52
74075,2025,2,46366.19
74075,2025,3,46366.19
74075,2025,4,46366.19
74075,2025,5,46366.19
74075,2025,6,46366.19
74075,2025,7,46366.19
74075,2025,8,46366.19
74075,2025,9,46366.19
74075,2025,10,46366.19
74075,2025,11,46366.19
74075,2025,12,46366.19
74075,2026,1,46366.19
74075,2026,2,46366.19
74075,2026,3,46366.19
74075,2026,4,46366.19
74075,2026,5,46366.19
74075,2026,6,46366.19
74075,2026,7,46366.19
74075,2026,8,46366.19
74075,2026,9,46366.19
74079,2023,1,39293.32
74079,2023,2,39293.32
74079,2023,3,39293.32
74079,2023,4,41650.92
74079,2023,5,41650.92
74079,2023,6,41650.92
74079,2023,7,41650.92
74079,2023,8,41650.92
74079,2023,9,41650.92
74079,2023,10,41650.92
74079,2023,11,41650.92
74079,2023,12,41650.92
74079,2024,1,41650.92
74079,2024,2,44008.52
74079,2024,3,44008.52
74079,2024,4,44008.52
74079,2024,5,44008.52
74079,2024,6,44008.52
74079,2024,7,44008.52
74079,2024,8,44008.52
74079,2024,9,44008.52
74079,2024,10,44008.52
74079,2024,11,44008.52
74079,2024,12,44008.52
74079,2025,1,44008.52
74079,2025,2,46366.19
74079,2025,3,46366.19
74079,2025,4,46366.19
74079,2025,5,46366.19
74079,2025,6,46366.19
74079,2025,7,46366.19
74079,2025,8,46366.19
74079,2025,9,46366.19
74079,2025,10,46366.19
74079,2025,11,46366.19
74079,2025,12,46366.19
74079,2026,1,46366.19
74079,2026,2,46366.19
74079,2026,3,46366.19
74079,2026,4,46366.19
74079,2026,5,46366.19
74079,2026,6,46366.19
74079,2026,7,46366.19
74079,2026,8,46366.19
74079,2026,9,46366.19
74084,2023,2,39293.32
74084,2023,3,39293.32
74084,2023,4,41650.92
74084,2023,5,41650.92
74084,2023,6,41650.92
74084,2023,7,41650.92
74084,2023,8,41650.92
74084,2023,9,41650.92
74084,2023,10,41650.92
74084,2023,11,41650.92
74084,2023,12,41650.92
74084,2024,1,41650.92
74084,2024,2,44008.52
74084,2024,3,44008.52
74084,2024,4,44008.52
74084,2024,5,44008.52
74084,2024,6,44008.52
74084,2024,7,44008.52
74084,2024,8,44008.52
74084,2024,9,44008.52
74084,2024,10,44008.52
74084,2024,11,44008.52
74084,2024,12,44008.52
74084,2025,1,44008.52
74084,2025,2,46366.19
74084,2025,3,46366.19
74084,2025,4,46366.19
74084,2025,5,46366.19
74084,2025,6,46366.19
74084,2025,7,46366.19
74084,2025,8,46366.19
74084,2025,9,46366.19
74084,2025,10,46366.19
74084,2025,11,46366.19
74084,2025,12,46366.19
74084,2026,1,46366.19
74084,2026,2,46366.19
74084,2026,3,46366.19
74084,2026,4,46366.19
74084,2026,5,46366.19
74084,2026,6,46366.19
74084,2026,7,46366.19
74084,2026,8,46366.19
74084,2026,9,46366.19
74090,2023,1,39293.32
74090,2023,2,39293.32
74090,2023,3,39293.32
74090,2023,4,41650.92
74090,2023,5,41650.92
74090,2023,6,41650.92
74090,2023,7,41650.92
74090,2023,8,41650.92
74090,2023,9,41650.92
74090,2023,10,41650.92
74090,2023,11,41650.92
74090,2023,12,41650.92
74090,2024,1,41650.92
74090,2024,2,44008.52
74090,2024,3,44008.52
74090,2024,4,44008.52
74090,2024,5,44008.52
74090,2024,6,44008.52
74090,2024,7,44008.52
74090,2024,8,44008.52
74090,2024,9,44008.52
74090,2024,10,44008.52
74090,2024,11,44008.52
74090,2024,12,44008.52
74090,2025,1,44008.52
74090,2025,2,46366.19
74090,2025,3,46366.19
74090,2025,4,46366.19
74090,2025,5,46366.19
74090,2025,6,46366.19
74090,2025,7,46366.19
74090,2025,8,46366.19
74090,2025,9,46366.19
74090,2025,10,46366.19
74090,2025,11,46366.19
74090,2025,12,46366.19
74090,2026,1,46366.19
74090,2026,2,46366.19
74090,2026,3,46366.19
74090,2026,4,46366.19
74090,2026,5,46366.19
74090,2026,6,46366.19
74090,2026,7,46366.19
74090,2026,8,46366.19
74090,2026,9,46366.19
74095,2023,1,19085.33
74095,2023,2,19085.33
74095,2023,3,19085.33
74095,2023,4,20230.45
74095,2023,5,20230.45
74095,2023,6,20230.45
74095,2023,7,20230.45
74095,2023,8,20230.45
74095,2023,9,20230.45
74095,2023,10,20230.45
74095,2023,11,20230.45
74095,2023,12,20230.45
74095,2024,1,20230.45
74095,2024,2,44008.52
74095,2024,3,44008.52
74095,2024,4,44008.52
74095,2024,5,44008.52
74095,2024,6,44008.52
74095,2024,7,44008.52
74095,2024,8,44008.52
74095,2024,9,44008.52
74095,2024,10,44008.52
74095,2024,11,21375.57
74095,2024,12,21375.57
74095,2025,1,36673.77
74095,2025,2,46366.19
74095,2025,3,46366.19
74095,2025,4,46366.19
74095,2025,5,46366.19
74095,2025,6,46366.19
74095,2025,7,46366.19
74095,2025,8,46366.19
74095,2025,9,46366.19
74095,2025,10,46366.19
74095,2025,11,29674.36
74095,2025,12,46366.19
74095,2026,1,46366.19
74095,2026,2,46366.19
74095,2026,3,24905.27
74095,2026,4,23845.47
74095,2026,5,23845.47
74095,2026,6,23845.47
74095,2026,7,23845.47
74095,2026,8,23845.47
74095,2026,9,23845.47
74140,2026,7,46366.19
74140,2026,8,46366.19
74140,2026,9,46366.19
74141,2023,1,39293.32
74141,2023,2,28815.1
74141,2023,3,39293.32
74141,2023,4,41650.92
74141,2023,5,41650.92
74141,2023,6,41650.92
74141,2023,7,41650.92
74141,2023,8,41650.92
74141,2023,9,41650.92
74141,2023,10,41650.92
74141,2023,11,41650.92
74141,2023,12,34709.1
74141,2024,1,41650.92
74141,2024,2,44008.52
74141,2024,3,44008.52
74141,2024,4,44008.52
74141,2024,5,44008.52
74141,2024,6,44008.52
74141,2024,7,44008.52
74141,2024,8,44008.52
74141,2024,9,44008.52
74141,2024,10,44008.52
74141,2024,11,44008.52
74141,2024,12,32272.91
74141,2025,1,44008.52
74141,2025,2,46366.19
74141,2025,3,46366.19
74141,2025,4,46366.19
74141,2025,5,46366.19
74141,2025,6,46366.19
74141,2025,7,46366.19
74141,2025,8,46366.19
74141,2025,9,46366.19
74141,2025,10,46366.19
74141,2025,11,17000.94
74141,2025,12,46366.19
74141,2026,1,1545.54
74141,2026,7,23845.47
74141,2026,8,23845.47
74141,2026,9,23845.47
74156,2023,1,39293.32
74156,2023,2,39293.32
74156,2023,3,39293.32
74156,2023,4,41650.92
74156,2023,5,41650.92
74156,2023,6,41650.92
74156,2023,7,41650.92
74156,2023,8,41650.92
74156,2023,9,41650.92
74156,2023,10,41650.92
74156,2023,11,41650.92
74156,2023,12,41650.92
74156,2024,1,41650.92
74156,2024,2,44008.52
74156,2024,3,44008.52
74156,2024,4,44008.52
74156,2024,5,44008.52
74156,2024,6,44008.52
74156,2024,7,44008.52
74156,2024,8,44008.52
74156,2024,9,44008.52
74156,2024,10,44008.52
74156,2024,11,44008.52
74156,2024,12,44008.52
74156,2025,1,44008.52
74156,2025,2,46366.19
74156,2025,3,46366.19
74156,2025,4,46366.19
74156,2025,5,46366.19
74156,2025,6,46366.19
74156,2025,7,46366.19
74156,2025,8,46366.19
74156,2025,9,46366.19
74156,2025,10,46366.19
74156,2025,11,46366.19
74156,2025,12,46366.19
74156,2026,1,46366.19
74156,2026,2,46366.19
74156,2026,3,46366.19
74156,2026,4,46366.19
74156,2026,5,46366.19
74156,2026,6,46366.19
74156,2026,7,46366.19
74156,2026,8,46366.19
74156,2026,9,46366.19
74158,2023,1,39293.32
74158,2023,2,39293.32
74158,2023,3,39293.32
74158,2023,4,41650.92
74158,2023,5,41650.92
74158,2023,6,41650.92
74158,2023,7,41650.92
74158,2023,8,41650.92
74158,2023,9,41650.92
74158,2023,10,41650.92
74158,2023,11,41650.92
74158,2023,12,41650.92
74158,2024,1,41650.92
74158,2024,2,44008.52
74158,2024,3,44008.52
74158,2024,4,11735.61
74158,2024,8,35206.82
74158,2024,9,44008.52
74158,2024,10,44008.52
74158,2024,11,44008.52
74158,2024,12,44008.52
74158,2025,1,44008.52
74158,2025,2,46366.19
74158,2025,3,46366.19
74158,2025,4,46366.19
74158,2025,5,46366.19
74158,2025,6,46366.19
74158,2025,7,46366.19
74158,2025,8,46366.19
74158,2025,9,46366.19
74158,2025,10,46366.19
74158,2025,11,46366.19
74158,2025,12,46366.19
74158,2026,1,46366.19
74158,2026,2,46366.19
74158,2026,3,46366.19
74158,2026,4,46366.19
74158,2026,5,46366.19
74158,2026,6,46366.19
74158,2026,7,46366.19
74158,2026,8,46366.19
74158,2026,9,46366.19
74159,2023,1,39293.32
74159,2023,2,39293.32
74159,2023,3,39293.32
74159,2023,4,41650.92
74159,2023,5,41650.92
74159,2023,6,41650.92
74159,2023,7,41650.92
74159,2023,8,41650.92
74159,2023,9,41650.92
74159,2023,10,41650.92
74159,2023,11,41650.92
74159,2023,12,41650.92
74159,2024,1,41650.92
74159,2024,2,44008.52
74159,2024,3,44008.52
74159,2024,4,44008.52
74159,2024,5,44008.52
74159,2024,6,44008.52
74159,2024,7,44008.52
74159,2024,8,44008.52
74159,2024,9,44008.52
74159,2024,10,44008.52
74159,2024,11,44008.52
74159,2024,12,44008.52
74159,2025,1,44008.52
74159,2025,2,46366.19
74159,2025,3,46366.19
74159,2025,4,46366.19
74159,2025,5,46366.19
74159,2025,6,46366.19
74159,2025,7,46366.19
74159,2025,8,46366.19
74159,2025,9,46366.19
74159,2025,10,46366.19
74159,2025,11,46366.19
74159,2025,12,46366.19
74159,2026,1,46366.19
74159,2026,2,46366.19
74159,2026,3,46366.19
74159,2026,4,46366.19
74159,2026,5,46366.19
74159,2026,6,0.0
74160,2023,1,39293.32
74160,2023,2,39293.32
74160,2023,3,39293.32
74160,2023,4,41650.92
74160,2023,5,41650.92
74160,2023,6,41650.92
74160,2023,7,41650.92
74160,2023,8,41650.92
74160,2023,9,41650.92
74160,2023,10,41650.92
74160,2023,11,41650.92
74160,2023,12,41650.92
74160,2024,1,41650.92
74160,2024,2,44008.52
74160,2024,3,44008.52
74160,2024,4,44008.52
74160,2024,5,44008.52
74160,2024,6,44008.52
74160,2024,7,44008.52
74160,2024,8,44008.52
74160,2024,9,44008.52
74160,2024,10,44008.52
74160,2024,11,44008.52
74160,2024,12,44008.52
74160,2025,1,44008.52
74160,2025,2,46366.19
74160,2025,3,46366.19
74160,2025,4,46366.19
74160,2025,5,46366.19
74160,2025,6,46366.19
74160,2025,7,46366.19
74160,2025,8,46366.19
74160,2025,9,46366.19
74160,2025,10,46366.19
74160,2025,11,46366.19
74160,2025,12,46366.19
74160,2026,1,46366.19
74160,2026,2,46366.19
74160,2026,3,46366.19
74160,2026,4,46366.19
74160,2026,5,46366.19
74160,2026,6,46366.19
74160,2026,7,46366.19
74160,2026,8,46366.19
74160,2026,9,46366.19
74161,2023,1,39293.32
74161,2023,2,39293.32
74161,2023,3,39293.32
74161,2023,4,41650.92
74161,2023,5,41650.92
74161,2023,6,41650.92
74161,2023,7,41650.92
74161,2023,8,41650.92
74161,2023,9,41650.92
74161,2023,10,41650.92
74161,2023,11,41650.92
74161,2023,12,41650.92
74161,2024,1,41650.92
74161,2024,2,44008.52
74161,2024,3,44008.52
74161,2024,4,44008.52
74161,2024,5,44008.52
74161,2024,6,44008.52
74161,2024,7,44008.52
74161,2024,8,44008.52
74161,2024,9,44008.52
74161,2024,10,44008.52
74161,2024,11,44008.52
74161,2024,12,44008.52
74161,2025,1,44008.52
74161,2025,2,46366.19
74161,2025,3,46366.19
74161,2025,4,46366.19
74161,2025,5,46366.19
74161,2025,6,46366.19
74161,2025,7,46366.19
74161,2025,8,46366.19
74161,2025,9,46366.19
74161,2025,10,46366.19
74161,2025,11,46366.19
74161,2025,12,46366.19
74161,2026,1,46366.19
74161,2026,2,46366.19
74161,2026,3,46366.19
74161,2026,4,46366.19
74161,2026,5,46366.19
74161,2026,6,46366.19
74161,2026,7,46366.19
74161,2026,8,46366.19
74161,2026,9,46366.19
74171,2023,2,39293.32
74171,2023,3,39293.32
74171,2023,4,41650.92
74171,2023,5,41650.92
74171,2023,6,41650.92
74171,2023,7,41650.92
74171,2023,8,41650.92
74171,2023,9,41650.92
74171,2023,10,41650.92
74171,2023,11,41650.92
74171,2023,12,41650.92
74171,2024,1,41650.92
74171,2024,2,44008.52
74171,2024,3,44008.52
74171,2024,4,44008.52
74171,2024,5,44008.52
74171,2024,6,44008.52
74171,2024,7,44008.52
74171,2024,8,44008.52
74171,2024,9,44008.52
74171,2024,10,44008.52
74171,2024,11,44008.52
74171,2024,12,44008.52
74171,2025,1,44008.52
74171,2025,2,46366.19
74171,2025,3,46366.19
74171,2025,4,46366.19
74171,2025,5,46366.19
74171,2025,6,46366.19
74171,2025,7,46366.19
74171,2025,8,46366.19
74171,2025,9,46366.19
74171,2025,10,46366.19
74171,2025,11,46366.19
74171,2025,12,46366.19
74171,2026,1,46366.19
74171,2026,2,46366.19
74171,2026,3,46366.19
74171,2026,4,46366.19
74171,2026,5,46366.19
74171,2026,6,46366.19
74171,2026,7,46366.19
74171,2026,8,46366.19
74171,2026,9,46366.19
74253,2023,1,39293.32
74253,2023,2,39293.32
74253,2023,3,39293.32
74253,2023,4,41650.92
74253,2023,5,41650.92
74253,2023,6,41650.92
74253,2023,7,41650.92
74253,2023,8,41650.92
74253,2023,9,41650.92
74253,2023,10,41650.92
74253,2023,11,41650.92
74253,2023,12,41650.92
74253,2024,1,41650.92
74253,2024,2,44008.52
74253,2024,3,44008.52
74253,2024,4,44008.52
74253,2024,5,44008.52
74253,2024,6,44008.52
74253,2024,7,44008.52
74253,2024,8,44008.52
74253,2024,9,44008.52
74253,2024,10,44008.52
74253,2024,11,44008.52
74253,2024,12,44008.52
74253,2025,1,44008.52
74253,2025,2,46366.19
74253,2025,3,46366.19
74253,2025,4,46366.19
74253,2025,5,46366.19
74253,2025,6,46366.19
74253,2025,7,46366.19
74253,2025,8,46366.19
74253,2025,9,46366.19
74253,2025,10,46366.19
74253,2025,11,46366.19
74253,2025,12,46366.19
74253,2026,1,46366.19
74253,2026,2,46366.19
74253,2026,3,46366.19
74253,2026,4,46366.19
74253,2026,5,46366.19
74253,2026,6,46366.19
74253,2026,7,46366.19
74253,2026,8,46366.19
74253,2026,9,46366.19
74262,2023,1,39293.32
74262,2023,2,39293.32
74262,2023,3,39293.32
74262,2023,4,41650.92
74262,2023,5,41650.92
74262,2023,6,41650.92
74262,2023,7,41650.92
74262,2023,8,41650.92
74262,2023,9,41650.92
74262,2023,10,41650.92
74262,2023,11,41650.92
74262,2023,12,41650.92
74262,2024,1,41650.92
74262,2024,2,44008.52
74262,2024,3,44008.52
74262,2024,4,44008.52
74262,2024,5,44008.52
74262,2024,6,44008.52
74262,2024,7,44008.52
74262,2024,8,44008.52
74262,2024,9,44008.52
74262,2024,10,44008.52
74262,2024,11,44008.52
74262,2024,12,44008.52
74262,2025,1,44008.52
74262,2025,2,46366.19
74262,2025,3,46366.19
74262,2025,4,46366.19
74262,2025,5,46366.19
74262,2025,6,46366.19
74262,2025,7,46366.19
74262,2025,8,46366.19
74262,2025,9,46366.19
74262,2025,10,46366.19
74262,2025,11,46366.19
74262,2025,12,46366.19
74262,2026,1,46366.19
74262,2026,2,46366.19
74262,2026,3,46366.19
74262,2026,4,46366.19
74262,2026,5,46366.19
74262,2026,6,46366.19
74262,2026,7,46366.19
74262,2026,8,46366.19
74262,2026,9,46366.19
74270,2023,1,39293.32
74270,2023,2,39293.32
74270,2023,3,39293.32
74270,2023,4,41650.92
74270,2023,5,41650.92
74270,2023,6,41650.92
74270,2023,7,41650.92
74270,2023,8,41650.92
74270,2023,9,41650.92
74270,2023,10,41650.92
74270,2023,11,41650.92
74270,2023,12,41650.92
74270,2024,1,41650.92
74270,2024,2,44008.52
74270,2024,3,44008.52
74270,2024,4,44008.52
74270,2024,5,44008.52
74270,2024,6,44008.52
74270,2024,7,44008.52
74270,2024,8,44008.52
74270,2024,9,44008.52
74270,2024,10,44008.52
74270,2024,11,44008.52
74270,2024,12,44008.52
74270,2025,1,44008.52
74270,2025,2,46366.19
74270,2025,3,46366.19
74270,2025,4,46366.19
74270,2025,5,46366.19
74270,2025,6,46366.19
74270,2025,7,46366.19
74270,2025,8,46366.19
74270,2025,9,46366.19
74270,2025,10,46366.19
74270,2025,11,46366.19
74270,2025,12,46366.19
74270,2026,1,46366.19
74270,2026,2,46366.19
74270,2026,3,46366.19
74270,2026,4,46366.19
74270,2026,5,46366.19
74270,2026,6,46366.19
74270,2026,7,46366.19
74270,2026,8,46366.19
74270,2026,9,46366.19
74273,2023,1,39293.32
74273,2023,2,39293.32
74273,2023,3,39293.32
74273,2023,4,41650.92
74273,2023,5,41650.92
74273,2023,6,41650.92
74273,2023,7,41650.92
74273,2023,8,41650.92
74273,2023,9,41650.92
74273,2023,10,41650.92
74273,2023,11,41650.92
74273,2023,12,41650.92
74273,2024,1,41650.92
74273,2024,2,44008.52
74273,2024,3,44008.52
74273,2024,4,44008.52
74273,2024,5,44008.52
74273,2024,6,44008.52
74273,2024,7,44008.52
74273,2024,8,44008.52
74273,2024,9,44008.52
74273,2024,10,44008.52
74273,2024,11,44008.52
74273,2024,12,44008.52
74273,2025,1,44008.52
74273,2025,2,46366.19
74273,2025,3,46366.19
74273,2025,4,46366.19
74273,2025,5,46366.19
74273,2025,6,46366.19
74273,2025,7,46366.19
74273,2025,8,46366.19
74273,2025,9,46366.19
74273,2025,10,46366.19
74273,2025,11,46366.19
74273,2025,12,46366.19
74273,2026,1,46366.19
74273,2026,2,46366.19
74273,2026,3,46366.19
74273,2026,4,46366.19
74273,2026,5,46366.19
74273,2026,6,46366.19
74273,2026,7,46366.19
74273,2026,8,46366.19
74273,2026,9,46366.19
74283,2023,1,39293.32
74283,2023,2,34054.21
74283,2023,3,39293.32
74283,2023,4,41650.92
74283,2023,5,41650.92
74283,2023,6,41650.92
74283,2023,7,41650.92
74283,2023,8,41650.92
74283,2023,9,41650.92
74283,2023,10,41650.92
74283,2023,11,41650.92
74283,2023,12,41650.92
74283,2024,1,41650.92
74283,2024,2,44008.52
74283,2024,3,44008.52
74283,2024,4,44008.52
74283,2024,5,44008.52
74283,2024,6,44008.52
74283,2024,7,44008.52
74283,2024,8,44008.52
74283,2024,9,44008.52
74283,2024,10,44008.52
74283,2024,11,44008.52
74283,2024,12,44008.52
74283,2025,1,44008.52
74283,2025,2,40184.03
74283,2025,3,46366.19
74283,2025,4,46366.19
74283,2025,5,46366.19
74283,2025,6,46366.19
74283,2025,7,46366.19
74283,2025,8,46366.19
74283,2025,9,46366.19
74283,2025,10,46366.19
74283,2025,11,46366.19
74283,2025,12,46366.19
74283,2026,1,46366.19
74283,2026,2,46366.19
74283,2026,3,46366.19
74283,2026,4,0.0
74295,2026,4,26274.17
74295,2026,5,46366.19
74295,2026,6,46366.19
74295,2026,7,46366.19
74295,2026,8,46366.19
74295,2026,9,46366.19
74299,2023,1,39293.32
74299,2023,3,39293.32
74299,2023,4,41650.92
74299,2023,5,41650.92
74299,2023,6,41650.92
74299,2023,7,41650.92
74299,2023,8,41650.92
74299,2023,9,41650.92
74299,2023,10,41650.92
74299,2023,11,18048.73
74299,2023,12,0.0
74299,2024,1,38874.19
74299,2024,2,44008.52
74299,2024,3,44008.52
74299,2024,4,44008.52
74299,2024,5,44008.52
74299,2024,6,44008.52
74299,2024,7,0.0
74299,2024,8,26405.11
74299,2024,9,26405.11
74299,2024,10,26405.11
74299,2024,11,26405.11
74299,2024,12,26405.11
74299,2025,1,42541.57
74299,2025,2,46366.19
74299,2025,3,46366.19
74299,2025,4,46366.19
74299,2025,5,46366.19
74299,2025,6,46366.19
74299,2025,7,46366.19
74299,2025,8,46366.19
74299,2025,9,46366.19
74299,2025,10,46366.19
74299,2025,11,46366.19
74299,2025,12,46366.19
74299,2026,1,46366.19
74299,2026,2,46366.19
74299,2026,3,46366.19
74299,2026,4,27819.71
74299,2026,5,29144.46
74299,2026,6,29144.46
74299,2026,7,29144.46
74299,2026,8,29144.46
74299,2026,9,29144.46
74317,2023,1,39293.32
74317,2023,2,39293.32
74317,2023,3,39293.32
74317,2023,4,41650.92
74317,2023,5,41650.92
74317,2023,6,41650.92
74317,2023,7,41650.92
74317,2023,8,41650.92
74317,2023,9,41650.92
74317,2023,10,41650.92
74317,2023,11,41650.92
74317,2023,12,41650.92
74317,2024,1,41650.92
74317,2024,2,44008.52
74317,2024,3,44008.52
74317,2024,4,44008.52
74317,2024,5,44008.52
74317,2024,6,44008.52
74317,2024,7,44008.52
74317,2024,8,44008.52
74317,2024,9,44008.52
74317,2024,10,44008.52
74317,2024,11,44008.52
74317,2024,12,44008.52
74317,2025,1,44008.52
74317,2025,2,46366.19
74317,2025,3,46366.19
74317,2025,4,46366.19
74317,2025,5,46366.19
74317,2025,6,46366.19
74317,2025,7,46366.19
74317,2025,8,46366.19
74317,2025,9,46366.19
74317,2025,10,46366.19
74317,2025,11,46366.19
74317,2025,12,46366.19
74317,2026,1,46366.19
74317,2026,2,46366.19
74317,2026,3,46366.19
74317,2026,4,46366.19
74317,2026,5,46366.19
74317,2026,6,46366.19
74317,2026,7,46366.19
74317,2026,8,46366.19
74317,2026,9,46366.19
74356,2023,1,39293.32
74356,2023,2,39293.32
74356,2023,3,39293.32
74356,2023,4,41650.92
74356,2023,5,41650.92
74356,2023,6,41650.92
74356,2023,7,41650.92
74356,2023,8,41650.92
74356,2023,9,41650.92
74356,2023,10,41650.92
74356,2023,11,41650.92
74356,2023,12,41650.92
74356,2024,1,41650.92
74356,2024,2,44008.52
74356,2024,3,44008.52
74356,2024,4,44008.52
74356,2024,5,44008.52
74356,2024,6,44008.52
74356,2024,7,44008.52
74356,2024,8,44008.52
74356,2024,9,44008.52
74356,2024,10,44008.52
74356,2024,11,44008.52
74356,2024,12,44008.52
74356,2025,1,44008.52
74356,2025,2,46366.19
74356,2025,3,46366.19
74356,2025,4,46366.19
74356,2025,5,46366.19
74356,2025,6,46366.19
74356,2025,7,46366.19
74356,2025,8,46366.19
74356,2025,9,46366.19
74356,2025,10,46366.19
74356,2025,11,46366.19
74356,2025,12,46366.19
74356,2026,1,46366.19
74356,2026,2,46366.19
74356,2026,3,46366.19
74356,2026,4,20092.02
74356,2026,5,0.0
74356,2026,8,29365.25
74356,2026,9,46366.19
74371,2023,1,39293.32
74371,2023,2,39293.32
74371,2023,3,39293.32
74371,2023,4,41650.92
74371,2023,5,41650.92
74371,2023,6,41650.92
74371,2023,7,41650.92
74371,2023,8,41650.92
74371,2023,9,41650.92
74371,2023,10,41650.92
74371,2023,11,41650.92
74371,2023,12,41650.92
74371,2024,1,41650.92
74371,2024,2,44008.52
74371,2024,3,44008.52
74371,2024,4,44008.52
74371,2024,5,44008.52
74371,2024,6,44008.52
74371,2024,7,44008.52
74371,2024,8,44008.52
74371,2024,9,44008.52
74371,2024,10,44008.52
74371,2024,11,44008.52
74371,2024,12,44008.52
74371,2025,1,44008.52
74371,2025,2,46366.19
74371,2025,3,46366.19
74371,2025,4,46366.19
74371,2025,5,46366.19
74371,2025,6,46366.19
74371,2025,7,46366.19
74371,2025,8,46366.19
74371,2025,9,46366.19
74371,2025,10,46366.19
74371,2025,11,46366.19
74371,2025,12,46366.19
74371,2026,1,46366.19
74371,2026,2,46366.19
74371,2026,3,46366.19
74371,2026,4,46366.19
74371,2026,5,46366.19
74371,2026,6,46366.19
74371,2026,7,46366.19
74371,2026,8,46366.19
74371,2026,9,46366.19
74374,2023,2,39293.32
74374,2023,3,39293.32
74374,2023,4,41650.92
74374,2023,5,41650.92
74374,2023,6,41650.92
74374,2023,7,41650.92
74374,2023,8,41650.92
74374,2023,9,41650.92
74374,2023,10,41650.92
74374,2023,11,41650.92
74374,2023,12,41650.92
74374,2024,1,41650.92
74374,2024,2,44008.52
74374,2024,3,44008.52
74374,2024,4,44008.52
74374,2024,5,44008.52
74374,2024,6,44008.52
74374,2024,7,44008.52
74374,2024,8,44008.52
74374,2024,9,44008.52
74374,2024,10,44008.52
74374,2024,11,44008.52
74374,2024,12,44008.52
74374,2025,1,44008.52
74374,2025,2,46366.19
74374,2025,3,46366.19
74374,2025,4,46366.19
74374,2025,5,46366.19
74374,2025,6,46366.19
74374,2025,7,46366.19
74374,2025,8,46366.19
74374,2025,9,46366.19
74374,2025,10,46366.19
74374,2025,11,46366.19
74374,2025,12,46366.19
74374,2026,1,46366.19
74374,2026,2,46366.19
74374,2026,3,46366.19
74374,2026,4,46366.19
74374,2026,5,46366.19
74374,2026,6,46366.19
74374,2026,7,46366.19
74374,2026,8,46366.19
74374,2026,9,46366.19
74376,2023,1,39293.32
74376,2023,2,39293.32
74376,2023,3,39293.32
74376,2023,4,41650.92
74376,2023,5,41650.92
74376,2023,6,41650.92
74376,2023,7,41650.92
74376,2023,8,41650.92
74376,2023,9,41650.92
74376,2023,10,41650.92
74376,2023,11,41650.92
74376,2023,12,41650.92
74376,2024,1,41650.92
74376,2024,2,44008.52
74376,2024,3,44008.52
74376,2024,4,44008.52
74376,2024,5,44008.52
74376,2024,6,44008.52
74376,2024,7,44008.52
74376,2024,8,44008.52
74376,2024,9,44008.52
74376,2024,10,44008.52
74376,2024,11,44008.52
74376,2024,12,44008.52
74376,2025,1,44008.52
74376,2025,2,46366.19
74376,2025,3,46366.19
74376,2025,4,46366.19
74376,2025,5,46366.19
74376,2025,6,46366.19
74376,2025,7,46366.19
74376,2025,8,46366.19
74376,2025,9,46366.19
74376,2025,10,46366.19
74376,2025,11,46366.19
74376,2025,12,46366.19
74376,2026,1,46366.19
74376,2026,2,46366.19
74376,2026,3,46366.19
74376,2026,4,46366.19
74376,2026,5,46366.19
74376,2026,6,46366.19
74376,2026,7,46366.19
74376,2026,8,46366.19
74376,2026,9,46366.19
74383,2023,1,39293.32
74383,2023,2,39293.32
74383,2023,3,39293.32
74383,2023,4,41650.92
74383,2023,5,41650.92
74383,2023,6,41650.92
74383,2023,7,41650.92
74383,2023,8,41650.92
74383,2023,9,41650.92
74383,2023,10,41650.92
74383,2023,11,41650.92
74383,2023,12,41650.92
74383,2024,1,41650.92
74383,2024,2,44008.52
74383,2024,3,44008.52
74383,2024,4,44008.52
74383,2024,5,44008.52
74383,2024,6,44008.52
74383,2024,7,44008.52
74383,2024,8,44008.52
74383,2024,9,44008.52
74383,2024,10,44008.52
74383,2024,11,44008.52
74383,2024,12,44008.52
74383,2025,1,44008.52
74383,2025,2,46366.19
74383,2025,3,46366.19
74383,2025,4,46366.19
74383,2025,5,46366.19
74383,2025,6,46366.19
74383,2025,7,46366.19
74383,2025,8,46366.19
74383,2025,9,46366.19
74383,2025,10,46366.19
74383,2025,11,46366.19
74383,2025,12,46366.19
74383,2026,1,46366.19
74383,2026,2,46366.19
74383,2026,3,46366.19
74383,2026,4,46366.19
74383,2026,5,46366.19
74383,2026,6,46366.19
74383,2026,7,46366.19
74383,2026,8,46366.19
74383,2026,9,46366.19
74398,2023,1,39293.32
74398,2023,2,39293.32
74398,2023,3,39293.32
74398,2023,4,41650.92
74398,2023,5,41650.92
74398,2023,6,41650.92
74398,2023,7,41650.92
74398,2023,8,41650.92
74398,2023,9,41650.92
74398,2023,10,41650.92
74398,2023,11,41650.92
74398,2023,12,41650.92
74398,2024,1,41650.92
74398,2024,2,44008.52
74398,2024,3,44008.52
74398,2024,4,44008.52
74398,2024,5,44008.52
74398,2024,6,44008.52
74398,2024,7,44008.52
74398,2024,8,44008.52
74398,2024,9,44008.52
74398,2024,10,44008.52
74398,2024,11,44008.52
74398,2024,12,44008.52
74398,2025,1,44008.52
74398,2025,2,46366.19
74398,2025,3,46366.19
74398,2025,4,46366.19
74398,2025,5,46366.19
74398,2025,6,46366.19
74398,2025,7,46366.19
74398,2025,8,46366.19
74398,2025,9,46366.19
74398,2025,10,46366.19
74398,2025,11,46366.19
74398,2025,12,46366.19
74398,2026,1,46366.19
74398,2026,2,46366.19
74398,2026,3,46366.19
74398,2026,4,46366.19
74398,2026,5,46366.19
74398,2026,6,46366.19
74398,2026,7,46366.19
74398,2026,8,46366.19
74398,2026,9,46366.19
74400,2023,1,39293.32
74400,2023,2,39293.32
74400,2023,3,39293.32
74400,2023,4,41650.92
74400,2023,5,41650.92
74400,2023,6,41650.92
74400,2023,7,41650.92
74400,2023,8,41650.92
74400,2023,9,41650.92
74400,2023,10,41650.92
74400,2023,11,41650.92
74400,2023,12,41650.92
74400,2024,1,41650.92
74400,2024,2,44008.52
74400,2024,3,44008.52
74400,2024,4,44008.52
74400,2024,5,44008.52
74400,2024,6,44008.52
74400,2024,7,44008.52
74400,2024,8,44008.52
74400,2024,9,44008.52
74400,2024,10,44008.52
74400,2024,11,44008.52
74400,2024,12,44008.52
74400,2025,1,44008.52
74400,2025,2,46366.19
74400,2025,3,46366.19
74400,2025,4,46366.19
74400,2025,5,46366.19
74400,2025,6,46366.19
74400,2025,7,46366.19
74400,2025,8,46366.19
74400,2025,9,46366.19
74400,2025,10,46366.19
74400,2025,11,46366.19
74400,2025,12,46366.19
74400,2026,1,46366.19
74400,2026,2,46366.19
74400,2026,3,46366.19
74400,2026,4,46366.19
74400,2026,5,46366.19
74400,2026,6,46366.19
74400,2026,7,46366.19
74400,2026,8,46366.19
74400,2026,9,46366.19
74428,2023,2,39293.32
74428,2023,3,39293.32
74428,2023,4,41650.92
74428,2023,5,41650.92
74428,2023,6,41650.92
74428,2023,7,41650.92
74428,2023,8,41650.92
74428,2023,9,41650.92
74428,2023,10,41650.92
74428,2023,11,41650.92
74428,2023,12,41650.92
74428,2024,1,41650.92
74428,2024,2,44008.52
74428,2024,3,44008.52
74428,2024,4,44008.52
74428,2024,5,44008.52
74428,2024,6,44008.52
74428,2024,7,44008.52
74428,2024,8,44008.52
74428,2024,9,44008.52
74428,2024,10,44008.52
74428,2024,11,44008.52
74428,2024,12,44008.52
74428,2025,1,44008.52
74428,2025,2,46366.19
74428,2025,3,46366.19
74428,2025,4,46366.19
74428,2025,5,46366.19
74428,2025,6,46366.19
74428,2025,7,46366.19
74428,2025,8,46366.19
74428,2025,9,46366.19
74428,2025,10,46366.19
74428,2025,11,46366.19
74428,2025,12,46366.19
74428,2026,1,46366.19
74428,2026,2,46366.19
74428,2026,3,46366.19
74428,2026,4,46366.19
74428,2026,5,46366.19
74428,2026,6,46366.19
74428,2026,7,46366.19
74428,2026,8,46366.19
74428,2026,9,46366.19
74454,2023,2,39293.32
74454,2023,3,39293.32
74454,2023,4,41650.92
74454,2023,5,41650.92
74454,2023,6,41650.92
74454,2023,7,41650.92
74454,2023,8,41650.92
74454,2023,9,41650.92
74454,2023,10,41650.92
74454,2023,11,41650.92
74454,2023,12,41650.92
74454,2024,1,41650.92
74454,2024,2,44008.52
74454,2024,3,44008.52
74454,2024,4,44008.52
74454,2024,5,44008.52
74454,2024,6,44008.52
74454,2024,7,44008.52
74454,2024,8,44008.52
74454,2024,9,44008.52
74454,2024,10,44008.52
74454,2024,11,44008.52
74454,2024,12,44008.52
74454,2025,1,44008.52
74454,2025,2,46366.19
74454,2025,3,46366.19
74454,2025,4,46366.19
74454,2025,5,46366.19
74454,2025,6,18546.48
74454,2025,10,30910.79
74454,2025,11,46366.19
74454,2025,12,43995.18
74454,2026,1,46366.19
74454,2026,2,46366.19
74454,2026,3,46366.19
74454,2026,4,46366.19
74454,2026,5,46366.19
74454,2026,6,46366.19
74454,2026,7,46366.19
74454,2026,8,46366.19
74454,2026,9,46366.19
74467,2023,1,39293.32
74467,2023,2,39293.32
74467,2023,3,39293.32
74467,2023,4,41650.92
74467,2023,5,41650.92
74467,2023,6,41650.92
74467,2023,7,41650.92
74467,2023,8,41650.92
74467,2023,9,41650.92
74467,2023,10,41650.92
74467,2023,11,41650.92
74467,2023,12,41650.92
74467,2024,1,41650.92
74467,2024,2,44008.52
74467,2024,3,44008.52
74467,2024,4,44008.52
74467,2024,5,44008.52
74467,2024,6,44008.52
74467,2024,7,44008.52
74467,2024,8,44008.52
74467,2024,9,44008.52
74467,2024,10,44008.52
74467,2024,11,44008.52
74467,2024,12,44008.52
74467,2025,1,44008.52
74467,2025,2,46366.19
74467,2025,3,46366.19
74467,2025,4,46366.19
74467,2025,5,46366.19
74467,2025,6,46366.19
74467,2025,7,46366.19
74467,2025,8,46366.19
74467,2025,9,46366.19
74467,2025,10,46366.19
74467,2025,11,46366.19
74467,2025,12,46366.19
74467,2026,1,46366.19
74467,2026,2,46366.19
74467,2026,3,46366.19
74467,2026,4,46366.19
74467,2026,5,46366.19
74467,2026,6,46366.19
74467,2026,7,46366.19
74467,2026,8,46366.19
74467,2026,9,46366.19
74478,2023,1,39293.32
74478,2023,2,39293.32
74478,2023,3,39293.32
74478,2023,4,41650.92
74478,2023,5,41650.92
74478,2023,6,41650.92
74478,2023,7,41650.92
74478,2023,8,41650.92
74478,2023,9,41650.92
74478,2023,10,41650.92
74478,2023,11,41650.92
74478,2023,12,41650.92
74478,2024,1,41650.92
74478,2024,2,44008.52
74478,2024,3,44008.52
74478,2024,4,44008.52
74478,2024,5,44008.52
74478,2024,6,44008.52
74478,2024,7,44008.52
74478,2024,8,44008.52
74478,2024,9,44008.52
74478,2024,10,44008.52
74478,2024,11,44008.52
74478,2024,12,44008.52
74478,2025,1,44008.52
74478,2025,2,46366.19
74478,2025,3,46366.19
74478,2025,4,46366.19
74478,2025,5,46366.19
74478,2025,6,46366.19
74478,2025,7,46366.19
74478,2025,8,46366.19
74478,2025,9,46366.19
74478,2025,10,46366.19
74478,2025,11,46366.19
74478,2025,12,46366.19
74478,2026,1,46366.19
74478,2026,2,46366.19
74478,2026,3,46366.19
74478,2026,4,46366.19
74478,2026,5,46366.19
74478,2026,6,46366.19
74478,2026,7,46366.19
74478,2026,8,46366.19
74478,2026,9,46366.19
74537,2023,1,39293.32
74537,2023,2,39293.32
74537,2023,3,39293.32
74537,2023,4,41650.92
74537,2023,5,41650.92
74537,2023,6,41650.92
74537,2023,7,41650.92
74537,2023,8,41650.92
74537,2023,9,41650.92
74537,2023,10,41650.92
74537,2023,11,41650.92
74537,2023,12,41650.92
74537,2024,1,41650.92
74537,2024,2,44008.52
74537,2024,3,44008.52
74537,2024,4,44008.52
74537,2024,5,44008.52
74537,2024,6,44008.52
74537,2024,7,44008.52
74537,2024,8,44008.52
74537,2024,9,44008.52
74537,2024,10,44008.52
74537,2024,11,44008.52
74537,2024,12,44008.52
74537,2025,1,44008.52
74537,2025,2,46366.19
74537,2025,3,46366.19
74537,2025,4,46366.19
74537,2025,5,46366.19
74537,2025,6,46366.19
74537,2025,7,46366.19
74537,2025,8,46366.19
74537,2025,9,46366.19
74537,2025,10,46366.19
74537,2025,11,46366.19
74537,2025,12,46366.19
74537,2026,1,46366.19
74537,2026,2,46366.19
74537,2026,3,46366.19
74537,2026,4,46366.19
74537,2026,5,46366.19
74537,2026,6,46366.19
74537,2026,7,46366.19
74537,2026,8,46366.19
74537,2026,9,46366.19
74550,2023,1,25821.32
74550,2023,2,39293.32
74550,2023,3,39293.32
74550,2023,4,41650.92
74550,2023,5,41650.92
74550,2023,6,41650.92
74550,2023,7,41650.92
74550,2023,8,41650.92
74550,2023,9,41650.92
74550,2023,10,41650.92
74550,2023,11,41650.92
74550,2023,12,41650.92
74550,2024,1,41650.92
74550,2024,2,44008.52
74550,2024,3,44008.52
74550,2024,4,44008.52
74550,2024,5,44008.52
74550,2024,6,44008.52
74550,2024,7,44008.52
74550,2024,8,44008.52
74550,2024,9,44008.52
74550,2024,10,44008.52
74550,2024,11,44008.52
74550,2024,12,44008.52
74550,2025,1,44008.52
74550,2025,2,46366.19
74550,2025,3,46366.19
74550,2025,4,46366.19
74550,2025,5,46366.19
74550,2025,6,46366.19
74550,2025,7,46366.19
74550,2025,8,46366.19
74550,2025,9,46366.19
74550,2025,10,46366.19
74550,2025,11,46366.19
74550,2025,12,46366.19
74550,2026,1,46366.19
74550,2026,2,46366.19
74550,2026,3,46366.19
74550,2026,4,46366.19
74550,2026,5,46366.19
74550,2026,6,46366.19
74550,2026,7,46366.19
74550,2026,8,46366.19
74550,2026,9,46366.19
74554,2023,1,39293.32
74554,2023,2,39293.32
74554,2023,3,39293.32
74554,2023,4,41650.92
74554,2023,5,41650.92
74554,2023,6,41650.92
74554,2023,7,41650.92
74554,2023,8,41650.92
74554,2023,9,41650.92
74554,2023,10,41650.92
74554,2023,11,41650.92
74554,2023,12,41650.92
74554,2024,1,41650.92
74554,2024,2,44008.52
74554,2024,3,44008.52
74554,2024,4,44008.52
74554,2024,5,44008.52
74554,2024,6,44008.52
74554,2024,7,44008.52
74554,2024,8,44008.52
74554,2024,9,44008.52
74554,2024,10,44008.52
74554,2024,11,44008.52
74554,2024,12,44008.52
74554,2025,1,44008.52
74554,2025,2,46366.19
74554,2025,3,46366.19
74554,2025,4,46366.19
74554,2025,5,46366.19
74554,2025,6,46366.19
74554,2025,7,46366.19
74554,2025,8,46366.19
74554,2025,9,46366.19
74554,2025,10,46366.19
74554,2025,11,46366.19
74554,2025,12,46366.19
74554,2026,1,46366.19
74554,2026,2,46366.19
74554,2026,3,46366.19
74554,2026,4,46366.19
74554,2026,5,46366.19
74554,2026,6,46366.19
74554,2026,7,46366.19
74554,2026,8,46366.19
74554,2026,9,46366.19
74574,2023,1,2619.55
74574,2023,2,39293.32
74574,2023,3,39293.32
74574,2023,4,41650.92
74574,2023,5,41650.92
74574,2023,6,41650.92
74574,2023,7,41650.92
74574,2023,8,41650.92
74574,2023,9,41650.92
74574,2023,10,41650.92
74574,2023,11,41650.92
74574,2023,12,41650.92
74574,2024,1,41650.92
74574,2024,2,44008.52
74574,2024,3,44008.52
74574,2024,4,44008.52
74574,2024,5,44008.52
74574,2024,6,44008.52
74574,2024,7,44008.52
74574,2024,8,44008.52
74574,2024,9,44008.52
74574,2024,10,44008.52
74574,2024,11,44008.52
74574,2024,12,44008.52
74574,2025,1,44008.52
74574,2025,2,46366.19
74574,2025,3,46366.19
74574,2025,4,46366.19
74574,2025,5,46366.19
74574,2025,6,46366.19
74574,2025,7,46366.19
74574,2025,8,46366.19
74574,2025,9,46366.19
74574,2025,10,46366.19
74574,2025,11,46366.19
74574,2025,12,46366.19
74574,2026,1,46366.19
74574,2026,2,46366.19
74574,2026,3,46366.19
74574,2026,4,46366.19
74574,2026,5,46366.19
74574,2026,6,46366.19
74574,2026,7,46366.19
74574,2026,8,46366.19
74574,2026,9,46366.19
74581,2026,9,24728.63
74585,2023,1,39293.32
74585,2023,2,39293.32
74585,2023,3,39293.32
74585,2023,4,41650.92
74585,2023,5,41650.92
74585,2023,6,41650.92
74585,2023,7,41650.92
74585,2023,8,41650.92
74585,2023,9,41650.92
74585,2023,10,41650.92
74585,2023,11,41650.92
74585,2023,12,41650.92
74585,2024,1,41650.92
74585,2024,2,44008.52
74585,2024,3,44008.52
74585,2024,4,44008.52
74585,2024,5,44008.52
74585,2024,6,44008.52
74585,2024,7,44008.52
74585,2024,8,44008.52
74585,2024,9,44008.52
74585,2024,10,44008.52
74585,2024,11,44008.52
74585,2024,12,44008.52
74585,2025,1,44008.52
74585,2025,2,46366.19
74585,2025,3,46366.19
74585,2025,4,46366.19
74585,2025,5,46366.19
74585,2025,6,46366.19
74585,2025,7,46366.19
74585,2025,8,46366.19
74585,2025,9,46366.19
74585,2025,10,46366.19
74585,2025,11,46366.19
74585,2025,12,46366.19
74585,2026,1,46366.19
74585,2026,2,46366.19
74585,2026,3,46366.19
74585,2026,4,46366.19
74585,2026,5,46366.19
74585,2026,6,46366.19
74585,2026,7,46366.19
74585,2026,8,46366.19
74585,2026,9,46366.19
74646,2023,1,39293.32
74646,2023,2,39293.32
74646,2023,3,39293.32
74646,2023,4,41650.92
74646,2023,5,41650.92
74646,2023,6,41650.92
74646,2023,7,41650.92
74646,2023,8,41650.92
74646,2023,9,41650.92
74646,2023,10,41650.92
74646,2023,11,41650.92
74646,2023,12,41650.92
74646,2024,1,41650.92
74646,2024,2,44008.52
74646,2024,3,44008.52
74646,2024,4,44008.52
74646,2024,5,44008.52
74646,2024,6,44008.52
74646,2024,7,44008.52
74646,2024,8,44008.52
74646,2024,9,44008.52
74646,2024,10,44008.52
74646,2024,11,44008.52
74646,2024,12,44008.52
74646,2025,1,44008.52
74646,2025,2,46366.19
74646,2025,3,46366.19
74646,2025,4,46366.19
74646,2025,5,46366.19
74646,2025,6,46366.19
74646,2025,7,46366.19
74646,2025,8,46366.19
74646,2025,9,46366.19
74646,2025,10,46366.19
74646,2025,11,46366.19
74646,2025,12,46366.19
74646,2026,1,46366.19
74646,2026,2,46366.19
74646,2026,3,46366.19
74646,2026,4,46366.19
74646,2026,5,46366.19
74646,2026,6,46366.19
74646,2026,7,46366.19
74646,2026,8,46366.19
74646,2026,9,46366.19
74696,2023,2,39293.32
74696,2023,3,39293.32
74696,2023,4,41650.92
74696,2023,5,41650.92
74696,2023,6,41650.92
74696,2023,7,41650.92
74696,2023,8,41650.92
74696,2023,9,41650.92
74696,2023,10,41650.92
74696,2023,11,41650.92
74696,2023,12,41650.92
74696,2024,1,41650.92
74696,2024,2,44008.52
74696,2024,3,44008.52
74696,2024,4,44008.52
74696,2024,5,44008.52
74696,2024,6,44008.52
74696,2024,7,44008.52
74696,2024,8,44008.52
74696,2024,9,44008.52
74696,2024,10,44008.52
74696,2024,11,44008.52
74696,2024,12,44008.52
74696,2025,2,0.0
74784,2023,1,39293.32
74784,2023,2,39293.32
74784,2023,3,39293.32
74784,2023,4,41650.92
74784,2023,5,41650.92
74784,2023,6,41650.92
74784,2023,7,41650.92
74784,2023,8,41650.92
74784,2023,9,41650.92
74784,2023,10,41650.92
74784,2023,11,41650.92
74784,2023,12,41650.92
74784,2024,1,41650.92
74784,2024,2,44008.52
74784,2024,3,44008.52
74784,2024,4,44008.52
74784,2024,5,44008.52
74784,2024,6,44008.52
74784,2024,7,44008.52
74784,2024,8,44008.52
74784,2024,9,44008.52
74784,2024,10,44008.52
74784,2024,11,44008.52
74784,2024,12,44008.52
74784,2025,1,44008.52
74784,2025,2,46366.19
74784,2025,3,46366.19
74784,2025,4,46366.19
74784,2025,5,46366.19
74784,2025,6,46366.19
74784,2025,7,46366.19
74784,2025,8,46366.19
74784,2025,9,46366.19
74784,2025,10,46366.19
74784,2025,11,46366.19
74784,2025,12,46366.19
74784,2026,1,46366.19
74784,2026,2,46366.19
74784,2026,3,46366.19
74784,2026,4,46366.19
74784,2026,5,46366.19
74784,2026,6,46366.19
74784,2026,7,46366.19
74784,2026,8,46366.19
74784,2026,9,46366.19
74848,2023,1,39293.32
74848,2023,2,39293.32
74848,2023,3,39293.32
74848,2023,4,41650.92
74848,2023,5,41650.92
74848,2023,6,41650.92
74848,2023,7,41650.92
74848,2023,8,41650.92
74848,2023,9,41650.92
74848,2023,10,41650.92
74848,2023,11,41650.92
74848,2023,12,41650.92
74848,2024,1,41650.92
74848,2024,2,44008.52
74848,2024,3,44008.52
74848,2024,4,44008.52
74848,2024,5,44008.52
74848,2024,6,44008.52
74848,2024,7,44008.52
74848,2024,8,44008.52
74848,2024,9,44008.52
74848,2024,10,44008.52
74848,2024,11,44008.52
74848,2024,12,44008.52
74848,2025,1,44008.52
74848,2025,2,46366.19
74848,2025,3,46366.19
74848,2025,4,46366.19
74848,2025,5,46366.19
74848,2025,6,46366.19
74848,2025,7,46366.19
74848,2025,8,46366.19
74848,2025,9,46366.19
74848,2025,10,46366.19
74848,2025,11,46366.19
74848,2025,12,46366.19
74848,2026,1,46366.19
74848,2026,2,46366.19
74848,2026,3,46366.19
74848,2026,4,46366.19
74848,2026,5,46366.19
74848,2026,6,46366.19
74848,2026,7,46366.19
74848,2026,8,46366.19
74848,2026,9,46366.19
74856,2023,2,39293.32
74856,2023,3,39293.32
74856,2023,4,41650.92
74856,2023,5,41650.92
74856,2023,6,41650.92
74856,2023,7,41650.92
74856,2023,8,41650.92
74856,2023,9,41650.92
74856,2023,10,41650.92
74856,2023,11,41650.92
74856,2023,12,41650.92
74856,2024,1,41650.92
74856,2024,2,44008.52
74856,2024,3,44008.52
74856,2024,4,44008.52
74856,2024,5,44008.52
74856,2024,6,44008.52
74856,2024,7,44008.52
74856,2024,8,44008.52
74856,2024,9,44008.52
74856,2024,10,44008.52
74856,2024,11,44008.52
74856,2024,12,44008.52
74856,2025,1,44008.52
74856,2025,2,46366.19
74856,2025,3,46366.19
74856,2025,4,46366.19
74856,2025,5,46366.19
74856,2025,6,46366.19
74856,2025,7,46366.19
74856,2025,8,46366.19
74856,2025,9,46366.19
74856,2025,10,46366.19
74856,2025,11,46366.19
74856,2025,12,46366.19
74856,2026,1,46366.19
74856,2026,2,46366.19
74856,2026,3,46366.19
74856,2026,4,46366.19
74856,2026,5,46366.19
74856,2026,6,46366.19
74856,2026,7,46366.19
74856,2026,8,46366.19
74856,2026,9,46366.19
74858,2023,2,39293.32
74858,2023,3,39293.32
74858,2023,4,41650.92
74858,2023,5,41650.92
74858,2023,6,41650.92
74858,2023,7,41650.92
74858,2023,8,41650.92
74858,2023,9,41650.92
74858,2023,10,41650.92
74858,2023,11,41650.92
74858,2023,12,41650.92
74858,2024,1,41650.92
74858,2024,2,44008.52
74858,2024,3,44008.52
74858,2024,4,44008.52
74858,2024,5,44008.52
74858,2024,6,44008.52
74858,2024,7,44008.52
74858,2024,8,44008.52
74858,2024,9,44008.52
74858,2024,10,44008.52
74858,2024,11,44008.52
74858,2024,12,44008.52
74858,2025,1,44008.52
74858,2025,2,46366.19
74858,2025,3,46366.19
74858,2025,4,46366.19
74858,2025,5,46366.19
74858,2025,6,46366.19
74858,2025,7,46366.19
74858,2025,8,46366.19
74858,2025,9,46366.19
74858,2025,10,46366.19
74858,2025,11,46366.19
74858,2025,12,46366.19
74858,2026,1,46366.19
74858,2026,2,46366.19
74858,2026,3,46366.19
74858,2026,4,46366.19
74858,2026,5,46366.19
74858,2026,6,46366.19
74858,2026,7,46366.19
74858,2026,8,46366.19
74858,2026,9,46366.19
77003,2025,12,46366.19
77003,2026,1,46366.19
77003,2026,2,46366.19
77003,2026,3,27819.71
77003,2026,4,0.0
80815,2023,2,39293.32
80815,2023,3,39293.32
80815,2023,4,41650.92
80815,2023,5,41650.92
80815,2023,6,41650.92
80815,2023,7,41650.92
80815,2023,8,41650.92
80815,2023,9,41650.92
80815,2023,10,41650.92
80815,2023,11,41650.92
80815,2023,12,41650.92
80815,2024,1,41650.92
80815,2024,2,44008.52
80815,2024,3,44008.52
80815,2024,4,44008.52
80815,2024,5,44008.52
80815,2024,6,44008.52
80815,2024,7,44008.52
80815,2024,8,44008.52
80815,2024,9,44008.52
80815,2024,10,44008.52
80815,2024,11,44008.52
80815,2024,12,44008.52
80815,2025,1,44008.52
80815,2025,2,46366.19
80815,2025,3,46366.19
80815,2025,4,46366.19
80815,2025,5,46366.19
80815,2025,6,46366.19
80815,2025,7,46366.19
80815,2025,8,46366.19
80815,2025,9,46366.19
80815,2025,10,46366.19
80815,2025,11,46366.19
80815,2025,12,46366.19
80815,2026,1,46366.19
80815,2026,2,46366.19
80815,2026,3,46366.19
80815,2026,4,46366.19
80815,2026,5,46366.19
80815,2026,6,46366.19
80815,2026,7,0.0
81055,2023,1,39293.32
81055,2023,2,39293.32
81055,2023,3,39293.32
81055,2023,4,41650.92
81055,2023,5,41650.92
81055,2023,6,41650.92
81055,2023,7,41650.92
81055,2023,8,41650.92
81055,2023,9,41650.92
81055,2023,10,41650.92
81055,2023,11,41650.92
81055,2023,12,41650.92
81055,2024,1,41650.92
81055,2024,2,44008.52
81055,2024,3,44008.52
81055,2024,4,44008.52
81055,2024,5,44008.52
81055,2024,6,44008.52
81055,2024,7,44008.52
81055,2024,8,44008.52
81055,2024,9,44008.52
81055,2024,10,44008.52
81055,2024,11,44008.52
81055,2024,12,44008.52
81055,2025,1,44008.52
81055,2025,2,46366.19
81055,2025,3,46366.19
81055,2025,4,46366.19
81055,2025,5,46366.19
81055,2025,6,46366.19
81055,2025,7,46366.19
81055,2025,8,46366.19
81055,2025,9,46366.19
81055,2025,10,46366.19
81055,2025,11,46366.19
81055,2025,12,46366.19
81055,2026,1,46366.19
81055,2026,2,46366.19
81055,2026,3,46366.19
81055,2026,4,46366.19
81055,2026,5,46366.19
81055,2026,6,46366.19
81055,2026,7,46366.19
81055,2026,8,46366.19
81055,2026,9,46366.19
88256,2023,2,39293.32
88256,2023,3,39293.32
88256,2023,4,41650.92
88256,2023,5,41650.92
88256,2023,6,41650.92
88256,2023,7,41650.92
88256,2023,8,41650.92
88256,2023,9,41650.92
88256,2023,10,41650.92
88256,2023,11,41650.92
88256,2023,12,41650.92
88256,2024,1,41650.92
88256,2024,2,44008.52
88256,2024,3,44008.52
88256,2024,4,44008.52
88256,2024,5,44008.52
88256,2024,6,44008.52
88256,2024,7,44008.52
88256,2024,8,44008.52
88256,2024,9,44008.52
88256,2024,10,44008.52
88256,2024,11,44008.52
88256,2024,12,44008.52
88256,2025,1,44008.52
88256,2025,2,46366.19
88256,2025,3,46366.19
88256,2025,4,46366.19
88256,2025,5,46366.19
88256,2025,6,46366.19
88256,2025,7,46366.19
88256,2025,8,46366.19
88256,2025,9,46366.19
88256,2025,10,46366.19
88256,2025,11,46366.19
88256,2025,12,46366.19
88256,2026,1,46366.19
88256,2026,2,46366.19
88256,2026,3,46366.19
88256,2026,4,46366.19
88256,2026,5,46366.19
88256,2026,6,46366.19
88256,2026,7,46366.19
88256,2026,8,46366.19
88256,2026,9,46366.19
89536,2023,3,32744.43
89536,2023,4,23602.19
89536,2023,5,31932.37
89536,2023,6,41650.92
89536,2023,7,16660.37
89536,2023,8,41650.92
89536,2023,9,41650.92
89536,2023,10,1388.36
89536,2023,11,41650.92
89536,2023,12,41650.92
89536,2024,1,4165.09
91228,2023,2,39293.32
91228,2023,3,39293.32
91228,2023,4,41650.92
91228,2023,5,41650.92
91228,2023,6,41650.92
91228,2023,7,41650.92
91228,2023,8,41650.92
91228,2023,9,41650.92
91228,2023,10,41650.92
91228,2023,11,41650.92
91228,2023,12,41650.92
91228,2024,1,41650.92
91228,2024,2,44008.52
91228,2024,3,44008.52
91228,2024,4,44008.52
91228,2024,5,44008.52
91228,2024,6,44008.52
91228,2024,7,44008.52
91228,2024,8,44008.52
91228,2024,9,44008.52
91228,2024,10,44008.52
91228,2024,11,44008.52
91228,2024,12,44008.52
91228,2025,1,44008.52
91228,2025,2,46366.19
91228,2025,3,46366.19
91228,2025,4,46366.19
91228,2025,5,46366.19
91228,2025,6,46366.19
91228,2025,7,46366.19
91228,2025,8,46366.19
91228,2025,9,46366.19
91228,2025,10,46366.19
91228,2025,11,46366.19
91228,2025,12,46366.19
91228,2026,1,46366.19
91228,2026,2,46366.19
91228,2026,3,46366.19
91228,2026,4,46366.19
91228,2026,5,46366.19
91228,2026,6,46366.19
91228,2026,7,46366.19
91228,2026,8,46366.19
91228,2026,9,46366.19
92102,2023,1,39293.32
92102,2023,2,39293.32
92102,2023,3,39293.32
92102,2023,4,41650.92
92102,2023,5,41650.92
92102,2023,6,41650.92
92102,2023,7,41650.92
92102,2023,8,41650.92
92102,2023,9,41650.92
92102,2023,10,41650.92
92102,2023,11,41650.92
92102,2023,12,41650.92
92102,2024,1,41650.92
92102,2024,2,44008.52
92102,2024,3,44008.52
92102,2024,4,44008.52
92102,2024,5,44008.52
92102,2024,6,44008.52
92102,2024,7,44008.52
92102,2024,8,44008.52
92102,2024,9,44008.52
92102,2024,10,44008.52
92102,2024,11,44008.52
92102,2024,12,44008.52
92102,2025,1,44008.52
92102,2025,2,46366.19
92102,2025,3,46366.19
92102,2025,4,46366.19
92102,2025,5,46366.19
92102,2025,6,46366.19
92102,2025,7,46366.19
92102,2025,8,46366.19
92102,2025,9,46366.19
92102,2025,10,46366.19
92102,2025,11,46366.19
92102,2025,12,46366.19
92102,2026,1,46366.19
92102,2026,2,46366.19
92102,2026,3,46366.19
92102,2026,4,46366.19
92102,2026,5,46366.19
92102,2026,6,46366.19
92102,2026,7,46366.19
92102,2026,8,46366.19
92102,2026,9,46366.19
92346,2023,1,39293.32
92346,2023,2,39293.32
92346,2023,3,39293.32
92346,2023,4,41650.92
92346,2023,5,41650.92
92346,2023,6,41650.92
92346,2023,7,41650.92
92346,2023,8,41650.92
92346,2023,9,41650.92
92346,2023,10,41650.92
92346,2023,11,41650.92
92346,2023,12,41650.92
92346,2024,1,41650.92
92346,2024,2,44008.52
92346,2024,3,44008.52
92346,2024,4,44008.52
92346,2024,5,44008.52
92346,2024,6,44008.52
92346,2024,7,44008.52
92346,2024,8,44008.52
92346,2024,9,44008.52
92346,2024,10,44008.52
92346,2024,11,44008.52
92346,2024,12,44008.52
92346,2025,1,44008.52
92346,2025,2,46366.19
92346,2025,3,46366.19
92346,2025,4,0.0
92346,2025,7,17000.94
92699,2023,1,39293.32
92699,2023,2,39293.32
92699,2023,3,39293.32
92699,2023,4,41650.92
92699,2023,5,41650.92
92699,2023,6,41650.92
92699,2023,7,41650.92
92699,2023,8,41650.92
92699,2023,9,41650.92
92699,2023,10,41650.92
92699,2023,11,41650.92
92699,2023,12,41650.92
92699,2024,1,41650.92
92699,2024,2,44008.52
92699,2024,3,44008.52
92699,2024,4,44008.52
92699,2024,5,44008.52
92699,2024,6,44008.52
92699,2024,7,44008.52
92699,2024,8,44008.52
92699,2024,9,44008.52
92699,2024,10,44008.52
92699,2024,11,44008.52
92699,2024,12,44008.52
92699,2025,1,44008.52
92699,2025,2,46366.19
92699,2025,3,46366.19
92699,2025,4,46366.19
92699,2025,5,46366.19
92699,2025,6,46366.19
92699,2025,7,46366.19
92699,2025,8,46366.19
92699,2025,9,46366.19
92699,2025,10,46366.19
92699,2025,11,46366.19
92699,2025,12,46366.19
92699,2026,1,46366.19
92699,2026,2,46366.19
92699,2026,3,46366.19
92699,2026,4,46366.19
92699,2026,5,46366.19
92699,2026,6,46366.19
92699,2026,7,46366.19
92699,2026,8,46366.19
92699,2026,9,46366.19
92776,2023,1,39293.32
92776,2023,2,39293.32
92776,2023,3,39293.32
92776,2023,4,41650.92
92776,2023,5,41650.92
92776,2023,6,41650.92
92776,2023,7,41650.92
92776,2023,8,41650.92
92776,2023,9,41650.92
92776,2023,10,41650.92
92776,2023,11,41650.92
92776,2023,12,41650.92
92776,2024,1,41650.92
92776,2024,2,44008.52
92776,2024,3,44008.52
92776,2024,4,44008.52
92776,2024,5,44008.52
92776,2024,6,44008.52
92776,2024,7,44008.52
92776,2024,8,44008.52
92776,2024,9,44008.52
92776,2024,10,44008.52
92776,2024,11,44008.52
92776,2024,12,44008.52
92776,2025,1,44008.52
92776,2025,2,46366.19
92776,2025,3,46366.19
92776,2025,4,46366.19
92776,2025,5,46366.19
92776,2025,6,46366.19
92776,2025,7,46366.19
92776,2025,8,46366.19
92776,2025,9,46366.19
92776,2025,10,46366.19
92776,2025,11,46366.19
92776,2025,12,46366.19
92776,2026,1,46366.19
92776,2026,2,46366.19
92776,2026,3,46366.19
92776,2026,4,46366.19
92776,2026,5,46366.19
92776,2026,6,46366.19
92776,2026,7,46366.19
92776,2026,8,46366.19
92776,2026,9,46366.19
98057,2023,1,39293.32
98057,2023,2,39293.32
98057,2023,3,39293.32
98057,2023,4,41650.92
98057,2023,5,41650.92
98057,2023,6,41650.92
98057,2023,7,41650.92
98057,2023,8,41650.92
98057,2023,9,41650.92
98057,2023,10,41650.92
98057,2023,11,41650.92
98057,2023,12,41650.92
98057,2024,1,41650.92
98057,2024,2,44008.52
98057,2024,3,44008.52
98057,2024,4,44008.52
98057,2024,5,44008.52
98057,2024,6,44008.52
98057,2024,7,44008.52
98057,2024,8,44008.52
98057,2024,9,44008.52
98057,2024,10,44008.52
98057,2024,11,44008.52
98057,2024,12,44008.52
98057,2025,1,44008.52
98057,2025,2,46366.19
98057,2025,3,46366.19
98057,2025,4,46366.19
98057,2025,5,46366.19
98057,2025,6,46366.19
98057,2025,7,46366.19
98057,2025,8,46366.19
98057,2025,9,46366.19
98057,2025,10,46366.19
98057,2025,11,46366.19
98057,2025,12,46366.19
98057,2026,1,46366.19
98057,2026,2,46366.19
98057,2026,3,46366.19
98057,2026,4,46366.19
98057,2026,5,46366.19
98057,2026,6,46366.19
98057,2026,7,46366.19
98057,2026,8,46366.19
98057,2026,9,46366.19
98148,2023,2,39293.32
98148,2023,3,39293.32
98148,2023,4,41650.92
98148,2023,5,41650.92
98148,2023,6,41650.92
98148,2023,7,41650.92
98148,2023,8,41650.92
98148,2023,9,41650.92
98148,2023,10,41650.92
98148,2023,11,41650.92
98148,2023,12,41650.92
98148,2024,1,41650.92
98148,2024,2,44008.52
98148,2024,3,44008.52
98148,2024,4,44008.52
98148,2024,5,44008.52
98148,2024,6,44008.52
98148,2024,7,44008.52
98148,2024,8,44008.52
98148,2024,9,44008.52
98148,2024,10,44008.52
98148,2024,11,44008.52
98148,2024,12,44008.52
98148,2025,1,44008.52
98148,2025,2,46366.19
98148,2025,3,46366.19
98148,2025,4,46366.19
98148,2025,5,46366.19
98148,2025,6,46366.19
98148,2025,7,46366.19
98148,2025,8,46366.19
98148,2025,9,46366.19
98148,2025,10,46366.19
98148,2025,11,46366.19
98148,2025,12,46366.19
98148,2026,1,46366.19
98148,2026,2,46366.19
98148,2026,3,46366.19
98148,2026,4,46366.19
98148,2026,5,46366.19
98148,2026,6,46366.19
98148,2026,7,46366.19
98148,2026,8,46366.19
98148,2026,9,46366.19
98615,2023,2,39293.32
98615,2023,3,39293.32
98615,2023,4,41650.92
98615,2023,5,41650.92
98615,2023,6,41650.92
98615,2023,7,41650.92
98615,2023,8,41650.92
98615,2023,9,41650.92
98615,2023,10,41650.92
98615,2023,11,41650.92
98615,2023,12,41650.92
98615,2024,1,41650.92
98615,2024,2,44008.52
98615,2024,3,44008.52
98615,2024,4,44008.52
98615,2024,5,44008.52
98615,2024,6,44008.52
98615,2024,7,44008.52
98615,2024,8,44008.52
98615,2024,9,44008.52
98615,2024,10,44008.52
98615,2024,11,44008.52
98615,2024,12,44008.52
98615,2025,1,44008.52
98615,2025,2,46366.19
98615,2025,3,46366.19
98615,2025,4,46366.19
98615,2025,5,46366.19
98615,2025,6,46366.19
98615,2025,7,46366.19
98615,2025,8,46366.19
98615,2025,9,46366.19
98615,2025,10,46366.19
98615,2025,11,46366.19
98615,2025,12,46366.19
98615,2026,1,46366.19
98615,2026,2,46366.19
98615,2026,3,46366.19
98615,2026,4,46366.19
98615,2026,5,46366.19
98615,2026,6,46366.19
98615,2026,7,46366.19
98615,2026,8,46366.19
98615,2026,9,46366.19
100689,2023,12,27767.28
100689,2024,1,41650.92
100689,2024,2,44008.52
100689,2024,3,44008.52
100689,2024,4,14669.51
100689,2024,5,0.0
103758,2023,3,39293.32
103758,2023,4,41650.92
103758,2023,5,41650.92
103758,2023,6,41650.92
103758,2023,7,41650.92
103758,2023,8,41650.92
103758,2023,9,41650.92
103758,2023,10,41650.92
103758,2023,11,41650.92
103758,2023,12,33320.74
103758,2024,1,41650.92
103758,2024,2,44008.52
103758,2024,3,44008.52
103758,2024,4,44008.52
103758,2024,5,44008.52
103758,2024,6,44008.52
103758,2024,7,44008.52
103758,2024,8,44008.52
103758,2024,9,44008.52
103758,2024,10,34414.24
103758,2024,11,0.0
103758,2024,12,0.0
104552,2023,2,39293.32
104552,2023,3,39293.32
104552,2023,4,41650.92
104552,2023,5,41650.92
104552,2023,6,41650.92
104552,2023,7,41650.92
104552,2023,8,41650.92
104552,2023,9,41650.92
104552,2023,10,41650.92
104552,2023,11,41650.92
104552,2023,12,41650.92
104552,2024,1,41650.92
104552,2024,2,44008.52
104552,2024,3,44008.52
104552,2024,4,44008.52
104552,2024,5,44008.52
104552,2024,6,44008.52
104552,2024,7,44008.52
104552,2024,8,44008.52
104552,2024,9,44008.52
104552,2024,10,44008.52
104552,2024,11,44008.52
104552,2024,12,44008.52
104552,2025,1,44008.52
104552,2025,2,46366.19
104552,2025,3,46366.19
104552,2025,4,46366.19
104552,2025,5,46366.19
104552,2025,6,46366.19
104552,2025,7,46366.19
104552,2025,8,46366.19
104552,2025,9,46366.19
104552,2025,10,46366.19
104552,2025,11,46366.19
104552,2025,12,46366.19
104552,2026,1,46366.19
104552,2026,2,46366.19
104552,2026,3,46366.19
104552,2026,4,46366.19
104552,2026,5,46366.19
104552,2026,6,46366.19
104552,2026,7,46366.19
104552,2026,8,46366.19
104552,2026,9,46366.19
107283,2023,1,39293.32
107283,2023,2,39293.32
107283,2023,3,39293.32
107283,2023,4,41650.92
107283,2023,5,41650.92
107283,2023,6,41650.92
107283,2023,7,41650.92
107283,2023,8,41650.92
107283,2023,9,41650.92
107283,2023,10,41650.92
107283,2023,11,41650.92
107283,2023,12,41650.92
107283,2024,1,41650.92
107283,2024,2,44008.52
107283,2024,3,44008.52
107283,2024,4,44008.52
107283,2024,5,44008.52
107283,2024,6,44008.52
107283,2024,7,44008.52
107283,2024,8,44008.52
107283,2024,9,44008.52
107283,2024,10,44008.52
107283,2024,11,44008.52
107283,2024,12,44008.52
107283,2025,1,44008.52
107283,2025,2,46366.19
107283,2025,3,46366.19
107283,2025,4,46366.19
107283,2025,5,46366.19
107283,2025,6,46366.19
107283,2025,7,46366.19
107283,2025,8,46366.19
107283,2025,9,46366.19
107283,2025,10,46366.19
107283,2025,11,46366.19
107283,2025,12,46366.19
107283,2026,1,46366.19
107283,2026,2,46366.19
107283,2026,3,46366.19
107283,2026,4,46366.19
107283,2026,5,46366.19
107283,2026,6,46366.19
107283,2026,7,46366.19
107283,2026,8,46366.19
107283,2026,9,46366.19
107970,2023,2,39293.32
107970,2023,3,39293.32
107970,2023,4,41650.92
107970,2023,5,41650.92
107970,2023,6,41650.92
107970,2023,7,41650.92
107970,2023,8,41650.92
107970,2023,9,41650.92
107970,2023,10,41650.92
107970,2023,11,41650.92
107970,2023,12,41650.92
107970,2024,1,41650.92
107970,2024,2,44008.52
107970,2024,3,44008.52
107970,2024,4,44008.52
107970,2024,5,44008.52
107970,2024,6,44008.52
107970,2024,7,44008.52
107970,2024,8,44008.52
107970,2024,9,44008.52
107970,2024,10,44008.52
107970,2024,11,44008.52
107970,2024,12,44008.52
107970,2025,1,44008.52
107970,2025,2,46366.19
107970,2025,3,46366.19
107970,2025,4,46366.19
107970,2025,5,46366.19
107970,2025,6,46366.19
107970,2025,7,46366.19
107970,2025,8,46366.19
107970,2025,9,46366.19
107970,2025,10,46366.19
107970,2025,11,46366.19
107970,2025,12,46366.19
107970,2026,1,46366.19
107970,2026,2,46366.19
107970,2026,3,46366.19
107970,2026,4,46366.19
107970,2026,5,46366.19
107970,2026,6,46366.19
107970,2026,7,46366.19
107970,2026,8,46366.19
107970,2026,9,46366.19
109429,2023,1,39293.32
109429,2023,2,39293.32
109429,2023,3,39293.32
109429,2023,4,41650.92
109429,2023,5,41650.92
109429,2023,6,41650.92
109429,2023,7,41650.92
109429,2023,8,41650.92
109429,2023,9,41650.92
109429,2023,10,41650.92
109429,2023,11,41650.92
109429,2023,12,41650.92
109429,2024,1,41650.92
109429,2024,2,44008.52
109429,2024,3,44008.52
109429,2024,4,44008.52
109429,2024,5,44008.52
109429,2024,6,44008.52
109429,2024,7,44008.52
109429,2024,8,44008.52
109429,2024,9,44008.52
109429,2024,10,44008.52
109429,2024,11,44008.52
109429,2024,12,44008.52
109429,2025,1,44008.52
109429,2025,2,46366.19
109429,2025,3,46366.19
109429,2025,4,46366.19
109429,2025,5,46366.19
109429,2025,6,46366.19
109429,2025,7,46366.19
109429,2025,8,46366.19
109429,2025,9,46366.19
109429,2025,10,46366.19
109429,2025,11,46366.19
109429,2025,12,46366.19
109429,2026,1,46366.19
109429,2026,2,46366.19
109429,2026,3,46366.19
109429,2026,4,46366.19
109429,2026,5,46366.19
109429,2026,6,46366.19
109429,2026,7,46366.19
109429,2026,8,46366.19
109429,2026,9,46366.19
115200,2024,1,38874.19
115200,2024,2,44008.52
115200,2024,3,44008.52
115200,2024,4,44008.52
115200,2024,5,11735.61
115200,2024,6,0.0
115200,2026,6,46366.19
115200,2026,7,46366.19
115200,2026,8,46366.19
115200,2026,9,40184.03
116379,2023,1,39293.32
116379,2023,8,41650.92
116379,2023,9,41650.92
116379,2023,10,41650.92
116379,2023,11,41650.92
116379,2023,12,41650.92
116379,2024,1,41650.92
116379,2024,2,44008.52
116379,2024,3,44008.52
116379,2024,4,44008.52
116379,2024,5,44008.52
116379,2024,6,5867.8
116379,2024,7,41074.62
116379,2024,8,44008.52
116379,2024,9,44008.52
116379,2024,10,44008.52
116379,2024,11,1466.95
116379,2024,12,0.0
121948,2023,1,39293.32
121948,2023,2,39293.32
121948,2023,3,39293.32
121948,2023,4,41650.92
121948,2023,5,41650.92
121948,2023,6,41650.92
121948,2023,7,41650.92
121948,2023,8,41650.92
121948,2023,9,41650.92
121948,2023,10,41650.92
121948,2023,11,41650.92
121948,2023,12,41650.92
121948,2024,1,41650.92
121948,2024,2,44008.52
121948,2024,3,44008.52
121948,2024,4,44008.52
121948,2024,5,44008.52
121948,2024,6,44008.52
121948,2024,7,44008.52
121948,2024,8,44008.52
121948,2024,9,44008.52
121948,2024,10,44008.52
121948,2024,11,44008.52
121948,2024,12,44008.52
121948,2025,1,44008.52
121948,2025,2,46366.19
121948,2025,3,46366.19
121948,2025,4,46366.19
121948,2025,5,46366.19
121948,2025,6,46366.19
121948,2025,7,46366.19
121948,2025,8,46366.19
121948,2025,9,46366.19
121948,2025,10,46366.19
121948,2025,11,46366.19
121948,2025,12,46366.19
121948,2026,1,46366.19
121948,2026,2,46366.19
121948,2026,3,46366.19
121948,2026,4,46366.19
121948,2026,5,46366.19
121948,2026,6,46366.19
121948,2026,7,46366.19
121948,2026,8,46366.19
121948,2026,9,46366.19
122158,2023,1,39293.32
122158,2023,2,39293.32
122158,2023,3,39293.32
122158,2023,4,41650.92
122158,2023,5,41650.92
122158,2023,6,41650.92
122158,2023,7,41650.92
122158,2023,8,41650.92
122158,2023,9,41650.92
122158,2023,10,41650.92
122158,2023,11,41650.92
122158,2023,12,41650.92
122158,2024,1,41650.92
122158,2024,2,44008.52
122158,2024,3,44008.52
122158,2024,4,44008.52
122158,2024,5,44008.52
122158,2024,6,44008.52
122158,2024,7,44008.52
122158,2024,8,44008.52
122158,2024,9,44008.52
122158,2024,10,44008.52
122158,2024,11,44008.52
122158,2024,12,44008.52
122158,2025,1,44008.52
122158,2025,2,46366.19
122158,2025,3,46366.19
122158,2025,4,46366.19
122158,2025,5,46366.19
122158,2025,6,46366.19
122158,2025,7,46366.19
122158,2025,8,46366.19
122158,2025,9,46366.19
122158,2025,10,46366.19
122158,2025,11,46366.19
122158,2025,12,46366.19
122158,2026,1,46366.19
122158,2026,2,46366.19
122158,2026,3,46366.19
122158,2026,4,46366.19
122158,2026,5,46366.19
122158,2026,6,46366.19
122158,2026,7,46366.19
122158,2026,8,46366.19
122158,2026,9,46366.19
122195,2024,7,44008.52
122195,2024,8,44008.52
122195,2024,9,44008.52
122195,2024,10,22004.26
122195,2024,11,0.0
122195,2026,7,35547.41
122195,2026,8,46366.19
122195,2026,9,46366.19
122974,2023,1,39293.32
122974,2023,2,39293.32
122974,2023,3,39293.32
122974,2023,4,41650.92
122974,2023,5,41650.92
122974,2023,6,41650.92
122974,2023,7,41650.92
122974,2023,8,41650.92
122974,2023,9,41650.92
122974,2023,10,41650.92
122974,2023,11,41650.92
122974,2023,12,41650.92
122974,2024,1,41650.92
122974,2024,2,44008.52
122974,2024,3,44008.52
122974,2024,4,44008.52
122974,2024,5,44008.52
122974,2024,6,44008.52
122974,2024,7,44008.52
122974,2024,8,44008.52
122974,2024,9,44008.52
122974,2024,10,44008.52
122974,2024,11,44008.52
122974,2024,12,44008.52
122974,2025,1,44008.52
122974,2025,2,46366.19
122974,2025,3,46366.19
122974,2025,4,46366.19
122974,2025,5,46366.19
122974,2025,6,46366.19
122974,2025,7,46366.19
122974,2025,8,46366.19
122974,2025,9,46366.19
122974,2025,10,46366.19
122974,2025,11,46366.19
122974,2025,12,46366.19
122974,2026,1,46366.19
122974,2026,2,46366.19
122974,2026,3,46366.19
122974,2026,4,46366.19
122974,2026,5,46366.19
122974,2026,6,46366.19
122974,2026,7,46366.19
122974,2026,8,46366.19
122974,2026,9,46366.19
123086,2023,2,39293.32
123086,2023,3,39293.32
123086,2023,4,41650.92
123086,2023,5,41650.92
123086,2023,6,41650.92
123086,2023,7,41650.92
123086,2023,8,41650.92
123086,2023,9,41650.92
123086,2023,10,41650.92
123086,2023,11,41650.92
123086,2023,12,41650.92
123086,2024,1,41650.92
123086,2024,2,44008.52
123086,2024,3,44008.52
123086,2024,4,44008.52
123086,2024,5,44008.52
123086,2024,6,44008.52
123086,2024,7,44008.52
123086,2024,8,44008.52
123086,2024,9,44008.52
123086,2024,10,44008.52
123086,2024,11,44008.52
123086,2024,12,44008.52
123086,2025,1,44008.52
123086,2025,2,46366.19
123086,2025,3,46366.19
123086,2025,4,46366.19
123086,2025,5,46366.19
123086,2025,6,46366.19
123086,2025,7,46366.19
123086,2025,8,46366.19
123086,2025,9,46366.19
123086,2025,10,46366.19
123086,2025,11,46366.19
123086,2025,12,46366.19
123086,2026,1,46366.19
123086,2026,2,46366.19
123086,2026,3,46366.19
123086,2026,4,46366.19
123086,2026,5,46366.19
123086,2026,6,46366.19
123086,2026,7,46366.19
123086,2026,8,46366.19
123086,2026,9,46366.19
123756,2023,2,39293.32
123756,2023,3,39293.32
123756,2023,4,41650.92
123756,2023,5,41650.92
123756,2023,6,41650.92
123756,2023,7,41650.92
123756,2023,8,41650.92
123756,2023,9,41650.92
123756,2023,10,41650.92
123756,2023,11,41650.92
123756,2023,12,41650.92
123756,2024,1,41650.92
123756,2024,2,44008.52
123756,2024,3,44008.52
123756,2024,4,44008.52
123756,2024,5,44008.52
123756,2024,6,44008.52
123756,2024,7,44008.52
123756,2024,8,44008.52
123756,2024,9,44008.52
123756,2024,10,44008.52
123756,2024,11,44008.52
123756,2024,12,44008.52
123756,2025,1,44008.52
123756,2025,2,46366.19
123756,2025,3,46366.19
123756,2025,4,46366.19
123756,2025,5,46366.19
123756,2025,6,46366.19
123756,2025,7,46366.19
123756,2025,8,46366.19
123756,2025,9,46366.19
123756,2025,10,46366.19
123756,2025,11,46366.19
123756,2025,12,46366.19
123756,2026,1,46366.19
123756,2026,2,46366.19
123756,2026,3,46366.19
123756,2026,4,46366.19
123756,2026,5,46366.19
123756,2026,6,46366.19
123756,2026,7,46366.19
123756,2026,8,46366.19
123756,2026,9,46366.19
128760,2023,12,37485.83
128760,2024,1,41650.92
128760,2024,2,44008.52
128760,2024,3,44008.52
128760,2024,4,5867.8
128760,2024,5,0.0
128760,2026,2,30910.79
128760,2026,3,46366.19
128760,2026,4,46366.19
128760,2026,5,46366.19
128760,2026,6,15455.4
128760,2026,7,0.0
129618,2026,1,46366.19
129618,2026,2,46366.19
129618,2026,3,46366.19
129618,2026,4,43275.11
129618,2026,5,0.0
132504,2023,1,39293.32
132504,2023,2,39293.32
132504,2023,3,17027.11
132504,2023,4,0.0
133439,2023,1,39293.32
133439,2023,2,39293.32
133439,2023,3,39293.32
133439,2023,4,41650.92
133439,2023,5,41650.92
133439,2023,6,41650.92
133439,2023,7,41650.92
133439,2023,8,41650.92
133439,2023,9,41650.92
133439,2023,10,41650.92
133439,2023,11,41650.92
133439,2023,12,41650.92
133439,2024,1,41650.92
133439,2024,2,44008.52
133439,2024,3,44008.52
133439,2024,4,44008.52
133439,2024,5,44008.52
133439,2024,6,44008.52
133439,2024,7,44008.52
133439,2024,8,44008.52
133439,2024,9,44008.52
133439,2024,10,44008.52
133439,2024,11,44008.52
133439,2024,12,44008.52
133439,2025,1,44008.52
133439,2025,2,46366.19
133439,2025,3,46366.19
133439,2025,4,46366.19
133439,2025,5,46366.19
133439,2025,6,46366.19
133439,2025,7,46366.19
133439,2025,8,46366.19
133439,2025,9,46366.19
133439,2025,10,46366.19
133439,2025,11,46366.19
133439,2025,12,46366.19
133439,2026,1,46366.19
133439,2026,2,46366.19
133439,2026,3,46366.19
133439,2026,4,46366.19
133439,2026,5,46366.19
133439,2026,6,46366.19
133439,2026,7,46366.19
133439,2026,8,46366.19
133439,2026,9,46366.19
133810,2023,1,39293.32
133810,2023,2,39293.32
133810,2023,3,39293.32
133810,2023,4,41650.92
133810,2023,5,41650.92
133810,2023,6,41650.92
133810,2023,7,41650.92
133810,2023,8,41650.92
133810,2023,9,41650.92
133810,2023,10,41650.92
133810,2023,11,41650.92
133810,2023,12,41650.92
133810,2024,1,41650.92
133810,2024,2,44008.52
133810,2024,3,44008.52
133810,2024,4,44008.52
133810,2024,5,44008.52
133810,2024,6,44008.52
133810,2024,7,44008.52
133810,2024,8,44008.52
133810,2024,9,44008.52
133810,2024,10,44008.52
133810,2024,11,44008.52
133810,2024,12,44008.52
133810,2025,1,44008.52
133810,2025,2,46366.19
133810,2025,3,46366.19
133810,2025,4,46366.19
133810,2025,5,46366.19
133810,2025,6,46366.19
133810,2025,7,46366.19
133810,2025,8,46366.19
133810,2025,9,46366.19
133810,2025,10,46366.19
133810,2025,11,46366.19
133810,2025,12,46366.19
133810,2026,1,46366.19
133810,2026,2,46366.19
133810,2026,3,46366.19
133810,2026,4,46366.19
133810,2026,5,46366.19
133810,2026,6,46366.19
133810,2026,7,46366.19
133810,2026,8,46366.19
133810,2026,9,46366.19
136811,2023,1,39293.32
136811,2023,2,39293.32
136811,2023,3,39293.32
136811,2023,4,41650.92
136811,2023,5,41650.92
136811,2023,6,41650.92
136811,2023,7,41650.92
136811,2023,8,41650.92
136811,2023,9,41650.92
136811,2023,10,41650.92
136811,2023,11,41650.92
136811,2023,12,41650.92
136811,2024,1,41650.92
136811,2024,2,44008.52
136811,2024,3,44008.52
136811,2024,4,44008.52
136811,2024,5,44008.52
136811,2024,6,44008.52
136811,2024,7,44008.52
136811,2024,8,44008.52
136811,2024,9,44008.52
136811,2024,10,44008.52
136811,2024,11,44008.52
136811,2024,12,44008.52
136811,2025,1,44008.52
136811,2025,2,46366.19
136811,2025,3,46366.19
136811,2025,4,46366.19
136811,2025,5,46366.19
136811,2025,6,46366.19
136811,2025,7,46366.19
136811,2025,8,46366.19
136811,2025,9,46366.19
136811,2025,10,46366.19
136811,2025,11,46366.19
136811,2025,12,46366.19
136811,2026,1,46366.19
136811,2026,2,46366.19
136811,2026,3,46366.19
136811,2026,4,46366.19
136811,2026,5,46366.19
136811,2026,6,46366.19
136811,2026,7,46366.19
136811,2026,8,46366.19
136811,2026,9,46366.19
137070,2023,1,39293.32
137070,2023,2,39293.32
137070,2023,3,39293.32
137070,2023,4,41650.92
137070,2023,5,41650.92
137070,2023,6,41650.92
137070,2023,7,41650.92
137070,2023,8,41650.92
137070,2023,9,41650.92
137070,2023,10,41650.92
137070,2023,11,41650.92
137070,2023,12,41650.92
137070,2024,1,41650.92
137070,2024,2,44008.52
137070,2024,3,44008.52
137070,2024,4,44008.52
137070,2024,5,44008.52
137070,2024,6,44008.52
137070,2024,7,44008.52
137070,2024,8,44008.52
137070,2024,9,44008.52
137070,2024,10,44008.52
137070,2024,11,44008.52
137070,2024,12,44008.52
137070,2025,1,44008.52
137070,2025,2,46366.19
137070,2025,3,46366.19
137070,2025,4,46366.19
137070,2025,5,46366.19
137070,2025,6,46366.19
137070,2025,7,46366.19
137070,2025,8,46366.19
137070,2025,9,46366.19
137070,2025,10,46366.19
137070,2025,11,46366.19
137070,2025,12,46366.19
137070,2026,1,46366.19
137070,2026,2,46366.19
137070,2026,3,46366.19
137070,2026,4,46366.19
137070,2026,5,46366.19
137070,2026,6,46366.19
137070,2026,7,46366.19
137070,2026,8,46366.19
137070,2026,9,46366.19
138286,2023,5,41650.92
138286,2023,6,41650.92
138286,2023,7,41650.92
138286,2023,8,41650.92
138286,2023,9,41650.92
138286,2023,10,41650.92
138286,2023,11,41650.92
138286,2023,12,41650.92
138286,2024,1,41650.92
138286,2024,2,44008.52
138286,2024,3,44008.52
138286,2024,4,44008.52
138286,2024,5,44008.52
138286,2024,6,7334.75
138286,2024,7,0.0
138286,2024,11,24938.16
138286,2024,12,44008.52
138286,2025,1,44008.52
138286,2025,2,46366.19
138286,2025,3,46366.19
138286,2025,4,46366.19
138286,2025,5,46366.19
138286,2025,6,46366.19
138286,2025,7,46366.19
138286,2025,8,46366.19
138286,2025,9,46366.19
138286,2025,10,46366.19
138286,2025,11,18546.48
138286,2025,12,46366.19
138286,2026,1,46366.19
138286,2026,2,46366.19
138286,2026,3,46366.19
138286,2026,4,7727.7
138286,2026,5,0.0
139285,2023,1,39293.32
139285,2023,2,39293.32
139285,2023,3,39293.32
139285,2023,4,41650.92
139285,2023,5,41650.92
139285,2023,6,41650.92
139285,2023,7,41650.92
139285,2023,8,41650.92
139285,2023,9,41650.92
139285,2023,10,41650.92
139285,2023,11,41650.92
139285,2023,12,41650.92
139285,2024,1,41650.92
139285,2024,2,44008.52
139285,2024,3,44008.52
139285,2024,4,44008.52
139285,2024,5,44008.52
139285,2024,6,44008.52
139285,2024,7,44008.52
139285,2024,8,44008.52
139285,2024,9,44008.52
139285,2024,10,44008.52
139285,2024,11,44008.52
139285,2024,12,44008.52
139285,2025,1,44008.52
139285,2025,2,46366.19
139285,2025,3,46366.19
139285,2025,4,46366.19
139285,2025,5,46366.19
139285,2025,6,46366.19
139285,2025,7,46366.19
139285,2025,8,46366.19
139285,2025,9,46366.19
139285,2025,10,46366.19
139285,2025,11,46366.19
139285,2025,12,46366.19
139285,2026,1,46366.19
139285,2026,2,46366.19
139285,2026,3,46366.19
139285,2026,4,46366.19
139285,2026,5,46366.19
139285,2026,6,46366.19
139285,2026,7,46366.19
139285,2026,8,46366.19
139285,2026,9,46366.19
141391,2023,1,39293.32
141391,2023,2,39293.32
141391,2023,3,39293.32
141391,2023,4,41650.92
141391,2023,5,41650.92
141391,2023,6,41650.92
141391,2023,7,41650.92
141391,2023,8,41650.92
141391,2023,9,41650.92
141391,2023,10,41650.92
141391,2023,11,41650.92
141391,2023,12,41650.92
141391,2024,1,41650.92
141391,2024,2,44008.52
141391,2024,3,44008.52
141391,2024,4,44008.52
141391,2024,5,44008.52
141391,2024,6,44008.52
141391,2024,7,44008.52
141391,2024,8,44008.52
141391,2024,9,44008.52
141391,2024,10,44008.52
141391,2024,11,44008.52
141391,2024,12,44008.52
141391,2025,1,44008.52
141391,2025,2,46366.19
141391,2025,3,46366.19
141391,2025,4,46366.19
141391,2025,5,46366.19
141391,2025,6,46366.19
141391,2025,7,46366.19
141391,2025,8,46366.19
141391,2025,9,46366.19
141391,2025,10,46366.19
141391,2025,11,46366.19
141391,2025,12,46366.19
141391,2026,1,46366.19
141391,2026,2,46366.19
141391,2026,3,46366.19
141391,2026,4,46366.19
141391,2026,5,46366.19
141391,2026,6,46366.19
141391,2026,7,46366.19
141391,2026,8,46366.19
141391,2026,9,46366.19
141398,2023,1,39293.32
141398,2023,2,39293.32
141398,2023,3,39293.32
141398,2023,4,41650.92
141398,2023,5,41650.92
141398,2023,6,41650.92
141398,2023,7,41650.92
141398,2023,8,41650.92
141398,2023,9,41650.92
141398,2023,10,41650.92
141398,2023,11,41650.92
141398,2023,12,41650.92
141398,2024,1,41650.92
141398,2024,2,44008.52
141398,2024,3,44008.52
141398,2024,4,44008.52
141398,2024,5,44008.52
141398,2024,6,44008.52
141398,2024,7,44008.52
141398,2024,8,44008.52
141398,2024,9,44008.52
141398,2024,10,44008.52
141398,2024,11,44008.52
141398,2024,12,44008.52
141398,2025,1,44008.52
141398,2025,2,46366.19
141398,2025,3,46366.19
141398,2025,4,46366.19
141398,2025,5,46366.19
141398,2025,6,46366.19
141398,2025,7,46366.19
141398,2025,8,46366.19
141398,2025,9,46366.19
141398,2025,10,46366.19
141398,2025,11,46366.19
141398,2025,12,46366.19
141398,2026,1,46366.19
141398,2026,2,46366.19
141398,2026,3,46366.19
141398,2026,4,46366.19
141398,2026,5,46366.19
141398,2026,6,46366.19
141398,2026,7,46366.19
141398,2026,8,46366.19
141398,2026,9,46366.19
141408,2023,1,39293.32
141408,2023,2,39293.32
141408,2023,3,39293.32
141408,2023,4,41650.92
141408,2023,5,41650.92
141408,2023,6,41650.92
141408,2023,7,41650.92
141408,2023,8,41650.92
141408,2023,9,41650.92
141408,2023,10,41650.92
141408,2023,11,41650.92
141408,2023,12,41650.92
141408,2024,1,41650.92
141408,2024,2,44008.52
141408,2024,3,44008.52
141408,2024,4,44008.52
141408,2024,5,44008.52
141408,2024,6,44008.52
141408,2024,7,44008.52
141408,2024,8,44008.52
141408,2024,9,44008.52
141408,2024,10,44008.52
141408,2024,11,44008.52
141408,2024,12,44008.52
141408,2025,1,44008.52
141408,2025,2,46366.19
141408,2025,3,46366.19
141408,2025,4,46366.19
141408,2025,5,46366.19
141408,2025,6,46366.19
141408,2025,7,46366.19
141408,2025,8,46366.19
141408,2025,9,46366.19
141408,2025,10,46366.19
141408,2025,11,46366.19
141408,2025,12,46366.19
141408,2026,1,46366.19
141408,2026,2,46366.19
141408,2026,3,46366.19
141408,2026,4,46366.19
141408,2026,5,46366.19
141408,2026,6,46366.19
141408,2026,7,46366.19
141408,2026,8,46366.19
141408,2026,9,46366.19
141411,2023,1,39293.32
141411,2023,2,39293.32
141411,2023,3,39293.32
141411,2023,4,41650.92
141411,2023,5,41650.92
141411,2023,6,41650.92
141411,2023,7,41650.92
141411,2023,8,41650.92
141411,2023,9,41650.92
141411,2023,10,41650.92
141411,2023,11,41650.92
141411,2023,12,41650.92
141411,2024,1,41650.92
141411,2024,2,44008.52
141411,2024,3,44008.52
141411,2024,4,44008.52
141411,2024,5,44008.52
141411,2024,6,44008.52
141411,2024,7,44008.52
141411,2024,8,44008.52
141411,2024,9,44008.52
141411,2024,10,44008.52
141411,2024,11,44008.52
141411,2024,12,44008.52
141411,2025,1,44008.52
141411,2025,2,46366.19
141411,2025,3,46366.19
141411,2025,4,46366.19
141411,2025,5,46366.19
141411,2025,6,46366.19
141411,2025,7,46366.19
141411,2025,8,46366.19
141411,2025,9,46366.19
141411,2025,10,46366.19
141411,2025,11,46366.19
141411,2025,12,46366.19
141411,2026,1,46366.19
141411,2026,2,46366.19
141411,2026,3,46366.19
141411,2026,4,46366.19
141411,2026,5,46366.19
141411,2026,6,46366.19
141411,2026,7,46366.19
141411,2026,8,46366.19
141411,2026,9,46366.19
141421,2023,1,39293.32
141421,2023,2,39293.32
141421,2023,3,39293.32
141421,2023,4,41650.92
141421,2023,5,41650.92
141421,2023,6,41650.92
141421,2023,7,41650.92
141421,2023,8,41650.92
141421,2023,9,41650.92
141421,2023,10,41650.92
141421,2023,11,41650.92
141421,2023,12,41650.92
141421,2024,1,41650.92
141421,2024,2,44008.52
141421,2024,3,44008.52
141421,2024,4,44008.52
141421,2024,5,44008.52
141421,2024,6,44008.52
141421,2024,7,44008.52
141421,2024,8,44008.52
141421,2024,9,44008.52
141421,2024,10,44008.52
141421,2024,11,44008.52
141421,2024,12,44008.52
141421,2025,1,44008.52
141421,2025,2,46366.19
141421,2025,3,46366.19
141421,2025,4,46366.19
141421,2025,5,46366.19
141421,2025,6,46366.19
141421,2025,7,46366.19
141421,2025,8,46366.19
141421,2025,9,46366.19
141421,2025,10,46366.19
141421,2025,11,46366.19
141421,2025,12,46366.19
141421,2026,1,46366.19
141421,2026,2,46366.19
141421,2026,3,46366.19
141421,2026,4,46366.19
141421,2026,5,46366.19
141421,2026,6,46366.19
141421,2026,7,46366.19
141421,2026,8,46366.19
141421,2026,9,46366.19
141431,2023,1,39293.32
141431,2023,2,39293.32
141431,2023,3,39293.32
141431,2023,4,41650.92
141431,2023,5,41650.92
141431,2023,6,41650.92
141431,2023,7,41650.92
141431,2023,8,41650.92
141431,2023,9,41650.92
141431,2023,10,41650.92
141431,2023,11,41650.92
141431,2023,12,41650.92
141431,2024,1,41650.92
141431,2024,2,44008.52
141431,2024,3,44008.52
141431,2024,4,44008.52
141431,2024,5,44008.52
141431,2024,6,44008.52
141431,2024,7,44008.52
141431,2024,8,44008.52
141431,2024,9,44008.52
141431,2024,10,44008.52
141431,2024,11,44008.52
141431,2024,12,44008.52
141431,2025,1,44008.52
141431,2025,2,46366.19
141431,2025,3,46366.19
141431,2025,4,46366.19
141431,2025,5,46366.19
141431,2025,6,46366.19
141431,2025,7,46366.19
141431,2025,8,46366.19
141431,2025,9,46366.19
141431,2025,10,46366.19
141431,2025,11,46366.19
141431,2025,12,46366.19
141431,2026,1,46366.19
141431,2026,2,46366.19
141431,2026,3,46366.19
141431,2026,4,46366.19
141431,2026,5,46366.19
141431,2026,6,46366.19
141431,2026,7,46366.19
141431,2026,8,46366.19
141431,2026,9,46366.19
141450,2023,1,39293.32
141450,2023,2,39293.32
141450,2023,3,39293.32
141450,2023,4,41650.92
141450,2023,5,41650.92
141450,2023,6,41650.92
141450,2023,7,41650.92
141450,2023,8,41650.92
141450,2023,9,41650.92
141450,2023,10,41650.92
141450,2023,11,41650.92
141450,2023,12,41650.92
141450,2024,1,41650.92
141450,2024,2,44008.52
141450,2024,3,44008.52
141450,2024,4,44008.52
141450,2024,5,44008.52
141450,2024,6,44008.52
141450,2024,7,44008.52
141450,2024,8,44008.52
141450,2024,9,44008.52
141450,2024,10,44008.52
141450,2024,11,44008.52
141450,2024,12,44008.52
141450,2025,1,44008.52
141450,2025,2,46366.19
141450,2025,3,46366.19
141450,2025,4,46366.19
141450,2025,5,46366.19
141450,2025,6,46366.19
141450,2025,7,46366.19
141450,2025,8,46366.19
141450,2025,9,46366.19
141450,2025,10,46366.19
141450,2025,11,46366.19
141450,2025,12,46366.19
141450,2026,1,46366.19
141450,2026,2,46366.19
141450,2026,3,46366.19
141450,2026,4,46366.19
141450,2026,5,46366.19
141450,2026,6,46366.19
141450,2026,7,46366.19
141450,2026,8,46366.19
141450,2026,9,46366.19
141456,2023,2,39293.32
141456,2023,3,39293.32
141456,2023,4,41650.92
141456,2023,5,41650.92
141456,2023,6,41650.92
141456,2023,7,41650.92
141456,2023,8,41650.92
141456,2023,9,41650.92
141456,2023,10,41650.92
141456,2023,11,41650.92
141456,2023,12,41650.92
141456,2024,1,41650.92
141456,2024,2,44008.52
141456,2024,3,44008.52
141456,2024,4,44008.52
141456,2024,5,44008.52
141456,2024,6,44008.52
141456,2024,7,44008.52
141456,2024,8,44008.52
141456,2024,9,44008.52
141456,2024,10,44008.52
141456,2024,11,44008.52
141456,2024,12,44008.52
141456,2025,1,44008.52
141456,2025,2,46366.19
141456,2025,3,46366.19
141456,2025,4,46366.19
141456,2025,5,46366.19
141456,2025,6,46366.19
141456,2025,7,46366.19
141456,2025,8,46366.19
141456,2025,9,46366.19
141456,2025,10,46366.19
141456,2025,11,46366.19
141456,2025,12,46366.19
141456,2026,1,46366.19
141456,2026,2,46366.19
141456,2026,3,46366.19
141456,2026,4,46366.19
141456,2026,5,46366.19
141456,2026,6,46366.19
141456,2026,7,46366.19
141456,2026,8,46366.19
141456,2026,9,46366.19
141458,2023,1,39293.32
141458,2023,2,39293.32
141458,2023,3,39293.32
141458,2023,4,41650.92
141458,2023,5,41650.92
141458,2023,6,41650.92
141458,2023,7,41650.92
141458,2023,8,41650.92
141458,2023,9,41650.92
141458,2023,10,41650.92
141458,2023,11,41650.92
141458,2023,12,41650.92
141458,2024,1,41650.92
141458,2024,2,44008.52
141458,2024,3,44008.52
141458,2024,4,44008.52
141458,2024,5,44008.52
141458,2024,6,44008.52
141458,2024,7,44008.52
141458,2024,8,44008.52
141458,2024,9,44008.52
141458,2024,10,44008.52
141458,2024,11,44008.52
141458,2024,12,44008.52
141458,2025,1,44008.52
141458,2025,2,46366.19
141458,2025,3,46366.19
141458,2025,4,46366.19
141458,2025,5,46366.19
141458,2025,6,46366.19
141458,2025,7,46366.19
141458,2025,8,46366.19
141458,2025,9,46366.19
141458,2025,10,46366.19
141458,2025,11,46366.19
141458,2025,12,46366.19
141458,2026,1,46366.19
141458,2026,2,46366.19
141458,2026,3,46366.19
141458,2026,4,46366.19
141458,2026,5,46366.19
141458,2026,6,46366.19
141458,2026,7,46366.19
141458,2026,8,46366.19
141458,2026,9,46366.19
141459,2023,1,39293.32
141459,2023,2,39293.32
141459,2023,3,39293.32
141459,2023,4,41650.92
141459,2023,5,41650.92
141459,2023,6,41650.92
141459,2023,7,41650.92
141459,2023,8,41650.92
141459,2023,9,41650.92
141459,2023,10,41650.92
141459,2023,11,41650.92
141459,2023,12,41650.92
141459,2024,1,41650.92
141459,2024,2,44008.52
141459,2024,3,44008.52
141459,2024,4,44008.52
141459,2024,5,44008.52
141459,2024,6,44008.52
141459,2024,7,44008.52
141459,2024,8,44008.52
141459,2024,9,44008.52
141459,2024,10,44008.52
141459,2024,11,44008.52
141459,2024,12,44008.52
141459,2025,1,44008.52
141459,2025,2,46366.19
141459,2025,3,46366.19
141459,2025,4,46366.19
141459,2025,5,46366.19
141459,2025,6,46366.19
141459,2025,7,46366.19
141459,2025,8,46366.19
141459,2025,9,46366.19
141459,2025,10,46366.19
141459,2025,11,46366.19
141459,2025,12,46366.19
141459,2026,1,46366.19
141459,2026,2,46366.19
141459,2026,3,46366.19
141459,2026,4,46366.19
141459,2026,5,46366.19
141459,2026,6,46366.19
141459,2026,7,46366.19
141459,2026,8,46366.19
141459,2026,9,46366.19
141464,2023,1,39293.32
141464,2023,2,39293.32
141464,2023,3,39293.32
141464,2023,4,41650.92
141464,2023,5,41650.92
141464,2023,6,41650.92
141464,2023,7,41650.92
141464,2023,8,41650.92
141464,2023,9,41650.92
141464,2023,10,41650.92
141464,2023,11,41650.92
141464,2023,12,41650.92
141464,2024,1,41650.92
141464,2024,2,44008.52
141464,2024,3,44008.52
141464,2024,4,44008.52
141464,2024,5,44008.52
141464,2024,6,44008.52
141464,2024,7,44008.52
141464,2024,8,44008.52
141464,2024,9,44008.52
141464,2024,10,44008.52
141464,2024,11,44008.52
141464,2024,12,44008.52
141464,2025,1,44008.52
141464,2025,2,46366.19
141464,2025,3,46366.19
141464,2025,4,46366.19
141464,2025,5,46366.19
141464,2025,6,46366.19
141464,2025,7,46366.19
141464,2025,8,46366.19
141464,2025,9,46366.19
141464,2025,10,46366.19
141464,2025,11,46366.19
141464,2025,12,46366.19
141464,2026,1,46366.19
141464,2026,2,46366.19
141464,2026,3,46366.19
141464,2026,4,46366.19
141464,2026,5,46366.19
141464,2026,6,46366.19
141464,2026,7,46366.19
141464,2026,8,46366.19
141464,2026,9,46366.19
141470,2023,1,39293.32
141470,2023,2,39293.32
141470,2023,3,39293.32
141470,2023,4,41650.92
141470,2023,5,41650.92
141470,2023,6,41650.92
141470,2023,7,41650.92
141470,2023,8,41650.92
141470,2023,9,41650.92
141470,2023,10,41650.92
141470,2023,11,41650.92
141470,2023,12,41650.92
141470,2024,1,41650.92
141470,2024,2,44008.52
141470,2024,3,44008.52
141470,2024,4,44008.52
141470,2024,5,44008.52
141470,2024,6,44008.52
141470,2024,7,44008.52
141470,2024,8,44008.52
141470,2024,9,44008.52
141470,2024,10,44008.52
141470,2024,11,44008.52
141470,2024,12,44008.52
141470,2025,1,44008.52
141470,2025,2,46366.19
141470,2025,3,46366.19
141470,2025,4,46366.19
141470,2025,5,46366.19
141470,2025,6,46366.19
141470,2025,7,46366.19
141470,2025,8,46366.19
141470,2025,9,46366.19
141470,2025,10,46366.19
141470,2025,11,46366.19
141470,2025,12,46366.19
141470,2026,1,46366.19
141470,2026,2,46366.19
141470,2026,3,46366.19
141470,2026,4,46366.19
141470,2026,5,46366.19
141470,2026,6,46366.19
141470,2026,7,46366.19
141470,2026,8,46366.19
141470,2026,9,46366.19
141480,2023,2,39293.32
141480,2023,3,39293.32
141480,2023,4,41650.92
141480,2023,5,41650.92
141480,2023,6,41650.92
141480,2023,7,41650.92
141480,2023,8,41650.92
141480,2023,9,41650.92
141480,2023,10,41650.92
141480,2023,11,41650.92
141480,2023,12,41650.92
141480,2024,1,41650.92
141480,2024,2,44008.52
141480,2024,3,44008.52
141480,2024,4,44008.52
141480,2024,5,44008.52
141480,2024,6,44008.52
141480,2024,7,44008.52
141480,2024,8,44008.52
141480,2024,9,44008.52
141480,2024,10,44008.52
141480,2024,11,44008.52
141480,2024,12,44008.52
141480,2025,1,44008.52
141480,2025,2,46366.19
141480,2025,3,46366.19
141480,2025,4,46366.19
141480,2025,5,46366.19
141480,2025,6,46366.19
141480,2025,7,46366.19
141480,2025,8,5438.07
141480,2025,10,0.0
141485,2023,2,39293.32
141485,2023,3,39293.32
141485,2023,4,41650.92
141485,2023,5,41650.92
141485,2023,6,41650.92
141485,2023,7,41650.92
141485,2023,8,41650.92
141485,2023,9,41650.92
141485,2023,10,41650.92
141485,2023,11,41650.92
141485,2023,12,41650.92
141485,2024,1,41650.92
141485,2024,2,44008.52
141485,2024,3,44008.52
141485,2024,4,44008.52
141485,2024,5,44008.52
141485,2024,6,44008.52
141485,2024,7,44008.52
141485,2024,8,44008.52
141485,2024,9,44008.52
141485,2024,10,44008.52
141485,2024,11,44008.52
141485,2024,12,44008.52
141485,2025,1,44008.52
141485,2025,2,46366.19
141485,2025,3,46366.19
141485,2025,4,46366.19
141485,2025,5,46366.19
141485,2025,6,46366.19
141485,2025,7,46366.19
141485,2025,8,46366.19
141485,2025,9,46366.19
141485,2025,10,46366.19
141485,2025,11,46366.19
141485,2025,12,46366.19
141485,2026,1,46366.19
141485,2026,2,46366.19
141485,2026,3,46366.19
141485,2026,4,46366.19
141485,2026,5,46366.19
141485,2026,6,46366.19
141485,2026,7,46366.19
141485,2026,8,46366.19
141485,2026,9,46366.19
141487,2023,2,39293.32
141487,2023,3,39293.32
141487,2023,4,41650.92
141487,2023,5,41650.92
141487,2023,6,41650.92
141487,2023,7,41650.92
141487,2023,8,41650.92
141487,2023,9,41650.92
141487,2023,10,41650.92
141487,2023,11,41650.92
141487,2023,12,41650.92
141487,2024,1,41650.92
141487,2024,2,44008.52
141487,2024,3,44008.52
141487,2024,4,44008.52
141487,2024,5,44008.52
141487,2024,6,44008.52
141487,2024,7,44008.52
141487,2024,8,44008.52
141487,2024,9,44008.52
141487,2024,10,44008.52
141487,2024,11,44008.52
141487,2024,12,44008.52
141487,2025,1,44008.52
141487,2025,2,46366.19
141487,2025,3,46366.19
141487,2025,4,46366.19
141487,2025,5,46366.19
141487,2025,6,46366.19
141487,2025,7,46366.19
141487,2025,8,46366.19
141487,2025,9,46366.19
141487,2025,10,46366.19
141487,2025,11,46366.19
141487,2025,12,46366.19
141487,2026,1,46366.19
141487,2026,2,46366.19
141487,2026,3,46366.19
141487,2026,4,46366.19
141487,2026,5,46366.19
141487,2026,6,46366.19
141487,2026,7,46366.19
141487,2026,8,46366.19
141487,2026,9,46366.19
141488,2023,1,39293.32
141488,2023,2,39293.32
141488,2023,3,39293.32
141488,2023,4,41650.92
141488,2023,5,41650.92
141488,2023,6,41650.92
141488,2023,7,41650.92
141488,2023,8,41650.92
141488,2023,9,41650.92
141488,2023,10,41650.92
141488,2023,11,41650.92
141488,2023,12,41650.92
141488,2024,1,41650.92
141488,2024,2,44008.52
141488,2024,3,44008.52
141488,2024,4,44008.52
141488,2024,5,44008.52
141488,2024,6,44008.52
141488,2024,7,44008.52
141488,2024,8,44008.52
141488,2024,9,44008.52
141488,2024,10,44008.52
141488,2024,11,44008.52
141488,2024,12,44008.52
141488,2025,1,44008.52
141488,2025,2,46366.19
141488,2025,3,46366.19
141488,2025,4,46366.19
141488,2025,5,46366.19
141488,2025,6,46366.19
141488,2025,7,46366.19
141488,2025,8,46366.19
141488,2025,9,46366.19
141488,2025,10,46366.19
141488,2025,11,46366.19
141488,2025,12,46366.19
141488,2026,1,46366.19
141488,2026,2,46366.19
141488,2026,3,46366.19
141488,2026,4,46366.19
141488,2026,5,46366.19
141488,2026,6,46366.19
141488,2026,7,46366.19
141488,2026,8,46366.19
141488,2026,9,46366.19
141516,2023,1,39293.32
141516,2023,2,39293.32
141516,2023,3,39293.32
141516,2023,4,41650.92
141516,2023,5,41650.92
141516,2023,6,41650.92
141516,2023,7,41650.92
141516,2023,8,41650.92
141516,2023,9,41650.92
141516,2023,10,41650.92
141516,2023,11,41650.92
141516,2023,12,41650.92
141516,2024,1,41650.92
141516,2024,2,44008.52
141516,2024,3,44008.52
141516,2024,4,44008.52
141516,2024,5,44008.52
141516,2024,6,44008.52
141516,2024,7,44008.52
141516,2024,8,44008.52
141516,2024,9,44008.52
141516,2024,10,44008.52
141516,2024,11,44008.52
141516,2024,12,44008.52
141516,2025,1,44008.52
141516,2025,2,46366.19
141516,2025,3,46366.19
141516,2025,4,46366.19
141516,2025,5,46366.19
141516,2025,6,46366.19
141516,2025,7,46366.19
141516,2025,8,46366.19
141516,2025,9,46366.19
141516,2025,10,46366.19
141516,2025,11,46366.19
141516,2025,12,46366.19
141516,2026,1,46366.19
141516,2026,2,46366.19
141516,2026,3,46366.19
141516,2026,4,46366.19
141516,2026,5,46366.19
141516,2026,6,46366.19
141516,2026,7,46366.19
141516,2026,8,46366.19
141516,2026,9,46366.19
141518,2023,1,39293.32
141518,2023,12,41650.92
141518,2024,1,41650.92
141518,2024,2,44008.52
141518,2024,3,44008.52
141518,2024,4,44008.52
141518,2024,5,38140.72
141518,2024,7,4400.85
141518,2024,8,44008.52
141518,2024,9,44008.52
141518,2024,10,44008.52
141518,2024,11,44008.52
141518,2024,12,44008.52
141518,2025,1,44008.52
141518,2025,2,46366.19
141518,2025,3,46366.19
141518,2025,4,46366.19
141518,2025,5,46366.19
141518,2025,6,46366.19
141518,2025,7,46366.19
141518,2025,8,46366.19
141518,2025,9,46366.19
141518,2025,10,46366.19
141518,2025,11,46366.19
141518,2025,12,46366.19
141518,2026,1,46366.19
141518,2026,2,46366.19
141518,2026,3,46366.19
141518,2026,4,46366.19
141518,2026,5,46366.19
141518,2026,6,46366.19
141518,2026,7,46366.19
141518,2026,8,46366.19
141518,2026,9,46366.19
141531,2023,1,39293.32
141531,2023,2,39293.32
141531,2023,3,39293.32
141531,2023,4,41650.92
141531,2023,5,41650.92
141531,2023,6,41650.92
141531,2023,7,41650.92
141531,2023,8,41650.92
141531,2023,9,41650.92
141531,2023,10,41650.92
141531,2023,11,41650.92
141531,2023,12,41650.92
141531,2024,1,41650.92
141531,2024,2,44008.52
141531,2024,3,44008.52
141531,2024,4,44008.52
141531,2024,5,44008.52
141531,2024,6,44008.52
141531,2024,7,44008.52
141531,2024,8,44008.52
141531,2024,9,44008.52
141531,2024,10,44008.52
141531,2024,11,44008.52
141531,2024,12,44008.52
141531,2025,1,44008.52
141531,2025,2,46366.19
141531,2025,3,46366.19
141531,2025,4,46366.19
141531,2025,5,46366.19
141531,2025,6,46366.19
141531,2025,7,46366.19
141531,2025,8,46366.19
141531,2025,9,46366.19
141531,2025,10,46366.19
141531,2025,11,46366.19
141531,2025,12,46366.19
141531,2026,1,46366.19
141531,2026,2,46366.19
141531,2026,3,46366.19
141531,2026,4,46366.19
141531,2026,5,46366.19
141531,2026,6,46366.19
141531,2026,7,46366.19
141531,2026,8,46366.19
141531,2026,9,46366.19
141533,2025,8,46366.19
141533,2025,9,46366.19
141533,2025,10,46366.19
141533,2025,11,46366.19
141533,2025,12,46366.19
141533,2026,1,46366.19
141533,2026,2,46366.19
141533,2026,3,46366.19
141533,2026,4,46366.19
141533,2026,5,46366.19
141533,2026,6,46366.19
141533,2026,7,46366.19
141533,2026,8,46366.19
141533,2026,9,46366.19
141555,2023,1,39293.32
141555,2023,2,39293.32
141555,2023,3,39293.32
141555,2023,4,41650.92
141555,2023,5,41650.92
141555,2023,6,41650.92
141555,2023,7,41650.92
141555,2023,8,41650.92
141555,2023,9,41650.92
141555,2023,10,41650.92
141555,2023,11,41650.92
141555,2023,12,41650.92
141555,2024,1,41650.92
141555,2024,2,44008.52
141555,2024,3,44008.52
141555,2024,4,44008.52
141555,2024,5,44008.52
141555,2024,6,44008.52
141555,2024,7,44008.52
141555,2024,8,44008.52
141555,2024,9,44008.52
141555,2024,10,44008.52
141555,2024,11,44008.52
141555,2024,12,44008.52
141555,2025,1,44008.52
141555,2025,2,46366.19
141555,2025,3,46366.19
141555,2025,4,46366.19
141555,2025,5,46366.19
141555,2025,6,46366.19
141555,2025,7,46366.19
141555,2025,8,46366.19
141555,2025,9,46366.19
141555,2025,10,46366.19
141555,2025,11,46366.19
141555,2025,12,46366.19
141555,2026,1,46366.19
141555,2026,2,46366.19
141555,2026,3,46366.19
141555,2026,4,46366.19
141555,2026,5,46366.19
141555,2026,6,46366.19
141555,2026,7,46366.19
141555,2026,8,46366.19
141555,2026,9,46366.19
143084,2023,1,39293.32
143084,2025,8,46366.19
143084,2025,9,46366.19
143084,2025,10,46366.19
143084,2025,11,46366.19
143084,2025,12,46366.19
143084,2026,1,46366.19
143084,2026,2,46366.19
143084,2026,3,46366.19
143084,2026,4,46366.19
143084,2026,5,46366.19
143084,2026,6,46366.19
143084,2026,7,46366.19
143084,2026,8,46366.19
143084,2026,9,46366.19
143632,2023,1,39293.32
143632,2023,2,39293.32
143632,2023,3,39293.32
143632,2023,4,41650.92
143632,2023,5,41650.92
143632,2023,6,41650.92
143632,2023,7,41650.92
143632,2023,8,41650.92
143632,2023,9,41650.92
143632,2023,10,41650.92
143632,2023,11,41650.92
143632,2023,12,41650.92
143632,2024,1,41650.92
143632,2024,2,44008.52
143632,2024,3,44008.52
143632,2024,4,44008.52
143632,2024,5,44008.52
143632,2024,6,44008.52
143632,2024,7,44008.52
143632,2024,8,44008.52
143632,2024,9,44008.52
143632,2024,10,44008.52
143632,2024,11,44008.52
143632,2024,12,44008.52
143632,2025,1,44008.52
143632,2025,2,46366.19
143632,2025,3,46366.19
143632,2025,4,46366.19
143632,2025,5,46366.19
143632,2025,6,46366.19
143632,2025,7,46366.19
143632,2025,8,46366.19
143632,2025,9,46366.19
143632,2025,10,46366.19
143632,2025,11,46366.19
143632,2025,12,46366.19
143632,2026,1,46366.19
143632,2026,2,46366.19
143632,2026,3,46366.19
143632,2026,4,46366.19
143632,2026,5,46366.19
143632,2026,6,46366.19
143632,2026,7,46366.19
143632,2026,8,46366.19
143632,2026,9,46366.19
143942,2023,6,41650.92
143942,2023,7,41650.92
143942,2023,8,41650.92
143942,2023,9,41650.92
143942,2023,10,41650.92
143942,2023,11,41650.92
143942,2023,12,36097.46
143942,2024,1,41650.92
143942,2024,2,44008.52
143942,2024,3,44008.52
143942,2024,4,0.0
143942,2025,3,30910.79
143942,2025,4,46366.19
143942,2025,5,46366.19
143942,2025,6,46366.19
143942,2025,7,46366.19
143942,2025,8,46366.19
143942,2025,9,46366.19
143942,2025,10,46366.19
143942,2025,11,41729.57
143942,2025,12,46366.19
143942,2026,1,46366.19
143942,2026,2,40184.03
143942,2026,3,46366.19
143942,2026,4,0.0
150418,2023,1,39293.32
150418,2023,2,39293.32
150418,2023,3,39293.32
150418,2023,4,41650.92
150418,2023,5,41650.92
150418,2023,6,41650.92
150418,2023,7,41650.92
150418,2023,8,41650.92
150418,2023,9,41650.92
150418,2023,10,41650.92
150418,2023,11,41650.92
150418,2023,12,41650.92
150418,2024,1,41650.92
150418,2024,2,44008.52
150418,2024,3,44008.52
150418,2024,4,44008.52
150418,2024,5,44008.52
150418,2024,6,44008.52
150418,2024,7,44008.52
150418,2024,8,44008.52
150418,2024,9,44008.52
150418,2024,10,44008.52
150418,2024,11,44008.52
150418,2024,12,44008.52
150418,2025,1,44008.52
150418,2025,2,46366.19
150418,2025,3,46366.19
150418,2025,4,46366.19
150418,2025,5,46366.19
150418,2025,6,46366.19
150418,2025,7,46366.19
150418,2025,8,46366.19
150418,2025,9,46366.19
150418,2025,10,46366.19
150418,2025,11,46366.19
150418,2025,12,46366.19
150418,2026,1,46366.19
150418,2026,2,46366.19
150418,2026,3,46366.19
150418,2026,4,46366.19
150418,2026,5,46366.19
150418,2026,6,46366.19
150418,2026,7,46366.19
150418,2026,8,46366.19
150418,2026,9,46366.19
152605,2023,1,39293.32
152605,2023,2,39293.32
152605,2023,3,39293.32
152605,2023,4,41650.92
152605,2023,5,41650.92
152605,2023,6,41650.92
152605,2023,7,41650.92
152605,2023,8,41650.92
152605,2023,9,41650.92
152605,2023,10,41650.92
152605,2023,11,41650.92
152605,2023,12,41650.92
152605,2024,1,41650.92
152605,2024,2,44008.52
152605,2024,3,44008.52
152605,2024,4,44008.52
152605,2024,5,44008.52
152605,2024,6,44008.52
152605,2024,7,44008.52
152605,2024,8,44008.52
152605,2024,9,44008.52
152605,2024,10,44008.52
152605,2024,11,44008.52
152605,2024,12,44008.52
152605,2025,1,44008.52
152605,2025,2,46366.19
152605,2025,3,46366.19
152605,2025,4,46366.19
152605,2025,5,46366.19
152605,2025,6,46366.19
152605,2025,7,46366.19
152605,2025,8,46366.19
152605,2025,9,46366.19
152605,2025,10,46366.19
152605,2025,11,46366.19
152605,2025,12,13909.86
152605,2026,6,29365.25
152605,2026,7,46366.19
152605,2026,8,46366.19
152605,2026,9,46366.19
153423,2023,2,39293.32
153423,2023,3,39293.32
153423,2023,4,41650.92
153423,2023,5,41650.92
153423,2023,6,41650.92
153423,2023,7,41650.92
153423,2023,8,41650.92
153423,2023,9,41650.92
153423,2023,10,41650.92
153423,2023,11,41650.92
153423,2023,12,41650.92
153423,2024,1,41650.92
153423,2024,2,44008.52
153423,2024,3,44008.52
153423,2024,4,44008.52
153423,2024,5,44008.52
153423,2024,6,44008.52
153423,2024,7,44008.52
153423,2024,8,44008.52
153423,2024,9,44008.52
153423,2024,10,44008.52
153423,2024,11,44008.52
153423,2024,12,44008.52
153423,2025,1,44008.52
153423,2025,2,46366.19
153423,2025,3,46366.19
153423,2025,4,46366.19
153423,2025,5,46366.19
153423,2025,6,46366.19
153423,2025,7,46366.19
153423,2025,8,46366.19
153423,2025,9,46366.19
153423,2025,10,46366.19
153423,2025,11,46366.19
153423,2025,12,46366.19
153423,2026,1,46366.19
153423,2026,2,46366.19
153423,2026,3,46366.19
153423,2026,4,46366.19
153423,2026,5,46366.19
153423,2026,6,46366.19
153423,2026,7,46366.19
153423,2026,8,46366.19
153423,2026,9,46366.19
154178,2023,1,39293.32
154178,2023,2,39293.32
154178,2023,3,39293.32
154178,2023,4,41650.92
154178,2023,5,41650.92
154178,2023,6,41650.92
154178,2023,7,41650.92
154178,2023,8,41650.92
154178,2023,9,41650.92
154178,2023,10,41650.92
154178,2023,11,41650.92
154178,2023,12,41650.92
154178,2024,1,41650.92
154178,2024,2,44008.52
154178,2024,3,44008.52
154178,2024,4,44008.52
154178,2024,5,44008.52
154178,2024,6,44008.52
154178,2024,7,44008.52
154178,2024,8,44008.52
154178,2024,9,44008.52
154178,2024,10,44008.52
154178,2024,11,44008.52
154178,2024,12,44008.52
154178,2025,1,44008.52
154178,2025,2,46366.19
154178,2025,3,46366.19
154178,2025,4,46366.19
154178,2025,5,46366.19
154178,2025,6,46366.19
154178,2025,7,46366.19
154178,2025,8,46366.19
154178,2025,9,46366.19
154178,2025,10,46366.19
154178,2025,11,46366.19
154178,2025,12,46366.19
154178,2026,1,46366.19
154178,2026,2,46366.19
154178,2026,3,46366.19
154178,2026,4,46366.19
154178,2026,5,46366.19
154178,2026,6,46366.19
154178,2026,7,46366.19
154178,2026,8,46366.19
154178,2026,9,46366.19
154700,2026,6,23183.1
154700,2026,7,46366.19
154700,2026,8,46366.19
154700,2026,9,46366.19
156190,2023,1,39293.32
156190,2023,2,39293.32
156190,2023,3,39293.32
156190,2023,4,41650.92
156190,2023,5,41650.92
156190,2023,6,41650.92
156190,2023,7,41650.92
156190,2023,8,41650.92
156190,2023,9,41650.92
156190,2023,10,41650.92
156190,2023,11,41650.92
156190,2023,12,41650.92
156190,2024,1,41650.92
156190,2024,2,44008.52
156190,2024,3,44008.52
156190,2024,4,44008.52
156190,2024,5,44008.52
156190,2024,6,44008.52
156190,2024,7,44008.52
156190,2024,8,44008.52
156190,2024,9,44008.52
156190,2024,10,44008.52
156190,2024,11,44008.52
156190,2024,12,44008.52
156190,2025,1,44008.52
156190,2025,2,46366.19
156190,2025,3,46366.19
156190,2025,4,46366.19
156190,2025,5,46366.19
156190,2025,6,46366.19
156190,2025,7,46366.19
156190,2025,8,46366.19
156190,2025,9,46366.19
156190,2025,10,46366.19
156190,2025,11,46366.19
156190,2025,12,46366.19
156190,2026,1,46366.19
156190,2026,2,46366.19
156190,2026,3,46366.19
156190,2026,4,46366.19
156190,2026,5,46366.19
156190,2026,6,46366.19
156190,2026,7,46366.19
156190,2026,8,46366.19
156190,2026,9,46366.19
157130,2023,1,39293.32
157130,2023,2,39293.32
157130,2023,3,39293.32
157130,2023,4,41650.92
157130,2023,5,41650.92
157130,2023,6,41650.92
157130,2023,7,41650.92
157130,2023,8,41650.92
157130,2023,9,41650.92
157130,2023,10,41650.92
157130,2023,11,41650.92
157130,2023,12,41650.92
157130,2024,1,41650.92
157130,2024,2,44008.52
157130,2024,3,44008.52
157130,2024,4,44008.52
157130,2024,5,44008.52
157130,2024,6,44008.52
157130,2024,7,44008.52
157130,2024,8,44008.52
157130,2024,9,44008.52
157130,2024,10,44008.52
157130,2024,11,44008.52
157130,2024,12,44008.52
157130,2025,1,44008.52
157130,2025,2,46366.19
157130,2025,3,46366.19
157130,2025,4,46366.19
157130,2025,5,46366.19
157130,2025,6,46366.19
157130,2025,7,46366.19
157130,2025,8,46366.19
157130,2025,9,46366.19
157130,2025,10,46366.19
157130,2025,11,46366.19
157130,2025,12,46366.19
157130,2026,1,46366.19
157130,2026,2,46366.19
157130,2026,3,46366.19
157130,2026,4,46366.19
157130,2026,5,46366.19
157130,2026,6,46366.19
157130,2026,7,46366.19
157130,2026,8,46366.19
157130,2026,9,46366.19
160161,2023,2,39293.32
160161,2023,3,39293.32
160161,2023,4,41650.92
160161,2023,5,41650.92
160161,2023,6,41650.92
160161,2023,7,41650.92
160161,2023,8,41650.92
160161,2023,9,41650.92
160161,2023,10,41650.92
160161,2023,11,41650.92
160161,2023,12,41650.92
160161,2024,1,41650.92
160161,2024,2,44008.52
160161,2024,3,44008.52
160161,2024,4,44008.52
160161,2024,5,44008.52
160161,2024,6,44008.52
160161,2024,7,44008.52
160161,2024,8,44008.52
160161,2024,9,44008.52
160161,2024,10,44008.52
160161,2024,11,44008.52
160161,2024,12,44008.52
160161,2025,1,44008.52
160161,2025,2,46366.19
160161,2025,3,46366.19
160161,2025,4,46366.19
160161,2025,5,46366.19
160161,2025,6,46366.19
160161,2025,7,46366.19
160161,2025,8,46366.19
160161,2025,9,46366.19
160161,2025,10,46366.19
160161,2025,11,46366.19
160161,2025,12,46366.19
160161,2026,1,46366.19
160161,2026,2,46366.19
160161,2026,3,46366.19
160161,2026,4,46366.19
160161,2026,5,46366.19
160161,2026,6,46366.19
160161,2026,7,46366.19
160161,2026,8,46366.19
160161,2026,9,46366.19
160508,2023,1,39293.32
160508,2023,2,39293.32
160508,2023,3,39293.32
160508,2023,4,41650.92
160508,2023,5,41650.92
160508,2023,6,41650.92
160508,2023,7,41650.92
160508,2023,8,41650.92
160508,2023,9,41650.92
160508,2023,10,41650.92
160508,2023,11,41650.92
160508,2023,12,41650.92
160508,2024,1,41650.92
160508,2024,2,44008.52
160508,2024,3,44008.52
160508,2024,4,44008.52
160508,2024,5,44008.52
160508,2024,6,44008.52
160508,2024,7,44008.52
160508,2024,8,44008.52
160508,2024,9,44008.52
160508,2024,10,44008.52
160508,2024,11,44008.52
160508,2024,12,44008.52
160508,2025,1,44008.52
160508,2025,2,46366.19
160508,2025,3,46366.19
160508,2025,4,46366.19
160508,2025,5,46366.19
160508,2025,6,46366.19
160508,2025,7,46366.19
160508,2025,8,46366.19
160508,2025,9,46366.19
160508,2025,10,46366.19
160508,2025,11,46366.19
160508,2025,12,46366.19
160508,2026,1,46366.19
160508,2026,2,46366.19
160508,2026,3,46366.19
160508,2026,4,46366.19
160508,2026,5,46366.19
160508,2026,6,46366.19
160508,2026,7,46366.19
160508,2026,8,46366.19
160508,2026,9,46366.19
160510,2023,1,39293.32
160510,2023,2,39293.32
160510,2023,3,39293.32
160510,2023,4,41650.92
160510,2023,5,41650.92
160510,2023,6,41650.92
160510,2023,7,41650.92
160510,2023,8,41650.92
160510,2023,9,41650.92
160510,2023,10,41650.92
160510,2023,11,41650.92
160510,2023,12,41650.92
160510,2024,1,41650.92
160510,2024,2,44008.52
160510,2024,3,44008.52
160510,2024,4,44008.52
160510,2024,5,44008.52
160510,2024,6,44008.52
160510,2024,7,44008.52
160510,2024,8,44008.52
160510,2024,9,44008.52
160510,2024,10,44008.52
160510,2024,11,44008.52
160510,2024,12,44008.52
160510,2025,1,44008.52
160510,2025,2,46366.19
160510,2025,3,46366.19
160510,2025,4,46366.19
160510,2025,5,46366.19
160510,2025,6,46366.19
160510,2025,7,46366.19
160510,2025,8,46366.19
160510,2025,9,46366.19
160510,2025,10,46366.19
160510,2025,11,46366.19
160510,2025,12,46366.19
160510,2026,1,46366.19
160510,2026,2,46366.19
160510,2026,3,46366.19
160510,2026,4,1545.54
160510,2026,7,1545.54
160510,2026,8,46366.19
160510,2026,9,46366.19
160512,2023,1,39293.32
160512,2023,2,39293.32
160512,2023,3,39293.32
160512,2023,4,41650.92
160512,2023,5,41650.92
160512,2023,6,41650.92
160512,2023,7,41650.92
160512,2023,8,41650.92
160512,2023,9,41650.92
160512,2023,10,41650.92
160512,2023,11,41650.92
160512,2023,12,41650.92
160512,2024,1,41650.92
160512,2024,2,44008.52
160512,2024,3,44008.52
160512,2024,4,44008.52
160512,2024,5,44008.52
160512,2024,6,44008.52
160512,2024,7,44008.52
160512,2024,8,44008.52
160512,2024,9,44008.52
160512,2024,10,44008.52
160512,2024,11,44008.52
160512,2024,12,44008.52
160512,2025,1,44008.52
160512,2025,2,46366.19
160512,2025,3,46366.19
160512,2025,4,46366.19
160512,2025,5,46366.19
160512,2025,6,46366.19
160512,2025,7,46366.19
160512,2025,8,46366.19
160512,2025,9,46366.19
160512,2025,10,46366.19
160512,2025,11,46366.19
160512,2025,12,46366.19
160512,2026,1,46366.19
160512,2026,2,46366.19
160512,2026,3,46366.19
160512,2026,4,46366.19
160512,2026,5,46366.19
160512,2026,6,46366.19
160512,2026,7,46366.19
160512,2026,8,46366.19
160512,2026,9,46366.19
160517,2023,1,39293.32
160517,2023,2,39293.32
160517,2023,3,39293.32
160517,2023,4,41650.92
160517,2023,5,41650.92
160517,2023,6,41650.92
160517,2023,7,41650.92
160517,2023,8,41650.92
160517,2023,9,41650.92
160517,2023,10,41650.92
160517,2023,11,41650.92
160517,2023,12,41650.92
160517,2024,1,41650.92
160517,2024,2,44008.52
160517,2024,3,44008.52
160517,2024,4,44008.52
160517,2024,5,44008.52
160517,2024,6,44008.52
160517,2024,7,44008.52
160517,2024,8,44008.52
160517,2024,9,44008.52
160517,2024,10,44008.52
160517,2024,11,44008.52
160517,2024,12,44008.52
160517,2025,1,44008.52
160517,2025,2,46366.19
160517,2025,3,46366.19
160517,2025,4,46366.19
160517,2025,5,46366.19
160517,2025,6,46366.19
160517,2025,7,46366.19
160517,2025,8,46366.19
160517,2025,9,46366.19
160517,2025,10,46366.19
160517,2025,11,46366.19
160517,2025,12,46366.19
160517,2026,1,46366.19
160517,2026,2,46366.19
160517,2026,3,46366.19
160517,2026,4,46366.19
160517,2026,5,46366.19
160517,2026,6,46366.19
160517,2026,7,46366.19
160517,2026,8,46366.19
160517,2026,9,46366.19
160518,2023,1,39293.32
160518,2023,2,39293.32
160518,2023,3,39293.32
160518,2023,4,41650.92
160518,2023,5,41650.92
160518,2023,6,41650.92
160518,2023,7,41650.92
160518,2023,8,41650.92
160518,2023,9,41650.92
160518,2023,10,41650.92
160518,2023,11,41650.92
160518,2023,12,41650.92
160518,2024,1,41650.92
160518,2024,2,44008.52
160518,2024,3,44008.52
160518,2024,4,44008.52
160518,2024,5,44008.52
160518,2024,6,44008.52
160518,2024,7,44008.52
160518,2024,8,44008.52
160518,2024,9,44008.52
160518,2024,10,44008.52
160518,2024,11,44008.52
160518,2024,12,44008.52
160518,2025,1,44008.52
160518,2025,2,46366.19
160518,2025,3,46366.19
160518,2025,4,46366.19
160518,2025,5,46366.19
160518,2025,6,46366.19
160518,2025,7,46366.19
160518,2025,8,46366.19
160518,2025,9,46366.19
160518,2025,10,46366.19
160518,2025,11,46366.19
160518,2025,12,46366.19
160518,2026,1,46366.19
160518,2026,2,46366.19
160518,2026,3,46366.19
160518,2026,4,46366.19
160518,2026,5,46366.19
160518,2026,6,46366.19
160518,2026,7,46366.19
160518,2026,8,46366.19
160518,2026,9,46366.19
160527,2023,1,39293.32
160527,2023,2,39293.32
160527,2023,3,39293.32
160527,2023,4,41650.92
160527,2023,5,41650.92
160527,2023,6,41650.92
160527,2023,7,41650.92
160527,2023,8,41650.92
160527,2023,9,41650.92
160527,2023,10,41650.92
160527,2023,11,41650.92
160527,2023,12,41650.92
160527,2024,1,41650.92
160527,2024,2,44008.52
160527,2024,3,44008.52
160527,2024,4,44008.52
160527,2024,5,44008.52
160527,2024,6,44008.52
160527,2024,7,44008.52
160527,2024,8,44008.52
160527,2024,9,44008.52
160527,2024,10,44008.52
160527,2024,11,44008.52
160527,2024,12,44008.52
160527,2025,1,44008.52
160527,2025,2,46366.19
160527,2025,3,46366.19
160527,2025,4,46366.19
160527,2025,5,46366.19
160527,2025,6,46366.19
160527,2025,7,46366.19
160527,2025,8,46366.19
160527,2025,9,46366.19
160527,2025,10,46366.19
160527,2025,11,46366.19
160527,2025,12,46366.19
160527,2026,1,46366.19
160527,2026,2,46366.19
160527,2026,3,46366.19
160527,2026,4,46366.19
160527,2026,5,46366.19
160527,2026,6,46366.19
160527,2026,7,46366.19
160527,2026,8,46366.19
160527,2026,9,46366.19
160531,2023,1,39293.32
160531,2023,2,39293.32
160531,2023,3,9168.44
160531,2023,4,0.0
160535,2023,1,39293.32
160535,2023,2,39293.32
160535,2023,3,39293.32
160535,2023,4,41650.92
160535,2023,5,41650.92
160535,2023,6,41650.92
160535,2023,7,41650.92
160535,2023,8,41650.92
160535,2023,9,41650.92
160535,2023,10,41650.92
160535,2023,11,41650.92
160535,2023,12,41650.92
160535,2024,1,41650.92
160535,2024,2,44008.52
160535,2024,3,44008.52
160535,2024,4,44008.52
160535,2024,5,44008.52
160535,2024,6,44008.52
160535,2024,7,44008.52
160535,2024,8,44008.52
160535,2024,9,44008.52
160535,2024,10,44008.52
160535,2024,11,44008.52
160535,2024,12,44008.52
160535,2025,1,44008.52
160535,2025,2,46366.19
160535,2025,3,46366.19
160535,2025,4,46366.19
160535,2025,5,46366.19
160535,2025,6,46366.19
160535,2025,7,46366.19
160535,2025,8,46366.19
160535,2025,9,46366.19
160535,2025,10,46366.19
160535,2025,11,46366.19
160535,2025,12,46366.19
160535,2026,1,46366.19
160535,2026,2,46366.19
160535,2026,3,46366.19
160535,2026,4,46366.19
160535,2026,5,46366.19
160535,2026,6,46366.19
160535,2026,7,46366.19
160535,2026,8,46366.19
160535,2026,9,46366.19
160538,2023,1,39293.32
160538,2023,2,39293.32
160538,2023,3,39293.32
160538,2023,4,41650.92
160538,2023,5,41650.92
160538,2023,6,41650.92
160538,2023,7,41650.92
160538,2023,8,41650.92
160538,2023,9,41650.92
160538,2023,10,41650.92
160538,2023,11,41650.92
160538,2023,12,41650.92
160538,2024,1,41650.92
160538,2024,2,44008.52
160538,2024,3,44008.52
160538,2024,4,44008.52
160538,2024,5,44008.52
160538,2024,6,44008.52
160538,2024,7,44008.52
160538,2024,8,44008.52
160538,2024,9,44008.52
160538,2024,10,44008.52
160538,2024,11,44008.52
160538,2024,12,44008.52
160538,2025,1,44008.52
160538,2025,2,46366.19
160538,2025,3,46366.19
160538,2025,4,46366.19
160538,2025,5,46366.19
160538,2025,6,46366.19
160538,2025,7,46366.19
160538,2025,8,46366.19
160538,2025,9,46366.19
160538,2025,10,46366.19
160538,2025,11,46366.19
160538,2025,12,46366.19
160538,2026,1,46366.19
160538,2026,2,46366.19
160538,2026,3,46366.19
160538,2026,4,46366.19
160538,2026,5,46366.19
160538,2026,6,46366.19
160538,2026,7,46366.19
160538,2026,8,46366.19
160538,2026,9,46366.19
160541,2023,1,39293.32
160541,2023,2,39293.32
160541,2023,3,39293.32
160541,2023,4,41650.92
160541,2023,5,41650.92
160541,2023,6,41650.92
160541,2023,7,41650.92
160541,2023,8,41650.92
160541,2023,9,41650.92
160541,2023,10,41650.92
160541,2023,11,41650.92
160541,2023,12,41650.92
160541,2024,1,41650.92
160541,2024,2,44008.52
160541,2024,3,44008.52
160541,2024,4,44008.52
160541,2024,5,44008.52
160541,2024,6,44008.52
160541,2024,7,44008.52
160541,2024,8,44008.52
160541,2024,9,44008.52
160541,2024,10,44008.52
160541,2024,11,44008.52
160541,2024,12,44008.52
160541,2025,1,44008.52
160541,2025,2,46366.19
160541,2025,3,46366.19
160541,2025,4,46366.19
160541,2025,5,46366.19
160541,2025,6,46366.19
160541,2025,7,46366.19
160541,2025,8,46366.19
160541,2025,9,46366.19
160541,2025,10,46366.19
160541,2025,11,46366.19
160541,2025,12,46366.19
160541,2026,1,46366.19
160541,2026,2,46366.19
160541,2026,3,46366.19
160541,2026,4,46366.19
160541,2026,5,46366.19
160541,2026,6,46366.19
160541,2026,7,46366.19
160541,2026,8,46366.19
160541,2026,9,46366.19
160545,2023,1,39293.32
160545,2023,2,39293.32
160545,2023,3,39293.32
160545,2023,4,41650.92
160545,2023,5,41650.92
160545,2023,6,41650.92
160545,2023,7,41650.92
160545,2023,8,41650.92
160545,2023,9,41650.92
160545,2023,10,41650.92
160545,2023,11,41650.92
160545,2023,12,41650.92
160545,2024,1,41650.92
160545,2024,2,44008.52
160545,2024,3,44008.52
160545,2024,4,44008.52
160545,2024,5,44008.52
160545,2024,6,44008.52
160545,2024,7,44008.52
160545,2024,8,44008.52
160545,2024,9,44008.52
160545,2024,10,44008.52
160545,2024,11,44008.52
160545,2024,12,44008.52
160545,2025,1,44008.52
160545,2025,2,46366.19
160545,2025,3,46366.19
160545,2025,4,46366.19
160545,2025,5,46366.19
160545,2025,6,46366.19
160545,2025,7,46366.19
160545,2025,8,46366.19
160545,2025,9,46366.19
160545,2025,10,46366.19
160545,2025,11,46366.19
160545,2025,12,46366.19
160545,2026,1,46366.19
160545,2026,2,46366.19
160545,2026,3,46366.19
160545,2026,4,46366.19
160545,2026,5,46366.19
160545,2026,6,46366.19
160545,2026,7,46366.19
160545,2026,8,46366.19
160545,2026,9,46366.19
160548,2023,2,39293.32
160548,2023,3,39293.32
160548,2023,4,41650.92
160548,2023,5,41650.92
160548,2023,6,41650.92
160548,2023,7,41650.92
160548,2023,8,41650.92
160548,2023,9,41650.92
160548,2023,10,41650.92
160548,2023,11,41650.92
160548,2023,12,41650.92
160548,2024,1,41650.92
160548,2024,2,44008.52
160548,2024,3,44008.52
160548,2024,4,44008.52
160548,2024,5,44008.52
160548,2024,6,44008.52
160548,2024,7,44008.52
160548,2024,8,44008.52
160548,2024,9,44008.52
160548,2024,10,44008.52
160548,2024,11,44008.52
160548,2024,12,44008.52
160548,2025,1,44008.52
160548,2025,2,46366.19
160548,2025,3,46366.19
160548,2025,4,46366.19
160548,2025,5,46366.19
160548,2025,6,46366.19
160548,2025,7,46366.19
160548,2025,8,46366.19
160548,2025,9,46366.19
160548,2025,10,46366.19
160548,2025,11,46366.19
160548,2025,12,46366.19
160548,2026,1,46366.19
160548,2026,2,46366.19
160548,2026,3,46366.19
160548,2026,4,46366.19
160548,2026,5,46366.19
160548,2026,6,46366.19
160548,2026,7,46366.19
160548,2026,8,46366.19
160548,2026,9,46366.19
160552,2023,1,39293.32
160552,2023,2,39293.32
160552,2023,3,39293.32
160552,2023,4,41650.92
160552,2023,5,41650.92
160552,2023,6,41650.92
160552,2023,7,41650.92
160552,2023,8,41650.92
160552,2023,9,41650.92
160552,2023,10,41650.92
160552,2023,11,41650.92
160552,2023,12,41650.92
160552,2024,1,41650.92
160552,2024,2,44008.52
160552,2024,3,44008.52
160552,2024,4,44008.52
160552,2024,5,44008.52
160552,2024,6,44008.52
160552,2024,7,44008.52
160552,2024,8,44008.52
160552,2024,9,44008.52
160552,2024,10,44008.52
160552,2024,11,44008.52
160552,2024,12,44008.52
160552,2025,1,44008.52
160552,2025,2,46366.19
160552,2025,3,46366.19
160552,2025,4,46366.19
160552,2025,5,46366.19
160552,2025,6,46366.19
160552,2025,7,46366.19
160552,2025,8,46366.19
160552,2025,9,46366.19
160552,2025,10,46366.19
160552,2025,11,46366.19
160552,2025,12,46366.19
160552,2026,1,46366.19
160552,2026,2,46366.19
160552,2026,3,46366.19
160552,2026,4,46366.19
160552,2026,5,46366.19
160552,2026,6,46366.19
160552,2026,7,46366.19
160552,2026,8,46366.19
160552,2026,9,46366.19
160553,2023,1,39293.32
160553,2023,2,39293.32
160553,2023,3,39293.32
160553,2023,4,41650.92
160553,2023,5,41650.92
160553,2023,6,41650.92
160553,2023,7,41650.92
160553,2023,8,41650.92
160553,2023,9,41650.92
160553,2023,10,41650.92
160553,2023,11,41650.92
160553,2023,12,41650.92
160553,2024,1,41650.92
160553,2024,2,44008.52
160553,2024,3,44008.52
160553,2024,4,44008.52
160553,2024,5,44008.52
160553,2024,6,44008.52
160553,2024,7,44008.52
160553,2024,8,44008.52
160553,2024,9,44008.52
160553,2024,10,44008.52
160553,2024,11,44008.52
160553,2024,12,44008.52
160553,2025,1,44008.52
160553,2025,2,46366.19
160553,2025,3,46366.19
160553,2025,4,46366.19
160553,2025,5,46366.19
160553,2025,6,46366.19
160553,2025,7,46366.19
160553,2025,8,46366.19
160553,2025,9,46366.19
160553,2025,10,46366.19
160553,2025,11,46366.19
160553,2025,12,46366.19
160553,2026,1,46366.19
160553,2026,2,46366.19
160553,2026,3,46366.19
160553,2026,4,46366.19
160553,2026,5,46366.19
160553,2026,6,46366.19
160553,2026,7,46366.19
160553,2026,8,46366.19
160553,2026,9,46366.19
160556,2023,1,39293.32
160556,2023,2,39293.32
160556,2023,3,39293.32
160556,2023,4,41650.92
160556,2023,5,41650.92
160556,2023,6,41650.92
160556,2023,7,41650.92
160556,2023,8,41650.92
160556,2023,9,41650.92
160556,2023,10,41650.92
160556,2023,11,41650.92
160556,2023,12,41650.92
160556,2024,1,41650.92
160556,2024,2,44008.52
160556,2024,3,44008.52
160556,2024,4,44008.52
160556,2024,5,44008.52
160556,2024,6,44008.52
160556,2024,7,44008.52
160556,2024,8,44008.52
160556,2024,9,44008.52
160556,2024,10,44008.52
160556,2024,11,44008.52
160556,2024,12,44008.52
160556,2025,1,44008.52
160556,2025,2,46366.19
160556,2025,3,46366.19
160556,2025,4,46366.19
160556,2025,5,46366.19
160556,2025,6,46366.19
160556,2025,7,46366.19
160556,2025,8,46366.19
160556,2025,9,46366.19
160556,2025,10,46366.19
160556,2025,11,46366.19
160556,2025,12,46366.19
160556,2026,1,46366.19
160556,2026,2,46366.19
160556,2026,3,46366.19
160556,2026,4,46366.19
160556,2026,5,46366.19
160556,2026,6,46366.19
160556,2026,7,46366.19
160556,2026,8,46366.19
160556,2026,9,46366.19
160558,2023,1,39293.32
160558,2023,2,39293.32
160558,2023,3,39293.32
160558,2023,4,41650.92
160558,2023,5,41650.92
160558,2023,6,41650.92
160558,2023,7,41650.92
160558,2023,8,41650.92
160558,2023,9,41650.92
160558,2023,10,41650.92
160558,2023,11,41650.92
160558,2023,12,41650.92
160558,2024,1,41650.92
160558,2024,2,44008.52
160558,2024,3,44008.52
160558,2024,4,44008.52
160558,2024,5,44008.52
160558,2024,6,44008.52
160558,2024,7,44008.52
160558,2024,8,44008.52
160558,2024,9,44008.52
160558,2024,10,44008.52
160558,2024,11,44008.52
160558,2024,12,44008.52
160558,2025,1,44008.52
160558,2025,2,46366.19
160558,2025,3,46366.19
160558,2025,4,46366.19
160558,2025,5,46366.19
160558,2025,6,46366.19
160558,2025,7,46366.19
160558,2025,8,46366.19
160558,2025,9,46366.19
160558,2025,10,46366.19
160558,2025,11,46366.19
160558,2025,12,46366.19
160558,2026,1,46366.19
160558,2026,2,46366.19
160558,2026,3,46366.19
160558,2026,4,46366.19
160558,2026,5,46366.19
160558,2026,6,46366.19
160558,2026,7,46366.19
160558,2026,8,46366.19
160558,2026,9,46366.19
160559,2023,1,39293.32
160559,2023,2,39293.32
160559,2023,3,39293.32
160559,2023,4,41650.92
160559,2023,5,41650.92
160559,2023,6,41650.92
160559,2023,7,41650.92
160559,2023,8,41650.92
160559,2023,9,41650.92
160559,2023,10,41650.92
160559,2023,11,41650.92
160559,2023,12,41650.92
160559,2024,1,41650.92
160559,2024,2,44008.52
160559,2024,3,44008.52
160559,2024,4,44008.52
160559,2024,5,44008.52
160559,2024,6,44008.52
160559,2024,7,44008.52
160559,2024,8,44008.52
160559,2024,9,44008.52
160559,2024,10,44008.52
160559,2024,11,44008.52
160559,2024,12,44008.52
160559,2025,1,44008.52
160559,2025,2,46366.19
160559,2025,3,46366.19
160559,2025,4,46366.19
160559,2025,5,46366.19
160559,2025,6,46366.19
160559,2025,7,46366.19
160559,2025,8,46366.19
160559,2025,9,46366.19
160559,2025,10,46366.19
160559,2025,11,46366.19
160559,2025,12,46366.19
160559,2026,1,46366.19
160559,2026,2,46366.19
160559,2026,3,46366.19
160559,2026,4,46366.19
160559,2026,5,46366.19
160559,2026,6,46366.19
160559,2026,7,46366.19
160559,2026,8,46366.19
160559,2026,9,46366.19
160561,2023,1,8981.33
160561,2023,5,5394.79
160561,2023,6,9520.21
160561,2023,7,9520.21
160561,2023,8,9520.21
160561,2023,9,9520.21
160561,2023,10,9520.21
160561,2023,11,9520.21
160561,2023,12,9520.21
160561,2024,1,9520.21
160561,2024,2,10059.09
160561,2024,3,10059.09
160561,2024,4,10059.09
160561,2024,5,10059.09
160561,2024,6,10059.09
160561,2024,7,10059.09
160561,2024,8,10059.09
160561,2024,9,10059.09
160561,2024,10,10059.09
160561,2024,11,10059.09
160561,2024,12,10059.09
160561,2025,1,10059.09
160561,2025,2,10597.99
160561,2025,3,10597.99
160561,2025,4,46366.19
160561,2025,5,46366.19
160561,2025,6,46366.19
160561,2025,7,30910.79
160561,2025,8,46366.19
160561,2025,9,46366.19
160561,2025,10,12982.53
160561,2025,11,10597.99
160561,2025,12,9213.19
160561,2026,1,46366.19
160561,2026,2,46366.19
160561,2026,3,46366.19
160561,2026,4,46366.19
160561,2026,5,46366.19
160561,2026,6,46366.19
160561,2026,7,46366.19
160561,2026,8,46366.19
160561,2026,9,46366.19
160569,2023,1,39293.32
160569,2023,2,39293.32
160569,2023,3,39293.32
160569,2023,4,41650.92
160569,2023,5,41650.92
160569,2023,6,41650.92
160569,2023,7,41650.92
160569,2023,8,41650.92
160569,2023,9,41650.92
160569,2023,10,41650.92
160569,2023,11,41650.92
160569,2023,12,41650.92
160569,2024,1,41650.92
160569,2024,2,44008.52
160569,2024,3,44008.52
160569,2024,4,44008.52
160569,2024,5,44008.52
160569,2024,6,44008.52
160569,2024,7,44008.52
160569,2024,8,44008.52
160569,2024,9,44008.52
160569,2024,10,44008.52
160569,2024,11,44008.52
160569,2024,12,44008.52
160569,2025,1,44008.52
160569,2025,2,46366.19
160569,2025,3,46366.19
160569,2025,4,46366.19
160569,2025,5,46366.19
160569,2025,6,46366.19
160569,2025,7,46366.19
160569,2025,8,46366.19
160569,2025,9,46366.19
160569,2025,10,46366.19
160569,2025,11,46366.19
160569,2025,12,46366.19
160569,2026,1,46366.19
160569,2026,2,46366.19
160569,2026,3,46366.19
160569,2026,4,46366.19
160569,2026,5,46366.19
160569,2026,6,46366.19
160569,2026,7,46366.19
160569,2026,8,46366.19
160569,2026,9,46366.19
160575,2023,1,39293.32
160575,2023,2,39293.32
160575,2023,3,39293.32
160575,2023,4,41650.92
160575,2023,5,41650.92
160575,2023,6,41650.92
160575,2023,7,41650.92
160575,2023,8,41650.92
160575,2023,9,41650.92
160575,2023,10,41650.92
160575,2023,11,41650.92
160575,2023,12,41650.92
160575,2024,1,41650.92
160575,2024,2,44008.52
160575,2024,3,44008.52
160575,2024,4,44008.52
160575,2024,5,44008.52
160575,2024,6,44008.52
160575,2024,7,44008.52
160575,2024,8,44008.52
160575,2024,9,44008.52
160575,2024,10,44008.52
160575,2024,11,44008.52
160575,2024,12,44008.52
160575,2025,1,44008.52
160575,2025,2,46366.19
160575,2025,3,46366.19
160575,2025,4,46366.19
160575,2025,5,46366.19
160575,2025,6,46366.19
160575,2025,7,46366.19
160575,2025,8,46366.19
160575,2025,9,46366.19
160575,2025,10,46366.19
160575,2025,11,46366.19
160575,2025,12,46366.19
160575,2026,1,46366.19
160575,2026,2,46366.19
160575,2026,3,46366.19
160575,2026,4,46366.19
160575,2026,5,46366.19
160575,2026,6,46366.19
160575,2026,7,46366.19
160575,2026,8,46366.19
160575,2026,9,46366.19
160588,2023,1,39293.32
160588,2023,2,39293.32
160588,2023,3,39293.32
160588,2023,4,41650.92
160588,2023,5,41650.92
160588,2023,6,41650.92
160588,2023,7,41650.92
160588,2023,8,41650.92
160588,2023,9,41650.92
160588,2023,10,41650.92
160588,2023,11,41650.92
160588,2023,12,41650.92
160588,2024,1,41650.92
160588,2024,2,44008.52
160588,2024,3,44008.52
160588,2024,4,44008.52
160588,2024,5,44008.52
160588,2024,6,44008.52
160588,2024,7,44008.52
160588,2024,8,44008.52
160588,2024,9,44008.52
160588,2024,10,44008.52
160588,2024,11,44008.52
160588,2024,12,44008.52
160588,2025,1,44008.52
160588,2025,2,46366.19
160588,2025,3,46366.19
160588,2025,4,46366.19
160588,2025,5,46366.19
160588,2025,6,46366.19
160588,2025,7,46366.19
160588,2025,8,46366.19
160588,2025,9,46366.19
160588,2025,10,46366.19
160588,2025,11,46366.19
160588,2025,12,46366.19
160588,2026,1,46366.19
160588,2026,2,46366.19
160588,2026,3,46366.19
160588,2026,4,46366.19
160588,2026,5,46366.19
160588,2026,6,46366.19
160588,2026,7,46366.19
160588,2026,8,46366.19
160588,2026,9,46366.19
160591,2023,1,17027.11
160591,2023,2,39293.32
160591,2023,3,39293.32
160591,2023,4,41650.92
160591,2023,5,41650.92
160591,2023,6,41650.92
160591,2023,7,41650.92
160591,2023,8,41650.92
160591,2023,9,41650.92
160591,2023,10,41650.92
160591,2023,11,41650.92
160591,2023,12,41650.92
160591,2024,1,41650.92
160591,2024,2,44008.52
160591,2024,3,44008.52
160591,2024,4,44008.52
160591,2024,5,44008.52
160591,2024,6,44008.52
160591,2024,7,44008.52
160591,2024,8,44008.52
160591,2024,9,44008.52
160591,2024,10,44008.52
160591,2024,11,44008.52
160591,2024,12,44008.52
160591,2025,1,44008.52
160591,2025,2,46366.19
160591,2025,3,46366.19
160591,2025,4,46366.19
160591,2025,5,46366.19
160591,2025,6,46366.19
160591,2025,7,46366.19
160591,2025,8,46366.19
160591,2025,9,46366.19
160591,2025,10,46366.19
160591,2025,11,46366.19
160591,2025,12,46366.19
160591,2026,1,46366.19
160591,2026,2,46366.19
160591,2026,3,46366.19
160591,2026,4,46366.19
160591,2026,5,46366.19
160591,2026,6,46366.19
160591,2026,7,46366.19
160591,2026,8,46366.19
160591,2026,9,46366.19
160592,2023,1,39293.32
160592,2023,2,39293.32
160592,2023,3,39293.32
160592,2023,4,41650.92
160592,2023,5,41650.92
160592,2023,6,41650.92
160592,2023,7,41650.92
160592,2023,8,41650.92
160592,2023,9,41650.92
160592,2023,10,41650.92
160592,2023,11,41650.92
160592,2023,12,41650.92
160592,2024,1,41650.92
160592,2024,2,44008.52
160592,2024,3,44008.52
160592,2024,4,44008.52
160592,2024,5,44008.52
160592,2024,6,44008.52
160592,2024,7,44008.52
160592,2024,8,44008.52
160592,2024,9,44008.52
160592,2024,10,44008.52
160592,2024,11,44008.52
160592,2024,12,44008.52
160592,2025,1,44008.52
160592,2025,2,46366.19
160592,2025,3,46366.19
160592,2025,4,46366.19
160592,2025,5,46366.19
160592,2025,6,46366.19
160592,2025,7,46366.19
160592,2025,8,46366.19
160592,2025,9,46366.19
160592,2025,10,46366.19
160592,2025,11,46366.19
160592,2025,12,46366.19
160592,2026,1,46366.19
160592,2026,2,46366.19
160592,2026,3,46366.19
160592,2026,4,46366.19
160592,2026,5,46366.19
160592,2026,6,46366.19
160592,2026,7,46366.19
160592,2026,8,46366.19
160592,2026,9,46366.19
160598,2023,1,39293.32
160598,2023,2,39293.32
160598,2023,3,39293.32
160598,2023,4,41650.92
160598,2023,5,41650.92
160598,2023,6,41650.92
160598,2023,7,41650.92
160598,2023,8,41650.92
160598,2023,9,41650.92
160598,2023,10,41650.92
160598,2023,11,41650.92
160598,2023,12,41650.92
160598,2024,1,41650.92
160598,2024,2,44008.52
160598,2024,3,44008.52
160598,2024,4,44008.52
160598,2024,5,44008.52
160598,2024,6,44008.52
160598,2024,7,44008.52
160598,2024,8,44008.52
160598,2024,9,44008.52
160598,2024,10,44008.52
160598,2024,11,44008.52
160598,2024,12,44008.52
160598,2025,1,44008.52
160598,2025,2,46366.19
160598,2025,3,46366.19
160598,2025,4,46366.19
160598,2025,5,46366.19
160598,2025,6,46366.19
160598,2025,7,46366.19
160598,2025,8,46366.19
160598,2025,9,46366.19
160598,2025,10,46366.19
160598,2025,11,46366.19
160598,2025,12,46366.19
160598,2026,1,46366.19
160598,2026,2,46366.19
160598,2026,3,46366.19
160598,2026,4,46366.19
160598,2026,5,46366.19
160598,2026,6,46366.19
160598,2026,7,46366.19
160598,2026,8,46366.19
160598,2026,9,46366.19
160599,2023,1,39293.32
160599,2023,2,39293.32
160599,2023,3,39293.32
160599,2023,4,41650.92
160599,2023,5,41650.92
160599,2023,6,41650.92
160599,2023,7,41650.92
160599,2023,8,41650.92
160599,2023,9,41650.92
160599,2023,10,41650.92
160599,2023,11,41650.92
160599,2023,12,41650.92
160599,2024,1,41650.92
160599,2024,2,44008.52
160599,2024,3,44008.52
160599,2024,4,44008.52
160599,2024,5,44008.52
160599,2024,6,44008.52
160599,2024,7,44008.52
160599,2024,8,44008.52
160599,2024,9,44008.52
160599,2024,10,44008.52
160599,2024,11,44008.52
160599,2024,12,44008.52
160599,2025,1,44008.52
160599,2025,2,46366.19
160599,2025,3,46366.19
160599,2025,4,46366.19
160599,2025,5,46366.19
160599,2025,6,46366.19
160599,2025,7,46366.19
160599,2025,8,46366.19
160599,2025,9,46366.19
160599,2025,10,46366.19
160599,2025,11,46366.19
160599,2025,12,46366.19
160599,2026,1,46366.19
160599,2026,2,46366.19
160599,2026,3,46366.19
160599,2026,4,46366.19
160599,2026,5,46366.19
160599,2026,6,46366.19
160599,2026,7,46366.19
160599,2026,8,46366.19
160599,2026,9,46366.19
160600,2023,1,39293.32
160600,2023,2,39293.32
160600,2023,3,39293.32
160600,2023,4,41650.92
160600,2023,5,41650.92
160600,2023,6,41650.92
160600,2023,7,41650.92
160600,2023,8,41650.92
160600,2023,9,41650.92
160600,2023,10,41650.92
160600,2023,11,41650.92
160600,2023,12,41650.92
160600,2024,1,41650.92
160600,2024,2,44008.52
160600,2024,3,44008.52
160600,2024,4,44008.52
160600,2024,5,44008.52
160600,2024,6,44008.52
160600,2024,7,44008.52
160600,2024,8,44008.52
160600,2024,9,44008.52
160600,2024,10,44008.52
160600,2024,11,44008.52
160600,2024,12,44008.52
160600,2025,1,44008.52
160600,2025,2,46366.19
160600,2025,3,46366.19
160600,2025,4,46366.19
160600,2025,5,46366.19
160600,2025,6,46366.19
160600,2025,7,46366.19
160600,2025,8,46366.19
160600,2025,9,46366.19
160600,2025,10,46366.19
160600,2025,11,46366.19
160600,2025,12,46366.19
160600,2026,1,46366.19
160600,2026,2,46366.19
160600,2026,3,46366.19
160600,2026,4,46366.19
160600,2026,5,46366.19
160600,2026,6,46366.19
160600,2026,7,46366.19
160600,2026,8,46366.19
160600,2026,9,46366.19
160601,2023,1,39293.32
160601,2023,2,39293.32
160601,2023,3,39293.32
160601,2023,4,41650.92
160601,2023,5,41650.92
160601,2023,6,41650.92
160601,2023,7,41650.92
160601,2023,8,41650.92
160601,2023,9,41650.92
160601,2023,10,41650.92
160601,2023,11,41650.92
160601,2023,12,41650.92
160601,2024,1,41650.92
160601,2024,2,44008.52
160601,2024,3,44008.52
160601,2024,4,44008.52
160601,2024,5,44008.52
160601,2024,6,44008.52
160601,2024,7,44008.52
160601,2024,8,44008.52
160601,2024,9,44008.52
160601,2024,10,44008.52
160601,2024,11,44008.52
160601,2024,12,44008.52
160601,2025,1,44008.52
160601,2025,2,46366.19
160601,2025,3,46366.19
160601,2025,4,46366.19
160601,2025,5,46366.19
160601,2025,6,46366.19
160601,2025,7,46366.19
160601,2025,8,46366.19
160601,2025,9,46366.19
160601,2025,10,46366.19
160601,2025,11,46366.19
160601,2025,12,46366.19
160601,2026,1,46366.19
160601,2026,2,46366.19
160601,2026,3,46366.19
160601,2026,4,46366.19
160601,2026,5,46366.19
160601,2026,6,46366.19
160601,2026,7,46366.19
160601,2026,8,46366.19
160601,2026,9,46366.19
160604,2023,1,39293.32
160604,2023,2,39293.32
160604,2023,3,39293.32
160604,2023,4,41650.92
160604,2023,5,41650.92
160604,2023,6,41650.92
160604,2023,7,41650.92
160604,2023,8,41650.92
160604,2023,9,41650.92
160604,2023,10,41650.92
160604,2023,11,41650.92
160604,2023,12,41650.92
160604,2024,1,41650.92
160604,2024,2,44008.52
160604,2024,3,44008.52
160604,2024,4,44008.52
160604,2024,5,44008.52
160604,2024,6,44008.52
160604,2024,10,20537.31
160604,2024,11,44008.52
160604,2024,12,40500.21
160604,2025,1,44008.52
160604,2025,2,46366.19
160604,2025,3,46366.19
160604,2025,4,46366.19
160604,2025,5,46366.19
160604,2025,6,46366.19
160604,2025,7,46366.19
160604,2025,8,46366.19
160604,2025,9,46366.19
160604,2025,10,46366.19
160604,2025,11,46366.19
160604,2025,12,46366.19
160604,2026,1,46366.19
160604,2026,2,46366.19
160604,2026,3,46366.19
160604,2026,4,46366.19
160604,2026,5,46366.19
160604,2026,6,46366.19
160604,2026,7,46366.19
160604,2026,8,46366.19
160604,2026,9,46366.19
160610,2023,1,39293.32
160610,2023,2,39293.32
160610,2023,3,39293.32
160610,2023,4,41650.92
160610,2023,5,41650.92
160610,2023,6,41650.92
160610,2023,7,41650.92
160610,2023,8,41650.92
160610,2023,9,41650.92
160610,2023,10,41650.92
160610,2023,11,41650.92
160610,2023,12,41650.92
160610,2024,1,41650.92
160610,2024,2,44008.52
160610,2024,3,44008.52
160610,2024,4,44008.52
160610,2024,5,44008.52
160610,2024,6,44008.52
160610,2024,7,44008.52
160610,2024,8,44008.52
160610,2024,9,44008.52
160610,2024,10,44008.52
160610,2024,11,44008.52
160610,2024,12,44008.52
160610,2025,1,44008.52
160610,2025,2,46366.19
160610,2025,3,46366.19
160610,2025,4,46366.19
160610,2025,5,46366.19
160610,2025,6,46366.19
160610,2025,7,46366.19
160610,2025,8,46366.19
160610,2025,9,46366.19
160610,2025,10,46366.19
160610,2025,11,46366.19
160610,2025,12,46366.19
160610,2026,1,46366.19
160610,2026,2,46366.19
160610,2026,3,46366.19
160610,2026,4,46366.19
160610,2026,5,46366.19
160610,2026,6,46366.19
160610,2026,7,46366.19
160610,2026,8,46366.19
160610,2026,9,46366.19
160621,2023,1,39293.32
160621,2023,2,39293.32
160621,2023,3,39293.32
160621,2023,4,41650.92
160621,2023,5,41650.92
160621,2023,6,41650.92
160621,2023,7,41650.92
160621,2023,8,41650.92
160621,2023,9,41650.92
160621,2023,10,41650.92
160621,2023,11,41650.92
160621,2023,12,41650.92
160621,2024,1,41650.92
160621,2024,2,44008.52
160621,2024,3,44008.52
160621,2024,4,44008.52
160621,2024,5,44008.52
160621,2024,6,44008.52
160621,2024,7,44008.52
160621,2024,8,44008.52
160621,2024,9,44008.52
160621,2024,10,44008.52
160621,2024,11,44008.52
160621,2024,12,44008.52
160621,2025,1,44008.52
160621,2025,2,46366.19
160621,2025,3,46366.19
160621,2025,4,46366.19
160621,2025,5,46366.19
160621,2025,6,46366.19
160621,2025,7,46366.19
160621,2025,8,46366.19
160621,2025,9,46366.19
160621,2025,10,46366.19
160621,2025,11,46366.19
160621,2025,12,46366.19
160621,2026,1,46366.19
160621,2026,2,46366.19
160621,2026,3,46366.19
160621,2026,4,46366.19
160621,2026,5,46366.19
160621,2026,6,46366.19
160621,2026,7,46366.19
160621,2026,8,46366.19
160621,2026,9,46366.19
160629,2023,2,39293.32
160629,2023,3,39293.32
160629,2023,4,41650.92
160629,2023,5,41650.92
160629,2023,6,41650.92
160629,2023,7,41650.92
160629,2023,8,41650.92
160629,2023,9,41650.92
160629,2023,10,41650.92
160629,2023,11,41650.92
160629,2023,12,41650.92
160629,2024,1,41650.92
160629,2024,2,44008.52
160629,2024,3,44008.52
160629,2024,4,44008.52
160629,2024,5,44008.52
160629,2024,6,44008.52
160629,2024,7,44008.52
160629,2024,8,44008.52
160629,2024,9,44008.52
160629,2024,10,44008.52
160629,2024,11,44008.52
160629,2024,12,44008.52
160629,2025,1,44008.52
160629,2025,2,46366.19
160629,2025,3,46366.19
160629,2025,4,46366.19
160629,2025,5,46366.19
160629,2025,6,46366.19
160629,2025,7,46366.19
160629,2025,8,46366.19
160629,2025,9,46366.19
160629,2025,10,46366.19
160629,2025,11,46366.19
160629,2025,12,46366.19
160629,2026,1,46366.19
160629,2026,2,46366.19
160629,2026,3,46366.19
160629,2026,4,46366.19
160629,2026,5,46366.19
160629,2026,6,46366.19
160629,2026,7,27819.71
160629,2026,8,0.0
160632,2023,1,39293.32
160632,2023,2,39293.32
160632,2023,3,39293.32
160632,2023,4,41650.92
160632,2023,5,41650.92
160632,2023,6,41650.92
160632,2023,7,41650.92
160632,2023,8,41650.92
160632,2023,9,41650.92
160632,2023,10,41650.92
160632,2023,11,41650.92
160632,2023,12,41650.92
160632,2024,1,41650.92
160632,2024,2,44008.52
160632,2024,3,44008.52
160632,2024,4,44008.52
160632,2024,5,44008.52
160632,2024,6,44008.52
160632,2024,7,44008.52
160632,2024,8,44008.52
160632,2024,9,44008.52
160632,2024,10,44008.52
160632,2024,11,44008.52
160632,2024,12,44008.52
160632,2025,1,44008.52
160632,2025,2,46366.19
160632,2025,3,46366.19
160632,2025,4,46366.19
160632,2025,5,46366.19
160632,2025,6,46366.19
160632,2025,7,46366.19
160632,2025,8,46366.19
160632,2025,9,46366.19
160632,2025,10,46366.19
160632,2025,11,46366.19
160632,2025,12,46366.19
160632,2026,1,46366.19
160632,2026,2,46366.19
160632,2026,3,46366.19
160632,2026,4,46366.19
160632,2026,5,46366.19
160632,2026,6,46366.19
160632,2026,7,46366.19
160632,2026,8,46366.19
160632,2026,9,46366.19
160635,2023,1,39293.32
160635,2023,2,39293.32
160635,2023,3,39293.32
160635,2023,4,41650.92
160635,2023,5,41650.92
160635,2023,6,41650.92
160635,2023,7,41650.92
160635,2023,8,41650.92
160635,2023,9,41650.92
160635,2023,10,41650.92
160635,2023,11,41650.92
160635,2023,12,41650.92
160635,2024,1,41650.92
160635,2024,2,44008.52
160635,2024,3,44008.52
160635,2024,4,44008.52
160635,2024,5,44008.52
160635,2024,6,24938.16
160635,2024,10,22004.26
160635,2024,11,44008.52
160635,2024,12,42615.25
160635,2025,1,44008.52
160635,2025,2,46366.19
160635,2025,3,46366.19
160635,2025,4,46366.19
160635,2025,5,46366.19
160635,2025,6,46366.19
160635,2025,7,46366.19
160635,2025,8,46366.19
160635,2025,9,46366.19
160635,2025,10,46366.19
160635,2025,11,46366.19
160635,2025,12,46366.19
160635,2026,1,46366.19
160635,2026,2,46366.19
160635,2026,3,46366.19
160635,2026,4,46366.19
160635,2026,5,46366.19
160635,2026,6,46366.19
160635,2026,7,46366.19
160635,2026,8,46366.19
160635,2026,9,46366.19
160640,2023,1,39293.32
160640,2023,2,39293.32
160640,2023,3,39293.32
160640,2023,4,41650.92
160640,2023,5,41650.92
160640,2023,6,41650.92
160640,2023,7,41650.92
160640,2023,8,41650.92
160640,2023,9,41650.92
160640,2023,10,41650.92
160640,2023,11,41650.92
160640,2023,12,41650.92
160640,2024,1,41650.92
160640,2024,2,44008.52
160640,2024,3,44008.52
160640,2024,4,44008.52
160640,2024,5,44008.52
160640,2024,6,44008.52
160640,2024,7,44008.52
160640,2024,8,44008.52
160640,2024,9,44008.52
160640,2024,10,44008.52
160640,2024,11,44008.52
160640,2024,12,44008.52
160640,2025,1,44008.52
160640,2025,2,46366.19
160640,2025,3,46366.19
160640,2025,4,46366.19
160640,2025,5,46366.19
160640,2025,6,46366.19
160640,2025,7,46366.19
160640,2025,8,46366.19
160640,2025,9,46366.19
160640,2025,10,46366.19
160640,2025,11,46366.19
160640,2025,12,46366.19
160640,2026,1,46366.19
160640,2026,2,46366.19
160640,2026,3,46366.19
160640,2026,4,46366.19
160640,2026,5,46366.19
160640,2026,6,46366.19
160640,2026,7,46366.19
160640,2026,8,46366.19
160640,2026,9,46366.19
160641,2023,1,39293.32
160641,2025,8,46366.19
160641,2025,9,46366.19
160641,2025,10,46366.19
160641,2025,11,46366.19
160641,2025,12,46366.19
160641,2026,1,46366.19
160641,2026,2,46366.19
160641,2026,3,46366.19
160641,2026,4,46366.19
160641,2026,5,46366.19
160641,2026,6,46366.19
160641,2026,7,46366.19
160641,2026,8,46366.19
160641,2026,9,46366.19
160642,2023,1,39293.32
160642,2023,2,39293.32
160642,2023,3,39293.32
160642,2023,4,41650.92
160642,2023,5,41650.92
160642,2023,6,41650.92
160642,2023,7,41650.92
160642,2023,8,41650.92
160642,2023,9,41650.92
160642,2023,10,41650.92
160642,2023,11,41650.92
160642,2023,12,41650.92
160642,2024,1,41650.92
160642,2024,2,44008.52
160642,2024,3,44008.52
160642,2024,4,44008.52
160642,2024,5,44008.52
160642,2024,6,44008.52
160642,2024,7,44008.52
160642,2024,8,44008.52
160642,2024,9,44008.52
160642,2024,10,44008.52
160642,2024,11,44008.52
160642,2024,12,44008.52
160642,2025,1,44008.52
160642,2025,2,46366.19
160642,2025,3,46366.19
160642,2025,4,46366.19
160642,2025,5,46366.19
160642,2025,6,46366.19
160642,2025,7,46366.19
160642,2025,8,46366.19
160642,2025,9,46366.19
160642,2025,10,46366.19
160642,2025,11,46366.19
160642,2025,12,46366.19
160642,2026,1,46366.19
160642,2026,2,46366.19
160642,2026,3,46366.19
160642,2026,4,46366.19
160642,2026,5,46366.19
160642,2026,6,46366.19
160642,2026,7,46366.19
160642,2026,8,46366.19
160642,2026,9,46366.19
160665,2023,1,39293.32
160665,2023,2,39293.32
160665,2023,3,39293.32
160665,2023,4,41650.92
160665,2023,5,41650.92
160665,2023,6,41650.92
160665,2023,7,41650.92
160665,2023,8,41650.92
160665,2023,9,41650.92
160665,2023,10,41650.92
160665,2023,11,41650.92
160665,2023,12,41650.92
160665,2024,1,41650.92
160665,2024,2,44008.52
160665,2024,3,44008.52
160665,2024,4,44008.52
160665,2024,5,44008.52
160665,2024,6,44008.52
160665,2024,7,44008.52
160665,2024,8,44008.52
160665,2024,9,44008.52
160665,2024,10,44008.52
160665,2024,11,44008.52
160665,2024,12,44008.52
160665,2025,1,44008.52
160665,2025,2,46366.19
160665,2025,3,46366.19
160665,2025,4,46366.19
160665,2025,5,46366.19
160665,2025,6,46366.19
160665,2025,7,46366.19
160665,2025,8,46366.19
160665,2025,9,46366.19
160665,2025,10,46366.19
160665,2025,11,46366.19
160665,2025,12,46366.19
160665,2026,1,46366.19
160665,2026,2,46366.19
160665,2026,3,46366.19
160665,2026,4,46366.19
160665,2026,5,46366.19
160665,2026,6,46366.19
160665,2026,7,46366.19
160665,2026,8,46366.19
160665,2026,9,46366.19
160666,2023,1,39293.32
160666,2023,2,39293.32
160666,2023,3,39293.32
160666,2023,4,41650.92
160666,2023,5,41650.92
160666,2023,6,41650.92
160666,2023,7,41650.92
160666,2023,8,41650.92
160666,2023,9,41650.92
160666,2023,10,41650.92
160666,2023,11,41650.92
160666,2023,12,41650.92
160666,2024,1,41650.92
160666,2024,2,44008.52
160666,2024,3,44008.52
160666,2024,4,44008.52
160666,2024,5,44008.52
160666,2024,6,44008.52
160666,2024,7,44008.52
160666,2024,8,44008.52
160666,2024,9,44008.52
160666,2024,10,44008.52
160666,2024,11,44008.52
160666,2024,12,44008.52
160666,2025,1,44008.52
160666,2025,2,46366.19
160666,2025,3,46366.19
160666,2025,4,46366.19
160666,2025,5,46366.19
160666,2025,6,46366.19
160666,2025,7,46366.19
160666,2025,8,46366.19
160666,2025,9,46366.19
160666,2025,10,46366.19
160666,2025,11,46366.19
160666,2025,12,46366.19
160666,2026,1,46366.19
160666,2026,2,46366.19
160666,2026,3,46366.19
160666,2026,4,46366.19
160666,2026,5,46366.19
160666,2026,6,46366.19
160666,2026,7,46366.19
160666,2026,8,46366.19
160666,2026,9,46366.19
160673,2023,1,39293.32
160673,2023,2,39293.32
160673,2023,3,39293.32
160673,2023,4,41650.92
160673,2023,5,41650.92
160673,2023,6,41650.92
160673,2023,7,41650.92
160673,2023,8,41650.92
160673,2023,9,41650.92
160673,2023,10,41650.92
160673,2023,11,41650.92
160673,2023,12,41650.92
160673,2024,1,41650.92
160673,2024,2,44008.52
160673,2024,3,44008.52
160673,2024,4,44008.52
160673,2024,5,44008.52
160673,2024,6,44008.52
160673,2024,7,44008.52
160673,2024,8,44008.52
160673,2024,9,44008.52
160673,2024,10,44008.52
160673,2024,11,44008.52
160673,2024,12,44008.52
160673,2025,1,44008.52
160673,2025,2,46366.19
160673,2025,3,46366.19
160673,2025,4,46366.19
160673,2025,5,46366.19
160673,2025,6,46366.19
160673,2025,7,46366.19
160673,2025,8,46366.19
160673,2025,9,46366.19
160673,2025,10,46366.19
160673,2025,11,46366.19
160673,2025,12,46366.19
160673,2026,1,46366.19
160673,2026,2,46366.19
160673,2026,3,46366.19
160673,2026,4,46366.19
160673,2026,5,46366.19
160673,2026,6,46366.19
160673,2026,7,46366.19
160673,2026,8,46366.19
160673,2026,9,46366.19
160674,2023,1,39293.32
160674,2023,2,39293.32
160674,2023,3,39293.32
160674,2023,4,41650.92
160674,2023,5,41650.92
160674,2023,6,41650.92
160674,2023,7,41650.92
160674,2023,8,41650.92
160674,2023,9,41650.92
160674,2023,10,41650.92
160674,2023,11,41650.92
160674,2023,12,41650.92
160674,2024,1,41650.92
160674,2024,2,44008.52
160674,2024,3,44008.52
160674,2024,4,44008.52
160674,2024,5,44008.52
160674,2024,6,44008.52
160674,2024,7,44008.52
160674,2024,8,44008.52
160674,2024,9,44008.52
160674,2024,10,44008.52
160674,2024,11,44008.52
160674,2024,12,44008.52
160674,2025,1,44008.52
160674,2025,2,46366.19
160674,2025,3,46366.19
160674,2025,4,46366.19
160674,2025,5,46366.19
160674,2025,6,46366.19
160674,2025,7,46366.19
160674,2025,8,46366.19
160674,2025,9,46366.19
160674,2025,10,46366.19
160674,2025,11,46366.19
160674,2025,12,46366.19
160674,2026,1,46366.19
160674,2026,2,46366.19
160674,2026,3,46366.19
160674,2026,4,46366.19
160674,2026,5,46366.19
160674,2026,6,46366.19
160674,2026,7,46366.19
160674,2026,8,46366.19
160674,2026,9,46366.19
160758,2023,1,39293.32
160758,2023,2,39293.32
160758,2023,3,39293.32
160758,2023,4,41650.92
160758,2023,5,41650.92
160758,2023,6,41650.92
160758,2023,7,41650.92
160758,2023,8,41650.92
160758,2023,9,41650.92
160758,2023,10,41650.92
160758,2023,11,41650.92
160758,2023,12,41650.92
160758,2024,1,41650.92
160758,2024,2,44008.52
160758,2024,3,44008.52
160758,2024,4,44008.52
160758,2024,5,44008.52
160758,2024,6,44008.52
160758,2024,7,44008.52
160758,2024,8,44008.52
160758,2024,9,44008.52
160758,2024,10,44008.52
160758,2024,11,44008.52
160758,2024,12,44008.52
160758,2025,1,44008.52
160758,2025,2,46366.19
160758,2025,3,46366.19
160758,2025,4,46366.19
160758,2025,5,46366.19
160758,2025,6,46366.19
160758,2025,7,46366.19
160758,2025,8,46366.19
160758,2025,9,46366.19
160758,2025,10,46366.19
160758,2025,11,46366.19
160758,2025,12,46366.19
160758,2026,1,46366.19
160758,2026,2,46366.19
160758,2026,3,46366.19
160758,2026,4,46366.19
160758,2026,5,46366.19
160758,2026,6,46366.19
160758,2026,7,46366.19
160758,2026,8,46366.19
160758,2026,9,46366.19
160976,2023,1,39293.32
160976,2023,2,39293.32
160976,2023,3,39293.32
160976,2023,4,41650.92
160976,2023,5,41650.92
160976,2023,6,41650.92
160976,2023,7,41650.92
160976,2023,8,41650.92
160976,2023,9,41650.92
160976,2023,10,41650.92
160976,2023,11,41650.92
160976,2023,12,41650.92
160976,2024,1,41650.92
160976,2024,2,44008.52
160976,2024,3,44008.52
160976,2024,4,44008.52
160976,2024,5,44008.52
160976,2024,6,44008.52
160976,2024,7,44008.52
160976,2024,8,44008.52
160976,2024,9,44008.52
160976,2024,10,44008.52
160976,2024,11,44008.52
160976,2024,12,44008.52
160976,2025,1,44008.52
160976,2025,2,46366.19
160976,2025,3,46366.19
160976,2025,4,46366.19
160976,2025,5,46366.19
160976,2025,6,46366.19
160976,2025,7,46366.19
160976,2025,8,46366.19
160976,2025,9,46366.19
160976,2025,10,46366.19
160976,2025,11,46366.19
160976,2025,12,46366.19
160976,2026,1,46366.19
160976,2026,2,46366.19
160976,2026,3,46366.19
160976,2026,4,46366.19
160976,2026,5,46366.19
160976,2026,6,46366.19
160976,2026,7,46366.19
160976,2026,8,46366.19
160976,2026,9,46366.19
161440,2023,2,39293.32
161440,2023,3,39293.32
161440,2023,4,41650.92
161440,2023,5,41650.92
161440,2023,6,41650.92
161440,2023,7,41650.92
161440,2023,8,41650.92
161440,2023,9,41650.92
161440,2023,10,41650.92
161440,2023,11,41650.92
161440,2023,12,41650.92
161440,2024,1,41650.92
161440,2024,2,44008.52
161440,2024,3,44008.52
161440,2024,4,44008.52
161440,2024,5,44008.52
161440,2024,6,44008.52
161440,2024,7,44008.52
161440,2024,8,44008.52
161440,2024,9,44008.52
161440,2024,10,44008.52
161440,2024,11,44008.52
161440,2024,12,44008.52
161440,2025,1,44008.52
161440,2025,2,46366.19
161440,2025,3,46366.19
161440,2025,4,46366.19
161440,2025,5,46366.19
161440,2025,6,46366.19
161440,2025,7,46366.19
161440,2025,8,46366.19
161440,2025,9,46366.19
161440,2025,10,46366.19
161440,2025,11,46366.19
161440,2025,12,46366.19
161440,2026,1,46366.19
161440,2026,2,46366.19
161440,2026,3,46366.19
161440,2026,4,46366.19
161440,2026,5,46366.19
161440,2026,6,46366.19
161440,2026,7,46366.19
161440,2026,8,46366.19
161440,2026,9,46366.19
161550,2023,1,39293.32
161550,2023,2,39293.32
161550,2023,3,39293.32
161550,2023,4,41650.92
161550,2023,5,41650.92
161550,2023,6,41650.92
161550,2023,7,41650.92
161550,2023,8,41650.92
161550,2023,9,41650.92
161550,2023,10,41650.92
161550,2023,11,41650.92
161550,2023,12,41650.92
161550,2024,1,41650.92
161550,2024,2,44008.52
161550,2024,3,44008.52
161550,2024,4,44008.52
161550,2024,5,44008.52
161550,2024,6,44008.52
161550,2024,7,44008.52
161550,2024,8,44008.52
161550,2024,9,44008.52
161550,2024,10,44008.52
161550,2024,11,44008.52
161550,2024,12,44008.52
161550,2025,1,44008.52
161550,2025,2,46366.19
161550,2025,3,46366.19
161550,2025,4,46366.19
161550,2025,5,46366.19
161550,2025,6,46366.19
161550,2025,7,46366.19
161550,2025,8,46366.19
161550,2025,9,46366.19
161550,2025,10,46366.19
161550,2025,11,46366.19
161550,2025,12,46366.19
161550,2026,1,46366.19
161550,2026,2,46366.19
161550,2026,3,46366.19
161550,2026,4,46366.19
161550,2026,5,46366.19
161550,2026,6,46366.19
161550,2026,7,46366.19
161550,2026,8,46366.19
161550,2026,9,46366.19
162067,2023,2,39293.32
162067,2023,3,39293.32
162067,2023,4,41650.92
162067,2023,5,41650.92
162067,2023,6,41650.92
162067,2023,7,41650.92
162067,2023,8,41650.92
162067,2023,9,41650.92
162067,2023,10,41650.92
162067,2023,11,41650.92
162067,2023,12,41650.92
162067,2024,1,41650.92
162067,2024,2,44008.52
162067,2024,3,44008.52
162067,2024,4,44008.52
162067,2024,5,44008.52
162067,2024,6,44008.52
162067,2024,7,44008.52
162067,2024,8,44008.52
162067,2024,9,44008.52
162067,2024,10,44008.52
162067,2024,11,44008.52
162067,2024,12,44008.52
162067,2025,1,44008.52
162067,2025,2,46366.19
162067,2025,3,46366.19
162067,2025,4,46366.19
162067,2025,5,46366.19
162067,2025,6,46366.19
162067,2025,7,46366.19
162067,2025,8,46366.19
162067,2025,9,46366.19
162067,2025,10,46366.19
162067,2025,11,46366.19
162067,2025,12,46366.19
162067,2026,1,46366.19
162067,2026,2,46366.19
162067,2026,3,46366.19
162067,2026,4,46366.19
162067,2026,5,46366.19
162067,2026,6,46366.19
162067,2026,7,46366.19
162067,2026,8,46366.19
162067,2026,9,46366.19
162332,2023,1,39293.32
162332,2023,2,39293.32
162332,2023,3,39293.32
162332,2023,4,41650.92
162332,2023,5,41650.92
162332,2023,6,41650.92
162332,2023,7,41650.92
162332,2023,8,41650.92
162332,2023,9,41650.92
162332,2023,10,41650.92
162332,2023,11,41650.92
162332,2023,12,41650.92
162332,2024,1,41650.92
162332,2024,2,44008.52
162332,2024,3,44008.52
162332,2024,4,44008.52
162332,2024,5,44008.52
162332,2024,6,44008.52
162332,2024,7,44008.52
162332,2024,8,44008.52
162332,2024,9,44008.52
162332,2024,10,44008.52
162332,2024,11,44008.52
162332,2024,12,44008.52
162332,2025,1,44008.52
162332,2025,2,46366.19
162332,2025,3,46366.19
162332,2025,4,46366.19
162332,2025,5,46366.19
162332,2025,6,46366.19
162332,2025,7,46366.19
162332,2025,8,46366.19
162332,2025,9,46366.19
162332,2025,10,46366.19
162332,2025,11,46366.19
162332,2025,12,46366.19
162332,2026,1,46366.19
162332,2026,2,46366.19
162332,2026,3,46366.19
162332,2026,4,46366.19
162332,2026,5,46366.19
162332,2026,6,46366.19
162332,2026,7,46366.19
162332,2026,8,46366.19
162332,2026,9,46366.19
163321,2023,11,31932.37
163321,2023,12,34709.1
163321,2024,1,41650.92
163321,2024,2,44008.52
163321,2024,3,44008.52
163321,2024,4,44008.52
163321,2024,5,44008.52
163321,2024,6,44008.52
163321,2024,7,44008.52
163321,2024,8,44008.52
163321,2024,9,44008.52
163321,2024,10,44008.52
163321,2024,11,44008.52
163321,2024,12,35206.82
163321,2025,1,44008.52
163321,2025,2,46366.19
163321,2025,3,46366.19
163321,2025,4,46366.19
163321,2025,5,46366.19
163321,2025,6,46366.19
163321,2025,7,46366.19
163321,2025,8,46366.19
163321,2025,9,46366.19
163321,2025,10,46366.19
163321,2025,11,15455.4
163321,2025,12,46366.19
163321,2026,1,46366.19
163321,2026,2,6182.16
163321,2026,3,0.0
164360,2023,1,39293.32
164360,2023,2,39293.32
164360,2023,3,39293.32
164360,2023,4,41650.92
164360,2023,5,41650.92
164360,2023,6,41650.92
164360,2023,7,41650.92
164360,2023,8,41650.92
164360,2023,9,41650.92
164360,2023,10,41650.92
164360,2023,11,41650.92
164360,2023,12,3505.94
164360,2024,6,38140.72
164360,2024,7,44008.52
164360,2024,8,44008.52
164360,2024,9,44008.52
164360,2024,10,44008.52
164360,2024,11,44008.52
164360,2024,12,40660.81
165470,2023,2,39293.32
165470,2023,3,39293.32
165470,2023,4,41650.92
165470,2023,5,41650.92
165470,2023,6,41650.92
165470,2023,7,41650.92
165470,2023,8,41650.92
165470,2023,9,41650.92
165470,2023,10,41650.92
165470,2023,11,41650.92
165470,2023,12,41650.92
165470,2024,1,41650.92
165470,2024,2,44008.52
165470,2024,3,44008.52
165470,2024,4,44008.52
165470,2024,5,44008.52
165470,2024,6,44008.52
165470,2024,7,44008.52
165470,2024,8,44008.52
165470,2024,9,44008.52
165470,2024,10,44008.52
165470,2024,11,44008.52
165470,2024,12,44008.52
165470,2025,1,44008.52
165470,2025,2,46366.19
165470,2025,3,46366.19
165470,2025,4,46366.19
165470,2025,5,46366.19
165470,2025,6,46366.19
165470,2025,7,46366.19
165470,2025,8,46366.19
165470,2025,9,46366.19
165470,2025,10,46366.19
165470,2025,11,46366.19
165470,2025,12,46366.19
165470,2026,1,46366.19
165470,2026,2,46366.19
165470,2026,3,46366.19
165470,2026,4,46366.19
165470,2026,5,46366.19
165470,2026,6,46366.19
165470,2026,7,46366.19
165470,2026,8,46366.19
165470,2026,9,46366.19
166402,2023,1,39293.32
166402,2023,2,39293.32
166402,2023,3,39293.32
166402,2023,4,41650.92
166402,2023,5,41650.92
166402,2023,6,41650.92
166402,2023,7,41650.92
166402,2023,8,41650.92
166402,2023,9,41650.92
166402,2023,10,41650.92
166402,2023,11,41650.92
166402,2023,12,41650.92
166402,2024,1,41650.92
166402,2024,2,44008.52
166402,2024,3,44008.52
166402,2024,4,44008.52
166402,2024,5,44008.52
166402,2024,6,44008.52
166402,2024,7,44008.52
166402,2024,8,44008.52
166402,2024,9,44008.52
166402,2024,10,44008.52
166402,2024,11,44008.52
166402,2024,12,44008.52
166402,2025,1,44008.52
166402,2025,2,46366.19
166402,2025,3,46366.19
166402,2025,4,46366.19
166402,2025,5,46366.19
166402,2025,6,46366.19
166402,2025,7,46366.19
166402,2025,8,46366.19
166402,2025,9,46366.19
166402,2025,10,46366.19
166402,2025,11,46366.19
166402,2025,12,46366.19
166402,2026,1,46366.19
166402,2026,2,46366.19
166402,2026,3,46366.19
166402,2026,4,46366.19
166402,2026,5,46366.19
166402,2026,6,46366.19
166402,2026,7,46366.19
166402,2026,8,46366.19
166402,2026,9,46366.19
171139,2024,4,32272.91
171139,2024,5,44008.52
171139,2024,6,44008.52
171139,2024,7,38140.72
171139,2024,8,1424.01
171139,2024,9,0.0
171617,2023,1,39293.32
171617,2023,2,39293.32
171617,2023,3,39293.32
171617,2023,4,41650.92
171617,2023,5,41650.92
171617,2023,6,41650.92
171617,2023,7,41650.92
171617,2023,8,41650.92
171617,2023,9,41650.92
171617,2023,10,41650.92
171617,2023,11,41650.92
171617,2023,12,41650.92
171617,2024,1,41650.92
171617,2024,2,44008.52
171617,2024,3,44008.52
171617,2024,4,44008.52
171617,2024,5,44008.52
171617,2024,6,44008.52
171617,2024,7,44008.52
171617,2024,8,44008.52
171617,2024,9,44008.52
171617,2024,10,44008.52
171617,2024,11,44008.52
171617,2024,12,44008.52
171617,2025,1,44008.52
171617,2025,2,46366.19
171617,2025,3,46366.19
171617,2025,4,46366.19
171617,2025,5,46366.19
171617,2025,6,46366.19
171617,2025,7,46366.19
171617,2025,8,46366.19
171617,2025,9,46366.19
171617,2025,10,46366.19
171617,2025,11,46366.19
171617,2025,12,46366.19
171617,2026,1,46366.19
171617,2026,2,46366.19
171617,2026,3,46366.19
171617,2026,4,46366.19
171617,2026,5,46366.19
171617,2026,6,46366.19
171617,2026,7,12364.32
171617,2026,8,0.0
171623,2023,1,39293.32
171623,2023,2,39293.32
171623,2023,3,39293.32
171623,2023,4,41650.92
171623,2023,5,41650.92
171623,2023,6,41650.92
171623,2023,7,41650.92
171623,2023,8,41650.92
171623,2023,9,41650.92
171623,2023,10,41650.92
171623,2023,11,41650.92
171623,2023,12,41650.92
171623,2024,1,41650.92
171623,2024,2,44008.52
171623,2024,3,44008.52
171623,2024,4,44008.52
171623,2024,5,44008.52
171623,2024,6,44008.52
171623,2024,7,44008.52
171623,2024,8,44008.52
171623,2024,9,44008.52
171623,2024,10,44008.52
171623,2024,11,44008.52
171623,2024,12,44008.52
171623,2025,1,44008.52
171623,2025,2,46366.19
171623,2025,3,46366.19
171623,2025,4,46366.19
171623,2025,5,46366.19
171623,2025,6,46366.19
171623,2025,7,46366.19
171623,2025,8,46366.19
171623,2025,9,46366.19
171623,2025,10,46366.19
171623,2025,11,46366.19
171623,2025,12,46366.19
171623,2026,1,46366.19
171623,2026,2,46366.19
171623,2026,3,46366.19
171623,2026,4,46366.19
171623,2026,5,46366.19
171623,2026,6,46366.19
171623,2026,7,46366.19
171623,2026,8,46366.19
171623,2026,9,46366.19
171786,2023,2,39293.32
171786,2023,3,39293.32
171786,2023,4,41650.92
171786,2023,5,41650.92
171786,2023,6,41650.92
171786,2023,7,41650.92
171786,2023,8,41650.92
171786,2023,9,41650.92
171786,2023,10,41650.92
171786,2023,11,41650.92
171786,2023,12,41650.92
171786,2024,1,41650.92
171786,2024,2,44008.52
171786,2024,3,44008.52
171786,2024,4,44008.52
171786,2024,5,44008.52
171786,2024,6,44008.52
171786,2024,7,44008.52
171786,2024,8,44008.52
171786,2024,9,44008.52
171786,2024,10,44008.52
171786,2024,11,44008.52
171786,2024,12,44008.52
171786,2025,1,44008.52
171786,2025,2,46366.19
171786,2025,3,46366.19
171786,2025,4,46366.19
171786,2025,5,46366.19
171786,2025,6,46366.19
171786,2025,7,46366.19
171786,2025,8,46366.19
171786,2025,9,46366.19
171786,2025,10,46366.19
171786,2025,11,46366.19
171786,2025,12,46366.19
171786,2026,1,46366.19
171786,2026,2,46366.19
171786,2026,3,46366.19
171786,2026,4,46366.19
171786,2026,5,46366.19
171786,2026,6,46366.19
171786,2026,7,46366.19
171786,2026,8,46366.19
171786,2026,9,46366.19
175765,2025,1,44008.52
175765,2025,2,46366.19
175765,2025,3,46366.19
175765,2025,4,46366.19
175765,2025,5,46366.19
175765,2025,6,46366.19
175765,2025,7,46366.19
175765,2025,8,46366.19
175765,2025,9,46366.19
175765,2025,10,46366.19
175765,2025,11,46366.19
175765,2025,12,46366.19
175765,2026,1,46366.19
175765,2026,2,46366.19
175765,2026,3,46366.19
175765,2026,4,46366.19
175765,2026,5,46366.19
175765,2026,6,46366.19
175765,2026,7,46366.19
175765,2026,8,46366.19
175765,2026,9,46366.19
178829,2023,1,39293.32
178829,2023,2,39293.32
178829,2023,3,39293.32
178829,2023,4,41650.92
178829,2023,5,41650.92
178829,2023,6,41650.92
178829,2023,7,41650.92
178829,2023,8,41650.92
178829,2023,9,41650.92
178829,2023,10,41650.92
178829,2023,11,41650.92
178829,2023,12,41650.92
178829,2024,1,41650.92
178829,2024,2,44008.52
178829,2024,3,44008.52
178829,2024,4,44008.52
178829,2024,5,44008.52
178829,2024,6,44008.52
178829,2024,7,44008.52
178829,2024,8,44008.52
178829,2024,9,44008.52
178829,2024,10,44008.52
178829,2024,11,44008.52
178829,2024,12,44008.52
178829,2025,1,44008.52
178829,2025,2,46366.19
178829,2025,3,46366.19
178829,2025,4,46366.19
178829,2025,5,46366.19
178829,2025,6,46366.19
178829,2025,7,46366.19
178829,2025,8,46366.19
178829,2025,9,46366.19
178829,2025,10,46366.19
178829,2025,11,46366.19
178829,2025,12,46366.19
178829,2026,1,46366.19
178829,2026,2,46366.19
178829,2026,3,46366.19
178829,2026,4,46366.19
178829,2026,5,46366.19
178829,2026,6,46366.19
178829,2026,7,46366.19
178829,2026,8,46366.19
178829,2026,9,46366.19
178831,2023,1,39293.32
178831,2023,6,0.0
178831,2025,8,46366.19
178831,2025,9,46366.19
178831,2025,10,46366.19
178831,2025,11,46366.19
178831,2025,12,46366.19
178831,2026,1,46366.19
178831,2026,2,46366.19
178831,2026,3,46366.19
178831,2026,4,46366.19
178831,2026,5,46366.19
178831,2026,6,46366.19
178831,2026,7,46366.19
178831,2026,8,46366.19
178831,2026,9,46366.19
178832,2023,1,39293.32
178832,2023,2,39293.32
178832,2023,3,39293.32
178832,2023,4,41650.92
178832,2023,5,41650.92
178832,2023,6,41650.92
178832,2023,7,41650.92
178832,2023,8,41650.92
178832,2023,9,41650.92
178832,2023,10,41650.92
178832,2023,11,41650.92
178832,2023,12,41650.92
178832,2024,1,41650.92
178832,2024,2,44008.52
178832,2024,3,44008.52
178832,2024,4,44008.52
178832,2024,5,44008.52
178832,2024,6,44008.52
178832,2024,7,44008.52
178832,2024,8,44008.52
178832,2024,9,44008.52
178832,2024,10,44008.52
178832,2024,11,44008.52
178832,2024,12,44008.52
178832,2025,1,44008.52
178832,2025,2,46366.19
178832,2025,3,46366.19
178832,2025,4,46366.19
178832,2025,5,46366.19
178832,2025,6,46366.19
178832,2025,7,46366.19
178832,2025,8,46366.19
178832,2025,9,46366.19
178832,2025,10,46366.19
178832,2025,11,46366.19
178832,2025,12,46366.19
178832,2026,1,46366.19
178832,2026,2,46366.19
178832,2026,3,46366.19
178832,2026,4,46366.19
178832,2026,5,46366.19
178832,2026,6,46366.19
178832,2026,7,46366.19
178832,2026,8,46366.19
178832,2026,9,46366.19
178835,2023,1,39293.32
178835,2023,2,39293.32
178835,2023,3,39293.32
178835,2023,4,41650.92
178835,2023,5,41650.92
178835,2023,6,41650.92
178835,2023,7,41650.92
178835,2023,8,41650.92
178835,2023,9,41650.92
178835,2023,10,41650.92
178835,2023,11,41650.92
178835,2023,12,41650.92
178835,2024,1,41650.92
178835,2024,2,44008.52
178835,2024,3,44008.52
178835,2024,4,44008.52
178835,2024,5,44008.52
178835,2024,6,44008.52
178835,2024,7,44008.52
178835,2024,8,44008.52
178835,2024,9,44008.52
178835,2024,10,44008.52
178835,2024,11,44008.52
178835,2024,12,44008.52
178835,2025,1,44008.52
178835,2025,2,46366.19
178835,2025,3,46366.19
178835,2025,4,46366.19
178835,2025,5,46366.19
178835,2025,6,46366.19
178835,2025,7,46366.19
178835,2025,8,46366.19
178835,2025,9,46366.19
178835,2025,10,46366.19
178835,2025,11,46366.19
178835,2025,12,46366.19
178835,2026,1,46366.19
178835,2026,2,46366.19
178835,2026,3,46366.19
178835,2026,4,46366.19
178835,2026,5,46366.19
178835,2026,6,46366.19
178835,2026,7,46366.19
178835,2026,8,46366.19
178835,2026,9,46366.19
178843,2023,1,39293.32
178843,2023,2,39293.32
178843,2023,3,39293.32
178843,2023,4,41650.92
178843,2023,5,41650.92
178843,2023,6,41650.92
178843,2023,7,41650.92
178843,2023,8,41650.92
178843,2023,9,41650.92
178843,2023,10,41650.92
178843,2023,11,41650.92
178843,2023,12,41650.92
178843,2024,1,41650.92
178843,2024,2,44008.52
178843,2024,3,44008.52
178843,2024,4,44008.52
178843,2024,5,44008.52
178843,2024,6,44008.52
178843,2024,7,44008.52
178843,2024,8,44008.52
178843,2024,9,44008.52
178843,2024,10,44008.52
178843,2024,11,44008.52
178843,2024,12,44008.52
178843,2025,1,44008.52
178843,2025,2,46366.19
178843,2025,3,46366.19
178843,2025,4,46366.19
178843,2025,5,46366.19
178843,2025,6,46366.19
178843,2025,7,46366.19
178843,2025,8,46366.19
178843,2025,9,46366.19
178843,2025,10,46366.19
178843,2025,11,46366.19
178843,2025,12,46366.19
178843,2026,1,46366.19
178843,2026,2,46366.19
178843,2026,3,46366.19
178843,2026,4,46366.19
178843,2026,5,46366.19
178843,2026,6,46366.19
178843,2026,7,46366.19
178843,2026,8,46366.19
178843,2026,9,46366.19
178854,2023,1,39293.32
178854,2023,2,39293.32
178854,2023,3,39293.32
178854,2023,4,41650.92
178854,2023,5,41650.92
178854,2023,6,41650.92
178854,2023,7,41650.92
178854,2023,8,41650.92
178854,2023,9,41650.92
178854,2023,10,41650.92
178854,2023,11,41650.92
178854,2023,12,41650.92
178854,2024,1,41650.92
178854,2024,2,44008.52
178854,2024,3,44008.52
178854,2024,4,44008.52
178854,2024,5,44008.52
178854,2024,6,44008.52
178854,2024,7,44008.52
178854,2024,8,44008.52
178854,2024,9,44008.52
178854,2024,10,44008.52
178854,2024,11,44008.52
178854,2024,12,44008.52
178854,2025,1,44008.52
178854,2025,2,46366.19
178854,2025,3,46366.19
178854,2025,4,46366.19
178854,2025,5,46366.19
178854,2025,6,46366.19
178854,2025,7,46366.19
178854,2025,8,46366.19
178854,2025,9,46366.19
178854,2025,10,46366.19
178854,2025,11,46366.19
178854,2025,12,46366.19
178854,2026,1,46366.19
178854,2026,2,46366.19
178854,2026,3,46366.19
178854,2026,4,46366.19
178854,2026,5,46366.19
178854,2026,6,46366.19
178854,2026,7,46366.19
178854,2026,8,46366.19
178854,2026,9,46366.19
178857,2023,1,39293.32
178857,2023,2,39293.32
178857,2023,3,39293.32
178857,2023,4,41650.92
178857,2023,5,41650.92
178857,2023,6,41650.92
178857,2023,7,41650.92
178857,2023,8,41650.92
178857,2023,9,41650.92
178857,2023,10,41650.92
178857,2023,11,41650.92
178857,2023,12,41650.92
178857,2024,1,41650.92
178857,2024,2,44008.52
178857,2024,3,44008.52
178857,2024,4,44008.52
178857,2024,5,44008.52
178857,2024,6,44008.52
178857,2024,7,44008.52
178857,2024,8,44008.52
178857,2024,9,44008.52
178857,2024,10,44008.52
178857,2024,11,44008.52
178857,2024,12,44008.52
178857,2025,1,44008.52
178857,2025,2,46366.19
178857,2025,3,46366.19
178857,2025,4,46366.19
178857,2025,5,46366.19
178857,2025,6,46366.19
178857,2025,7,46366.19
178857,2025,8,46366.19
178857,2025,9,46366.19
178857,2025,10,46366.19
178857,2025,11,46366.19
178857,2025,12,46366.19
178857,2026,1,46366.19
178857,2026,2,46366.19
178857,2026,3,46366.19
178857,2026,4,46366.19
178857,2026,5,46366.19
178857,2026,6,46366.19
178857,2026,7,46366.19
178857,2026,8,46366.19
178857,2026,9,46366.19
178858,2023,1,39293.32
178858,2023,2,39293.32
178858,2023,3,39293.32
178858,2023,4,41650.92
178858,2023,5,41650.92
178858,2023,6,41650.92
178858,2023,7,41650.92
178858,2023,8,41650.92
178858,2023,9,41650.92
178858,2023,10,41650.92
178858,2023,11,41650.92
178858,2023,12,41650.92
178858,2024,1,41650.92
178858,2024,2,44008.52
178858,2024,3,44008.52
178858,2024,4,44008.52
178858,2024,5,44008.52
178858,2024,6,44008.52
178858,2024,7,44008.52
178858,2024,8,44008.52
178858,2024,9,44008.52
178858,2024,10,44008.52
178858,2024,11,44008.52
178858,2024,12,44008.52
178858,2025,1,44008.52
178858,2025,2,46366.19
178858,2025,3,46366.19
178858,2025,4,46366.19
178858,2025,5,46366.19
178858,2025,6,46366.19
178858,2025,7,46366.19
178858,2025,8,46366.19
178858,2025,9,46366.19
178858,2025,10,46366.19
178858,2025,11,46366.19
178858,2025,12,46366.19
178858,2026,1,46366.19
178858,2026,2,46366.19
178858,2026,3,46366.19
178858,2026,4,46366.19
178858,2026,5,46366.19
178858,2026,6,46366.19
178858,2026,7,46366.19
178858,2026,8,46366.19
178858,2026,9,46366.19
178860,2023,1,39293.32
178860,2023,2,39293.32
178860,2023,3,39293.32
178860,2023,4,41650.92
178860,2023,5,41650.92
178860,2023,6,41650.92
178860,2023,7,41650.92
178860,2023,8,41650.92
178860,2023,9,41650.92
178860,2023,10,41650.92
178860,2023,11,41650.92
178860,2023,12,41650.92
178860,2024,1,41650.92
178860,2024,2,44008.52
178860,2024,3,44008.52
178860,2024,4,44008.52
178860,2024,5,44008.52
178860,2024,6,44008.52
178860,2024,7,44008.52
178860,2024,8,44008.52
178860,2024,9,44008.52
178860,2024,10,44008.52
178860,2024,11,44008.52
178860,2024,12,44008.52
178860,2025,1,44008.52
178860,2025,2,46366.19
178860,2025,3,46366.19
178860,2025,4,46366.19
178860,2025,5,46366.19
178860,2025,6,46366.19
178860,2025,7,46366.19
178860,2025,8,46366.19
178860,2025,9,46366.19
178860,2025,10,46366.19
178860,2025,11,46366.19
178860,2025,12,46366.19
178860,2026,1,46366.19
178860,2026,2,46366.19
178860,2026,3,46366.19
178860,2026,4,46366.19
178860,2026,5,46366.19
178860,2026,6,46366.19
178860,2026,7,46366.19
178860,2026,8,46366.19
178860,2026,9,46366.19
178866,2023,1,39293.32
178866,2023,2,39293.32
178866,2023,3,39293.32
178866,2023,4,41650.92
178866,2023,5,41650.92
178866,2023,6,41650.92
178866,2023,7,41650.92
178866,2023,8,41650.92
178866,2023,9,41650.92
178866,2023,10,41650.92
178866,2023,11,41650.92
178866,2023,12,41650.92
178866,2024,1,41650.92
178866,2024,2,44008.52
178866,2024,3,44008.52
178866,2024,4,44008.52
178866,2024,5,44008.52
178866,2024,6,44008.52
178866,2024,7,44008.52
178866,2024,8,44008.52
178866,2024,9,44008.52
178866,2024,10,44008.52
178866,2024,11,44008.52
178866,2024,12,44008.52
178866,2025,1,44008.52
178866,2025,2,46366.19
178866,2025,3,46366.19
178866,2025,4,46366.19
178866,2025,5,46366.19
178866,2025,6,46366.19
178866,2025,7,46366.19
178866,2025,8,46366.19
178866,2025,9,46366.19
178866,2025,10,46366.19
178866,2025,11,46366.19
178866,2025,12,46366.19
178866,2026,1,46366.19
178866,2026,2,46366.19
178866,2026,3,46366.19
178866,2026,4,46366.19
178866,2026,5,46366.19
178866,2026,6,46366.19
178866,2026,7,46366.19
178866,2026,8,46366.19
178866,2026,9,46366.19
178871,2023,1,39293.32
178871,2023,2,39293.32
178871,2023,3,39293.32
178871,2023,4,41650.92
178871,2023,5,41650.92
178871,2023,6,41650.92
178871,2023,7,41650.92
178871,2023,8,41650.92
178871,2023,9,41650.92
178871,2023,10,41650.92
178871,2023,11,41650.92
178871,2023,12,41650.92
178871,2024,1,41650.92
178871,2024,2,44008.52
178871,2024,3,44008.52
178871,2024,4,44008.52
178871,2024,5,44008.52
178871,2024,6,44008.52
178871,2024,7,44008.52
178871,2024,8,44008.52
178871,2024,9,44008.52
178871,2024,10,44008.52
178871,2024,11,44008.52
178871,2024,12,44008.52
178871,2025,1,44008.52
178871,2025,2,46366.19
178871,2025,3,46366.19
178871,2025,4,46366.19
178871,2025,5,46366.19
178871,2025,6,46366.19
178871,2025,7,46366.19
178871,2025,8,46366.19
178871,2025,9,46366.19
178871,2025,10,46366.19
178871,2025,11,46366.19
178871,2025,12,46366.19
178871,2026,1,46366.19
178871,2026,2,46366.19
178871,2026,3,46366.19
178871,2026,4,46366.19
178871,2026,5,46366.19
178871,2026,6,46366.19
178871,2026,7,46366.19
178871,2026,8,46366.19
178871,2026,9,46366.19
178873,2023,1,39293.32
178873,2023,2,39293.32
178873,2023,3,39293.32
178873,2023,4,41650.92
178873,2023,5,41650.92
178873,2023,6,41650.92
178873,2023,7,41650.92
178873,2023,8,41650.92
178873,2023,9,41650.92
178873,2023,10,41650.92
178873,2023,11,41650.92
178873,2023,12,41650.92
178873,2024,1,41650.92
178873,2024,2,44008.52
178873,2024,3,44008.52
178873,2024,4,44008.52
178873,2024,5,44008.52
178873,2024,6,44008.52
178873,2024,7,44008.52
178873,2024,8,44008.52
178873,2024,9,44008.52
178873,2024,10,44008.52
178873,2024,11,44008.52
178873,2024,12,44008.52
178873,2025,1,44008.52
178873,2025,2,46366.19
178873,2025,3,46366.19
178873,2025,4,46366.19
178873,2025,5,46366.19
178873,2025,6,46366.19
178873,2025,7,46366.19
178873,2025,8,46366.19
178873,2025,9,46366.19
178873,2025,10,46366.19
178873,2025,11,46366.19
178873,2025,12,46366.19
178873,2026,1,46366.19
178873,2026,2,46366.19
178873,2026,3,46366.19
178873,2026,4,46366.19
178873,2026,5,46366.19
178873,2026,6,46366.19
178873,2026,7,46366.19
178873,2026,8,46366.19
178873,2026,9,46366.19
178876,2023,1,39293.32
178876,2023,2,39293.32
178876,2023,3,39293.32
178876,2023,4,41650.92
178876,2023,5,41650.92
178876,2023,6,41650.92
178876,2023,7,41650.92
178876,2023,8,9718.55
178876,2023,12,36097.46
178876,2024,1,41650.92
178876,2024,2,44008.52
178876,2024,3,44008.52
178876,2024,4,44008.52
178876,2024,5,44008.52
178876,2024,6,44008.52
178876,2024,7,44008.52
178876,2024,8,44008.52
178876,2024,9,44008.52
178876,2024,10,44008.52
178876,2024,11,44008.52
178876,2024,12,44008.52
178876,2025,1,44008.52
178876,2025,2,46366.19
178876,2025,3,46366.19
178876,2025,4,46366.19
178876,2025,5,46366.19
178876,2025,6,46366.19
178876,2025,7,46366.19
178876,2025,8,46366.19
178876,2025,9,46366.19
178876,2025,10,46366.19
178876,2025,11,46366.19
178876,2025,12,46366.19
178876,2026,1,46366.19
178876,2026,2,46366.19
178876,2026,3,46366.19
178876,2026,4,46366.19
178876,2026,5,46366.19
178876,2026,6,46366.19
178876,2026,7,46366.19
178876,2026,8,46366.19
178876,2026,9,46366.19
178881,2023,1,39293.32
178881,2023,2,39293.32
178881,2023,3,39293.32
178881,2023,4,41650.92
178881,2023,5,41650.92
178881,2023,6,41650.92
178881,2023,7,41650.92
178881,2023,8,41650.92
178881,2023,9,41650.92
178881,2023,10,41650.92
178881,2023,11,41650.92
178881,2023,12,0.0
178881,2024,3,2933.9
178881,2024,4,44008.52
178881,2024,5,44008.52
178881,2024,6,44008.52
178881,2024,7,44008.52
178881,2024,8,44008.52
178881,2024,9,44008.52
178881,2024,10,44008.52
178881,2024,11,44008.52
178881,2024,12,44008.52
178881,2025,1,44008.52
178881,2025,2,46366.19
178881,2025,3,46366.19
178881,2025,4,46366.19
178881,2025,5,46366.19
178881,2025,6,46366.19
178881,2025,7,46366.19
178881,2025,8,46366.19
178881,2025,9,46366.19
178881,2025,10,46366.19
178881,2025,11,46366.19
178881,2025,12,46366.19
178881,2026,1,46366.19
178881,2026,2,46366.19
178881,2026,3,46366.19
178881,2026,4,46366.19
178881,2026,5,46366.19
178881,2026,6,46366.19
178881,2026,7,46366.19
178881,2026,8,46366.19
178881,2026,9,46366.19
178882,2023,1,39293.32
178882,2023,2,39293.32
178882,2023,3,39293.32
178882,2023,4,41650.92
178882,2023,5,41650.92
178882,2023,6,41650.92
178882,2023,7,41650.92
178882,2023,8,41650.92
178882,2023,9,41650.92
178882,2023,10,41650.92
178882,2023,11,41650.92
178882,2023,12,41650.92
178882,2024,1,41650.92
178882,2024,2,44008.52
178882,2024,3,44008.52
178882,2024,4,44008.52
178882,2024,5,44008.52
178882,2024,6,44008.52
178882,2024,7,44008.52
178882,2024,8,44008.52
178882,2024,9,44008.52
178882,2024,10,44008.52
178882,2024,11,44008.52
178882,2024,12,44008.52
178882,2025,1,44008.52
178882,2025,2,46366.19
178882,2025,3,46366.19
178882,2025,4,46366.19
178882,2025,5,46366.19
178882,2025,6,46366.19
178882,2025,7,46366.19
178882,2025,8,46366.19
178882,2025,9,46366.19
178882,2025,10,46366.19
178882,2025,11,46366.19
178882,2025,12,46366.19
178882,2026,1,46366.19
178882,2026,2,46366.19
178882,2026,3,46366.19
178882,2026,4,46366.19
178882,2026,5,46366.19
178882,2026,6,46366.19
178882,2026,7,46366.19
178882,2026,8,46366.19
178882,2026,9,46366.19
178884,2023,1,39293.32
178884,2024,5,36673.77
178884,2024,6,44008.52
178884,2024,7,44008.52
178884,2024,8,44008.52
178884,2024,9,4400.85
178884,2024,10,0.0
178884,2025,2,41729.57
178884,2025,3,46366.19
178884,2025,4,46366.19
178884,2025,5,46366.19
178884,2025,6,46366.19
178884,2025,7,46366.19
178884,2025,8,46366.19
178884,2025,9,46366.19
178884,2025,10,46366.19
178884,2025,11,46366.19
178884,2025,12,46366.19
178884,2026,1,46366.19
178884,2026,2,46366.19
178884,2026,3,46366.19
178884,2026,4,46366.19
178884,2026,5,46366.19
178884,2026,6,46366.19
178884,2026,7,46366.19
178884,2026,8,3381.68
178884,2026,9,46366.19
178886,2023,1,39293.32
178886,2023,2,39293.32
178886,2023,3,39293.32
178886,2023,4,41650.92
178886,2023,5,41650.92
178886,2023,6,41650.92
178886,2023,7,41650.92
178886,2023,8,41650.92
178886,2023,9,41650.92
178886,2023,10,41650.92
178886,2023,11,41650.92
178886,2023,12,41650.92
178886,2024,1,41650.92
178886,2024,2,44008.52
178886,2024,3,44008.52
178886,2024,4,44008.52
178886,2024,5,44008.52
178886,2024,6,44008.52
178886,2024,7,44008.52
178886,2024,8,44008.52
178886,2024,9,44008.52
178886,2024,10,44008.52
178886,2024,11,44008.52
178886,2024,12,44008.52
178886,2025,1,44008.52
178886,2025,2,46366.19
178886,2025,3,46366.19
178886,2025,4,46366.19
178886,2025,5,46366.19
178886,2025,6,46366.19
178886,2025,7,46366.19
178886,2025,8,46366.19
178886,2025,9,46366.19
178886,2025,10,46366.19
178886,2025,11,46366.19
178886,2025,12,46366.19
178886,2026,1,46366.19
178886,2026,2,46366.19
178886,2026,3,46366.19
178886,2026,4,46366.19
178886,2026,5,46366.19
178886,2026,6,46366.19
178886,2026,7,46366.19
178886,2026,8,46366.19
178886,2026,9,46366.19
178887,2023,1,39293.32
178887,2023,2,39293.32
178887,2023,3,39293.32
178887,2023,4,41650.92
178887,2023,5,41650.92
178887,2023,6,41650.92
178887,2023,7,41650.92
178887,2023,8,41650.92
178887,2023,9,41650.92
178887,2023,10,41650.92
178887,2023,11,41650.92
178887,2023,12,41650.92
178887,2024,1,41650.92
178887,2024,2,44008.52
178887,2024,3,44008.52
178887,2024,4,44008.52
178887,2024,5,44008.52
178887,2024,6,44008.52
178887,2024,7,44008.52
178887,2024,8,44008.52
178887,2024,9,44008.52
178887,2024,10,44008.52
178887,2024,11,44008.52
178887,2024,12,44008.52
178887,2025,1,44008.52
178887,2025,2,46366.19
178887,2025,3,46366.19
178887,2025,4,46366.19
178887,2025,5,46366.19
178887,2025,6,46366.19
178887,2025,7,46366.19
178887,2025,8,46366.19
178887,2025,9,46366.19
178887,2025,10,46366.19
178887,2025,11,46366.19
178887,2025,12,46366.19
178887,2026,1,46366.19
178887,2026,2,46366.19
178887,2026,3,46366.19
178887,2026,4,46366.19
178887,2026,5,46366.19
178887,2026,6,46366.19
178887,2026,7,46366.19
178887,2026,8,46366.19
178887,2026,9,46366.19
178895,2023,1,39293.32
178895,2023,2,39293.32
178895,2023,3,39293.32
178895,2023,4,41650.92
178895,2023,5,41650.92
178895,2023,6,41650.92
178895,2023,7,41650.92
178895,2023,8,41650.92
178895,2023,9,41650.92
178895,2023,10,41650.92
178895,2023,11,41650.92
178895,2023,12,41650.92
178895,2024,1,41650.92
178895,2024,2,44008.52
178895,2024,3,44008.52
178895,2024,4,44008.52
178895,2024,5,44008.52
178895,2024,6,44008.52
178895,2024,7,44008.52
178895,2024,8,44008.52
178895,2024,9,44008.52
178895,2024,10,44008.52
178895,2024,11,44008.52
178895,2024,12,44008.52
178895,2025,1,44008.52
178895,2025,2,46366.19
178895,2025,3,46366.19
178895,2025,4,46366.19
178895,2025,5,46366.19
178895,2025,6,46366.19
178895,2025,7,46366.19
178895,2025,8,46366.19
178895,2025,9,46366.19
178895,2025,10,46366.19
178895,2025,11,46366.19
178895,2025,12,46366.19
178895,2026,1,46366.19
178895,2026,2,46366.19
178895,2026,3,46366.19
178895,2026,4,46366.19
178895,2026,5,46366.19
178895,2026,6,46366.19
178895,2026,7,46366.19
178895,2026,8,46366.19
178895,2026,9,46366.19
178896,2023,1,39293.32
178896,2023,2,39293.32
178896,2023,3,39293.32
178896,2023,4,41650.92
178896,2023,5,41650.92
178896,2023,6,41650.92
178896,2023,7,41650.92
178896,2023,8,41650.92
178896,2023,9,41650.92
178896,2023,10,41650.92
178896,2023,11,41650.92
178896,2023,12,41650.92
178896,2024,1,41650.92
178896,2024,2,44008.52
178896,2024,3,13056.83
178896,2024,4,3056.15
178896,2024,7,36673.77
178896,2024,8,44008.52
178896,2024,9,44008.52
178896,2024,10,44008.52
178896,2024,11,44008.52
178896,2024,12,44008.52
178896,2025,1,44008.52
178896,2025,2,46366.19
178896,2025,3,46366.19
178896,2025,4,46366.19
178896,2025,5,46366.19
178896,2025,6,46366.19
178896,2025,7,46366.19
178896,2025,8,46366.19
178896,2025,9,46366.19
178896,2025,10,46366.19
178896,2025,11,46366.19
178896,2025,12,46366.19
178896,2026,1,46366.19
178896,2026,2,46366.19
178896,2026,3,46366.19
178896,2026,4,46366.19
178896,2026,5,46366.19
178896,2026,6,46366.19
178896,2026,7,46366.19
178896,2026,8,46366.19
178896,2026,9,46366.19
178905,2023,2,39293.32
178905,2023,3,39293.32
178905,2023,4,41650.92
178905,2023,5,41650.92
178905,2023,6,41650.92
178905,2023,7,41650.92
178905,2023,8,41650.92
178905,2023,9,41650.92
178905,2023,10,41650.92
178905,2023,11,41650.92
178905,2023,12,41650.92
178905,2024,1,41650.92
178905,2024,2,44008.52
178905,2024,3,44008.52
178905,2024,4,44008.52
178905,2024,5,44008.52
178905,2024,6,44008.52
178905,2024,7,44008.52
178905,2024,8,44008.52
178905,2024,9,44008.52
178905,2024,10,44008.52
178905,2024,11,44008.52
178905,2024,12,44008.52
178905,2025,1,44008.52
178905,2025,2,46366.19
178905,2025,3,46366.19
178905,2025,4,46366.19
178905,2025,5,46366.19
178905,2025,6,46366.19
178905,2025,7,46366.19
178905,2025,8,46366.19
178905,2025,9,46366.19
178905,2025,10,46366.19
178905,2025,11,46366.19
178905,2025,12,46366.19
178905,2026,1,46366.19
178905,2026,2,46366.19
178905,2026,3,46366.19
178905,2026,4,46366.19
178905,2026,5,46366.19
178905,2026,6,46366.19
178905,2026,7,46366.19
178905,2026,8,46366.19
178905,2026,9,46366.19
178908,2023,1,39293.32
178908,2023,2,39293.32
178908,2023,3,39293.32
178908,2023,4,41650.92
178908,2023,5,41650.92
178908,2023,6,41650.92
178908,2023,7,41650.92
178908,2023,8,41650.92
178908,2023,9,41650.92
178908,2023,10,41650.92
178908,2023,11,41650.92
178908,2023,12,41650.92
178908,2024,1,41650.92
178908,2024,2,44008.52
178908,2024,3,44008.52
178908,2024,4,44008.52
178908,2024,5,44008.52
178908,2024,6,44008.52
178908,2024,7,44008.52
178908,2024,8,44008.52
178908,2024,9,44008.52
178908,2024,10,44008.52
178908,2024,11,44008.52
178908,2024,12,44008.52
178908,2025,1,44008.52
178908,2025,2,46366.19
178908,2025,3,46366.19
178908,2025,4,46366.19
178908,2025,5,46366.19
178908,2025,6,46366.19
178908,2025,7,46366.19
178908,2025,8,46366.19
178908,2025,9,46366.19
178908,2025,10,46366.19
178908,2025,11,46366.19
178908,2025,12,46366.19
178908,2026,1,47354.26
178908,2026,2,46366.19
178908,2026,3,46366.19
178908,2026,4,46366.19
178908,2026,5,46366.19
178908,2026,6,46366.19
178908,2026,7,46366.19
178908,2026,8,46366.19
178908,2026,9,46366.19
178909,2023,1,39293.32
178909,2023,8,41650.92
178909,2023,9,41650.92
178909,2023,10,41650.92
178909,2023,11,41650.92
178909,2023,12,27767.28
178909,2024,1,41650.92
178909,2024,2,44008.52
178909,2024,3,44008.52
178909,2024,4,44008.52
178909,2024,5,44008.52
178909,2024,6,44008.52
178909,2024,7,44008.52
178909,2024,8,44008.52
178909,2024,9,44008.52
178909,2024,10,44008.52
178909,2024,11,44008.52
178909,2024,12,41074.62
178909,2025,2,0.0
178910,2023,1,39293.32
178910,2023,2,39293.32
178910,2023,3,39293.32
178910,2023,4,41650.92
178910,2023,5,41650.92
178910,2023,6,41650.92
178910,2023,7,41650.92
178910,2023,8,41650.92
178910,2023,9,41650.92
178910,2023,10,41650.92
178910,2023,11,41650.92
178910,2023,12,41650.92
178910,2024,1,41650.92
178910,2024,2,44008.52
178910,2024,3,44008.52
178910,2024,4,44008.52
178910,2024,5,44008.52
178910,2024,6,44008.52
178910,2024,7,44008.52
178910,2024,8,44008.52
178910,2024,9,44008.52
178910,2024,10,44008.52
178910,2024,11,44008.52
178910,2024,12,44008.52
178910,2025,1,44008.52
178910,2025,2,46366.19
178910,2025,3,46366.19
178910,2025,4,46366.19
178910,2025,5,46366.19
178910,2025,6,46366.19
178910,2025,7,46366.19
178910,2025,8,46366.19
178910,2025,9,46366.19
178910,2025,10,46366.19
178910,2025,11,46366.19
178910,2025,12,46366.19
178910,2026,1,46366.19
178910,2026,2,46366.19
178910,2026,3,46366.19
178910,2026,4,46366.19
178910,2026,5,46366.19
178910,2026,6,46366.19
178910,2026,7,46366.19
178910,2026,8,46366.19
178910,2026,9,46366.19
178927,2023,1,39293.32
178927,2023,2,39293.32
178927,2023,3,39293.32
178927,2023,4,41650.92
178927,2023,5,41650.92
178927,2023,6,41650.92
178927,2023,7,41650.92
178927,2023,8,41650.92
178927,2023,9,41650.92
178927,2023,10,41650.92
178927,2023,11,41650.92
178927,2023,12,41650.92
178927,2024,1,41650.92
178927,2024,2,44008.52
178927,2024,3,44008.52
178927,2024,4,44008.52
178927,2024,5,44008.52
178927,2024,6,44008.52
178927,2024,7,44008.52
178927,2024,8,44008.52
178927,2024,9,44008.52
178927,2024,10,44008.52
178927,2024,11,44008.52
178927,2024,12,44008.52
178927,2025,1,44008.52
178927,2025,2,46366.19
178927,2025,3,46366.19
178927,2025,4,46366.19
178927,2025,5,46366.19
178927,2025,6,46366.19
178927,2025,7,46366.19
178927,2025,8,46366.19
178927,2025,9,46366.19
178927,2025,10,46366.19
178927,2025,11,46366.19
178927,2025,12,46366.19
178927,2026,1,46366.19
178927,2026,2,46366.19
178927,2026,3,46366.19
178927,2026,4,46366.19
178927,2026,5,46366.19
178927,2026,6,46366.19
178927,2026,7,46366.19
178927,2026,8,46366.19
178927,2026,9,46366.19
178929,2023,1,39293.32
178929,2023,2,39293.32
178929,2023,3,39293.32
178929,2023,4,41650.92
178929,2023,5,41650.92
178929,2023,6,41650.92
178929,2023,7,41650.92
178929,2023,8,41650.92
178929,2023,9,41650.92
178929,2023,10,41650.92
178929,2023,11,41650.92
178929,2023,12,41650.92
178929,2024,1,41650.92
178929,2024,2,44008.52
178929,2024,3,44008.52
178929,2024,4,44008.52
178929,2024,5,44008.52
178929,2024,6,44008.52
178929,2024,7,44008.52
178929,2024,8,44008.52
178929,2024,9,44008.52
178929,2024,10,44008.52
178929,2024,11,44008.52
178929,2024,12,44008.52
178929,2025,1,44008.52
178929,2025,2,46366.19
178929,2025,3,46366.19
178929,2025,4,46366.19
178929,2025,5,46366.19
178929,2025,6,46366.19
178929,2025,7,46366.19
178929,2025,8,46366.19
178929,2025,9,46366.19
178929,2025,10,46366.19
178929,2025,11,46366.19
178929,2025,12,46366.19
178929,2026,1,46366.19
178929,2026,2,46366.19
178929,2026,3,46366.19
178929,2026,4,46366.19
178929,2026,5,46366.19
178929,2026,6,46366.19
178929,2026,7,46366.19
178929,2026,8,46366.19
178929,2026,9,46366.19
178931,2023,1,39293.32
178931,2023,2,39293.32
178931,2023,3,39293.32
178931,2023,4,41650.92
178931,2023,5,41650.92
178931,2023,6,41650.92
178931,2023,7,41650.92
178931,2023,8,41650.92
178931,2023,9,41650.92
178931,2023,10,41650.92
178931,2023,11,41650.92
178931,2023,12,41650.92
178931,2024,1,41650.92
178931,2024,2,44008.52
178931,2024,3,44008.52
178931,2024,4,44008.52
178931,2024,5,44008.52
178931,2024,6,44008.52
178931,2024,7,44008.52
178931,2024,8,44008.52
178931,2024,9,44008.52
178931,2024,10,44008.52
178931,2024,11,44008.52
178931,2024,12,44008.52
178931,2025,1,44008.52
178931,2025,2,46366.19
178931,2025,3,46366.19
178931,2025,4,46366.19
178931,2025,5,46366.19
178931,2025,6,46366.19
178931,2025,7,46366.19
178931,2025,8,46366.19
178931,2025,9,46366.19
178931,2025,10,46366.19
178931,2025,11,46366.19
178931,2025,12,46366.19
178931,2026,1,46366.19
178931,2026,2,46366.19
178931,2026,3,46366.19
178931,2026,4,46366.19
178931,2026,5,46366.19
178931,2026,6,46366.19
178931,2026,7,46366.19
178931,2026,8,46366.19
178931,2026,9,46366.19
178933,2023,1,39293.32
178933,2023,2,39293.32
178933,2023,3,39293.32
178933,2023,4,41650.92
178933,2023,5,41650.92
178933,2023,6,41650.92
178933,2023,7,41650.92
178933,2023,8,41650.92
178933,2023,9,41650.92
178933,2023,10,41650.92
178933,2023,11,41650.92
178933,2023,12,41650.92
178933,2024,1,41650.92
178933,2024,2,44008.52
178933,2024,3,44008.52
178933,2024,4,44008.52
178933,2024,5,44008.52
178933,2024,6,44008.52
178933,2024,7,44008.52
178933,2024,8,44008.52
178933,2024,9,44008.52
178933,2024,10,44008.52
178933,2024,11,44008.52
178933,2024,12,44008.52
178933,2025,1,44008.52
178933,2025,2,46366.19
178933,2025,3,46366.19
178933,2025,4,46366.19
178933,2025,5,46366.19
178933,2025,6,46366.19
178933,2025,7,46366.19
178933,2025,8,46366.19
178933,2025,9,46366.19
178933,2025,10,46366.19
178933,2025,11,46366.19
178933,2025,12,46366.19
178933,2026,1,46366.19
178933,2026,2,46366.19
178933,2026,3,46366.19
178933,2026,4,46366.19
178933,2026,5,46366.19
178933,2026,6,46366.19
178933,2026,7,46366.19
178933,2026,8,46366.19
178933,2026,9,46366.19
178934,2023,1,39293.32
178934,2023,2,39293.32
178934,2023,3,39293.32
178934,2023,4,41650.92
178934,2023,5,41650.92
178934,2023,6,41650.92
178934,2023,7,41650.92
178934,2023,8,41650.92
178934,2023,9,41650.92
178934,2023,10,41650.92
178934,2023,11,41650.92
178934,2023,12,41650.92
178934,2024,1,41650.92
178934,2024,2,44008.52
178934,2024,3,44008.52
178934,2024,4,44008.52
178934,2024,5,44008.52
178934,2024,6,44008.52
178934,2024,7,44008.52
178934,2024,8,44008.52
178934,2024,9,44008.52
178934,2024,10,44008.52
178934,2024,11,44008.52
178934,2024,12,44008.52
178934,2025,1,44008.52
178934,2025,2,46366.19
178934,2025,3,46366.19
178934,2025,4,46366.19
178934,2025,5,46366.19
178934,2025,6,46366.19
178934,2025,7,46366.19
178934,2025,8,46366.19
178934,2025,9,46366.19
178934,2025,10,46366.19
178934,2025,11,46366.19
178934,2025,12,46366.19
178934,2026,1,46366.19
178934,2026,2,46366.19
178934,2026,3,46366.19
178934,2026,4,46366.19
178934,2026,5,46366.19
178934,2026,6,46366.19
178934,2026,7,46366.19
178934,2026,8,46366.19
178934,2026,9,46366.19
178937,2023,1,39293.32
178937,2023,2,39293.32
178937,2023,3,39293.32
178937,2023,4,41650.92
178937,2023,5,41650.92
178937,2023,6,41650.92
178937,2023,7,41650.92
178937,2023,8,41650.92
178937,2023,9,41650.92
178937,2023,10,41650.92
178937,2023,11,41650.92
178937,2023,12,41650.92
178937,2024,1,41650.92
178937,2024,2,44008.52
178937,2024,3,44008.52
178937,2024,4,44008.52
178937,2024,5,44008.52
178937,2024,6,44008.52
178937,2024,7,44008.52
178937,2024,8,44008.52
178937,2024,9,44008.52
178937,2024,10,44008.52
178937,2024,11,44008.52
178937,2024,12,44008.52
178937,2025,1,44008.52
178937,2025,2,46366.19
178937,2025,3,46366.19
178937,2025,4,46366.19
178937,2025,5,46366.19
178937,2025,6,46366.19
178937,2025,7,46366.19
178937,2025,8,46366.19
178937,2025,9,46366.19
178937,2025,10,46366.19
178937,2025,11,46366.19
178937,2025,12,46366.19
178937,2026,1,46366.19
178937,2026,2,46366.19
178937,2026,3,46366.19
178937,2026,4,46366.19
178937,2026,5,46366.19
178937,2026,6,46366.19
178937,2026,7,46366.19
178937,2026,8,46366.19
178937,2026,9,46366.19
178943,2023,1,39293.32
178943,2023,2,39293.32
178943,2023,3,39293.32
178943,2023,4,41650.92
178943,2023,5,41650.92
178943,2023,6,41650.92
178943,2023,7,41650.92
178943,2023,8,41650.92
178943,2023,9,41650.92
178943,2023,10,41650.92
178943,2023,11,41650.92
178943,2023,12,41650.92
178943,2024,1,41650.92
178943,2024,2,44008.52
178943,2024,3,44008.52
178943,2024,4,44008.52
178943,2024,5,44008.52
178943,2024,6,44008.52
178943,2024,7,44008.52
178943,2024,8,44008.52
178943,2024,9,44008.52
178943,2024,10,44008.52
178943,2024,11,44008.52
178943,2024,12,44008.52
178943,2025,1,44008.52
178943,2025,2,46366.19
178943,2025,3,46366.19
178943,2025,4,46366.19
178943,2025,5,46366.19
178943,2025,6,46366.19
178943,2025,7,46366.19
178943,2025,8,46366.19
178943,2025,9,46366.19
178943,2025,10,46366.19
178943,2025,11,46366.19
178943,2025,12,46366.19
178943,2026,1,46366.19
178943,2026,2,46366.19
178943,2026,3,46366.19
178943,2026,4,46366.19
178943,2026,5,46366.19
178943,2026,6,46366.19
178943,2026,7,46366.19
178943,2026,8,46366.19
178943,2026,9,46366.19
178945,2023,1,39293.32
178945,2023,2,39293.32
178945,2023,3,39293.32
178945,2023,4,41650.92
178945,2023,5,41650.92
178945,2023,6,41650.92
178945,2023,7,41650.92
178945,2023,8,41650.92
178945,2023,9,41650.92
178945,2023,10,41650.92
178945,2023,11,41650.92
178945,2023,12,41650.92
178945,2024,1,41650.92
178945,2024,2,44008.52
178945,2024,3,44008.52
178945,2024,4,44008.52
178945,2024,5,44008.52
178945,2024,6,44008.52
178945,2024,7,44008.52
178945,2024,8,44008.52
178945,2024,9,44008.52
178945,2024,10,44008.52
178945,2024,11,44008.52
178945,2024,12,44008.52
178945,2025,1,44008.52
178945,2025,2,46366.19
178945,2025,3,46366.19
178945,2025,4,46366.19
178945,2025,5,46366.19
178945,2025,6,46366.19
178945,2025,7,46366.19
178945,2025,8,46366.19
178945,2025,9,46366.19
178945,2025,10,46366.19
178945,2025,11,46366.19
178945,2025,12,46366.19
178945,2026,1,46366.19
178945,2026,2,46366.19
178945,2026,3,46366.19
178945,2026,4,46366.19
178945,2026,5,46366.19
178945,2026,6,46366.19
178945,2026,7,46366.19
178945,2026,8,46366.19
178945,2026,9,46366.19
178946,2023,1,39293.32
178946,2023,2,39293.32
178946,2023,3,39293.32
178946,2023,4,41650.92
178946,2023,5,41650.92
178946,2023,6,41650.92
178946,2023,7,41650.92
178946,2023,8,41650.92
178946,2023,9,41650.92
178946,2023,10,41650.92
178946,2023,11,41650.92
178946,2023,12,41650.92
178946,2024,1,41650.92
178946,2024,2,44008.52
178946,2024,3,44008.52
178946,2024,4,44008.52
178946,2024,5,44008.52
178946,2024,6,44008.52
178946,2024,7,44008.52
178946,2024,8,44008.52
178946,2024,9,44008.52
178946,2024,10,44008.52
178946,2024,11,44008.52
178946,2024,12,44008.52
178946,2025,1,44008.52
178946,2025,2,46366.19
178946,2025,3,46366.19
178946,2025,4,46366.19
178946,2025,5,46366.19
178946,2025,6,46366.19
178946,2025,7,46366.19
178946,2025,8,46366.19
178946,2025,9,46366.19
178946,2025,10,46366.19
178946,2025,11,46366.19
178946,2025,12,46366.19
178946,2026,1,46366.19
178946,2026,2,46366.19
178946,2026,3,46366.19
178946,2026,4,46366.19
178946,2026,5,46366.19
178946,2026,6,46366.19
178946,2026,7,46366.19
178946,2026,8,46366.19
178946,2026,9,46366.19
178947,2023,1,39293.32
178947,2023,2,39293.32
178947,2023,3,39293.32
178947,2023,4,41650.92
178947,2023,5,41650.92
178947,2023,6,41650.92
178947,2023,7,41650.92
178947,2023,8,41650.92
178947,2023,9,41650.92
178947,2023,10,41650.92
178947,2023,11,41650.92
178947,2023,12,41650.92
178947,2024,1,41650.92
178947,2024,2,44008.52
178947,2024,3,44008.52
178947,2024,4,44008.52
178947,2024,5,44008.52
178947,2024,6,44008.52
178947,2024,7,44008.52
178947,2024,8,44008.52
178947,2024,9,44008.52
178947,2024,10,44008.52
178947,2024,11,44008.52
178947,2024,12,44008.52
178947,2025,1,44008.52
178947,2025,2,46366.19
178947,2025,3,46366.19
178947,2025,4,46366.19
178947,2025,5,46366.19
178947,2025,6,46366.19
178947,2025,7,46366.19
178947,2025,8,46366.19
178947,2025,9,46366.19
178947,2025,10,46366.19
178947,2025,11,46366.19
178947,2025,12,46366.19
178947,2026,1,46366.19
178947,2026,2,46366.19
178947,2026,3,46366.19
178947,2026,4,46366.19
178947,2026,5,46366.19
178947,2026,6,46366.19
178947,2026,7,46366.19
178947,2026,8,46366.19
178947,2026,9,46366.19
178954,2023,1,39293.32
178954,2023,2,39293.32
178954,2023,3,39293.32
178954,2023,4,41650.92
178954,2023,5,41650.92
178954,2023,6,41650.92
178954,2023,7,41650.92
178954,2023,8,41650.92
178954,2023,9,41650.92
178954,2023,10,41650.92
178954,2023,11,41650.92
178954,2023,12,41650.92
178954,2024,1,41650.92
178954,2024,2,44008.52
178954,2024,3,44008.52
178954,2024,4,44008.52
178954,2024,5,44008.52
178954,2024,6,44008.52
178954,2024,7,44008.52
178954,2024,8,44008.52
178954,2024,9,44008.52
178954,2024,10,44008.52
178954,2024,11,44008.52
178954,2024,12,44008.52
178954,2025,1,44008.52
178954,2025,2,46366.19
178954,2025,3,46366.19
178954,2025,4,46366.19
178954,2025,5,46366.19
178954,2025,6,46366.19
178954,2025,7,46366.19
178954,2025,8,46366.19
178954,2025,9,46366.19
178954,2025,10,46366.19
178954,2025,11,46366.19
178954,2025,12,46366.19
178954,2026,1,46366.19
178954,2026,2,46366.19
178954,2026,3,46366.19
178954,2026,4,46366.19
178954,2026,5,46366.19
178954,2026,6,46366.19
178954,2026,7,46366.19
178954,2026,8,46366.19
178954,2026,9,46366.19
178962,2023,1,39293.32
178962,2023,2,39293.32
178962,2023,3,39293.32
178962,2023,4,41650.92
178962,2023,5,41650.92
178962,2023,6,41650.92
178962,2023,7,41650.92
178962,2023,8,41650.92
178962,2023,9,41650.92
178962,2023,10,41650.92
178962,2023,11,41650.92
178962,2023,12,41650.92
178962,2024,1,41650.92
178962,2024,2,44008.52
178962,2024,3,44008.52
178962,2024,4,44008.52
178962,2024,5,44008.52
178962,2024,6,44008.52
178962,2024,7,44008.52
178962,2024,8,44008.52
178962,2024,9,44008.52
178962,2024,10,44008.52
178962,2024,11,44008.52
178962,2024,12,44008.52
178962,2025,1,44008.52
178962,2025,2,46366.19
178962,2025,3,46366.19
178962,2025,4,46366.19
178962,2025,5,46366.19
178962,2025,6,46366.19
178962,2025,7,46366.19
178962,2025,8,46366.19
178962,2025,9,46366.19
178962,2025,10,46366.19
178962,2025,11,46366.19
178962,2025,12,46366.19
178962,2026,1,46366.19
178962,2026,2,46366.19
178962,2026,3,46366.19
178962,2026,4,46366.19
178962,2026,5,46366.19
178962,2026,6,46366.19
178962,2026,7,46366.19
178962,2026,8,46366.19
178962,2026,9,46366.19
178963,2023,1,39293.32
178963,2023,2,39293.32
178963,2023,3,39293.32
178963,2023,4,41650.92
178963,2023,5,41650.92
178963,2023,6,41650.92
178963,2023,7,41650.92
178963,2023,8,41650.92
178963,2023,9,41650.92
178963,2023,10,41650.92
178963,2023,11,41650.92
178963,2023,12,41650.92
178963,2024,1,41650.92
178963,2024,2,44008.52
178963,2024,3,44008.52
178963,2024,4,44008.52
178963,2024,5,44008.52
178963,2024,6,44008.52
178963,2024,7,44008.52
178963,2024,8,44008.52
178963,2024,9,44008.52
178963,2024,10,44008.52
178963,2024,11,44008.52
178963,2024,12,44008.52
178963,2025,1,44008.52
178963,2025,2,46366.19
178963,2025,3,46366.19
178963,2025,4,46366.19
178963,2025,5,46366.19
178963,2025,6,46366.19
178963,2025,7,46366.19
178963,2025,8,46366.19
178963,2025,9,46366.19
178963,2025,10,46366.19
178963,2025,11,46366.19
178963,2025,12,46366.19
178963,2026,1,46366.19
178963,2026,2,46366.19
178963,2026,3,46366.19
178963,2026,4,10818.78
178963,2026,8,38638.49
178963,2026,9,46366.19
178964,2023,1,39293.32
178964,2023,2,39293.32
178964,2023,3,39293.32
178964,2023,4,41650.92
178964,2023,5,41650.92
178964,2023,6,41650.92
178964,2023,7,41650.92
178964,2023,8,41650.92
178964,2023,9,41650.92
178964,2023,10,41650.92
178964,2023,11,41650.92
178964,2023,12,41650.92
178964,2024,1,41650.92
178964,2024,2,44008.52
178964,2024,3,44008.52
178964,2024,4,44008.52
178964,2024,5,44008.52
178964,2024,6,44008.52
178964,2024,7,44008.52
178964,2024,8,44008.52
178964,2024,9,44008.52
178964,2024,10,44008.52
178964,2024,11,44008.52
178964,2024,12,44008.52
178964,2025,1,44008.52
178964,2025,2,46366.19
178964,2025,3,46366.19
178964,2025,4,46366.19
178964,2025,5,46366.19
178964,2025,6,46366.19
178964,2025,7,46366.19
178964,2025,8,46366.19
178964,2025,9,46366.19
178964,2025,10,46366.19
178964,2025,11,46366.19
178964,2025,12,46366.19
178964,2026,1,46366.19
178964,2026,2,46366.19
178964,2026,3,46366.19
178964,2026,4,46366.19
178964,2026,5,46366.19
178964,2026,6,46366.19
178964,2026,7,46366.19
178964,2026,8,46366.19
178964,2026,9,46366.19
178966,2023,1,39293.32
178966,2023,2,34054.21
178966,2023,3,39293.32
178966,2023,4,41650.92
178966,2023,5,41650.92
178966,2023,6,41650.92
178966,2023,7,41650.92
178966,2023,8,41650.92
178966,2023,9,41650.92
178966,2023,10,41650.92
178966,2023,11,41650.92
178966,2023,12,41650.92
178966,2024,1,41650.92
178966,2024,2,44008.52
178966,2024,3,44008.52
178966,2024,4,44008.52
178966,2024,5,44008.52
178966,2024,6,5867.8
178966,2024,7,0.0
178966,2025,1,44008.52
178966,2025,2,46366.19
178966,2025,3,46366.19
178966,2025,4,46366.19
178966,2025,5,46366.19
178966,2025,6,46366.19
178966,2025,7,46366.19
178966,2025,8,46366.19
178966,2025,9,46366.19
178966,2025,10,46366.19
178966,2025,11,46366.19
178966,2025,12,46366.19
178966,2026,1,46366.19
178966,2026,2,46366.19
178966,2026,3,46366.19
178966,2026,4,46366.19
178966,2026,5,46366.19
178966,2026,6,46366.19
178966,2026,7,46366.19
178966,2026,8,46366.19
178966,2026,9,46366.19
178970,2023,1,39293.32
178970,2023,2,39293.32
178970,2023,3,39293.32
178970,2023,4,41650.92
178970,2023,5,41650.92
178970,2023,6,41650.92
178970,2023,7,41650.92
178970,2023,8,41650.92
178970,2023,9,41650.92
178970,2023,10,41650.92
178970,2023,11,41650.92
178970,2023,12,41650.92
178970,2024,1,41650.92
178970,2024,2,44008.52
178970,2024,3,44008.52
178970,2024,4,44008.52
178970,2024,5,44008.52
178970,2024,6,44008.52
178970,2024,7,44008.52
178970,2024,8,44008.52
178970,2024,9,44008.52
178970,2024,10,44008.52
178970,2024,11,44008.52
178970,2024,12,44008.52
178970,2025,1,44008.52
178970,2025,2,46366.19
178970,2025,3,46366.19
178970,2025,4,46366.19
178970,2025,5,46366.19
178970,2025,6,46366.19
178970,2025,7,46366.19
178970,2025,8,46366.19
178970,2025,9,46366.19
178970,2025,10,46366.19
178970,2025,11,46366.19
178970,2025,12,46366.19
178970,2026,1,46366.19
178970,2026,2,46366.19
178970,2026,3,46366.19
178970,2026,4,46366.19
178970,2026,5,46366.19
178970,2026,6,46366.19
178970,2026,7,46366.19
178970,2026,8,46366.19
178970,2026,9,46366.19
178972,2023,1,39293.32
178972,2023,2,39293.32
178972,2023,3,39293.32
178972,2023,4,41650.92
178972,2023,5,41650.92
178972,2023,6,41650.92
178972,2023,7,41650.92
178972,2023,8,41650.92
178972,2023,9,41650.92
178972,2023,10,41650.92
178972,2023,11,41650.92
178972,2023,12,41650.92
178972,2024,1,41650.92
178972,2024,2,44008.52
178972,2024,3,44008.52
178972,2024,4,44008.52
178972,2024,5,44008.52
178972,2024,6,44008.52
178972,2024,7,44008.52
178972,2024,8,44008.52
178972,2024,9,44008.52
178972,2024,10,44008.52
178972,2024,11,44008.52
178972,2024,12,44008.52
178972,2025,1,44008.52
178972,2025,2,46366.19
178972,2025,3,46366.19
178972,2025,4,46366.19
178972,2025,5,46366.19
178972,2025,6,46366.19
178972,2025,7,46366.19
178972,2025,8,46366.19
178972,2025,9,46366.19
178972,2025,10,46366.19
178972,2025,11,46366.19
178972,2025,12,46366.19
178972,2026,1,46366.19
178972,2026,2,46366.19
178972,2026,3,46366.19
178972,2026,4,46366.19
178972,2026,5,46366.19
178972,2026,6,46366.19
178972,2026,7,46366.19
178972,2026,8,46366.19
178972,2026,9,46366.19
178975,2023,1,39293.32
178975,2023,2,39293.32
178975,2023,3,39293.32
178975,2023,4,41650.92
178975,2023,5,41650.92
178975,2023,6,41650.92
178975,2023,7,41650.92
178975,2023,8,41650.92
178975,2023,9,41650.92
178975,2023,10,41650.92
178975,2023,11,41650.92
178975,2023,12,41650.92
178975,2024,1,41650.92
178975,2024,2,44008.52
178975,2024,3,44008.52
178975,2024,4,44008.52
178975,2024,5,44008.52
178975,2024,6,44008.52
178975,2024,7,44008.52
178975,2024,8,44008.52
178975,2024,9,44008.52
178975,2024,10,44008.52
178975,2024,11,44008.52
178975,2024,12,44008.52
178975,2025,1,44008.52
178975,2025,2,46366.19
178975,2025,3,46366.19
178975,2025,4,46366.19
178975,2025,5,46366.19
178975,2025,6,46366.19
178975,2025,7,46366.19
178975,2025,8,46366.19
178975,2025,9,46366.19
178975,2025,10,46366.19
178975,2025,11,46366.19
178975,2025,12,46366.19
178975,2026,1,46366.19
178975,2026,2,46366.19
178975,2026,3,46366.19
178975,2026,4,46366.19
178975,2026,5,46366.19
178975,2026,6,46366.19
178975,2026,7,46366.19
178975,2026,8,46366.19
178975,2026,9,46366.19
178983,2023,1,39293.32
178983,2023,2,39293.32
178983,2023,3,39293.32
178983,2023,4,41650.92
178983,2023,5,41650.92
178983,2023,6,41650.92
178983,2023,7,41650.92
178983,2023,8,41650.92
178983,2023,9,41650.92
178983,2023,10,41650.92
178983,2023,11,41650.92
178983,2023,12,41650.92
178983,2024,1,41650.92
178983,2024,2,44008.52
178983,2024,3,44008.52
178983,2024,4,44008.52
178983,2024,5,44008.52
178983,2024,6,44008.52
178983,2024,7,44008.52
178983,2024,8,44008.52
178983,2024,9,44008.52
178983,2024,10,44008.52
178983,2024,11,44008.52
178983,2024,12,44008.52
178983,2025,1,44008.52
178983,2025,2,46366.19
178983,2025,3,46366.19
178983,2025,4,46366.19
178983,2025,5,46366.19
178983,2025,6,46366.19
178983,2025,7,46366.19
178983,2025,8,46366.19
178983,2025,9,46366.19
178983,2025,10,46366.19
178983,2025,11,46366.19
178983,2025,12,46366.19
178983,2026,1,46366.19
178983,2026,2,46366.19
178983,2026,3,46366.19
178983,2026,4,46366.19
178983,2026,5,46366.19
178983,2026,6,46366.19
178983,2026,7,46366.19
178983,2026,8,46366.19
178983,2026,9,46366.19
178985,2023,1,39293.32
178985,2023,2,39293.32
178985,2023,3,39293.32
178985,2023,4,41650.92
178985,2023,5,41650.92
178985,2023,6,41650.92
178985,2023,7,41650.92
178985,2023,8,41650.92
178985,2023,9,41650.92
178985,2023,10,41650.92
178985,2023,11,41650.92
178985,2023,12,41650.92
178985,2024,1,41650.92
178985,2024,2,44008.52
178985,2024,3,44008.52
178985,2024,4,44008.52
178985,2024,5,44008.52
178985,2024,6,44008.52
178985,2024,7,44008.52
178985,2024,8,44008.52
178985,2024,9,44008.52
178985,2024,10,44008.52
178985,2024,11,44008.52
178985,2024,12,44008.52
178985,2025,1,44008.52
178985,2025,2,46366.19
178985,2025,3,46366.19
178985,2025,4,46366.19
178985,2025,5,46366.19
178985,2025,6,46366.19
178985,2025,7,46366.19
178985,2025,8,46366.19
178985,2025,9,46366.19
178985,2025,10,46366.19
178985,2025,11,46366.19
178985,2025,12,46366.19
178985,2026,1,46366.19
178985,2026,2,46366.19
178985,2026,3,46366.19
178985,2026,4,46366.19
178985,2026,5,46366.19
178985,2026,6,46366.19
178985,2026,7,46366.19
178985,2026,8,46366.19
178985,2026,9,46366.19
178986,2023,1,39293.32
178986,2023,2,39293.32
178986,2023,3,39293.32
178986,2023,4,41650.92
178986,2023,5,41650.92
178986,2023,6,41650.92
178986,2023,7,41650.92
178986,2023,8,41650.92
178986,2023,9,41650.92
178986,2023,10,41650.92
178986,2023,11,41650.92
178986,2023,12,41650.92
178986,2024,1,41650.92
178986,2024,2,44008.52
178986,2024,3,44008.52
178986,2024,4,44008.52
178986,2024,5,44008.52
178986,2024,6,44008.52
178986,2024,7,44008.52
178986,2024,8,44008.52
178986,2024,9,44008.52
178986,2024,10,44008.52
178986,2024,11,44008.52
178986,2024,12,44008.52
178986,2025,1,44008.52
178986,2025,2,46366.19
178986,2025,3,46366.19
178986,2025,4,46366.19
178986,2025,5,46366.19
178986,2025,6,46366.19
178986,2025,7,46366.19
178986,2025,8,46366.19
178986,2025,9,46366.19
178986,2025,10,46366.19
178986,2025,11,46366.19
178986,2025,12,46366.19
178986,2026,1,46366.19
178986,2026,2,46366.19
178986,2026,3,46366.19
178986,2026,4,46366.19
178986,2026,5,46366.19
178986,2026,6,46366.19
178986,2026,7,46366.19
178986,2026,8,46366.19
178986,2026,9,46366.19
178987,2023,1,39293.32
178987,2023,2,35363.99
178987,2023,3,39293.32
178987,2023,4,41650.92
178987,2023,5,41650.92
178987,2023,6,41650.92
178987,2023,7,41650.92
178987,2023,8,41650.92
178987,2023,9,41650.92
178987,2023,10,41650.92
178987,2023,11,41650.92
178987,2023,12,41650.92
178987,2024,1,41650.92
178987,2024,2,44008.52
178987,2024,3,44008.52
178987,2024,4,44008.52
178987,2024,5,44008.52
178987,2024,6,44008.52
178987,2024,7,44008.52
178987,2024,8,44008.52
178987,2024,9,44008.52
178987,2024,10,44008.52
178987,2024,11,44008.52
178987,2024,12,44008.52
178987,2025,1,44008.52
178987,2025,2,40184.03
178987,2025,3,46366.19
178987,2025,4,46366.19
178987,2025,5,46366.19
178987,2025,6,46366.19
178987,2025,7,46366.19
178987,2025,8,46366.19
178987,2025,9,46366.19
178987,2025,10,46366.19
178987,2025,11,46366.19
178987,2025,12,46366.19
178987,2026,1,46366.19
178987,2026,2,46366.19
178987,2026,3,46366.19
178987,2026,4,46366.19
178987,2026,5,46366.19
178987,2026,6,46366.19
178987,2026,7,46366.19
178987,2026,8,46366.19
178987,2026,9,46366.19
178989,2023,1,39293.32
178989,2023,2,39293.32
178989,2023,3,39293.32
178989,2023,4,41650.92
178989,2023,5,41650.92
178989,2023,6,41650.92
178989,2023,7,41650.92
178989,2023,8,41650.92
178989,2023,9,41650.92
178989,2023,10,41650.92
178989,2023,11,41650.92
178989,2023,12,41650.92
178989,2024,1,41650.92
178989,2024,2,44008.52
178989,2024,3,44008.52
178989,2024,4,44008.52
178989,2024,5,44008.52
178989,2024,6,14669.51
178989,2024,10,32272.91
178989,2024,11,44008.52
178989,2024,12,40656.62
178989,2025,1,44008.52
178989,2025,2,46366.19
178989,2025,3,46366.19
178989,2025,4,46366.19
178989,2025,5,46366.19
178989,2025,6,46366.19
178989,2025,7,46366.19
178989,2025,8,46366.19
178989,2025,9,46366.19
178989,2025,10,46366.19
178989,2025,11,46366.19
178989,2025,12,46366.19
178989,2026,1,46366.19
178989,2026,2,46366.19
178989,2026,3,46366.19
178989,2026,4,46366.19
178989,2026,5,46366.19
178989,2026,6,24728.63
178992,2023,1,39293.32
178992,2023,2,39293.32
178992,2023,3,39293.32
178992,2023,4,41650.92
178992,2023,5,41650.92
178992,2023,6,41650.92
178992,2023,7,41650.92
178992,2023,8,41650.92
178992,2023,9,41650.92
178992,2023,10,41650.92
178992,2023,11,41650.92
178992,2023,12,41650.92
178992,2024,1,41650.92
178992,2024,2,44008.52
178992,2024,3,44008.52
178992,2024,4,44008.52
178992,2024,5,44008.52
178992,2024,6,44008.52
178992,2024,7,44008.52
178992,2024,8,44008.52
178992,2024,9,44008.52
178992,2024,10,44008.52
178992,2024,11,44008.52
178992,2024,12,44008.52
178992,2025,1,44008.52
178992,2025,2,46366.19
178992,2025,3,46366.19
178992,2025,4,46366.19
178992,2025,5,46366.19
178992,2025,6,46366.19
178992,2025,7,46366.19
178992,2025,8,46366.19
178992,2025,9,46366.19
178992,2025,10,46366.19
178992,2025,11,46366.19
178992,2025,12,46366.19
178992,2026,1,46366.19
178992,2026,2,46366.19
178992,2026,3,46366.19
178992,2026,4,46366.19
178992,2026,5,46366.19
178992,2026,6,46366.19
178992,2026,7,46366.19
178992,2026,8,46366.19
178992,2026,9,46366.19
178993,2023,1,39293.32
178993,2023,2,39293.32
178993,2023,3,39293.32
178993,2023,4,41650.92
178993,2023,5,41650.92
178993,2023,6,41650.92
178993,2023,7,41650.92
178993,2023,8,41650.92
178993,2023,9,41650.92
178993,2023,10,41650.92
178993,2023,11,41650.92
178993,2023,12,41650.92
178993,2024,1,41650.92
178993,2024,2,44008.52
178993,2024,3,44008.52
178993,2024,4,44008.52
178993,2024,5,44008.52
178993,2024,6,44008.52
178993,2024,7,44008.52
178993,2024,8,44008.52
178993,2024,9,44008.52
178993,2024,10,44008.52
178993,2024,11,44008.52
178993,2024,12,44008.52
178993,2025,1,44008.52
178993,2025,2,46366.19
178993,2025,3,46366.19
178993,2025,4,46366.19
178993,2025,5,46366.19
178993,2025,6,46366.19
178993,2025,7,46366.19
178993,2025,8,46366.19
178993,2025,9,46366.19
178993,2025,10,46366.19
178993,2025,11,46366.19
178993,2025,12,46366.19
178993,2026,1,46366.19
178993,2026,2,46366.19
178993,2026,3,46366.19
178993,2026,4,46366.19
178993,2026,5,46366.19
178993,2026,6,46366.19
178993,2026,7,46366.19
178993,2026,8,46366.19
178993,2026,9,46366.19
178997,2023,1,39293.32
178997,2023,2,39293.32
178997,2023,3,39293.32
178997,2023,4,41650.92
178997,2023,5,41650.92
178997,2023,6,41650.92
178997,2023,7,41650.92
178997,2023,8,41650.92
178997,2023,9,41650.92
178997,2023,10,41650.92
178997,2023,11,41650.92
178997,2023,12,41650.92
178997,2024,1,41650.92
178997,2024,2,44008.52
178997,2024,3,44008.52
178997,2024,4,44008.52
178997,2024,5,44008.52
178997,2024,6,44008.52
178997,2024,7,44008.52
178997,2024,8,44008.52
178997,2024,9,44008.52
178997,2024,10,44008.52
178997,2024,11,44008.52
178997,2024,12,44008.52
178997,2025,1,44008.52
178997,2025,2,46366.19
178997,2025,3,46366.19
178997,2025,4,46366.19
178997,2025,5,46366.19
178997,2025,6,46366.19
178997,2025,7,46366.19
178997,2025,8,46366.19
178997,2025,9,46366.19
178997,2025,10,46366.19
178997,2025,11,46366.19
178997,2025,12,46366.19
178997,2026,1,46366.19
178997,2026,2,46366.19
178997,2026,3,46366.19
178997,2026,4,46366.19
178997,2026,5,46366.19
178997,2026,6,46366.19
178997,2026,7,46366.19
178997,2026,8,46366.19
178997,2026,9,46366.19
179000,2023,1,39293.32
179000,2023,2,39293.32
179000,2023,3,39293.32
179000,2023,4,41650.92
179000,2023,5,41650.92
179000,2023,6,41650.92
179000,2023,7,41650.92
179000,2023,8,41650.92
179000,2023,9,41650.92
179000,2023,10,41650.92
179000,2023,11,41650.92
179000,2023,12,41650.92
179000,2024,1,41650.92
179000,2024,2,44008.52
179000,2024,3,44008.52
179000,2024,4,44008.52
179000,2024,5,44008.52
179000,2024,6,44008.52
179000,2024,7,44008.52
179000,2024,8,44008.52
179000,2024,9,44008.52
179000,2024,10,44008.52
179000,2024,11,44008.52
179000,2024,12,44008.52
179000,2025,1,44008.52
179000,2025,2,46366.19
179000,2025,3,46366.19
179000,2025,4,46366.19
179000,2025,5,46366.19
179000,2025,6,46366.19
179000,2025,7,46366.19
179000,2025,8,46366.19
179000,2025,9,46366.19
179000,2025,10,46366.19
179000,2025,11,46366.19
179000,2025,12,46366.19
179000,2026,1,46366.19
179000,2026,2,46366.19
179000,2026,3,46366.19
179000,2026,4,46366.19
179000,2026,5,46366.19
179000,2026,6,46366.19
179000,2026,7,46366.19
179000,2026,8,46366.19
179000,2026,9,46366.19
179001,2023,1,39293.32
179001,2023,2,39293.32
179001,2023,3,39293.32
179001,2023,4,41650.92
179001,2023,5,41650.92
179001,2023,6,41650.92
179001,2023,7,41650.92
179001,2023,8,41650.92
179001,2023,9,41650.92
179001,2023,10,41650.92
179001,2023,11,41650.92
179001,2023,12,41650.92
179001,2024,1,41650.92
179001,2024,2,44008.52
179001,2024,3,44008.52
179001,2024,4,44008.52
179001,2024,5,44008.52
179001,2024,6,44008.52
179001,2024,7,44008.52
179001,2024,8,44008.52
179001,2024,9,44008.52
179001,2024,10,44008.52
179001,2024,11,44008.52
179001,2024,12,44008.52
179001,2025,1,44008.52
179001,2025,2,46366.19
179001,2025,3,46366.19
179001,2025,4,46366.19
179001,2025,5,46366.19
179001,2025,6,46366.19
179001,2025,7,46366.19
179001,2025,8,46366.19
179001,2025,9,46366.19
179001,2025,10,46366.19
179001,2025,11,46366.19
179001,2025,12,46366.19
179001,2026,1,46366.19
179001,2026,2,46366.19
179001,2026,3,46366.19
179001,2026,4,46366.19
179001,2026,5,46366.19
179001,2026,6,46366.19
179001,2026,7,46366.19
179001,2026,8,46366.19
179001,2026,9,46366.19
180214,2023,2,39293.32
180214,2023,3,39293.32
180214,2023,4,41650.92
180214,2023,5,41650.92
180214,2023,6,41650.92
180214,2023,7,41650.92
180214,2023,8,41650.92
180214,2023,9,41650.92
180214,2023,10,41650.92
180214,2023,11,41650.92
180214,2023,12,41650.92
180214,2024,1,41650.92
180214,2024,2,44008.52
180214,2024,3,44008.52
180214,2024,4,44008.52
180214,2024,5,44008.52
180214,2024,6,44008.52
180214,2024,7,44008.52
180214,2024,8,44008.52
180214,2024,9,44008.52
180214,2024,10,44008.52
180214,2024,11,44008.52
180214,2024,12,44008.52
180214,2025,1,44008.52
180214,2025,2,46366.19
180214,2025,3,46366.19
180214,2025,4,46366.19
180214,2025,5,46366.19
180214,2025,6,46366.19
180214,2025,7,46366.19
180214,2025,8,46366.19
180214,2025,9,46366.19
180214,2025,10,46366.19
180214,2025,11,46366.19
180214,2025,12,46366.19
180214,2026,1,46366.19
180214,2026,2,46366.19
180214,2026,3,46366.19
180214,2026,4,46366.19
180214,2026,5,46366.19
180214,2026,6,46366.19
180214,2026,7,46366.19
180214,2026,8,46366.19
180214,2026,9,46366.19
182146,2024,1,41650.92
182146,2024,2,44008.52
182146,2024,3,44008.52
182146,2024,4,24938.16
182146,2024,5,0.0
188097,2023,1,39293.32
188097,2023,2,39293.32
188097,2023,3,39293.32
188097,2023,4,41650.92
188097,2023,5,41650.92
188097,2023,6,41650.92
188097,2023,7,41650.92
188097,2023,8,41650.92
188097,2023,9,41650.92
188097,2023,10,41650.92
188097,2023,11,41650.92
188097,2023,12,41650.92
188097,2024,1,41650.92
188097,2024,2,44008.52
188097,2024,3,44008.52
188097,2024,4,44008.52
188097,2024,5,44008.52
188097,2024,6,44008.52
188097,2024,7,44008.52
188097,2024,8,44008.52
188097,2024,9,44008.52
188097,2024,10,44008.52
188097,2024,11,44008.52
188097,2024,12,44008.52
188097,2025,1,44008.52
188097,2025,2,46366.19
188097,2025,3,46366.19
188097,2025,4,46366.19
188097,2025,5,46366.19
188097,2025,6,46366.19
188097,2025,7,46366.19
188097,2025,8,46366.19
188097,2025,9,46366.19
188097,2025,10,46366.19
188097,2025,11,46366.19
188097,2025,12,46366.19
188097,2026,1,46366.19
188097,2026,2,46366.19
188097,2026,3,46366.19
188097,2026,4,46366.19
188097,2026,5,46366.19
188097,2026,6,46366.19
188097,2026,7,46366.19
188097,2026,8,46366.19
188097,2026,9,46366.19
191923,2023,1,39293.32
191923,2023,2,39293.32
191923,2023,3,39293.32
191923,2023,4,41650.92
191923,2023,5,41650.92
191923,2023,6,41650.92
191923,2023,7,41650.92
191923,2023,8,41650.92
191923,2023,9,41650.92
191923,2023,10,41650.92
191923,2023,11,41650.92
191923,2023,12,41650.92
191923,2024,1,41650.92
191923,2024,2,44008.52
191923,2024,3,44008.52
191923,2024,4,44008.52
191923,2024,5,44008.52
191923,2024,6,44008.52
191923,2024,7,44008.52
191923,2024,8,44008.52
191923,2024,9,44008.52
191923,2024,10,44008.52
191923,2024,11,44008.52
191923,2024,12,44008.52
191923,2025,1,44008.52
191923,2025,2,46366.19
191923,2025,3,46366.19
191923,2025,4,46366.19
191923,2025,5,46366.19
191923,2025,6,46366.19
191923,2025,7,46366.19
191923,2025,8,46366.19
191923,2025,9,46366.19
191923,2025,10,46366.19
191923,2025,11,46366.19
191923,2025,12,46366.19
191923,2026,1,46366.19
191923,2026,2,46366.19
191923,2026,3,46366.19
191923,2026,4,46366.19
191923,2026,5,46366.19
191923,2026,6,46366.19
191923,2026,7,46366.19
191923,2026,8,46366.19
191923,2026,9,46366.19
194260,2023,1,39293.32
194260,2026,7,35547.41
194260,2026,8,46366.19
194260,2026,9,46366.19
198197,2023,1,39293.32
198197,2023,2,39293.32
198197,2023,3,39293.32
198197,2023,4,41650.92
198197,2023,5,41650.92
198197,2023,6,41650.92
198197,2023,7,11106.91
198197,2023,8,0.0
198197,2023,9,0.0
198197,2023,10,0.0
198197,2023,11,33320.74
198197,2023,12,41650.92
198197,2024,1,41650.92
198197,2024,2,44008.52
198197,2024,3,44008.52
198197,2024,4,44008.52
198197,2024,5,44008.52
198197,2024,6,44008.52
198197,2024,7,44008.52
198197,2024,8,44008.52
198197,2024,9,44008.52
198197,2024,10,44008.52
198197,2024,11,44008.52
198197,2024,12,44008.52
198197,2025,1,44008.52
198197,2025,2,46366.19
198197,2025,3,46366.19
198197,2025,4,46366.19
198197,2025,5,46366.19
198197,2025,6,46366.19
198197,2025,7,46366.19
198197,2025,8,46366.19
198197,2025,9,46366.19
198197,2025,10,46366.19
198197,2025,11,46366.19
198197,2025,12,46366.19
198197,2026,1,46366.19
198197,2026,2,46366.19
198197,2026,3,46366.19
198197,2026,4,46366.19
198197,2026,5,46366.19
198197,2026,6,46366.19
198197,2026,7,46366.19
198197,2026,8,46366.19
198197,2026,9,46366.19
198783,2023,1,39293.32
198783,2023,2,39293.32
198783,2023,3,39293.32
198783,2023,4,41650.92
198783,2023,5,41650.92
198783,2023,6,41650.92
198783,2023,7,41650.92
198783,2023,8,41650.92
198783,2023,9,41650.92
198783,2023,10,41650.92
198783,2023,11,41650.92
198783,2023,12,41650.92
198783,2024,1,41650.92
198783,2024,2,44008.52
198783,2024,3,44008.52
198783,2024,4,44008.52
198783,2024,5,44008.52
198783,2024,6,44008.52
198783,2024,7,44008.52
198783,2024,8,44008.52
198783,2024,9,44008.52
198783,2024,10,44008.52
198783,2024,11,44008.52
198783,2024,12,44008.52
198783,2025,1,44008.52
198783,2025,2,46366.19
198783,2025,3,46366.19
198783,2025,4,46366.19
198783,2025,5,46366.19
198783,2025,6,46366.19
198783,2025,7,46366.19
198783,2025,8,46366.19
198783,2025,9,46366.19
198783,2025,10,46366.19
198783,2025,11,46366.19
198783,2025,12,46366.19
198783,2026,1,46366.19
198783,2026,2,46366.19
198783,2026,3,46366.19
198783,2026,4,46366.19
198783,2026,5,46366.19
198783,2026,6,46366.19
198783,2026,7,46366.19
198783,2026,8,46366.19
198783,2026,9,46366.19
204351,2023,1,39293.32
204351,2023,2,39293.32
204351,2023,3,39293.32
204351,2023,4,41650.92
204351,2023,5,41650.92
204351,2023,6,41650.92
204351,2023,7,41650.92
204351,2023,8,41650.92
204351,2023,9,41650.92
204351,2023,10,41650.92
204351,2023,11,41650.92
204351,2023,12,41650.92
204351,2024,1,41650.92
204351,2024,2,44008.52
204351,2024,3,44008.52
204351,2024,4,44008.52
204351,2024,5,44008.52
204351,2024,6,44008.52
204351,2024,7,44008.52
204351,2024,8,44008.52
204351,2024,9,44008.52
204351,2024,10,44008.52
204351,2024,11,44008.52
204351,2024,12,44008.52
204351,2025,1,44008.52
204351,2025,2,46366.19
204351,2025,3,46366.19
204351,2025,4,46366.19
204351,2025,5,46366.19
204351,2025,6,46366.19
204351,2025,7,46366.19
204351,2025,8,46366.19
204351,2025,9,46366.19
204351,2025,10,46366.19
204351,2025,11,46366.19
204351,2025,12,46366.19
204351,2026,1,46366.19
204351,2026,2,46366.19
204351,2026,3,46366.19
204351,2026,4,46366.19
204351,2026,5,46366.19
204351,2026,6,46366.19
204351,2026,7,46366.19
204351,2026,8,46366.19
204351,2026,9,46366.19
204353,2023,1,39293.32
204353,2023,2,0.0
204353,2025,8,46366.19
204353,2025,9,46366.19
204353,2025,10,46366.19
204353,2025,11,46366.19
204353,2025,12,46366.19
204353,2026,1,46366.19
204353,2026,2,46366.19
204353,2026,3,46366.19
204353,2026,4,46366.19
204353,2026,5,46366.19
204353,2026,6,46366.19
204353,2026,7,46366.19
204353,2026,8,46366.19
204353,2026,9,46366.19
204355,2023,1,39293.32
204355,2023,2,39293.32
204355,2023,3,39293.32
204355,2023,4,41650.92
204355,2023,5,41650.92
204355,2023,6,41650.92
204355,2023,7,41650.92
204355,2023,8,41650.92
204355,2023,9,41650.92
204355,2023,10,41650.92
204355,2023,11,41650.92
204355,2023,12,41650.92
204355,2024,1,41650.92
204355,2024,2,44008.52
204355,2024,3,44008.52
204355,2024,4,44008.52
204355,2024,5,44008.52
204355,2024,6,44008.52
204355,2024,7,44008.52
204355,2024,8,44008.52
204355,2024,9,44008.52
204355,2024,10,44008.52
204355,2024,11,44008.52
204355,2024,12,44008.52
204355,2025,1,44008.52
204355,2025,2,46366.19
204355,2025,3,46366.19
204355,2025,4,46366.19
204355,2025,5,46366.19
204355,2025,6,46366.19
204355,2025,7,46366.19
204355,2025,8,46366.19
204355,2025,9,46366.19
204355,2025,10,46366.19
204355,2025,11,46366.19
204355,2025,12,46366.19
204355,2026,1,46366.19
204355,2026,2,46366.19
204355,2026,3,46366.19
204355,2026,4,46366.19
204355,2026,5,46366.19
204355,2026,6,46366.19
204355,2026,7,46366.19
204355,2026,8,46366.19
204355,2026,9,46366.19
204356,2023,1,39293.32
204356,2023,2,39293.32
204356,2023,3,39293.32
204356,2023,4,41650.92
204356,2023,5,41650.92
204356,2023,6,41650.92
204356,2023,7,41650.92
204356,2023,8,41650.92
204356,2023,9,41650.92
204356,2023,10,41650.92
204356,2023,11,41650.92
204356,2023,12,41650.92
204356,2024,1,41650.92
204356,2024,2,44008.52
204356,2024,3,44008.52
204356,2024,4,44008.52
204356,2024,5,44008.52
204356,2024,6,44008.52
204356,2024,7,44008.52
204356,2024,8,44008.52
204356,2024,9,44008.52
204356,2024,10,44008.52
204356,2024,11,44008.52
204356,2024,12,44008.52
204356,2025,1,44008.52
204356,2025,2,46366.19
204356,2025,3,46366.19
204356,2025,4,46366.19
204356,2025,5,46366.19
204356,2025,6,46366.19
204356,2025,7,46366.19
204356,2025,8,46366.19
204356,2025,9,46366.19
204356,2025,10,46366.19
204356,2025,11,46366.19
204356,2025,12,46366.19
204356,2026,1,46366.19
204356,2026,2,46366.19
204356,2026,3,46366.19
204356,2026,4,46366.19
204356,2026,5,46366.19
204356,2026,6,46366.19
204356,2026,7,46366.19
204356,2026,8,46366.19
204356,2026,9,46366.19
204358,2023,1,39293.32
204358,2023,2,39293.32
204358,2023,3,39293.32
204358,2023,4,41650.92
204358,2023,5,41650.92
204358,2023,6,41650.92
204358,2023,7,41650.92
204358,2023,8,41650.92
204358,2023,9,41650.92
204358,2023,10,41650.92
204358,2023,11,41650.92
204358,2023,12,41650.92
204358,2024,1,41650.92
204358,2024,2,44008.52
204358,2024,3,44008.52
204358,2024,4,44008.52
204358,2024,5,44008.52
204358,2024,6,44008.52
204358,2024,7,44008.52
204358,2024,8,44008.52
204358,2024,9,44008.52
204358,2024,10,44008.52
204358,2024,11,44008.52
204358,2024,12,44008.52
204358,2025,1,44008.52
204358,2025,2,46366.19
204358,2025,3,46366.19
204358,2025,4,46366.19
204358,2025,5,46366.19
204358,2025,6,46366.19
204358,2025,7,46366.19
204358,2025,8,46366.19
204358,2025,9,46366.19
204358,2025,10,46366.19
204358,2025,11,46366.19
204358,2025,12,46366.19
204358,2026,1,46366.19
204358,2026,2,46366.19
204358,2026,3,46366.19
204358,2026,4,46366.19
204358,2026,5,46366.19
204358,2026,6,46366.19
204358,2026,7,46366.19
204358,2026,8,46366.19
204358,2026,9,46366.19
204360,2023,1,39293.32
204360,2023,2,39293.32
204360,2023,3,39293.32
204360,2023,4,41650.92
204360,2023,5,41650.92
204360,2023,6,41650.92
204360,2023,7,41650.92
204360,2023,8,41650.92
204360,2023,9,41650.92
204360,2023,10,41650.92
204360,2023,11,41650.92
204360,2023,12,41650.92
204360,2024,1,41650.92
204360,2024,2,44008.52
204360,2024,3,44008.52
204360,2024,4,44008.52
204360,2024,5,44008.52
204360,2024,6,44008.52
204360,2024,7,44008.52
204360,2024,8,44008.52
204360,2024,9,44008.52
204360,2024,10,44008.52
204360,2024,11,44008.52
204360,2024,12,44008.52
204360,2025,1,44008.52
204360,2025,2,46366.19
204360,2025,3,46366.19
204360,2025,4,46366.19
204360,2025,5,46366.19
204360,2025,6,46366.19
204360,2025,7,46366.19
204360,2025,8,46366.19
204360,2025,9,46366.19
204360,2025,10,46366.19
204360,2025,11,46366.19
204360,2025,12,46366.19
204360,2026,1,46366.19
204360,2026,2,46366.19
204360,2026,3,46366.19
204360,2026,4,46366.19
204360,2026,5,46366.19
204360,2026,6,46366.19
204360,2026,7,46366.19
204360,2026,8,46366.19
204360,2026,9,46366.19
204361,2023,1,39293.32
204361,2023,2,39293.32
204361,2023,3,39293.32
204361,2023,4,41650.92
204361,2023,5,41650.92
204361,2023,6,41650.92
204361,2023,7,41650.92
204361,2023,8,41650.92
204361,2023,9,41650.92
204361,2023,10,41650.92
204361,2023,11,41650.92
204361,2023,12,41650.92
204361,2024,1,41650.92
204361,2024,2,44008.52
204361,2024,3,44008.52
204361,2024,4,44008.52
204361,2024,5,44008.52
204361,2024,6,44008.52
204361,2024,7,16136.46
204361,2024,8,7422.71
204361,2024,9,0.0
204361,2024,11,30805.96
204361,2024,12,44008.52
204361,2025,1,44008.52
204361,2025,2,46366.19
204361,2025,3,46366.19
204361,2025,4,46366.19
204361,2025,5,46366.19
204361,2025,6,46366.19
204361,2025,7,46366.19
204361,2025,8,46366.19
204361,2025,9,46366.19
204361,2025,10,46366.19
204361,2025,11,46366.19
204361,2025,12,46366.19
204361,2026,1,46366.19
204361,2026,2,46366.19
204361,2026,3,46366.19
204361,2026,4,46366.19
204361,2026,5,46366.19
204361,2026,6,46366.19
204361,2026,7,46366.19
204361,2026,8,46366.19
204361,2026,9,46366.19
204362,2023,1,39293.32
204362,2023,2,39293.32
204362,2023,3,39293.32
204362,2023,4,41650.92
204362,2023,5,41650.92
204362,2023,6,41650.92
204362,2023,7,41650.92
204362,2023,8,41650.92
204362,2023,9,41650.92
204362,2023,10,41650.92
204362,2023,11,41650.92
204362,2023,12,41650.92
204362,2024,1,41650.92
204362,2024,2,44008.52
204362,2024,3,44008.52
204362,2024,4,44008.52
204362,2024,5,44008.52
204362,2024,6,44008.52
204362,2024,7,4400.85
204362,2024,11,42541.57
204362,2024,12,43472.68
204362,2025,1,44008.52
204362,2025,2,46366.19
204362,2025,3,46366.19
204362,2025,4,46366.19
204362,2025,5,46366.19
204362,2025,6,46366.19
204362,2025,7,46366.19
204362,2025,8,46366.19
204362,2025,9,46366.19
204362,2025,10,46366.19
204362,2025,11,46366.19
204362,2025,12,46366.19
204362,2026,1,46366.19
204362,2026,2,46366.19
204362,2026,3,46366.19
204362,2026,4,46366.19
204362,2026,5,46366.19
204362,2026,6,46366.19
204362,2026,7,46366.19
204362,2026,8,46366.19
204362,2026,9,46366.19
204364,2023,1,39293.32
204364,2023,2,39293.32
204364,2023,3,39293.32
204364,2023,4,41650.92
204364,2023,5,41650.92
204364,2023,6,41650.92
204364,2023,7,41650.92
204364,2023,8,41650.92
204364,2023,9,41650.92
204364,2023,10,41650.92
204364,2023,11,41650.92
204364,2023,12,41650.92
204364,2024,1,41650.92
204364,2024,2,44008.52
204364,2024,3,44008.52
204364,2024,4,44008.52
204364,2024,5,44008.52
204364,2024,6,34436.66
204364,2024,10,19070.36
204364,2024,11,44008.52
204364,2024,12,43245.85
204364,2025,1,44008.52
204364,2025,2,46366.19
204364,2025,3,46366.19
204364,2025,4,46366.19
204364,2025,5,46366.19
204364,2025,6,46366.19
204364,2025,7,46366.19
204364,2025,8,46366.19
204364,2025,9,46366.19
204364,2025,10,46366.19
204364,2025,11,46366.19
204364,2025,12,46366.19
204364,2026,1,46366.19
204364,2026,2,46366.19
204364,2026,3,46366.19
204364,2026,4,46366.19
204364,2026,5,46366.19
204364,2026,6,46366.19
204364,2026,7,46366.19
204364,2026,8,46366.19
204364,2026,9,46366.19
204365,2023,1,39293.32
204365,2023,2,39293.32
204365,2023,3,39293.32
204365,2023,4,41650.92
204365,2023,5,41650.92
204365,2023,6,41650.92
204365,2023,7,41650.92
204365,2023,8,41650.92
204365,2023,9,41650.92
204365,2023,10,41650.92
204365,2023,11,41650.92
204365,2023,12,41650.92
204365,2024,1,41650.92
204365,2024,2,44008.52
204365,2024,3,44008.52
204365,2024,4,44008.52
204365,2024,5,44008.52
204365,2024,6,44008.52
204365,2024,7,44008.52
204365,2024,8,44008.52
204365,2024,9,44008.52
204365,2024,10,44008.52
204365,2024,11,44008.52
204365,2024,12,44008.52
204365,2025,1,44008.52
204365,2025,2,46366.19
204365,2025,3,46366.19
204365,2025,4,46366.19
204365,2025,5,46366.19
204365,2025,6,46366.19
204365,2025,7,46366.19
204365,2025,8,46366.19
204365,2025,9,46366.19
204365,2025,10,46366.19
204365,2025,11,46366.19
204365,2025,12,46366.19
204365,2026,1,46366.19
204365,2026,2,46366.19
204365,2026,3,46366.19
204365,2026,4,46366.19
204365,2026,5,46366.19
204365,2026,6,46366.19
204365,2026,7,46366.19
204365,2026,8,46366.19
204365,2026,9,46366.19
204367,2023,1,39293.32
204367,2023,2,39293.32
204367,2023,3,39293.32
204367,2023,4,41650.92
204367,2023,5,41650.92
204367,2023,6,41650.92
204367,2023,7,41650.92
204367,2023,8,41650.92
204367,2023,9,41650.92
204367,2023,10,41650.92
204367,2023,11,41650.92
204367,2023,12,41650.92
204367,2024,1,41650.92
204367,2024,2,44008.52
204367,2024,3,44008.52
204367,2024,4,44008.52
204367,2024,5,44008.52
204367,2024,6,44008.52
204367,2024,7,44008.52
204367,2024,8,44008.52
204367,2024,9,44008.52
204367,2024,10,44008.52
204367,2024,11,44008.52
204367,2024,12,44008.52
204367,2025,1,44008.52
204367,2025,2,46366.19
204367,2025,3,46366.19
204367,2025,4,46366.19
204367,2025,5,46366.19
204367,2025,6,46366.19
204367,2025,7,46366.19
204367,2025,8,46366.19
204367,2025,9,46366.19
204367,2025,10,46366.19
204367,2025,11,46366.19
204367,2025,12,46366.19
204367,2026,1,46366.19
204367,2026,2,46366.19
204367,2026,3,46366.19
204367,2026,4,46366.19
204367,2026,5,46366.19
204367,2026,6,46366.19
204367,2026,7,46366.19
204367,2026,8,46366.19
204367,2026,9,46366.19
204368,2023,1,39293.32
204368,2023,2,39293.32
204368,2023,3,39293.32
204368,2023,4,41650.92
204368,2023,5,41650.92
204368,2023,6,41650.92
204368,2023,7,41650.92
204368,2023,8,41650.92
204368,2023,9,41650.92
204368,2023,10,41650.92
204368,2023,11,41650.92
204368,2023,12,41650.92
204368,2024,1,41650.92
204368,2024,2,44008.52
204368,2024,3,44008.52
204368,2024,4,44008.52
204368,2024,5,44008.52
204368,2024,6,44008.52
204368,2024,7,44008.52
204368,2024,8,44008.52
204368,2024,9,44008.52
204368,2024,10,44008.52
204368,2024,11,44008.52
204368,2024,12,44008.52
204368,2025,1,44008.52
204368,2025,2,46366.19
204368,2025,3,46366.19
204368,2025,4,46366.19
204368,2025,5,46366.19
204368,2025,6,46366.19
204368,2025,7,46366.19
204368,2025,8,46366.19
204368,2025,9,46366.19
204368,2025,10,46366.19
204368,2025,11,46366.19
204368,2025,12,46366.19
204368,2026,1,46366.19
204368,2026,2,46366.19
204368,2026,3,46366.19
204368,2026,4,46366.19
204368,2026,5,46366.19
204368,2026,6,46366.19
204368,2026,7,46366.19
204368,2026,8,46366.19
204368,2026,9,46366.19
204369,2023,1,39293.32
204369,2023,2,39293.32
204369,2023,3,39293.32
204369,2023,4,41650.92
204369,2023,5,41650.92
204369,2023,6,41650.92
204369,2023,7,41650.92
204369,2023,8,41650.92
204369,2023,9,41650.92
204369,2023,10,41650.92
204369,2023,11,41650.92
204369,2023,12,41650.92
204369,2024,1,41650.92
204369,2024,2,44008.52
204369,2024,3,44008.52
204369,2024,4,44008.52
204369,2024,5,44008.52
204369,2024,6,44008.52
204369,2024,7,44008.52
204369,2024,8,44008.52
204369,2024,9,44008.52
204369,2024,10,44008.52
204369,2024,11,44008.52
204369,2024,12,44008.52
204369,2025,1,44008.52
204369,2025,2,46366.19
204369,2025,3,46366.19
204369,2025,4,46366.19
204369,2025,5,46366.19
204369,2025,6,46366.19
204369,2025,7,46366.19
204369,2025,8,46366.19
204369,2025,9,46366.19
204369,2025,10,46366.19
204369,2025,11,13909.86
204369,2025,12,0.0
204369,2026,1,0.0
204369,2026,2,0.0
204369,2026,3,32456.33
204369,2026,4,46366.19
204369,2026,5,46366.19
204369,2026,6,46366.19
204369,2026,7,46366.19
204369,2026,8,46366.19
204369,2026,9,46366.19
204372,2023,1,39293.32
204372,2023,2,39293.32
204372,2023,3,39293.32
204372,2023,4,41650.92
204372,2023,5,41650.92
204372,2023,6,41650.92
204372,2023,7,41650.92
204372,2023,8,41650.92
204372,2023,9,41650.92
204372,2023,10,41650.92
204372,2023,11,41650.92
204372,2023,12,41650.92
204372,2024,1,41650.92
204372,2024,2,44008.52
204372,2024,3,44008.52
204372,2024,4,44008.52
204372,2024,5,44008.52
204372,2024,6,44008.52
204372,2024,7,44008.52
204372,2024,8,44008.52
204372,2024,9,44008.52
204372,2024,10,44008.52
204372,2024,11,44008.52
204372,2024,12,44008.52
204372,2025,1,44008.52
204372,2025,2,46366.19
204372,2025,3,46366.19
204372,2025,4,46366.19
204372,2025,5,46366.19
204372,2025,6,46366.19
204372,2025,7,46366.19
204372,2025,8,46366.19
204372,2025,9,46366.19
204372,2025,10,46366.19
204372,2025,11,46366.19
204372,2025,12,46366.19
204372,2026,1,46366.19
204372,2026,2,46366.19
204372,2026,3,46366.19
204372,2026,4,46366.19
204372,2026,5,46366.19
204372,2026,6,46366.19
204372,2026,7,46366.19
204372,2026,8,46366.19
204372,2026,9,46366.19
204374,2023,1,39293.32
204374,2023,2,39293.32
204374,2023,3,39293.32
204374,2023,4,41650.92
204374,2023,5,41650.92
204374,2023,6,41650.92
204374,2023,7,41650.92
204374,2023,8,41650.92
204374,2023,9,41650.92
204374,2023,10,41650.92
204374,2023,11,41650.92
204374,2023,12,41650.92
204374,2024,1,41650.92
204374,2024,2,44008.52
204374,2024,3,44008.52
204374,2024,4,44008.52
204374,2024,5,44008.52
204374,2024,6,44008.52
204374,2024,7,44008.52
204374,2024,8,44008.52
204374,2024,9,44008.52
204374,2024,10,44008.52
204374,2024,11,44008.52
204374,2024,12,44008.52
204374,2025,1,44008.52
204374,2025,2,46366.19
204374,2025,3,46366.19
204374,2025,4,46366.19
204374,2025,5,46366.19
204374,2025,6,46366.19
204374,2025,7,46366.19
204374,2025,8,46366.19
204374,2025,9,46366.19
204374,2025,10,46366.19
204374,2025,11,46366.19
204374,2025,12,46366.19
204374,2026,1,46366.19
204374,2026,2,46366.19
204374,2026,3,46366.19
204374,2026,4,46366.19
204374,2026,5,46366.19
204374,2026,6,46366.19
204374,2026,7,46366.19
204374,2026,8,46366.19
204374,2026,9,46366.19
204376,2023,1,39293.32
204376,2025,5,46366.19
204376,2025,6,46366.19
204376,2025,7,46366.19
204376,2025,8,35547.41
204376,2025,9,0.0
204378,2023,1,39293.32
204378,2023,2,39293.32
204378,2023,3,39293.32
204378,2023,4,41650.92
204378,2023,5,41650.92
204378,2023,6,41650.92
204378,2023,7,41650.92
204378,2023,8,41650.92
204378,2023,9,41650.92
204378,2023,10,41650.92
204378,2023,11,41650.92
204378,2023,12,41650.92
204378,2024,1,41650.92
204378,2024,2,44008.52
204378,2024,3,44008.52
204378,2024,4,44008.52
204378,2024,5,44008.52
204378,2024,6,44008.52
204378,2024,7,44008.52
204378,2024,8,44008.52
204378,2024,9,44008.52
204378,2024,10,44008.52
204378,2024,11,44008.52
204378,2024,12,44008.52
204378,2025,1,44008.52
204378,2025,2,46366.19
204378,2025,3,46366.19
204378,2025,4,46366.19
204378,2025,5,46366.19
204378,2025,6,46366.19
204378,2025,7,46366.19
204378,2025,8,46366.19
204378,2025,9,46366.19
204378,2025,10,46366.19
204378,2025,11,46366.19
204378,2025,12,46366.19
204378,2026,1,46366.19
204378,2026,2,46366.19
204378,2026,3,46366.19
204378,2026,4,46366.19
204378,2026,5,46366.19
204378,2026,6,46366.19
204378,2026,7,46366.19
204378,2026,8,46366.19
204378,2026,9,46366.19
204379,2023,1,39293.32
204379,2023,2,39293.32
204379,2023,3,39293.32
204379,2023,4,41650.92
204379,2023,5,41650.92
204379,2023,6,41650.92
204379,2023,7,41650.92
204379,2023,8,41650.92
204379,2023,9,41650.92
204379,2023,10,41650.92
204379,2023,11,41650.92
204379,2023,12,41650.92
204379,2024,1,41650.92
204379,2024,2,44008.52
204379,2024,3,44008.52
204379,2024,4,44008.52
204379,2024,5,44008.52
204379,2024,6,44008.52
204379,2024,7,44008.52
204379,2024,8,44008.52
204379,2024,9,44008.52
204379,2024,10,44008.52
204379,2024,11,44008.52
204379,2024,12,44008.52
204379,2025,1,44008.52
204379,2025,2,46366.19
204379,2025,3,46366.19
204379,2025,4,46366.19
204379,2025,5,46366.19
204379,2025,6,46366.19
204379,2025,7,46366.19
204379,2025,8,46366.19
204379,2025,9,46366.19
204379,2025,10,46366.19
204379,2025,11,46366.19
204379,2025,12,46366.19
204379,2026,1,46366.19
204379,2026,2,46366.19
204379,2026,3,46366.19
204379,2026,4,46366.19
204379,2026,5,46366.19
204379,2026,6,46366.19
204379,2026,7,46366.19
204379,2026,8,46366.19
204379,2026,9,46366.19
204387,2023,1,39293.32
204387,2023,2,39293.32
204387,2023,3,39293.32
204387,2023,4,41650.92
204387,2023,5,41650.92
204387,2023,6,41650.92
204387,2023,7,41650.92
204387,2023,8,41650.92
204387,2023,9,41650.92
204387,2023,10,41650.92
204387,2023,11,41650.92
204387,2023,12,41650.92
204387,2024,1,41650.92
204387,2024,2,44008.52
204387,2024,3,44008.52
204387,2024,4,44008.52
204387,2024,5,44008.52
204387,2024,6,44008.52
204387,2024,7,44008.52
204387,2024,8,44008.52
204387,2024,9,44008.52
204387,2024,10,44008.52
204387,2024,11,44008.52
204387,2024,12,44008.52
204387,2025,1,44008.52
204387,2025,2,46366.19
204387,2025,3,46366.19
204387,2025,4,46366.19
204387,2025,5,46366.19
204387,2025,6,46366.19
204387,2025,7,46366.19
204387,2025,8,46366.19
204387,2025,9,46366.19
204387,2025,10,46366.19
204387,2025,11,46366.19
204387,2025,12,46366.19
204387,2026,1,46366.19
204387,2026,2,46366.19
204387,2026,3,46366.19
204387,2026,4,46366.19
204387,2026,5,46366.19
204387,2026,6,46366.19
204387,2026,7,46366.19
204387,2026,8,46366.19
204387,2026,9,46366.19
204388,2023,1,39293.32
204388,2023,2,39293.32
204388,2023,3,39293.32
204388,2023,4,41650.92
204388,2023,5,41650.92
204388,2023,6,41650.92
204388,2023,7,41650.92
204388,2023,8,41650.92
204388,2023,9,41650.92
204388,2023,10,41650.92
204388,2023,11,41650.92
204388,2023,12,41650.92
204388,2024,1,41650.92
204388,2024,2,44008.52
204388,2024,3,44008.52
204388,2024,4,44008.52
204388,2024,5,44008.52
204388,2024,6,44008.52
204388,2024,7,44008.52
204388,2024,8,44008.52
204388,2024,9,44008.52
204388,2024,10,44008.52
204388,2024,11,44008.52
204388,2024,12,44008.52
204388,2025,1,44008.52
204388,2025,2,46366.19
204388,2025,3,46366.19
204388,2025,4,46366.19
204388,2025,5,46366.19
204388,2025,6,46366.19
204388,2025,7,46366.19
204388,2025,8,46366.19
204388,2025,9,46366.19
204388,2025,10,46366.19
204388,2025,11,46366.19
204388,2025,12,46366.19
204388,2026,1,46366.19
204388,2026,2,46366.19
204388,2026,3,46366.19
204388,2026,4,46366.19
204388,2026,5,46366.19
204388,2026,6,46366.19
204388,2026,7,46366.19
204388,2026,8,46366.19
204388,2026,9,46366.19
204390,2023,1,39293.32
204390,2023,2,39293.32
204390,2023,3,39293.32
204390,2023,4,41650.92
204390,2023,5,41650.92
204390,2023,6,41650.92
204390,2023,7,41650.92
204390,2023,8,41650.92
204390,2023,9,41650.92
204390,2023,10,41650.92
204390,2023,11,41650.92
204390,2023,12,41650.92
204390,2024,1,41650.92
204390,2024,2,44008.52
204390,2024,3,44008.52
204390,2024,4,44008.52
204390,2024,5,44008.52
204390,2024,6,44008.52
204390,2024,7,44008.52
204390,2024,8,44008.52
204390,2024,9,44008.52
204390,2024,10,44008.52
204390,2024,11,44008.52
204390,2024,12,44008.52
204390,2025,1,44008.52
204390,2025,2,46366.19
204390,2025,3,46366.19
204390,2025,4,46366.19
204390,2025,5,46366.19
204390,2025,6,46366.19
204390,2025,7,46366.19
204390,2025,8,46366.19
204390,2025,9,46366.19
204390,2025,10,46366.19
204390,2025,11,46366.19
204390,2025,12,46366.19
204390,2026,1,46366.19
204390,2026,2,46366.19
204390,2026,3,46366.19
204390,2026,4,46366.19
204390,2026,5,46366.19
204390,2026,6,46366.19
204390,2026,7,46366.19
204390,2026,8,46366.19
204390,2026,9,46366.19
204391,2023,1,39293.32
204391,2023,2,39293.32
204391,2023,3,39293.32
204391,2023,4,41650.92
204391,2023,5,41650.92
204391,2023,6,41650.92
204391,2023,7,41650.92
204391,2023,8,41650.92
204391,2023,9,41650.92
204391,2023,10,41650.92
204391,2023,11,41650.92
204391,2023,12,41650.92
204391,2024,1,41650.92
204391,2024,2,44008.52
204391,2024,3,44008.52
204391,2024,4,44008.52
204391,2024,5,44008.52
204391,2024,6,44008.52
204391,2024,7,44008.52
204391,2024,8,44008.52
204391,2024,9,44008.52
204391,2024,10,44008.52
204391,2024,11,44008.52
204391,2024,12,44008.52
204391,2025,1,44008.52
204391,2025,2,46366.19
204391,2025,3,46366.19
204391,2025,4,46366.19
204391,2025,5,46366.19
204391,2025,6,46366.19
204391,2025,7,46366.19
204391,2025,8,46366.19
204391,2025,9,46366.19
204391,2025,10,46366.19
204391,2025,11,46366.19
204391,2025,12,46366.19
204391,2026,1,46366.19
204391,2026,2,46366.19
204391,2026,3,46366.19
204391,2026,4,46366.19
204391,2026,5,46366.19
204391,2026,6,46366.19
204391,2026,7,46366.19
204391,2026,8,46366.19
204391,2026,9,46366.19
204394,2023,1,39293.32
204394,2023,2,39293.32
204394,2023,3,39293.32
204394,2023,4,41650.92
204394,2023,5,41650.92
204394,2023,6,41650.92
204394,2023,7,41650.92
204394,2023,8,41650.92
204394,2023,9,41650.92
204394,2023,10,41650.92
204394,2023,11,41650.92
204394,2023,12,41650.92
204394,2024,1,41650.92
204394,2024,2,44008.52
204394,2024,3,44008.52
204394,2024,4,44008.52
204394,2024,5,44008.52
204394,2024,6,44008.52
204394,2024,7,44008.52
204394,2024,8,44008.52
204394,2024,9,44008.52
204394,2024,10,44008.52
204394,2024,11,44008.52
204394,2024,12,44008.52
204394,2025,1,44008.52
204394,2025,2,46366.19
204394,2025,3,46366.19
204394,2025,4,46366.19
204394,2025,5,46366.19
204394,2025,6,46366.19
204394,2025,7,46366.19
204394,2025,8,46366.19
204394,2025,9,46366.19
204394,2025,10,46366.19
204394,2025,11,46366.19
204394,2025,12,46366.19
204394,2026,1,46366.19
204394,2026,2,46366.19
204394,2026,3,46366.19
204394,2026,4,46366.19
204394,2026,5,46366.19
204394,2026,6,46366.19
204394,2026,7,46366.19
204394,2026,8,46366.19
204394,2026,9,46366.19
204395,2023,1,39293.32
204395,2023,2,39293.32
204395,2023,3,39293.32
204395,2023,4,41650.92
204395,2023,5,41650.92
204395,2023,6,41650.92
204395,2023,7,41650.92
204395,2023,8,41650.92
204395,2023,9,41650.92
204395,2023,10,41650.92
204395,2023,11,41650.92
204395,2023,12,41650.92
204395,2024,1,41650.92
204395,2024,2,44008.52
204395,2024,3,44008.52
204395,2024,4,44008.52
204395,2024,5,44008.52
204395,2024,6,44008.52
204395,2024,7,44008.52
204395,2024,8,44008.52
204395,2024,9,44008.52
204395,2024,10,44008.52
204395,2024,11,44008.52
204395,2024,12,44008.52
204395,2025,1,44008.52
204395,2025,2,46366.19
204395,2025,3,46366.19
204395,2025,4,46366.19
204395,2025,5,46366.19
204395,2025,6,46366.19
204395,2025,7,46366.19
204395,2025,8,46366.19
204395,2025,9,46366.19
204395,2025,10,46366.19
204395,2025,11,46366.19
204395,2025,12,46366.19
204395,2026,1,46366.19
204395,2026,2,46366.19
204395,2026,3,46366.19
204395,2026,4,46366.19
204395,2026,5,46366.19
204395,2026,6,46366.19
204395,2026,7,46366.19
204395,2026,8,46366.19
204395,2026,9,46366.19
204396,2023,1,39293.32
204396,2023,2,39293.32
204396,2023,3,39293.32
204396,2023,4,41650.92
204396,2023,5,41650.92
204396,2023,6,41650.92
204396,2023,7,41650.92
204396,2023,8,41650.92
204396,2023,9,41650.92
204396,2023,10,41650.92
204396,2023,11,41650.92
204396,2023,12,41650.92
204396,2024,1,41650.92
204396,2024,2,44008.52
204396,2024,3,44008.52
204396,2024,4,44008.52
204396,2024,5,44008.52
204396,2024,6,44008.52
204396,2024,7,44008.52
204396,2024,8,44008.52
204396,2024,9,44008.52
204396,2024,10,44008.52
204396,2024,11,44008.52
204396,2024,12,44008.52
204396,2025,1,44008.52
204396,2025,2,46366.19
204396,2025,3,46366.19
204396,2025,4,46366.19
204396,2025,5,46366.19
204396,2025,6,46366.19
204396,2025,7,46366.19
204396,2025,8,46366.19
204396,2025,9,46366.19
204396,2025,10,46366.19
204396,2025,11,46366.19
204396,2025,12,46366.19
204396,2026,1,46366.19
204396,2026,2,46366.19
204396,2026,3,46366.19
204396,2026,4,46366.19
204396,2026,5,46366.19
204396,2026,6,46366.19
204396,2026,7,46366.19
204396,2026,8,46366.19
204396,2026,9,46366.19
204398,2023,1,39293.32
204398,2023,2,39293.32
204398,2023,3,39293.32
204398,2023,4,41650.92
204398,2023,5,41650.92
204398,2023,6,41650.92
204398,2023,7,41650.92
204398,2023,8,41650.92
204398,2023,9,41650.92
204398,2023,10,41650.92
204398,2023,11,41650.92
204398,2023,12,41650.92
204398,2024,1,41650.92
204398,2024,2,44008.52
204398,2024,3,44008.52
204398,2024,4,44008.52
204398,2024,5,44008.52
204398,2024,6,44008.52
204398,2024,7,44008.52
204398,2024,8,44008.52
204398,2024,9,44008.52
204398,2024,10,44008.52
204398,2024,11,44008.52
204398,2024,12,44008.52
204398,2025,1,44008.52
204398,2025,2,46366.19
204398,2025,3,46366.19
204398,2025,4,46366.19
204398,2025,5,46366.19
204398,2025,6,46366.19
204398,2025,7,46366.19
204398,2025,8,46366.19
204398,2025,9,46366.19
204398,2025,10,46366.19
204398,2025,11,46366.19
204398,2025,12,46366.19
204398,2026,1,46366.19
204398,2026,2,46366.19
204398,2026,3,46366.19
204398,2026,4,46366.19
204398,2026,5,46366.19
204398,2026,6,46366.19
204398,2026,7,46366.19
204398,2026,8,46366.19
204398,2026,9,46366.19
204404,2023,1,39293.32
204404,2023,2,39293.32
204404,2023,3,39293.32
204404,2023,4,41650.92
204404,2023,5,41650.92
204404,2023,6,41650.92
204404,2023,7,41650.92
204404,2023,8,41650.92
204404,2023,9,41650.92
204404,2023,10,41650.92
204404,2023,11,41650.92
204404,2023,12,41650.92
204404,2024,1,41650.92
204404,2024,2,44008.52
204404,2024,3,44008.52
204404,2024,4,44008.52
204404,2024,5,44008.52
204404,2024,6,44008.52
204404,2024,7,44008.52
204404,2024,8,44008.52
204404,2024,9,44008.52
204404,2024,10,44008.52
204404,2024,11,44008.52
204404,2024,12,44008.52
204404,2025,1,44008.52
204404,2025,2,46366.19
204404,2025,3,46366.19
204404,2025,4,46366.19
204404,2025,5,46366.19
204404,2025,6,46366.19
204404,2025,7,46366.19
204404,2025,8,46366.19
204404,2025,9,46366.19
204404,2025,10,46366.19
204404,2025,11,46366.19
204404,2025,12,46366.19
204404,2026,1,46366.19
204404,2026,2,46366.19
204404,2026,3,46366.19
204404,2026,4,46366.19
204404,2026,5,46366.19
204404,2026,6,46366.19
204404,2026,7,46366.19
204404,2026,8,46366.19
204404,2026,9,46366.19
204406,2023,1,39293.32
204406,2023,2,39293.32
204406,2023,3,39293.32
204406,2023,4,41650.92
204406,2023,5,41650.92
204406,2023,6,41650.92
204406,2023,7,41650.92
204406,2023,8,41650.92
204406,2023,9,41650.92
204406,2023,10,41650.92
204406,2023,11,41650.92
204406,2023,12,41650.92
204406,2024,1,41650.92
204406,2024,2,44008.52
204406,2024,3,44008.52
204406,2024,4,44008.52
204406,2024,5,44008.52
204406,2024,6,44008.52
204406,2024,7,44008.52
204406,2024,8,44008.52
204406,2024,9,44008.52
204406,2024,10,44008.52
204406,2024,11,44008.52
204406,2024,12,44008.52
204406,2025,1,44008.52
204406,2025,2,46366.19
204406,2025,3,46366.19
204406,2025,4,46366.19
204406,2025,5,46366.19
204406,2025,6,46366.19
204406,2025,7,46366.19
204406,2025,8,46366.19
204406,2025,9,46366.19
204406,2025,10,46366.19
204406,2025,11,46366.19
204406,2025,12,46366.19
204406,2026,1,46366.19
204406,2026,2,46366.19
204406,2026,3,46366.19
204406,2026,4,46366.19
204406,2026,5,46366.19
204406,2026,6,46366.19
204406,2026,7,46366.19
204406,2026,8,46366.19
204406,2026,9,46366.19
204407,2023,1,39293.32
204407,2023,2,39293.32
204407,2023,3,39293.32
204407,2023,4,41650.92
204407,2023,5,41650.92
204407,2023,6,41650.92
204407,2023,7,41650.92
204407,2023,8,41650.92
204407,2023,9,41650.92
204407,2023,10,41650.92
204407,2023,11,41650.92
204407,2023,12,41650.92
204407,2024,1,41650.92
204407,2024,2,44008.52
204407,2024,3,44008.52
204407,2024,4,44008.52
204407,2024,5,44008.52
204407,2024,6,44008.52
204407,2024,7,44008.52
204407,2024,8,44008.52
204407,2024,9,13202.56
204407,2024,10,0.0
204407,2024,11,0.0
204407,2024,12,0.0
204407,2025,1,33739.87
204407,2025,2,46366.19
204407,2025,3,46366.19
204407,2025,4,46366.19
204407,2025,5,46366.19
204407,2025,6,46366.19
204407,2025,7,46366.19
204407,2025,8,46366.19
204407,2025,9,46366.19
204407,2025,10,46366.19
204407,2025,11,46366.19
204407,2025,12,46366.19
204407,2026,1,46366.19
204407,2026,2,46366.19
204407,2026,3,46366.19
204407,2026,4,46366.19
204407,2026,5,46366.19
204407,2026,6,46366.19
204407,2026,7,46366.19
204407,2026,8,46366.19
204407,2026,9,46366.19
204408,2023,1,39293.32
204408,2023,2,39293.32
204408,2023,3,39293.32
204408,2023,4,41650.92
204408,2023,5,41650.92
204408,2023,6,41650.92
204408,2023,7,41650.92
204408,2023,8,41650.92
204408,2023,9,41650.92
204408,2023,10,41650.92
204408,2023,11,41650.92
204408,2023,12,41650.92
204408,2024,1,41650.92
204408,2024,2,44008.52
204408,2024,3,44008.52
204408,2024,4,44008.52
204408,2024,5,44008.52
204408,2024,6,44008.52
204408,2024,7,44008.52
204408,2024,8,44008.52
204408,2024,9,44008.52
204408,2024,10,44008.52
204408,2024,11,44008.52
204408,2024,12,44008.52
204408,2025,1,44008.52
204408,2025,2,46366.19
204408,2025,3,46366.19
204408,2025,4,46366.19
204408,2025,5,46366.19
204408,2025,6,46366.19
204408,2025,7,46366.19
204408,2025,8,46366.19
204408,2025,9,46366.19
204408,2025,10,46366.19
204408,2025,11,46366.19
204408,2025,12,46366.19
204408,2026,1,46366.19
204408,2026,2,46366.19
204408,2026,3,46366.19
204408,2026,4,46366.19
204408,2026,5,46366.19
204408,2026,6,46366.19
204408,2026,7,46366.19
204408,2026,8,46366.19
204408,2026,9,46366.19
204409,2023,1,39293.32
204409,2023,2,39293.32
204409,2023,3,39293.32
204409,2023,4,41650.92
204409,2023,5,41650.92
204409,2023,6,41650.92
204409,2023,7,41650.92
204409,2023,8,41650.92
204409,2023,9,41650.92
204409,2023,10,41650.92
204409,2023,11,41650.92
204409,2023,12,41650.92
204409,2024,1,41650.92
204409,2024,2,44008.52
204409,2024,3,44008.52
204409,2024,4,44008.52
204409,2024,5,44008.52
204409,2024,6,44008.52
204409,2024,7,44008.52
204409,2024,8,44008.52
204409,2024,9,44008.52
204409,2024,10,44008.52
204409,2024,11,44008.52
204409,2024,12,44008.52
204409,2025,1,44008.52
204409,2025,2,46366.19
204409,2025,3,46366.19
204409,2025,4,46366.19
204409,2025,5,46366.19
204409,2025,6,46366.19
204409,2025,7,46366.19
204409,2025,8,46366.19
204409,2025,9,46366.19
204409,2025,10,46366.19
204409,2025,11,46366.19
204409,2025,12,46366.19
204409,2026,1,46366.19
204409,2026,2,46366.19
204409,2026,3,46366.19
204409,2026,4,46366.19
204409,2026,5,46366.19
204409,2026,6,46366.19
204409,2026,7,46366.19
204409,2026,8,46366.19
204409,2026,9,46366.19
204410,2023,1,39293.32
204410,2023,2,39293.32
204410,2023,3,39293.32
204410,2023,4,41650.92
204410,2023,5,41650.92
204410,2023,6,41650.92
204410,2023,7,41650.92
204410,2023,8,41650.92
204410,2023,9,41650.92
204410,2023,10,41650.92
204410,2023,11,41650.92
204410,2023,12,41650.92
204410,2024,1,41650.92
204410,2024,2,44008.52
204410,2024,3,44008.52
204410,2024,4,44008.52
204410,2024,5,44008.52
204410,2024,6,44008.52
204410,2024,7,44008.52
204410,2024,8,44008.52
204410,2024,9,44008.52
204410,2024,10,44008.52
204410,2024,11,44008.52
204410,2024,12,44008.52
204410,2025,1,44008.52
204410,2025,2,46366.19
204410,2025,3,46366.19
204410,2025,4,46366.19
204410,2025,5,46366.19
204410,2025,6,46366.19
204410,2025,7,46366.19
204410,2025,8,46366.19
204410,2025,9,46366.19
204410,2025,10,46366.19
204410,2025,11,46366.19
204410,2025,12,46366.19
204410,2026,1,46366.19
204410,2026,2,46366.19
204410,2026,3,46366.19
204410,2026,4,46366.19
204410,2026,5,46366.19
204410,2026,6,46366.19
204410,2026,7,46366.19
204410,2026,8,46366.19
204410,2026,9,46366.19
204411,2023,1,39293.32
204411,2023,2,39293.32
204411,2023,3,39293.32
204411,2023,4,41650.92
204411,2023,5,41650.92
204411,2023,6,41650.92
204411,2023,7,41650.92
204411,2023,8,41650.92
204411,2023,9,41650.92
204411,2023,10,41650.92
204411,2023,11,41650.92
204411,2023,12,41650.92
204411,2024,1,41650.92
204411,2024,2,44008.52
204411,2024,3,44008.52
204411,2024,4,44008.52
204411,2024,5,44008.52
204411,2024,6,44008.52
204411,2024,7,44008.52
204411,2024,8,44008.52
204411,2024,9,44008.52
204411,2024,10,44008.52
204411,2024,11,44008.52
204411,2024,12,44008.52
204411,2025,1,44008.52
204411,2025,2,46366.19
204411,2025,3,46366.19
204411,2025,4,46366.19
204411,2025,5,46366.19
204411,2025,6,46366.19
204411,2025,7,46366.19
204411,2025,8,46366.19
204411,2025,9,46366.19
204411,2025,10,46366.19
204411,2025,11,46366.19
204411,2025,12,46366.19
204411,2026,1,46366.19
204411,2026,2,46366.19
204411,2026,3,46366.19
204411,2026,4,46366.19
204411,2026,5,46366.19
204411,2026,6,46366.19
204411,2026,7,46366.19
204411,2026,8,46366.19
204411,2026,9,46366.19
204412,2023,1,39293.32
204412,2023,2,39293.32
204412,2023,3,39293.32
204412,2023,4,41650.92
204412,2023,5,41650.92
204412,2023,6,41650.92
204412,2023,7,41650.92
204412,2023,8,41650.92
204412,2023,9,41650.92
204412,2023,10,41650.92
204412,2023,11,41650.92
204412,2023,12,41650.92
204412,2024,1,41650.92
204412,2024,2,44008.52
204412,2024,3,44008.52
204412,2024,4,44008.52
204412,2024,5,44008.52
204412,2024,6,44008.52
204412,2024,7,44008.52
204412,2024,8,44008.52
204412,2024,9,44008.52
204412,2024,10,44008.52
204412,2024,11,44008.52
204412,2024,12,44008.52
204412,2025,1,44008.52
204412,2025,2,46366.19
204412,2025,3,46366.19
204412,2025,4,46366.19
204412,2025,5,46366.19
204412,2025,6,46366.19
204412,2025,7,46366.19
204412,2025,8,46366.19
204412,2025,9,46366.19
204412,2025,10,46366.19
204412,2025,11,46366.19
204412,2025,12,46366.19
204412,2026,1,46366.19
204412,2026,2,46366.19
204412,2026,3,46366.19
204412,2026,4,46366.19
204412,2026,5,46366.19
204412,2026,6,46366.19
204412,2026,7,46366.19
204412,2026,8,46366.19
204412,2026,9,46366.19
204416,2023,1,39293.32
204416,2023,2,39293.32
204416,2023,3,39293.32
204416,2023,4,41650.92
204416,2023,5,41650.92
204416,2023,6,41650.92
204416,2023,7,41650.92
204416,2023,8,41650.92
204416,2023,9,41650.92
204416,2023,10,41650.92
204416,2023,11,41650.92
204416,2023,12,41650.92
204416,2024,1,41650.92
204416,2024,2,44008.52
204416,2024,3,44008.52
204416,2024,4,44008.52
204416,2024,5,44008.52
204416,2024,6,44008.52
204416,2024,7,44008.52
204416,2024,8,44008.52
204416,2024,9,44008.52
204416,2024,10,44008.52
204416,2024,11,44008.52
204416,2024,12,44008.52
204416,2025,1,44008.52
204416,2025,2,46366.19
204416,2025,3,46366.19
204416,2025,4,46366.19
204416,2025,5,46366.19
204416,2025,6,46366.19
204416,2025,7,46366.19
204416,2025,8,46366.19
204416,2025,9,46366.19
204416,2025,10,46366.19
204416,2025,11,46366.19
204416,2025,12,46366.19
204416,2026,1,46366.19
204416,2026,2,46366.19
204416,2026,3,46366.19
204416,2026,4,46366.19
204416,2026,5,46366.19
204416,2026,6,46366.19
204416,2026,7,46366.19
204416,2026,8,46366.19
204416,2026,9,46366.19
204419,2023,1,39293.32
204419,2023,2,39293.32
204419,2023,3,39293.32
204419,2023,4,41650.92
204419,2023,5,41650.92
204419,2023,6,41650.92
204419,2023,7,41650.92
204419,2023,8,41650.92
204419,2023,9,41650.92
204419,2023,10,41650.92
204419,2023,11,41650.92
204419,2023,12,41650.92
204419,2024,1,41650.92
204419,2024,2,44008.52
204419,2024,3,44008.52
204419,2024,4,44008.52
204419,2024,5,44008.52
204419,2024,6,44008.52
204419,2024,7,44008.52
204419,2024,8,44008.52
204419,2024,9,44008.52
204419,2024,10,44008.52
204419,2024,11,44008.52
204419,2024,12,44008.52
204419,2025,1,44008.52
204419,2025,2,46366.19
204419,2025,3,46366.19
204419,2025,4,46366.19
204419,2025,5,46366.19
204419,2025,6,46366.19
204419,2025,7,46366.19
204419,2025,8,4636.62
204419,2025,12,39797.0
204419,2026,1,46366.19
204419,2026,2,46366.19
204419,2026,3,46366.19
204419,2026,4,46366.19
204419,2026,5,46366.19
204419,2026,6,46366.19
204419,2026,7,46366.19
204419,2026,8,46366.19
204419,2026,9,46366.19
204422,2023,1,39293.32
204422,2023,9,24990.55
204422,2023,10,41650.92
204422,2023,11,41650.92
204422,2023,12,41650.92
204422,2024,1,41650.92
204422,2024,2,44008.52
204422,2024,3,44008.52
204422,2024,4,44008.52
204422,2024,5,44008.52
204422,2024,6,44008.52
204422,2024,7,44008.52
204422,2024,8,44008.52
204422,2024,9,44008.52
204422,2024,10,44008.52
204422,2024,11,44008.52
204422,2024,12,44008.52
204422,2025,1,44008.52
204422,2025,2,40184.03
204422,2025,3,46366.19
204422,2025,4,46366.19
204422,2025,5,46366.19
204422,2025,6,46366.19
204422,2025,7,46366.19
204422,2025,8,46366.19
204422,2025,9,46366.19
204422,2025,10,46366.19
204422,2025,11,46366.19
204422,2025,12,46366.19
204422,2026,1,46366.19
204422,2026,2,46366.19
204422,2026,3,46366.19
204422,2026,4,0.0
204423,2023,1,39293.32
204423,2023,2,39293.32
204423,2023,3,39293.32
204423,2023,4,41650.92
204423,2023,5,41650.92
204423,2023,6,41650.92
204423,2023,7,41650.92
204423,2023,8,41650.92
204423,2023,9,41650.92
204423,2023,10,41650.92
204423,2023,11,41650.92
204423,2023,12,41650.92
204423,2024,1,41650.92
204423,2024,2,44008.52
204423,2024,3,44008.52
204423,2024,4,44008.52
204423,2024,5,44008.52
204423,2024,6,44008.52
204423,2024,7,44008.52
204423,2024,8,44008.52
204423,2024,9,44008.52
204423,2024,10,44008.52
204423,2024,11,44008.52
204423,2024,12,44008.52
204423,2025,1,44008.52
204423,2025,2,46366.19
204423,2025,3,46366.19
204423,2025,4,46366.19
204423,2025,5,46366.19
204423,2025,6,46366.19
204423,2025,7,46366.19
204423,2025,8,46366.19
204423,2025,9,46366.19
204423,2025,10,46366.19
204423,2025,11,46366.19
204423,2025,12,46366.19
204423,2026,1,46366.19
204423,2026,2,46366.19
204423,2026,3,46366.19
204423,2026,4,46366.19
204423,2026,5,46366.19
204423,2026,6,46366.19
204423,2026,7,46366.19
204423,2026,8,46366.19
204423,2026,9,46366.19
204425,2023,1,39293.32
204425,2023,2,39293.32
204425,2023,3,39293.32
204425,2023,4,41650.92
204425,2023,5,41650.92
204425,2023,6,41650.92
204425,2023,7,41650.92
204425,2023,8,41650.92
204425,2023,9,41650.92
204425,2023,10,41650.92
204425,2023,11,41650.92
204425,2023,12,41650.92
204425,2024,1,41650.92
204425,2024,2,44008.52
204425,2024,3,44008.52
204425,2024,4,44008.52
204425,2024,5,44008.52
204425,2024,6,44008.52
204425,2024,7,44008.52
204425,2024,8,44008.52
204425,2024,9,44008.52
204425,2024,10,44008.52
204425,2024,11,44008.52
204425,2024,12,44008.52
204425,2025,1,44008.52
204425,2025,2,46366.19
204425,2025,3,46366.19
204425,2025,4,46366.19
204425,2025,5,46366.19
204425,2025,6,46366.19
204425,2025,7,46366.19
204425,2025,8,46366.19
204425,2025,9,46366.19
204425,2025,10,46366.19
204425,2025,11,46366.19
204425,2025,12,46366.19
204425,2026,1,46366.19
204425,2026,2,46366.19
204425,2026,3,46366.19
204425,2026,4,46366.19
204425,2026,5,46366.19
204425,2026,6,46366.19
204425,2026,7,46366.19
204425,2026,8,46366.19
204425,2026,9,46366.19
204426,2023,1,39293.32
204426,2023,2,39293.32
204426,2023,3,39293.32
204426,2023,4,41650.92
204426,2023,5,41650.92
204426,2023,6,41650.92
204426,2023,7,41650.92
204426,2023,8,41650.92
204426,2023,9,41650.92
204426,2023,10,41650.92
204426,2023,11,41650.92
204426,2023,12,41650.92
204426,2024,1,41650.92
204426,2024,2,44008.52
204426,2024,3,44008.52
204426,2024,4,44008.52
204426,2024,5,44008.52
204426,2024,6,44008.52
204426,2024,7,44008.52
204426,2024,8,44008.52
204426,2024,9,44008.52
204426,2024,10,44008.52
204426,2024,11,44008.52
204426,2024,12,44008.52
204426,2025,1,44008.52
204426,2025,2,46366.19
204426,2025,3,46366.19
204426,2025,4,46366.19
204426,2025,5,46366.19
204426,2025,6,46366.19
204426,2025,7,46366.19
204426,2025,8,46366.19
204426,2025,9,46366.19
204426,2025,10,46366.19
204426,2025,11,46366.19
204426,2025,12,46366.19
204426,2026,1,46366.19
204426,2026,2,46366.19
204426,2026,3,46366.19
204426,2026,4,46366.19
204426,2026,5,46366.19
204426,2026,6,46366.19
204426,2026,7,46366.19
204426,2026,8,46366.19
204426,2026,9,46366.19
204427,2023,1,39293.32
204427,2023,2,39293.32
204427,2023,3,39293.32
204427,2023,4,41650.92
204427,2023,5,41650.92
204427,2023,6,41650.92
204427,2023,7,41650.92
204427,2023,8,41650.92
204427,2023,9,41650.92
204427,2023,10,41650.92
204427,2023,11,41650.92
204427,2023,12,41650.92
204427,2024,1,41650.92
204427,2024,2,44008.52
204427,2024,3,44008.52
204427,2024,4,44008.52
204427,2024,5,44008.52
204427,2024,6,44008.52
204427,2024,7,44008.52
204427,2024,8,44008.52
204427,2024,9,44008.52
204427,2024,10,44008.52
204427,2024,11,44008.52
204427,2024,12,44008.52
204427,2025,1,44008.52
204427,2025,2,46366.19
204427,2025,3,46366.19
204427,2025,4,46366.19
204427,2025,5,46366.19
204427,2025,6,46366.19
204427,2025,7,46366.19
204427,2025,8,46366.19
204427,2025,9,46366.19
204427,2025,10,46366.19
204427,2025,11,46366.19
204427,2025,12,46366.19
204427,2026,1,46366.19
204427,2026,2,46366.19
204427,2026,3,46366.19
204427,2026,4,46366.19
204427,2026,5,46366.19
204427,2026,6,46366.19
204427,2026,7,46366.19
204427,2026,8,46366.19
204427,2026,9,46366.19
204431,2023,1,39293.32
204431,2023,2,39293.32
204431,2023,3,39293.32
204431,2023,4,41650.92
204431,2023,5,41650.92
204431,2023,6,41650.92
204431,2023,7,41650.92
204431,2023,8,41650.92
204431,2023,9,41650.92
204431,2023,10,41650.92
204431,2023,11,41650.92
204431,2023,12,41650.92
204431,2024,1,41650.92
204431,2024,2,44008.52
204431,2024,3,44008.52
204431,2024,4,44008.52
204431,2024,5,44008.52
204431,2024,6,44008.52
204431,2024,7,44008.52
204431,2024,8,44008.52
204431,2024,9,44008.52
204431,2024,10,44008.52
204431,2024,11,44008.52
204431,2024,12,44008.52
204431,2025,1,44008.52
204431,2025,2,46366.19
204431,2025,3,46366.19
204431,2025,4,46366.19
204431,2025,5,46366.19
204431,2025,6,46366.19
204431,2025,7,46366.19
204431,2025,8,46366.19
204431,2025,9,46366.19
204431,2025,10,46366.19
204431,2025,11,46366.19
204431,2025,12,46366.19
204431,2026,1,46366.19
204431,2026,2,46366.19
204431,2026,3,46366.19
204431,2026,4,46366.19
204431,2026,5,46366.19
204431,2026,6,46366.19
204431,2026,7,46366.19
204431,2026,8,46366.19
204431,2026,9,46366.19
204433,2023,1,39293.32
204433,2023,5,1388.36
204433,2023,10,0.0
204433,2023,12,1388.36
204433,2024,4,44008.52
204433,2024,5,2933.9
204433,2024,6,0.0
204433,2025,1,44008.52
204433,2025,2,6182.16
204436,2023,1,39293.32
204436,2023,2,39293.32
204436,2023,3,39293.32
204436,2023,4,41650.92
204436,2023,5,41650.92
204436,2023,6,41650.92
204436,2023,7,41650.92
204436,2023,8,41650.92
204436,2023,9,41650.92
204436,2023,10,41650.92
204436,2023,11,41650.92
204436,2023,12,41650.92
204436,2024,1,41650.92
204436,2024,2,44008.52
204436,2024,3,44008.52
204436,2024,4,44008.52
204436,2024,5,44008.52
204436,2024,6,44008.52
204436,2024,7,44008.52
204436,2024,8,44008.52
204436,2024,9,44008.52
204436,2024,10,44008.52
204436,2024,11,44008.52
204436,2024,12,44008.52
204436,2025,1,44008.52
204436,2025,2,46366.19
204436,2025,3,46366.19
204436,2025,4,46366.19
204436,2025,5,46366.19
204436,2025,6,46366.19
204436,2025,7,46366.19
204436,2025,8,46366.19
204436,2025,9,46366.19
204436,2025,10,46366.19
204436,2025,11,46366.19
204436,2025,12,46366.19
204436,2026,1,46366.19
204436,2026,2,46366.19
204436,2026,3,46366.19
204436,2026,4,46366.19
204436,2026,5,46366.19
204436,2026,6,46366.19
204436,2026,7,46366.19
204436,2026,8,46366.19
204436,2026,9,46366.19
204441,2023,1,39293.32
204441,2023,2,39293.32
204441,2023,3,39293.32
204441,2023,4,41650.92
204441,2023,5,41650.92
204441,2023,6,41650.92
204441,2023,7,41650.92
204441,2023,8,41650.92
204441,2023,9,41650.92
204441,2023,10,41650.92
204441,2023,11,41650.92
204441,2023,12,41650.92
204441,2024,1,41650.92
204441,2024,2,44008.52
204441,2024,3,44008.52
204441,2024,4,44008.52
204441,2024,5,44008.52
204441,2024,6,44008.52
204441,2024,7,44008.52
204441,2024,8,44008.52
204441,2024,9,44008.52
204441,2024,10,44008.52
204441,2024,11,44008.52
204441,2024,12,44008.52
204441,2025,1,44008.52
204441,2025,2,46366.19
204441,2025,3,46366.19
204441,2025,4,46366.19
204441,2025,5,46366.19
204441,2025,6,46366.19
204441,2025,7,46366.19
204441,2025,8,46366.19
204441,2025,9,46366.19
204441,2025,10,46366.19
204441,2025,11,46366.19
204441,2025,12,46366.19
204441,2026,1,46366.19
204441,2026,2,46366.19
204441,2026,3,46366.19
204441,2026,4,46366.19
204441,2026,5,46366.19
204441,2026,6,46366.19
204441,2026,7,46366.19
204441,2026,8,46366.19
204441,2026,9,46366.19
204444,2023,1,39293.32
204444,2023,2,39293.32
204444,2023,3,39293.32
204444,2023,4,41650.92
204444,2023,5,41650.92
204444,2023,6,41650.92
204444,2023,7,41650.92
204444,2023,8,41650.92
204444,2023,9,41650.92
204444,2023,10,41650.92
204444,2023,11,41650.92
204444,2023,12,41650.92
204444,2024,1,41650.92
204444,2024,2,44008.52
204444,2024,3,44008.52
204444,2024,4,44008.52
204444,2024,5,44008.52
204444,2024,6,44008.52
204444,2024,7,44008.52
204444,2024,8,44008.52
204444,2024,9,44008.52
204444,2024,10,44008.52
204444,2024,11,44008.52
204444,2024,12,44008.52
204444,2025,1,44008.52
204444,2025,2,46366.19
204444,2025,3,46366.19
204444,2025,4,46366.19
204444,2025,5,46366.19
204444,2025,6,46366.19
204444,2025,7,46366.19
204444,2025,8,46366.19
204444,2025,9,46366.19
204444,2025,10,46366.19
204444,2025,11,46366.19
204444,2025,12,46366.19
204444,2026,1,46366.19
204444,2026,2,46366.19
204444,2026,3,46366.19
204444,2026,4,46366.19
204444,2026,5,46366.19
204444,2026,6,46366.19
204444,2026,7,46366.19
204444,2026,8,46366.19
204444,2026,9,46366.19
204445,2023,2,39293.32
204445,2023,3,39293.32
204445,2023,4,41650.92
204445,2023,5,41650.92
204445,2023,6,41650.92
204445,2023,7,41650.92
204445,2023,8,41650.92
204445,2023,9,41650.92
204445,2023,10,41650.92
204445,2023,11,41650.92
204445,2023,12,41650.92
204445,2024,1,41650.92
204445,2024,2,44008.52
204445,2024,3,44008.52
204445,2024,4,44008.52
204445,2024,5,44008.52
204445,2024,6,44008.52
204445,2024,7,44008.52
204445,2024,8,44008.52
204445,2024,9,44008.52
204445,2024,10,44008.52
204445,2024,11,44008.52
204445,2024,12,44008.52
204445,2025,1,44008.52
204445,2025,2,46366.19
204445,2025,3,46366.19
204445,2025,4,46366.19
204445,2025,5,46366.19
204445,2025,6,46366.19
204445,2025,7,46366.19
204445,2025,8,46366.19
204445,2025,9,46366.19
204445,2025,10,46366.19
204445,2025,11,46366.19
204445,2025,12,46366.19
204445,2026,1,46366.19
204445,2026,2,46366.19
204445,2026,3,46366.19
204445,2026,4,46366.19
204445,2026,5,46366.19
204445,2026,6,46366.19
204445,2026,7,46366.19
204445,2026,8,46366.19
204445,2026,9,46366.19
204448,2023,1,39293.32
204448,2023,2,18336.88
204448,2023,3,39293.32
204448,2023,4,41650.92
204448,2023,5,41650.92
204448,2023,6,41650.92
204448,2023,7,41650.92
204448,2023,8,41650.92
204448,2023,9,15272.0
204448,2023,10,0.0
204448,2023,12,0.0
204448,2025,9,46366.19
204448,2025,10,46366.19
204448,2025,11,9273.24
204448,2025,12,44820.65
204448,2026,1,46366.19
204448,2026,2,4636.62
204448,2026,3,1545.54
204448,2026,4,0.0
204449,2023,1,39293.32
204449,2024,6,44008.52
204449,2024,7,44008.52
204449,2024,8,44008.52
204449,2024,9,44008.52
204449,2024,10,44008.52
204449,2024,11,44008.52
204449,2024,12,44008.52
204449,2025,1,44008.52
204449,2025,2,46366.19
204449,2025,3,46366.19
204449,2025,4,46366.19
204449,2025,5,46366.19
204449,2025,6,46366.19
204449,2025,7,46366.19
204449,2025,8,46366.19
204449,2025,9,46366.19
204449,2025,10,46366.19
204449,2025,11,46366.19
204449,2025,12,46366.19
204449,2026,1,46366.19
204449,2026,2,46366.19
204449,2026,3,46366.19
204449,2026,4,46366.19
204449,2026,5,46366.19
204449,2026,6,46366.19
204449,2026,7,46366.19
204449,2026,8,46366.19
204449,2026,9,46366.19
204450,2023,1,39293.32
204450,2023,2,39293.32
204450,2023,3,39293.32
204450,2023,4,41650.92
204450,2023,5,41650.92
204450,2023,6,41650.92
204450,2023,7,41650.92
204450,2023,8,41650.92
204450,2023,9,41650.92
204450,2023,10,41650.92
204450,2023,11,41650.92
204450,2023,12,41650.92
204450,2024,1,41650.92
204450,2024,2,44008.52
204450,2024,3,44008.52
204450,2024,4,44008.52
204450,2024,5,44008.52
204450,2024,6,44008.52
204450,2024,7,44008.52
204450,2024,8,44008.52
204450,2024,9,44008.52
204450,2024,10,44008.52
204450,2024,11,44008.52
204450,2024,12,44008.52
204450,2025,1,44008.52
204450,2025,2,46366.19
204450,2025,3,46366.19
204450,2025,4,46366.19
204450,2025,5,46366.19
204450,2025,6,46366.19
204450,2025,7,46366.19
204450,2025,8,46366.19
204450,2025,9,46366.19
204450,2025,10,46366.19
204450,2025,11,46366.19
204450,2025,12,46366.19
204450,2026,1,46366.19
204450,2026,2,46366.19
204450,2026,3,46366.19
204450,2026,4,46366.19
204450,2026,5,46366.19
204450,2026,6,46366.19
204450,2026,7,46366.19
204450,2026,8,46366.19
204450,2026,9,46366.19
204453,2023,1,39293.32
204453,2023,2,39293.32
204453,2023,3,39293.32
204453,2023,4,41650.92
204453,2023,5,41650.92
204453,2023,6,41650.92
204453,2023,7,41650.92
204453,2023,8,41650.92
204453,2023,9,41650.92
204453,2023,10,41650.92
204453,2023,11,41650.92
204453,2023,12,41650.92
204453,2024,1,41650.92
204453,2024,2,44008.52
204453,2024,3,44008.52
204453,2024,4,44008.52
204453,2024,5,44008.52
204453,2024,6,44008.52
204453,2024,7,44008.52
204453,2024,8,44008.52
204453,2024,9,44008.52
204453,2024,10,44008.52
204453,2024,11,44008.52
204453,2024,12,44008.52
204453,2025,1,44008.52
204453,2025,2,46366.19
204453,2025,3,46366.19
204453,2025,4,46366.19
204453,2025,5,46366.19
204453,2025,6,46366.19
204453,2025,7,46366.19
204453,2025,8,46366.19
204453,2025,9,46366.19
204453,2025,10,46366.19
204453,2025,11,46366.19
204453,2025,12,46366.19
204453,2026,1,46366.19
204453,2026,2,46366.19
204453,2026,3,46366.19
204453,2026,4,46366.19
204453,2026,5,46366.19
204453,2026,6,46366.19
204453,2026,7,46366.19
204453,2026,8,46366.19
204453,2026,9,46366.19
204455,2023,1,39293.32
204455,2023,2,39293.32
204455,2023,3,39293.32
204455,2023,4,41650.92
204455,2023,5,41650.92
204455,2023,6,41650.92
204455,2023,7,41650.92
204455,2023,8,41650.92
204455,2023,9,41650.92
204455,2023,10,41650.92
204455,2023,11,41650.92
204455,2023,12,41650.92
204455,2024,1,41650.92
204455,2024,2,44008.52
204455,2024,3,44008.52
204455,2024,4,44008.52
204455,2024,5,44008.52
204455,2024,6,44008.52
204455,2024,7,44008.52
204455,2024,8,44008.52
204455,2024,9,44008.52
204455,2024,10,44008.52
204455,2024,11,44008.52
204455,2024,12,44008.52
204455,2025,1,44008.52
204455,2025,2,46366.19
204455,2025,3,46366.19
204455,2025,4,46366.19
204455,2025,5,46366.19
204455,2025,6,46366.19
204455,2025,7,46366.19
204455,2025,8,46366.19
204455,2025,9,46366.19
204455,2025,10,46366.19
204455,2025,11,46366.19
204455,2025,12,46366.19
204455,2026,1,46366.19
204455,2026,2,46366.19
204455,2026,3,46366.19
204455,2026,4,46366.19
204455,2026,5,46366.19
204455,2026,6,46366.19
204455,2026,7,46366.19
204455,2026,8,46366.19
204455,2026,9,46366.19
204456,2023,1,39293.32
204456,2023,2,39293.32
204456,2023,3,39293.32
204456,2023,4,41650.92
204456,2023,5,41650.92
204456,2023,6,41650.92
204456,2023,7,41650.92
204456,2023,8,41650.92
204456,2023,9,41650.92
204456,2023,10,41650.92
204456,2023,11,41650.92
204456,2023,12,41650.92
204456,2024,1,41650.92
204456,2024,2,44008.52
204456,2024,3,44008.52
204456,2024,4,44008.52
204456,2024,5,44008.52
204456,2024,6,44008.52
204456,2024,7,44008.52
204456,2024,8,44008.52
204456,2024,9,44008.52
204456,2024,10,44008.52
204456,2024,11,44008.52
204456,2024,12,44008.52
204456,2025,1,44008.52
204456,2025,2,46366.19
204456,2025,3,46366.19
204456,2025,4,46366.19
204456,2025,5,46366.19
204456,2025,6,46366.19
204456,2025,7,46366.19
204456,2025,8,46366.19
204456,2025,9,46366.19
204456,2025,10,46366.19
204456,2025,11,46366.19
204456,2025,12,46366.19
204456,2026,1,46366.19
204456,2026,2,46366.19
204456,2026,3,46366.19
204456,2026,4,46366.19
204456,2026,5,46366.19
204456,2026,6,46366.19
204456,2026,7,46366.19
204456,2026,8,46366.19
204456,2026,9,46366.19
204457,2023,1,39293.32
204457,2023,2,39293.32
204457,2023,3,39293.32
204457,2023,4,41650.92
204457,2023,5,41650.92
204457,2023,6,41650.92
204457,2023,7,41650.92
204457,2023,8,41650.92
204457,2023,9,41650.92
204457,2023,10,41650.92
204457,2023,11,41650.92
204457,2023,12,41650.92
204457,2024,1,41650.92
204457,2024,2,44008.52
204457,2024,3,44008.52
204457,2024,4,44008.52
204457,2024,5,44008.52
204457,2024,6,44008.52
204457,2024,7,44008.52
204457,2024,8,44008.52
204457,2024,9,44008.52
204457,2024,10,44008.52
204457,2024,11,44008.52
204457,2024,12,44008.52
204457,2025,1,44008.52
204457,2025,2,46366.19
204457,2025,3,46366.19
204457,2025,4,46366.19
204457,2025,5,46366.19
204457,2025,6,46366.19
204457,2025,7,46366.19
204457,2025,8,46366.19
204457,2025,9,46366.19
204457,2025,10,46366.19
204457,2025,11,46366.19
204457,2025,12,46366.19
204457,2026,1,46366.19
204457,2026,2,46366.19
204457,2026,3,46366.19
204457,2026,4,46366.19
204457,2026,5,46366.19
204457,2026,6,46366.19
204457,2026,7,46366.19
204457,2026,8,46366.19
204457,2026,9,46366.19
204459,2023,1,39293.32
204459,2023,2,39293.32
204459,2023,3,39293.32
204459,2023,4,41650.92
204459,2023,5,41650.92
204459,2023,6,41650.92
204459,2023,7,41650.92
204459,2023,8,41650.92
204459,2023,9,41650.92
204459,2023,10,41650.92
204459,2023,11,41650.92
204459,2023,12,41650.92
204459,2024,1,41650.92
204459,2024,2,44008.52
204459,2024,3,44008.52
204459,2024,4,44008.52
204459,2024,5,44008.52
204459,2024,6,44008.52
204459,2024,7,44008.52
204459,2024,8,44008.52
204459,2024,9,44008.52
204459,2024,10,44008.52
204459,2024,11,44008.52
204459,2024,12,44008.52
204459,2025,1,44008.52
204459,2025,2,46366.19
204459,2025,3,46366.19
204459,2025,4,46366.19
204459,2025,5,46366.19
204459,2025,6,46366.19
204459,2025,7,46366.19
204459,2025,8,46366.19
204459,2025,9,46366.19
204459,2025,10,46366.19
204459,2025,11,46366.19
204459,2025,12,46366.19
204459,2026,1,46366.19
204459,2026,2,46366.19
204459,2026,3,46366.19
204459,2026,4,46366.19
204459,2026,5,46366.19
204459,2026,6,46366.19
204459,2026,7,46366.19
204459,2026,8,46366.19
204459,2026,9,46366.19
204460,2023,1,39293.32
204460,2023,2,39293.32
204460,2023,3,39293.32
204460,2023,4,41650.92
204460,2023,5,41650.92
204460,2023,6,41650.92
204460,2023,7,41650.92
204460,2023,8,41650.92
204460,2023,9,41650.92
204460,2023,10,41650.92
204460,2023,11,41650.92
204460,2023,12,41650.92
204460,2024,1,41650.92
204460,2024,2,44008.52
204460,2024,3,44008.52
204460,2024,4,44008.52
204460,2024,5,7334.75
204460,2024,9,39607.67
204460,2024,10,44008.52
204460,2024,11,44008.52
204460,2024,12,44008.52
204460,2025,1,44008.52
204460,2025,2,46366.19
204460,2025,3,46366.19
204460,2025,4,46366.19
204460,2025,5,46366.19
204460,2025,6,46366.19
204460,2025,7,46366.19
204460,2025,8,46366.19
204460,2025,9,46366.19
204460,2025,10,46366.19
204460,2025,11,46366.19
204460,2025,12,46366.19
204460,2026,1,46366.19
204460,2026,2,46366.19
204460,2026,3,46366.19
204460,2026,4,46366.19
204460,2026,5,46366.19
204460,2026,6,46366.19
204460,2026,7,46366.19
204460,2026,8,46366.19
204460,2026,9,46366.19
204462,2023,1,39293.32
204462,2023,2,39293.32
204462,2023,3,39293.32
204462,2023,4,41650.92
204462,2023,5,41650.92
204462,2023,6,0.0
204462,2023,7,0.0
204462,2023,8,0.0
204462,2023,9,19437.1
204462,2023,10,41650.92
204462,2023,11,41650.92
204462,2023,12,41650.92
204462,2024,1,41650.92
204462,2024,2,44008.52
204462,2024,3,44008.52
204462,2024,4,44008.52
204462,2024,5,44008.52
204462,2024,6,44008.52
204462,2024,7,44008.52
204462,2024,8,44008.52
204462,2024,9,44008.52
204462,2024,10,44008.52
204462,2024,11,44008.52
204462,2024,12,44008.52
204462,2025,1,44008.52
204462,2025,2,46366.19
204462,2025,3,46366.19
204462,2025,4,46366.19
204462,2025,5,46366.19
204462,2025,6,46366.19
204462,2025,7,46366.19
204462,2025,8,46366.19
204462,2025,9,46366.19
204462,2025,10,46366.19
204462,2025,11,46366.19
204462,2025,12,46366.19
204462,2026,1,46366.19
204462,2026,2,46366.19
204462,2026,3,46366.19
204462,2026,4,46366.19
204462,2026,5,46366.19
204462,2026,6,46366.19
204462,2026,7,46366.19
204462,2026,8,46366.19
204462,2026,9,46366.19
204464,2023,1,39293.32
204464,2023,2,39293.32
204464,2023,3,39293.32
204464,2023,4,41650.92
204464,2023,5,41650.92
204464,2023,6,41650.92
204464,2023,7,41650.92
204464,2023,8,41650.92
204464,2023,9,41650.92
204464,2023,10,41650.92
204464,2023,11,41650.92
204464,2023,12,41650.92
204464,2024,1,41650.92
204464,2024,2,44008.52
204464,2024,3,44008.52
204464,2024,4,44008.52
204464,2024,5,44008.52
204464,2024,6,44008.52
204464,2024,7,44008.52
204464,2024,8,44008.52
204464,2024,9,44008.52
204464,2024,10,44008.52
204464,2024,11,44008.52
204464,2024,12,44008.52
204464,2025,1,44008.52
204464,2025,2,46366.19
204464,2025,3,46366.19
204464,2025,4,46366.19
204464,2025,5,46366.19
204464,2025,6,46366.19
204464,2025,7,46366.19
204464,2025,8,46366.19
204464,2025,9,46366.19
204464,2025,10,46366.19
204464,2025,11,46366.19
204464,2025,12,46366.19
204464,2026,1,46366.19
204464,2026,2,46366.19
204464,2026,3,46366.19
204464,2026,4,46366.19
204464,2026,5,46366.19
204464,2026,6,46366.19
204464,2026,7,46366.19
204464,2026,8,46366.19
204464,2026,9,46366.19
204472,2023,1,39293.32
204472,2023,2,39293.32
204472,2023,3,39293.32
204472,2023,4,41650.92
204472,2023,5,41650.92
204472,2023,6,41650.92
204472,2023,7,41650.92
204472,2023,8,41650.92
204472,2023,9,41650.92
204472,2023,10,41650.92
204472,2023,11,41650.92
204472,2023,12,41650.92
204472,2024,1,41650.92
204472,2024,2,44008.52
204472,2024,3,44008.52
204472,2024,4,44008.52
204472,2024,5,44008.52
204472,2024,6,44008.52
204472,2024,7,44008.52
204472,2024,8,44008.52
204472,2024,9,44008.52
204472,2024,10,44008.52
204472,2024,11,44008.52
204472,2024,12,44008.52
204472,2025,1,44008.52
204472,2025,2,46366.19
204472,2025,3,46366.19
204472,2025,4,46366.19
204472,2025,5,46366.19
204472,2025,6,46366.19
204472,2025,7,46366.19
204472,2025,8,46366.19
204472,2025,9,46366.19
204472,2025,10,46366.19
204472,2025,11,46366.19
204472,2025,12,46366.19
204472,2026,1,46366.19
204472,2026,2,46366.19
204472,2026,3,46366.19
204472,2026,4,46366.19
204472,2026,5,46366.19
204472,2026,6,46366.19
204472,2026,7,46366.19
204472,2026,8,46366.19
204472,2026,9,46366.19
204473,2023,1,39293.32
204473,2023,2,39293.32
204473,2023,3,39293.32
204473,2023,4,41650.92
204473,2023,5,41650.92
204473,2023,6,41650.92
204473,2023,7,41650.92
204473,2023,8,41650.92
204473,2023,9,41650.92
204473,2023,10,41650.92
204473,2023,11,41650.92
204473,2023,12,41650.92
204473,2024,1,41650.92
204473,2024,2,44008.52
204473,2024,3,44008.52
204473,2024,4,44008.52
204473,2024,5,44008.52
204473,2024,6,44008.52
204473,2024,7,44008.52
204473,2024,8,44008.52
204473,2024,9,44008.52
204473,2024,10,44008.52
204473,2024,11,44008.52
204473,2024,12,44008.52
204473,2025,1,44008.52
204473,2025,2,46366.19
204473,2025,3,46366.19
204473,2025,4,46366.19
204473,2025,5,46366.19
204473,2025,6,46366.19
204473,2025,7,46366.19
204473,2025,8,46366.19
204473,2025,9,46366.19
204473,2025,10,46366.19
204473,2025,11,46366.19
204473,2025,12,46366.19
204473,2026,1,46366.19
204473,2026,2,46366.19
204473,2026,3,46366.19
204473,2026,4,46366.19
204473,2026,5,46366.19
204473,2026,6,46366.19
204473,2026,7,46366.19
204473,2026,8,46366.19
204473,2026,9,46366.19
204474,2023,1,39293.32
204474,2023,2,39293.32
204474,2023,3,39293.32
204474,2023,4,41650.92
204474,2023,5,41650.92
204474,2023,6,0.0
204474,2023,9,2776.73
204474,2023,10,41650.92
204474,2023,11,41650.92
204474,2023,12,41650.92
204474,2024,1,41650.92
204474,2024,2,44008.52
204474,2024,3,44008.52
204474,2024,4,44008.52
204474,2024,5,44008.52
204474,2024,6,2933.9
204474,2024,9,5867.8
204474,2024,10,44008.52
204474,2024,11,44008.52
204474,2024,12,42506.08
204474,2025,1,44008.52
204474,2025,2,46366.19
204474,2025,3,46366.19
204474,2025,4,46366.19
204474,2025,5,46366.19
204474,2025,6,46366.19
204474,2025,7,46366.19
204474,2025,8,46366.19
204474,2025,9,46366.19
204474,2025,10,46366.19
204474,2025,11,46366.19
204474,2025,12,46366.19
204474,2026,1,46366.19
204474,2026,2,46366.19
204474,2026,3,46366.19
204474,2026,4,46366.19
204474,2026,5,46366.19
204474,2026,6,46366.19
204474,2026,7,46366.19
204474,2026,8,46366.19
204474,2026,9,46366.19
204476,2023,1,39293.32
204476,2023,2,39293.32
204476,2023,3,39293.32
204476,2023,4,41650.92
204476,2023,5,41650.92
204476,2023,6,41650.92
204476,2023,7,41650.92
204476,2023,8,41650.92
204476,2023,9,41650.92
204476,2023,10,41650.92
204476,2023,11,41650.92
204476,2023,12,41650.92
204476,2024,1,41650.92
204476,2024,2,44008.52
204476,2024,3,44008.52
204476,2024,4,44008.52
204476,2024,5,44008.52
204476,2024,6,44008.52
204476,2024,7,44008.52
204476,2024,8,44008.52
204476,2024,9,44008.52
204476,2024,10,44008.52
204476,2024,11,44008.52
204476,2024,12,40854.72
204476,2025,1,44008.52
204476,2025,2,46366.19
204476,2025,3,46366.19
204476,2025,4,46366.19
204476,2025,5,30014.38
204479,2023,1,39293.32
204479,2023,2,39293.32
204479,2023,3,39293.32
204479,2023,4,41650.92
204479,2023,5,41650.92
204479,2023,6,41650.92
204479,2023,7,41650.92
204479,2023,8,41650.92
204479,2023,9,41650.92
204479,2023,10,41650.92
204479,2023,11,41650.92
204479,2023,12,41650.92
204479,2024,1,41650.92
204479,2024,2,44008.52
204479,2024,3,44008.52
204479,2024,4,44008.52
204479,2024,5,44008.52
204479,2024,6,44008.52
204479,2024,7,44008.52
204479,2024,8,44008.52
204479,2024,9,44008.52
204479,2024,10,44008.52
204479,2024,11,44008.52
204479,2024,12,44008.52
204479,2025,1,44008.52
204479,2025,2,46366.19
204479,2025,3,46366.19
204479,2025,4,46366.19
204479,2025,5,46366.19
204479,2025,6,46366.19
204479,2025,7,46366.19
204479,2025,8,46366.19
204479,2025,9,46366.19
204479,2025,10,46366.19
204479,2025,11,46366.19
204479,2025,12,46366.19
204479,2026,1,46366.19
204479,2026,2,46366.19
204479,2026,3,46366.19
204479,2026,4,46366.19
204479,2026,5,46366.19
204479,2026,6,46366.19
204479,2026,7,46366.19
204479,2026,8,46366.19
204479,2026,9,46366.19
204480,2023,1,39293.32
204480,2023,2,39293.32
204480,2023,3,39293.32
204480,2023,4,41650.92
204480,2023,5,41650.92
204480,2023,6,41650.92
204480,2023,7,41650.92
204480,2023,8,41650.92
204480,2023,9,41650.92
204480,2023,10,41650.92
204480,2023,11,41650.92
204480,2023,12,41650.92
204480,2024,1,41650.92
204480,2024,2,44008.52
204480,2024,3,44008.52
204480,2024,4,44008.52
204480,2024,5,44008.52
204480,2024,6,44008.52
204480,2024,7,44008.52
204480,2024,8,44008.52
204480,2024,9,44008.52
204480,2024,10,44008.52
204480,2024,11,44008.52
204480,2024,12,44008.52
204480,2025,1,44008.52
204480,2025,2,46366.19
204480,2025,3,46366.19
204480,2025,4,46366.19
204480,2025,5,46366.19
204480,2025,6,46366.19
204480,2025,7,46366.19
204480,2025,8,46366.19
204480,2025,9,46366.19
204480,2025,10,46366.19
204480,2025,11,46366.19
204480,2025,12,46366.19
204480,2026,1,46366.19
204480,2026,2,46366.19
204480,2026,3,46366.19
204480,2026,4,46366.19
204480,2026,5,46366.19
204480,2026,6,46366.19
204480,2026,7,46366.19
204480,2026,8,46366.19
204480,2026,9,46366.19
204481,2023,1,39293.32
204481,2023,2,39293.32
204481,2023,3,39293.32
204481,2023,4,41650.92
204481,2023,5,41650.92
204481,2023,6,41650.92
204481,2023,7,41650.92
204481,2023,8,41650.92
204481,2023,9,41650.92
204481,2023,10,41650.92
204481,2023,11,41650.92
204481,2023,12,41650.92
204481,2024,1,41650.92
204481,2024,2,44008.52
204481,2024,3,44008.52
204481,2024,4,44008.52
204481,2024,5,44008.52
204481,2024,6,44008.52
204481,2024,7,44008.52
204481,2024,8,44008.52
204481,2024,9,44008.52
204481,2024,10,44008.52
204481,2024,11,44008.52
204481,2024,12,44008.52
204481,2025,1,44008.52
204481,2025,2,46366.19
204481,2025,3,46366.19
204481,2025,4,46366.19
204481,2025,5,46366.19
204481,2025,6,46366.19
204481,2025,7,46366.19
204481,2025,8,46366.19
204481,2025,9,46366.19
204481,2025,10,46366.19
204481,2025,11,46366.19
204481,2025,12,46366.19
204481,2026,1,46366.19
204481,2026,2,46366.19
204481,2026,3,46366.19
204481,2026,4,46366.19
204481,2026,5,46366.19
204481,2026,6,46366.19
204481,2026,7,46366.19
204481,2026,8,46366.19
204481,2026,9,46366.19
204482,2023,1,39293.32
204482,2023,2,39293.32
204482,2023,3,39293.32
204482,2023,4,41650.92
204482,2023,5,41650.92
204482,2023,6,41650.92
204482,2023,7,41650.92
204482,2023,8,41650.92
204482,2023,9,41650.92
204482,2023,10,41650.92
204482,2023,11,41650.92
204482,2023,12,41650.92
204482,2024,1,41650.92
204482,2024,2,44008.52
204482,2024,6,13202.56
204482,2024,7,44008.52
204482,2024,8,44008.52
204482,2024,9,44008.52
204482,2024,10,44008.52
204482,2024,11,44008.52
204482,2024,12,44008.52
204482,2025,1,44008.52
204482,2025,2,46366.19
204482,2025,3,4636.62
204482,2025,6,4636.62
204482,2025,7,46366.19
204482,2025,8,46366.19
204482,2025,9,46366.19
204482,2025,10,46366.19
204482,2025,11,46366.19
204482,2025,12,46366.19
204482,2026,1,46366.19
204482,2026,2,46366.19
204482,2026,3,46366.19
204482,2026,4,7727.7
204482,2026,7,9273.24
204482,2026,8,46366.19
204482,2026,9,46366.19
204485,2023,1,39293.32
204485,2023,2,39293.32
204485,2023,3,39293.32
204485,2023,4,41650.92
204485,2023,5,41650.92
204485,2023,6,41650.92
204485,2023,7,41650.92
204485,2023,8,41650.92
204485,2023,9,41650.92
204485,2023,10,41650.92
204485,2023,11,41650.92
204485,2023,12,41650.92
204485,2024,1,41650.92
204485,2024,2,44008.52
204485,2024,3,44008.52
204485,2024,4,44008.52
204485,2024,5,44008.52
204485,2024,6,44008.52
204485,2024,7,44008.52
204485,2024,8,44008.52
204485,2024,9,44008.52
204485,2024,10,44008.52
204485,2024,11,44008.52
204485,2024,12,44008.52
204485,2025,1,44008.52
204485,2025,2,46366.19
204485,2025,3,46366.19
204485,2025,4,46366.19
204485,2025,5,46366.19
204485,2025,6,46366.19
204485,2025,7,46366.19
204485,2025,8,46366.19
204485,2025,9,46366.19
204485,2025,10,46366.19
204485,2025,11,46366.19
204485,2025,12,46366.19
204485,2026,1,46366.19
204485,2026,2,46366.19
204485,2026,3,46366.19
204485,2026,4,46366.19
204485,2026,5,46366.19
204485,2026,6,46366.19
204485,2026,7,46366.19
204485,2026,8,46366.19
204485,2026,9,46366.19
204486,2023,1,39293.32
204486,2023,2,39293.32
204486,2023,3,39293.32
204486,2023,4,41650.92
204486,2023,5,41650.92
204486,2023,6,41650.92
204486,2023,7,41650.92
204486,2023,8,41650.92
204486,2023,9,41650.92
204486,2023,10,41650.92
204486,2023,11,41650.92
204486,2023,12,41650.92
204486,2024,1,41650.92
204486,2024,2,44008.52
204486,2024,3,44008.52
204486,2024,4,44008.52
204486,2024,5,44008.52
204486,2024,6,44008.52
204486,2024,7,44008.52
204486,2024,8,44008.52
204486,2024,9,44008.52
204486,2024,10,44008.52
204486,2024,11,44008.52
204486,2024,12,44008.52
204486,2025,1,44008.52
204486,2025,2,46366.19
204486,2025,3,46366.19
204486,2025,4,46366.19
204486,2025,5,46366.19
204486,2025,6,46366.19
204486,2025,7,46366.19
204486,2025,8,46366.19
204486,2025,9,46366.19
204486,2025,10,46366.19
204486,2025,11,46366.19
204486,2025,12,46366.19
204486,2026,1,46366.19
204486,2026,2,46366.19
204486,2026,3,46366.19
204486,2026,4,46366.19
204486,2026,5,46366.19
204486,2026,6,46366.19
204486,2026,7,46366.19
204486,2026,8,46366.19
204486,2026,9,46366.19
204488,2023,1,39293.32
204488,2023,2,39293.32
204488,2023,3,39293.32
204488,2023,4,41650.92
204488,2023,5,41650.92
204488,2023,6,41650.92
204488,2023,7,41650.92
204488,2023,8,41650.92
204488,2023,9,41650.92
204488,2023,10,41650.92
204488,2023,11,41650.92
204488,2023,12,41650.92
204488,2024,1,41650.92
204488,2024,2,44008.52
204488,2024,3,44008.52
204488,2024,4,44008.52
204488,2024,5,44008.52
204488,2024,6,44008.52
204488,2024,7,44008.52
204488,2024,8,44008.52
204488,2024,9,44008.52
204488,2024,10,44008.52
204488,2024,11,44008.52
204488,2024,12,44008.52
204488,2025,1,44008.52
204488,2025,2,46366.19
204488,2025,3,46366.19
204488,2025,4,46366.19
204488,2025,5,46366.19
204488,2025,6,46366.19
204488,2025,7,46366.19
204488,2025,8,46366.19
204488,2025,9,46366.19
204488,2025,10,46366.19
204488,2025,11,46366.19
204488,2025,12,46366.19
204488,2026,1,46366.19
204488,2026,2,46366.19
204488,2026,3,46366.19
204488,2026,4,46366.19
204488,2026,5,46366.19
204488,2026,6,46366.19
204488,2026,7,46366.19
204488,2026,8,46366.19
204488,2026,9,46366.19
204489,2023,1,39293.32
204489,2023,2,39293.32
204489,2023,3,39293.32
204489,2023,4,41650.92
204489,2023,5,41650.92
204489,2023,6,41650.92
204489,2023,7,41650.92
204489,2023,8,41650.92
204489,2023,9,41650.92
204489,2023,10,41650.92
204489,2023,11,41650.92
204489,2023,12,41650.92
204489,2024,1,41650.92
204489,2024,2,44008.52
204489,2024,3,44008.52
204489,2024,4,44008.52
204489,2024,5,44008.52
204489,2024,6,44008.52
204489,2024,7,44008.52
204489,2024,8,44008.52
204489,2024,9,44008.52
204489,2024,10,44008.52
204489,2024,11,44008.52
204489,2024,12,44008.52
204489,2025,1,44008.52
204489,2025,2,46366.19
204489,2025,3,46366.19
204489,2025,4,46366.19
204489,2025,5,46366.19
204489,2025,6,46366.19
204489,2025,7,46366.19
204489,2025,8,46366.19
204489,2025,9,46366.19
204489,2025,10,46366.19
204489,2025,11,46366.19
204489,2025,12,46366.19
204489,2026,1,46366.19
204489,2026,2,46366.19
204489,2026,3,46366.19
204489,2026,4,46366.19
204489,2026,5,46366.19
204489,2026,6,46366.19
204489,2026,7,46366.19
204489,2026,8,46366.19
204489,2026,9,46366.19
204491,2023,1,39293.32
204491,2023,2,39293.32
204491,2023,3,39293.32
204491,2023,4,41650.92
204491,2023,5,41650.92
204491,2023,6,41650.92
204491,2023,7,41650.92
204491,2023,8,41650.92
204491,2023,9,41650.92
204491,2023,10,41650.92
204491,2023,11,41650.92
204491,2023,12,41650.92
204491,2024,1,41650.92
204491,2024,2,44008.52
204491,2024,3,44008.52
204491,2024,4,44008.52
204491,2024,5,44008.52
204491,2024,6,44008.52
204491,2024,7,44008.52
204491,2024,8,44008.52
204491,2024,9,44008.52
204491,2024,10,44008.52
204491,2024,11,44008.52
204491,2024,12,44008.52
204491,2025,1,44008.52
204491,2025,2,46366.19
204491,2025,3,46366.19
204491,2025,4,46366.19
204491,2025,5,46366.19
204491,2025,6,46366.19
204491,2025,7,46366.19
204491,2025,8,46366.19
204491,2025,9,46366.19
204491,2025,10,46366.19
204491,2025,11,46366.19
204491,2025,12,46366.19
204491,2026,1,46366.19
204491,2026,2,46366.19
204491,2026,3,46366.19
204491,2026,4,46366.19
204491,2026,5,46366.19
204491,2026,6,46366.19
204491,2026,7,46366.19
204491,2026,8,46366.19
204491,2026,9,46366.19
204492,2023,1,39293.32
204492,2023,2,39293.32
204492,2023,3,39293.32
204492,2023,4,41650.92
204492,2023,5,41650.92
204492,2023,6,41650.92
204492,2023,7,41650.92
204492,2023,8,41650.92
204492,2023,9,41650.92
204492,2023,10,41650.92
204492,2023,11,41650.92
204492,2023,12,41650.92
204492,2024,1,41650.92
204492,2024,2,44008.52
204492,2024,3,44008.52
204492,2024,4,44008.52
204492,2024,5,44008.52
204492,2024,6,44008.52
204492,2024,7,44008.52
204492,2024,8,44008.52
204492,2024,9,44008.52
204492,2024,10,44008.52
204492,2024,11,44008.52
204492,2024,12,44008.52
204492,2025,1,44008.52
204492,2025,2,46366.19
204492,2025,3,46366.19
204492,2025,4,46366.19
204492,2025,5,46366.19
204492,2025,6,46366.19
204492,2025,7,46366.19
204492,2025,8,46366.19
204492,2025,9,46366.19
204492,2025,10,46366.19
204492,2025,11,46366.19
204492,2025,12,46366.19
204492,2026,1,46366.19
204492,2026,2,46366.19
204492,2026,3,46366.19
204492,2026,4,46366.19
204492,2026,5,46366.19
204492,2026,6,46366.19
204492,2026,7,46366.19
204492,2026,8,46366.19
204492,2026,9,46366.19
204494,2023,1,39293.32
204494,2023,2,39293.32
204494,2023,3,39293.32
204494,2023,4,41650.92
204494,2023,5,41650.92
204494,2023,6,41650.92
204494,2023,7,41650.92
204494,2023,8,41650.92
204494,2023,9,41650.92
204494,2023,10,41650.92
204494,2023,11,41650.92
204494,2023,12,18048.73
204494,2024,4,27872.06
204494,2024,5,44008.52
204494,2024,6,44008.52
204494,2024,7,44008.52
204494,2024,8,44008.52
204494,2024,9,44008.52
204494,2024,10,44008.52
204494,2024,11,44008.52
204494,2024,12,44008.52
204494,2025,1,44008.52
204494,2025,2,46366.19
204494,2025,3,46366.19
204494,2025,4,46366.19
204494,2025,5,46366.19
204494,2025,6,46366.19
204494,2025,7,46366.19
204494,2025,8,46366.19
204494,2025,9,46366.19
204494,2025,10,46366.19
204494,2025,11,46366.19
204494,2025,12,46366.19
204494,2026,1,46366.19
204494,2026,2,46366.19
204494,2026,3,46366.19
204494,2026,4,46366.19
204494,2026,5,46366.19
204494,2026,6,46366.19
204494,2026,7,46366.19
204494,2026,8,46366.19
204494,2026,9,46366.19
204495,2023,1,39293.32
204495,2023,2,39293.32
204495,2023,3,39293.32
204495,2023,4,41650.92
204495,2023,5,41650.92
204495,2023,6,41650.92
204495,2023,7,41650.92
204495,2023,8,41650.92
204495,2023,9,41650.92
204495,2023,10,41650.92
204495,2023,11,41650.92
204495,2023,12,41650.92
204495,2024,1,41650.92
204495,2024,2,44008.52
204495,2024,3,44008.52
204495,2024,4,44008.52
204495,2024,5,44008.52
204495,2024,6,44008.52
204495,2024,7,44008.52
204495,2024,8,44008.52
204495,2024,9,44008.52
204495,2024,10,44008.52
204495,2024,11,44008.52
204495,2024,12,44008.52
204495,2025,1,44008.52
204495,2025,2,46366.19
204495,2025,3,46366.19
204495,2025,4,46366.19
204495,2025,5,46366.19
204495,2025,6,46366.19
204495,2025,7,46366.19
204495,2025,8,46366.19
204495,2025,9,46366.19
204495,2025,10,46366.19
204495,2025,11,46366.19
204495,2025,12,46366.19
204495,2026,1,46366.19
204495,2026,2,46366.19
204495,2026,3,46366.19
204495,2026,4,46366.19
204495,2026,5,46366.19
204495,2026,6,46366.19
204495,2026,7,46366.19
204495,2026,8,46366.19
204495,2026,9,46366.19
204496,2023,1,39293.32
204496,2023,2,39293.32
204496,2023,3,39293.32
204496,2023,4,41650.92
204496,2023,5,41650.92
204496,2023,6,41650.92
204496,2023,7,41650.92
204496,2023,8,41650.92
204496,2023,9,41650.92
204496,2023,10,41650.92
204496,2023,11,41650.92
204496,2023,12,41650.92
204496,2024,1,41650.92
204496,2024,2,44008.52
204496,2024,3,44008.52
204496,2024,4,44008.52
204496,2024,5,44008.52
204496,2024,6,44008.52
204496,2024,7,44008.52
204496,2024,8,44008.52
204496,2024,9,44008.52
204496,2024,10,44008.52
204496,2024,11,44008.52
204496,2024,12,44008.52
204496,2025,1,44008.52
204496,2025,2,46366.19
204496,2025,3,46366.19
204496,2025,4,46366.19
204496,2025,5,46366.19
204496,2025,6,46366.19
204496,2025,7,46366.19
204496,2025,8,71112.19
204496,2025,9,41416.99
204496,2025,10,41416.99
204496,2025,11,41416.99
204496,2025,12,41416.99
204496,2026,1,41416.99
204496,2026,2,46366.19
204496,2026,3,46366.19
204496,2026,4,46366.19
204496,2026,5,46366.19
204496,2026,6,46366.19
204496,2026,7,46366.19
204496,2026,8,46366.19
204496,2026,9,46366.19
204497,2023,1,39293.32
204497,2023,2,39293.32
204497,2023,3,39293.32
204497,2023,4,41650.92
204497,2023,5,41650.92
204497,2023,6,41650.92
204497,2023,7,41650.92
204497,2023,8,41650.92
204497,2023,9,41650.92
204497,2023,10,41650.92
204497,2023,11,41650.92
204497,2023,12,41650.92
204497,2024,1,41650.92
204497,2024,2,44008.52
204497,2024,3,44008.52
204497,2024,4,44008.52
204497,2024,5,44008.52
204497,2024,6,44008.52
204497,2024,7,44008.52
204497,2024,8,44008.52
204497,2024,9,44008.52
204497,2024,10,44008.52
204497,2024,11,44008.52
204497,2024,12,44008.52
204497,2025,1,44008.52
204497,2025,2,46366.19
204497,2025,3,46366.19
204497,2025,4,46366.19
204497,2025,5,46366.19
204497,2025,6,46366.19
204497,2025,7,46366.19
204497,2025,8,46366.19
204497,2025,9,46366.19
204497,2025,10,46366.19
204497,2025,11,46366.19
204497,2025,12,46366.19
204497,2026,1,46366.19
204497,2026,2,46366.19
204497,2026,3,46366.19
204497,2026,4,46366.19
204497,2026,5,46366.19
204497,2026,6,46366.19
204497,2026,7,46366.19
204497,2026,8,46366.19
204497,2026,9,46366.19
204498,2023,1,39293.32
204498,2023,2,39293.32
204498,2023,3,39293.32
204498,2023,4,41650.92
204498,2023,5,41650.92
204498,2023,6,41650.92
204498,2023,7,41650.92
204498,2023,8,41650.92
204498,2023,9,41650.92
204498,2023,10,41650.92
204498,2023,11,41650.92
204498,2023,12,41650.92
204498,2024,1,41650.92
204498,2024,2,44008.52
204498,2024,3,44008.52
204498,2024,4,44008.52
204498,2024,5,44008.52
204498,2024,6,44008.52
204498,2024,7,44008.52
204498,2024,8,44008.52
204498,2024,9,44008.52
204498,2024,10,44008.52
204498,2024,11,44008.52
204498,2024,12,44008.52
204498,2025,1,44008.52
204498,2025,2,46366.19
204498,2025,3,46366.19
204498,2025,4,46366.19
204498,2025,5,46366.19
204498,2025,6,46366.19
204498,2025,7,46366.19
204498,2025,8,46366.19
204498,2025,9,46366.19
204498,2025,10,46366.19
204498,2025,11,46366.19
204498,2025,12,46366.19
204498,2026,1,46366.19
204498,2026,2,46366.19
204498,2026,3,46366.19
204498,2026,4,46366.19
204498,2026,5,46366.19
204498,2026,6,46366.19
204498,2026,7,46366.19
204498,2026,8,46366.19
204498,2026,9,46366.19
204501,2023,1,39293.32
204501,2023,2,39293.32
204501,2023,3,39293.32
204501,2023,4,41650.92
204501,2023,5,41650.92
204501,2023,6,41650.92
204501,2023,7,41650.92
204501,2023,8,41650.92
204501,2023,9,41650.92
204501,2023,10,41650.92
204501,2023,11,41650.92
204501,2023,12,41650.92
204501,2024,1,41650.92
204501,2024,2,44008.52
204501,2024,3,44008.52
204501,2024,4,44008.52
204501,2024,5,44008.52
204501,2024,6,44008.52
204501,2024,7,44008.52
204501,2024,8,44008.52
204501,2024,9,44008.52
204501,2024,10,44008.52
204501,2024,11,44008.52
204501,2024,12,44008.52
204501,2025,1,44008.52
204501,2025,2,46366.19
204501,2025,3,46366.19
204501,2025,4,46366.19
204501,2025,5,46366.19
204501,2025,6,46366.19
204501,2025,7,46366.19
204501,2025,8,46366.19
204501,2025,9,46366.19
204501,2025,10,46366.19
204501,2025,11,46366.19
204501,2025,12,46366.19
204501,2026,1,46366.19
204501,2026,2,46366.19
204501,2026,3,46366.19
204501,2026,4,46366.19
204501,2026,5,46366.19
204501,2026,6,46366.19
204501,2026,7,46366.19
204501,2026,8,46366.19
204501,2026,9,46366.19
204503,2023,1,39293.32
204503,2023,2,39293.32
204503,2023,3,39293.32
204503,2023,4,41650.92
204503,2023,5,41650.92
204503,2023,6,41650.92
204503,2023,7,41650.92
204503,2023,8,41650.92
204503,2023,9,41650.92
204503,2023,10,41650.92
204503,2023,11,41650.92
204503,2023,12,41650.92
204503,2024,1,41650.92
204503,2024,2,44008.52
204503,2024,3,44008.52
204503,2024,4,44008.52
204503,2024,5,44008.52
204503,2024,6,44008.52
204503,2024,7,44008.52
204503,2024,8,44008.52
204503,2024,9,44008.52
204503,2024,10,44008.52
204503,2024,11,44008.52
204503,2024,12,44008.52
204503,2025,1,44008.52
204503,2025,2,46366.19
204503,2025,3,46366.19
204503,2025,4,46366.19
204503,2025,5,46366.19
204503,2025,6,46366.19
204503,2025,7,46366.19
204503,2025,8,46366.19
204503,2025,9,46366.19
204503,2025,10,46366.19
204503,2025,11,46366.19
204503,2025,12,46366.19
204503,2026,1,38638.49
204503,2026,2,46366.19
204503,2026,3,46366.19
204503,2026,4,46366.19
204503,2026,5,46366.19
204503,2026,6,46366.19
204503,2026,7,46366.19
204503,2026,8,46366.19
204503,2026,9,46366.19
204504,2023,1,39293.32
204504,2023,2,39293.32
204504,2023,3,39293.32
204504,2023,4,41650.92
204504,2023,5,41650.92
204504,2023,6,41650.92
204504,2023,7,41650.92
204504,2023,8,41650.92
204504,2023,9,41650.92
204504,2023,10,41650.92
204504,2023,11,41650.92
204504,2023,12,41650.92
204504,2024,1,41650.92
204504,2024,2,44008.52
204504,2024,3,44008.52
204504,2024,4,44008.52
204504,2024,5,44008.52
204504,2024,6,44008.52
204504,2024,7,44008.52
204504,2024,8,44008.52
204504,2024,9,44008.52
204504,2024,10,44008.52
204504,2024,11,44008.52
204504,2024,12,44008.52
204504,2025,1,44008.52
204504,2025,2,46366.19
204504,2025,3,46366.19
204504,2025,4,46366.19
204504,2025,5,46366.19
204504,2025,6,46366.19
204504,2025,7,46366.19
204504,2025,8,46366.19
204504,2025,9,46366.19
204504,2025,10,46366.19
204504,2025,11,46366.19
204504,2025,12,46366.19
204504,2026,1,46366.19
204504,2026,2,46366.19
204504,2026,3,46366.19
204504,2026,4,46366.19
204504,2026,5,46366.19
204504,2026,6,46366.19
204504,2026,7,46366.19
204504,2026,8,46366.19
204504,2026,9,46366.19
204506,2023,1,39293.32
204506,2023,2,39293.32
204506,2023,3,39293.32
204506,2023,4,41650.92
204506,2023,5,41650.92
204506,2023,6,41650.92
204506,2023,7,41650.92
204506,2023,8,41650.92
204506,2023,9,41650.92
204506,2023,10,41650.92
204506,2023,11,41650.92
204506,2023,12,41650.92
204506,2024,1,41650.92
204506,2024,2,44008.52
204506,2024,3,44008.52
204506,2024,4,44008.52
204506,2024,5,44008.52
204506,2024,6,44008.52
204506,2024,7,44008.52
204506,2024,8,44008.52
204506,2024,9,44008.52
204506,2024,10,44008.52
204506,2024,11,44008.52
204506,2024,12,44008.52
204506,2025,1,44008.52
204506,2025,2,46366.19
204506,2025,3,46366.19
204506,2025,4,46366.19
204506,2025,5,46366.19
204506,2025,6,46366.19
204506,2025,7,46366.19
204506,2025,8,46366.19
204506,2025,9,46366.19
204506,2025,10,46366.19
204506,2025,11,46366.19
204506,2025,12,46366.19
204506,2026,1,46366.19
204506,2026,2,46366.19
204506,2026,3,46366.19
204506,2026,4,46366.19
204506,2026,5,46366.19
204506,2026,6,46366.19
204506,2026,7,46366.19
204506,2026,8,46366.19
204506,2026,9,46366.19
204507,2023,1,39293.32
204507,2023,2,39293.32
204507,2023,3,39293.32
204507,2023,4,41650.92
204507,2023,5,41650.92
204507,2023,6,41650.92
204507,2023,7,41650.92
204507,2023,8,41650.92
204507,2023,9,41650.92
204507,2023,10,41650.92
204507,2023,11,41650.92
204507,2023,12,41650.92
204507,2024,1,41650.92
204507,2024,2,44008.52
204507,2024,3,44008.52
204507,2024,4,44008.52
204507,2024,5,44008.52
204507,2024,6,44008.52
204507,2024,7,44008.52
204507,2024,8,44008.52
204507,2024,9,44008.52
204507,2024,10,44008.52
204507,2024,11,44008.52
204507,2024,12,44008.52
204507,2025,1,44008.52
204507,2025,2,46366.19
204507,2025,3,46366.19
204507,2025,4,46366.19
204507,2025,5,46366.19
204508,2023,1,39293.32
204508,2023,2,39293.32
204508,2023,3,39293.32
204508,2023,4,41650.92
204508,2023,5,41650.92
204508,2023,6,41650.92
204508,2023,7,41650.92
204508,2023,8,41650.92
204508,2023,9,41650.92
204508,2023,10,41650.92
204508,2023,11,41650.92
204508,2023,12,41650.92
204508,2024,1,41650.92
204508,2024,2,44008.52
204508,2024,3,44008.52
204508,2024,4,44008.52
204508,2024,5,44008.52
204508,2024,6,44008.52
204508,2024,7,44008.52
204508,2024,8,44008.52
204508,2024,9,44008.52
204508,2024,10,44008.52
204508,2024,11,44008.52
204508,2024,12,44008.52
204508,2025,1,44008.52
204508,2025,2,46366.19
204508,2025,3,46366.19
204508,2025,4,46366.19
204508,2025,5,46366.19
204508,2025,6,46366.19
204508,2025,7,46366.19
204508,2025,8,46366.19
204508,2025,9,46366.19
204508,2025,10,46366.19
204508,2025,11,46366.19
204508,2025,12,46366.19
204508,2026,1,46366.19
204508,2026,2,46366.19
204508,2026,3,46366.19
204508,2026,4,46366.19
204508,2026,5,46366.19
204508,2026,6,46366.19
204508,2026,7,46366.19
204508,2026,8,46366.19
204508,2026,9,46366.19
204511,2023,1,39293.32
204511,2023,2,39293.32
204511,2023,3,39293.32
204511,2023,4,41650.92
204511,2023,5,41650.92
204511,2023,6,41650.92
204511,2023,7,41650.92
204511,2023,8,41650.92
204511,2023,9,41650.92
204511,2023,10,41650.92
204511,2023,11,41650.92
204511,2023,12,41650.92
204511,2024,1,41650.92
204511,2024,2,44008.52
204511,2024,3,44008.52
204511,2024,4,44008.52
204511,2024,5,44008.52
204511,2024,6,44008.52
204511,2024,7,44008.52
204511,2024,8,44008.52
204511,2024,9,44008.52
204511,2024,10,44008.52
204511,2024,11,44008.52
204511,2024,12,44008.52
204511,2025,1,44008.52
204511,2025,2,46366.19
204511,2025,3,46366.19
204511,2025,4,46366.19
204511,2025,5,46366.19
204511,2025,6,46366.19
204511,2025,7,46366.19
204511,2025,8,46366.19
204511,2025,9,46366.19
204511,2025,10,46366.19
204511,2025,11,46366.19
204511,2025,12,46366.19
204511,2026,1,46366.19
204511,2026,2,46366.19
204511,2026,3,46366.19
204511,2026,4,46366.19
204511,2026,5,46366.19
204511,2026,6,46366.19
204511,2026,7,46366.19
204511,2026,8,46366.19
204511,2026,9,46366.19
204512,2023,1,39293.32
204512,2023,2,39293.32
204512,2023,3,39293.32
204512,2023,4,41650.92
204512,2023,5,41650.92
204512,2023,6,41650.92
204512,2023,7,41650.92
204512,2023,8,41650.92
204512,2023,9,41650.92
204512,2023,10,41650.92
204512,2023,11,41650.92
204512,2023,12,41650.92
204512,2024,1,41650.92
204512,2024,2,44008.52
204512,2024,3,44008.52
204512,2024,4,44008.52
204512,2024,5,44008.52
204512,2024,6,44008.52
204512,2024,7,44008.52
204512,2024,8,44008.52
204512,2024,9,44008.52
204512,2024,10,44008.52
204512,2024,11,44008.52
204512,2024,12,44008.52
204512,2025,1,44008.52
204512,2025,2,46366.19
204512,2025,3,46366.19
204512,2025,4,46366.19
204512,2025,5,46366.19
204512,2025,6,46366.19
204512,2025,7,46366.19
204512,2025,8,46366.19
204512,2025,9,46366.19
204512,2025,10,46366.19
204512,2025,11,46366.19
204512,2025,12,46366.19
204512,2026,1,46366.19
204512,2026,2,46366.19
204512,2026,3,46366.19
204512,2026,4,46366.19
204512,2026,5,46366.19
204512,2026,6,46366.19
204512,2026,7,46366.19
204512,2026,8,46366.19
204512,2026,9,46366.19
204514,2023,1,39293.32
204514,2025,7,46366.19
204514,2025,8,11135.94
204515,2023,1,39293.32
204515,2023,2,39293.32
204515,2023,3,39293.32
204515,2023,4,41650.92
204515,2023,5,41650.92
204515,2023,6,41650.92
204515,2023,7,41650.92
204515,2023,8,41650.92
204515,2023,9,41650.92
204515,2023,10,41650.92
204515,2023,11,41650.92
204515,2023,12,41650.92
204515,2024,1,41650.92
204515,2024,2,44008.52
204515,2024,3,44008.52
204515,2024,4,44008.52
204515,2024,5,44008.52
204515,2024,6,44008.52
204515,2024,7,44008.52
204515,2024,8,44008.52
204515,2024,9,44008.52
204515,2024,10,44008.52
204515,2024,11,44008.52
204515,2024,12,44008.52
204515,2025,1,44008.52
204515,2025,2,46366.19
204515,2025,3,46366.19
204515,2025,4,46366.19
204515,2025,5,46366.19
204515,2025,6,46366.19
204515,2025,7,20092.02
204515,2025,10,23183.1
204515,2025,11,46366.19
204515,2025,12,46366.19
204515,2026,1,46366.19
204515,2026,2,46366.19
204515,2026,3,46366.19
204515,2026,4,46366.19
204515,2026,5,46366.19
204515,2026,6,46366.19
204515,2026,7,46366.19
204515,2026,8,46366.19
204515,2026,9,46366.19
204517,2023,1,39293.32
204517,2023,2,39293.32
204517,2023,3,39293.32
204517,2023,4,41650.92
204517,2023,5,41650.92
204517,2023,6,41650.92
204517,2023,7,41650.92
204517,2023,8,41650.92
204517,2023,9,41650.92
204517,2023,10,41650.92
204517,2023,11,41650.92
204517,2023,12,41650.92
204517,2024,1,41650.92
204517,2024,2,44008.52
204517,2024,3,44008.52
204517,2024,4,44008.52
204517,2024,5,44008.52
204517,2024,6,44008.52
204517,2024,7,44008.52
204517,2024,8,44008.52
204517,2024,9,44008.52
204517,2024,10,44008.52
204517,2024,11,44008.52
204517,2024,12,44008.52
204517,2025,1,44008.52
204517,2025,2,46366.19
204517,2025,3,46366.19
204517,2025,4,46366.19
204517,2025,5,46366.19
204517,2025,6,46366.19
204517,2025,7,46366.19
204517,2025,8,46366.19
204517,2025,9,46366.19
204517,2025,10,46366.19
204517,2025,11,46366.19
204517,2025,12,46366.19
204517,2026,1,46366.19
204517,2026,2,46366.19
204517,2026,3,46366.19
204517,2026,4,46366.19
204517,2026,5,46366.19
204517,2026,6,46366.19
204517,2026,7,46366.19
204517,2026,8,46366.19
204517,2026,9,46366.19
204518,2023,1,39293.32
204518,2023,2,39293.32
204518,2023,3,39293.32
204518,2023,4,41650.92
204518,2023,5,41650.92
204518,2023,6,41650.92
204518,2023,7,41650.92
204518,2023,8,41650.92
204518,2023,9,41650.92
204518,2023,10,41650.92
204518,2023,11,41650.92
204518,2023,12,41650.92
204518,2024,1,41650.92
204518,2024,2,44008.52
204518,2024,3,44008.52
204518,2024,4,44008.52
204518,2024,5,44008.52
204518,2024,6,44008.52
204518,2024,7,44008.52
204518,2024,8,44008.52
204518,2024,9,44008.52
204518,2024,10,44008.52
204518,2024,11,44008.52
204518,2024,12,44008.52
204518,2025,1,44008.52
204518,2025,2,46366.19
204518,2025,3,46366.19
204518,2025,4,46366.19
204518,2025,5,46366.19
204518,2025,6,46366.19
204518,2025,7,46366.19
204518,2025,8,46366.19
204518,2025,9,46366.19
204518,2025,10,46366.19
204518,2025,11,46366.19
204518,2025,12,46366.19
204518,2026,1,46366.19
204518,2026,2,46366.19
204518,2026,3,46366.19
204518,2026,4,46366.19
204518,2026,5,46366.19
204518,2026,6,46366.19
204518,2026,7,46366.19
204518,2026,8,46366.19
204518,2026,9,46366.19
204520,2023,1,39293.32
204520,2023,2,39293.32
204520,2023,3,39293.32
204520,2023,4,41650.92
204520,2023,5,41650.92
204520,2023,6,41650.92
204520,2023,7,41650.92
204520,2023,8,41650.92
204520,2023,9,41650.92
204520,2023,10,41650.92
204520,2023,11,41650.92
204520,2023,12,41650.92
204520,2024,1,41650.92
204520,2024,2,44008.52
204520,2024,3,44008.52
204520,2024,4,44008.52
204520,2024,5,44008.52
204520,2024,6,44008.52
204520,2024,7,13202.56
204520,2024,11,33739.87
204520,2024,12,44008.52
204520,2025,1,44008.52
204520,2025,2,46366.19
204520,2025,3,46366.19
204520,2025,4,46366.19
204520,2025,5,46366.19
204520,2025,6,46366.19
204520,2025,7,46366.19
204520,2025,8,46366.19
204520,2025,9,46366.19
204520,2025,10,46366.19
204520,2025,11,46366.19
204520,2025,12,46366.19
204520,2026,1,46366.19
204520,2026,2,46366.19
204520,2026,3,46366.19
204520,2026,4,46366.19
204520,2026,5,46366.19
204520,2026,6,46366.19
204520,2026,7,46366.19
204520,2026,8,46366.19
204520,2026,9,46366.19
204522,2023,1,39293.32
204522,2023,2,39293.32
204522,2023,3,39293.32
204522,2023,4,41650.92
204522,2023,5,41650.92
204522,2023,6,41650.92
204522,2023,7,41650.92
204522,2023,8,41650.92
204522,2023,9,41650.92
204522,2023,10,9582.28
204524,2023,1,39293.32
204524,2023,2,39293.32
204524,2023,3,39293.32
204524,2023,4,41650.92
204524,2023,5,41650.92
204524,2023,6,41650.92
204524,2023,7,41650.92
204524,2023,8,41650.92
204524,2023,9,41650.92
204524,2023,10,41650.92
204524,2023,11,41650.92
204524,2023,12,41650.92
204524,2024,1,41650.92
204524,2024,2,44008.52
204524,2024,3,44008.52
204524,2024,4,44008.52
204524,2024,5,44008.52
204524,2024,6,44008.52
204524,2024,7,44008.52
204524,2024,8,44008.52
204524,2024,9,44008.52
204524,2024,10,44008.52
204524,2024,11,44008.52
204524,2024,12,44008.52
204524,2025,1,44008.52
204524,2025,2,46366.19
204524,2025,3,46366.19
204524,2025,4,46366.19
204524,2025,5,46366.19
204524,2025,6,46366.19
204524,2025,7,46366.19
204524,2025,8,46366.19
204524,2025,9,46366.19
204524,2025,10,46366.19
204524,2025,11,46366.19
204524,2025,12,46366.19
204524,2026,1,46366.19
204524,2026,2,46366.19
204524,2026,3,46366.19
204524,2026,4,46366.19
204524,2026,5,46366.19
204524,2026,6,46366.19
204524,2026,7,46366.19
204524,2026,8,46366.19
204524,2026,9,46366.19
204525,2023,1,39293.32
204525,2023,2,39293.32
204525,2023,3,39293.32
204525,2023,4,41650.92
204525,2023,5,41650.92
204525,2023,6,41650.92
204525,2023,7,41650.92
204525,2023,8,41650.92
204525,2023,9,41650.92
204525,2023,10,41650.92
204525,2023,11,41650.92
204525,2023,12,41650.92
204525,2024,1,41650.92
204525,2024,2,44008.52
204525,2024,3,44008.52
204525,2024,4,44008.52
204525,2024,5,44008.52
204525,2024,6,44008.52
204525,2024,7,44008.52
204525,2024,8,44008.52
204525,2024,9,44008.52
204525,2024,10,44008.52
204525,2024,11,44008.52
204525,2024,12,44008.52
204525,2025,1,44008.52
204525,2025,2,46366.19
204525,2025,3,46366.19
204525,2025,4,46366.19
204525,2025,5,46366.19
204525,2025,6,46366.19
204525,2025,7,46366.19
204525,2025,8,46366.19
204525,2025,9,46366.19
204525,2025,10,46366.19
204525,2025,11,46366.19
204525,2025,12,46366.19
204525,2026,1,46366.19
204525,2026,2,46366.19
204525,2026,3,46366.19
204525,2026,4,46366.19
204525,2026,5,46366.19
204525,2026,6,46366.19
204525,2026,7,46366.19
204525,2026,8,46366.19
204525,2026,9,46366.19
204526,2023,1,39293.32
204526,2023,2,39293.32
204526,2023,3,39293.32
204526,2023,4,41650.92
204526,2023,5,41650.92
204526,2023,6,41650.92
204526,2023,7,41650.92
204526,2023,8,41650.92
204526,2023,9,41650.92
204526,2023,10,41650.92
204526,2023,11,41650.92
204526,2023,12,41650.92
204526,2024,1,41650.92
204526,2024,2,44008.52
204526,2024,3,44008.52
204526,2024,4,44008.52
204526,2024,5,44008.52
204526,2024,6,44008.52
204526,2024,7,44008.52
204526,2024,8,44008.52
204526,2024,9,44008.52
204526,2024,10,44008.52
204526,2024,11,44008.52
204526,2024,12,44008.52
204526,2025,1,44008.52
204526,2025,2,46366.19
204526,2025,3,46366.19
204526,2025,4,46366.19
204526,2025,5,46366.19
204526,2025,6,46366.19
204526,2025,7,46366.19
204526,2025,8,46366.19
204526,2025,9,46366.19
204526,2025,10,46366.19
204526,2025,11,46366.19
204526,2025,12,46366.19
204526,2026,1,46366.19
204526,2026,2,46366.19
204526,2026,3,46366.19
204526,2026,4,46366.19
204526,2026,5,46366.19
204526,2026,6,46366.19
204526,2026,7,46366.19
204526,2026,8,46366.19
204526,2026,9,46366.19
204528,2023,1,39293.32
204528,2023,2,39293.32
204528,2023,3,39293.32
204528,2023,4,41650.92
204528,2023,5,41650.92
204528,2023,6,41650.92
204528,2023,7,41650.92
204528,2023,8,41650.92
204528,2023,9,41650.92
204528,2023,10,41650.92
204528,2023,11,41650.92
204528,2023,12,41650.92
204528,2024,1,41650.92
204528,2024,2,44008.52
204528,2024,3,44008.52
204528,2024,4,44008.52
204528,2024,5,44008.52
204528,2024,6,44008.52
204528,2024,7,44008.52
204528,2024,8,44008.52
204528,2024,9,44008.52
204528,2024,10,44008.52
204528,2024,11,44008.52
204528,2024,12,44008.52
204528,2025,1,44008.52
204528,2025,2,46366.19
204528,2025,3,46366.19
204528,2025,4,46366.19
204528,2025,5,46366.19
204528,2025,6,46366.19
204528,2025,7,46366.19
204528,2025,8,46366.19
204528,2025,9,46366.19
204528,2025,10,46366.19
204528,2025,11,46366.19
204528,2025,12,46366.19
204528,2026,1,46366.19
204528,2026,2,46366.19
204528,2026,3,46366.19
204528,2026,4,46366.19
204528,2026,5,46366.19
204528,2026,6,46366.19
204528,2026,7,46366.19
204528,2026,8,46366.19
204528,2026,9,46366.19
204531,2023,1,39293.32
204531,2023,2,39293.32
204531,2023,3,39293.32
204531,2023,4,41650.92
204531,2023,5,41650.92
204531,2023,6,41650.92
204531,2023,7,41650.92
204531,2023,8,41650.92
204531,2023,9,41650.92
204531,2023,10,41650.92
204531,2023,11,41650.92
204531,2023,12,41650.92
204531,2024,1,41650.92
204531,2024,2,44008.52
204531,2024,3,44008.52
204531,2024,4,44008.52
204531,2024,5,44008.52
204531,2024,6,44008.52
204531,2024,7,44008.52
204531,2024,8,44008.52
204531,2024,9,44008.52
204531,2024,10,44008.52
204531,2024,11,44008.52
204531,2024,12,44008.52
204531,2025,1,44008.52
204531,2025,2,46366.19
204531,2025,3,46366.19
204531,2025,4,46366.19
204531,2025,5,46366.19
204531,2025,6,46366.19
204531,2025,7,46366.19
204531,2025,8,46366.19
204531,2025,9,46366.19
204531,2025,10,46366.19
204531,2025,11,46366.19
204531,2025,12,46366.19
204531,2026,1,46366.19
204531,2026,2,46366.19
204531,2026,3,46366.19
204531,2026,4,46366.19
204531,2026,5,46366.19
204531,2026,6,46366.19
204531,2026,7,46366.19
204531,2026,8,46366.19
204531,2026,9,46366.19
204533,2023,1,39293.32
204533,2023,2,39293.32
204533,2023,3,39293.32
204533,2023,4,41650.92
204533,2023,5,41650.92
204533,2023,6,41650.92
204533,2023,7,41650.92
204533,2023,8,41650.92
204533,2023,9,41650.92
204533,2023,10,41650.92
204533,2023,11,41650.92
204533,2023,12,41650.92
204533,2024,1,41650.92
204533,2024,2,44008.52
204533,2024,3,44008.52
204533,2024,4,44008.52
204533,2024,5,44008.52
204533,2024,6,44008.52
204533,2024,7,44008.52
204533,2024,8,44008.52
204533,2024,9,44008.52
204533,2024,10,44008.52
204533,2024,11,44008.52
204533,2024,12,44008.52
204533,2025,1,44008.52
204533,2025,2,46366.19
204533,2025,3,46366.19
204533,2025,4,46366.19
204533,2025,5,46366.19
204533,2025,6,46366.19
204533,2025,7,46366.19
204533,2025,8,46366.19
204533,2025,9,46366.19
204533,2025,10,46366.19
204533,2025,11,46366.19
204533,2025,12,46366.19
204533,2026,1,46366.19
204533,2026,2,46366.19
204533,2026,3,46366.19
204533,2026,4,46366.19
204533,2026,5,46366.19
204533,2026,6,46366.19
204533,2026,7,46366.19
204533,2026,8,46366.19
204533,2026,9,46366.19
204534,2023,1,39293.32
204534,2023,2,39293.32
204534,2023,3,39293.32
204534,2023,4,41650.92
204534,2023,5,41650.92
204534,2023,6,41650.92
204534,2023,7,41650.92
204534,2023,8,41650.92
204534,2023,9,41650.92
204534,2023,10,41650.92
204534,2023,11,41650.92
204534,2023,12,41650.92
204534,2024,1,41650.92
204534,2024,2,44008.52
204534,2024,3,44008.52
204534,2024,4,44008.52
204534,2024,5,44008.52
204534,2024,6,44008.52
204534,2024,7,44008.52
204534,2024,8,44008.52
204534,2024,9,44008.52
204534,2024,10,44008.52
204534,2024,11,44008.52
204534,2024,12,44008.52
204534,2025,1,44008.52
204534,2025,2,46366.19
204534,2025,3,46366.19
204534,2025,4,46366.19
204534,2025,5,46366.19
204534,2025,6,46366.19
204534,2025,7,46366.19
204534,2025,8,46366.19
204534,2025,9,46366.19
204534,2025,10,46366.19
204534,2025,11,46366.19
204534,2025,12,46366.19
204534,2026,1,46366.19
204534,2026,2,46366.19
204534,2026,3,46366.19
204534,2026,4,46366.19
204534,2026,5,46366.19
204534,2026,6,46366.19
204534,2026,7,46366.19
204534,2026,8,46366.19
204534,2026,9,46366.19
204535,2023,1,39293.32
204535,2023,2,39293.32
204535,2023,3,39293.32
204535,2023,4,41650.92
204535,2023,5,41650.92
204535,2023,6,41650.92
204535,2023,7,41650.92
204535,2023,8,41650.92
204535,2023,9,41650.92
204535,2023,10,41650.92
204535,2023,11,41650.92
204535,2023,12,41650.92
204535,2024,1,41650.92
204535,2024,2,44008.52
204535,2024,3,44008.52
204535,2024,4,44008.52
204535,2024,5,44008.52
204535,2024,6,44008.52
204535,2024,7,44008.52
204535,2024,8,44008.52
204535,2024,9,44008.52
204535,2024,10,44008.52
204535,2024,11,44008.52
204535,2024,12,44008.52
204535,2025,1,44008.52
204535,2025,2,46366.19
204535,2025,3,46366.19
204535,2025,4,46366.19
204535,2025,5,46366.19
204535,2025,6,46366.19
204535,2025,7,46366.19
204535,2025,8,46366.19
204535,2025,9,46366.19
204535,2025,10,46366.19
204535,2025,11,46366.19
204535,2025,12,46366.19
204535,2026,1,46366.19
204535,2026,2,46366.19
204535,2026,3,46366.19
204535,2026,4,46366.19
204535,2026,5,46366.19
204535,2026,6,46366.19
204535,2026,7,46366.19
204535,2026,8,46366.19
204535,2026,9,46366.19
204536,2023,1,39293.32
204536,2023,2,39293.32
204536,2023,3,39293.32
204536,2023,4,41650.92
204536,2023,5,41650.92
204536,2023,6,41650.92
204536,2023,7,41650.92
204536,2023,8,41650.92
204536,2023,9,41650.92
204536,2023,10,41650.92
204536,2023,11,41650.92
204536,2023,12,41650.92
204536,2024,1,41650.92
204536,2024,2,44008.52
204536,2024,3,44008.52
204536,2024,4,44008.52
204536,2024,5,44008.52
204536,2024,6,44008.52
204536,2024,7,44008.52
204536,2024,8,44008.52
204536,2024,9,44008.52
204536,2024,10,44008.52
204536,2024,11,44008.52
204536,2024,12,44008.52
204536,2025,1,44008.52
204536,2025,2,46366.19
204536,2025,3,46366.19
204536,2025,4,46366.19
204536,2025,5,46366.19
204536,2025,6,46366.19
204536,2025,7,46366.19
204536,2025,8,46366.19
204536,2025,9,46366.19
204536,2025,10,46366.19
204536,2025,11,46366.19
204536,2025,12,46366.19
204536,2026,1,46366.19
204536,2026,2,46366.19
204536,2026,3,46366.19
204536,2026,4,46366.19
204536,2026,5,46366.19
204536,2026,6,46366.19
204536,2026,7,46366.19
204536,2026,8,46366.19
204536,2026,9,46366.19
204539,2023,1,39293.32
204539,2023,2,39293.32
204539,2023,3,39293.32
204539,2023,4,41650.92
204539,2023,5,41650.92
204539,2023,6,41650.92
204539,2023,7,41650.92
204539,2023,8,41650.92
204539,2023,9,41650.92
204539,2023,10,41650.92
204539,2023,11,41650.92
204539,2023,12,41650.92
204539,2024,1,41650.92
204539,2024,2,44008.52
204539,2024,3,44008.52
204539,2024,4,44008.52
204539,2024,5,44008.52
204539,2024,6,44008.52
204539,2024,7,44008.52
204539,2024,8,44008.52
204539,2024,9,44008.52
204539,2024,10,44008.52
204539,2024,11,44008.52
204539,2024,12,44008.52
204539,2025,1,44008.52
204539,2025,2,46366.19
204539,2025,3,46366.19
204539,2025,4,46366.19
204539,2025,5,46366.19
204539,2025,6,46366.19
204539,2025,7,46366.19
204539,2025,8,46366.19
204539,2025,9,46366.19
204539,2025,10,46366.19
204539,2025,11,46366.19
204539,2025,12,46366.19
204539,2026,1,46366.19
204539,2026,2,46366.19
204539,2026,3,46366.19
204539,2026,4,46366.19
204539,2026,5,46366.19
204539,2026,6,46366.19
204539,2026,7,46366.19
204539,2026,8,46366.19
204539,2026,9,46366.19
204540,2023,1,39293.32
204540,2023,2,39293.32
204540,2023,3,39293.32
204540,2023,4,41650.92
204540,2023,5,41650.92
204540,2023,6,41650.92
204540,2023,7,41650.92
204540,2023,8,41650.92
204540,2023,9,41650.92
204540,2023,10,41650.92
204540,2023,11,41650.92
204540,2023,12,41650.92
204540,2024,1,41650.92
204540,2024,2,44008.52
204540,2024,3,44008.52
204540,2024,4,44008.52
204540,2024,5,44008.52
204540,2024,6,44008.52
204540,2024,7,44008.52
204540,2024,8,44008.52
204540,2024,9,44008.52
204540,2024,10,44008.52
204540,2024,11,44008.52
204540,2024,12,44008.52
204540,2025,1,44008.52
204540,2025,2,46366.19
204540,2025,3,46366.19
204540,2025,4,46366.19
204540,2025,5,46366.19
204540,2025,6,46366.19
204540,2025,7,46366.19
204540,2025,8,46366.19
204540,2025,9,46366.19
204540,2025,10,46366.19
204540,2025,11,46366.19
204540,2025,12,46366.19
204540,2026,1,46366.19
204540,2026,2,46366.19
204540,2026,3,46366.19
204540,2026,4,46366.19
204540,2026,5,46366.19
204540,2026,6,46366.19
204540,2026,7,46366.19
204540,2026,8,46366.19
204540,2026,9,46366.19
204541,2023,1,39293.32
204541,2023,2,39293.32
204541,2023,3,39293.32
204541,2023,4,41650.92
204541,2023,5,41650.92
204541,2023,6,2776.73
204541,2023,10,41650.92
204541,2023,11,41650.92
204541,2023,12,41650.92
204541,2024,1,41650.92
204541,2024,2,44008.52
204541,2024,3,44008.52
204541,2024,4,44008.52
204541,2024,5,44008.52
204541,2024,6,44008.52
204541,2024,7,44008.52
204541,2024,8,44008.52
204541,2024,9,44008.52
204541,2024,10,44008.52
204541,2024,11,44008.52
204541,2024,12,44008.52
204541,2025,1,44008.52
204541,2025,2,46366.19
204541,2025,3,46366.19
204541,2025,4,46366.19
204541,2025,5,46366.19
204541,2025,6,46366.19
204541,2025,7,46366.19
204541,2025,8,46366.19
204541,2025,9,46366.19
204541,2025,10,46366.19
204541,2025,11,46366.19
204541,2025,12,46366.19
204541,2026,1,46366.19
204541,2026,2,46366.19
204541,2026,3,46366.19
204541,2026,4,46366.19
204541,2026,5,46366.19
204541,2026,6,46366.19
204541,2026,7,46366.19
204541,2026,8,46366.19
204541,2026,9,46366.19
204549,2023,1,39293.32
204549,2023,2,39293.32
204549,2023,3,39293.32
204549,2023,4,41650.92
204549,2023,5,41650.92
204549,2023,6,41650.92
204549,2023,7,41650.92
204549,2023,8,41650.92
204549,2023,9,41650.92
204549,2023,10,41650.92
204549,2023,11,41650.92
204549,2023,12,41650.92
204549,2024,1,41650.92
204549,2024,2,44008.52
204549,2024,3,44008.52
204549,2024,4,44008.52
204549,2024,5,44008.52
204549,2024,6,44008.52
204549,2024,7,44008.52
204549,2024,8,44008.52
204549,2024,9,44008.52
204549,2024,10,44008.52
204549,2024,11,44008.52
204549,2024,12,44008.52
204549,2025,1,44008.52
204549,2025,2,46366.19
204549,2025,3,46366.19
204549,2025,4,46366.19
204549,2025,5,46366.19
204549,2025,6,46366.19
204549,2025,7,46366.19
204549,2025,8,46366.19
204549,2025,9,46366.19
204549,2025,10,46366.19
204549,2025,11,46366.19
204549,2025,12,46366.19
204549,2026,1,46366.19
204549,2026,2,46366.19
204549,2026,3,46366.19
204549,2026,4,46366.19
204549,2026,5,46366.19
204549,2026,6,46366.19
204549,2026,7,46366.19
204549,2026,8,46366.19
204549,2026,9,46366.19
204550,2023,1,39293.32
204550,2023,2,39293.32
204550,2023,3,39293.32
204550,2023,4,41650.92
204550,2023,5,41650.92
204550,2023,6,41650.92
204550,2023,7,41650.92
204550,2023,8,41650.92
204550,2023,9,41650.92
204550,2023,10,41650.92
204550,2023,11,41650.92
204550,2023,12,41650.92
204550,2024,1,41650.92
204550,2024,2,44008.52
204550,2024,3,44008.52
204550,2024,4,44008.52
204550,2024,5,44008.52
204550,2024,6,44008.52
204550,2024,7,44008.52
204550,2024,8,44008.52
204550,2024,9,27872.06
204550,2024,10,925.3
204550,2024,11,0.0
204550,2025,1,19070.36
204550,2025,2,46366.19
204550,2025,3,46366.19
204550,2025,4,46366.19
204550,2025,5,46366.19
204550,2025,6,46366.19
204550,2025,7,46366.19
204550,2025,8,46366.19
204550,2025,9,46366.19
204550,2025,10,46366.19
204550,2025,11,46366.19
204550,2025,12,46366.19
204550,2026,1,46366.19
204550,2026,2,46366.19
204550,2026,3,46366.19
204550,2026,4,46366.19
204550,2026,5,46366.19
204550,2026,6,46366.19
204550,2026,7,46366.19
204550,2026,8,46366.19
204550,2026,9,46366.19
204553,2023,1,39293.32
204553,2023,2,39293.32
204553,2023,3,39293.32
204553,2023,4,41650.92
204553,2023,5,41650.92
204553,2023,6,41650.92
204553,2023,7,41650.92
204553,2023,8,41650.92
204553,2023,9,41650.92
204553,2023,10,41650.92
204553,2023,11,41650.92
204553,2023,12,41650.92
204553,2024,1,41650.92
204553,2024,2,44008.52
204553,2024,3,44008.52
204553,2024,4,44008.52
204553,2024,5,44008.52
204553,2024,6,44008.52
204553,2024,7,44008.52
204553,2024,8,44008.52
204553,2024,9,44008.52
204553,2024,10,44008.52
204553,2024,11,44008.52
204553,2024,12,44008.52
204553,2025,1,44008.52
204553,2025,2,46366.19
204553,2025,3,46366.19
204553,2025,4,46366.19
204553,2025,5,46366.19
204553,2025,6,46366.19
204553,2025,7,46366.19
204553,2025,8,46366.19
204553,2025,9,46366.19
204553,2025,10,46366.19
204553,2025,11,46366.19
204553,2025,12,46366.19
204553,2026,1,46366.19
204553,2026,2,46366.19
204553,2026,3,46366.19
204553,2026,4,46366.19
204553,2026,5,46366.19
204553,2026,6,46366.19
204553,2026,7,46366.19
204553,2026,8,46366.19
204553,2026,9,46366.19
204557,2023,1,39293.32
204557,2023,2,39293.32
204557,2023,3,39293.32
204557,2023,4,41650.92
204557,2023,5,41650.92
204557,2023,6,41650.92
204557,2023,7,41650.92
204557,2023,8,41650.92
204557,2023,9,41650.92
204557,2023,10,41650.92
204557,2023,11,41650.92
204557,2023,12,41650.92
204557,2024,1,41650.92
204557,2024,2,44008.52
204557,2024,3,44008.52
204557,2024,4,44008.52
204557,2024,5,44008.52
204557,2024,6,44008.52
204557,2024,7,44008.52
204557,2024,8,44008.52
204557,2024,9,44008.52
204557,2024,10,44008.52
204557,2024,11,44008.52
204557,2024,12,44008.52
204557,2025,1,44008.52
204557,2025,2,46366.19
204557,2025,3,46366.19
204557,2025,4,46366.19
204557,2025,5,46366.19
204557,2025,6,46366.19
204557,2025,7,46366.19
204557,2025,8,46366.19
204557,2025,9,46366.19
204557,2025,10,46366.19
204557,2025,11,46366.19
204557,2025,12,46366.19
204557,2026,1,46366.19
204557,2026,2,46366.19
204557,2026,3,46366.19
204557,2026,4,46366.19
204557,2026,5,46366.19
204557,2026,6,46366.19
204557,2026,7,46366.19
204557,2026,8,46366.19
204557,2026,9,46366.19
204558,2023,1,39293.32
204558,2023,8,5950.13
204558,2023,9,5950.13
204558,2023,10,5950.13
204558,2023,11,5950.13
204558,2023,12,5950.13
204558,2024,1,5950.13
204558,2024,2,6286.93
204558,2024,3,6286.93
204558,2024,4,6286.93
204558,2024,5,6286.93
204558,2024,6,6286.93
204558,2024,7,6286.93
204558,2024,8,6286.93
204558,2024,9,6286.93
204558,2024,10,6286.93
204558,2024,11,6286.93
204558,2024,12,6286.93
204558,2025,1,6286.93
204558,2025,2,6623.74
204558,2025,3,6623.74
204558,2025,4,6623.74
204558,2025,5,6623.74
204558,2025,6,6623.74
204558,2025,7,6623.74
204558,2025,8,6623.74
204558,2025,9,6623.74
204558,2025,10,6623.74
204558,2025,11,6623.74
204558,2025,12,6623.74
204558,2026,1,6623.74
204558,2026,2,6623.74
204558,2026,3,6623.74
204558,2026,4,35547.41
204558,2026,5,46366.19
204558,2026,6,46366.19
204558,2026,7,46366.19
204558,2026,8,46366.19
204558,2026,9,46366.19
204559,2023,1,39293.32
204559,2023,2,39293.32
204559,2023,3,39293.32
204559,2023,4,41650.92
204559,2023,5,41650.92
204559,2023,6,41650.92
204559,2023,7,41650.92
204559,2023,8,41650.92
204559,2023,9,41650.92
204559,2023,10,41650.92
204559,2023,11,41650.92
204559,2023,12,41650.92
204559,2024,1,41650.92
204559,2024,2,44008.52
204559,2024,3,44008.52
204559,2024,4,44008.52
204559,2024,5,44008.52
204559,2024,6,44008.52
204559,2024,7,44008.52
204559,2024,8,1528.07
204559,2024,9,0.0
204559,2024,11,16136.46
204559,2024,12,44008.52
204559,2025,1,44008.52
204559,2025,2,46366.19
204559,2025,3,46366.19
204559,2025,4,46366.19
204559,2025,5,46366.19
204559,2025,6,46366.19
204559,2025,7,46366.19
204559,2025,8,46366.19
204559,2025,9,46366.19
204559,2025,10,46366.19
204559,2025,11,46366.19
204559,2025,12,46366.19
204559,2026,1,46366.19
204559,2026,2,46366.19
204559,2026,3,46366.19
204559,2026,4,46366.19
204559,2026,5,46366.19
204559,2026,6,46366.19
204559,2026,7,46366.19
204559,2026,8,46366.19
204559,2026,9,46366.19
204560,2023,1,39293.32
204560,2023,2,39293.32
204560,2023,3,39293.32
204560,2023,4,41650.92
204560,2023,5,41650.92
204560,2023,6,41650.92
204560,2023,7,41650.92
204560,2023,8,41650.92
204560,2023,9,41650.92
204560,2023,10,41650.92
204560,2023,11,41650.92
204560,2023,12,41650.92
204560,2024,1,41650.92
204560,2024,2,44008.52
204560,2024,3,44008.52
204560,2024,4,44008.52
204560,2024,5,44008.52
204560,2024,6,44008.52
204560,2024,7,44008.52
204560,2024,8,44008.52
204560,2024,9,44008.52
204560,2024,10,44008.52
204560,2024,11,44008.52
204560,2024,12,44008.52
204560,2025,1,44008.52
204560,2025,2,46366.19
204560,2025,3,46366.19
204560,2025,4,46366.19
204560,2025,5,46366.19
204560,2025,6,46366.19
204560,2025,7,46366.19
204560,2025,8,46366.19
204560,2025,9,46366.19
204560,2025,10,46366.19
204560,2025,11,46366.19
204560,2025,12,46366.19
204560,2026,1,46366.19
204560,2026,2,46366.19
204560,2026,3,46366.19
204560,2026,4,46366.19
204560,2026,5,46366.19
204560,2026,6,46366.19
204560,2026,7,46366.19
204560,2026,8,46366.19
204560,2026,9,46366.19
204563,2023,1,39293.32
204563,2023,2,39293.32
204563,2023,3,39293.32
204563,2023,4,41650.92
204563,2023,5,41650.92
204563,2023,6,41650.92
204563,2023,7,41650.92
204563,2023,8,41650.92
204563,2023,9,41650.92
204563,2023,10,41650.92
204563,2023,11,41650.92
204563,2023,12,8330.18
204563,2024,4,38140.72
204563,2024,5,44008.52
204563,2024,6,44008.52
204563,2024,7,44008.52
204563,2024,8,44008.52
204563,2024,9,44008.52
204563,2024,10,44008.52
204563,2024,11,44008.52
204563,2024,12,44008.52
204563,2025,1,44008.52
204563,2025,2,46366.19
204563,2025,3,46366.19
204563,2025,4,46366.19
204563,2025,5,46366.19
204563,2025,6,46366.19
204563,2025,7,46366.19
204563,2025,8,46366.19
204563,2025,9,46366.19
204563,2025,10,46366.19
204563,2025,11,46366.19
204563,2025,12,46366.19
204563,2026,1,46366.19
204563,2026,2,15455.4
204563,2026,6,30910.79
204563,2026,7,46366.19
204563,2026,8,46366.19
204563,2026,9,46366.19
204566,2023,1,39293.32
204566,2023,2,39293.32
204566,2023,3,39293.32
204566,2023,4,41650.92
204566,2023,5,41650.92
204566,2023,6,41650.92
204566,2023,7,41650.92
204566,2023,8,41650.92
204566,2023,9,41650.92
204566,2023,10,41650.92
204566,2023,11,41650.92
204566,2023,12,41650.92
204566,2024,1,232.43
204566,2024,4,17603.41
204566,2024,5,44008.52
204566,2024,6,44008.52
204566,2024,7,44008.52
204566,2024,8,44008.52
204566,2024,9,44008.52
204566,2024,10,44008.52
204566,2024,11,44008.52
204566,2024,12,44008.52
204566,2025,1,44008.52
204566,2025,2,46366.19
204566,2025,3,46366.19
204566,2025,4,46366.19
204566,2025,5,46366.19
204566,2025,6,46366.19
204566,2025,7,46366.19
204566,2025,8,46366.19
204566,2025,9,46366.19
204566,2025,10,46366.19
204566,2025,11,46366.19
204566,2025,12,46366.19
204566,2026,1,46366.19
204566,2026,2,7727.7
204566,2026,6,38638.49
204566,2026,7,46366.19
204566,2026,8,46366.19
204566,2026,9,46366.19
204567,2023,1,39293.32
204567,2023,2,39293.32
204567,2023,3,39293.32
204567,2023,4,41650.92
204567,2023,5,41650.92
204567,2023,6,41650.92
204567,2023,7,41650.92
204567,2023,8,41650.92
204567,2023,9,41650.92
204567,2023,10,41650.92
204567,2023,11,41650.92
204567,2023,12,41650.92
204567,2024,1,41650.92
204567,2024,2,44008.52
204567,2024,3,44008.52
204567,2024,4,44008.52
204567,2024,5,44008.52
204567,2024,6,44008.52
204567,2024,7,44008.52
204567,2024,8,44008.52
204567,2024,9,44008.52
204567,2024,10,44008.52
204567,2024,11,44008.52
204567,2024,12,44008.52
204567,2025,1,44008.52
204567,2025,2,46366.19
204567,2025,3,46366.19
204567,2025,4,46366.19
204567,2025,5,46366.19
204567,2025,6,46366.19
204567,2025,7,46366.19
204567,2025,8,46366.19
204567,2025,9,46366.19
204567,2025,10,46366.19
204567,2025,11,46366.19
204567,2025,12,46366.19
204567,2026,1,46366.19
204567,2026,2,46366.19
204567,2026,3,46366.19
204567,2026,4,46366.19
204567,2026,5,46366.19
204567,2026,6,46366.19
204567,2026,7,46366.19
204567,2026,8,46366.19
204567,2026,9,46366.19
204570,2023,1,39293.32
204570,2023,2,39293.32
204570,2023,3,39293.32
204570,2023,4,41650.92
204570,2023,5,41650.92
204570,2023,6,41650.92
204570,2023,7,41650.92
204570,2023,8,41650.92
204570,2023,9,41650.92
204570,2023,10,41650.92
204570,2023,11,41650.92
204570,2023,12,9718.55
204570,2024,4,36673.77
204570,2024,5,44008.52
204570,2024,6,44008.52
204570,2024,7,44008.52
204570,2024,8,44008.52
204570,2024,9,44008.52
204570,2024,10,44008.52
204570,2024,11,44008.52
204570,2024,12,44008.52
204570,2025,1,44008.52
204570,2025,2,46366.19
204570,2025,3,46366.19
204570,2025,4,46366.19
204570,2025,5,46366.19
204570,2025,6,46366.19
204570,2025,7,46366.19
204570,2025,8,46366.19
204570,2025,9,46366.19
204570,2025,10,46366.19
204570,2025,11,46366.19
204570,2025,12,46366.19
204570,2026,1,46366.19
204570,2026,2,46366.19
204570,2026,3,46366.19
204570,2026,4,46366.19
204570,2026,5,46366.19
204570,2026,6,46366.19
204570,2026,7,46366.19
204570,2026,8,46366.19
204570,2026,9,46366.19
204571,2023,1,39293.32
204571,2023,2,39293.32
204571,2023,3,39293.32
204571,2023,4,41650.92
204571,2023,5,41650.92
204571,2023,6,41650.92
204571,2023,7,41650.92
204571,2023,8,41650.92
204571,2023,9,41650.92
204571,2023,10,41650.92
204571,2023,11,41650.92
204571,2023,12,41650.92
204571,2024,1,41650.92
204571,2024,2,44008.52
204571,2024,3,44008.52
204571,2024,4,44008.52
204571,2024,5,44008.52
204571,2024,6,44008.52
204571,2024,7,44008.52
204571,2024,8,44008.52
204571,2024,9,44008.52
204571,2024,10,44008.52
204571,2024,11,44008.52
204571,2024,12,44008.52
204571,2025,1,44008.52
204571,2025,2,46366.19
204571,2025,3,46366.19
204571,2025,4,46366.19
204571,2025,5,46366.19
204571,2025,6,46366.19
204571,2025,7,46366.19
204571,2025,8,46366.19
204571,2025,9,46366.19
204571,2025,10,46366.19
204571,2025,11,46366.19
204571,2025,12,46366.19
204571,2026,1,46366.19
204571,2026,2,46366.19
204571,2026,3,46366.19
204571,2026,4,46366.19
204571,2026,5,46366.19
204571,2026,6,46366.19
204571,2026,7,46366.19
204571,2026,8,46366.19
204571,2026,9,46366.19
204572,2023,1,39293.32
204572,2023,2,39293.32
204572,2023,3,39293.32
204572,2023,4,41650.92
204572,2023,5,41650.92
204572,2023,6,41650.92
204572,2023,7,41650.92
204572,2023,8,41650.92
204572,2023,9,41650.92
204572,2023,10,41650.92
204572,2023,11,41650.92
204572,2023,12,41650.92
204572,2024,1,41650.92
204572,2024,2,44008.52
204572,2024,3,44008.52
204572,2024,4,44008.52
204572,2024,5,44008.52
204572,2024,6,44008.52
204572,2024,7,44008.52
204572,2024,8,44008.52
204572,2024,9,44008.52
204572,2024,10,44008.52
204572,2024,11,44008.52
204572,2024,12,44008.52
204572,2025,1,44008.52
204572,2025,2,46366.19
204572,2025,3,46366.19
204572,2025,4,46366.19
204572,2025,5,46366.19
204572,2025,6,46366.19
204572,2025,7,46366.19
204572,2025,8,46366.19
204572,2025,9,46366.19
204572,2025,10,46366.19
204572,2025,11,46366.19
204572,2025,12,46366.19
204572,2026,1,46366.19
204572,2026,2,46366.19
204572,2026,3,46366.19
204572,2026,4,46366.19
204572,2026,5,46366.19
204572,2026,6,46366.19
204572,2026,7,46366.19
204572,2026,8,46366.19
204572,2026,9,46366.19
204573,2023,1,39293.32
204573,2023,2,39293.32
204573,2023,3,39293.32
204573,2023,4,41650.92
204573,2023,5,41650.92
204573,2023,6,41650.92
204573,2023,7,41650.92
204573,2023,8,41650.92
204573,2023,9,41650.92
204573,2023,10,41650.92
204573,2023,11,41650.92
204573,2023,12,41650.92
204573,2024,1,41650.92
204573,2024,2,44008.52
204573,2024,3,44008.52
204573,2024,4,44008.52
204573,2024,5,44008.52
204573,2024,6,44008.52
204573,2024,7,44008.52
204573,2024,8,44008.52
204573,2024,9,44008.52
204573,2024,10,44008.52
204573,2024,11,44008.52
204573,2024,12,44008.52
204573,2025,1,44008.52
204573,2025,2,46366.19
204573,2025,3,46366.19
204573,2025,4,46366.19
204573,2025,5,46366.19
204573,2025,6,46366.19
204573,2025,7,46366.19
204573,2025,8,46366.19
204573,2025,9,46366.19
204573,2025,10,46366.19
204573,2025,11,46366.19
204573,2025,12,46366.19
204573,2026,1,19674.72
204574,2023,1,39293.32
204574,2023,2,39293.32
204574,2023,3,39293.32
204574,2023,4,41650.92
204574,2023,5,41650.92
204574,2023,6,41650.92
204574,2023,7,41650.92
204574,2023,8,41650.92
204574,2023,9,41650.92
204574,2023,10,41650.92
204574,2023,11,41650.92
204574,2023,12,6941.82
204574,2024,4,39607.67
204574,2024,5,44008.52
204574,2024,6,44008.52
204574,2024,7,44008.52
204574,2024,8,44008.52
204574,2024,9,44008.52
204574,2024,10,44008.52
204574,2024,11,44008.52
204574,2024,12,44008.52
204574,2025,1,44008.52
204574,2025,2,46366.19
204574,2025,3,46366.19
204574,2025,4,46366.19
204574,2025,5,46366.19
204574,2025,6,46366.19
204574,2025,7,46366.19
204574,2025,8,46366.19
204574,2025,9,46366.19
204574,2025,10,46366.19
204574,2025,11,46366.19
204574,2025,12,46366.19
204574,2026,1,46366.19
204574,2026,2,46366.19
204574,2026,3,46366.19
204574,2026,4,46366.19
204574,2026,5,46366.19
204574,2026,6,46366.19
204574,2026,7,46366.19
204574,2026,8,46366.19
204574,2026,9,46366.19
205476,2023,1,39293.32
205476,2023,2,27505.32
205476,2023,3,39293.32
205476,2023,4,41650.92
205476,2023,5,41650.92
205476,2023,6,41650.92
205476,2023,7,41650.92
205476,2023,8,41650.92
205476,2023,9,41650.92
205476,2023,10,41650.92
205476,2023,11,41650.92
205476,2023,12,36097.46
205476,2024,1,41650.92
205476,2024,2,44008.52
205476,2024,3,44008.52
205476,2024,4,44008.52
205476,2024,5,44008.52
205476,2024,6,44008.52
205476,2024,7,44008.52
205476,2024,8,44008.52
205476,2024,9,44008.52
205476,2024,10,44008.52
205476,2024,11,44008.52
205476,2024,12,32272.91
205476,2025,1,44008.52
205476,2025,2,46366.19
205476,2025,3,46366.19
205476,2025,4,46366.19
205476,2025,5,46366.19
205476,2025,6,46366.19
205476,2025,7,46366.19
205476,2025,8,46366.19
205476,2025,9,46366.19
205476,2025,10,46366.19
205476,2025,11,15455.4
205476,2025,12,0.0
205476,2026,1,46366.19
205476,2026,2,46366.19
205476,2026,3,46366.19
205476,2026,4,46366.19
205476,2026,5,46366.19
205476,2026,6,46366.19
205476,2026,7,46366.19
205476,2026,8,46366.19
205476,2026,9,46366.19
205550,2023,1,39293.32
205550,2023,2,39293.32
205550,2023,3,39293.32
205550,2023,4,41650.92
205550,2023,5,41650.92
205550,2023,6,41650.92
205550,2023,7,41650.92
205550,2023,8,41650.92
205550,2023,9,41650.92
205550,2023,10,41650.92
205550,2023,11,41650.92
205550,2023,12,41650.92
205550,2024,1,41650.92
205550,2024,2,44008.52
205550,2024,3,44008.52
205550,2024,4,44008.52
205550,2024,5,44008.52
205550,2024,6,44008.52
205550,2024,7,44008.52
205550,2024,8,44008.52
205550,2024,9,44008.52
205550,2024,10,44008.52
205550,2024,11,44008.52
205550,2024,12,44008.52
205550,2025,1,44008.52
205550,2025,2,46366.19
205550,2025,3,46366.19
205550,2025,4,46366.19
205550,2025,5,46366.19
205550,2025,6,46366.19
205550,2025,7,46366.19
205550,2025,8,46366.19
205550,2025,9,46366.19
205550,2025,10,46366.19
205550,2025,11,46366.19
205550,2025,12,46366.19
205550,2026,1,46366.19
205550,2026,2,46366.19
205550,2026,3,46366.19
205550,2026,4,46366.19
205550,2026,5,46366.19
205550,2026,6,46366.19
205550,2026,7,46366.19
205550,2026,8,46366.19
205550,2026,9,46366.19
205865,2023,4,26378.92
205865,2023,5,41650.92
205865,2023,6,41650.92
205865,2023,7,41650.92
205865,2023,8,41650.92
205865,2023,9,41650.92
205865,2023,10,41650.92
205865,2023,11,41650.92
205865,2023,12,41650.92
205865,2024,1,41650.92
205865,2024,2,44008.52
205865,2024,3,44008.52
205865,2024,4,44008.52
205865,2024,5,44008.52
205865,2024,6,44008.52
205865,2024,7,44008.52
205865,2024,8,44008.52
205865,2024,9,44008.52
205865,2024,10,44008.52
205865,2024,11,44008.52
205865,2024,12,44008.52
205865,2025,1,44008.52
205865,2025,2,46366.19
205865,2025,3,46366.19
205865,2025,4,46366.19
205865,2025,5,46366.19
205865,2025,6,46366.19
205865,2025,7,46366.19
205865,2025,8,46366.19
205865,2025,9,46366.19
205865,2025,10,46366.19
205865,2025,11,44820.65
205865,2025,12,46366.19
205865,2026,1,46366.19
205865,2026,2,46366.19
205865,2026,3,46366.19
205865,2026,4,7727.7
205865,2026,5,0.0
206018,2023,2,39293.32
206018,2023,3,39293.32
206018,2023,4,41650.92
206018,2023,5,41650.92
206018,2023,6,41650.92
206018,2023,7,41650.92
206018,2023,8,41650.92
206018,2023,9,41650.92
206018,2023,10,41650.92
206018,2023,11,41650.92
206018,2023,12,41650.92
206018,2024,1,41650.92
206018,2024,2,44008.52
206018,2024,3,44008.52
206018,2024,4,44008.52
206018,2024,5,44008.52
206018,2024,6,44008.52
206018,2024,7,44008.52
206018,2024,8,44008.52
206018,2024,9,44008.52
206018,2024,10,44008.52
206018,2024,11,44008.52
206018,2024,12,44008.52
206018,2025,1,44008.52
206018,2025,2,46366.19
206018,2025,3,46366.19
206018,2025,4,46366.19
206018,2025,5,46366.19
206018,2025,6,46366.19
206018,2025,7,46366.19
206018,2025,8,46366.19
206018,2025,9,46366.19
206018,2025,10,46366.19
206018,2025,11,46366.19
206018,2025,12,46366.19
206018,2026,1,46366.19
206018,2026,2,46366.19
206018,2026,3,46366.19
206018,2026,4,46366.19
206018,2026,5,46366.19
206018,2026,6,46366.19
206018,2026,7,46366.19
206018,2026,8,46366.19
206018,2026,9,46366.19
208297,2025,3,46366.19
208297,2025,4,46366.19
208297,2025,5,46366.19
208297,2025,6,41729.57
208297,2025,7,3844.5
208297,2025,11,0.0
209189,2023,1,39293.32
209189,2023,2,39293.32
209189,2023,3,39293.32
209189,2023,4,41650.92
209189,2023,5,41650.92
209189,2023,6,41650.92
209189,2023,7,41650.92
209189,2023,8,41650.92
209189,2023,9,41650.92
209189,2023,10,41650.92
209189,2023,11,41650.92
209189,2023,12,41650.92
209189,2024,1,41650.92
209189,2024,2,44008.52
209189,2024,3,44008.52
209189,2024,4,44008.52
209189,2024,5,44008.52
209189,2024,6,44008.52
209189,2024,7,44008.52
209189,2024,8,44008.52
209189,2024,9,44008.52
209189,2024,10,44008.52
209189,2024,11,44008.52
209189,2024,12,44008.52
209189,2025,1,44008.52
209189,2025,2,46366.19
209189,2025,3,46366.19
209189,2025,4,46366.19
209189,2025,5,46366.19
209189,2025,6,46366.19
209189,2025,7,46366.19
209189,2025,8,46366.19
209189,2025,9,46366.19
209189,2025,10,46366.19
209189,2025,11,46366.19
209189,2025,12,46366.19
209189,2026,1,46366.19
209189,2026,2,46366.19
209189,2026,3,46366.19
209189,2026,4,46366.19
209189,2026,5,46366.19
209189,2026,6,46366.19
209189,2026,7,46366.19
209189,2026,8,46366.19
209189,2026,9,46366.19
209787,2023,2,39293.32
209787,2023,3,39293.32
209787,2023,4,41650.92
209787,2023,5,41650.92
209787,2023,6,41650.92
209787,2023,7,41650.92
209787,2023,8,41650.92
209787,2023,9,41650.92
209787,2023,10,41650.92
209787,2023,11,41650.92
209787,2023,12,41650.92
209787,2024,1,41650.92
209787,2024,2,44008.52
209787,2024,3,44008.52
209787,2024,4,44008.52
209787,2024,5,44008.52
209787,2024,6,44008.52
209787,2024,7,44008.52
209787,2024,8,44008.52
209787,2024,9,44008.52
209787,2024,10,44008.52
209787,2024,11,44008.52
209787,2024,12,44008.52
209787,2025,1,44008.52
209787,2025,2,46366.19
209787,2025,3,46366.19
209787,2025,4,46366.19
209787,2025,5,46366.19
209787,2025,6,46366.19
209787,2025,7,46366.19
209787,2025,8,46366.19
209787,2025,9,46366.19
209787,2025,10,46366.19
209787,2025,11,46366.19
209787,2025,12,46366.19
209787,2026,1,46366.19
209787,2026,2,46366.19
209787,2026,3,46366.19
209787,2026,4,46366.19
209787,2026,5,46366.19
209787,2026,6,46366.19
209787,2026,7,46366.19
209787,2026,8,46366.19
209787,2026,9,46366.19
210989,2023,2,39293.32
210989,2023,3,39293.32
210989,2023,4,41650.92
210989,2023,5,41650.92
210989,2023,6,41650.92
210989,2023,7,41650.92
210989,2023,8,41650.92
210989,2023,9,41650.92
210989,2023,10,41650.92
210989,2023,11,41650.92
210989,2023,12,41650.92
210989,2024,1,41650.92
210989,2024,2,44008.52
210989,2024,3,44008.52
210989,2024,4,44008.52
210989,2024,5,44008.52
210989,2024,6,44008.52
210989,2024,7,44008.52
210989,2024,8,44008.52
210989,2024,9,44008.52
210989,2024,10,44008.52
210989,2024,11,44008.52
210989,2024,12,44008.52
210989,2025,1,44008.52
210989,2025,2,46366.19
210989,2025,3,46366.19
210989,2025,4,46366.19
210989,2025,5,46366.19
210989,2025,6,46366.19
210989,2025,7,46366.19
210989,2025,8,46366.19
210989,2025,9,46366.19
210989,2025,10,46366.19
210989,2025,11,46366.19
210989,2025,12,46366.19
210989,2026,1,46366.19
210989,2026,2,46366.19
210989,2026,3,46366.19
210989,2026,4,46366.19
210989,2026,5,46366.19
210989,2026,6,46366.19
210989,2026,7,46366.19
210989,2026,8,46366.19
210989,2026,9,46366.19
212625,2024,7,44008.52
212625,2024,8,44008.52
212625,2024,9,44008.52
212625,2024,10,42541.57
212625,2024,11,0.0
213274,2023,1,39293.32
213274,2023,2,39293.32
213274,2023,3,39293.32
213274,2023,4,41650.92
213274,2023,5,41650.92
213274,2023,6,41650.92
213274,2023,7,41650.92
213274,2023,8,41650.92
213274,2023,9,41650.92
213274,2023,10,41650.92
213274,2023,11,41650.92
213274,2023,12,41650.92
213274,2024,1,41650.92
213274,2024,2,44008.52
213274,2024,3,44008.52
213274,2024,4,44008.52
213274,2024,5,44008.52
213274,2024,6,44008.52
213274,2024,7,44008.52
213274,2024,8,44008.52
213274,2024,9,44008.52
213274,2024,10,44008.52
213274,2024,11,44008.52
213274,2024,12,44008.52
213274,2025,1,5250.06
213274,2025,2,0.0
213274,2025,3,0.0
213762,2023,1,0.0
213762,2025,1,44008.52
213762,2025,2,46366.19
213762,2025,3,46366.19
213762,2025,4,46366.19
213762,2025,5,46366.19
213762,2025,6,46366.19
213762,2025,7,46366.19
213762,2025,8,46366.19
213762,2025,9,46366.19
213762,2025,10,46366.19
213762,2025,11,46366.19
213762,2025,12,46366.19
213762,2026,1,46366.19
213762,2026,2,46366.19
213762,2026,3,46366.19
213762,2026,4,46366.19
213762,2026,5,46366.19
213762,2026,6,46366.19
213762,2026,7,46366.19
213762,2026,8,46366.19
213762,2026,9,46366.19
214694,2023,2,39293.32
214694,2023,3,39293.32
214694,2023,4,41650.92
214694,2023,5,41650.92
214694,2023,6,41650.92
214694,2023,7,41650.92
214694,2023,8,41650.92
214694,2023,9,41650.92
214694,2023,10,41650.92
214694,2023,11,41650.92
214694,2023,12,41650.92
214694,2024,1,41650.92
214694,2024,2,44008.52
214694,2024,3,44008.52
214694,2024,4,44008.52
214694,2024,5,44008.52
214694,2024,6,44008.52
214694,2024,7,44008.52
214694,2024,8,44008.52
214694,2024,9,44008.52
214694,2024,10,44008.52
214694,2024,11,44008.52
214694,2024,12,44008.52
214694,2025,1,44008.52
214694,2025,2,46366.19
214694,2025,3,46366.19
214694,2025,4,46366.19
214694,2025,5,7727.7
214694,2025,8,10818.78
214694,2025,9,46366.19
214694,2025,10,46366.19
214694,2025,11,46366.19
214694,2025,12,46366.19
214694,2026,1,46366.19
214694,2026,2,46366.19
214694,2026,3,46366.19
214694,2026,4,46366.19
214694,2026,5,46366.19
214694,2026,6,46366.19
214694,2026,7,46366.19
214694,2026,8,46366.19
214694,2026,9,46366.19
215043,2023,1,39293.32
215043,2023,2,39293.32
215043,2023,3,39293.32
215043,2023,4,41650.92
215043,2023,5,41650.92
215043,2023,6,41650.92
215043,2023,7,41650.92
215043,2023,8,41650.92
215043,2023,9,41650.92
215043,2023,10,41650.92
215043,2023,11,41650.92
215043,2023,12,41650.92
215043,2024,1,41650.92
215043,2024,2,44008.52
215043,2024,3,44008.52
215043,2024,4,44008.52
215043,2024,5,44008.52
215043,2024,6,44008.52
215043,2024,7,44008.52
215043,2024,8,44008.52
215043,2024,9,44008.52
215043,2024,10,44008.52
215043,2024,11,44008.52
215043,2024,12,44008.52
215043,2025,1,44008.52
215043,2025,2,46366.19
215043,2025,3,46366.19
215043,2025,4,46366.19
215043,2025,5,46366.19
215043,2025,6,46366.19
215043,2025,7,46366.19
215043,2025,8,46366.19
215043,2025,9,46366.19
215043,2025,10,46366.19
215043,2025,11,46366.19
215043,2025,12,46366.19
215043,2026,1,46366.19
215043,2026,2,46366.19
215043,2026,3,46366.19
215043,2026,4,46366.19
215043,2026,5,46366.19
215043,2026,6,46366.19
215043,2026,7,46366.19
215043,2026,8,46366.19
215043,2026,9,46366.19
217480,2023,1,39293.32
217480,2023,6,41650.92
217480,2023,7,30544.01
217480,2023,8,20825.46
217480,2023,9,41650.92
217480,2023,10,37485.83
217480,2023,11,20825.46
217480,2023,12,36097.46
217480,2024,1,41650.92
217480,2024,4,0.0
218086,2023,7,37485.83
218086,2023,8,41650.92
218086,2023,9,41650.92
218086,2023,10,41650.92
218086,2023,11,41650.92
218086,2023,12,41650.92
218086,2024,1,41650.92
218086,2024,2,44008.52
218086,2024,3,44008.52
218086,2024,4,44008.52
218086,2024,5,44008.52
218086,2024,6,44008.52
218086,2024,7,44008.52
218086,2024,8,44008.52
218086,2024,9,44008.52
218086,2024,10,44008.52
218086,2024,11,44008.52
218086,2024,12,44008.52
218086,2025,1,44008.52
218086,2025,2,46366.19
218086,2025,3,46366.19
218086,2025,4,46366.19
218086,2025,5,46366.19
218086,2025,6,46366.19
218086,2025,7,46366.19
218086,2025,8,46366.19
218086,2025,9,46366.19
218086,2025,10,46366.19
218086,2025,11,46366.19
218086,2025,12,46366.19
218086,2026,1,46366.19
218086,2026,2,46366.19
218086,2026,3,46366.19
218086,2026,4,0.0
218086,2026,5,0.0
219585,2023,2,28815.1
219585,2023,3,39293.32
219585,2023,4,41650.92
219585,2023,5,41650.92
219585,2023,6,41650.92
219585,2023,7,41650.92
219585,2023,8,41650.92
219585,2023,9,41650.92
219585,2023,10,41650.92
219585,2023,11,41650.92
219585,2023,12,41650.92
219585,2024,1,41650.92
219585,2024,2,44008.52
219585,2024,3,44008.52
219585,2024,4,44008.52
219585,2024,5,44008.52
219585,2024,6,44008.52
219585,2024,7,44008.52
219585,2024,8,44008.52
219585,2024,9,44008.52
219585,2024,10,44008.52
219585,2024,11,44008.52
219585,2024,12,44008.52
219585,2025,1,44008.52
219585,2025,2,46366.19
219585,2025,3,27819.71
219585,2025,4,0.0
220008,2024,7,44008.52
220008,2024,8,44008.52
220008,2024,9,44008.52
220008,2024,10,44008.52
220008,2024,11,0.0
220526,2023,2,39293.32
220526,2023,3,39293.32
220526,2023,4,41650.92
220526,2023,5,41650.92
220526,2023,6,41650.92
220526,2023,7,41650.92
220526,2023,8,41650.92
220526,2023,9,41650.92
220526,2023,10,41650.92
220526,2023,11,41650.92
220526,2023,12,41650.92
220526,2024,1,41650.92
220526,2024,2,44008.52
220526,2024,3,44008.52
220526,2024,4,44008.52
220526,2024,5,44008.52
220526,2024,6,44008.52
220526,2024,7,44008.52
220526,2024,8,44008.52
220526,2024,9,44008.52
220526,2024,10,44008.52
220526,2024,11,44008.52
220526,2024,12,44008.52
220526,2025,1,44008.52
220526,2025,2,46366.19
220526,2025,3,46366.19
220526,2025,4,46366.19
220526,2025,5,6182.16
220526,2025,8,41729.57
220526,2025,9,46366.19
220526,2025,10,46366.19
220526,2025,11,46366.19
220526,2025,12,46366.19
220526,2026,1,46366.19
220526,2026,2,46366.19
220526,2026,3,46366.19
220526,2026,4,46366.19
220526,2026,5,46366.19
220526,2026,6,46366.19
220526,2026,7,46366.19
220526,2026,8,46366.19
220526,2026,9,46366.19
220527,2023,2,39293.32
220527,2023,3,39293.32
220527,2023,4,41650.92
220527,2023,5,41650.92
220527,2023,6,41650.92
220527,2023,7,41650.92
220527,2023,8,41650.92
220527,2023,9,41650.92
220527,2023,10,41650.92
220527,2023,11,41650.92
220527,2023,12,41650.92
220527,2024,1,41650.92
220527,2024,2,44008.52
220527,2024,3,44008.52
220527,2024,4,44008.52
220527,2024,5,44008.52
220527,2024,6,44008.52
220527,2024,7,44008.52
220527,2024,8,44008.52
220527,2024,9,44008.52
220527,2024,10,44008.52
220527,2024,11,44008.52
220527,2024,12,44008.52
220527,2025,1,44008.52
220527,2025,2,46366.19
220527,2025,3,46366.19
220527,2025,4,46366.19
220527,2025,5,46366.19
220527,2025,6,46366.19
220527,2025,7,46366.19
220527,2025,8,46366.19
220527,2025,9,46366.19
220527,2025,10,46366.19
220527,2025,11,46366.19
220527,2025,12,46366.19
220527,2026,1,46366.19
220527,2026,2,46366.19
220527,2026,3,46366.19
220527,2026,4,46366.19
220527,2026,5,46366.19
220527,2026,6,46366.19
220527,2026,7,46366.19
220527,2026,8,46366.19
220527,2026,9,46366.19
220528,2023,2,39293.32
220528,2023,3,39293.32
220528,2023,4,41650.92
220528,2023,5,41650.92
220528,2023,6,41650.92
220528,2023,7,41650.92
220528,2023,8,41650.92
220528,2023,9,41650.92
220528,2023,10,41650.92
220528,2023,11,41650.92
220528,2023,12,41650.92
220528,2024,1,41650.92
220528,2024,2,44008.52
220528,2024,3,44008.52
220528,2024,4,44008.52
220528,2024,5,44008.52
220528,2024,6,44008.52
220528,2024,7,44008.52
220528,2024,8,44008.52
220528,2024,9,44008.52
220528,2024,10,44008.52
220528,2024,11,44008.52
220528,2024,12,44008.52
220528,2025,1,44008.52
220528,2025,2,46366.19
220528,2025,3,46366.19
220528,2025,4,46366.19
220528,2025,5,46366.19
220528,2025,6,46366.19
220528,2025,7,46366.19
220528,2025,8,46366.19
220528,2025,9,46366.19
220528,2025,10,46366.19
220528,2025,11,46366.19
220528,2025,12,46366.19
220528,2026,1,46366.19
220528,2026,2,46366.19
220528,2026,3,46366.19
220528,2026,4,46366.19
220528,2026,5,46366.19
220528,2026,6,46366.19
220528,2026,7,46366.19
220528,2026,8,46366.19
220528,2026,9,46366.19
220529,2023,2,39293.32
220529,2023,3,39293.32
220529,2023,4,41650.92
220529,2023,5,41650.92
220529,2023,6,41650.92
220529,2023,7,41650.92
220529,2023,8,41650.92
220529,2023,9,41650.92
220529,2023,10,41650.92
220529,2023,11,41650.92
220529,2023,12,41650.92
220529,2024,1,41650.92
220529,2024,2,44008.52
220529,2024,3,44008.52
220529,2024,4,44008.52
220529,2024,5,44008.52
220529,2024,6,44008.52
220529,2024,7,44008.52
220529,2024,8,44008.52
220529,2024,9,44008.52
220529,2024,10,44008.52
220529,2024,11,44008.52
220529,2024,12,44008.52
220529,2025,1,44008.52
220529,2025,2,46366.19
220529,2025,3,46366.19
220529,2025,4,46366.19
220529,2025,5,46366.19
220529,2025,6,46366.19
220529,2025,7,46366.19
220529,2025,8,46366.19
220529,2025,9,46366.19
220529,2025,10,46366.19
220529,2025,11,46366.19
220529,2025,12,46366.19
220529,2026,1,46366.19
220529,2026,2,46366.19
220529,2026,3,46366.19
220529,2026,4,46366.19
220529,2026,5,46366.19
220529,2026,6,46366.19
220529,2026,7,46366.19
220529,2026,8,46366.19
220529,2026,9,46366.19
220530,2023,2,39293.32
220530,2023,3,39293.32
220530,2023,4,41650.92
220530,2023,5,41650.92
220530,2023,6,41650.92
220530,2023,7,41650.92
220530,2023,8,41650.92
220530,2023,9,41650.92
220530,2023,10,41650.92
220530,2023,11,41650.92
220530,2023,12,41650.92
220530,2024,1,41650.92
220530,2024,2,44008.52
220530,2024,3,44008.52
220530,2024,4,44008.52
220530,2024,5,44008.52
220530,2024,6,44008.52
220530,2024,7,44008.52
220530,2024,8,44008.52
220530,2024,9,44008.52
220530,2024,10,44008.52
220530,2024,11,44008.52
220530,2024,12,44008.52
220530,2025,1,44008.52
220530,2025,2,46366.19
220530,2025,3,46366.19
220530,2025,4,46366.19
220530,2025,5,46366.19
220530,2025,6,46366.19
220530,2025,7,46366.19
220530,2025,8,46366.19
220530,2025,9,46366.19
220530,2025,10,46366.19
220530,2025,11,46366.19
220530,2025,12,46366.19
220530,2026,1,46366.19
220530,2026,2,46366.19
220530,2026,3,46366.19
220530,2026,4,46366.19
220530,2026,5,46366.19
220530,2026,6,46366.19
220530,2026,7,46366.19
220530,2026,8,46366.19
220530,2026,9,46366.19
220531,2023,2,39293.32
220531,2023,3,39293.32
220531,2023,4,41650.92
220531,2023,5,41650.92
220531,2023,6,41650.92
220531,2023,7,41650.92
220531,2023,8,41650.92
220531,2023,9,41650.92
220531,2023,10,41650.92
220531,2023,11,41650.92
220531,2023,12,41650.92
220531,2024,1,41650.92
220531,2024,2,44008.52
220531,2024,3,44008.52
220531,2024,4,44008.52
220531,2024,5,44008.52
220531,2024,6,44008.52
220531,2024,7,44008.52
220531,2024,8,44008.52
220531,2024,9,44008.52
220531,2024,10,44008.52
220531,2024,11,44008.52
220531,2024,12,44008.52
220531,2025,1,44008.52
220531,2025,2,46366.19
220531,2025,3,46366.19
220531,2025,4,46366.19
220531,2025,5,46366.19
220531,2025,6,46366.19
220531,2025,7,46366.19
220531,2025,8,8338.27
220531,2025,10,0.0
220532,2023,2,39293.32
220532,2023,3,39293.32
220532,2023,4,41650.92
220532,2023,5,41650.92
220532,2023,6,41650.92
220532,2023,7,41650.92
220532,2023,8,41650.92
220532,2023,9,41650.92
220532,2023,10,41650.92
220532,2023,11,41650.92
220532,2023,12,41650.92
220532,2024,1,41650.92
220532,2024,2,44008.52
220532,2024,3,44008.52
220532,2024,4,44008.52
220532,2024,5,44008.52
220532,2024,6,44008.52
220532,2024,7,44008.52
220532,2024,8,44008.52
220532,2024,9,44008.52
220532,2024,10,44008.52
220532,2024,11,44008.52
220532,2024,12,44008.52
220532,2025,1,44008.52
220532,2025,2,46366.19
220532,2025,3,46366.19
220532,2025,4,46366.19
220532,2025,5,46366.19
220532,2025,6,46366.19
220532,2025,7,46366.19
220532,2025,8,46366.19
220532,2025,9,46366.19
220532,2025,10,46366.19
220532,2025,11,46366.19
220532,2025,12,46366.19
220532,2026,1,46366.19
220532,2026,2,46366.19
220532,2026,3,46366.19
220532,2026,4,46366.19
220532,2026,5,46366.19
220532,2026,6,46366.19
220532,2026,7,46366.19
220532,2026,8,46366.19
220532,2026,9,46366.19
220533,2023,2,39293.32
220533,2023,3,39293.32
220533,2023,4,41650.92
220533,2023,5,41650.92
220533,2023,6,41650.92
220533,2023,7,41650.92
220533,2023,8,41650.92
220533,2023,9,41650.92
220533,2023,10,41650.92
220533,2023,11,41650.92
220533,2023,12,41650.92
220533,2024,1,41650.92
220533,2024,2,44008.52
220533,2024,3,44008.52
220533,2024,4,44008.52
220533,2024,5,44008.52
220533,2024,6,44008.52
220533,2024,7,44008.52
220533,2024,8,44008.52
220533,2024,9,44008.52
220533,2024,10,44008.52
220533,2024,11,44008.52
220533,2024,12,44008.52
220533,2025,1,44008.52
220533,2025,2,46366.19
220533,2025,3,46366.19
220533,2025,4,46366.19
220533,2025,5,46366.19
220533,2025,6,46366.19
220533,2025,7,46366.19
220533,2025,8,46366.19
220533,2025,9,46366.19
220533,2025,10,46366.19
220533,2025,11,46366.19
220533,2025,12,46366.19
220533,2026,1,46366.19
220533,2026,2,46366.19
220533,2026,3,46366.19
220533,2026,4,46366.19
220533,2026,5,46366.19
220533,2026,6,46366.19
220533,2026,7,46366.19
220533,2026,8,46366.19
220533,2026,9,46366.19
220534,2023,2,39293.32
220534,2023,3,39293.32
220534,2023,4,41650.92
220534,2023,5,41650.92
220534,2023,6,41650.92
220534,2023,7,41650.92
220534,2023,8,41650.92
220534,2023,9,41650.92
220534,2023,10,41650.92
220534,2023,11,41650.92
220534,2023,12,41650.92
220534,2024,1,41650.92
220534,2024,2,44008.52
220534,2024,3,44008.52
220534,2024,4,44008.52
220534,2024,5,44008.52
220534,2024,6,44008.52
220534,2024,7,44008.52
220534,2024,8,44008.52
220534,2024,9,44008.52
220534,2024,10,44008.52
220534,2024,11,44008.52
220534,2024,12,44008.52
220534,2025,1,44008.52
220534,2025,2,46366.19
220534,2025,3,46366.19
220534,2025,4,46366.19
220534,2025,5,46366.19
220534,2025,6,46366.19
220534,2025,7,46366.19
220534,2025,8,46366.19
220534,2025,9,46366.19
220534,2025,10,46366.19
220534,2025,11,46366.19
220534,2025,12,46366.19
220534,2026,1,46366.19
220534,2026,2,46366.19
220534,2026,3,46366.19
220534,2026,4,46366.19
220534,2026,5,46366.19
220534,2026,6,46366.19
220534,2026,7,46366.19
220534,2026,8,46366.19
220534,2026,9,46366.19
220536,2023,2,39293.32
220536,2023,3,39293.32
220536,2023,4,41650.92
220536,2023,5,41650.92
220536,2023,6,41650.92
220536,2023,7,41650.92
220536,2023,8,41650.92
220536,2023,9,41650.92
220536,2023,10,41650.92
220536,2023,11,41650.92
220536,2023,12,41650.92
220536,2024,1,41650.92
220536,2024,2,44008.52
220536,2024,3,44008.52
220536,2024,4,44008.52
220536,2024,5,44008.52
220536,2024,6,44008.52
220536,2024,7,44008.52
220536,2024,8,44008.52
220536,2024,9,44008.52
220536,2024,10,44008.52
220536,2024,11,44008.52
220536,2024,12,44008.52
220536,2025,1,44008.52
220536,2025,2,46366.19
220536,2025,3,46366.19
220536,2025,4,46366.19
220536,2025,5,46366.19
220536,2025,6,46366.19
220536,2025,7,46366.19
220536,2025,8,46366.19
220536,2025,9,46366.19
220536,2025,10,46366.19
220536,2025,11,46366.19
220536,2025,12,46366.19
220536,2026,1,46366.19
220536,2026,2,46366.19
220536,2026,3,46366.19
220536,2026,4,46366.19
220536,2026,5,46366.19
220536,2026,6,46366.19
220536,2026,7,46366.19
220536,2026,8,46366.19
220536,2026,9,46366.19
220537,2023,2,39293.32
220537,2023,3,39293.32
220537,2023,4,41650.92
220537,2023,5,41650.92
220537,2023,6,41650.92
220537,2023,7,41650.92
220537,2023,8,41650.92
220537,2023,9,41650.92
220537,2023,10,41650.92
220537,2023,11,41650.92
220537,2023,12,41650.92
220537,2024,1,41650.92
220537,2024,2,44008.52
220537,2024,3,44008.52
220537,2024,4,44008.52
220537,2024,5,44008.52
220537,2024,6,44008.52
220537,2024,7,44008.52
220537,2024,8,44008.52
220537,2024,9,44008.52
220537,2024,10,44008.52
220537,2024,11,44008.52
220537,2024,12,44008.52
220537,2025,1,44008.52
220537,2025,2,46366.19
220537,2025,3,46366.19
220537,2025,4,46366.19
220537,2025,5,46366.19
220537,2025,6,46366.19
220537,2025,7,46366.19
220537,2025,8,46366.19
220537,2025,9,46366.19
220537,2025,10,46366.19
220537,2025,11,46366.19
220537,2025,12,46366.19
220537,2026,1,46366.19
220537,2026,2,46366.19
220537,2026,3,46366.19
220537,2026,4,46366.19
220537,2026,5,46366.19
220537,2026,6,46366.19
220537,2026,7,46366.19
220537,2026,8,46366.19
220537,2026,9,46366.19
220538,2023,2,39293.32
220538,2023,3,39293.32
220538,2023,4,41650.92
220538,2023,5,41650.92
220538,2023,6,41650.92
220538,2023,7,41650.92
220538,2023,8,41650.92
220538,2023,9,41650.92
220538,2023,10,41650.92
220538,2023,11,41650.92
220538,2023,12,41650.92
220538,2024,1,41650.92
220538,2024,2,44008.52
220538,2024,3,44008.52
220538,2024,4,44008.52
220538,2024,5,44008.52
220538,2024,6,44008.52
220538,2024,7,44008.52
220538,2024,8,44008.52
220538,2024,9,44008.52
220538,2024,10,44008.52
220538,2024,11,44008.52
220538,2024,12,44008.52
220538,2025,1,44008.52
220538,2025,2,46366.19
220538,2025,3,46366.19
220538,2025,4,46366.19
220538,2025,5,46366.19
220538,2025,6,46366.19
220538,2025,7,46366.19
220538,2025,8,46366.19
220538,2025,9,46366.19
220538,2025,10,46366.19
220538,2025,11,46366.19
220538,2025,12,46366.19
220538,2026,1,46366.19
220538,2026,2,46366.19
220538,2026,3,46366.19
220538,2026,4,46366.19
220538,2026,5,46366.19
220538,2026,6,46366.19
220538,2026,7,46366.19
220538,2026,8,46366.19
220538,2026,9,46366.19
220539,2023,2,39293.32
220539,2023,3,39293.32
220539,2023,4,41650.92
220539,2023,5,41650.92
220539,2023,6,41650.92
220539,2023,7,41650.92
220539,2023,8,41650.92
220539,2023,9,41650.92
220539,2023,10,41650.92
220539,2023,11,41650.92
220539,2023,12,41650.92
220539,2024,1,41650.92
220539,2024,2,44008.52
220539,2024,3,44008.52
220539,2024,4,44008.52
220539,2024,5,44008.52
220539,2024,6,44008.52
220539,2024,7,44008.52
220539,2024,8,44008.52
220539,2024,9,44008.52
220539,2024,10,44008.52
220539,2024,11,44008.52
220539,2024,12,44008.52
220539,2025,1,44008.52
220539,2025,2,46366.19
220539,2025,3,46366.19
220539,2025,4,46366.19
220539,2025,5,46366.19
220539,2025,6,46366.19
220539,2025,7,46366.19
220539,2025,8,46366.19
220539,2025,9,46366.19
220539,2025,10,46366.19
220539,2025,11,46366.19
220539,2025,12,46366.19
220539,2026,1,46366.19
220539,2026,2,46366.19
220539,2026,3,46366.19
220539,2026,4,46366.19
220539,2026,5,46366.19
220539,2026,6,46366.19
220539,2026,7,46366.19
220539,2026,8,46366.19
220539,2026,9,46366.19
220540,2023,2,39293.32
220540,2023,3,39293.32
220540,2023,4,41650.92
220540,2023,5,41650.92
220540,2023,6,41650.92
220540,2023,7,41650.92
220540,2023,8,41650.92
220540,2023,9,41650.92
220540,2023,10,41650.92
220540,2023,11,41650.92
220540,2023,12,41650.92
220540,2024,1,41650.92
220540,2024,2,44008.52
220540,2024,3,44008.52
220540,2024,4,44008.52
220540,2024,5,44008.52
220540,2024,6,44008.52
220540,2024,7,44008.52
220540,2024,8,44008.52
220540,2024,9,44008.52
220540,2024,10,44008.52
220540,2024,11,44008.52
220540,2024,12,44008.52
220540,2025,1,44008.52
220540,2025,2,46366.19
220540,2025,3,46366.19
220540,2025,4,46366.19
220540,2025,5,46366.19
220540,2025,6,46366.19
220540,2025,7,46366.19
220540,2025,8,46366.19
220540,2025,9,46366.19
220540,2025,10,46366.19
220540,2025,11,46366.19
220540,2025,12,46366.19
220540,2026,1,46366.19
220540,2026,2,46366.19
220540,2026,3,46366.19
220540,2026,4,46366.19
220540,2026,5,46366.19
220540,2026,6,46366.19
220540,2026,7,46366.19
220540,2026,8,46366.19
220540,2026,9,46366.19
220542,2023,2,39293.32
220542,2023,3,39293.32
220542,2023,4,41650.92
220542,2023,5,41650.92
220542,2023,6,41650.92
220542,2023,7,41650.92
220542,2023,8,41650.92
220542,2023,9,41650.92
220542,2023,10,41650.92
220542,2023,11,41650.92
220542,2023,12,41650.92
220542,2024,1,41650.92
220542,2024,2,44008.52
220542,2024,3,44008.52
220542,2024,4,44008.52
220542,2024,5,44008.52
220542,2024,6,44008.52
220542,2024,7,44008.52
220542,2024,8,44008.52
220542,2024,9,44008.52
220542,2024,10,44008.52
220542,2024,11,44008.52
220542,2024,12,44008.52
220542,2025,1,44008.52
220542,2025,2,46366.19
220542,2025,3,46366.19
220542,2025,4,46366.19
220542,2025,5,46366.19
220542,2025,6,46366.19
220542,2025,7,46366.19
220542,2025,8,46366.19
220542,2025,9,46366.19
220542,2025,10,46366.19
220542,2025,11,46366.19
220542,2025,12,46366.19
220542,2026,1,46366.19
220542,2026,2,46366.19
220542,2026,3,46366.19
220542,2026,4,46366.19
220542,2026,5,46366.19
220542,2026,6,46366.19
220542,2026,7,46366.19
220542,2026,8,46366.19
220542,2026,9,46366.19
220543,2023,2,39293.32
220543,2023,3,39293.32
220543,2023,4,41650.92
220543,2023,5,41650.92
220543,2023,6,41650.92
220543,2023,7,41650.92
220543,2023,8,41650.92
220543,2023,9,41650.92
220543,2023,10,41650.92
220543,2023,11,41650.92
220543,2023,12,41650.92
220543,2024,1,41650.92
220543,2024,2,44008.52
220543,2024,3,44008.52
220543,2024,4,44008.52
220543,2024,5,44008.52
220543,2024,6,44008.52
220543,2024,7,44008.52
220543,2024,8,44008.52
220543,2024,9,44008.52
220543,2024,10,44008.52
220543,2024,11,44008.52
220543,2024,12,44008.52
220543,2025,1,44008.52
220543,2025,2,46366.19
220543,2025,3,46366.19
220543,2025,4,46366.19
220543,2025,5,46366.19
220543,2025,6,46366.19
220543,2025,7,46366.19
220543,2025,8,46366.19
220543,2025,9,46366.19
220543,2025,10,46366.19
220543,2025,11,46366.19
220543,2025,12,46366.19
220543,2026,1,46366.19
220543,2026,2,46366.19
220543,2026,3,46366.19
220543,2026,4,46366.19
220543,2026,5,46366.19
220543,2026,6,46366.19
220543,2026,7,46366.19
220543,2026,8,46366.19
220543,2026,9,46366.19
220544,2023,2,39293.32
220544,2023,3,39293.32
220544,2023,4,41650.92
220544,2023,5,41650.92
220544,2023,6,41650.92
220544,2023,7,41650.92
220544,2023,8,41650.92
220544,2023,9,41650.92
220544,2023,10,41650.92
220544,2023,11,41650.92
220544,2023,12,41650.92
220544,2024,1,41650.92
220544,2024,2,44008.52
220544,2024,3,44008.52
220544,2024,4,44008.52
220544,2024,5,44008.52
220544,2024,6,44008.52
220544,2024,7,44008.52
220544,2024,8,44008.52
220544,2024,9,44008.52
220544,2024,10,44008.52
220544,2024,11,44008.52
220544,2024,12,44008.52
220544,2025,1,44008.52
220544,2025,2,46366.19
220544,2025,3,46366.19
220544,2025,4,46366.19
220544,2025,5,46366.19
220544,2025,6,46366.19
220544,2025,7,46366.19
220544,2025,8,46366.19
220544,2025,9,46366.19
220544,2025,10,46366.19
220544,2025,11,46366.19
220544,2025,12,46366.19
220544,2026,1,46366.19
220544,2026,2,46366.19
220544,2026,3,46366.19
220544,2026,4,46366.19
220544,2026,5,46366.19
220544,2026,6,46366.19
220544,2026,7,46366.19
220544,2026,8,46366.19
220544,2026,9,46366.19
220545,2023,2,39293.32
220545,2023,3,39293.32
220545,2023,4,41650.92
220545,2023,5,41650.92
220545,2023,6,41650.92
220545,2023,7,41650.92
220545,2023,8,41650.92
220545,2023,9,41650.92
220545,2023,10,41650.92
220545,2023,11,41650.92
220545,2023,12,41650.92
220545,2024,1,41650.92
220545,2024,2,44008.52
220545,2024,3,44008.52
220545,2024,4,44008.52
220545,2024,5,44008.52
220545,2024,6,44008.52
220545,2024,7,44008.52
220545,2024,8,44008.52
220545,2024,9,44008.52
220545,2024,10,44008.52
220545,2024,11,44008.52
220545,2024,12,44008.52
220545,2025,1,44008.52
220545,2025,2,46366.19
220545,2025,3,46366.19
220545,2025,4,46366.19
220545,2025,5,46366.19
220545,2025,6,46366.19
220545,2025,7,46366.19
220545,2025,8,46366.19
220545,2025,9,46366.19
220545,2025,10,46366.19
220545,2025,11,46366.19
220545,2025,12,46366.19
220545,2026,1,46366.19
220545,2026,2,46366.19
220545,2026,3,46366.19
220545,2026,4,46366.19
220545,2026,5,46366.19
220545,2026,6,46366.19
220545,2026,7,46366.19
220545,2026,8,46366.19
220545,2026,9,46366.19
220546,2023,2,39293.32
220546,2023,3,39293.32
220546,2023,4,41650.92
220546,2023,5,41650.92
220546,2023,6,41650.92
220546,2023,7,41650.92
220546,2023,8,41650.92
220546,2023,9,41650.92
220546,2023,10,41650.92
220546,2023,11,41650.92
220546,2023,12,41650.92
220546,2024,1,41650.92
220546,2024,2,44008.52
220546,2024,3,44008.52
220546,2024,4,44008.52
220546,2024,5,44008.52
220546,2024,6,44008.52
220546,2024,7,44008.52
220546,2024,8,44008.52
220546,2024,9,44008.52
220546,2024,10,44008.52
220546,2024,11,44008.52
220546,2024,12,44008.52
220546,2025,1,44008.52
220546,2025,2,46366.19
220546,2025,3,46366.19
220546,2025,4,46366.19
220546,2025,5,46366.19
220546,2025,6,46366.19
220546,2025,7,46366.19
220546,2025,8,46366.19
220546,2025,9,46366.19
220546,2025,10,46366.19
220546,2025,11,46366.19
220546,2025,12,46366.19
220546,2026,1,46366.19
220546,2026,2,46366.19
220546,2026,3,46366.19
220546,2026,4,46366.19
220546,2026,5,46366.19
220546,2026,6,46366.19
220546,2026,7,46366.19
220546,2026,8,46366.19
220546,2026,9,46366.19
220547,2023,2,39293.32
220547,2023,3,39293.32
220547,2023,4,41650.92
220547,2023,5,41650.92
220547,2023,6,41650.92
220547,2023,7,41650.92
220547,2023,8,41650.92
220547,2023,9,41650.92
220547,2023,10,41650.92
220547,2023,11,41650.92
220547,2023,12,41650.92
220547,2024,1,41650.92
220547,2024,2,44008.52
220547,2024,3,44008.52
220547,2024,4,44008.52
220547,2024,5,44008.52
220547,2024,6,44008.52
220547,2024,7,44008.52
220547,2024,8,44008.52
220547,2024,9,44008.52
220547,2024,10,44008.52
220547,2024,11,44008.52
220547,2024,12,44008.52
220547,2025,1,44008.52
220547,2025,2,46366.19
220547,2025,3,46366.19
220547,2025,4,46366.19
220547,2025,5,46366.19
220547,2025,6,46366.19
220547,2025,7,46366.19
220547,2025,8,46366.19
220547,2025,9,46366.19
220547,2025,10,46366.19
220547,2025,11,46366.19
220547,2025,12,46366.19
220547,2026,1,46366.19
220547,2026,2,46366.19
220547,2026,3,46366.19
220547,2026,4,46366.19
220547,2026,5,46366.19
220547,2026,6,46366.19
220547,2026,7,46366.19
220547,2026,8,46366.19
220547,2026,9,46366.19
220548,2023,2,39293.32
220548,2023,3,39293.32
220548,2023,4,41650.92
220548,2023,5,41650.92
220548,2023,6,41650.92
220548,2023,7,41650.92
220548,2023,8,41650.92
220548,2023,9,41650.92
220548,2023,10,41650.92
220548,2023,11,41650.92
220548,2023,12,41650.92
220548,2024,1,41650.92
220548,2024,2,44008.52
220548,2024,3,44008.52
220548,2024,4,44008.52
220548,2024,5,44008.52
220548,2024,6,44008.52
220548,2024,7,44008.52
220548,2024,8,44008.52
220548,2024,9,44008.52
220548,2024,10,44008.52
220548,2024,11,44008.52
220548,2024,12,44008.52
220548,2025,1,44008.52
220548,2025,2,46366.19
220548,2025,3,46366.19
220548,2025,4,46366.19
220548,2025,5,46366.19
220548,2025,6,46366.19
220548,2025,7,46366.19
220548,2025,8,46366.19
220548,2025,9,46366.19
220548,2025,10,46366.19
220548,2025,11,46366.19
220548,2025,12,46366.19
220548,2026,1,46366.19
220548,2026,2,46366.19
220548,2026,3,46366.19
220548,2026,4,46366.19
220548,2026,5,46366.19
220548,2026,6,46366.19
220548,2026,7,46366.19
220548,2026,8,46366.19
220548,2026,9,46366.19
220549,2023,2,39293.32
220549,2023,3,39293.32
220549,2023,4,41650.92
220549,2023,5,41650.92
220549,2023,6,41650.92
220549,2023,7,41650.92
220549,2023,8,41650.92
220549,2023,9,41650.92
220549,2023,10,41650.92
220549,2023,11,41650.92
220549,2023,12,41650.92
220549,2024,1,41650.92
220549,2024,2,44008.52
220549,2024,3,44008.52
220549,2024,4,44008.52
220549,2024,5,44008.52
220549,2024,6,44008.52
220549,2024,7,44008.52
220549,2024,8,44008.52
220549,2024,9,44008.52
220549,2024,10,44008.52
220549,2024,11,44008.52
220549,2024,12,44008.52
220549,2025,1,44008.52
220549,2025,2,46366.19
220549,2025,3,46366.19
220549,2025,4,46366.19
220549,2025,5,46366.19
220549,2025,6,46366.19
220549,2025,7,46366.19
220549,2025,8,46366.19
220549,2025,9,46366.19
220549,2025,10,46366.19
220549,2025,11,46366.19
220549,2025,12,46366.19
220549,2026,1,46366.19
220549,2026,2,46366.19
220549,2026,3,46366.19
220549,2026,4,46366.19
220549,2026,5,46366.19
220549,2026,6,46366.19
220549,2026,7,46366.19
220549,2026,8,46366.19
220549,2026,9,46366.19
220550,2023,2,39293.32
220550,2023,3,39293.32
220550,2023,4,41650.92
220550,2023,5,41650.92
220550,2023,6,41650.92
220550,2023,7,41650.92
220550,2023,8,41650.92
220550,2023,9,41650.92
220550,2023,10,41650.92
220550,2023,11,41650.92
220550,2023,12,41650.92
220550,2024,1,41650.92
220550,2024,2,44008.52
220550,2024,3,44008.52
220550,2024,4,44008.52
220550,2024,5,44008.52
220550,2024,6,44008.52
220550,2024,7,44008.52
220550,2024,8,44008.52
220550,2024,9,44008.52
220550,2024,10,44008.52
220550,2024,11,44008.52
220550,2024,12,44008.52
220550,2025,1,44008.52
220550,2025,2,46366.19
220550,2025,3,46366.19
220550,2025,4,46366.19
220550,2025,5,46366.19
220550,2025,6,46366.19
220550,2025,7,46366.19
220550,2025,8,46366.19
220550,2025,9,46366.19
220550,2025,10,46366.19
220550,2025,11,46366.19
220550,2025,12,46366.19
220550,2026,1,46366.19
220550,2026,2,46366.19
220550,2026,3,46366.19
220550,2026,4,46366.19
220550,2026,5,46366.19
220550,2026,6,46366.19
220550,2026,7,46366.19
220550,2026,8,46366.19
220550,2026,9,46366.19
220551,2023,2,39293.32
220551,2023,3,39293.32
220551,2023,4,41650.92
220551,2023,5,41650.92
220551,2023,6,41650.92
220551,2023,7,41650.92
220551,2023,8,41650.92
220551,2023,9,41650.92
220551,2023,10,41650.92
220551,2023,11,41650.92
220551,2023,12,41650.92
220551,2024,1,41650.92
220551,2024,2,44008.52
220551,2024,3,44008.52
220551,2024,4,44008.52
220551,2024,5,44008.52
220551,2024,6,44008.52
220551,2024,7,44008.52
220551,2024,8,44008.52
220551,2024,9,44008.52
220551,2024,10,44008.52
220551,2024,11,44008.52
220551,2024,12,44008.52
220551,2025,1,44008.52
220551,2025,2,46366.19
220551,2025,3,46366.19
220551,2025,4,46366.19
220551,2025,5,46366.19
220551,2025,6,46366.19
220551,2025,7,46366.19
220551,2025,8,46366.19
220551,2025,9,46366.19
220551,2025,10,46366.19
220551,2025,11,46366.19
220551,2025,12,46366.19
220551,2026,1,46366.19
220551,2026,2,46366.19
220551,2026,3,46366.19
220551,2026,4,46366.19
220551,2026,5,46366.19
220551,2026,6,46366.19
220551,2026,7,46366.19
220551,2026,8,46366.19
220551,2026,9,46366.19
220552,2023,2,39293.32
220552,2023,3,39293.32
220552,2023,4,41650.92
220552,2023,5,41650.92
220552,2023,6,41650.92
220552,2023,7,41650.92
220552,2023,8,41650.92
220552,2023,9,41650.92
220552,2023,10,41650.92
220552,2023,11,41650.92
220552,2023,12,41650.92
220552,2024,1,41650.92
220552,2024,2,44008.52
220552,2024,3,44008.52
220552,2024,4,44008.52
220552,2024,5,44008.52
220552,2024,6,44008.52
220552,2024,7,44008.52
220552,2024,8,44008.52
220552,2024,9,44008.52
220552,2024,10,44008.52
220552,2024,11,44008.52
220552,2024,12,44008.52
220552,2025,1,44008.52
220552,2025,2,46366.19
220552,2025,3,46366.19
220552,2025,4,46366.19
220552,2025,5,46366.19
220552,2025,6,46366.19
220552,2025,7,46366.19
220552,2025,8,46366.19
220552,2025,9,46366.19
220552,2025,10,46366.19
220552,2025,11,46366.19
220552,2025,12,46366.19
220552,2026,1,46366.19
220552,2026,2,46366.19
220552,2026,3,46366.19
220552,2026,4,46366.19
220552,2026,5,46366.19
220552,2026,6,46366.19
220552,2026,7,46366.19
220552,2026,8,46366.19
220552,2026,9,46366.19
220553,2023,2,39293.32
220553,2023,3,39293.32
220553,2023,4,41650.92
220553,2023,5,41650.92
220553,2023,6,41650.92
220553,2023,7,41650.92
220553,2023,8,41650.92
220553,2023,9,41650.92
220553,2023,10,41650.92
220553,2023,11,41650.92
220553,2023,12,41650.92
220553,2024,1,41650.92
220553,2024,2,44008.52
220553,2024,3,44008.52
220553,2024,4,44008.52
220553,2024,5,44008.52
220553,2024,6,44008.52
220553,2024,7,44008.52
220553,2024,8,44008.52
220553,2024,9,44008.52
220553,2024,10,44008.52
220553,2024,11,44008.52
220553,2024,12,44008.52
220553,2025,1,44008.52
220553,2025,2,46366.19
220553,2025,3,46366.19
220553,2025,4,46366.19
220553,2025,5,46366.19
220553,2025,6,46366.19
220553,2025,7,46366.19
220553,2025,8,46366.19
220553,2025,9,46366.19
220553,2025,10,46366.19
220553,2025,11,46366.19
220553,2025,12,46366.19
220553,2026,1,46366.19
220553,2026,2,46366.19
220553,2026,3,46366.19
220553,2026,4,46366.19
220553,2026,5,46366.19
220553,2026,6,46366.19
220553,2026,7,46366.19
220553,2026,8,46366.19
220553,2026,9,46366.19
220554,2023,2,39293.32
220554,2023,3,39293.32
220554,2023,4,41650.92
220554,2023,5,41650.92
220554,2023,6,41650.92
220554,2023,7,41650.92
220554,2023,8,41650.92
220554,2023,9,41650.92
220554,2023,10,41650.92
220554,2023,11,41650.92
220554,2023,12,41650.92
220554,2024,1,41650.92
220554,2024,2,44008.52
220554,2024,3,44008.52
220554,2024,4,44008.52
220554,2024,5,44008.52
220554,2024,6,44008.52
220554,2024,7,44008.52
220554,2024,8,44008.52
220554,2024,9,44008.52
220554,2024,10,44008.52
220554,2024,11,44008.52
220554,2024,12,44008.52
220554,2025,1,44008.52
220554,2025,2,46366.19
220554,2025,3,46366.19
220554,2025,4,46366.19
220554,2025,5,46366.19
220554,2025,6,46366.19
220554,2025,7,46366.19
220554,2025,8,46366.19
220554,2025,9,46366.19
220554,2025,10,46366.19
220554,2025,11,46366.19
220554,2025,12,46366.19
220554,2026,1,46366.19
220554,2026,2,46366.19
220554,2026,3,46366.19
220554,2026,4,46366.19
220554,2026,5,46366.19
220554,2026,6,46366.19
220554,2026,7,46366.19
220554,2026,8,46366.19
220554,2026,9,46366.19
220555,2023,2,39293.32
220555,2023,3,39293.32
220555,2023,4,41650.92
220555,2023,5,41650.92
220555,2023,6,41650.92
220555,2023,7,41650.92
220555,2023,8,41650.92
220555,2023,9,41650.92
220555,2023,10,41650.92
220555,2023,11,41650.92
220555,2023,12,41650.92
220555,2024,1,41650.92
220555,2024,2,44008.52
220555,2024,3,44008.52
220555,2024,4,44008.52
220555,2024,5,44008.52
220555,2024,6,44008.52
220555,2024,7,44008.52
220555,2024,8,44008.52
220555,2024,9,44008.52
220555,2024,10,44008.52
220555,2024,11,44008.52
220555,2024,12,44008.52
220555,2025,1,44008.52
220555,2025,2,46366.19
220555,2025,3,46366.19
220555,2025,4,46366.19
220555,2025,5,46366.19
220555,2025,6,46366.19
220555,2025,7,46366.19
220555,2025,8,46366.19
220555,2025,9,46366.19
220555,2025,10,46366.19
220555,2025,11,46366.19
220555,2025,12,46366.19
220555,2026,1,46366.19
220555,2026,2,46366.19
220555,2026,3,46366.19
220555,2026,4,46366.19
220555,2026,5,46366.19
220555,2026,6,46366.19
220555,2026,7,46366.19
220555,2026,8,46366.19
220555,2026,9,46366.19
220556,2023,2,39293.32
220556,2023,3,39293.32
220556,2023,4,41650.92
220556,2023,5,41650.92
220556,2023,6,41650.92
220556,2023,7,41650.92
220556,2023,8,41650.92
220556,2023,9,41650.92
220556,2023,10,41650.92
220556,2023,11,41650.92
220556,2023,12,41650.92
220556,2024,1,41650.92
220556,2024,2,44008.52
220556,2024,3,44008.52
220556,2024,4,44008.52
220556,2024,5,44008.52
220556,2024,6,44008.52
220556,2024,7,44008.52
220556,2024,8,44008.52
220556,2024,9,44008.52
220556,2024,10,44008.52
220556,2024,11,44008.52
220556,2024,12,44008.52
220556,2025,1,44008.52
220556,2025,2,46366.19
220556,2025,3,46366.19
220556,2025,4,46366.19
220556,2025,5,46366.19
220556,2025,6,46366.19
220556,2025,7,46366.19
220556,2025,8,46366.19
220556,2025,9,46366.19
220556,2025,10,46366.19
220556,2025,11,46366.19
220556,2025,12,46366.19
220556,2026,1,46366.19
220556,2026,2,46366.19
220556,2026,3,46366.19
220556,2026,4,46366.19
220556,2026,5,46366.19
220556,2026,6,46366.19
220556,2026,7,46366.19
220556,2026,8,46366.19
220556,2026,9,46366.19
220557,2023,2,39293.32
220557,2023,3,39293.32
220557,2023,4,41650.92
220557,2023,5,41650.92
220557,2023,6,41650.92
220557,2023,7,41650.92
220557,2023,8,41650.92
220557,2023,9,41650.92
220557,2023,10,41650.92
220557,2023,11,41650.92
220557,2023,12,41650.92
220557,2024,1,41650.92
220557,2024,2,44008.52
220557,2024,3,44008.52
220557,2024,4,44008.52
220557,2024,5,44008.52
220557,2024,6,44008.52
220557,2024,7,44008.52
220557,2024,8,44008.52
220557,2024,9,44008.52
220557,2024,10,44008.52
220557,2024,11,44008.52
220557,2024,12,44008.52
220557,2025,1,44008.52
220557,2025,2,46366.19
220557,2025,3,46366.19
220557,2025,4,46366.19
220557,2025,5,46366.19
220557,2025,6,46366.19
220557,2025,7,46366.19
220557,2025,8,46366.19
220557,2025,9,46366.19
220557,2025,10,46366.19
220557,2025,11,46366.19
220557,2025,12,46366.19
220557,2026,1,46366.19
220557,2026,2,46366.19
220557,2026,3,46366.19
220557,2026,4,46366.19
220557,2026,5,46366.19
220557,2026,6,46366.19
220557,2026,7,46366.19
220557,2026,8,46366.19
220557,2026,9,46366.19
220558,2023,2,39293.32
220558,2023,3,39293.32
220558,2023,4,41650.92
220558,2023,5,41650.92
220558,2023,6,41650.92
220558,2023,7,41650.92
220558,2023,8,41650.92
220558,2023,9,41650.92
220558,2023,10,41650.92
220558,2023,11,41650.92
220558,2023,12,41650.92
220558,2024,1,41650.92
220558,2024,2,44008.52
220558,2024,3,44008.52
220558,2024,4,44008.52
220558,2024,5,44008.52
220558,2024,6,44008.52
220558,2024,7,44008.52
220558,2024,8,44008.52
220558,2024,9,44008.52
220558,2024,10,44008.52
220558,2024,11,44008.52
220558,2024,12,44008.52
220558,2025,1,44008.52
220558,2025,2,46366.19
220558,2025,3,46366.19
220558,2025,4,46366.19
220558,2025,5,46366.19
220558,2025,6,46366.19
220558,2025,7,46366.19
220558,2025,8,46366.19
220558,2025,9,46366.19
220558,2025,10,46366.19
220558,2025,11,46366.19
220558,2025,12,46366.19
220558,2026,1,46366.19
220558,2026,2,46366.19
220558,2026,3,46366.19
220558,2026,4,46366.19
220558,2026,5,46366.19
220558,2026,6,46366.19
220558,2026,7,46366.19
220558,2026,8,46366.19
220558,2026,9,46366.19
220559,2023,2,39293.32
220559,2023,3,39293.32
220559,2023,4,41650.92
220559,2023,5,41650.92
220559,2023,6,41650.92
220559,2023,7,41650.92
220559,2023,8,41650.92
220559,2023,9,41650.92
220559,2023,10,41650.92
220559,2023,11,41650.92
220559,2023,12,41650.92
220559,2024,1,41650.92
220559,2024,2,44008.52
220559,2024,3,44008.52
220559,2024,4,44008.52
220559,2024,5,44008.52
220559,2024,6,44008.52
220559,2024,7,44008.52
220559,2024,8,44008.52
220559,2024,9,44008.52
220559,2024,10,44008.52
220559,2024,11,44008.52
220559,2024,12,44008.52
220559,2025,1,44008.52
220559,2025,2,46366.19
220559,2025,3,46366.19
220559,2025,4,0.0
220559,2025,5,0.0
220559,2025,6,0.0
220559,2025,7,10818.78
220559,2025,8,46366.19
220559,2025,9,46366.19
220559,2025,10,46366.19
220559,2025,11,46366.19
220559,2025,12,46366.19
220559,2026,1,46366.19
220559,2026,2,46366.19
220559,2026,3,46366.19
220559,2026,4,46366.19
220559,2026,5,46366.19
220559,2026,6,46366.19
220559,2026,7,46366.19
220559,2026,8,46366.19
220559,2026,9,46366.19
220560,2023,2,39293.32
220560,2023,3,39293.32
220560,2023,4,41650.92
220560,2023,5,41650.92
220560,2023,6,41650.92
220560,2023,7,41650.92
220560,2023,8,41650.92
220560,2023,9,41650.92
220560,2023,10,41650.92
220560,2023,11,41650.92
220560,2023,12,41650.92
220560,2024,1,41650.92
220560,2024,2,44008.52
220560,2024,3,44008.52
220560,2024,4,44008.52
220560,2024,5,44008.52
220560,2024,6,20537.31
220560,2024,10,26405.11
220560,2024,11,44008.52
220560,2024,12,42937.24
220560,2025,1,44008.52
220560,2025,2,46366.19
220560,2025,3,46366.19
220560,2025,4,46366.19
220560,2025,5,46366.19
220560,2025,6,46366.19
220560,2025,7,46366.19
220560,2025,8,46366.19
220560,2025,9,46366.19
220560,2025,10,46366.19
220560,2025,11,46366.19
220560,2025,12,46366.19
220560,2026,1,46366.19
220560,2026,2,46366.19
220560,2026,3,46366.19
220560,2026,4,46366.19
220560,2026,5,46366.19
220560,2026,6,46366.19
220560,2026,7,46366.19
220560,2026,8,46366.19
220560,2026,9,46366.19
220561,2023,2,39293.32
220561,2023,3,39293.32
220561,2023,4,41650.92
220561,2023,5,41650.92
220561,2023,6,41650.92
220561,2023,7,41650.92
220561,2023,8,41650.92
220561,2023,9,41650.92
220561,2023,10,41650.92
220561,2023,11,41650.92
220561,2023,12,41650.92
220561,2024,1,41650.92
220561,2024,2,44008.52
220561,2024,3,44008.52
220561,2024,4,44008.52
220561,2024,5,44008.52
220561,2024,6,44008.52
220561,2024,7,44008.52
220561,2024,8,44008.52
220561,2024,9,44008.52
220561,2024,10,44008.52
220561,2024,11,44008.52
220561,2024,12,44008.52
220561,2025,1,44008.52
220561,2025,2,46366.19
220561,2025,3,46366.19
220561,2025,4,46366.19
220561,2025,5,46366.19
220561,2025,6,46366.19
220561,2025,7,46366.19
220561,2025,8,46366.19
220561,2025,9,46366.19
220561,2025,10,46366.19
220561,2025,11,46366.19
220561,2025,12,46366.19
220561,2026,1,46366.19
220561,2026,2,46366.19
220561,2026,3,46366.19
220561,2026,4,46366.19
220561,2026,5,46366.19
220561,2026,6,46366.19
220561,2026,7,46366.19
220561,2026,8,46366.19
220561,2026,9,46366.19
220563,2023,2,39293.32
220563,2023,3,39293.32
220563,2023,4,41650.92
220563,2023,5,41650.92
220563,2023,6,41650.92
220563,2023,7,41650.92
220563,2023,8,41650.92
220563,2023,9,41650.92
220563,2023,10,41650.92
220563,2023,11,41650.92
220563,2023,12,41650.92
220563,2024,1,41650.92
220563,2024,2,44008.52
220563,2024,3,44008.52
220563,2024,4,44008.52
220563,2024,5,44008.52
220563,2024,6,44008.52
220563,2024,7,7334.75
220563,2024,11,39607.67
220563,2024,12,44008.52
220563,2025,1,44008.52
220563,2025,2,46366.19
220563,2025,3,46366.19
220563,2025,4,46366.19
220563,2025,5,46366.19
220563,2025,6,46366.19
220563,2025,7,46366.19
220563,2025,8,46366.19
220563,2025,9,46366.19
220563,2025,10,46366.19
220563,2025,11,46366.19
220563,2025,12,46366.19
220563,2026,1,46366.19
220563,2026,2,46366.19
220563,2026,3,46366.19
220563,2026,4,46366.19
220563,2026,5,46366.19
220563,2026,6,46366.19
220563,2026,7,46366.19
220563,2026,8,46366.19
220563,2026,9,46366.19
220564,2023,2,39293.32
220564,2023,3,39293.32
220564,2023,4,41650.92
220564,2023,5,41650.92
220564,2023,6,41650.92
220564,2023,7,41650.92
220564,2023,8,41650.92
220564,2023,9,41650.92
220564,2023,10,41650.92
220564,2023,11,41650.92
220564,2023,12,41650.92
220564,2024,1,41650.92
220564,2024,2,44008.52
220564,2024,3,44008.52
220564,2024,4,44008.52
220564,2024,5,44008.52
220564,2024,6,44008.52
220564,2024,7,5867.8
220564,2024,11,41074.62
220564,2024,12,44008.52
220564,2025,1,44008.52
220564,2025,2,46366.19
220564,2025,3,46366.19
220564,2025,4,46366.19
220564,2025,5,46366.19
220564,2025,6,46366.19
220564,2025,7,46366.19
220564,2025,8,46366.19
220564,2025,9,46366.19
220564,2025,10,46366.19
220564,2025,11,46366.19
220564,2025,12,46366.19
220564,2026,1,46366.19
220564,2026,2,46366.19
220564,2026,3,0.0
220564,2026,4,0.0
220564,2026,5,0.0
220564,2026,6,9273.24
220564,2026,7,46366.19
220564,2026,8,46366.19
220564,2026,9,46366.19
220565,2023,2,39293.32
220565,2023,3,39293.32
220565,2023,4,41650.92
220565,2023,5,41650.92
220565,2023,6,41650.92
220565,2023,7,41650.92
220565,2023,8,41650.92
220565,2023,9,41650.92
220565,2023,10,41650.92
220565,2023,11,41650.92
220565,2023,12,41650.92
220565,2024,1,41650.92
220565,2024,2,44008.52
220565,2024,3,44008.52
220565,2024,4,44008.52
220565,2024,5,44008.52
220565,2024,6,44008.52
220565,2024,7,44008.52
220565,2024,8,44008.52
220565,2024,9,44008.52
220565,2024,10,44008.52
220565,2024,11,44008.52
220565,2024,12,44008.52
220565,2025,1,44008.52
220565,2025,2,46366.19
220565,2025,3,46366.19
220565,2025,4,46366.19
220565,2025,5,46366.19
220565,2025,6,46366.19
220565,2025,7,46366.19
220565,2025,8,46366.19
220565,2025,9,46366.19
220565,2025,10,46366.19
220565,2025,11,46366.19
220565,2025,12,57022.65
220565,2026,1,46366.19
220565,2026,2,46366.19
220565,2026,3,46366.19
220565,2026,4,46366.19
220565,2026,5,46366.19
220565,2026,6,46366.19
220565,2026,7,46366.19
220565,2026,8,46366.19
220565,2026,9,46366.19
220566,2023,2,39293.32
220566,2023,3,39293.32
220566,2023,4,41650.92
220566,2023,5,41650.92
220566,2023,6,41650.92
220566,2023,7,41650.92
220566,2023,8,41650.92
220566,2023,9,41650.92
220566,2023,10,41650.92
220566,2023,11,41650.92
220566,2023,12,41650.92
220566,2024,1,41650.92
220566,2024,2,44008.52
220566,2024,3,44008.52
220566,2024,4,44008.52
220566,2024,5,44008.52
220566,2024,6,44008.52
220566,2024,7,44008.52
220566,2024,8,44008.52
220566,2024,9,44008.52
220566,2024,10,44008.52
220566,2024,11,44008.52
220566,2024,12,44008.52
220566,2025,1,44008.52
220566,2025,2,46366.19
220566,2025,3,46366.19
220566,2025,4,46366.19
220566,2025,5,46366.19
220566,2025,6,46366.19
220566,2025,7,46366.19
220566,2025,8,46366.19
220566,2025,9,46366.19
220566,2025,10,46366.19
220566,2025,11,46366.19
220566,2025,12,46366.19
220566,2026,1,46366.19
220566,2026,2,46366.19
220566,2026,3,46366.19
220566,2026,4,46366.19
220566,2026,5,46366.19
220566,2026,6,46366.19
220566,2026,7,46366.19
220566,2026,8,46366.19
220566,2026,9,46366.19
220567,2023,2,39293.32
220567,2023,3,39293.32
220567,2023,4,41650.92
220567,2023,5,41650.92
220567,2023,6,41650.92
220567,2023,7,41650.92
220567,2023,8,41650.92
220567,2023,9,41650.92
220567,2023,10,41650.92
220567,2023,11,41650.92
220567,2023,12,16660.37
220567,2024,4,29339.01
220567,2024,5,44008.52
220567,2024,6,44008.52
220567,2024,7,44008.52
220567,2024,8,44008.52
220567,2024,9,44008.52
220567,2024,10,44008.52
220567,2024,11,44008.52
220567,2024,12,44008.52
220567,2025,1,44008.52
220567,2025,2,46366.19
220567,2025,3,46366.19
220567,2025,4,46366.19
220567,2025,5,46366.19
220567,2025,6,46366.19
220567,2025,7,46366.19
220567,2025,8,46366.19
220567,2025,9,46366.19
220567,2025,10,46366.19
220567,2025,11,46366.19
220567,2025,12,46366.19
220567,2026,1,46366.19
220567,2026,2,46366.19
220567,2026,3,46366.19
220567,2026,4,46366.19
220567,2026,5,46366.19
220567,2026,6,46366.19
220567,2026,7,46366.19
220567,2026,8,46366.19
220567,2026,9,46366.19
220568,2023,2,39293.32
220568,2023,3,39293.32
220568,2023,4,41650.92
220568,2023,5,41650.92
220568,2023,6,41650.92
220568,2023,7,41650.92
220568,2023,8,41650.92
220568,2023,9,41650.92
220568,2023,10,41650.92
220568,2023,11,41650.92
220568,2023,12,41650.92
220568,2024,1,41650.92
220568,2024,2,44008.52
220568,2024,3,44008.52
220568,2024,4,44008.52
220568,2024,5,44008.52
220568,2024,6,44008.52
220568,2024,7,44008.52
220568,2024,8,44008.52
220568,2024,9,44008.52
220568,2024,10,44008.52
220568,2024,11,44008.52
220568,2024,12,44008.52
220568,2025,1,44008.52
220568,2025,2,46366.19
220568,2025,3,46366.19
220568,2025,4,46366.19
220568,2025,5,46366.19
220568,2025,6,46366.19
220568,2025,7,46366.19
220568,2025,8,46366.19
220568,2025,9,46366.19
220568,2025,10,46366.19
220568,2025,11,46366.19
220568,2025,12,46366.19
220568,2026,1,46366.19
220568,2026,2,46366.19
220568,2026,3,46366.19
220568,2026,4,46366.19
220568,2026,5,46366.19
220568,2026,6,46366.19
220568,2026,7,46366.19
220568,2026,8,46366.19
220568,2026,9,46366.19
220569,2023,2,39293.32
220569,2023,3,39293.32
220569,2023,4,41650.92
220569,2023,5,41650.92
220569,2023,6,41650.92
220569,2023,7,41650.92
220569,2023,8,41650.92
220569,2023,9,41650.92
220569,2023,10,41650.92
220569,2023,11,41650.92
220569,2023,12,41650.92
220569,2024,1,41650.92
220569,2024,2,44008.52
220569,2024,3,44008.52
220569,2024,4,44008.52
220569,2024,5,44008.52
220569,2024,6,44008.52
220569,2024,7,44008.52
220569,2024,8,44008.52
220569,2024,9,44008.52
220569,2024,10,44008.52
220569,2024,11,44008.52
220569,2024,12,44008.52
220569,2025,1,44008.52
220569,2025,2,46366.19
220569,2025,3,46366.19
220569,2025,4,46366.19
220569,2025,5,46366.19
220569,2025,6,46366.19
220569,2025,7,46366.19
220569,2025,8,46366.19
220569,2025,9,46366.19
220569,2025,10,46366.19
220569,2025,11,46366.19
220569,2025,12,46366.19
220569,2026,1,46366.19
220569,2026,2,46366.19
220569,2026,3,46366.19
220569,2026,4,46366.19
220569,2026,5,46366.19
220569,2026,6,46366.19
220569,2026,7,46366.19
220569,2026,8,46366.19
220569,2026,9,46366.19
220570,2023,2,39293.32
220570,2023,3,39293.32
220570,2023,4,41650.92
220570,2023,5,41650.92
220570,2023,6,41650.92
220570,2023,7,41650.92
220570,2023,8,41650.92
220570,2023,9,41650.92
220570,2023,10,41650.92
220570,2023,11,41650.92
220570,2023,12,41650.92
220570,2024,1,41650.92
220570,2024,2,44008.52
220570,2024,3,44008.52
220570,2024,4,44008.52
220570,2024,5,44008.52
220570,2024,6,44008.52
220570,2024,7,44008.52
220570,2024,8,44008.52
220570,2024,9,44008.52
220570,2024,10,44008.52
220570,2024,11,44008.52
220570,2024,12,44008.52
220570,2025,1,44008.52
220570,2025,2,46366.19
220570,2025,3,46366.19
220570,2025,4,46366.19
220570,2025,5,46366.19
220570,2025,6,46366.19
220570,2025,7,46366.19
220570,2025,8,46366.19
220570,2025,9,46366.19
220570,2025,10,46366.19
220570,2025,11,46366.19
220570,2025,12,46366.19
220570,2026,1,46366.19
220570,2026,2,46366.19
220570,2026,3,46366.19
220570,2026,4,46366.19
220570,2026,5,46366.19
220570,2026,6,46366.19
220570,2026,7,46366.19
220570,2026,8,46366.19
220570,2026,9,46366.19
220571,2023,2,39293.32
220571,2023,3,39293.32
220571,2023,4,41650.92
220571,2023,5,41650.92
220571,2023,6,41650.92
220571,2023,7,41650.92
220571,2023,8,41650.92
220571,2023,9,41650.92
220571,2023,10,41650.92
220571,2023,11,41650.92
220571,2023,12,41650.92
220571,2024,1,41650.92
220571,2024,2,44008.52
220571,2024,3,44008.52
220571,2024,4,44008.52
220571,2024,5,44008.52
220571,2024,6,44008.52
220571,2024,7,44008.52
220571,2024,8,44008.52
220571,2024,9,44008.52
220571,2024,10,44008.52
220571,2024,11,44008.52
220571,2024,12,44008.52
220571,2025,1,44008.52
220571,2025,2,46366.19
220571,2025,3,46366.19
220571,2025,4,46366.19
220571,2025,5,46366.19
220571,2025,6,46366.19
220571,2025,7,46366.19
220571,2025,8,46366.19
220571,2025,9,46366.19
220571,2025,10,46366.19
220571,2025,11,46366.19
220571,2025,12,46366.19
220571,2026,1,46366.19
220571,2026,2,46366.19
220571,2026,3,46366.19
220571,2026,4,46366.19
220571,2026,5,46366.19
220571,2026,6,46366.19
220571,2026,7,46366.19
220571,2026,8,46366.19
220571,2026,9,46366.19
220572,2023,2,39293.32
220572,2023,3,39293.32
220572,2023,4,41650.92
220572,2023,5,41650.92
220572,2023,6,41650.92
220572,2023,7,41650.92
220572,2023,8,41650.92
220572,2023,9,41650.92
220572,2023,10,41650.92
220572,2023,11,41650.92
220572,2023,12,41650.92
220572,2024,1,41650.92
220572,2024,2,44008.52
220572,2024,3,44008.52
220572,2024,4,44008.52
220572,2024,5,44008.52
220572,2024,6,44008.52
220572,2024,7,44008.52
220572,2024,8,44008.52
220572,2024,9,44008.52
220572,2024,10,44008.52
220572,2024,11,44008.52
220572,2024,12,44008.52
220572,2025,1,44008.52
220572,2025,2,46366.19
220572,2025,3,46366.19
220572,2025,4,46366.19
220572,2025,5,46366.19
220572,2025,6,46366.19
220572,2025,7,46366.19
220572,2025,8,46366.19
220572,2025,9,46366.19
220572,2025,10,46366.19
220572,2025,11,46366.19
220572,2025,12,46366.19
220572,2026,1,46366.19
220572,2026,2,46366.19
220572,2026,3,46366.19
220572,2026,4,46366.19
220572,2026,5,46366.19
220572,2026,6,46366.19
220572,2026,7,46366.19
220572,2026,8,46366.19
220572,2026,9,46366.19
220573,2023,2,39293.32
220573,2023,3,39293.32
220573,2023,4,41650.92
220573,2023,5,41650.92
220573,2023,6,41650.92
220573,2023,7,41650.92
220573,2023,8,41650.92
220573,2023,9,41650.92
220573,2023,10,41650.92
220573,2023,11,41650.92
220573,2023,12,41650.92
220573,2024,1,41650.92
220573,2024,2,44008.52
220573,2024,3,44008.52
220573,2024,4,44008.52
220573,2024,5,44008.52
220573,2024,6,44008.52
220573,2024,7,44008.52
220573,2024,8,44008.52
220573,2024,9,44008.52
220573,2024,10,44008.52
220573,2024,11,44008.52
220573,2024,12,44008.52
220573,2025,1,44008.52
220573,2025,2,46366.19
220573,2025,3,46366.19
220573,2025,4,46366.19
220573,2025,5,46366.19
220573,2025,6,46366.19
220573,2025,7,46366.19
220573,2025,8,46366.19
220573,2025,9,46366.19
220573,2025,10,46366.19
220573,2025,11,46366.19
220573,2025,12,46366.19
220573,2026,1,46366.19
220573,2026,2,46366.19
220573,2026,3,46366.19
220573,2026,4,46366.19
220573,2026,5,46366.19
220573,2026,6,50642.02
220573,2026,7,46366.19
220573,2026,8,46366.19
220573,2026,9,46366.19
220574,2023,2,39293.32
220574,2023,3,39293.32
220574,2023,4,41650.92
220574,2023,5,41650.92
220574,2023,6,41650.92
220574,2023,7,41650.92
220574,2023,8,41650.92
220574,2023,9,41650.92
220574,2023,10,41650.92
220574,2023,11,41650.92
220574,2023,12,41650.92
220574,2024,1,41650.92
220574,2024,2,44008.52
220574,2024,3,44008.52
220574,2024,4,44008.52
220574,2024,5,44008.52
220574,2024,6,44008.52
220574,2024,7,44008.52
220574,2024,8,44008.52
220574,2024,9,44008.52
220574,2024,10,44008.52
220574,2024,11,44008.52
220574,2024,12,44008.52
220574,2025,1,44008.52
220574,2025,2,46366.19
220574,2025,3,46366.19
220574,2025,4,46366.19
220574,2025,5,46366.19
220574,2025,6,46366.19
220574,2025,7,46366.19
220574,2025,8,46366.19
220574,2025,9,46366.19
220574,2025,10,46366.19
220574,2025,11,46366.19
220574,2025,12,46366.19
220574,2026,1,46366.19
220574,2026,2,46366.19
220574,2026,3,46366.19
220574,2026,4,46366.19
220574,2026,5,46366.19
220574,2026,6,46366.19
220574,2026,7,46366.19
220574,2026,8,46366.19
220574,2026,9,46366.19
220575,2023,2,39293.32
220575,2023,3,39293.32
220575,2023,4,41650.92
220575,2023,5,41650.92
220575,2023,6,41650.92
220575,2023,7,41650.92
220575,2023,8,41650.92
220575,2023,9,41650.92
220575,2023,10,41650.92
220575,2023,11,41650.92
220575,2023,12,41650.92
220575,2024,1,41650.92
220575,2024,2,44008.52
220575,2024,3,44008.52
220575,2024,4,44008.52
220575,2024,5,44008.52
220575,2024,6,44008.52
220575,2024,7,44008.52
220575,2024,8,44008.52
220575,2024,9,44008.52
220575,2024,10,44008.52
220575,2024,11,44008.52
220575,2024,12,44008.52
220575,2025,1,44008.52
220575,2025,2,46366.19
220575,2025,3,46366.19
220575,2025,4,46366.19
220575,2025,5,46366.19
220575,2025,6,46366.19
220575,2025,7,46366.19
220575,2025,8,7286.37
220575,2025,10,0.0
220576,2023,2,39293.32
220576,2023,3,39293.32
220576,2023,4,41650.92
220576,2023,5,41650.92
220576,2023,6,41650.92
220576,2023,7,41650.92
220576,2023,8,41650.92
220576,2023,9,41650.92
220576,2023,10,41650.92
220576,2023,11,41650.92
220576,2023,12,41650.92
220576,2024,1,41650.92
220576,2024,2,44008.52
220576,2024,3,44008.52
220576,2024,4,44008.52
220576,2024,5,44008.52
220576,2024,6,44008.52
220576,2024,7,44008.52
220576,2024,8,44008.52
220576,2024,9,44008.52
220576,2024,10,44008.52
220576,2024,11,44008.52
220576,2024,12,44008.52
220576,2025,1,44008.52
220576,2025,2,46366.19
220576,2025,3,46366.19
220576,2025,4,46366.19
220576,2025,5,46366.19
220576,2025,6,46366.19
220576,2025,7,46366.19
220576,2025,8,46366.19
220576,2025,9,46366.19
220576,2025,10,46366.19
220576,2025,11,46366.19
220576,2025,12,46366.19
220576,2026,1,46366.19
220576,2026,2,46366.19
220576,2026,3,46366.19
220576,2026,4,46366.19
220576,2026,5,46366.19
220576,2026,6,46366.19
220576,2026,7,46366.19
220576,2026,8,46366.19
220576,2026,9,46366.19
220577,2023,2,39293.32
220577,2023,3,39293.32
220577,2023,4,41650.92
220577,2023,5,41650.92
220577,2023,6,41650.92
220577,2023,7,41650.92
220577,2023,8,41650.92
220577,2023,9,41650.92
220577,2023,10,41650.92
220577,2023,11,41650.92
220577,2023,12,41650.92
220577,2024,1,41650.92
220577,2024,2,44008.52
220577,2024,3,44008.52
220577,2024,4,44008.52
220577,2024,5,44008.52
220577,2024,6,44008.52
220577,2024,7,44008.52
220577,2024,8,44008.52
220577,2024,9,44008.52
220577,2024,10,44008.52
220577,2024,11,44008.52
220577,2024,12,44008.52
220577,2025,1,44008.52
220577,2025,2,46366.19
220577,2025,3,46366.19
220577,2025,4,46366.19
220577,2025,5,46366.19
220577,2025,6,46366.19
220577,2025,7,46366.19
220577,2025,8,4935.96
220577,2025,10,0.0
220578,2023,2,39293.32
220578,2023,3,39293.32
220578,2023,4,41650.92
220578,2023,5,41650.92
220578,2023,6,41650.92
220578,2023,7,41650.92
220578,2023,8,41650.92
220578,2023,9,41650.92
220578,2023,10,41650.92
220578,2023,11,41650.92
220578,2023,12,41650.92
220578,2024,1,41650.92
220578,2024,2,44008.52
220578,2024,3,44008.52
220578,2024,4,44008.52
220578,2024,5,44008.52
220578,2024,6,44008.52
220578,2024,7,44008.52
220578,2024,8,44008.52
220578,2024,9,44008.52
220578,2024,10,44008.52
220578,2024,11,44008.52
220578,2024,12,44008.52
220578,2025,1,44008.52
220578,2025,2,46366.19
220578,2025,3,46366.19
220578,2025,4,46366.19
220578,2025,5,46366.19
220578,2025,6,46366.19
220578,2025,7,46366.19
220578,2025,8,46366.19
220578,2025,9,56559.03
220578,2025,10,46366.19
220578,2025,11,46366.19
220578,2025,12,46366.19
220578,2026,1,46366.19
220578,2026,2,46366.19
220578,2026,3,46366.19
220578,2026,4,46366.19
220578,2026,5,46366.19
220578,2026,6,46366.19
220578,2026,7,46366.19
220578,2026,8,46366.19
220578,2026,9,46366.19
220579,2023,2,39293.32
220579,2023,3,39293.32
220579,2023,4,41650.92
220579,2023,5,41650.92
220579,2023,6,41650.92
220579,2023,7,41650.92
220579,2023,8,41650.92
220579,2023,9,41650.92
220579,2023,10,41650.92
220579,2023,11,41650.92
220579,2023,12,41650.92
220579,2024,1,41650.92
220579,2024,2,44008.52
220579,2024,3,44008.52
220579,2024,4,44008.52
220579,2024,5,44008.52
220579,2024,6,44008.52
220579,2024,7,44008.52
220579,2024,8,44008.52
220579,2024,9,44008.52
220579,2024,10,44008.52
220579,2024,11,44008.52
220579,2024,12,44008.52
220579,2025,1,44008.52
220579,2025,2,46366.19
220579,2025,3,46366.19
220579,2025,4,46366.19
220579,2025,5,46366.19
220579,2025,6,46366.19
220579,2025,7,46366.19
220579,2025,8,5720.91
220579,2025,10,0.0
220580,2023,2,39293.32
220580,2023,3,39293.32
220580,2023,4,41650.92
220580,2023,5,41650.92
220580,2023,6,41650.92
220580,2023,7,41650.92
220580,2023,8,41650.92
220580,2023,9,41650.92
220580,2023,10,41650.92
220580,2023,11,41650.92
220580,2023,12,41650.92
220580,2024,1,41650.92
220580,2024,2,44008.52
220580,2024,3,44008.52
220580,2024,4,44008.52
220580,2024,5,44008.52
220580,2024,6,44008.52
220580,2024,7,44008.52
220580,2024,8,44008.52
220580,2024,9,44008.52
220580,2024,10,44008.52
220580,2024,11,44008.52
220580,2024,12,44008.52
220580,2025,1,44008.52
220580,2025,2,46366.19
220580,2025,3,46366.19
220580,2025,4,46366.19
220580,2025,5,46366.19
220580,2025,6,46366.19
220580,2025,7,46366.19
220580,2025,8,5426.16
220580,2025,10,0.0
220581,2023,2,39293.32
220581,2023,3,39293.32
220581,2023,4,41650.92
220581,2023,5,41650.92
220581,2023,6,41650.92
220581,2023,7,41650.92
220581,2023,8,41650.92
220581,2023,9,41650.92
220581,2023,10,41650.92
220581,2023,11,41650.92
220581,2023,12,41650.92
220581,2024,1,41650.92
220581,2024,2,44008.52
220581,2024,3,44008.52
220581,2024,4,44008.52
220581,2024,5,44008.52
220581,2024,6,44008.52
220581,2024,7,44008.52
220581,2024,8,44008.52
220581,2024,9,44008.52
220581,2024,10,44008.52
220581,2024,11,44008.52
220581,2024,12,44008.52
220581,2025,1,44008.52
220581,2025,2,46366.19
220581,2025,3,46366.19
220581,2025,4,46366.19
220581,2025,5,46366.19
220581,2025,6,46366.19
220581,2025,7,46366.19
220581,2025,8,46366.19
220581,2025,9,46366.19
220581,2025,10,46366.19
220581,2025,11,46366.19
220581,2025,12,46366.19
220581,2026,1,46366.19
220581,2026,2,46366.19
220581,2026,3,46366.19
220581,2026,4,46366.19
220581,2026,5,46366.19
220581,2026,6,46366.19
220581,2026,7,46366.19
220581,2026,8,46366.19
220581,2026,9,46366.19
220582,2023,2,39293.32
220582,2023,3,39293.32
220582,2023,4,41650.92
220582,2023,5,41650.92
220582,2023,6,41650.92
220582,2023,7,41650.92
220582,2023,8,41650.92
220582,2023,9,41650.92
220582,2023,10,41650.92
220582,2023,11,41650.92
220582,2023,12,41650.92
220582,2024,1,41650.92
220582,2024,2,44008.52
220582,2024,3,44008.52
220582,2024,4,44008.52
220582,2024,5,44008.52
220582,2024,6,44008.52
220582,2024,7,44008.52
220582,2024,8,44008.52
220582,2024,9,44008.52
220582,2024,10,44008.52
220582,2024,11,44008.52
220582,2024,12,44008.52
220582,2025,1,44008.52
220582,2025,2,46366.19
220582,2025,3,46366.19
220582,2025,4,46366.19
220582,2025,5,46366.19
220582,2025,6,46366.19
220582,2025,7,46366.19
220582,2025,8,46366.19
220582,2025,9,46366.19
220582,2025,10,46366.19
220582,2025,11,46366.19
220582,2025,12,46366.19
220582,2026,1,46366.19
220582,2026,2,46366.19
220582,2026,3,46366.19
220582,2026,4,46366.19
220582,2026,5,46366.19
220582,2026,6,46366.19
220582,2026,7,46366.19
220582,2026,8,46366.19
220582,2026,9,46366.19
220583,2023,2,39293.32
220583,2023,3,39293.32
220583,2023,4,41650.92
220583,2023,5,41650.92
220583,2023,6,41650.92
220583,2023,7,41650.92
220583,2023,8,41650.92
220583,2023,9,41650.92
220583,2023,10,41650.92
220583,2023,11,41650.92
220583,2023,12,41650.92
220583,2024,1,41650.92
220583,2024,2,44008.52
220583,2024,3,44008.52
220583,2024,4,44008.52
220583,2024,5,44008.52
220583,2024,6,44008.52
220583,2024,7,44008.52
220583,2024,8,44008.52
220583,2024,9,44008.52
220583,2024,10,44008.52
220583,2024,11,44008.52
220583,2024,12,44008.52
220583,2025,1,44008.52
220583,2025,2,46366.19
220583,2025,3,46366.19
220583,2025,4,46366.19
220583,2025,5,46366.19
220583,2025,6,46366.19
220583,2025,7,46366.19
220583,2025,8,46366.19
220583,2025,9,46366.19
220583,2025,10,46366.19
220583,2025,11,46366.19
220583,2025,12,46366.19
220583,2026,1,46366.19
220583,2026,2,46366.19
220583,2026,3,46366.19
220583,2026,4,46366.19
220583,2026,5,46366.19
220583,2026,6,46366.19
220583,2026,7,46366.19
220583,2026,8,46366.19
220583,2026,9,46366.19
220584,2023,2,39293.32
220584,2023,3,39293.32
220584,2023,4,41650.92
220584,2023,5,41650.92
220584,2023,6,41650.92
220584,2023,7,41650.92
220584,2023,8,41650.92
220584,2023,9,41650.92
220584,2023,10,41650.92
220584,2023,11,41650.92
220584,2023,12,41650.92
220584,2024,1,41650.92
220584,2024,2,44008.52
220584,2024,3,44008.52
220584,2024,4,44008.52
220584,2024,5,44008.52
220584,2024,6,44008.52
220584,2024,7,44008.52
220584,2024,8,44008.52
220584,2024,9,44008.52
220584,2024,10,44008.52
220584,2024,11,44008.52
220584,2024,12,44008.52
220584,2025,1,44008.52
220584,2025,2,46366.19
220584,2025,3,46366.19
220584,2025,4,46366.19
220584,2025,5,46366.19
220584,2025,6,46366.19
220584,2025,7,46366.19
220584,2025,8,46366.19
220584,2025,9,46366.19
220584,2025,10,46366.19
220584,2025,11,46366.19
220584,2025,12,46366.19
220584,2026,1,46366.19
220584,2026,2,46366.19
220584,2026,3,46366.19
220584,2026,4,46366.19
220584,2026,5,46366.19
220584,2026,6,0.0
220584,2026,9,6182.16
220585,2023,2,39293.32
220585,2023,3,39293.32
220585,2023,4,41650.92
220585,2023,5,41650.92
220585,2023,6,41650.92
220585,2023,7,41650.92
220585,2023,8,41650.92
220585,2023,9,41650.92
220585,2023,10,41650.92
220585,2023,11,41650.92
220585,2023,12,41650.92
220585,2024,1,41650.92
220585,2024,2,44008.52
220585,2024,3,44008.52
220585,2024,4,44008.52
220585,2024,5,44008.52
220585,2024,6,44008.52
220585,2024,7,1466.95
220585,2024,11,44008.52
220585,2024,12,43851.71
220585,2025,1,44008.52
220585,2025,2,46366.19
220585,2025,3,46366.19
220585,2025,4,46366.19
220585,2025,5,46366.19
220585,2025,6,46366.19
220585,2025,7,46366.19
220585,2025,8,46366.19
220585,2025,9,46366.19
220585,2025,10,46366.19
220585,2025,11,46366.19
220585,2025,12,46366.19
220585,2026,1,46366.19
220585,2026,2,46366.19
220585,2026,3,46366.19
220585,2026,4,46366.19
220585,2026,5,46366.19
220585,2026,6,46366.19
220585,2026,7,46366.19
220585,2026,8,46366.19
220585,2026,9,46366.19
220586,2023,2,39293.32
220586,2023,3,39293.32
220586,2023,4,41650.92
220586,2023,5,41650.92
220586,2023,6,41650.92
220586,2023,7,41650.92
220586,2023,8,41650.92
220586,2023,9,41650.92
220586,2023,10,41650.92
220586,2023,11,41650.92
220586,2023,12,41650.92
220586,2024,1,41650.92
220586,2024,2,44008.52
220586,2024,3,44008.52
220586,2024,4,44008.52
220586,2024,5,44008.52
220586,2024,6,44008.52
220586,2024,7,44008.52
220586,2024,8,44008.52
220586,2024,9,44008.52
220586,2024,10,44008.52
220586,2024,11,44008.52
220586,2024,12,44008.52
220586,2025,1,44008.52
220586,2025,2,46366.19
220586,2025,3,46366.19
220586,2025,4,46366.19
220586,2025,5,46366.19
220586,2025,6,46366.19
220586,2025,7,46366.19
220586,2025,8,46366.19
220586,2025,9,46366.19
220586,2025,10,46366.19
220586,2025,11,46366.19
220586,2025,12,46366.19
220586,2026,1,46366.19
220586,2026,2,46366.19
220586,2026,3,46366.19
220586,2026,4,46366.19
220586,2026,5,46366.19
220586,2026,6,46366.19
220586,2026,7,46366.19
220586,2026,8,46366.19
220586,2026,9,46366.19
220587,2023,2,39293.32
220587,2023,3,39293.32
220587,2023,4,41650.92
220587,2023,5,41650.92
220587,2023,6,41650.92
220587,2023,7,41650.92
220587,2023,8,41650.92
220587,2023,9,41650.92
220587,2023,10,41650.92
220587,2023,11,41650.92
220587,2023,12,41650.92
220587,2024,1,41650.92
220587,2024,2,44008.52
220587,2024,3,44008.52
220587,2024,4,44008.52
220587,2024,5,44008.52
220587,2024,6,44008.52
220587,2024,7,44008.52
220587,2024,8,44008.52
220587,2024,9,44008.52
220587,2024,10,44008.52
220587,2024,11,44008.52
220587,2024,12,44008.52
220587,2025,1,0.0
220587,2025,2,14.69
220588,2023,2,39293.32
220588,2023,3,39293.32
220588,2023,4,41650.92
220588,2023,5,41650.92
220588,2023,6,41650.92
220588,2023,7,41650.92
220588,2023,8,41650.92
220588,2023,9,41650.92
220588,2023,10,41650.92
220588,2023,11,41650.92
220588,2023,12,41650.92
220588,2024,1,41650.92
220588,2024,2,44008.52
220588,2024,3,44008.52
220588,2024,4,44008.52
220588,2024,5,44008.52
220588,2024,6,44008.52
220588,2024,7,44008.52
220588,2024,8,44008.52
220588,2024,9,44008.52
220588,2024,10,44008.52
220588,2024,11,44008.52
220588,2024,12,44008.52
220588,2025,1,44008.52
220588,2025,2,46366.19
220588,2025,3,46366.19
220588,2025,4,46366.19
220588,2025,5,46366.19
220588,2025,6,46366.19
220588,2025,7,46366.19
220588,2025,8,46366.19
220588,2025,9,46366.19
220588,2025,10,46366.19
220588,2025,11,46366.19
220588,2025,12,46366.19
220588,2026,1,46366.19
220588,2026,2,46366.19
220588,2026,3,46366.19
220588,2026,4,46366.19
220588,2026,5,46366.19
220588,2026,6,46366.19
220588,2026,7,46366.19
220588,2026,8,46366.19
220588,2026,9,46366.19
220589,2023,2,39293.32
220589,2023,3,39293.32
220589,2023,4,41650.92
220589,2023,5,41650.92
220589,2023,6,41650.92
220589,2023,7,41650.92
220589,2023,8,41650.92
220589,2023,9,41650.92
220589,2023,10,41650.92
220589,2023,11,41650.92
220589,2023,12,18048.73
220589,2024,4,27872.06
220589,2024,5,44008.52
220589,2024,6,44008.52
220589,2024,7,44008.52
220589,2024,8,44008.52
220589,2024,9,44008.52
220589,2024,10,44008.52
220589,2024,11,44008.52
220589,2024,12,44008.52
220589,2025,1,44008.52
220589,2025,2,46366.19
220589,2025,3,46366.19
220589,2025,4,46366.19
220589,2025,5,46366.19
220589,2025,6,46366.19
220589,2025,7,46366.19
220589,2025,8,46366.19
220589,2025,9,46366.19
220589,2025,10,46366.19
220589,2025,11,46366.19
220589,2025,12,46366.19
220589,2026,1,46366.19
220589,2026,2,46366.19
220589,2026,3,46366.19
220589,2026,4,46366.19
220589,2026,5,46366.19
220589,2026,6,46366.19
220589,2026,7,46366.19
220589,2026,8,46366.19
220589,2026,9,46366.19
220590,2023,2,39293.32
220590,2023,3,39293.32
220590,2023,4,41650.92
220590,2023,5,41650.92
220590,2023,6,41650.92
220590,2023,7,41650.92
220590,2023,8,41650.92
220590,2023,9,41650.92
220590,2023,10,41650.92
220590,2023,11,41650.92
220590,2023,12,41650.92
220590,2024,1,41650.92
220590,2024,2,44008.52
220590,2024,3,44008.52
220590,2024,4,44008.52
220590,2024,5,44008.52
220590,2024,6,44008.52
220590,2024,7,44008.52
220590,2024,8,44008.52
220590,2024,9,44008.52
220590,2024,10,44008.52
220590,2024,11,44008.52
220590,2024,12,44008.52
220590,2025,1,44008.52
220590,2025,2,46366.19
220590,2025,3,46366.19
220590,2025,4,46366.19
220590,2025,5,46366.19
220590,2025,6,46366.19
220590,2025,7,46366.19
220590,2025,8,46366.19
220590,2025,9,46366.19
220590,2025,10,46366.19
220590,2025,11,46366.19
220590,2025,12,46366.19
220590,2026,1,46366.19
220590,2026,2,46366.19
220590,2026,3,46366.19
220590,2026,4,46366.19
220590,2026,5,46366.19
220590,2026,6,46366.19
220590,2026,7,46366.19
220590,2026,8,46366.19
220590,2026,9,46366.19
220591,2023,2,39293.32
220591,2023,3,39293.32
220591,2023,4,41650.92
220591,2023,5,41650.92
220591,2023,6,41650.92
220591,2023,7,41650.92
220591,2023,8,41650.92
220591,2023,9,41650.92
220591,2023,10,41650.92
220591,2023,11,41650.92
220591,2023,12,41650.92
220591,2024,1,41650.92
220591,2024,2,44008.52
220591,2024,3,44008.52
220591,2024,4,44008.52
220591,2024,5,44008.52
220591,2024,6,44008.52
220591,2024,7,44008.52
220591,2024,8,44008.52
220591,2024,9,44008.52
220591,2024,10,44008.52
220591,2024,11,44008.52
220591,2024,12,44008.52
220591,2025,1,44008.52
220591,2025,2,46366.19
220591,2025,3,46366.19
220591,2025,4,46366.19
220591,2025,5,46366.19
220591,2025,6,46366.19
220591,2025,7,46366.19
220591,2025,8,46366.19
220591,2025,9,46366.19
220591,2025,10,46366.19
220591,2025,11,46366.19
220591,2025,12,46366.19
220591,2026,1,46366.19
220591,2026,2,46366.19
220591,2026,3,46366.19
220591,2026,4,46366.19
220591,2026,5,46366.19
220591,2026,6,46366.19
220591,2026,7,46366.19
220591,2026,8,46366.19
220591,2026,9,46366.19
220592,2023,2,39293.32
220592,2023,3,39293.32
220592,2023,4,41650.92
220592,2023,5,41650.92
220592,2023,6,41650.92
220592,2023,7,41650.92
220592,2023,8,41650.92
220592,2023,9,41650.92
220592,2023,10,41650.92
220592,2023,11,41650.92
220592,2023,12,41650.92
220592,2024,1,41650.92
220592,2024,2,44008.52
220592,2024,3,44008.52
220592,2024,4,44008.52
220592,2024,5,44008.52
220592,2024,6,44008.52
220592,2024,7,44008.52
220592,2024,8,44008.52
220592,2024,9,44008.52
220592,2024,10,44008.52
220592,2024,11,44008.52
220592,2024,12,44008.52
220592,2025,1,44008.52
220592,2025,2,46366.19
220592,2025,3,46366.19
220592,2025,4,46366.19
220592,2025,5,46366.19
220592,2025,6,46366.19
220592,2025,7,46366.19
220592,2025,8,46366.19
220592,2025,9,46366.19
220592,2025,10,46366.19
220592,2025,11,46366.19
220592,2025,12,46366.19
220592,2026,1,46366.19
220592,2026,2,46366.19
220592,2026,3,46366.19
220592,2026,4,46366.19
220592,2026,5,46366.19
220592,2026,6,46366.19
220592,2026,7,46366.19
220592,2026,8,46366.19
220592,2026,9,46366.19
220593,2023,2,39293.32
220593,2023,3,39293.32
220593,2023,4,41650.92
220593,2023,5,41650.92
220593,2023,6,41650.92
220593,2023,7,41650.92
220593,2023,8,41650.92
220593,2023,9,41650.92
220593,2023,10,41650.92
220593,2023,11,41650.92
220593,2023,12,41650.92
220593,2024,1,41650.92
220593,2024,2,44008.52
220593,2024,3,44008.52
220593,2024,4,44008.52
220593,2024,5,44008.52
220593,2024,6,44008.52
220593,2024,7,44008.52
220593,2024,8,44008.52
220593,2024,9,44008.52
220593,2024,10,44008.52
220593,2024,11,44008.52
220593,2024,12,44008.52
220593,2025,1,0.0
220594,2023,2,39293.32
220594,2023,3,39293.32
220594,2023,4,41650.92
220594,2023,5,41650.92
220594,2023,6,41650.92
220594,2023,7,41650.92
220594,2023,8,41650.92
220594,2023,9,41650.92
220594,2023,10,41650.92
220594,2023,11,41650.92
220594,2023,12,41650.92
220594,2024,1,41650.92
220594,2024,2,44008.52
220594,2024,3,44008.52
220594,2024,4,44008.52
220594,2024,5,44008.52
220594,2024,6,44008.52
220594,2024,7,44008.52
220594,2024,8,44008.52
220594,2024,9,44008.52
220594,2024,10,44008.52
220594,2024,11,44008.52
220594,2024,12,44008.52
220594,2025,1,44008.52
220594,2025,2,46366.19
220594,2025,3,46366.19
220594,2025,4,46366.19
220594,2025,5,46366.19
220594,2025,6,46366.19
220594,2025,7,46366.19
220594,2025,8,46366.19
220594,2025,9,46366.19
220594,2025,10,46366.19
220594,2025,11,46366.19
220594,2025,12,46366.19
220594,2026,1,46366.19
220594,2026,2,46366.19
220594,2026,3,46366.19
220594,2026,4,46366.19
220594,2026,5,46366.19
220594,2026,6,46366.19
220594,2026,7,46366.19
220594,2026,8,46366.19
220594,2026,9,46366.19
220595,2023,2,39293.32
220595,2023,3,39293.32
220595,2023,4,41650.92
220595,2023,5,41650.92
220595,2023,6,41650.92
220595,2023,7,41650.92
220595,2023,8,41650.92
220595,2023,9,41650.92
220595,2023,10,41650.92
220595,2023,11,41650.92
220595,2023,12,41650.92
220595,2024,1,41650.92
220595,2024,2,44008.52
220595,2024,3,44008.52
220595,2024,4,44008.52
220595,2024,5,44008.52
220595,2024,6,44008.52
220595,2024,7,44008.52
220595,2024,8,44008.52
220595,2024,9,44008.52
220595,2024,10,44008.52
220595,2024,11,44008.52
220595,2024,12,44008.52
220595,2025,1,44008.52
220595,2025,2,46366.19
220595,2025,3,46366.19
220595,2025,4,46366.19
220595,2025,5,46366.19
220595,2025,6,46366.19
220595,2025,7,46366.19
220595,2025,8,46366.19
220595,2025,9,46366.19
220595,2025,10,46366.19
220595,2025,11,46366.19
220595,2025,12,46366.19
220595,2026,1,46366.19
220595,2026,2,46366.19
220595,2026,3,46366.19
220595,2026,4,46366.19
220595,2026,5,46366.19
220595,2026,6,46366.19
220595,2026,7,46366.19
220595,2026,8,46366.19
220595,2026,9,46366.19
220596,2023,2,39293.32
220596,2023,3,39293.32
220596,2023,4,41650.92
220596,2023,5,41650.92
220596,2023,6,41650.92
220596,2023,7,41650.92
220596,2023,8,41650.92
220596,2023,9,41650.92
220596,2023,10,41650.92
220596,2023,11,41650.92
220596,2023,12,41650.92
220596,2024,1,41650.92
220596,2024,2,44008.52
220596,2024,3,44008.52
220596,2024,4,44008.52
220596,2024,5,16136.46
220597,2023,2,39293.32
220597,2023,3,39293.32
220597,2023,4,41650.92
220597,2023,5,41650.92
220597,2023,6,41650.92
220597,2023,7,41650.92
220597,2023,8,41650.92
220597,2023,9,41650.92
220597,2023,10,41650.92
220597,2023,11,41650.92
220597,2023,12,41650.92
220597,2024,1,41650.92
220597,2024,2,44008.52
220597,2024,3,44008.52
220597,2024,4,44008.52
220597,2024,5,44008.52
220597,2024,6,44008.52
220597,2024,7,44008.52
220597,2024,8,44008.52
220597,2024,9,44008.52
220597,2024,10,44008.52
220597,2024,11,44008.52
220597,2024,12,44008.52
220597,2025,1,44008.52
220597,2025,2,46366.19
220597,2025,3,46366.19
220597,2025,4,46366.19
220597,2025,5,46366.19
220597,2025,6,46366.19
220597,2025,7,46366.19
220597,2025,8,46366.19
220597,2025,9,46366.19
220597,2025,10,46366.19
220597,2025,11,46366.19
220597,2025,12,46366.19
220597,2026,1,46366.19
220597,2026,2,46366.19
220597,2026,3,46366.19
220597,2026,4,46366.19
220597,2026,5,46366.19
220597,2026,6,46366.19
220597,2026,7,46366.19
220597,2026,8,46366.19
220597,2026,9,46366.19
220598,2023,2,39293.32
220598,2023,3,39293.32
220598,2023,4,41650.92
220598,2023,5,41650.92
220598,2023,6,41650.92
220598,2023,7,41650.92
220598,2023,8,41650.92
220598,2023,9,41650.92
220598,2023,10,41650.92
220598,2023,11,41650.92
220598,2023,12,41650.92
220598,2024,1,41650.92
220598,2024,2,44008.52
220598,2024,3,44008.52
220598,2024,4,44008.52
220598,2024,5,44008.52
220598,2024,6,44008.52
220598,2024,7,44008.52
220598,2024,8,44008.52
220598,2024,9,44008.52
220598,2024,10,44008.52
220598,2024,11,44008.52
220598,2024,12,44008.52
220598,2025,1,44008.52
220598,2025,2,46366.19
220598,2025,3,46366.19
220598,2025,4,46366.19
220598,2025,5,46366.19
220598,2025,6,46366.19
220598,2025,7,46366.19
220598,2025,8,46366.19
220598,2025,9,46366.19
220598,2025,10,46366.19
220598,2025,11,46366.19
220598,2025,12,46366.19
220598,2026,1,46366.19
220598,2026,2,46366.19
220598,2026,3,46366.19
220598,2026,4,46366.19
220598,2026,5,46366.19
220598,2026,6,46366.19
220598,2026,7,46366.19
220598,2026,8,46366.19
220598,2026,9,46366.19
220599,2023,2,39293.32
220599,2023,3,39293.32
220599,2023,4,41650.92
220599,2023,5,41650.92
220599,2023,6,41650.92
220599,2023,7,41650.92
220599,2023,8,41650.92
220599,2023,9,41650.92
220599,2023,10,41650.92
220599,2023,11,41650.92
220599,2023,12,41650.92
220599,2024,1,41650.92
220599,2024,2,44008.52
220599,2024,3,44008.52
220599,2024,4,44008.52
220599,2024,5,44008.52
220599,2024,6,44008.52
220599,2024,7,44008.52
220599,2024,8,44008.52
220599,2024,9,44008.52
220599,2024,10,44008.52
220599,2024,11,44008.52
220599,2024,12,44008.52
220599,2025,1,44008.52
220599,2025,2,46366.19
220599,2025,3,46366.19
220599,2025,4,46366.19
220599,2025,5,46366.19
220599,2025,6,46366.19
220599,2025,7,46366.19
220599,2025,8,46366.19
220599,2025,9,46366.19
220599,2025,10,46366.19
220599,2025,11,46366.19
220599,2025,12,46366.19
220599,2026,1,46366.19
220599,2026,2,46366.19
220599,2026,3,46366.19
220599,2026,4,46366.19
220599,2026,5,46366.19
220599,2026,6,46366.19
220599,2026,7,46366.19
220599,2026,8,46366.19
220599,2026,9,46366.19
220600,2023,2,39293.32
220600,2023,3,39293.32
220600,2023,4,41650.92
220600,2023,5,41650.92
220600,2023,6,41650.92
220600,2023,7,41650.92
220600,2023,8,41650.92
220600,2023,9,41650.92
220600,2023,10,41650.92
220600,2023,11,41650.92
220600,2023,12,41650.92
220600,2024,1,41650.92
220600,2024,2,44008.52
220600,2024,3,44008.52
220600,2024,4,44008.52
220600,2024,5,44008.52
220600,2024,6,44008.52
220600,2024,7,44008.52
220600,2024,8,44008.52
220600,2024,9,44008.52
220600,2024,10,44008.52
220600,2024,11,44008.52
220600,2024,12,44008.52
220600,2025,1,44008.52
220600,2025,2,46366.19
220600,2025,3,46366.19
220600,2025,4,46366.19
220600,2025,5,46366.19
220600,2025,6,46366.19
220600,2025,7,46366.19
220600,2025,8,8333.51
220600,2025,10,0.0
220601,2023,2,39293.32
220601,2023,3,39293.32
220601,2023,4,41650.92
220601,2023,5,41650.92
220601,2023,6,41650.92
220601,2023,7,41650.92
220601,2023,8,41650.92
220601,2023,9,41650.92
220601,2023,10,41650.92
220601,2023,11,41650.92
220601,2023,12,41650.92
220601,2024,1,41650.92
220601,2024,2,44008.52
220601,2024,3,44008.52
220601,2024,4,44008.52
220601,2024,5,44008.52
220601,2024,6,44008.52
220601,2024,7,44008.52
220601,2024,8,44008.52
220601,2024,9,44008.52
220601,2024,10,44008.52
220601,2024,11,44008.52
220601,2024,12,44008.52
220602,2023,2,39293.32
220602,2023,3,39293.32
220602,2023,4,41650.92
220602,2023,5,41650.92
220602,2023,6,41650.92
220602,2023,7,41650.92
220602,2023,8,41650.92
220602,2023,9,41650.92
220602,2023,10,41650.92
220602,2023,11,41650.92
220602,2023,12,41650.92
220602,2024,1,41650.92
220602,2024,2,44008.52
220602,2024,3,44008.52
220602,2024,4,44008.52
220602,2024,5,44008.52
220602,2024,6,44008.52
220602,2024,7,44008.52
220602,2024,8,44008.52
220602,2024,9,44008.52
220602,2024,10,44008.52
220602,2024,11,44008.52
220602,2024,12,44008.52
220602,2025,1,44008.52
220602,2025,2,46366.19
220602,2025,3,46366.19
220602,2025,4,46366.19
220602,2025,5,46366.19
220602,2025,6,46366.19
220602,2025,7,46366.19
220602,2025,8,46366.19
220602,2025,9,46366.19
220602,2025,10,46366.19
220602,2025,11,46366.19
220602,2025,12,46366.19
220602,2026,1,46366.19
220602,2026,2,46366.19
220602,2026,3,46366.19
220602,2026,4,46366.19
220602,2026,5,46366.19
220602,2026,6,46366.19
220602,2026,7,46366.19
220602,2026,8,46366.19
220602,2026,9,46366.19
220603,2023,2,39293.32
220603,2023,3,39293.32
220603,2023,4,41650.92
220603,2023,5,41650.92
220603,2023,6,41650.92
220603,2023,7,41650.92
220603,2023,8,41650.92
220603,2023,9,41650.92
220603,2023,10,41650.92
220603,2023,11,41650.92
220603,2023,12,41650.92
220603,2024,1,41650.92
220603,2024,2,44008.52
220603,2024,3,44008.52
220603,2024,4,44008.52
220603,2024,5,44008.52
220603,2024,6,44008.52
220603,2024,7,44008.52
220603,2024,8,44008.52
220603,2024,9,44008.52
220603,2024,10,44008.52
220603,2024,11,44008.52
220603,2024,12,44008.52
220603,2025,1,44008.52
220603,2025,2,46366.19
220603,2025,3,46366.19
220603,2025,4,46366.19
220603,2025,5,46366.19
220603,2025,6,46366.19
220603,2025,7,46366.19
220603,2025,8,46366.19
220603,2025,9,46366.19
220603,2025,10,46366.19
220603,2025,11,46366.19
220603,2025,12,46366.19
220603,2026,1,46366.19
220603,2026,2,46366.19
220603,2026,3,46366.19
220603,2026,4,46366.19
220603,2026,5,46366.19
220603,2026,6,46366.19
220603,2026,7,46366.19
220603,2026,8,46366.19
220603,2026,9,46366.19
220604,2023,2,39293.32
220604,2023,3,39293.32
220604,2023,4,41650.92
220604,2023,5,41650.92
220604,2023,6,41650.92
220604,2023,7,41650.92
220604,2023,8,41650.92
220604,2023,9,41650.92
220604,2023,10,41650.92
220604,2023,11,41650.92
220604,2023,12,41650.92
220604,2024,1,41650.92
220604,2024,2,44008.52
220604,2024,3,44008.52
220604,2024,4,44008.52
220604,2024,5,44008.52
220604,2024,6,44008.52
220604,2024,7,44008.52
220604,2024,8,44008.52
220604,2024,9,44008.52
220604,2024,10,44008.52
220604,2024,11,44008.52
220604,2024,12,44008.52
220604,2025,1,44008.52
220604,2025,2,46366.19
220604,2025,3,46366.19
220604,2025,4,46366.19
220604,2025,5,46366.19
220604,2025,6,46366.19
220604,2025,7,46366.19
220604,2025,8,46366.19
220604,2025,9,46366.19
220604,2025,10,46366.19
220604,2025,11,46366.19
220604,2025,12,46366.19
220604,2026,1,46366.19
220604,2026,2,46366.19
220604,2026,3,46366.19
220604,2026,4,46366.19
220604,2026,5,46366.19
220604,2026,6,46366.19
220604,2026,7,46366.19
220604,2026,8,46366.19
220604,2026,9,46366.19
220605,2023,2,39293.32
220605,2023,3,39293.32
220605,2023,4,41650.92
220605,2023,5,41650.92
220605,2023,6,41650.92
220605,2023,7,41650.92
220605,2023,8,41650.92
220605,2023,9,41650.92
220605,2023,10,41650.92
220605,2023,11,41650.92
220605,2023,12,41650.92
220605,2024,1,41650.92
220605,2024,2,44008.52
220605,2024,3,44008.52
220605,2024,4,44008.52
220605,2024,5,44008.52
220605,2024,6,44008.52
220605,2024,7,44008.52
220605,2024,8,44008.52
220605,2024,9,44008.52
220605,2024,10,44008.52
220605,2024,11,44008.52
220605,2024,12,44008.52
220605,2025,1,44008.52
220605,2025,2,46366.19
220605,2025,3,46366.19
220605,2025,4,46366.19
220605,2025,5,46366.19
220605,2025,6,46366.19
220605,2025,7,46366.19
220605,2025,8,46366.19
220605,2025,9,46366.19
220605,2025,10,46366.19
220605,2025,11,46366.19
220605,2025,12,46366.19
220605,2026,1,46366.19
220605,2026,2,46366.19
220605,2026,3,46366.19
220605,2026,4,46366.19
220605,2026,5,46366.19
220605,2026,6,46366.19
220605,2026,7,46366.19
220605,2026,8,46366.19
220605,2026,9,46366.19
220606,2023,2,39293.32
220606,2023,3,39293.32
220606,2023,4,41650.92
220606,2023,5,41650.92
220606,2023,6,41650.92
220606,2023,7,41650.92
220606,2023,8,41650.92
220606,2023,9,41650.92
220606,2023,10,41650.92
220606,2023,11,41650.92
220606,2023,12,41650.92
220606,2024,1,41650.92
220606,2024,2,44008.52
220606,2024,3,44008.52
220606,2024,4,44008.52
220606,2024,5,44008.52
220606,2024,6,44008.52
220606,2024,7,44008.52
220606,2024,8,44008.52
220606,2024,9,44008.52
220606,2024,10,44008.52
220606,2024,11,44008.52
220606,2024,12,44008.52
220606,2025,1,44008.52
220606,2025,2,46366.19
220606,2025,3,46366.19
220606,2025,4,46366.19
220606,2025,5,46366.19
220606,2025,6,46366.19
220606,2025,7,46366.19
220606,2025,8,46366.19
220606,2025,9,46366.19
220606,2025,10,46366.19
220606,2025,11,46366.19
220606,2025,12,46366.19
220606,2026,1,46366.19
220606,2026,2,46366.19
220606,2026,3,46366.19
220606,2026,4,46366.19
220606,2026,5,46366.19
220606,2026,6,46366.19
220606,2026,7,46366.19
220606,2026,8,46366.19
220606,2026,9,46366.19
220607,2023,2,39293.32
220607,2023,3,39293.32
220607,2023,4,41650.92
220607,2023,5,41650.92
220607,2023,6,41650.92
220607,2023,7,41650.92
220607,2023,8,41650.92
220607,2023,9,41650.92
220607,2023,10,41650.92
220607,2023,11,41650.92
220607,2023,12,41650.92
220607,2024,1,41650.92
220607,2024,2,44008.52
220607,2024,3,44008.52
220607,2024,4,44008.52
220607,2024,5,44008.52
220607,2024,6,44008.52
220607,2024,7,44008.52
220607,2024,8,44008.52
220607,2024,9,44008.52
220607,2024,10,44008.52
220607,2024,11,44008.52
220607,2024,12,44008.52
220607,2025,1,44008.52
220607,2025,2,46366.19
220607,2025,3,46366.19
220607,2025,4,46366.19
220607,2025,5,46366.19
220607,2025,6,46366.19
220607,2025,7,46366.19
220607,2025,8,46366.19
220607,2025,9,46366.19
220607,2025,10,46366.19
220607,2025,11,46366.19
220607,2025,12,46366.19
220607,2026,1,46366.19
220607,2026,2,46366.19
220607,2026,3,46366.19
220607,2026,4,46366.19
220607,2026,5,46366.19
220607,2026,6,46366.19
220607,2026,7,46366.19
220607,2026,8,46366.19
220607,2026,9,46366.19
220608,2023,2,39293.32
220608,2023,3,39293.32
220608,2023,4,41650.92
220608,2023,5,41650.92
220608,2023,6,41650.92
220608,2023,7,41650.92
220608,2023,8,41650.92
220608,2023,9,41650.92
220608,2023,10,41650.92
220608,2023,11,41650.92
220608,2023,12,41650.92
220608,2024,1,41650.92
220608,2024,2,44008.52
220608,2024,3,44008.52
220608,2024,4,44008.52
220608,2024,5,44008.52
220608,2024,6,44008.52
220608,2024,7,44008.52
220608,2024,8,44008.52
220608,2024,9,44008.52
220608,2024,10,44008.52
220608,2024,11,44008.52
220608,2024,12,44008.52
220608,2025,1,44008.52
220608,2025,2,46366.19
220608,2025,3,46366.19
220608,2025,4,46366.19
220608,2025,5,46366.19
220608,2025,6,46366.19
220608,2025,7,46366.19
220608,2025,8,46366.19
220608,2025,9,46366.19
220608,2025,10,46366.19
220608,2025,11,46366.19
220608,2025,12,46366.19
220608,2026,1,46366.19
220608,2026,2,46366.19
220608,2026,3,46366.19
220608,2026,4,46366.19
220608,2026,5,46366.19
220608,2026,6,46366.19
220608,2026,7,46366.19
220608,2026,8,46366.19
220608,2026,9,46366.19
220609,2023,2,39293.32
220609,2023,3,39293.32
220609,2023,4,41650.92
220609,2023,5,41650.92
220609,2023,6,41650.92
220609,2023,7,41650.92
220609,2023,8,41650.92
220609,2023,9,41650.92
220609,2023,10,41650.92
220609,2023,11,41650.92
220609,2023,12,41650.92
220609,2024,1,41650.92
220609,2024,2,44008.52
220609,2024,3,44008.52
220609,2024,4,44008.52
220609,2024,5,44008.52
220609,2024,6,44008.52
220609,2024,7,44008.52
220609,2024,8,44008.52
220609,2024,9,44008.52
220609,2024,10,44008.52
220609,2024,11,44008.52
220609,2024,12,44008.52
220609,2025,1,44008.52
220609,2025,2,46366.19
220609,2025,3,46366.19
220609,2025,4,46366.19
220609,2025,5,46366.19
220609,2025,6,46366.19
220609,2025,7,46366.19
220609,2025,8,46366.19
220609,2025,9,46366.19
220609,2025,10,46366.19
220609,2025,11,46366.19
220609,2025,12,46366.19
220609,2026,1,46366.19
220609,2026,2,46366.19
220609,2026,3,46366.19
220609,2026,4,46366.19
220609,2026,5,46366.19
220609,2026,6,46366.19
220609,2026,7,46366.19
220609,2026,8,46366.19
220609,2026,9,46366.19
220610,2023,2,39293.32
220610,2023,3,39293.32
220610,2023,4,41650.92
220610,2023,5,41650.92
220610,2023,6,41650.92
220610,2023,7,41650.92
220610,2023,8,41650.92
220610,2023,9,41650.92
220610,2023,10,41650.92
220610,2023,11,41650.92
220610,2023,12,41650.92
220610,2024,1,41650.92
220610,2024,2,44008.52
220610,2024,3,44008.52
220610,2024,4,44008.52
220610,2024,5,44008.52
220610,2024,6,44008.52
220610,2024,7,44008.52
220610,2024,8,44008.52
220610,2024,9,44008.52
220610,2024,10,44008.52
220610,2024,11,44008.52
220610,2024,12,44008.52
220610,2025,1,44008.52
220610,2025,2,46366.19
220610,2025,3,46366.19
220610,2025,4,46366.19
220610,2025,5,46366.19
220610,2025,6,46366.19
220610,2025,7,46366.19
220610,2025,8,46366.19
220610,2025,9,46366.19
220610,2025,10,46366.19
220610,2025,11,46366.19
220610,2025,12,46366.19
220610,2026,1,46366.19
220610,2026,2,46366.19
220610,2026,3,46366.19
220610,2026,4,46366.19
220610,2026,5,46366.19
220610,2026,6,46366.19
220610,2026,7,46366.19
220610,2026,8,46366.19
220610,2026,9,46366.19
220611,2023,2,39293.32
220611,2023,3,39293.32
220611,2023,4,41650.92
220611,2023,5,41650.92
220611,2023,6,41650.92
220611,2023,7,41650.92
220611,2023,8,41650.92
220611,2023,9,41650.92
220611,2023,10,41650.92
220611,2023,11,41650.92
220611,2023,12,41650.92
220611,2024,1,41650.92
220611,2024,2,44008.52
220611,2024,3,44008.52
220611,2024,4,44008.52
220611,2024,5,44008.52
220611,2024,6,44008.52
220611,2024,7,44008.52
220611,2024,8,44008.52
220611,2024,9,44008.52
220611,2024,10,44008.52
220611,2024,11,44008.52
220611,2024,12,44008.52
220611,2025,1,44008.52
220611,2025,2,46366.19
220611,2025,3,46366.19
220611,2025,4,46366.19
220611,2025,5,46366.19
220611,2025,6,46366.19
220611,2025,7,46366.19
220611,2025,8,46366.19
220611,2025,9,46366.19
220611,2025,10,46366.19
220611,2025,11,46366.19
220611,2025,12,46366.19
220611,2026,1,46366.19
220611,2026,2,46366.19
220611,2026,3,46366.19
220611,2026,4,46366.19
220611,2026,5,46366.19
220611,2026,6,46366.19
220611,2026,7,46366.19
220611,2026,8,46366.19
220611,2026,9,46366.19
220612,2023,2,39293.32
220612,2023,3,39293.32
220612,2023,4,41650.92
220612,2023,5,41650.92
220612,2023,6,41650.92
220612,2023,7,41650.92
220612,2023,8,41650.92
220612,2023,9,41650.92
220612,2023,10,41650.92
220612,2023,11,41650.92
220612,2023,12,41650.92
220612,2024,1,41650.92
220612,2024,2,44008.52
220612,2024,3,44008.52
220612,2024,4,44008.52
220612,2024,5,44008.52
220612,2024,6,44008.52
220612,2024,7,44008.52
220612,2024,8,44008.52
220612,2024,9,44008.52
220612,2024,10,44008.52
220612,2024,11,44008.52
220612,2024,12,44008.52
220612,2025,1,44008.52
220612,2025,2,46366.19
220612,2025,3,46366.19
220612,2025,4,46366.19
220612,2025,5,46366.19
220612,2025,6,46366.19
220612,2025,7,46366.19
220612,2025,8,46366.19
220612,2025,9,46366.19
220612,2025,10,46366.19
220612,2025,11,46366.19
220612,2025,12,46366.19
220612,2026,1,46366.19
220612,2026,2,46366.19
220612,2026,3,46366.19
220612,2026,4,46366.19
220612,2026,5,46366.19
220612,2026,6,46366.19
220612,2026,7,46366.19
220612,2026,8,46366.19
220612,2026,9,46366.19
220613,2023,2,39293.32
220613,2023,3,39293.32
220613,2023,4,41650.92
220613,2023,5,41650.92
220613,2023,6,41650.92
220613,2023,7,41650.92
220613,2023,8,41650.92
220613,2023,9,41650.92
220613,2023,10,41650.92
220613,2023,11,41650.92
220613,2023,12,41650.92
220613,2024,1,41650.92
220613,2024,2,44008.52
220613,2024,3,44008.52
220613,2024,4,44008.52
220613,2024,5,44008.52
220613,2024,6,44008.52
220613,2024,7,44008.52
220613,2024,8,44008.52
220613,2024,9,44008.52
220613,2024,10,44008.52
220613,2024,11,44008.52
220613,2024,12,44008.52
220613,2025,1,44008.52
220613,2025,2,46366.19
220613,2025,3,46366.19
220613,2025,4,46366.19
220613,2025,5,46366.19
220613,2025,6,46366.19
220613,2025,7,46366.19
220613,2025,8,46366.19
220613,2025,9,46366.19
220613,2025,10,46366.19
220613,2025,11,46366.19
220613,2025,12,46366.19
220613,2026,1,46366.19
220613,2026,2,46366.19
220613,2026,3,46366.19
220613,2026,4,46366.19
220613,2026,5,46366.19
220613,2026,6,46366.19
220613,2026,7,46366.19
220613,2026,8,46366.19
220613,2026,9,46366.19
220614,2023,2,39293.32
220614,2023,3,39293.32
220614,2023,4,41650.92
220614,2023,5,41650.92
220614,2023,6,41650.92
220614,2023,7,41650.92
220614,2023,8,41650.92
220614,2023,9,41650.92
220614,2023,10,41650.92
220614,2023,11,41650.92
220614,2023,12,41650.92
220614,2024,1,41650.92
220614,2024,2,44008.52
220614,2024,3,44008.52
220614,2024,4,44008.52
220614,2024,5,44008.52
220614,2024,6,44008.52
220614,2024,7,44008.52
220614,2024,8,44008.52
220614,2024,9,44008.52
220614,2024,10,44008.52
220614,2024,11,44008.52
220614,2024,12,44008.52
220614,2025,1,44008.52
220614,2025,2,46366.19
220614,2025,3,46366.19
220614,2025,4,46366.19
220614,2025,5,46366.19
220614,2025,6,46366.19
220614,2025,7,46366.19
220614,2025,8,46366.19
220614,2025,9,46366.19
220614,2025,10,46366.19
220614,2025,11,46366.19
220614,2025,12,46366.19
220614,2026,1,46366.19
220614,2026,2,46366.19
220614,2026,3,46366.19
220614,2026,4,46366.19
220614,2026,5,46366.19
220614,2026,6,46366.19
220614,2026,7,46366.19
220614,2026,8,46366.19
220614,2026,9,46366.19
220615,2023,2,39293.32
220615,2023,3,39293.32
220615,2023,4,41650.92
220615,2023,5,41650.92
220615,2023,6,41650.92
220615,2023,7,41650.92
220615,2023,8,41650.92
220615,2023,9,41650.92
220615,2023,10,41650.92
220615,2023,11,41650.92
220615,2023,12,41650.92
220615,2024,1,41650.92
220615,2024,2,44008.52
220615,2024,3,44008.52
220615,2024,4,44008.52
220615,2024,5,44008.52
220615,2024,6,44008.52
220615,2024,7,44008.52
220615,2024,8,44008.52
220615,2024,9,44008.52
220615,2024,10,44008.52
220615,2024,11,44008.52
220615,2024,12,44008.52
220615,2025,1,44008.52
220615,2025,2,46366.19
220615,2025,3,46366.19
220615,2025,4,46366.19
220615,2025,5,46366.19
220615,2025,6,46366.19
220615,2025,7,46366.19
220615,2025,8,46366.19
220615,2025,9,46366.19
220615,2025,10,46366.19
220615,2025,11,46366.19
220615,2025,12,46366.19
220615,2026,1,46366.19
220615,2026,2,46366.19
220615,2026,3,46366.19
220615,2026,4,46366.19
220615,2026,5,46366.19
220615,2026,6,46366.19
220615,2026,7,46366.19
220615,2026,8,46366.19
220615,2026,9,46366.19
220616,2023,2,39293.32
220616,2023,3,39293.32
220616,2023,4,41650.92
220616,2023,5,41650.92
220616,2023,6,41650.92
220616,2023,7,41650.92
220616,2023,8,41650.92
220616,2023,9,41650.92
220616,2023,10,41650.92
220616,2023,11,41650.92
220616,2023,12,41650.92
220616,2024,1,41650.92
220616,2024,2,44008.52
220616,2024,3,44008.52
220616,2024,4,44008.52
220616,2024,5,44008.52
220616,2024,6,44008.52
220616,2024,7,44008.52
220616,2024,8,44008.52
220616,2024,9,44008.52
220616,2024,10,44008.52
220616,2024,11,44008.52
220616,2024,12,44008.52
220616,2025,1,44008.52
220616,2025,2,46366.19
220616,2025,3,46366.19
220616,2025,4,46366.19
220616,2025,5,46366.19
220616,2025,6,46366.19
220616,2025,7,46366.19
220616,2025,8,46366.19
220616,2025,9,46366.19
220616,2025,10,46366.19
220616,2025,11,46366.19
220616,2025,12,46366.19
220616,2026,1,46366.19
220616,2026,2,46366.19
220616,2026,3,46366.19
220616,2026,4,46366.19
220616,2026,5,46366.19
220616,2026,6,17000.94
220617,2023,2,39293.32
220617,2023,3,39293.32
220617,2023,4,41650.92
220617,2023,5,41650.92
220617,2023,6,41650.92
220617,2023,7,41650.92
220617,2023,8,41650.92
220617,2023,9,41650.92
220617,2023,10,41650.92
220617,2023,11,41650.92
220617,2023,12,41650.92
220617,2024,1,41650.92
220617,2024,2,44008.52
220617,2024,3,44008.52
220617,2024,4,44008.52
220617,2024,5,44008.52
220617,2024,6,44008.52
220617,2024,7,44008.52
220617,2024,8,44008.52
220617,2024,9,44008.52
220617,2024,10,44008.52
220617,2024,11,44008.52
220617,2024,12,44008.52
220617,2025,1,44008.52
220617,2025,2,46366.19
220617,2025,3,46366.19
220617,2025,4,46366.19
220617,2025,5,46366.19
220617,2025,6,46366.19
220617,2025,7,46366.19
220617,2025,8,46366.19
220617,2025,9,46366.19
220617,2025,10,46366.19
220617,2025,11,46366.19
220617,2025,12,46366.19
220617,2026,1,46366.19
220617,2026,2,46366.19
220617,2026,3,46366.19
220617,2026,4,46366.19
220617,2026,5,46366.19
220617,2026,6,46366.19
220617,2026,7,46366.19
220617,2026,8,46366.19
220617,2026,9,46366.19
220618,2023,2,39293.32
220618,2023,3,39293.32
220618,2023,4,41650.92
220618,2023,5,41650.92
220618,2023,6,41650.92
220618,2023,7,41650.92
220618,2023,8,41650.92
220618,2023,9,41650.92
220618,2023,10,41650.92
220618,2023,11,41650.92
220618,2023,12,41650.92
220618,2024,1,41650.92
220618,2024,2,44008.52
220618,2024,3,44008.52
220618,2024,4,44008.52
220618,2024,5,44008.52
220618,2024,6,44008.52
220618,2024,7,44008.52
220618,2024,8,44008.52
220618,2024,9,44008.52
220618,2024,10,44008.52
220618,2024,11,44008.52
220618,2024,12,44008.52
220618,2025,1,44008.52
220618,2025,2,46366.19
220618,2025,3,46366.19
220618,2025,4,46366.19
220618,2025,5,46366.19
220618,2025,6,46366.19
220618,2025,7,46366.19
220618,2025,8,46366.19
220618,2025,9,46366.19
220618,2025,10,46366.19
220618,2025,11,46366.19
220618,2025,12,46366.19
220618,2026,1,46366.19
220618,2026,2,46366.19
220618,2026,3,46366.19
220618,2026,4,46366.19
220618,2026,5,46366.19
220618,2026,6,46366.19
220618,2026,7,46366.19
220618,2026,8,46366.19
220618,2026,9,46366.19
220619,2023,2,39293.32
220619,2023,3,39293.32
220619,2023,4,41650.92
220619,2023,5,41650.92
220619,2023,6,41650.92
220619,2023,7,41650.92
220619,2023,8,41650.92
220619,2023,9,41650.92
220619,2023,10,41650.92
220619,2023,11,41650.92
220619,2023,12,41650.92
220619,2024,1,41650.92
220619,2024,2,44008.52
220619,2024,3,44008.52
220619,2024,4,44008.52
220619,2024,5,44008.52
220619,2024,6,44008.52
220619,2024,7,44008.52
220619,2024,8,44008.52
220619,2024,9,44008.52
220619,2024,10,44008.52
220619,2024,11,44008.52
220619,2024,12,44008.52
220619,2025,1,44008.52
220619,2025,2,46366.19
220619,2025,3,46366.19
220619,2025,4,46366.19
220619,2025,5,46366.19
220619,2025,6,46366.19
220619,2025,7,46366.19
220619,2025,8,46366.19
220619,2025,9,46366.19
220619,2025,10,46366.19
220619,2025,11,4192.47
220620,2023,2,39293.32
220620,2023,3,39293.32
220620,2023,4,41650.92
220620,2023,5,41650.92
220620,2023,6,41650.92
220620,2023,7,41650.92
220620,2023,8,41650.92
220620,2023,9,41650.92
220620,2023,10,41650.92
220620,2023,11,41650.92
220620,2023,12,41650.92
220620,2024,1,41650.92
220620,2024,2,44008.52
220620,2024,3,44008.52
220620,2024,4,44008.52
220620,2024,5,44008.52
220620,2024,6,44008.52
220620,2024,7,44008.52
220620,2024,8,44008.52
220620,2024,9,44008.52
220620,2024,10,44008.52
220620,2024,11,44008.52
220620,2024,12,44008.52
220620,2025,1,44008.52
220620,2025,2,46366.19
220620,2025,3,46366.19
220620,2025,4,46366.19
220620,2025,5,46366.19
220620,2025,6,46366.19
220620,2025,7,46366.19
220620,2025,8,46366.19
220620,2025,9,46366.19
220620,2025,10,46366.19
220620,2025,11,46366.19
220620,2025,12,46366.19
220620,2026,1,46366.19
220620,2026,2,46366.19
220620,2026,3,46366.19
220620,2026,4,46366.19
220620,2026,5,46366.19
220620,2026,6,46366.19
220620,2026,7,46366.19
220620,2026,8,46366.19
220620,2026,9,46366.19
220621,2023,2,39293.32
220621,2023,3,39293.32
220621,2023,4,41650.92
220621,2023,5,41650.92
220621,2023,6,41650.92
220621,2023,7,41650.92
220621,2023,8,41650.92
220621,2023,9,41650.92
220621,2023,10,41650.92
220621,2023,11,41650.92
220621,2023,12,41650.92
220621,2024,1,41650.92
220621,2024,2,44008.52
220621,2024,3,44008.52
220621,2024,4,44008.52
220621,2024,5,44008.52
220621,2024,6,44008.52
220621,2024,7,44008.52
220621,2024,8,44008.52
220621,2024,9,44008.52
220621,2024,10,44008.52
220621,2024,11,44008.52
220621,2024,12,44008.52
220621,2025,1,44008.52
220621,2025,2,46366.19
220621,2025,3,46366.19
220621,2025,4,46366.19
220621,2025,5,46366.19
220621,2025,6,46366.19
220621,2025,7,46366.19
220621,2025,8,46366.19
220621,2025,9,46366.19
220621,2025,10,46366.19
220621,2025,11,46366.19
220621,2025,12,46366.19
220621,2026,1,46366.19
220621,2026,2,46366.19
220621,2026,3,46366.19
220621,2026,4,46366.19
220621,2026,5,46366.19
220621,2026,6,46366.19
220621,2026,7,46366.19
220621,2026,8,46366.19
220621,2026,9,46366.19
220622,2023,2,39293.32
220622,2023,3,39293.32
220622,2023,4,41650.92
220622,2023,5,41650.92
220622,2023,6,41650.92
220622,2023,7,41650.92
220622,2023,8,41650.92
220622,2023,9,41650.92
220622,2023,10,41650.92
220622,2023,11,41650.92
220622,2023,12,41650.92
220622,2024,1,41650.92
220622,2024,2,44008.52
220622,2024,3,44008.52
220622,2024,4,44008.52
220622,2024,5,44008.52
220622,2024,6,44008.52
220622,2024,7,44008.52
220622,2024,8,44008.52
220622,2024,9,44008.52
220622,2024,10,44008.52
220622,2024,11,44008.52
220622,2024,12,44008.52
220622,2025,1,44008.52
220622,2025,2,46366.19
220622,2025,3,46366.19
220622,2025,4,46366.19
220622,2025,5,46366.19
220622,2025,6,46366.19
220622,2025,7,46366.19
220622,2025,8,46366.19
220622,2025,9,46366.19
220622,2025,10,46366.19
220622,2025,11,46366.19
220622,2026,3,18546.48
220622,2026,4,46366.19
220622,2026,5,46366.19
220622,2026,6,46366.19
220622,2026,7,46366.19
220622,2026,8,46366.19
220622,2026,9,46366.19
220623,2023,2,39293.32
220623,2023,3,39293.32
220623,2023,4,41650.92
220623,2023,5,41650.92
220623,2023,6,41650.92
220623,2023,7,41650.92
220623,2023,8,41650.92
220623,2023,9,41650.92
220623,2023,10,41650.92
220623,2023,11,41650.92
220623,2023,12,41650.92
220623,2024,1,41650.92
220623,2024,2,44008.52
220623,2024,3,44008.52
220623,2024,4,44008.52
220623,2024,5,44008.52
220623,2024,6,44008.52
220623,2024,7,44008.52
220623,2024,8,44008.52
220623,2024,9,44008.52
220623,2024,10,44008.52
220623,2024,11,44008.52
220623,2024,12,44008.52
220623,2025,1,44008.52
220623,2025,2,46366.19
220623,2025,3,46366.19
220623,2025,4,46366.19
220623,2025,5,46366.19
220623,2025,6,46366.19
220623,2025,7,46366.19
220623,2025,8,46366.19
220623,2025,9,46366.19
220623,2025,10,46366.19
220623,2025,11,46366.19
220623,2025,12,46366.19
220623,2026,1,46366.19
220623,2026,2,46366.19
220623,2026,3,46366.19
220623,2026,4,46366.19
220623,2026,5,46366.19
220623,2026,6,46366.19
220623,2026,7,46366.19
220623,2026,8,46366.19
220623,2026,9,46366.19
220624,2023,2,39293.32
220624,2023,3,39293.32
220624,2023,4,41650.92
220624,2023,5,41650.92
220624,2023,6,41650.92
220624,2023,7,41650.92
220624,2023,8,41650.92
220624,2023,9,41650.92
220624,2023,10,41650.92
220624,2023,11,41650.92
220624,2023,12,41650.92
220624,2024,1,41650.92
220624,2024,2,44008.52
220624,2024,3,44008.52
220624,2024,4,44008.52
220624,2024,5,44008.52
220624,2024,6,44008.52
220624,2024,7,44008.52
220624,2024,8,44008.52
220624,2024,9,44008.52
220624,2024,10,44008.52
220624,2024,11,44008.52
220624,2024,12,44008.52
220624,2025,1,44008.52
220624,2025,2,46366.19
220624,2025,3,46366.19
220624,2025,4,46366.19
220624,2025,5,46366.19
220624,2025,6,46366.19
220624,2025,7,46366.19
220624,2025,8,46366.19
220624,2025,9,46366.19
220624,2025,10,46366.19
220624,2025,11,46366.19
220624,2025,12,46366.19
220624,2026,1,46366.19
220624,2026,2,46366.19
220624,2026,3,46366.19
220624,2026,4,46366.19
220624,2026,5,46366.19
220624,2026,6,46366.19
220624,2026,7,46366.19
220624,2026,8,46366.19
220624,2026,9,46366.19
220625,2023,2,39293.32
220625,2023,3,39293.32
220625,2023,4,41650.92
220625,2023,5,41650.92
220625,2023,6,41650.92
220625,2023,7,41650.92
220625,2023,8,41650.92
220625,2023,9,41650.92
220625,2023,10,41650.92
220625,2023,11,41650.92
220625,2023,12,41650.92
220625,2024,1,41650.92
220625,2024,2,44008.52
220625,2024,3,44008.52
220625,2024,4,44008.52
220625,2024,5,44008.52
220625,2024,6,44008.52
220625,2024,7,44008.52
220625,2024,8,44008.52
220625,2024,9,44008.52
220625,2024,10,44008.52
220625,2024,11,44008.52
220625,2024,12,44008.52
220625,2025,1,44008.52
220625,2025,2,46366.19
220625,2025,3,46366.19
220625,2025,4,46366.19
220625,2025,5,46366.19
220625,2025,6,46366.19
220625,2025,7,46366.19
220625,2025,8,46366.19
220625,2025,9,46366.19
220625,2025,10,46366.19
220625,2025,11,46366.19
220625,2025,12,46366.19
220625,2026,1,46366.19
220625,2026,2,46366.19
220625,2026,3,46366.19
220625,2026,4,46366.19
220625,2026,5,46366.19
220625,2026,6,46366.19
220625,2026,7,46366.19
220625,2026,8,46366.19
220625,2026,9,46366.19
220626,2023,2,39293.32
220626,2023,3,39293.32
220626,2023,4,41650.92
220626,2023,5,41650.92
220626,2023,6,41650.92
220626,2023,7,41650.92
220626,2023,8,41650.92
220626,2023,9,41650.92
220626,2023,10,41650.92
220626,2023,11,41650.92
220626,2023,12,41650.92
220626,2024,1,41650.92
220626,2024,2,44008.52
220626,2024,3,44008.52
220626,2024,4,44008.52
220626,2024,5,44008.52
220626,2024,6,44008.52
220626,2024,7,44008.52
220626,2024,8,44008.52
220626,2024,9,44008.52
220626,2024,10,44008.52
220626,2024,11,44008.52
220626,2024,12,44008.52
220626,2025,1,44008.52
220626,2025,2,46366.19
220626,2025,3,46366.19
220626,2025,4,46366.19
220626,2025,5,46366.19
220626,2025,6,46366.19
220626,2025,7,46366.19
220626,2025,8,46366.19
220626,2025,9,46366.19
220626,2025,10,46366.19
220626,2025,11,46366.19
220626,2025,12,46366.19
220626,2026,1,46366.19
220626,2026,2,46366.19
220626,2026,3,46366.19
220626,2026,4,46366.19
220626,2026,5,46366.19
220626,2026,6,46366.19
220626,2026,7,46366.19
220626,2026,8,46366.19
220626,2026,9,46366.19
220627,2023,2,39293.32
220627,2023,3,39293.32
220627,2023,4,41650.92
220627,2023,5,41650.92
220627,2023,6,41650.92
220627,2023,7,41650.92
220627,2023,8,41650.92
220627,2023,9,41650.92
220627,2023,10,41650.92
220627,2023,11,41650.92
220627,2023,12,41650.92
220627,2024,1,41650.92
220627,2024,2,44008.52
220627,2024,3,44008.52
220627,2024,4,44008.52
220627,2024,5,44008.52
220627,2024,6,44008.52
220627,2024,7,44008.52
220627,2024,8,44008.52
220627,2024,9,44008.52
220627,2024,10,44008.52
220627,2024,11,44008.52
220627,2024,12,44008.52
220627,2025,1,0.0
220627,2025,2,58.77
220628,2023,2,39293.32
220628,2023,3,39293.32
220628,2023,4,41650.92
220628,2023,5,41650.92
220628,2023,6,41650.92
220628,2023,7,41650.92
220628,2023,8,41650.92
220628,2023,9,41650.92
220628,2023,10,41650.92
220628,2023,11,41650.92
220628,2023,12,41650.92
220628,2024,1,41650.92
220628,2024,2,44008.52
220628,2024,3,44008.52
220628,2024,4,44008.52
220628,2024,5,44008.52
220628,2024,6,44008.52
220628,2024,7,44008.52
220628,2024,8,44008.52
220628,2024,9,44008.52
220628,2024,10,44008.52
220628,2024,11,44008.52
220628,2024,12,44008.52
220628,2025,1,44008.52
220628,2025,2,46366.19
220628,2025,3,46366.19
220628,2025,4,46366.19
220628,2025,5,46366.19
220628,2025,6,46366.19
220628,2025,7,46366.19
220628,2025,8,46366.19
220628,2025,9,46366.19
220628,2025,10,46366.19
220628,2025,11,46366.19
220628,2025,12,46366.19
220628,2026,1,46366.19
220628,2026,2,46366.19
220628,2026,3,46366.19
220628,2026,4,46366.19
220628,2026,5,46366.19
220628,2026,6,46366.19
220628,2026,7,46366.19
220628,2026,8,46366.19
220628,2026,9,46366.19
220629,2023,2,39293.32
220629,2023,3,39293.32
220629,2023,4,41650.92
220629,2023,5,41650.92
220629,2023,6,41650.92
220629,2023,7,41650.92
220629,2023,8,41650.92
220629,2023,9,41650.92
220629,2023,10,41650.92
220629,2023,11,41650.92
220629,2023,12,41650.92
220629,2024,1,41650.92
220629,2024,2,44008.52
220629,2024,3,44008.52
220629,2024,4,42541.57
220629,2024,5,44008.52
220629,2024,6,44008.52
220629,2024,7,44008.52
220629,2024,8,44008.52
220629,2024,9,44008.52
220629,2024,10,44008.52
220629,2024,11,44008.52
220629,2024,12,44008.52
220629,2025,1,44008.52
220629,2025,2,46366.19
220629,2025,3,46366.19
220629,2025,4,46366.19
220629,2025,5,46366.19
220629,2025,6,46366.19
220629,2025,7,46366.19
220629,2025,8,46366.19
220629,2025,9,46366.19
220629,2025,10,46366.19
220629,2025,11,46366.19
220629,2025,12,46366.19
220629,2026,1,46366.19
220629,2026,2,46366.19
220629,2026,3,46366.19
220629,2026,4,46366.19
220629,2026,5,46366.19
220629,2026,6,46366.19
220629,2026,7,46366.19
220629,2026,8,46366.19
220629,2026,9,46366.19
220630,2023,2,39293.32
220630,2023,3,39293.32
220630,2023,4,41650.92
220630,2023,5,41650.92
220630,2023,6,41650.92
220630,2023,7,41650.92
220630,2023,8,41650.92
220630,2023,9,41650.92
220630,2023,10,41650.92
220630,2023,11,41650.92
220630,2023,12,41650.92
220630,2024,1,41650.92
220630,2024,2,44008.52
220630,2024,3,44008.52
220630,2024,4,44008.52
220630,2024,5,44008.52
220630,2024,6,44008.52
220630,2024,7,44008.52
220630,2024,8,44008.52
220630,2024,9,44008.52
220630,2024,10,44008.52
220630,2024,11,44008.52
220630,2024,12,44008.52
220630,2025,1,44008.52
220630,2025,2,46366.19
220630,2025,3,46366.19
220630,2025,4,46366.19
220630,2025,5,46366.19
220630,2025,6,46366.19
220630,2025,7,46366.19
220630,2025,8,46366.19
220630,2025,9,46366.19
220630,2025,10,46366.19
220630,2025,11,17000.94
220630,2026,2,1545.54
220630,2026,3,46366.19
220630,2026,4,46366.19
220630,2026,5,46366.19
220630,2026,6,46366.19
220630,2026,7,46366.19
220630,2026,8,46366.19
220630,2026,9,46366.19
220631,2023,2,39293.32
220631,2023,3,39293.32
220631,2023,4,41650.92
220631,2023,5,41650.92
220631,2023,6,41650.92
220631,2023,7,41650.92
220631,2023,8,41650.92
220631,2023,9,41650.92
220631,2023,10,41650.92
220631,2023,11,41650.92
220631,2023,12,41650.92
220631,2024,1,41650.92
220631,2024,2,44008.52
220631,2024,3,44008.52
220631,2024,4,44008.52
220631,2024,5,44008.52
220631,2024,6,44008.52
220631,2024,7,44008.52
220631,2024,8,44008.52
220631,2024,9,44008.52
220631,2024,10,44008.52
220631,2024,11,44008.52
220631,2024,12,44008.52
220631,2025,1,44008.52
220631,2025,2,46366.19
220631,2025,3,46366.19
220631,2025,4,46366.19
220631,2025,5,46366.19
220631,2025,6,46366.19
220631,2025,7,46366.19
220631,2025,8,46366.19
220631,2025,9,46366.19
220631,2025,10,46366.19
220631,2025,11,46366.19
220631,2025,12,46366.19
220631,2026,1,46366.19
220631,2026,2,46366.19
220631,2026,3,46366.19
220631,2026,4,46366.19
220631,2026,5,46366.19
220631,2026,6,46366.19
220631,2026,7,46366.19
220631,2026,8,46366.19
220631,2026,9,46366.19
220632,2023,2,39293.32
220632,2023,3,39293.32
220632,2023,4,41650.92
220632,2023,5,41650.92
220632,2023,6,41650.92
220632,2023,7,41650.92
220632,2023,8,41650.92
220632,2023,9,41650.92
220632,2023,10,41650.92
220632,2023,11,41650.92
220632,2023,12,41650.92
220632,2024,1,41650.92
220632,2024,2,44008.52
220632,2024,3,44008.52
220632,2024,4,44008.52
220632,2024,5,44008.52
220632,2024,6,44008.52
220632,2024,7,44008.52
220632,2024,8,44008.52
220632,2024,9,44008.52
220632,2024,10,44008.52
220632,2024,11,44008.52
220632,2024,12,44008.52
220632,2025,1,44008.52
220632,2025,2,46366.19
220632,2025,3,46366.19
220632,2025,4,46366.19
220632,2025,5,46366.19
220632,2025,6,46366.19
220632,2025,7,46366.19
220632,2025,8,46366.19
220632,2025,9,46366.19
220632,2025,10,46366.19
220632,2025,11,46366.19
220632,2025,12,46366.19
220632,2026,1,46366.19
220632,2026,2,46366.19
220632,2026,3,46366.19
220632,2026,4,46366.19
220632,2026,5,46366.19
220632,2026,6,46366.19
220632,2026,7,46366.19
220632,2026,8,46366.19
220632,2026,9,46366.19
220633,2023,2,39293.32
220633,2023,3,39293.32
220633,2023,4,41650.92
220633,2023,5,41650.92
220633,2023,6,41650.92
220633,2023,7,41650.92
220633,2023,8,41650.92
220633,2023,9,41650.92
220633,2023,10,41650.92
220633,2023,11,41650.92
220633,2023,12,41650.92
220633,2024,1,41650.92
220633,2024,2,44008.52
220633,2024,3,44008.52
220633,2024,4,44008.52
220633,2024,5,44008.52
220633,2024,6,44008.52
220633,2024,7,44008.52
220633,2024,8,44008.52
220633,2024,9,44008.52
220633,2024,10,44008.52
220633,2024,11,44008.52
220633,2024,12,44008.52
220633,2025,1,44008.52
220633,2025,2,46366.19
220633,2025,3,46366.19
220633,2025,4,46366.19
220633,2025,5,46366.19
220633,2025,6,46366.19
220633,2025,7,46366.19
220633,2025,8,46366.19
220633,2025,9,46366.19
220633,2025,10,46366.19
220633,2025,11,46366.19
220633,2025,12,46366.19
220633,2026,1,46366.19
220633,2026,2,46366.19
220633,2026,3,46366.19
220633,2026,4,46366.19
220633,2026,5,46366.19
220633,2026,6,46366.19
220633,2026,7,46366.19
220633,2026,8,46366.19
220633,2026,9,46366.19
220634,2023,2,39293.32
220634,2023,3,39293.32
220634,2023,4,41650.92
220634,2023,5,41650.92
220634,2023,6,41650.92
220634,2023,7,41650.92
220634,2023,8,41650.92
220634,2023,9,41650.92
220634,2023,10,41650.92
220634,2023,11,41650.92
220634,2023,12,0.0
220635,2023,2,39293.32
220635,2023,3,39293.32
220635,2023,4,41650.92
220635,2023,5,41650.92
220635,2023,6,41650.92
220635,2023,7,41650.92
220635,2023,8,41650.92
220635,2023,9,41650.92
220635,2023,10,41650.92
220635,2023,11,41650.92
220635,2023,12,41650.92
220635,2024,1,41650.92
220635,2024,2,44008.52
220635,2024,3,44008.52
220635,2024,4,44008.52
220635,2024,5,44008.52
220635,2024,6,44008.52
220635,2024,7,44008.52
220635,2024,8,44008.52
220635,2024,9,44008.52
220635,2024,10,44008.52
220635,2024,11,44008.52
220635,2024,12,44008.52
220635,2025,1,44008.52
220635,2025,2,46366.19
220635,2025,3,46366.19
220635,2025,4,46366.19
220635,2025,5,46366.19
220635,2025,6,46366.19
220635,2025,7,46366.19
220635,2025,8,46366.19
220635,2025,9,46366.19
220635,2025,10,46366.19
220635,2025,11,46366.19
220635,2025,12,46366.19
220635,2026,1,46366.19
220635,2026,2,46366.19
220635,2026,3,46366.19
220635,2026,4,46366.19
220635,2026,5,46366.19
220635,2026,6,46366.19
220635,2026,7,46366.19
220635,2026,8,46366.19
220635,2026,9,46366.19
220636,2023,2,1309.78
220637,2023,2,39293.32
220637,2023,3,39293.32
220637,2023,4,41650.92
220637,2023,5,41650.92
220637,2023,6,41650.92
220637,2023,7,41650.92
220637,2023,8,41650.92
220637,2023,9,41650.92
220637,2023,10,41650.92
220637,2023,11,41650.92
220637,2023,12,41650.92
220637,2024,1,41650.92
220637,2024,2,44008.52
220637,2024,3,44008.52
220637,2024,4,44008.52
220637,2024,5,44008.52
220637,2024,6,44008.52
220637,2024,7,44008.52
220637,2024,8,44008.52
220637,2024,9,44008.52
220637,2024,10,44008.52
220637,2024,11,44008.52
220637,2024,12,44008.52
220637,2025,1,44008.52
220637,2025,2,46366.19
220637,2025,3,46366.19
220637,2025,4,46366.19
220637,2025,5,46366.19
220637,2025,6,46366.19
220637,2025,7,46366.19
220637,2025,8,46366.19
220637,2025,9,46366.19
220637,2025,10,46366.19
220637,2025,11,46366.19
220637,2025,12,46366.19
220637,2026,1,46366.19
220637,2026,2,46366.19
220637,2026,3,46366.19
220637,2026,4,46366.19
220637,2026,5,46366.19
220637,2026,6,46366.19
220637,2026,7,46366.19
220637,2026,8,46366.19
220637,2026,9,46366.19
220638,2023,2,39293.32
220638,2023,3,39293.32
220638,2023,4,41650.92
220638,2023,5,41650.92
220638,2023,6,41650.92
220638,2023,7,41650.92
220638,2023,8,41650.92
220638,2023,9,41650.92
220638,2023,10,41650.92
220638,2023,11,41650.92
220638,2023,12,41650.92
220638,2024,1,41650.92
220638,2024,2,44008.52
220638,2024,3,44008.52
220638,2024,4,44008.52
220638,2024,5,44008.52
220638,2024,6,44008.52
220638,2024,7,44008.52
220638,2024,8,44008.52
220638,2024,9,44008.52
220638,2024,10,44008.52
220638,2024,11,44008.52
220638,2024,12,44008.52
220638,2025,1,44008.52
220638,2025,2,46366.19
220638,2025,3,46366.19
220638,2025,4,46366.19
220638,2025,5,46366.19
220638,2025,6,46366.19
220638,2025,7,46366.19
220638,2025,8,46366.19
220638,2025,9,46366.19
220638,2025,10,46366.19
220638,2025,11,46366.19
220638,2025,12,46366.19
220638,2026,1,46366.19
220638,2026,2,46366.19
220638,2026,3,46366.19
220638,2026,4,46366.19
220638,2026,5,46366.19
220638,2026,6,46366.19
220638,2026,7,46366.19
220638,2026,8,46366.19
220638,2026,9,46366.19
220639,2023,2,39293.32
220639,2023,3,39293.32
220639,2023,4,41650.92
220639,2023,5,41650.92
220639,2023,6,41650.92
220639,2023,7,41650.92
220639,2023,8,41650.92
220639,2023,9,41650.92
220639,2023,10,41650.92
220639,2023,11,41650.92
220639,2023,12,41650.92
220639,2024,1,41650.92
220639,2024,2,44008.52
220639,2024,3,44008.52
220639,2024,4,44008.52
220639,2024,5,44008.52
220639,2024,6,44008.52
220639,2024,7,44008.52
220639,2024,8,44008.52
220639,2024,9,44008.52
220639,2024,10,44008.52
220639,2024,11,44008.52
220639,2024,12,44008.52
220639,2025,1,44008.52
220639,2025,2,46366.19
220639,2025,3,46366.19
220639,2025,4,46366.19
220639,2025,5,46366.19
220639,2025,6,46366.19
220639,2025,7,46366.19
220639,2025,8,46366.19
220639,2025,9,46366.19
220639,2025,10,46366.19
220639,2025,11,46366.19
220639,2025,12,46366.19
220639,2026,1,46366.19
220639,2026,2,46366.19
220639,2026,3,46366.19
220639,2026,4,46366.19
220639,2026,5,46366.19
220639,2026,6,46366.19
220639,2026,7,46366.19
220639,2026,8,46366.19
220639,2026,9,46366.19
220640,2023,2,39293.32
220640,2023,3,39293.32
220640,2023,4,41650.92
220640,2023,5,41650.92
220640,2023,6,41650.92
220640,2023,7,41650.92
220640,2023,8,41650.92
220640,2023,9,41650.92
220640,2023,10,41650.92
220640,2023,11,41650.92
220640,2023,12,41650.92
220640,2024,1,41650.92
220640,2024,2,44008.52
220640,2024,3,44008.52
220640,2024,4,44008.52
220640,2024,5,44008.52
220640,2024,6,44008.52
220640,2024,7,44008.52
220640,2024,8,44008.52
220640,2024,9,44008.52
220640,2024,10,44008.52
220640,2024,11,44008.52
220640,2024,12,44008.52
220640,2025,1,44008.52
220640,2025,2,46366.19
220640,2025,3,46366.19
220640,2025,4,46366.19
220640,2025,5,46366.19
220640,2025,6,46366.19
220640,2025,7,46366.19
220640,2025,8,46366.19
220640,2025,9,46366.19
220640,2025,10,46366.19
220640,2025,11,46366.19
220640,2025,12,46366.19
220640,2026,1,46366.19
220640,2026,2,46366.19
220640,2026,3,46366.19
220640,2026,4,46366.19
220640,2026,5,46366.19
220640,2026,6,46366.19
220640,2026,7,46366.19
220640,2026,8,46366.19
220640,2026,9,46366.19
220641,2023,2,39293.32
220641,2023,3,39293.32
220641,2023,4,41650.92
220641,2023,5,41650.92
220641,2023,6,41650.92
220641,2023,7,41650.92
220641,2023,8,41650.92
220641,2023,9,41650.92
220641,2023,10,41650.92
220641,2023,11,41650.92
220641,2023,12,41650.92
220641,2024,1,41650.92
220641,2024,2,44008.52
220641,2024,3,44008.52
220641,2024,4,44008.52
220641,2024,5,44008.52
220641,2024,6,44008.52
220641,2024,7,44008.52
220641,2024,8,44008.52
220641,2024,9,44008.52
220641,2024,10,44008.52
220641,2024,11,44008.52
220641,2024,12,44008.52
220641,2025,1,44008.52
220641,2025,2,46366.19
220641,2025,3,46366.19
220641,2025,4,46366.19
220641,2025,5,46366.19
220641,2025,6,46366.19
220641,2025,7,46366.19
220641,2025,8,46366.19
220641,2025,9,46366.19
220641,2025,10,46366.19
220641,2025,11,46366.19
220641,2025,12,46366.19
220641,2026,1,46366.19
220641,2026,2,46366.19
220641,2026,3,46366.19
220641,2026,4,46366.19
220641,2026,5,46366.19
220641,2026,6,46366.19
220641,2026,7,46366.19
220641,2026,8,46366.19
220641,2026,9,46366.19
220642,2023,2,39293.32
220642,2023,3,39293.32
220642,2023,4,41650.92
220642,2023,5,41650.92
220642,2023,6,41650.92
220642,2023,7,41650.92
220642,2023,8,41650.92
220642,2023,9,41650.92
220642,2023,10,41650.92
220642,2023,11,40262.56
220642,2023,12,41650.92
220642,2024,1,41650.92
220642,2024,2,44008.52
220642,2024,3,44008.52
220642,2024,4,44008.52
220642,2024,5,44008.52
220642,2024,6,44008.52
220642,2024,7,44008.52
220642,2024,8,44008.52
220642,2024,9,44008.52
220642,2024,10,44008.52
220642,2024,11,44008.52
220642,2024,12,44008.52
220642,2025,1,44008.52
220642,2025,2,46366.19
220642,2025,3,46366.19
220642,2025,4,46366.19
220642,2025,5,46366.19
220642,2025,6,46366.19
220642,2025,7,46366.19
220642,2025,8,46366.19
220642,2025,9,46366.19
220642,2025,10,46366.19
220642,2025,11,46366.19
220642,2025,12,46366.19
220642,2026,1,46366.19
220642,2026,2,46366.19
220642,2026,3,46366.19
220642,2026,4,46366.19
220642,2026,5,46366.19
220642,2026,6,46366.19
220642,2026,7,46366.19
220642,2026,8,46366.19
220642,2026,9,46366.19
220643,2023,2,1309.78
220643,2026,4,46366.19
220643,2026,5,46366.19
220643,2026,6,46366.19
220643,2026,7,46366.19
220643,2026,8,46366.19
220643,2026,9,46366.19
220644,2023,2,39293.32
220644,2023,3,39293.32
220644,2023,4,41650.92
220644,2023,5,41650.92
220644,2023,6,41650.92
220644,2023,7,41650.92
220644,2023,8,41650.92
220644,2023,9,41650.92
220644,2023,10,41650.92
220644,2023,11,41650.92
220644,2023,12,41650.92
220644,2024,1,41650.92
220644,2024,2,44008.52
220644,2024,3,44008.52
220644,2024,4,44008.52
220644,2024,5,44008.52
220644,2024,6,44008.52
220644,2024,7,44008.52
220644,2024,8,44008.52
220644,2024,9,44008.52
220644,2024,10,44008.52
220644,2024,11,44008.52
220644,2024,12,44008.52
220644,2025,1,44008.52
220644,2025,2,46366.19
220644,2025,3,46366.19
220644,2025,4,46366.19
220644,2025,5,46366.19
220644,2025,6,46366.19
220644,2025,7,46366.19
220644,2025,8,46366.19
220644,2025,9,46366.19
220644,2025,10,46366.19
220644,2025,11,46366.19
220644,2025,12,46366.19
220644,2026,1,46366.19
220644,2026,2,46366.19
220644,2026,3,46366.19
220644,2026,4,46366.19
220644,2026,5,46366.19
220644,2026,6,46366.19
220644,2026,7,46366.19
220644,2026,8,46366.19
220644,2026,9,46366.19
220645,2023,2,39293.32
220645,2023,3,39293.32
220645,2023,4,41650.92
220645,2023,5,41650.92
220645,2023,6,41650.92
220645,2023,7,41650.92
220645,2023,8,41650.92
220645,2023,9,41650.92
220645,2023,10,41650.92
220645,2023,11,41650.92
220645,2023,12,41650.92
220645,2024,1,41650.92
220645,2024,2,44008.52
220645,2024,3,44008.52
220645,2024,4,44008.52
220645,2024,5,44008.52
220645,2024,6,44008.52
220645,2024,7,44008.52
220645,2024,8,44008.52
220645,2024,9,44008.52
220645,2024,10,44008.52
220645,2024,11,44008.52
220645,2024,12,44008.52
220645,2025,1,44008.52
220645,2025,2,46366.19
220645,2025,3,46366.19
220645,2025,4,46366.19
220645,2025,5,46366.19
220645,2025,6,46366.19
220645,2025,7,46366.19
220645,2025,8,46366.19
220645,2025,9,46366.19
220645,2025,10,46366.19
220645,2025,11,46366.19
220645,2025,12,46366.19
220645,2026,1,46366.19
220645,2026,2,46366.19
220645,2026,3,46366.19
220645,2026,4,46366.19
220645,2026,5,46366.19
220645,2026,6,46366.19
220645,2026,7,46366.19
220645,2026,8,46366.19
220645,2026,9,46366.19
220646,2023,2,39293.32
220646,2023,3,39293.32
220646,2023,4,41650.92
220646,2023,5,41650.92
220646,2023,6,41650.92
220646,2023,7,41650.92
220646,2023,8,41650.92
220646,2023,9,41650.92
220646,2023,10,41650.92
220646,2023,11,41650.92
220646,2023,12,41650.92
220646,2024,1,41650.92
220646,2024,2,44008.52
220646,2024,3,44008.52
220646,2024,4,44008.52
220646,2024,5,44008.52
220646,2024,6,44008.52
220646,2024,7,44008.52
220646,2024,8,44008.52
220646,2024,9,44008.52
220646,2024,10,44008.52
220646,2024,11,44008.52
220646,2024,12,44008.52
220646,2025,1,44008.52
220646,2025,2,46366.19
220646,2025,3,46366.19
220646,2025,4,46366.19
220646,2025,5,46366.19
220646,2025,6,46366.19
220646,2025,7,46366.19
220646,2025,8,46366.19
220646,2025,9,46366.19
220646,2025,10,46366.19
220646,2025,11,46366.19
220646,2025,12,46366.19
220646,2026,1,46366.19
220646,2026,2,46366.19
220646,2026,3,46366.19
220646,2026,4,46366.19
220646,2026,5,46366.19
220646,2026,6,46366.19
220646,2026,7,46366.19
220646,2026,8,46366.19
220646,2026,9,46366.19
220647,2023,2,39293.32
220647,2023,3,39293.32
220647,2023,4,41650.92
220647,2023,5,41650.92
220647,2023,6,41650.92
220647,2023,7,41650.92
220647,2023,8,41650.92
220647,2023,9,41650.92
220647,2023,10,41650.92
220647,2023,11,41650.92
220647,2023,12,41650.92
220647,2024,1,41650.92
220647,2024,2,44008.52
220647,2024,3,44008.52
220647,2024,4,44008.52
220647,2024,5,44008.52
220647,2024,6,44008.52
220647,2024,7,44008.52
220647,2024,8,44008.52
220647,2024,9,44008.52
220647,2024,10,44008.52
220647,2024,11,44008.52
220647,2024,12,44008.52
220647,2025,1,44008.52
220647,2025,2,46366.19
220647,2025,3,46366.19
220647,2025,4,46366.19
220647,2025,5,46366.19
220647,2025,6,46366.19
220647,2025,7,46366.19
220647,2025,8,46366.19
220647,2025,9,46366.19
220647,2025,10,46366.19
220647,2025,11,46366.19
220647,2025,12,46366.19
220647,2026,1,46366.19
220647,2026,2,46366.19
220647,2026,3,46366.19
220647,2026,4,46366.19
220647,2026,5,46366.19
220647,2026,6,46366.19
220647,2026,7,46366.19
220647,2026,8,46366.19
220647,2026,9,46366.19
220648,2023,2,39293.32
220648,2023,3,39293.32
220648,2023,4,41650.92
220648,2023,5,41650.92
220648,2023,6,41650.92
220648,2023,7,41650.92
220648,2023,8,41650.92
220648,2023,9,41650.92
220648,2023,10,41650.92
220648,2023,11,41650.92
220648,2023,12,41650.92
220648,2024,1,41650.92
220648,2024,2,44008.52
220648,2024,3,44008.52
220648,2024,4,44008.52
220648,2024,5,44008.52
220648,2024,6,44008.52
220648,2024,7,44008.52
220648,2024,8,44008.52
220648,2024,9,44008.52
220648,2024,10,44008.52
220648,2024,11,44008.52
220648,2024,12,44008.52
220648,2025,1,44008.52
220648,2025,2,46366.19
220648,2025,3,46366.19
220648,2025,4,46366.19
220648,2025,5,46366.19
220648,2025,6,46366.19
220648,2025,7,46366.19
220648,2025,8,46366.19
220648,2025,9,46366.19
220648,2025,10,46366.19
220648,2025,11,46366.19
220648,2025,12,46366.19
220648,2026,1,46366.19
220648,2026,2,46366.19
220648,2026,3,46366.19
220648,2026,4,46366.19
220648,2026,5,46366.19
220648,2026,6,46366.19
220648,2026,7,46366.19
220648,2026,8,46366.19
220648,2026,9,46366.19
220649,2023,2,39293.32
220649,2023,3,39293.32
220649,2023,4,41650.92
220649,2023,5,41650.92
220649,2023,6,41650.92
220649,2023,7,41650.92
220649,2023,8,41650.92
220649,2023,9,41650.92
220649,2023,10,41650.92
220649,2023,11,41650.92
220649,2023,12,41650.92
220649,2024,1,41650.92
220649,2024,2,44008.52
220649,2024,3,44008.52
220649,2024,4,44008.52
220649,2024,5,44008.52
220649,2024,6,44008.52
220649,2024,7,44008.52
220649,2024,8,44008.52
220649,2024,9,44008.52
220649,2024,10,44008.52
220649,2024,11,44008.52
220649,2024,12,44008.52
220649,2025,1,44008.52
220649,2025,2,46366.19
220649,2025,3,46366.19
220649,2025,4,46366.19
220649,2025,5,46366.19
220649,2025,6,46366.19
220649,2025,7,46366.19
220649,2025,8,46366.19
220649,2025,9,46366.19
220649,2025,10,46366.19
220649,2025,11,46366.19
220649,2025,12,46366.19
220649,2026,1,46366.19
220649,2026,2,46366.19
220649,2026,3,46366.19
220649,2026,4,46366.19
220649,2026,5,46366.19
220649,2026,6,46366.19
220649,2026,7,46366.19
220649,2026,8,46366.19
220649,2026,9,46366.19
220650,2023,2,39293.32
220650,2023,3,39293.32
220650,2023,4,41650.92
220650,2023,5,41650.92
220650,2023,6,41650.92
220650,2023,7,41650.92
220650,2023,8,41650.92
220650,2023,9,41650.92
220650,2023,10,41650.92
220650,2023,11,41650.92
220650,2023,12,41650.92
220650,2024,1,41650.92
220650,2024,2,44008.52
220650,2024,3,44008.52
220650,2024,4,44008.52
220650,2024,5,44008.52
220650,2024,6,44008.52
220650,2024,7,44008.52
220650,2024,8,44008.52
220650,2024,9,44008.52
220650,2024,10,44008.52
220650,2024,11,44008.52
220650,2024,12,44008.52
220650,2025,1,44008.52
220650,2025,2,46366.19
220650,2025,3,46366.19
220650,2025,4,46366.19
220650,2025,5,46366.19
220650,2025,6,46366.19
220650,2025,7,46366.19
220650,2025,8,46366.19
220650,2025,9,46366.19
220650,2025,10,46366.19
220650,2025,11,46366.19
220650,2025,12,46366.19
220650,2026,1,46366.19
220650,2026,2,46366.19
220650,2026,3,46366.19
220650,2026,4,46366.19
220650,2026,5,46366.19
220650,2026,6,46366.19
220650,2026,7,46366.19
220650,2026,8,46366.19
220650,2026,9,46366.19
220651,2023,2,39293.32
220651,2023,3,39293.32
220651,2023,4,41650.92
220651,2023,5,41650.92
220651,2023,6,41650.92
220651,2023,7,41650.92
220651,2023,8,41650.92
220651,2023,9,41650.92
220651,2023,10,41650.92
220651,2023,11,41650.92
220651,2023,12,41650.92
220651,2024,1,41650.92
220651,2024,2,44008.52
220651,2024,3,44008.52
220651,2024,4,44008.52
220651,2024,5,44008.52
220651,2024,6,44008.52
220651,2024,7,44008.52
220651,2024,8,44008.52
220651,2024,9,44008.52
220651,2024,10,44008.52
220651,2024,11,44008.52
220651,2024,12,44008.52
220651,2025,1,44008.52
220651,2025,2,46366.19
220651,2025,3,46366.19
220651,2025,4,46366.19
220651,2025,5,46366.19
220651,2025,6,46366.19
220651,2025,7,46366.19
220651,2025,8,46366.19
220651,2025,9,46366.19
220651,2025,10,46366.19
220651,2025,11,46366.19
220651,2025,12,46366.19
220651,2026,1,46366.19
220651,2026,2,46366.19
220651,2026,3,46366.19
220651,2026,4,46366.19
220651,2026,5,46366.19
220651,2026,6,46366.19
220651,2026,7,46366.19
220651,2026,8,46366.19
220651,2026,9,46366.19
220652,2023,2,39293.32
220652,2023,3,39293.32
220652,2023,4,41650.92
220652,2023,5,41650.92
220652,2023,6,41650.92
220652,2023,7,41650.92
220652,2023,8,41650.92
220652,2023,9,41650.92
220652,2023,10,41650.92
220652,2023,11,41650.92
220652,2023,12,41650.92
220652,2024,1,41650.92
220652,2024,2,44008.52
220652,2024,3,44008.52
220652,2024,4,44008.52
220652,2024,5,44008.52
220652,2024,6,44008.52
220652,2024,7,44008.52
220652,2024,8,44008.52
220652,2024,9,44008.52
220652,2024,10,44008.52
220652,2024,11,44008.52
220652,2024,12,44008.52
220652,2025,1,44008.52
220652,2025,2,46366.19
220652,2025,3,46366.19
220652,2025,4,46366.19
220652,2025,5,46366.19
220652,2025,6,46366.19
220652,2025,7,46366.19
220652,2025,8,46366.19
220652,2025,9,46366.19
220652,2025,10,46366.19
220652,2025,11,46366.19
220652,2025,12,46366.19
220652,2026,1,46366.19
220652,2026,2,46366.19
220652,2026,3,46366.19
220652,2026,4,46366.19
220652,2026,5,46366.19
220652,2026,6,46366.19
220652,2026,7,46366.19
220652,2026,8,46366.19
220652,2026,9,46366.19
220653,2023,2,39293.32
220653,2023,3,39293.32
220653,2023,4,41650.92
220653,2023,5,41650.92
220653,2023,6,41650.92
220653,2023,7,41650.92
220653,2023,8,41650.92
220653,2023,9,41650.92
220653,2023,10,41650.92
220653,2023,11,41650.92
220653,2023,12,41650.92
220653,2024,1,41650.92
220653,2024,2,44008.52
220653,2024,3,44008.52
220653,2024,4,44008.52
220653,2024,5,44008.52
220653,2024,6,44008.52
220653,2024,7,44008.52
220653,2024,8,44008.52
220653,2024,9,44008.52
220653,2024,10,44008.52
220653,2024,11,44008.52
220653,2024,12,44008.52
220653,2025,1,44008.52
220653,2025,2,46366.19
220653,2025,3,46366.19
220653,2025,4,46366.19
220653,2025,5,46366.19
220653,2025,6,46366.19
220653,2025,7,46366.19
220653,2025,8,46366.19
220653,2025,9,46366.19
220653,2025,10,46366.19
220653,2025,11,46366.19
220653,2025,12,46366.19
220653,2026,1,46366.19
220653,2026,2,46366.19
220653,2026,3,46366.19
220653,2026,4,46366.19
220653,2026,5,46366.19
220653,2026,6,46366.19
220653,2026,7,46366.19
220653,2026,8,46366.19
220653,2026,9,46366.19
220654,2023,2,39293.32
220654,2023,3,39293.32
220654,2023,4,41650.92
220654,2023,5,41650.92
220654,2023,6,41650.92
220654,2023,7,41650.92
220654,2023,8,41650.92
220654,2023,9,41650.92
220654,2023,10,41650.92
220654,2023,11,41650.92
220654,2023,12,41650.92
220654,2024,1,41650.92
220654,2024,2,44008.52
220654,2024,3,44008.52
220654,2024,4,44008.52
220654,2024,5,44008.52
220654,2024,6,44008.52
220654,2024,7,44008.52
220654,2024,8,44008.52
220654,2024,9,44008.52
220654,2024,10,44008.52
220654,2024,11,44008.52
220654,2024,12,44008.52
220654,2025,1,44008.52
220654,2025,2,46366.19
220654,2025,3,46366.19
220654,2025,4,46366.19
220654,2025,5,46366.19
220654,2025,6,46366.19
220654,2025,7,46366.19
220654,2025,8,46366.19
220654,2025,9,46366.19
220654,2025,10,46366.19
220654,2025,11,46366.19
220654,2025,12,46366.19
220654,2026,1,46366.19
220654,2026,2,46366.19
220654,2026,3,46366.19
220654,2026,4,46366.19
220654,2026,5,46366.19
220654,2026,6,46366.19
220654,2026,7,46366.19
220654,2026,8,46366.19
220654,2026,9,46366.19
220655,2023,2,39293.32
220655,2023,3,39293.32
220655,2023,4,41650.92
220655,2023,5,41650.92
220655,2023,6,41650.92
220655,2023,7,41650.92
220655,2023,8,41650.92
220655,2023,9,41650.92
220655,2023,10,41650.92
220655,2023,11,41650.92
220655,2023,12,41650.92
220655,2024,1,41650.92
220655,2024,2,44008.52
220655,2024,3,44008.52
220655,2024,4,44008.52
220655,2024,5,44008.52
220655,2024,6,44008.52
220655,2024,7,44008.52
220655,2024,8,44008.52
220655,2024,9,44008.52
220655,2024,10,44008.52
220655,2024,11,44008.52
220655,2024,12,44008.52
220655,2025,1,44008.52
220655,2025,2,46366.19
220655,2025,3,46366.19
220655,2025,4,46366.19
220655,2025,5,46366.19
220655,2025,6,46366.19
220655,2025,7,46366.19
220655,2025,8,46366.19
220655,2025,9,46366.19
220655,2025,10,46366.19
220655,2025,11,46366.19
220655,2025,12,46366.19
220655,2026,1,46366.19
220655,2026,2,46366.19
220655,2026,3,46366.19
220655,2026,4,46366.19
220655,2026,5,46366.19
220655,2026,6,46366.19
220655,2026,7,46366.19
220655,2026,8,46366.19
220655,2026,9,46366.19
220656,2023,2,39293.32
220656,2023,3,39293.32
220656,2023,4,41650.92
220656,2023,5,41650.92
220656,2023,6,41650.92
220656,2023,7,41650.92
220656,2023,8,41650.92
220656,2023,9,41650.92
220656,2023,10,41650.92
220656,2023,11,41650.92
220656,2023,12,41650.92
220656,2024,1,41650.92
220656,2024,2,44008.52
220656,2024,3,44008.52
220656,2024,4,44008.52
220656,2024,5,44008.52
220656,2024,6,44008.52
220656,2024,7,44008.52
220656,2024,8,44008.52
220656,2024,9,44008.52
220656,2024,10,44008.52
220656,2024,11,44008.52
220656,2024,12,44008.52
220656,2025,1,44008.52
220656,2025,2,46366.19
220656,2025,3,46366.19
220656,2025,4,46366.19
220656,2025,5,46366.19
220656,2025,6,46366.19
220656,2025,7,46366.19
220656,2025,8,46366.19
220656,2025,9,46366.19
220656,2025,10,46366.19
220656,2025,11,46366.19
220656,2025,12,3091.08
220656,2026,4,43275.11
220656,2026,5,46366.19
220656,2026,6,46366.19
220656,2026,7,46366.19
220656,2026,8,46366.19
220656,2026,9,46366.19
220657,2023,2,39293.32
220657,2023,3,39293.32
220657,2023,4,41650.92
220657,2023,5,41650.92
220657,2023,6,41650.92
220657,2023,7,41650.92
220657,2023,8,41650.92
220657,2023,9,41650.92
220657,2023,10,41650.92
220657,2023,11,41650.92
220657,2023,12,41650.92
220657,2024,1,41650.92
220657,2024,2,44008.52
220657,2024,3,44008.52
220657,2024,4,44008.52
220657,2024,5,44008.52
220657,2024,6,44008.52
220657,2024,7,44008.52
220657,2024,8,44008.52
220657,2024,9,16136.46
220657,2025,1,30805.96
220657,2025,2,46366.19
220657,2025,3,46366.19
220657,2025,4,46366.19
220657,2025,5,46366.19
220657,2025,6,46366.19
220657,2025,7,46366.19
220657,2025,8,46366.19
220657,2025,9,46366.19
220657,2025,10,46366.19
220657,2025,11,46366.19
220657,2025,12,46366.19
220657,2026,1,46366.19
220657,2026,2,46366.19
220657,2026,3,46366.19
220657,2026,4,46366.19
220657,2026,5,46366.19
220657,2026,6,46366.19
220657,2026,7,46366.19
220657,2026,8,46366.19
220657,2026,9,46366.19
220658,2023,2,39293.32
220658,2023,3,39293.32
220658,2023,4,41650.92
220658,2023,5,41650.92
220658,2023,6,41650.92
220658,2023,7,41650.92
220658,2023,8,41650.92
220658,2023,9,41650.92
220658,2023,10,41650.92
220658,2023,11,41650.92
220658,2023,12,41650.92
220658,2024,1,41650.92
220658,2024,2,44008.52
220658,2024,3,44008.52
220658,2024,4,44008.52
220658,2024,5,44008.52
220658,2024,6,44008.52
220658,2024,7,44008.52
220658,2024,8,44008.52
220658,2024,9,44008.52
220658,2024,10,44008.52
220658,2024,11,44008.52
220658,2024,12,44008.52
220658,2025,1,44008.52
220658,2025,2,46366.19
220658,2025,3,46366.19
220658,2025,4,46366.19
220658,2025,5,46366.19
220658,2025,6,46366.19
220658,2025,7,46366.19
220658,2025,8,46366.19
220658,2025,9,46366.19
220658,2025,10,46366.19
220658,2025,11,46366.19
220658,2025,12,46366.19
220658,2026,1,46366.19
220658,2026,2,46366.19
220658,2026,3,46366.19
220658,2026,4,46366.19
220658,2026,5,46366.19
220658,2026,6,46366.19
220658,2026,7,46366.19
220658,2026,8,46366.19
220658,2026,9,46366.19
220659,2023,2,39293.32
220659,2023,3,39293.32
220659,2023,4,41650.92
220659,2023,5,41650.92
220659,2023,6,41650.92
220659,2023,7,41650.92
220659,2023,8,41650.92
220659,2023,9,41650.92
220659,2023,10,41650.92
220659,2023,11,41650.92
220659,2023,12,41650.92
220659,2024,1,41650.92
220659,2024,2,44008.52
220659,2024,3,44008.52
220659,2024,4,44008.52
220659,2024,5,44008.52
220659,2024,6,44008.52
220659,2024,7,44008.52
220659,2024,8,44008.52
220659,2024,9,44008.52
220659,2024,10,44008.52
220659,2024,11,44008.52
220659,2024,12,44008.52
220659,2025,1,44008.52
220659,2025,2,46366.19
220659,2025,3,46366.19
220659,2025,4,46366.19
220659,2025,5,46366.19
220659,2025,6,46366.19
220659,2025,7,46366.19
220659,2025,8,46366.19
220659,2025,9,46366.19
220659,2025,10,46366.19
220659,2025,11,46366.19
220659,2025,12,46366.19
220659,2026,1,46366.19
220659,2026,2,46366.19
220659,2026,3,46366.19
220659,2026,4,3091.08
220659,2026,6,43275.11
220659,2026,7,12364.32
220659,2026,8,1788.68
220660,2023,2,39293.32
220660,2023,3,39293.32
220660,2023,4,41650.92
220660,2023,5,41650.92
220660,2023,6,41650.92
220660,2023,7,0.0
220660,2023,10,6941.82
220660,2023,11,42527.87
220660,2023,12,41650.92
220660,2024,1,41650.92
220660,2024,2,44008.52
220660,2024,3,44008.52
220660,2024,4,44008.52
220660,2024,5,44008.52
220660,2024,6,44008.52
220660,2024,7,44008.52
220660,2024,8,44008.52
220660,2024,9,44008.52
220660,2024,10,44008.52
220660,2024,11,44008.52
220660,2024,12,44008.52
220660,2025,1,44008.52
220660,2025,2,46366.19
220660,2025,3,46366.19
220660,2025,4,46366.19
220660,2025,5,46366.19
220660,2025,6,46366.19
220660,2025,7,46366.19
220660,2025,8,46366.19
220660,2025,9,46366.19
220660,2025,10,46366.19
220660,2025,11,46366.19
220660,2025,12,46366.19
220660,2026,1,3091.08
220660,2026,4,3091.08
220660,2026,5,46366.19
220660,2026,6,46366.19
220660,2026,7,46366.19
220660,2026,8,46366.19
220660,2026,9,46366.19
220661,2023,2,39293.32
220661,2023,3,39293.32
220661,2023,4,41650.92
220661,2023,5,41650.92
220661,2023,6,41650.92
220661,2023,7,41650.92
220661,2023,8,41650.92
220661,2023,9,41650.92
220661,2023,10,41650.92
220661,2023,11,41650.92
220661,2023,12,41650.92
220661,2024,1,41650.92
220661,2024,2,44008.52
220661,2024,3,44008.52
220661,2024,4,44008.52
220661,2024,5,44008.52
220661,2024,6,44008.52
220661,2024,7,44008.52
220661,2024,8,44008.52
220661,2024,9,44008.52
220661,2024,10,44008.52
220661,2024,11,44008.52
220661,2024,12,44008.52
220661,2025,1,44008.52
220661,2025,2,46366.19
220661,2025,3,46366.19
220661,2025,4,46366.19
220661,2025,5,46366.19
220661,2025,6,46366.19
220661,2025,7,46366.19
220661,2025,8,46366.19
220661,2025,9,46366.19
220661,2025,10,46366.19
220661,2025,11,46366.19
220661,2025,12,46366.19
220661,2026,1,46366.19
220661,2026,2,46366.19
220661,2026,3,46366.19
220661,2026,4,46366.19
220661,2026,5,46366.19
220661,2026,6,46366.19
220661,2026,7,46366.19
220661,2026,8,46366.19
220661,2026,9,46366.19
220662,2023,2,39293.32
220662,2023,3,39293.32
220662,2023,4,41650.92
220662,2023,5,41650.92
220662,2023,6,41650.92
220662,2023,7,41650.92
220662,2023,8,41650.92
220662,2023,9,41650.92
220662,2023,10,41650.92
220662,2023,11,41650.92
220662,2023,12,41650.92
220662,2024,1,41650.92
220662,2024,2,44008.52
220662,2024,3,44008.52
220662,2024,4,44008.52
220662,2024,5,44008.52
220662,2024,6,44008.52
220662,2024,7,44008.52
220662,2024,8,44008.52
220662,2024,9,44008.52
220662,2024,10,44008.52
220662,2024,11,44008.52
220662,2024,12,44008.52
220662,2025,1,44008.52
220662,2025,2,46366.19
220662,2025,3,46366.19
220662,2025,4,46366.19
220662,2025,5,46366.19
220662,2025,6,46366.19
220662,2025,7,46366.19
220662,2025,8,46366.19
220662,2025,9,46366.19
220662,2025,10,46366.19
220662,2025,11,46366.19
220662,2025,12,46366.19
220662,2026,1,46366.19
220662,2026,2,46366.19
220662,2026,3,46366.19
220662,2026,4,46366.19
220662,2026,5,46366.19
220662,2026,6,46366.19
220662,2026,7,46366.19
220662,2026,8,46366.19
220662,2026,9,46366.19
220663,2023,2,39293.32
220663,2023,3,39293.32
220663,2023,4,41650.92
220663,2023,5,41650.92
220663,2023,6,41650.92
220663,2023,7,41650.92
220663,2023,8,41650.92
220663,2023,9,41650.92
220663,2023,10,41650.92
220663,2023,11,41650.92
220663,2023,12,41650.92
220663,2024,1,41650.92
220663,2024,2,44008.52
220663,2024,3,44008.52
220663,2024,4,44008.52
220663,2024,5,44008.52
220663,2024,6,44008.52
220663,2024,7,44008.52
220663,2024,8,44008.52
220663,2024,9,44008.52
220663,2024,10,44008.52
220663,2024,11,44008.52
220663,2024,12,44008.52
220663,2025,1,44008.52
220663,2025,2,46366.19
220663,2025,3,46366.19
220663,2025,4,46366.19
220663,2025,5,46366.19
220663,2025,6,46366.19
220663,2025,7,46366.19
220663,2025,8,46366.19
220663,2025,9,46366.19
220663,2025,10,46366.19
220663,2025,11,46366.19
220663,2025,12,46366.19
220663,2026,1,46366.19
220663,2026,2,46366.19
220663,2026,3,46366.19
220663,2026,4,46366.19
220663,2026,5,46366.19
220663,2026,6,46366.19
220663,2026,7,46366.19
220663,2026,8,46366.19
220663,2026,9,46366.19
220664,2023,2,39293.32
220664,2023,3,39293.32
220664,2023,4,41650.92
220664,2023,5,41650.92
220664,2023,6,41650.92
220664,2023,7,41650.92
220664,2023,8,41650.92
220664,2023,9,41650.92
220664,2023,10,41650.92
220664,2023,11,41650.92
220664,2023,12,41650.92
220664,2024,1,41650.92
220664,2024,2,44008.52
220664,2024,3,44008.52
220664,2024,4,44008.52
220664,2024,5,44008.52
220664,2024,6,44008.52
220664,2024,7,44008.52
220664,2024,8,44008.52
220664,2024,9,44008.52
220664,2024,10,44008.52
220664,2024,11,44008.52
220664,2024,12,44008.52
220664,2025,1,44008.52
220664,2025,2,46366.19
220664,2025,3,46366.19
220664,2025,4,46366.19
220664,2025,5,46366.19
220664,2025,6,46366.19
220664,2025,7,46366.19
220664,2025,8,46366.19
220664,2025,9,46366.19
220664,2025,10,46366.19
220664,2025,11,46366.19
220664,2025,12,46366.19
220664,2026,1,46366.19
220664,2026,2,46366.19
220664,2026,3,46366.19
220664,2026,4,46366.19
220664,2026,5,46366.19
220664,2026,6,46366.19
220664,2026,7,46366.19
220664,2026,8,46366.19
220664,2026,9,46366.19
220665,2023,2,39293.32
220665,2023,3,39293.32
220665,2023,4,41650.92
220665,2023,5,41650.92
220665,2023,6,41650.92
220665,2023,7,41650.92
220665,2023,8,41650.92
220665,2023,9,41650.92
220665,2023,10,41650.92
220665,2023,11,41650.92
220665,2023,12,41650.92
220665,2024,1,41650.92
220665,2024,2,44008.52
220665,2024,3,44008.52
220665,2024,4,44008.52
220665,2024,5,44008.52
220665,2024,6,44008.52
220665,2024,7,2933.9
220665,2024,11,44008.52
220665,2024,12,44008.52
220665,2025,1,44008.52
220665,2025,2,46366.19
220665,2025,3,46366.19
220665,2025,4,46366.19
220665,2025,5,46366.19
220665,2025,6,46366.19
220665,2025,7,46366.19
220665,2025,8,46366.19
220665,2025,9,46366.19
220665,2025,10,46366.19
220665,2025,11,46366.19
220665,2025,12,46366.19
220665,2026,1,46366.19
220665,2026,2,46366.19
220665,2026,3,46366.19
220665,2026,4,46366.19
220665,2026,5,46366.19
220665,2026,6,46366.19
220665,2026,7,46366.19
220665,2026,8,46366.19
220665,2026,9,46366.19
220666,2023,2,39293.32
220666,2023,3,39293.32
220666,2023,4,41650.92
220666,2023,5,41650.92
220666,2023,6,41650.92
220666,2023,7,41650.92
220666,2023,8,41650.92
220666,2023,9,41650.92
220666,2023,10,41650.92
220666,2023,11,41650.92
220666,2023,12,41650.92
220666,2024,1,41650.92
220666,2024,2,44008.52
220666,2024,3,44008.52
220666,2024,4,44008.52
220666,2024,5,44008.52
220666,2024,6,44008.52
220666,2024,7,44008.52
220666,2024,8,44008.52
220666,2024,9,44008.52
220666,2024,10,44008.52
220666,2024,11,44008.52
220666,2024,12,44008.52
220666,2025,1,44008.52
220666,2025,2,46366.19
220666,2025,3,46366.19
220666,2025,4,46366.19
220666,2025,5,46366.19
220666,2025,6,46366.19
220666,2025,7,46366.19
220666,2025,8,46366.19
220666,2025,9,46366.19
220666,2025,10,46366.19
220666,2025,11,46366.19
220666,2025,12,46366.19
220666,2026,1,46366.19
220666,2026,2,46366.19
220666,2026,3,46366.19
220666,2026,4,46366.19
220666,2026,5,46366.19
220666,2026,6,46366.19
220666,2026,7,46366.19
220666,2026,8,46366.19
220666,2026,9,46366.19
220667,2023,2,39293.32
220667,2023,3,39293.32
220667,2023,4,41650.92
220667,2023,5,41650.92
220667,2023,6,41650.92
220667,2023,7,41650.92
220667,2023,8,41650.92
220667,2023,9,41650.92
220667,2023,10,41650.92
220667,2023,11,41650.92
220667,2023,12,41650.92
220667,2024,1,41650.92
220667,2024,2,44008.52
220667,2024,3,44008.52
220667,2024,4,44008.52
220667,2024,5,44008.52
220667,2024,6,44008.52
220667,2024,7,44008.52
220667,2024,8,44008.52
220667,2024,9,44008.52
220667,2024,10,44008.52
220667,2024,11,44008.52
220667,2024,12,44008.52
220667,2025,1,44008.52
220667,2025,2,46366.19
220667,2025,3,46366.19
220667,2025,4,46366.19
220667,2025,5,46366.19
220667,2025,6,46366.19
220667,2025,7,46366.19
220667,2025,8,46366.19
220667,2025,9,46366.19
220667,2025,10,46366.19
220667,2025,11,46366.19
220667,2025,12,46366.19
220667,2026,1,46366.19
220667,2026,2,46366.19
220667,2026,3,46366.19
220667,2026,4,46366.19
220667,2026,5,46366.19
220667,2026,6,46366.19
220667,2026,7,46366.19
220667,2026,8,46366.19
220667,2026,9,46366.19
220668,2023,2,39293.32
220668,2023,3,39293.32
220668,2023,4,41650.92
220668,2023,5,41650.92
220668,2023,6,41650.92
220668,2023,7,41650.92
220668,2023,8,41650.92
220668,2023,9,41650.92
220668,2023,10,41650.92
220668,2023,11,41650.92
220668,2023,12,41650.92
220668,2024,1,41650.92
220668,2024,2,44008.52
220668,2024,3,44008.52
220668,2024,4,44008.52
220668,2024,5,44008.52
220668,2024,6,44008.52
220668,2024,7,44008.52
220668,2024,8,44008.52
220668,2024,9,44008.52
220668,2024,10,44008.52
220668,2024,11,44008.52
220668,2024,12,0.0
220668,2025,1,0.0
220668,2025,2,0.0
220668,2025,3,37092.95
220668,2025,4,46366.19
220668,2025,5,46366.19
220668,2025,6,46366.19
220668,2025,7,46366.19
220668,2025,8,46366.19
220668,2025,9,46366.19
220668,2025,10,46366.19
220668,2025,11,46366.19
220668,2025,12,46366.19
220668,2026,1,46366.19
220668,2026,2,46366.19
220668,2026,3,46366.19
220668,2026,4,46366.19
220668,2026,5,46366.19
220668,2026,6,46366.19
220668,2026,7,46366.19
220668,2026,8,46366.19
220668,2026,9,46366.19
220669,2023,2,39293.32
220669,2023,3,39293.32
220669,2023,4,41650.92
220669,2023,5,41650.92
220669,2023,6,41650.92
220669,2023,7,41650.92
220669,2023,8,41650.92
220669,2023,9,41650.92
220669,2023,10,41650.92
220669,2023,11,41650.92
220669,2023,12,41650.92
220669,2024,1,41650.92
220669,2024,2,44008.52
220669,2024,3,44008.52
220669,2024,4,44008.52
220669,2024,5,44008.52
220669,2024,6,44008.52
220669,2024,7,44008.52
220669,2024,8,44008.52
220669,2024,9,44008.52
220669,2024,10,44008.52
220669,2024,11,44008.52
220669,2024,12,44008.52
220669,2025,1,44008.52
220669,2025,2,46366.19
220669,2025,3,46366.19
220669,2025,4,46366.19
220669,2025,5,46366.19
220669,2025,6,46366.19
220669,2025,7,46366.19
220669,2025,8,46366.19
220669,2025,9,46366.19
220669,2025,10,46366.19
220669,2025,11,46366.19
220669,2025,12,46366.19
220669,2026,1,46366.19
220669,2026,2,46366.19
220669,2026,3,46366.19
220669,2026,4,46366.19
220669,2026,5,46366.19
220669,2026,6,46366.19
220669,2026,7,46366.19
220669,2026,8,46366.19
220669,2026,9,46366.19
220670,2023,2,39293.32
220670,2023,3,39293.32
220670,2023,4,41650.92
220670,2023,5,41650.92
220670,2023,6,41650.92
220670,2023,7,41650.92
220670,2023,8,41650.92
220670,2023,9,41650.92
220670,2023,10,41650.92
220670,2023,11,41650.92
220670,2023,12,41650.92
220670,2024,1,41650.92
220670,2024,2,44008.52
220670,2024,3,44008.52
220670,2024,4,44008.52
220670,2024,5,44008.52
220670,2024,6,44008.52
220670,2024,7,44008.52
220670,2024,8,44008.52
220670,2024,9,44008.52
220670,2024,10,44008.52
220670,2024,11,44008.52
220670,2024,12,44008.52
220670,2025,1,44008.52
220670,2025,2,46366.19
220670,2025,3,46366.19
220670,2025,4,46366.19
220670,2025,5,46366.19
220670,2025,6,46366.19
220670,2025,7,46366.19
220670,2025,8,46366.19
220670,2025,9,46366.19
220670,2025,10,46366.19
220670,2025,11,46366.19
220670,2025,12,46366.19
220670,2026,1,46366.19
220670,2026,2,46366.19
220670,2026,3,46366.19
220670,2026,4,46366.19
220670,2026,5,46366.19
220670,2026,6,46366.19
220670,2026,7,46366.19
220670,2026,8,46366.19
220670,2026,9,46366.19
220671,2023,2,39293.32
220671,2023,3,39293.32
220671,2023,4,41650.92
220671,2023,5,41650.92
220671,2023,6,41650.92
220671,2023,7,41650.92
220671,2023,8,41650.92
220671,2023,9,41650.92
220671,2023,10,41650.92
220671,2023,11,41650.92
220671,2023,12,41650.92
220671,2024,1,41650.92
220671,2024,2,44008.52
220671,2024,3,44008.52
220671,2024,4,44008.52
220671,2024,5,44008.52
220671,2024,6,44008.52
220671,2024,7,44008.52
220671,2024,8,44008.52
220671,2024,9,44008.52
220671,2024,10,44008.52
220671,2024,11,44008.52
220671,2024,12,44008.52
220671,2025,1,44008.52
220671,2025,2,46366.19
220671,2025,3,46366.19
220671,2025,4,46366.19
220671,2025,5,46366.19
220671,2025,6,46366.19
220671,2025,7,46366.19
220671,2025,8,46366.19
220671,2025,9,46366.19
220671,2025,10,46366.19
220671,2025,11,46366.19
220671,2025,12,46366.19
220671,2026,1,46366.19
220671,2026,2,46366.19
220671,2026,3,46366.19
220671,2026,4,46366.19
220671,2026,5,46366.19
220671,2026,6,46366.19
220671,2026,7,46366.19
220671,2026,8,46366.19
220671,2026,9,46366.19
220672,2023,2,39293.32
220672,2023,3,39293.32
220672,2023,4,41650.92
220672,2023,5,41650.92
220672,2023,6,41650.92
220672,2023,7,41650.92
220672,2023,8,41650.92
220672,2023,9,41650.92
220672,2023,10,41650.92
220672,2023,11,41650.92
220672,2023,12,41650.92
220672,2024,1,41650.92
220672,2024,2,44008.52
220672,2024,3,44008.52
220672,2024,4,44008.52
220672,2024,5,44008.52
220672,2024,6,44008.52
220672,2024,7,44008.52
220672,2024,8,44008.52
220672,2024,9,44008.52
220672,2024,10,44008.52
220672,2024,11,44008.52
220672,2024,12,44008.52
220672,2025,1,44008.52
220672,2025,2,46366.19
220672,2025,3,46366.19
220672,2025,4,46366.19
220672,2025,5,46366.19
220672,2025,6,46366.19
220672,2025,7,46366.19
220672,2025,8,46366.19
220672,2025,9,46366.19
220672,2025,10,46366.19
220672,2025,11,46366.19
220672,2025,12,46366.19
220672,2026,1,46366.19
220672,2026,2,46366.19
220672,2026,3,46366.19
220672,2026,4,46366.19
220672,2026,5,46366.19
220672,2026,6,46366.19
220672,2026,7,46366.19
220672,2026,8,46366.19
220672,2026,9,46366.19
220673,2023,2,39293.32
220673,2023,3,39293.32
220673,2023,4,41650.92
220673,2023,5,41650.92
220673,2023,6,41650.92
220673,2023,7,41650.92
220673,2023,8,41650.92
220673,2023,9,41650.92
220673,2023,10,41650.92
220673,2023,11,41650.92
220673,2023,12,41650.92
220673,2024,1,41650.92
220673,2024,2,44008.52
220673,2024,3,44008.52
220673,2024,4,44008.52
220673,2024,5,44008.52
220673,2024,6,44008.52
220673,2024,7,44008.52
220673,2024,8,44008.52
220673,2024,9,44008.52
220673,2024,10,44008.52
220673,2024,11,44008.52
220673,2024,12,44008.52
220673,2025,1,44008.52
220673,2025,2,46366.19
220673,2025,3,46366.19
220673,2025,4,46366.19
220673,2025,5,46366.19
220673,2025,6,46366.19
220673,2025,7,46366.19
220673,2025,8,46366.19
220673,2025,9,46366.19
220673,2025,10,46366.19
220673,2025,11,46366.19
220673,2025,12,46366.19
220673,2026,1,46366.19
220673,2026,2,46366.19
220673,2026,3,46366.19
220673,2026,4,46366.19
220673,2026,5,46366.19
220673,2026,6,46366.19
220673,2026,7,46366.19
220673,2026,8,46366.19
220673,2026,9,46366.19
220674,2023,2,39293.32
220674,2023,3,39293.32
220674,2023,4,41650.92
220674,2023,5,41650.92
220674,2023,6,41650.92
220674,2023,7,41650.92
220674,2023,8,41650.92
220674,2023,9,41650.92
220674,2023,10,41650.92
220674,2023,11,41650.92
220674,2023,12,41650.92
220674,2024,1,41650.92
220674,2024,2,44008.52
220674,2024,3,44008.52
220674,2024,4,44008.52
220674,2024,5,44008.52
220674,2024,6,44008.52
220674,2024,7,44008.52
220674,2024,8,44008.52
220674,2024,9,44008.52
220674,2024,10,44008.52
220674,2024,11,44008.52
220674,2024,12,44008.52
220674,2025,1,44008.52
220674,2025,2,46366.19
220674,2025,3,46366.19
220674,2025,4,46366.19
220674,2025,5,46366.19
220674,2025,6,46366.19
220674,2025,7,46366.19
220674,2025,8,46366.19
220674,2025,9,46366.19
220674,2025,10,46366.19
220674,2025,11,46366.19
220674,2025,12,46366.19
220674,2026,1,46366.19
220674,2026,2,46366.19
220674,2026,3,46366.19
220674,2026,4,46366.19
220674,2026,5,46366.19
220674,2026,6,46366.19
220674,2026,7,46366.19
220674,2026,8,46366.19
220674,2026,9,46366.19
220675,2023,2,39293.32
220675,2023,3,39293.32
220675,2023,4,41650.92
220675,2023,5,41650.92
220675,2023,6,41650.92
220675,2023,7,41650.92
220675,2023,8,41650.92
220675,2023,9,41650.92
220675,2023,10,41650.92
220675,2023,11,41650.92
220675,2023,12,41650.92
220675,2024,1,41650.92
220675,2024,2,44008.52
220675,2024,3,44008.52
220675,2024,4,44008.52
220675,2024,5,44008.52
220675,2024,6,44008.52
220675,2024,7,44008.52
220675,2024,8,44008.52
220675,2024,9,44008.52
220675,2024,10,44008.52
220675,2024,11,44008.52
220675,2024,12,44008.52
220675,2025,1,44008.52
220675,2025,2,46366.19
220675,2025,3,46366.19
220675,2025,4,46366.19
220675,2025,5,46366.19
220675,2025,6,46366.19
220675,2025,7,46366.19
220675,2025,8,46366.19
220675,2025,9,46366.19
220675,2025,10,46366.19
220675,2025,11,46366.19
220675,2025,12,46366.19
220675,2026,1,46366.19
220675,2026,2,46366.19
220675,2026,3,46366.19
220675,2026,4,46366.19
220675,2026,5,46366.19
220675,2026,6,46366.19
220675,2026,7,46366.19
220675,2026,8,46366.19
220675,2026,9,46366.19
220676,2023,2,39293.32
220676,2023,3,39293.32
220676,2023,4,41650.92
220676,2023,5,41650.92
220676,2023,6,41650.92
220676,2023,7,41650.92
220676,2023,8,41650.92
220676,2023,9,41650.92
220676,2023,10,41650.92
220676,2023,11,41650.92
220676,2023,12,41650.92
220676,2024,1,41650.92
220676,2024,2,44008.52
220676,2024,3,44008.52
220676,2024,4,44008.52
220676,2024,5,44008.52
220676,2024,6,44008.52
220676,2024,7,44008.52
220676,2024,8,44008.52
220676,2024,9,44008.52
220676,2024,10,0.0
220676,2024,11,33739.87
220676,2024,12,44008.52
220676,2025,1,44008.52
220676,2025,2,46366.19
220676,2025,3,46366.19
220676,2025,4,46366.19
220676,2025,5,46366.19
220676,2025,6,46366.19
220676,2025,7,46366.19
220676,2025,8,46366.19
220676,2025,9,46366.19
220676,2025,10,46366.19
220676,2025,11,46366.19
220676,2025,12,46366.19
220676,2026,1,46366.19
220676,2026,2,46366.19
220676,2026,3,46366.19
220676,2026,4,46366.19
220676,2026,5,46366.19
220676,2026,6,46366.19
220676,2026,7,46366.19
220676,2026,8,46366.19
220676,2026,9,46366.19
220677,2023,2,39293.32
220677,2023,3,39293.32
220677,2023,4,41650.92
220677,2023,5,41650.92
220677,2023,6,41650.92
220677,2023,7,41650.92
220677,2023,8,41650.92
220677,2023,9,41650.92
220677,2023,10,41650.92
220677,2023,11,41650.92
220677,2023,12,41650.92
220677,2024,1,41650.92
220677,2024,2,44008.52
220677,2024,3,44008.52
220677,2024,4,44008.52
220677,2024,5,44008.52
220677,2024,6,44008.52
220677,2024,7,44008.52
220677,2024,8,44008.52
220677,2024,9,44008.52
220677,2024,10,44008.52
220677,2024,11,44008.52
220677,2024,12,44008.52
220677,2025,1,44008.52
220677,2025,2,46366.19
220677,2025,3,46366.19
220677,2025,4,46366.19
220677,2025,5,46366.19
220677,2025,6,46366.19
220677,2025,7,46366.19
220677,2025,8,46366.19
220677,2025,9,46366.19
220677,2025,10,46366.19
220677,2025,11,46366.19
220677,2025,12,46366.19
220677,2026,1,46366.19
220677,2026,2,46366.19
220677,2026,3,46366.19
220677,2026,4,46366.19
220677,2026,5,46366.19
220677,2026,6,46366.19
220677,2026,7,46366.19
220677,2026,8,46366.19
220677,2026,9,46366.19
220681,2023,2,39293.32
220681,2023,3,39293.32
220681,2023,4,41650.92
220681,2023,5,41650.92
220681,2023,6,41650.92
220681,2023,7,41650.92
220681,2023,8,41650.92
220681,2023,9,41650.92
220681,2023,10,41650.92
220681,2023,11,41650.92
220681,2023,12,41650.92
220681,2024,1,41650.92
220681,2024,2,44008.52
220681,2024,3,44008.52
220681,2024,4,44008.52
220681,2024,5,44008.52
220681,2024,6,44008.52
220681,2024,10,1466.95
220681,2024,11,44008.52
220681,2024,12,43100.79
220681,2025,1,44008.52
220681,2025,2,46366.19
220681,2025,3,46366.19
220681,2025,4,46366.19
220681,2025,5,46366.19
220681,2025,6,46366.19
220681,2025,7,46366.19
220681,2025,8,46366.19
220681,2025,9,46366.19
220681,2025,10,46366.19
220681,2025,11,46366.19
220681,2025,12,46366.19
220681,2026,1,46366.19
220681,2026,2,46366.19
220681,2026,3,46366.19
220681,2026,4,46366.19
220681,2026,5,46366.19
220681,2026,6,46366.19
220681,2026,7,46366.19
220681,2026,8,46366.19
220681,2026,9,46366.19
220682,2023,2,39293.32
220682,2023,3,39293.32
220682,2023,4,41650.92
220682,2023,5,41650.92
220682,2023,6,41650.92
220682,2023,7,41650.92
220682,2023,8,41650.92
220682,2023,9,41650.92
220682,2023,10,41650.92
220682,2023,11,41650.92
220682,2023,12,41650.92
220682,2024,1,41650.92
220682,2024,2,44008.52
220682,2024,3,44008.52
220682,2024,4,44008.52
220682,2024,5,44008.52
220682,2024,6,44008.52
220682,2024,7,44008.52
220682,2024,8,44008.52
220682,2024,9,44008.52
220682,2024,10,44008.52
220682,2024,11,44008.52
220682,2024,12,44008.52
220682,2025,1,44008.52
220682,2025,2,46366.19
220682,2025,3,46366.19
220682,2025,4,46366.19
220682,2025,5,46366.19
220682,2025,6,46366.19
220682,2025,7,46366.19
220682,2025,8,46366.19
220682,2025,9,46366.19
220682,2025,10,46366.19
220682,2025,11,46366.19
220682,2025,12,46366.19
220682,2026,1,46366.19
220682,2026,2,46366.19
220682,2026,3,46366.19
220682,2026,4,46366.19
220682,2026,5,46366.19
220682,2026,6,46366.19
220682,2026,7,46366.19
220682,2026,8,46366.19
220682,2026,9,46366.19
220683,2023,2,39293.32
220683,2023,3,39293.32
220683,2023,4,41650.92
220683,2023,5,41650.92
220683,2023,6,41650.92
220683,2023,7,41650.92
220683,2023,8,41650.92
220683,2023,9,41650.92
220683,2023,10,41650.92
220683,2023,11,41650.92
220683,2023,12,41650.92
220683,2024,1,41650.92
220683,2024,2,44008.52
220683,2024,3,44008.52
220683,2024,4,44008.52
220683,2024,5,44008.52
220683,2024,6,44008.52
220683,2024,7,44008.52
220683,2024,8,44008.52
220683,2024,9,44008.52
220683,2024,10,44008.52
220683,2024,11,44008.52
220683,2024,12,44008.52
220683,2025,1,44008.52
220683,2025,2,46366.19
220683,2025,3,46366.19
220683,2025,4,46366.19
220683,2025,5,46366.19
220683,2025,6,46366.19
220683,2025,7,46366.19
220683,2025,8,46366.19
220683,2025,9,46366.19
220683,2025,10,46366.19
220683,2025,11,46366.19
220683,2025,12,46366.19
220683,2026,1,46366.19
220683,2026,2,46366.19
220683,2026,3,46366.19
220683,2026,4,46366.19
220683,2026,5,46366.19
220683,2026,6,46366.19
220683,2026,7,46366.19
220683,2026,8,46366.19
220683,2026,9,46366.19
220684,2023,2,39293.32
220684,2023,3,39293.32
220684,2023,4,41650.92
220684,2023,5,41650.92
220684,2023,6,41650.92
220684,2023,7,41650.92
220684,2023,8,41650.92
220684,2023,9,41650.92
220684,2023,10,41650.92
220684,2023,11,41650.92
220684,2023,12,41650.92
220684,2024,1,41650.92
220684,2024,2,44008.52
220684,2024,3,44008.52
220684,2024,4,44008.52
220684,2024,5,44008.52
220684,2024,6,44008.52
220684,2024,7,44008.52
220684,2024,8,44008.52
220684,2024,9,44008.52
220684,2024,10,44008.52
220684,2024,11,44008.52
220684,2024,12,44008.52
220684,2025,1,44008.52
220684,2025,2,46366.19
220684,2025,3,46366.19
220684,2025,4,46366.19
220684,2025,5,46366.19
220684,2025,6,46366.19
220684,2025,7,46366.19
220684,2025,8,46366.19
220684,2025,9,46366.19
220684,2025,10,46366.19
220684,2025,11,46366.19
220684,2025,12,46366.19
220684,2026,1,46366.19
220684,2026,2,46366.19
220684,2026,3,46366.19
220684,2026,4,46366.19
220684,2026,5,46366.19
220684,2026,6,46366.19
220684,2026,7,46366.19
220684,2026,8,46366.19
220684,2026,9,46366.19
220685,2023,2,39293.32
220685,2023,3,39293.32
220685,2023,4,41650.92
220685,2023,5,41650.92
220685,2023,6,41650.92
220685,2023,7,41650.92
220685,2023,8,41650.92
220685,2023,9,41650.92
220685,2023,10,41650.92
220685,2023,11,41650.92
220685,2023,12,41650.92
220685,2024,1,41650.92
220685,2024,2,44008.52
220685,2024,3,44008.52
220685,2024,4,44008.52
220685,2024,5,44008.52
220685,2024,6,44008.52
220685,2024,7,44008.52
220685,2024,8,44008.52
220685,2024,9,44008.52
220685,2024,10,44008.52
220685,2024,11,44008.52
220685,2024,12,44008.52
220685,2025,1,44008.52
220685,2025,2,46366.19
220685,2025,3,46366.19
220685,2025,4,46366.19
220685,2025,5,46366.19
220685,2025,6,46366.19
220685,2025,7,46366.19
220685,2025,8,46366.19
220685,2025,9,46366.19
220685,2025,10,46366.19
220685,2025,11,46366.19
220685,2025,12,46366.19
220685,2026,1,46366.19
220685,2026,2,46366.19
220685,2026,3,46366.19
220685,2026,4,46366.19
220685,2026,5,46366.19
220685,2026,6,46366.19
220685,2026,7,46366.19
220685,2026,8,46366.19
220685,2026,9,46366.19
220686,2023,2,39293.32
220686,2023,3,39293.32
220686,2023,4,41650.92
220686,2023,5,41650.92
220686,2023,6,41650.92
220686,2023,7,41650.92
220686,2023,8,41650.92
220686,2023,9,41650.92
220686,2023,10,41650.92
220686,2023,11,41650.92
220686,2023,12,41650.92
220686,2024,1,41650.92
220686,2024,2,44008.52
220686,2024,3,44008.52
220686,2024,4,44008.52
220686,2024,5,44008.52
220686,2024,6,44008.52
220686,2024,7,44008.52
220686,2024,8,44008.52
220686,2024,9,44008.52
220686,2024,10,44008.52
220686,2024,11,44008.52
220686,2024,12,44008.52
220686,2025,1,44008.52
220686,2025,2,46366.19
220686,2025,3,46366.19
220686,2025,4,46366.19
220686,2025,5,46366.19
220686,2025,6,46366.19
220686,2025,7,46366.19
220686,2025,8,46366.19
220686,2025,9,46366.19
220686,2025,10,46366.19
220686,2025,11,46366.19
220686,2025,12,46366.19
220686,2026,1,46366.19
220686,2026,2,46366.19
220686,2026,3,46366.19
220686,2026,4,46366.19
220686,2026,5,46366.19
220686,2026,6,46366.19
220686,2026,7,46366.19
220686,2026,8,46366.19
220686,2026,9,46366.19
220687,2023,2,39293.32
220687,2023,3,39293.32
220687,2023,4,41650.92
220687,2023,5,41650.92
220687,2023,6,41650.92
220687,2023,7,41650.92
220687,2023,8,41650.92
220687,2023,9,41650.92
220687,2023,10,41650.92
220687,2023,11,41650.92
220687,2023,12,41650.92
220687,2024,1,41650.92
220687,2024,2,44008.52
220687,2024,3,44008.52
220687,2024,4,44008.52
220687,2024,5,44008.52
220687,2024,6,24938.16
220687,2024,10,22004.26
220687,2024,11,44008.52
220687,2024,12,43368.41
220687,2025,1,44008.52
220687,2025,2,46366.19
220687,2025,3,46366.19
220687,2025,4,46366.19
220687,2025,5,46366.19
220687,2025,6,46366.19
220687,2025,7,46366.19
220687,2025,8,46366.19
220687,2025,9,46366.19
220687,2025,10,46366.19
220687,2025,11,46366.19
220687,2025,12,46366.19
220687,2026,1,46366.19
220687,2026,2,46366.19
220687,2026,3,46366.19
220687,2026,4,46366.19
220687,2026,5,46366.19
220687,2026,6,46366.19
220687,2026,7,46366.19
220687,2026,8,46366.19
220687,2026,9,46366.19
220688,2023,2,39293.32
220688,2023,3,39293.32
220688,2023,4,41650.92
220688,2023,5,41650.92
220688,2023,6,41650.92
220688,2023,7,41650.92
220688,2023,8,41650.92
220688,2023,9,41650.92
220688,2023,10,41650.92
220688,2023,11,41650.92
220688,2023,12,41650.92
220688,2024,1,41650.92
220688,2024,2,44008.52
220688,2024,3,44008.52
220688,2024,4,44008.52
220688,2024,5,44008.52
220688,2024,6,44008.52
220688,2024,7,44008.52
220688,2024,8,44008.52
220688,2024,9,44008.52
220688,2024,10,44008.52
220688,2024,11,44008.52
220688,2024,12,44008.52
220688,2025,1,44008.52
220688,2025,2,46366.19
220688,2025,3,46366.19
220688,2025,4,46366.19
220688,2025,5,46366.19
220688,2025,6,46366.19
220688,2025,7,46366.19
220688,2025,8,46366.19
220688,2025,9,46366.19
220688,2025,10,46366.19
220688,2025,11,46366.19
220688,2025,12,46366.19
220688,2026,1,46366.19
220688,2026,2,46366.19
220688,2026,3,46366.19
220688,2026,4,46366.19
220688,2026,5,46366.19
220688,2026,6,46366.19
220688,2026,7,46366.19
220688,2026,8,46366.19
220688,2026,9,46366.19
220689,2023,2,39293.32
220689,2023,3,39293.32
220689,2023,4,41650.92
220689,2023,5,41650.92
220689,2023,6,41650.92
220689,2023,7,41650.92
220689,2023,8,41650.92
220689,2023,9,41650.92
220689,2023,10,41650.92
220689,2023,11,41650.92
220689,2023,12,6941.82
220689,2024,4,39607.67
220689,2024,5,44008.52
220689,2024,6,44008.52
220689,2024,7,44008.52
220689,2024,8,44008.52
220689,2024,9,44008.52
220689,2024,10,44008.52
220689,2024,11,44008.52
220689,2024,12,44008.52
220689,2025,1,44008.52
220689,2025,2,46366.19
220689,2025,3,46366.19
220689,2025,4,46366.19
220689,2025,5,46366.19
220689,2025,6,46366.19
220689,2025,7,46366.19
220689,2025,8,46366.19
220689,2025,9,46366.19
220689,2025,10,46366.19
220689,2025,11,46366.19
220689,2025,12,46366.19
220689,2026,1,46366.19
220689,2026,2,15455.4
220689,2026,6,30910.79
220689,2026,7,46366.19
220689,2026,8,46366.19
220689,2026,9,46366.19
220690,2023,2,39293.32
220690,2023,3,39293.32
220690,2023,4,41650.92
220690,2023,5,41650.92
220690,2023,6,41650.92
220690,2023,7,41650.92
220690,2023,8,41650.92
220690,2023,9,41650.92
220690,2023,10,41650.92
220690,2023,11,41650.92
220690,2023,12,41650.92
220690,2024,1,41650.92
220690,2024,2,44008.52
220690,2024,3,44008.52
220690,2024,4,44008.52
220690,2024,5,44008.52
220690,2024,6,44008.52
220690,2024,7,44008.52
220690,2024,8,44008.52
220690,2024,9,44008.52
220690,2024,10,44008.52
220690,2024,11,44008.52
220690,2024,12,44008.52
220690,2025,1,44008.52
220690,2025,2,46366.19
220690,2025,3,46366.19
220690,2025,4,46366.19
220690,2025,5,46366.19
220690,2025,6,46366.19
220690,2025,7,46366.19
220690,2025,8,46366.19
220690,2025,9,46366.19
220690,2025,10,46366.19
220690,2025,11,46366.19
220690,2025,12,46366.19
220690,2026,1,46366.19
220690,2026,2,46366.19
220690,2026,3,46366.19
220690,2026,4,46366.19
220690,2026,5,46366.19
220690,2026,6,46366.19
220690,2026,7,46366.19
220690,2026,8,46366.19
220690,2026,9,46366.19
220691,2023,2,39293.32
220691,2023,3,39293.32
220691,2023,4,41650.92
220691,2023,5,41650.92
220691,2023,6,41650.92
220691,2023,7,41650.92
220691,2023,8,41650.92
220691,2023,9,41650.92
220691,2023,10,41650.92
220691,2023,11,41650.92
220691,2023,12,41650.92
220691,2024,1,41650.92
220691,2024,2,44008.52
220691,2024,3,44008.52
220691,2024,4,44008.52
220691,2024,5,44008.52
220691,2024,6,44008.52
220691,2024,7,44008.52
220691,2024,8,44008.52
220691,2024,9,44008.52
220691,2024,10,44008.52
220691,2024,11,44008.52
220691,2024,12,44008.52
220691,2025,1,44008.52
220691,2025,2,46366.19
220691,2025,3,46366.19
220691,2025,4,46366.19
220691,2025,5,46366.19
220691,2025,6,46366.19
220691,2025,7,46366.19
220691,2025,8,46366.19
220691,2025,9,46366.19
220691,2025,10,46366.19
220691,2025,11,46366.19
220691,2025,12,46366.19
220691,2026,1,46366.19
220691,2026,2,46366.19
220691,2026,3,46366.19
220691,2026,4,46366.19
220691,2026,5,46366.19
220691,2026,6,46366.19
220691,2026,7,46366.19
220691,2026,8,46366.19
220691,2026,9,46366.19
220692,2023,2,39293.32
220692,2023,3,39293.32
220692,2023,4,41650.92
220692,2023,5,41650.92
220692,2023,6,41650.92
220692,2023,7,41650.92
220692,2023,8,41650.92
220692,2023,9,41650.92
220692,2023,10,41650.92
220692,2023,11,41650.92
220692,2023,12,41650.92
220692,2024,1,41650.92
220692,2024,2,44008.52
220692,2024,3,44008.52
220692,2024,4,44008.52
220692,2024,5,44008.52
220692,2024,6,44008.52
220692,2024,7,44008.52
220692,2024,8,44008.52
220692,2024,9,44008.52
220692,2024,10,44008.52
220692,2024,11,44008.52
220692,2024,12,44008.52
220692,2025,1,44008.52
220692,2025,2,46366.19
220692,2025,3,46366.19
220692,2025,4,46366.19
220692,2025,5,46366.19
220692,2025,6,46366.19
220692,2025,7,46366.19
220692,2025,8,46366.19
220692,2025,9,46366.19
220692,2025,10,46366.19
220692,2025,11,46366.19
220692,2025,12,46366.19
220692,2026,1,46366.19
220692,2026,2,46366.19
220692,2026,3,46366.19
220692,2026,4,46366.19
220692,2026,5,46366.19
220692,2026,6,46366.19
220692,2026,7,46366.19
220692,2026,8,46366.19
220692,2026,9,46366.19
220693,2023,2,39293.32
220693,2023,3,39293.32
220693,2023,4,41650.92
220693,2023,5,41650.92
220693,2023,6,41650.92
220693,2023,7,41650.92
220693,2023,8,41650.92
220693,2023,9,41650.92
220693,2023,10,41650.92
220693,2023,11,41650.92
220693,2023,12,41650.92
220693,2024,1,41650.92
220693,2024,2,44008.52
220693,2024,3,44008.52
220693,2024,4,44008.52
220693,2024,5,44008.52
220693,2024,6,44008.52
220693,2024,7,44008.52
220693,2024,8,44008.52
220693,2024,9,44008.52
220693,2024,10,44008.52
220693,2024,11,44008.52
220693,2024,12,44008.52
220693,2025,1,44008.52
220693,2025,2,46366.19
220693,2025,3,46366.19
220693,2025,4,46366.19
220693,2025,5,46366.19
220693,2025,6,46366.19
220693,2025,7,46366.19
220693,2025,8,46366.19
220693,2025,9,46366.19
220693,2025,10,46366.19
220693,2025,11,46366.19
220693,2025,12,46366.19
220693,2026,1,46366.19
220693,2026,2,46366.19
220693,2026,3,46366.19
220693,2026,4,46366.19
220693,2026,5,46366.19
220693,2026,6,46366.19
220693,2026,7,46366.19
220693,2026,8,46366.19
220693,2026,9,46366.19
220694,2023,2,39293.32
220694,2023,3,39293.32
220694,2023,4,41650.92
220694,2023,5,41650.92
220694,2023,6,41650.92
220694,2023,7,41650.92
220694,2023,8,41650.92
220694,2023,9,41650.92
220694,2023,10,41650.92
220694,2023,11,41650.92
220694,2023,12,41650.92
220694,2024,1,41650.92
220694,2024,2,44008.52
220694,2024,3,44008.52
220694,2024,4,44008.52
220694,2024,5,44008.52
220694,2024,6,44008.52
220694,2024,7,44008.52
220694,2024,8,44008.52
220694,2024,9,44008.52
220694,2024,10,44008.52
220694,2024,11,44008.52
220694,2024,12,44008.52
220694,2025,1,44008.52
220694,2025,2,46366.19
220694,2025,3,46366.19
220694,2025,4,46366.19
220694,2025,5,46366.19
220694,2025,6,46366.19
220694,2025,7,46366.19
220694,2025,8,46366.19
220694,2025,9,46366.19
220694,2025,10,46366.19
220694,2025,11,46366.19
220694,2025,12,46366.19
220694,2026,1,46366.19
220694,2026,2,46366.19
220694,2026,3,46366.19
220694,2026,4,46366.19
220694,2026,5,46366.19
220694,2026,6,46366.19
220694,2026,7,46366.19
220694,2026,8,46366.19
220694,2026,9,46366.19
220695,2023,2,39293.32
220695,2023,3,39293.32
220695,2023,4,41650.92
220695,2023,5,41650.92
220695,2023,6,41650.92
220695,2023,7,41650.92
220695,2023,8,41650.92
220695,2023,9,41650.92
220695,2023,10,41650.92
220695,2023,11,41650.92
220695,2023,12,41650.92
220695,2024,1,41650.92
220695,2024,2,44008.52
220695,2024,3,44008.52
220695,2024,4,44008.52
220695,2024,5,44008.52
220695,2024,6,44008.52
220695,2024,7,44008.52
220695,2024,8,44008.52
220695,2024,9,44008.52
220695,2024,10,44008.52
220695,2024,11,44008.52
220695,2024,12,44008.52
220695,2025,1,44008.52
220695,2025,2,46366.19
220695,2025,3,46366.19
220695,2025,4,46366.19
220695,2025,5,46366.19
220695,2025,6,46366.19
220695,2025,7,46366.19
220695,2025,8,46366.19
220695,2025,9,46366.19
220695,2025,10,46366.19
220695,2025,11,46366.19
220695,2025,12,46366.19
220695,2026,1,46366.19
220695,2026,2,46366.19
220695,2026,3,46366.19
220695,2026,4,46366.19
220695,2026,5,46366.19
220695,2026,6,46366.19
220695,2026,7,46366.19
220695,2026,8,46366.19
220695,2026,9,46366.19
220696,2023,2,39293.32
220696,2023,3,39293.32
220696,2023,4,41650.92
220696,2023,5,41650.92
220696,2023,6,41650.92
220696,2023,7,41650.92
220696,2023,8,41650.92
220696,2023,9,41650.92
220696,2023,10,41650.92
220696,2023,11,41650.92
220696,2023,12,41650.92
220696,2024,1,41650.92
220696,2024,2,44008.52
220696,2024,3,44008.52
220696,2024,4,44008.52
220696,2024,5,44008.52
220696,2024,6,44008.52
220696,2024,7,44008.52
220696,2024,8,44008.52
220696,2024,9,44008.52
220696,2024,10,44008.52
220696,2024,11,44008.52
220696,2024,12,44008.52
220696,2025,1,44008.52
220696,2025,2,46366.19
220696,2025,3,46366.19
220696,2025,4,46366.19
220696,2025,5,46366.19
220696,2025,6,46366.19
220696,2025,7,46366.19
220696,2025,8,46366.19
220696,2025,9,46366.19
220696,2025,10,46366.19
220696,2025,11,46366.19
220696,2025,12,46366.19
220696,2026,1,46366.19
220696,2026,2,46366.19
220696,2026,3,46366.19
220696,2026,4,46366.19
220696,2026,5,46366.19
220696,2026,6,46366.19
220696,2026,7,46366.19
220696,2026,8,46366.19
220696,2026,9,46366.19
220697,2023,2,39293.32
220697,2023,3,39293.32
220697,2023,4,41650.92
220697,2023,5,41650.92
220697,2023,6,41650.92
220697,2023,7,41650.92
220697,2023,8,41650.92
220697,2023,9,41650.92
220697,2023,10,41650.92
220697,2023,11,41650.92
220697,2023,12,41650.92
220697,2024,1,41650.92
220697,2024,2,44008.52
220697,2024,3,44008.52
220697,2024,4,44008.52
220697,2024,5,44008.52
220697,2024,6,44008.52
220697,2024,7,44008.52
220697,2024,8,44008.52
220697,2024,9,44008.52
220697,2024,10,44008.52
220697,2024,11,44008.52
220697,2024,12,44008.52
220697,2025,1,44008.52
220697,2025,2,46366.19
220697,2025,3,46366.19
220697,2025,4,46366.19
220697,2025,5,46366.19
220697,2025,6,46366.19
220697,2025,7,46366.19
220697,2025,8,46366.19
220697,2025,9,46366.19
220697,2025,10,46366.19
220697,2025,11,46366.19
220697,2025,12,46366.19
220697,2026,1,46366.19
220697,2026,2,46366.19
220697,2026,3,46366.19
220697,2026,4,46366.19
220697,2026,5,46366.19
220697,2026,6,46366.19
220697,2026,7,46366.19
220697,2026,8,46366.19
220697,2026,9,46366.19
220698,2023,2,39293.32
220698,2023,3,39293.32
220698,2023,4,41650.92
220698,2023,5,41650.92
220698,2023,6,41650.92
220698,2023,7,41650.92
220698,2023,8,41650.92
220698,2023,9,41650.92
220698,2023,10,41650.92
220698,2023,11,41650.92
220698,2023,12,41650.92
220698,2024,1,41650.92
220698,2024,2,44008.52
220698,2024,3,44008.52
220698,2024,4,44008.52
220698,2024,5,44008.52
220698,2024,6,44008.52
220698,2024,7,44008.52
220698,2024,8,44008.52
220698,2024,9,44008.52
220698,2024,10,44008.52
220698,2024,11,44008.52
220698,2024,12,44008.52
220698,2025,1,44008.52
220698,2025,2,46366.19
220698,2025,3,46366.19
220698,2025,4,46366.19
220698,2025,5,46366.19
220698,2025,6,46366.19
220698,2025,7,46366.19
220698,2025,8,46366.19
220698,2025,9,46366.19
220698,2025,10,46366.19
220698,2025,11,46366.19
220698,2025,12,46366.19
220698,2026,1,46366.19
220698,2026,2,46366.19
220698,2026,3,46366.19
220698,2026,4,46366.19
220698,2026,5,46366.19
220698,2026,6,46366.19
220698,2026,7,46366.19
220698,2026,8,46366.19
220698,2026,9,46366.19
220699,2023,2,39293.32
220699,2023,3,39293.32
220699,2023,4,41650.92
220699,2023,5,41650.92
220699,2023,6,41650.92
220699,2023,7,41650.92
220699,2023,8,41650.92
220699,2023,9,41650.92
220699,2023,10,41650.92
220699,2023,11,41650.92
220699,2023,12,41650.92
220699,2024,1,41650.92
220699,2024,2,44008.52
220699,2024,3,44008.52
220699,2024,4,44008.52
220699,2024,5,44008.52
220699,2024,6,44008.52
220699,2024,7,44008.52
220699,2024,8,44008.52
220699,2024,9,44008.52
220699,2024,10,44008.52
220699,2024,11,44008.52
220699,2024,12,44008.52
220699,2025,1,44008.52
220699,2025,2,46366.19
220699,2025,3,46366.19
220699,2025,4,46366.19
220699,2025,5,46366.19
220699,2025,6,46366.19
220699,2025,7,46366.19
220699,2025,8,46366.19
220699,2025,9,46366.19
220699,2025,10,46366.19
220699,2025,11,46366.19
220699,2025,12,46366.19
220699,2026,1,46366.19
220699,2026,2,46366.19
220699,2026,3,46366.19
220699,2026,4,46366.19
220699,2026,5,46366.19
220699,2026,6,46366.19
220699,2026,7,46366.19
220699,2026,8,46366.19
220699,2026,9,46366.19
220700,2023,2,39293.32
220700,2023,3,39293.32
220700,2023,4,41650.92
220700,2023,5,41650.92
220700,2023,6,41650.92
220700,2023,7,41650.92
220700,2023,8,41650.92
220700,2023,9,41650.92
220700,2023,10,41650.92
220700,2023,11,41650.92
220700,2023,12,41650.92
220700,2024,1,41650.92
220700,2024,2,44008.52
220700,2024,3,44008.52
220700,2024,4,44008.52
220700,2024,5,44008.52
220700,2024,6,44008.52
220700,2024,7,44008.52
220700,2024,8,44008.52
220700,2024,9,44008.52
220700,2024,10,44008.52
220700,2024,11,44008.52
220700,2024,12,44008.52
220700,2025,1,44008.52
220700,2025,2,46366.19
220700,2025,3,46366.19
220700,2025,4,46366.19
220700,2025,5,46366.19
220700,2025,6,46366.19
220700,2025,7,46366.19
220700,2025,8,46366.19
220700,2025,9,46366.19
220700,2025,10,46366.19
220700,2025,11,46366.19
220700,2025,12,46366.19
220700,2026,1,46366.19
220700,2026,2,46366.19
220700,2026,3,46366.19
220700,2026,4,46366.19
220700,2026,5,46366.19
220700,2026,6,46366.19
220700,2026,7,46366.19
220700,2026,8,46366.19
220700,2026,9,46366.19
220701,2023,2,39293.32
220701,2023,3,39293.32
220701,2023,4,41650.92
220701,2023,5,41650.92
220701,2023,6,41650.92
220701,2023,7,41650.92
220701,2023,8,41650.92
220701,2023,9,41650.92
220701,2023,10,41650.92
220701,2023,11,41650.92
220701,2023,12,41650.92
220701,2024,1,41650.92
220701,2024,2,44008.52
220701,2024,3,44008.52
220701,2024,4,44008.52
220701,2024,5,44008.52
220701,2024,6,44008.52
220701,2024,7,44008.52
220701,2024,8,44008.52
220701,2024,9,44008.52
220701,2024,10,44008.52
220701,2024,11,44008.52
220701,2024,12,44008.52
220701,2025,1,44008.52
220701,2025,2,46366.19
220701,2025,3,46366.19
220701,2025,4,46366.19
220701,2025,5,46366.19
220701,2025,6,46366.19
220701,2025,7,46366.19
220701,2025,8,46366.19
220701,2025,9,46366.19
220701,2025,10,46366.19
220701,2025,11,46366.19
220701,2025,12,46366.19
220701,2026,1,46366.19
220701,2026,2,46366.19
220701,2026,3,46366.19
220701,2026,4,46366.19
220701,2026,5,46366.19
220701,2026,6,46366.19
220701,2026,7,46366.19
220701,2026,8,46366.19
220701,2026,9,46366.19
220702,2023,2,39293.32
220702,2023,3,39293.32
220702,2023,4,41650.92
220702,2023,5,41650.92
220702,2023,6,41650.92
220702,2023,7,41650.92
220702,2023,8,41650.92
220702,2023,9,41650.92
220702,2023,10,41650.92
220702,2023,11,41650.92
220702,2023,12,41650.92
220702,2024,1,41650.92
220702,2024,2,44008.52
220702,2024,3,44008.52
220702,2024,4,44008.52
220702,2024,5,44008.52
220702,2024,6,44008.52
220702,2024,7,44008.52
220702,2024,8,44008.52
220702,2024,9,0.0
220702,2024,12,7334.75
220702,2025,1,44008.52
220702,2025,2,46366.19
220702,2025,3,46366.19
220702,2025,4,46366.19
220702,2025,5,46366.19
220702,2025,6,46366.19
220702,2025,7,46366.19
220702,2025,8,46366.19
220702,2025,9,46366.19
220702,2025,10,46366.19
220702,2025,11,46366.19
220702,2025,12,46366.19
220702,2026,1,46366.19
220702,2026,2,46366.19
220702,2026,3,46366.19
220702,2026,4,46366.19
220702,2026,5,46366.19
220702,2026,6,46366.19
220702,2026,7,46366.19
220702,2026,8,46366.19
220702,2026,9,46366.19
220703,2023,2,39293.32
220703,2023,3,39293.32
220703,2023,4,41650.92
220703,2023,5,41650.92
220703,2023,6,41650.92
220703,2023,7,41650.92
220703,2023,8,41650.92
220703,2023,9,41650.92
220703,2023,10,41650.92
220703,2023,11,41650.92
220703,2023,12,41650.92
220703,2024,1,41650.92
220703,2024,2,44008.52
220703,2024,3,44008.52
220703,2024,4,44008.52
220703,2024,5,44008.52
220703,2024,6,44008.52
220703,2024,7,44008.52
220703,2024,8,44008.52
220703,2024,9,44008.52
220703,2024,10,44008.52
220703,2024,11,44008.52
220703,2024,12,44008.52
220703,2025,1,44008.52
220703,2025,2,46366.19
220703,2025,3,46366.19
220703,2025,4,46366.19
220703,2025,5,46366.19
220703,2025,6,46366.19
220703,2025,7,46366.19
220703,2025,8,46366.19
220703,2025,9,46366.19
220703,2025,10,46366.19
220703,2025,11,46366.19
220703,2025,12,46366.19
220703,2026,1,46366.19
220703,2026,2,46366.19
220703,2026,3,46366.19
220703,2026,4,46366.19
220703,2026,5,46366.19
220703,2026,6,46366.19
220703,2026,7,46366.19
220703,2026,8,46366.19
220703,2026,9,46366.19
220704,2023,2,39293.32
220704,2023,3,39293.32
220704,2023,4,41650.92
220704,2023,5,41650.92
220704,2023,6,41650.92
220704,2023,7,41650.92
220704,2023,8,41650.92
220704,2023,9,41650.92
220704,2023,10,41650.92
220704,2023,11,41650.92
220704,2023,12,41650.92
220704,2024,1,41650.92
220704,2024,2,44008.52
220704,2024,3,44008.52
220704,2024,4,44008.52
220704,2024,5,44008.52
220704,2024,6,44008.52
220704,2024,7,44008.52
220704,2024,8,44008.52
220704,2024,9,44008.52
220704,2024,10,44008.52
220704,2024,11,44008.52
220704,2024,12,44008.52
220704,2025,1,44008.52
220704,2025,2,46366.19
220704,2025,3,46366.19
220704,2025,4,46366.19
220704,2025,5,46366.19
220704,2025,6,46366.19
220704,2025,7,46366.19
220704,2025,8,46366.19
220704,2025,9,46366.19
220704,2025,10,46366.19
220704,2025,11,46366.19
220704,2025,12,46366.19
220704,2026,1,46366.19
220704,2026,2,46366.19
220704,2026,3,46366.19
220704,2026,4,46366.19
220704,2026,5,46366.19
220704,2026,6,46366.19
220704,2026,7,46366.19
220704,2026,8,46366.19
220704,2026,9,46366.19
220705,2023,2,39293.32
220705,2023,3,39293.32
220705,2023,4,41650.92
220705,2023,5,41650.92
220705,2023,6,6941.82
220705,2023,7,0.0
220706,2023,2,39293.32
220706,2023,3,39293.32
220706,2023,4,41650.92
220706,2023,5,41650.92
220706,2023,6,41650.92
220706,2023,7,41650.92
220706,2023,8,41650.92
220706,2023,9,41650.92
220706,2023,10,41650.92
220706,2023,11,41650.92
220706,2023,12,41650.92
220706,2024,1,41650.92
220706,2024,2,44008.52
220706,2024,3,44008.52
220706,2024,4,44008.52
220706,2024,5,44008.52
220706,2024,6,44008.52
220706,2024,7,44008.52
220706,2024,8,44008.52
220706,2024,9,44008.52
220706,2024,10,44008.52
220706,2024,11,44008.52
220706,2024,12,44008.52
220706,2025,1,44008.52
220706,2025,2,46366.19
220706,2025,3,46366.19
220706,2025,4,46366.19
220706,2025,5,46366.19
220706,2025,6,46366.19
220706,2025,7,46366.19
220706,2025,8,46366.19
220706,2025,9,46366.19
220706,2025,10,46366.19
220706,2025,11,46366.19
220706,2025,12,46366.19
220706,2026,1,46366.19
220706,2026,2,46366.19
220706,2026,3,46366.19
220706,2026,4,46366.19
220706,2026,5,46366.19
220706,2026,6,15455.4
220706,2026,7,0.0
220707,2023,2,39293.32
220707,2023,3,39293.32
220707,2023,4,41650.92
220707,2023,5,41650.92
220707,2023,6,41650.92
220707,2023,7,41650.92
220707,2023,8,41650.92
220707,2023,9,41650.92
220707,2023,10,41650.92
220707,2023,11,41650.92
220707,2023,12,41650.92
220707,2024,1,41650.92
220707,2024,2,44008.52
220707,2024,3,44008.52
220707,2024,4,44008.52
220707,2024,5,7334.75
220707,2024,9,39607.67
220707,2024,10,44008.52
220707,2024,11,44008.52
220707,2024,12,44008.52
220707,2025,1,44008.52
220707,2025,2,46366.19
220707,2025,3,46366.19
220707,2025,4,0.0
220707,2025,5,0.0
220707,2025,6,0.0
220707,2025,7,37092.95
220707,2025,8,46366.19
220707,2025,9,46366.19
220707,2025,10,46366.19
220707,2025,11,46366.19
220707,2025,12,46366.19
220707,2026,1,46366.19
220707,2026,2,46366.19
220707,2026,3,46366.19
220707,2026,4,46366.19
220707,2026,5,46366.19
220707,2026,6,46366.19
220707,2026,7,46366.19
220707,2026,8,46366.19
220707,2026,9,46366.19
220708,2023,2,39293.32
220708,2023,3,39293.32
220708,2023,4,41650.92
220708,2023,5,41650.92
220708,2023,6,41650.92
220708,2023,7,41650.92
220708,2023,8,41650.92
220708,2023,9,41650.92
220708,2023,10,41650.92
220708,2023,11,41650.92
220708,2023,12,41650.92
220708,2024,1,41650.92
220708,2024,2,44008.52
220708,2024,3,44008.52
220708,2024,4,44008.52
220708,2024,5,44008.52
220708,2024,6,44008.52
220708,2024,7,44008.52
220708,2024,8,44008.52
220708,2024,9,44008.52
220708,2024,10,44008.52
220708,2024,11,44008.52
220708,2024,12,44008.52
220708,2025,1,44008.52
220708,2025,2,46366.19
220708,2025,3,46366.19
220708,2025,4,46366.19
220708,2025,5,46366.19
220708,2025,6,46366.19
220708,2025,7,46366.19
220708,2025,8,46366.19
220708,2025,9,46366.19
220708,2025,10,46366.19
220708,2025,11,46366.19
220708,2025,12,46366.19
220708,2026,1,46366.19
220708,2026,2,46366.19
220708,2026,3,46366.19
220708,2026,4,46366.19
220708,2026,5,46366.19
220708,2026,6,46366.19
220708,2026,7,46366.19
220708,2026,8,46366.19
220708,2026,9,46366.19
220712,2023,2,39293.32
220712,2023,3,39293.32
220712,2023,4,41650.92
220712,2023,5,41650.92
220712,2023,6,41650.92
220712,2023,7,41650.92
220712,2023,8,41650.92
220712,2023,9,41650.92
220712,2023,10,41650.92
220712,2023,11,41650.92
220712,2023,12,41650.92
220712,2024,1,41650.92
220712,2024,2,44008.52
220712,2024,3,44008.52
220712,2024,4,44008.52
220712,2024,5,44008.52
220712,2024,6,44008.52
220712,2024,7,44008.52
220712,2024,8,44008.52
220712,2024,9,44008.52
220712,2024,10,44008.52
220712,2024,11,44008.52
220712,2024,12,44008.52
220712,2025,1,44008.52
220712,2025,2,46366.19
220712,2025,3,46366.19
220712,2025,4,46366.19
220712,2025,5,46366.19
220712,2025,6,46366.19
220712,2025,7,46366.19
220712,2025,8,46366.19
220712,2025,9,46366.19
220712,2025,10,46366.19
220712,2025,11,46366.19
220712,2025,12,46366.19
220712,2026,1,46366.19
220712,2026,2,46366.19
220712,2026,3,46366.19
220712,2026,4,46366.19
220712,2026,5,46366.19
220712,2026,6,46366.19
220712,2026,7,46366.19
220712,2026,8,46366.19
220712,2026,9,46366.19
220713,2023,2,39293.32
220713,2023,3,39293.32
220713,2023,4,41650.92
220713,2023,5,41650.92
220713,2023,6,41650.92
220713,2023,7,41650.92
220713,2023,8,41650.92
220713,2023,9,41650.92
220713,2023,10,41650.92
220713,2023,11,41650.92
220713,2023,12,41650.92
220713,2024,1,41650.92
220713,2024,2,44008.52
220713,2024,3,44008.52
220713,2024,4,44008.52
220713,2024,5,44008.52
220713,2024,6,44008.52
220713,2024,7,44008.52
220713,2024,8,44008.52
220713,2024,9,44008.52
220713,2024,10,44008.52
220713,2024,11,44008.52
220713,2024,12,44008.52
220713,2025,1,44008.52
220713,2025,2,46366.19
220713,2025,3,46366.19
220713,2025,4,46366.19
220713,2025,5,46366.19
220713,2025,6,46366.19
220713,2025,7,46366.19
220713,2025,8,46366.19
220713,2025,9,46366.19
220713,2025,10,46366.19
220713,2025,11,46366.19
220713,2025,12,46366.19
220713,2026,1,46366.19
220713,2026,2,46366.19
220713,2026,3,46366.19
220713,2026,4,46366.19
220713,2026,5,46366.19
220713,2026,6,46366.19
220713,2026,7,46366.19
220713,2026,8,46366.19
220713,2026,9,46366.19
220714,2023,2,39293.32
220714,2023,3,39293.32
220714,2023,4,41650.92
220714,2023,5,41650.92
220714,2023,6,41650.92
220714,2023,7,41650.92
220714,2023,8,41650.92
220714,2023,9,41650.92
220714,2023,10,41650.92
220714,2023,11,41650.92
220714,2023,12,41650.92
220714,2024,1,41650.92
220714,2024,2,44008.52
220714,2024,3,44008.52
220714,2024,4,44008.52
220714,2024,5,44008.52
220714,2024,6,44008.52
220714,2024,7,44008.52
220714,2024,8,44008.52
220714,2024,9,44008.52
220714,2024,10,44008.52
220714,2024,11,44008.52
220714,2024,12,44008.52
220714,2025,1,44008.52
220714,2025,2,46366.19
220714,2025,3,46366.19
220714,2025,4,46366.19
220714,2025,5,46366.19
220714,2025,6,46366.19
220714,2025,7,46366.19
220714,2025,8,46366.19
220714,2025,9,46366.19
220714,2025,10,46366.19
220714,2025,11,46366.19
220714,2025,12,46366.19
220714,2026,1,46366.19
220714,2026,2,46366.19
220714,2026,3,46366.19
220714,2026,4,46366.19
220714,2026,5,46366.19
220714,2026,6,46366.19
220714,2026,7,46366.19
220714,2026,8,46366.19
220714,2026,9,46366.19
220715,2023,2,39293.32
220715,2023,3,39293.32
220715,2023,4,41650.92
220715,2023,5,41650.92
220715,2023,6,41650.92
220715,2023,7,41650.92
220715,2023,8,41650.92
220715,2023,9,41650.92
220715,2023,10,41650.92
220715,2023,11,41650.92
220715,2023,12,41650.92
220715,2024,1,41650.92
220715,2024,2,44008.52
220715,2024,3,44008.52
220715,2024,4,44008.52
220715,2024,5,44008.52
220715,2024,6,44008.52
220715,2024,7,44008.52
220715,2024,8,44008.52
220715,2024,9,44008.52
220715,2024,10,44008.52
220715,2024,11,44008.52
220715,2024,12,44008.52
220715,2025,1,44008.52
220715,2025,2,46366.19
220715,2025,3,46366.19
220715,2025,4,46366.19
220715,2025,5,46366.19
220715,2025,6,46366.19
220715,2025,7,46366.19
220715,2025,8,46366.19
220715,2025,9,46366.19
220715,2025,10,46366.19
220715,2025,11,46366.19
220715,2025,12,46366.19
220715,2026,1,46366.19
220715,2026,2,46366.19
220715,2026,3,46366.19
220715,2026,4,46366.19
220715,2026,5,46366.19
220715,2026,6,46366.19
220715,2026,7,46366.19
220715,2026,8,46366.19
220715,2026,9,46366.19
221148,2023,1,39293.32
221148,2023,2,28815.1
221148,2023,3,39293.32
221148,2023,4,41650.92
221148,2023,5,41650.92
221148,2023,6,41650.92
221148,2023,7,41650.92
221148,2023,8,41650.92
221148,2023,9,41650.92
221148,2023,10,41650.92
221148,2023,11,41650.92
221148,2023,12,41650.92
221148,2024,1,41650.92
221148,2024,2,44008.52
221148,2024,3,44008.52
221148,2024,4,44008.52
221148,2024,5,44008.52
221148,2024,6,44008.52
221148,2024,7,44008.52
221148,2024,8,44008.52
221148,2024,9,44008.52
221148,2024,10,44008.52
221148,2024,11,44008.52
221148,2024,12,44008.52
221148,2025,1,44008.52
221148,2025,2,40184.03
221148,2025,3,46366.19
221148,2025,4,46366.19
221148,2025,5,46366.19
221148,2025,6,46366.19
221148,2025,7,46366.19
221148,2025,8,46366.19
221148,2025,9,46366.19
221148,2025,10,46366.19
221148,2025,11,46366.19
221148,2025,12,46366.19
221148,2026,1,46366.19
221148,2026,2,46366.19
221148,2026,3,46366.19
221148,2026,4,46366.19
221148,2026,5,46366.19
221148,2026,6,46366.19
221148,2026,7,46366.19
221148,2026,8,46366.19
221148,2026,9,46366.19
221328,2023,2,35363.99
221328,2023,3,39293.32
221328,2023,4,41650.92
221328,2023,5,41650.92
221328,2023,6,41650.92
221328,2023,7,41650.92
221328,2023,8,41650.92
221328,2023,9,41650.92
221328,2023,10,41650.92
221328,2023,11,41650.92
221328,2023,12,41650.92
221328,2024,1,41650.92
221328,2024,2,44008.52
221328,2024,3,16136.46
221328,2024,4,44008.52
221328,2024,5,44008.52
221328,2024,6,44008.52
221328,2024,7,44008.52
221328,2024,8,44008.52
221328,2024,9,44008.52
221328,2024,10,44008.52
221328,2024,11,44008.52
221328,2024,12,44008.52
221328,2025,1,44008.52
221328,2025,2,46366.19
221328,2025,3,46366.19
221328,2025,4,46366.19
221328,2025,5,46366.19
221328,2025,6,46366.19
221328,2025,7,46366.19
221328,2025,8,46366.19
221328,2025,9,46366.19
221328,2025,10,46366.19
221328,2025,11,7727.7
221328,2025,12,29365.25
221328,2026,1,46366.19
221328,2026,2,46366.19
221328,2026,3,46366.19
221328,2026,4,46366.19
221328,2026,5,46366.19
221328,2026,6,46366.19
221328,2026,7,46366.19
221328,2026,8,46366.19
221328,2026,9,46366.19
221329,2023,2,34054.21
221329,2023,3,39293.32
221329,2023,4,41650.92
221329,2023,5,41650.92
221329,2023,6,41650.92
221329,2023,7,22213.82
221329,2023,8,1914.47
221329,2023,9,0.0
221329,2023,10,40262.56
221329,2023,11,41650.92
221329,2023,12,41650.92
221329,2024,1,41650.92
221329,2025,5,46366.19
221329,2025,6,46366.19
221329,2025,7,46366.19
221329,2025,8,46366.19
221329,2025,9,46366.19
221329,2025,10,46366.19
221329,2025,11,46366.19
221329,2025,12,46366.19
221329,2026,1,46366.19
221329,2026,2,46366.19
221329,2026,3,46366.19
221329,2026,4,46366.19
221329,2026,5,46366.19
221329,2026,6,46366.19
221329,2026,7,46366.19
221329,2026,8,46366.19
221329,2026,9,46366.19
221338,2023,2,34054.21
221338,2023,3,39293.32
221338,2023,4,41650.92
221338,2023,5,41650.92
221338,2023,6,41650.92
221338,2023,7,41650.92
221338,2023,8,41650.92
221338,2023,9,41650.92
221338,2023,10,41650.92
221338,2023,11,41650.92
221338,2023,12,41650.92
221338,2024,1,41650.92
221338,2024,2,44008.52
221338,2024,3,44008.52
221338,2024,4,44008.52
221338,2024,5,44008.52
221338,2024,6,44008.52
221338,2024,7,44008.52
221338,2024,8,44008.52
221338,2024,9,44008.52
221338,2024,10,44008.52
221338,2024,11,44008.52
221338,2024,12,44008.52
221338,2025,1,44008.52
221338,2025,2,46366.19
221338,2025,3,46366.19
221338,2025,4,46366.19
221338,2025,5,46366.19
221338,2025,6,46366.19
221338,2025,7,46366.19
221338,2025,8,46366.19
221338,2025,9,46366.19
221338,2025,10,46366.19
221338,2025,11,46366.19
221338,2025,12,46366.19
221338,2026,1,46366.19
221338,2026,2,46366.19
221338,2026,3,46366.19
221338,2026,4,46366.19
221338,2026,5,46366.19
221338,2026,6,46366.19
221338,2026,7,46366.19
221338,2026,8,46366.19
221338,2026,9,46366.19
221339,2023,2,34054.21
221339,2023,3,39293.32
221339,2023,4,41650.92
221339,2023,5,41650.92
221339,2023,6,41650.92
221339,2023,7,41650.92
221339,2023,8,41650.92
221339,2023,9,41650.92
221339,2023,10,41650.92
221339,2023,11,41650.92
221339,2023,12,41650.92
221339,2024,1,41650.92
221339,2024,2,44008.52
221339,2024,3,44008.52
221339,2024,4,44008.52
221339,2024,5,44008.52
221339,2024,6,44008.52
221339,2024,7,44008.52
221339,2024,8,44008.52
221339,2024,9,44008.52
221339,2024,10,44008.52
221339,2024,11,44008.52
221339,2024,12,44008.52
221339,2025,2,44.08
221378,2023,2,34054.21
221378,2023,3,39293.32
221378,2023,4,41650.92
221378,2023,5,41650.92
221378,2023,6,41650.92
221378,2023,7,41650.92
221378,2023,8,41650.92
221378,2023,9,41650.92
221378,2023,10,41650.92
221378,2023,11,41650.92
221378,2023,12,41650.92
221378,2024,1,41650.92
221378,2024,2,44008.52
221378,2024,3,44008.52
221378,2024,4,44008.52
221378,2024,5,44008.52
221378,2024,6,44008.52
221378,2024,7,44008.52
221378,2024,8,44008.52
221378,2024,9,44008.52
221378,2024,10,44008.52
221378,2024,11,44008.52
221378,2024,12,44008.52
221378,2025,1,19070.36
222142,2023,2,27505.32
222142,2023,3,39293.32
222142,2023,4,41650.92
222142,2023,5,41650.92
222142,2023,6,41650.92
222142,2023,7,41650.92
222142,2023,8,41650.92
222142,2023,9,41650.92
222142,2023,10,41650.92
222142,2023,11,41650.92
222142,2023,12,41650.92
222142,2024,1,41650.92
222142,2024,2,44008.52
222142,2024,3,44008.52
222142,2024,4,44008.52
222142,2024,5,44008.52
222142,2024,6,44008.52
222142,2024,7,44008.52
222142,2024,8,11131.78
222142,2024,9,0.0
222142,2024,12,0.0
222429,2023,2,27505.32
222429,2023,3,39293.32
222429,2023,4,41650.92
222429,2023,5,41650.92
222429,2023,6,41650.92
222429,2023,7,41650.92
222429,2023,8,41650.92
222429,2023,9,41650.92
222429,2023,10,41650.92
222429,2023,11,41650.92
222429,2023,12,41650.92
222429,2024,1,41650.92
222429,2024,2,44008.52
222429,2024,3,44008.52
222429,2024,4,44008.52
222429,2024,5,44008.52
222429,2024,6,44008.52
222429,2024,7,44008.52
222429,2024,8,44008.52
222429,2024,9,44008.52
222429,2024,10,44008.52
222429,2024,11,44008.52
222429,2024,12,41074.62
222429,2025,1,44008.52
222429,2025,2,46366.19
222429,2025,3,46366.19
222429,2025,4,46366.19
222429,2025,5,46366.19
222429,2025,6,46366.19
222429,2025,7,46366.19
222429,2025,8,46366.19
222429,2025,9,46366.19
222429,2025,10,46366.19
222429,2025,11,41729.57
222429,2025,12,46366.19
222429,2026,1,46366.19
222429,2026,2,46366.19
222429,2026,3,46366.19
222429,2026,4,0.0
222565,2026,2,27819.71
222565,2026,3,46366.19
222565,2026,4,3091.08
222565,2026,5,0.0
223128,2023,2,18336.88
223128,2023,3,39293.32
223128,2023,4,41650.92
223128,2023,5,41650.92
223128,2023,6,41650.92
223128,2023,7,41650.92
223128,2023,8,41650.92
223128,2023,9,41650.92
223128,2023,10,41650.92
223128,2023,11,41650.92
223128,2023,12,41650.92
223128,2024,1,41650.92
223128,2024,2,44008.52
223128,2024,3,44008.52
223128,2024,4,44008.52
223128,2024,5,44008.52
223128,2024,6,44008.52
223128,2024,7,44008.52
223128,2024,8,44008.52
223128,2024,9,44008.52
223128,2024,10,44008.52
223128,2024,11,44008.52
223128,2024,12,44008.52
223128,2025,1,44008.52
223128,2025,2,46366.19
223128,2025,3,46366.19
223128,2025,4,46366.19
223128,2025,5,46366.19
223128,2025,6,46366.19
223128,2025,7,46366.19
223128,2025,8,46366.19
223128,2025,9,46366.19
223128,2025,10,46366.19
223128,2025,11,44820.65
223128,2025,12,46366.19
223128,2026,1,46366.19
223128,2026,2,46366.19
223128,2026,3,46366.19
223128,2026,4,7727.7
223128,2026,5,0.0
223398,2024,3,29339.01
223398,2024,4,44008.52
223398,2024,5,44008.52
223398,2024,6,44008.52
223398,2024,7,7334.75
223398,2024,8,3797.03
223398,2024,9,0.0
224117,2023,3,31434.66
224117,2023,4,41650.92
224117,2023,5,41650.92
224117,2023,6,41650.92
224117,2023,7,41650.92
224117,2023,8,41650.92
224117,2023,9,41650.92
224117,2023,10,41650.92
224117,2023,11,41650.92
224117,2023,12,41650.92
224117,2024,1,41650.92
224117,2024,2,44008.52
224117,2024,3,44008.52
224117,2024,4,44008.52
224117,2024,5,44008.52
224117,2024,6,44008.52
224117,2024,7,44008.52
224117,2024,8,44008.52
224117,2024,9,44008.52
224117,2024,10,44008.52
224117,2024,11,44008.52
224117,2024,12,44008.52
224117,2025,1,44008.52
224117,2025,2,46366.19
224117,2025,3,46366.19
224117,2025,4,46366.19
224117,2025,5,46366.19
224117,2025,6,46366.19
224117,2025,7,46366.19
224117,2025,8,46366.19
224117,2025,9,46366.19
224117,2025,10,46366.19
224117,2025,11,46366.19
224117,2025,12,46366.19
224117,2026,1,46366.19
224117,2026,2,46366.19
224117,2026,3,46366.19
224117,2026,4,46366.19
224117,2026,5,46366.19
224117,2026,6,46366.19
224117,2026,7,46366.19
224117,2026,8,46366.19
224117,2026,9,46366.19
224333,2023,3,23575.99
224333,2023,4,41650.92
224333,2023,5,41650.92
224333,2023,6,41650.92
224333,2023,7,41650.92
224333,2023,8,41650.92
224333,2023,9,41650.92
224333,2023,10,41650.92
224333,2023,11,41650.92
224333,2023,12,41650.92
224333,2024,1,41650.92
224333,2024,2,44008.52
224333,2024,3,44008.52
224333,2024,4,44008.52
224333,2024,5,44008.52
224333,2024,6,44008.52
224333,2024,7,44008.52
224333,2024,8,44008.52
224333,2024,9,44008.52
224333,2024,10,44008.52
224333,2024,11,44008.52
224333,2024,12,44008.52
224333,2025,1,44008.52
224333,2025,2,46366.19
224333,2025,3,46366.19
224333,2025,4,46366.19
224333,2025,5,46366.19
224333,2025,6,46366.19
224333,2025,7,46366.19
224333,2025,8,46366.19
224333,2025,9,46366.19
224333,2025,10,46366.19
224333,2025,11,46366.19
224333,2025,12,46366.19
224333,2026,1,46366.19
224333,2026,2,46366.19
224333,2026,3,46366.19
224333,2026,4,46366.19
224333,2026,5,46366.19
224333,2026,6,46366.19
224333,2026,7,46366.19
224333,2026,8,46366.19
224333,2026,9,46366.19
225386,2023,8,0.0
225386,2023,12,1388.36
225386,2024,6,44008.52
225386,2024,7,23471.21
225386,2024,8,20537.31
225386,2024,9,0.0
225386,2024,10,35206.82
225386,2024,11,39607.67
225386,2024,12,41074.62
225386,2025,1,0.0
225386,2025,2,20.17
225386,2025,3,7727.7
225386,2025,12,0.0
225727,2023,6,41650.92
225727,2023,7,41650.92
225727,2023,8,41650.92
225727,2023,9,38874.19
225727,2023,10,0.0
225727,2023,12,0.0
225730,2023,6,41650.92
225730,2023,7,41650.92
225730,2023,8,41650.92
225730,2023,9,41650.92
225730,2023,10,0.0
225730,2025,1,38140.72
225730,2025,2,46366.19
225730,2025,3,46366.19
225730,2025,4,46366.19
225730,2025,5,46366.19
225730,2025,6,46366.19
225730,2025,7,46366.19
225730,2025,8,46366.19
225730,2025,9,46366.19
225730,2025,10,46366.19
225730,2025,11,18546.48
225730,2025,12,46366.19
225730,2026,1,46366.19
225730,2026,2,46366.19
225730,2026,3,46366.19
225730,2026,4,0.0
225846,2026,5,41729.57
225846,2026,6,46366.19
225846,2026,7,46366.19
225846,2026,8,46366.19
225846,2026,9,46366.19
226075,2023,7,41650.92
226075,2023,8,41650.92
226075,2023,9,41650.92
226075,2023,10,34709.1
226075,2023,11,0.0
226075,2024,5,0.0
226075,2026,8,40184.03
226075,2026,9,46366.19
226179,2023,7,34709.1
226179,2023,8,41650.92
226179,2023,9,41650.92
226179,2023,10,41650.92
226179,2023,11,41650.92
226179,2023,12,38874.19
226179,2024,1,41650.92
226179,2024,2,44008.52
226179,2024,3,44008.52
226179,2024,4,44008.52
226179,2024,5,44008.52
226179,2024,6,44008.52
226179,2024,7,44008.52
226179,2024,8,44008.52
226179,2024,9,44008.52
226179,2024,10,44008.52
226179,2024,11,44008.52
226179,2024,12,44008.52
226179,2025,1,44008.52
226179,2025,2,46366.19
226179,2025,3,46366.19
226179,2025,4,46366.19
226179,2025,5,46366.19
226179,2025,6,46366.19
226179,2025,7,46366.19
226179,2025,8,46366.19
226179,2025,9,46366.19
226179,2025,10,46366.19
226179,2025,11,44820.65
226179,2025,12,46366.19
226179,2026,1,46366.19
226179,2026,2,46366.19
226179,2026,3,46366.19
226179,2026,4,7727.7
226179,2026,5,0.0
226179,2026,6,0.0
226410,2023,8,33320.74
226410,2023,9,41650.92
226410,2023,10,41650.92
226410,2023,11,41650.92
226410,2023,12,6941.82
226553,2023,9,41650.92
226553,2023,10,41650.92
226553,2023,11,18048.73
226553,2023,12,0.0
226708,2023,9,24990.55
226708,2023,10,41650.92
226708,2023,11,41650.92
226708,2023,12,41650.92
226708,2024,1,41650.92
226708,2024,2,44008.52
226708,2024,3,44008.52
226708,2024,4,44008.52
226708,2024,5,44008.52
226708,2024,6,44008.52
226708,2024,7,44008.52
226708,2024,8,44008.52
226708,2024,9,44008.52
226708,2024,10,44008.52
226708,2024,11,44008.52
226708,2024,12,41074.62
226708,2025,1,44008.52
226708,2025,2,40184.03
226708,2025,3,46366.19
226708,2025,4,46366.19
226708,2025,5,46366.19
226708,2025,6,46366.19
226708,2025,7,46366.19
226708,2025,8,46366.19
226708,2025,9,46366.19
226708,2025,10,46366.19
226708,2025,11,18546.48
226708,2025,12,46366.19
226708,2026,1,46366.19
226708,2026,2,46366.19
226708,2026,3,46366.19
226708,2026,4,0.0
226837,2023,10,40262.56
226837,2023,11,41650.92
226837,2023,12,41650.92
226837,2024,1,41650.92
226837,2024,2,44008.52
226837,2024,3,44008.52
226837,2024,4,44008.52
226837,2024,5,44008.52
226837,2024,6,44008.52
226837,2024,7,44008.52
226837,2024,8,44008.52
226837,2024,9,44008.52
226837,2024,10,44008.52
226837,2024,11,44008.52
226837,2024,12,44008.52
226837,2025,1,44008.52
226837,2025,2,46366.19
226837,2025,3,46366.19
226837,2025,4,46366.19
226837,2025,5,46366.19
226837,2025,6,46366.19
226837,2025,7,46366.19
226837,2025,8,46366.19
226837,2025,9,46366.19
226837,2025,10,46366.19
226837,2025,11,46366.19
226837,2025,12,46366.19
226837,2026,1,46366.19
226837,2026,2,46366.19
226837,2026,3,46366.19
226837,2026,4,46366.19
226837,2026,5,46366.19
226837,2026,6,46366.19
226837,2026,7,46366.19
226837,2026,8,46366.19
226837,2026,9,46366.19
227275,2023,12,41650.92
227275,2024,1,41650.92
227275,2024,2,44008.52
227275,2024,3,42541.57
227275,2024,4,0.0
227310,2023,12,37485.83
227310,2024,1,41650.92
227310,2024,2,44008.52
227310,2024,3,44008.52
227310,2024,4,7334.75
227310,2024,5,0.0
227310,2026,2,35547.41
227310,2026,3,46366.19
227310,2026,4,46366.19
227310,2026,5,46366.19
227310,2026,6,15455.4
227310,2026,7,0.0
227323,2023,12,36097.46
227323,2024,1,41650.92
227323,2024,2,44008.52
227323,2024,3,44008.52
227323,2024,4,4400.85
227323,2024,5,0.0
227324,2023,12,36097.46
227324,2024,1,41650.92
227324,2024,2,44008.52
227324,2024,3,44008.52
227324,2024,4,4400.85
227324,2024,5,0.0
227370,2023,12,27767.28
227370,2024,1,41650.92
227370,2024,2,44008.52
227370,2024,3,44008.52
227370,2024,4,16136.46
227370,2024,5,0.0
227401,2023,12,24990.55
227401,2024,1,41650.92
227401,2024,2,44008.52
227401,2024,3,44008.52
227401,2024,4,16136.46
227401,2024,5,0.0
227433,2024,1,41650.92
227433,2024,2,44008.52
227433,2024,3,44008.52
227433,2024,4,44008.52
227433,2024,5,44008.52
227433,2024,6,44008.52
227433,2024,7,44008.52
227433,2024,8,44008.52
227433,2024,9,44008.52
227433,2024,10,44008.52
227433,2024,11,44008.52
227433,2024,12,42541.57
227433,2025,1,1466.95
227433,2025,2,27.18
227433,2025,3,46366.19
227433,2025,4,46366.19
227433,2025,5,46366.19
227433,2025,6,46366.19
227433,2025,7,46366.19
227433,2025,8,46366.19
227433,2025,9,46366.19
227433,2025,10,46366.19
227433,2025,11,43275.11
227433,2025,12,46366.19
227433,2026,1,46366.19
227433,2026,2,46366.19
227433,2026,3,23183.1
227433,2026,4,0.0
227660,2024,2,35206.82
227660,2024,3,44008.52
227660,2024,4,44008.52
227660,2024,5,44008.52
227660,2024,6,44008.52
227660,2024,7,44008.52
227660,2024,8,44008.52
227660,2024,9,44008.52
227660,2024,10,44008.52
227660,2024,11,44008.52
227660,2024,12,23471.21
227660,2025,1,35206.82
227660,2025,2,46366.19
227660,2025,3,46366.19
227660,2025,4,46366.19
227660,2025,5,46366.19
227660,2025,6,46366.19
227660,2025,7,46366.19
227660,2025,9,18919.45
227800,2024,3,44008.52
227800,2024,4,44008.52
227800,2024,5,44008.52
227800,2024,6,30805.96
227800,2024,7,0.0
227991,2024,5,36673.77
227991,2024,6,44008.52
227991,2024,7,44008.52
227991,2024,8,44008.52
227991,2024,9,4400.85
227991,2024,10,0.0
227991,2026,1,46366.19
227991,2026,2,46366.19
227991,2026,3,46366.19
227991,2026,4,46366.19
227991,2026,5,46366.19
227991,2026,6,46366.19
227991,2026,7,46366.19
227991,2026,8,46366.19
227991,2026,9,46366.19
228042,2024,3,27872.06
228042,2024,4,7334.75
228042,2024,7,0.0
228272,2024,4,32272.91
228272,2024,5,44008.52
228272,2024,6,44008.52
228272,2024,7,44008.52
228272,2024,8,10505.51
228272,2024,9,0.0
228616,2024,5,36673.77
228616,2024,6,44008.52
228616,2024,7,44008.52
228616,2024,8,44008.52
228616,2024,9,4400.85
228616,2024,10,0.0
228797,2024,6,44008.52
228797,2024,7,44008.52
228797,2024,8,44008.52
228797,2024,9,44008.52
228797,2024,10,13202.56
228797,2024,11,0.0
228837,2024,6,44008.52
228837,2024,7,44008.52
228837,2024,8,44008.52
228837,2024,9,38140.72
228837,2024,10,0.0
228941,2024,6,29339.01
228941,2024,7,44008.52
228941,2024,8,44008.52
228941,2024,9,44008.52
228941,2024,10,11735.61
228941,2024,11,0.0
229069,2024,7,44008.52
229069,2024,8,44008.52
229069,2024,9,44008.52
229069,2024,10,17603.41
229069,2024,12,0.0
229082,2024,7,44008.52
229082,2024,8,44008.52
229082,2024,9,44008.52
229082,2024,10,22004.26
229082,2024,11,0.0
229106,2024,7,44008.52
229106,2024,8,44008.52
229106,2024,9,44008.52
229106,2024,10,23471.21
229106,2024,11,0.0
229112,2024,7,44008.52
229112,2024,8,44008.52
229112,2024,9,44008.52
229112,2024,10,24938.16
229112,2024,11,0.0
229225,2024,7,42541.57
229225,2024,8,44008.52
229225,2024,9,44008.52
229225,2024,10,44008.52
229225,2024,11,0.0
229259,2024,7,35206.82
229259,2024,8,44008.52
229259,2024,9,44008.52
229259,2024,10,44008.52
229259,2024,11,1466.95
229259,2024,12,0.0
229333,2024,7,33739.87
229333,2024,8,44008.52
229333,2024,9,44008.52
229333,2024,10,44008.52
229333,2024,11,10268.65
229333,2024,12,0.0
229432,2024,7,23471.21
229432,2024,8,44008.52
229432,2024,9,44008.52
229432,2024,10,44008.52
229432,2024,11,13202.56
229432,2024,12,0.0
229432,2025,3,27819.71
229432,2025,4,46366.19
229432,2025,5,46366.19
229432,2025,6,46366.19
229432,2025,7,46366.19
229432,2025,8,46366.19
229432,2025,9,46366.19
229432,2025,10,46366.19
229432,2025,11,17000.94
229432,2025,12,46366.19
229432,2026,1,46366.19
229432,2026,2,3091.08
229432,2026,3,0.0
229585,2024,8,44008.52
229585,2024,9,44008.52
229585,2024,10,44008.52
229585,2024,11,27872.06
229585,2024,12,0.0
229585,2025,4,0.0
229585,2026,1,46366.19
229585,2026,2,46366.19
229585,2026,3,46366.19
229585,2026,4,0.0
229939,2024,9,44008.52
229939,2024,10,44008.52
229939,2024,11,44008.52
229939,2024,12,36673.77
229939,2025,1,0.0
229939,2025,2,14.69
229939,2025,4,0.0
230088,2024,9,22004.26
230088,2024,10,44008.52
230088,2024,11,44008.52
230088,2024,12,44008.52
230088,2025,1,44008.52
230088,2025,2,0.0
230177,2024,10,44008.52
230177,2024,11,44008.52
230177,2024,12,44008.52
230177,2025,1,18854.37
230177,2025,2,14.69
230762,2025,1,44008.52
230762,2025,2,40184.03
230762,2025,3,46366.19
230762,2025,4,46366.19
230762,2025,5,46366.19
230762,2025,6,46366.19
230762,2025,7,46366.19
230762,2025,8,46366.19
230762,2025,9,46366.19
230762,2025,10,46366.19
230762,2025,11,18546.48
230762,2025,12,46366.19
230762,2026,1,0.0
230764,2025,1,44008.52
230764,2025,2,40184.03
230764,2025,3,46366.19
230764,2025,4,12364.32
230764,2025,10,0.0
230765,2025,1,44008.52
230765,2025,2,46366.19
230765,2025,3,46366.19
230765,2025,4,46366.19
230765,2025,5,46366.19
230765,2025,6,46366.19
230765,2025,7,46366.19
230765,2025,8,46366.19
230765,2025,9,46366.19
230765,2025,10,46366.19
230765,2025,11,46366.19
230765,2025,12,46366.19
230765,2026,1,46366.19
230765,2026,2,46366.19
230765,2026,3,46366.19
230765,2026,4,46366.19
230765,2026,5,46366.19
230765,2026,6,46366.19
230765,2026,7,46366.19
230765,2026,8,46366.19
230765,2026,9,46366.19
230767,2025,1,44008.52
230767,2025,2,46366.19
230767,2025,3,46366.19
230767,2025,4,46366.19
230767,2025,5,46366.19
230767,2025,6,46366.19
230767,2025,7,46366.19
230767,2025,8,46366.19
230767,2025,9,46366.19
230767,2025,10,46366.19
230767,2025,11,46366.19
230767,2025,12,46366.19
230767,2026,1,46366.19
230767,2026,2,46366.19
230767,2026,3,46366.19
230767,2026,4,46366.19
230767,2026,5,46366.19
230767,2026,6,46366.19
230767,2026,7,46366.19
230767,2026,8,46366.19
230767,2026,9,46366.19
230768,2025,1,44008.52
230768,2025,2,46366.19
230768,2025,3,46366.19
230768,2025,4,46366.19
230768,2025,5,46366.19
230768,2025,6,46366.19
230768,2025,7,46366.19
230768,2025,8,46366.19
230768,2025,9,46366.19
230768,2025,10,46366.19
230768,2025,11,46366.19
230768,2025,12,46366.19
230768,2026,1,46366.19
230768,2026,2,46366.19
230768,2026,3,46366.19
230768,2026,4,46366.19
230768,2026,5,46366.19
230768,2026,6,46366.19
230768,2026,7,46366.19
230768,2026,8,46366.19
230768,2026,9,46366.19
230957,2025,1,36673.77
230957,2025,2,46366.19
230957,2025,3,46366.19
230957,2025,4,46366.19
230957,2025,5,46366.19
230957,2025,6,46366.19
230957,2025,7,46366.19
230957,2025,8,46366.19
230957,2025,9,46366.19
230957,2025,10,46366.19
230957,2025,11,46366.19
230957,2025,12,46366.19
230957,2026,1,46366.19
230957,2026,2,46366.19
230957,2026,3,46366.19
230957,2026,4,46366.19
230957,2026,5,46366.19
230957,2026,6,46366.19
230957,2026,7,46366.19
230957,2026,8,46366.19
230957,2026,9,46366.19
231911,2025,3,32456.33
231911,2025,4,46366.19
231911,2025,5,46366.19
231911,2025,6,46366.19
231911,2025,7,46366.19
231911,2025,8,46366.19
231911,2025,9,46366.19
231911,2025,10,46366.19
231911,2025,11,46366.19
231911,2025,12,46366.19
231911,2026,1,46366.19
231911,2026,2,46366.19
231911,2026,3,46366.19
231911,2026,4,7727.7
231911,2026,5,0.0
233218,2025,7,46366.19
233218,2025,8,46366.19
233218,2025,9,46366.19
233218,2025,10,15455.4
233218,2025,11,0.0
233592,2025,8,46366.19
233592,2025,9,46366.19
233592,2025,10,46366.19
233592,2025,11,46366.19
233592,2025,12,46366.19
233592,2026,1,46366.19
233592,2026,2,46366.19
233592,2026,3,46366.19
233592,2026,4,46366.19
233592,2026,5,46366.19
233592,2026,6,46366.19
233592,2026,7,46366.19
233592,2026,8,46366.19
233592,2026,9,46366.19
233594,2025,8,46366.19
233594,2025,9,46366.19
233594,2025,10,46366.19
233594,2025,11,46366.19
233594,2025,12,46366.19
233594,2026,1,46366.19
233594,2026,2,46366.19
233594,2026,3,46366.19
233594,2026,4,46366.19
233594,2026,5,46366.19
233594,2026,6,46366.19
233594,2026,7,46366.19
233594,2026,8,46366.19
233594,2026,9,46366.19
233598,2025,8,41729.57
233598,2025,9,46366.19
233598,2025,10,46366.19
233598,2025,11,46366.19
233598,2025,12,3091.08
234253,2025,11,29365.25
234253,2025,12,46366.19
234253,2026,3,43275.11
234253,2026,4,0.0
234310,2025,11,46366.19
234310,2025,12,46366.19
234310,2026,1,46366.19
234310,2026,2,46366.19
234310,2026,3,46366.19
234310,2026,4,0.0
234388,2025,11,46366.19
234388,2025,12,46366.19
234388,2026,1,46366.19
234388,2026,2,41729.57
234388,2026,3,0.0
234406,2025,11,40184.03
234406,2025,12,46366.19
234406,2026,1,46366.19
234406,2026,2,4636.62
234406,2026,3,0.0
234673,2025,12,46366.19
234673,2026,1,46366.19
234673,2026,2,46366.19
234673,2026,3,46366.19
234673,2026,4,46366.19
234673,2026,5,46366.19
234673,2026,6,3091.08
234673,2026,7,0.0
234788,2025,12,24728.63
234788,2026,1,46366.19
234788,2026,2,46366.19
234788,2026,3,46366.19
234788,2026,4,46366.19
234788,2026,5,46366.19
234788,2026,6,17000.94
234788,2026,7,0.0
234840,2026,1,46366.19
234840,2026,2,46366.19
234840,2026,3,4636.62
234840,2026,4,0.0
235088,2026,2,37092.95
235088,2026,3,46366.19
235088,2026,4,46366.19
235088,2026,5,46366.19
235088,2026,6,7727.7
235620,2026,4,46366.19
235620,2026,5,46366.19
235620,2026,6,46366.19
235620,2026,7,46366.19
235620,2026,8,2987.39
235620,2026,9,0.0
235712,2026,4,46366.19
235712,2026,5,46366.19
235712,2026,6,46366.19
235712,2026,7,46366.19
235712,2026,8,0.0
235776,2026,4,37092.95
235776,2026,5,46366.19
235776,2026,6,46366.19
235776,2026,7,46366.19
235776,2026,8,7727.7
235776,2026,9,0.0
235800,2026,4,35547.41
235800,2026,5,46366.19
235800,2026,6,46366.19
235800,2026,7,46366.19
235800,2026,8,46366.19
235800,2026,9,46366.19
235869,2026,4,26274.17
235869,2026,5,46366.19
235869,2026,6,46366.19
235869,2026,7,46366.19
235869,2026,8,17000.94
235869,2026,9,0.0
236284,2026,6,46366.19
236284,2026,7,46366.19
236284,2026,8,46366.19
236284,2026,9,20092.02
236375,2026,6,46366.19
236375,2026,7,46366.19
236375,2026,8,46366.19
236375,2026,9,46366.19
236423,2026,6,32456.33
236423,2026,7,46366.19
236423,2026,8,46366.19
236423,2026,9,44820.65
236518,2026,6,32456.33
236518,2026,7,46366.19
236518,2026,8,46366.19
236518,2026,9,46366.19
