ano,mes,arquivo,vereador,total_pago,despesa,valor
2025,2,aderval-da-rocha-ferreira-filho,ADERVAL DA ROCHA FERREIRA FILHO,39742.96,Consultoria e Assessoria Jurídica,15000.0
2025,2,aderval-da-rocha-ferreira-filho,ADERVAL DA ROCHA FERREIRA FILHO,39742.96,Consultoria e Assessoria de Imprensa,9000.0
2025,2,aderval-da-rocha-ferreira-filho,ADERVAL DA ROCHA FERREIRA FILHO,39742.96,Consultoria e Elaboração de Projetos,7000.0
2025,2,aderval-da-rocha-ferreira-filho,ADERVAL DA ROCHA FERREIRA FILHO,39742.96,Serviços de Contabilidade,8000.0
2025,2,aderval-da-rocha-ferreira-filho,ADERVAL DA ROCHA FERREIRA FILHO,39742.96,Telefone Fixo/Celular,742.96
2025,2,adjalma-goncalves,ADJALMA GONÇALVES,40000.0,Consultoria e Assessoria Jurídica,15000.0
2025,2,adjalma-goncalves,ADJALMA GONÇALVES,40000.0,Consultoria e Assessoria de Imprensa,5000.0
2025,2,adjalma-goncalves,ADJALMA GONÇALVES,40000.0,Consultoria e Elaboração de Projetos,5000.0
2025,2,adjalma-goncalves,ADJALMA GONÇALVES,40000.0,Divulgação em Geral,7000.0
2025,2,adjalma-goncalves,ADJALMA GONÇALVES,40000.0,Serviços de Contabilidade,8000.0
2025,2,adnan-wadson-de-lima,ADNAN WADSON DE LIMA,40000.0,Consultoria e Assessoria Jurídica,15000.0
2025,2,adnan-wadson-de-lima,ADNAN WADSON DE LIMA,40000.0,Consultoria e Assessoria de Imprensa,6000.0
2025,2,adnan-wadson-de-lima,ADNAN WADSON DE LIMA,40000.0,Divulgação de A vidades em Geral,7000.0
2025,2,adnan-wadson-de-lima,ADNAN WADSON DE LIMA,40000.0,Locaçaõ de Imóveis,3000.0
2025,2,adnan-wadson-de-lima,ADNAN WADSON DE LIMA,40000.0,Locação ou Aquisição de So ware,1055.93
2025,2,adnan-wadson-de-lima,ADNAN WADSON DE LIMA,40000.0,Serviços Gráﬁcos,500.0
2025,2,adnan-wadson-de-lima,ADNAN WADSON DE LIMA,40000.0,Serviços de Contabilidade,7000.0
2025,2,adnan-wadson-de-lima,ADNAN WADSON DE LIMA,40000.0,Suprimento de Informá ca,195.0
2025,2,adnan-wadson-de-lima,ADNAN WADSON DE LIMA,40000.0,Telefone ﬁxo/Celular,254.15
2025,2,aline-maria-de-menezes-rezende-chagas,ALINE MARIA DE MENEZES REZENDE CHAGAS,40000.0,Consultoria e Assessoria Jurídica,10000.0
2025,2,aline-maria-de-menezes-rezende-chagas,ALINE MARIA DE MENEZES REZENDE CHAGAS,40000.0,Consultoria e Assessoria de Imprensa,9000.0
2025,2,aline-maria-de-menezes-rezende-chagas,ALINE MARIA DE MENEZES REZENDE CHAGAS,40000.0,Divulgação de A vidades,7500.0
2025,2,aline-maria-de-menezes-rezende-chagas,ALINE MARIA DE MENEZES REZENDE CHAGAS,40000.0,Serviços Gráﬁcos,5500.0
2025,2,aline-maria-de-menezes-rezende-chagas,ALINE MARIA DE MENEZES REZENDE CHAGAS,40000.0,Serviços de Contabilidade,8000.0
2025,2,anne-caroliny-dantas-pereira,ANNE CAROLINY DANTAS PEREIRA,39449.0,Acesso à Internet,149.0
2025,2,anne-caroliny-dantas-pereira,ANNE CAROLINY DANTAS PEREIRA,39449.0,Consultoria Elaboração de Projetos,6300.0
2025,2,anne-caroliny-dantas-pereira,ANNE CAROLINY DANTAS PEREIRA,39449.0,Consultoria e Assessoria Jurídica,15000.0
2025,2,anne-caroliny-dantas-pereira,ANNE CAROLINY DANTAS PEREIRA,39449.0,Consultoria e Assessoria de Imprensa,9000.0
2025,2,anne-caroliny-dantas-pereira,ANNE CAROLINY DANTAS PEREIRA,39449.0,Divulgação de A vidades,6500.0
2025,2,anne-caroliny-dantas-pereira,ANNE CAROLINY DANTAS PEREIRA,39449.0,Serviços de Contabilidade,2500.0
2025,2,bruno-perez-de-sales,BRUNO PEREZ DE SALES,40.0,Consultoria e Assessoria Jurídica,14000.0
2025,2,bruno-perez-de-sales,BRUNO PEREZ DE SALES,40.0,Consultoria e Assessoria de Imprensa,9000.0
2025,2,bruno-perez-de-sales,BRUNO PEREZ DE SALES,40.0,Divulgação em Geral,7000.0
2025,2,bruno-perez-de-sales,BRUNO PEREZ DE SALES,40.0,Serviço Gráﬁco,5000.0
2025,2,bruno-perez-de-sales,BRUNO PEREZ DE SALES,40.0,Serviços de Contabilidade,5000.0
2025,2,babara-ribeiro-falcao,BÁBARA RIBEIRO FALCÃO,40000.0,Consultoria e Assessoria Jurídica,10000.0
2025,2,babara-ribeiro-falcao,BÁBARA RIBEIRO FALCÃO,40000.0,Consultoria e Assessoria de Imprensa,9000.0
2025,2,babara-ribeiro-falcao,BÁBARA RIBEIRO FALCÃO,40000.0,Divulgação de A vidades,7500.0
2025,2,babara-ribeiro-falcao,BÁBARA RIBEIRO FALCÃO,40000.0,Pesquisas Sócio Econômico,6000.0
2025,2,babara-ribeiro-falcao,BÁBARA RIBEIRO FALCÃO,40000.0,Serviços de Contabilidade,8000.0
2025,2,carla-demetrio-martins-matos-messias,CARLA DEMÉTRIO MARTINS MATOS MESSIAS,39508.6,Consultoria e Assessoria de Imprensa,5500.0
2025,2,carla-demetrio-martins-matos-messias,CARLA DEMÉTRIO MARTINS MATOS MESSIAS,39508.6,Divulgação de A vidades Geral,5500.0
2025,2,carla-demetrio-martins-matos-messias,CARLA DEMÉTRIO MARTINS MATOS MESSIAS,39508.6,Locação de Imóveis,2800.0
2025,2,carla-demetrio-martins-matos-messias,CARLA DEMÉTRIO MARTINS MATOS MESSIAS,39508.6,Locação ou Aquisição de So ware,3000.0
2025,2,carla-demetrio-martins-matos-messias,CARLA DEMÉTRIO MARTINS MATOS MESSIAS,39508.6,Material de Consumo e Expediente,508.6
2025,2,carla-demetrio-martins-matos-messias,CARLA DEMÉTRIO MARTINS MATOS MESSIAS,39508.6,Serviços Gráﬁcos,3500.0
2025,2,carla-demetrio-martins-matos-messias,CARLA DEMÉTRIO MARTINS MATOS MESSIAS,39508.6,Serviços de Contabilidade,8000.0
2025,2,deyvid-everson-silva-carneiro,DEYVID EVERSON SILVA CARNEIRO,40000.0,Consultoria Jurídica,15000.0
2025,2,deyvid-everson-silva-carneiro,DEYVID EVERSON SILVA CARNEIRO,40000.0,Consultoria e Assessoria de Imprensa,9000.0
2025,2,deyvid-everson-silva-carneiro,DEYVID EVERSON SILVA CARNEIRO,40000.0,Consultoria e elaboração de Projetos,7000.0
2025,2,deyvid-everson-silva-carneiro,DEYVID EVERSON SILVA CARNEIRO,40000.0,Serviço de Segurança,7000.0
2025,2,deyvid-everson-silva-carneiro,DEYVID EVERSON SILVA CARNEIRO,40000.0,Serviços de Contabilidade,2000.0
2025,2,genilson-costa-e-silva,GENILSON COSTA E SILVA,39912.7,Acesso à internet,412.7
2025,2,genilson-costa-e-silva,GENILSON COSTA E SILVA,39912.7,Consultoria e Assessoria Jurídica,15000.0
2025,2,genilson-costa-e-silva,GENILSON COSTA E SILVA,39912.7,Consultoria e Assessoria de Imprensa,9000.0
2025,2,genilson-costa-e-silva,GENILSON COSTA E SILVA,39912.7,Divulgação de A vidades,7500.0
2025,2,genilson-costa-e-silva,GENILSON COSTA E SILVA,39912.7,Serviços de Contabilidade,8000.0
2025,2,gildevaldo-da-luz-rocha,GILDEVALDO DA LUZ ROCHA,40000.0,Consultoria e Assessoria de Imprensa,9000.0
2025,2,gildevaldo-da-luz-rocha,GILDEVALDO DA LUZ ROCHA,40000.0,Consultoria e Elaboração de Projetos,5000.0
2025,2,gildevaldo-da-luz-rocha,GILDEVALDO DA LUZ ROCHA,40000.0,Consultoria eAssessoria Jurídica,15000.0
2025,2,gildevaldo-da-luz-rocha,GILDEVALDO DA LUZ ROCHA,40000.0,Divulgação de A vidades,3000.0
2025,2,gildevaldo-da-luz-rocha,GILDEVALDO DA LUZ ROCHA,40000.0,Serviços de Contabilidade,8000.0
2025,2,jeusivania-pereira-nunes,JEUSIVANIA PEREIRA NUNES,39828.75,Consultoria e Assessoria Jurídica,15000.0
2025,2,jeusivania-pereira-nunes,JEUSIVANIA PEREIRA NUNES,39828.75,Consultoria e Assessoria de Imprensa,9000.0
2025,2,jeusivania-pereira-nunes,JEUSIVANIA PEREIRA NUNES,39828.75,Divulgação de A vidades,7500.0
2025,2,jeusivania-pereira-nunes,JEUSIVANIA PEREIRA NUNES,39828.75,Material de Consumo e Expediente,328.75
2025,2,jeusivania-pereira-nunes,JEUSIVANIA PEREIRA NUNES,39828.75,Serviços de Contabilidade,8000.0
2025,2,julio-cezar-medeiros-lima,JÚLIO CEZAR MEDEIROS LIMA,40000.0,Consultoria e Assessoria Jurídica,15000.0
2025,2,julio-cezar-medeiros-lima,JÚLIO CEZAR MEDEIROS LIMA,40000.0,Consultoria e Assessoria de Imprensa,9000.0
2025,2,julio-cezar-medeiros-lima,JÚLIO CEZAR MEDEIROS LIMA,40000.0,Consultoria e elaboração de projetos,3000.0
2025,2,julio-cezar-medeiros-lima,JÚLIO CEZAR MEDEIROS LIMA,40000.0,Locação ou aquicição de so ware,5000.0
2025,2,julio-cezar-medeiros-lima,JÚLIO CEZAR MEDEIROS LIMA,40000.0,Serviços de Contabilidade,8000.0
2025,2,manoel-neves-de-macedo,MANOEL NEVES DE MACEDO,36404.3,Consultoria e Assessoria Jurídica,12000.0
2025,2,manoel-neves-de-macedo,MANOEL NEVES DE MACEDO,36404.3,Consultoria e Assessoria de Imprensa,8500.0
2025,2,manoel-neves-de-macedo,MANOEL NEVES DE MACEDO,36404.3,Consultoria e Elaboração de Projetos,7000.0
2025,2,manoel-neves-de-macedo,MANOEL NEVES DE MACEDO,36404.3,Locação de Equipamentos,1000.0
2025,2,manoel-neves-de-macedo,MANOEL NEVES DE MACEDO,36404.3,Serviços de Contabilidade,7000.0
2025,2,manoel-neves-de-macedo,MANOEL NEVES DE MACEDO,36404.3,Telefone Fixo/Celular,407.4
2025,2,marcelo-de-magalhaes-nunes,MARCELO DE MAGALHAES NUNES,40000.0,Consultoria e Assessoria Jurídica,15000.0
2025,2,marcelo-de-magalhaes-nunes,MARCELO DE MAGALHAES NUNES,40000.0,Consultoria e Assessoria de Imprensa,7000.0
2025,2,marcelo-de-magalhaes-nunes,MARCELO DE MAGALHAES NUNES,40000.0,Divulgação de A vidades,5000.0
2025,2,marcelo-de-magalhaes-nunes,MARCELO DE MAGALHAES NUNES,40000.0,Serviços Gráﬁcos,5140.0
2025,2,marcelo-de-magalhaes-nunes,MARCELO DE MAGALHAES NUNES,40000.0,Serviços de Contabilidade,8000.0
2025,2,maria-ines-maturano-lopes,MARIA INÊS MATURANO LOPES,39500.0,Consultoria e Assessoria Jurídica,15000.0
2025,2,maria-ines-maturano-lopes,MARIA INÊS MATURANO LOPES,39500.0,Consultoria e Assessoria de Imprensa,9000.0
2025,2,maria-ines-maturano-lopes,MARIA INÊS MATURANO LOPES,39500.0,Divulgação de A vidades,7500.0
2025,2,maria-ines-maturano-lopes,MARIA INÊS MATURANO LOPES,39500.0,Serviços de Contabilidade,8000.0
2025,2,moacival-daniel-mangabeira,MOACIVAL DANIEL MANGABEIRA,40000.0,Consultoria e Assessoria Juridica,10500.0
2025,2,moacival-daniel-mangabeira,MOACIVAL DANIEL MANGABEIRA,40000.0,Consultoria e Assessoria de Imprensa,9000.0
2025,2,moacival-daniel-mangabeira,MOACIVAL DANIEL MANGABEIRA,40000.0,Consultoria e elaboralçao de projetos,3000.0
2025,2,moacival-daniel-mangabeira,MOACIVAL DANIEL MANGABEIRA,40000.0,Divulgação de a vidades,7500.0
2025,2,moacival-daniel-mangabeira,MOACIVAL DANIEL MANGABEIRA,40000.0,Serviços Gráﬁcos,5500.0
2025,2,moacival-daniel-mangabeira,MOACIVAL DANIEL MANGABEIRA,40000.0,Serviços de Contabilidade,4500.0
2025,2,roberto-conceicao-dos-santos-franco,ROBERTO CONCEIÇÃO DOS SANTOS FRANCO,40000.0,Consultoria Elaboraçaõ de Projetos,5500.0
2025,2,roberto-conceicao-dos-santos-franco,ROBERTO CONCEIÇÃO DOS SANTOS FRANCO,40000.0,Consultoria e Assessoria Jurídica,15000.0
2025,2,roberto-conceicao-dos-santos-franco,ROBERTO CONCEIÇÃO DOS SANTOS FRANCO,40000.0,Consultoria e Assessoria de Imprensa,9000.0
2025,2,roberto-conceicao-dos-santos-franco,ROBERTO CONCEIÇÃO DOS SANTOS FRANCO,40000.0,Divulgaçõ de A vidades,4000.0
2025,2,roberto-conceicao-dos-santos-franco,ROBERTO CONCEIÇÃO DOS SANTOS FRANCO,40000.0,Serviços de Contabilidade,8000.0
2025,2,thiago-cezar-reis-pereira,THIAGO CEZAR REIS PEREIRA,39000.0,Consultoria e Assessoria Juridica,15000.0
2025,2,thiago-cezar-reis-pereira,THIAGO CEZAR REIS PEREIRA,39000.0,Consultoria e Assessoria de Imprensa,9000.0
2025,2,thiago-cezar-reis-pereira,THIAGO CEZAR REIS PEREIRA,39000.0,Consultoria e Elaboração de Projetos,7000.0
2025,2,thiago-cezar-reis-pereira,THIAGO CEZAR REIS PEREIRA,39000.0,Serviços de Contabilidade,8000.0
2025,2,thiago-coelho-fogaca,THIAGO COELHO FOGAÇA,40000.0,Consultoria e Assessoria Jurídica,15000.0
2025,2,thiago-coelho-fogaca,THIAGO COELHO FOGAÇA,40000.0,Consultoria e Assessoria de Imprensa,9000.0
2025,2,thiago-coelho-fogaca,THIAGO COELHO FOGAÇA,40000.0,Consultoria e Elaboração de projetos,5300.0
2025,2,thiago-coelho-fogaca,THIAGO COELHO FOGAÇA,40000.0,Divulgação de A vidades,7500.0
2025,2,thiago-coelho-fogaca,THIAGO COELHO FOGAÇA,40000.0,Locação de Imóveis,3200.0
2025,2,thiago-duarte-saraiva,THIAGO DUARTE SARAIVA,39978.05,Consultoria e Assessoria Jurídica,15000.0
2025,2,thiago-duarte-saraiva,THIAGO DUARTE SARAIVA,39978.05,Consultoria e Assessoria de Imprensa,7500.0
2025,2,thiago-duarte-saraiva,THIAGO DUARTE SARAIVA,39978.05,Consultoria e Elaboração de Projetos,5000.0
2025,2,thiago-duarte-saraiva,THIAGO DUARTE SARAIVA,39978.05,Divulgação de A vidades Geral,4000.0
2025,2,thiago-duarte-saraiva,THIAGO DUARTE SARAIVA,39978.05,Material de Consumo e Expediente,978.05
2025,2,thiago-duarte-saraiva,THIAGO DUARTE SARAIVA,39978.05,Serviços de Contabilidade,8000.0
2025,2,walkiria-ribeiro-dos-reis,WALKIRIA RIBEIRO DOS REIS,40000.0,Consultoria e Assessoria Jurídica,15000.0
2025,2,walkiria-ribeiro-dos-reis,WALKIRIA RIBEIRO DOS REIS,40000.0,Consultoria e elaboração de projetos,6000.0
2025,2,walkiria-ribeiro-dos-reis,WALKIRIA RIBEIRO DOS REIS,40000.0,Divulgaçaõ de A vidades,6000.0
2025,2,walkiria-ribeiro-dos-reis,WALKIRIA RIBEIRO DOS REIS,40000.0,Serviços Gráﬁcos,5000.0
2025,2,walkiria-ribeiro-dos-reis,WALKIRIA RIBEIRO DOS REIS,40000.0,Serviços de Contabilidade,8000.0
2025,2,italo-otavio-teixeira-pinto,ÍTALO OTÁVIO TEIXEIRA PINTO,40000.0,Consultoria e Assessoria Jurídica,13000.0
2025,2,italo-otavio-teixeira-pinto,ÍTALO OTÁVIO TEIXEIRA PINTO,40000.0,Consultoria e Assessoria de Imprensa,8000.0
2025,2,italo-otavio-teixeira-pinto,ÍTALO OTÁVIO TEIXEIRA PINTO,40000.0,Divulgação de A vidades em Geral,7000.0
2025,2,italo-otavio-teixeira-pinto,ÍTALO OTÁVIO TEIXEIRA PINTO,40000.0,Serviços Gráﬁcos,5000.0
2025,2,italo-otavio-teixeira-pinto,ÍTALO OTÁVIO TEIXEIRA PINTO,40000.0,Serviços de Contabilidade,7000.0
2025,3,aderval-da-rocha-ferreira-filho.pdf,ADERVAL DA ROCHA FERREIRA FILHO,39849.63,Consultoria e Assessoria Jurídica,15000.0
2025,3,aderval-da-rocha-ferreira-filho.pdf,ADERVAL DA ROCHA FERREIRA FILHO,39849.63,Consultoria e Assessoria de Imprensa,9000.0
2025,3,aderval-da-rocha-ferreira-filho.pdf,ADERVAL DA ROCHA FERREIRA FILHO,39849.63,Consultoria e Elaboração de Projetos,7000.0
2025,3,aderval-da-rocha-ferreira-filho.pdf,ADERVAL DA ROCHA FERREIRA FILHO,39849.63,Serviços de Contabilidade,8000.0
2025,3,aderval-da-rocha-ferreira-filho.pdf,ADERVAL DA ROCHA FERREIRA FILHO,39849.63,Telefone Fixo/Celular,849.63
2025,3,adjalma-goncalves.pdf,ADJALMA GONÇALVES,40000.0,Consultoria e Assessoria Jurídica,15000.0
2025,3,adjalma-goncalves.pdf,ADJALMA GONÇALVES,40000.0,Consultoria e Assessoria de Imprensa,5000.0
2025,3,adjalma-goncalves.pdf,ADJALMA GONÇALVES,40000.0,Consultoria e Elaboração de Projetos,5000.0
2025,3,adjalma-goncalves.pdf,ADJALMA GONÇALVES,40000.0,Divulgação em Geral,7000.0
2025,3,adjalma-goncalves.pdf,ADJALMA GONÇALVES,40000.0,Serviços de Contabilidade,8000.0
2025,3,adnan-wadson-de-lima.pdf,ADNAN WADSON DE LIMA,39861.38,Consultoria e Assessoria Jurídica,15000.0
2025,3,adnan-wadson-de-lima.pdf,ADNAN WADSON DE LIMA,39861.38,Consultoria e Assessoria de Imprensa,6000.0
2025,3,adnan-wadson-de-lima.pdf,ADNAN WADSON DE LIMA,39861.38,Divulgação de Atividades em Geral,7000.0
2025,3,adnan-wadson-de-lima.pdf,ADNAN WADSON DE LIMA,39861.38,Locaçaõ de Imóveis,3000.0
2025,3,adnan-wadson-de-lima.pdf,ADNAN WADSON DE LIMA,39861.38,Material de Consumo e Expediente,1107.23
2025,3,adnan-wadson-de-lima.pdf,ADNAN WADSON DE LIMA,39861.38,Serviços Gráficos,500.0
2025,3,adnan-wadson-de-lima.pdf,ADNAN WADSON DE LIMA,39861.38,Serviços de Contabilidade,7000.0
2025,3,adnan-wadson-de-lima.pdf,ADNAN WADSON DE LIMA,39861.38,Telefone fixo/Celular,254.15
2025,3,aline-maria-de-menezes-rezende-chagas.pdf,ALINE MARIA DE MENEZES REZENDE CHAGAS,40000.0,Consultoria e Assessoria Jurídica,10000.0
2025,3,aline-maria-de-menezes-rezende-chagas.pdf,ALINE MARIA DE MENEZES REZENDE CHAGAS,40000.0,Consultoria e Assessoria de Imprensa,9000.0
2025,3,aline-maria-de-menezes-rezende-chagas.pdf,ALINE MARIA DE MENEZES REZENDE CHAGAS,40000.0,Divulgação de Atividades,7500.0
2025,3,aline-maria-de-menezes-rezende-chagas.pdf,ALINE MARIA DE MENEZES REZENDE CHAGAS,40000.0,Serviços Gráficos,5500.0
2025,3,aline-maria-de-menezes-rezende-chagas.pdf,ALINE MARIA DE MENEZES REZENDE CHAGAS,40000.0,Serviços de Contabilidade,8000.0
2025,3,anne-caroliny-dantas-pereira.pdf,ANNE CAROLINY DANTAS PEREIRA,39449.0,Acesso à Internet,149.0
2025,3,anne-caroliny-dantas-pereira.pdf,ANNE CAROLINY DANTAS PEREIRA,39449.0,Consultoria Elaboração de Projetos,6300.0
2025,3,anne-caroliny-dantas-pereira.pdf,ANNE CAROLINY DANTAS PEREIRA,39449.0,Consultoria e Assessoria Jurídica,15000.0
2025,3,anne-caroliny-dantas-pereira.pdf,ANNE CAROLINY DANTAS PEREIRA,39449.0,Consultoria e Assessoria de Imprensa,9000.0
2025,3,anne-caroliny-dantas-pereira.pdf,ANNE CAROLINY DANTAS PEREIRA,39449.0,Divulgação de Atividades,6500.0
2025,3,anne-caroliny-dantas-pereira.pdf,ANNE CAROLINY DANTAS PEREIRA,39449.0,Serviços de Contabilidade,2500.0
2025,3,bruno-perez-de-sales.pdf,BRUNO PEREZ DE SALES,40.0,Consultoria e Assessoria Jurídica,14000.0
2025,3,bruno-perez-de-sales.pdf,BRUNO PEREZ DE SALES,40.0,Consultoria e Assessoria de Imprensa,9000.0
2025,3,bruno-perez-de-sales.pdf,BRUNO PEREZ DE SALES,40.0,Divulgação em Geral,7000.0
2025,3,bruno-perez-de-sales.pdf,BRUNO PEREZ DE SALES,40.0,Serviço Gráfico,5000.0
2025,3,bruno-perez-de-sales.pdf,BRUNO PEREZ DE SALES,40.0,Serviços de Contabilidade,5000.0
2025,3,babara-ribeiro-falcao.pdf,BÁBARA RIBEIRO FALCÃO,40000.0,Consultoria e Assessoria Jurídica,10000.0
2025,3,babara-ribeiro-falcao.pdf,BÁBARA RIBEIRO FALCÃO,40000.0,Consultoria e Assessoria de Imprensa,9000.0
2025,3,babara-ribeiro-falcao.pdf,BÁBARA RIBEIRO FALCÃO,40000.0,Divulgação de Atividades,7500.0
2025,3,babara-ribeiro-falcao.pdf,BÁBARA RIBEIRO FALCÃO,40000.0,Pesquisas Sócio Econômico,6000.0
2025,3,babara-ribeiro-falcao.pdf,BÁBARA RIBEIRO FALCÃO,40000.0,Serviços de Contabilidade,8000.0
2025,3,carla-demetrio-martins-matos-messias.pdf,CARLA DEMÉTRIO MARTINS MATOS MESSIAS,39132.6,Acesso a Internet,551.43
2025,3,carla-demetrio-martins-matos-messias.pdf,CARLA DEMÉTRIO MARTINS MATOS MESSIAS,39132.6,Consultoria e Assessoria de Imprensa,5500.0
2025,3,carla-demetrio-martins-matos-messias.pdf,CARLA DEMÉTRIO MARTINS MATOS MESSIAS,39132.6,Divulgação de Atividades Geral,5500.0
2025,3,carla-demetrio-martins-matos-messias.pdf,CARLA DEMÉTRIO MARTINS MATOS MESSIAS,39132.6,Energia Eletrica ou similiar,269.22
2025,3,carla-demetrio-martins-matos-messias.pdf,CARLA DEMÉTRIO MARTINS MATOS MESSIAS,39132.6,Locação de Imóveis,2800.0
2025,3,carla-demetrio-martins-matos-messias.pdf,CARLA DEMÉTRIO MARTINS MATOS MESSIAS,39132.6,Locação ou Aquisição de Software,3000.0
2025,3,carla-demetrio-martins-matos-messias.pdf,CARLA DEMÉTRIO MARTINS MATOS MESSIAS,39132.6,Material de Consumo e Expediente,363.95
2025,3,carla-demetrio-martins-matos-messias.pdf,CARLA DEMÉTRIO MARTINS MATOS MESSIAS,39132.6,Serviços Gráficos,3500.0
2025,3,carla-demetrio-martins-matos-messias.pdf,CARLA DEMÉTRIO MARTINS MATOS MESSIAS,39132.6,Serviços de Contabilidade,8000.0
2025,3,deyvid-everson-silva-carneiro.pdf,DEYVID EVERSON SILVA CARNEIRO,40000.0,Consultoria Jurídica,15000.0
2025,3,deyvid-everson-silva-carneiro.pdf,DEYVID EVERSON SILVA CARNEIRO,40000.0,Consultoria e Assessoria de Imprensa,9000.0
2025,3,deyvid-everson-silva-carneiro.pdf,DEYVID EVERSON SILVA CARNEIRO,40000.0,Consultoria e elaboração de Projetos,7000.0
2025,3,deyvid-everson-silva-carneiro.pdf,DEYVID EVERSON SILVA CARNEIRO,40000.0,Serviço de Segurança,7000.0
2025,3,deyvid-everson-silva-carneiro.pdf,DEYVID EVERSON SILVA CARNEIRO,40000.0,Serviços de Contabilidade,2000.0
2025,3,genilson-costa-e-silva.pdf,GENILSON COSTA E SILVA,39719.64,Acesso à internet,219.64
2025,3,genilson-costa-e-silva.pdf,GENILSON COSTA E SILVA,39719.64,Consultoria e Assessoria Jurídica,15000.0
2025,3,genilson-costa-e-silva.pdf,GENILSON COSTA E SILVA,39719.64,Consultoria e Assessoria de Imprensa,9000.0
2025,3,genilson-costa-e-silva.pdf,GENILSON COSTA E SILVA,39719.64,Divulgação de Atividades,7500.0
2025,3,genilson-costa-e-silva.pdf,GENILSON COSTA E SILVA,39719.64,Serviços de Contabilidade,8000.0
2025,3,gildevaldo-da-luz-rocha.pdf,GILDEVALDO DA LUZ ROCHA,40000.0,Consultoria e Assessoria de Imprensa,9000.0
2025,3,gildevaldo-da-luz-rocha.pdf,GILDEVALDO DA LUZ ROCHA,40000.0,Consultoria eAssessoria Jurídica,15000.0
2025,3,gildevaldo-da-luz-rocha.pdf,GILDEVALDO DA LUZ ROCHA,40000.0,Divulgação de Atividades,3000.0
2025,3,gildevaldo-da-luz-rocha.pdf,GILDEVALDO DA LUZ ROCHA,40000.0,Serviços Gráficos,5042.0
2025,3,gildevaldo-da-luz-rocha.pdf,GILDEVALDO DA LUZ ROCHA,40000.0,Serviços de Contabilidade,8000.0
2025,3,jeusivania-pereira-nunes.pdf,JEUSIVANIA PEREIRA NUNES,39591.81,Consultoria e Assessoria Jurídica,15000.0
2025,3,jeusivania-pereira-nunes.pdf,JEUSIVANIA PEREIRA NUNES,39591.81,Consultoria e Assessoria de Imprensa,9000.0
2025,3,jeusivania-pereira-nunes.pdf,JEUSIVANIA PEREIRA NUNES,39591.81,Divulgação de Atividades,7500.0
2025,3,jeusivania-pereira-nunes.pdf,JEUSIVANIA PEREIRA NUNES,39591.81,Material de Consumo e Expediente,328.75
2025,3,jeusivania-pereira-nunes.pdf,JEUSIVANIA PEREIRA NUNES,39591.81,Serviços de Contabilidade,8000.0
2025,3,julio-cezar-medeiros-lima.pdf,JÚLIO CEZAR MEDEIROS LIMA,40000.0,Consultoria e Assessoria Jurídica,15000.0
2025,3,julio-cezar-medeiros-lima.pdf,JÚLIO CEZAR MEDEIROS LIMA,40000.0,Consultoria e Assessoria de Imprensa,9000.0
2025,3,julio-cezar-medeiros-lima.pdf,JÚLIO CEZAR MEDEIROS LIMA,40000.0,Consultoria e elaboração de projetos,3000.0
2025,3,julio-cezar-medeiros-lima.pdf,JÚLIO CEZAR MEDEIROS LIMA,40000.0,Locação ou aquicição de software,5000.0
2025,3,julio-cezar-medeiros-lima.pdf,JÚLIO CEZAR MEDEIROS LIMA,40000.0,Serviços de Contabilidade,8000.0
2025,3,manoel-neves-de-macedo.pdf,MANOEL NEVES DE MACEDO,35833.79,Consultoria e Assessoria Jurídica,12000.0
2025,3,manoel-neves-de-macedo.pdf,MANOEL NEVES DE MACEDO,35833.79,Consultoria e Assessoria de Imprensa,8500.0
2025,3,manoel-neves-de-macedo.pdf,MANOEL NEVES DE MACEDO,35833.79,Consultoria e Elaboração de Projetos,7000.0
2025,3,manoel-neves-de-macedo.pdf,MANOEL NEVES DE MACEDO,35833.79,Locação de Equipamentos,1000.0
2025,3,manoel-neves-de-macedo.pdf,MANOEL NEVES DE MACEDO,35833.79,Serviços de Contabilidade,7000.0
2025,3,marcelo-de-magalhaes-nunes.pdf,MARCELO DE MAGALHAES NUNES,40000.0,Consultoria e Assessoria Jurídica,15000.0
2025,3,marcelo-de-magalhaes-nunes.pdf,MARCELO DE MAGALHAES NUNES,40000.0,Consultoria e Assessoria de Imprensa,7000.0
2025,3,marcelo-de-magalhaes-nunes.pdf,MARCELO DE MAGALHAES NUNES,40000.0,Divulgação de Atividades,5000.0
2025,3,marcelo-de-magalhaes-nunes.pdf,MARCELO DE MAGALHAES NUNES,40000.0,Serviços Gráficos,5042.0
2025,3,marcelo-de-magalhaes-nunes.pdf,MARCELO DE MAGALHAES NUNES,40000.0,Serviços de Contabilidade,8000.0
2025,3,maria-ines-maturano-lopes.pdf,MARIA INÊS MATURANO LOPES,39500.0,Consultoria e Assessoria Jurídica,15000.0
2025,3,maria-ines-maturano-lopes.pdf,MARIA INÊS MATURANO LOPES,39500.0,Consultoria e Assessoria de Imprensa,9000.0
2025,3,maria-ines-maturano-lopes.pdf,MARIA INÊS MATURANO LOPES,39500.0,Divulgação de Atividades,7500.0
2025,3,maria-ines-maturano-lopes.pdf,MARIA INÊS MATURANO LOPES,39500.0,Serviços de Contabilidade,8000.0
2025,3,moacival-daniel-mangabeira.pdf,MOACIVAL DANIEL MANGABEIRA,40000.0,Consultoria e Assessoria Juridica,10500.0
2025,3,moacival-daniel-mangabeira.pdf,MOACIVAL DANIEL MANGABEIRA,40000.0,Consultoria e Assessoria de Imprensa,9000.0
2025,3,moacival-daniel-mangabeira.pdf,MOACIVAL DANIEL MANGABEIRA,40000.0,Consultoria e elaboralçao de projetos,3000.0
2025,3,moacival-daniel-mangabeira.pdf,MOACIVAL DANIEL MANGABEIRA,40000.0,Divulgação de atividades,7500.0
2025,3,moacival-daniel-mangabeira.pdf,MOACIVAL DANIEL MANGABEIRA,40000.0,Serviços Gráficos,5500.0
2025,3,moacival-daniel-mangabeira.pdf,MOACIVAL DANIEL MANGABEIRA,40000.0,Serviços de Contabilidade,4500.0
2025,3,roberto-conceicao-dos-santos-franco.pdf,ROBERTO CONCEIÇÃO DOS SANTOS FRANCO,40000.0,Consultoria Elaboraçaõ de Projetos,5500.0
2025,3,roberto-conceicao-dos-santos-franco.pdf,ROBERTO CONCEIÇÃO DOS SANTOS FRANCO,40000.0,Consultoria e Assessoria Jurídica,15000.0
2025,3,roberto-conceicao-dos-santos-franco.pdf,ROBERTO CONCEIÇÃO DOS SANTOS FRANCO,40000.0,Consultoria e Assessoria de Imprensa,9000.0
2025,3,roberto-conceicao-dos-santos-franco.pdf,ROBERTO CONCEIÇÃO DOS SANTOS FRANCO,40000.0,Divulgaçõ de Atividades,4000.0
2025,3,roberto-conceicao-dos-santos-franco.pdf,ROBERTO CONCEIÇÃO DOS SANTOS FRANCO,40000.0,Serviços de Contabilidade,8000.0
2025,3,thiago-cezar-reis-pereira.pdf,THIAGO CEZAR REIS PEREIRA,40000.0,Consultoria e Assessoria Juridica,15000.0
2025,3,thiago-cezar-reis-pereira.pdf,THIAGO CEZAR REIS PEREIRA,40000.0,Consultoria e Assessoria de Imprensa,9000.0
2025,3,thiago-cezar-reis-pereira.pdf,THIAGO CEZAR REIS PEREIRA,40000.0,Consultoria e Elaboração de Projetos,7000.0
2025,3,thiago-cezar-reis-pereira.pdf,THIAGO CEZAR REIS PEREIRA,40000.0,Divulgação de Atividades,1200.0
2025,3,thiago-cezar-reis-pereira.pdf,THIAGO CEZAR REIS PEREIRA,40000.0,Serviços de Contabilidade,8000.0
2025,3,thiago-coelho-fogaca.pdf,THIAGO COELHO FOGAÇA,40000.0,Consultoria e Assessoria Jurídica,15000.0
2025,3,thiago-coelho-fogaca.pdf,THIAGO COELHO FOGAÇA,40000.0,Consultoria e Assessoria de Imprensa,9000.0
2025,3,thiago-coelho-fogaca.pdf,THIAGO COELHO FOGAÇA,40000.0,Consultoria e Elaboração de projetos,5300.0
2025,3,thiago-coelho-fogaca.pdf,THIAGO COELHO FOGAÇA,40000.0,Divulgação de Atividades,7500.0
2025,3,thiago-coelho-fogaca.pdf,THIAGO COELHO FOGAÇA,40000.0,Locação de Imóveis,3200.0
2025,3,thiago-duarte-saraiva.pdf,THIAGO DUARTE SARAIVA,39132.6,Acesso a internet,551.43
2025,3,thiago-duarte-saraiva.pdf,THIAGO DUARTE SARAIVA,39132.6,Consultoria e Assessoria Jurídica,12000.0
2025,3,thiago-duarte-saraiva.pdf,THIAGO DUARTE SARAIVA,39132.6,Consultoria e Assessoria de Imprensa,5500.0
2025,3,thiago-duarte-saraiva.pdf,THIAGO DUARTE SARAIVA,39132.6,Divulgação de Atividades Geral,5500.0
2025,3,thiago-duarte-saraiva.pdf,THIAGO DUARTE SARAIVA,39132.6,Energia Eletrica ou Similar,269.0
2025,3,thiago-duarte-saraiva.pdf,THIAGO DUARTE SARAIVA,39132.6,Locação de Imóveis,2800.0
2025,3,thiago-duarte-saraiva.pdf,THIAGO DUARTE SARAIVA,39132.6,Locação ou Aquisição de Software,3000.0
2025,3,thiago-duarte-saraiva.pdf,THIAGO DUARTE SARAIVA,39132.6,Material de Consumo e Expediente,363.95
2025,3,thiago-duarte-saraiva.pdf,THIAGO DUARTE SARAIVA,39132.6,Serviços Gráfico,1148.0
2025,3,thiago-duarte-saraiva.pdf,THIAGO DUARTE SARAIVA,39132.6,Serviços de Contabilidade,8000.0
2025,3,walkiria-ribeiro-dos-reis.pdf,WALKIRIA RIBEIRO DOS REIS,40000.0,Consultoria e Assessoria Jurídica,15000.0
2025,3,walkiria-ribeiro-dos-reis.pdf,WALKIRIA RIBEIRO DOS REIS,40000.0,Consultoria e elaboração de projetos,6000.0
2025,3,walkiria-ribeiro-dos-reis.pdf,WALKIRIA RIBEIRO DOS REIS,40000.0,Divulgaçaõ de Atividades,6000.0
2025,3,walkiria-ribeiro-dos-reis.pdf,WALKIRIA RIBEIRO DOS REIS,40000.0,Serviços Gráficos,5000.0
2025,3,walkiria-ribeiro-dos-reis.pdf,WALKIRIA RIBEIRO DOS REIS,40000.0,Serviços de Contabilidade,8000.0
2025,3,italo-otavio-teixeira-pinto.pdf,ÍTALO OTÁVIO TEIXEIRA PINTO,40000.0,Consultoria e Assessoria Jurídica,13000.0
2025,3,italo-otavio-teixeira-pinto.pdf,ÍTALO OTÁVIO TEIXEIRA PINTO,40000.0,Consultoria e Assessoria de Imprensa,8000.0
2025,3,italo-otavio-teixeira-pinto.pdf,ÍTALO OTÁVIO TEIXEIRA PINTO,40000.0,Divulgação de Atividades em Geral,7000.0
2025,3,italo-otavio-teixeira-pinto.pdf,ÍTALO OTÁVIO TEIXEIRA PINTO,40000.0,Serviços Gráficos,5000.0
2025,3,italo-otavio-teixeira-pinto.pdf,ÍTALO OTÁVIO TEIXEIRA PINTO,40000.0,Serviços de Contabilidade,7000.0
2025,4,aderval-da-rocha-ferreira-filho,ADERVAL DA ROCHA FERREIRA FILHO,39849.63,Consultoria e Assessoria Jurídica,15000.0
2025,4,aderval-da-rocha-ferreira-filho,ADERVAL DA ROCHA FERREIRA FILHO,39849.63,Consultoria e Assessoria de Imprensa,9000.0
2025,4,aderval-da-rocha-ferreira-filho,ADERVAL DA ROCHA FERREIRA FILHO,39849.63,Consultoria e Elaboração de Projetos,7000.0
2025,4,aderval-da-rocha-ferreira-filho,ADERVAL DA ROCHA FERREIRA FILHO,39849.63,Serviços de Contabilidade,8000.0
2025,4,aderval-da-rocha-ferreira-filho,ADERVAL DA ROCHA FERREIRA FILHO,39849.63,Telefone Fixo/Celular,849.63
2025,4,adjalma-goncalves,ADJALMA GONÇALVES,40000.0,Consultoria e Assessoria Jurídica,15000.0
2025,4,adjalma-goncalves,ADJALMA GONÇALVES,40000.0,Consultoria e Assessoria de Imprensa,5000.0
2025,4,adjalma-goncalves,ADJALMA GONÇALVES,40000.0,Consultoria e Elaboração de Projetos,4200.0
2025,4,adjalma-goncalves,ADJALMA GONÇALVES,40000.0,Divulgação em Geral,7000.0
2025,4,adjalma-goncalves,ADJALMA GONÇALVES,40000.0,Serviços de Contabilidade,8000.0
2025,4,adnan-wadson-de-lima,ADNAN WADSON DE LIMA,39979.47,Consultoria e Assessoria Jurídica,15000.0
2025,4,adnan-wadson-de-lima,ADNAN WADSON DE LIMA,39979.47,Consultoria e Assessoria de Imprensa,6000.0
2025,4,adnan-wadson-de-lima,ADNAN WADSON DE LIMA,39979.47,Divulgação de A vidades em Geral,7000.0
2025,4,adnan-wadson-de-lima,ADNAN WADSON DE LIMA,39979.47,Locaçaõ de Imóveis,3000.0
2025,4,adnan-wadson-de-lima,ADNAN WADSON DE LIMA,39979.47,Material de Consumo e Expediente,1160.32
2025,4,adnan-wadson-de-lima,ADNAN WADSON DE LIMA,39979.47,Serviços Gráﬁcos,500.0
2025,4,adnan-wadson-de-lima,ADNAN WADSON DE LIMA,39979.47,Serviços de Contabilidade,7000.0
2025,4,adnan-wadson-de-lima,ADNAN WADSON DE LIMA,39979.47,Suprimento DE Informá ca,65.0
2025,4,adnan-wadson-de-lima,ADNAN WADSON DE LIMA,39979.47,Telefone ﬁxo/Celular,254.15
2025,4,aline-maria-de-menezes-rezende-chagas,ALINE MARIA DE MENEZES REZENDE CHAGAS,40000.0,Consultoria e Assessoria Jurídica,10000.0
2025,4,aline-maria-de-menezes-rezende-chagas,ALINE MARIA DE MENEZES REZENDE CHAGAS,40000.0,Consultoria e Assessoria de Imprensa,9000.0
2025,4,aline-maria-de-menezes-rezende-chagas,ALINE MARIA DE MENEZES REZENDE CHAGAS,40000.0,Divulgação de A vidades,7500.0
2025,4,aline-maria-de-menezes-rezende-chagas,ALINE MARIA DE MENEZES REZENDE CHAGAS,40000.0,Serviços Gráﬁcos,5500.0
2025,4,aline-maria-de-menezes-rezende-chagas,ALINE MARIA DE MENEZES REZENDE CHAGAS,40000.0,Serviços de Contabilidade,8000.0
2025,4,anne-caroliny-dantas-pereira,ANNE CAROLINY DANTAS PEREIRA,39449.0,Acesso à Internet,149.0
2025,4,anne-caroliny-dantas-pereira,ANNE CAROLINY DANTAS PEREIRA,39449.0,Consultoria Elaboração de Projetos,6300.0
2025,4,anne-caroliny-dantas-pereira,ANNE CAROLINY DANTAS PEREIRA,39449.0,Consultoria e Assessoria Jurídica,15000.0
2025,4,anne-caroliny-dantas-pereira,ANNE CAROLINY DANTAS PEREIRA,39449.0,Consultoria e Assessoria de Imprensa,9000.0
2025,4,anne-caroliny-dantas-pereira,ANNE CAROLINY DANTAS PEREIRA,39449.0,Divulgação de A vidades,6500.0
2025,4,anne-caroliny-dantas-pereira,ANNE CAROLINY DANTAS PEREIRA,39449.0,Serviços de Contabilidade,2500.0
2025,4,bruno-perez-de-sales.pdf,BRUNO PEREZ DE SALES,40000.0,Consultoria e Assessoria Jurídica,14000.0
2025,4,bruno-perez-de-sales.pdf,BRUNO PEREZ DE SALES,40000.0,Consultoria e Assessoria de Imprensa,9000.0
2025,4,bruno-perez-de-sales.pdf,BRUNO PEREZ DE SALES,40000.0,Divulgação em Geral,7000.0
2025,4,bruno-perez-de-sales.pdf,BRUNO PEREZ DE SALES,40000.0,Serviço Gráﬁco,5000.0
2025,4,bruno-perez-de-sales.pdf,BRUNO PEREZ DE SALES,40000.0,Serviços de Contabilidade,5000.0
2025,4,babara-ribeiro-falcao.pdf,BÁBARA RIBEIRO FALCÃO,40000.0,Consultoria e Assessoria Jurídica,10000.0
2025,4,babara-ribeiro-falcao.pdf,BÁBARA RIBEIRO FALCÃO,40000.0,Consultoria e Assessoria de Imprensa,9000.0
2025,4,babara-ribeiro-falcao.pdf,BÁBARA RIBEIRO FALCÃO,40000.0,Divulgação de A vidades,7500.0
2025,4,babara-ribeiro-falcao.pdf,BÁBARA RIBEIRO FALCÃO,40000.0,Pesquisas Sócio Econômico,6000.0
2025,4,babara-ribeiro-falcao.pdf,BÁBARA RIBEIRO FALCÃO,40000.0,Serviços de Contabilidade,8000.0
2025,4,carla-demetrio-martins-matos-messias.pdf,CARLA DEMÉTRIO MARTINS MATOS MESSIAS,39816.5,Acesso a Internet,551.43
2025,4,carla-demetrio-martins-matos-messias.pdf,CARLA DEMÉTRIO MARTINS MATOS MESSIAS,39816.5,Consultoria e Assessoria de Imprensa,5500.0
2025,4,carla-demetrio-martins-matos-messias.pdf,CARLA DEMÉTRIO MARTINS MATOS MESSIAS,39816.5,Divulgação de A vidades Geral,5500.0
2025,4,carla-demetrio-martins-matos-messias.pdf,CARLA DEMÉTRIO MARTINS MATOS MESSIAS,39816.5,Locação de Imóveis,2800.0
2025,4,carla-demetrio-martins-matos-messias.pdf,CARLA DEMÉTRIO MARTINS MATOS MESSIAS,39816.5,Locação ou Aquisição de So ware,3000.0
2025,4,carla-demetrio-martins-matos-messias.pdf,CARLA DEMÉTRIO MARTINS MATOS MESSIAS,39816.5,Material de Consumo e Expediente,208.6
2025,4,carla-demetrio-martins-matos-messias.pdf,CARLA DEMÉTRIO MARTINS MATOS MESSIAS,39816.5,Serviços Gráﬁcos,2508.0
2025,4,carla-demetrio-martins-matos-messias.pdf,CARLA DEMÉTRIO MARTINS MATOS MESSIAS,39816.5,Serviços de Contabilidade,8000.0
2025,4,deyvid-everson-silva-carneiro.pdf,DEYVID EVERSON SILVA CARNEIRO,40000.0,Consultoria Jurídica,15000.0
2025,4,deyvid-everson-silva-carneiro.pdf,DEYVID EVERSON SILVA CARNEIRO,40000.0,Consultoria e Assessoria de Imprensa,9000.0
2025,4,deyvid-everson-silva-carneiro.pdf,DEYVID EVERSON SILVA CARNEIRO,40000.0,Consultoria e elaboração de Projetos,7000.0
2025,4,deyvid-everson-silva-carneiro.pdf,DEYVID EVERSON SILVA CARNEIRO,40000.0,Serviço de Segurança,7000.0
2025,4,deyvid-everson-silva-carneiro.pdf,DEYVID EVERSON SILVA CARNEIRO,40000.0,Serviços de Contabilidade,2000.0
2025,4,genilson-costa-e-silva.pdf,GENILSON COSTA E SILVA,39719.64,Acesso à internet,215.5
2025,4,genilson-costa-e-silva.pdf,GENILSON COSTA E SILVA,39719.64,Consultoria e Assessoria Jurídica,15000.0
2025,4,genilson-costa-e-silva.pdf,GENILSON COSTA E SILVA,39719.64,Consultoria e Assessoria de Imprensa,9000.0
2025,4,genilson-costa-e-silva.pdf,GENILSON COSTA E SILVA,39719.64,Divulgação de A vidades,7500.0
2025,4,genilson-costa-e-silva.pdf,GENILSON COSTA E SILVA,39719.64,Serviços de Contabilidade,8000.0
2025,4,gildevaldo-da-luz-rocha.pdf,GILDEVALDO DA LUZ ROCHA,32000.0,Consultoria e Assessoria de Imprensa,9000.0
2025,4,gildevaldo-da-luz-rocha.pdf,GILDEVALDO DA LUZ ROCHA,32000.0,Consultoria e Eleboração de Projetos,5000.0
2025,4,gildevaldo-da-luz-rocha.pdf,GILDEVALDO DA LUZ ROCHA,32000.0,Consultoria eAssessoria Jurídica,15000.0
2025,4,gildevaldo-da-luz-rocha.pdf,GILDEVALDO DA LUZ ROCHA,32000.0,Divulgação de A vidades,3000.0
2025,4,jeusivania-pereira-nunes.pdf,JEUSIVANIA PEREIRA NUNES,39882.05,Consultoria e Assessoria Jurídica,15000.0
2025,4,jeusivania-pereira-nunes.pdf,JEUSIVANIA PEREIRA NUNES,39882.05,Consultoria e Assessoria de Imprensa,9000.0
2025,4,jeusivania-pereira-nunes.pdf,JEUSIVANIA PEREIRA NUNES,39882.05,Divulgação de A vidades,7500.0
2025,4,jeusivania-pereira-nunes.pdf,JEUSIVANIA PEREIRA NUNES,39882.05,Material de Consumo e Expediente,382.05
2025,4,jeusivania-pereira-nunes.pdf,JEUSIVANIA PEREIRA NUNES,39882.05,Serviços de Contabilidade,8000.0
2025,4,julio-cezar-medeiros-lima.pdf,JÚLIO CEZAR MEDEIROS LIMA,40000.0,Consultoria e Assessoria Jurídica,15000.0
2025,4,julio-cezar-medeiros-lima.pdf,JÚLIO CEZAR MEDEIROS LIMA,40000.0,Consultoria e Assessoria de Imprensa,9000.0
2025,4,julio-cezar-medeiros-lima.pdf,JÚLIO CEZAR MEDEIROS LIMA,40000.0,Consultoria e elaboração de projetos,3000.0
2025,4,julio-cezar-medeiros-lima.pdf,JÚLIO CEZAR MEDEIROS LIMA,40000.0,Divulgação de A vidades,5000.0
2025,4,julio-cezar-medeiros-lima.pdf,JÚLIO CEZAR MEDEIROS LIMA,40000.0,Serviços de Contabilidade,8000.0
2025,4,manoel-neves-de-macedo.pdf,MANOEL NEVES DE MACEDO,35833.79,Consultoria e Assessoria Jurídica,12000.0
2025,4,manoel-neves-de-macedo.pdf,MANOEL NEVES DE MACEDO,35833.79,Consultoria e Assessoria de Imprensa,8500.0
2025,4,manoel-neves-de-macedo.pdf,MANOEL NEVES DE MACEDO,35833.79,Consultoria e Elaboração de Projetos,7000.0
2025,4,manoel-neves-de-macedo.pdf,MANOEL NEVES DE MACEDO,35833.79,Locação de Equipamentos,1000.0
2025,4,manoel-neves-de-macedo.pdf,MANOEL NEVES DE MACEDO,35833.79,Serviços de Contabilidade,7000.0
2025,4,marcelo-de-magalhaes-nunes.pdf,MARCELO DE MAGALHAES NUNES,40000.0,Consultoria e Assessoria Jurídica,15000.0
2025,4,marcelo-de-magalhaes-nunes.pdf,MARCELO DE MAGALHAES NUNES,40000.0,Consultoria e Assessoria de Imprensa,7000.0
2025,4,marcelo-de-magalhaes-nunes.pdf,MARCELO DE MAGALHAES NUNES,40000.0,Divulgação de A vidades,5000.0
2025,4,marcelo-de-magalhaes-nunes.pdf,MARCELO DE MAGALHAES NUNES,40000.0,Serviços Gráﬁcos,5005.0
2025,4,marcelo-de-magalhaes-nunes.pdf,MARCELO DE MAGALHAES NUNES,40000.0,Serviços de Contabilidade,8000.0
2025,4,maria-ines-maturano-lopes.pdf,MARIA INÊS MATURANO LOPES,39500.0,Consultoria e Assessoria Jurídica,15000.0
2025,4,maria-ines-maturano-lopes.pdf,MARIA INÊS MATURANO LOPES,39500.0,Consultoria e Assessoria de Imprensa,9000.0
2025,4,maria-ines-maturano-lopes.pdf,MARIA INÊS MATURANO LOPES,39500.0,Divulgação de A vidades,7500.0
2025,4,maria-ines-maturano-lopes.pdf,MARIA INÊS MATURANO LOPES,39500.0,Serviços de Contabilidade,8000.0
2025,4,moacival-daniel-mangabeira.pdf,MOACIVAL DANIEL MANGABEIRA,40000.0,Consultoria e Assessoria Juridica,10500.0
2025,4,moacival-daniel-mangabeira.pdf,MOACIVAL DANIEL MANGABEIRA,40000.0,Consultoria e Assessoria de Imprensa,9000.0
2025,4,moacival-daniel-mangabeira.pdf,MOACIVAL DANIEL MANGABEIRA,40000.0,Consultoria e elaboralçao de projetos,3000.0
2025,4,moacival-daniel-mangabeira.pdf,MOACIVAL DANIEL MANGABEIRA,40000.0,Divulgação de a vidades,7500.0
2025,4,moacival-daniel-mangabeira.pdf,MOACIVAL DANIEL MANGABEIRA,40000.0,Serviços Gráﬁcos,5500.0
2025,4,moacival-daniel-mangabeira.pdf,MOACIVAL DANIEL MANGABEIRA,40000.0,Serviços de Contabilidade,4500.0
2025,4,roberto-conceicao-dos-santos-franco.pdf,ROBERTO CONCEIÇÃO DOS SANTOS FRANCO,40000.0,Consultoria Elaboraçaõ de Projetos,5500.0
2025,4,roberto-conceicao-dos-santos-franco.pdf,ROBERTO CONCEIÇÃO DOS SANTOS FRANCO,40000.0,Consultoria e Assessoria Jurídica,15000.0
2025,4,roberto-conceicao-dos-santos-franco.pdf,ROBERTO CONCEIÇÃO DOS SANTOS FRANCO,40000.0,Consultoria e Assessoria de Imprensa,9000.0
2025,4,roberto-conceicao-dos-santos-franco.pdf,ROBERTO CONCEIÇÃO DOS SANTOS FRANCO,40000.0,Divulgaçõ de A vidades,4000.0
2025,4,roberto-conceicao-dos-santos-franco.pdf,ROBERTO CONCEIÇÃO DOS SANTOS FRANCO,40000.0,Serviços de Contabilidade,8000.0
2025,4,thiago-cezar-reis-pereira.pdf,THIAGO CEZAR REIS PEREIRA,39000.0,Consultoria e Assessoria Juridica,15000.0
2025,4,thiago-cezar-reis-pereira.pdf,THIAGO CEZAR REIS PEREIRA,39000.0,Consultoria e Assessoria de Imprensa,9000.0
2025,4,thiago-cezar-reis-pereira.pdf,THIAGO CEZAR REIS PEREIRA,39000.0,Consultoria e Elaboração de Projetos,7000.0
2025,4,thiago-cezar-reis-pereira.pdf,THIAGO CEZAR REIS PEREIRA,39000.0,Serviços de Contabilidade,8000.0
2025,4,thiago-coelho-fogaca.pdf,THIAGO COELHO FOGAÇA,40000.0,Consultoria e Assessoria Jurídica,15000.0
2025,4,thiago-coelho-fogaca.pdf,THIAGO COELHO FOGAÇA,40000.0,Consultoria e Assessoria de Imprensa,9000.0
2025,4,thiago-coelho-fogaca.pdf,THIAGO COELHO FOGAÇA,40000.0,Consultoria e Elaboração de projetos,5300.0
2025,4,thiago-coelho-fogaca.pdf,THIAGO COELHO FOGAÇA,40000.0,Divulgação de A vidades,7500.0
2025,4,thiago-coelho-fogaca.pdf,THIAGO COELHO FOGAÇA,40000.0,Locação de Imóveis,3200.0
2025,4,thiago-duarte-saraiva.pdf,THIAGO DUARTE SARAIVA,39700.29,Consultoria e Assessoria Jurídica,15000.0
2025,4,thiago-duarte-saraiva.pdf,THIAGO DUARTE SARAIVA,39700.29,Consultoria e Assessoria de Imprensa,7000.0
2025,4,thiago-duarte-saraiva.pdf,THIAGO DUARTE SARAIVA,39700.29,Consultoria e Elaboração de Projetos,5000.0
2025,4,thiago-duarte-saraiva.pdf,THIAGO DUARTE SARAIVA,39700.29,Divulgação de A vidades Geral,5500.0
2025,4,thiago-duarte-saraiva.pdf,THIAGO DUARTE SARAIVA,39700.29,Material de Consumo e Expediente,700.29
2025,4,thiago-duarte-saraiva.pdf,THIAGO DUARTE SARAIVA,39700.29,Serviços de Contabilidade,8000.0
2025,4,walkiria-ribeiro-dos-reis.pdf,WALKIRIA RIBEIRO DOS REIS,39860.0,Consultoria e Assessoria Jurídica,15000.0
2025,4,walkiria-ribeiro-dos-reis.pdf,WALKIRIA RIBEIRO DOS REIS,39860.0,Consultoria e elaboração de projetos,6000.0
2025,4,walkiria-ribeiro-dos-reis.pdf,WALKIRIA RIBEIRO DOS REIS,39860.0,Divulgaçaõ de A vidades,6000.0
2025,4,walkiria-ribeiro-dos-reis.pdf,WALKIRIA RIBEIRO DOS REIS,39860.0,Serviços Gráﬁcos,4860.0
2025,4,walkiria-ribeiro-dos-reis.pdf,WALKIRIA RIBEIRO DOS REIS,39860.0,Serviços de Contabilidade,8000.0
2025,4,italo-otavio-teixeira-pinto.pdf,ÍTALO OTÁVIO TEIXEIRA PINTO,40000.0,Consultoria e Assessoria Jurídica,13000.0
2025,4,italo-otavio-teixeira-pinto.pdf,ÍTALO OTÁVIO TEIXEIRA PINTO,40000.0,Consultoria e Assessoria de Imprensa,8000.0
2025,4,italo-otavio-teixeira-pinto.pdf,ÍTALO OTÁVIO TEIXEIRA PINTO,40000.0,Divulgação de A vidades em Geral,7000.0
2025,4,italo-otavio-teixeira-pinto.pdf,ÍTALO OTÁVIO TEIXEIRA PINTO,40000.0,Serviços Gráﬁcos,5000.0
2025,4,italo-otavio-teixeira-pinto.pdf,ÍTALO OTÁVIO TEIXEIRA PINTO,40000.0,Serviços de Contabilidade,7000.0
2025,5,aderval-da-rocha-ferreira-filho.pdf,ADERVAL DA ROCHA FERREIRA FILHO,39000.0,Consultoria e Assessoria Jurídica,15000.0
2025,5,aderval-da-rocha-ferreira-filho.pdf,ADERVAL DA ROCHA FERREIRA FILHO,39000.0,Consultoria e Assessoria de Imprensa,9000.0
2025,5,aderval-da-rocha-ferreira-filho.pdf,ADERVAL DA ROCHA FERREIRA FILHO,39000.0,Consultoria e Elaboração de Projetos,7000.0
2025,5,aderval-da-rocha-ferreira-filho.pdf,ADERVAL DA ROCHA FERREIRA FILHO,39000.0,Serviços de Contabilidade,8000.0
2025,5,adjalma-goncalves.pdf,ADJALMA GONÇALVES,40000.0,Consultoria e Assessoria Jurídica,15000.0
2025,5,adjalma-goncalves.pdf,ADJALMA GONÇALVES,40000.0,Consultoria e Assessoria de Imprensa,5000.0
2025,5,adjalma-goncalves.pdf,ADJALMA GONÇALVES,40000.0,Consultoria e Elaboração de Projetos,5000.0
2025,5,adjalma-goncalves.pdf,ADJALMA GONÇALVES,40000.0,Divulgação em Geral,7000.0
2025,5,adjalma-goncalves.pdf,ADJALMA GONÇALVES,40000.0,Serviços de Contabilidade,8000.0
2025,5,adnan-wadson-de-lima.pdf,ADNAN WADSON DE LIMA,40000.0,Consultoria e Assessoria Jurídica,15000.0
2025,5,adnan-wadson-de-lima.pdf,ADNAN WADSON DE LIMA,40000.0,Consultoria e Assessoria de Imprensa,6000.0
2025,5,adnan-wadson-de-lima.pdf,ADNAN WADSON DE LIMA,40000.0,Divulgação de Atividades em Geral,7000.0
2025,5,adnan-wadson-de-lima.pdf,ADNAN WADSON DE LIMA,40000.0,Locaçaõ de Imóveis,3000.0
2025,5,adnan-wadson-de-lima.pdf,ADNAN WADSON DE LIMA,40000.0,Material de Consumo e Expediente,1149.42
2025,5,adnan-wadson-de-lima.pdf,ADNAN WADSON DE LIMA,40000.0,Serviços Gráficos,500.0
2025,5,adnan-wadson-de-lima.pdf,ADNAN WADSON DE LIMA,40000.0,Serviços de Contabilidade,7000.0
2025,5,adnan-wadson-de-lima.pdf,ADNAN WADSON DE LIMA,40000.0,Suprimento DE Informática,195.0
2025,5,adnan-wadson-de-lima.pdf,ADNAN WADSON DE LIMA,40000.0,Telefone fixo/Celular,254.15
2025,5,aline-maria-de-menezes-rezende-chagas.pdf,ALINE MARIA DE MENEZES REZENDE CHAGAS,40000.0,Consultoria e Assessoria Jurídica,10000.0
2025,5,aline-maria-de-menezes-rezende-chagas.pdf,ALINE MARIA DE MENEZES REZENDE CHAGAS,40000.0,Consultoria e Assessoria de Imprensa,9000.0
2025,5,aline-maria-de-menezes-rezende-chagas.pdf,ALINE MARIA DE MENEZES REZENDE CHAGAS,40000.0,Divulgação de Atividades,7500.0
2025,5,aline-maria-de-menezes-rezende-chagas.pdf,ALINE MARIA DE MENEZES REZENDE CHAGAS,40000.0,Serviços Gráficos,5500.0
2025,5,aline-maria-de-menezes-rezende-chagas.pdf,ALINE MARIA DE MENEZES REZENDE CHAGAS,40000.0,Serviços de Contabilidade,8000.0
2025,5,anne-caroliny-dantas-pereira.pdf,ANNE CAROLINY DANTAS PEREIRA,39500.0,Consultoria Elaboração de Projetos,6300.0
2025,5,anne-caroliny-dantas-pereira.pdf,ANNE CAROLINY DANTAS PEREIRA,39500.0,Consultoria e Assessoria Jurídica,15000.0
2025,5,anne-caroliny-dantas-pereira.pdf,ANNE CAROLINY DANTAS PEREIRA,39500.0,Consultoria e Assessoria de Imprensa,9000.0
2025,5,anne-caroliny-dantas-pereira.pdf,ANNE CAROLINY DANTAS PEREIRA,39500.0,Divulgação de Atividades Geral,6500.0
2025,5,anne-caroliny-dantas-pereira.pdf,ANNE CAROLINY DANTAS PEREIRA,39500.0,Serviços de Contabilidade,2500.0
2025,5,bruno-perez-de-sales.pdf,BRUNO PEREZ DE SALES,40000.0,Consultoria e Assessoria Jurídica,14000.0
2025,5,bruno-perez-de-sales.pdf,BRUNO PEREZ DE SALES,40000.0,Consultoria e Assessoria de Imprensa,9000.0
2025,5,bruno-perez-de-sales.pdf,BRUNO PEREZ DE SALES,40000.0,Divulgação em Geral,7000.0
2025,5,bruno-perez-de-sales.pdf,BRUNO PEREZ DE SALES,40000.0,Serviço Gráfico,5000.0
2025,5,bruno-perez-de-sales.pdf,BRUNO PEREZ DE SALES,40000.0,Serviços de Contabilidade,5000.0
2025,5,babara-ribeiro-falcao.pdf,BÁBARA RIBEIRO FALCÃO,40000.0,Consultoria e Assessoria Jurídica,10000.0
2025,5,babara-ribeiro-falcao.pdf,BÁBARA RIBEIRO FALCÃO,40000.0,Consultoria e Assessoria de Imprensa,9000.0
2025,5,babara-ribeiro-falcao.pdf,BÁBARA RIBEIRO FALCÃO,40000.0,Divulgação de Atividades,7500.0
2025,5,babara-ribeiro-falcao.pdf,BÁBARA RIBEIRO FALCÃO,40000.0,Pesquisas Sócio Econômico,6000.0
2025,5,babara-ribeiro-falcao.pdf,BÁBARA RIBEIRO FALCÃO,40000.0,Serviços de Contabilidade,8000.0
2025,5,carla-demetrio-martins-matos-messias.pdf,CARLA DEMÉTRIO MARTINS MATOS MESSIAS,39800.0,Consultoria e Assessoria de Imprensa,5500.0
2025,5,carla-demetrio-martins-matos-messias.pdf,CARLA DEMÉTRIO MARTINS MATOS MESSIAS,39800.0,Divulgação de Atividades Geral,5500.0
2025,5,carla-demetrio-martins-matos-messias.pdf,CARLA DEMÉTRIO MARTINS MATOS MESSIAS,39800.0,Locação de Imóveis,2800.0
2025,5,carla-demetrio-martins-matos-messias.pdf,CARLA DEMÉTRIO MARTINS MATOS MESSIAS,39800.0,Locação ou Aquisição de Software,3000.0
2025,5,carla-demetrio-martins-matos-messias.pdf,CARLA DEMÉTRIO MARTINS MATOS MESSIAS,39800.0,Serviços de Contabilidade,8000.0
2025,5,deyvid-everson-silva-carneiro.pdf,DEYVID EVERSON SILVA CARNEIRO,40000.0,Consultoria Jurídica,15000.0
2025,5,deyvid-everson-silva-carneiro.pdf,DEYVID EVERSON SILVA CARNEIRO,40000.0,Consultoria e Assessoria de Imprensa,9000.0
2025,5,deyvid-everson-silva-carneiro.pdf,DEYVID EVERSON SILVA CARNEIRO,40000.0,Consultoria e elaboração de Projetos,7000.0
2025,5,deyvid-everson-silva-carneiro.pdf,DEYVID EVERSON SILVA CARNEIRO,40000.0,Serviço de Segurança,7000.0
2025,5,deyvid-everson-silva-carneiro.pdf,DEYVID EVERSON SILVA CARNEIRO,40000.0,Serviços de Contabilidade,2000.0
2025,5,genilson-costa-e-silva.pdf,GENILSON COSTA E SILVA,39724.86,Acesso à internet,224.86
2025,5,genilson-costa-e-silva.pdf,GENILSON COSTA E SILVA,39724.86,Consultoria e Assessoria Jurídica,15000.0
2025,5,genilson-costa-e-silva.pdf,GENILSON COSTA E SILVA,39724.86,Consultoria e Assessoria de Imprensa,9000.0
2025,5,genilson-costa-e-silva.pdf,GENILSON COSTA E SILVA,39724.86,Divulgação de Atividades,7500.0
2025,5,genilson-costa-e-silva.pdf,GENILSON COSTA E SILVA,39724.86,Serviços de Contabilidade,8000.0
2025,5,gildevaldo-da-luz-rocha.pdf,GILDEVALDO DA LUZ ROCHA,40000.0,Consultoria e Assessoria de Imprensa,9000.0
2025,5,gildevaldo-da-luz-rocha.pdf,GILDEVALDO DA LUZ ROCHA,40000.0,Consultoria e Eleboração de Projetos,5000.0
2025,5,gildevaldo-da-luz-rocha.pdf,GILDEVALDO DA LUZ ROCHA,40000.0,Consultoria eAssessoria Jurídica,15000.0
2025,5,gildevaldo-da-luz-rocha.pdf,GILDEVALDO DA LUZ ROCHA,40000.0,Divulgação de Atividades,3000.0
2025,5,gildevaldo-da-luz-rocha.pdf,GILDEVALDO DA LUZ ROCHA,40000.0,Serviço de Contabilidade,8000.0
2025,5,jeusivania-pereira-nunes.pdf,JEUSIVANIA PEREIRA NUNES,39500.0,Consultoria e Assessoria Jurídica,15000.0
2025,5,jeusivania-pereira-nunes.pdf,JEUSIVANIA PEREIRA NUNES,39500.0,Consultoria e Assessoria de Imprensa,9000.0
2025,5,jeusivania-pereira-nunes.pdf,JEUSIVANIA PEREIRA NUNES,39500.0,Divulgação de Atividades,7500.0
2025,5,jeusivania-pereira-nunes.pdf,JEUSIVANIA PEREIRA NUNES,39500.0,Serviços de Contabilidade,8000.0
2025,5,julio-cezar-medeiros-lima.pdf,JÚLIO CEZAR MEDEIROS LIMA,40000.0,Consultoria e Assessoria Jurídica,15000.0
2025,5,julio-cezar-medeiros-lima.pdf,JÚLIO CEZAR MEDEIROS LIMA,40000.0,Consultoria e Assessoria de Imprensa,9000.0
2025,5,julio-cezar-medeiros-lima.pdf,JÚLIO CEZAR MEDEIROS LIMA,40000.0,Consultoria e elaboração de projetos,3000.0
2025,5,julio-cezar-medeiros-lima.pdf,JÚLIO CEZAR MEDEIROS LIMA,40000.0,Divulgação de Atividades,5000.0
2025,5,julio-cezar-medeiros-lima.pdf,JÚLIO CEZAR MEDEIROS LIMA,40000.0,Serviços de Contabilidade,8000.0
2025,5,manoel-neves-de-macedo.pdf,MANOEL NEVES DE MACEDO,35833.79,Consultoria e Assessoria Jurídica,12000.0
2025,5,manoel-neves-de-macedo.pdf,MANOEL NEVES DE MACEDO,35833.79,Consultoria e Assessoria de Imprensa,8500.0
2025,5,manoel-neves-de-macedo.pdf,MANOEL NEVES DE MACEDO,35833.79,Consultoria e Elaboração de Projetos,7000.0
2025,5,manoel-neves-de-macedo.pdf,MANOEL NEVES DE MACEDO,35833.79,Locação de Equipamentos,1000.0
2025,5,manoel-neves-de-macedo.pdf,MANOEL NEVES DE MACEDO,35833.79,Material de Consumo e Expediente,376.96
2025,5,manoel-neves-de-macedo.pdf,MANOEL NEVES DE MACEDO,35833.79,Serviços de Contabilidade,7000.0
2025,5,marcelo-de-magalhaes-nunes.pdf,MARCELO DE MAGALHAES NUNES,40000.0,Consultoria e Assessoria Jurídica,15000.0
2025,5,marcelo-de-magalhaes-nunes.pdf,MARCELO DE MAGALHAES NUNES,40000.0,Consultoria e Assessoria de Imprensa,7000.0
2025,5,marcelo-de-magalhaes-nunes.pdf,MARCELO DE MAGALHAES NUNES,40000.0,Divulgação de Atividades,5000.0
2025,5,marcelo-de-magalhaes-nunes.pdf,MARCELO DE MAGALHAES NUNES,40000.0,Serviços Gráficos,5000.0
2025,5,marcelo-de-magalhaes-nunes.pdf,MARCELO DE MAGALHAES NUNES,40000.0,Serviços de Contabilidade,8000.0
2025,5,maria-ines-maturano-lopes.pdf,MARIA INÊS MATURANO LOPES,39500.0,Consultoria e Assessoria Jurídica,15000.0
2025,5,maria-ines-maturano-lopes.pdf,MARIA INÊS MATURANO LOPES,39500.0,Consultoria e Assessoria de Imprensa,9000.0
2025,5,maria-ines-maturano-lopes.pdf,MARIA INÊS MATURANO LOPES,39500.0,Divulgação de Atividades,7500.0
2025,5,maria-ines-maturano-lopes.pdf,MARIA INÊS MATURANO LOPES,39500.0,Serviços de Contabilidade,8000.0
2025,5,moacival-daniel-mangabeira.pdf,MOACIVAL DANIEL MANGABEIRA,40000.0,Consultoria e Assessoria Juridica,10500.0
2025,5,moacival-daniel-mangabeira.pdf,MOACIVAL DANIEL MANGABEIRA,40000.0,Consultoria e Assessoria de Imprensa,9000.0
2025,5,moacival-daniel-mangabeira.pdf,MOACIVAL DANIEL MANGABEIRA,40000.0,Consultoria e elaboralçao de projetos,3000.0
2025,5,moacival-daniel-mangabeira.pdf,MOACIVAL DANIEL MANGABEIRA,40000.0,Divulgação de atividades,7500.0
2025,5,moacival-daniel-mangabeira.pdf,MOACIVAL DANIEL MANGABEIRA,40000.0,Serviços Gráficos,5500.0
2025,5,moacival-daniel-mangabeira.pdf,MOACIVAL DANIEL MANGABEIRA,40000.0,Serviços de Contabilidade,4500.0
2025,5,roberto-conceicao-dos-santos-franco.pdf,ROBERTO CONCEIÇÃO DOS SANTOS FRANCO,40000.0,Consultoria Elaboraçaõ de Projetos,5500.0
2025,5,roberto-conceicao-dos-santos-franco.pdf,ROBERTO CONCEIÇÃO DOS SANTOS FRANCO,40000.0,Consultoria e Assessoria Jurídica,15000.0
2025,5,roberto-conceicao-dos-santos-franco.pdf,ROBERTO CONCEIÇÃO DOS SANTOS FRANCO,40000.0,Consultoria e Assessoria de Imprensa,9000.0
2025,5,roberto-conceicao-dos-santos-franco.pdf,ROBERTO CONCEIÇÃO DOS SANTOS FRANCO,40000.0,Divulgaçõ de Atividades,4000.0
2025,5,roberto-conceicao-dos-santos-franco.pdf,ROBERTO CONCEIÇÃO DOS SANTOS FRANCO,40000.0,Serviços de Contabilidade,8000.0
2025,5,thiago-cezar-reis-pereira.pdf,THIAGO CEZAR REIS PEREIRA,39000.0,Consultoria e Assessoria Juridica,15000.0
2025,5,thiago-cezar-reis-pereira.pdf,THIAGO CEZAR REIS PEREIRA,39000.0,Consultoria e Assessoria de Imprensa,9000.0
2025,5,thiago-cezar-reis-pereira.pdf,THIAGO CEZAR REIS PEREIRA,39000.0,Consultoria e Elaboração de Projetos,7000.0
2025,5,thiago-cezar-reis-pereira.pdf,THIAGO CEZAR REIS PEREIRA,39000.0,Serviços de Contabilidade,8000.0
2025,5,thiago-coelho-fogaca.pdf,THIAGO COELHO FOGAÇA,40000.0,Consultoria e Assessoria Jurídica,15000.0
2025,5,thiago-coelho-fogaca.pdf,THIAGO COELHO FOGAÇA,40000.0,Consultoria e Assessoria de Imprensa,9000.0
2025,5,thiago-coelho-fogaca.pdf,THIAGO COELHO FOGAÇA,40000.0,Consultoria e Elaboração de projetos,5300.0
2025,5,thiago-coelho-fogaca.pdf,THIAGO COELHO FOGAÇA,40000.0,Divulgação de Atividades,7500.0
2025,5,thiago-coelho-fogaca.pdf,THIAGO COELHO FOGAÇA,40000.0,Locação de Imóveis,3200.0
2025,5,thiago-duarte-saraiva.pdf,THIAGO DUARTE SARAIVA,39789.91,Consultoria e Assessoria Jurídica,15000.0
2025,5,thiago-duarte-saraiva.pdf,THIAGO DUARTE SARAIVA,39789.91,Consultoria e Assessoria de Imprensa,7000.0
2025,5,thiago-duarte-saraiva.pdf,THIAGO DUARTE SARAIVA,39789.91,Consultoria e Elaboração de Projetos,5000.0
2025,5,thiago-duarte-saraiva.pdf,THIAGO DUARTE SARAIVA,39789.91,Divulgação de Atividades Geral,5500.0
2025,5,thiago-duarte-saraiva.pdf,THIAGO DUARTE SARAIVA,39789.91,Material de Consumo e Expediente,789.91
2025,5,thiago-duarte-saraiva.pdf,THIAGO DUARTE SARAIVA,39789.91,Serviços de Contabilidade,8000.0
2025,5,walkiria-ribeiro-dos-reis.pdf,WALKIRIA RIBEIRO DOS REIS,39900.0,Consultoria e Assessoria Jurídica,15000.0
2025,5,walkiria-ribeiro-dos-reis.pdf,WALKIRIA RIBEIRO DOS REIS,39900.0,Consultoria e elaboração de projetos,6000.0
2025,5,walkiria-ribeiro-dos-reis.pdf,WALKIRIA RIBEIRO DOS REIS,39900.0,Divulgaçaõ de Atividades,6000.0
2025,5,walkiria-ribeiro-dos-reis.pdf,WALKIRIA RIBEIRO DOS REIS,39900.0,Serviços Gráficos,4860.0
2025,5,walkiria-ribeiro-dos-reis.pdf,WALKIRIA RIBEIRO DOS REIS,39900.0,Serviços de Contabilidade,8000.0
2025,5,italo-otavio-teixeira-pinto.pdf,ÍTALO OTÁVIO TEIXEIRA PINTO,40000.0,Consultoria e Assessoria Jurídica,13000.0
2025,5,italo-otavio-teixeira-pinto.pdf,ÍTALO OTÁVIO TEIXEIRA PINTO,40000.0,Consultoria e Assessoria de Imprensa,8000.0
2025,5,italo-otavio-teixeira-pinto.pdf,ÍTALO OTÁVIO TEIXEIRA PINTO,40000.0,Divulgação de Atividades em Geral,7000.0
2025,5,italo-otavio-teixeira-pinto.pdf,ÍTALO OTÁVIO TEIXEIRA PINTO,40000.0,Serviços Gráficos,5000.0
2025,5,italo-otavio-teixeira-pinto.pdf,ÍTALO OTÁVIO TEIXEIRA PINTO,40000.0,Serviços de Contabilidade,7000.0
2025,6,aderval-da-rocha-ferreira-filho.pdf,ADERVAL DA ROCHA FERREIRA FILHO,39500.0,Consultoria e Assessoria Jurídica,15000.0
2025,6,aderval-da-rocha-ferreira-filho.pdf,ADERVAL DA ROCHA FERREIRA FILHO,39500.0,Consultoria e Assessoria de Imprensa,9000.0
2025,6,aderval-da-rocha-ferreira-filho.pdf,ADERVAL DA ROCHA FERREIRA FILHO,39500.0,Divulgação de Atividades,7500.0
2025,6,aderval-da-rocha-ferreira-filho.pdf,ADERVAL DA ROCHA FERREIRA FILHO,39500.0,Serviços de Contabilidade,8000.0
2025,6,adjalma-goncalves.pdf,ADJALMA GONÇALVES,40000.0,Consultoria e Assessoria Jurídica,15000.0
2025,6,adjalma-goncalves.pdf,ADJALMA GONÇALVES,40000.0,Consultoria e Assessoria de Imprensa,7000.0
2025,6,adjalma-goncalves.pdf,ADJALMA GONÇALVES,40000.0,Divulgação em Geral,7000.0
2025,6,adjalma-goncalves.pdf,ADJALMA GONÇALVES,40000.0,Serviços Gráficos,3000.0
2025,6,adjalma-goncalves.pdf,ADJALMA GONÇALVES,40000.0,Serviços de Contabilidade,8000.0
2025,6,adnan-wadson-de-lima.pdf,ADNAN WADSON DE LIMA,40000.0,Consultoria e Assessoria Jurídica,15000.0
2025,6,adnan-wadson-de-lima.pdf,ADNAN WADSON DE LIMA,40000.0,Consultoria e Assessoria de Imprensa,6000.0
2025,6,adnan-wadson-de-lima.pdf,ADNAN WADSON DE LIMA,40000.0,Divulgação de Atividades em Geral,7000.0
2025,6,adnan-wadson-de-lima.pdf,ADNAN WADSON DE LIMA,40000.0,Locaçaõ de Imóveis,3000.0
2025,6,adnan-wadson-de-lima.pdf,ADNAN WADSON DE LIMA,40000.0,Material de Consumo e Expediente,1041.62
2025,6,adnan-wadson-de-lima.pdf,ADNAN WADSON DE LIMA,40000.0,Serviços Gráficos,500.0
2025,6,adnan-wadson-de-lima.pdf,ADNAN WADSON DE LIMA,40000.0,Serviços de Contabilidade,7000.0
2025,6,adnan-wadson-de-lima.pdf,ADNAN WADSON DE LIMA,40000.0,Suprimento DE Informática,260.0
2025,6,adnan-wadson-de-lima.pdf,ADNAN WADSON DE LIMA,40000.0,Telefone fixo/Celular,254.15
2025,6,aline-maria-de-menezes-rezende-chagas.pdf,ALINE MARIA DE MENEZES REZENDE CHAGAS,40000.0,Consultoria e Assessoria Jurídica,10000.0
2025,6,aline-maria-de-menezes-rezende-chagas.pdf,ALINE MARIA DE MENEZES REZENDE CHAGAS,40000.0,Consultoria e Assessoria de Imprensa,9000.0
2025,6,aline-maria-de-menezes-rezende-chagas.pdf,ALINE MARIA DE MENEZES REZENDE CHAGAS,40000.0,Divulgação de Atividades,7500.0
2025,6,aline-maria-de-menezes-rezende-chagas.pdf,ALINE MARIA DE MENEZES REZENDE CHAGAS,40000.0,Serviços Gráficos,5500.0
2025,6,aline-maria-de-menezes-rezende-chagas.pdf,ALINE MARIA DE MENEZES REZENDE CHAGAS,40000.0,Serviços de Contabilidade,8000.0
2025,6,anne-caroliny-dantas-pereira.pdf,ANNE CAROLINY DANTAS PEREIRA,39300.0,Consultoria Elaboração de Projetos,6300.0
2025,6,anne-caroliny-dantas-pereira.pdf,ANNE CAROLINY DANTAS PEREIRA,39300.0,Consultoria e Assessoria Jurídica,15000.0
2025,6,anne-caroliny-dantas-pereira.pdf,ANNE CAROLINY DANTAS PEREIRA,39300.0,Consultoria e Assessoria de Imprensa,9000.0
2025,6,anne-caroliny-dantas-pereira.pdf,ANNE CAROLINY DANTAS PEREIRA,39300.0,Divulgação de Atividades Geral,6500.0
2025,6,anne-caroliny-dantas-pereira.pdf,ANNE CAROLINY DANTAS PEREIRA,39300.0,Serviços de Contabilidade,2500.0
2025,6,bruno-perez-de-sales.pdf,BRUNO PEREZ DE SALES,40000.0,Consultoria e Assessoria Jurídica,14000.0
2025,6,bruno-perez-de-sales.pdf,BRUNO PEREZ DE SALES,40000.0,Consultoria e Assessoria de Imprensa,9000.0
2025,6,bruno-perez-de-sales.pdf,BRUNO PEREZ DE SALES,40000.0,Divulgação em Geral,7000.0
2025,6,bruno-perez-de-sales.pdf,BRUNO PEREZ DE SALES,40000.0,Serviço Gráfico,5000.0
2025,6,bruno-perez-de-sales.pdf,BRUNO PEREZ DE SALES,40000.0,Serviços de Contabilidade,5000.0
2025,6,babara-ribeiro-falcao.pdf,BÁBARA RIBEIRO FALCÃO,40000.0,Consultoria e Assessoria Jurídica,10000.0
2025,6,babara-ribeiro-falcao.pdf,BÁBARA RIBEIRO FALCÃO,40000.0,Consultoria e Assessoria de Imprensa,9000.0
2025,6,babara-ribeiro-falcao.pdf,BÁBARA RIBEIRO FALCÃO,40000.0,Divulgação de Atividades,7500.0
2025,6,babara-ribeiro-falcao.pdf,BÁBARA RIBEIRO FALCÃO,40000.0,Pesquisas Sócio Econômico,6000.0
2025,6,babara-ribeiro-falcao.pdf,BÁBARA RIBEIRO FALCÃO,40000.0,Serviços de Contabilidade,8000.0
2025,6,carla-demetrio-martins-matos-messias.pdf,CARLA DEMÉTRIO MARTINS MATOS MESSIAS,39939.67,Acesso a Internet,599.8
2025,6,carla-demetrio-martins-matos-messias.pdf,CARLA DEMÉTRIO MARTINS MATOS MESSIAS,39939.67,Consultoria e Assessoria de Imprensa,5500.0
2025,6,carla-demetrio-martins-matos-messias.pdf,CARLA DEMÉTRIO MARTINS MATOS MESSIAS,39939.67,Divulgação de Atividades Geral,5500.0
2025,6,carla-demetrio-martins-matos-messias.pdf,CARLA DEMÉTRIO MARTINS MATOS MESSIAS,39939.67,Energia Eletrica ou Similar,317.93
2025,6,carla-demetrio-martins-matos-messias.pdf,CARLA DEMÉTRIO MARTINS MATOS MESSIAS,39939.67,Locação de Imóveis,2800.0
2025,6,carla-demetrio-martins-matos-messias.pdf,CARLA DEMÉTRIO MARTINS MATOS MESSIAS,39939.67,Locação ou Aquisição de Software,2000.0
2025,6,carla-demetrio-martins-matos-messias.pdf,CARLA DEMÉTRIO MARTINS MATOS MESSIAS,39939.67,Material de Consumo e Expediente,221.94
2025,6,carla-demetrio-martins-matos-messias.pdf,CARLA DEMÉTRIO MARTINS MATOS MESSIAS,39939.67,Serviços de Contabilidade,8000.0
2025,6,deyvid-everson-silva-carneiro.pdf,DEYVID EVERSON SILVA CARNEIRO,40000.0,Consultoria Jurídica,15000.0
2025,6,deyvid-everson-silva-carneiro.pdf,DEYVID EVERSON SILVA CARNEIRO,40000.0,Consultoria e Assessoria de Imprensa,9000.0
2025,6,deyvid-everson-silva-carneiro.pdf,DEYVID EVERSON SILVA CARNEIRO,40000.0,Consultoria e elaboração de Projetos,7000.0
2025,6,deyvid-everson-silva-carneiro.pdf,DEYVID EVERSON SILVA CARNEIRO,40000.0,Serviço de Segurança,7000.0
2025,6,deyvid-everson-silva-carneiro.pdf,DEYVID EVERSON SILVA CARNEIRO,40000.0,Serviços de Contabilidade,2000.0
2025,6,genilson-costa-e-silva.pdf,GENILSON COSTA E SILVA,39715.5,Acesso à internet,215.5
2025,6,genilson-costa-e-silva.pdf,GENILSON COSTA E SILVA,39715.5,Consultoria e Assessoria Jurídica,15000.0
2025,6,genilson-costa-e-silva.pdf,GENILSON COSTA E SILVA,39715.5,Consultoria e Assessoria de Imprensa,9000.0
2025,6,genilson-costa-e-silva.pdf,GENILSON COSTA E SILVA,39715.5,Divulgação de Atividades,7500.0
2025,6,genilson-costa-e-silva.pdf,GENILSON COSTA E SILVA,39715.5,Serviços de Contabilidade,8000.0
2025,6,gildevaldo-da-luz-rocha.pdf,GILDEVALDO DA LUZ ROCHA,40000.0,Consultoria e Assessoria de Imprensa,9000.0
2025,6,gildevaldo-da-luz-rocha.pdf,GILDEVALDO DA LUZ ROCHA,40000.0,Consultoria e Eleboração de Projetos,5000.0
2025,6,gildevaldo-da-luz-rocha.pdf,GILDEVALDO DA LUZ ROCHA,40000.0,Consultoria eAssessoria Jurídica,15000.0
2025,6,gildevaldo-da-luz-rocha.pdf,GILDEVALDO DA LUZ ROCHA,40000.0,Divulgação de Atividades,3000.0
2025,6,gildevaldo-da-luz-rocha.pdf,GILDEVALDO DA LUZ ROCHA,40000.0,Serviço de Contabilidade,8000.0
2025,6,jeusivania-pereira-nunes.pdf,JEUSIVANIA PEREIRA NUNES,35500.0,Consultoria e Assessoria Jurídica,12000.0
2025,6,jeusivania-pereira-nunes.pdf,JEUSIVANIA PEREIRA NUNES,35500.0,Consultoria e Assessoria de Imprensa,8500.0
2025,6,jeusivania-pereira-nunes.pdf,JEUSIVANIA PEREIRA NUNES,35500.0,Consultoria e Elaboração de Projetos,7500.0
2025,6,jeusivania-pereira-nunes.pdf,JEUSIVANIA PEREIRA NUNES,35500.0,Locação de Equipamentos,1000.0
2025,6,jeusivania-pereira-nunes.pdf,JEUSIVANIA PEREIRA NUNES,35500.0,Serviços de Contabilidade,7000.0
2025,6,julio-cezar-medeiros-lima.pdf,JÚLIO CEZAR MEDEIROS LIMA,40000.0,Consultoria e Assessoria Jurídica,15000.0
2025,6,julio-cezar-medeiros-lima.pdf,JÚLIO CEZAR MEDEIROS LIMA,40000.0,Consultoria e Assessoria de Imprensa,9000.0
2025,6,julio-cezar-medeiros-lima.pdf,JÚLIO CEZAR MEDEIROS LIMA,40000.0,Consultoria e elaboração de projetos,3000.0
2025,6,julio-cezar-medeiros-lima.pdf,JÚLIO CEZAR MEDEIROS LIMA,40000.0,Divulgação de Atividades,5000.0
2025,6,julio-cezar-medeiros-lima.pdf,JÚLIO CEZAR MEDEIROS LIMA,40000.0,Serviços de Contabilidade,8000.0
2025,6,manoel-neves-de-macedo.pdf,MANOEL NEVES DE MACEDO,35500.0,Consultoria e Assessoria Jurídica,12000.0
2025,6,manoel-neves-de-macedo.pdf,MANOEL NEVES DE MACEDO,35500.0,Consultoria e Assessoria de Imprensa,8500.0
2025,6,manoel-neves-de-macedo.pdf,MANOEL NEVES DE MACEDO,35500.0,Consultoria e Elaboração de Projetos,7000.0
2025,6,manoel-neves-de-macedo.pdf,MANOEL NEVES DE MACEDO,35500.0,Locação de Equipamentos,1000.0
2025,6,manoel-neves-de-macedo.pdf,MANOEL NEVES DE MACEDO,35500.0,Serviços de Contabilidade,7000.0
2025,6,marcelo-de-magalhaes-nunes.pdf,MARCELO DE MAGALHAES NUNES,40000.0,Consultoria e Assessoria Jurídica,15000.0
2025,6,marcelo-de-magalhaes-nunes.pdf,MARCELO DE MAGALHAES NUNES,40000.0,Consultoria e Assessoria de Imprensa,7000.0
2025,6,marcelo-de-magalhaes-nunes.pdf,MARCELO DE MAGALHAES NUNES,40000.0,Divulgação de Atividades,5070.0
2025,6,marcelo-de-magalhaes-nunes.pdf,MARCELO DE MAGALHAES NUNES,40000.0,Serviços Gráficos,5000.0
2025,6,marcelo-de-magalhaes-nunes.pdf,MARCELO DE MAGALHAES NUNES,40000.0,Serviços de Contabilidade,8000.0
2025,6,maria-ines-maturano-lopes.pdf,MARIA INÊS MATURANO LOPES,39500.0,Consultoria e Assessoria Jurídica,15000.0
2025,6,maria-ines-maturano-lopes.pdf,MARIA INÊS MATURANO LOPES,39500.0,Consultoria e Assessoria de Imprensa,9000.0
2025,6,maria-ines-maturano-lopes.pdf,MARIA INÊS MATURANO LOPES,39500.0,Divulgação de Atividades,7500.0
2025,6,maria-ines-maturano-lopes.pdf,MARIA INÊS MATURANO LOPES,39500.0,Serviços de Contabilidade,8000.0
2025,6,moacival-daniel-mangabeira.pdf,MOACIVAL DANIEL MANGABEIRA,40000.0,Consultoria e Assessoria Juridica,10500.0
2025,6,moacival-daniel-mangabeira.pdf,MOACIVAL DANIEL MANGABEIRA,40000.0,Consultoria e Assessoria de Imprensa,9000.0
2025,6,moacival-daniel-mangabeira.pdf,MOACIVAL DANIEL MANGABEIRA,40000.0,Consultoria e elaboralçao de projetos,3000.0
2025,6,moacival-daniel-mangabeira.pdf,MOACIVAL DANIEL MANGABEIRA,40000.0,Divulgação de atividades,7500.0
2025,6,moacival-daniel-mangabeira.pdf,MOACIVAL DANIEL MANGABEIRA,40000.0,Serviços Gráficos,5500.0
2025,6,moacival-daniel-mangabeira.pdf,MOACIVAL DANIEL MANGABEIRA,40000.0,Serviços de Contabilidade,4500.0
2025,6,roberto-conceicao-dos-santos-franco.pdf,ROBERTO CONCEIÇÃO DOS SANTOS FRANCO,40000.0,Consultoria Elaboraçaõ de Projetos,5500.0
2025,6,roberto-conceicao-dos-santos-franco.pdf,ROBERTO CONCEIÇÃO DOS SANTOS FRANCO,40000.0,Consultoria e Assessoria Jurídica,15000.0
2025,6,roberto-conceicao-dos-santos-franco.pdf,ROBERTO CONCEIÇÃO DOS SANTOS FRANCO,40000.0,Consultoria e Assessoria de Imprensa,9000.0
2025,6,roberto-conceicao-dos-santos-franco.pdf,ROBERTO CONCEIÇÃO DOS SANTOS FRANCO,40000.0,Divulgaçõ de Atividades,7500.0
2025,6,roberto-conceicao-dos-santos-franco.pdf,ROBERTO CONCEIÇÃO DOS SANTOS FRANCO,40000.0,Serviços de Contabilidade,8000.0
2025,6,thiago-cezar-reis-pereira.pdf,THIAGO CEZAR REIS PEREIRA,39000.0,Consultoria e Assessoria Juridica,15000.0
2025,6,thiago-cezar-reis-pereira.pdf,THIAGO CEZAR REIS PEREIRA,39000.0,Consultoria e Assessoria de Imprensa,9000.0
2025,6,thiago-cezar-reis-pereira.pdf,THIAGO CEZAR REIS PEREIRA,39000.0,Consultoria e Elaboração de Projetos,7000.0
2025,6,thiago-cezar-reis-pereira.pdf,THIAGO CEZAR REIS PEREIRA,39000.0,Serviços de Contabilidade,8000.0
2025,6,thiago-coelho-fogaca.pdf,THIAGO COELHO FOGAÇA,40000.0,Consultoria e Assessoria Jurídica,15000.0
2025,6,thiago-coelho-fogaca.pdf,THIAGO COELHO FOGAÇA,40000.0,Consultoria e Assessoria de Imprensa,9000.0
2025,6,thiago-coelho-fogaca.pdf,THIAGO COELHO FOGAÇA,40000.0,Consultoria e Elaboração de projetos,5300.0
2025,6,thiago-coelho-fogaca.pdf,THIAGO COELHO FOGAÇA,40000.0,Divulgação de Atividades,7500.0
2025,6,thiago-coelho-fogaca.pdf,THIAGO COELHO FOGAÇA,40000.0,Locação de Imóveis,3200.0
2025,6,thiago-duarte-saraiva.pdf,THIAGO DUARTE SARAIVA,39944.13,Consultoria e Assessoria Jurídica,15000.0
2025,6,thiago-duarte-saraiva.pdf,THIAGO DUARTE SARAIVA,39944.13,Consultoria e Assessoria de Imprensa,4000.0
2025,6,thiago-duarte-saraiva.pdf,THIAGO DUARTE SARAIVA,39944.13,Consultoria e Elaboração de Projetos,5000.0
2025,6,thiago-duarte-saraiva.pdf,THIAGO DUARTE SARAIVA,39944.13,Divulgação de Atividades Geral,5500.0
2025,6,thiago-duarte-saraiva.pdf,THIAGO DUARTE SARAIVA,39944.13,Material de Consumo e Expediente,1144.13
2025,6,thiago-duarte-saraiva.pdf,THIAGO DUARTE SARAIVA,39944.13,Serviços Gráficos,2800.0
2025,6,thiago-duarte-saraiva.pdf,THIAGO DUARTE SARAIVA,39944.13,Serviços de Contabilidade,8000.0
2025,6,walkiria-ribeiro-dos-reis.pdf,WALKIRIA RIBEIRO DOS REIS,39900.0,Consultoria e Assessoria Jurídica,15000.0
2025,6,walkiria-ribeiro-dos-reis.pdf,WALKIRIA RIBEIRO DOS REIS,39900.0,Consultoria e elaboração de projetos,6000.0
2025,6,walkiria-ribeiro-dos-reis.pdf,WALKIRIA RIBEIRO DOS REIS,39900.0,Divulgaçaõ de Atividades,6000.0
2025,6,walkiria-ribeiro-dos-reis.pdf,WALKIRIA RIBEIRO DOS REIS,39900.0,Serviços Gráficos,4860.0
2025,6,walkiria-ribeiro-dos-reis.pdf,WALKIRIA RIBEIRO DOS REIS,39900.0,Serviços de Contabilidade,8000.0
2025,6,italo-otavio-teixeira-pinto.pdf,ÍTALO OTÁVIO TEIXEIRA PINTO,40000.0,Consultoria e Assessoria Jurídica,13000.0
2025,6,italo-otavio-teixeira-pinto.pdf,ÍTALO OTÁVIO TEIXEIRA PINTO,40000.0,Consultoria e Assessoria de Imprensa,8000.0
2025,6,italo-otavio-teixeira-pinto.pdf,ÍTALO OTÁVIO TEIXEIRA PINTO,40000.0,Divulgação de Atividades em Geral,7000.0
2025,6,italo-otavio-teixeira-pinto.pdf,ÍTALO OTÁVIO TEIXEIRA PINTO,40000.0,Serviços Gráficos,5000.0
2025,6,italo-otavio-teixeira-pinto.pdf,ÍTALO OTÁVIO TEIXEIRA PINTO,40000.0,Serviços de Contabilidade,7000.0
2025,7,aderval-da-rocha-ferreira-filho.pdf,ADERVAL DA ROCHA FERREIRA FILHO,39707.31,Consultoria e Assessoria Jurídica,15000.0
2025,7,aderval-da-rocha-ferreira-filho.pdf,ADERVAL DA ROCHA FERREIRA FILHO,39707.31,Consultoria e Assessoria de Imprensa,9000.0
2025,7,aderval-da-rocha-ferreira-filho.pdf,ADERVAL DA ROCHA FERREIRA FILHO,39707.31,Divulgação de Atividades,7500.0
2025,7,aderval-da-rocha-ferreira-filho.pdf,ADERVAL DA ROCHA FERREIRA FILHO,39707.31,Serviços de Contabilidade,8000.0
2025,7,aderval-da-rocha-ferreira-filho.pdf,ADERVAL DA ROCHA FERREIRA FILHO,39707.31,Telefone Fixo/Celular,207.31
2025,7,adjalma-goncalves.pdf,ADJALMA GONÇALVES,40000.0,Consultoria e Assessoria Jurídica,15000.0
2025,7,adjalma-goncalves.pdf,ADJALMA GONÇALVES,40000.0,Consultoria e Assessoria de Imprensa,7000.0
2025,7,adjalma-goncalves.pdf,ADJALMA GONÇALVES,40000.0,Consultoria e Elaboração de Projetos,5000.0
2025,7,adjalma-goncalves.pdf,ADJALMA GONÇALVES,40000.0,Divulgação em Geral,7000.0
2025,7,adjalma-goncalves.pdf,ADJALMA GONÇALVES,40000.0,Serviços de Contabilidade,8000.0
2025,7,adnan-wadson-de-lima.pdf,ADNAN WADSON DE LIMA,40000.0,Consultoria e Assessoria Jurídica,15000.0
2025,7,adnan-wadson-de-lima.pdf,ADNAN WADSON DE LIMA,40000.0,Consultoria e Assessoria de Imprensa,6000.0
2025,7,adnan-wadson-de-lima.pdf,ADNAN WADSON DE LIMA,40000.0,Divulgação de Atividades em Geral,7000.0
2025,7,adnan-wadson-de-lima.pdf,ADNAN WADSON DE LIMA,40000.0,Locaçaõ de Imóveis,3000.0
2025,7,adnan-wadson-de-lima.pdf,ADNAN WADSON DE LIMA,40000.0,Material de Consumo e Expediente,1138.05
2025,7,adnan-wadson-de-lima.pdf,ADNAN WADSON DE LIMA,40000.0,Serviços Gráficos,500.0
2025,7,adnan-wadson-de-lima.pdf,ADNAN WADSON DE LIMA,40000.0,Serviços de Contabilidade,7000.0
2025,7,adnan-wadson-de-lima.pdf,ADNAN WADSON DE LIMA,40000.0,Suprimento DE Informática,260.0
2025,7,adnan-wadson-de-lima.pdf,ADNAN WADSON DE LIMA,40000.0,Telefone fixo/Celular,254.15
2025,7,aline-maria-de-menezes-rezende-chagas.pdf,ALINE MARIA DE MENEZES REZENDE CHAGAS,40000.0,Consultoria e Assessoria Jurídica,10000.0
2025,7,aline-maria-de-menezes-rezende-chagas.pdf,ALINE MARIA DE MENEZES REZENDE CHAGAS,40000.0,Consultoria e Assessoria de Imprensa,9000.0
2025,7,aline-maria-de-menezes-rezende-chagas.pdf,ALINE MARIA DE MENEZES REZENDE CHAGAS,40000.0,Divulgação de Atividades,7500.0
2025,7,aline-maria-de-menezes-rezende-chagas.pdf,ALINE MARIA DE MENEZES REZENDE CHAGAS,40000.0,Serviços Gráficos,5500.0
2025,7,aline-maria-de-menezes-rezende-chagas.pdf,ALINE MARIA DE MENEZES REZENDE CHAGAS,40000.0,Serviços de Contabilidade,8000.0
2025,7,anne-caroliny-dantas-pereira.pdf,ANNE CAROLINY DANTAS PEREIRA,39300.0,Consultoria Elaboração de Projetos,6300.0
2025,7,anne-caroliny-dantas-pereira.pdf,ANNE CAROLINY DANTAS PEREIRA,39300.0,Consultoria e Assessoria Jurídica,15000.0
2025,7,anne-caroliny-dantas-pereira.pdf,ANNE CAROLINY DANTAS PEREIRA,39300.0,Consultoria e Assessoria de Imprensa,9000.0
2025,7,anne-caroliny-dantas-pereira.pdf,ANNE CAROLINY DANTAS PEREIRA,39300.0,Divulgação de Atividades Geral,6500.0
2025,7,anne-caroliny-dantas-pereira.pdf,ANNE CAROLINY DANTAS PEREIRA,39300.0,Serviços de Contabilidade,2500.0
2025,7,bruno-perez-de-sales.pdf,BRUNO PEREZ DE SALES,40000.0,Consultoria e Assessoria Jurídica,14000.0
2025,7,bruno-perez-de-sales.pdf,BRUNO PEREZ DE SALES,40000.0,Consultoria e Assessoria de Imprensa,9000.0
2025,7,bruno-perez-de-sales.pdf,BRUNO PEREZ DE SALES,40000.0,Divulgação em Geral,7000.0
2025,7,bruno-perez-de-sales.pdf,BRUNO PEREZ DE SALES,40000.0,Serviço Gráfico,5000.0
2025,7,bruno-perez-de-sales.pdf,BRUNO PEREZ DE SALES,40000.0,Serviços de Contabilidade,5000.0
2025,7,babara-ribeiro-falcao.pdf,BÁBARA RIBEIRO FALCÃO,40000.0,Consultoria e Assessoria Jurídica,10000.0
2025,7,babara-ribeiro-falcao.pdf,BÁBARA RIBEIRO FALCÃO,40000.0,Consultoria e Assessoria de Imprensa,9000.0
2025,7,babara-ribeiro-falcao.pdf,BÁBARA RIBEIRO FALCÃO,40000.0,Divulgação de Atividades,7500.0
2025,7,babara-ribeiro-falcao.pdf,BÁBARA RIBEIRO FALCÃO,40000.0,Pesquisas Sócio Econômico,6000.0
2025,7,babara-ribeiro-falcao.pdf,BÁBARA RIBEIRO FALCÃO,40000.0,Serviços de Contabilidade,8000.0
2025,7,carla-demetrio-martins-matos-messias.pdf,CARLA DEMÉTRIO MARTINS MATOS MESSIAS,39612.25,Acesso a Internet,599.8
2025,7,carla-demetrio-martins-matos-messias.pdf,CARLA DEMÉTRIO MARTINS MATOS MESSIAS,39612.25,Consultoria e Assessoria de Imprensa,5500.0
2025,7,carla-demetrio-martins-matos-messias.pdf,CARLA DEMÉTRIO MARTINS MATOS MESSIAS,39612.25,Divulgação de Atividades Geral,5500.0
2025,7,carla-demetrio-martins-matos-messias.pdf,CARLA DEMÉTRIO MARTINS MATOS MESSIAS,39612.25,Energia Eletrica ou Similar,309.76
2025,7,carla-demetrio-martins-matos-messias.pdf,CARLA DEMÉTRIO MARTINS MATOS MESSIAS,39612.25,Locação de Imóveis,2800.0
2025,7,carla-demetrio-martins-matos-messias.pdf,CARLA DEMÉTRIO MARTINS MATOS MESSIAS,39612.25,Locação ou Aquisição de Software,1500.0
2025,7,carla-demetrio-martins-matos-messias.pdf,CARLA DEMÉTRIO MARTINS MATOS MESSIAS,39612.25,Material de Consumo e Expediente,402.69
2025,7,carla-demetrio-martins-matos-messias.pdf,CARLA DEMÉTRIO MARTINS MATOS MESSIAS,39612.25,Serviços de Contabilidade,8000.0
2025,7,deyvid-everson-silva-carneiro.pdf,DEYVID EVERSON SILVA CARNEIRO,40000.0,Consultoria Jurídica,15000.0
2025,7,deyvid-everson-silva-carneiro.pdf,DEYVID EVERSON SILVA CARNEIRO,40000.0,Consultoria e Assessoria de Imprensa,9000.0
2025,7,deyvid-everson-silva-carneiro.pdf,DEYVID EVERSON SILVA CARNEIRO,40000.0,Consultoria e elaboração de Projetos,7000.0
2025,7,deyvid-everson-silva-carneiro.pdf,DEYVID EVERSON SILVA CARNEIRO,40000.0,Serviço de Segurança,7000.0
2025,7,deyvid-everson-silva-carneiro.pdf,DEYVID EVERSON SILVA CARNEIRO,40000.0,Serviços de Contabilidade,2000.0
2025,7,genilson-costa-e-silva.pdf,GENILSON COSTA E SILVA,39715.5,Acesso à internet,215.5
2025,7,genilson-costa-e-silva.pdf,GENILSON COSTA E SILVA,39715.5,Consultoria e Assessoria Jurídica,15000.0
2025,7,genilson-costa-e-silva.pdf,GENILSON COSTA E SILVA,39715.5,Consultoria e Assessoria de Imprensa,9000.0
2025,7,genilson-costa-e-silva.pdf,GENILSON COSTA E SILVA,39715.5,Divulgação de Atividades,7500.0
2025,7,genilson-costa-e-silva.pdf,GENILSON COSTA E SILVA,39715.5,Serviços de Contabilidade,8000.0
2025,7,gildevaldo-da-luz-rocha.pdf,GILDEVALDO DA LUZ ROCHA,40000.0,Consultoria e Assessoria de Imprensa,9000.0
2025,7,gildevaldo-da-luz-rocha.pdf,GILDEVALDO DA LUZ ROCHA,40000.0,Consultoria e Eleboração de Projetos,2000.0
2025,7,gildevaldo-da-luz-rocha.pdf,GILDEVALDO DA LUZ ROCHA,40000.0,Consultoria eAssessoria Jurídica,15000.0
2025,7,gildevaldo-da-luz-rocha.pdf,GILDEVALDO DA LUZ ROCHA,40000.0,Divulgação de Atividades,3000.0
2025,7,gildevaldo-da-luz-rocha.pdf,GILDEVALDO DA LUZ ROCHA,40000.0,Locação de Imóveis,3500.0
2025,7,gildevaldo-da-luz-rocha.pdf,GILDEVALDO DA LUZ ROCHA,40000.0,Serviço de Contabilidade,8000.0
2025,7,jeusivania-pereira-nunes.pdf,JEUSIVANIA PEREIRA NUNES,39975.25,Consultoria e Assessoria Jurídica,15000.0
2025,7,jeusivania-pereira-nunes.pdf,JEUSIVANIA PEREIRA NUNES,39975.25,Consultoria e Assessoria de Imprensa,9000.0
2025,7,jeusivania-pereira-nunes.pdf,JEUSIVANIA PEREIRA NUNES,39975.25,Divulgação de Atividades,7500.0
2025,7,jeusivania-pereira-nunes.pdf,JEUSIVANIA PEREIRA NUNES,39975.25,Material de Consumo e Expediente,475.25
2025,7,jeusivania-pereira-nunes.pdf,JEUSIVANIA PEREIRA NUNES,39975.25,Serviços de Contabilidade,8000.0
2025,7,julio-cezar-medeiros-lima.pdf,JÚLIO CEZAR MEDEIROS LIMA,40000.0,Consultoria e Assessoria Jurídica,15000.0
2025,7,julio-cezar-medeiros-lima.pdf,JÚLIO CEZAR MEDEIROS LIMA,40000.0,Consultoria e Assessoria de Imprensa,9000.0
2025,7,julio-cezar-medeiros-lima.pdf,JÚLIO CEZAR MEDEIROS LIMA,40000.0,Consultoria e elaboração de projetos,3000.0
2025,7,julio-cezar-medeiros-lima.pdf,JÚLIO CEZAR MEDEIROS LIMA,40000.0,Divulgação de Atividades,5000.0
2025,7,julio-cezar-medeiros-lima.pdf,JÚLIO CEZAR MEDEIROS LIMA,40000.0,Serviços de Contabilidade,8000.0
2025,7,manoel-neves-de-macedo.pdf,MANOEL NEVES DE MACEDO,35959.02,Consultoria e Assessoria Jurídica,12000.0
2025,7,manoel-neves-de-macedo.pdf,MANOEL NEVES DE MACEDO,35959.02,Consultoria e Assessoria de Imprensa,8500.0
2025,7,manoel-neves-de-macedo.pdf,MANOEL NEVES DE MACEDO,35959.02,Consultoria e Elaboração de Projetos,7000.0
2025,7,manoel-neves-de-macedo.pdf,MANOEL NEVES DE MACEDO,35959.02,Locação de Equipamentos,1000.0
2025,7,manoel-neves-de-macedo.pdf,MANOEL NEVES DE MACEDO,35959.02,Material de Consumo e Expediente,459.02
2025,7,manoel-neves-de-macedo.pdf,MANOEL NEVES DE MACEDO,35959.02,Serviços de Contabilidade,7000.0
2025,7,marcelo-de-magalhaes-nunes.pdf,MARCELO DE MAGALHAES NUNES,40000.0,Consultoria e Assessoria Jurídica,15000.0
2025,7,marcelo-de-magalhaes-nunes.pdf,MARCELO DE MAGALHAES NUNES,40000.0,Consultoria e Assessoria de Imprensa,7000.0
2025,7,marcelo-de-magalhaes-nunes.pdf,MARCELO DE MAGALHAES NUNES,40000.0,Divulgação de Atividades,5000.0
2025,7,marcelo-de-magalhaes-nunes.pdf,MARCELO DE MAGALHAES NUNES,40000.0,Serviços Gráficos,5000.0
2025,7,marcelo-de-magalhaes-nunes.pdf,MARCELO DE MAGALHAES NUNES,40000.0,Serviços de Contabilidade,8000.0
2025,7,maria-ines-maturano-lopes.pdf,MARIA INÊS MATURANO LOPES,39500.0,Consultoria e Assessoria Jurídica,15000.0
2025,7,maria-ines-maturano-lopes.pdf,MARIA INÊS MATURANO LOPES,39500.0,Consultoria e Assessoria de Imprensa,9000.0
2025,7,maria-ines-maturano-lopes.pdf,MARIA INÊS MATURANO LOPES,39500.0,Divulgação de Atividades,7500.0
2025,7,maria-ines-maturano-lopes.pdf,MARIA INÊS MATURANO LOPES,39500.0,Serviços de Contabilidade,8000.0
2025,7,moacival-daniel-mangabeira.pdf,MOACIVAL DANIEL MANGABEIRA,40000.0,Consultoria e Assessoria Juridica,10500.0
2025,7,moacival-daniel-mangabeira.pdf,MOACIVAL DANIEL MANGABEIRA,40000.0,Consultoria e Assessoria de Imprensa,9000.0
2025,7,moacival-daniel-mangabeira.pdf,MOACIVAL DANIEL MANGABEIRA,40000.0,Consultoria e elaboralçao de projetos,3000.0
2025,7,moacival-daniel-mangabeira.pdf,MOACIVAL DANIEL MANGABEIRA,40000.0,Divulgação de atividades,7500.0
2025,7,moacival-daniel-mangabeira.pdf,MOACIVAL DANIEL MANGABEIRA,40000.0,Serviços Gráficos,5500.0
2025,7,moacival-daniel-mangabeira.pdf,MOACIVAL DANIEL MANGABEIRA,40000.0,Serviços de Contabilidade,4500.0
2025,7,roberto-conceicao-dos-santos-franco.pdf,ROBERTO CONCEIÇÃO DOS SANTOS FRANCO,40000.0,Consultoria Elaboraçaõ de Projetos,5500.0
2025,7,roberto-conceicao-dos-santos-franco.pdf,ROBERTO CONCEIÇÃO DOS SANTOS FRANCO,40000.0,Consultoria e Assessoria Jurídica,15000.0
2025,7,roberto-conceicao-dos-santos-franco.pdf,ROBERTO CONCEIÇÃO DOS SANTOS FRANCO,40000.0,Consultoria e Assessoria de Imprensa,9000.0
2025,7,roberto-conceicao-dos-santos-franco.pdf,ROBERTO CONCEIÇÃO DOS SANTOS FRANCO,40000.0,Divulgaçõ de Atividades,7500.0
2025,7,roberto-conceicao-dos-santos-franco.pdf,ROBERTO CONCEIÇÃO DOS SANTOS FRANCO,40000.0,Serviços de Contabilidade,8000.0
2025,7,thiago-cezar-reis-pereira.pdf,THIAGO CEZAR REIS PEREIRA,39000.0,Consultoria e Assessoria Juridica,15000.0
2025,7,thiago-cezar-reis-pereira.pdf,THIAGO CEZAR REIS PEREIRA,39000.0,Consultoria e Assessoria de Imprensa,9000.0
2025,7,thiago-cezar-reis-pereira.pdf,THIAGO CEZAR REIS PEREIRA,39000.0,Consultoria e Elaboração de Projetos,7000.0
2025,7,thiago-cezar-reis-pereira.pdf,THIAGO CEZAR REIS PEREIRA,39000.0,Serviços de Contabilidade,8000.0
2025,7,thiago-coelho-fogaca.pdf,THIAGO COELHO FOGAÇA,40000.0,Consultoria e Assessoria Jurídica,15000.0
2025,7,thiago-coelho-fogaca.pdf,THIAGO COELHO FOGAÇA,40000.0,Consultoria e Assessoria de Imprensa,9000.0
2025,7,thiago-coelho-fogaca.pdf,THIAGO COELHO FOGAÇA,40000.0,Consultoria e Elaboração de projetos,5300.0
2025,7,thiago-coelho-fogaca.pdf,THIAGO COELHO FOGAÇA,40000.0,Divulgação de Atividades,7500.0
2025,7,thiago-coelho-fogaca.pdf,THIAGO COELHO FOGAÇA,40000.0,Locação de Imóveis,3200.0
2025,7,thiago-duarte-saraiva.pdf,THIAGO DUARTE SARAIVA,39965.3,Consultoria e Assessoria Jurídica,15000.0
2025,7,thiago-duarte-saraiva.pdf,THIAGO DUARTE SARAIVA,39965.3,Consultoria e Assessoria de Imprensa,7000.0
2025,7,thiago-duarte-saraiva.pdf,THIAGO DUARTE SARAIVA,39965.3,Consultoria e Elaboração de Projetos,5000.0
2025,7,thiago-duarte-saraiva.pdf,THIAGO DUARTE SARAIVA,39965.3,Divulgação de Atividades Geral,4000.0
2025,7,thiago-duarte-saraiva.pdf,THIAGO DUARTE SARAIVA,39965.3,Material de Consumo e Expediente,965.0
2025,7,thiago-duarte-saraiva.pdf,THIAGO DUARTE SARAIVA,39965.3,Serviços de Contabilidade,8000.0
2025,7,walkiria-ribeiro-dos-reis.pdf,WALKIRIA RIBEIRO DOS REIS,39850.0,Consultoria e Assessoria Jurídica,15000.0
2025,7,walkiria-ribeiro-dos-reis.pdf,WALKIRIA RIBEIRO DOS REIS,39850.0,Consultoria e elaboração de projetos,6000.0
2025,7,walkiria-ribeiro-dos-reis.pdf,WALKIRIA RIBEIRO DOS REIS,39850.0,Divulgaçaõ de Atividades,6000.0
2025,7,walkiria-ribeiro-dos-reis.pdf,WALKIRIA RIBEIRO DOS REIS,39850.0,Serviços Gráficos,4860.0
2025,7,walkiria-ribeiro-dos-reis.pdf,WALKIRIA RIBEIRO DOS REIS,39850.0,Serviços de Contabilidade,8000.0
2025,7,italo-otavio-teixeira-pinto.pdf,ÍTALO OTÁVIO TEIXEIRA PINTO,40000.0,Consultoria e Assessoria Jurídica,13000.0
2025,7,italo-otavio-teixeira-pinto.pdf,ÍTALO OTÁVIO TEIXEIRA PINTO,40000.0,Consultoria e Assessoria de Imprensa,8000.0
2025,7,italo-otavio-teixeira-pinto.pdf,ÍTALO OTÁVIO TEIXEIRA PINTO,40000.0,Divulgação de Atividades em Geral,7000.0
2025,7,italo-otavio-teixeira-pinto.pdf,ÍTALO OTÁVIO TEIXEIRA PINTO,40000.0,Serviços Gráficos,5000.0
2025,7,italo-otavio-teixeira-pinto.pdf,ÍTALO OTÁVIO TEIXEIRA PINTO,40000.0,Serviços de Contabilidade,7000.0
2025,8,aderval-da-rocha-ferreira-filho.pdf,ADERVAL DA ROCHA FERREIRA FILHO,39500.0,Consultoria e Assessoria Jurídica,15000.0
2025,8,aderval-da-rocha-ferreira-filho.pdf,ADERVAL DA ROCHA FERREIRA FILHO,39500.0,Consultoria e Assessoria de Imprensa,9000.0
2025,8,aderval-da-rocha-ferreira-filho.pdf,ADERVAL DA ROCHA FERREIRA FILHO,39500.0,Divulgação de Atividades,7500.0
2025,8,aderval-da-rocha-ferreira-filho.pdf,ADERVAL DA ROCHA FERREIRA FILHO,39500.0,Serviços de Contabilidade,8000.0
2025,8,adjalma-goncalves.pdf,ADJALMA GONÇALVES,40000.0,Consultoria e Assessoria Jurídica,15000.0
2025,8,adjalma-goncalves.pdf,ADJALMA GONÇALVES,40000.0,Consultoria e Assessoria de Imprensa,7000.0
2025,8,adjalma-goncalves.pdf,ADJALMA GONÇALVES,40000.0,Divulgação em Geral,7000.0
2025,8,adjalma-goncalves.pdf,ADJALMA GONÇALVES,40000.0,Serviços de Contabilidade,8000.0
2025,8,adjalma-goncalves.pdf,ADJALMA GONÇALVES,40000.0,Serviços de gráficos,3000.0
2025,8,adnan-wadson-de-lima.pdf,ADNAN WADSON DE LIMA,40000.0,Consultoria e Assessoria Jurídica,15000.0
2025,8,adnan-wadson-de-lima.pdf,ADNAN WADSON DE LIMA,40000.0,Consultoria e Assessoria de Imprensa,6000.0
2025,8,adnan-wadson-de-lima.pdf,ADNAN WADSON DE LIMA,40000.0,Divulgação de Atividades em Geral,7000.0
2025,8,adnan-wadson-de-lima.pdf,ADNAN WADSON DE LIMA,40000.0,Locaçaõ de Imóveis,3000.0
2025,8,adnan-wadson-de-lima.pdf,ADNAN WADSON DE LIMA,40000.0,Material de Consumo e Expediente,1080.45
2025,8,adnan-wadson-de-lima.pdf,ADNAN WADSON DE LIMA,40000.0,Serviços Gráficos,500.0
2025,8,adnan-wadson-de-lima.pdf,ADNAN WADSON DE LIMA,40000.0,Serviços de Contabilidade,7000.0
2025,8,adnan-wadson-de-lima.pdf,ADNAN WADSON DE LIMA,40000.0,Suprimento DE Informática,260.0
2025,8,aline-maria-de-menezes-rezende-chagas.pdf,ALINE MARIA DE MENEZES REZENDE CHAGAS,40000.0,Consultoria e Assessoria Jurídica,10000.0
2025,8,aline-maria-de-menezes-rezende-chagas.pdf,ALINE MARIA DE MENEZES REZENDE CHAGAS,40000.0,Consultoria e Assessoria de Imprensa,9000.0
2025,8,aline-maria-de-menezes-rezende-chagas.pdf,ALINE MARIA DE MENEZES REZENDE CHAGAS,40000.0,Divulgação de Atividades,7500.0
2025,8,aline-maria-de-menezes-rezende-chagas.pdf,ALINE MARIA DE MENEZES REZENDE CHAGAS,40000.0,Serviços Gráficos,5500.0
2025,8,aline-maria-de-menezes-rezende-chagas.pdf,ALINE MARIA DE MENEZES REZENDE CHAGAS,40000.0,Serviços de Contabilidade,8000.0
2025,8,anne-caroliny-dantas-pereira.pdf,ANNE CAROLINY DANTAS PEREIRA,39300.0,Consultoria Elaboração de Projetos,6300.0
2025,8,anne-caroliny-dantas-pereira.pdf,ANNE CAROLINY DANTAS PEREIRA,39300.0,Consultoria e Assessoria Jurídica,15000.0
2025,8,anne-caroliny-dantas-pereira.pdf,ANNE CAROLINY DANTAS PEREIRA,39300.0,Consultoria e Assessoria de Imprensa,9000.0
2025,8,anne-caroliny-dantas-pereira.pdf,ANNE CAROLINY DANTAS PEREIRA,39300.0,Divulgação de Atividades Geral,6500.0
2025,8,anne-caroliny-dantas-pereira.pdf,ANNE CAROLINY DANTAS PEREIRA,39300.0,Serviços de Contabilidade,2500.0
2025,8,bruno-perez-de-sales.pdf,BRUNO PEREZ DE SALES,40000.0,Consultoria e Assessoria Jurídica,14000.0
2025,8,bruno-perez-de-sales.pdf,BRUNO PEREZ DE SALES,40000.0,Consultoria e Assessoria de Imprensa,9000.0
2025,8,bruno-perez-de-sales.pdf,BRUNO PEREZ DE SALES,40000.0,Divulgação em Geral,7000.0
2025,8,bruno-perez-de-sales.pdf,BRUNO PEREZ DE SALES,40000.0,Serviço Gráfico,5000.0
2025,8,bruno-perez-de-sales.pdf,BRUNO PEREZ DE SALES,40000.0,Serviços de Contabilidade,5000.0
2025,8,babara-ribeiro-falcao.pdf,BÁBARA RIBEIRO FALCÃO,,,0.0
2025,8,carla-demetrio-martins-matos-messias.pdf,CARLA DEMÉTRIO MARTINS MATOS MESSIAS,39571.97,Acesso a Internet,599.8
2025,8,carla-demetrio-martins-matos-messias.pdf,CARLA DEMÉTRIO MARTINS MATOS MESSIAS,39571.97,Consultoria e Assessoria de Imprensa,5500.0
2025,8,carla-demetrio-martins-matos-messias.pdf,CARLA DEMÉTRIO MARTINS MATOS MESSIAS,39571.97,Divulgação de Atividades Geral,5500.0
2025,8,carla-demetrio-martins-matos-messias.pdf,CARLA DEMÉTRIO MARTINS MATOS MESSIAS,39571.97,Energia Eletrica ou Similar,267.26
2025,8,carla-demetrio-martins-matos-messias.pdf,CARLA DEMÉTRIO MARTINS MATOS MESSIAS,39571.97,Locação de Imóveis,2800.0
2025,8,carla-demetrio-martins-matos-messias.pdf,CARLA DEMÉTRIO MARTINS MATOS MESSIAS,39571.97,Locação ou Aquisição de Software,1500.0
2025,8,carla-demetrio-martins-matos-messias.pdf,CARLA DEMÉTRIO MARTINS MATOS MESSIAS,39571.97,Material de Consumo e Expediente,404.9
2025,8,carla-demetrio-martins-matos-messias.pdf,CARLA DEMÉTRIO MARTINS MATOS MESSIAS,39571.97,Serviços de Contabilidade,8000.0
2025,8,deyvid-everson-silva-carneiro.pdf,DEYVID EVERSON SILVA CARNEIRO,40000.0,Consultoria Jurídica,15000.0
2025,8,deyvid-everson-silva-carneiro.pdf,DEYVID EVERSON SILVA CARNEIRO,40000.0,Consultoria e Assessoria de Imprensa,9000.0
2025,8,deyvid-everson-silva-carneiro.pdf,DEYVID EVERSON SILVA CARNEIRO,40000.0,Consultoria e elaboração de Projetos,7000.0
2025,8,deyvid-everson-silva-carneiro.pdf,DEYVID EVERSON SILVA CARNEIRO,40000.0,Serviço de Segurança,7000.0
2025,8,deyvid-everson-silva-carneiro.pdf,DEYVID EVERSON SILVA CARNEIRO,40000.0,Serviços de Contabilidade,2000.0
2025,8,genilson-costa-e-silva.pdf,GENILSON COSTA E SILVA,39500.0,Consultoria e Assessoria Jurídica,15000.0
2025,8,genilson-costa-e-silva.pdf,GENILSON COSTA E SILVA,39500.0,Consultoria e Assessoria de Imprensa,9000.0
2025,8,genilson-costa-e-silva.pdf,GENILSON COSTA E SILVA,39500.0,Divulgação de Atividades,7500.0
2025,8,genilson-costa-e-silva.pdf,GENILSON COSTA E SILVA,39500.0,Serviços de Contabilidade,8000.0
2025,8,gildevaldo-da-luz-rocha.pdf,GILDEVALDO DA LUZ ROCHA,40000.0,Consultoria e Assessoria de Imprensa,9000.0
2025,8,gildevaldo-da-luz-rocha.pdf,GILDEVALDO DA LUZ ROCHA,40000.0,Consultoria e Eleboração de Projetos,2000.0
2025,8,gildevaldo-da-luz-rocha.pdf,GILDEVALDO DA LUZ ROCHA,40000.0,Consultoria eAssessoria Jurídica,15000.0
2025,8,gildevaldo-da-luz-rocha.pdf,GILDEVALDO DA LUZ ROCHA,40000.0,Divulgação de Atividades,3000.0
2025,8,gildevaldo-da-luz-rocha.pdf,GILDEVALDO DA LUZ ROCHA,40000.0,Locação de Imóveis,3500.0
2025,8,gildevaldo-da-luz-rocha.pdf,GILDEVALDO DA LUZ ROCHA,40000.0,Serviço de Contabilidade,8000.0
2025,8,jeusivania-pereira-nunes.pdf,JEUSIVANIA PEREIRA NUNES,40000.0,Consultoria e Assessoria Jurídica,15000.0
2025,8,jeusivania-pereira-nunes.pdf,JEUSIVANIA PEREIRA NUNES,40000.0,Consultoria e Assessoria de Imprensa,9000.0
2025,8,jeusivania-pereira-nunes.pdf,JEUSIVANIA PEREIRA NUNES,40000.0,Divulgação de Atividades,7500.0
2025,8,jeusivania-pereira-nunes.pdf,JEUSIVANIA PEREIRA NUNES,40000.0,Serviços de Contabilidade,8000.0
2025,8,jeusivania-pereira-nunes.pdf,JEUSIVANIA PEREIRA NUNES,40000.0,Suprimento de Informática,500.0
2025,8,julio-cezar-medeiros-lima.pdf,JÚLIO CEZAR MEDEIROS LIMA,40000.0,Consultoria e Assessoria Jurídica,15000.0
2025,8,julio-cezar-medeiros-lima.pdf,JÚLIO CEZAR MEDEIROS LIMA,40000.0,Consultoria e Assessoria de Imprensa,9000.0
2025,8,julio-cezar-medeiros-lima.pdf,JÚLIO CEZAR MEDEIROS LIMA,40000.0,Consultoria e elaboração de projetos,3000.0
2025,8,julio-cezar-medeiros-lima.pdf,JÚLIO CEZAR MEDEIROS LIMA,40000.0,Divulgação de Atividades,5000.0
2025,8,julio-cezar-medeiros-lima.pdf,JÚLIO CEZAR MEDEIROS LIMA,40000.0,Serviços de Contabilidade,8000.0
2025,8,manoel-neves-de-macedo.pdf,MANOEL NEVES DE MACEDO,35914.09,Consultoria e Assessoria Jurídica,12000.0
2025,8,manoel-neves-de-macedo.pdf,MANOEL NEVES DE MACEDO,35914.09,Consultoria e Assessoria de Imprensa,8500.0
2025,8,manoel-neves-de-macedo.pdf,MANOEL NEVES DE MACEDO,35914.09,Consultoria e Elaboração de Projetos,7000.0
2025,8,manoel-neves-de-macedo.pdf,MANOEL NEVES DE MACEDO,35914.09,Locação de Equipamentos,1000.0
2025,8,manoel-neves-de-macedo.pdf,MANOEL NEVES DE MACEDO,35914.09,Material de Consumo e Expediente,414.09
2025,8,manoel-neves-de-macedo.pdf,MANOEL NEVES DE MACEDO,35914.09,Serviços de Contabilidade,7000.0
2025,8,marcelo-de-magalhaes-nunes.pdf,MARCELO DE MAGALHAES NUNES,39860.0,Consultoria e Assessoria Jurídica,15000.0
2025,8,marcelo-de-magalhaes-nunes.pdf,MARCELO DE MAGALHAES NUNES,39860.0,Consultoria e Assessoria de Imprensa,7000.0
2025,8,marcelo-de-magalhaes-nunes.pdf,MARCELO DE MAGALHAES NUNES,39860.0,Divulgação de Atividades,5000.0
2025,8,marcelo-de-magalhaes-nunes.pdf,MARCELO DE MAGALHAES NUNES,39860.0,Serviços Gráficos,4860.0
2025,8,marcelo-de-magalhaes-nunes.pdf,MARCELO DE MAGALHAES NUNES,39860.0,Serviços de Contabilidade,8000.0
2025,8,maria-ines-maturano-lopes.pdf,MARIA INÊS MATURANO LOPES,39500.0,Consultoria e Assessoria Jurídica,15000.0
2025,8,maria-ines-maturano-lopes.pdf,MARIA INÊS MATURANO LOPES,39500.0,Consultoria e Assessoria de Imprensa,9000.0
2025,8,maria-ines-maturano-lopes.pdf,MARIA INÊS MATURANO LOPES,39500.0,Divulgação de Atividades,7500.0
2025,8,maria-ines-maturano-lopes.pdf,MARIA INÊS MATURANO LOPES,39500.0,Serviços de Contabilidade,8000.0
2025,8,moacival-daniel-mangabeira.pdf,MOACIVAL DANIEL MANGABEIRA,40000.0,Consultoria e Assessoria Juridica,10500.0
2025,8,moacival-daniel-mangabeira.pdf,MOACIVAL DANIEL MANGABEIRA,40000.0,Consultoria e Assessoria de Imprensa,9000.0
2025,8,moacival-daniel-mangabeira.pdf,MOACIVAL DANIEL MANGABEIRA,40000.0,Consultoria e elaboralçao de projetos,3000.0
2025,8,moacival-daniel-mangabeira.pdf,MOACIVAL DANIEL MANGABEIRA,40000.0,Divulgação de atividades,7500.0
2025,8,moacival-daniel-mangabeira.pdf,MOACIVAL DANIEL MANGABEIRA,40000.0,Serviços Gráficos,5500.0
2025,8,moacival-daniel-mangabeira.pdf,MOACIVAL DANIEL MANGABEIRA,40000.0,Serviços de Contabilidade,4500.0
2025,8,roberto-conceicao-dos-santos-franco.pdf,ROBERTO CONCEIÇÃO DOS SANTOS FRANCO,40000.0,Consultoria Elaboraçaõ de Projetos,5500.0
2025,8,roberto-conceicao-dos-santos-franco.pdf,ROBERTO CONCEIÇÃO DOS SANTOS FRANCO,40000.0,Consultoria e Assessoria Jurídica,15000.0
2025,8,roberto-conceicao-dos-santos-franco.pdf,ROBERTO CONCEIÇÃO DOS SANTOS FRANCO,40000.0,Consultoria e Assessoria de Imprensa,9000.0
2025,8,roberto-conceicao-dos-santos-franco.pdf,ROBERTO CONCEIÇÃO DOS SANTOS FRANCO,40000.0,Divulgaçõ de Atividades,7500.0
2025,8,roberto-conceicao-dos-santos-franco.pdf,ROBERTO CONCEIÇÃO DOS SANTOS FRANCO,40000.0,Serviços de Contabilidade,8000.0
2025,8,thiago-cezar-reis-pereira.pdf,THIAGO CEZAR REIS PEREIRA,39000.0,Consultoria e Assessoria Juridica,15000.0
2025,8,thiago-cezar-reis-pereira.pdf,THIAGO CEZAR REIS PEREIRA,39000.0,Consultoria e Assessoria de Imprensa,9000.0
2025,8,thiago-cezar-reis-pereira.pdf,THIAGO CEZAR REIS PEREIRA,39000.0,Consultoria e Elaboração de Projetos,7000.0
2025,8,thiago-cezar-reis-pereira.pdf,THIAGO CEZAR REIS PEREIRA,39000.0,Serviços de Contabilidade,8000.0
2025,8,thiago-coelho-fogaca.pdf,THIAGO COELHO FOGAÇA,39974.68,Consultoria e Assessoria Jurídica,15000.0
2025,8,thiago-coelho-fogaca.pdf,THIAGO COELHO FOGAÇA,39974.68,Consultoria e Assessoria de Imprensa,9000.0
2025,8,thiago-coelho-fogaca.pdf,THIAGO COELHO FOGAÇA,39974.68,Consultoria e Elaboração de projetos,5050.0
2025,8,thiago-coelho-fogaca.pdf,THIAGO COELHO FOGAÇA,39974.68,Divulgação de Atividades,7500.0
2025,8,thiago-coelho-fogaca.pdf,THIAGO COELHO FOGAÇA,39974.68,Locação de Imóveis,3424.68
2025,8,thiago-duarte-saraiva.pdf,THIAGO DUARTE SARAIVA,39916.36,Consultoria e Assessoria Jurídica,15000.0
2025,8,thiago-duarte-saraiva.pdf,THIAGO DUARTE SARAIVA,39916.36,Consultoria e Assessoria de Imprensa,7000.0
2025,8,thiago-duarte-saraiva.pdf,THIAGO DUARTE SARAIVA,39916.36,Consultoria e Elaboração de Projetos,5000.0
2025,8,thiago-duarte-saraiva.pdf,THIAGO DUARTE SARAIVA,39916.36,Divulgação de Atividades Geral,4500.0
2025,8,thiago-duarte-saraiva.pdf,THIAGO DUARTE SARAIVA,39916.36,Material de Consumo e Expediente,965.0
2025,8,thiago-duarte-saraiva.pdf,THIAGO DUARTE SARAIVA,39916.36,Serviços de Contabilidade,8000.0
2025,8,walkiria-ribeiro-dos-reis.pdf,WALKIRIA RIBEIRO DOS REIS,39850.0,Consultoria e Assessoria Jurídica,15000.0
2025,8,walkiria-ribeiro-dos-reis.pdf,WALKIRIA RIBEIRO DOS REIS,39850.0,Consultoria e elaboração de projetos,6000.0
2025,8,walkiria-ribeiro-dos-reis.pdf,WALKIRIA RIBEIRO DOS REIS,39850.0,Divulgaçaõ de Atividades,6000.0
2025,8,walkiria-ribeiro-dos-reis.pdf,WALKIRIA RIBEIRO DOS REIS,39850.0,Serviços Gráficos,4860.0
2025,8,walkiria-ribeiro-dos-reis.pdf,WALKIRIA RIBEIRO DOS REIS,39850.0,Serviços de Contabilidade,8000.0
2025,8,italo-otavio-teixeira-pinto.pdf,ÍTALO OTÁVIO TEIXEIRA PINTO,40000.0,Consultoria e Assessoria Jurídica,13000.0
2025,8,italo-otavio-teixeira-pinto.pdf,ÍTALO OTÁVIO TEIXEIRA PINTO,40000.0,Consultoria e Assessoria de Imprensa,8000.0
2025,8,italo-otavio-teixeira-pinto.pdf,ÍTALO OTÁVIO TEIXEIRA PINTO,40000.0,Divulgação de Atividades em Geral,7000.0
2025,8,italo-otavio-teixeira-pinto.pdf,ÍTALO OTÁVIO TEIXEIRA PINTO,40000.0,Serviços Gráficos,5000.0
2025,8,italo-otavio-teixeira-pinto.pdf,ÍTALO OTÁVIO TEIXEIRA PINTO,40000.0,Serviços de Contabilidade,7000.0
2025,9,aderval-da-rocha-ferreira-filho.pdf,ADERVAL DA ROCHA FERREIRA FILHO,39500.0,Consultoria e Assessoria Jurídica,15000.0
2025,9,aderval-da-rocha-ferreira-filho.pdf,ADERVAL DA ROCHA FERREIRA FILHO,39500.0,Consultoria e Assessoria de Imprensa,9000.0
2025,9,aderval-da-rocha-ferreira-filho.pdf,ADERVAL DA ROCHA FERREIRA FILHO,39500.0,Divulgação de Atividades,7500.0
2025,9,aderval-da-rocha-ferreira-filho.pdf,ADERVAL DA ROCHA FERREIRA FILHO,39500.0,Serviços de Contabilidade,8000.0
2025,9,adjalma-goncalves.pdf,ADJALMA GONÇALVES,40000.0,Consultoria e Assessoria Jurídica,15000.0
2025,9,adjalma-goncalves.pdf,ADJALMA GONÇALVES,40000.0,Consultoria e Assessoria de Imprensa,8000.0
2025,9,adjalma-goncalves.pdf,ADJALMA GONÇALVES,40000.0,Consultoria e Elaboração de Projetos,5000.0
2025,9,adjalma-goncalves.pdf,ADJALMA GONÇALVES,40000.0,Divulgação em Geral,5000.0
2025,9,adjalma-goncalves.pdf,ADJALMA GONÇALVES,40000.0,Serviços de Contabilidade,7000.0
2025,9,adnan-wadson-de-lima.pdf,ADNAN WADSON DE LIMA,40000.0,Consultoria e Assessoria Jurídica,15000.0
2025,9,adnan-wadson-de-lima.pdf,ADNAN WADSON DE LIMA,40000.0,Consultoria e Assessoria de Imprensa,6000.0
2025,9,adnan-wadson-de-lima.pdf,ADNAN WADSON DE LIMA,40000.0,Divulgação de Atividades em Geral,7000.0
2025,9,adnan-wadson-de-lima.pdf,ADNAN WADSON DE LIMA,40000.0,Locaçaõ de Imóveis,3000.0
2025,9,adnan-wadson-de-lima.pdf,ADNAN WADSON DE LIMA,40000.0,Material de Consumo e Expediente,1103.5
2025,9,adnan-wadson-de-lima.pdf,ADNAN WADSON DE LIMA,40000.0,Serviços Gráficos,500.0
2025,9,adnan-wadson-de-lima.pdf,ADNAN WADSON DE LIMA,40000.0,Serviços de Contabilidade,7000.0
2025,9,adnan-wadson-de-lima.pdf,ADNAN WADSON DE LIMA,40000.0,Suprimento DE Informática,260.0
2025,9,aline-maria-de-menezes-rezende-chagas.pdf,ALINE MARIA DE MENEZES REZENDE CHAGAS,40000.0,Consultoria e Assessoria Jurídica,10000.0
2025,9,aline-maria-de-menezes-rezende-chagas.pdf,ALINE MARIA DE MENEZES REZENDE CHAGAS,40000.0,Consultoria e Assessoria de Imprensa,9000.0
2025,9,aline-maria-de-menezes-rezende-chagas.pdf,ALINE MARIA DE MENEZES REZENDE CHAGAS,40000.0,Divulgação de Atividades,7500.0
2025,9,aline-maria-de-menezes-rezende-chagas.pdf,ALINE MARIA DE MENEZES REZENDE CHAGAS,40000.0,Serviços Gráficos,5500.0
2025,9,aline-maria-de-menezes-rezende-chagas.pdf,ALINE MARIA DE MENEZES REZENDE CHAGAS,40000.0,Serviços de Contabilidade,8000.0
2025,9,anne-caroliny-dantas-pereira.pdf,ANNE CAROLINY DANTAS PEREIRA,39300.0,Consultoria Elaboração de Projetos,6300.0
2025,9,anne-caroliny-dantas-pereira.pdf,ANNE CAROLINY DANTAS PEREIRA,39300.0,Consultoria e Assessoria Jurídica,15000.0
2025,9,anne-caroliny-dantas-pereira.pdf,ANNE CAROLINY DANTAS PEREIRA,39300.0,Consultoria e Assessoria de Imprensa,9000.0
2025,9,anne-caroliny-dantas-pereira.pdf,ANNE CAROLINY DANTAS PEREIRA,39300.0,Divulgação de Atividades Geral,6500.0
2025,9,anne-caroliny-dantas-pereira.pdf,ANNE CAROLINY DANTAS PEREIRA,39300.0,Serviços de Contabilidade,2500.0
2025,9,bruno-perez-de-sales.pdf,BRUNO PEREZ DE SALES,40000.0,Consultoria e Assessoria Jurídica,14000.0
2025,9,bruno-perez-de-sales.pdf,BRUNO PEREZ DE SALES,40000.0,Consultoria e Assessoria de Imprensa,9000.0
2025,9,bruno-perez-de-sales.pdf,BRUNO PEREZ DE SALES,40000.0,Divulgação em Geral,7000.0
2025,9,bruno-perez-de-sales.pdf,BRUNO PEREZ DE SALES,40000.0,Serviço Gráfico,5000.0
2025,9,bruno-perez-de-sales.pdf,BRUNO PEREZ DE SALES,40000.0,Serviços de Contabilidade,5000.0
2025,9,babara-ribeiro-falcao.pdf,BÁBARA RIBEIRO FALCÃO,40000.0,Consultoria e Assessoria Jurídica,10000.0
2025,9,babara-ribeiro-falcao.pdf,BÁBARA RIBEIRO FALCÃO,40000.0,Consultoria e Assessoria de Imprensa,9000.0
2025,9,babara-ribeiro-falcao.pdf,BÁBARA RIBEIRO FALCÃO,40000.0,Divulgação de Atividades,7500.0
2025,9,babara-ribeiro-falcao.pdf,BÁBARA RIBEIRO FALCÃO,40000.0,Pesquisas Sócio Econômico,6000.0
2025,9,babara-ribeiro-falcao.pdf,BÁBARA RIBEIRO FALCÃO,40000.0,Serviços de Contabilidade,8000.0
2025,9,carla-demetrio-martins-matos-messias.pdf,CARLA DEMÉTRIO MARTINS MATOS MESSIAS,39552.04,Acesso a Internet,599.8
2025,9,carla-demetrio-martins-matos-messias.pdf,CARLA DEMÉTRIO MARTINS MATOS MESSIAS,39552.04,Consultoria e Assessoria de Imprensa,5500.0
2025,9,carla-demetrio-martins-matos-messias.pdf,CARLA DEMÉTRIO MARTINS MATOS MESSIAS,39552.04,Divulgação de Atividades Geral,5500.0
2025,9,carla-demetrio-martins-matos-messias.pdf,CARLA DEMÉTRIO MARTINS MATOS MESSIAS,39552.04,Energia Eletrica ou Similar,213.22
2025,9,carla-demetrio-martins-matos-messias.pdf,CARLA DEMÉTRIO MARTINS MATOS MESSIAS,39552.04,Locação de Imóveis,2800.0
2025,9,carla-demetrio-martins-matos-messias.pdf,CARLA DEMÉTRIO MARTINS MATOS MESSIAS,39552.04,Locação ou Aquisição de Software,1500.0
2025,9,carla-demetrio-martins-matos-messias.pdf,CARLA DEMÉTRIO MARTINS MATOS MESSIAS,39552.04,Material de Consumo e Expediente,439.02
2025,9,carla-demetrio-martins-matos-messias.pdf,CARLA DEMÉTRIO MARTINS MATOS MESSIAS,39552.04,Serviços de Contabilidade,8000.0
2025,9,deyvid-everson-silva-carneiro.pdf,DEYVID EVERSON SILVA CARNEIRO,40000.0,Consultoria Jurídica,15000.0
2025,9,deyvid-everson-silva-carneiro.pdf,DEYVID EVERSON SILVA CARNEIRO,40000.0,Consultoria e Assessoria de Imprensa,9000.0
2025,9,deyvid-everson-silva-carneiro.pdf,DEYVID EVERSON SILVA CARNEIRO,40000.0,Consultoria e elaboração de Projetos,7000.0
2025,9,deyvid-everson-silva-carneiro.pdf,DEYVID EVERSON SILVA CARNEIRO,40000.0,Serviço de Segurança,7000.0
2025,9,deyvid-everson-silva-carneiro.pdf,DEYVID EVERSON SILVA CARNEIRO,40000.0,Serviços de Contabilidade,2000.0
2025,9,genilson-costa-e-silva.pdf,GENILSON COSTA E SILVA,39701.38,Consultoria e Assessoria Jurídica,15000.0
2025,9,genilson-costa-e-silva.pdf,GENILSON COSTA E SILVA,39701.38,Consultoria e Assessoria de Imprensa,9000.0
2025,9,genilson-costa-e-silva.pdf,GENILSON COSTA E SILVA,39701.38,Divulgação de Atividades,7500.0
2025,9,genilson-costa-e-silva.pdf,GENILSON COSTA E SILVA,39701.38,Serviços de Contabilidade,8000.0
2025,9,genilson-costa-e-silva.pdf,GENILSON COSTA E SILVA,39701.38,Telefone Fixo/Celular,201.38
2025,9,gildevaldo-da-luz-rocha.pdf,GILDEVALDO DA LUZ ROCHA,40000.0,Acesso à Internet,160.0
2025,9,gildevaldo-da-luz-rocha.pdf,GILDEVALDO DA LUZ ROCHA,40000.0,Consultoria e Assessoria de Imprensa,9000.0
2025,9,gildevaldo-da-luz-rocha.pdf,GILDEVALDO DA LUZ ROCHA,40000.0,Consultoria e Eleboração de Projetos,1300.0
2025,9,gildevaldo-da-luz-rocha.pdf,GILDEVALDO DA LUZ ROCHA,40000.0,Consultoria eAssessoria Jurídica,15000.0
2025,9,gildevaldo-da-luz-rocha.pdf,GILDEVALDO DA LUZ ROCHA,40000.0,Divulgação de Atividades,3000.0
2025,9,gildevaldo-da-luz-rocha.pdf,GILDEVALDO DA LUZ ROCHA,40000.0,Energia Eletrica ou Similar,574.59
2025,9,gildevaldo-da-luz-rocha.pdf,GILDEVALDO DA LUZ ROCHA,40000.0,Locação de Imóveis,3500.0
2025,9,gildevaldo-da-luz-rocha.pdf,GILDEVALDO DA LUZ ROCHA,40000.0,Serviço de Contabilidade,8000.0
2025,9,jeusivania-pereira-nunes.pdf,JEUSIVANIA PEREIRA NUNES,40000.0,Consultoria e Assessoria Jurídica,15000.0
2025,9,jeusivania-pereira-nunes.pdf,JEUSIVANIA PEREIRA NUNES,40000.0,Consultoria e Assessoria de Imprensa,9000.0
2025,9,jeusivania-pereira-nunes.pdf,JEUSIVANIA PEREIRA NUNES,40000.0,Divulgação de Atividades,7500.0
2025,9,jeusivania-pereira-nunes.pdf,JEUSIVANIA PEREIRA NUNES,40000.0,Serviços de Contabilidade,8000.0
2025,9,jeusivania-pereira-nunes.pdf,JEUSIVANIA PEREIRA NUNES,40000.0,Suprimento de Informática,500.0
2025,9,julio-cezar-medeiros-lima.pdf,JÚLIO CEZAR MEDEIROS LIMA,40000.0,Consultoria e Assessoria Jurídica,15000.0
2025,9,julio-cezar-medeiros-lima.pdf,JÚLIO CEZAR MEDEIROS LIMA,40000.0,Consultoria e Assessoria de Imprensa,9000.0
2025,9,julio-cezar-medeiros-lima.pdf,JÚLIO CEZAR MEDEIROS LIMA,40000.0,Consultoria e elaboração de projetos,3000.0
2025,9,julio-cezar-medeiros-lima.pdf,JÚLIO CEZAR MEDEIROS LIMA,40000.0,Divulgação de Atividades,5000.0
2025,9,julio-cezar-medeiros-lima.pdf,JÚLIO CEZAR MEDEIROS LIMA,40000.0,Serviços de Contabilidade,8000.0
2025,9,manoel-neves-de-macedo.pdf,MANOEL NEVES DE MACEDO,35804.82,Consultoria e Assessoria Jurídica,12000.0
2025,9,manoel-neves-de-macedo.pdf,MANOEL NEVES DE MACEDO,35804.82,Consultoria e Assessoria de Imprensa,8500.0
2025,9,manoel-neves-de-macedo.pdf,MANOEL NEVES DE MACEDO,35804.82,Consultoria e Elaboração de Projetos,7000.0
2025,9,manoel-neves-de-macedo.pdf,MANOEL NEVES DE MACEDO,35804.82,Locação de Equipamentos,1000.0
2025,9,manoel-neves-de-macedo.pdf,MANOEL NEVES DE MACEDO,35804.82,Material de Consumo e Expediente,304.82
2025,9,manoel-neves-de-macedo.pdf,MANOEL NEVES DE MACEDO,35804.82,Serviços de Contabilidade,7000.0
2025,9,marcelo-de-magalhaes-nunes.pdf,MARCELO DE MAGALHAES NUNES,40000.0,Consultoria e Assessoria Jurídica,15000.0
2025,9,marcelo-de-magalhaes-nunes.pdf,MARCELO DE MAGALHAES NUNES,40000.0,Consultoria e Assessoria de Imprensa,7000.0
2025,9,marcelo-de-magalhaes-nunes.pdf,MARCELO DE MAGALHAES NUNES,40000.0,Divulgação de Atividades,5000.0
2025,9,marcelo-de-magalhaes-nunes.pdf,MARCELO DE MAGALHAES NUNES,40000.0,Serviços de Contabilidade,8000.0
2025,9,maria-ines-maturano-lopes.pdf,MARIA INÊS MATURANO LOPES,39500.0,Consultoria e Assessoria Jurídica,15000.0
2025,9,maria-ines-maturano-lopes.pdf,MARIA INÊS MATURANO LOPES,39500.0,Consultoria e Assessoria de Imprensa,9000.0
2025,9,maria-ines-maturano-lopes.pdf,MARIA INÊS MATURANO LOPES,39500.0,Divulgação de Atividades,7500.0
2025,9,maria-ines-maturano-lopes.pdf,MARIA INÊS MATURANO LOPES,39500.0,Serviços de Contabilidade,8000.0
2025,9,moacival-daniel-mangabeira.pdf,MOACIVAL DANIEL MANGABEIRA,40000.0,Consultoria e Assessoria Juridica,10500.0
2025,9,moacival-daniel-mangabeira.pdf,MOACIVAL DANIEL MANGABEIRA,40000.0,Consultoria e Assessoria de Imprensa,9000.0
2025,9,moacival-daniel-mangabeira.pdf,MOACIVAL DANIEL MANGABEIRA,40000.0,Consultoria e elaboralçao de projetos,3000.0
2025,9,moacival-daniel-mangabeira.pdf,MOACIVAL DANIEL MANGABEIRA,40000.0,Divulgação de atividades,7500.0
2025,9,moacival-daniel-mangabeira.pdf,MOACIVAL DANIEL MANGABEIRA,40000.0,Serviços Gráficos,5500.0
2025,9,moacival-daniel-mangabeira.pdf,MOACIVAL DANIEL MANGABEIRA,40000.0,Serviços de Contabilidade,4500.0
2025,9,roberto-conceicao-dos-santos-franco.pdf,ROBERTO CONCEIÇÃO DOS SANTOS FRANCO,40000.0,Consultoria Elaboraçaõ de Projetos,5500.0
2025,9,roberto-conceicao-dos-santos-franco.pdf,ROBERTO CONCEIÇÃO DOS SANTOS FRANCO,40000.0,Consultoria e Assessoria Jurídica,15000.0
2025,9,roberto-conceicao-dos-santos-franco.pdf,ROBERTO CONCEIÇÃO DOS SANTOS FRANCO,40000.0,Consultoria e Assessoria de Imprensa,9000.0
2025,9,roberto-conceicao-dos-santos-franco.pdf,ROBERTO CONCEIÇÃO DOS SANTOS FRANCO,40000.0,Divulgaçõ de Atividades,7500.0
2025,9,roberto-conceicao-dos-santos-franco.pdf,ROBERTO CONCEIÇÃO DOS SANTOS FRANCO,40000.0,Serviços de Contabilidade,8000.0
2025,9,thiago-cezar-reis-pereira.pdf,THIAGO CEZAR REIS PEREIRA,39000.0,Consultoria e Assessoria Juridica,15000.0
2025,9,thiago-cezar-reis-pereira.pdf,THIAGO CEZAR REIS PEREIRA,39000.0,Consultoria e Assessoria de Imprensa,9000.0
2025,9,thiago-cezar-reis-pereira.pdf,THIAGO CEZAR REIS PEREIRA,39000.0,Consultoria e Elaboração de Projetos,7000.0
2025,9,thiago-cezar-reis-pereira.pdf,THIAGO CEZAR REIS PEREIRA,39000.0,Serviços de Contabilidade,8000.0
2025,9,thiago-coelho-fogaca.pdf,THIAGO COELHO FOGAÇA,39974.68,Consultoria e Assessoria Jurídica,15000.0
2025,9,thiago-coelho-fogaca.pdf,THIAGO COELHO FOGAÇA,39974.68,Consultoria e Assessoria de Imprensa,9000.0
2025,9,thiago-coelho-fogaca.pdf,THIAGO COELHO FOGAÇA,39974.68,Consultoria e Elaboração de projetos,5050.0
2025,9,thiago-coelho-fogaca.pdf,THIAGO COELHO FOGAÇA,39974.68,Divulgação de Atividades,7500.0
2025,9,thiago-coelho-fogaca.pdf,THIAGO COELHO FOGAÇA,39974.68,Locação de Imóveis,3424.68
2025,9,thiago-duarte-saraiva.pdf,THIAGO DUARTE SARAIVA,39969.49,Consultoria e Assessoria Jurídica,15000.0
2025,9,thiago-duarte-saraiva.pdf,THIAGO DUARTE SARAIVA,39969.49,Consultoria e Assessoria de Imprensa,7000.0
2025,9,thiago-duarte-saraiva.pdf,THIAGO DUARTE SARAIVA,39969.49,Consultoria e Elaboração de Projetos,5000.0
2025,9,thiago-duarte-saraiva.pdf,THIAGO DUARTE SARAIVA,39969.49,Divulgação de Atividades Geral,4500.0
2025,9,thiago-duarte-saraiva.pdf,THIAGO DUARTE SARAIVA,39969.49,Material de Consumo e Expediente,469.49
2025,9,thiago-duarte-saraiva.pdf,THIAGO DUARTE SARAIVA,39969.49,Serviços de Contabilidade,8000.0
2025,9,walkiria-ribeiro-dos-reis.pdf,WALKIRIA RIBEIRO DOS REIS,39900.0,Consultoria e Assessoria Jurídica,15000.0
2025,9,walkiria-ribeiro-dos-reis.pdf,WALKIRIA RIBEIRO DOS REIS,39900.0,Consultoria e elaboração de projetos,6000.0
2025,9,walkiria-ribeiro-dos-reis.pdf,WALKIRIA RIBEIRO DOS REIS,39900.0,Divulgaçaõ de Atividades,6000.0
2025,9,walkiria-ribeiro-dos-reis.pdf,WALKIRIA RIBEIRO DOS REIS,39900.0,Serviços Gráficos,4860.0
2025,9,walkiria-ribeiro-dos-reis.pdf,WALKIRIA RIBEIRO DOS REIS,39900.0,Serviços de Contabilidade,8000.0
2025,9,italo-otavio-teixeira-pinto.pdf,ÍTALO OTÁVIO TEIXEIRA PINTO,40000.0,Consultoria e Assessoria Jurídica,13000.0
2025,9,italo-otavio-teixeira-pinto.pdf,ÍTALO OTÁVIO TEIXEIRA PINTO,40000.0,Consultoria e Assessoria de Imprensa,8000.0
2025,9,italo-otavio-teixeira-pinto.pdf,ÍTALO OTÁVIO TEIXEIRA PINTO,40000.0,Divulgação de Atividades em Geral,7000.0
2025,9,italo-otavio-teixeira-pinto.pdf,ÍTALO OTÁVIO TEIXEIRA PINTO,40000.0,Serviços Gráficos,5000.0
2025,9,italo-otavio-teixeira-pinto.pdf,ÍTALO OTÁVIO TEIXEIRA PINTO,40000.0,Serviços de Contabilidade,7000.0
2025,10,aderval-da-rocha-ferreira-filho.pdf,ADERVAL DA ROCHA FERREIRA FILHO,39500.0,Consultoria e Assessoria Jurídica,15000.0
2025,10,aderval-da-rocha-ferreira-filho.pdf,ADERVAL DA ROCHA FERREIRA FILHO,39500.0,Consultoria e Assessoria de Imprensa,9000.0
2025,10,aderval-da-rocha-ferreira-filho.pdf,ADERVAL DA ROCHA FERREIRA FILHO,39500.0,Divulgação de Atividades,7500.0
2025,10,aderval-da-rocha-ferreira-filho.pdf,ADERVAL DA ROCHA FERREIRA FILHO,39500.0,Serviços de Contabilidade,8000.0
2025,10,adjalma-goncalves.pdf,ADJALMA GONÇALVES,40000.0,Consultoria e Assessoria Jurídica,15000.0
2025,10,adjalma-goncalves.pdf,ADJALMA GONÇALVES,40000.0,Consultoria e Assessoria de Imprensa,8000.0
2025,10,adjalma-goncalves.pdf,ADJALMA GONÇALVES,40000.0,Consultoria e Elaboração de Projetos,5000.0
2025,10,adjalma-goncalves.pdf,ADJALMA GONÇALVES,40000.0,Divulgação em Geral,5000.0
2025,10,adjalma-goncalves.pdf,ADJALMA GONÇALVES,40000.0,Serviços de Contabilidade,7000.0
2025,10,adnan-wadson-de-lima.pdf,ADNAN WADSON DE LIMA,39845.88,Consultoria e Assessoria Jurídica,15000.0
2025,10,adnan-wadson-de-lima.pdf,ADNAN WADSON DE LIMA,39845.88,Consultoria e Assessoria de Imprensa,6000.0
2025,10,adnan-wadson-de-lima.pdf,ADNAN WADSON DE LIMA,39845.88,Divulgação de Atividades em Geral,7000.0
2025,10,adnan-wadson-de-lima.pdf,ADNAN WADSON DE LIMA,39845.88,Locaçaõ de Imóveis,3000.0
2025,10,adnan-wadson-de-lima.pdf,ADNAN WADSON DE LIMA,39845.88,Material de Consumo e Expediente,1085.88
2025,10,adnan-wadson-de-lima.pdf,ADNAN WADSON DE LIMA,39845.88,Serviços Gráficos,500.0
2025,10,adnan-wadson-de-lima.pdf,ADNAN WADSON DE LIMA,39845.88,Serviços de Contabilidade,7000.0
2025,10,adnan-wadson-de-lima.pdf,ADNAN WADSON DE LIMA,39845.88,Suprimento DE Informática,260.0
2025,10,aline-maria-de-menezes-rezende-chagas.pdf,ALINE MARIA DE MENEZES REZENDE CHAGAS,40000.0,Consultoria e Assessoria Jurídica,10000.0
2025,10,aline-maria-de-menezes-rezende-chagas.pdf,ALINE MARIA DE MENEZES REZENDE CHAGAS,40000.0,Consultoria e Assessoria de Imprensa,9000.0
2025,10,aline-maria-de-menezes-rezende-chagas.pdf,ALINE MARIA DE MENEZES REZENDE CHAGAS,40000.0,Divulgação de Atividades,7500.0
2025,10,aline-maria-de-menezes-rezende-chagas.pdf,ALINE MARIA DE MENEZES REZENDE CHAGAS,40000.0,Serviços Gráficos,5500.0
2025,10,aline-maria-de-menezes-rezende-chagas.pdf,ALINE MARIA DE MENEZES REZENDE CHAGAS,40000.0,Serviços de Contabilidade,8000.0
2025,10,anne-caroliny-dantas-pereira.pdf,ANNE CAROLINY DANTAS PEREIRA,39300.0,Consultoria e Assessoria Jurídica,15000.0
2025,10,anne-caroliny-dantas-pereira.pdf,ANNE CAROLINY DANTAS PEREIRA,39300.0,Consultoria e Assessoria de Imprensa,9000.0
2025,10,anne-caroliny-dantas-pereira.pdf,ANNE CAROLINY DANTAS PEREIRA,39300.0,Consultoria e Elaboração de Projetos,6300.0
2025,10,anne-caroliny-dantas-pereira.pdf,ANNE CAROLINY DANTAS PEREIRA,39300.0,Divulgação de Atividades,6500.0
2025,10,anne-caroliny-dantas-pereira.pdf,ANNE CAROLINY DANTAS PEREIRA,39300.0,Serviços de Contabilidade,2500.0
2025,10,bruno-perez-de-sales.pdf,BRUNO PEREZ DE SALES,40000.0,Consultoria e Assessoria Jurídica,14000.0
2025,10,bruno-perez-de-sales.pdf,BRUNO PEREZ DE SALES,40000.0,Consultoria e Assessoria de Imprensa,9000.0
2025,10,bruno-perez-de-sales.pdf,BRUNO PEREZ DE SALES,40000.0,Divulgação em Geral,7000.0
2025,10,bruno-perez-de-sales.pdf,BRUNO PEREZ DE SALES,40000.0,Serviço Gráfico,5000.0
2025,10,bruno-perez-de-sales.pdf,BRUNO PEREZ DE SALES,40000.0,Serviços de Contabilidade,5000.0
2025,10,babara-ribeiro-falcao.pdf,BÁBARA RIBEIRO FALCÃO,40000.0,Consultoria e Assessoria Jurídica,10000.0
2025,10,babara-ribeiro-falcao.pdf,BÁBARA RIBEIRO FALCÃO,40000.0,Consultoria e Assessoria de Imprensa,9000.0
2025,10,babara-ribeiro-falcao.pdf,BÁBARA RIBEIRO FALCÃO,40000.0,Consultoria e Elaboração de Projetos,7500.0
2025,10,babara-ribeiro-falcao.pdf,BÁBARA RIBEIRO FALCÃO,40000.0,Pesquisas SócioEconômicas,7000.0
2025,10,babara-ribeiro-falcao.pdf,BÁBARA RIBEIRO FALCÃO,40000.0,Serviços de Contabilidade,8000.0
2025,10,carla-demetrio-martins-matos-messias.pdf,CARLA DEMÉTRIO MARTINS MATOS MESSIAS,39516.72,Acesso a Internet,599.8
2025,10,carla-demetrio-martins-matos-messias.pdf,CARLA DEMÉTRIO MARTINS MATOS MESSIAS,39516.72,Consultoria e Assessoria de Imprensa,5500.0
2025,10,carla-demetrio-martins-matos-messias.pdf,CARLA DEMÉTRIO MARTINS MATOS MESSIAS,39516.72,Consultoria e Elaboraçaõ de Projetos,1300.0
2025,10,carla-demetrio-martins-matos-messias.pdf,CARLA DEMÉTRIO MARTINS MATOS MESSIAS,39516.72,Divulgação de Atividades,5500.0
2025,10,carla-demetrio-martins-matos-messias.pdf,CARLA DEMÉTRIO MARTINS MATOS MESSIAS,39516.72,Locação de Imóveis,2800.0
2025,10,carla-demetrio-martins-matos-messias.pdf,CARLA DEMÉTRIO MARTINS MATOS MESSIAS,39516.72,Locação ou Aquisição de Software,1500.0
2025,10,carla-demetrio-martins-matos-messias.pdf,CARLA DEMÉTRIO MARTINS MATOS MESSIAS,39516.72,Material de Consumo e Expediente,299.79
2025,10,carla-demetrio-martins-matos-messias.pdf,CARLA DEMÉTRIO MARTINS MATOS MESSIAS,39516.72,Serviços de Contabilidade,8000.0
2025,10,deyvid-everson-silva-carneiro.pdf,DEYVID EVERSON SILVA CARNEIRO,40000.0,Consultoria Jurídica,15000.0
2025,10,deyvid-everson-silva-carneiro.pdf,DEYVID EVERSON SILVA CARNEIRO,40000.0,Consultoria e Assessoria de Imprensa,9000.0
2025,10,deyvid-everson-silva-carneiro.pdf,DEYVID EVERSON SILVA CARNEIRO,40000.0,Consultoria e elaboração de Projetos,7000.0
2025,10,deyvid-everson-silva-carneiro.pdf,DEYVID EVERSON SILVA CARNEIRO,40000.0,Serviços de Contabilidade,2000.0
2025,10,deyvid-everson-silva-carneiro.pdf,DEYVID EVERSON SILVA CARNEIRO,40000.0,Servviços de Seguranças,7000.0
2025,10,genilson-costa-e-silva.pdf,GENILSON COSTA E SILVA,39708.44,Consultoria e Assessoria Jurídica,15000.0
2025,10,genilson-costa-e-silva.pdf,GENILSON COSTA E SILVA,39708.44,Consultoria e Assessoria de Imprensa,9000.0
2025,10,genilson-costa-e-silva.pdf,GENILSON COSTA E SILVA,39708.44,Divulgação de Atividades,7500.0
2025,10,genilson-costa-e-silva.pdf,GENILSON COSTA E SILVA,39708.44,Serviços de Contabilidade,8000.0
2025,10,genilson-costa-e-silva.pdf,GENILSON COSTA E SILVA,39708.44,Telefone Fixo /Celular,208.44
2025,10,gildevaldo-da-luz-rocha.pdf,GILDEVALDO DA LUZ ROCHA,40000.0,Acesso à Internet,160.0
2025,10,gildevaldo-da-luz-rocha.pdf,GILDEVALDO DA LUZ ROCHA,40000.0,Consultoria e Assessoria de Imprensa,9000.0
2025,10,gildevaldo-da-luz-rocha.pdf,GILDEVALDO DA LUZ ROCHA,40000.0,Consultoria e Elaboraçaõ de Projetos,1300.0
2025,10,gildevaldo-da-luz-rocha.pdf,GILDEVALDO DA LUZ ROCHA,40000.0,Consultoria eAssessoria Jurídica,15000.0
2025,10,gildevaldo-da-luz-rocha.pdf,GILDEVALDO DA LUZ ROCHA,40000.0,Divulgação de Atividades,3000.0
2025,10,gildevaldo-da-luz-rocha.pdf,GILDEVALDO DA LUZ ROCHA,40000.0,Energia Eletrica ou Similar,706.72
2025,10,gildevaldo-da-luz-rocha.pdf,GILDEVALDO DA LUZ ROCHA,40000.0,Locação de Imóveis,3000.0
2025,10,gildevaldo-da-luz-rocha.pdf,GILDEVALDO DA LUZ ROCHA,40000.0,Serviço de Contabilidade,8000.0
2025,10,jeusivania-pereira-nunes.pdf,JEUSIVANIA PEREIRA NUNES,39907.45,Consultoria e Assessoria Jurídica,15000.0
2025,10,jeusivania-pereira-nunes.pdf,JEUSIVANIA PEREIRA NUNES,39907.45,Consultoria e Assessoria de Imprensa,9000.0
2025,10,jeusivania-pereira-nunes.pdf,JEUSIVANIA PEREIRA NUNES,39907.45,Divulgação de Atividades,7500.0
2025,10,jeusivania-pereira-nunes.pdf,JEUSIVANIA PEREIRA NUNES,39907.45,Serviços de Contabilidade,8000.0
2025,10,jeusivania-pereira-nunes.pdf,JEUSIVANIA PEREIRA NUNES,39907.45,Suprimento de Informatica,407.45
2025,10,julio-cezar-medeiros-lima.pdf,JÚLIO CEZAR MEDEIROS LIMA,40000.0,Consultoria e Assessoria Jurídica,15000.0
2025,10,julio-cezar-medeiros-lima.pdf,JÚLIO CEZAR MEDEIROS LIMA,40000.0,Consultoria e Assessoria de Imprensa,9000.0
2025,10,julio-cezar-medeiros-lima.pdf,JÚLIO CEZAR MEDEIROS LIMA,40000.0,Consultoria e elaboração de projetos,3000.0
2025,10,julio-cezar-medeiros-lima.pdf,JÚLIO CEZAR MEDEIROS LIMA,40000.0,Divulgação de Atividades,5000.0
2025,10,julio-cezar-medeiros-lima.pdf,JÚLIO CEZAR MEDEIROS LIMA,40000.0,Serviços de Contabilidade,8000.0
2025,10,manoel-neves-de-macedo.pdf,MANOEL NEVES DE MACEDO,35879.58,Consultoria e Assessoria Jurídica,12000.0
2025,10,manoel-neves-de-macedo.pdf,MANOEL NEVES DE MACEDO,35879.58,Consultoria e Assessoria de Imprensa,8500.0
2025,10,manoel-neves-de-macedo.pdf,MANOEL NEVES DE MACEDO,35879.58,Consultoria e Elaboração de Projetos,7000.0
2025,10,manoel-neves-de-macedo.pdf,MANOEL NEVES DE MACEDO,35879.58,Locação de Equipamento,1000.0
2025,10,manoel-neves-de-macedo.pdf,MANOEL NEVES DE MACEDO,35879.58,Material de Consumo e Expediente,379.58
2025,10,manoel-neves-de-macedo.pdf,MANOEL NEVES DE MACEDO,35879.58,Serviços de Contabilidade,7000.0
2025,10,marcelo-de-magalhaes-nunes.pdf,MARCELO DE MAGALHAES NUNES,40000.0,Consultoria e Assessoria Jurídica,15000.0
2025,10,marcelo-de-magalhaes-nunes.pdf,MARCELO DE MAGALHAES NUNES,40000.0,Consultoria e Assessoria de Imprensa,7000.0
2025,10,marcelo-de-magalhaes-nunes.pdf,MARCELO DE MAGALHAES NUNES,40000.0,Divulgação de Atividades,5000.0
2025,10,marcelo-de-magalhaes-nunes.pdf,MARCELO DE MAGALHAES NUNES,40000.0,Serviços Gráficos,5000.0
2025,10,marcelo-de-magalhaes-nunes.pdf,MARCELO DE MAGALHAES NUNES,40000.0,Serviços de Contabilidade,8000.0
2025,10,moacival-daniel-mangabeira.pdf,MOACIVAL DANIEL MANGABEIRA,40000.0,Consultoria e Assessoria Juridica,10500.0
2025,10,moacival-daniel-mangabeira.pdf,MOACIVAL DANIEL MANGABEIRA,40000.0,Consultoria e Assessoria de Imprensa,9000.0
2025,10,moacival-daniel-mangabeira.pdf,MOACIVAL DANIEL MANGABEIRA,40000.0,Consultoria e elaboralçao de projetos,3000.0
2025,10,moacival-daniel-mangabeira.pdf,MOACIVAL DANIEL MANGABEIRA,40000.0,Divulgação de atividades,7500.0
2025,10,moacival-daniel-mangabeira.pdf,MOACIVAL DANIEL MANGABEIRA,40000.0,Serviços Gráficos,5500.0
2025,10,moacival-daniel-mangabeira.pdf,MOACIVAL DANIEL MANGABEIRA,40000.0,Serviços de Contabilidade,4500.0
2025,10,roberto-conceicao-dos-santos-franco.pdf,ROBERTO CONCEIÇÃO DOS SANTOS FRANCO,40000.0,Consultoria Elaboraçaõ de Projetos,5500.0
2025,10,roberto-conceicao-dos-santos-franco.pdf,ROBERTO CONCEIÇÃO DOS SANTOS FRANCO,40000.0,Consultoria e Assessoria Jurídica,15000.0
2025,10,roberto-conceicao-dos-santos-franco.pdf,ROBERTO CONCEIÇÃO DOS SANTOS FRANCO,40000.0,Consultoria e Assessoria de Imprensa,9000.0
2025,10,roberto-conceicao-dos-santos-franco.pdf,ROBERTO CONCEIÇÃO DOS SANTOS FRANCO,40000.0,Divulgaçõ de Atividades,7500.0
2025,10,roberto-conceicao-dos-santos-franco.pdf,ROBERTO CONCEIÇÃO DOS SANTOS FRANCO,40000.0,Serviços de Contabilidade,8000.0
2025,10,thiago-cezar-reis-pereira.pdf,THIAGO CEZAR REIS PEREIRA,39000.0,Consultoria e Assessoria Juridica,15000.0
2025,10,thiago-cezar-reis-pereira.pdf,THIAGO CEZAR REIS PEREIRA,39000.0,Consultoria e Assessoria de Imprensa,9000.0
2025,10,thiago-cezar-reis-pereira.pdf,THIAGO CEZAR REIS PEREIRA,39000.0,Consultoria e Elaboração de Projetos,7000.0
2025,10,thiago-cezar-reis-pereira.pdf,THIAGO CEZAR REIS PEREIRA,39000.0,Serviços de Contabilidade,8000.0
2025,10,thiago-coelho-fogaca.pdf,THIAGO COELHO FOGAÇA,39974.68,Consultoria e Assessoria Jurídica,15000.0
2025,10,thiago-coelho-fogaca.pdf,THIAGO COELHO FOGAÇA,39974.68,Consultoria e Assessoria de Imprensa,9000.0
2025,10,thiago-coelho-fogaca.pdf,THIAGO COELHO FOGAÇA,39974.68,Consultoria e Elaboração de projetos,5050.0
2025,10,thiago-coelho-fogaca.pdf,THIAGO COELHO FOGAÇA,39974.68,Divulgação de Atividades,7500.0
2025,10,thiago-coelho-fogaca.pdf,THIAGO COELHO FOGAÇA,39974.68,Locação de Imóveis,3424.68
2025,10,thiago-duarte-saraiva.pdf,THIAGO DUARTE SARAIVA,39886.4,Consultoria e Assessoria Juridica,15000.0
2025,10,thiago-duarte-saraiva.pdf,THIAGO DUARTE SARAIVA,39886.4,Consultoria e Assessoria de Imprensa,9000.0
2025,10,thiago-duarte-saraiva.pdf,THIAGO DUARTE SARAIVA,39886.4,Consultoria e Elaboração de Projetos,7000.0
2025,10,thiago-duarte-saraiva.pdf,THIAGO DUARTE SARAIVA,39886.4,Divulgação de Atividades,4000.0
2025,10,thiago-duarte-saraiva.pdf,THIAGO DUARTE SARAIVA,39886.4,Material de Consumo Expediente,160.4
2025,10,thiago-duarte-saraiva.pdf,THIAGO DUARTE SARAIVA,39886.4,Serviços Gráficos,726.0
2025,10,thiago-duarte-saraiva.pdf,THIAGO DUARTE SARAIVA,39886.4,Serviços de Contabilidade,8000.0
2025,10,walkiria-ribeiro-dos-reis.pdf,WALKIRIA RIBEIRO DOS REIS,39900.0,Consultoria Jurídica,15000.0
2025,10,walkiria-ribeiro-dos-reis.pdf,WALKIRIA RIBEIRO DOS REIS,39900.0,Consultoria e elaboração de projetos,6000.0
2025,10,walkiria-ribeiro-dos-reis.pdf,WALKIRIA RIBEIRO DOS REIS,39900.0,Divulgaçaõ de Atividades,6000.0
2025,10,walkiria-ribeiro-dos-reis.pdf,WALKIRIA RIBEIRO DOS REIS,39900.0,Serviços Gráficos,4900.0
2025,10,walkiria-ribeiro-dos-reis.pdf,WALKIRIA RIBEIRO DOS REIS,39900.0,Serviços de Contabilidade,8000.0
2025,10,italo-otavio-teixeira-pinto.pdf,ÍTALO OTÁVIO TEIXEIRA PINTO,40000.0,Consultoria e Assessoria Jurídica,13000.0
2025,10,italo-otavio-teixeira-pinto.pdf,ÍTALO OTÁVIO TEIXEIRA PINTO,40000.0,Consultoria e Assessoria de Imprensa,8000.0
2025,10,italo-otavio-teixeira-pinto.pdf,ÍTALO OTÁVIO TEIXEIRA PINTO,40000.0,Divulgação de Atividades em Geral,7000.0
2025,10,italo-otavio-teixeira-pinto.pdf,ÍTALO OTÁVIO TEIXEIRA PINTO,40000.0,Serviços Gráficos,5000.0
2025,10,italo-otavio-teixeira-pinto.pdf,ÍTALO OTÁVIO TEIXEIRA PINTO,40000.0,Serviços de Contabilidade,7000.0
2025,11,aderval-da-rocha-ferreira-filho.pdf,ADERVAL DA ROCHA FERREIRA FILHO,39500.0,Consultoria e Assessoria Jurídica,15000.0
2025,11,aderval-da-rocha-ferreira-filho.pdf,ADERVAL DA ROCHA FERREIRA FILHO,39500.0,Consultoria e Assessoria de Imprensa,9000.0
2025,11,aderval-da-rocha-ferreira-filho.pdf,ADERVAL DA ROCHA FERREIRA FILHO,39500.0,Divulgação de Atividades,7500.0
2025,11,aderval-da-rocha-ferreira-filho.pdf,ADERVAL DA ROCHA FERREIRA FILHO,39500.0,Serviços de Contabilidade,8000.0
2025,11,adjalma-goncalves.pdf,ADJALMA GONÇALVES,40000.0,Consultoria e Assessoria Jurídica,15000.0
2025,11,adjalma-goncalves.pdf,ADJALMA GONÇALVES,40000.0,Consultoria e Assessoria de Imprensa,8000.0
2025,11,adjalma-goncalves.pdf,ADJALMA GONÇALVES,40000.0,Divulgação em Geral,5000.0
2025,11,adjalma-goncalves.pdf,ADJALMA GONÇALVES,40000.0,Serviços de Contabilidade,7000.0
2025,11,adnan-wadson-de-lima.pdf,ADNAN WADSON DE LIMA,39830.82,Consultoria e Assessoria Jurídica,15000.0
2025,11,adnan-wadson-de-lima.pdf,ADNAN WADSON DE LIMA,39830.82,Consultoria e Assessoria de Imprensa,6000.0
2025,11,adnan-wadson-de-lima.pdf,ADNAN WADSON DE LIMA,39830.82,Divulgação de Atividades em Geral,7000.0
2025,11,adnan-wadson-de-lima.pdf,ADNAN WADSON DE LIMA,39830.82,Locaçaõ de Imóveis,3000.0
2025,11,adnan-wadson-de-lima.pdf,ADNAN WADSON DE LIMA,39830.82,Material de Consumo e Expediente,1070.82
2025,11,adnan-wadson-de-lima.pdf,ADNAN WADSON DE LIMA,39830.82,Serviços Gráficos,500.0
2025,11,adnan-wadson-de-lima.pdf,ADNAN WADSON DE LIMA,39830.82,Serviços de Contabilidade,7000.0
2025,11,adnan-wadson-de-lima.pdf,ADNAN WADSON DE LIMA,39830.82,Suprimento DE Informática,260.0
2025,11,aline-maria-de-menezes-rezende-chagas.pdf,ALINE MARIA DE MENEZES REZENDE CHAGAS,40000.0,Consultoria e Assessoria Jurídica,10000.0
2025,11,aline-maria-de-menezes-rezende-chagas.pdf,ALINE MARIA DE MENEZES REZENDE CHAGAS,40000.0,Consultoria e Assessoria de Imprensa,9000.0
2025,11,aline-maria-de-menezes-rezende-chagas.pdf,ALINE MARIA DE MENEZES REZENDE CHAGAS,40000.0,Divulgação de Atividades,7500.0
2025,11,aline-maria-de-menezes-rezende-chagas.pdf,ALINE MARIA DE MENEZES REZENDE CHAGAS,40000.0,Serviços Gráficos,5500.0
2025,11,aline-maria-de-menezes-rezende-chagas.pdf,ALINE MARIA DE MENEZES REZENDE CHAGAS,40000.0,Serviços de Contabilidade,8000.0
2025,11,anne-caroliny-dantas-pereira.pdf,ANNE CAROLINY DANTAS PEREIRA,39300.0,Consultoria e Assessoria Jurídica,15000.0
2025,11,anne-caroliny-dantas-pereira.pdf,ANNE CAROLINY DANTAS PEREIRA,39300.0,Consultoria e Assessoria de Imprensa,9000.0
2025,11,anne-caroliny-dantas-pereira.pdf,ANNE CAROLINY DANTAS PEREIRA,39300.0,Consultoria e Elaboração de Projetos,6300.0
2025,11,anne-caroliny-dantas-pereira.pdf,ANNE CAROLINY DANTAS PEREIRA,39300.0,Divulgação de Atividades,6500.0
2025,11,anne-caroliny-dantas-pereira.pdf,ANNE CAROLINY DANTAS PEREIRA,39300.0,Serviços de Contabilidade,2500.0
2025,11,antonio-orestes-de-aguiar.pdf,ANTONIO ORESTES DE AGUIAR,39500.0,Consultoria e Assessoria Jurídica,15000.0
2025,11,antonio-orestes-de-aguiar.pdf,ANTONIO ORESTES DE AGUIAR,39500.0,Consultoria e Assessoria de Imprensa,9000.0
2025,11,antonio-orestes-de-aguiar.pdf,ANTONIO ORESTES DE AGUIAR,39500.0,Divulgação de Atividades Geral,7500.0
2025,11,antonio-orestes-de-aguiar.pdf,ANTONIO ORESTES DE AGUIAR,39500.0,Serviços de Contabilidade,8000.0
2025,11,bruno-perez-de-sales.pdf,BRUNO PEREZ DE SALES,40000.0,Consultoria e Assessoria Jurídica,14000.0
2025,11,bruno-perez-de-sales.pdf,BRUNO PEREZ DE SALES,40000.0,Consultoria e Assessoria de Imprensa,9000.0
2025,11,bruno-perez-de-sales.pdf,BRUNO PEREZ DE SALES,40000.0,Divulgação em Geral,7000.0
2025,11,bruno-perez-de-sales.pdf,BRUNO PEREZ DE SALES,40000.0,Serviço Gráfico,5000.0
2025,11,bruno-perez-de-sales.pdf,BRUNO PEREZ DE SALES,40000.0,Serviços de Contabilidade,5000.0
2025,11,babara-ribeiro-falcao.pdf,BÁBARA RIBEIRO FALCÃO,40000.0,Consultoria e Assessoria Jurídica,10000.0
2025,11,babara-ribeiro-falcao.pdf,BÁBARA RIBEIRO FALCÃO,40000.0,Consultoria e Assessoria de Imprensa,9000.0
2025,11,babara-ribeiro-falcao.pdf,BÁBARA RIBEIRO FALCÃO,40000.0,Divulgaçaõ de Atividades,7500.0
2025,11,babara-ribeiro-falcao.pdf,BÁBARA RIBEIRO FALCÃO,40000.0,Pesquisas SócioEconômicas,7000.0
2025,11,babara-ribeiro-falcao.pdf,BÁBARA RIBEIRO FALCÃO,40000.0,Serviços de Contabilidade,8000.0
2025,11,carla-demetrio-martins-matos-messias.pdf,CARLA DEMÉTRIO MARTINS MATOS MESSIAS,39271.7,Acesso a Internet,599.8
2025,11,carla-demetrio-martins-matos-messias.pdf,CARLA DEMÉTRIO MARTINS MATOS MESSIAS,39271.7,Consultoria e Assessoria de Imprensa,5500.0
2025,11,carla-demetrio-martins-matos-messias.pdf,CARLA DEMÉTRIO MARTINS MATOS MESSIAS,39271.7,Divulgação de Atividades,5500.0
2025,11,carla-demetrio-martins-matos-messias.pdf,CARLA DEMÉTRIO MARTINS MATOS MESSIAS,39271.7,Energia Eletrica ou Similar,371.9
2025,11,carla-demetrio-martins-matos-messias.pdf,CARLA DEMÉTRIO MARTINS MATOS MESSIAS,39271.7,Locação de Imóveis,2800.0
2025,11,carla-demetrio-martins-matos-messias.pdf,CARLA DEMÉTRIO MARTINS MATOS MESSIAS,39271.7,Locação ou Aquisição de Software,1500.0
2025,11,carla-demetrio-martins-matos-messias.pdf,CARLA DEMÉTRIO MARTINS MATOS MESSIAS,39271.7,Serviços de Contabilidade,8000.0
2025,11,deyvid-everson-silva-carneiro.pdf,DEYVID EVERSON SILVA CARNEIRO,40000.0,Consultoria Jurídica,15000.0
2025,11,deyvid-everson-silva-carneiro.pdf,DEYVID EVERSON SILVA CARNEIRO,40000.0,Consultoria e Assessoria de Imprensa,9000.0
2025,11,deyvid-everson-silva-carneiro.pdf,DEYVID EVERSON SILVA CARNEIRO,40000.0,Consultoria e elaboração de Projetos,7000.0
2025,11,deyvid-everson-silva-carneiro.pdf,DEYVID EVERSON SILVA CARNEIRO,40000.0,Serviços de Contabilidade,2000.0
2025,11,deyvid-everson-silva-carneiro.pdf,DEYVID EVERSON SILVA CARNEIRO,40000.0,Servviços de Seguranças,7000.0
2025,11,genilson-costa-e-silva.pdf,GENILSON COSTA E SILVA,39708.44,Consultoria e Assessoria Jurídica,15000.0
2025,11,genilson-costa-e-silva.pdf,GENILSON COSTA E SILVA,39708.44,Consultoria e Assessoria de Imprensa,9000.0
2025,11,genilson-costa-e-silva.pdf,GENILSON COSTA E SILVA,39708.44,Divulgação de Atividades,7500.0
2025,11,genilson-costa-e-silva.pdf,GENILSON COSTA E SILVA,39708.44,Serviços de Contabilidade,8000.0
2025,11,genilson-costa-e-silva.pdf,GENILSON COSTA E SILVA,39708.44,Telefone Fixo /Celular,208.44
2025,11,gildevaldo-da-luz-rocha.pdf,GILDEVALDO DA LUZ ROCHA,40000.0,Acesso à Internet,160.0
2025,11,gildevaldo-da-luz-rocha.pdf,GILDEVALDO DA LUZ ROCHA,40000.0,Consultoria e Assessoria de Imprensa,9000.0
2025,11,gildevaldo-da-luz-rocha.pdf,GILDEVALDO DA LUZ ROCHA,40000.0,Consultoria e Elaboraçaõ de Projetos,1300.0
2025,11,gildevaldo-da-luz-rocha.pdf,GILDEVALDO DA LUZ ROCHA,40000.0,Consultoria eAssessoria Jurídica,15000.0
2025,11,gildevaldo-da-luz-rocha.pdf,GILDEVALDO DA LUZ ROCHA,40000.0,Divulgação de Atividades,3000.0
2025,11,gildevaldo-da-luz-rocha.pdf,GILDEVALDO DA LUZ ROCHA,40000.0,Energia Eletrica ou Similar,609.02
2025,11,gildevaldo-da-luz-rocha.pdf,GILDEVALDO DA LUZ ROCHA,40000.0,Locação de Imóveis,3000.0
2025,11,gildevaldo-da-luz-rocha.pdf,GILDEVALDO DA LUZ ROCHA,40000.0,Serviço de Contabilidade,8000.0
2025,11,gildevaldo-da-luz-rocha.pdf,GILDEVALDO DA LUZ ROCHA,40000.0,Àgua e Esgoto,38.65
2025,11,jeusivania-pereira-nunes.pdf,JEUSIVANIA PEREIRA NUNES,39709.8,Consultoria e Assessoria Jurídica,15000.0
2025,11,jeusivania-pereira-nunes.pdf,JEUSIVANIA PEREIRA NUNES,39709.8,Consultoria e Assessoria de Imprensa,9000.0
2025,11,jeusivania-pereira-nunes.pdf,JEUSIVANIA PEREIRA NUNES,39709.8,Divulgação de Atividades,7500.0
2025,11,jeusivania-pereira-nunes.pdf,JEUSIVANIA PEREIRA NUNES,39709.8,Material de Consumo e Expediente,209.8
2025,11,jeusivania-pereira-nunes.pdf,JEUSIVANIA PEREIRA NUNES,39709.8,Serviços de Contabilidade,8000.0
2025,11,julio-cezar-medeiros-lima.pdf,JÚLIO CEZAR MEDEIROS LIMA,40000.0,Consultoria e Assessoria Jurídica,15000.0
2025,11,julio-cezar-medeiros-lima.pdf,JÚLIO CEZAR MEDEIROS LIMA,40000.0,Consultoria e Assessoria de Imprensa,9000.0
2025,11,julio-cezar-medeiros-lima.pdf,JÚLIO CEZAR MEDEIROS LIMA,40000.0,Consultoria e elaboração de projetos,3000.0
2025,11,julio-cezar-medeiros-lima.pdf,JÚLIO CEZAR MEDEIROS LIMA,40000.0,Divulgação de Atividades,5000.0
2025,11,julio-cezar-medeiros-lima.pdf,JÚLIO CEZAR MEDEIROS LIMA,40000.0,Serviços de Contabilidade,8000.0
2025,11,manoel-neves-de-macedo.pdf,MANOEL NEVES DE MACEDO,35500.0,Consultoria e Assessoria Jurídica,12000.0
2025,11,manoel-neves-de-macedo.pdf,MANOEL NEVES DE MACEDO,35500.0,Consultoria e Assessoria de Imprensa,8500.0
2025,11,manoel-neves-de-macedo.pdf,MANOEL NEVES DE MACEDO,35500.0,Consultoria e Elaboração de Projetos,7000.0
2025,11,manoel-neves-de-macedo.pdf,MANOEL NEVES DE MACEDO,35500.0,Locação de Equipamento,1000.0
2025,11,manoel-neves-de-macedo.pdf,MANOEL NEVES DE MACEDO,35500.0,Serviços de Contabilidade,7000.0
2025,11,marcelo-de-magalhaes-nunes.pdf,MARCELO DE MAGALHAES NUNES,40000.0,Consultoria e Assessoria Jurídica,15000.0
2025,11,marcelo-de-magalhaes-nunes.pdf,MARCELO DE MAGALHAES NUNES,40000.0,Consultoria e Assessoria de Imprensa,7000.0
2025,11,marcelo-de-magalhaes-nunes.pdf,MARCELO DE MAGALHAES NUNES,40000.0,Divulgação de Atividades,5000.0
2025,11,marcelo-de-magalhaes-nunes.pdf,MARCELO DE MAGALHAES NUNES,40000.0,Serviços Gráficos,5000.0
2025,11,marcelo-de-magalhaes-nunes.pdf,MARCELO DE MAGALHAES NUNES,40000.0,Serviços de Contabilidade,8000.0
2025,11,moacival-daniel-mangabeira.pdf,MOACIVAL DANIEL MANGABEIRA,40000.0,Consultoria e Assessoria Juridica,10500.0
2025,11,moacival-daniel-mangabeira.pdf,MOACIVAL DANIEL MANGABEIRA,40000.0,Consultoria e Assessoria de Imprensa,9000.0
2025,11,moacival-daniel-mangabeira.pdf,MOACIVAL DANIEL MANGABEIRA,40000.0,Consultoria e elaboralçao de projetos,3000.0
2025,11,moacival-daniel-mangabeira.pdf,MOACIVAL DANIEL MANGABEIRA,40000.0,Divulgação de atividades,7500.0
2025,11,moacival-daniel-mangabeira.pdf,MOACIVAL DANIEL MANGABEIRA,40000.0,Serviços Gráficos,5500.0
2025,11,moacival-daniel-mangabeira.pdf,MOACIVAL DANIEL MANGABEIRA,40000.0,Serviços de Contabilidade,4500.0
2025,11,roberto-conceicao-dos-santos-franco.pdf,ROBERTO CONCEIÇÃO DOS SANTOS FRANCO,40000.0,Consultoria Elaboraçaõ de Projetos,5500.0
2025,11,roberto-conceicao-dos-santos-franco.pdf,ROBERTO CONCEIÇÃO DOS SANTOS FRANCO,40000.0,Consultoria e Assessoria Jurídica,15000.0
2025,11,roberto-conceicao-dos-santos-franco.pdf,ROBERTO CONCEIÇÃO DOS SANTOS FRANCO,40000.0,Consultoria e Assessoria de Imprensa,9000.0
2025,11,roberto-conceicao-dos-santos-franco.pdf,ROBERTO CONCEIÇÃO DOS SANTOS FRANCO,40000.0,Divulgaçõ de Atividades,7500.0
2025,11,roberto-conceicao-dos-santos-franco.pdf,ROBERTO CONCEIÇÃO DOS SANTOS FRANCO,40000.0,Serviços de Contabilidade,8000.0
2025,11,thiago-cezar-reis-pereira.pdf,THIAGO CEZAR REIS PEREIRA,39000.0,Consultoria e Assessoria Juridica,15000.0
2025,11,thiago-cezar-reis-pereira.pdf,THIAGO CEZAR REIS PEREIRA,39000.0,Consultoria e Assessoria de Imprensa,9000.0
2025,11,thiago-cezar-reis-pereira.pdf,THIAGO CEZAR REIS PEREIRA,39000.0,Consultoria e Elaboração de Projetos,7000.0
2025,11,thiago-cezar-reis-pereira.pdf,THIAGO CEZAR REIS PEREIRA,39000.0,Serviços de Contabilidade,8000.0
2025,11,thiago-coelho-fogaca.pdf,THIAGO COELHO FOGAÇA,39974.68,Consultoria e Assessoria Jurídica,15000.0
2025,11,thiago-coelho-fogaca.pdf,THIAGO COELHO FOGAÇA,39974.68,Consultoria e Assessoria de Imprensa,9000.0
2025,11,thiago-coelho-fogaca.pdf,THIAGO COELHO FOGAÇA,39974.68,Consultoria e Elaboração de projetos,5050.0
2025,11,thiago-coelho-fogaca.pdf,THIAGO COELHO FOGAÇA,39974.68,Divulgação de Atividades,7500.0
2025,11,thiago-coelho-fogaca.pdf,THIAGO COELHO FOGAÇA,39974.68,Locação de Imóveis,3424.68
2025,11,thiago-duarte-saraiva.pdf,THIAGO DUARTE SARAIVA,39236.84,Consultoria e Assessoria Juridica,15000.0
2025,11,thiago-duarte-saraiva.pdf,THIAGO DUARTE SARAIVA,39236.84,Consultoria e Assessoria de Imprensa,9000.0
2025,11,thiago-duarte-saraiva.pdf,THIAGO DUARTE SARAIVA,39236.84,Consultoria e Elaboração de Projetos,7000.0
2025,11,thiago-duarte-saraiva.pdf,THIAGO DUARTE SARAIVA,39236.84,Divulgação de Atividades,4000.0
2025,11,thiago-duarte-saraiva.pdf,THIAGO DUARTE SARAIVA,39236.84,Material de Consumo Expediente,236.84
2025,11,thiago-duarte-saraiva.pdf,THIAGO DUARTE SARAIVA,39236.84,Serviços de Contabilidade,8000.0
2025,11,walkiria-ribeiro-dos-reis.pdf,WALKIRIA RIBEIRO DOS REIS,39800.0,Consultoria Jurídica,15000.0
2025,11,walkiria-ribeiro-dos-reis.pdf,WALKIRIA RIBEIRO DOS REIS,39800.0,Consultoria e elaboração de projetos,6000.0
2025,11,walkiria-ribeiro-dos-reis.pdf,WALKIRIA RIBEIRO DOS REIS,39800.0,Divulgaçaõ de Atividades,6000.0
2025,11,walkiria-ribeiro-dos-reis.pdf,WALKIRIA RIBEIRO DOS REIS,39800.0,Serviços Gráficos,4900.0
2025,11,walkiria-ribeiro-dos-reis.pdf,WALKIRIA RIBEIRO DOS REIS,39800.0,Serviços de Contabilidade,8000.0
2025,11,italo-otavio-teixeira-pinto.pdf,ÍTALO OTÁVIO TEIXEIRA PINTO,40000.0,Consultoria e Assessoria Jurídica,13000.0
2025,11,italo-otavio-teixeira-pinto.pdf,ÍTALO OTÁVIO TEIXEIRA PINTO,40000.0,Consultoria e Assessoria de Imprensa,8000.0
2025,11,italo-otavio-teixeira-pinto.pdf,ÍTALO OTÁVIO TEIXEIRA PINTO,40000.0,Divulgação de Atividades em Geral,7000.0
2025,11,italo-otavio-teixeira-pinto.pdf,ÍTALO OTÁVIO TEIXEIRA PINTO,40000.0,Serviços Gráficos,5000.0
2025,11,italo-otavio-teixeira-pinto.pdf,ÍTALO OTÁVIO TEIXEIRA PINTO,40000.0,Serviços de Contabilidade,7000.0
2025,12,aderval-da-rocha-ferreira-filho.pdf,ADERVAL DA ROCHA FERREIRA FILHO,39500.0,Consultoria e Assessoria Jurídica,15000.0
2025,12,aderval-da-rocha-ferreira-filho.pdf,ADERVAL DA ROCHA FERREIRA FILHO,39500.0,Consultoria e Assessoria de Imprensa,9000.0
2025,12,aderval-da-rocha-ferreira-filho.pdf,ADERVAL DA ROCHA FERREIRA FILHO,39500.0,Divulgação de Atividades,7500.0
2025,12,aderval-da-rocha-ferreira-filho.pdf,ADERVAL DA ROCHA FERREIRA FILHO,39500.0,Serviços de Contabilidade,8000.0
2025,12,adjalma-goncalves.pdf,ADJALMA GONÇALVES,40000.0,Consultoria e Assessoria Jurídica,15000.0
2025,12,adjalma-goncalves.pdf,ADJALMA GONÇALVES,40000.0,Consultoria e Assessoria de Imprensa,8000.0
2025,12,adjalma-goncalves.pdf,ADJALMA GONÇALVES,40000.0,Divulgação em Geral,5000.0
2025,12,adjalma-goncalves.pdf,ADJALMA GONÇALVES,40000.0,Pesquisas Sócio Economica,5000.0
2025,12,adjalma-goncalves.pdf,ADJALMA GONÇALVES,40000.0,Serviços de Contabilidade,7000.0
2025,12,adnan-wadson-de-lima.pdf,ADNAN WADSON DE LIMA,39630.58,Consultoria e Assessoria Jurídica,15000.0
2025,12,adnan-wadson-de-lima.pdf,ADNAN WADSON DE LIMA,39630.58,Consultoria e Assessoria de Imprensa,6000.0
2025,12,adnan-wadson-de-lima.pdf,ADNAN WADSON DE LIMA,39630.58,Divulgação de Atividades em Geral,7000.0
2025,12,adnan-wadson-de-lima.pdf,ADNAN WADSON DE LIMA,39630.58,Locaçaõ de Imóveis,3000.0
2025,12,adnan-wadson-de-lima.pdf,ADNAN WADSON DE LIMA,39630.58,Material de Consumo e Expediente,1130.58
2025,12,adnan-wadson-de-lima.pdf,ADNAN WADSON DE LIMA,39630.58,Serviços Gráficos,500.0
2025,12,adnan-wadson-de-lima.pdf,ADNAN WADSON DE LIMA,39630.58,Serviços de Contabilidade,7000.0
2025,12,aline-maria-de-menezes-rezende-chagas.pdf,ALINE MARIA DE MENEZES REZENDE CHAGAS,40000.0,Consultoria e Assessoria Jurídica,10000.0
2025,12,aline-maria-de-menezes-rezende-chagas.pdf,ALINE MARIA DE MENEZES REZENDE CHAGAS,40000.0,Consultoria e Assessoria de Imprensa,9000.0
2025,12,aline-maria-de-menezes-rezende-chagas.pdf,ALINE MARIA DE MENEZES REZENDE CHAGAS,40000.0,Divulgação de Atividades,7500.0
2025,12,aline-maria-de-menezes-rezende-chagas.pdf,ALINE MARIA DE MENEZES REZENDE CHAGAS,40000.0,Serviços Gráficos,5500.0
2025,12,aline-maria-de-menezes-rezende-chagas.pdf,ALINE MARIA DE MENEZES REZENDE CHAGAS,40000.0,Serviços de Contabilidade,8000.0
2025,12,anne-caroliny-dantas-pereira.pdf,ANNE CAROLINY DANTAS PEREIRA,39300.0,Consultoria e Assessoria Jurídica,15000.0
2025,12,anne-caroliny-dantas-pereira.pdf,ANNE CAROLINY DANTAS PEREIRA,39300.0,Consultoria e Assessoria de Imprensa,9000.0
2025,12,anne-caroliny-dantas-pereira.pdf,ANNE CAROLINY DANTAS PEREIRA,39300.0,Consultoria e Elaboração de Projetos,6300.0
2025,12,anne-caroliny-dantas-pereira.pdf,ANNE CAROLINY DANTAS PEREIRA,39300.0,Divulgação de Atividades,6500.0
2025,12,anne-caroliny-dantas-pereira.pdf,ANNE CAROLINY DANTAS PEREIRA,39300.0,Serviços de Contabilidade,2500.0
2025,12,antonio-orestes-de-aguiar.pdf,ANTONIO ORESTES DE AGUIAR,39500.0,Consultoria e Assessoria Jurídica,15000.0
2025,12,antonio-orestes-de-aguiar.pdf,ANTONIO ORESTES DE AGUIAR,39500.0,Consultoria e Assessoria de Imprensa,9000.0
2025,12,antonio-orestes-de-aguiar.pdf,ANTONIO ORESTES DE AGUIAR,39500.0,Divulgação de Atividades Geral,7500.0
2025,12,antonio-orestes-de-aguiar.pdf,ANTONIO ORESTES DE AGUIAR,39500.0,Serviços de Contabilidade,8000.0
2025,12,bruno-perez-de-sales.pdf,BRUNO PEREZ DE SALES,40000.0,Consultoria e Assessoria Jurídica,14000.0
2025,12,bruno-perez-de-sales.pdf,BRUNO PEREZ DE SALES,40000.0,Consultoria e Assessoria de Imprensa,9000.0
2025,12,bruno-perez-de-sales.pdf,BRUNO PEREZ DE SALES,40000.0,Consultoria e Elaboração de Projetos,7000.0
2025,12,bruno-perez-de-sales.pdf,BRUNO PEREZ DE SALES,40000.0,Serviço Gráfico,5000.0
2025,12,bruno-perez-de-sales.pdf,BRUNO PEREZ DE SALES,40000.0,Serviços de Contabilidade,5000.0
2025,12,babara-ribeiro-falcao.pdf,BÁBARA RIBEIRO FALCÃO,40000.0,Consultoria e Assessoria Jurídica,10000.0
2025,12,babara-ribeiro-falcao.pdf,BÁBARA RIBEIRO FALCÃO,40000.0,Consultoria e Assessoria de Imprensa,9000.0
2025,12,babara-ribeiro-falcao.pdf,BÁBARA RIBEIRO FALCÃO,40000.0,Divulgaçaõ de Atividades,7500.0
2025,12,babara-ribeiro-falcao.pdf,BÁBARA RIBEIRO FALCÃO,40000.0,Pesquisas SócioEconômicas,7000.0
2025,12,babara-ribeiro-falcao.pdf,BÁBARA RIBEIRO FALCÃO,40000.0,Serviços de Contabilidade,8000.0
2025,12,carla-demetrio-martins-matos-messias.pdf,CARLA DEMÉTRIO MARTINS MATOS MESSIAS,39220.48,Acesso a Internet,599.8
2025,12,carla-demetrio-martins-matos-messias.pdf,CARLA DEMÉTRIO MARTINS MATOS MESSIAS,39220.48,Consultoria e Assessoria de Imprensa,5500.0
2025,12,carla-demetrio-martins-matos-messias.pdf,CARLA DEMÉTRIO MARTINS MATOS MESSIAS,39220.48,Divulgação de Atividades,5500.0
2025,12,carla-demetrio-martins-matos-messias.pdf,CARLA DEMÉTRIO MARTINS MATOS MESSIAS,39220.48,Energia Eletrica ou Similar,320.68
2025,12,carla-demetrio-martins-matos-messias.pdf,CARLA DEMÉTRIO MARTINS MATOS MESSIAS,39220.48,Locação de Imóveis,2800.0
2025,12,carla-demetrio-martins-matos-messias.pdf,CARLA DEMÉTRIO MARTINS MATOS MESSIAS,39220.48,Locação ou Aquisição de Software,1500.0
2025,12,carla-demetrio-martins-matos-messias.pdf,CARLA DEMÉTRIO MARTINS MATOS MESSIAS,39220.48,Serviços de Contabilidade,8000.0
2025,12,deyvid-everson-silva-carneiro.pdf,DEYVID EVERSON SILVA CARNEIRO,40000.0,Consultoria Jurídica,15000.0
2025,12,deyvid-everson-silva-carneiro.pdf,DEYVID EVERSON SILVA CARNEIRO,40000.0,Consultoria e Assessoria de Imprensa,9000.0
2025,12,deyvid-everson-silva-carneiro.pdf,DEYVID EVERSON SILVA CARNEIRO,40000.0,Consultoria e elaboração de Projetos,7000.0
2025,12,deyvid-everson-silva-carneiro.pdf,DEYVID EVERSON SILVA CARNEIRO,40000.0,Serviços de Contabilidade,2000.0
2025,12,deyvid-everson-silva-carneiro.pdf,DEYVID EVERSON SILVA CARNEIRO,40000.0,Servviços de Seguranças,7000.0
2025,12,genilson-costa-e-silva.pdf,GENILSON COSTA E SILVA,39708.44,Consultoria e Assessoria Jurídica,15000.0
2025,12,genilson-costa-e-silva.pdf,GENILSON COSTA E SILVA,39708.44,Consultoria e Assessoria de Imprensa,9000.0
2025,12,genilson-costa-e-silva.pdf,GENILSON COSTA E SILVA,39708.44,Divulgação de Atividades,7500.0
2025,12,genilson-costa-e-silva.pdf,GENILSON COSTA E SILVA,39708.44,Serviços de Contabilidade,8000.0
2025,12,genilson-costa-e-silva.pdf,GENILSON COSTA E SILVA,39708.44,Telefone Fixo /Celular,208.44
2025,12,gildevaldo-da-luz-rocha.pdf,GILDEVALDO DA LUZ ROCHA,40000.0,Consultoria e Assessoria de Imprensa,9000.0
2025,12,gildevaldo-da-luz-rocha.pdf,GILDEVALDO DA LUZ ROCHA,40000.0,Consultoria e Elaboraçaõ de Projetos,1300.0
2025,12,gildevaldo-da-luz-rocha.pdf,GILDEVALDO DA LUZ ROCHA,40000.0,Consultoria eAssessoria Jurídica,15000.0
2025,12,gildevaldo-da-luz-rocha.pdf,GILDEVALDO DA LUZ ROCHA,40000.0,Divulgação de Atividades,3000.0
2025,12,gildevaldo-da-luz-rocha.pdf,GILDEVALDO DA LUZ ROCHA,40000.0,Energia Eletrica ou Similar,683.5
2025,12,gildevaldo-da-luz-rocha.pdf,GILDEVALDO DA LUZ ROCHA,40000.0,Locação de Imóveis,3000.0
2025,12,gildevaldo-da-luz-rocha.pdf,GILDEVALDO DA LUZ ROCHA,40000.0,Serviço de Contabilidade,8000.0
2025,12,gildevaldo-da-luz-rocha.pdf,GILDEVALDO DA LUZ ROCHA,40000.0,Àgua e Esgoto,38.65
2025,12,jeusivania-pereira-nunes.pdf,JEUSIVANIA PEREIRA NUNES,40000.0,Consultoria e Assessoria Jurídica,15000.0
2025,12,jeusivania-pereira-nunes.pdf,JEUSIVANIA PEREIRA NUNES,40000.0,Consultoria e Assessoria de Imprensa,9000.0
2025,12,jeusivania-pereira-nunes.pdf,JEUSIVANIA PEREIRA NUNES,40000.0,Divulgação de Atividades,7500.0
2025,12,jeusivania-pereira-nunes.pdf,JEUSIVANIA PEREIRA NUNES,40000.0,Material de Consumo e Expediente,305.0
2025,12,jeusivania-pereira-nunes.pdf,JEUSIVANIA PEREIRA NUNES,40000.0,Serviços de Contabilidade,8000.0
2025,12,jeusivania-pereira-nunes.pdf,JEUSIVANIA PEREIRA NUNES,40000.0,Suprimento de Informática,195.0
2025,12,julio-cezar-medeiros-lima.pdf,JÚLIO CEZAR MEDEIROS LIMA,40000.0,Consultoria e Assessoria Jurídica,15000.0
2025,12,julio-cezar-medeiros-lima.pdf,JÚLIO CEZAR MEDEIROS LIMA,40000.0,Consultoria e Assessoria de Imprensa,9000.0
2025,12,julio-cezar-medeiros-lima.pdf,JÚLIO CEZAR MEDEIROS LIMA,40000.0,Consultoria e elaboração de projetos,3000.0
2025,12,julio-cezar-medeiros-lima.pdf,JÚLIO CEZAR MEDEIROS LIMA,40000.0,Divulgação de Atividades,5000.0
2025,12,julio-cezar-medeiros-lima.pdf,JÚLIO CEZAR MEDEIROS LIMA,40000.0,Serviços de Contabilidade,8000.0
2025,12,manoel-neves-de-macedo.pdf,MANOEL NEVES DE MACEDO,38995.0,Consultoria e Assessoria Jurídica,12000.0
2025,12,manoel-neves-de-macedo.pdf,MANOEL NEVES DE MACEDO,38995.0,Consultoria e Assessoria de Imprensa,8500.0
2025,12,manoel-neves-de-macedo.pdf,MANOEL NEVES DE MACEDO,38995.0,Consultoria e Elaboração de Projetos,7000.0
2025,12,manoel-neves-de-macedo.pdf,MANOEL NEVES DE MACEDO,38995.0,Locação de Equipamento,1000.0
2025,12,manoel-neves-de-macedo.pdf,MANOEL NEVES DE MACEDO,38995.0,Serviços Gráficos,3495.0
2025,12,manoel-neves-de-macedo.pdf,MANOEL NEVES DE MACEDO,38995.0,Serviços de Contabilidade,7000.0
2025,12,marcelo-de-magalhaes-nunes.pdf,MARCELO DE MAGALHAES NUNES,40000.0,Consultoria e Assessoria Jurídica,15000.0
2025,12,marcelo-de-magalhaes-nunes.pdf,MARCELO DE MAGALHAES NUNES,40000.0,Consultoria e Assessoria de Imprensa,7000.0
2025,12,marcelo-de-magalhaes-nunes.pdf,MARCELO DE MAGALHAES NUNES,40000.0,Divulgação de Atividades,5000.0
2025,12,marcelo-de-magalhaes-nunes.pdf,MARCELO DE MAGALHAES NUNES,40000.0,Serviços Gráficos,5000.0
2025,12,marcelo-de-magalhaes-nunes.pdf,MARCELO DE MAGALHAES NUNES,40000.0,Serviços de Contabilidade,8000.0
2025,12,moacival-daniel-mangabeira.pdf,MOACIVAL DANIEL MANGABEIRA,40000.0,Consultoria e Assessoria Juridica,10500.0
2025,12,moacival-daniel-mangabeira.pdf,MOACIVAL DANIEL MANGABEIRA,40000.0,Consultoria e Assessoria de Imprensa,9000.0
2025,12,moacival-daniel-mangabeira.pdf,MOACIVAL DANIEL MANGABEIRA,40000.0,Consultoria e elaboralçao de projetos,3000.0
2025,12,moacival-daniel-mangabeira.pdf,MOACIVAL DANIEL MANGABEIRA,40000.0,Divulgação de atividades,7500.0
2025,12,moacival-daniel-mangabeira.pdf,MOACIVAL DANIEL MANGABEIRA,40000.0,Serviços Gráficos,5500.0
2025,12,moacival-daniel-mangabeira.pdf,MOACIVAL DANIEL MANGABEIRA,40000.0,Serviços de Contabilidade,4500.0
2025,12,roberto-conceicao-dos-santos-franco.pdf,ROBERTO CONCEIÇÃO DOS SANTOS FRANCO,40000.0,Consultoria Elaboraçaõ de Projetos,5500.0
2025,12,roberto-conceicao-dos-santos-franco.pdf,ROBERTO CONCEIÇÃO DOS SANTOS FRANCO,40000.0,Consultoria e Assessoria Jurídica,15000.0
2025,12,roberto-conceicao-dos-santos-franco.pdf,ROBERTO CONCEIÇÃO DOS SANTOS FRANCO,40000.0,Consultoria e Assessoria de Imprensa,9000.0
2025,12,roberto-conceicao-dos-santos-franco.pdf,ROBERTO CONCEIÇÃO DOS SANTOS FRANCO,40000.0,Divulgaçõ de Atividades,7500.0
2025,12,roberto-conceicao-dos-santos-franco.pdf,ROBERTO CONCEIÇÃO DOS SANTOS FRANCO,40000.0,Serviços de Contabilidade,8000.0
2025,12,thiago-cezar-reis-pereira.pdf,THIAGO CEZAR REIS PEREIRA,39000.0,Consultoria e Assessoria Juridica,15000.0
2025,12,thiago-cezar-reis-pereira.pdf,THIAGO CEZAR REIS PEREIRA,39000.0,Consultoria e Assessoria de Imprensa,9000.0
2025,12,thiago-cezar-reis-pereira.pdf,THIAGO CEZAR REIS PEREIRA,39000.0,Consultoria e Elaboração de Projetos,7000.0
2025,12,thiago-cezar-reis-pereira.pdf,THIAGO CEZAR REIS PEREIRA,39000.0,Serviços de Contabilidade,8000.0
2025,12,thiago-coelho-fogaca.pdf,THIAGO COELHO FOGAÇA,39974.68,Consultoria e Assessoria Jurídica,15000.0
2025,12,thiago-coelho-fogaca.pdf,THIAGO COELHO FOGAÇA,39974.68,Consultoria e Assessoria de Imprensa,9000.0
2025,12,thiago-coelho-fogaca.pdf,THIAGO COELHO FOGAÇA,39974.68,Consultoria e Elaboração de projetos,5050.0
2025,12,thiago-coelho-fogaca.pdf,THIAGO COELHO FOGAÇA,39974.68,Divulgação de Atividades,7500.0
2025,12,thiago-coelho-fogaca.pdf,THIAGO COELHO FOGAÇA,39974.68,Locação de Imóveis,3424.68
2025,12,thiago-duarte-saraiva.pdf,THIAGO DUARTE SARAIVA,39568.6,Consultoria e Assessoria Juridica,15000.0
2025,12,thiago-duarte-saraiva.pdf,THIAGO DUARTE SARAIVA,39568.6,Consultoria e Assessoria de Imprensa,9000.0
2025,12,thiago-duarte-saraiva.pdf,THIAGO DUARTE SARAIVA,39568.6,Consultoria e Elaboração de Projetos,7000.0
2025,12,thiago-duarte-saraiva.pdf,THIAGO DUARTE SARAIVA,39568.6,Divulgação de Atividades,4000.0
2025,12,thiago-duarte-saraiva.pdf,THIAGO DUARTE SARAIVA,39568.6,Material de Consumo Expediente,568.6
2025,12,thiago-duarte-saraiva.pdf,THIAGO DUARTE SARAIVA,39568.6,Serviços de Contabilidade,8000.0
2025,12,walkiria-ribeiro-dos-reis.pdf,WALKIRIA RIBEIRO DOS REIS,39800.0,Consultoria Jurídica,15000.0
2025,12,walkiria-ribeiro-dos-reis.pdf,WALKIRIA RIBEIRO DOS REIS,39800.0,Consultoria e elaboração de projetos,6000.0
2025,12,walkiria-ribeiro-dos-reis.pdf,WALKIRIA RIBEIRO DOS REIS,39800.0,Divulgaçaõ de Atividades,6000.0
2025,12,walkiria-ribeiro-dos-reis.pdf,WALKIRIA RIBEIRO DOS REIS,39800.0,Serviços Gráficos,4700.0
2025,12,walkiria-ribeiro-dos-reis.pdf,WALKIRIA RIBEIRO DOS REIS,39800.0,Serviços de Contabilidade,8000.0
2025,12,italo-otavio-teixeira-pinto.pdf,ÍTALO OTÁVIO TEIXEIRA PINTO,40000.0,Consultoria e Assessoria Jurídica,13000.0
2025,12,italo-otavio-teixeira-pinto.pdf,ÍTALO OTÁVIO TEIXEIRA PINTO,40000.0,Consultoria e Assessoria de Imprensa,8000.0
2025,12,italo-otavio-teixeira-pinto.pdf,ÍTALO OTÁVIO TEIXEIRA PINTO,40000.0,Divulgação de Atividades em Geral,7000.0
2025,12,italo-otavio-teixeira-pinto.pdf,ÍTALO OTÁVIO TEIXEIRA PINTO,40000.0,Serviços Gráficos,5000.0
2025,12,italo-otavio-teixeira-pinto.pdf,ÍTALO OTÁVIO TEIXEIRA PINTO,40000.0,Serviços de Contabilidade,7000.0
2026,1,aderval-da-rocha-ferreira-filho.pdf,ADERVAL DA ROCHA FERREIRA FILHO,39500.0,Consultoria e Assessoria Jurídica,15000.0
2026,1,aderval-da-rocha-ferreira-filho.pdf,ADERVAL DA ROCHA FERREIRA FILHO,39500.0,Consultoria e Assessoria de Imprensa,9000.0
2026,1,aderval-da-rocha-ferreira-filho.pdf,ADERVAL DA ROCHA FERREIRA FILHO,39500.0,Divulgação de Atividades,7500.0
2026,1,aderval-da-rocha-ferreira-filho.pdf,ADERVAL DA ROCHA FERREIRA FILHO,39500.0,Serviços de Contabilidade,8000.0
2026,1,adjalma-goncalves.pdf,ADJALMA GONÇALVES,39500.0,Consultoria e Assessoria Jurídica,15000.0
2026,1,adjalma-goncalves.pdf,ADJALMA GONÇALVES,39500.0,Consultoria e Assessoria de Imprensa,9000.0
2026,1,adjalma-goncalves.pdf,ADJALMA GONÇALVES,39500.0,Divulgação em Geral,7500.0
2026,1,adjalma-goncalves.pdf,ADJALMA GONÇALVES,39500.0,Serviços de Contabilidade,8000.0
2026,1,adnan-wadson-de-lima.pdf,ADNAN WADSON DE LIMA,40000.0,Ac3esso à Internet,149.9
2026,1,adnan-wadson-de-lima.pdf,ADNAN WADSON DE LIMA,40000.0,Consultoria e Assessoria Jurídica,15000.0
2026,1,adnan-wadson-de-lima.pdf,ADNAN WADSON DE LIMA,40000.0,Consultoria e Assessoria de Imprensa,6000.0
2026,1,adnan-wadson-de-lima.pdf,ADNAN WADSON DE LIMA,40000.0,Divulgação de Atividades em Geral,7000.0
2026,1,adnan-wadson-de-lima.pdf,ADNAN WADSON DE LIMA,40000.0,Locaçaõ de Imóveis,3000.0
2026,1,adnan-wadson-de-lima.pdf,ADNAN WADSON DE LIMA,40000.0,Material de Consumo e Expediente,1194.48
2026,1,adnan-wadson-de-lima.pdf,ADNAN WADSON DE LIMA,40000.0,Serviços Gráficos,500.0
2026,1,adnan-wadson-de-lima.pdf,ADNAN WADSON DE LIMA,40000.0,Serviços de Contabilidade,7000.0
2026,1,adnan-wadson-de-lima.pdf,ADNAN WADSON DE LIMA,40000.0,Suprimento DE Informática,260.0
2026,1,aline-maria-de-menezes-rezende-chagas.pdf,ALINE MARIA DE MENEZES REZENDE CHAGAS,40000.0,Consultoria e Assessoria Jurídica,10000.0
2026,1,aline-maria-de-menezes-rezende-chagas.pdf,ALINE MARIA DE MENEZES REZENDE CHAGAS,40000.0,Consultoria e Assessoria de Imprensa,9000.0
2026,1,aline-maria-de-menezes-rezende-chagas.pdf,ALINE MARIA DE MENEZES REZENDE CHAGAS,40000.0,Divulgação de Atividades,7500.0
2026,1,aline-maria-de-menezes-rezende-chagas.pdf,ALINE MARIA DE MENEZES REZENDE CHAGAS,40000.0,Serviços Gráficos,5500.0
2026,1,aline-maria-de-menezes-rezende-chagas.pdf,ALINE MARIA DE MENEZES REZENDE CHAGAS,40000.0,Serviços de Contabilidade,8000.0
2026,1,anne-caroliny-dantas-pereira.pdf,ANNE CAROLINY DANTAS PEREIRA,32000.0,Consultoria e Assessoria Jurídica,15000.0
2026,1,anne-caroliny-dantas-pereira.pdf,ANNE CAROLINY DANTAS PEREIRA,32000.0,Consultoria e Assessoria de Imprensa,9000.0
2026,1,anne-caroliny-dantas-pereira.pdf,ANNE CAROLINY DANTAS PEREIRA,32000.0,Serviços Gráficos,5500.0
2026,1,anne-caroliny-dantas-pereira.pdf,ANNE CAROLINY DANTAS PEREIRA,32000.0,Serviços de Contabilidade,2500.0
2026,1,antonio-orestes-de-aguiar.pdf,ANTONIO ORESTES DE AGUIAR,40000.0,Consultoria e Assessoria Jurídica,15000.0
2026,1,antonio-orestes-de-aguiar.pdf,ANTONIO ORESTES DE AGUIAR,40000.0,Consultoria e Assessoria de Imprensa,7000.0
2026,1,antonio-orestes-de-aguiar.pdf,ANTONIO ORESTES DE AGUIAR,40000.0,Divulgação de Atividades Geral,4000.0
2026,1,antonio-orestes-de-aguiar.pdf,ANTONIO ORESTES DE AGUIAR,40000.0,Locação de Imóveis,3300.0
2026,1,antonio-orestes-de-aguiar.pdf,ANTONIO ORESTES DE AGUIAR,40000.0,Serviços de Contabilidade,5200.0
2026,1,bruno-perez-de-sales.pdf,BRUNO PEREZ DE SALES,40000.0,Consultoria e Assessoria Jurídica,14000.0
2026,1,bruno-perez-de-sales.pdf,BRUNO PEREZ DE SALES,40000.0,Consultoria e Assessoria de Imprensa,9000.0
2026,1,bruno-perez-de-sales.pdf,BRUNO PEREZ DE SALES,40000.0,Divulgação em Geral,7000.0
2026,1,bruno-perez-de-sales.pdf,BRUNO PEREZ DE SALES,40000.0,Serviço Gráfico,5000.0
2026,1,bruno-perez-de-sales.pdf,BRUNO PEREZ DE SALES,40000.0,Serviços de Contabilidade,5000.0
2026,1,babara-ribeiro-falcao.pdf,BÁBARA RIBEIRO FALCÃO,40000.0,Consultoria e Assessoria Jurídica,10000.0
2026,1,babara-ribeiro-falcao.pdf,BÁBARA RIBEIRO FALCÃO,40000.0,Consultoria e Assessoria de Imprensa,9000.0
2026,1,babara-ribeiro-falcao.pdf,BÁBARA RIBEIRO FALCÃO,40000.0,Consultoria e Elaboração de Projetos,7500.0
2026,1,babara-ribeiro-falcao.pdf,BÁBARA RIBEIRO FALCÃO,40000.0,Pesquisas SócioEconômicas,7000.0
2026,1,babara-ribeiro-falcao.pdf,BÁBARA RIBEIRO FALCÃO,40000.0,Serviços de Contabilidade,8000.0
2026,1,carla-demetrio-martins-matos-messias.pdf,CARLA DEMÉTRIO MARTINS MATOS MESSIAS,39266.08,Acesso a Internet,599.8
2026,1,carla-demetrio-martins-matos-messias.pdf,CARLA DEMÉTRIO MARTINS MATOS MESSIAS,39266.08,Consultoria e Assessoria de Imprensa,5500.0
2026,1,carla-demetrio-martins-matos-messias.pdf,CARLA DEMÉTRIO MARTINS MATOS MESSIAS,39266.08,Divulgação de Atividades Geral,5500.0
2026,1,carla-demetrio-martins-matos-messias.pdf,CARLA DEMÉTRIO MARTINS MATOS MESSIAS,39266.08,Locação de Imóveis,2800.0
2026,1,carla-demetrio-martins-matos-messias.pdf,CARLA DEMÉTRIO MARTINS MATOS MESSIAS,39266.08,Locação ou Aquisição de Software,1500.0
2026,1,carla-demetrio-martins-matos-messias.pdf,CARLA DEMÉTRIO MARTINS MATOS MESSIAS,39266.08,Serviços de Contabilidade,8000.0
2026,1,deyvid-everson-silva-carneiro.pdf,DEYVID EVERSON SILVA CARNEIRO,40000.0,Consultoria Jurídica,15000.0
2026,1,deyvid-everson-silva-carneiro.pdf,DEYVID EVERSON SILVA CARNEIRO,40000.0,Consultoria e Assessoria de Imprensa,9000.0
2026,1,deyvid-everson-silva-carneiro.pdf,DEYVID EVERSON SILVA CARNEIRO,40000.0,Consultoria e elaboração de Projetos,7000.0
2026,1,deyvid-everson-silva-carneiro.pdf,DEYVID EVERSON SILVA CARNEIRO,40000.0,Divulgação de Atividades,7000.0
2026,1,deyvid-everson-silva-carneiro.pdf,DEYVID EVERSON SILVA CARNEIRO,40000.0,Serviços de Contabilidade,2000.0
2026,1,francisco-evangelista-dos-santos-de-araujo.pdf,FRANCISCO EVANGELISTA DOS SANTOS DE ARAUJO,,,0.0
2026,1,genilson-costa-e-silva.pdf,GENILSON COSTA E SILVA,39708.44,Consultoria e Assessoria Jurídica,15000.0
2026,1,genilson-costa-e-silva.pdf,GENILSON COSTA E SILVA,39708.44,Consultoria e Assessoria de Imprensa,9000.0
2026,1,genilson-costa-e-silva.pdf,GENILSON COSTA E SILVA,39708.44,Divulgação de Atividades,7500.0
2026,1,genilson-costa-e-silva.pdf,GENILSON COSTA E SILVA,39708.44,Serviços de Contabilidade,8000.0
2026,1,genilson-costa-e-silva.pdf,GENILSON COSTA E SILVA,39708.44,Telefone Fixo /Celular,208.44
2026,1,gildevaldo-da-luz-rocha.pdf,GILDEVALDO DA LUZ ROCHA,40000.0,Agua e Esgoto,38.65
2026,1,gildevaldo-da-luz-rocha.pdf,GILDEVALDO DA LUZ ROCHA,40000.0,Consultoria e Assessoria de Imprensa,9000.0
2026,1,gildevaldo-da-luz-rocha.pdf,GILDEVALDO DA LUZ ROCHA,40000.0,Consultoria eAssessoria Jurídica,15000.0
2026,1,gildevaldo-da-luz-rocha.pdf,GILDEVALDO DA LUZ ROCHA,40000.0,Divulgação de Atividades,5000.0
2026,1,gildevaldo-da-luz-rocha.pdf,GILDEVALDO DA LUZ ROCHA,40000.0,Energia Eletrica ou Similar,630.64
2026,1,gildevaldo-da-luz-rocha.pdf,GILDEVALDO DA LUZ ROCHA,40000.0,Locação de Imóveis,3650.0
2026,1,gildevaldo-da-luz-rocha.pdf,GILDEVALDO DA LUZ ROCHA,40000.0,Serviço de Contabilidade,8000.0
2026,1,jeusivania-pereira-nunes.pdf,JEUSIVANIA PEREIRA NUNES,40000.0,Consultoria e Assessoria Jurídica,15000.0
2026,1,jeusivania-pereira-nunes.pdf,JEUSIVANIA PEREIRA NUNES,40000.0,Consultoria e Assessoria de Imprensa,9000.0
2026,1,jeusivania-pereira-nunes.pdf,JEUSIVANIA PEREIRA NUNES,40000.0,Divulgação de Atividades,7500.0
2026,1,jeusivania-pereira-nunes.pdf,JEUSIVANIA PEREIRA NUNES,40000.0,Material de Consumo e Expediente,613.75
2026,1,jeusivania-pereira-nunes.pdf,JEUSIVANIA PEREIRA NUNES,40000.0,Serviços de Contabilidade,8000.0
2026,1,julio-cezar-medeiros-lima.pdf,JÚLIO CEZAR MEDEIROS LIMA,40000.0,Consultoria e Assessoria Jurídica,15000.0
2026,1,julio-cezar-medeiros-lima.pdf,JÚLIO CEZAR MEDEIROS LIMA,40000.0,Consultoria e Assessoria de Imprensa,9000.0
2026,1,julio-cezar-medeiros-lima.pdf,JÚLIO CEZAR MEDEIROS LIMA,40000.0,Consultoria e elaboração de projetos,3000.0
2026,1,julio-cezar-medeiros-lima.pdf,JÚLIO CEZAR MEDEIROS LIMA,40000.0,Divulgação de Atividades,5000.0
2026,1,julio-cezar-medeiros-lima.pdf,JÚLIO CEZAR MEDEIROS LIMA,40000.0,Serviços de Contabilidade,8000.0
2026,1,manoel-neves-de-macedo.pdf,MANOEL NEVES DE MACEDO,38676.0,Consultoria e Assessoria Jurídica,12000.0
2026,1,manoel-neves-de-macedo.pdf,MANOEL NEVES DE MACEDO,38676.0,Consultoria e Assessoria de Imprensa,8000.0
2026,1,manoel-neves-de-macedo.pdf,MANOEL NEVES DE MACEDO,38676.0,Consultoria e Elaboração de Projetos,7000.0
2026,1,manoel-neves-de-macedo.pdf,MANOEL NEVES DE MACEDO,38676.0,Locação ou Aquisição de Software,1000.0
2026,1,manoel-neves-de-macedo.pdf,MANOEL NEVES DE MACEDO,38676.0,Material de Consumo e Expediente,476.0
2026,1,manoel-neves-de-macedo.pdf,MANOEL NEVES DE MACEDO,38676.0,Serviços Gráfico,3200.0
2026,1,manoel-neves-de-macedo.pdf,MANOEL NEVES DE MACEDO,38676.0,Serviços de Contabilidade,7000.0
2026,1,marcelo-de-magalhaes-nunes.pdf,MARCELO DE MAGALHAES NUNES,40000.0,Consultoria e Assessoria Jurídica,15000.0
2026,1,marcelo-de-magalhaes-nunes.pdf,MARCELO DE MAGALHAES NUNES,40000.0,Consultoria e Assessoria de Imprensa,7000.0
2026,1,marcelo-de-magalhaes-nunes.pdf,MARCELO DE MAGALHAES NUNES,40000.0,Divulgação de Atividades,5000.0
2026,1,marcelo-de-magalhaes-nunes.pdf,MARCELO DE MAGALHAES NUNES,40000.0,Serviços Gráficos,5000.0
2026,1,marcelo-de-magalhaes-nunes.pdf,MARCELO DE MAGALHAES NUNES,40000.0,Serviços de Contabilidade,8000.0
2026,1,moacival-daniel-mangabeira.pdf,MOACIVAL DANIEL MANGABEIRA,40000.0,Consultoria e Assessoria Juridica,10500.0
2026,1,moacival-daniel-mangabeira.pdf,MOACIVAL DANIEL MANGABEIRA,40000.0,Consultoria e Assessoria de Imprensa,9000.0
2026,1,moacival-daniel-mangabeira.pdf,MOACIVAL DANIEL MANGABEIRA,40000.0,Consultoria e elaboralçao de projetos,3000.0
2026,1,moacival-daniel-mangabeira.pdf,MOACIVAL DANIEL MANGABEIRA,40000.0,Divulgação de atividades,7000.0
2026,1,moacival-daniel-mangabeira.pdf,MOACIVAL DANIEL MANGABEIRA,40000.0,Serviços Gráficos,5500.0
2026,1,moacival-daniel-mangabeira.pdf,MOACIVAL DANIEL MANGABEIRA,40000.0,Serviços de Contabilidade,5000.0
2026,1,roberto-conceicao-dos-santos-franco.pdf,ROBERTO CONCEIÇÃO DOS SANTOS FRANCO,40000.0,Consultoria Elaboraçaõ de Projetos,5500.0
2026,1,roberto-conceicao-dos-santos-franco.pdf,ROBERTO CONCEIÇÃO DOS SANTOS FRANCO,40000.0,Consultoria e Assessoria Jurídica,15000.0
2026,1,roberto-conceicao-dos-santos-franco.pdf,ROBERTO CONCEIÇÃO DOS SANTOS FRANCO,40000.0,Consultoria e Assessoria de Imprensa,9000.0
2026,1,roberto-conceicao-dos-santos-franco.pdf,ROBERTO CONCEIÇÃO DOS SANTOS FRANCO,40000.0,Divulgaçõ de Atividades,7500.0
2026,1,roberto-conceicao-dos-santos-franco.pdf,ROBERTO CONCEIÇÃO DOS SANTOS FRANCO,40000.0,Serviços de Contabilidade,8000.0
2026,1,roberto-conceicao-dos-santos-franco.pdf,ROBERTO CONCEIÇÃO DOS SANTOS FRANCO,40000.0,Suprimento de Informatica,550.0
2026,1,thiago-cezar-reis-pereira.pdf,THIAGO CEZAR REIS PEREIRA,39000.0,Consultoria e Assessoria Juridica,15000.0
2026,1,thiago-cezar-reis-pereira.pdf,THIAGO CEZAR REIS PEREIRA,39000.0,Consultoria e Assessoria de Imprensa,9000.0
2026,1,thiago-cezar-reis-pereira.pdf,THIAGO CEZAR REIS PEREIRA,39000.0,Consultoria e Elaboração de Projetos,7000.0
2026,1,thiago-cezar-reis-pereira.pdf,THIAGO CEZAR REIS PEREIRA,39000.0,Serviços de Contabilidade,8000.0
2026,1,thiago-coelho-fogaca.pdf,THIAGO COELHO FOGAÇA,39974.68,Consultoria e Assessoria Jurídica,15000.0
2026,1,thiago-coelho-fogaca.pdf,THIAGO COELHO FOGAÇA,39974.68,Consultoria e Assessoria de Imprensa,9000.0
2026,1,thiago-coelho-fogaca.pdf,THIAGO COELHO FOGAÇA,39974.68,Consultoria e Elaboração de projetos,5050.0
2026,1,thiago-coelho-fogaca.pdf,THIAGO COELHO FOGAÇA,39974.68,Divulgação de Atividades,7500.0
2026,1,thiago-coelho-fogaca.pdf,THIAGO COELHO FOGAÇA,39974.68,Locação de Imóveis,3424.68
2026,1,thiago-duarte-saraiva.pdf,THIAGO DUARTE SARAIVA,39705.79,Consultoria e Assessoria Juridica,15000.0
2026,1,thiago-duarte-saraiva.pdf,THIAGO DUARTE SARAIVA,39705.79,Consultoria e Assessoria de Imprensa,9000.0
2026,1,thiago-duarte-saraiva.pdf,THIAGO DUARTE SARAIVA,39705.79,Consultoria e Elaboração de Projetos,7000.0
2026,1,thiago-duarte-saraiva.pdf,THIAGO DUARTE SARAIVA,39705.79,Divulgação de Atividades,4000.0
2026,1,thiago-duarte-saraiva.pdf,THIAGO DUARTE SARAIVA,39705.79,Material de Consumo Expediente,705.79
2026,1,thiago-duarte-saraiva.pdf,THIAGO DUARTE SARAIVA,39705.79,Serviços de Contabilidade,8000.0
2026,1,walkiria-ribeiro-dos-reis.pdf,WALKIRIA RIBEIRO DOS REIS,24800.0,Consultoria e elaboração de projetos,6000.0
2026,1,walkiria-ribeiro-dos-reis.pdf,WALKIRIA RIBEIRO DOS REIS,24800.0,Divulgaçaõ de Atividades,6000.0
2026,1,walkiria-ribeiro-dos-reis.pdf,WALKIRIA RIBEIRO DOS REIS,24800.0,Serviços Gráficos,4800.0
2026,1,walkiria-ribeiro-dos-reis.pdf,WALKIRIA RIBEIRO DOS REIS,24800.0,Serviços de Contabilidade,8000.0
2026,1,italo-otavio-teixeira-pinto.pdf,ÍTALO OTÁVIO TEIXEIRA PINTO,40000.0,Consultoria e Assessoria Jurídica,13000.0
2026,1,italo-otavio-teixeira-pinto.pdf,ÍTALO OTÁVIO TEIXEIRA PINTO,40000.0,Consultoria e Assessoria de Imprensa,8000.0
2026,1,italo-otavio-teixeira-pinto.pdf,ÍTALO OTÁVIO TEIXEIRA PINTO,40000.0,Divulgação de Atividades em Geral,7000.0
2026,1,italo-otavio-teixeira-pinto.pdf,ÍTALO OTÁVIO TEIXEIRA PINTO,40000.0,Serviços Gráficos,5000.0
2026,1,italo-otavio-teixeira-pinto.pdf,ÍTALO OTÁVIO TEIXEIRA PINTO,40000.0,Serviços de Contabilidade,7000.0
2026,2,aderval-da-rocha-ferreira-filho.pdf,ADERVAL DA ROCHA FERREIRA FILHO,39500.0,Consultoria e Assessoria Jurídica,15000.0
2026,2,aderval-da-rocha-ferreira-filho.pdf,ADERVAL DA ROCHA FERREIRA FILHO,39500.0,Consultoria e Assessoria de Imprensa,9000.0
2026,2,aderval-da-rocha-ferreira-filho.pdf,ADERVAL DA ROCHA FERREIRA FILHO,39500.0,Divulgação de Atividades,7500.0
2026,2,aderval-da-rocha-ferreira-filho.pdf,ADERVAL DA ROCHA FERREIRA FILHO,39500.0,Serviços de Contabilidade,8000.0
2026,2,adjalma-goncalves.pdf,ADJALMA GONÇALVES,39500.0,Consultoria e Assessoria Jurídica,15000.0
2026,2,adjalma-goncalves.pdf,ADJALMA GONÇALVES,39500.0,Consultoria e Assessoria de Imprensa,9000.0
2026,2,adjalma-goncalves.pdf,ADJALMA GONÇALVES,39500.0,Divulgação em Geral,7500.0
2026,2,adjalma-goncalves.pdf,ADJALMA GONÇALVES,39500.0,Serviços de Contabilidade,8000.0
2026,2,adnan-wadson-de-lima.pdf,ADNAN WADSON DE LIMA,39534.04,Consultoria e Assessoria Jurídica,15000.0
2026,2,adnan-wadson-de-lima.pdf,ADNAN WADSON DE LIMA,39534.04,Consultoria e Assessoria de Imprensa,6000.0
2026,2,adnan-wadson-de-lima.pdf,ADNAN WADSON DE LIMA,39534.04,Divulgação de Atividades em Geral,7000.0
2026,2,adnan-wadson-de-lima.pdf,ADNAN WADSON DE LIMA,39534.04,Locaçaõ de Imóveis,3000.0
2026,2,adnan-wadson-de-lima.pdf,ADNAN WADSON DE LIMA,39534.04,Material de Consumo e Expediente,1034.04
2026,2,adnan-wadson-de-lima.pdf,ADNAN WADSON DE LIMA,39534.04,Serviços Gráficos,500.0
2026,2,adnan-wadson-de-lima.pdf,ADNAN WADSON DE LIMA,39534.04,Serviços de Contabilidade,7000.0
2026,2,aline-maria-de-menezes-rezende-chagas.pdf,ALINE MARIA DE MENEZES REZENDE CHAGAS,40000.0,Consultoria e Assessoria Jurídica,10000.0
2026,2,aline-maria-de-menezes-rezende-chagas.pdf,ALINE MARIA DE MENEZES REZENDE CHAGAS,40000.0,Consultoria e Assessoria de Imprensa,9000.0
2026,2,aline-maria-de-menezes-rezende-chagas.pdf,ALINE MARIA DE MENEZES REZENDE CHAGAS,40000.0,Divulgação de Atividades,7500.0
2026,2,aline-maria-de-menezes-rezende-chagas.pdf,ALINE MARIA DE MENEZES REZENDE CHAGAS,40000.0,Serviços Gráficos,5500.0
2026,2,aline-maria-de-menezes-rezende-chagas.pdf,ALINE MARIA DE MENEZES REZENDE CHAGAS,40000.0,Serviços de Contabilidade,8000.0
2026,2,anne-caroliny-dantas-pereira.pdf,ANNE CAROLINY DANTAS PEREIRA,37350.0,Consultoria e Assessoria Jurídica,15000.0
2026,2,anne-caroliny-dantas-pereira.pdf,ANNE CAROLINY DANTAS PEREIRA,37350.0,Consultoria e Assessoria de Imprensa,9000.0
2026,2,anne-caroliny-dantas-pereira.pdf,ANNE CAROLINY DANTAS PEREIRA,37350.0,Serviços Gráficos,5350.0
2026,2,anne-caroliny-dantas-pereira.pdf,ANNE CAROLINY DANTAS PEREIRA,37350.0,Serviços de Contabilidade,8000.0
2026,2,antonio-orestes-de-aguiar.pdf,ANTONIO ORESTES DE AGUIAR,39500.0,Consultoria e Assessoria Jurídica,15000.0
2026,2,antonio-orestes-de-aguiar.pdf,ANTONIO ORESTES DE AGUIAR,39500.0,Consultoria e Assessoria de Imprensa,9000.0
2026,2,antonio-orestes-de-aguiar.pdf,ANTONIO ORESTES DE AGUIAR,39500.0,Divulgação de Atividades Geral,7500.0
2026,2,antonio-orestes-de-aguiar.pdf,ANTONIO ORESTES DE AGUIAR,39500.0,Serviços de Contabilidade,8000.0
2026,2,bruno-perez-de-sales.pdf,BRUNO PEREZ DE SALES,40000.0,Consultoria e Assessoria Jurídica,14000.0
2026,2,bruno-perez-de-sales.pdf,BRUNO PEREZ DE SALES,40000.0,Consultoria e Assessoria de Imprensa,9000.0
2026,2,bruno-perez-de-sales.pdf,BRUNO PEREZ DE SALES,40000.0,Divulgação em Geral,7000.0
2026,2,bruno-perez-de-sales.pdf,BRUNO PEREZ DE SALES,40000.0,Serviço Gráfico,5000.0
2026,2,bruno-perez-de-sales.pdf,BRUNO PEREZ DE SALES,40000.0,Serviços de Contabilidade,5000.0
2026,2,babara-ribeiro-falcao.pdf,BÁBARA RIBEIRO FALCÃO,40000.0,Consultoria e Assessoria Jurídica,10000.0
2026,2,babara-ribeiro-falcao.pdf,BÁBARA RIBEIRO FALCÃO,40000.0,Consultoria e Assessoria de Imprensa,9000.0
2026,2,babara-ribeiro-falcao.pdf,BÁBARA RIBEIRO FALCÃO,40000.0,Consultoria e Elaboração de Projetos,7500.0
2026,2,babara-ribeiro-falcao.pdf,BÁBARA RIBEIRO FALCÃO,40000.0,Pesquisas SócioEconômicas,6000.0
2026,2,babara-ribeiro-falcao.pdf,BÁBARA RIBEIRO FALCÃO,40000.0,Serviços de Contabilidade,8000.0
2026,2,carla-demetrio-martins-matos-messias.pdf,CARLA DEMÉTRIO MARTINS MATOS MESSIAS,39330.4,Acesso a Internet,599.8
2026,2,carla-demetrio-martins-matos-messias.pdf,CARLA DEMÉTRIO MARTINS MATOS MESSIAS,39330.4,Consultoria e Assessoria de Imprensa,5500.0
2026,2,carla-demetrio-martins-matos-messias.pdf,CARLA DEMÉTRIO MARTINS MATOS MESSIAS,39330.4,Divulgação de Atividades Geral,5500.0
2026,2,carla-demetrio-martins-matos-messias.pdf,CARLA DEMÉTRIO MARTINS MATOS MESSIAS,39330.4,Energia Elétrica ou Similar,127.69
2026,2,carla-demetrio-martins-matos-messias.pdf,CARLA DEMÉTRIO MARTINS MATOS MESSIAS,39330.4,Locação de Imóveis,2800.0
2026,2,carla-demetrio-martins-matos-messias.pdf,CARLA DEMÉTRIO MARTINS MATOS MESSIAS,39330.4,Locação ou Aquisição de Software,1500.0
2026,2,carla-demetrio-martins-matos-messias.pdf,CARLA DEMÉTRIO MARTINS MATOS MESSIAS,39330.4,Material de Consumo e Expediente,302.91
2026,2,carla-demetrio-martins-matos-messias.pdf,CARLA DEMÉTRIO MARTINS MATOS MESSIAS,39330.4,Serviços de Contabilidade,8000.0
2026,2,deyvid-everson-silva-carneiro.pdf,DEYVID EVERSON SILVA CARNEIRO,40000.0,Consultoria Jurídica,15000.0
2026,2,deyvid-everson-silva-carneiro.pdf,DEYVID EVERSON SILVA CARNEIRO,40000.0,Consultoria e Assessoria de Imprensa,9000.0
2026,2,deyvid-everson-silva-carneiro.pdf,DEYVID EVERSON SILVA CARNEIRO,40000.0,Consultoria e elaboração de Projetos,7000.0
2026,2,deyvid-everson-silva-carneiro.pdf,DEYVID EVERSON SILVA CARNEIRO,40000.0,Divulgação de Atividades,7000.0
2026,2,deyvid-everson-silva-carneiro.pdf,DEYVID EVERSON SILVA CARNEIRO,40000.0,Serviços de Contabilidade,2000.0
2026,2,francisco-evangelista-dos-santos-araujo.pdf,FRANCISCO EVANGELISTA DOS SANTOS ARAÚJO,40000.0,Consultoria e Assessoria Jurídica,15000.0
2026,2,francisco-evangelista-dos-santos-araujo.pdf,FRANCISCO EVANGELISTA DOS SANTOS ARAÚJO,40000.0,Consultoria e Assessoria de Imprensa,7000.0
2026,2,francisco-evangelista-dos-santos-araujo.pdf,FRANCISCO EVANGELISTA DOS SANTOS ARAÚJO,40000.0,Divulgação de Atividades,5000.0
2026,2,francisco-evangelista-dos-santos-araujo.pdf,FRANCISCO EVANGELISTA DOS SANTOS ARAÚJO,40000.0,Serviços Gráficos,5000.0
2026,2,francisco-evangelista-dos-santos-araujo.pdf,FRANCISCO EVANGELISTA DOS SANTOS ARAÚJO,40000.0,Serviços de Contabilidade,8000.0
2026,2,genilson-costa-e-silva.pdf,GENILSON COSTA E SILVA,39721.34,Consultoria e Assessoria Jurídica,15000.0
2026,2,genilson-costa-e-silva.pdf,GENILSON COSTA E SILVA,39721.34,Consultoria e Assessoria de Imprensa,9000.0
2026,2,genilson-costa-e-silva.pdf,GENILSON COSTA E SILVA,39721.34,Divulgação de Atividades,7500.0
2026,2,genilson-costa-e-silva.pdf,GENILSON COSTA E SILVA,39721.34,Serviços de Contabilidade,8000.0
2026,2,genilson-costa-e-silva.pdf,GENILSON COSTA E SILVA,39721.34,Telefone Fixo /Celular,221.34
2026,2,gildevaldo-da-luz-rocha.pdf,GILDEVALDO DA LUZ ROCHA,40000.0,Agua e Esgoto,38.65
2026,2,gildevaldo-da-luz-rocha.pdf,GILDEVALDO DA LUZ ROCHA,40000.0,Consultoria e Assessoria de Imprensa,9000.0
2026,2,gildevaldo-da-luz-rocha.pdf,GILDEVALDO DA LUZ ROCHA,40000.0,Consultoria eAssessoria Jurídica,15000.0
2026,2,gildevaldo-da-luz-rocha.pdf,GILDEVALDO DA LUZ ROCHA,40000.0,Divulgação de Atividades,5000.0
2026,2,gildevaldo-da-luz-rocha.pdf,GILDEVALDO DA LUZ ROCHA,40000.0,Energia Eletrica ou Similar,499.31
2026,2,gildevaldo-da-luz-rocha.pdf,GILDEVALDO DA LUZ ROCHA,40000.0,Locação de Imóveis,3500.0
2026,2,gildevaldo-da-luz-rocha.pdf,GILDEVALDO DA LUZ ROCHA,40000.0,Serviço de Contabilidade,8000.0
2026,2,jeusivania-pereira-nunes.pdf,JEUSIVANIA PEREIRA NUNES,39672.2,Consultoria e Assessoria Jurídica,15000.0
2026,2,jeusivania-pereira-nunes.pdf,JEUSIVANIA PEREIRA NUNES,39672.2,Consultoria e Assessoria de Imprensa,9000.0
2026,2,jeusivania-pereira-nunes.pdf,JEUSIVANIA PEREIRA NUNES,39672.2,Divulgação de Atividades,7500.0
2026,2,jeusivania-pereira-nunes.pdf,JEUSIVANIA PEREIRA NUNES,39672.2,Material de Consumo e Expediente,172.2
2026,2,jeusivania-pereira-nunes.pdf,JEUSIVANIA PEREIRA NUNES,39672.2,Serviços de Contabilidade,8000.0
2026,2,julio-cezar-medeiros-lima.pdf,JÚLIO CEZAR MEDEIROS LIMA,,,0.0
2026,2,manoel-neves-de-macedo.pdf,MANOEL NEVES DE MACEDO,35353.58,Consultoria e Assessoria Jurídica,12000.0
2026,2,manoel-neves-de-macedo.pdf,MANOEL NEVES DE MACEDO,35353.58,Consultoria e Assessoria de Imprensa,8000.0
2026,2,manoel-neves-de-macedo.pdf,MANOEL NEVES DE MACEDO,35353.58,Consultoria e Elaboração de Projetos,7000.0
2026,2,manoel-neves-de-macedo.pdf,MANOEL NEVES DE MACEDO,35353.58,Locação ou Aquisição de Software,1000.0
2026,2,manoel-neves-de-macedo.pdf,MANOEL NEVES DE MACEDO,35353.58,Material de Consumo e Expediente,353.58
2026,2,manoel-neves-de-macedo.pdf,MANOEL NEVES DE MACEDO,35353.58,Serviços de Contabilidade,7000.0
2026,2,moacival-daniel-mangabeira.pdf,MOACIVAL DANIEL MANGABEIRA,40000.0,Consultoria e Assessoria Juridica,10500.0
2026,2,moacival-daniel-mangabeira.pdf,MOACIVAL DANIEL MANGABEIRA,40000.0,Consultoria e Assessoria de Imprensa,9000.0
2026,2,moacival-daniel-mangabeira.pdf,MOACIVAL DANIEL MANGABEIRA,40000.0,Consultoria e elaboralçao de projetos,3000.0
2026,2,moacival-daniel-mangabeira.pdf,MOACIVAL DANIEL MANGABEIRA,40000.0,Divulgação de atividades,7000.0
2026,2,moacival-daniel-mangabeira.pdf,MOACIVAL DANIEL MANGABEIRA,40000.0,Serviços Gráficos,5500.0
2026,2,moacival-daniel-mangabeira.pdf,MOACIVAL DANIEL MANGABEIRA,40000.0,Serviços de Contabilidade,5000.0
2026,2,roberto-conceicao-dos-santos-franco.pdf,ROBERTO CONCEIÇÃO DOS SANTOS FRANCO,40000.0,Consultoria Elaboraçaõ de Projetos,5500.0
2026,2,roberto-conceicao-dos-santos-franco.pdf,ROBERTO CONCEIÇÃO DOS SANTOS FRANCO,40000.0,Consultoria e Assessoria Jurídica,15000.0
2026,2,roberto-conceicao-dos-santos-franco.pdf,ROBERTO CONCEIÇÃO DOS SANTOS FRANCO,40000.0,Consultoria e Assessoria de Imprensa,4000.0
2026,2,roberto-conceicao-dos-santos-franco.pdf,ROBERTO CONCEIÇÃO DOS SANTOS FRANCO,40000.0,Divulgaçõ de Atividades,7500.0
2026,2,roberto-conceicao-dos-santos-franco.pdf,ROBERTO CONCEIÇÃO DOS SANTOS FRANCO,40000.0,Serviços de Contabilidade,8000.0
2026,2,thiago-cezar-reis-pereira.pdf,THIAGO CEZAR REIS PEREIRA,39000.0,Consultoria e Assessoria Juridica,15000.0
2026,2,thiago-cezar-reis-pereira.pdf,THIAGO CEZAR REIS PEREIRA,39000.0,Consultoria e Assessoria de Imprensa,9000.0
2026,2,thiago-cezar-reis-pereira.pdf,THIAGO CEZAR REIS PEREIRA,39000.0,Consultoria e Elaboração de Projetos,7000.0
2026,2,thiago-cezar-reis-pereira.pdf,THIAGO CEZAR REIS PEREIRA,39000.0,Serviços de Contabilidade,8000.0
2026,2,thiago-coelho-fogaca.pdf,THIAGO COELHO FOGAÇA,39974.68,Consultoria e Assessoria Jurídica,15000.0
2026,2,thiago-coelho-fogaca.pdf,THIAGO COELHO FOGAÇA,39974.68,Consultoria e Assessoria de Imprensa,9000.0
2026,2,thiago-coelho-fogaca.pdf,THIAGO COELHO FOGAÇA,39974.68,Divulgação de Atividades,7500.0
2026,2,thiago-coelho-fogaca.pdf,THIAGO COELHO FOGAÇA,39974.68,Locação de Imóveis,3424.68
2026,2,thiago-coelho-fogaca.pdf,THIAGO COELHO FOGAÇA,39974.68,Serviços de Contabilidade,5050.0
2026,2,thiago-duarte-saraiva.pdf,THIAGO DUARTE SARAIVA,40000.0,Consultoria e Assessoria Juridica,15000.0
2026,2,thiago-duarte-saraiva.pdf,THIAGO DUARTE SARAIVA,40000.0,Consultoria e Assessoria de Imprensa,7000.0
2026,2,thiago-duarte-saraiva.pdf,THIAGO DUARTE SARAIVA,40000.0,Consultoria e Elaboração de Projetos,5000.0
2026,2,thiago-duarte-saraiva.pdf,THIAGO DUARTE SARAIVA,40000.0,Divulgação de Atividades,4000.0
2026,2,thiago-duarte-saraiva.pdf,THIAGO DUARTE SARAIVA,40000.0,Material de Consumo Expediente,1086.21
2026,2,thiago-duarte-saraiva.pdf,THIAGO DUARTE SARAIVA,40000.0,Serviços de Contabilidade,8000.0
2026,2,walkiria-ribeiro-dos-reis.pdf,WALKIRIA RIBEIRO DOS REIS,39900.0,Consultoria e Assessoria Jurídica,15000.0
2026,2,walkiria-ribeiro-dos-reis.pdf,WALKIRIA RIBEIRO DOS REIS,39900.0,Consultoria e elaboração de projetos,6000.0
2026,2,walkiria-ribeiro-dos-reis.pdf,WALKIRIA RIBEIRO DOS REIS,39900.0,Divulgaçaõ de Atividades,6000.0
2026,2,walkiria-ribeiro-dos-reis.pdf,WALKIRIA RIBEIRO DOS REIS,39900.0,Serviços Gráficos,4900.0
2026,2,walkiria-ribeiro-dos-reis.pdf,WALKIRIA RIBEIRO DOS REIS,39900.0,Serviços de Contabilidade,8000.0
2026,2,italo-otavio-teixeira-pinto.pdf,ÍTALO OTÁVIO TEIXEIRA PINTO,40000.0,Consultoria e Assessoria Jurídica,13000.0
2026,2,italo-otavio-teixeira-pinto.pdf,ÍTALO OTÁVIO TEIXEIRA PINTO,40000.0,Consultoria e Assessoria de Imprensa,8000.0
2026,2,italo-otavio-teixeira-pinto.pdf,ÍTALO OTÁVIO TEIXEIRA PINTO,40000.0,Divulgação de Atividades em Geral,7000.0
2026,2,italo-otavio-teixeira-pinto.pdf,ÍTALO OTÁVIO TEIXEIRA PINTO,40000.0,Serviços Gráficos,5000.0
2026,2,italo-otavio-teixeira-pinto.pdf,ÍTALO OTÁVIO TEIXEIRA PINTO,40000.0,Serviços de Contabilidade,7000.0
2026,3,aderval-rocha.pdf,ADERVAL DA ROCHA FERREIRA FILHO,39500.0,Consultoria e Assessoria Jurídica,15000.0
2026,3,aderval-rocha.pdf,ADERVAL DA ROCHA FERREIRA FILHO,39500.0,Consultoria e Assessoria de Imprensa,9000.0
2026,3,aderval-rocha.pdf,ADERVAL DA ROCHA FERREIRA FILHO,39500.0,Divulgação de Atividades,7500.0
2026,3,aderval-rocha.pdf,ADERVAL DA ROCHA FERREIRA FILHO,39500.0,Serviços de Contabilidade,8000.0
2026,3,adjalma-goncalves.pdf,ADJALMA GONÇALVES,39500.0,Consultoria e Assessoria Jurídica,15000.0
2026,3,adjalma-goncalves.pdf,ADJALMA GONÇALVES,39500.0,Consultoria e Assessoria de Imprensa,9000.0
2026,3,adjalma-goncalves.pdf,ADJALMA GONÇALVES,39500.0,Divulgação em Geral,7500.0
2026,3,adjalma-goncalves.pdf,ADJALMA GONÇALVES,39500.0,Serviços de Contabilidade,8000.0
2026,3,adnan-wadson.pdf,ADNAN WADSON DE LIMA,32484.78,Acesso a Internet,149.9
2026,3,adnan-wadson.pdf,ADNAN WADSON DE LIMA,32484.78,Consultoria e Assessoria Jurídica,15000.0
2026,3,adnan-wadson.pdf,ADNAN WADSON DE LIMA,32484.78,Consultoria e Assessoria de Imprensa,6000.0
2026,3,adnan-wadson.pdf,ADNAN WADSON DE LIMA,32484.78,Divulgação de Atividades em Geral,7000.0
2026,3,adnan-wadson.pdf,ADNAN WADSON DE LIMA,32484.78,Locaçaõ de Imóveis,3000.0
2026,3,adnan-wadson.pdf,ADNAN WADSON DE LIMA,32484.78,Material de Consumo e Expediente,834.88
2026,3,adnan-wadson.pdf,ADNAN WADSON DE LIMA,32484.78,Serviços Gráficos,500.0
2026,3,aline-rezende.pdf,ALINE MARIA DE MENEZES REZENDE CHAGAS,40000.0,Consultoria e Assessoria Jurídica,10000.0
2026,3,aline-rezende.pdf,ALINE MARIA DE MENEZES REZENDE CHAGAS,40000.0,Consultoria e Assessoria de Imprensa,9000.0
2026,3,aline-rezende.pdf,ALINE MARIA DE MENEZES REZENDE CHAGAS,40000.0,Divulgação de Atividades,7500.0
2026,3,aline-rezende.pdf,ALINE MARIA DE MENEZES REZENDE CHAGAS,40000.0,Serviços Gráficos,5500.0
2026,3,aline-rezende.pdf,ALINE MARIA DE MENEZES REZENDE CHAGAS,40000.0,Serviços de Contabilidade,8000.0
2026,3,carol-dantas.pdf,ANNE CAROLINY DANTAS PEREIRA,40000.0,Consultoria e Assessoria Jurídica,15000.0
2026,3,carol-dantas.pdf,ANNE CAROLINY DANTAS PEREIRA,40000.0,Consultoria e Assessoria de Imprensa,9000.0
2026,3,carol-dantas.pdf,ANNE CAROLINY DANTAS PEREIRA,40000.0,Divulgação de Atividades,2000.0
2026,3,carol-dantas.pdf,ANNE CAROLINY DANTAS PEREIRA,40000.0,Locação de Software,5000.0
2026,3,carol-dantas.pdf,ANNE CAROLINY DANTAS PEREIRA,40000.0,Serviços Gráficos,1060.0
2026,3,carol-dantas.pdf,ANNE CAROLINY DANTAS PEREIRA,40000.0,Serviços de Contabilidade,8000.0
2026,3,oreste-aguiar.pdf,ANTONIO ORESTES DE AGUIAR,39500.0,Consultoria e Assessoria Jurídica,15000.0
2026,3,oreste-aguiar.pdf,ANTONIO ORESTES DE AGUIAR,39500.0,Consultoria e Assessoria de Imprensa,9000.0
2026,3,oreste-aguiar.pdf,ANTONIO ORESTES DE AGUIAR,39500.0,Divulgação de Atividades Geral,7500.0
2026,3,oreste-aguiar.pdf,ANTONIO ORESTES DE AGUIAR,39500.0,Serviços de Contabilidade,8000.0
2026,3,bruno-perez.pdf,BRUNO PEREZ DE SALES,40000.0,Consultoria e Assessoria Jurídica,14000.0
2026,3,bruno-perez.pdf,BRUNO PEREZ DE SALES,40000.0,Consultoria e Assessoria de Imprensa,9000.0
2026,3,bruno-perez.pdf,BRUNO PEREZ DE SALES,40000.0,Divulgação em Geral,7000.0
2026,3,bruno-perez.pdf,BRUNO PEREZ DE SALES,40000.0,Serviço Gráfico,5000.0
2026,3,bruno-perez.pdf,BRUNO PEREZ DE SALES,40000.0,Serviços de Contabilidade,5000.0
2026,3,barbara-falcao.pdf,BÁBARA RIBEIRO FALCÃO,40000.0,Consultoria e Assessoria Jurídica,10000.0
2026,3,barbara-falcao.pdf,BÁBARA RIBEIRO FALCÃO,40000.0,Consultoria e Assessoria de Imprensa,9000.0
2026,3,barbara-falcao.pdf,BÁBARA RIBEIRO FALCÃO,40000.0,Divulgação de Atividades,7500.0
2026,3,barbara-falcao.pdf,BÁBARA RIBEIRO FALCÃO,40000.0,Pesquisas SócioEconômicas,6000.0
2026,3,barbara-falcao.pdf,BÁBARA RIBEIRO FALCÃO,40000.0,Serviços de Contabilidade,8000.0
2026,3,carla-messias.pdf,CARLA DEMÉTRIO MARTINS MATOS MESSIAS,39320.71,Acesso a Internet,599.8
2026,3,carla-messias.pdf,CARLA DEMÉTRIO MARTINS MATOS MESSIAS,39320.71,Consultoria e Assessoria de Imprensa,5500.0
2026,3,carla-messias.pdf,CARLA DEMÉTRIO MARTINS MATOS MESSIAS,39320.71,Divulgação de Atividades Geral,5500.0
2026,3,carla-messias.pdf,CARLA DEMÉTRIO MARTINS MATOS MESSIAS,39320.71,Energia Elétrica ou Similar,311.94
2026,3,carla-messias.pdf,CARLA DEMÉTRIO MARTINS MATOS MESSIAS,39320.71,Locação de Imóveis,2800.0
2026,3,carla-messias.pdf,CARLA DEMÉTRIO MARTINS MATOS MESSIAS,39320.71,Locação ou Aquisição de Software,1500.0
2026,3,carla-messias.pdf,CARLA DEMÉTRIO MARTINS MATOS MESSIAS,39320.71,Material de Consumo e Expediente,108.97
2026,3,carla-messias.pdf,CARLA DEMÉTRIO MARTINS MATOS MESSIAS,39320.71,Serviços de Contabilidade,8000.0
2026,3,deyvid-carneiro.pdf,DEYVID EVERSON SILVA CARNEIRO,40000.0,Consultoria Jurídica,15000.0
2026,3,deyvid-carneiro.pdf,DEYVID EVERSON SILVA CARNEIRO,40000.0,Consultoria e Assessoria de Imprensa,9000.0
2026,3,deyvid-carneiro.pdf,DEYVID EVERSON SILVA CARNEIRO,40000.0,Consultoria e elaboração de Projetos,7000.0
2026,3,deyvid-carneiro.pdf,DEYVID EVERSON SILVA CARNEIRO,40000.0,Divulgação de Atividades,7000.0
2026,3,deyvid-carneiro.pdf,DEYVID EVERSON SILVA CARNEIRO,40000.0,Serviços de Contabilidade,2000.0
2026,3,francisco-evangelista.pdf,FRANCISCO EVANGELISTA DOS SANTOS ARAÚJO,40000.0,Consultoria e Assessoria Jurídica,15000.0
2026,3,francisco-evangelista.pdf,FRANCISCO EVANGELISTA DOS SANTOS ARAÚJO,40000.0,Consultoria e Assessoria de Imprensa,7000.0
2026,3,francisco-evangelista.pdf,FRANCISCO EVANGELISTA DOS SANTOS ARAÚJO,40000.0,Divulgação de Atividades,5000.0
2026,3,francisco-evangelista.pdf,FRANCISCO EVANGELISTA DOS SANTOS ARAÚJO,40000.0,Serviços Gráficos,5000.0
2026,3,francisco-evangelista.pdf,FRANCISCO EVANGELISTA DOS SANTOS ARAÚJO,40000.0,Serviços de Contabilidade,8000.0
2026,3,genilson-costa.pdf,GENILSON COSTA E SILVA,39708.44,Consultoria e Assessoria Jurídica,15000.0
2026,3,genilson-costa.pdf,GENILSON COSTA E SILVA,39708.44,Consultoria e Assessoria de Imprensa,9000.0
2026,3,genilson-costa.pdf,GENILSON COSTA E SILVA,39708.44,Divulgação de Atividades,7500.0
2026,3,genilson-costa.pdf,GENILSON COSTA E SILVA,39708.44,Serviços de Contabilidade,8000.0
2026,3,genilson-costa.pdf,GENILSON COSTA E SILVA,39708.44,Telefone Fixo /Celular,208.44
2026,3,pastor-gil-rocha.pdf,GILDEVALDO DA LUZ ROCHA,40000.0,Agua e Esgoto,138.03
2026,3,pastor-gil-rocha.pdf,GILDEVALDO DA LUZ ROCHA,40000.0,Consultoria e Assessoria de Imprensa,9000.0
2026,3,pastor-gil-rocha.pdf,GILDEVALDO DA LUZ ROCHA,40000.0,Consultoria eAssessoria Jurídica,15000.0
2026,3,pastor-gil-rocha.pdf,GILDEVALDO DA LUZ ROCHA,40000.0,Divulgação de Atividades,5000.0
2026,3,pastor-gil-rocha.pdf,GILDEVALDO DA LUZ ROCHA,40000.0,Energia Eletrica ou Similar,711.04
2026,3,pastor-gil-rocha.pdf,GILDEVALDO DA LUZ ROCHA,40000.0,Locação de Imóveis,3500.0
2026,3,pastor-gil-rocha.pdf,GILDEVALDO DA LUZ ROCHA,40000.0,Serviço de Contabilidade,8000.0
2026,3,jeusivania-pereira.pdf,JEUSIVANIA PEREIRA NUNES,39998.1,Consultoria e Assessoria Jurídica,15000.0
2026,3,jeusivania-pereira.pdf,JEUSIVANIA PEREIRA NUNES,39998.1,Consultoria e Assessoria de Imprensa,8000.0
2026,3,jeusivania-pereira.pdf,JEUSIVANIA PEREIRA NUNES,39998.1,Divulgação de Atividades,7500.0
2026,3,jeusivania-pereira.pdf,JEUSIVANIA PEREIRA NUNES,39998.1,Locação de Imóveis,1000.0
2026,3,jeusivania-pereira.pdf,JEUSIVANIA PEREIRA NUNES,39998.1,Material de Consumo e Expediente,498.1
2026,3,jeusivania-pereira.pdf,JEUSIVANIA PEREIRA NUNES,39998.1,Serviços de Contabilidade,8000.0
2026,3,julio-cezar-medeiros.pdf,JÚLIO CEZAR MEDEIROS LIMA,,,0.0
2026,3,manoel-neves.pdf,MANOEL NEVES DE MACEDO,34263.0,Consultoria e Assessoria Jurídica,12000.0
2026,3,manoel-neves.pdf,MANOEL NEVES DE MACEDO,34263.0,Consultoria e Assessoria de Imprensa,8000.0
2026,3,manoel-neves.pdf,MANOEL NEVES DE MACEDO,34263.0,Consultoria e Elaboração de Projetos,7000.0
2026,3,manoel-neves.pdf,MANOEL NEVES DE MACEDO,34263.0,Material de Consumo e Expediente,263.0
2026,3,manoel-neves.pdf,MANOEL NEVES DE MACEDO,34263.0,Serviços de Contabilidade,7000.0
2026,3,daniel-mangaabeira.pdf,MOACIVAL DANIEL MANGABEIRA,40000.0,Consultoria e Assessoria Juridica,10500.0
2026,3,daniel-mangaabeira.pdf,MOACIVAL DANIEL MANGABEIRA,40000.0,Consultoria e Assessoria de Imprensa,9000.0
2026,3,daniel-mangaabeira.pdf,MOACIVAL DANIEL MANGABEIRA,40000.0,Consultoria e elaboralçao de projetos,3000.0
2026,3,daniel-mangaabeira.pdf,MOACIVAL DANIEL MANGABEIRA,40000.0,Divulgação de atividades,7000.0
2026,3,daniel-mangaabeira.pdf,MOACIVAL DANIEL MANGABEIRA,40000.0,Serviços Gráficos,5500.0
2026,3,daniel-mangaabeira.pdf,MOACIVAL DANIEL MANGABEIRA,40000.0,Serviços de Contabilidade,5000.0
2026,3,roberto-franco.pdf,ROBERTO CONCEIÇÃO DOS SANTOS FRANCO,40000.0,Consultoria Elaboraçaõ de Projetos,5500.0
2026,3,roberto-franco.pdf,ROBERTO CONCEIÇÃO DOS SANTOS FRANCO,40000.0,Consultoria e Assessoria Jurídica,15000.0
2026,3,roberto-franco.pdf,ROBERTO CONCEIÇÃO DOS SANTOS FRANCO,40000.0,Consultoria e Assessoria de Imprensa,4000.0
2026,3,roberto-franco.pdf,ROBERTO CONCEIÇÃO DOS SANTOS FRANCO,40000.0,Divulgaçõ de Atividades,7500.0
2026,3,roberto-franco.pdf,ROBERTO CONCEIÇÃO DOS SANTOS FRANCO,40000.0,Serviços de Contabilidade,8000.0
2026,3,thiago-reis.pdf,THIAGO CEZAR REIS PEREIRA,39000.0,Consultoria e Assessoria Juridica,15000.0
2026,3,thiago-reis.pdf,THIAGO CEZAR REIS PEREIRA,39000.0,Consultoria e Assessoria de Imprensa,9000.0
2026,3,thiago-reis.pdf,THIAGO CEZAR REIS PEREIRA,39000.0,Consultoria e Elaboração de Projetos,7000.0
2026,3,thiago-reis.pdf,THIAGO CEZAR REIS PEREIRA,39000.0,Serviços de Contabilidade,8000.0
2026,3,thiago-fogaca.pdf,THIAGO COELHO FOGAÇA,39974.68,Consultoria e Assessoria Jurídica,15000.0
2026,3,thiago-fogaca.pdf,THIAGO COELHO FOGAÇA,39974.68,Consultoria e Assessoria de Imprensa,9000.0
2026,3,thiago-fogaca.pdf,THIAGO COELHO FOGAÇA,39974.68,Divulgação de Atividades,7500.0
2026,3,thiago-fogaca.pdf,THIAGO COELHO FOGAÇA,39974.68,Locação de Imóveis,3424.68
2026,3,thiago-fogaca.pdf,THIAGO COELHO FOGAÇA,39974.68,Serviços de Contabilidade,5050.0
2026,3,thiago-saraiva.pdf,THIAGO DUARTE SARAIVA,39872.28,Consultoria e Assessoria Juridica,15000.0
2026,3,thiago-saraiva.pdf,THIAGO DUARTE SARAIVA,39872.28,Consultoria e Assessoria de Imprensa,7000.0
2026,3,thiago-saraiva.pdf,THIAGO DUARTE SARAIVA,39872.28,Consultoria e Elaboração de Projetos,5000.0
2026,3,thiago-saraiva.pdf,THIAGO DUARTE SARAIVA,39872.28,Divulgação de Atividades,4000.0
2026,3,thiago-saraiva.pdf,THIAGO DUARTE SARAIVA,39872.28,Material de Consumo Expediente,872.28
2026,3,thiago-saraiva.pdf,THIAGO DUARTE SARAIVA,39872.28,Serviços de Contabilidade,8000.0
2026,3,walquiria-ribeiro.pdf,WALKIRIA RIBEIRO DOS REIS,39900.0,Consultoria e Assessoria Jurídica,15000.0
2026,3,walquiria-ribeiro.pdf,WALKIRIA RIBEIRO DOS REIS,39900.0,Consultoria e elaboração de projetos,6000.0
2026,3,walquiria-ribeiro.pdf,WALKIRIA RIBEIRO DOS REIS,39900.0,Divulgaçaõ de Atividades,6000.0
2026,3,walquiria-ribeiro.pdf,WALKIRIA RIBEIRO DOS REIS,39900.0,Serviços Gráficos,4900.0
2026,3,walquiria-ribeiro.pdf,WALKIRIA RIBEIRO DOS REIS,39900.0,Serviços de Contabilidade,8000.0
2026,3,italo-otavio.pdf,ÍTALO OTÁVIO TEIXEIRA PINTO,40000.0,Consultoria e Assessoria Jurídica,13000.0
2026,3,italo-otavio.pdf,ÍTALO OTÁVIO TEIXEIRA PINTO,40000.0,Consultoria e Assessoria de Imprensa,8000.0
2026,3,italo-otavio.pdf,ÍTALO OTÁVIO TEIXEIRA PINTO,40000.0,Divulgação de Atividades em Geral,7000.0
2026,3,italo-otavio.pdf,ÍTALO OTÁVIO TEIXEIRA PINTO,40000.0,Serviços Gráficos,5000.0
2026,3,italo-otavio.pdf,ÍTALO OTÁVIO TEIXEIRA PINTO,40000.0,Serviços de Contabilidade,7000.0
2026,4,marcelo-nunes,,,,0.0
2026,4,aderval-rocha.pdf,ADERVAL DA ROCHA FERREIRA FILHO,39500.0,Consultoria e Assessoria Jurídica,15000.0
2026,4,aderval-rocha.pdf,ADERVAL DA ROCHA FERREIRA FILHO,39500.0,Consultoria e Assessoria de Imprensa,9000.0
2026,4,aderval-rocha.pdf,ADERVAL DA ROCHA FERREIRA FILHO,39500.0,Divulgação de Atividades,7500.0
2026,4,aderval-rocha.pdf,ADERVAL DA ROCHA FERREIRA FILHO,39500.0,Serviços de Contabilidade,8000.0
2026,4,adjalma-goncalves.pdf,ADJALMA GONÇALVES,39500.0,Consultoria e Assessoria Jurídica,15000.0
2026,4,adjalma-goncalves.pdf,ADJALMA GONÇALVES,39500.0,Consultoria e Assessoria de Imprensa,9000.0
2026,4,adjalma-goncalves.pdf,ADJALMA GONÇALVES,39500.0,Divulgação em Geral,7500.0
2026,4,adjalma-goncalves.pdf,ADJALMA GONÇALVES,39500.0,Serviços de Contabilidade,8000.0
2026,4,adnan-wadson.pdf,ADNAN WADSON DE LIMA,39870.29,Acesso a Internet,149.9
2026,4,adnan-wadson.pdf,ADNAN WADSON DE LIMA,39870.29,Consultoria e Assessoria Jurídica,15000.0
2026,4,adnan-wadson.pdf,ADNAN WADSON DE LIMA,39870.29,Consultoria e Assessoria de Imprensa,6000.0
2026,4,adnan-wadson.pdf,ADNAN WADSON DE LIMA,39870.29,Divulgação de Atividades,7000.0
2026,4,adnan-wadson.pdf,ADNAN WADSON DE LIMA,39870.29,Locaçaõ de Imóveis,3000.0
2026,4,adnan-wadson.pdf,ADNAN WADSON DE LIMA,39870.29,Material de Consumo e Expediente,960.39
2026,4,adnan-wadson.pdf,ADNAN WADSON DE LIMA,39870.29,Serviços Gráficos,500.0
2026,4,adnan-wadson.pdf,ADNAN WADSON DE LIMA,39870.29,Serviços de Contabilidade,7000.0
2026,4,adnan-wadson.pdf,ADNAN WADSON DE LIMA,39870.29,Suprimento de Informática,260.0
2026,4,aline-rezende.pdf,ALINE MARIA DE MENEZES REZENDE CHAGAS,40000.0,Consultoria e Assessoria Jurídica,10000.0
2026,4,aline-rezende.pdf,ALINE MARIA DE MENEZES REZENDE CHAGAS,40000.0,Consultoria e Assessoria de Imprensa,9000.0
2026,4,aline-rezende.pdf,ALINE MARIA DE MENEZES REZENDE CHAGAS,40000.0,Divulgação de Atividades,7500.0
2026,4,aline-rezende.pdf,ALINE MARIA DE MENEZES REZENDE CHAGAS,40000.0,Serviços Gráficos,5500.0
2026,4,aline-rezende.pdf,ALINE MARIA DE MENEZES REZENDE CHAGAS,40000.0,Serviços de Contabilidade,8000.0
2026,4,carol-dantas.pdf,ANNE CAROLINY DANTAS PEREIRA,40000.0,Consultoria e Assessoria Jurídica,15000.0
2026,4,carol-dantas.pdf,ANNE CAROLINY DANTAS PEREIRA,40000.0,Consultoria e Assessoria de Imprensa,9000.0
2026,4,carol-dantas.pdf,ANNE CAROLINY DANTAS PEREIRA,40000.0,Divulgação de Atividades,3000.0
2026,4,carol-dantas.pdf,ANNE CAROLINY DANTAS PEREIRA,40000.0,Serviços de Contabilidade,8000.0
2026,4,oreste-aguiar.pdf,ANTONIO ORESTE DE AGUIAR,39500.0,Consultoria e Assessoria Jurídica,15000.0
2026,4,oreste-aguiar.pdf,ANTONIO ORESTE DE AGUIAR,39500.0,Consultoria e Assessoria de Imprensa,9000.0
2026,4,oreste-aguiar.pdf,ANTONIO ORESTE DE AGUIAR,39500.0,Divulgação de Atividades Geral,7500.0
2026,4,oreste-aguiar.pdf,ANTONIO ORESTE DE AGUIAR,39500.0,Serviços de Contabilidade,8000.0
2026,4,bruno-perez.pdf,BRUNO PEREZ DE SALES,40000.0,Consultoria e Assessoria Jurídica,14000.0
2026,4,bruno-perez.pdf,BRUNO PEREZ DE SALES,40000.0,Consultoria e Assessoria de Imprensa,9000.0
2026,4,bruno-perez.pdf,BRUNO PEREZ DE SALES,40000.0,Divulgação em Geral,7000.0
2026,4,bruno-perez.pdf,BRUNO PEREZ DE SALES,40000.0,Serviço Gráfico,5000.0
2026,4,bruno-perez.pdf,BRUNO PEREZ DE SALES,40000.0,Serviços de Contabilidade,5000.0
2026,4,barbara-falcao.pdf,BÁBARA RIBEIRO FALCÃO,40000.0,Consultoria e Assessoria Jurídica,10000.0
2026,4,barbara-falcao.pdf,BÁBARA RIBEIRO FALCÃO,40000.0,Consultoria e Assessoria de Imprensa,9000.0
2026,4,barbara-falcao.pdf,BÁBARA RIBEIRO FALCÃO,40000.0,Divulgação de Atividades,7500.0
2026,4,barbara-falcao.pdf,BÁBARA RIBEIRO FALCÃO,40000.0,Pesquisas SócioEconômicas,6000.0
2026,4,barbara-falcao.pdf,BÁBARA RIBEIRO FALCÃO,40000.0,Serviços de Contabilidade,8000.0
2026,4,carla-messias.pdf,CARLA DEMÉTRIO MARTINS MATOS MESSIAS,39381.67,Acesso a Internet,599.8
2026,4,carla-messias.pdf,CARLA DEMÉTRIO MARTINS MATOS MESSIAS,39381.67,Consultoria e Assessoria de Imprensa,5500.0
2026,4,carla-messias.pdf,CARLA DEMÉTRIO MARTINS MATOS MESSIAS,39381.67,Divulgação de Atividades Geral,5500.0
2026,4,carla-messias.pdf,CARLA DEMÉTRIO MARTINS MATOS MESSIAS,39381.67,Energia Elétrica ou Similar,431.87
2026,4,carla-messias.pdf,CARLA DEMÉTRIO MARTINS MATOS MESSIAS,39381.67,Locação de Imóveis,2800.0
2026,4,carla-messias.pdf,CARLA DEMÉTRIO MARTINS MATOS MESSIAS,39381.67,Locação ou Aquisição de Software,1500.0
2026,4,carla-messias.pdf,CARLA DEMÉTRIO MARTINS MATOS MESSIAS,39381.67,Material de Consumo e Expediente,50.0
2026,4,carla-messias.pdf,CARLA DEMÉTRIO MARTINS MATOS MESSIAS,39381.67,Serviços de Contabilidade,8000.0
2026,4,deyvid-carneiro.pdf,DEYVID EVERSON SILVA CARNEIRO,40000.0,Consultoria Jurídica,15000.0
2026,4,deyvid-carneiro.pdf,DEYVID EVERSON SILVA CARNEIRO,40000.0,Consultoria e Assessoria de Imprensa,9000.0
2026,4,deyvid-carneiro.pdf,DEYVID EVERSON SILVA CARNEIRO,40000.0,Consultoria e elaboração de Projetos,7000.0
2026,4,deyvid-carneiro.pdf,DEYVID EVERSON SILVA CARNEIRO,40000.0,Divulgação de Atividades,7000.0
2026,4,deyvid-carneiro.pdf,DEYVID EVERSON SILVA CARNEIRO,40000.0,Serviços de Contabilidade,2000.0
2026,4,genilson-costa.pdf,GENILSON COSTA E SILVA,39500.0,Consultoria e Assessoria Jurídica,15000.0
2026,4,genilson-costa.pdf,GENILSON COSTA E SILVA,39500.0,Consultoria e Assessoria de Imprensa,9000.0
2026,4,genilson-costa.pdf,GENILSON COSTA E SILVA,39500.0,Divulgação de Atividades,7500.0
2026,4,genilson-costa.pdf,GENILSON COSTA E SILVA,39500.0,Serviços de Contabilidade,8000.0
2026,4,gildevaldo-rocha.pdf,GILDEVALDO DA LUZ ROCHA,40000.0,Consultoria e Assessoria de Imprensa,9000.0
2026,4,gildevaldo-rocha.pdf,GILDEVALDO DA LUZ ROCHA,40000.0,Consultoria eAssessoria Jurídica,15000.0
2026,4,gildevaldo-rocha.pdf,GILDEVALDO DA LUZ ROCHA,40000.0,Divulgação de Atividades,5000.0
2026,4,gildevaldo-rocha.pdf,GILDEVALDO DA LUZ ROCHA,40000.0,Locação de Imóveis,3650.0
2026,4,gildevaldo-rocha.pdf,GILDEVALDO DA LUZ ROCHA,40000.0,Serviço de Contabilidade,8000.0
2026,4,jeusivania.pdf,JEUSIVANIA PEREIRA NUNES,39998.1,Consultoria e Assessoria Jurídica,15000.0
2026,4,jeusivania.pdf,JEUSIVANIA PEREIRA NUNES,39998.1,Consultoria e Assessoria de Imprensa,8000.0
2026,4,jeusivania.pdf,JEUSIVANIA PEREIRA NUNES,39998.1,Divulgação de Atividades,7500.0
2026,4,jeusivania.pdf,JEUSIVANIA PEREIRA NUNES,39998.1,Locação de Imóveis,1000.0
2026,4,jeusivania.pdf,JEUSIVANIA PEREIRA NUNES,39998.1,Material de Consumo e Expediente,498.1
2026,4,jeusivania.pdf,JEUSIVANIA PEREIRA NUNES,39998.1,Serviços de Contabilidade,8000.0
2026,4,julio-cezar.pdf,JÚLIO CEZAR MEDEIROS LIMA,40000.0,Consultoria e Assessoria Jurídica,15000.0
2026,4,julio-cezar.pdf,JÚLIO CEZAR MEDEIROS LIMA,40000.0,Consultoria e Assessoria de Imprensa,9000.0
2026,4,julio-cezar.pdf,JÚLIO CEZAR MEDEIROS LIMA,40000.0,Consultoria e elaboração de projetos,3000.0
2026,4,julio-cezar.pdf,JÚLIO CEZAR MEDEIROS LIMA,40000.0,Divulgação de Atividades,5000.0
2026,4,julio-cezar.pdf,JÚLIO CEZAR MEDEIROS LIMA,40000.0,Serviços de Contabilidade,8000.0
2026,4,manoel-neves.pdf,MANOEL NEVES DE MACEDO,38499.58,Consultoria e Assessoria Jurídica,12000.0
2026,4,manoel-neves.pdf,MANOEL NEVES DE MACEDO,38499.58,Consultoria e Assessoria de Imprensa,8000.0
2026,4,manoel-neves.pdf,MANOEL NEVES DE MACEDO,38499.58,Consultoria e Elaboração de Projetos,7000.0
2026,4,manoel-neves.pdf,MANOEL NEVES DE MACEDO,38499.58,Locação de Equipamentos,1000.0
2026,4,manoel-neves.pdf,MANOEL NEVES DE MACEDO,38499.58,Material de Consumo e Expediente,299.58
2026,4,manoel-neves.pdf,MANOEL NEVES DE MACEDO,38499.58,Serviços Gráficos,3200.0
2026,4,manoel-neves.pdf,MANOEL NEVES DE MACEDO,38499.58,Serviços de Contabilidade,7000.0
2026,4,marcelo-nunes.pdf,MARCELO DE MAGALHAES NUNES,40000.0,Consultoria e Assessoria Jurídica,15000.0
2026,4,marcelo-nunes.pdf,MARCELO DE MAGALHAES NUNES,40000.0,Consultoria e Assessoria de Imprensa,7000.0
2026,4,marcelo-nunes.pdf,MARCELO DE MAGALHAES NUNES,40000.0,Divulgação de Atividades,5000.0
2026,4,marcelo-nunes.pdf,MARCELO DE MAGALHAES NUNES,40000.0,Serviços Gráficos,5000.0
2026,4,marcelo-nunes.pdf,MARCELO DE MAGALHAES NUNES,40000.0,Serviços de Contabilidade,8000.0
2026,4,daniel-mangabeira.pdf,MOACIVAL DANIEL MANGABEIRA,40000.0,Consultoria e Assessoria Juridica,10500.0
2026,4,daniel-mangabeira.pdf,MOACIVAL DANIEL MANGABEIRA,40000.0,Consultoria e Assessoria de Imprensa,9000.0
2026,4,daniel-mangabeira.pdf,MOACIVAL DANIEL MANGABEIRA,40000.0,Consultoria e elaboralçao de projetos,3000.0
2026,4,daniel-mangabeira.pdf,MOACIVAL DANIEL MANGABEIRA,40000.0,Divulgação de atividades,7000.0
2026,4,daniel-mangabeira.pdf,MOACIVAL DANIEL MANGABEIRA,40000.0,Serviços Gráficos,5500.0
2026,4,daniel-mangabeira.pdf,MOACIVAL DANIEL MANGABEIRA,40000.0,Serviços de Contabilidade,5000.0
2026,4,roberto-franco.pdf,ROBERTO CONCEIÇÃO DOS SANTOS FRANCO,40000.0,Consultoria Elaboraçaõ de Projetos,5500.0
2026,4,roberto-franco.pdf,ROBERTO CONCEIÇÃO DOS SANTOS FRANCO,40000.0,Consultoria e Assessoria Jurídica,15000.0
2026,4,roberto-franco.pdf,ROBERTO CONCEIÇÃO DOS SANTOS FRANCO,40000.0,Consultoria e Assessoria de Imprensa,7500.0
2026,4,roberto-franco.pdf,ROBERTO CONCEIÇÃO DOS SANTOS FRANCO,40000.0,Divulgaçõ de Atividades,4000.0
2026,4,roberto-franco.pdf,ROBERTO CONCEIÇÃO DOS SANTOS FRANCO,40000.0,Serviços de Contabilidade,8000.0
2026,4,roberto-franco.pdf,ROBERTO CONCEIÇÃO DOS SANTOS FRANCO,40000.0,Suprimento de Informática,390.0
2026,4,thiago-reis.pdf,THIAGO CEZAR REIS PEREIRA,39000.0,Consultoria e Assessoria Juridica,15000.0
2026,4,thiago-reis.pdf,THIAGO CEZAR REIS PEREIRA,39000.0,Consultoria e Assessoria de Imprensa,9000.0
2026,4,thiago-reis.pdf,THIAGO CEZAR REIS PEREIRA,39000.0,Consultoria e Elaboração de Projetos,7000.0
2026,4,thiago-reis.pdf,THIAGO CEZAR REIS PEREIRA,39000.0,Serviços de Contabilidade,8000.0
2026,4,thiago-fogaca.pdf,THIAGO COELHO FOGAÇA,39974.68,Consultoria e Assessoria Jurídica,15000.0
2026,4,thiago-fogaca.pdf,THIAGO COELHO FOGAÇA,39974.68,Consultoria e Assessoria de Imprensa,9000.0
2026,4,thiago-fogaca.pdf,THIAGO COELHO FOGAÇA,39974.68,Divulgação de Atividades,7500.0
2026,4,thiago-fogaca.pdf,THIAGO COELHO FOGAÇA,39974.68,Locação de Imóveis,3424.68
2026,4,thiago-fogaca.pdf,THIAGO COELHO FOGAÇA,39974.68,Serviços de Contabilidade,5050.0
2026,4,thiago-saraiva.pdf,THIAGO DUARTE SARAIVA,39872.28,Consultoria e Assessoria Juridica,15000.0
2026,4,thiago-saraiva.pdf,THIAGO DUARTE SARAIVA,39872.28,Consultoria e Assessoria de Imprensa,7000.0
2026,4,thiago-saraiva.pdf,THIAGO DUARTE SARAIVA,39872.28,Consultoria e Elaboração de Projetos,5000.0
2026,4,thiago-saraiva.pdf,THIAGO DUARTE SARAIVA,39872.28,Divulgação de Atividades,4000.0
2026,4,thiago-saraiva.pdf,THIAGO DUARTE SARAIVA,39872.28,Material de Consumo Expediente,677.57
2026,4,thiago-saraiva.pdf,THIAGO DUARTE SARAIVA,39872.28,Serviços de Contabilidade,8000.0
2026,4,walquiria-ribeiro.pdf,WALKIRIA RIBEIRO DOS REIS,39800.0,Consultoria e Assessoria Jurídica,15000.0
2026,4,walquiria-ribeiro.pdf,WALKIRIA RIBEIRO DOS REIS,39800.0,Consultoria e elaboração de projetos,6000.0
2026,4,walquiria-ribeiro.pdf,WALKIRIA RIBEIRO DOS REIS,39800.0,Divulgação de Atividades,6000.0
2026,4,walquiria-ribeiro.pdf,WALKIRIA RIBEIRO DOS REIS,39800.0,Serviços Gráficos,4800.0
2026,4,walquiria-ribeiro.pdf,WALKIRIA RIBEIRO DOS REIS,39800.0,Serviços de Contabilidade,8000.0
2026,4,italo-otavio.pdf,ÍTALO OTÁVIO TEIXEIRA PINTO,40000.0,Consultoria e Assessoria Jurídica,13000.0
2026,4,italo-otavio.pdf,ÍTALO OTÁVIO TEIXEIRA PINTO,40000.0,Consultoria e Assessoria de Imprensa,8000.0
2026,4,italo-otavio.pdf,ÍTALO OTÁVIO TEIXEIRA PINTO,40000.0,Divulgação de Atividades em Geral,7000.0
2026,4,italo-otavio.pdf,ÍTALO OTÁVIO TEIXEIRA PINTO,40000.0,Serviços Gráficos,5000.0
2026,4,italo-otavio.pdf,ÍTALO OTÁVIO TEIXEIRA PINTO,40000.0,Serviços de Contabilidade,7000.0
2026,5,marcelo-nunes,,,,0.0
2026,5,vava.pdf,ADERVAL DA ROCHA FERREIRA FILHO,39500.0,Consultoria e Assessoria Jurídica,15000.0
2026,5,vava.pdf,ADERVAL DA ROCHA FERREIRA FILHO,39500.0,Consultoria e Assessoria de Imprensa,9000.0
2026,5,vava.pdf,ADERVAL DA ROCHA FERREIRA FILHO,39500.0,Divulgação de Atividades,7500.0
2026,5,vava.pdf,ADERVAL DA ROCHA FERREIRA FILHO,39500.0,Serviços de Contabilidade,8000.0
2026,5,adjalma.pdf,ADJALMA GONÇALVES,39500.0,Consultoria e Assessoria Jurídica,15000.0
2026,5,adjalma.pdf,ADJALMA GONÇALVES,39500.0,Consultoria e Assessoria de Imprensa,9000.0
2026,5,adjalma.pdf,ADJALMA GONÇALVES,39500.0,Divulgação em Geral,7500.0
2026,5,adjalma.pdf,ADJALMA GONÇALVES,39500.0,Serviços de Contabilidade,8000.0
2026,5,adnan.pdf,ADNAN WADSON DE LIMA,39897.97,Acesso a Internet,149.9
2026,5,adnan.pdf,ADNAN WADSON DE LIMA,39897.97,Consultoria e Assessoria Jurídica,15000.0
2026,5,adnan.pdf,ADNAN WADSON DE LIMA,39897.97,Consultoria e Assessoria de Imprensa,6000.0
2026,5,adnan.pdf,ADNAN WADSON DE LIMA,39897.97,Divulgação de Atividades,7000.0
2026,5,adnan.pdf,ADNAN WADSON DE LIMA,39897.97,Locaçaõ de Imóveis,3000.0
2026,5,adnan.pdf,ADNAN WADSON DE LIMA,39897.97,Material de Consumo e Expediente,988.07
2026,5,adnan.pdf,ADNAN WADSON DE LIMA,39897.97,Serviços Gráficos,500.0
2026,5,adnan.pdf,ADNAN WADSON DE LIMA,39897.97,Serviços de Contabilidade,7000.0
2026,5,adnan.pdf,ADNAN WADSON DE LIMA,39897.97,Suprimento de Informática,260.0
2026,5,aline.pdf,ALINE MARIA DE MENEZES REZENDE CHAGAS,40000.0,Consultoria e Assessoria Jurídica,10000.0
2026,5,aline.pdf,ALINE MARIA DE MENEZES REZENDE CHAGAS,40000.0,Consultoria e Assessoria de Imprensa,9000.0
2026,5,aline.pdf,ALINE MARIA DE MENEZES REZENDE CHAGAS,40000.0,Divulgação de Atividades,7500.0
2026,5,aline.pdf,ALINE MARIA DE MENEZES REZENDE CHAGAS,40000.0,Serviços Gráficos,5500.0
2026,5,aline.pdf,ALINE MARIA DE MENEZES REZENDE CHAGAS,40000.0,Serviços de Contabilidade,8000.0
2026,5,carol.pdf,ANNE CAROLINY DANTAS PEREIRA,38000.0,Consultoria e Assessoria Jurídica,15000.0
2026,5,carol.pdf,ANNE CAROLINY DANTAS PEREIRA,38000.0,Consultoria e Assessoria de Imprensa,9000.0
2026,5,carol.pdf,ANNE CAROLINY DANTAS PEREIRA,38000.0,Divulgação de Atividades,1000.0
2026,5,carol.pdf,ANNE CAROLINY DANTAS PEREIRA,38000.0,Locação ou Aquisição de Softaware,5000.0
2026,5,carol.pdf,ANNE CAROLINY DANTAS PEREIRA,38000.0,Serviços de Contabilidade,8000.0
2026,5,oreste.pdf,ANTONIO ORESTE DE AGUIAR,39500.0,Consultoria e Assessoria Jurídica,15000.0
2026,5,oreste.pdf,ANTONIO ORESTE DE AGUIAR,39500.0,Consultoria e Assessoria de Imprensa,9000.0
2026,5,oreste.pdf,ANTONIO ORESTE DE AGUIAR,39500.0,Divulgação de Atividades Geral,7500.0
2026,5,oreste.pdf,ANTONIO ORESTE DE AGUIAR,39500.0,Serviços de Contabilidade,8000.0
2026,5,bruno.pdf,BRUNO PEREZ DE SALES,40000.0,Consultoria e Assessoria Jurídica,14000.0
2026,5,bruno.pdf,BRUNO PEREZ DE SALES,40000.0,Consultoria e Assessoria de Imprensa,9000.0
2026,5,bruno.pdf,BRUNO PEREZ DE SALES,40000.0,Divulgação em Geral,7000.0
2026,5,bruno.pdf,BRUNO PEREZ DE SALES,40000.0,Serviço Gráfico,5000.0
2026,5,bruno.pdf,BRUNO PEREZ DE SALES,40000.0,Serviços de Contabilidade,5000.0
2026,5,barbara.pdf,BÁBARA RIBEIRO FALCÃO,40000.0,Consultoria e Assessoria Jurídica,10000.0
2026,5,barbara.pdf,BÁBARA RIBEIRO FALCÃO,40000.0,Consultoria e Assessoria de Imprensa,9000.0
2026,5,barbara.pdf,BÁBARA RIBEIRO FALCÃO,40000.0,Divulgação de Atividades,7500.0
2026,5,barbara.pdf,BÁBARA RIBEIRO FALCÃO,40000.0,Pesquisas SócioEconômicas,6000.0
2026,5,barbara.pdf,BÁBARA RIBEIRO FALCÃO,40000.0,Serviços de Contabilidade,8000.0
2026,5,pr-carla.pdf,CARLA DEMÉTRIO MARTINS MATOS MESSIAS,39533.93,Acesso a Internet,599.8
2026,5,pr-carla.pdf,CARLA DEMÉTRIO MARTINS MATOS MESSIAS,39533.93,Consultoria e Assessoria de Imprensa,5500.0
2026,5,pr-carla.pdf,CARLA DEMÉTRIO MARTINS MATOS MESSIAS,39533.93,Divulgação de Atividades Geral,5500.0
2026,5,pr-carla.pdf,CARLA DEMÉTRIO MARTINS MATOS MESSIAS,39533.93,Energia Elétrica ou Similar,491.23
2026,5,pr-carla.pdf,CARLA DEMÉTRIO MARTINS MATOS MESSIAS,39533.93,Locação de Equipamentos,1500.0
2026,5,pr-carla.pdf,CARLA DEMÉTRIO MARTINS MATOS MESSIAS,39533.93,Locação de Imóveis,2800.0
2026,5,pr-carla.pdf,CARLA DEMÉTRIO MARTINS MATOS MESSIAS,39533.93,Material de Consumo e Expediente,142.9
2026,5,pr-carla.pdf,CARLA DEMÉTRIO MARTINS MATOS MESSIAS,39533.93,Serviços de Contabilidade,8000.0
2026,5,deyvid.pdf,DEYVID EVERSON SILVA CARNEIRO,40000.0,Consultoria Jurídica,15000.0
2026,5,deyvid.pdf,DEYVID EVERSON SILVA CARNEIRO,40000.0,Consultoria e Assessoria de Imprensa,9000.0
2026,5,deyvid.pdf,DEYVID EVERSON SILVA CARNEIRO,40000.0,Consultoria e elaboração de Projetos,7000.0
2026,5,deyvid.pdf,DEYVID EVERSON SILVA CARNEIRO,40000.0,Divulgação de Atividades,7000.0
2026,5,deyvid.pdf,DEYVID EVERSON SILVA CARNEIRO,40000.0,Serviços de Contabilidade,2000.0
2026,5,genilosn.pdf,GENILSON COSTA E SILVA,39718.94,Consultoria e Assessoria Jurídica,15000.0
2026,5,genilosn.pdf,GENILSON COSTA E SILVA,39718.94,Consultoria e Assessoria de Imprensa,9000.0
2026,5,genilosn.pdf,GENILSON COSTA E SILVA,39718.94,Divulgação de Atividades,7500.0
2026,5,genilosn.pdf,GENILSON COSTA E SILVA,39718.94,Serviços de Contabilidade,8000.0
2026,5,genilosn.pdf,GENILSON COSTA E SILVA,39718.94,Telefone Fixo/Celular,218.94
2026,5,pr-gil.pdf,GILDEVALDO DA LUZ ROCHA,40000.0,Consultoria e Assessoria de Imprensa,9000.0
2026,5,pr-gil.pdf,GILDEVALDO DA LUZ ROCHA,40000.0,Consultoria eAssessoria Jurídica,15000.0
2026,5,pr-gil.pdf,GILDEVALDO DA LUZ ROCHA,40000.0,Divulgação de Atividades,5000.0
2026,5,pr-gil.pdf,GILDEVALDO DA LUZ ROCHA,40000.0,Locação de Imóveis,3650.0
2026,5,pr-gil.pdf,GILDEVALDO DA LUZ ROCHA,40000.0,Serviço de Contabilidade,8000.0
2026,5,jeu-nunes.pdf,JEUSIVANIA PEREIRA NUNES,39999.64,Consultoria e Assessoria Jurídica,15000.0
2026,5,jeu-nunes.pdf,JEUSIVANIA PEREIRA NUNES,39999.64,Consultoria e Assessoria de Imprensa,8000.0
2026,5,jeu-nunes.pdf,JEUSIVANIA PEREIRA NUNES,39999.64,Divulgação de Atividades,7500.0
2026,5,jeu-nunes.pdf,JEUSIVANIA PEREIRA NUNES,39999.64,Locação de Imóveis,1000.0
2026,5,jeu-nunes.pdf,JEUSIVANIA PEREIRA NUNES,39999.64,Material de Consumo e Expediente,499.64
2026,5,jeu-nunes.pdf,JEUSIVANIA PEREIRA NUNES,39999.64,Serviços de Contabilidade,8000.0
2026,5,julio.pdf,JÚLIO CEZAR MEDEIROS LIMA,40000.0,Consultoria e Assessoria Jurídica,15000.0
2026,5,julio.pdf,JÚLIO CEZAR MEDEIROS LIMA,40000.0,Consultoria e Assessoria de Imprensa,9000.0
2026,5,julio.pdf,JÚLIO CEZAR MEDEIROS LIMA,40000.0,Consultoria e elaboração de projetos,3000.0
2026,5,julio.pdf,JÚLIO CEZAR MEDEIROS LIMA,40000.0,Divulgação de Atividades,5000.0
2026,5,julio.pdf,JÚLIO CEZAR MEDEIROS LIMA,40000.0,Serviços de Contabilidade,8000.0
2026,5,manoel-neves.pdf,MANOEL NEVES DE MACEDO,35378.25,Consultoria e Assessoria Jurídica,12000.0
2026,5,manoel-neves.pdf,MANOEL NEVES DE MACEDO,35378.25,Consultoria e Assessoria de Imprensa,8000.0
2026,5,manoel-neves.pdf,MANOEL NEVES DE MACEDO,35378.25,Consultoria e Elaboração de Projetos,7000.0
2026,5,manoel-neves.pdf,MANOEL NEVES DE MACEDO,35378.25,Locação de Equipamentos,1000.0
2026,5,manoel-neves.pdf,MANOEL NEVES DE MACEDO,35378.25,Material de Consumo e Expediente,378.25
2026,5,manoel-neves.pdf,MANOEL NEVES DE MACEDO,35378.25,Serviços de Contabilidade,7000.0
2026,5,marcelo.pdf,MARCELO DE MAGALHAES NUNES,40000.0,Consultoria e Assessoria Jurídica,15000.0
2026,5,marcelo.pdf,MARCELO DE MAGALHAES NUNES,40000.0,Consultoria e Assessoria de Imprensa,7000.0
2026,5,marcelo.pdf,MARCELO DE MAGALHAES NUNES,40000.0,Divulgação de Atividades,5000.0
2026,5,marcelo.pdf,MARCELO DE MAGALHAES NUNES,40000.0,Serviços Gráficos,5000.0
2026,5,marcelo.pdf,MARCELO DE MAGALHAES NUNES,40000.0,Serviços de Contabilidade,8000.0
2026,5,mangabeira.pdf,MOACIVAL DANIEL MANGABEIRA,40000.0,Consultoria e Assessoria Juridica,10500.0
2026,5,mangabeira.pdf,MOACIVAL DANIEL MANGABEIRA,40000.0,Consultoria e Assessoria de Imprensa,9000.0
2026,5,mangabeira.pdf,MOACIVAL DANIEL MANGABEIRA,40000.0,Consultoria e elaboralçao de projetos,3000.0
2026,5,mangabeira.pdf,MOACIVAL DANIEL MANGABEIRA,40000.0,Divulgação de atividades,7000.0
2026,5,mangabeira.pdf,MOACIVAL DANIEL MANGABEIRA,40000.0,Serviços Gráficos,5500.0
2026,5,mangabeira.pdf,MOACIVAL DANIEL MANGABEIRA,40000.0,Serviços de Contabilidade,5000.0
2026,5,roberto.pdf,ROBERTO CONCEIÇÃO DOS SANTOS FRANCO,40000.0,Consultoria Elaboraçaõ de Projetos,5500.0
2026,5,roberto.pdf,ROBERTO CONCEIÇÃO DOS SANTOS FRANCO,40000.0,Consultoria e Assessoria Jurídica,15000.0
2026,5,roberto.pdf,ROBERTO CONCEIÇÃO DOS SANTOS FRANCO,40000.0,Consultoria e Assessoria de Imprensa,7500.0
2026,5,roberto.pdf,ROBERTO CONCEIÇÃO DOS SANTOS FRANCO,40000.0,Divulgaçõ de Atividades,4000.0
2026,5,roberto.pdf,ROBERTO CONCEIÇÃO DOS SANTOS FRANCO,40000.0,Serviços de Contabilidade,8000.0
2026,5,thiago-reis.pdf,THIAGO CEZAR REIS PEREIRA,39000.0,Consultoria e Assessoria Juridica,15000.0
2026,5,thiago-reis.pdf,THIAGO CEZAR REIS PEREIRA,39000.0,Consultoria e Assessoria de Imprensa,9000.0
2026,5,thiago-reis.pdf,THIAGO CEZAR REIS PEREIRA,39000.0,Consultoria e Elaboração de Projetos,7000.0
2026,5,thiago-reis.pdf,THIAGO CEZAR REIS PEREIRA,39000.0,Serviços de Contabilidade,8000.0
2026,5,tihiago-fogaca.pdf,THIAGO COELHO FOGAÇA,39974.68,Consultoria e Assessoria Jurídica,15000.0
2026,5,tihiago-fogaca.pdf,THIAGO COELHO FOGAÇA,39974.68,Consultoria e Assessoria de Imprensa,9000.0
2026,5,tihiago-fogaca.pdf,THIAGO COELHO FOGAÇA,39974.68,Divulgação de Atividades,7500.0
2026,5,tihiago-fogaca.pdf,THIAGO COELHO FOGAÇA,39974.68,Locação de Imóveis,3424.68
2026,5,tihiago-fogaca.pdf,THIAGO COELHO FOGAÇA,39974.68,Serviços de Contabilidade,5050.0
2026,5,thiago-saraiva.pdf,THIAGO DUARTE SARAIVA,39891.69,Consultoria e Assessoria Juridica,15000.0
2026,5,thiago-saraiva.pdf,THIAGO DUARTE SARAIVA,39891.69,Consultoria e Assessoria de Imprensa,7000.0
2026,5,thiago-saraiva.pdf,THIAGO DUARTE SARAIVA,39891.69,Consultoria e Elaboração de Projetos,5000.0
2026,5,thiago-saraiva.pdf,THIAGO DUARTE SARAIVA,39891.69,Divulgação de Atividades,4000.0
2026,5,thiago-saraiva.pdf,THIAGO DUARTE SARAIVA,39891.69,Material de Consumo Expediente,891.69
2026,5,thiago-saraiva.pdf,THIAGO DUARTE SARAIVA,39891.69,Serviços de Contabilidade,8000.0
2026,5,walquiria.pdf,WALKIRIA RIBEIRO DOS REIS,39800.0,Consultoria e Assessoria Jurídica,15000.0
2026,5,walquiria.pdf,WALKIRIA RIBEIRO DOS REIS,39800.0,Consultoria e elaboração de projetos,6000.0
2026,5,walquiria.pdf,WALKIRIA RIBEIRO DOS REIS,39800.0,Divulgação de Atividades,6000.0
2026,5,walquiria.pdf,WALKIRIA RIBEIRO DOS REIS,39800.0,Serviços Gráficos,4800.0
2026,5,walquiria.pdf,WALKIRIA RIBEIRO DOS REIS,39800.0,Serviços de Contabilidade,8000.0
2026,5,italo.pdf,ÍTALO OTÁVIO TEIXEIRA PINTO,40000.0,Consultoria e Assessoria Jurídica,13000.0
2026,5,italo.pdf,ÍTALO OTÁVIO TEIXEIRA PINTO,40000.0,Consultoria e Assessoria de Imprensa,8000.0
2026,5,italo.pdf,ÍTALO OTÁVIO TEIXEIRA PINTO,40000.0,Divulgação de Atividades em Geral,7000.0
2026,5,italo.pdf,ÍTALO OTÁVIO TEIXEIRA PINTO,40000.0,Serviços Gráficos,5000.0
2026,5,italo.pdf,ÍTALO OTÁVIO TEIXEIRA PINTO,40000.0,Serviços de Contabilidade,7000.0
2026,6,aderval-rocha.pdf,ADERVAL DA ROCHA FERREIRA FILHO,39500.0,Consultoria e Assessoria Jurídica,15000.0
2026,6,aderval-rocha.pdf,ADERVAL DA ROCHA FERREIRA FILHO,39500.0,Consultoria e Assessoria de Imprensa,9000.0
2026,6,aderval-rocha.pdf,ADERVAL DA ROCHA FERREIRA FILHO,39500.0,Divulgação de Atividades,7500.0
2026,6,aderval-rocha.pdf,ADERVAL DA ROCHA FERREIRA FILHO,39500.0,Serviços de Contabilidade,8000.0
2026,6,adjalma-goncalves.pdf,ADJALMA GONÇALVES,39500.0,Consultoria e Assessoria Jurídica,15000.0
2026,6,adjalma-goncalves.pdf,ADJALMA GONÇALVES,39500.0,Consultoria e Assessoria de Imprensa,9000.0
2026,6,adjalma-goncalves.pdf,ADJALMA GONÇALVES,39500.0,Divulgação em Geral,7500.0
2026,6,adjalma-goncalves.pdf,ADJALMA GONÇALVES,39500.0,Serviços de Contabilidade,8000.0
2026,6,adnan-wadson.pdf,ADNAN WADSON DE LIMA,39736.53,Acesso a Internet,149.9
2026,6,adnan-wadson.pdf,ADNAN WADSON DE LIMA,39736.53,Consultoria e Assessoria Jurídica,15000.0
2026,6,adnan-wadson.pdf,ADNAN WADSON DE LIMA,39736.53,Consultoria e Assessoria de Imprensa,6000.0
2026,6,adnan-wadson.pdf,ADNAN WADSON DE LIMA,39736.53,Divulgação de Atividades,7000.0
2026,6,adnan-wadson.pdf,ADNAN WADSON DE LIMA,39736.53,Locaçaõ de Imóveis,3000.0
2026,6,adnan-wadson.pdf,ADNAN WADSON DE LIMA,39736.53,Material de Consumo e Expediente,1086.63
2026,6,adnan-wadson.pdf,ADNAN WADSON DE LIMA,39736.53,Serviços Gráficos,500.0
2026,6,adnan-wadson.pdf,ADNAN WADSON DE LIMA,39736.53,Serviços de Contabilidade,7000.0
2026,6,aline-rezende.pdf,ALINE MARIA DE MENEZES REZENDE CHAGAS,40000.0,Consultoria e Assessoria Jurídica,10000.0
2026,6,aline-rezende.pdf,ALINE MARIA DE MENEZES REZENDE CHAGAS,40000.0,Consultoria e Assessoria de Imprensa,9000.0
2026,6,aline-rezende.pdf,ALINE MARIA DE MENEZES REZENDE CHAGAS,40000.0,Divulgação de Atividades,7500.0
2026,6,aline-rezende.pdf,ALINE MARIA DE MENEZES REZENDE CHAGAS,40000.0,Serviços Gráficos,5500.0
2026,6,aline-rezende.pdf,ALINE MARIA DE MENEZES REZENDE CHAGAS,40000.0,Serviços de Contabilidade,8000.0
2026,6,carol-dantas.pdf,ANNE CAROLINY DANTAS PEREIRA,33000.0,Consultoria e Assessoria Jurídica,15000.0
2026,6,carol-dantas.pdf,ANNE CAROLINY DANTAS PEREIRA,33000.0,Consultoria e Assessoria de Imprensa,9000.0
2026,6,carol-dantas.pdf,ANNE CAROLINY DANTAS PEREIRA,33000.0,Divulgação de Atividades,1000.0
2026,6,carol-dantas.pdf,ANNE CAROLINY DANTAS PEREIRA,33000.0,Serviços de Contabilidade,8000.0
2026,6,oreste-aguiar.pdf,ANTONIO ORESTE DE AGUIAR,39500.0,Consultoria e Assessoria Jurídica,15000.0
2026,6,oreste-aguiar.pdf,ANTONIO ORESTE DE AGUIAR,39500.0,Consultoria e Assessoria de Imprensa,9000.0
2026,6,oreste-aguiar.pdf,ANTONIO ORESTE DE AGUIAR,39500.0,Divulgação de Atividades Geral,7500.0
2026,6,oreste-aguiar.pdf,ANTONIO ORESTE DE AGUIAR,39500.0,Serviços de Contabilidade,8000.0
2026,6,bruno-perez.pdf,BRUNO PEREZ DE SALES,40000.0,Consultoria e Assessoria Jurídica,14000.0
2026,6,bruno-perez.pdf,BRUNO PEREZ DE SALES,40000.0,Consultoria e Assessoria de Imprensa,9000.0
2026,6,bruno-perez.pdf,BRUNO PEREZ DE SALES,40000.0,Divulgação em Geral,7000.0
2026,6,bruno-perez.pdf,BRUNO PEREZ DE SALES,40000.0,Serviço Gráfico,5000.0
2026,6,bruno-perez.pdf,BRUNO PEREZ DE SALES,40000.0,Serviços de Contabilidade,5000.0
2026,6,barbara-falcao.pdf,BÁBARA RIBEIRO FALCÃO,40000.0,Consultoria e Assessoria Jurídica,10000.0
2026,6,barbara-falcao.pdf,BÁBARA RIBEIRO FALCÃO,40000.0,Consultoria e Assessoria de Imprensa,9000.0
2026,6,barbara-falcao.pdf,BÁBARA RIBEIRO FALCÃO,40000.0,Divulgação de Atividades,7500.0
2026,6,barbara-falcao.pdf,BÁBARA RIBEIRO FALCÃO,40000.0,Pesquisas SócioEconômicas,6000.0
2026,6,barbara-falcao.pdf,BÁBARA RIBEIRO FALCÃO,40000.0,Serviços de Contabilidade,8000.0
2026,6,carla-mecias.pdf,CARLA DEMÉTRIO MARTINS MATOS MESSIAS,39247.55,Acesso a Internet,599.8
2026,6,carla-mecias.pdf,CARLA DEMÉTRIO MARTINS MATOS MESSIAS,39247.55,Consultoria e Assessoria de Imprensa,5500.0
2026,6,carla-mecias.pdf,CARLA DEMÉTRIO MARTINS MATOS MESSIAS,39247.55,Divulgação de Atividades Geral,5500.0
2026,6,carla-mecias.pdf,CARLA DEMÉTRIO MARTINS MATOS MESSIAS,39247.55,Energia Elétrica ou Similar,347.75
2026,6,carla-mecias.pdf,CARLA DEMÉTRIO MARTINS MATOS MESSIAS,39247.55,Locação de Equipamentos,1500.0
2026,6,carla-mecias.pdf,CARLA DEMÉTRIO MARTINS MATOS MESSIAS,39247.55,Locação de Imóveis,2800.0
2026,6,carla-mecias.pdf,CARLA DEMÉTRIO MARTINS MATOS MESSIAS,39247.55,Serviços de Contabilidade,8000.0
2026,6,deyvid-carneiro.pdf,DEYVID EVERSON SILVA CARNEIRO,40000.0,Consultoria Jurídica,15000.0
2026,6,deyvid-carneiro.pdf,DEYVID EVERSON SILVA CARNEIRO,40000.0,Consultoria e Assessoria de Imprensa,9000.0
2026,6,deyvid-carneiro.pdf,DEYVID EVERSON SILVA CARNEIRO,40000.0,Consultoria e elaboração de Projetos,7000.0
2026,6,deyvid-carneiro.pdf,DEYVID EVERSON SILVA CARNEIRO,40000.0,Divulgação de Atividades,7000.0
2026,6,deyvid-carneiro.pdf,DEYVID EVERSON SILVA CARNEIRO,40000.0,Serviços de Contabilidade,2000.0
2026,6,genilson-costa.pdf,GENILSON COSTA E SILVA,39761.64,Consultoria e Assessoria Jurídica,15000.0
2026,6,genilson-costa.pdf,GENILSON COSTA E SILVA,39761.64,Consultoria e Assessoria de Imprensa,9000.0
2026,6,genilson-costa.pdf,GENILSON COSTA E SILVA,39761.64,Divulgação de Atividades,7500.0
2026,6,genilson-costa.pdf,GENILSON COSTA E SILVA,39761.64,Serviços de Contabilidade,8000.0
2026,6,genilson-costa.pdf,GENILSON COSTA E SILVA,39761.64,Telefone Fixo/Celular,261.64
2026,6,gildevaldo-rocha.pdf,GILDEVALDO DA LUZ ROCHA,40000.0,Consultoria e Assessoria de Imprensa,9000.0
2026,6,gildevaldo-rocha.pdf,GILDEVALDO DA LUZ ROCHA,40000.0,Consultoria eAssessoria Jurídica,15000.0
2026,6,gildevaldo-rocha.pdf,GILDEVALDO DA LUZ ROCHA,40000.0,Divulgação de Atividades,5000.0
2026,6,gildevaldo-rocha.pdf,GILDEVALDO DA LUZ ROCHA,40000.0,Locação de Imóveis,3500.0
2026,6,gildevaldo-rocha.pdf,GILDEVALDO DA LUZ ROCHA,40000.0,Serviço de Contabilidade,8000.0
2026,6,jeusivania-nunes.pdf,JEUSIVANIA PEREIRA NUNES,39760.0,Consultoria e Assessoria Jurídica,15000.0
2026,6,jeusivania-nunes.pdf,JEUSIVANIA PEREIRA NUNES,39760.0,Consultoria e Assessoria de Imprensa,8000.0
2026,6,jeusivania-nunes.pdf,JEUSIVANIA PEREIRA NUNES,39760.0,Divulgação de Atividades,7500.0
2026,6,jeusivania-nunes.pdf,JEUSIVANIA PEREIRA NUNES,39760.0,Locação de Imóveis,1000.0
2026,6,jeusivania-nunes.pdf,JEUSIVANIA PEREIRA NUNES,39760.0,Serviços de Contabilidade,8000.0
2026,6,jeusivania-nunes.pdf,JEUSIVANIA PEREIRA NUNES,39760.0,Suprimento de Informática,260.0
2026,6,julio-cezar.pdf,JÚLIO CEZAR MEDEIROS LIMA,40000.0,Consultoria e Assessoria Jurídica,15000.0
2026,6,julio-cezar.pdf,JÚLIO CEZAR MEDEIROS LIMA,40000.0,Consultoria e Assessoria de Imprensa,9000.0
2026,6,julio-cezar.pdf,JÚLIO CEZAR MEDEIROS LIMA,40000.0,Consultoria e elaboração de projetos,3000.0
2026,6,julio-cezar.pdf,JÚLIO CEZAR MEDEIROS LIMA,40000.0,Divulgação de Atividades,5000.0
2026,6,julio-cezar.pdf,JÚLIO CEZAR MEDEIROS LIMA,40000.0,Serviços de Contabilidade,8000.0
2026,6,manoel-neves.pdf,MANOEL NEVES DE MACEDO,35000.0,Consultoria e Assessoria Jurídica,12000.0
2026,6,manoel-neves.pdf,MANOEL NEVES DE MACEDO,35000.0,Consultoria e Assessoria de Imprensa,8000.0
2026,6,manoel-neves.pdf,MANOEL NEVES DE MACEDO,35000.0,Consultoria e Elaboração de Projetos,7000.0
2026,6,manoel-neves.pdf,MANOEL NEVES DE MACEDO,35000.0,Locação de Equipamentos,1000.0
2026,6,manoel-neves.pdf,MANOEL NEVES DE MACEDO,35000.0,Serviços de Contabilidade,7000.0
2026,6,marcelo-nunes.pdf,MARCELO DE MAGALHAES NUNES,40000.0,Consultoria e Assessoria Jurídica,15000.0
2026,6,marcelo-nunes.pdf,MARCELO DE MAGALHAES NUNES,40000.0,Consultoria e Assessoria de Imprensa,7000.0
2026,6,marcelo-nunes.pdf,MARCELO DE MAGALHAES NUNES,40000.0,Divulgação de Atividades,5000.0
2026,6,marcelo-nunes.pdf,MARCELO DE MAGALHAES NUNES,40000.0,Serviços Gráficos,5000.0
2026,6,marcelo-nunes.pdf,MARCELO DE MAGALHAES NUNES,40000.0,Serviços de Contabilidade,8000.0
2026,6,daniel-mangabeira.pdf,MOACIVAL DANIEL MANGABEIRA,40000.0,Consultoria e Assessoria Juridica,10500.0
2026,6,daniel-mangabeira.pdf,MOACIVAL DANIEL MANGABEIRA,40000.0,Consultoria e Assessoria de Imprensa,9000.0
2026,6,daniel-mangabeira.pdf,MOACIVAL DANIEL MANGABEIRA,40000.0,Consultoria e elaboralçao de projetos,3000.0
2026,6,daniel-mangabeira.pdf,MOACIVAL DANIEL MANGABEIRA,40000.0,Divulgação de atividades,7000.0
2026,6,daniel-mangabeira.pdf,MOACIVAL DANIEL MANGABEIRA,40000.0,Serviços Gráficos,5500.0
2026,6,daniel-mangabeira.pdf,MOACIVAL DANIEL MANGABEIRA,40000.0,Serviços de Contabilidade,5000.0
2026,6,renato-queiroz.pdf,RENATO DE ANDRADE QUEIRÓZ,40000.0,Consultoria e Assessoria Jurídica,13000.0
2026,6,renato-queiroz.pdf,RENATO DE ANDRADE QUEIRÓZ,40000.0,Consultoria e Assessoria de Imprensa,8000.0
2026,6,renato-queiroz.pdf,RENATO DE ANDRADE QUEIRÓZ,40000.0,Divulgação de Atividades em Geral,7000.0
2026,6,renato-queiroz.pdf,RENATO DE ANDRADE QUEIRÓZ,40000.0,Serviços Gráficos,5000.0
2026,6,renato-queiroz.pdf,RENATO DE ANDRADE QUEIRÓZ,40000.0,Serviços de Contabilidade,7000.0
2026,6,roberto-franco.pdf,ROBERTO CONCEIÇÃO DOS SANTOS FRANCO,40000.0,Consultoria Elaboraçaõ de Projetos,5500.0
2026,6,roberto-franco.pdf,ROBERTO CONCEIÇÃO DOS SANTOS FRANCO,40000.0,Consultoria e Assessoria Jurídica,15000.0
2026,6,roberto-franco.pdf,ROBERTO CONCEIÇÃO DOS SANTOS FRANCO,40000.0,Consultoria e Assessoria de Imprensa,7500.0
2026,6,roberto-franco.pdf,ROBERTO CONCEIÇÃO DOS SANTOS FRANCO,40000.0,Divulgaçõ de Atividades,4000.0
2026,6,roberto-franco.pdf,ROBERTO CONCEIÇÃO DOS SANTOS FRANCO,40000.0,Serviços de Contabilidade,8000.0
2026,6,thiago-reis.pdf,THIAGO CEZAR REIS PEREIRA,39000.0,Consultoria e Assessoria Juridica,15000.0
2026,6,thiago-reis.pdf,THIAGO CEZAR REIS PEREIRA,39000.0,Consultoria e Assessoria de Imprensa,9000.0
2026,6,thiago-reis.pdf,THIAGO CEZAR REIS PEREIRA,39000.0,Consultoria e Elaboração de Projetos,7000.0
2026,6,thiago-reis.pdf,THIAGO CEZAR REIS PEREIRA,39000.0,Serviços de Contabilidade,8000.0
2026,6,thiago-fogaca.pdf,THIAGO COELHO FOGAÇA,40000.0,Consultoria e Assessoria Jurídica,15000.0
2026,6,thiago-fogaca.pdf,THIAGO COELHO FOGAÇA,40000.0,Consultoria e Assessoria de Imprensa,9000.0
2026,6,thiago-fogaca.pdf,THIAGO COELHO FOGAÇA,40000.0,Divulgação de Atividades,7500.0
2026,6,thiago-fogaca.pdf,THIAGO COELHO FOGAÇA,40000.0,Locação de Imóveis,3500.0
2026,6,thiago-fogaca.pdf,THIAGO COELHO FOGAÇA,40000.0,Serviços de Contabilidade,5050.0
2026,6,thiago-saraiva.pdf,THIAGO DUARTE SARAIVA,39408.88,Consultoria e Assessoria Juridica,15000.0
2026,6,thiago-saraiva.pdf,THIAGO DUARTE SARAIVA,39408.88,Consultoria e Assessoria de Imprensa,7000.0
2026,6,thiago-saraiva.pdf,THIAGO DUARTE SARAIVA,39408.88,Consultoria e Elaboração de Projetos,5000.0
2026,6,thiago-saraiva.pdf,THIAGO DUARTE SARAIVA,39408.88,Divulgação de Atividades,4000.0
2026,6,thiago-saraiva.pdf,THIAGO DUARTE SARAIVA,39408.88,Material de Consumo Expediente,408.88
2026,6,thiago-saraiva.pdf,THIAGO DUARTE SARAIVA,39408.88,Serviços de Contabilidade,8000.0
2026,6,walquiria.pdf,WALKIRIA RIBEIRO DOS REIS,39900.0,Consultoria e Assessoria Jurídica,15000.0
2026,6,walquiria.pdf,WALKIRIA RIBEIRO DOS REIS,39900.0,Consultoria e elaboração de projetos,6000.0
2026,6,walquiria.pdf,WALKIRIA RIBEIRO DOS REIS,39900.0,Divulgação de Atividades,6000.0
2026,6,walquiria.pdf,WALKIRIA RIBEIRO DOS REIS,39900.0,Serviços Gráficos,4900.0
2026,6,walquiria.pdf,WALKIRIA RIBEIRO DOS REIS,39900.0,Serviços de Contabilidade,8000.0
2026,7,aderval-rocha.pdf,ADERVAL DA ROCHA FERREIRA FILHO,39500.0,Consultoria e Assessoria Jurídica,15000.0
2026,7,aderval-rocha.pdf,ADERVAL DA ROCHA FERREIRA FILHO,39500.0,Consultoria e Assessoria de Imprensa,9000.0
2026,7,aderval-rocha.pdf,ADERVAL DA ROCHA FERREIRA FILHO,39500.0,Divulgação de Atividades,7500.0
2026,7,aderval-rocha.pdf,ADERVAL DA ROCHA FERREIRA FILHO,39500.0,Serviços de Contabilidade,8000.0
2026,7,adjalma.pdf,ADJALMA GONÇALVES,40000.0,Consultoria e Assessoria Jurídica,15000.0
2026,7,adjalma.pdf,ADJALMA GONÇALVES,40000.0,Consultoria e Assessoria de Imprensa,8000.0
2026,7,adjalma.pdf,ADJALMA GONÇALVES,40000.0,Divulgação em Geral,7000.0
2026,7,adjalma.pdf,ADJALMA GONÇALVES,40000.0,Serviços Gráficos,2100.0
2026,7,adjalma.pdf,ADJALMA GONÇALVES,40000.0,Serviços de Contabilidade,8000.0
2026,7,adnan-wadson.pdf,ADNAN WADSON DE LIMA,39729.96,Acesso a Internet,149.9
2026,7,adnan-wadson.pdf,ADNAN WADSON DE LIMA,39729.96,Consultoria e Assessoria Jurídica,15000.0
2026,7,adnan-wadson.pdf,ADNAN WADSON DE LIMA,39729.96,Consultoria e Assessoria de Imprensa,6000.0
2026,7,adnan-wadson.pdf,ADNAN WADSON DE LIMA,39729.96,Divulgação de Atividades,7000.0
2026,7,adnan-wadson.pdf,ADNAN WADSON DE LIMA,39729.96,Locaçaõ de Imóveis,3000.0
2026,7,adnan-wadson.pdf,ADNAN WADSON DE LIMA,39729.96,Material de Consumo e Expediente,1080.06
2026,7,adnan-wadson.pdf,ADNAN WADSON DE LIMA,39729.96,Serviços Gráficos,500.0
2026,7,adnan-wadson.pdf,ADNAN WADSON DE LIMA,39729.96,Serviços de Contabilidade,7000.0
2026,7,aline-rezende.pdf,ALINE MARIA DE MENEZES REZENDE CHAGAS,40000.0,Consultoria e Assessoria Jurídica,10000.0
2026,7,aline-rezende.pdf,ALINE MARIA DE MENEZES REZENDE CHAGAS,40000.0,Consultoria e Assessoria de Imprensa,9000.0
2026,7,aline-rezende.pdf,ALINE MARIA DE MENEZES REZENDE CHAGAS,40000.0,Divulgação de Atividades,7500.0
2026,7,aline-rezende.pdf,ALINE MARIA DE MENEZES REZENDE CHAGAS,40000.0,Serviços Gráficos,5500.0
2026,7,aline-rezende.pdf,ALINE MARIA DE MENEZES REZENDE CHAGAS,40000.0,Serviços de Contabilidade,8000.0
2026,7,carol-dantas.pdf,ANNE CAROLINY DANTAS PEREIRA,38500.0,Consultoria e Assessoria Jurídica,15000.0
2026,7,carol-dantas.pdf,ANNE CAROLINY DANTAS PEREIRA,38500.0,Consultoria e Assessoria de Imprensa,9000.0
2026,7,carol-dantas.pdf,ANNE CAROLINY DANTAS PEREIRA,38500.0,Divulgação de Atividades,1000.0
2026,7,carol-dantas.pdf,ANNE CAROLINY DANTAS PEREIRA,38500.0,Serviços Gráficos,5500.0
2026,7,carol-dantas.pdf,ANNE CAROLINY DANTAS PEREIRA,38500.0,Serviços de Contabilidade,8000.0
2026,7,oreste.pdf,ANTONIO ORESTE DE AGUIAR,39500.0,Consultoria e Assessoria Jurídica,15000.0
2026,7,oreste.pdf,ANTONIO ORESTE DE AGUIAR,39500.0,Consultoria e Assessoria de Imprensa,9000.0
2026,7,oreste.pdf,ANTONIO ORESTE DE AGUIAR,39500.0,Divulgação de Atividades Geral,7500.0
2026,7,oreste.pdf,ANTONIO ORESTE DE AGUIAR,39500.0,Serviços de Contabilidade,8000.0
2026,7,bruno-perez.pdf,BRUNO PEREZ DE SALES,40000.0,Consultoria e Assessoria Jurídica,14000.0
2026,7,bruno-perez.pdf,BRUNO PEREZ DE SALES,40000.0,Consultoria e Assessoria de Imprensa,9000.0
2026,7,bruno-perez.pdf,BRUNO PEREZ DE SALES,40000.0,Divulgação em Geral,7000.0
2026,7,bruno-perez.pdf,BRUNO PEREZ DE SALES,40000.0,Serviço Gráfico,5000.0
2026,7,bruno-perez.pdf,BRUNO PEREZ DE SALES,40000.0,Serviços de Contabilidade,5000.0
2026,7,barbara-falcao.pdf,BÁBARA RIBEIRO FALCÃO,30500.0,Consultoria e Assessoria de Imprensa,9000.0
2026,7,barbara-falcao.pdf,BÁBARA RIBEIRO FALCÃO,30500.0,Divulgação de Atividades,7500.0
2026,7,barbara-falcao.pdf,BÁBARA RIBEIRO FALCÃO,30500.0,Pesquisas SócioEconômicas,6000.0
2026,7,barbara-falcao.pdf,BÁBARA RIBEIRO FALCÃO,30500.0,Serviços de Contabilidade,8000.0
2026,7,carla-messias.pdf,CARLA DEMÉTRIO MARTINS MATOS MESSIAS,39374.63,Acesso a Internet,599.8
2026,7,carla-messias.pdf,CARLA DEMÉTRIO MARTINS MATOS MESSIAS,39374.63,Consultoria e Assessoria de Imprensa,5500.0
2026,7,carla-messias.pdf,CARLA DEMÉTRIO MARTINS MATOS MESSIAS,39374.63,Divulgação de Atividades Geral,5500.0
2026,7,carla-messias.pdf,CARLA DEMÉTRIO MARTINS MATOS MESSIAS,39374.63,Energia Elétrica ou Similar,401.17
2026,7,carla-messias.pdf,CARLA DEMÉTRIO MARTINS MATOS MESSIAS,39374.63,Locação de Equipamentos,1500.0
2026,7,carla-messias.pdf,CARLA DEMÉTRIO MARTINS MATOS MESSIAS,39374.63,Locação de Imóveis,2800.0
2026,7,carla-messias.pdf,CARLA DEMÉTRIO MARTINS MATOS MESSIAS,39374.63,Material de Consumo e Expediente,73.66
2026,7,carla-messias.pdf,CARLA DEMÉTRIO MARTINS MATOS MESSIAS,39374.63,Serviços de Contabilidade,8000.0
2026,7,deyvid-carneiro.pdf,DEYVID EVERSON SILVA CARNEIRO,40000.0,Consultoria Jurídica,15000.0
2026,7,deyvid-carneiro.pdf,DEYVID EVERSON SILVA CARNEIRO,40000.0,Consultoria e Assessoria de Imprensa,9000.0
2026,7,deyvid-carneiro.pdf,DEYVID EVERSON SILVA CARNEIRO,40000.0,Consultoria e elaboração de Projetos,7000.0
2026,7,deyvid-carneiro.pdf,DEYVID EVERSON SILVA CARNEIRO,40000.0,Divulgação de Atividades,7000.0
2026,7,deyvid-carneiro.pdf,DEYVID EVERSON SILVA CARNEIRO,40000.0,Serviços de Contabilidade,2000.0
2026,7,genilson-costa.pdf,GENILSON COSTA E SILVA,39759.64,Consultoria e Assessoria Jurídica,15000.0
2026,7,genilson-costa.pdf,GENILSON COSTA E SILVA,39759.64,Consultoria e Assessoria de Imprensa,9000.0
2026,7,genilson-costa.pdf,GENILSON COSTA E SILVA,39759.64,Divulgação de Atividades,7500.0
2026,7,genilson-costa.pdf,GENILSON COSTA E SILVA,39759.64,Serviços de Contabilidade,8000.0
2026,7,genilson-costa.pdf,GENILSON COSTA E SILVA,39759.64,Telefone Fixo/Celular,259.64
2026,7,gildevaldo-rocha.pdf,GILDEVALDO DA LUZ ROCHA,40000.0,Consultoria e Assessoria de Imprensa,9000.0
2026,7,gildevaldo-rocha.pdf,GILDEVALDO DA LUZ ROCHA,40000.0,Consultoria eAssessoria Jurídica,15000.0
2026,7,gildevaldo-rocha.pdf,GILDEVALDO DA LUZ ROCHA,40000.0,Divulgação de Atividades,5000.0
2026,7,gildevaldo-rocha.pdf,GILDEVALDO DA LUZ ROCHA,40000.0,Locação de Imóveis,3500.0
2026,7,gildevaldo-rocha.pdf,GILDEVALDO DA LUZ ROCHA,40000.0,Serviço de Contabilidade,8000.0
2026,7,jeusivania-nunes.pdf,JEUSIVANIA PEREIRA NUNES,39925.47,Consultoria e Assessoria Jurídica,15000.0
2026,7,jeusivania-nunes.pdf,JEUSIVANIA PEREIRA NUNES,39925.47,Consultoria e Assessoria de Imprensa,8000.0
2026,7,jeusivania-nunes.pdf,JEUSIVANIA PEREIRA NUNES,39925.47,Divulgação de Atividades,7500.0
2026,7,jeusivania-nunes.pdf,JEUSIVANIA PEREIRA NUNES,39925.47,Locação de Imóveis,1000.0
2026,7,jeusivania-nunes.pdf,JEUSIVANIA PEREIRA NUNES,39925.47,Material de consumo e Expediente,425.47
2026,7,jeusivania-nunes.pdf,JEUSIVANIA PEREIRA NUNES,39925.47,Serviços de Contabilidade,8000.0
2026,7,julio-cezar.pdf,JÚLIO CEZAR MEDEIROS LIMA,40000.0,Consultoria e Assessoria Jurídica,15000.0
2026,7,julio-cezar.pdf,JÚLIO CEZAR MEDEIROS LIMA,40000.0,Consultoria e Assessoria de Imprensa,9000.0
2026,7,julio-cezar.pdf,JÚLIO CEZAR MEDEIROS LIMA,40000.0,Consultoria e elaboração de projetos,3000.0
2026,7,julio-cezar.pdf,JÚLIO CEZAR MEDEIROS LIMA,40000.0,Divulgação de Atividades,5000.0
2026,7,julio-cezar.pdf,JÚLIO CEZAR MEDEIROS LIMA,40000.0,Serviços de Contabilidade,8000.0
2026,7,manoel-neves.pdf,MANOEL NEVES DE MACEDO,35398.6,Consultoria e Assessoria Jurídica,12000.0
2026,7,manoel-neves.pdf,MANOEL NEVES DE MACEDO,35398.6,Consultoria e Assessoria de Imprensa,8000.0
2026,7,manoel-neves.pdf,MANOEL NEVES DE MACEDO,35398.6,Consultoria e Elaboração de Projetos,7000.0
2026,7,manoel-neves.pdf,MANOEL NEVES DE MACEDO,35398.6,Locação de Equipamentos,1000.0
2026,7,manoel-neves.pdf,MANOEL NEVES DE MACEDO,35398.6,Material de Expediente,398.6
2026,7,manoel-neves.pdf,MANOEL NEVES DE MACEDO,35398.6,Serviços de Contabilidade,7000.0
2026,7,marcelo-nunes.pdf,MARCELO DE MAGALHAES NUNES,40000.0,Consultoria e Assessoria Jurídica,15000.0
2026,7,marcelo-nunes.pdf,MARCELO DE MAGALHAES NUNES,40000.0,Consultoria e Assessoria de Imprensa,7000.0
2026,7,marcelo-nunes.pdf,MARCELO DE MAGALHAES NUNES,40000.0,Divulgação de Atividades,5000.0
2026,7,marcelo-nunes.pdf,MARCELO DE MAGALHAES NUNES,40000.0,Serviços Gráficos,5000.0
2026,7,marcelo-nunes.pdf,MARCELO DE MAGALHAES NUNES,40000.0,Serviços de Contabilidade,8000.0
2026,7,mangabeira.pdf,MOACIVAL DANIEL MANGABEIRA,40000.0,Consultoria e Assessoria Juridica,10500.0
2026,7,mangabeira.pdf,MOACIVAL DANIEL MANGABEIRA,40000.0,Consultoria e Assessoria de Imprensa,9000.0
2026,7,mangabeira.pdf,MOACIVAL DANIEL MANGABEIRA,40000.0,Consultoria e elaboralçao de projetos,3000.0
2026,7,mangabeira.pdf,MOACIVAL DANIEL MANGABEIRA,40000.0,Divulgação de atividades,7000.0
2026,7,mangabeira.pdf,MOACIVAL DANIEL MANGABEIRA,40000.0,Serviços Gráficos,5500.0
2026,7,mangabeira.pdf,MOACIVAL DANIEL MANGABEIRA,40000.0,Serviços de Contabilidade,5000.0
2026,7,renato-queiroz.pdf,RENATO DE ANDRADE QUEIRÓZ,40000.0,Consultoria e Assessoria Jurídica,13000.0
2026,7,renato-queiroz.pdf,RENATO DE ANDRADE QUEIRÓZ,40000.0,Consultoria e Assessoria de Imprensa,8000.0
2026,7,renato-queiroz.pdf,RENATO DE ANDRADE QUEIRÓZ,40000.0,Divulgação de Atividades em Geral,7000.0
2026,7,renato-queiroz.pdf,RENATO DE ANDRADE QUEIRÓZ,40000.0,Serviços Gráficos,5000.0
2026,7,renato-queiroz.pdf,RENATO DE ANDRADE QUEIRÓZ,40000.0,Serviços de Contabilidade,7000.0
2026,7,roberto-franco.pdf,ROBERTO CONCEIÇÃO DOS SANTOS FRANCO,40000.0,Consultoria Elaboraçaõ de Projetos,5500.0
2026,7,roberto-franco.pdf,ROBERTO CONCEIÇÃO DOS SANTOS FRANCO,40000.0,Consultoria e Assessoria Jurídica,15000.0
2026,7,roberto-franco.pdf,ROBERTO CONCEIÇÃO DOS SANTOS FRANCO,40000.0,Consultoria e Assessoria de Imprensa,7500.0
2026,7,roberto-franco.pdf,ROBERTO CONCEIÇÃO DOS SANTOS FRANCO,40000.0,Divulgaçõ de Atividades,4000.0
2026,7,roberto-franco.pdf,ROBERTO CONCEIÇÃO DOS SANTOS FRANCO,40000.0,Serviços de Contabilidade,8000.0
2026,7,thiago-reis.pdf,THIAGO CEZAR REIS PEREIRA,39000.0,Consultoria e Assessoria Juridica,15000.0
2026,7,thiago-reis.pdf,THIAGO CEZAR REIS PEREIRA,39000.0,Consultoria e Assessoria de Imprensa,9000.0
2026,7,thiago-reis.pdf,THIAGO CEZAR REIS PEREIRA,39000.0,Consultoria e Elaboração de Projetos,7000.0
2026,7,thiago-reis.pdf,THIAGO CEZAR REIS PEREIRA,39000.0,Serviços de Contabilidade,8000.0
2026,7,thiago-fogaca.pdf,THIAGO COELHO FOGAÇA,40000.0,Consultoria e Assessoria Jurídica,15000.0
2026,7,thiago-fogaca.pdf,THIAGO COELHO FOGAÇA,40000.0,Consultoria e Assessoria de Imprensa,9000.0
2026,7,thiago-fogaca.pdf,THIAGO COELHO FOGAÇA,40000.0,Divulgação de Atividades,7500.0
2026,7,thiago-fogaca.pdf,THIAGO COELHO FOGAÇA,40000.0,Locação de Imóveis,3424.68
2026,7,thiago-fogaca.pdf,THIAGO COELHO FOGAÇA,40000.0,Serviços de Contabilidade,5050.0
2026,7,thiago-saraiva.pdf,THIAGO DUARTE SARAIVA,39445.39,Consultoria e Assessoria Juridica,15000.0
2026,7,thiago-saraiva.pdf,THIAGO DUARTE SARAIVA,39445.39,Consultoria e Assessoria de Imprensa,7000.0
2026,7,thiago-saraiva.pdf,THIAGO DUARTE SARAIVA,39445.39,Consultoria e Elaboração de Projetos,5000.0
2026,7,thiago-saraiva.pdf,THIAGO DUARTE SARAIVA,39445.39,Divulgação de Atividades,4000.0
2026,7,thiago-saraiva.pdf,THIAGO DUARTE SARAIVA,39445.39,Material de Consumo Expediente,445.39
2026,7,thiago-saraiva.pdf,THIAGO DUARTE SARAIVA,39445.39,Serviços de Contabilidade,8000.0
2026,7,walquiria.pdf,WALKIRIA RIBEIRO DOS REIS,39800.0,Consultoria e Assessoria Jurídica,15000.0
2026,7,walquiria.pdf,WALKIRIA RIBEIRO DOS REIS,39800.0,Consultoria e elaboração de projetos,6000.0
2026,7,walquiria.pdf,WALKIRIA RIBEIRO DOS REIS,39800.0,Divulgação de Atividades,6000.0
2026,7,walquiria.pdf,WALKIRIA RIBEIRO DOS REIS,39800.0,Serviços Gráficos,4800.0
2026,7,walquiria.pdf,WALKIRIA RIBEIRO DOS REIS,39800.0,Serviços de Contabilidade,8000.0
2026,8,vava-do-thiangua.pdf,ADERVAL DA ROCHA FERREIRA FILHO,39500.0,Consultoria e Assessoria Jurídica,15000.0
2026,8,vava-do-thiangua.pdf,ADERVAL DA ROCHA FERREIRA FILHO,39500.0,Consultoria e Assessoria de Imprensa,9000.0
2026,8,vava-do-thiangua.pdf,ADERVAL DA ROCHA FERREIRA FILHO,39500.0,Divulgação de Atividades,7500.0
2026,8,vava-do-thiangua.pdf,ADERVAL DA ROCHA FERREIRA FILHO,39500.0,Serviços de Contabilidade,8000.0
2026,8,adjalma-goncalves.pdf,ADJALMA GONÇALVES,40000.0,Consultoria e Assessoria Jurídica,15000.0
2026,8,adjalma-goncalves.pdf,ADJALMA GONÇALVES,40000.0,Consultoria e Assessoria de Imprensa,9000.0
2026,8,adjalma-goncalves.pdf,ADJALMA GONÇALVES,40000.0,Divulgação em Geral,7500.0
2026,8,adjalma-goncalves.pdf,ADJALMA GONÇALVES,40000.0,Serviços de Contabilidade,8000.0
2026,8,adnan-wadson.pdf,ADNAN WADSON DE LIMA,39731.44,Acesso a Internet,149.9
2026,8,adnan-wadson.pdf,ADNAN WADSON DE LIMA,39731.44,Consultoria e Assessoria Jurídica,15000.0
2026,8,adnan-wadson.pdf,ADNAN WADSON DE LIMA,39731.44,Consultoria e Assessoria de Imprensa,6000.0
2026,8,adnan-wadson.pdf,ADNAN WADSON DE LIMA,39731.44,Divulgação de Atividades,7000.0
2026,8,adnan-wadson.pdf,ADNAN WADSON DE LIMA,39731.44,Locaçaõ de Imóveis,3000.0
2026,8,adnan-wadson.pdf,ADNAN WADSON DE LIMA,39731.44,Material de Consumo e Expediente,1081.54
2026,8,adnan-wadson.pdf,ADNAN WADSON DE LIMA,39731.44,Serviços Gráficos,500.0
2026,8,adnan-wadson.pdf,ADNAN WADSON DE LIMA,39731.44,Serviços de Contabilidade,7000.0
2026,8,aline-rezende.pdf,ALINE MARIA DE MENEZES REZENDE CHAGAS,40000.0,Consultoria e Assessoria Jurídica,10000.0
2026,8,aline-rezende.pdf,ALINE MARIA DE MENEZES REZENDE CHAGAS,40000.0,Consultoria e Assessoria de Imprensa,9000.0
2026,8,aline-rezende.pdf,ALINE MARIA DE MENEZES REZENDE CHAGAS,40000.0,Divulgação de Atividades,7500.0
2026,8,aline-rezende.pdf,ALINE MARIA DE MENEZES REZENDE CHAGAS,40000.0,Serviços Gráficos,5500.0
2026,8,aline-rezende.pdf,ALINE MARIA DE MENEZES REZENDE CHAGAS,40000.0,Serviços de Contabilidade,8000.0
2026,8,carol-dantas.pdf,ANNE CAROLINY DANTAS PEREIRA,38500.0,Consultoria e Assessoria Jurídica,15000.0
2026,8,carol-dantas.pdf,ANNE CAROLINY DANTAS PEREIRA,38500.0,Consultoria e Assessoria de Imprensa,9000.0
2026,8,carol-dantas.pdf,ANNE CAROLINY DANTAS PEREIRA,38500.0,Divulgação de Atividades,1000.0
2026,8,carol-dantas.pdf,ANNE CAROLINY DANTAS PEREIRA,38500.0,Serviços Gráficos,5500.0
2026,8,carol-dantas.pdf,ANNE CAROLINY DANTAS PEREIRA,38500.0,Serviços de Contabilidade,8000.0
2026,8,oreste-aguiar.pdf,ANTONIO ORESTE DE AGUIAR,39500.0,Consultoria e Assessoria Jurídica,15000.0
2026,8,oreste-aguiar.pdf,ANTONIO ORESTE DE AGUIAR,39500.0,Consultoria e Assessoria de Imprensa,9000.0
2026,8,oreste-aguiar.pdf,ANTONIO ORESTE DE AGUIAR,39500.0,Divulgação de Atividades Geral,7500.0
2026,8,oreste-aguiar.pdf,ANTONIO ORESTE DE AGUIAR,39500.0,Serviços de Contabilidade,8000.0
2026,8,bruno-peres.pdf,BRUNO PEREZ DE SALES,40000.0,Consultoria e Assessoria Jurídica,14000.0
2026,8,bruno-peres.pdf,BRUNO PEREZ DE SALES,40000.0,Consultoria e Assessoria de Imprensa,9000.0
2026,8,bruno-peres.pdf,BRUNO PEREZ DE SALES,40000.0,Divulgação em Geral,7000.0
2026,8,bruno-peres.pdf,BRUNO PEREZ DE SALES,40000.0,Serviço Gráfico,5000.0
2026,8,bruno-peres.pdf,BRUNO PEREZ DE SALES,40000.0,Serviços de Contabilidade,5000.0
2026,8,barbara-falcao.pdf,BÁBARA RIBEIRO FALCÃO,40000.0,Consultoria e Assessoria Jurídica,10000.0
2026,8,barbara-falcao.pdf,BÁBARA RIBEIRO FALCÃO,40000.0,Consultoria e Assessoria de Imprensa,9000.0
2026,8,barbara-falcao.pdf,BÁBARA RIBEIRO FALCÃO,40000.0,Divulgação de Atividades,7500.0
2026,8,barbara-falcao.pdf,BÁBARA RIBEIRO FALCÃO,40000.0,Pesquisas SócioEconômicas,6000.0
2026,8,barbara-falcao.pdf,BÁBARA RIBEIRO FALCÃO,40000.0,Serviços de Contabilidade,8000.0
2026,8,carla-messias.pdf,CARLA DEMÉTRIO MARTINS MATOS MESSIAS,39266.04,Acesso a Internet,599.8
2026,8,carla-messias.pdf,CARLA DEMÉTRIO MARTINS MATOS MESSIAS,39266.04,Consultoria e Assessoria de Imprensa,5500.0
2026,8,carla-messias.pdf,CARLA DEMÉTRIO MARTINS MATOS MESSIAS,39266.04,Divulgação de Atividades Geral,5500.0
2026,8,carla-messias.pdf,CARLA DEMÉTRIO MARTINS MATOS MESSIAS,39266.04,Energia Elétrica ou Similar,366.24
2026,8,carla-messias.pdf,CARLA DEMÉTRIO MARTINS MATOS MESSIAS,39266.04,Locação de Equipamentos,1500.0
2026,8,carla-messias.pdf,CARLA DEMÉTRIO MARTINS MATOS MESSIAS,39266.04,Locação de Imóveis,2800.0
2026,8,carla-messias.pdf,CARLA DEMÉTRIO MARTINS MATOS MESSIAS,39266.04,Serviços de Contabilidade,8000.0
2026,8,deyvid-carneiro.pdf,DEYVID EVERSON SILVA CARNEIRO,40000.0,Consultoria Jurídica,15000.0
2026,8,deyvid-carneiro.pdf,DEYVID EVERSON SILVA CARNEIRO,40000.0,Consultoria e Assessoria de Imprensa,9000.0
2026,8,deyvid-carneiro.pdf,DEYVID EVERSON SILVA CARNEIRO,40000.0,Consultoria e elaboração de Projetos,7000.0
2026,8,deyvid-carneiro.pdf,DEYVID EVERSON SILVA CARNEIRO,40000.0,Divulgação de Atividades,7000.0
2026,8,deyvid-carneiro.pdf,DEYVID EVERSON SILVA CARNEIRO,40000.0,Serviços de Contabilidade,2000.0
2026,8,genilson-costa.pdf,GENILSON COSTA E SILVA,31500.0,Consultoria e Assessoria Jurídica,15000.0
2026,8,genilson-costa.pdf,GENILSON COSTA E SILVA,31500.0,Consultoria e Assessoria de Imprensa,9000.0
2026,8,genilson-costa.pdf,GENILSON COSTA E SILVA,31500.0,Divulgação de Atividades,7500.0
2026,8,pastor-gil-rocha.pdf,GILDEVALDO DA LUZ ROCHA,40000.0,Consultoria e Assessoria de Imprensa,9000.0
2026,8,pastor-gil-rocha.pdf,GILDEVALDO DA LUZ ROCHA,40000.0,Consultoria eAssessoria Jurídica,15000.0
2026,8,pastor-gil-rocha.pdf,GILDEVALDO DA LUZ ROCHA,40000.0,Divulgação de Atividades,5000.0
2026,8,pastor-gil-rocha.pdf,GILDEVALDO DA LUZ ROCHA,40000.0,Locação de Imóveis,3500.0
2026,8,pastor-gil-rocha.pdf,GILDEVALDO DA LUZ ROCHA,40000.0,Serviço de Contabilidade,8000.0
2026,8,jeu-nunes.pdf,JEUSIVANIA PEREIRA NUNES,39998.4,Consultoria e Assessoria Jurídica,15000.0
2026,8,jeu-nunes.pdf,JEUSIVANIA PEREIRA NUNES,39998.4,Consultoria e Assessoria de Imprensa,8000.0
2026,8,jeu-nunes.pdf,JEUSIVANIA PEREIRA NUNES,39998.4,Divulgação de Atividades,7500.0
2026,8,jeu-nunes.pdf,JEUSIVANIA PEREIRA NUNES,39998.4,Locação de Imóveis,1000.0
2026,8,jeu-nunes.pdf,JEUSIVANIA PEREIRA NUNES,39998.4,Material de consumo e Expediente,498.4
2026,8,jeu-nunes.pdf,JEUSIVANIA PEREIRA NUNES,39998.4,Serviços de Contabilidade,8000.0
2026,8,julio-medeiros.pdf,JÚLIO CEZAR MEDEIROS LIMA,40000.0,Consultoria e Assessoria Jurídica,15000.0
2026,8,julio-medeiros.pdf,JÚLIO CEZAR MEDEIROS LIMA,40000.0,Consultoria e Assessoria de Imprensa,9000.0
2026,8,julio-medeiros.pdf,JÚLIO CEZAR MEDEIROS LIMA,40000.0,Consultoria e elaboração de projetos,3000.0
2026,8,julio-medeiros.pdf,JÚLIO CEZAR MEDEIROS LIMA,40000.0,Divulgação de Atividades,5000.0
2026,8,julio-medeiros.pdf,JÚLIO CEZAR MEDEIROS LIMA,40000.0,Serviços de Contabilidade,8000.0
2026,8,manoel-neves.pdf,MANOEL NEVES DE MACEDO,35378.38,Consultoria e Assessoria Jurídica,12000.0
2026,8,manoel-neves.pdf,MANOEL NEVES DE MACEDO,35378.38,Consultoria e Assessoria de Imprensa,8000.0
2026,8,manoel-neves.pdf,MANOEL NEVES DE MACEDO,35378.38,Consultoria e Elaboração de Projetos,7000.0
2026,8,manoel-neves.pdf,MANOEL NEVES DE MACEDO,35378.38,Locação de Equipamentos,1000.0
2026,8,manoel-neves.pdf,MANOEL NEVES DE MACEDO,35378.38,Material de Expediente,378.38
2026,8,manoel-neves.pdf,MANOEL NEVES DE MACEDO,35378.38,Serviços de Contabilidade,7000.0
2026,8,marcelo-nunes.pdf,MARCELO DE MAGALHAES NUNES,40000.0,Consultoria e Assessoria Jurídica,15000.0
2026,8,marcelo-nunes.pdf,MARCELO DE MAGALHAES NUNES,40000.0,Consultoria e Assessoria de Imprensa,7000.0
2026,8,marcelo-nunes.pdf,MARCELO DE MAGALHAES NUNES,40000.0,Divulgação de Atividades,5000.0
2026,8,marcelo-nunes.pdf,MARCELO DE MAGALHAES NUNES,40000.0,Serviços Gráficos,5000.0
2026,8,marcelo-nunes.pdf,MARCELO DE MAGALHAES NUNES,40000.0,Serviços de Contabilidade,8000.0
2026,8,daniel-mangabeira.pdf,MOACIVAL DANIEL MANGABEIRA,40000.0,Consultoria e Assessoria Juridica,10500.0
2026,8,daniel-mangabeira.pdf,MOACIVAL DANIEL MANGABEIRA,40000.0,Consultoria e Assessoria de Imprensa,9000.0
2026,8,daniel-mangabeira.pdf,MOACIVAL DANIEL MANGABEIRA,40000.0,Consultoria e elaboralçao de projetos,3000.0
2026,8,daniel-mangabeira.pdf,MOACIVAL DANIEL MANGABEIRA,40000.0,Divulgação de atividades,7000.0
2026,8,daniel-mangabeira.pdf,MOACIVAL DANIEL MANGABEIRA,40000.0,Serviços Gráficos,5500.0
2026,8,daniel-mangabeira.pdf,MOACIVAL DANIEL MANGABEIRA,40000.0,Serviços de Contabilidade,5000.0
2026,8,renato-queiroz.pdf,RENATO DE ANDRADE QUEIRÓZ,33000.0,Consultoria e Assessoria Jurídica,13000.0
2026,8,renato-queiroz.pdf,RENATO DE ANDRADE QUEIRÓZ,33000.0,Consultoria e Assessoria de Imprensa,8000.0
2026,8,renato-queiroz.pdf,RENATO DE ANDRADE QUEIRÓZ,33000.0,Divulgação de Atividades em Geral,7000.0
2026,8,renato-queiroz.pdf,RENATO DE ANDRADE QUEIRÓZ,33000.0,Serviços Gráficos,5000.0
2026,8,roberto-franco,ROBERTO CONCEIÇÃO DOS SANTOS FRANCO,40000.0,Consultoria Elaboraçaõ de Projetos,5500.0
2026,8,roberto-franco,ROBERTO CONCEIÇÃO DOS SANTOS FRANCO,40000.0,Consultoria e Assessoria Jurídica,15000.0
2026,8,roberto-franco,ROBERTO CONCEIÇÃO DOS SANTOS FRANCO,40000.0,Consultoria e Assessoria de Imprensa,7500.0
2026,8,roberto-franco,ROBERTO CONCEIÇÃO DOS SANTOS FRANCO,40000.0,Divulgaçõ de Atividades,4000.0
2026,8,roberto-franco,ROBERTO CONCEIÇÃO DOS SANTOS FRANCO,40000.0,Serviços de Contabilidade,8000.0
2026,8,thiago-reis.pdf,THIAGO CEZAR REIS PEREIRA,39000.0,Consultoria e Assessoria Juridica,15000.0
2026,8,thiago-reis.pdf,THIAGO CEZAR REIS PEREIRA,39000.0,Consultoria e Assessoria de Imprensa,9000.0
2026,8,thiago-reis.pdf,THIAGO CEZAR REIS PEREIRA,39000.0,Consultoria e Elaboração de Projetos,7000.0
2026,8,thiago-reis.pdf,THIAGO CEZAR REIS PEREIRA,39000.0,Serviços de Contabilidade,8000.0
2026,8,thiago-fogaca.pdf,THIAGO COELHO FOGAÇA,40000.0,Consultoria e Assessoria Jurídica,15000.0
2026,8,thiago-fogaca.pdf,THIAGO COELHO FOGAÇA,40000.0,Consultoria e Assessoria de Imprensa,9000.0
2026,8,thiago-fogaca.pdf,THIAGO COELHO FOGAÇA,40000.0,Divulgação de Atividades,7500.0
2026,8,thiago-fogaca.pdf,THIAGO COELHO FOGAÇA,40000.0,Locação de Imóveis,3500.0
2026,8,thiago-fogaca.pdf,THIAGO COELHO FOGAÇA,40000.0,Serviços de Contabilidade,5050.0
2026,8,thiago-saraiva.pdf,THIAGO DUARTE SARAIVA,39445.39,Consultoria e Assessoria Juridica,15000.0
2026,8,thiago-saraiva.pdf,THIAGO DUARTE SARAIVA,39445.39,Consultoria e Assessoria de Imprensa,7000.0
2026,8,thiago-saraiva.pdf,THIAGO DUARTE SARAIVA,39445.39,Consultoria e Elaboração de Projetos,5000.0
2026,8,thiago-saraiva.pdf,THIAGO DUARTE SARAIVA,39445.39,Divulgação de Atividades,4000.0
2026,8,thiago-saraiva.pdf,THIAGO DUARTE SARAIVA,39445.39,Material de Consumo Expediente,445.39
2026,8,thiago-saraiva.pdf,THIAGO DUARTE SARAIVA,39445.39,Serviços de Contabilidade,8000.0
2026,8,walquiria-ribeiro.pdf,WALKIRIA RIBEIRO DOS REIS,39800.0,Consultoria e Assessoria Jurídica,15000.0
2026,8,walquiria-ribeiro.pdf,WALKIRIA RIBEIRO DOS REIS,39800.0,Consultoria e elaboração de projetos,6000.0
2026,8,walquiria-ribeiro.pdf,WALKIRIA RIBEIRO DOS REIS,39800.0,Divulgação de Atividades,6000.0
2026,8,walquiria-ribeiro.pdf,WALKIRIA RIBEIRO DOS REIS,39800.0,Serviços Gráficos,4800.0
2026,8,walquiria-ribeiro.pdf,WALKIRIA RIBEIRO DOS REIS,39800.0,Serviços de Contabilidade,8000.0
