data;votacao;materia;codigo_senador;situacao
2026-02-24;7047;PEC 22/2025;5672;votou
2026-02-24;7047;PEC 22/2025;5982;votou
2026-02-24;7047;PEC 22/2025;6358;AP
2026-02-24;7047;PEC 22/2025;5967;votou
2026-02-24;7047;PEC 22/2025;6009;votou
2026-02-24;7047;PEC 22/2025;6350;votou
2026-02-24;7047;PEC 22/2025;4639;votou
2026-02-24;7047;PEC 22/2025;6372;votou
2026-02-24;7047;PEC 22/2025;5936;AP
2026-02-24;7047;PEC 22/2025;5990;votou
2026-02-24;7047;PEC 22/2025;470;votou
2026-02-24;7047;PEC 22/2025;5973;votou
2026-02-24;7047;PEC 22/2025;739;votou
2026-02-24;7047;PEC 22/2025;6337;votou
2026-02-24;7047;PEC 22/2025;475;AP
2026-02-24;7047;PEC 22/2025;6335;votou
2026-02-24;7047;PEC 22/2025;5998;P-NRV
2026-02-24;7047;PEC 22/2025;3830;Presidente (art. 51 RISF)
2026-02-24;7047;PEC 22/2025;5793;votou
2026-02-24;7047;PEC 22/2025;5906;votou
2026-02-24;7047;PEC 22/2025;4994;votou
2026-02-24;7047;PEC 22/2025;5976;votou
2026-02-24;7047;PEC 22/2025;3777;votou
2026-02-24;7047;PEC 22/2025;4642;votou
2026-02-24;7047;PEC 22/2025;5718;AP
2026-02-24;7047;PEC 22/2025;22;votou
2026-02-24;7047;PEC 22/2025;5953;votou
2026-02-24;7047;PEC 22/2025;5917;votou
2026-02-24;7047;PEC 22/2025;6345;votou
2026-02-24;7047;PEC 22/2025;345;votou
2026-02-24;7047;PEC 22/2025;5894;P-NRV
2026-02-24;7047;PEC 22/2025;6008;P-NRV
2026-02-24;7047;PEC 22/2025;6341;votou
2026-02-24;7047;PEC 22/2025;5008;votou
2026-02-24;7047;PEC 22/2025;5385;votou
2026-02-24;7047;PEC 22/2025;6010;votou
2026-02-24;7047;PEC 22/2025;4770;votou
2026-02-24;7047;PEC 22/2025;35;AP
2026-02-24;7047;PEC 22/2025;6340;votou
2026-02-24;7047;PEC 22/2025;581;votou
2026-02-24;7047;PEC 22/2025;4531;votou
2026-02-24;7047;PEC 22/2025;5895;votou
2026-02-24;7047;PEC 22/2025;6342;votou
2026-02-24;7047;PEC 22/2025;6369;votou
2026-02-24;7047;PEC 22/2025;4811;AP
2026-02-24;7047;PEC 22/2025;5979;votou
2026-02-24;7047;PEC 22/2025;5926;votou
2026-02-24;7047;PEC 22/2025;1186;votou
2026-02-24;7047;PEC 22/2025;631;votou
2026-02-24;7047;PEC 22/2025;5376;votou
2026-02-24;7047;PEC 22/2025;742;votou
2026-02-24;7047;PEC 22/2025;285;votou
2026-02-24;7047;PEC 22/2025;5422;votou
2026-02-24;7047;PEC 22/2025;5942;AP
2026-02-24;7047;PEC 22/2025;6304;votou
2026-02-24;7047;PEC 22/2025;6027;votou
2026-02-24;7047;PEC 22/2025;5985;votou
2026-02-24;7047;PEC 22/2025;5525;votou
2026-02-24;7047;PEC 22/2025;5924;votou
2026-02-24;7047;PEC 22/2025;5523;AP
2026-02-24;7047;PEC 22/2025;825;votou
2026-02-24;7047;PEC 22/2025;5502;votou
2026-02-24;7047;PEC 22/2025;5386;P-NRV
2026-02-24;7047;PEC 22/2025;5012;votou
2026-02-24;7047;PEC 22/2025;70;votou
2026-02-24;7047;PEC 22/2025;5732;votou
2026-02-24;7047;PEC 22/2025;4694;votou
2026-02-24;7047;PEC 22/2025;5352;votou
2026-02-24;7047;PEC 22/2025;6331;votou
2026-02-24;7047;PEC 22/2025;5988;votou
2026-02-24;7047;PEC 22/2025;5959;LS
2026-02-24;7047;PEC 22/2025;4560;votou
2026-02-24;7047;PEC 22/2025;6338;votou
2026-02-24;7047;PEC 22/2025;5736;votou
2026-02-24;7047;PEC 22/2025;5899;votou
2026-02-24;7047;PEC 22/2025;5748;votou
2026-02-24;7047;PEC 22/2025;1173;votou
2026-02-24;7047;PEC 22/2025;5411;AP
2026-02-24;7047;PEC 22/2025;5070;votou
2026-02-24;7047;PEC 22/2025;5783;votou
2026-02-24;7047;PEC 22/2025;3806;votou
2026-02-24;7048;PEC 22/2025;5672;votou
2026-02-24;7048;PEC 22/2025;5982;votou
2026-02-24;7048;PEC 22/2025;6358;AP
2026-02-24;7048;PEC 22/2025;5967;votou
2026-02-24;7048;PEC 22/2025;6009;votou
2026-02-24;7048;PEC 22/2025;6350;votou
2026-02-24;7048;PEC 22/2025;4639;votou
2026-02-24;7048;PEC 22/2025;6372;votou
2026-02-24;7048;PEC 22/2025;5936;AP
2026-02-24;7048;PEC 22/2025;5990;votou
2026-02-24;7048;PEC 22/2025;470;votou
2026-02-24;7048;PEC 22/2025;5973;votou
2026-02-24;7048;PEC 22/2025;739;votou
2026-02-24;7048;PEC 22/2025;6337;votou
2026-02-24;7048;PEC 22/2025;475;AP
2026-02-24;7048;PEC 22/2025;6335;votou
2026-02-24;7048;PEC 22/2025;5998;votou
2026-02-24;7048;PEC 22/2025;3830;Presidente (art. 51 RISF)
2026-02-24;7048;PEC 22/2025;5793;votou
2026-02-24;7048;PEC 22/2025;5906;votou
2026-02-24;7048;PEC 22/2025;4994;votou
2026-02-24;7048;PEC 22/2025;5976;votou
2026-02-24;7048;PEC 22/2025;3777;votou
2026-02-24;7048;PEC 22/2025;4642;votou
2026-02-24;7048;PEC 22/2025;5718;AP
2026-02-24;7048;PEC 22/2025;22;votou
2026-02-24;7048;PEC 22/2025;5953;votou
2026-02-24;7048;PEC 22/2025;5917;votou
2026-02-24;7048;PEC 22/2025;6345;votou
2026-02-24;7048;PEC 22/2025;345;votou
2026-02-24;7048;PEC 22/2025;5894;votou
2026-02-24;7048;PEC 22/2025;6008;votou
2026-02-24;7048;PEC 22/2025;6341;votou
2026-02-24;7048;PEC 22/2025;5008;votou
2026-02-24;7048;PEC 22/2025;5385;votou
2026-02-24;7048;PEC 22/2025;6010;votou
2026-02-24;7048;PEC 22/2025;4770;votou
2026-02-24;7048;PEC 22/2025;35;AP
2026-02-24;7048;PEC 22/2025;6340;votou
2026-02-24;7048;PEC 22/2025;581;votou
2026-02-24;7048;PEC 22/2025;4531;votou
2026-02-24;7048;PEC 22/2025;5895;votou
2026-02-24;7048;PEC 22/2025;6342;votou
2026-02-24;7048;PEC 22/2025;6369;votou
2026-02-24;7048;PEC 22/2025;4811;AP
2026-02-24;7048;PEC 22/2025;5979;votou
2026-02-24;7048;PEC 22/2025;5926;votou
2026-02-24;7048;PEC 22/2025;1186;votou
2026-02-24;7048;PEC 22/2025;631;votou
2026-02-24;7048;PEC 22/2025;5376;votou
2026-02-24;7048;PEC 22/2025;742;votou
2026-02-24;7048;PEC 22/2025;285;votou
2026-02-24;7048;PEC 22/2025;5422;votou
2026-02-24;7048;PEC 22/2025;5942;AP
2026-02-24;7048;PEC 22/2025;6304;votou
2026-02-24;7048;PEC 22/2025;6027;votou
2026-02-24;7048;PEC 22/2025;5985;votou
2026-02-24;7048;PEC 22/2025;5525;votou
2026-02-24;7048;PEC 22/2025;5924;votou
2026-02-24;7048;PEC 22/2025;5523;AP
2026-02-24;7048;PEC 22/2025;825;votou
2026-02-24;7048;PEC 22/2025;5502;votou
2026-02-24;7048;PEC 22/2025;5386;votou
2026-02-24;7048;PEC 22/2025;5012;votou
2026-02-24;7048;PEC 22/2025;70;votou
2026-02-24;7048;PEC 22/2025;5732;votou
2026-02-24;7048;PEC 22/2025;4694;votou
2026-02-24;7048;PEC 22/2025;5352;votou
2026-02-24;7048;PEC 22/2025;6331;votou
2026-02-24;7048;PEC 22/2025;5988;votou
2026-02-24;7048;PEC 22/2025;5959;LS
2026-02-24;7048;PEC 22/2025;4560;votou
2026-02-24;7048;PEC 22/2025;6338;votou
2026-02-24;7048;PEC 22/2025;5736;votou
2026-02-24;7048;PEC 22/2025;5899;votou
2026-02-24;7048;PEC 22/2025;5748;P-NRV
2026-02-24;7048;PEC 22/2025;1173;votou
2026-02-24;7048;PEC 22/2025;5411;AP
2026-02-24;7048;PEC 22/2025;5070;votou
2026-02-24;7048;PEC 22/2025;5783;votou
2026-02-24;7048;PEC 22/2025;3806;votou
2026-02-25;7049;PLP 14/2026;5672;votou
2026-02-25;7049;PLP 14/2026;5982;votou
2026-02-25;7049;PLP 14/2026;6358;votou
2026-02-25;7049;PLP 14/2026;5967;votou
2026-02-25;7049;PLP 14/2026;6009;votou
2026-02-25;7049;PLP 14/2026;6350;votou
2026-02-25;7049;PLP 14/2026;4639;votou
2026-02-25;7049;PLP 14/2026;6372;votou
2026-02-25;7049;PLP 14/2026;5936;AP
2026-02-25;7049;PLP 14/2026;5990;votou
2026-02-25;7049;PLP 14/2026;470;votou
2026-02-25;7049;PLP 14/2026;5973;P-NRV
2026-02-25;7049;PLP 14/2026;739;votou
2026-02-25;7049;PLP 14/2026;6337;votou
2026-02-25;7049;PLP 14/2026;475;AP
2026-02-25;7049;PLP 14/2026;6335;votou
2026-02-25;7049;PLP 14/2026;5998;votou
2026-02-25;7049;PLP 14/2026;3830;Presidente (art. 51 RISF)
2026-02-25;7049;PLP 14/2026;5793;votou
2026-02-25;7049;PLP 14/2026;5906;votou
2026-02-25;7049;PLP 14/2026;4994;votou
2026-02-25;7049;PLP 14/2026;5976;votou
2026-02-25;7049;PLP 14/2026;3777;AP
2026-02-25;7049;PLP 14/2026;4642;votou
2026-02-25;7049;PLP 14/2026;5718;votou
2026-02-25;7049;PLP 14/2026;22;votou
2026-02-25;7049;PLP 14/2026;5953;votou
2026-02-25;7049;PLP 14/2026;5917;votou
2026-02-25;7049;PLP 14/2026;6345;votou
2026-02-25;7049;PLP 14/2026;345;votou
2026-02-25;7049;PLP 14/2026;5894;AP
2026-02-25;7049;PLP 14/2026;6008;votou
2026-02-25;7049;PLP 14/2026;6341;votou
2026-02-25;7049;PLP 14/2026;5008;votou
2026-02-25;7049;PLP 14/2026;5385;votou
2026-02-25;7049;PLP 14/2026;6010;votou
2026-02-25;7049;PLP 14/2026;4770;P-NRV
2026-02-25;7049;PLP 14/2026;35;AP
2026-02-25;7049;PLP 14/2026;6340;votou
2026-02-25;7049;PLP 14/2026;581;votou
2026-02-25;7049;PLP 14/2026;4531;votou
2026-02-25;7049;PLP 14/2026;5895;votou
2026-02-25;7049;PLP 14/2026;6342;P-NRV
2026-02-25;7049;PLP 14/2026;6369;votou
2026-02-25;7049;PLP 14/2026;4811;AP
2026-02-25;7049;PLP 14/2026;5979;votou
2026-02-25;7049;PLP 14/2026;5926;votou
2026-02-25;7049;PLP 14/2026;1186;P-NRV
2026-02-25;7049;PLP 14/2026;631;votou
2026-02-25;7049;PLP 14/2026;5376;votou
2026-02-25;7049;PLP 14/2026;742;votou
2026-02-25;7049;PLP 14/2026;285;P-NRV
2026-02-25;7049;PLP 14/2026;5422;votou
2026-02-25;7049;PLP 14/2026;5942;votou
2026-02-25;7049;PLP 14/2026;6304;votou
2026-02-25;7049;PLP 14/2026;6027;votou
2026-02-25;7049;PLP 14/2026;5985;votou
2026-02-25;7049;PLP 14/2026;5525;votou
2026-02-25;7049;PLP 14/2026;5924;votou
2026-02-25;7049;PLP 14/2026;5523;AP
2026-02-25;7049;PLP 14/2026;825;votou
2026-02-25;7049;PLP 14/2026;5502;votou
2026-02-25;7049;PLP 14/2026;5386;votou
2026-02-25;7049;PLP 14/2026;5012;votou
2026-02-25;7049;PLP 14/2026;70;AP
2026-02-25;7049;PLP 14/2026;5732;votou
2026-02-25;7049;PLP 14/2026;4694;votou
2026-02-25;7049;PLP 14/2026;5352;votou
2026-02-25;7049;PLP 14/2026;6331;votou
2026-02-25;7049;PLP 14/2026;5988;votou
2026-02-25;7049;PLP 14/2026;5959;LS
2026-02-25;7049;PLP 14/2026;4560;AP
2026-02-25;7049;PLP 14/2026;6338;votou
2026-02-25;7049;PLP 14/2026;5736;votou
2026-02-25;7049;PLP 14/2026;5899;votou
2026-02-25;7049;PLP 14/2026;5748;votou
2026-02-25;7049;PLP 14/2026;1173;P-NRV
2026-02-25;7049;PLP 14/2026;5411;AP
2026-02-25;7049;PLP 14/2026;5070;votou
2026-02-25;7049;PLP 14/2026;5783;votou
2026-02-25;7049;PLP 14/2026;3806;votou
2026-03-24;7050;PL 896/2023;5672;votou
2026-03-24;7050;PL 896/2023;5982;votou
2026-03-24;7050;PL 896/2023;6358;votou
2026-03-24;7050;PL 896/2023;5967;AP
2026-03-24;7050;PL 896/2023;6009;NCom
2026-03-24;7050;PL 896/2023;6350;votou
2026-03-24;7050;PL 896/2023;4639;votou
2026-03-24;7050;PL 896/2023;6372;votou
2026-03-24;7050;PL 896/2023;5936;votou
2026-03-24;7050;PL 896/2023;5990;votou
2026-03-24;7050;PL 896/2023;470;votou
2026-03-24;7050;PL 896/2023;5973;AP
2026-03-24;7050;PL 896/2023;739;votou
2026-03-24;7050;PL 896/2023;6337;votou
2026-03-24;7050;PL 896/2023;475;votou
2026-03-24;7050;PL 896/2023;6335;votou
2026-03-24;7050;PL 896/2023;5998;votou
2026-03-24;7050;PL 896/2023;3830;Presidente (art. 51 RISF)
2026-03-24;7050;PL 896/2023;5793;P-NRV
2026-03-24;7050;PL 896/2023;5906;votou
2026-03-24;7050;PL 896/2023;4994;votou
2026-03-24;7050;PL 896/2023;5976;votou
2026-03-24;7050;PL 896/2023;3777;votou
2026-03-24;7050;PL 896/2023;4642;votou
2026-03-24;7050;PL 896/2023;5718;P-NRV
2026-03-24;7050;PL 896/2023;22;votou
2026-03-24;7050;PL 896/2023;5953;votou
2026-03-24;7050;PL 896/2023;5917;votou
2026-03-24;7050;PL 896/2023;6345;votou
2026-03-24;7050;PL 896/2023;345;votou
2026-03-24;7050;PL 896/2023;5894;votou
2026-03-24;7050;PL 896/2023;6008;votou
2026-03-24;7050;PL 896/2023;6341;votou
2026-03-24;7050;PL 896/2023;5008;votou
2026-03-24;7050;PL 896/2023;5385;votou
2026-03-24;7050;PL 896/2023;6010;votou
2026-03-24;7050;PL 896/2023;4770;votou
2026-03-24;7050;PL 896/2023;35;votou
2026-03-24;7050;PL 896/2023;6340;votou
2026-03-24;7050;PL 896/2023;581;votou
2026-03-24;7050;PL 896/2023;4531;votou
2026-03-24;7050;PL 896/2023;5895;votou
2026-03-24;7050;PL 896/2023;6342;MIS
2026-03-24;7050;PL 896/2023;6369;votou
2026-03-24;7050;PL 896/2023;4811;votou
2026-03-24;7050;PL 896/2023;5979;votou
2026-03-24;7050;PL 896/2023;5926;votou
2026-03-24;7050;PL 896/2023;1186;votou
2026-03-24;7050;PL 896/2023;631;P-NRV
2026-03-24;7050;PL 896/2023;5376;LS
2026-03-24;7050;PL 896/2023;742;votou
2026-03-24;7050;PL 896/2023;285;votou
2026-03-24;7050;PL 896/2023;5422;votou
2026-03-24;7050;PL 896/2023;5942;votou
2026-03-24;7050;PL 896/2023;6304;votou
2026-03-24;7050;PL 896/2023;5985;votou
2026-03-24;7050;PL 896/2023;5525;votou
2026-03-24;7050;PL 896/2023;5924;votou
2026-03-24;7050;PL 896/2023;5523;AP
2026-03-24;7050;PL 896/2023;825;votou
2026-03-24;7050;PL 896/2023;5502;votou
2026-03-24;7050;PL 896/2023;5386;P-NRV
2026-03-24;7050;PL 896/2023;5012;votou
2026-03-24;7050;PL 896/2023;70;votou
2026-03-24;7050;PL 896/2023;6025;votou
2026-03-24;7050;PL 896/2023;5732;votou
2026-03-24;7050;PL 896/2023;4694;AP
2026-03-24;7050;PL 896/2023;5352;votou
2026-03-24;7050;PL 896/2023;6331;votou
2026-03-24;7050;PL 896/2023;5988;votou
2026-03-24;7050;PL 896/2023;5959;votou
2026-03-24;7050;PL 896/2023;4560;P-NRV
2026-03-24;7050;PL 896/2023;6338;votou
2026-03-24;7050;PL 896/2023;5736;votou
2026-03-24;7050;PL 896/2023;5899;votou
2026-03-24;7050;PL 896/2023;5748;votou
2026-03-24;7050;PL 896/2023;1173;votou
2026-03-24;7050;PL 896/2023;5411;votou
2026-03-24;7050;PL 896/2023;5070;votou
2026-03-24;7050;PL 896/2023;5783;votou
2026-03-24;7050;PL 896/2023;3806;AP
2026-03-24;7051;PLP 77/2026;5672;votou
2026-03-24;7051;PLP 77/2026;5982;votou
2026-03-24;7051;PLP 77/2026;6358;votou
2026-03-24;7051;PLP 77/2026;5967;AP
2026-03-24;7051;PLP 77/2026;6009;NCom
2026-03-24;7051;PLP 77/2026;6350;votou
2026-03-24;7051;PLP 77/2026;4639;votou
2026-03-24;7051;PLP 77/2026;6372;votou
2026-03-24;7051;PLP 77/2026;5936;votou
2026-03-24;7051;PLP 77/2026;5990;P-NRV
2026-03-24;7051;PLP 77/2026;470;votou
2026-03-24;7051;PLP 77/2026;5973;AP
2026-03-24;7051;PLP 77/2026;739;votou
2026-03-24;7051;PLP 77/2026;6337;votou
2026-03-24;7051;PLP 77/2026;475;votou
2026-03-24;7051;PLP 77/2026;6335;votou
2026-03-24;7051;PLP 77/2026;5998;votou
2026-03-24;7051;PLP 77/2026;3830;Presidente (art. 51 RISF)
2026-03-24;7051;PLP 77/2026;5793;votou
2026-03-24;7051;PLP 77/2026;5906;votou
2026-03-24;7051;PLP 77/2026;4994;P-NRV
2026-03-24;7051;PLP 77/2026;5976;votou
2026-03-24;7051;PLP 77/2026;3777;votou
2026-03-24;7051;PLP 77/2026;4642;votou
2026-03-24;7051;PLP 77/2026;5718;votou
2026-03-24;7051;PLP 77/2026;22;votou
2026-03-24;7051;PLP 77/2026;5953;votou
2026-03-24;7051;PLP 77/2026;5917;P-NRV
2026-03-24;7051;PLP 77/2026;6345;P-NRV
2026-03-24;7051;PLP 77/2026;345;votou
2026-03-24;7051;PLP 77/2026;5894;P-NRV
2026-03-24;7051;PLP 77/2026;6008;votou
2026-03-24;7051;PLP 77/2026;6341;votou
2026-03-24;7051;PLP 77/2026;5008;votou
2026-03-24;7051;PLP 77/2026;5385;votou
2026-03-24;7051;PLP 77/2026;6010;votou
2026-03-24;7051;PLP 77/2026;4770;P-NRV
2026-03-24;7051;PLP 77/2026;35;votou
2026-03-24;7051;PLP 77/2026;6340;votou
2026-03-24;7051;PLP 77/2026;581;votou
2026-03-24;7051;PLP 77/2026;4531;votou
2026-03-24;7051;PLP 77/2026;5895;votou
2026-03-24;7051;PLP 77/2026;6342;MIS
2026-03-24;7051;PLP 77/2026;6369;votou
2026-03-24;7051;PLP 77/2026;4811;P-NRV
2026-03-24;7051;PLP 77/2026;5979;votou
2026-03-24;7051;PLP 77/2026;5926;votou
2026-03-24;7051;PLP 77/2026;1186;votou
2026-03-24;7051;PLP 77/2026;631;P-NRV
2026-03-24;7051;PLP 77/2026;5376;LS
2026-03-24;7051;PLP 77/2026;742;votou
2026-03-24;7051;PLP 77/2026;285;votou
2026-03-24;7051;PLP 77/2026;5422;votou
2026-03-24;7051;PLP 77/2026;5942;P-NRV
2026-03-24;7051;PLP 77/2026;6304;P-NRV
2026-03-24;7051;PLP 77/2026;5985;votou
2026-03-24;7051;PLP 77/2026;5525;P-NRV
2026-03-24;7051;PLP 77/2026;5924;votou
2026-03-24;7051;PLP 77/2026;5523;votou
2026-03-24;7051;PLP 77/2026;825;votou
2026-03-24;7051;PLP 77/2026;5502;votou
2026-03-24;7051;PLP 77/2026;5386;votou
2026-03-24;7051;PLP 77/2026;5012;votou
2026-03-24;7051;PLP 77/2026;70;P-NRV
2026-03-24;7051;PLP 77/2026;6025;votou
2026-03-24;7051;PLP 77/2026;5732;votou
2026-03-24;7051;PLP 77/2026;4694;AP
2026-03-24;7051;PLP 77/2026;5352;votou
2026-03-24;7051;PLP 77/2026;6331;votou
2026-03-24;7051;PLP 77/2026;5988;votou
2026-03-24;7051;PLP 77/2026;5959;votou
2026-03-24;7051;PLP 77/2026;4560;votou
2026-03-24;7051;PLP 77/2026;6338;votou
2026-03-24;7051;PLP 77/2026;5736;votou
2026-03-24;7051;PLP 77/2026;5899;votou
2026-03-24;7051;PLP 77/2026;5748;votou
2026-03-24;7051;PLP 77/2026;1173;votou
2026-03-24;7051;PLP 77/2026;5411;votou
2026-03-24;7051;PLP 77/2026;5070;votou
2026-03-24;7051;PLP 77/2026;5783;votou
2026-03-24;7051;PLP 77/2026;3806;AP
2026-03-25;7052;PLP 6/2024;5672;votou
2026-03-25;7052;PLP 6/2024;5982;votou
2026-03-25;7052;PLP 6/2024;6358;votou
2026-03-25;7052;PLP 6/2024;5967;votou
2026-03-25;7052;PLP 6/2024;6009;NCom
2026-03-25;7052;PLP 6/2024;6350;votou
2026-03-25;7052;PLP 6/2024;4639;P-NRV
2026-03-25;7052;PLP 6/2024;6372;votou
2026-03-25;7052;PLP 6/2024;5936;AP
2026-03-25;7052;PLP 6/2024;5990;votou
2026-03-25;7052;PLP 6/2024;470;votou
2026-03-25;7052;PLP 6/2024;5973;P-NRV
2026-03-25;7052;PLP 6/2024;739;votou
2026-03-25;7052;PLP 6/2024;6337;P-NRV
2026-03-25;7052;PLP 6/2024;475;votou
2026-03-25;7052;PLP 6/2024;6335;votou
2026-03-25;7052;PLP 6/2024;5998;votou
2026-03-25;7052;PLP 6/2024;3830;Presidente (art. 51 RISF)
2026-03-25;7052;PLP 6/2024;5793;votou
2026-03-25;7052;PLP 6/2024;5906;votou
2026-03-25;7052;PLP 6/2024;4994;votou
2026-03-25;7052;PLP 6/2024;5976;votou
2026-03-25;7052;PLP 6/2024;3777;AP
2026-03-25;7052;PLP 6/2024;4642;votou
2026-03-25;7052;PLP 6/2024;5718;votou
2026-03-25;7052;PLP 6/2024;22;votou
2026-03-25;7052;PLP 6/2024;5953;votou
2026-03-25;7052;PLP 6/2024;5917;votou
2026-03-25;7052;PLP 6/2024;6345;votou
2026-03-25;7052;PLP 6/2024;345;votou
2026-03-25;7052;PLP 6/2024;5894;votou
2026-03-25;7052;PLP 6/2024;6008;P-NRV
2026-03-25;7052;PLP 6/2024;6341;votou
2026-03-25;7052;PLP 6/2024;5008;votou
2026-03-25;7052;PLP 6/2024;5385;AP
2026-03-25;7052;PLP 6/2024;6010;votou
2026-03-25;7052;PLP 6/2024;4770;P-NRV
2026-03-25;7052;PLP 6/2024;35;votou
2026-03-25;7052;PLP 6/2024;6340;votou
2026-03-25;7052;PLP 6/2024;581;votou
2026-03-25;7052;PLP 6/2024;4531;votou
2026-03-25;7052;PLP 6/2024;5895;votou
2026-03-25;7052;PLP 6/2024;6342;MIS
2026-03-25;7052;PLP 6/2024;6369;votou
2026-03-25;7052;PLP 6/2024;4811;votou
2026-03-25;7052;PLP 6/2024;5979;votou
2026-03-25;7052;PLP 6/2024;5926;votou
2026-03-25;7052;PLP 6/2024;1186;P-NRV
2026-03-25;7052;PLP 6/2024;631;AP
2026-03-25;7052;PLP 6/2024;5376;LS
2026-03-25;7052;PLP 6/2024;742;votou
2026-03-25;7052;PLP 6/2024;285;votou
2026-03-25;7052;PLP 6/2024;5422;AP
2026-03-25;7052;PLP 6/2024;5942;P-NRV
2026-03-25;7052;PLP 6/2024;6304;votou
2026-03-25;7052;PLP 6/2024;5985;votou
2026-03-25;7052;PLP 6/2024;5525;votou
2026-03-25;7052;PLP 6/2024;5924;votou
2026-03-25;7052;PLP 6/2024;5523;votou
2026-03-25;7052;PLP 6/2024;825;votou
2026-03-25;7052;PLP 6/2024;5502;votou
2026-03-25;7052;PLP 6/2024;5386;P-NRV
2026-03-25;7052;PLP 6/2024;5012;votou
2026-03-25;7052;PLP 6/2024;70;AP
2026-03-25;7052;PLP 6/2024;6025;votou
2026-03-25;7052;PLP 6/2024;5732;votou
2026-03-25;7052;PLP 6/2024;4694;P-NRV
2026-03-25;7052;PLP 6/2024;5352;votou
2026-03-25;7052;PLP 6/2024;6331;votou
2026-03-25;7052;PLP 6/2024;5988;votou
2026-03-25;7052;PLP 6/2024;5959;votou
2026-03-25;7052;PLP 6/2024;4560;votou
2026-03-25;7052;PLP 6/2024;6338;votou
2026-03-25;7052;PLP 6/2024;5736;votou
2026-03-25;7052;PLP 6/2024;5899;votou
2026-03-25;7052;PLP 6/2024;5748;votou
2026-03-25;7052;PLP 6/2024;1173;votou
2026-03-25;7052;PLP 6/2024;5411;votou
2026-03-25;7052;PLP 6/2024;5070;votou
2026-03-25;7052;PLP 6/2024;5783;votou
2026-03-25;7052;PLP 6/2024;3806;votou
2026-04-08;7055;MSF 64/2025;5672;votou
2026-04-08;7055;MSF 64/2025;5982;votou
2026-04-08;7055;MSF 64/2025;6358;P-NRV
2026-04-08;7055;MSF 64/2025;5967;AP
2026-04-08;7055;MSF 64/2025;6009;votou
2026-04-08;7055;MSF 64/2025;4639;votou
2026-04-08;7055;MSF 64/2025;6372;votou
2026-04-08;7055;MSF 64/2025;6336;AP
2026-04-08;7055;MSF 64/2025;6295;votou
2026-04-08;7055;MSF 64/2025;5936;P-NRV
2026-04-08;7055;MSF 64/2025;5990;P-NRV
2026-04-08;7055;MSF 64/2025;470;votou
2026-04-08;7055;MSF 64/2025;5973;P-NRV
2026-04-08;7055;MSF 64/2025;739;votou
2026-04-08;7055;MSF 64/2025;6337;votou
2026-04-08;7055;MSF 64/2025;475;votou
2026-04-08;7055;MSF 64/2025;6335;P-NRV
2026-04-08;7055;MSF 64/2025;5998;AP
2026-04-08;7055;MSF 64/2025;3830;votou
2026-04-08;7055;MSF 64/2025;5793;votou
2026-04-08;7055;MSF 64/2025;5906;votou
2026-04-08;7055;MSF 64/2025;4994;AP
2026-04-08;7055;MSF 64/2025;5976;votou
2026-04-08;7055;MSF 64/2025;3777;votou
2026-04-08;7055;MSF 64/2025;4642;P-NRV
2026-04-08;7055;MSF 64/2025;5718;P-NRV
2026-04-08;7055;MSF 64/2025;22;votou
2026-04-08;7055;MSF 64/2025;5953;P-NRV
2026-04-08;7055;MSF 64/2025;5917;AP
2026-04-08;7055;MSF 64/2025;345;LS
2026-04-08;7055;MSF 64/2025;5894;votou
2026-04-08;7055;MSF 64/2025;6008;AP
2026-04-08;7055;MSF 64/2025;6341;votou
2026-04-08;7055;MSF 64/2025;5008;AP
2026-04-08;7055;MSF 64/2025;5385;AP
2026-04-08;7055;MSF 64/2025;6010;votou
2026-04-08;7055;MSF 64/2025;4770;votou
2026-04-08;7055;MSF 64/2025;35;AP
2026-04-08;7055;MSF 64/2025;6340;votou
2026-04-08;7055;MSF 64/2025;581;votou
2026-04-08;7055;MSF 64/2025;4531;votou
2026-04-08;7055;MSF 64/2025;5895;votou
2026-04-08;7055;MSF 64/2025;6342;votou
2026-04-08;7055;MSF 64/2025;6369;votou
2026-04-08;7055;MSF 64/2025;4811;AP
2026-04-08;7055;MSF 64/2025;5979;AP
2026-04-08;7055;MSF 64/2025;5926;votou
2026-04-08;7055;MSF 64/2025;1186;votou
2026-04-08;7055;MSF 64/2025;631;votou
2026-04-08;7055;MSF 64/2025;5376;LS
2026-04-08;7055;MSF 64/2025;742;P-NRV
2026-04-08;7055;MSF 64/2025;285;P-NRV
2026-04-08;7055;MSF 64/2025;5422;votou
2026-04-08;7055;MSF 64/2025;5942;AP
2026-04-08;7055;MSF 64/2025;5985;votou
2026-04-08;7055;MSF 64/2025;5525;AP
2026-04-08;7055;MSF 64/2025;5924;votou
2026-04-08;7055;MSF 64/2025;5523;votou
2026-04-08;7055;MSF 64/2025;825;votou
2026-04-08;7055;MSF 64/2025;5502;P-NRV
2026-04-08;7055;MSF 64/2025;5386;votou
2026-04-08;7055;MSF 64/2025;5012;votou
2026-04-08;7055;MSF 64/2025;70;AP
2026-04-08;7055;MSF 64/2025;5207;AP
2026-04-08;7055;MSF 64/2025;6025;votou
2026-04-08;7055;MSF 64/2025;5732;votou
2026-04-08;7055;MSF 64/2025;4694;votou
2026-04-08;7055;MSF 64/2025;5352;votou
2026-04-08;7055;MSF 64/2025;6331;P-NRV
2026-04-08;7055;MSF 64/2025;5988;P-NRV
2026-04-08;7055;MSF 64/2025;5959;votou
2026-04-08;7055;MSF 64/2025;4560;votou
2026-04-08;7055;MSF 64/2025;6338;P-NRV
2026-04-08;7055;MSF 64/2025;5736;votou
2026-04-08;7055;MSF 64/2025;5899;LP
2026-04-08;7055;MSF 64/2025;5748;votou
2026-04-08;7055;MSF 64/2025;1173;votou
2026-04-08;7055;MSF 64/2025;5411;P-NRV
2026-04-08;7055;MSF 64/2025;5070;P-NRV
2026-04-08;7055;MSF 64/2025;5783;votou
2026-04-08;7055;MSF 64/2025;3806;votou
2026-04-08;7053;MSF 46/2025;5672;P-NRV
2026-04-08;7053;MSF 46/2025;5982;P-NRV
2026-04-08;7053;MSF 46/2025;6358;P-NRV
2026-04-08;7053;MSF 46/2025;5967;AP
2026-04-08;7053;MSF 46/2025;6009;votou
2026-04-08;7053;MSF 46/2025;4639;votou
2026-04-08;7053;MSF 46/2025;6372;votou
2026-04-08;7053;MSF 46/2025;6336;AP
2026-04-08;7053;MSF 46/2025;6295;votou
2026-04-08;7053;MSF 46/2025;5936;P-NRV
2026-04-08;7053;MSF 46/2025;5990;P-NRV
2026-04-08;7053;MSF 46/2025;470;votou
2026-04-08;7053;MSF 46/2025;5973;P-NRV
2026-04-08;7053;MSF 46/2025;739;P-NRV
2026-04-08;7053;MSF 46/2025;6337;votou
2026-04-08;7053;MSF 46/2025;475;votou
2026-04-08;7053;MSF 46/2025;6335;votou
2026-04-08;7053;MSF 46/2025;5998;AP
2026-04-08;7053;MSF 46/2025;3830;votou
2026-04-08;7053;MSF 46/2025;5793;P-NRV
2026-04-08;7053;MSF 46/2025;5906;votou
2026-04-08;7053;MSF 46/2025;4994;AP
2026-04-08;7053;MSF 46/2025;5976;votou
2026-04-08;7053;MSF 46/2025;3777;votou
2026-04-08;7053;MSF 46/2025;4642;P-NRV
2026-04-08;7053;MSF 46/2025;5718;P-NRV
2026-04-08;7053;MSF 46/2025;22;votou
2026-04-08;7053;MSF 46/2025;5953;P-NRV
2026-04-08;7053;MSF 46/2025;5917;AP
2026-04-08;7053;MSF 46/2025;345;LS
2026-04-08;7053;MSF 46/2025;5894;votou
2026-04-08;7053;MSF 46/2025;6008;AP
2026-04-08;7053;MSF 46/2025;6341;votou
2026-04-08;7053;MSF 46/2025;5008;AP
2026-04-08;7053;MSF 46/2025;5385;AP
2026-04-08;7053;MSF 46/2025;6010;votou
2026-04-08;7053;MSF 46/2025;4770;votou
2026-04-08;7053;MSF 46/2025;35;AP
2026-04-08;7053;MSF 46/2025;6340;votou
2026-04-08;7053;MSF 46/2025;581;votou
2026-04-08;7053;MSF 46/2025;4531;votou
2026-04-08;7053;MSF 46/2025;5895;votou
2026-04-08;7053;MSF 46/2025;6342;votou
2026-04-08;7053;MSF 46/2025;6369;votou
2026-04-08;7053;MSF 46/2025;4811;AP
2026-04-08;7053;MSF 46/2025;5979;AP
2026-04-08;7053;MSF 46/2025;5926;votou
2026-04-08;7053;MSF 46/2025;1186;votou
2026-04-08;7053;MSF 46/2025;631;votou
2026-04-08;7053;MSF 46/2025;5376;LS
2026-04-08;7053;MSF 46/2025;742;P-NRV
2026-04-08;7053;MSF 46/2025;285;P-NRV
2026-04-08;7053;MSF 46/2025;5422;votou
2026-04-08;7053;MSF 46/2025;5942;AP
2026-04-08;7053;MSF 46/2025;5985;votou
2026-04-08;7053;MSF 46/2025;5525;AP
2026-04-08;7053;MSF 46/2025;5924;votou
2026-04-08;7053;MSF 46/2025;5523;P-NRV
2026-04-08;7053;MSF 46/2025;825;votou
2026-04-08;7053;MSF 46/2025;5502;P-NRV
2026-04-08;7053;MSF 46/2025;5386;votou
2026-04-08;7053;MSF 46/2025;5012;votou
2026-04-08;7053;MSF 46/2025;70;AP
2026-04-08;7053;MSF 46/2025;5207;AP
2026-04-08;7053;MSF 46/2025;6025;votou
2026-04-08;7053;MSF 46/2025;5732;votou
2026-04-08;7053;MSF 46/2025;4694;votou
2026-04-08;7053;MSF 46/2025;5352;votou
2026-04-08;7053;MSF 46/2025;6331;votou
2026-04-08;7053;MSF 46/2025;5988;P-NRV
2026-04-08;7053;MSF 46/2025;5959;votou
2026-04-08;7053;MSF 46/2025;4560;votou
2026-04-08;7053;MSF 46/2025;6338;votou
2026-04-08;7053;MSF 46/2025;5736;votou
2026-04-08;7053;MSF 46/2025;5899;LP
2026-04-08;7053;MSF 46/2025;5748;votou
2026-04-08;7053;MSF 46/2025;1173;votou
2026-04-08;7053;MSF 46/2025;5411;votou
2026-04-08;7053;MSF 46/2025;5070;votou
2026-04-08;7053;MSF 46/2025;5783;P-NRV
2026-04-08;7053;MSF 46/2025;3806;votou
2026-04-08;7054;MSF 47/2025;5672;P-NRV
2026-04-08;7054;MSF 47/2025;5982;P-NRV
2026-04-08;7054;MSF 47/2025;6358;votou
2026-04-08;7054;MSF 47/2025;5967;AP
2026-04-08;7054;MSF 47/2025;6009;votou
2026-04-08;7054;MSF 47/2025;4639;votou
2026-04-08;7054;MSF 47/2025;6372;P-NRV
2026-04-08;7054;MSF 47/2025;6336;AP
2026-04-08;7054;MSF 47/2025;6295;P-NRV
2026-04-08;7054;MSF 47/2025;5936;P-NRV
2026-04-08;7054;MSF 47/2025;5990;P-NRV
2026-04-08;7054;MSF 47/2025;470;votou
2026-04-08;7054;MSF 47/2025;5973;P-NRV
2026-04-08;7054;MSF 47/2025;739;P-NRV
2026-04-08;7054;MSF 47/2025;6337;votou
2026-04-08;7054;MSF 47/2025;475;votou
2026-04-08;7054;MSF 47/2025;6335;votou
2026-04-08;7054;MSF 47/2025;5998;AP
2026-04-08;7054;MSF 47/2025;3830;votou
2026-04-08;7054;MSF 47/2025;5793;P-NRV
2026-04-08;7054;MSF 47/2025;5906;votou
2026-04-08;7054;MSF 47/2025;4994;AP
2026-04-08;7054;MSF 47/2025;5976;P-NRV
2026-04-08;7054;MSF 47/2025;3777;P-NRV
2026-04-08;7054;MSF 47/2025;4642;P-NRV
2026-04-08;7054;MSF 47/2025;5718;votou
2026-04-08;7054;MSF 47/2025;22;votou
2026-04-08;7054;MSF 47/2025;5953;votou
2026-04-08;7054;MSF 47/2025;5917;AP
2026-04-08;7054;MSF 47/2025;345;LS
2026-04-08;7054;MSF 47/2025;5894;P-NRV
2026-04-08;7054;MSF 47/2025;6008;AP
2026-04-08;7054;MSF 47/2025;6341;votou
2026-04-08;7054;MSF 47/2025;5008;AP
2026-04-08;7054;MSF 47/2025;5385;AP
2026-04-08;7054;MSF 47/2025;6010;votou
2026-04-08;7054;MSF 47/2025;4770;votou
2026-04-08;7054;MSF 47/2025;35;AP
2026-04-08;7054;MSF 47/2025;6340;votou
2026-04-08;7054;MSF 47/2025;581;votou
2026-04-08;7054;MSF 47/2025;4531;votou
2026-04-08;7054;MSF 47/2025;5895;P-NRV
2026-04-08;7054;MSF 47/2025;6342;votou
2026-04-08;7054;MSF 47/2025;6369;votou
2026-04-08;7054;MSF 47/2025;4811;AP
2026-04-08;7054;MSF 47/2025;5979;AP
2026-04-08;7054;MSF 47/2025;5926;votou
2026-04-08;7054;MSF 47/2025;1186;votou
2026-04-08;7054;MSF 47/2025;631;P-NRV
2026-04-08;7054;MSF 47/2025;5376;LS
2026-04-08;7054;MSF 47/2025;742;votou
2026-04-08;7054;MSF 47/2025;285;P-NRV
2026-04-08;7054;MSF 47/2025;5422;votou
2026-04-08;7054;MSF 47/2025;5942;AP
2026-04-08;7054;MSF 47/2025;5985;votou
2026-04-08;7054;MSF 47/2025;5525;AP
2026-04-08;7054;MSF 47/2025;5924;P-NRV
2026-04-08;7054;MSF 47/2025;5523;P-NRV
2026-04-08;7054;MSF 47/2025;825;votou
2026-04-08;7054;MSF 47/2025;5502;votou
2026-04-08;7054;MSF 47/2025;5386;P-NRV
2026-04-08;7054;MSF 47/2025;5012;votou
2026-04-08;7054;MSF 47/2025;70;AP
2026-04-08;7054;MSF 47/2025;5207;AP
2026-04-08;7054;MSF 47/2025;6025;votou
2026-04-08;7054;MSF 47/2025;5732;votou
2026-04-08;7054;MSF 47/2025;4694;P-NRV
2026-04-08;7054;MSF 47/2025;5352;votou
2026-04-08;7054;MSF 47/2025;6331;P-NRV
2026-04-08;7054;MSF 47/2025;5988;P-NRV
2026-04-08;7054;MSF 47/2025;5959;votou
2026-04-08;7054;MSF 47/2025;4560;votou
2026-04-08;7054;MSF 47/2025;6338;votou
2026-04-08;7054;MSF 47/2025;5736;votou
2026-04-08;7054;MSF 47/2025;5899;LP
2026-04-08;7054;MSF 47/2025;5748;votou
2026-04-08;7054;MSF 47/2025;1173;votou
2026-04-08;7054;MSF 47/2025;5411;votou
2026-04-08;7054;MSF 47/2025;5070;votou
2026-04-08;7054;MSF 47/2025;5783;votou
2026-04-08;7054;MSF 47/2025;3806;votou
2026-04-08;7056;MSF 55/2025;5672;P-NRV
2026-04-08;7056;MSF 55/2025;5982;P-NRV
2026-04-08;7056;MSF 55/2025;6358;votou
2026-04-08;7056;MSF 55/2025;5967;AP
2026-04-08;7056;MSF 55/2025;6009;votou
2026-04-08;7056;MSF 55/2025;4639;votou
2026-04-08;7056;MSF 55/2025;6372;P-NRV
2026-04-08;7056;MSF 55/2025;6336;AP
2026-04-08;7056;MSF 55/2025;6295;P-NRV
2026-04-08;7056;MSF 55/2025;5936;P-NRV
2026-04-08;7056;MSF 55/2025;5990;votou
2026-04-08;7056;MSF 55/2025;470;votou
2026-04-08;7056;MSF 55/2025;5973;votou
2026-04-08;7056;MSF 55/2025;739;P-NRV
2026-04-08;7056;MSF 55/2025;6337;votou
2026-04-08;7056;MSF 55/2025;475;votou
2026-04-08;7056;MSF 55/2025;6335;votou
2026-04-08;7056;MSF 55/2025;5998;AP
2026-04-08;7056;MSF 55/2025;3830;votou
2026-04-08;7056;MSF 55/2025;5793;votou
2026-04-08;7056;MSF 55/2025;5906;votou
2026-04-08;7056;MSF 55/2025;4994;AP
2026-04-08;7056;MSF 55/2025;5976;P-NRV
2026-04-08;7056;MSF 55/2025;3777;P-NRV
2026-04-08;7056;MSF 55/2025;4642;votou
2026-04-08;7056;MSF 55/2025;5718;P-NRV
2026-04-08;7056;MSF 55/2025;22;votou
2026-04-08;7056;MSF 55/2025;5953;votou
2026-04-08;7056;MSF 55/2025;5917;AP
2026-04-08;7056;MSF 55/2025;345;LS
2026-04-08;7056;MSF 55/2025;5894;P-NRV
2026-04-08;7056;MSF 55/2025;6008;AP
2026-04-08;7056;MSF 55/2025;6341;votou
2026-04-08;7056;MSF 55/2025;5008;AP
2026-04-08;7056;MSF 55/2025;5385;AP
2026-04-08;7056;MSF 55/2025;6010;votou
2026-04-08;7056;MSF 55/2025;4770;votou
2026-04-08;7056;MSF 55/2025;35;AP
2026-04-08;7056;MSF 55/2025;6340;votou
2026-04-08;7056;MSF 55/2025;581;votou
2026-04-08;7056;MSF 55/2025;4531;votou
2026-04-08;7056;MSF 55/2025;5895;P-NRV
2026-04-08;7056;MSF 55/2025;6342;votou
2026-04-08;7056;MSF 55/2025;6369;votou
2026-04-08;7056;MSF 55/2025;4811;AP
2026-04-08;7056;MSF 55/2025;5979;AP
2026-04-08;7056;MSF 55/2025;5926;P-NRV
2026-04-08;7056;MSF 55/2025;1186;votou
2026-04-08;7056;MSF 55/2025;631;P-NRV
2026-04-08;7056;MSF 55/2025;5376;LS
2026-04-08;7056;MSF 55/2025;742;votou
2026-04-08;7056;MSF 55/2025;285;P-NRV
2026-04-08;7056;MSF 55/2025;5422;votou
2026-04-08;7056;MSF 55/2025;5942;AP
2026-04-08;7056;MSF 55/2025;5985;votou
2026-04-08;7056;MSF 55/2025;5525;AP
2026-04-08;7056;MSF 55/2025;5924;P-NRV
2026-04-08;7056;MSF 55/2025;5523;P-NRV
2026-04-08;7056;MSF 55/2025;825;votou
2026-04-08;7056;MSF 55/2025;5502;P-NRV
2026-04-08;7056;MSF 55/2025;5386;P-NRV
2026-04-08;7056;MSF 55/2025;5012;votou
2026-04-08;7056;MSF 55/2025;70;AP
2026-04-08;7056;MSF 55/2025;5207;AP
2026-04-08;7056;MSF 55/2025;6025;votou
2026-04-08;7056;MSF 55/2025;5732;votou
2026-04-08;7056;MSF 55/2025;4694;P-NRV
2026-04-08;7056;MSF 55/2025;5352;votou
2026-04-08;7056;MSF 55/2025;6331;P-NRV
2026-04-08;7056;MSF 55/2025;5988;votou
2026-04-08;7056;MSF 55/2025;5959;votou
2026-04-08;7056;MSF 55/2025;4560;votou
2026-04-08;7056;MSF 55/2025;6338;votou
2026-04-08;7056;MSF 55/2025;5736;votou
2026-04-08;7056;MSF 55/2025;5899;LP
2026-04-08;7056;MSF 55/2025;5748;P-NRV
2026-04-08;7056;MSF 55/2025;1173;votou
2026-04-08;7056;MSF 55/2025;5411;votou
2026-04-08;7056;MSF 55/2025;5070;P-NRV
2026-04-08;7056;MSF 55/2025;5783;votou
2026-04-08;7056;MSF 55/2025;3806;votou
2026-04-08;7057;MSF 56/2025;5672;P-NRV
2026-04-08;7057;MSF 56/2025;5982;P-NRV
2026-04-08;7057;MSF 56/2025;6358;votou
2026-04-08;7057;MSF 56/2025;5967;AP
2026-04-08;7057;MSF 56/2025;6009;votou
2026-04-08;7057;MSF 56/2025;4639;votou
2026-04-08;7057;MSF 56/2025;6372;P-NRV
2026-04-08;7057;MSF 56/2025;6336;AP
2026-04-08;7057;MSF 56/2025;6295;votou
2026-04-08;7057;MSF 56/2025;5936;votou
2026-04-08;7057;MSF 56/2025;5990;votou
2026-04-08;7057;MSF 56/2025;470;votou
2026-04-08;7057;MSF 56/2025;5973;votou
2026-04-08;7057;MSF 56/2025;739;P-NRV
2026-04-08;7057;MSF 56/2025;6337;P-NRV
2026-04-08;7057;MSF 56/2025;475;votou
2026-04-08;7057;MSF 56/2025;6335;votou
2026-04-08;7057;MSF 56/2025;5998;AP
2026-04-08;7057;MSF 56/2025;3830;votou
2026-04-08;7057;MSF 56/2025;5793;votou
2026-04-08;7057;MSF 56/2025;5906;votou
2026-04-08;7057;MSF 56/2025;4994;AP
2026-04-08;7057;MSF 56/2025;5976;votou
2026-04-08;7057;MSF 56/2025;3777;votou
2026-04-08;7057;MSF 56/2025;4642;votou
2026-04-08;7057;MSF 56/2025;5718;P-NRV
2026-04-08;7057;MSF 56/2025;22;votou
2026-04-08;7057;MSF 56/2025;5953;votou
2026-04-08;7057;MSF 56/2025;5917;AP
2026-04-08;7057;MSF 56/2025;345;LS
2026-04-08;7057;MSF 56/2025;5894;P-NRV
2026-04-08;7057;MSF 56/2025;6008;AP
2026-04-08;7057;MSF 56/2025;6341;votou
2026-04-08;7057;MSF 56/2025;5008;AP
2026-04-08;7057;MSF 56/2025;5385;AP
2026-04-08;7057;MSF 56/2025;6010;votou
2026-04-08;7057;MSF 56/2025;4770;P-NRV
2026-04-08;7057;MSF 56/2025;35;AP
2026-04-08;7057;MSF 56/2025;6340;votou
2026-04-08;7057;MSF 56/2025;581;votou
2026-04-08;7057;MSF 56/2025;4531;votou
2026-04-08;7057;MSF 56/2025;5895;P-NRV
2026-04-08;7057;MSF 56/2025;6342;votou
2026-04-08;7057;MSF 56/2025;6369;votou
2026-04-08;7057;MSF 56/2025;4811;AP
2026-04-08;7057;MSF 56/2025;5979;AP
2026-04-08;7057;MSF 56/2025;5926;P-NRV
2026-04-08;7057;MSF 56/2025;1186;votou
2026-04-08;7057;MSF 56/2025;631;P-NRV
2026-04-08;7057;MSF 56/2025;5376;LS
2026-04-08;7057;MSF 56/2025;742;votou
2026-04-08;7057;MSF 56/2025;285;votou
2026-04-08;7057;MSF 56/2025;5422;votou
2026-04-08;7057;MSF 56/2025;5942;AP
2026-04-08;7057;MSF 56/2025;5985;votou
2026-04-08;7057;MSF 56/2025;5525;AP
2026-04-08;7057;MSF 56/2025;5924;P-NRV
2026-04-08;7057;MSF 56/2025;5523;votou
2026-04-08;7057;MSF 56/2025;825;votou
2026-04-08;7057;MSF 56/2025;5502;P-NRV
2026-04-08;7057;MSF 56/2025;5386;P-NRV
2026-04-08;7057;MSF 56/2025;5012;votou
2026-04-08;7057;MSF 56/2025;70;AP
2026-04-08;7057;MSF 56/2025;5207;AP
2026-04-08;7057;MSF 56/2025;6025;votou
2026-04-08;7057;MSF 56/2025;5732;votou
2026-04-08;7057;MSF 56/2025;4694;votou
2026-04-08;7057;MSF 56/2025;5352;votou
2026-04-08;7057;MSF 56/2025;6331;P-NRV
2026-04-08;7057;MSF 56/2025;5988;votou
2026-04-08;7057;MSF 56/2025;5959;P-NRV
2026-04-08;7057;MSF 56/2025;4560;votou
2026-04-08;7057;MSF 56/2025;6338;P-NRV
2026-04-08;7057;MSF 56/2025;5736;votou
2026-04-08;7057;MSF 56/2025;5899;LP
2026-04-08;7057;MSF 56/2025;5748;P-NRV
2026-04-08;7057;MSF 56/2025;1173;votou
2026-04-08;7057;MSF 56/2025;5411;votou
2026-04-08;7057;MSF 56/2025;5070;P-NRV
2026-04-08;7057;MSF 56/2025;5783;votou
2026-04-08;7057;MSF 56/2025;3806;votou
2026-04-14;7058;MSF 63/2025;5672;P-NRV
2026-04-14;7058;MSF 63/2025;5982;P-NRV
2026-04-14;7058;MSF 63/2025;6358;AP
2026-04-14;7058;MSF 63/2025;5967;votou
2026-04-14;7058;MSF 63/2025;6009;MIS
2026-04-14;7058;MSF 63/2025;4639;votou
2026-04-14;7058;MSF 63/2025;6336;votou
2026-04-14;7058;MSF 63/2025;6295;AP
2026-04-14;7058;MSF 63/2025;5936;AP
2026-04-14;7058;MSF 63/2025;5990;P-NRV
2026-04-14;7058;MSF 63/2025;470;votou
2026-04-14;7058;MSF 63/2025;5973;votou
2026-04-14;7058;MSF 63/2025;739;MIS
2026-04-14;7058;MSF 63/2025;6337;P-NRV
2026-04-14;7058;MSF 63/2025;475;votou
2026-04-14;7058;MSF 63/2025;6335;votou
2026-04-14;7058;MSF 63/2025;5998;LS
2026-04-14;7058;MSF 63/2025;3830;votou
2026-04-14;7058;MSF 63/2025;5793;votou
2026-04-14;7058;MSF 63/2025;5906;P-NRV
2026-04-14;7058;MSF 63/2025;4994;P-NRV
2026-04-14;7058;MSF 63/2025;5976;votou
2026-04-14;7058;MSF 63/2025;3777;P-NRV
2026-04-14;7058;MSF 63/2025;4642;P-NRV
2026-04-14;7058;MSF 63/2025;5718;AP
2026-04-14;7058;MSF 63/2025;22;votou
2026-04-14;7058;MSF 63/2025;5953;P-NRV
2026-04-14;7058;MSF 63/2025;5917;AP
2026-04-14;7058;MSF 63/2025;345;LS
2026-04-14;7058;MSF 63/2025;5894;votou
2026-04-14;7058;MSF 63/2025;6008;votou
2026-04-14;7058;MSF 63/2025;6341;AP
2026-04-14;7058;MSF 63/2025;5008;votou
2026-04-14;7058;MSF 63/2025;5385;P-NRV
2026-04-14;7058;MSF 63/2025;6010;votou
2026-04-14;7058;MSF 63/2025;4770;votou
2026-04-14;7058;MSF 63/2025;35;P-NRV
2026-04-14;7058;MSF 63/2025;6340;votou
2026-04-14;7058;MSF 63/2025;581;votou
2026-04-14;7058;MSF 63/2025;4531;votou
2026-04-14;7058;MSF 63/2025;5895;LS
2026-04-14;7058;MSF 63/2025;6342;votou
2026-04-14;7058;MSF 63/2025;6369;votou
2026-04-14;7058;MSF 63/2025;4811;votou
2026-04-14;7058;MSF 63/2025;5979;votou
2026-04-14;7058;MSF 63/2025;5926;votou
2026-04-14;7058;MSF 63/2025;1186;AP
2026-04-14;7058;MSF 63/2025;631;votou
2026-04-14;7058;MSF 63/2025;5376;LS
2026-04-14;7058;MSF 63/2025;742;votou
2026-04-14;7058;MSF 63/2025;285;P-NRV
2026-04-14;7058;MSF 63/2025;5422;votou
2026-04-14;7058;MSF 63/2025;5942;P-NRV
2026-04-14;7058;MSF 63/2025;5985;votou
2026-04-14;7058;MSF 63/2025;5525;votou
2026-04-14;7058;MSF 63/2025;5924;AP
2026-04-14;7058;MSF 63/2025;5523;votou
2026-04-14;7058;MSF 63/2025;825;LS
2026-04-14;7058;MSF 63/2025;5502;P-NRV
2026-04-14;7058;MSF 63/2025;5386;votou
2026-04-14;7058;MSF 63/2025;5012;votou
2026-04-14;7058;MSF 63/2025;70;P-NRV
2026-04-14;7058;MSF 63/2025;5207;P-NRV
2026-04-14;7058;MSF 63/2025;6025;votou
2026-04-14;7058;MSF 63/2025;5732;votou
2026-04-14;7058;MSF 63/2025;4694;P-NRV
2026-04-14;7058;MSF 63/2025;5352;votou
2026-04-14;7058;MSF 63/2025;5322;votou
2026-04-14;7058;MSF 63/2025;6331;votou
2026-04-14;7058;MSF 63/2025;5988;votou
2026-04-14;7058;MSF 63/2025;5959;votou
2026-04-14;7058;MSF 63/2025;4560;AP
2026-04-14;7058;MSF 63/2025;6338;P-NRV
2026-04-14;7058;MSF 63/2025;5736;votou
2026-04-14;7058;MSF 63/2025;5899;AP
2026-04-14;7058;MSF 63/2025;5748;AP
2026-04-14;7058;MSF 63/2025;1173;P-NRV
2026-04-14;7058;MSF 63/2025;5411;votou
2026-04-14;7058;MSF 63/2025;5070;P-NRV
2026-04-14;7058;MSF 63/2025;5783;votou
2026-04-14;7058;MSF 63/2025;3806;votou
2026-04-14;7059;MSF 3/2026;5672;votou
2026-04-14;7059;MSF 3/2026;5982;P-NRV
2026-04-14;7059;MSF 3/2026;6358;AP
2026-04-14;7059;MSF 3/2026;5967;votou
2026-04-14;7059;MSF 3/2026;6009;MIS
2026-04-14;7059;MSF 3/2026;4639;votou
2026-04-14;7059;MSF 3/2026;6336;votou
2026-04-14;7059;MSF 3/2026;6295;AP
2026-04-14;7059;MSF 3/2026;5936;AP
2026-04-14;7059;MSF 3/2026;5990;P-NRV
2026-04-14;7059;MSF 3/2026;470;votou
2026-04-14;7059;MSF 3/2026;5973;votou
2026-04-14;7059;MSF 3/2026;739;MIS
2026-04-14;7059;MSF 3/2026;6337;votou
2026-04-14;7059;MSF 3/2026;475;votou
2026-04-14;7059;MSF 3/2026;6335;votou
2026-04-14;7059;MSF 3/2026;5998;LS
2026-04-14;7059;MSF 3/2026;3830;votou
2026-04-14;7059;MSF 3/2026;5793;votou
2026-04-14;7059;MSF 3/2026;5906;votou
2026-04-14;7059;MSF 3/2026;4994;P-NRV
2026-04-14;7059;MSF 3/2026;5976;P-NRV
2026-04-14;7059;MSF 3/2026;3777;P-NRV
2026-04-14;7059;MSF 3/2026;4642;P-NRV
2026-04-14;7059;MSF 3/2026;5718;AP
2026-04-14;7059;MSF 3/2026;22;votou
2026-04-14;7059;MSF 3/2026;5953;P-NRV
2026-04-14;7059;MSF 3/2026;5917;AP
2026-04-14;7059;MSF 3/2026;345;LS
2026-04-14;7059;MSF 3/2026;5894;P-NRV
2026-04-14;7059;MSF 3/2026;6008;votou
2026-04-14;7059;MSF 3/2026;6341;AP
2026-04-14;7059;MSF 3/2026;5008;P-NRV
2026-04-14;7059;MSF 3/2026;5385;votou
2026-04-14;7059;MSF 3/2026;6010;votou
2026-04-14;7059;MSF 3/2026;4770;votou
2026-04-14;7059;MSF 3/2026;35;P-NRV
2026-04-14;7059;MSF 3/2026;6340;votou
2026-04-14;7059;MSF 3/2026;581;votou
2026-04-14;7059;MSF 3/2026;4531;votou
2026-04-14;7059;MSF 3/2026;5895;LS
2026-04-14;7059;MSF 3/2026;6342;votou
2026-04-14;7059;MSF 3/2026;6369;votou
2026-04-14;7059;MSF 3/2026;4811;votou
2026-04-14;7059;MSF 3/2026;5979;votou
2026-04-14;7059;MSF 3/2026;5926;P-NRV
2026-04-14;7059;MSF 3/2026;1186;AP
2026-04-14;7059;MSF 3/2026;631;P-NRV
2026-04-14;7059;MSF 3/2026;5376;LS
2026-04-14;7059;MSF 3/2026;742;P-NRV
2026-04-14;7059;MSF 3/2026;285;P-NRV
2026-04-14;7059;MSF 3/2026;5422;votou
2026-04-14;7059;MSF 3/2026;5942;P-NRV
2026-04-14;7059;MSF 3/2026;5985;P-NRV
2026-04-14;7059;MSF 3/2026;5525;votou
2026-04-14;7059;MSF 3/2026;5924;AP
2026-04-14;7059;MSF 3/2026;5523;votou
2026-04-14;7059;MSF 3/2026;825;LS
2026-04-14;7059;MSF 3/2026;5502;votou
2026-04-14;7059;MSF 3/2026;5386;votou
2026-04-14;7059;MSF 3/2026;5012;votou
2026-04-14;7059;MSF 3/2026;70;P-NRV
2026-04-14;7059;MSF 3/2026;5207;P-NRV
2026-04-14;7059;MSF 3/2026;6025;votou
2026-04-14;7059;MSF 3/2026;5732;votou
2026-04-14;7059;MSF 3/2026;4694;votou
2026-04-14;7059;MSF 3/2026;5352;votou
2026-04-14;7059;MSF 3/2026;5322;votou
2026-04-14;7059;MSF 3/2026;6331;P-NRV
2026-04-14;7059;MSF 3/2026;5988;P-NRV
2026-04-14;7059;MSF 3/2026;5959;votou
2026-04-14;7059;MSF 3/2026;4560;AP
2026-04-14;7059;MSF 3/2026;6338;votou
2026-04-14;7059;MSF 3/2026;5736;votou
2026-04-14;7059;MSF 3/2026;5899;AP
2026-04-14;7059;MSF 3/2026;5748;AP
2026-04-14;7059;MSF 3/2026;1173;P-NRV
2026-04-14;7059;MSF 3/2026;5411;P-NRV
2026-04-14;7059;MSF 3/2026;5070;votou
2026-04-14;7059;MSF 3/2026;5783;votou
2026-04-14;7059;MSF 3/2026;3806;votou
2026-04-14;7060;MSF 61/2025;5672;votou
2026-04-14;7060;MSF 61/2025;5982;P-NRV
2026-04-14;7060;MSF 61/2025;6358;AP
2026-04-14;7060;MSF 61/2025;5967;votou
2026-04-14;7060;MSF 61/2025;6009;MIS
2026-04-14;7060;MSF 61/2025;4639;votou
2026-04-14;7060;MSF 61/2025;6336;votou
2026-04-14;7060;MSF 61/2025;6295;AP
2026-04-14;7060;MSF 61/2025;5936;AP
2026-04-14;7060;MSF 61/2025;5990;votou
2026-04-14;7060;MSF 61/2025;470;votou
2026-04-14;7060;MSF 61/2025;5973;votou
2026-04-14;7060;MSF 61/2025;739;MIS
2026-04-14;7060;MSF 61/2025;6337;votou
2026-04-14;7060;MSF 61/2025;475;votou
2026-04-14;7060;MSF 61/2025;6335;P-NRV
2026-04-14;7060;MSF 61/2025;5998;LS
2026-04-14;7060;MSF 61/2025;3830;votou
2026-04-14;7060;MSF 61/2025;5793;votou
2026-04-14;7060;MSF 61/2025;5906;P-NRV
2026-04-14;7060;MSF 61/2025;4994;P-NRV
2026-04-14;7060;MSF 61/2025;5976;P-NRV
2026-04-14;7060;MSF 61/2025;3777;P-NRV
2026-04-14;7060;MSF 61/2025;4642;P-NRV
2026-04-14;7060;MSF 61/2025;5718;AP
2026-04-14;7060;MSF 61/2025;22;votou
2026-04-14;7060;MSF 61/2025;5953;P-NRV
2026-04-14;7060;MSF 61/2025;5917;AP
2026-04-14;7060;MSF 61/2025;345;LS
2026-04-14;7060;MSF 61/2025;5894;P-NRV
2026-04-14;7060;MSF 61/2025;6008;votou
2026-04-14;7060;MSF 61/2025;6341;AP
2026-04-14;7060;MSF 61/2025;5008;P-NRV
2026-04-14;7060;MSF 61/2025;5385;votou
2026-04-14;7060;MSF 61/2025;6010;votou
2026-04-14;7060;MSF 61/2025;4770;votou
2026-04-14;7060;MSF 61/2025;35;P-NRV
2026-04-14;7060;MSF 61/2025;6340;votou
2026-04-14;7060;MSF 61/2025;581;votou
2026-04-14;7060;MSF 61/2025;4531;votou
2026-04-14;7060;MSF 61/2025;5895;LS
2026-04-14;7060;MSF 61/2025;6342;votou
2026-04-14;7060;MSF 61/2025;6369;votou
2026-04-14;7060;MSF 61/2025;4811;votou
2026-04-14;7060;MSF 61/2025;5979;P-NRV
2026-04-14;7060;MSF 61/2025;5926;P-NRV
2026-04-14;7060;MSF 61/2025;1186;AP
2026-04-14;7060;MSF 61/2025;631;P-NRV
2026-04-14;7060;MSF 61/2025;5376;LS
2026-04-14;7060;MSF 61/2025;742;P-NRV
2026-04-14;7060;MSF 61/2025;285;votou
2026-04-14;7060;MSF 61/2025;5422;P-NRV
2026-04-14;7060;MSF 61/2025;5942;votou
2026-04-14;7060;MSF 61/2025;5985;votou
2026-04-14;7060;MSF 61/2025;5525;P-NRV
2026-04-14;7060;MSF 61/2025;5924;AP
2026-04-14;7060;MSF 61/2025;5523;votou
2026-04-14;7060;MSF 61/2025;825;LS
2026-04-14;7060;MSF 61/2025;5502;P-NRV
2026-04-14;7060;MSF 61/2025;5386;votou
2026-04-14;7060;MSF 61/2025;5012;votou
2026-04-14;7060;MSF 61/2025;70;P-NRV
2026-04-14;7060;MSF 61/2025;5207;votou
2026-04-14;7060;MSF 61/2025;6025;votou
2026-04-14;7060;MSF 61/2025;5732;votou
2026-04-14;7060;MSF 61/2025;4694;votou
2026-04-14;7060;MSF 61/2025;5352;votou
2026-04-14;7060;MSF 61/2025;5322;votou
2026-04-14;7060;MSF 61/2025;6331;P-NRV
2026-04-14;7060;MSF 61/2025;5988;votou
2026-04-14;7060;MSF 61/2025;5959;P-NRV
2026-04-14;7060;MSF 61/2025;4560;AP
2026-04-14;7060;MSF 61/2025;6338;votou
2026-04-14;7060;MSF 61/2025;5736;votou
2026-04-14;7060;MSF 61/2025;5899;AP
2026-04-14;7060;MSF 61/2025;5748;AP
2026-04-14;7060;MSF 61/2025;1173;P-NRV
2026-04-14;7060;MSF 61/2025;5411;votou
2026-04-14;7060;MSF 61/2025;5070;votou
2026-04-14;7060;MSF 61/2025;5783;votou
2026-04-14;7060;MSF 61/2025;3806;votou
2026-04-14;7061;MSF 83/2025;5672;P-NRV
2026-04-14;7061;MSF 83/2025;5982;P-NRV
2026-04-14;7061;MSF 83/2025;6358;AP
2026-04-14;7061;MSF 83/2025;5967;P-NRV
2026-04-14;7061;MSF 83/2025;6009;MIS
2026-04-14;7061;MSF 83/2025;4639;votou
2026-04-14;7061;MSF 83/2025;6336;P-NRV
2026-04-14;7061;MSF 83/2025;6295;AP
2026-04-14;7061;MSF 83/2025;5936;AP
2026-04-14;7061;MSF 83/2025;5990;votou
2026-04-14;7061;MSF 83/2025;470;votou
2026-04-14;7061;MSF 83/2025;5973;votou
2026-04-14;7061;MSF 83/2025;739;MIS
2026-04-14;7061;MSF 83/2025;6337;votou
2026-04-14;7061;MSF 83/2025;475;votou
2026-04-14;7061;MSF 83/2025;6335;votou
2026-04-14;7061;MSF 83/2025;5998;LS
2026-04-14;7061;MSF 83/2025;3830;votou
2026-04-14;7061;MSF 83/2025;5793;P-NRV
2026-04-14;7061;MSF 83/2025;5906;P-NRV
2026-04-14;7061;MSF 83/2025;4994;votou
2026-04-14;7061;MSF 83/2025;5976;votou
2026-04-14;7061;MSF 83/2025;3777;P-NRV
2026-04-14;7061;MSF 83/2025;4642;votou
2026-04-14;7061;MSF 83/2025;5718;AP
2026-04-14;7061;MSF 83/2025;22;votou
2026-04-14;7061;MSF 83/2025;5953;votou
2026-04-14;7061;MSF 83/2025;5917;AP
2026-04-14;7061;MSF 83/2025;345;LS
2026-04-14;7061;MSF 83/2025;5894;P-NRV
2026-04-14;7061;MSF 83/2025;6008;P-NRV
2026-04-14;7061;MSF 83/2025;6341;AP
2026-04-14;7061;MSF 83/2025;5008;P-NRV
2026-04-14;7061;MSF 83/2025;5385;votou
2026-04-14;7061;MSF 83/2025;6010;votou
2026-04-14;7061;MSF 83/2025;4770;votou
2026-04-14;7061;MSF 83/2025;35;votou
2026-04-14;7061;MSF 83/2025;6340;votou
2026-04-14;7061;MSF 83/2025;581;votou
2026-04-14;7061;MSF 83/2025;4531;P-NRV
2026-04-14;7061;MSF 83/2025;5895;LS
2026-04-14;7061;MSF 83/2025;6342;votou
2026-04-14;7061;MSF 83/2025;6369;votou
2026-04-14;7061;MSF 83/2025;4811;votou
2026-04-14;7061;MSF 83/2025;5979;P-NRV
2026-04-14;7061;MSF 83/2025;5926;P-NRV
2026-04-14;7061;MSF 83/2025;1186;AP
2026-04-14;7061;MSF 83/2025;631;P-NRV
2026-04-14;7061;MSF 83/2025;5376;LS
2026-04-14;7061;MSF 83/2025;742;votou
2026-04-14;7061;MSF 83/2025;285;votou
2026-04-14;7061;MSF 83/2025;5422;votou
2026-04-14;7061;MSF 83/2025;5942;P-NRV
2026-04-14;7061;MSF 83/2025;5985;votou
2026-04-14;7061;MSF 83/2025;5525;P-NRV
2026-04-14;7061;MSF 83/2025;5924;AP
2026-04-14;7061;MSF 83/2025;5523;votou
2026-04-14;7061;MSF 83/2025;825;LS
2026-04-14;7061;MSF 83/2025;5502;P-NRV
2026-04-14;7061;MSF 83/2025;5386;votou
2026-04-14;7061;MSF 83/2025;5012;votou
2026-04-14;7061;MSF 83/2025;70;P-NRV
2026-04-14;7061;MSF 83/2025;5207;P-NRV
2026-04-14;7061;MSF 83/2025;6025;votou
2026-04-14;7061;MSF 83/2025;5732;votou
2026-04-14;7061;MSF 83/2025;4694;votou
2026-04-14;7061;MSF 83/2025;5352;votou
2026-04-14;7061;MSF 83/2025;5322;P-NRV
2026-04-14;7061;MSF 83/2025;6331;votou
2026-04-14;7061;MSF 83/2025;5988;votou
2026-04-14;7061;MSF 83/2025;5959;P-NRV
2026-04-14;7061;MSF 83/2025;4560;AP
2026-04-14;7061;MSF 83/2025;6338;votou
2026-04-14;7061;MSF 83/2025;5736;votou
2026-04-14;7061;MSF 83/2025;5899;AP
2026-04-14;7061;MSF 83/2025;5748;AP
2026-04-14;7061;MSF 83/2025;1173;votou
2026-04-14;7061;MSF 83/2025;5411;votou
2026-04-14;7061;MSF 83/2025;5070;P-NRV
2026-04-14;7061;MSF 83/2025;5783;votou
2026-04-14;7061;MSF 83/2025;3806;votou
2026-04-15;7062;PDL 249/2026;5672;votou
2026-04-15;7062;PDL 249/2026;5982;votou
2026-04-15;7062;PDL 249/2026;6358;votou
2026-04-15;7062;PDL 249/2026;5967;votou
2026-04-15;7062;PDL 249/2026;6009;MIS
2026-04-15;7062;PDL 249/2026;4639;votou
2026-04-15;7062;PDL 249/2026;6336;votou
2026-04-15;7062;PDL 249/2026;6295;AP
2026-04-15;7062;PDL 249/2026;5936;votou
2026-04-15;7062;PDL 249/2026;5990;P-NRV
2026-04-15;7062;PDL 249/2026;470;votou
2026-04-15;7062;PDL 249/2026;5973;votou
2026-04-15;7062;PDL 249/2026;739;MIS
2026-04-15;7062;PDL 249/2026;6337;votou
2026-04-15;7062;PDL 249/2026;475;votou
2026-04-15;7062;PDL 249/2026;6335;votou
2026-04-15;7062;PDL 249/2026;5998;LS
2026-04-15;7062;PDL 249/2026;3830;votou
2026-04-15;7062;PDL 249/2026;5793;votou
2026-04-15;7062;PDL 249/2026;5906;votou
2026-04-15;7062;PDL 249/2026;4994;votou
2026-04-15;7062;PDL 249/2026;5976;votou
2026-04-15;7062;PDL 249/2026;3777;votou
2026-04-15;7062;PDL 249/2026;4642;votou
2026-04-15;7062;PDL 249/2026;5718;votou
2026-04-15;7062;PDL 249/2026;22;votou
2026-04-15;7062;PDL 249/2026;5953;votou
2026-04-15;7062;PDL 249/2026;5917;AP
2026-04-15;7062;PDL 249/2026;345;LS
2026-04-15;7062;PDL 249/2026;5894;votou
2026-04-15;7062;PDL 249/2026;6008;AP
2026-04-15;7062;PDL 249/2026;6341;votou
2026-04-15;7062;PDL 249/2026;5008;AP
2026-04-15;7062;PDL 249/2026;5385;AP
2026-04-15;7062;PDL 249/2026;6010;votou
2026-04-15;7062;PDL 249/2026;4770;votou
2026-04-15;7062;PDL 249/2026;35;votou
2026-04-15;7062;PDL 249/2026;6340;votou
2026-04-15;7062;PDL 249/2026;581;votou
2026-04-15;7062;PDL 249/2026;4531;votou
2026-04-15;7062;PDL 249/2026;5895;LS
2026-04-15;7062;PDL 249/2026;6342;votou
2026-04-15;7062;PDL 249/2026;6369;votou
2026-04-15;7062;PDL 249/2026;4811;P-NRV
2026-04-15;7062;PDL 249/2026;5979;votou
2026-04-15;7062;PDL 249/2026;5926;votou
2026-04-15;7062;PDL 249/2026;1186;AP
2026-04-15;7062;PDL 249/2026;631;votou
2026-04-15;7062;PDL 249/2026;5376;LS
2026-04-15;7062;PDL 249/2026;742;NA
2026-04-15;7062;PDL 249/2026;285;votou
2026-04-15;7062;PDL 249/2026;5422;P-NRV
2026-04-15;7062;PDL 249/2026;5942;votou
2026-04-15;7062;PDL 249/2026;5985;votou
2026-04-15;7062;PDL 249/2026;5525;votou
2026-04-15;7062;PDL 249/2026;5924;AP
2026-04-15;7062;PDL 249/2026;5523;votou
2026-04-15;7062;PDL 249/2026;825;LS
2026-04-15;7062;PDL 249/2026;5502;votou
2026-04-15;7062;PDL 249/2026;5386;votou
2026-04-15;7062;PDL 249/2026;5012;votou
2026-04-15;7062;PDL 249/2026;70;votou
2026-04-15;7062;PDL 249/2026;5207;votou
2026-04-15;7062;PDL 249/2026;6025;votou
2026-04-15;7062;PDL 249/2026;5732;votou
2026-04-15;7062;PDL 249/2026;4694;votou
2026-04-15;7062;PDL 249/2026;5352;votou
2026-04-15;7062;PDL 249/2026;5322;P-NRV
2026-04-15;7062;PDL 249/2026;6331;votou
2026-04-15;7062;PDL 249/2026;5988;AP
2026-04-15;7062;PDL 249/2026;5959;votou
2026-04-15;7062;PDL 249/2026;4560;AP
2026-04-15;7062;PDL 249/2026;6338;votou
2026-04-15;7062;PDL 249/2026;5736;votou
2026-04-15;7062;PDL 249/2026;5899;AP
2026-04-15;7062;PDL 249/2026;5748;votou
2026-04-15;7062;PDL 249/2026;1173;votou
2026-04-15;7062;PDL 249/2026;5411;votou
2026-04-15;7062;PDL 249/2026;5070;votou
2026-04-15;7062;PDL 249/2026;5783;votou
2026-04-15;7062;PDL 249/2026;3806;votou
2026-04-15;7063;MSF 57/2025;5672;votou
2026-04-15;7063;MSF 57/2025;5982;P-NRV
2026-04-15;7063;MSF 57/2025;6358;votou
2026-04-15;7063;MSF 57/2025;5967;P-NRV
2026-04-15;7063;MSF 57/2025;6009;MIS
2026-04-15;7063;MSF 57/2025;4639;votou
2026-04-15;7063;MSF 57/2025;6336;votou
2026-04-15;7063;MSF 57/2025;6295;AP
2026-04-15;7063;MSF 57/2025;5936;votou
2026-04-15;7063;MSF 57/2025;5990;votou
2026-04-15;7063;MSF 57/2025;470;votou
2026-04-15;7063;MSF 57/2025;5973;P-NRV
2026-04-15;7063;MSF 57/2025;739;MIS
2026-04-15;7063;MSF 57/2025;6337;votou
2026-04-15;7063;MSF 57/2025;475;P-NRV
2026-04-15;7063;MSF 57/2025;6335;votou
2026-04-15;7063;MSF 57/2025;5998;LS
2026-04-15;7063;MSF 57/2025;3830;votou
2026-04-15;7063;MSF 57/2025;5793;P-NRV
2026-04-15;7063;MSF 57/2025;5906;votou
2026-04-15;7063;MSF 57/2025;4994;P-NRV
2026-04-15;7063;MSF 57/2025;5976;votou
2026-04-15;7063;MSF 57/2025;3777;AP
2026-04-15;7063;MSF 57/2025;4642;votou
2026-04-15;7063;MSF 57/2025;5718;P-NRV
2026-04-15;7063;MSF 57/2025;22;P-NRV
2026-04-15;7063;MSF 57/2025;5953;P-NRV
2026-04-15;7063;MSF 57/2025;5917;AP
2026-04-15;7063;MSF 57/2025;345;LS
2026-04-15;7063;MSF 57/2025;5894;votou
2026-04-15;7063;MSF 57/2025;6008;AP
2026-04-15;7063;MSF 57/2025;6341;votou
2026-04-15;7063;MSF 57/2025;5008;AP
2026-04-15;7063;MSF 57/2025;5385;AP
2026-04-15;7063;MSF 57/2025;6010;votou
2026-04-15;7063;MSF 57/2025;4770;votou
2026-04-15;7063;MSF 57/2025;35;votou
2026-04-15;7063;MSF 57/2025;6340;votou
2026-04-15;7063;MSF 57/2025;581;votou
2026-04-15;7063;MSF 57/2025;4531;votou
2026-04-15;7063;MSF 57/2025;5895;LS
2026-04-15;7063;MSF 57/2025;6342;votou
2026-04-15;7063;MSF 57/2025;6369;votou
2026-04-15;7063;MSF 57/2025;4811;P-NRV
2026-04-15;7063;MSF 57/2025;5979;votou
2026-04-15;7063;MSF 57/2025;5926;votou
2026-04-15;7063;MSF 57/2025;1186;AP
2026-04-15;7063;MSF 57/2025;631;votou
2026-04-15;7063;MSF 57/2025;5376;LS
2026-04-15;7063;MSF 57/2025;742;NA
2026-04-15;7063;MSF 57/2025;285;votou
2026-04-15;7063;MSF 57/2025;5422;votou
2026-04-15;7063;MSF 57/2025;5942;P-NRV
2026-04-15;7063;MSF 57/2025;5985;votou
2026-04-15;7063;MSF 57/2025;5525;votou
2026-04-15;7063;MSF 57/2025;5924;AP
2026-04-15;7063;MSF 57/2025;5523;votou
2026-04-15;7063;MSF 57/2025;825;LS
2026-04-15;7063;MSF 57/2025;5502;votou
2026-04-15;7063;MSF 57/2025;5386;votou
2026-04-15;7063;MSF 57/2025;5012;votou
2026-04-15;7063;MSF 57/2025;70;P-NRV
2026-04-15;7063;MSF 57/2025;5207;votou
2026-04-15;7063;MSF 57/2025;6025;P-NRV
2026-04-15;7063;MSF 57/2025;5732;votou
2026-04-15;7063;MSF 57/2025;4694;votou
2026-04-15;7063;MSF 57/2025;5352;P-NRV
2026-04-15;7063;MSF 57/2025;5322;P-NRV
2026-04-15;7063;MSF 57/2025;6331;votou
2026-04-15;7063;MSF 57/2025;5988;AP
2026-04-15;7063;MSF 57/2025;5959;P-NRV
2026-04-15;7063;MSF 57/2025;4560;AP
2026-04-15;7063;MSF 57/2025;6338;votou
2026-04-15;7063;MSF 57/2025;5736;P-NRV
2026-04-15;7063;MSF 57/2025;5899;AP
2026-04-15;7063;MSF 57/2025;5748;votou
2026-04-15;7063;MSF 57/2025;1173;P-NRV
2026-04-15;7063;MSF 57/2025;5411;P-NRV
2026-04-15;7063;MSF 57/2025;5070;P-NRV
2026-04-15;7063;MSF 57/2025;5783;votou
2026-04-15;7063;MSF 57/2025;3806;votou
2026-04-15;7064;MSF 62/2025;5672;votou
2026-04-15;7064;MSF 62/2025;5982;votou
2026-04-15;7064;MSF 62/2025;6358;votou
2026-04-15;7064;MSF 62/2025;5967;P-NRV
2026-04-15;7064;MSF 62/2025;6009;MIS
2026-04-15;7064;MSF 62/2025;4639;votou
2026-04-15;7064;MSF 62/2025;6336;votou
2026-04-15;7064;MSF 62/2025;6295;AP
2026-04-15;7064;MSF 62/2025;5936;votou
2026-04-15;7064;MSF 62/2025;5990;votou
2026-04-15;7064;MSF 62/2025;470;votou
2026-04-15;7064;MSF 62/2025;5973;P-NRV
2026-04-15;7064;MSF 62/2025;739;MIS
2026-04-15;7064;MSF 62/2025;6337;votou
2026-04-15;7064;MSF 62/2025;475;votou
2026-04-15;7064;MSF 62/2025;6335;votou
2026-04-15;7064;MSF 62/2025;5998;LS
2026-04-15;7064;MSF 62/2025;3830;Presidente (art. 51 RISF)
2026-04-15;7064;MSF 62/2025;5793;P-NRV
2026-04-15;7064;MSF 62/2025;5906;votou
2026-04-15;7064;MSF 62/2025;4994;P-NRV
2026-04-15;7064;MSF 62/2025;5976;votou
2026-04-15;7064;MSF 62/2025;3777;AP
2026-04-15;7064;MSF 62/2025;4642;votou
2026-04-15;7064;MSF 62/2025;5718;P-NRV
2026-04-15;7064;MSF 62/2025;22;votou
2026-04-15;7064;MSF 62/2025;5953;P-NRV
2026-04-15;7064;MSF 62/2025;5917;AP
2026-04-15;7064;MSF 62/2025;345;LS
2026-04-15;7064;MSF 62/2025;5894;votou
2026-04-15;7064;MSF 62/2025;6008;AP
2026-04-15;7064;MSF 62/2025;6341;votou
2026-04-15;7064;MSF 62/2025;5008;AP
2026-04-15;7064;MSF 62/2025;5385;AP
2026-04-15;7064;MSF 62/2025;6010;votou
2026-04-15;7064;MSF 62/2025;4770;votou
2026-04-15;7064;MSF 62/2025;35;votou
2026-04-15;7064;MSF 62/2025;6340;votou
2026-04-15;7064;MSF 62/2025;581;votou
2026-04-15;7064;MSF 62/2025;4531;votou
2026-04-15;7064;MSF 62/2025;5895;LS
2026-04-15;7064;MSF 62/2025;6342;votou
2026-04-15;7064;MSF 62/2025;6369;votou
2026-04-15;7064;MSF 62/2025;4811;P-NRV
2026-04-15;7064;MSF 62/2025;5979;votou
2026-04-15;7064;MSF 62/2025;5926;votou
2026-04-15;7064;MSF 62/2025;1186;AP
2026-04-15;7064;MSF 62/2025;631;votou
2026-04-15;7064;MSF 62/2025;5376;LS
2026-04-15;7064;MSF 62/2025;742;NA
2026-04-15;7064;MSF 62/2025;285;votou
2026-04-15;7064;MSF 62/2025;5422;votou
2026-04-15;7064;MSF 62/2025;5942;P-NRV
2026-04-15;7064;MSF 62/2025;5985;P-NRV
2026-04-15;7064;MSF 62/2025;5525;votou
2026-04-15;7064;MSF 62/2025;5924;AP
2026-04-15;7064;MSF 62/2025;5523;votou
2026-04-15;7064;MSF 62/2025;825;LS
2026-04-15;7064;MSF 62/2025;5502;votou
2026-04-15;7064;MSF 62/2025;5386;votou
2026-04-15;7064;MSF 62/2025;5012;votou
2026-04-15;7064;MSF 62/2025;70;P-NRV
2026-04-15;7064;MSF 62/2025;5207;P-NRV
2026-04-15;7064;MSF 62/2025;6025;P-NRV
2026-04-15;7064;MSF 62/2025;5732;votou
2026-04-15;7064;MSF 62/2025;4694;votou
2026-04-15;7064;MSF 62/2025;5352;P-NRV
2026-04-15;7064;MSF 62/2025;5322;P-NRV
2026-04-15;7064;MSF 62/2025;6331;votou
2026-04-15;7064;MSF 62/2025;5988;AP
2026-04-15;7064;MSF 62/2025;5959;P-NRV
2026-04-15;7064;MSF 62/2025;4560;AP
2026-04-15;7064;MSF 62/2025;6338;votou
2026-04-15;7064;MSF 62/2025;5736;P-NRV
2026-04-15;7064;MSF 62/2025;5899;AP
2026-04-15;7064;MSF 62/2025;5748;votou
2026-04-15;7064;MSF 62/2025;1173;votou
2026-04-15;7064;MSF 62/2025;5411;P-NRV
2026-04-15;7064;MSF 62/2025;5070;P-NRV
2026-04-15;7064;MSF 62/2025;5783;votou
2026-04-15;7064;MSF 62/2025;3806;votou
2026-04-15;7065;MSF 65/2025;5672;votou
2026-04-15;7065;MSF 65/2025;5982;votou
2026-04-15;7065;MSF 65/2025;6358;votou
2026-04-15;7065;MSF 65/2025;5967;P-NRV
2026-04-15;7065;MSF 65/2025;6009;MIS
2026-04-15;7065;MSF 65/2025;4639;votou
2026-04-15;7065;MSF 65/2025;6336;votou
2026-04-15;7065;MSF 65/2025;6295;AP
2026-04-15;7065;MSF 65/2025;5936;P-NRV
2026-04-15;7065;MSF 65/2025;5990;votou
2026-04-15;7065;MSF 65/2025;470;votou
2026-04-15;7065;MSF 65/2025;5973;P-NRV
2026-04-15;7065;MSF 65/2025;739;MIS
2026-04-15;7065;MSF 65/2025;6337;votou
2026-04-15;7065;MSF 65/2025;475;votou
2026-04-15;7065;MSF 65/2025;6335;votou
2026-04-15;7065;MSF 65/2025;5998;LS
2026-04-15;7065;MSF 65/2025;3830;votou
2026-04-15;7065;MSF 65/2025;5793;P-NRV
2026-04-15;7065;MSF 65/2025;5906;votou
2026-04-15;7065;MSF 65/2025;4994;P-NRV
2026-04-15;7065;MSF 65/2025;5976;votou
2026-04-15;7065;MSF 65/2025;3777;AP
2026-04-15;7065;MSF 65/2025;4642;votou
2026-04-15;7065;MSF 65/2025;5718;P-NRV
2026-04-15;7065;MSF 65/2025;22;votou
2026-04-15;7065;MSF 65/2025;5953;P-NRV
2026-04-15;7065;MSF 65/2025;5917;AP
2026-04-15;7065;MSF 65/2025;345;LS
2026-04-15;7065;MSF 65/2025;5894;votou
2026-04-15;7065;MSF 65/2025;6008;AP
2026-04-15;7065;MSF 65/2025;6341;votou
2026-04-15;7065;MSF 65/2025;5008;AP
2026-04-15;7065;MSF 65/2025;5385;AP
2026-04-15;7065;MSF 65/2025;6010;votou
2026-04-15;7065;MSF 65/2025;4770;votou
2026-04-15;7065;MSF 65/2025;35;votou
2026-04-15;7065;MSF 65/2025;6340;votou
2026-04-15;7065;MSF 65/2025;581;P-NRV
2026-04-15;7065;MSF 65/2025;4531;votou
2026-04-15;7065;MSF 65/2025;5895;LS
2026-04-15;7065;MSF 65/2025;6342;votou
2026-04-15;7065;MSF 65/2025;6369;votou
2026-04-15;7065;MSF 65/2025;4811;P-NRV
2026-04-15;7065;MSF 65/2025;5979;votou
2026-04-15;7065;MSF 65/2025;5926;votou
2026-04-15;7065;MSF 65/2025;1186;AP
2026-04-15;7065;MSF 65/2025;631;votou
2026-04-15;7065;MSF 65/2025;5376;LS
2026-04-15;7065;MSF 65/2025;742;NA
2026-04-15;7065;MSF 65/2025;285;votou
2026-04-15;7065;MSF 65/2025;5422;votou
2026-04-15;7065;MSF 65/2025;5942;P-NRV
2026-04-15;7065;MSF 65/2025;5985;P-NRV
2026-04-15;7065;MSF 65/2025;5525;P-NRV
2026-04-15;7065;MSF 65/2025;5924;AP
2026-04-15;7065;MSF 65/2025;5523;votou
2026-04-15;7065;MSF 65/2025;825;LS
2026-04-15;7065;MSF 65/2025;5502;P-NRV
2026-04-15;7065;MSF 65/2025;5386;votou
2026-04-15;7065;MSF 65/2025;5012;votou
2026-04-15;7065;MSF 65/2025;70;P-NRV
2026-04-15;7065;MSF 65/2025;5207;votou
2026-04-15;7065;MSF 65/2025;6025;P-NRV
2026-04-15;7065;MSF 65/2025;5732;votou
2026-04-15;7065;MSF 65/2025;4694;votou
2026-04-15;7065;MSF 65/2025;5352;P-NRV
2026-04-15;7065;MSF 65/2025;5322;P-NRV
2026-04-15;7065;MSF 65/2025;6331;votou
2026-04-15;7065;MSF 65/2025;5988;AP
2026-04-15;7065;MSF 65/2025;5959;P-NRV
2026-04-15;7065;MSF 65/2025;4560;AP
2026-04-15;7065;MSF 65/2025;6338;votou
2026-04-15;7065;MSF 65/2025;5736;P-NRV
2026-04-15;7065;MSF 65/2025;5899;AP
2026-04-15;7065;MSF 65/2025;5748;votou
2026-04-15;7065;MSF 65/2025;1173;votou
2026-04-15;7065;MSF 65/2025;5411;P-NRV
2026-04-15;7065;MSF 65/2025;5070;P-NRV
2026-04-15;7065;MSF 65/2025;5783;votou
2026-04-15;7065;MSF 65/2025;3806;votou
2026-04-15;7066;MSF 69/2025;5672;votou
2026-04-15;7066;MSF 69/2025;5982;votou
2026-04-15;7066;MSF 69/2025;6358;votou
2026-04-15;7066;MSF 69/2025;5967;P-NRV
2026-04-15;7066;MSF 69/2025;6009;MIS
2026-04-15;7066;MSF 69/2025;4639;votou
2026-04-15;7066;MSF 69/2025;6336;P-NRV
2026-04-15;7066;MSF 69/2025;6295;AP
2026-04-15;7066;MSF 69/2025;5936;votou
2026-04-15;7066;MSF 69/2025;5990;votou
2026-04-15;7066;MSF 69/2025;470;votou
2026-04-15;7066;MSF 69/2025;5973;P-NRV
2026-04-15;7066;MSF 69/2025;739;MIS
2026-04-15;7066;MSF 69/2025;6337;P-NRV
2026-04-15;7066;MSF 69/2025;475;votou
2026-04-15;7066;MSF 69/2025;6335;votou
2026-04-15;7066;MSF 69/2025;5998;LS
2026-04-15;7066;MSF 69/2025;3830;votou
2026-04-15;7066;MSF 69/2025;5793;P-NRV
2026-04-15;7066;MSF 69/2025;5906;votou
2026-04-15;7066;MSF 69/2025;4994;P-NRV
2026-04-15;7066;MSF 69/2025;5976;votou
2026-04-15;7066;MSF 69/2025;3777;AP
2026-04-15;7066;MSF 69/2025;4642;votou
2026-04-15;7066;MSF 69/2025;5718;P-NRV
2026-04-15;7066;MSF 69/2025;22;votou
2026-04-15;7066;MSF 69/2025;5953;P-NRV
2026-04-15;7066;MSF 69/2025;5917;AP
2026-04-15;7066;MSF 69/2025;345;LS
2026-04-15;7066;MSF 69/2025;5894;votou
2026-04-15;7066;MSF 69/2025;6008;AP
2026-04-15;7066;MSF 69/2025;6341;votou
2026-04-15;7066;MSF 69/2025;5008;AP
2026-04-15;7066;MSF 69/2025;5385;AP
2026-04-15;7066;MSF 69/2025;6010;votou
2026-04-15;7066;MSF 69/2025;4770;votou
2026-04-15;7066;MSF 69/2025;35;votou
2026-04-15;7066;MSF 69/2025;6340;votou
2026-04-15;7066;MSF 69/2025;581;votou
2026-04-15;7066;MSF 69/2025;4531;votou
2026-04-15;7066;MSF 69/2025;5895;LS
2026-04-15;7066;MSF 69/2025;6342;votou
2026-04-15;7066;MSF 69/2025;6369;votou
2026-04-15;7066;MSF 69/2025;4811;P-NRV
2026-04-15;7066;MSF 69/2025;5979;P-NRV
2026-04-15;7066;MSF 69/2025;5926;votou
2026-04-15;7066;MSF 69/2025;1186;AP
2026-04-15;7066;MSF 69/2025;631;votou
2026-04-15;7066;MSF 69/2025;5376;LS
2026-04-15;7066;MSF 69/2025;742;NA
2026-04-15;7066;MSF 69/2025;285;votou
2026-04-15;7066;MSF 69/2025;5422;votou
2026-04-15;7066;MSF 69/2025;5942;P-NRV
2026-04-15;7066;MSF 69/2025;5985;votou
2026-04-15;7066;MSF 69/2025;5525;P-NRV
2026-04-15;7066;MSF 69/2025;5924;AP
2026-04-15;7066;MSF 69/2025;5523;votou
2026-04-15;7066;MSF 69/2025;825;LS
2026-04-15;7066;MSF 69/2025;5502;P-NRV
2026-04-15;7066;MSF 69/2025;5386;votou
2026-04-15;7066;MSF 69/2025;5012;votou
2026-04-15;7066;MSF 69/2025;70;P-NRV
2026-04-15;7066;MSF 69/2025;5207;votou
2026-04-15;7066;MSF 69/2025;6025;votou
2026-04-15;7066;MSF 69/2025;5732;votou
2026-04-15;7066;MSF 69/2025;4694;votou
2026-04-15;7066;MSF 69/2025;5352;P-NRV
2026-04-15;7066;MSF 69/2025;5322;P-NRV
2026-04-15;7066;MSF 69/2025;6331;votou
2026-04-15;7066;MSF 69/2025;5988;AP
2026-04-15;7066;MSF 69/2025;5959;P-NRV
2026-04-15;7066;MSF 69/2025;4560;AP
2026-04-15;7066;MSF 69/2025;6338;votou
2026-04-15;7066;MSF 69/2025;5736;P-NRV
2026-04-15;7066;MSF 69/2025;5899;AP
2026-04-15;7066;MSF 69/2025;5748;P-NRV
2026-04-15;7066;MSF 69/2025;1173;votou
2026-04-15;7066;MSF 69/2025;5411;P-NRV
2026-04-15;7066;MSF 69/2025;5070;P-NRV
2026-04-15;7066;MSF 69/2025;5783;votou
2026-04-15;7066;MSF 69/2025;3806;votou
2026-04-15;7067;MSF 80/2025;5672;votou
2026-04-15;7067;MSF 80/2025;5982;P-NRV
2026-04-15;7067;MSF 80/2025;6358;votou
2026-04-15;7067;MSF 80/2025;5967;votou
2026-04-15;7067;MSF 80/2025;6009;MIS
2026-04-15;7067;MSF 80/2025;4639;votou
2026-04-15;7067;MSF 80/2025;6336;P-NRV
2026-04-15;7067;MSF 80/2025;6295;AP
2026-04-15;7067;MSF 80/2025;5936;votou
2026-04-15;7067;MSF 80/2025;5990;votou
2026-04-15;7067;MSF 80/2025;470;votou
2026-04-15;7067;MSF 80/2025;5973;P-NRV
2026-04-15;7067;MSF 80/2025;739;MIS
2026-04-15;7067;MSF 80/2025;6337;P-NRV
2026-04-15;7067;MSF 80/2025;475;P-NRV
2026-04-15;7067;MSF 80/2025;6335;votou
2026-04-15;7067;MSF 80/2025;5998;LS
2026-04-15;7067;MSF 80/2025;3830;votou
2026-04-15;7067;MSF 80/2025;5793;P-NRV
2026-04-15;7067;MSF 80/2025;5906;votou
2026-04-15;7067;MSF 80/2025;4994;P-NRV
2026-04-15;7067;MSF 80/2025;5976;votou
2026-04-15;7067;MSF 80/2025;3777;AP
2026-04-15;7067;MSF 80/2025;4642;votou
2026-04-15;7067;MSF 80/2025;5718;votou
2026-04-15;7067;MSF 80/2025;22;votou
2026-04-15;7067;MSF 80/2025;5953;P-NRV
2026-04-15;7067;MSF 80/2025;5917;AP
2026-04-15;7067;MSF 80/2025;345;LS
2026-04-15;7067;MSF 80/2025;5894;votou
2026-04-15;7067;MSF 80/2025;6008;AP
2026-04-15;7067;MSF 80/2025;6341;votou
2026-04-15;7067;MSF 80/2025;5008;AP
2026-04-15;7067;MSF 80/2025;5385;AP
2026-04-15;7067;MSF 80/2025;6010;votou
2026-04-15;7067;MSF 80/2025;4770;votou
2026-04-15;7067;MSF 80/2025;35;votou
2026-04-15;7067;MSF 80/2025;6340;votou
2026-04-15;7067;MSF 80/2025;581;votou
2026-04-15;7067;MSF 80/2025;4531;votou
2026-04-15;7067;MSF 80/2025;5895;LS
2026-04-15;7067;MSF 80/2025;6342;votou
2026-04-15;7067;MSF 80/2025;6369;votou
2026-04-15;7067;MSF 80/2025;4811;votou
2026-04-15;7067;MSF 80/2025;5979;P-NRV
2026-04-15;7067;MSF 80/2025;5926;votou
2026-04-15;7067;MSF 80/2025;1186;AP
2026-04-15;7067;MSF 80/2025;631;votou
2026-04-15;7067;MSF 80/2025;5376;LS
2026-04-15;7067;MSF 80/2025;742;NA
2026-04-15;7067;MSF 80/2025;285;votou
2026-04-15;7067;MSF 80/2025;5422;votou
2026-04-15;7067;MSF 80/2025;5942;P-NRV
2026-04-15;7067;MSF 80/2025;5985;votou
2026-04-15;7067;MSF 80/2025;5525;P-NRV
2026-04-15;7067;MSF 80/2025;5924;AP
2026-04-15;7067;MSF 80/2025;5523;votou
2026-04-15;7067;MSF 80/2025;825;LS
2026-04-15;7067;MSF 80/2025;5502;P-NRV
2026-04-15;7067;MSF 80/2025;5386;votou
2026-04-15;7067;MSF 80/2025;5012;votou
2026-04-15;7067;MSF 80/2025;70;P-NRV
2026-04-15;7067;MSF 80/2025;5207;votou
2026-04-15;7067;MSF 80/2025;6025;votou
2026-04-15;7067;MSF 80/2025;5732;votou
2026-04-15;7067;MSF 80/2025;4694;votou
2026-04-15;7067;MSF 80/2025;5352;P-NRV
2026-04-15;7067;MSF 80/2025;5322;P-NRV
2026-04-15;7067;MSF 80/2025;6331;votou
2026-04-15;7067;MSF 80/2025;5988;AP
2026-04-15;7067;MSF 80/2025;5959;P-NRV
2026-04-15;7067;MSF 80/2025;4560;AP
2026-04-15;7067;MSF 80/2025;6338;votou
2026-04-15;7067;MSF 80/2025;5736;P-NRV
2026-04-15;7067;MSF 80/2025;5899;AP
2026-04-15;7067;MSF 80/2025;5748;P-NRV
2026-04-15;7067;MSF 80/2025;1173;votou
2026-04-15;7067;MSF 80/2025;5411;P-NRV
2026-04-15;7067;MSF 80/2025;5070;P-NRV
2026-04-15;7067;MSF 80/2025;5783;votou
2026-04-15;7067;MSF 80/2025;3806;votou
2026-04-15;7068;MSF 84/2025;5672;votou
2026-04-15;7068;MSF 84/2025;5982;P-NRV
2026-04-15;7068;MSF 84/2025;6358;votou
2026-04-15;7068;MSF 84/2025;5967;votou
2026-04-15;7068;MSF 84/2025;6009;MIS
2026-04-15;7068;MSF 84/2025;4639;votou
2026-04-15;7068;MSF 84/2025;6336;P-NRV
2026-04-15;7068;MSF 84/2025;6295;AP
2026-04-15;7068;MSF 84/2025;5936;votou
2026-04-15;7068;MSF 84/2025;5990;votou
2026-04-15;7068;MSF 84/2025;470;votou
2026-04-15;7068;MSF 84/2025;5973;P-NRV
2026-04-15;7068;MSF 84/2025;739;MIS
2026-04-15;7068;MSF 84/2025;6337;P-NRV
2026-04-15;7068;MSF 84/2025;475;votou
2026-04-15;7068;MSF 84/2025;6335;votou
2026-04-15;7068;MSF 84/2025;5998;LS
2026-04-15;7068;MSF 84/2025;3830;votou
2026-04-15;7068;MSF 84/2025;5793;P-NRV
2026-04-15;7068;MSF 84/2025;5906;votou
2026-04-15;7068;MSF 84/2025;4994;P-NRV
2026-04-15;7068;MSF 84/2025;5976;votou
2026-04-15;7068;MSF 84/2025;3777;AP
2026-04-15;7068;MSF 84/2025;4642;votou
2026-04-15;7068;MSF 84/2025;5718;votou
2026-04-15;7068;MSF 84/2025;22;votou
2026-04-15;7068;MSF 84/2025;5953;P-NRV
2026-04-15;7068;MSF 84/2025;5917;AP
2026-04-15;7068;MSF 84/2025;345;LS
2026-04-15;7068;MSF 84/2025;5894;votou
2026-04-15;7068;MSF 84/2025;6008;AP
2026-04-15;7068;MSF 84/2025;6341;votou
2026-04-15;7068;MSF 84/2025;5008;AP
2026-04-15;7068;MSF 84/2025;5385;AP
2026-04-15;7068;MSF 84/2025;6010;votou
2026-04-15;7068;MSF 84/2025;4770;votou
2026-04-15;7068;MSF 84/2025;35;votou
2026-04-15;7068;MSF 84/2025;6340;votou
2026-04-15;7068;MSF 84/2025;581;votou
2026-04-15;7068;MSF 84/2025;4531;votou
2026-04-15;7068;MSF 84/2025;5895;LS
2026-04-15;7068;MSF 84/2025;6342;votou
2026-04-15;7068;MSF 84/2025;6369;votou
2026-04-15;7068;MSF 84/2025;4811;votou
2026-04-15;7068;MSF 84/2025;5979;P-NRV
2026-04-15;7068;MSF 84/2025;5926;P-NRV
2026-04-15;7068;MSF 84/2025;1186;AP
2026-04-15;7068;MSF 84/2025;631;votou
2026-04-15;7068;MSF 84/2025;5376;LS
2026-04-15;7068;MSF 84/2025;742;NA
2026-04-15;7068;MSF 84/2025;285;P-NRV
2026-04-15;7068;MSF 84/2025;5422;votou
2026-04-15;7068;MSF 84/2025;5942;P-NRV
2026-04-15;7068;MSF 84/2025;5985;votou
2026-04-15;7068;MSF 84/2025;5525;P-NRV
2026-04-15;7068;MSF 84/2025;5924;AP
2026-04-15;7068;MSF 84/2025;5523;votou
2026-04-15;7068;MSF 84/2025;825;LS
2026-04-15;7068;MSF 84/2025;5502;P-NRV
2026-04-15;7068;MSF 84/2025;5386;votou
2026-04-15;7068;MSF 84/2025;5012;P-NRV
2026-04-15;7068;MSF 84/2025;70;P-NRV
2026-04-15;7068;MSF 84/2025;5207;P-NRV
2026-04-15;7068;MSF 84/2025;6025;votou
2026-04-15;7068;MSF 84/2025;5732;votou
2026-04-15;7068;MSF 84/2025;4694;votou
2026-04-15;7068;MSF 84/2025;5352;votou
2026-04-15;7068;MSF 84/2025;5322;P-NRV
2026-04-15;7068;MSF 84/2025;6331;votou
2026-04-15;7068;MSF 84/2025;5988;AP
2026-04-15;7068;MSF 84/2025;5959;P-NRV
2026-04-15;7068;MSF 84/2025;4560;AP
2026-04-15;7068;MSF 84/2025;6338;votou
2026-04-15;7068;MSF 84/2025;5736;votou
2026-04-15;7068;MSF 84/2025;5899;AP
2026-04-15;7068;MSF 84/2025;5748;P-NRV
2026-04-15;7068;MSF 84/2025;1173;votou
2026-04-15;7068;MSF 84/2025;5411;P-NRV
2026-04-15;7068;MSF 84/2025;5070;P-NRV
2026-04-15;7068;MSF 84/2025;5783;votou
2026-04-15;7068;MSF 84/2025;3806;votou
2026-04-28;7071;MSF 68/2025;5672;P-NRV
2026-04-28;7071;MSF 68/2025;5982;votou
2026-04-28;7071;MSF 68/2025;6358;votou
2026-04-28;7071;MSF 68/2025;5967;P-NRV
2026-04-28;7071;MSF 68/2025;6009;votou
2026-04-28;7071;MSF 68/2025;4639;votou
2026-04-28;7071;MSF 68/2025;6336;votou
2026-04-28;7071;MSF 68/2025;6295;AP
2026-04-28;7071;MSF 68/2025;5936;P-NRV
2026-04-28;7071;MSF 68/2025;5990;AP
2026-04-28;7071;MSF 68/2025;470;votou
2026-04-28;7071;MSF 68/2025;5973;MIS
2026-04-28;7071;MSF 68/2025;739;votou
2026-04-28;7071;MSF 68/2025;6337;votou
2026-04-28;7071;MSF 68/2025;475;votou
2026-04-28;7071;MSF 68/2025;6335;votou
2026-04-28;7071;MSF 68/2025;5998;LS
2026-04-28;7071;MSF 68/2025;3830;AP
2026-04-28;7071;MSF 68/2025;5793;votou
2026-04-28;7071;MSF 68/2025;5906;P-NRV
2026-04-28;7071;MSF 68/2025;4994;votou
2026-04-28;7071;MSF 68/2025;5976;votou
2026-04-28;7071;MSF 68/2025;3777;votou
2026-04-28;7071;MSF 68/2025;4642;P-NRV
2026-04-28;7071;MSF 68/2025;5718;LS
2026-04-28;7071;MSF 68/2025;22;votou
2026-04-28;7071;MSF 68/2025;5953;votou
2026-04-28;7071;MSF 68/2025;5917;AP
2026-04-28;7071;MSF 68/2025;345;votou
2026-04-28;7071;MSF 68/2025;5894;votou
2026-04-28;7071;MSF 68/2025;6008;P-NRV
2026-04-28;7071;MSF 68/2025;6341;votou
2026-04-28;7071;MSF 68/2025;5008;AP
2026-04-28;7071;MSF 68/2025;5385;AP
2026-04-28;7071;MSF 68/2025;6010;votou
2026-04-28;7071;MSF 68/2025;4770;P-NRV
2026-04-28;7071;MSF 68/2025;35;votou
2026-04-28;7071;MSF 68/2025;6340;P-NRV
2026-04-28;7071;MSF 68/2025;581;P-NRV
2026-04-28;7071;MSF 68/2025;4531;votou
2026-04-28;7071;MSF 68/2025;5895;LS
2026-04-28;7071;MSF 68/2025;6342;votou
2026-04-28;7071;MSF 68/2025;6369;AP
2026-04-28;7071;MSF 68/2025;4811;P-NRV
2026-04-28;7071;MSF 68/2025;5979;P-NRV
2026-04-28;7071;MSF 68/2025;5926;votou
2026-04-28;7071;MSF 68/2025;1186;votou
2026-04-28;7071;MSF 68/2025;631;P-NRV
2026-04-28;7071;MSF 68/2025;5376;votou
2026-04-28;7071;MSF 68/2025;742;P-NRV
2026-04-28;7071;MSF 68/2025;285;P-NRV
2026-04-28;7071;MSF 68/2025;5422;votou
2026-04-28;7071;MSF 68/2025;5942;votou
2026-04-28;7071;MSF 68/2025;5985;AP
2026-04-28;7071;MSF 68/2025;5525;P-NRV
2026-04-28;7071;MSF 68/2025;5924;NCom
2026-04-28;7071;MSF 68/2025;5523;votou
2026-04-28;7071;MSF 68/2025;825;votou
2026-04-28;7071;MSF 68/2025;5502;votou
2026-04-28;7071;MSF 68/2025;5386;P-NRV
2026-04-28;7071;MSF 68/2025;5012;votou
2026-04-28;7071;MSF 68/2025;70;AP
2026-04-28;7071;MSF 68/2025;5207;AP
2026-04-28;7071;MSF 68/2025;6025;P-NRV
2026-04-28;7071;MSF 68/2025;5732;AP
2026-04-28;7071;MSF 68/2025;4694;votou
2026-04-28;7071;MSF 68/2025;5352;AP
2026-04-28;7071;MSF 68/2025;5322;votou
2026-04-28;7071;MSF 68/2025;6331;votou
2026-04-28;7071;MSF 68/2025;5988;AP
2026-04-28;7071;MSF 68/2025;5959;votou
2026-04-28;7071;MSF 68/2025;4560;votou
2026-04-28;7071;MSF 68/2025;6338;votou
2026-04-28;7071;MSF 68/2025;5736;votou
2026-04-28;7071;MSF 68/2025;5899;P-NRV
2026-04-28;7071;MSF 68/2025;5748;votou
2026-04-28;7071;MSF 68/2025;1173;P-NRV
2026-04-28;7071;MSF 68/2025;5411;P-NRV
2026-04-28;7071;MSF 68/2025;5070;votou
2026-04-28;7071;MSF 68/2025;5783;votou
2026-04-28;7071;MSF 68/2025;3806;votou
2026-04-28;7069;MSF 70/2025;5672;votou
2026-04-28;7069;MSF 70/2025;5982;votou
2026-04-28;7069;MSF 70/2025;6358;votou
2026-04-28;7069;MSF 70/2025;5967;P-NRV
2026-04-28;7069;MSF 70/2025;6009;votou
2026-04-28;7069;MSF 70/2025;4639;votou
2026-04-28;7069;MSF 70/2025;6336;votou
2026-04-28;7069;MSF 70/2025;6295;AP
2026-04-28;7069;MSF 70/2025;5936;votou
2026-04-28;7069;MSF 70/2025;5990;AP
2026-04-28;7069;MSF 70/2025;470;votou
2026-04-28;7069;MSF 70/2025;5973;MIS
2026-04-28;7069;MSF 70/2025;739;P-NRV
2026-04-28;7069;MSF 70/2025;6337;P-NRV
2026-04-28;7069;MSF 70/2025;475;votou
2026-04-28;7069;MSF 70/2025;6335;votou
2026-04-28;7069;MSF 70/2025;5998;LS
2026-04-28;7069;MSF 70/2025;3830;AP
2026-04-28;7069;MSF 70/2025;5793;P-NRV
2026-04-28;7069;MSF 70/2025;5906;P-NRV
2026-04-28;7069;MSF 70/2025;4994;P-NRV
2026-04-28;7069;MSF 70/2025;5976;votou
2026-04-28;7069;MSF 70/2025;3777;votou
2026-04-28;7069;MSF 70/2025;4642;P-NRV
2026-04-28;7069;MSF 70/2025;5718;LS
2026-04-28;7069;MSF 70/2025;22;votou
2026-04-28;7069;MSF 70/2025;5953;votou
2026-04-28;7069;MSF 70/2025;5917;AP
2026-04-28;7069;MSF 70/2025;345;votou
2026-04-28;7069;MSF 70/2025;5894;P-NRV
2026-04-28;7069;MSF 70/2025;6008;votou
2026-04-28;7069;MSF 70/2025;6341;votou
2026-04-28;7069;MSF 70/2025;5008;AP
2026-04-28;7069;MSF 70/2025;5385;AP
2026-04-28;7069;MSF 70/2025;6010;votou
2026-04-28;7069;MSF 70/2025;4770;P-NRV
2026-04-28;7069;MSF 70/2025;35;votou
2026-04-28;7069;MSF 70/2025;6340;votou
2026-04-28;7069;MSF 70/2025;581;votou
2026-04-28;7069;MSF 70/2025;4531;votou
2026-04-28;7069;MSF 70/2025;5895;LS
2026-04-28;7069;MSF 70/2025;6342;votou
2026-04-28;7069;MSF 70/2025;6369;AP
2026-04-28;7069;MSF 70/2025;4811;votou
2026-04-28;7069;MSF 70/2025;5979;votou
2026-04-28;7069;MSF 70/2025;5926;votou
2026-04-28;7069;MSF 70/2025;1186;votou
2026-04-28;7069;MSF 70/2025;631;P-NRV
2026-04-28;7069;MSF 70/2025;5376;votou
2026-04-28;7069;MSF 70/2025;742;votou
2026-04-28;7069;MSF 70/2025;285;P-NRV
2026-04-28;7069;MSF 70/2025;5422;votou
2026-04-28;7069;MSF 70/2025;5942;votou
2026-04-28;7069;MSF 70/2025;5985;AP
2026-04-28;7069;MSF 70/2025;5525;votou
2026-04-28;7069;MSF 70/2025;5924;NCom
2026-04-28;7069;MSF 70/2025;5523;votou
2026-04-28;7069;MSF 70/2025;825;votou
2026-04-28;7069;MSF 70/2025;5502;P-NRV
2026-04-28;7069;MSF 70/2025;5386;votou
2026-04-28;7069;MSF 70/2025;5012;P-NRV
2026-04-28;7069;MSF 70/2025;70;AP
2026-04-28;7069;MSF 70/2025;5207;AP
2026-04-28;7069;MSF 70/2025;6025;votou
2026-04-28;7069;MSF 70/2025;5732;AP
2026-04-28;7069;MSF 70/2025;4694;P-NRV
2026-04-28;7069;MSF 70/2025;5352;AP
2026-04-28;7069;MSF 70/2025;5322;P-NRV
2026-04-28;7069;MSF 70/2025;6331;votou
2026-04-28;7069;MSF 70/2025;5988;AP
2026-04-28;7069;MSF 70/2025;5959;P-NRV
2026-04-28;7069;MSF 70/2025;4560;votou
2026-04-28;7069;MSF 70/2025;6338;votou
2026-04-28;7069;MSF 70/2025;5736;P-NRV
2026-04-28;7069;MSF 70/2025;5899;votou
2026-04-28;7069;MSF 70/2025;5748;P-NRV
2026-04-28;7069;MSF 70/2025;1173;P-NRV
2026-04-28;7069;MSF 70/2025;5411;votou
2026-04-28;7069;MSF 70/2025;5070;P-NRV
2026-04-28;7069;MSF 70/2025;5783;votou
2026-04-28;7069;MSF 70/2025;3806;votou
2026-04-28;7070;MSF 85/2025;5672;votou
2026-04-28;7070;MSF 85/2025;5982;P-NRV
2026-04-28;7070;MSF 85/2025;6358;votou
2026-04-28;7070;MSF 85/2025;5967;P-NRV
2026-04-28;7070;MSF 85/2025;6009;votou
2026-04-28;7070;MSF 85/2025;4639;votou
2026-04-28;7070;MSF 85/2025;6336;votou
2026-04-28;7070;MSF 85/2025;6295;AP
2026-04-28;7070;MSF 85/2025;5936;votou
2026-04-28;7070;MSF 85/2025;5990;AP
2026-04-28;7070;MSF 85/2025;470;votou
2026-04-28;7070;MSF 85/2025;5973;MIS
2026-04-28;7070;MSF 85/2025;739;votou
2026-04-28;7070;MSF 85/2025;6337;P-NRV
2026-04-28;7070;MSF 85/2025;475;votou
2026-04-28;7070;MSF 85/2025;6335;votou
2026-04-28;7070;MSF 85/2025;5998;LS
2026-04-28;7070;MSF 85/2025;3830;AP
2026-04-28;7070;MSF 85/2025;5793;P-NRV
2026-04-28;7070;MSF 85/2025;5906;votou
2026-04-28;7070;MSF 85/2025;4994;P-NRV
2026-04-28;7070;MSF 85/2025;5976;votou
2026-04-28;7070;MSF 85/2025;3777;P-NRV
2026-04-28;7070;MSF 85/2025;4642;votou
2026-04-28;7070;MSF 85/2025;5718;LS
2026-04-28;7070;MSF 85/2025;22;votou
2026-04-28;7070;MSF 85/2025;5953;P-NRV
2026-04-28;7070;MSF 85/2025;5917;AP
2026-04-28;7070;MSF 85/2025;345;votou
2026-04-28;7070;MSF 85/2025;5894;P-NRV
2026-04-28;7070;MSF 85/2025;6008;votou
2026-04-28;7070;MSF 85/2025;6341;votou
2026-04-28;7070;MSF 85/2025;5008;votou
2026-04-28;7070;MSF 85/2025;5385;AP
2026-04-28;7070;MSF 85/2025;6010;votou
2026-04-28;7070;MSF 85/2025;4770;votou
2026-04-28;7070;MSF 85/2025;35;votou
2026-04-28;7070;MSF 85/2025;6340;votou
2026-04-28;7070;MSF 85/2025;581;votou
2026-04-28;7070;MSF 85/2025;4531;votou
2026-04-28;7070;MSF 85/2025;5895;LS
2026-04-28;7070;MSF 85/2025;6342;P-NRV
2026-04-28;7070;MSF 85/2025;6369;AP
2026-04-28;7070;MSF 85/2025;4811;P-NRV
2026-04-28;7070;MSF 85/2025;5979;votou
2026-04-28;7070;MSF 85/2025;5926;P-NRV
2026-04-28;7070;MSF 85/2025;1186;votou
2026-04-28;7070;MSF 85/2025;631;P-NRV
2026-04-28;7070;MSF 85/2025;5376;votou
2026-04-28;7070;MSF 85/2025;742;votou
2026-04-28;7070;MSF 85/2025;285;votou
2026-04-28;7070;MSF 85/2025;5422;votou
2026-04-28;7070;MSF 85/2025;5942;votou
2026-04-28;7070;MSF 85/2025;5985;AP
2026-04-28;7070;MSF 85/2025;5525;P-NRV
2026-04-28;7070;MSF 85/2025;5924;NCom
2026-04-28;7070;MSF 85/2025;5523;votou
2026-04-28;7070;MSF 85/2025;825;votou
2026-04-28;7070;MSF 85/2025;5502;votou
2026-04-28;7070;MSF 85/2025;5386;votou
2026-04-28;7070;MSF 85/2025;5012;votou
2026-04-28;7070;MSF 85/2025;70;AP
2026-04-28;7070;MSF 85/2025;5207;AP
2026-04-28;7070;MSF 85/2025;6025;votou
2026-04-28;7070;MSF 85/2025;5732;AP
2026-04-28;7070;MSF 85/2025;4694;P-NRV
2026-04-28;7070;MSF 85/2025;5352;AP
2026-04-28;7070;MSF 85/2025;5322;P-NRV
2026-04-28;7070;MSF 85/2025;6331;votou
2026-04-28;7070;MSF 85/2025;5988;AP
2026-04-28;7070;MSF 85/2025;5959;votou
2026-04-28;7070;MSF 85/2025;4560;P-NRV
2026-04-28;7070;MSF 85/2025;6338;votou
2026-04-28;7070;MSF 85/2025;5736;votou
2026-04-28;7070;MSF 85/2025;5899;votou
2026-04-28;7070;MSF 85/2025;5748;P-NRV
2026-04-28;7070;MSF 85/2025;1173;votou
2026-04-28;7070;MSF 85/2025;5411;votou
2026-04-28;7070;MSF 85/2025;5070;P-NRV
2026-04-28;7070;MSF 85/2025;5783;votou
2026-04-28;7070;MSF 85/2025;3806;votou
2026-04-29;7072;OFS 16/2025;5672;votou
2026-04-29;7072;OFS 16/2025;5982;P-NRV
2026-04-29;7072;OFS 16/2025;6358;P-NRV
2026-04-29;7072;OFS 16/2025;5967;P-NRV
2026-04-29;7072;OFS 16/2025;6009;votou
2026-04-29;7072;OFS 16/2025;4639;votou
2026-04-29;7072;OFS 16/2025;6336;votou
2026-04-29;7072;OFS 16/2025;6295;votou
2026-04-29;7072;OFS 16/2025;5936;votou
2026-04-29;7072;OFS 16/2025;5990;votou
2026-04-29;7072;OFS 16/2025;470;votou
2026-04-29;7072;OFS 16/2025;5973;MIS
2026-04-29;7072;OFS 16/2025;739;votou
2026-04-29;7072;OFS 16/2025;6337;votou
2026-04-29;7072;OFS 16/2025;475;votou
2026-04-29;7072;OFS 16/2025;6335;votou
2026-04-29;7072;OFS 16/2025;5998;P-NRV
2026-04-29;7072;OFS 16/2025;3830;votou
2026-04-29;7072;OFS 16/2025;5793;P-NRV
2026-04-29;7072;OFS 16/2025;5906;votou
2026-04-29;7072;OFS 16/2025;4994;votou
2026-04-29;7072;OFS 16/2025;5976;votou
2026-04-29;7072;OFS 16/2025;3777;votou
2026-04-29;7072;OFS 16/2025;4642;P-NRV
2026-04-29;7072;OFS 16/2025;5718;votou
2026-04-29;7072;OFS 16/2025;22;votou
2026-04-29;7072;OFS 16/2025;5953;votou
2026-04-29;7072;OFS 16/2025;5917;votou
2026-04-29;7072;OFS 16/2025;345;votou
2026-04-29;7072;OFS 16/2025;5894;votou
2026-04-29;7072;OFS 16/2025;6008;votou
2026-04-29;7072;OFS 16/2025;6341;votou
2026-04-29;7072;OFS 16/2025;5008;votou
2026-04-29;7072;OFS 16/2025;5385;votou
2026-04-29;7072;OFS 16/2025;6010;votou
2026-04-29;7072;OFS 16/2025;4770;votou
2026-04-29;7072;OFS 16/2025;35;votou
2026-04-29;7072;OFS 16/2025;6340;votou
2026-04-29;7072;OFS 16/2025;581;votou
2026-04-29;7072;OFS 16/2025;4531;votou
2026-04-29;7072;OFS 16/2025;5895;votou
2026-04-29;7072;OFS 16/2025;6342;votou
2026-04-29;7072;OFS 16/2025;4811;votou
2026-04-29;7072;OFS 16/2025;5979;votou
2026-04-29;7072;OFS 16/2025;5926;votou
2026-04-29;7072;OFS 16/2025;1186;votou
2026-04-29;7072;OFS 16/2025;631;P-NRV
2026-04-29;7072;OFS 16/2025;5376;votou
2026-04-29;7072;OFS 16/2025;742;votou
2026-04-29;7072;OFS 16/2025;285;votou
2026-04-29;7072;OFS 16/2025;5422;votou
2026-04-29;7072;OFS 16/2025;5942;votou
2026-04-29;7072;OFS 16/2025;5985;votou
2026-04-29;7072;OFS 16/2025;5525;votou
2026-04-29;7072;OFS 16/2025;5924;NCom
2026-04-29;7072;OFS 16/2025;5523;P-NRV
2026-04-29;7072;OFS 16/2025;825;votou
2026-04-29;7072;OFS 16/2025;5502;P-NRV
2026-04-29;7072;OFS 16/2025;5386;votou
2026-04-29;7072;OFS 16/2025;5012;votou
2026-04-29;7072;OFS 16/2025;70;votou
2026-04-29;7072;OFS 16/2025;5207;votou
2026-04-29;7072;OFS 16/2025;6025;votou
2026-04-29;7072;OFS 16/2025;5732;votou
2026-04-29;7072;OFS 16/2025;4694;votou
2026-04-29;7072;OFS 16/2025;5352;votou
2026-04-29;7072;OFS 16/2025;5322;votou
2026-04-29;7072;OFS 16/2025;6331;votou
2026-04-29;7072;OFS 16/2025;5988;P-NRV
2026-04-29;7072;OFS 16/2025;5959;votou
2026-04-29;7072;OFS 16/2025;4560;votou
2026-04-29;7072;OFS 16/2025;6338;votou
2026-04-29;7072;OFS 16/2025;5736;votou
2026-04-29;7072;OFS 16/2025;5899;P-NRV
2026-04-29;7072;OFS 16/2025;5748;votou
2026-04-29;7072;OFS 16/2025;5016;votou
2026-04-29;7072;OFS 16/2025;1173;P-NRV
2026-04-29;7072;OFS 16/2025;5411;votou
2026-04-29;7072;OFS 16/2025;5070;P-NRV
2026-04-29;7072;OFS 16/2025;5783;votou
2026-04-29;7072;OFS 16/2025;3806;votou
2026-04-29;7073;OFS 19/2025;5672;votou
2026-04-29;7073;OFS 19/2025;5982;P-NRV
2026-04-29;7073;OFS 19/2025;6358;P-NRV
2026-04-29;7073;OFS 19/2025;5967;P-NRV
2026-04-29;7073;OFS 19/2025;6009;votou
2026-04-29;7073;OFS 19/2025;4639;votou
2026-04-29;7073;OFS 19/2025;6336;votou
2026-04-29;7073;OFS 19/2025;6295;votou
2026-04-29;7073;OFS 19/2025;5936;votou
2026-04-29;7073;OFS 19/2025;5990;votou
2026-04-29;7073;OFS 19/2025;470;votou
2026-04-29;7073;OFS 19/2025;5973;MIS
2026-04-29;7073;OFS 19/2025;739;votou
2026-04-29;7073;OFS 19/2025;6337;votou
2026-04-29;7073;OFS 19/2025;475;votou
2026-04-29;7073;OFS 19/2025;6335;votou
2026-04-29;7073;OFS 19/2025;5998;P-NRV
2026-04-29;7073;OFS 19/2025;3830;votou
2026-04-29;7073;OFS 19/2025;5793;P-NRV
2026-04-29;7073;OFS 19/2025;5906;votou
2026-04-29;7073;OFS 19/2025;4994;votou
2026-04-29;7073;OFS 19/2025;5976;votou
2026-04-29;7073;OFS 19/2025;3777;P-NRV
2026-04-29;7073;OFS 19/2025;4642;votou
2026-04-29;7073;OFS 19/2025;5718;votou
2026-04-29;7073;OFS 19/2025;22;votou
2026-04-29;7073;OFS 19/2025;5953;votou
2026-04-29;7073;OFS 19/2025;5917;P-NRV
2026-04-29;7073;OFS 19/2025;345;votou
2026-04-29;7073;OFS 19/2025;5894;votou
2026-04-29;7073;OFS 19/2025;6008;votou
2026-04-29;7073;OFS 19/2025;6341;votou
2026-04-29;7073;OFS 19/2025;5008;votou
2026-04-29;7073;OFS 19/2025;5385;votou
2026-04-29;7073;OFS 19/2025;6010;votou
2026-04-29;7073;OFS 19/2025;4770;votou
2026-04-29;7073;OFS 19/2025;35;votou
2026-04-29;7073;OFS 19/2025;6340;votou
2026-04-29;7073;OFS 19/2025;581;votou
2026-04-29;7073;OFS 19/2025;4531;votou
2026-04-29;7073;OFS 19/2025;5895;votou
2026-04-29;7073;OFS 19/2025;6342;P-NRV
2026-04-29;7073;OFS 19/2025;4811;votou
2026-04-29;7073;OFS 19/2025;5979;votou
2026-04-29;7073;OFS 19/2025;5926;votou
2026-04-29;7073;OFS 19/2025;1186;votou
2026-04-29;7073;OFS 19/2025;631;P-NRV
2026-04-29;7073;OFS 19/2025;5376;P-NRV
2026-04-29;7073;OFS 19/2025;742;votou
2026-04-29;7073;OFS 19/2025;285;votou
2026-04-29;7073;OFS 19/2025;5422;votou
2026-04-29;7073;OFS 19/2025;5942;votou
2026-04-29;7073;OFS 19/2025;5985;votou
2026-04-29;7073;OFS 19/2025;5525;votou
2026-04-29;7073;OFS 19/2025;5924;NCom
2026-04-29;7073;OFS 19/2025;5523;votou
2026-04-29;7073;OFS 19/2025;825;votou
2026-04-29;7073;OFS 19/2025;5502;votou
2026-04-29;7073;OFS 19/2025;5386;P-NRV
2026-04-29;7073;OFS 19/2025;5012;votou
2026-04-29;7073;OFS 19/2025;70;votou
2026-04-29;7073;OFS 19/2025;5207;votou
2026-04-29;7073;OFS 19/2025;6025;votou
2026-04-29;7073;OFS 19/2025;5732;votou
2026-04-29;7073;OFS 19/2025;4694;votou
2026-04-29;7073;OFS 19/2025;5352;votou
2026-04-29;7073;OFS 19/2025;5322;votou
2026-04-29;7073;OFS 19/2025;6331;votou
2026-04-29;7073;OFS 19/2025;5988;P-NRV
2026-04-29;7073;OFS 19/2025;5959;votou
2026-04-29;7073;OFS 19/2025;4560;votou
2026-04-29;7073;OFS 19/2025;6338;votou
2026-04-29;7073;OFS 19/2025;5736;votou
2026-04-29;7073;OFS 19/2025;5899;P-NRV
2026-04-29;7073;OFS 19/2025;5748;votou
2026-04-29;7073;OFS 19/2025;5016;votou
2026-04-29;7073;OFS 19/2025;1173;P-NRV
2026-04-29;7073;OFS 19/2025;5411;votou
2026-04-29;7073;OFS 19/2025;5070;P-NRV
2026-04-29;7073;OFS 19/2025;5783;votou
2026-04-29;7073;OFS 19/2025;3806;votou
2026-04-29;7074;OFS 17/2025;5672;votou
2026-04-29;7074;OFS 17/2025;5982;votou
2026-04-29;7074;OFS 17/2025;6358;votou
2026-04-29;7074;OFS 17/2025;5967;P-NRV
2026-04-29;7074;OFS 17/2025;6009;votou
2026-04-29;7074;OFS 17/2025;4639;votou
2026-04-29;7074;OFS 17/2025;6336;votou
2026-04-29;7074;OFS 17/2025;6295;votou
2026-04-29;7074;OFS 17/2025;5936;P-NRV
2026-04-29;7074;OFS 17/2025;5990;votou
2026-04-29;7074;OFS 17/2025;470;votou
2026-04-29;7074;OFS 17/2025;5973;MIS
2026-04-29;7074;OFS 17/2025;739;votou
2026-04-29;7074;OFS 17/2025;6337;P-NRV
2026-04-29;7074;OFS 17/2025;475;votou
2026-04-29;7074;OFS 17/2025;6335;votou
2026-04-29;7074;OFS 17/2025;5998;P-NRV
2026-04-29;7074;OFS 17/2025;3830;votou
2026-04-29;7074;OFS 17/2025;5793;P-NRV
2026-04-29;7074;OFS 17/2025;5906;votou
2026-04-29;7074;OFS 17/2025;4994;votou
2026-04-29;7074;OFS 17/2025;5976;P-NRV
2026-04-29;7074;OFS 17/2025;3777;votou
2026-04-29;7074;OFS 17/2025;4642;votou
2026-04-29;7074;OFS 17/2025;5718;votou
2026-04-29;7074;OFS 17/2025;22;votou
2026-04-29;7074;OFS 17/2025;5953;votou
2026-04-29;7074;OFS 17/2025;5917;P-NRV
2026-04-29;7074;OFS 17/2025;345;votou
2026-04-29;7074;OFS 17/2025;5894;votou
2026-04-29;7074;OFS 17/2025;6008;votou
2026-04-29;7074;OFS 17/2025;6341;votou
2026-04-29;7074;OFS 17/2025;5008;votou
2026-04-29;7074;OFS 17/2025;5385;votou
2026-04-29;7074;OFS 17/2025;6010;votou
2026-04-29;7074;OFS 17/2025;4770;votou
2026-04-29;7074;OFS 17/2025;35;votou
2026-04-29;7074;OFS 17/2025;6340;votou
2026-04-29;7074;OFS 17/2025;581;votou
2026-04-29;7074;OFS 17/2025;4531;P-NRV
2026-04-29;7074;OFS 17/2025;5895;votou
2026-04-29;7074;OFS 17/2025;6342;votou
2026-04-29;7074;OFS 17/2025;4811;votou
2026-04-29;7074;OFS 17/2025;5979;votou
2026-04-29;7074;OFS 17/2025;5926;votou
2026-04-29;7074;OFS 17/2025;1186;votou
2026-04-29;7074;OFS 17/2025;631;P-NRV
2026-04-29;7074;OFS 17/2025;5376;votou
2026-04-29;7074;OFS 17/2025;742;votou
2026-04-29;7074;OFS 17/2025;285;votou
2026-04-29;7074;OFS 17/2025;5422;votou
2026-04-29;7074;OFS 17/2025;5942;votou
2026-04-29;7074;OFS 17/2025;5985;votou
2026-04-29;7074;OFS 17/2025;5525;votou
2026-04-29;7074;OFS 17/2025;5924;NCom
2026-04-29;7074;OFS 17/2025;5523;votou
2026-04-29;7074;OFS 17/2025;825;votou
2026-04-29;7074;OFS 17/2025;5502;votou
2026-04-29;7074;OFS 17/2025;5386;P-NRV
2026-04-29;7074;OFS 17/2025;5012;votou
2026-04-29;7074;OFS 17/2025;70;votou
2026-04-29;7074;OFS 17/2025;5207;votou
2026-04-29;7074;OFS 17/2025;6025;votou
2026-04-29;7074;OFS 17/2025;5732;votou
2026-04-29;7074;OFS 17/2025;4694;votou
2026-04-29;7074;OFS 17/2025;5352;votou
2026-04-29;7074;OFS 17/2025;5322;votou
2026-04-29;7074;OFS 17/2025;6331;votou
2026-04-29;7074;OFS 17/2025;5988;votou
2026-04-29;7074;OFS 17/2025;5959;votou
2026-04-29;7074;OFS 17/2025;4560;votou
2026-04-29;7074;OFS 17/2025;6338;votou
2026-04-29;7074;OFS 17/2025;5736;votou
2026-04-29;7074;OFS 17/2025;5899;P-NRV
2026-04-29;7074;OFS 17/2025;5748;votou
2026-04-29;7074;OFS 17/2025;5016;votou
2026-04-29;7074;OFS 17/2025;1173;P-NRV
2026-04-29;7074;OFS 17/2025;5411;votou
2026-04-29;7074;OFS 17/2025;5070;P-NRV
2026-04-29;7074;OFS 17/2025;5783;votou
2026-04-29;7074;OFS 17/2025;3806;votou
2026-04-29;7075;OFS 18/2025;5672;votou
2026-04-29;7075;OFS 18/2025;5982;votou
2026-04-29;7075;OFS 18/2025;6358;votou
2026-04-29;7075;OFS 18/2025;5967;P-NRV
2026-04-29;7075;OFS 18/2025;6009;votou
2026-04-29;7075;OFS 18/2025;4639;votou
2026-04-29;7075;OFS 18/2025;6336;votou
2026-04-29;7075;OFS 18/2025;6295;votou
2026-04-29;7075;OFS 18/2025;5936;votou
2026-04-29;7075;OFS 18/2025;5990;votou
2026-04-29;7075;OFS 18/2025;470;votou
2026-04-29;7075;OFS 18/2025;5973;MIS
2026-04-29;7075;OFS 18/2025;739;votou
2026-04-29;7075;OFS 18/2025;6337;P-NRV
2026-04-29;7075;OFS 18/2025;475;votou
2026-04-29;7075;OFS 18/2025;6335;votou
2026-04-29;7075;OFS 18/2025;5998;votou
2026-04-29;7075;OFS 18/2025;3830;votou
2026-04-29;7075;OFS 18/2025;5793;votou
2026-04-29;7075;OFS 18/2025;5906;votou
2026-04-29;7075;OFS 18/2025;4994;votou
2026-04-29;7075;OFS 18/2025;5976;P-NRV
2026-04-29;7075;OFS 18/2025;3777;P-NRV
2026-04-29;7075;OFS 18/2025;4642;votou
2026-04-29;7075;OFS 18/2025;5718;votou
2026-04-29;7075;OFS 18/2025;22;votou
2026-04-29;7075;OFS 18/2025;5953;votou
2026-04-29;7075;OFS 18/2025;5917;P-NRV
2026-04-29;7075;OFS 18/2025;345;votou
2026-04-29;7075;OFS 18/2025;5894;votou
2026-04-29;7075;OFS 18/2025;6008;P-NRV
2026-04-29;7075;OFS 18/2025;6341;votou
2026-04-29;7075;OFS 18/2025;5008;P-NRV
2026-04-29;7075;OFS 18/2025;5385;votou
2026-04-29;7075;OFS 18/2025;6010;votou
2026-04-29;7075;OFS 18/2025;4770;votou
2026-04-29;7075;OFS 18/2025;35;votou
2026-04-29;7075;OFS 18/2025;6340;votou
2026-04-29;7075;OFS 18/2025;581;votou
2026-04-29;7075;OFS 18/2025;4531;votou
2026-04-29;7075;OFS 18/2025;5895;P-NRV
2026-04-29;7075;OFS 18/2025;6342;votou
2026-04-29;7075;OFS 18/2025;4811;votou
2026-04-29;7075;OFS 18/2025;5979;votou
2026-04-29;7075;OFS 18/2025;5926;votou
2026-04-29;7075;OFS 18/2025;1186;votou
2026-04-29;7075;OFS 18/2025;631;P-NRV
2026-04-29;7075;OFS 18/2025;5376;votou
2026-04-29;7075;OFS 18/2025;742;votou
2026-04-29;7075;OFS 18/2025;285;votou
2026-04-29;7075;OFS 18/2025;5422;votou
2026-04-29;7075;OFS 18/2025;5942;votou
2026-04-29;7075;OFS 18/2025;5985;votou
2026-04-29;7075;OFS 18/2025;5525;votou
2026-04-29;7075;OFS 18/2025;5924;NCom
2026-04-29;7075;OFS 18/2025;5523;votou
2026-04-29;7075;OFS 18/2025;825;votou
2026-04-29;7075;OFS 18/2025;5502;votou
2026-04-29;7075;OFS 18/2025;5386;P-NRV
2026-04-29;7075;OFS 18/2025;5012;votou
2026-04-29;7075;OFS 18/2025;70;votou
2026-04-29;7075;OFS 18/2025;5207;votou
2026-04-29;7075;OFS 18/2025;6025;votou
2026-04-29;7075;OFS 18/2025;5732;votou
2026-04-29;7075;OFS 18/2025;4694;votou
2026-04-29;7075;OFS 18/2025;5352;votou
2026-04-29;7075;OFS 18/2025;5322;votou
2026-04-29;7075;OFS 18/2025;6331;votou
2026-04-29;7075;OFS 18/2025;5988;votou
2026-04-29;7075;OFS 18/2025;5959;votou
2026-04-29;7075;OFS 18/2025;4560;votou
2026-04-29;7075;OFS 18/2025;6338;votou
2026-04-29;7075;OFS 18/2025;5736;votou
2026-04-29;7075;OFS 18/2025;5899;P-NRV
2026-04-29;7075;OFS 18/2025;5748;votou
2026-04-29;7075;OFS 18/2025;5016;votou
2026-04-29;7075;OFS 18/2025;1173;P-NRV
2026-04-29;7075;OFS 18/2025;5411;votou
2026-04-29;7075;OFS 18/2025;5070;P-NRV
2026-04-29;7075;OFS 18/2025;5783;votou
2026-04-29;7075;OFS 18/2025;3806;votou
2026-04-29;7076;OFS 1/2026;5672;votou
2026-04-29;7076;OFS 1/2026;5982;votou
2026-04-29;7076;OFS 1/2026;6358;votou
2026-04-29;7076;OFS 1/2026;5967;P-NRV
2026-04-29;7076;OFS 1/2026;6009;votou
2026-04-29;7076;OFS 1/2026;4639;votou
2026-04-29;7076;OFS 1/2026;6336;votou
2026-04-29;7076;OFS 1/2026;6295;votou
2026-04-29;7076;OFS 1/2026;5936;votou
2026-04-29;7076;OFS 1/2026;5990;votou
2026-04-29;7076;OFS 1/2026;470;votou
2026-04-29;7076;OFS 1/2026;5973;MIS
2026-04-29;7076;OFS 1/2026;739;votou
2026-04-29;7076;OFS 1/2026;6337;P-NRV
2026-04-29;7076;OFS 1/2026;475;votou
2026-04-29;7076;OFS 1/2026;6335;votou
2026-04-29;7076;OFS 1/2026;5998;votou
2026-04-29;7076;OFS 1/2026;3830;votou
2026-04-29;7076;OFS 1/2026;5793;votou
2026-04-29;7076;OFS 1/2026;5906;votou
2026-04-29;7076;OFS 1/2026;4994;votou
2026-04-29;7076;OFS 1/2026;5976;P-NRV
2026-04-29;7076;OFS 1/2026;3777;P-NRV
2026-04-29;7076;OFS 1/2026;4642;votou
2026-04-29;7076;OFS 1/2026;5718;votou
2026-04-29;7076;OFS 1/2026;22;votou
2026-04-29;7076;OFS 1/2026;5953;votou
2026-04-29;7076;OFS 1/2026;5917;P-NRV
2026-04-29;7076;OFS 1/2026;345;votou
2026-04-29;7076;OFS 1/2026;5894;votou
2026-04-29;7076;OFS 1/2026;6008;votou
2026-04-29;7076;OFS 1/2026;6341;votou
2026-04-29;7076;OFS 1/2026;5008;votou
2026-04-29;7076;OFS 1/2026;5385;votou
2026-04-29;7076;OFS 1/2026;6010;votou
2026-04-29;7076;OFS 1/2026;4770;P-NRV
2026-04-29;7076;OFS 1/2026;35;votou
2026-04-29;7076;OFS 1/2026;6340;votou
2026-04-29;7076;OFS 1/2026;581;votou
2026-04-29;7076;OFS 1/2026;4531;votou
2026-04-29;7076;OFS 1/2026;5895;votou
2026-04-29;7076;OFS 1/2026;6342;votou
2026-04-29;7076;OFS 1/2026;4811;votou
2026-04-29;7076;OFS 1/2026;5979;votou
2026-04-29;7076;OFS 1/2026;5926;votou
2026-04-29;7076;OFS 1/2026;1186;votou
2026-04-29;7076;OFS 1/2026;631;P-NRV
2026-04-29;7076;OFS 1/2026;5376;votou
2026-04-29;7076;OFS 1/2026;742;votou
2026-04-29;7076;OFS 1/2026;285;votou
2026-04-29;7076;OFS 1/2026;5422;votou
2026-04-29;7076;OFS 1/2026;5942;votou
2026-04-29;7076;OFS 1/2026;5985;votou
2026-04-29;7076;OFS 1/2026;5525;votou
2026-04-29;7076;OFS 1/2026;5924;NCom
2026-04-29;7076;OFS 1/2026;5523;votou
2026-04-29;7076;OFS 1/2026;825;votou
2026-04-29;7076;OFS 1/2026;5502;votou
2026-04-29;7076;OFS 1/2026;5386;P-NRV
2026-04-29;7076;OFS 1/2026;5012;votou
2026-04-29;7076;OFS 1/2026;70;votou
2026-04-29;7076;OFS 1/2026;5207;votou
2026-04-29;7076;OFS 1/2026;6025;votou
2026-04-29;7076;OFS 1/2026;5732;votou
2026-04-29;7076;OFS 1/2026;4694;votou
2026-04-29;7076;OFS 1/2026;5352;votou
2026-04-29;7076;OFS 1/2026;5322;votou
2026-04-29;7076;OFS 1/2026;6331;votou
2026-04-29;7076;OFS 1/2026;5988;votou
2026-04-29;7076;OFS 1/2026;5959;votou
2026-04-29;7076;OFS 1/2026;4560;votou
2026-04-29;7076;OFS 1/2026;6338;votou
2026-04-29;7076;OFS 1/2026;5736;votou
2026-04-29;7076;OFS 1/2026;5899;P-NRV
2026-04-29;7076;OFS 1/2026;5748;votou
2026-04-29;7076;OFS 1/2026;5016;votou
2026-04-29;7076;OFS 1/2026;1173;P-NRV
2026-04-29;7076;OFS 1/2026;5411;votou
2026-04-29;7076;OFS 1/2026;5070;P-NRV
2026-04-29;7076;OFS 1/2026;5783;votou
2026-04-29;7076;OFS 1/2026;3806;votou
2026-04-29;7077;OFS 2/2026;5672;votou
2026-04-29;7077;OFS 2/2026;5982;votou
2026-04-29;7077;OFS 2/2026;6358;votou
2026-04-29;7077;OFS 2/2026;5967;P-NRV
2026-04-29;7077;OFS 2/2026;6009;votou
2026-04-29;7077;OFS 2/2026;4639;votou
2026-04-29;7077;OFS 2/2026;6336;votou
2026-04-29;7077;OFS 2/2026;6295;votou
2026-04-29;7077;OFS 2/2026;5936;votou
2026-04-29;7077;OFS 2/2026;5990;votou
2026-04-29;7077;OFS 2/2026;470;votou
2026-04-29;7077;OFS 2/2026;5973;MIS
2026-04-29;7077;OFS 2/2026;739;votou
2026-04-29;7077;OFS 2/2026;6337;P-NRV
2026-04-29;7077;OFS 2/2026;475;votou
2026-04-29;7077;OFS 2/2026;6335;votou
2026-04-29;7077;OFS 2/2026;5998;votou
2026-04-29;7077;OFS 2/2026;3830;votou
2026-04-29;7077;OFS 2/2026;5793;votou
2026-04-29;7077;OFS 2/2026;5906;votou
2026-04-29;7077;OFS 2/2026;4994;votou
2026-04-29;7077;OFS 2/2026;5976;P-NRV
2026-04-29;7077;OFS 2/2026;3777;P-NRV
2026-04-29;7077;OFS 2/2026;4642;votou
2026-04-29;7077;OFS 2/2026;5718;votou
2026-04-29;7077;OFS 2/2026;22;votou
2026-04-29;7077;OFS 2/2026;5953;votou
2026-04-29;7077;OFS 2/2026;5917;P-NRV
2026-04-29;7077;OFS 2/2026;345;votou
2026-04-29;7077;OFS 2/2026;5894;votou
2026-04-29;7077;OFS 2/2026;6008;votou
2026-04-29;7077;OFS 2/2026;6341;votou
2026-04-29;7077;OFS 2/2026;5008;votou
2026-04-29;7077;OFS 2/2026;5385;votou
2026-04-29;7077;OFS 2/2026;6010;votou
2026-04-29;7077;OFS 2/2026;4770;votou
2026-04-29;7077;OFS 2/2026;35;votou
2026-04-29;7077;OFS 2/2026;6340;votou
2026-04-29;7077;OFS 2/2026;581;votou
2026-04-29;7077;OFS 2/2026;4531;votou
2026-04-29;7077;OFS 2/2026;5895;votou
2026-04-29;7077;OFS 2/2026;6342;votou
2026-04-29;7077;OFS 2/2026;4811;votou
2026-04-29;7077;OFS 2/2026;5979;votou
2026-04-29;7077;OFS 2/2026;5926;votou
2026-04-29;7077;OFS 2/2026;1186;votou
2026-04-29;7077;OFS 2/2026;631;votou
2026-04-29;7077;OFS 2/2026;5376;votou
2026-04-29;7077;OFS 2/2026;742;votou
2026-04-29;7077;OFS 2/2026;285;votou
2026-04-29;7077;OFS 2/2026;5422;votou
2026-04-29;7077;OFS 2/2026;5942;votou
2026-04-29;7077;OFS 2/2026;5985;votou
2026-04-29;7077;OFS 2/2026;5525;votou
2026-04-29;7077;OFS 2/2026;5924;NCom
2026-04-29;7077;OFS 2/2026;5523;votou
2026-04-29;7077;OFS 2/2026;825;votou
2026-04-29;7077;OFS 2/2026;5502;votou
2026-04-29;7077;OFS 2/2026;5386;votou
2026-04-29;7077;OFS 2/2026;5012;votou
2026-04-29;7077;OFS 2/2026;70;votou
2026-04-29;7077;OFS 2/2026;5207;votou
2026-04-29;7077;OFS 2/2026;6025;votou
2026-04-29;7077;OFS 2/2026;5732;votou
2026-04-29;7077;OFS 2/2026;4694;votou
2026-04-29;7077;OFS 2/2026;5352;votou
2026-04-29;7077;OFS 2/2026;5322;votou
2026-04-29;7077;OFS 2/2026;6331;votou
2026-04-29;7077;OFS 2/2026;5988;votou
2026-04-29;7077;OFS 2/2026;5959;votou
2026-04-29;7077;OFS 2/2026;4560;votou
2026-04-29;7077;OFS 2/2026;6338;votou
2026-04-29;7077;OFS 2/2026;5736;votou
2026-04-29;7077;OFS 2/2026;5899;P-NRV
2026-04-29;7077;OFS 2/2026;5748;votou
2026-04-29;7077;OFS 2/2026;5016;votou
2026-04-29;7077;OFS 2/2026;1173;P-NRV
2026-04-29;7077;OFS 2/2026;5411;votou
2026-04-29;7077;OFS 2/2026;5070;P-NRV
2026-04-29;7077;OFS 2/2026;5783;votou
2026-04-29;7077;OFS 2/2026;3806;votou
2026-04-29;7078;OFS 3/2026;5672;votou
2026-04-29;7078;OFS 3/2026;5982;votou
2026-04-29;7078;OFS 3/2026;6358;P-NRV
2026-04-29;7078;OFS 3/2026;5967;P-NRV
2026-04-29;7078;OFS 3/2026;6009;votou
2026-04-29;7078;OFS 3/2026;4639;votou
2026-04-29;7078;OFS 3/2026;6336;votou
2026-04-29;7078;OFS 3/2026;6295;votou
2026-04-29;7078;OFS 3/2026;5936;votou
2026-04-29;7078;OFS 3/2026;5990;votou
2026-04-29;7078;OFS 3/2026;470;votou
2026-04-29;7078;OFS 3/2026;5973;MIS
2026-04-29;7078;OFS 3/2026;739;votou
2026-04-29;7078;OFS 3/2026;6337;P-NRV
2026-04-29;7078;OFS 3/2026;475;votou
2026-04-29;7078;OFS 3/2026;6335;votou
2026-04-29;7078;OFS 3/2026;5998;votou
2026-04-29;7078;OFS 3/2026;3830;votou
2026-04-29;7078;OFS 3/2026;5793;votou
2026-04-29;7078;OFS 3/2026;5906;votou
2026-04-29;7078;OFS 3/2026;4994;votou
2026-04-29;7078;OFS 3/2026;5976;P-NRV
2026-04-29;7078;OFS 3/2026;3777;votou
2026-04-29;7078;OFS 3/2026;4642;votou
2026-04-29;7078;OFS 3/2026;5718;votou
2026-04-29;7078;OFS 3/2026;22;votou
2026-04-29;7078;OFS 3/2026;5953;votou
2026-04-29;7078;OFS 3/2026;5917;votou
2026-04-29;7078;OFS 3/2026;345;votou
2026-04-29;7078;OFS 3/2026;5894;votou
2026-04-29;7078;OFS 3/2026;6008;votou
2026-04-29;7078;OFS 3/2026;6341;votou
2026-04-29;7078;OFS 3/2026;5008;votou
2026-04-29;7078;OFS 3/2026;5385;votou
2026-04-29;7078;OFS 3/2026;6010;votou
2026-04-29;7078;OFS 3/2026;4770;votou
2026-04-29;7078;OFS 3/2026;35;votou
2026-04-29;7078;OFS 3/2026;6340;votou
2026-04-29;7078;OFS 3/2026;581;votou
2026-04-29;7078;OFS 3/2026;4531;P-NRV
2026-04-29;7078;OFS 3/2026;5895;votou
2026-04-29;7078;OFS 3/2026;6342;votou
2026-04-29;7078;OFS 3/2026;4811;votou
2026-04-29;7078;OFS 3/2026;5979;votou
2026-04-29;7078;OFS 3/2026;5926;votou
2026-04-29;7078;OFS 3/2026;1186;votou
2026-04-29;7078;OFS 3/2026;631;votou
2026-04-29;7078;OFS 3/2026;5376;P-NRV
2026-04-29;7078;OFS 3/2026;742;votou
2026-04-29;7078;OFS 3/2026;285;votou
2026-04-29;7078;OFS 3/2026;5422;votou
2026-04-29;7078;OFS 3/2026;5942;votou
2026-04-29;7078;OFS 3/2026;5985;votou
2026-04-29;7078;OFS 3/2026;5525;votou
2026-04-29;7078;OFS 3/2026;5924;NCom
2026-04-29;7078;OFS 3/2026;5523;votou
2026-04-29;7078;OFS 3/2026;825;votou
2026-04-29;7078;OFS 3/2026;5502;votou
2026-04-29;7078;OFS 3/2026;5386;votou
2026-04-29;7078;OFS 3/2026;5012;votou
2026-04-29;7078;OFS 3/2026;70;votou
2026-04-29;7078;OFS 3/2026;5207;votou
2026-04-29;7078;OFS 3/2026;6025;votou
2026-04-29;7078;OFS 3/2026;5732;votou
2026-04-29;7078;OFS 3/2026;4694;votou
2026-04-29;7078;OFS 3/2026;5352;votou
2026-04-29;7078;OFS 3/2026;5322;votou
2026-04-29;7078;OFS 3/2026;6331;P-NRV
2026-04-29;7078;OFS 3/2026;5988;votou
2026-04-29;7078;OFS 3/2026;5959;votou
2026-04-29;7078;OFS 3/2026;4560;votou
2026-04-29;7078;OFS 3/2026;6338;votou
2026-04-29;7078;OFS 3/2026;5736;votou
2026-04-29;7078;OFS 3/2026;5899;votou
2026-04-29;7078;OFS 3/2026;5748;votou
2026-04-29;7078;OFS 3/2026;5016;votou
2026-04-29;7078;OFS 3/2026;1173;P-NRV
2026-04-29;7078;OFS 3/2026;5411;votou
2026-04-29;7078;OFS 3/2026;5070;P-NRV
2026-04-29;7078;OFS 3/2026;5783;votou
2026-04-29;7078;OFS 3/2026;3806;votou
2026-04-29;7079;MSF 8/2026;5672;votou
2026-04-29;7079;MSF 8/2026;5982;votou
2026-04-29;7079;MSF 8/2026;6358;votou
2026-04-29;7079;MSF 8/2026;5967;votou
2026-04-29;7079;MSF 8/2026;6009;P-NRV
2026-04-29;7079;MSF 8/2026;4639;votou
2026-04-29;7079;MSF 8/2026;6336;votou
2026-04-29;7079;MSF 8/2026;6295;votou
2026-04-29;7079;MSF 8/2026;5936;votou
2026-04-29;7079;MSF 8/2026;5990;votou
2026-04-29;7079;MSF 8/2026;470;votou
2026-04-29;7079;MSF 8/2026;5973;MIS
2026-04-29;7079;MSF 8/2026;739;votou
2026-04-29;7079;MSF 8/2026;6337;P-NRV
2026-04-29;7079;MSF 8/2026;475;votou
2026-04-29;7079;MSF 8/2026;6335;votou
2026-04-29;7079;MSF 8/2026;5998;votou
2026-04-29;7079;MSF 8/2026;3830;votou
2026-04-29;7079;MSF 8/2026;5793;votou
2026-04-29;7079;MSF 8/2026;5906;votou
2026-04-29;7079;MSF 8/2026;4994;votou
2026-04-29;7079;MSF 8/2026;5976;P-NRV
2026-04-29;7079;MSF 8/2026;3777;votou
2026-04-29;7079;MSF 8/2026;4642;votou
2026-04-29;7079;MSF 8/2026;5718;votou
2026-04-29;7079;MSF 8/2026;22;votou
2026-04-29;7079;MSF 8/2026;5953;votou
2026-04-29;7079;MSF 8/2026;5917;votou
2026-04-29;7079;MSF 8/2026;345;votou
2026-04-29;7079;MSF 8/2026;5894;votou
2026-04-29;7079;MSF 8/2026;6008;votou
2026-04-29;7079;MSF 8/2026;6341;votou
2026-04-29;7079;MSF 8/2026;5008;votou
2026-04-29;7079;MSF 8/2026;5385;votou
2026-04-29;7079;MSF 8/2026;6010;votou
2026-04-29;7079;MSF 8/2026;4770;votou
2026-04-29;7079;MSF 8/2026;35;votou
2026-04-29;7079;MSF 8/2026;6340;votou
2026-04-29;7079;MSF 8/2026;581;votou
2026-04-29;7079;MSF 8/2026;4531;votou
2026-04-29;7079;MSF 8/2026;5895;votou
2026-04-29;7079;MSF 8/2026;6342;votou
2026-04-29;7079;MSF 8/2026;4811;votou
2026-04-29;7079;MSF 8/2026;5979;votou
2026-04-29;7079;MSF 8/2026;5926;votou
2026-04-29;7079;MSF 8/2026;1186;votou
2026-04-29;7079;MSF 8/2026;631;votou
2026-04-29;7079;MSF 8/2026;5376;votou
2026-04-29;7079;MSF 8/2026;742;votou
2026-04-29;7079;MSF 8/2026;285;votou
2026-04-29;7079;MSF 8/2026;5422;votou
2026-04-29;7079;MSF 8/2026;5942;votou
2026-04-29;7079;MSF 8/2026;5985;votou
2026-04-29;7079;MSF 8/2026;5525;votou
2026-04-29;7079;MSF 8/2026;5924;NCom
2026-04-29;7079;MSF 8/2026;5523;votou
2026-04-29;7079;MSF 8/2026;825;votou
2026-04-29;7079;MSF 8/2026;5502;votou
2026-04-29;7079;MSF 8/2026;5386;P-NRV
2026-04-29;7079;MSF 8/2026;5012;votou
2026-04-29;7079;MSF 8/2026;70;votou
2026-04-29;7079;MSF 8/2026;5207;votou
2026-04-29;7079;MSF 8/2026;6025;votou
2026-04-29;7079;MSF 8/2026;5732;votou
2026-04-29;7079;MSF 8/2026;4694;votou
2026-04-29;7079;MSF 8/2026;5352;votou
2026-04-29;7079;MSF 8/2026;5322;votou
2026-04-29;7079;MSF 8/2026;6331;votou
2026-04-29;7079;MSF 8/2026;5988;votou
2026-04-29;7079;MSF 8/2026;5959;votou
2026-04-29;7079;MSF 8/2026;4560;votou
2026-04-29;7079;MSF 8/2026;6338;votou
2026-04-29;7079;MSF 8/2026;5736;votou
2026-04-29;7079;MSF 8/2026;5899;P-NRV
2026-04-29;7079;MSF 8/2026;5748;votou
2026-04-29;7079;MSF 8/2026;5016;votou
2026-04-29;7079;MSF 8/2026;1173;P-NRV
2026-04-29;7079;MSF 8/2026;5411;votou
2026-04-29;7079;MSF 8/2026;5070;P-NRV
2026-04-29;7079;MSF 8/2026;5783;votou
2026-04-29;7079;MSF 8/2026;3806;votou
2026-04-29;7080;MSF 12/2026;5672;votou
2026-04-29;7080;MSF 12/2026;5982;votou
2026-04-29;7080;MSF 12/2026;6358;votou
2026-04-29;7080;MSF 12/2026;5967;votou
2026-04-29;7080;MSF 12/2026;6009;votou
2026-04-29;7080;MSF 12/2026;4639;votou
2026-04-29;7080;MSF 12/2026;6336;votou
2026-04-29;7080;MSF 12/2026;6295;votou
2026-04-29;7080;MSF 12/2026;5936;votou
2026-04-29;7080;MSF 12/2026;5990;votou
2026-04-29;7080;MSF 12/2026;470;votou
2026-04-29;7080;MSF 12/2026;5973;MIS
2026-04-29;7080;MSF 12/2026;739;votou
2026-04-29;7080;MSF 12/2026;6337;P-NRV
2026-04-29;7080;MSF 12/2026;475;votou
2026-04-29;7080;MSF 12/2026;6335;votou
2026-04-29;7080;MSF 12/2026;5998;votou
2026-04-29;7080;MSF 12/2026;3830;votou
2026-04-29;7080;MSF 12/2026;5793;votou
2026-04-29;7080;MSF 12/2026;5906;votou
2026-04-29;7080;MSF 12/2026;4994;votou
2026-04-29;7080;MSF 12/2026;5976;votou
2026-04-29;7080;MSF 12/2026;3777;votou
2026-04-29;7080;MSF 12/2026;4642;votou
2026-04-29;7080;MSF 12/2026;5718;votou
2026-04-29;7080;MSF 12/2026;22;P-NRV
2026-04-29;7080;MSF 12/2026;5953;votou
2026-04-29;7080;MSF 12/2026;5917;votou
2026-04-29;7080;MSF 12/2026;345;votou
2026-04-29;7080;MSF 12/2026;5894;votou
2026-04-29;7080;MSF 12/2026;6008;votou
2026-04-29;7080;MSF 12/2026;6341;votou
2026-04-29;7080;MSF 12/2026;5008;votou
2026-04-29;7080;MSF 12/2026;5385;votou
2026-04-29;7080;MSF 12/2026;6010;votou
2026-04-29;7080;MSF 12/2026;4770;votou
2026-04-29;7080;MSF 12/2026;35;votou
2026-04-29;7080;MSF 12/2026;6340;votou
2026-04-29;7080;MSF 12/2026;581;votou
2026-04-29;7080;MSF 12/2026;4531;votou
2026-04-29;7080;MSF 12/2026;5895;votou
2026-04-29;7080;MSF 12/2026;6342;votou
2026-04-29;7080;MSF 12/2026;4811;votou
2026-04-29;7080;MSF 12/2026;5979;votou
2026-04-29;7080;MSF 12/2026;5926;votou
2026-04-29;7080;MSF 12/2026;1186;votou
2026-04-29;7080;MSF 12/2026;631;votou
2026-04-29;7080;MSF 12/2026;5376;votou
2026-04-29;7080;MSF 12/2026;742;votou
2026-04-29;7080;MSF 12/2026;285;votou
2026-04-29;7080;MSF 12/2026;5422;votou
2026-04-29;7080;MSF 12/2026;5942;votou
2026-04-29;7080;MSF 12/2026;5985;votou
2026-04-29;7080;MSF 12/2026;5525;votou
2026-04-29;7080;MSF 12/2026;5924;NCom
2026-04-29;7080;MSF 12/2026;5523;votou
2026-04-29;7080;MSF 12/2026;825;votou
2026-04-29;7080;MSF 12/2026;5502;votou
2026-04-29;7080;MSF 12/2026;5386;votou
2026-04-29;7080;MSF 12/2026;5012;votou
2026-04-29;7080;MSF 12/2026;70;votou
2026-04-29;7080;MSF 12/2026;5207;votou
2026-04-29;7080;MSF 12/2026;6025;votou
2026-04-29;7080;MSF 12/2026;5732;votou
2026-04-29;7080;MSF 12/2026;4694;votou
2026-04-29;7080;MSF 12/2026;5352;votou
2026-04-29;7080;MSF 12/2026;5322;votou
2026-04-29;7080;MSF 12/2026;6331;votou
2026-04-29;7080;MSF 12/2026;5988;votou
2026-04-29;7080;MSF 12/2026;5959;votou
2026-04-29;7080;MSF 12/2026;4560;votou
2026-04-29;7080;MSF 12/2026;6338;votou
2026-04-29;7080;MSF 12/2026;5736;votou
2026-04-29;7080;MSF 12/2026;5899;P-NRV
2026-04-29;7080;MSF 12/2026;5748;votou
2026-04-29;7080;MSF 12/2026;5016;votou
2026-04-29;7080;MSF 12/2026;1173;votou
2026-04-29;7080;MSF 12/2026;5411;votou
2026-04-29;7080;MSF 12/2026;5070;P-NRV
2026-04-29;7080;MSF 12/2026;5783;votou
2026-04-29;7080;MSF 12/2026;3806;votou
2026-04-29;7081;MSF 7/2026;5672;votou
2026-04-29;7081;MSF 7/2026;5982;votou
2026-04-29;7081;MSF 7/2026;6358;votou
2026-04-29;7081;MSF 7/2026;5967;votou
2026-04-29;7081;MSF 7/2026;6009;P-NRV
2026-04-29;7081;MSF 7/2026;4639;votou
2026-04-29;7081;MSF 7/2026;6336;votou
2026-04-29;7081;MSF 7/2026;6295;votou
2026-04-29;7081;MSF 7/2026;5936;votou
2026-04-29;7081;MSF 7/2026;5990;votou
2026-04-29;7081;MSF 7/2026;470;votou
2026-04-29;7081;MSF 7/2026;5973;MIS
2026-04-29;7081;MSF 7/2026;739;votou
2026-04-29;7081;MSF 7/2026;6337;votou
2026-04-29;7081;MSF 7/2026;475;votou
2026-04-29;7081;MSF 7/2026;6335;votou
2026-04-29;7081;MSF 7/2026;5998;votou
2026-04-29;7081;MSF 7/2026;3830;votou
2026-04-29;7081;MSF 7/2026;5793;votou
2026-04-29;7081;MSF 7/2026;5906;votou
2026-04-29;7081;MSF 7/2026;4994;votou
2026-04-29;7081;MSF 7/2026;5976;votou
2026-04-29;7081;MSF 7/2026;3777;votou
2026-04-29;7081;MSF 7/2026;4642;votou
2026-04-29;7081;MSF 7/2026;5718;votou
2026-04-29;7081;MSF 7/2026;22;votou
2026-04-29;7081;MSF 7/2026;5953;votou
2026-04-29;7081;MSF 7/2026;5917;votou
2026-04-29;7081;MSF 7/2026;345;votou
2026-04-29;7081;MSF 7/2026;5894;votou
2026-04-29;7081;MSF 7/2026;6008;votou
2026-04-29;7081;MSF 7/2026;6341;votou
2026-04-29;7081;MSF 7/2026;5008;votou
2026-04-29;7081;MSF 7/2026;5385;votou
2026-04-29;7081;MSF 7/2026;6010;votou
2026-04-29;7081;MSF 7/2026;4770;votou
2026-04-29;7081;MSF 7/2026;35;votou
2026-04-29;7081;MSF 7/2026;6340;votou
2026-04-29;7081;MSF 7/2026;581;votou
2026-04-29;7081;MSF 7/2026;4531;votou
2026-04-29;7081;MSF 7/2026;5895;votou
2026-04-29;7081;MSF 7/2026;6342;votou
2026-04-29;7081;MSF 7/2026;4811;votou
2026-04-29;7081;MSF 7/2026;5979;votou
2026-04-29;7081;MSF 7/2026;5926;votou
2026-04-29;7081;MSF 7/2026;1186;votou
2026-04-29;7081;MSF 7/2026;631;votou
2026-04-29;7081;MSF 7/2026;5376;votou
2026-04-29;7081;MSF 7/2026;742;votou
2026-04-29;7081;MSF 7/2026;285;votou
2026-04-29;7081;MSF 7/2026;5422;votou
2026-04-29;7081;MSF 7/2026;5942;votou
2026-04-29;7081;MSF 7/2026;5985;votou
2026-04-29;7081;MSF 7/2026;5525;votou
2026-04-29;7081;MSF 7/2026;5924;NCom
2026-04-29;7081;MSF 7/2026;5523;votou
2026-04-29;7081;MSF 7/2026;825;votou
2026-04-29;7081;MSF 7/2026;5502;votou
2026-04-29;7081;MSF 7/2026;5386;votou
2026-04-29;7081;MSF 7/2026;5012;votou
2026-04-29;7081;MSF 7/2026;70;votou
2026-04-29;7081;MSF 7/2026;5207;votou
2026-04-29;7081;MSF 7/2026;6025;votou
2026-04-29;7081;MSF 7/2026;5732;votou
2026-04-29;7081;MSF 7/2026;4694;votou
2026-04-29;7081;MSF 7/2026;5352;votou
2026-04-29;7081;MSF 7/2026;5322;votou
2026-04-29;7081;MSF 7/2026;6331;votou
2026-04-29;7081;MSF 7/2026;5988;votou
2026-04-29;7081;MSF 7/2026;5959;votou
2026-04-29;7081;MSF 7/2026;4560;votou
2026-04-29;7081;MSF 7/2026;6338;votou
2026-04-29;7081;MSF 7/2026;5736;votou
2026-04-29;7081;MSF 7/2026;5899;votou
2026-04-29;7081;MSF 7/2026;5748;votou
2026-04-29;7081;MSF 7/2026;5016;votou
2026-04-29;7081;MSF 7/2026;1173;votou
2026-04-29;7081;MSF 7/2026;5411;votou
2026-04-29;7081;MSF 7/2026;5070;P-NRV
2026-04-29;7081;MSF 7/2026;5783;votou
2026-04-29;7081;MSF 7/2026;3806;votou
2026-05-20;7082;MSF 25/2026;5672;votou
2026-05-20;7082;MSF 25/2026;5982;AP
2026-05-20;7082;MSF 25/2026;6358;AP
2026-05-20;7082;MSF 25/2026;5967;P-NRV
2026-05-20;7082;MSF 25/2026;6009;MIS
2026-05-20;7082;MSF 25/2026;4639;votou
2026-05-20;7082;MSF 25/2026;6336;votou
2026-05-20;7082;MSF 25/2026;6295;votou
2026-05-20;7082;MSF 25/2026;5936;AP
2026-05-20;7082;MSF 25/2026;5990;P-NRV
2026-05-20;7082;MSF 25/2026;470;votou
2026-05-20;7082;MSF 25/2026;5973;P-NRV
2026-05-20;7082;MSF 25/2026;739;votou
2026-05-20;7082;MSF 25/2026;6337;votou
2026-05-20;7082;MSF 25/2026;475;votou
2026-05-20;7082;MSF 25/2026;6335;votou
2026-05-20;7082;MSF 25/2026;5998;LS
2026-05-20;7082;MSF 25/2026;3830;votou
2026-05-20;7082;MSF 25/2026;5793;votou
2026-05-20;7082;MSF 25/2026;5906;votou
2026-05-20;7082;MSF 25/2026;4994;P-NRV
2026-05-20;7082;MSF 25/2026;5976;votou
2026-05-20;7082;MSF 25/2026;3777;P-NRV
2026-05-20;7082;MSF 25/2026;4642;P-NRV
2026-05-20;7082;MSF 25/2026;5718;votou
2026-05-20;7082;MSF 25/2026;22;votou
2026-05-20;7082;MSF 25/2026;5953;votou
2026-05-20;7082;MSF 25/2026;5917;votou
2026-05-20;7082;MSF 25/2026;345;votou
2026-05-20;7082;MSF 25/2026;5894;NCom
2026-05-20;7082;MSF 25/2026;6008;AP
2026-05-20;7082;MSF 25/2026;6341;votou
2026-05-20;7082;MSF 25/2026;6381;votou
2026-05-20;7082;MSF 25/2026;5008;votou
2026-05-20;7082;MSF 25/2026;5385;P-NRV
2026-05-20;7082;MSF 25/2026;6010;AP
2026-05-20;7082;MSF 25/2026;4770;votou
2026-05-20;7082;MSF 25/2026;35;P-NRV
2026-05-20;7082;MSF 25/2026;6340;P-NRV
2026-05-20;7082;MSF 25/2026;581;votou
2026-05-20;7082;MSF 25/2026;4531;votou
2026-05-20;7082;MSF 25/2026;5895;votou
2026-05-20;7082;MSF 25/2026;6369;P-NRV
2026-05-20;7082;MSF 25/2026;4811;votou
2026-05-20;7082;MSF 25/2026;5979;votou
2026-05-20;7082;MSF 25/2026;5926;votou
2026-05-20;7082;MSF 25/2026;1186;AP
2026-05-20;7082;MSF 25/2026;631;votou
2026-05-20;7082;MSF 25/2026;5376;P-NRV
2026-05-20;7082;MSF 25/2026;742;P-NRV
2026-05-20;7082;MSF 25/2026;285;AP
2026-05-20;7082;MSF 25/2026;5422;MIS
2026-05-20;7082;MSF 25/2026;5942;votou
2026-05-20;7082;MSF 25/2026;5985;votou
2026-05-20;7082;MSF 25/2026;5525;votou
2026-05-20;7082;MSF 25/2026;5924;votou
2026-05-20;7082;MSF 25/2026;5523;P-NRV
2026-05-20;7082;MSF 25/2026;825;AP
2026-05-20;7082;MSF 25/2026;5502;P-NRV
2026-05-20;7082;MSF 25/2026;5386;P-NRV
2026-05-20;7082;MSF 25/2026;5012;votou
2026-05-20;7082;MSF 25/2026;70;P-NRV
2026-05-20;7082;MSF 25/2026;5207;AP
2026-05-20;7082;MSF 25/2026;6025;votou
2026-05-20;7082;MSF 25/2026;5732;votou
2026-05-20;7082;MSF 25/2026;4694;P-NRV
2026-05-20;7082;MSF 25/2026;5352;votou
2026-05-20;7082;MSF 25/2026;5322;NCom
2026-05-20;7082;MSF 25/2026;6331;votou
2026-05-20;7082;MSF 25/2026;5988;votou
2026-05-20;7082;MSF 25/2026;5959;votou
2026-05-20;7082;MSF 25/2026;4560;P-NRV
2026-05-20;7082;MSF 25/2026;6338;AP
2026-05-20;7082;MSF 25/2026;5736;P-NRV
2026-05-20;7082;MSF 25/2026;5899;P-NRV
2026-05-20;7082;MSF 25/2026;5748;votou
2026-05-20;7082;MSF 25/2026;1173;P-NRV
2026-05-20;7082;MSF 25/2026;5411;P-NRV
2026-05-20;7082;MSF 25/2026;5070;P-NRV
2026-05-20;7082;MSF 25/2026;5783;votou
2026-05-20;7082;MSF 25/2026;3806;votou
2026-05-20;7083;MSF 19/2026;5672;votou
2026-05-20;7083;MSF 19/2026;5982;AP
2026-05-20;7083;MSF 19/2026;6358;AP
2026-05-20;7083;MSF 19/2026;5967;P-NRV
2026-05-20;7083;MSF 19/2026;6009;MIS
2026-05-20;7083;MSF 19/2026;4639;votou
2026-05-20;7083;MSF 19/2026;6336;votou
2026-05-20;7083;MSF 19/2026;6295;P-NRV
2026-05-20;7083;MSF 19/2026;5936;AP
2026-05-20;7083;MSF 19/2026;5990;P-NRV
2026-05-20;7083;MSF 19/2026;470;votou
2026-05-20;7083;MSF 19/2026;5973;votou
2026-05-20;7083;MSF 19/2026;739;P-NRV
2026-05-20;7083;MSF 19/2026;6337;votou
2026-05-20;7083;MSF 19/2026;475;P-NRV
2026-05-20;7083;MSF 19/2026;6335;votou
2026-05-20;7083;MSF 19/2026;5998;LS
2026-05-20;7083;MSF 19/2026;3830;votou
2026-05-20;7083;MSF 19/2026;5793;votou
2026-05-20;7083;MSF 19/2026;5906;P-NRV
2026-05-20;7083;MSF 19/2026;4994;votou
2026-05-20;7083;MSF 19/2026;5976;votou
2026-05-20;7083;MSF 19/2026;3777;P-NRV
2026-05-20;7083;MSF 19/2026;4642;P-NRV
2026-05-20;7083;MSF 19/2026;5718;votou
2026-05-20;7083;MSF 19/2026;22;votou
2026-05-20;7083;MSF 19/2026;5953;P-NRV
2026-05-20;7083;MSF 19/2026;5917;P-NRV
2026-05-20;7083;MSF 19/2026;345;votou
2026-05-20;7083;MSF 19/2026;5894;NCom
2026-05-20;7083;MSF 19/2026;6008;AP
2026-05-20;7083;MSF 19/2026;6341;votou
2026-05-20;7083;MSF 19/2026;6381;votou
2026-05-20;7083;MSF 19/2026;5008;P-NRV
2026-05-20;7083;MSF 19/2026;5385;P-NRV
2026-05-20;7083;MSF 19/2026;6010;AP
2026-05-20;7083;MSF 19/2026;4770;votou
2026-05-20;7083;MSF 19/2026;35;votou
2026-05-20;7083;MSF 19/2026;6340;P-NRV
2026-05-20;7083;MSF 19/2026;581;votou
2026-05-20;7083;MSF 19/2026;4531;votou
2026-05-20;7083;MSF 19/2026;5895;votou
2026-05-20;7083;MSF 19/2026;6369;votou
2026-05-20;7083;MSF 19/2026;4811;votou
2026-05-20;7083;MSF 19/2026;5979;votou
2026-05-20;7083;MSF 19/2026;5926;votou
2026-05-20;7083;MSF 19/2026;1186;AP
2026-05-20;7083;MSF 19/2026;631;votou
2026-05-20;7083;MSF 19/2026;5376;P-NRV
2026-05-20;7083;MSF 19/2026;742;votou
2026-05-20;7083;MSF 19/2026;285;AP
2026-05-20;7083;MSF 19/2026;5422;MIS
2026-05-20;7083;MSF 19/2026;5942;votou
2026-05-20;7083;MSF 19/2026;5985;votou
2026-05-20;7083;MSF 19/2026;5525;votou
2026-05-20;7083;MSF 19/2026;5924;votou
2026-05-20;7083;MSF 19/2026;5523;votou
2026-05-20;7083;MSF 19/2026;825;AP
2026-05-20;7083;MSF 19/2026;5502;P-NRV
2026-05-20;7083;MSF 19/2026;5386;P-NRV
2026-05-20;7083;MSF 19/2026;5012;votou
2026-05-20;7083;MSF 19/2026;70;P-NRV
2026-05-20;7083;MSF 19/2026;5207;AP
2026-05-20;7083;MSF 19/2026;6025;votou
2026-05-20;7083;MSF 19/2026;5732;votou
2026-05-20;7083;MSF 19/2026;4694;P-NRV
2026-05-20;7083;MSF 19/2026;5352;P-NRV
2026-05-20;7083;MSF 19/2026;5322;NCom
2026-05-20;7083;MSF 19/2026;6331;votou
2026-05-20;7083;MSF 19/2026;5988;P-NRV
2026-05-20;7083;MSF 19/2026;5959;votou
2026-05-20;7083;MSF 19/2026;4560;votou
2026-05-20;7083;MSF 19/2026;6338;AP
2026-05-20;7083;MSF 19/2026;5736;P-NRV
2026-05-20;7083;MSF 19/2026;5899;P-NRV
2026-05-20;7083;MSF 19/2026;5748;P-NRV
2026-05-20;7083;MSF 19/2026;1173;votou
2026-05-20;7083;MSF 19/2026;5411;P-NRV
2026-05-20;7083;MSF 19/2026;5070;votou
2026-05-20;7083;MSF 19/2026;5783;votou
2026-05-20;7083;MSF 19/2026;3806;votou
2026-05-20;7084;MSF 16/2026;5672;votou
2026-05-20;7084;MSF 16/2026;5982;AP
2026-05-20;7084;MSF 16/2026;6358;AP
2026-05-20;7084;MSF 16/2026;5967;P-NRV
2026-05-20;7084;MSF 16/2026;6009;MIS
2026-05-20;7084;MSF 16/2026;4639;votou
2026-05-20;7084;MSF 16/2026;6336;votou
2026-05-20;7084;MSF 16/2026;6295;P-NRV
2026-05-20;7084;MSF 16/2026;5936;AP
2026-05-20;7084;MSF 16/2026;5990;P-NRV
2026-05-20;7084;MSF 16/2026;470;votou
2026-05-20;7084;MSF 16/2026;5973;votou
2026-05-20;7084;MSF 16/2026;739;P-NRV
2026-05-20;7084;MSF 16/2026;6337;votou
2026-05-20;7084;MSF 16/2026;475;votou
2026-05-20;7084;MSF 16/2026;6335;votou
2026-05-20;7084;MSF 16/2026;5998;LS
2026-05-20;7084;MSF 16/2026;3830;votou
2026-05-20;7084;MSF 16/2026;5793;votou
2026-05-20;7084;MSF 16/2026;5906;P-NRV
2026-05-20;7084;MSF 16/2026;4994;votou
2026-05-20;7084;MSF 16/2026;5976;votou
2026-05-20;7084;MSF 16/2026;3777;P-NRV
2026-05-20;7084;MSF 16/2026;4642;P-NRV
2026-05-20;7084;MSF 16/2026;5718;P-NRV
2026-05-20;7084;MSF 16/2026;22;votou
2026-05-20;7084;MSF 16/2026;5953;P-NRV
2026-05-20;7084;MSF 16/2026;5917;P-NRV
2026-05-20;7084;MSF 16/2026;345;votou
2026-05-20;7084;MSF 16/2026;5894;NCom
2026-05-20;7084;MSF 16/2026;6008;AP
2026-05-20;7084;MSF 16/2026;6341;votou
2026-05-20;7084;MSF 16/2026;6381;votou
2026-05-20;7084;MSF 16/2026;5008;P-NRV
2026-05-20;7084;MSF 16/2026;5385;P-NRV
2026-05-20;7084;MSF 16/2026;6010;AP
2026-05-20;7084;MSF 16/2026;4770;votou
2026-05-20;7084;MSF 16/2026;35;votou
2026-05-20;7084;MSF 16/2026;6340;P-NRV
2026-05-20;7084;MSF 16/2026;581;votou
2026-05-20;7084;MSF 16/2026;4531;votou
2026-05-20;7084;MSF 16/2026;5895;votou
2026-05-20;7084;MSF 16/2026;6369;votou
2026-05-20;7084;MSF 16/2026;4811;votou
2026-05-20;7084;MSF 16/2026;5979;votou
2026-05-20;7084;MSF 16/2026;5926;votou
2026-05-20;7084;MSF 16/2026;1186;AP
2026-05-20;7084;MSF 16/2026;631;votou
2026-05-20;7084;MSF 16/2026;5376;P-NRV
2026-05-20;7084;MSF 16/2026;742;votou
2026-05-20;7084;MSF 16/2026;285;AP
2026-05-20;7084;MSF 16/2026;5422;MIS
2026-05-20;7084;MSF 16/2026;5942;votou
2026-05-20;7084;MSF 16/2026;5985;votou
2026-05-20;7084;MSF 16/2026;5525;votou
2026-05-20;7084;MSF 16/2026;5924;votou
2026-05-20;7084;MSF 16/2026;5523;votou
2026-05-20;7084;MSF 16/2026;825;AP
2026-05-20;7084;MSF 16/2026;5502;P-NRV
2026-05-20;7084;MSF 16/2026;5386;P-NRV
2026-05-20;7084;MSF 16/2026;5012;votou
2026-05-20;7084;MSF 16/2026;70;P-NRV
2026-05-20;7084;MSF 16/2026;5207;AP
2026-05-20;7084;MSF 16/2026;6025;votou
2026-05-20;7084;MSF 16/2026;5732;votou
2026-05-20;7084;MSF 16/2026;4694;P-NRV
2026-05-20;7084;MSF 16/2026;5352;P-NRV
2026-05-20;7084;MSF 16/2026;5322;NCom
2026-05-20;7084;MSF 16/2026;6331;votou
2026-05-20;7084;MSF 16/2026;5988;P-NRV
2026-05-20;7084;MSF 16/2026;5959;P-NRV
2026-05-20;7084;MSF 16/2026;4560;votou
2026-05-20;7084;MSF 16/2026;6338;AP
2026-05-20;7084;MSF 16/2026;5736;P-NRV
2026-05-20;7084;MSF 16/2026;5899;votou
2026-05-20;7084;MSF 16/2026;5748;P-NRV
2026-05-20;7084;MSF 16/2026;1173;votou
2026-05-20;7084;MSF 16/2026;5411;P-NRV
2026-05-20;7084;MSF 16/2026;5070;votou
2026-05-20;7084;MSF 16/2026;5783;votou
2026-05-20;7084;MSF 16/2026;3806;votou
2026-05-20;7085;MSF 15/2026;5672;P-NRV
2026-05-20;7085;MSF 15/2026;5982;AP
2026-05-20;7085;MSF 15/2026;6358;AP
2026-05-20;7085;MSF 15/2026;5967;P-NRV
2026-05-20;7085;MSF 15/2026;6009;MIS
2026-05-20;7085;MSF 15/2026;4639;votou
2026-05-20;7085;MSF 15/2026;6336;P-NRV
2026-05-20;7085;MSF 15/2026;6295;P-NRV
2026-05-20;7085;MSF 15/2026;5936;AP
2026-05-20;7085;MSF 15/2026;5990;votou
2026-05-20;7085;MSF 15/2026;470;votou
2026-05-20;7085;MSF 15/2026;5973;votou
2026-05-20;7085;MSF 15/2026;739;P-NRV
2026-05-20;7085;MSF 15/2026;6337;P-NRV
2026-05-20;7085;MSF 15/2026;475;votou
2026-05-20;7085;MSF 15/2026;6335;votou
2026-05-20;7085;MSF 15/2026;5998;LS
2026-05-20;7085;MSF 15/2026;3830;votou
2026-05-20;7085;MSF 15/2026;5793;votou
2026-05-20;7085;MSF 15/2026;5906;votou
2026-05-20;7085;MSF 15/2026;4994;votou
2026-05-20;7085;MSF 15/2026;5976;votou
2026-05-20;7085;MSF 15/2026;3777;P-NRV
2026-05-20;7085;MSF 15/2026;4642;P-NRV
2026-05-20;7085;MSF 15/2026;5718;P-NRV
2026-05-20;7085;MSF 15/2026;22;votou
2026-05-20;7085;MSF 15/2026;5953;votou
2026-05-20;7085;MSF 15/2026;5917;P-NRV
2026-05-20;7085;MSF 15/2026;345;votou
2026-05-20;7085;MSF 15/2026;5894;NCom
2026-05-20;7085;MSF 15/2026;6008;AP
2026-05-20;7085;MSF 15/2026;6341;votou
2026-05-20;7085;MSF 15/2026;6381;votou
2026-05-20;7085;MSF 15/2026;5008;P-NRV
2026-05-20;7085;MSF 15/2026;5385;P-NRV
2026-05-20;7085;MSF 15/2026;6010;AP
2026-05-20;7085;MSF 15/2026;4770;votou
2026-05-20;7085;MSF 15/2026;35;votou
2026-05-20;7085;MSF 15/2026;6340;P-NRV
2026-05-20;7085;MSF 15/2026;581;votou
2026-05-20;7085;MSF 15/2026;4531;votou
2026-05-20;7085;MSF 15/2026;5895;votou
2026-05-20;7085;MSF 15/2026;6369;votou
2026-05-20;7085;MSF 15/2026;4811;votou
2026-05-20;7085;MSF 15/2026;5979;votou
2026-05-20;7085;MSF 15/2026;5926;votou
2026-05-20;7085;MSF 15/2026;1186;AP
2026-05-20;7085;MSF 15/2026;631;votou
2026-05-20;7085;MSF 15/2026;5376;P-NRV
2026-05-20;7085;MSF 15/2026;742;votou
2026-05-20;7085;MSF 15/2026;285;AP
2026-05-20;7085;MSF 15/2026;5422;MIS
2026-05-20;7085;MSF 15/2026;5942;votou
2026-05-20;7085;MSF 15/2026;5985;votou
2026-05-20;7085;MSF 15/2026;5525;votou
2026-05-20;7085;MSF 15/2026;5924;P-NRV
2026-05-20;7085;MSF 15/2026;5523;votou
2026-05-20;7085;MSF 15/2026;825;AP
2026-05-20;7085;MSF 15/2026;5502;P-NRV
2026-05-20;7085;MSF 15/2026;5386;P-NRV
2026-05-20;7085;MSF 15/2026;5012;votou
2026-05-20;7085;MSF 15/2026;70;P-NRV
2026-05-20;7085;MSF 15/2026;5207;AP
2026-05-20;7085;MSF 15/2026;6025;votou
2026-05-20;7085;MSF 15/2026;5732;P-NRV
2026-05-20;7085;MSF 15/2026;4694;votou
2026-05-20;7085;MSF 15/2026;5352;P-NRV
2026-05-20;7085;MSF 15/2026;5322;NCom
2026-05-20;7085;MSF 15/2026;6331;votou
2026-05-20;7085;MSF 15/2026;5988;P-NRV
2026-05-20;7085;MSF 15/2026;5959;P-NRV
2026-05-20;7085;MSF 15/2026;4560;votou
2026-05-20;7085;MSF 15/2026;6338;AP
2026-05-20;7085;MSF 15/2026;5736;P-NRV
2026-05-20;7085;MSF 15/2026;5899;votou
2026-05-20;7085;MSF 15/2026;5748;P-NRV
2026-05-20;7085;MSF 15/2026;1173;votou
2026-05-20;7085;MSF 15/2026;5411;P-NRV
2026-05-20;7085;MSF 15/2026;5070;votou
2026-05-20;7085;MSF 15/2026;5783;votou
2026-05-20;7085;MSF 15/2026;3806;votou
2026-05-20;7086;MSF 14/2026;5672;P-NRV
2026-05-20;7086;MSF 14/2026;5982;AP
2026-05-20;7086;MSF 14/2026;6358;AP
2026-05-20;7086;MSF 14/2026;5967;P-NRV
2026-05-20;7086;MSF 14/2026;6009;MIS
2026-05-20;7086;MSF 14/2026;4639;votou
2026-05-20;7086;MSF 14/2026;6336;votou
2026-05-20;7086;MSF 14/2026;6295;P-NRV
2026-05-20;7086;MSF 14/2026;5936;AP
2026-05-20;7086;MSF 14/2026;5990;votou
2026-05-20;7086;MSF 14/2026;470;votou
2026-05-20;7086;MSF 14/2026;5973;votou
2026-05-20;7086;MSF 14/2026;739;P-NRV
2026-05-20;7086;MSF 14/2026;6337;P-NRV
2026-05-20;7086;MSF 14/2026;475;votou
2026-05-20;7086;MSF 14/2026;6335;votou
2026-05-20;7086;MSF 14/2026;5998;LS
2026-05-20;7086;MSF 14/2026;3830;votou
2026-05-20;7086;MSF 14/2026;5793;votou
2026-05-20;7086;MSF 14/2026;5906;P-NRV
2026-05-20;7086;MSF 14/2026;4994;votou
2026-05-20;7086;MSF 14/2026;5976;votou
2026-05-20;7086;MSF 14/2026;3777;P-NRV
2026-05-20;7086;MSF 14/2026;4642;P-NRV
2026-05-20;7086;MSF 14/2026;5718;P-NRV
2026-05-20;7086;MSF 14/2026;22;votou
2026-05-20;7086;MSF 14/2026;5953;votou
2026-05-20;7086;MSF 14/2026;5917;P-NRV
2026-05-20;7086;MSF 14/2026;345;votou
2026-05-20;7086;MSF 14/2026;5894;NCom
2026-05-20;7086;MSF 14/2026;6008;AP
2026-05-20;7086;MSF 14/2026;6341;votou
2026-05-20;7086;MSF 14/2026;6381;votou
2026-05-20;7086;MSF 14/2026;5008;P-NRV
2026-05-20;7086;MSF 14/2026;5385;P-NRV
2026-05-20;7086;MSF 14/2026;6010;AP
2026-05-20;7086;MSF 14/2026;4770;votou
2026-05-20;7086;MSF 14/2026;35;votou
2026-05-20;7086;MSF 14/2026;6340;votou
2026-05-20;7086;MSF 14/2026;581;votou
2026-05-20;7086;MSF 14/2026;4531;votou
2026-05-20;7086;MSF 14/2026;5895;votou
2026-05-20;7086;MSF 14/2026;6369;votou
2026-05-20;7086;MSF 14/2026;4811;votou
2026-05-20;7086;MSF 14/2026;5979;votou
2026-05-20;7086;MSF 14/2026;5926;votou
2026-05-20;7086;MSF 14/2026;1186;AP
2026-05-20;7086;MSF 14/2026;631;votou
2026-05-20;7086;MSF 14/2026;5376;P-NRV
2026-05-20;7086;MSF 14/2026;742;P-NRV
2026-05-20;7086;MSF 14/2026;285;AP
2026-05-20;7086;MSF 14/2026;5422;MIS
2026-05-20;7086;MSF 14/2026;5942;votou
2026-05-20;7086;MSF 14/2026;5985;votou
2026-05-20;7086;MSF 14/2026;5525;votou
2026-05-20;7086;MSF 14/2026;5924;P-NRV
2026-05-20;7086;MSF 14/2026;5523;votou
2026-05-20;7086;MSF 14/2026;825;AP
2026-05-20;7086;MSF 14/2026;5502;P-NRV
2026-05-20;7086;MSF 14/2026;5386;P-NRV
2026-05-20;7086;MSF 14/2026;5012;votou
2026-05-20;7086;MSF 14/2026;70;P-NRV
2026-05-20;7086;MSF 14/2026;5207;AP
2026-05-20;7086;MSF 14/2026;6025;votou
2026-05-20;7086;MSF 14/2026;5732;P-NRV
2026-05-20;7086;MSF 14/2026;4694;votou
2026-05-20;7086;MSF 14/2026;5352;P-NRV
2026-05-20;7086;MSF 14/2026;5322;NCom
2026-05-20;7086;MSF 14/2026;6331;votou
2026-05-20;7086;MSF 14/2026;5988;P-NRV
2026-05-20;7086;MSF 14/2026;5959;P-NRV
2026-05-20;7086;MSF 14/2026;4560;votou
2026-05-20;7086;MSF 14/2026;6338;AP
2026-05-20;7086;MSF 14/2026;5736;P-NRV
2026-05-20;7086;MSF 14/2026;5899;votou
2026-05-20;7086;MSF 14/2026;5748;P-NRV
2026-05-20;7086;MSF 14/2026;1173;P-NRV
2026-05-20;7086;MSF 14/2026;5411;votou
2026-05-20;7086;MSF 14/2026;5070;votou
2026-05-20;7086;MSF 14/2026;5783;votou
2026-05-20;7086;MSF 14/2026;3806;votou
2026-05-20;7087;MSF 17/2026;5672;P-NRV
2026-05-20;7087;MSF 17/2026;5982;AP
2026-05-20;7087;MSF 17/2026;6358;AP
2026-05-20;7087;MSF 17/2026;5967;P-NRV
2026-05-20;7087;MSF 17/2026;6009;MIS
2026-05-20;7087;MSF 17/2026;4639;votou
2026-05-20;7087;MSF 17/2026;6336;votou
2026-05-20;7087;MSF 17/2026;6295;P-NRV
2026-05-20;7087;MSF 17/2026;5936;AP
2026-05-20;7087;MSF 17/2026;5990;votou
2026-05-20;7087;MSF 17/2026;470;votou
2026-05-20;7087;MSF 17/2026;5973;votou
2026-05-20;7087;MSF 17/2026;739;P-NRV
2026-05-20;7087;MSF 17/2026;6337;P-NRV
2026-05-20;7087;MSF 17/2026;475;votou
2026-05-20;7087;MSF 17/2026;6335;votou
2026-05-20;7087;MSF 17/2026;5998;LS
2026-05-20;7087;MSF 17/2026;3830;votou
2026-05-20;7087;MSF 17/2026;5793;votou
2026-05-20;7087;MSF 17/2026;5906;P-NRV
2026-05-20;7087;MSF 17/2026;4994;P-NRV
2026-05-20;7087;MSF 17/2026;5976;P-NRV
2026-05-20;7087;MSF 17/2026;3777;P-NRV
2026-05-20;7087;MSF 17/2026;4642;votou
2026-05-20;7087;MSF 17/2026;5718;P-NRV
2026-05-20;7087;MSF 17/2026;22;votou
2026-05-20;7087;MSF 17/2026;5953;votou
2026-05-20;7087;MSF 17/2026;5917;P-NRV
2026-05-20;7087;MSF 17/2026;345;votou
2026-05-20;7087;MSF 17/2026;5894;NCom
2026-05-20;7087;MSF 17/2026;6008;AP
2026-05-20;7087;MSF 17/2026;6341;votou
2026-05-20;7087;MSF 17/2026;6381;votou
2026-05-20;7087;MSF 17/2026;5008;P-NRV
2026-05-20;7087;MSF 17/2026;5385;votou
2026-05-20;7087;MSF 17/2026;6010;AP
2026-05-20;7087;MSF 17/2026;4770;votou
2026-05-20;7087;MSF 17/2026;35;votou
2026-05-20;7087;MSF 17/2026;6340;votou
2026-05-20;7087;MSF 17/2026;581;votou
2026-05-20;7087;MSF 17/2026;4531;P-NRV
2026-05-20;7087;MSF 17/2026;5895;votou
2026-05-20;7087;MSF 17/2026;6369;votou
2026-05-20;7087;MSF 17/2026;4811;votou
2026-05-20;7087;MSF 17/2026;5979;votou
2026-05-20;7087;MSF 17/2026;5926;votou
2026-05-20;7087;MSF 17/2026;1186;AP
2026-05-20;7087;MSF 17/2026;631;P-NRV
2026-05-20;7087;MSF 17/2026;5376;P-NRV
2026-05-20;7087;MSF 17/2026;742;P-NRV
2026-05-20;7087;MSF 17/2026;285;AP
2026-05-20;7087;MSF 17/2026;5422;votou
2026-05-20;7087;MSF 17/2026;5942;P-NRV
2026-05-20;7087;MSF 17/2026;5985;votou
2026-05-20;7087;MSF 17/2026;5525;votou
2026-05-20;7087;MSF 17/2026;5924;P-NRV
2026-05-20;7087;MSF 17/2026;5523;votou
2026-05-20;7087;MSF 17/2026;825;AP
2026-05-20;7087;MSF 17/2026;5502;votou
2026-05-20;7087;MSF 17/2026;5386;P-NRV
2026-05-20;7087;MSF 17/2026;5012;votou
2026-05-20;7087;MSF 17/2026;70;P-NRV
2026-05-20;7087;MSF 17/2026;5207;AP
2026-05-20;7087;MSF 17/2026;6025;votou
2026-05-20;7087;MSF 17/2026;5732;votou
2026-05-20;7087;MSF 17/2026;4694;votou
2026-05-20;7087;MSF 17/2026;5352;P-NRV
2026-05-20;7087;MSF 17/2026;5322;NCom
2026-05-20;7087;MSF 17/2026;6331;P-NRV
2026-05-20;7087;MSF 17/2026;5988;P-NRV
2026-05-20;7087;MSF 17/2026;5959;P-NRV
2026-05-20;7087;MSF 17/2026;4560;votou
2026-05-20;7087;MSF 17/2026;6338;AP
2026-05-20;7087;MSF 17/2026;5736;votou
2026-05-20;7087;MSF 17/2026;5899;votou
2026-05-20;7087;MSF 17/2026;5748;P-NRV
2026-05-20;7087;MSF 17/2026;1173;P-NRV
2026-05-20;7087;MSF 17/2026;5411;votou
2026-05-20;7087;MSF 17/2026;5070;votou
2026-05-20;7087;MSF 17/2026;5783;votou
2026-05-20;7087;MSF 17/2026;3806;votou
2026-05-20;7088;MSF 18/2026;5672;P-NRV
2026-05-20;7088;MSF 18/2026;5982;AP
2026-05-20;7088;MSF 18/2026;6358;AP
2026-05-20;7088;MSF 18/2026;5967;P-NRV
2026-05-20;7088;MSF 18/2026;6009;MIS
2026-05-20;7088;MSF 18/2026;4639;votou
2026-05-20;7088;MSF 18/2026;6336;votou
2026-05-20;7088;MSF 18/2026;6295;P-NRV
2026-05-20;7088;MSF 18/2026;5936;AP
2026-05-20;7088;MSF 18/2026;5990;votou
2026-05-20;7088;MSF 18/2026;470;votou
2026-05-20;7088;MSF 18/2026;5973;votou
2026-05-20;7088;MSF 18/2026;739;P-NRV
2026-05-20;7088;MSF 18/2026;6337;P-NRV
2026-05-20;7088;MSF 18/2026;475;votou
2026-05-20;7088;MSF 18/2026;6335;votou
2026-05-20;7088;MSF 18/2026;5998;LS
2026-05-20;7088;MSF 18/2026;3830;votou
2026-05-20;7088;MSF 18/2026;5793;votou
2026-05-20;7088;MSF 18/2026;5906;P-NRV
2026-05-20;7088;MSF 18/2026;4994;votou
2026-05-20;7088;MSF 18/2026;5976;P-NRV
2026-05-20;7088;MSF 18/2026;3777;P-NRV
2026-05-20;7088;MSF 18/2026;4642;votou
2026-05-20;7088;MSF 18/2026;5718;votou
2026-05-20;7088;MSF 18/2026;22;votou
2026-05-20;7088;MSF 18/2026;5953;P-NRV
2026-05-20;7088;MSF 18/2026;5917;P-NRV
2026-05-20;7088;MSF 18/2026;345;votou
2026-05-20;7088;MSF 18/2026;5894;NCom
2026-05-20;7088;MSF 18/2026;6008;AP
2026-05-20;7088;MSF 18/2026;6341;votou
2026-05-20;7088;MSF 18/2026;6381;votou
2026-05-20;7088;MSF 18/2026;5008;P-NRV
2026-05-20;7088;MSF 18/2026;5385;votou
2026-05-20;7088;MSF 18/2026;6010;AP
2026-05-20;7088;MSF 18/2026;4770;votou
2026-05-20;7088;MSF 18/2026;35;votou
2026-05-20;7088;MSF 18/2026;6340;votou
2026-05-20;7088;MSF 18/2026;581;votou
2026-05-20;7088;MSF 18/2026;4531;P-NRV
2026-05-20;7088;MSF 18/2026;5895;P-NRV
2026-05-20;7088;MSF 18/2026;6369;votou
2026-05-20;7088;MSF 18/2026;4811;votou
2026-05-20;7088;MSF 18/2026;5979;votou
2026-05-20;7088;MSF 18/2026;5926;votou
2026-05-20;7088;MSF 18/2026;1186;AP
2026-05-20;7088;MSF 18/2026;631;P-NRV
2026-05-20;7088;MSF 18/2026;5376;P-NRV
2026-05-20;7088;MSF 18/2026;742;P-NRV
2026-05-20;7088;MSF 18/2026;285;AP
2026-05-20;7088;MSF 18/2026;5422;votou
2026-05-20;7088;MSF 18/2026;5942;votou
2026-05-20;7088;MSF 18/2026;5985;votou
2026-05-20;7088;MSF 18/2026;5525;votou
2026-05-20;7088;MSF 18/2026;5924;P-NRV
2026-05-20;7088;MSF 18/2026;5523;votou
2026-05-20;7088;MSF 18/2026;825;AP
2026-05-20;7088;MSF 18/2026;5502;votou
2026-05-20;7088;MSF 18/2026;5386;P-NRV
2026-05-20;7088;MSF 18/2026;5012;votou
2026-05-20;7088;MSF 18/2026;70;P-NRV
2026-05-20;7088;MSF 18/2026;5207;AP
2026-05-20;7088;MSF 18/2026;6025;votou
2026-05-20;7088;MSF 18/2026;5732;votou
2026-05-20;7088;MSF 18/2026;4694;votou
2026-05-20;7088;MSF 18/2026;5352;votou
2026-05-20;7088;MSF 18/2026;5322;NCom
2026-05-20;7088;MSF 18/2026;6331;P-NRV
2026-05-20;7088;MSF 18/2026;5988;P-NRV
2026-05-20;7088;MSF 18/2026;5959;P-NRV
2026-05-20;7088;MSF 18/2026;4560;votou
2026-05-20;7088;MSF 18/2026;6338;AP
2026-05-20;7088;MSF 18/2026;5736;votou
2026-05-20;7088;MSF 18/2026;5899;votou
2026-05-20;7088;MSF 18/2026;5748;P-NRV
2026-05-20;7088;MSF 18/2026;1173;P-NRV
2026-05-20;7088;MSF 18/2026;5411;votou
2026-05-20;7088;MSF 18/2026;5070;votou
2026-05-20;7088;MSF 18/2026;5783;votou
2026-05-20;7088;MSF 18/2026;3806;votou
2026-05-20;7089;MSF 1/2026;5672;P-NRV
2026-05-20;7089;MSF 1/2026;5982;AP
2026-05-20;7089;MSF 1/2026;6358;AP
2026-05-20;7089;MSF 1/2026;5967;P-NRV
2026-05-20;7089;MSF 1/2026;6009;MIS
2026-05-20;7089;MSF 1/2026;4639;votou
2026-05-20;7089;MSF 1/2026;6336;votou
2026-05-20;7089;MSF 1/2026;6295;P-NRV
2026-05-20;7089;MSF 1/2026;5936;AP
2026-05-20;7089;MSF 1/2026;5990;votou
2026-05-20;7089;MSF 1/2026;470;votou
2026-05-20;7089;MSF 1/2026;5973;votou
2026-05-20;7089;MSF 1/2026;739;votou
2026-05-20;7089;MSF 1/2026;6337;P-NRV
2026-05-20;7089;MSF 1/2026;475;votou
2026-05-20;7089;MSF 1/2026;6335;votou
2026-05-20;7089;MSF 1/2026;5998;LS
2026-05-20;7089;MSF 1/2026;3830;votou
2026-05-20;7089;MSF 1/2026;5793;votou
2026-05-20;7089;MSF 1/2026;5906;P-NRV
2026-05-20;7089;MSF 1/2026;4994;votou
2026-05-20;7089;MSF 1/2026;5976;votou
2026-05-20;7089;MSF 1/2026;3777;P-NRV
2026-05-20;7089;MSF 1/2026;4642;votou
2026-05-20;7089;MSF 1/2026;5718;P-NRV
2026-05-20;7089;MSF 1/2026;22;votou
2026-05-20;7089;MSF 1/2026;5953;P-NRV
2026-05-20;7089;MSF 1/2026;5917;P-NRV
2026-05-20;7089;MSF 1/2026;345;votou
2026-05-20;7089;MSF 1/2026;5894;NCom
2026-05-20;7089;MSF 1/2026;6008;AP
2026-05-20;7089;MSF 1/2026;6341;votou
2026-05-20;7089;MSF 1/2026;6381;votou
2026-05-20;7089;MSF 1/2026;5008;votou
2026-05-20;7089;MSF 1/2026;5385;votou
2026-05-20;7089;MSF 1/2026;6010;AP
2026-05-20;7089;MSF 1/2026;4770;P-NRV
2026-05-20;7089;MSF 1/2026;35;votou
2026-05-20;7089;MSF 1/2026;6340;votou
2026-05-20;7089;MSF 1/2026;581;votou
2026-05-20;7089;MSF 1/2026;4531;P-NRV
2026-05-20;7089;MSF 1/2026;5895;P-NRV
2026-05-20;7089;MSF 1/2026;6369;votou
2026-05-20;7089;MSF 1/2026;4811;votou
2026-05-20;7089;MSF 1/2026;5979;votou
2026-05-20;7089;MSF 1/2026;5926;P-NRV
2026-05-20;7089;MSF 1/2026;1186;AP
2026-05-20;7089;MSF 1/2026;631;votou
2026-05-20;7089;MSF 1/2026;5376;P-NRV
2026-05-20;7089;MSF 1/2026;742;P-NRV
2026-05-20;7089;MSF 1/2026;285;AP
2026-05-20;7089;MSF 1/2026;5422;votou
2026-05-20;7089;MSF 1/2026;5942;votou
2026-05-20;7089;MSF 1/2026;5985;P-NRV
2026-05-20;7089;MSF 1/2026;5525;votou
2026-05-20;7089;MSF 1/2026;5924;P-NRV
2026-05-20;7089;MSF 1/2026;5523;votou
2026-05-20;7089;MSF 1/2026;825;AP
2026-05-20;7089;MSF 1/2026;5502;votou
2026-05-20;7089;MSF 1/2026;5386;P-NRV
2026-05-20;7089;MSF 1/2026;5012;votou
2026-05-20;7089;MSF 1/2026;70;votou
2026-05-20;7089;MSF 1/2026;5207;AP
2026-05-20;7089;MSF 1/2026;6025;votou
2026-05-20;7089;MSF 1/2026;5732;votou
2026-05-20;7089;MSF 1/2026;4694;votou
2026-05-20;7089;MSF 1/2026;5352;votou
2026-05-20;7089;MSF 1/2026;5322;NCom
2026-05-20;7089;MSF 1/2026;6331;votou
2026-05-20;7089;MSF 1/2026;5988;P-NRV
2026-05-20;7089;MSF 1/2026;5959;P-NRV
2026-05-20;7089;MSF 1/2026;4560;votou
2026-05-20;7089;MSF 1/2026;6338;AP
2026-05-20;7089;MSF 1/2026;5736;votou
2026-05-20;7089;MSF 1/2026;5899;votou
2026-05-20;7089;MSF 1/2026;5748;P-NRV
2026-05-20;7089;MSF 1/2026;1173;P-NRV
2026-05-20;7089;MSF 1/2026;5411;votou
2026-05-20;7089;MSF 1/2026;5070;votou
2026-05-20;7089;MSF 1/2026;5783;votou
2026-05-20;7089;MSF 1/2026;3806;P-NRV
2026-05-20;7090;MSF 2/2026;5672;P-NRV
2026-05-20;7090;MSF 2/2026;5982;AP
2026-05-20;7090;MSF 2/2026;6358;AP
2026-05-20;7090;MSF 2/2026;5967;votou
2026-05-20;7090;MSF 2/2026;6009;MIS
2026-05-20;7090;MSF 2/2026;4639;votou
2026-05-20;7090;MSF 2/2026;6336;votou
2026-05-20;7090;MSF 2/2026;6295;P-NRV
2026-05-20;7090;MSF 2/2026;5936;AP
2026-05-20;7090;MSF 2/2026;5990;votou
2026-05-20;7090;MSF 2/2026;470;votou
2026-05-20;7090;MSF 2/2026;5973;votou
2026-05-20;7090;MSF 2/2026;739;votou
2026-05-20;7090;MSF 2/2026;6337;P-NRV
2026-05-20;7090;MSF 2/2026;475;votou
2026-05-20;7090;MSF 2/2026;6335;votou
2026-05-20;7090;MSF 2/2026;5998;LS
2026-05-20;7090;MSF 2/2026;3830;votou
2026-05-20;7090;MSF 2/2026;5793;votou
2026-05-20;7090;MSF 2/2026;5906;P-NRV
2026-05-20;7090;MSF 2/2026;4994;votou
2026-05-20;7090;MSF 2/2026;5976;votou
2026-05-20;7090;MSF 2/2026;3777;P-NRV
2026-05-20;7090;MSF 2/2026;4642;votou
2026-05-20;7090;MSF 2/2026;5718;P-NRV
2026-05-20;7090;MSF 2/2026;22;votou
2026-05-20;7090;MSF 2/2026;5953;votou
2026-05-20;7090;MSF 2/2026;5917;P-NRV
2026-05-20;7090;MSF 2/2026;345;votou
2026-05-20;7090;MSF 2/2026;5894;NCom
2026-05-20;7090;MSF 2/2026;6008;AP
2026-05-20;7090;MSF 2/2026;6341;votou
2026-05-20;7090;MSF 2/2026;6381;votou
2026-05-20;7090;MSF 2/2026;5008;P-NRV
2026-05-20;7090;MSF 2/2026;5385;votou
2026-05-20;7090;MSF 2/2026;6010;AP
2026-05-20;7090;MSF 2/2026;4770;P-NRV
2026-05-20;7090;MSF 2/2026;35;votou
2026-05-20;7090;MSF 2/2026;6340;votou
2026-05-20;7090;MSF 2/2026;581;votou
2026-05-20;7090;MSF 2/2026;4531;P-NRV
2026-05-20;7090;MSF 2/2026;5895;P-NRV
2026-05-20;7090;MSF 2/2026;6369;votou
2026-05-20;7090;MSF 2/2026;4811;votou
2026-05-20;7090;MSF 2/2026;5979;votou
2026-05-20;7090;MSF 2/2026;5926;votou
2026-05-20;7090;MSF 2/2026;1186;AP
2026-05-20;7090;MSF 2/2026;631;votou
2026-05-20;7090;MSF 2/2026;5376;P-NRV
2026-05-20;7090;MSF 2/2026;742;votou
2026-05-20;7090;MSF 2/2026;285;AP
2026-05-20;7090;MSF 2/2026;5422;votou
2026-05-20;7090;MSF 2/2026;5942;votou
2026-05-20;7090;MSF 2/2026;5985;P-NRV
2026-05-20;7090;MSF 2/2026;5525;votou
2026-05-20;7090;MSF 2/2026;5924;P-NRV
2026-05-20;7090;MSF 2/2026;5523;votou
2026-05-20;7090;MSF 2/2026;825;AP
2026-05-20;7090;MSF 2/2026;5502;votou
2026-05-20;7090;MSF 2/2026;5386;P-NRV
2026-05-20;7090;MSF 2/2026;5012;votou
2026-05-20;7090;MSF 2/2026;70;votou
2026-05-20;7090;MSF 2/2026;5207;AP
2026-05-20;7090;MSF 2/2026;6025;votou
2026-05-20;7090;MSF 2/2026;5732;votou
2026-05-20;7090;MSF 2/2026;4694;votou
2026-05-20;7090;MSF 2/2026;5352;votou
2026-05-20;7090;MSF 2/2026;5322;NCom
2026-05-20;7090;MSF 2/2026;6331;P-NRV
2026-05-20;7090;MSF 2/2026;5988;votou
2026-05-20;7090;MSF 2/2026;5959;P-NRV
2026-05-20;7090;MSF 2/2026;4560;votou
2026-05-20;7090;MSF 2/2026;6338;AP
2026-05-20;7090;MSF 2/2026;5736;votou
2026-05-20;7090;MSF 2/2026;5899;votou
2026-05-20;7090;MSF 2/2026;5748;votou
2026-05-20;7090;MSF 2/2026;1173;votou
2026-05-20;7090;MSF 2/2026;5411;votou
2026-05-20;7090;MSF 2/2026;5070;votou
2026-05-20;7090;MSF 2/2026;5783;votou
2026-05-20;7090;MSF 2/2026;3806;P-NRV
2026-05-27;7091;PLP 11/2026;5672;votou
2026-05-27;7091;PLP 11/2026;5982;votou
2026-05-27;7091;PLP 11/2026;6358;votou
2026-05-27;7091;PLP 11/2026;5967;votou
2026-05-27;7091;PLP 11/2026;6009;votou
2026-05-27;7091;PLP 11/2026;4639;votou
2026-05-27;7091;PLP 11/2026;6336;votou
2026-05-27;7091;PLP 11/2026;6295;votou
2026-05-27;7091;PLP 11/2026;5936;votou
2026-05-27;7091;PLP 11/2026;5990;votou
2026-05-27;7091;PLP 11/2026;470;votou
2026-05-27;7091;PLP 11/2026;5973;AP
2026-05-27;7091;PLP 11/2026;739;votou
2026-05-27;7091;PLP 11/2026;6337;votou
2026-05-27;7091;PLP 11/2026;475;votou
2026-05-27;7091;PLP 11/2026;6335;votou
2026-05-27;7091;PLP 11/2026;5998;votou
2026-05-27;7091;PLP 11/2026;3830;Presidente (art. 51 RISF)
2026-05-27;7091;PLP 11/2026;5793;votou
2026-05-27;7091;PLP 11/2026;5906;votou
2026-05-27;7091;PLP 11/2026;4994;AP
2026-05-27;7091;PLP 11/2026;5976;votou
2026-05-27;7091;PLP 11/2026;3777;votou
2026-05-27;7091;PLP 11/2026;4642;votou
2026-05-27;7091;PLP 11/2026;5718;votou
2026-05-27;7091;PLP 11/2026;22;votou
2026-05-27;7091;PLP 11/2026;5953;P-NRV
2026-05-27;7091;PLP 11/2026;5917;votou
2026-05-27;7091;PLP 11/2026;345;votou
2026-05-27;7091;PLP 11/2026;5894;NCom
2026-05-27;7091;PLP 11/2026;6008;P-NRV
2026-05-27;7091;PLP 11/2026;6341;votou
2026-05-27;7091;PLP 11/2026;6381;votou
2026-05-27;7091;PLP 11/2026;5008;votou
2026-05-27;7091;PLP 11/2026;5385;votou
2026-05-27;7091;PLP 11/2026;6010;votou
2026-05-27;7091;PLP 11/2026;4770;votou
2026-05-27;7091;PLP 11/2026;35;P-NRV
2026-05-27;7091;PLP 11/2026;6340;votou
2026-05-27;7091;PLP 11/2026;581;votou
2026-05-27;7091;PLP 11/2026;4531;votou
2026-05-27;7091;PLP 11/2026;5895;votou
2026-05-27;7091;PLP 11/2026;6369;votou
2026-05-27;7091;PLP 11/2026;4811;votou
2026-05-27;7091;PLP 11/2026;5979;votou
2026-05-27;7091;PLP 11/2026;5926;votou
2026-05-27;7091;PLP 11/2026;1186;votou
2026-05-27;7091;PLP 11/2026;631;votou
2026-05-27;7091;PLP 11/2026;5376;votou
2026-05-27;7091;PLP 11/2026;742;votou
2026-05-27;7091;PLP 11/2026;285;votou
2026-05-27;7091;PLP 11/2026;5422;votou
2026-05-27;7091;PLP 11/2026;5942;votou
2026-05-27;7091;PLP 11/2026;5985;votou
2026-05-27;7091;PLP 11/2026;5525;votou
2026-05-27;7091;PLP 11/2026;5924;votou
2026-05-27;7091;PLP 11/2026;5523;votou
2026-05-27;7091;PLP 11/2026;825;votou
2026-05-27;7091;PLP 11/2026;5502;votou
2026-05-27;7091;PLP 11/2026;5386;votou
2026-05-27;7091;PLP 11/2026;5012;votou
2026-05-27;7091;PLP 11/2026;70;AP
2026-05-27;7091;PLP 11/2026;5207;votou
2026-05-27;7091;PLP 11/2026;6025;votou
2026-05-27;7091;PLP 11/2026;5732;votou
2026-05-27;7091;PLP 11/2026;4694;P-NRV
2026-05-27;7091;PLP 11/2026;5352;votou
2026-05-27;7091;PLP 11/2026;5322;votou
2026-05-27;7091;PLP 11/2026;6331;votou
2026-05-27;7091;PLP 11/2026;5988;votou
2026-05-27;7091;PLP 11/2026;5959;votou
2026-05-27;7091;PLP 11/2026;4560;votou
2026-05-27;7091;PLP 11/2026;6338;AP
2026-05-27;7091;PLP 11/2026;5736;votou
2026-05-27;7091;PLP 11/2026;5899;votou
2026-05-27;7091;PLP 11/2026;5748;votou
2026-05-27;7091;PLP 11/2026;1173;P-NRV
2026-05-27;7091;PLP 11/2026;5411;votou
2026-05-27;7091;PLP 11/2026;5070;votou
2026-05-27;7091;PLP 11/2026;5783;votou
2026-05-27;7091;PLP 11/2026;3806;AP
2026-06-09;7092;PLP 55/2026;5672;votou
2026-06-09;7092;PLP 55/2026;5982;votou
2026-06-09;7092;PLP 55/2026;6358;AP
2026-06-09;7092;PLP 55/2026;5967;AP
2026-06-09;7092;PLP 55/2026;6009;AP
2026-06-09;7092;PLP 55/2026;4639;votou
2026-06-09;7092;PLP 55/2026;6336;votou
2026-06-09;7092;PLP 55/2026;6295;votou
2026-06-09;7092;PLP 55/2026;5936;AP
2026-06-09;7092;PLP 55/2026;5990;votou
2026-06-09;7092;PLP 55/2026;470;votou
2026-06-09;7092;PLP 55/2026;5973;votou
2026-06-09;7092;PLP 55/2026;739;votou
2026-06-09;7092;PLP 55/2026;6337;votou
2026-06-09;7092;PLP 55/2026;475;votou
2026-06-09;7092;PLP 55/2026;6335;votou
2026-06-09;7092;PLP 55/2026;5998;AP
2026-06-09;7092;PLP 55/2026;3830;Presidente (art. 51 RISF)
2026-06-09;7092;PLP 55/2026;5793;votou
2026-06-09;7092;PLP 55/2026;5906;votou
2026-06-09;7092;PLP 55/2026;4994;votou
2026-06-09;7092;PLP 55/2026;5976;votou
2026-06-09;7092;PLP 55/2026;3777;votou
2026-06-09;7092;PLP 55/2026;4642;votou
2026-06-09;7092;PLP 55/2026;5718;votou
2026-06-09;7092;PLP 55/2026;22;votou
2026-06-09;7092;PLP 55/2026;5953;votou
2026-06-09;7092;PLP 55/2026;5917;votou
2026-06-09;7092;PLP 55/2026;345;LS
2026-06-09;7092;PLP 55/2026;5894;LP
2026-06-09;7092;PLP 55/2026;6008;votou
2026-06-09;7092;PLP 55/2026;6341;votou
2026-06-09;7092;PLP 55/2026;6381;votou
2026-06-09;7092;PLP 55/2026;5008;votou
2026-06-09;7092;PLP 55/2026;5385;AP
2026-06-09;7092;PLP 55/2026;6010;votou
2026-06-09;7092;PLP 55/2026;4770;votou
2026-06-09;7092;PLP 55/2026;35;votou
2026-06-09;7092;PLP 55/2026;6340;votou
2026-06-09;7092;PLP 55/2026;581;votou
2026-06-09;7092;PLP 55/2026;4531;votou
2026-06-09;7092;PLP 55/2026;5895;LS
2026-06-09;7092;PLP 55/2026;6369;votou
2026-06-09;7092;PLP 55/2026;4811;MIS
2026-06-09;7092;PLP 55/2026;5979;votou
2026-06-09;7092;PLP 55/2026;5926;votou
2026-06-09;7092;PLP 55/2026;1186;AP
2026-06-09;7092;PLP 55/2026;631;AP
2026-06-09;7092;PLP 55/2026;5376;MIS
2026-06-09;7092;PLP 55/2026;742;votou
2026-06-09;7092;PLP 55/2026;285;votou
2026-06-09;7092;PLP 55/2026;5422;votou
2026-06-09;7092;PLP 55/2026;5942;AP
2026-06-09;7092;PLP 55/2026;5985;AP
2026-06-09;7092;PLP 55/2026;5525;votou
2026-06-09;7092;PLP 55/2026;5924;votou
2026-06-09;7092;PLP 55/2026;5523;votou
2026-06-09;7092;PLP 55/2026;825;votou
2026-06-09;7092;PLP 55/2026;5502;votou
2026-06-09;7092;PLP 55/2026;5386;votou
2026-06-09;7092;PLP 55/2026;5012;votou
2026-06-09;7092;PLP 55/2026;70;AP
2026-06-09;7092;PLP 55/2026;5207;AP
2026-06-09;7092;PLP 55/2026;6025;votou
2026-06-09;7092;PLP 55/2026;5732;votou
2026-06-09;7092;PLP 55/2026;4694;P-NRV
2026-06-09;7092;PLP 55/2026;5352;AP
2026-06-09;7092;PLP 55/2026;5322;votou
2026-06-09;7092;PLP 55/2026;6331;votou
2026-06-09;7092;PLP 55/2026;5988;AP
2026-06-09;7092;PLP 55/2026;5959;votou
2026-06-09;7092;PLP 55/2026;4560;votou
2026-06-09;7092;PLP 55/2026;6338;votou
2026-06-09;7092;PLP 55/2026;5736;AP
2026-06-09;7092;PLP 55/2026;5899;votou
2026-06-09;7092;PLP 55/2026;5748;votou
2026-06-09;7092;PLP 55/2026;1173;votou
2026-06-09;7092;PLP 55/2026;5411;votou
2026-06-09;7092;PLP 55/2026;5070;votou
2026-06-09;7092;PLP 55/2026;5783;votou
2026-06-09;7092;PLP 55/2026;3806;votou
2026-06-10;7093;OFS 4/2026;5672;votou
2026-06-10;7093;OFS 4/2026;5982;AP
2026-06-10;7093;OFS 4/2026;6358;votou
2026-06-10;7093;OFS 4/2026;5967;AP
2026-06-10;7093;OFS 4/2026;6009;AP
2026-06-10;7093;OFS 4/2026;4639;votou
2026-06-10;7093;OFS 4/2026;6336;votou
2026-06-10;7093;OFS 4/2026;6295;votou
2026-06-10;7093;OFS 4/2026;5936;votou
2026-06-10;7093;OFS 4/2026;5990;votou
2026-06-10;7093;OFS 4/2026;470;votou
2026-06-10;7093;OFS 4/2026;5973;votou
2026-06-10;7093;OFS 4/2026;739;votou
2026-06-10;7093;OFS 4/2026;6337;votou
2026-06-10;7093;OFS 4/2026;475;votou
2026-06-10;7093;OFS 4/2026;6335;votou
2026-06-10;7093;OFS 4/2026;5998;AP
2026-06-10;7093;OFS 4/2026;3830;votou
2026-06-10;7093;OFS 4/2026;5793;votou
2026-06-10;7093;OFS 4/2026;5906;votou
2026-06-10;7093;OFS 4/2026;4994;votou
2026-06-10;7093;OFS 4/2026;5976;votou
2026-06-10;7093;OFS 4/2026;3777;votou
2026-06-10;7093;OFS 4/2026;4642;votou
2026-06-10;7093;OFS 4/2026;5718;votou
2026-06-10;7093;OFS 4/2026;22;votou
2026-06-10;7093;OFS 4/2026;5953;votou
2026-06-10;7093;OFS 4/2026;5917;votou
2026-06-10;7093;OFS 4/2026;345;LS
2026-06-10;7093;OFS 4/2026;5894;votou
2026-06-10;7093;OFS 4/2026;6008;AP
2026-06-10;7093;OFS 4/2026;6341;votou
2026-06-10;7093;OFS 4/2026;6381;votou
2026-06-10;7093;OFS 4/2026;5008;votou
2026-06-10;7093;OFS 4/2026;5385;votou
2026-06-10;7093;OFS 4/2026;6010;votou
2026-06-10;7093;OFS 4/2026;4770;votou
2026-06-10;7093;OFS 4/2026;35;votou
2026-06-10;7093;OFS 4/2026;6340;votou
2026-06-10;7093;OFS 4/2026;581;votou
2026-06-10;7093;OFS 4/2026;4531;votou
2026-06-10;7093;OFS 4/2026;5895;votou
2026-06-10;7093;OFS 4/2026;6369;votou
2026-06-10;7093;OFS 4/2026;4811;MIS
2026-06-10;7093;OFS 4/2026;5979;votou
2026-06-10;7093;OFS 4/2026;5926;votou
2026-06-10;7093;OFS 4/2026;1186;votou
2026-06-10;7093;OFS 4/2026;631;votou
2026-06-10;7093;OFS 4/2026;5376;MIS
2026-06-10;7093;OFS 4/2026;742;votou
2026-06-10;7093;OFS 4/2026;285;votou
2026-06-10;7093;OFS 4/2026;5422;votou
2026-06-10;7093;OFS 4/2026;5942;AP
2026-06-10;7093;OFS 4/2026;5985;votou
2026-06-10;7093;OFS 4/2026;5525;votou
2026-06-10;7093;OFS 4/2026;5924;votou
2026-06-10;7093;OFS 4/2026;5523;votou
2026-06-10;7093;OFS 4/2026;825;votou
2026-06-10;7093;OFS 4/2026;5502;votou
2026-06-10;7093;OFS 4/2026;5386;votou
2026-06-10;7093;OFS 4/2026;5012;votou
2026-06-10;7093;OFS 4/2026;70;votou
2026-06-10;7093;OFS 4/2026;5207;AP
2026-06-10;7093;OFS 4/2026;6025;votou
2026-06-10;7093;OFS 4/2026;5732;votou
2026-06-10;7093;OFS 4/2026;4694;votou
2026-06-10;7093;OFS 4/2026;5352;votou
2026-06-10;7093;OFS 4/2026;5322;P-NRV
2026-06-10;7093;OFS 4/2026;6331;votou
2026-06-10;7093;OFS 4/2026;5988;AP
2026-06-10;7093;OFS 4/2026;5959;votou
2026-06-10;7093;OFS 4/2026;4560;votou
2026-06-10;7093;OFS 4/2026;6338;votou
2026-06-10;7093;OFS 4/2026;5736;votou
2026-06-10;7093;OFS 4/2026;5899;votou
2026-06-10;7093;OFS 4/2026;5748;votou
2026-06-10;7093;OFS 4/2026;1173;votou
2026-06-10;7093;OFS 4/2026;5411;votou
2026-06-10;7093;OFS 4/2026;5070;votou
2026-06-10;7093;OFS 4/2026;5783;votou
2026-06-10;7093;OFS 4/2026;3806;votou
2026-06-10;7094;PLP 128/2022;5672;votou
2026-06-10;7094;PLP 128/2022;5982;AP
2026-06-10;7094;PLP 128/2022;6358;votou
2026-06-10;7094;PLP 128/2022;5967;AP
2026-06-10;7094;PLP 128/2022;6009;AP
2026-06-10;7094;PLP 128/2022;4639;votou
2026-06-10;7094;PLP 128/2022;6336;votou
2026-06-10;7094;PLP 128/2022;6295;votou
2026-06-10;7094;PLP 128/2022;5936;P-NRV
2026-06-10;7094;PLP 128/2022;5990;P-NRV
2026-06-10;7094;PLP 128/2022;470;P-NRV
2026-06-10;7094;PLP 128/2022;5973;votou
2026-06-10;7094;PLP 128/2022;739;votou
2026-06-10;7094;PLP 128/2022;6337;votou
2026-06-10;7094;PLP 128/2022;475;votou
2026-06-10;7094;PLP 128/2022;6335;votou
2026-06-10;7094;PLP 128/2022;5998;AP
2026-06-10;7094;PLP 128/2022;3830;Presidente (art. 51 RISF)
2026-06-10;7094;PLP 128/2022;5793;votou
2026-06-10;7094;PLP 128/2022;5906;P-NRV
2026-06-10;7094;PLP 128/2022;4994;P-NRV
2026-06-10;7094;PLP 128/2022;5976;votou
2026-06-10;7094;PLP 128/2022;3777;votou
2026-06-10;7094;PLP 128/2022;4642;P-NRV
2026-06-10;7094;PLP 128/2022;5718;votou
2026-06-10;7094;PLP 128/2022;22;votou
2026-06-10;7094;PLP 128/2022;5953;votou
2026-06-10;7094;PLP 128/2022;5917;votou
2026-06-10;7094;PLP 128/2022;345;LS
2026-06-10;7094;PLP 128/2022;5894;P-NRV
2026-06-10;7094;PLP 128/2022;6008;AP
2026-06-10;7094;PLP 128/2022;6341;votou
2026-06-10;7094;PLP 128/2022;6381;votou
2026-06-10;7094;PLP 128/2022;5008;votou
2026-06-10;7094;PLP 128/2022;5385;P-NRV
2026-06-10;7094;PLP 128/2022;6010;votou
2026-06-10;7094;PLP 128/2022;4770;votou
2026-06-10;7094;PLP 128/2022;35;votou
2026-06-10;7094;PLP 128/2022;6340;votou
2026-06-10;7094;PLP 128/2022;581;votou
2026-06-10;7094;PLP 128/2022;4531;votou
2026-06-10;7094;PLP 128/2022;5895;votou
2026-06-10;7094;PLP 128/2022;6369;votou
2026-06-10;7094;PLP 128/2022;4811;MIS
2026-06-10;7094;PLP 128/2022;5979;votou
2026-06-10;7094;PLP 128/2022;5926;votou
2026-06-10;7094;PLP 128/2022;1186;votou
2026-06-10;7094;PLP 128/2022;631;P-NRV
2026-06-10;7094;PLP 128/2022;5376;MIS
2026-06-10;7094;PLP 128/2022;742;votou
2026-06-10;7094;PLP 128/2022;285;votou
2026-06-10;7094;PLP 128/2022;5422;votou
2026-06-10;7094;PLP 128/2022;5942;AP
2026-06-10;7094;PLP 128/2022;5985;votou
2026-06-10;7094;PLP 128/2022;5525;votou
2026-06-10;7094;PLP 128/2022;5924;P-NRV
2026-06-10;7094;PLP 128/2022;5523;votou
2026-06-10;7094;PLP 128/2022;825;votou
2026-06-10;7094;PLP 128/2022;5502;votou
2026-06-10;7094;PLP 128/2022;5386;votou
2026-06-10;7094;PLP 128/2022;5012;votou
2026-06-10;7094;PLP 128/2022;70;P-NRV
2026-06-10;7094;PLP 128/2022;5207;AP
2026-06-10;7094;PLP 128/2022;6025;votou
2026-06-10;7094;PLP 128/2022;5732;P-NRV
2026-06-10;7094;PLP 128/2022;4694;P-NRV
2026-06-10;7094;PLP 128/2022;5352;votou
2026-06-10;7094;PLP 128/2022;5322;votou
2026-06-10;7094;PLP 128/2022;6331;votou
2026-06-10;7094;PLP 128/2022;5988;AP
2026-06-10;7094;PLP 128/2022;5959;votou
2026-06-10;7094;PLP 128/2022;4560;votou
2026-06-10;7094;PLP 128/2022;6338;votou
2026-06-10;7094;PLP 128/2022;5736;votou
2026-06-10;7094;PLP 128/2022;5899;votou
2026-06-10;7094;PLP 128/2022;5748;P-NRV
2026-06-10;7094;PLP 128/2022;1173;votou
2026-06-10;7094;PLP 128/2022;5411;votou
2026-06-10;7094;PLP 128/2022;5070;votou
2026-06-10;7094;PLP 128/2022;5783;P-NRV
2026-06-10;7094;PLP 128/2022;3806;votou
2026-06-16;7095;PLP 73/2025;5672;votou
2026-06-16;7095;PLP 73/2025;5982;votou
2026-06-16;7095;PLP 73/2025;6358;AP
2026-06-16;7095;PLP 73/2025;5967;votou
2026-06-16;7095;PLP 73/2025;6009;votou
2026-06-16;7095;PLP 73/2025;4639;votou
2026-06-16;7095;PLP 73/2025;6336;votou
2026-06-16;7095;PLP 73/2025;6295;votou
2026-06-16;7095;PLP 73/2025;5936;votou
2026-06-16;7095;PLP 73/2025;5990;votou
2026-06-16;7095;PLP 73/2025;470;votou
2026-06-16;7095;PLP 73/2025;5973;votou
2026-06-16;7095;PLP 73/2025;739;votou
2026-06-16;7095;PLP 73/2025;6337;votou
2026-06-16;7095;PLP 73/2025;475;votou
2026-06-16;7095;PLP 73/2025;6335;votou
2026-06-16;7095;PLP 73/2025;5998;votou
2026-06-16;7095;PLP 73/2025;3830;Presidente (art. 51 RISF)
2026-06-16;7095;PLP 73/2025;5793;votou
2026-06-16;7095;PLP 73/2025;5906;votou
2026-06-16;7095;PLP 73/2025;4994;AP
2026-06-16;7095;PLP 73/2025;5976;votou
2026-06-16;7095;PLP 73/2025;3777;P-NRV
2026-06-16;7095;PLP 73/2025;4642;votou
2026-06-16;7095;PLP 73/2025;5718;votou
2026-06-16;7095;PLP 73/2025;22;votou
2026-06-16;7095;PLP 73/2025;5953;votou
2026-06-16;7095;PLP 73/2025;5917;votou
2026-06-16;7095;PLP 73/2025;345;votou
2026-06-16;7095;PLP 73/2025;5894;votou
2026-06-16;7095;PLP 73/2025;6008;votou
2026-06-16;7095;PLP 73/2025;6341;votou
2026-06-16;7095;PLP 73/2025;6381;votou
2026-06-16;7095;PLP 73/2025;5008;votou
2026-06-16;7095;PLP 73/2025;5385;votou
2026-06-16;7095;PLP 73/2025;6010;votou
2026-06-16;7095;PLP 73/2025;4770;votou
2026-06-16;7095;PLP 73/2025;35;votou
2026-06-16;7095;PLP 73/2025;6340;votou
2026-06-16;7095;PLP 73/2025;581;votou
2026-06-16;7095;PLP 73/2025;4531;votou
2026-06-16;7095;PLP 73/2025;5895;P-NRV
2026-06-16;7095;PLP 73/2025;6369;votou
2026-06-16;7095;PLP 73/2025;4811;votou
2026-06-16;7095;PLP 73/2025;5979;votou
2026-06-16;7095;PLP 73/2025;5926;votou
2026-06-16;7095;PLP 73/2025;1186;votou
2026-06-16;7095;PLP 73/2025;631;votou
2026-06-16;7095;PLP 73/2025;5376;votou
2026-06-16;7095;PLP 73/2025;742;votou
2026-06-16;7095;PLP 73/2025;285;LAP
2026-06-16;7095;PLP 73/2025;5422;votou
2026-06-16;7095;PLP 73/2025;5942;votou
2026-06-16;7095;PLP 73/2025;5985;votou
2026-06-16;7095;PLP 73/2025;5525;P-NRV
2026-06-16;7095;PLP 73/2025;5924;votou
2026-06-16;7095;PLP 73/2025;5523;votou
2026-06-16;7095;PLP 73/2025;825;votou
2026-06-16;7095;PLP 73/2025;5502;votou
2026-06-16;7095;PLP 73/2025;5386;votou
2026-06-16;7095;PLP 73/2025;5012;P-NRV
2026-06-16;7095;PLP 73/2025;70;AP
2026-06-16;7095;PLP 73/2025;5207;AP
2026-06-16;7095;PLP 73/2025;6025;votou
2026-06-16;7095;PLP 73/2025;5732;votou
2026-06-16;7095;PLP 73/2025;4694;P-NRV
2026-06-16;7095;PLP 73/2025;5352;votou
2026-06-16;7095;PLP 73/2025;5322;votou
2026-06-16;7095;PLP 73/2025;6331;votou
2026-06-16;7095;PLP 73/2025;5988;votou
2026-06-16;7095;PLP 73/2025;5959;votou
2026-06-16;7095;PLP 73/2025;4560;votou
2026-06-16;7095;PLP 73/2025;6338;votou
2026-06-16;7095;PLP 73/2025;5736;votou
2026-06-16;7095;PLP 73/2025;5899;votou
2026-06-16;7095;PLP 73/2025;5748;votou
2026-06-16;7095;PLP 73/2025;1173;votou
2026-06-16;7095;PLP 73/2025;5411;votou
2026-06-16;7095;PLP 73/2025;5070;votou
2026-06-16;7095;PLP 73/2025;5783;votou
2026-06-16;7095;PLP 73/2025;3806;LS
2026-07-14;7096;PEC 14/2021;5672;votou
2026-07-14;7096;PEC 14/2021;5982;votou
2026-07-14;7096;PEC 14/2021;6358;votou
2026-07-14;7096;PEC 14/2021;5967;votou
2026-07-14;7096;PEC 14/2021;6009;votou
2026-07-14;7096;PEC 14/2021;4639;votou
2026-07-14;7096;PEC 14/2021;6336;votou
2026-07-14;7096;PEC 14/2021;6295;votou
2026-07-14;7096;PEC 14/2021;5936;votou
2026-07-14;7096;PEC 14/2021;5990;votou
2026-07-14;7096;PEC 14/2021;470;votou
2026-07-14;7096;PEC 14/2021;5973;votou
2026-07-14;7096;PEC 14/2021;739;votou
2026-07-14;7096;PEC 14/2021;6337;votou
2026-07-14;7096;PEC 14/2021;475;votou
2026-07-14;7096;PEC 14/2021;6335;votou
2026-07-14;7096;PEC 14/2021;5998;AP
2026-07-14;7096;PEC 14/2021;3830;Presidente (art. 51 RISF)
2026-07-14;7096;PEC 14/2021;5793;votou
2026-07-14;7096;PEC 14/2021;5906;votou
2026-07-14;7096;PEC 14/2021;4994;votou
2026-07-14;7096;PEC 14/2021;5976;votou
2026-07-14;7096;PEC 14/2021;3777;votou
2026-07-14;7096;PEC 14/2021;4642;votou
2026-07-14;7096;PEC 14/2021;5718;votou
2026-07-14;7096;PEC 14/2021;22;votou
2026-07-14;7096;PEC 14/2021;5953;votou
2026-07-14;7096;PEC 14/2021;5917;votou
2026-07-14;7096;PEC 14/2021;345;votou
2026-07-14;7096;PEC 14/2021;5894;AP
2026-07-14;7096;PEC 14/2021;6008;votou
2026-07-14;7096;PEC 14/2021;6341;votou
2026-07-14;7096;PEC 14/2021;6381;votou
2026-07-14;7096;PEC 14/2021;5008;votou
2026-07-14;7096;PEC 14/2021;5385;votou
2026-07-14;7096;PEC 14/2021;6010;votou
2026-07-14;7096;PEC 14/2021;4770;votou
2026-07-14;7096;PEC 14/2021;35;votou
2026-07-14;7096;PEC 14/2021;6340;votou
2026-07-14;7096;PEC 14/2021;581;votou
2026-07-14;7096;PEC 14/2021;4531;votou
2026-07-14;7096;PEC 14/2021;5895;votou
2026-07-14;7096;PEC 14/2021;6369;votou
2026-07-14;7096;PEC 14/2021;4811;votou
2026-07-14;7096;PEC 14/2021;5979;votou
2026-07-14;7096;PEC 14/2021;5926;votou
2026-07-14;7096;PEC 14/2021;1186;votou
2026-07-14;7096;PEC 14/2021;631;votou
2026-07-14;7096;PEC 14/2021;5376;votou
2026-07-14;7096;PEC 14/2021;742;votou
2026-07-14;7096;PEC 14/2021;285;votou
2026-07-14;7096;PEC 14/2021;5422;votou
2026-07-14;7096;PEC 14/2021;5942;P-NRV
2026-07-14;7096;PEC 14/2021;5985;votou
2026-07-14;7096;PEC 14/2021;5525;votou
2026-07-14;7096;PEC 14/2021;5924;votou
2026-07-14;7096;PEC 14/2021;5523;votou
2026-07-14;7096;PEC 14/2021;825;votou
2026-07-14;7096;PEC 14/2021;5502;votou
2026-07-14;7096;PEC 14/2021;5386;votou
2026-07-14;7096;PEC 14/2021;5012;votou
2026-07-14;7096;PEC 14/2021;70;votou
2026-07-14;7096;PEC 14/2021;5207;votou
2026-07-14;7096;PEC 14/2021;6025;votou
2026-07-14;7096;PEC 14/2021;5732;votou
2026-07-14;7096;PEC 14/2021;4694;AP
2026-07-14;7096;PEC 14/2021;5352;votou
2026-07-14;7096;PEC 14/2021;5322;votou
2026-07-14;7096;PEC 14/2021;6331;votou
2026-07-14;7096;PEC 14/2021;5988;votou
2026-07-14;7096;PEC 14/2021;5959;votou
2026-07-14;7096;PEC 14/2021;4560;votou
2026-07-14;7096;PEC 14/2021;6338;P-NRV
2026-07-14;7096;PEC 14/2021;5736;votou
2026-07-14;7096;PEC 14/2021;5899;votou
2026-07-14;7096;PEC 14/2021;5748;votou
2026-07-14;7096;PEC 14/2021;1173;votou
2026-07-14;7096;PEC 14/2021;5411;votou
2026-07-14;7096;PEC 14/2021;5070;votou
2026-07-14;7096;PEC 14/2021;5783;votou
2026-07-14;7096;PEC 14/2021;3806;votou
2026-07-14;7097;PEC 14/2021;5672;votou
2026-07-14;7097;PEC 14/2021;5982;votou
2026-07-14;7097;PEC 14/2021;6358;votou
2026-07-14;7097;PEC 14/2021;5967;votou
2026-07-14;7097;PEC 14/2021;6009;votou
2026-07-14;7097;PEC 14/2021;4639;votou
2026-07-14;7097;PEC 14/2021;6336;votou
2026-07-14;7097;PEC 14/2021;6295;votou
2026-07-14;7097;PEC 14/2021;5936;votou
2026-07-14;7097;PEC 14/2021;5990;votou
2026-07-14;7097;PEC 14/2021;470;votou
2026-07-14;7097;PEC 14/2021;5973;votou
2026-07-14;7097;PEC 14/2021;739;votou
2026-07-14;7097;PEC 14/2021;6337;votou
2026-07-14;7097;PEC 14/2021;475;votou
2026-07-14;7097;PEC 14/2021;6335;votou
2026-07-14;7097;PEC 14/2021;5998;AP
2026-07-14;7097;PEC 14/2021;3830;Presidente (art. 51 RISF)
2026-07-14;7097;PEC 14/2021;5793;votou
2026-07-14;7097;PEC 14/2021;5906;votou
2026-07-14;7097;PEC 14/2021;4994;votou
2026-07-14;7097;PEC 14/2021;5976;votou
2026-07-14;7097;PEC 14/2021;3777;votou
2026-07-14;7097;PEC 14/2021;4642;votou
2026-07-14;7097;PEC 14/2021;5718;votou
2026-07-14;7097;PEC 14/2021;22;votou
2026-07-14;7097;PEC 14/2021;5953;votou
2026-07-14;7097;PEC 14/2021;5917;votou
2026-07-14;7097;PEC 14/2021;345;votou
2026-07-14;7097;PEC 14/2021;5894;AP
2026-07-14;7097;PEC 14/2021;6008;votou
2026-07-14;7097;PEC 14/2021;6341;votou
2026-07-14;7097;PEC 14/2021;6381;votou
2026-07-14;7097;PEC 14/2021;5008;votou
2026-07-14;7097;PEC 14/2021;5385;votou
2026-07-14;7097;PEC 14/2021;6010;votou
2026-07-14;7097;PEC 14/2021;4770;P-NRV
2026-07-14;7097;PEC 14/2021;35;votou
2026-07-14;7097;PEC 14/2021;6340;votou
2026-07-14;7097;PEC 14/2021;581;votou
2026-07-14;7097;PEC 14/2021;4531;votou
2026-07-14;7097;PEC 14/2021;5895;votou
2026-07-14;7097;PEC 14/2021;6369;votou
2026-07-14;7097;PEC 14/2021;4811;votou
2026-07-14;7097;PEC 14/2021;5979;votou
2026-07-14;7097;PEC 14/2021;5926;votou
2026-07-14;7097;PEC 14/2021;1186;votou
2026-07-14;7097;PEC 14/2021;631;votou
2026-07-14;7097;PEC 14/2021;5376;votou
2026-07-14;7097;PEC 14/2021;742;votou
2026-07-14;7097;PEC 14/2021;285;votou
2026-07-14;7097;PEC 14/2021;5422;votou
2026-07-14;7097;PEC 14/2021;5942;votou
2026-07-14;7097;PEC 14/2021;5985;votou
2026-07-14;7097;PEC 14/2021;5525;votou
2026-07-14;7097;PEC 14/2021;5924;votou
2026-07-14;7097;PEC 14/2021;5523;votou
2026-07-14;7097;PEC 14/2021;825;votou
2026-07-14;7097;PEC 14/2021;5502;votou
2026-07-14;7097;PEC 14/2021;5386;votou
2026-07-14;7097;PEC 14/2021;5012;votou
2026-07-14;7097;PEC 14/2021;70;votou
2026-07-14;7097;PEC 14/2021;5207;votou
2026-07-14;7097;PEC 14/2021;6025;votou
2026-07-14;7097;PEC 14/2021;5732;votou
2026-07-14;7097;PEC 14/2021;4694;AP
2026-07-14;7097;PEC 14/2021;5352;votou
2026-07-14;7097;PEC 14/2021;5322;votou
2026-07-14;7097;PEC 14/2021;6331;votou
2026-07-14;7097;PEC 14/2021;5988;votou
2026-07-14;7097;PEC 14/2021;5959;votou
2026-07-14;7097;PEC 14/2021;4560;votou
2026-07-14;7097;PEC 14/2021;6338;P-NRV
2026-07-14;7097;PEC 14/2021;5736;votou
2026-07-14;7097;PEC 14/2021;5899;votou
2026-07-14;7097;PEC 14/2021;5748;votou
2026-07-14;7097;PEC 14/2021;1173;votou
2026-07-14;7097;PEC 14/2021;5411;votou
2026-07-14;7097;PEC 14/2021;5070;votou
2026-07-14;7097;PEC 14/2021;5783;votou
2026-07-14;7097;PEC 14/2021;3806;votou
2026-07-15;7098;PLP 18/2021;5672;votou
2026-07-15;7098;PLP 18/2021;5982;votou
2026-07-15;7098;PLP 18/2021;6358;P-NRV
2026-07-15;7098;PLP 18/2021;5967;votou
2026-07-15;7098;PLP 18/2021;6009;votou
2026-07-15;7098;PLP 18/2021;4639;votou
2026-07-15;7098;PLP 18/2021;6336;P-NRV
2026-07-15;7098;PLP 18/2021;6295;votou
2026-07-15;7098;PLP 18/2021;5936;votou
2026-07-15;7098;PLP 18/2021;5990;votou
2026-07-15;7098;PLP 18/2021;470;votou
2026-07-15;7098;PLP 18/2021;5973;votou
2026-07-15;7098;PLP 18/2021;739;votou
2026-07-15;7098;PLP 18/2021;6337;votou
2026-07-15;7098;PLP 18/2021;475;votou
2026-07-15;7098;PLP 18/2021;6335;votou
2026-07-15;7098;PLP 18/2021;5998;AP
2026-07-15;7098;PLP 18/2021;3830;Presidente (art. 51 RISF)
2026-07-15;7098;PLP 18/2021;5793;votou
2026-07-15;7098;PLP 18/2021;5906;votou
2026-07-15;7098;PLP 18/2021;4994;votou
2026-07-15;7098;PLP 18/2021;5976;votou
2026-07-15;7098;PLP 18/2021;3777;votou
2026-07-15;7098;PLP 18/2021;4642;votou
2026-07-15;7098;PLP 18/2021;5718;P-NRV
2026-07-15;7098;PLP 18/2021;22;votou
2026-07-15;7098;PLP 18/2021;5953;votou
2026-07-15;7098;PLP 18/2021;5917;votou
2026-07-15;7098;PLP 18/2021;345;votou
2026-07-15;7098;PLP 18/2021;5894;P-NRV
2026-07-15;7098;PLP 18/2021;6008;votou
2026-07-15;7098;PLP 18/2021;6341;votou
2026-07-15;7098;PLP 18/2021;6381;votou
2026-07-15;7098;PLP 18/2021;5008;votou
2026-07-15;7098;PLP 18/2021;5385;votou
2026-07-15;7098;PLP 18/2021;6010;votou
2026-07-15;7098;PLP 18/2021;4770;votou
2026-07-15;7098;PLP 18/2021;35;votou
2026-07-15;7098;PLP 18/2021;6340;votou
2026-07-15;7098;PLP 18/2021;581;votou
2026-07-15;7098;PLP 18/2021;4531;votou
2026-07-15;7098;PLP 18/2021;5895;votou
2026-07-15;7098;PLP 18/2021;6369;votou
2026-07-15;7098;PLP 18/2021;4811;votou
2026-07-15;7098;PLP 18/2021;5979;votou
2026-07-15;7098;PLP 18/2021;5926;votou
2026-07-15;7098;PLP 18/2021;1186;votou
2026-07-15;7098;PLP 18/2021;631;P-NRV
2026-07-15;7098;PLP 18/2021;5376;votou
2026-07-15;7098;PLP 18/2021;742;votou
2026-07-15;7098;PLP 18/2021;285;votou
2026-07-15;7098;PLP 18/2021;5422;votou
2026-07-15;7098;PLP 18/2021;5942;votou
2026-07-15;7098;PLP 18/2021;5985;votou
2026-07-15;7098;PLP 18/2021;5525;votou
2026-07-15;7098;PLP 18/2021;5924;votou
2026-07-15;7098;PLP 18/2021;5523;P-NRV
2026-07-15;7098;PLP 18/2021;825;votou
2026-07-15;7098;PLP 18/2021;5502;votou
2026-07-15;7098;PLP 18/2021;5386;votou
2026-07-15;7098;PLP 18/2021;5012;P-NRV
2026-07-15;7098;PLP 18/2021;70;AP
2026-07-15;7098;PLP 18/2021;5207;AP
2026-07-15;7098;PLP 18/2021;6025;votou
2026-07-15;7098;PLP 18/2021;5732;votou
2026-07-15;7098;PLP 18/2021;4694;AP
2026-07-15;7098;PLP 18/2021;5352;votou
2026-07-15;7098;PLP 18/2021;5322;votou
2026-07-15;7098;PLP 18/2021;6331;votou
2026-07-15;7098;PLP 18/2021;5988;votou
2026-07-15;7098;PLP 18/2021;5959;votou
2026-07-15;7098;PLP 18/2021;4560;P-NRV
2026-07-15;7098;PLP 18/2021;6338;votou
2026-07-15;7098;PLP 18/2021;5736;votou
2026-07-15;7098;PLP 18/2021;5899;votou
2026-07-15;7098;PLP 18/2021;5748;votou
2026-07-15;7098;PLP 18/2021;1173;votou
2026-07-15;7098;PLP 18/2021;5411;votou
2026-07-15;7098;PLP 18/2021;5070;votou
2026-07-15;7098;PLP 18/2021;5783;votou
2026-07-15;7098;PLP 18/2021;3806;AP
2026-07-15;7099;PLP 18/2021;5672;votou
2026-07-15;7099;PLP 18/2021;5982;votou
2026-07-15;7099;PLP 18/2021;6358;votou
2026-07-15;7099;PLP 18/2021;5967;P-NRV
2026-07-15;7099;PLP 18/2021;6009;votou
2026-07-15;7099;PLP 18/2021;4639;votou
2026-07-15;7099;PLP 18/2021;6336;P-NRV
2026-07-15;7099;PLP 18/2021;6295;votou
2026-07-15;7099;PLP 18/2021;5936;votou
2026-07-15;7099;PLP 18/2021;5990;votou
2026-07-15;7099;PLP 18/2021;470;votou
2026-07-15;7099;PLP 18/2021;5973;P-NRV
2026-07-15;7099;PLP 18/2021;739;votou
2026-07-15;7099;PLP 18/2021;6337;votou
2026-07-15;7099;PLP 18/2021;475;votou
2026-07-15;7099;PLP 18/2021;6335;P-NRV
2026-07-15;7099;PLP 18/2021;5998;AP
2026-07-15;7099;PLP 18/2021;3830;Presidente (art. 51 RISF)
2026-07-15;7099;PLP 18/2021;5793;votou
2026-07-15;7099;PLP 18/2021;5906;votou
2026-07-15;7099;PLP 18/2021;4994;votou
2026-07-15;7099;PLP 18/2021;5976;votou
2026-07-15;7099;PLP 18/2021;3777;votou
2026-07-15;7099;PLP 18/2021;4642;P-NRV
2026-07-15;7099;PLP 18/2021;5718;P-NRV
2026-07-15;7099;PLP 18/2021;22;votou
2026-07-15;7099;PLP 18/2021;5953;votou
2026-07-15;7099;PLP 18/2021;5917;votou
2026-07-15;7099;PLP 18/2021;345;votou
2026-07-15;7099;PLP 18/2021;5894;P-NRV
2026-07-15;7099;PLP 18/2021;6008;P-NRV
2026-07-15;7099;PLP 18/2021;6341;votou
2026-07-15;7099;PLP 18/2021;6381;votou
2026-07-15;7099;PLP 18/2021;5008;votou
2026-07-15;7099;PLP 18/2021;5385;P-NRV
2026-07-15;7099;PLP 18/2021;6010;votou
2026-07-15;7099;PLP 18/2021;4770;votou
2026-07-15;7099;PLP 18/2021;35;votou
2026-07-15;7099;PLP 18/2021;6340;votou
2026-07-15;7099;PLP 18/2021;581;votou
2026-07-15;7099;PLP 18/2021;4531;votou
2026-07-15;7099;PLP 18/2021;5895;votou
2026-07-15;7099;PLP 18/2021;6369;votou
2026-07-15;7099;PLP 18/2021;4811;votou
2026-07-15;7099;PLP 18/2021;5979;votou
2026-07-15;7099;PLP 18/2021;5926;votou
2026-07-15;7099;PLP 18/2021;1186;votou
2026-07-15;7099;PLP 18/2021;631;P-NRV
2026-07-15;7099;PLP 18/2021;5376;votou
2026-07-15;7099;PLP 18/2021;742;votou
2026-07-15;7099;PLP 18/2021;285;P-NRV
2026-07-15;7099;PLP 18/2021;5422;votou
2026-07-15;7099;PLP 18/2021;5942;P-NRV
2026-07-15;7099;PLP 18/2021;5985;votou
2026-07-15;7099;PLP 18/2021;5525;votou
2026-07-15;7099;PLP 18/2021;5924;votou
2026-07-15;7099;PLP 18/2021;5523;votou
2026-07-15;7099;PLP 18/2021;825;votou
2026-07-15;7099;PLP 18/2021;5502;votou
2026-07-15;7099;PLP 18/2021;5386;votou
2026-07-15;7099;PLP 18/2021;5012;P-NRV
2026-07-15;7099;PLP 18/2021;70;AP
2026-07-15;7099;PLP 18/2021;5207;AP
2026-07-15;7099;PLP 18/2021;6025;P-NRV
2026-07-15;7099;PLP 18/2021;5732;P-NRV
2026-07-15;7099;PLP 18/2021;4694;AP
2026-07-15;7099;PLP 18/2021;5352;votou
2026-07-15;7099;PLP 18/2021;5322;votou
2026-07-15;7099;PLP 18/2021;6331;votou
2026-07-15;7099;PLP 18/2021;5988;votou
2026-07-15;7099;PLP 18/2021;5959;votou
2026-07-15;7099;PLP 18/2021;4560;votou
2026-07-15;7099;PLP 18/2021;6338;votou
2026-07-15;7099;PLP 18/2021;5736;votou
2026-07-15;7099;PLP 18/2021;5899;votou
2026-07-15;7099;PLP 18/2021;5748;votou
2026-07-15;7099;PLP 18/2021;1173;votou
2026-07-15;7099;PLP 18/2021;5411;votou
2026-07-15;7099;PLP 18/2021;5070;P-NRV
2026-07-15;7099;PLP 18/2021;5783;P-NRV
2026-07-15;7099;PLP 18/2021;3806;AP
2026-07-15;7100;PLP 18/2021;5672;votou
2026-07-15;7100;PLP 18/2021;5982;votou
2026-07-15;7100;PLP 18/2021;6358;P-NRV
2026-07-15;7100;PLP 18/2021;5967;votou
2026-07-15;7100;PLP 18/2021;6009;votou
2026-07-15;7100;PLP 18/2021;4639;votou
2026-07-15;7100;PLP 18/2021;6336;votou
2026-07-15;7100;PLP 18/2021;6295;votou
2026-07-15;7100;PLP 18/2021;5936;votou
2026-07-15;7100;PLP 18/2021;5990;P-NRV
2026-07-15;7100;PLP 18/2021;470;votou
2026-07-15;7100;PLP 18/2021;5973;P-NRV
2026-07-15;7100;PLP 18/2021;739;votou
2026-07-15;7100;PLP 18/2021;6337;votou
2026-07-15;7100;PLP 18/2021;475;P-NRV
2026-07-15;7100;PLP 18/2021;6335;P-NRV
2026-07-15;7100;PLP 18/2021;5998;AP
2026-07-15;7100;PLP 18/2021;3830;Presidente (art. 51 RISF)
2026-07-15;7100;PLP 18/2021;5793;P-NRV
2026-07-15;7100;PLP 18/2021;5906;votou
2026-07-15;7100;PLP 18/2021;4994;votou
2026-07-15;7100;PLP 18/2021;5976;votou
2026-07-15;7100;PLP 18/2021;3777;votou
2026-07-15;7100;PLP 18/2021;4642;P-NRV
2026-07-15;7100;PLP 18/2021;5718;P-NRV
2026-07-15;7100;PLP 18/2021;22;votou
2026-07-15;7100;PLP 18/2021;5953;P-NRV
2026-07-15;7100;PLP 18/2021;5917;votou
2026-07-15;7100;PLP 18/2021;345;votou
2026-07-15;7100;PLP 18/2021;5894;P-NRV
2026-07-15;7100;PLP 18/2021;6008;P-NRV
2026-07-15;7100;PLP 18/2021;6341;votou
2026-07-15;7100;PLP 18/2021;6381;votou
2026-07-15;7100;PLP 18/2021;5008;votou
2026-07-15;7100;PLP 18/2021;5385;P-NRV
2026-07-15;7100;PLP 18/2021;6010;votou
2026-07-15;7100;PLP 18/2021;4770;votou
2026-07-15;7100;PLP 18/2021;35;votou
2026-07-15;7100;PLP 18/2021;6340;P-NRV
2026-07-15;7100;PLP 18/2021;581;votou
2026-07-15;7100;PLP 18/2021;4531;votou
2026-07-15;7100;PLP 18/2021;5895;P-NRV
2026-07-15;7100;PLP 18/2021;6369;votou
2026-07-15;7100;PLP 18/2021;4811;votou
2026-07-15;7100;PLP 18/2021;5979;votou
2026-07-15;7100;PLP 18/2021;5926;votou
2026-07-15;7100;PLP 18/2021;1186;votou
2026-07-15;7100;PLP 18/2021;631;P-NRV
2026-07-15;7100;PLP 18/2021;5376;votou
2026-07-15;7100;PLP 18/2021;742;votou
2026-07-15;7100;PLP 18/2021;285;votou
2026-07-15;7100;PLP 18/2021;5422;votou
2026-07-15;7100;PLP 18/2021;5942;votou
2026-07-15;7100;PLP 18/2021;5985;votou
2026-07-15;7100;PLP 18/2021;5525;P-NRV
2026-07-15;7100;PLP 18/2021;5924;votou
2026-07-15;7100;PLP 18/2021;5523;votou
2026-07-15;7100;PLP 18/2021;825;votou
2026-07-15;7100;PLP 18/2021;5502;votou
2026-07-15;7100;PLP 18/2021;5386;votou
2026-07-15;7100;PLP 18/2021;5012;P-NRV
2026-07-15;7100;PLP 18/2021;70;AP
2026-07-15;7100;PLP 18/2021;5207;AP
2026-07-15;7100;PLP 18/2021;6025;P-NRV
2026-07-15;7100;PLP 18/2021;5732;P-NRV
2026-07-15;7100;PLP 18/2021;4694;AP
2026-07-15;7100;PLP 18/2021;5352;votou
2026-07-15;7100;PLP 18/2021;5322;votou
2026-07-15;7100;PLP 18/2021;6331;votou
2026-07-15;7100;PLP 18/2021;5988;votou
2026-07-15;7100;PLP 18/2021;5959;P-NRV
2026-07-15;7100;PLP 18/2021;4560;P-NRV
2026-07-15;7100;PLP 18/2021;6338;votou
2026-07-15;7100;PLP 18/2021;5736;votou
2026-07-15;7100;PLP 18/2021;5899;votou
2026-07-15;7100;PLP 18/2021;5748;P-NRV
2026-07-15;7100;PLP 18/2021;1173;votou
2026-07-15;7100;PLP 18/2021;5411;votou
2026-07-15;7100;PLP 18/2021;5070;P-NRV
2026-07-15;7100;PLP 18/2021;5783;P-NRV
2026-07-15;7100;PLP 18/2021;3806;AP
2026-08-12;7101;PLP 124/2022 (Substitutivo-CD);5672;votou
2026-08-12;7101;PLP 124/2022 (Substitutivo-CD);5982;votou
2026-08-12;7101;PLP 124/2022 (Substitutivo-CD);5967;votou
2026-08-12;7101;PLP 124/2022 (Substitutivo-CD);6009;votou
2026-08-12;7101;PLP 124/2022 (Substitutivo-CD);4639;votou
2026-08-12;7101;PLP 124/2022 (Substitutivo-CD);6336;votou
2026-08-12;7101;PLP 124/2022 (Substitutivo-CD);6295;votou
2026-08-12;7101;PLP 124/2022 (Substitutivo-CD);5936;P-NRV
2026-08-12;7101;PLP 124/2022 (Substitutivo-CD);5990;votou
2026-08-12;7101;PLP 124/2022 (Substitutivo-CD);470;votou
2026-08-12;7101;PLP 124/2022 (Substitutivo-CD);5973;P-NRV
2026-08-12;7101;PLP 124/2022 (Substitutivo-CD);739;votou
2026-08-12;7101;PLP 124/2022 (Substitutivo-CD);6337;votou
2026-08-12;7101;PLP 124/2022 (Substitutivo-CD);475;votou
2026-08-12;7101;PLP 124/2022 (Substitutivo-CD);6335;votou
2026-08-12;7101;PLP 124/2022 (Substitutivo-CD);5998;P-NRV
2026-08-12;7101;PLP 124/2022 (Substitutivo-CD);3830;Presidente (art. 51 RISF)
2026-08-12;7101;PLP 124/2022 (Substitutivo-CD);5793;votou
2026-08-12;7101;PLP 124/2022 (Substitutivo-CD);5906;votou
2026-08-12;7101;PLP 124/2022 (Substitutivo-CD);4994;votou
2026-08-12;7101;PLP 124/2022 (Substitutivo-CD);3777;votou
2026-08-12;7101;PLP 124/2022 (Substitutivo-CD);4642;votou
2026-08-12;7101;PLP 124/2022 (Substitutivo-CD);5718;votou
2026-08-12;7101;PLP 124/2022 (Substitutivo-CD);22;votou
2026-08-12;7101;PLP 124/2022 (Substitutivo-CD);5953;votou
2026-08-12;7101;PLP 124/2022 (Substitutivo-CD);5917;votou
2026-08-12;7101;PLP 124/2022 (Substitutivo-CD);345;votou
2026-08-12;7101;PLP 124/2022 (Substitutivo-CD);5894;votou
2026-08-12;7101;PLP 124/2022 (Substitutivo-CD);6008;P-NRV
2026-08-12;7101;PLP 124/2022 (Substitutivo-CD);6341;votou
2026-08-12;7101;PLP 124/2022 (Substitutivo-CD);6381;votou
2026-08-12;7101;PLP 124/2022 (Substitutivo-CD);5008;votou
2026-08-12;7101;PLP 124/2022 (Substitutivo-CD);5385;votou
2026-08-12;7101;PLP 124/2022 (Substitutivo-CD);6010;votou
2026-08-12;7101;PLP 124/2022 (Substitutivo-CD);4770;votou
2026-08-12;7101;PLP 124/2022 (Substitutivo-CD);35;votou
2026-08-12;7101;PLP 124/2022 (Substitutivo-CD);6340;votou
2026-08-12;7101;PLP 124/2022 (Substitutivo-CD);581;votou
2026-08-12;7101;PLP 124/2022 (Substitutivo-CD);4531;votou
2026-08-12;7101;PLP 124/2022 (Substitutivo-CD);5895;votou
2026-08-12;7101;PLP 124/2022 (Substitutivo-CD);6369;votou
2026-08-12;7101;PLP 124/2022 (Substitutivo-CD);4811;votou
2026-08-12;7101;PLP 124/2022 (Substitutivo-CD);5979;votou
2026-08-12;7101;PLP 124/2022 (Substitutivo-CD);6359;votou
2026-08-12;7101;PLP 124/2022 (Substitutivo-CD);5926;votou
2026-08-12;7101;PLP 124/2022 (Substitutivo-CD);1186;votou
2026-08-12;7101;PLP 124/2022 (Substitutivo-CD);631;votou
2026-08-12;7101;PLP 124/2022 (Substitutivo-CD);5376;votou
2026-08-12;7101;PLP 124/2022 (Substitutivo-CD);742;P-NRV
2026-08-12;7101;PLP 124/2022 (Substitutivo-CD);285;votou
2026-08-12;7101;PLP 124/2022 (Substitutivo-CD);5422;P-NRV
2026-08-12;7101;PLP 124/2022 (Substitutivo-CD);5942;votou
2026-08-12;7101;PLP 124/2022 (Substitutivo-CD);5985;P-NRV
2026-08-12;7101;PLP 124/2022 (Substitutivo-CD);5525;votou
2026-08-12;7101;PLP 124/2022 (Substitutivo-CD);5924;votou
2026-08-12;7101;PLP 124/2022 (Substitutivo-CD);5523;votou
2026-08-12;7101;PLP 124/2022 (Substitutivo-CD);825;votou
2026-08-12;7101;PLP 124/2022 (Substitutivo-CD);5502;votou
2026-08-12;7101;PLP 124/2022 (Substitutivo-CD);5386;votou
2026-08-12;7101;PLP 124/2022 (Substitutivo-CD);5012;votou
2026-08-12;7101;PLP 124/2022 (Substitutivo-CD);70;P-NRV
2026-08-12;7101;PLP 124/2022 (Substitutivo-CD);5207;votou
2026-08-12;7101;PLP 124/2022 (Substitutivo-CD);6025;votou
2026-08-12;7101;PLP 124/2022 (Substitutivo-CD);5732;votou
2026-08-12;7101;PLP 124/2022 (Substitutivo-CD);4694;votou
2026-08-12;7101;PLP 124/2022 (Substitutivo-CD);5352;votou
2026-08-12;7101;PLP 124/2022 (Substitutivo-CD);5322;votou
2026-08-12;7101;PLP 124/2022 (Substitutivo-CD);5974;votou
2026-08-12;7101;PLP 124/2022 (Substitutivo-CD);6331;votou
2026-08-12;7101;PLP 124/2022 (Substitutivo-CD);5988;P-NRV
2026-08-12;7101;PLP 124/2022 (Substitutivo-CD);5959;votou
2026-08-12;7101;PLP 124/2022 (Substitutivo-CD);4560;P-NRV
2026-08-12;7101;PLP 124/2022 (Substitutivo-CD);6338;votou
2026-08-12;7101;PLP 124/2022 (Substitutivo-CD);5736;votou
2026-08-12;7101;PLP 124/2022 (Substitutivo-CD);5899;votou
2026-08-12;7101;PLP 124/2022 (Substitutivo-CD);5748;votou
2026-08-12;7101;PLP 124/2022 (Substitutivo-CD);1173;votou
2026-08-12;7101;PLP 124/2022 (Substitutivo-CD);5411;votou
2026-08-12;7101;PLP 124/2022 (Substitutivo-CD);5070;votou
2026-08-12;7101;PLP 124/2022 (Substitutivo-CD);5783;votou
2026-08-12;7101;PLP 124/2022 (Substitutivo-CD);3806;AP
2026-08-12;7102;PLP 114/2026;5672;votou
2026-08-12;7102;PLP 114/2026;5982;votou
2026-08-12;7102;PLP 114/2026;5967;P-NRV
2026-08-12;7102;PLP 114/2026;6009;votou
2026-08-12;7102;PLP 114/2026;4639;votou
2026-08-12;7102;PLP 114/2026;6336;votou
2026-08-12;7102;PLP 114/2026;6295;votou
2026-08-12;7102;PLP 114/2026;5936;P-NRV
2026-08-12;7102;PLP 114/2026;5990;votou
2026-08-12;7102;PLP 114/2026;470;votou
2026-08-12;7102;PLP 114/2026;5973;P-NRV
2026-08-12;7102;PLP 114/2026;739;votou
2026-08-12;7102;PLP 114/2026;6337;votou
2026-08-12;7102;PLP 114/2026;475;P-NRV
2026-08-12;7102;PLP 114/2026;6335;votou
2026-08-12;7102;PLP 114/2026;5998;votou
2026-08-12;7102;PLP 114/2026;3830;Presidente (art. 51 RISF)
2026-08-12;7102;PLP 114/2026;5793;votou
2026-08-12;7102;PLP 114/2026;5906;votou
2026-08-12;7102;PLP 114/2026;4994;votou
2026-08-12;7102;PLP 114/2026;3777;votou
2026-08-12;7102;PLP 114/2026;4642;votou
2026-08-12;7102;PLP 114/2026;5718;votou
2026-08-12;7102;PLP 114/2026;22;votou
2026-08-12;7102;PLP 114/2026;5953;votou
2026-08-12;7102;PLP 114/2026;5917;P-NRV
2026-08-12;7102;PLP 114/2026;345;votou
2026-08-12;7102;PLP 114/2026;5894;P-NRV
2026-08-12;7102;PLP 114/2026;6008;votou
2026-08-12;7102;PLP 114/2026;6341;votou
2026-08-12;7102;PLP 114/2026;6381;votou
2026-08-12;7102;PLP 114/2026;5008;votou
2026-08-12;7102;PLP 114/2026;5385;votou
2026-08-12;7102;PLP 114/2026;6010;votou
2026-08-12;7102;PLP 114/2026;4770;votou
2026-08-12;7102;PLP 114/2026;35;votou
2026-08-12;7102;PLP 114/2026;6340;votou
2026-08-12;7102;PLP 114/2026;581;votou
2026-08-12;7102;PLP 114/2026;4531;votou
2026-08-12;7102;PLP 114/2026;5895;P-NRV
2026-08-12;7102;PLP 114/2026;6369;votou
2026-08-12;7102;PLP 114/2026;4811;votou
2026-08-12;7102;PLP 114/2026;5979;P-NRV
2026-08-12;7102;PLP 114/2026;6359;votou
2026-08-12;7102;PLP 114/2026;5926;votou
2026-08-12;7102;PLP 114/2026;1186;votou
2026-08-12;7102;PLP 114/2026;631;P-NRV
2026-08-12;7102;PLP 114/2026;5376;votou
2026-08-12;7102;PLP 114/2026;742;P-NRV
2026-08-12;7102;PLP 114/2026;285;votou
2026-08-12;7102;PLP 114/2026;5422;P-NRV
2026-08-12;7102;PLP 114/2026;5942;P-NRV
2026-08-12;7102;PLP 114/2026;5985;votou
2026-08-12;7102;PLP 114/2026;5525;votou
2026-08-12;7102;PLP 114/2026;5924;P-NRV
2026-08-12;7102;PLP 114/2026;5523;votou
2026-08-12;7102;PLP 114/2026;825;votou
2026-08-12;7102;PLP 114/2026;5502;votou
2026-08-12;7102;PLP 114/2026;5386;votou
2026-08-12;7102;PLP 114/2026;5012;votou
2026-08-12;7102;PLP 114/2026;70;P-NRV
2026-08-12;7102;PLP 114/2026;5207;votou
2026-08-12;7102;PLP 114/2026;6025;P-NRV
2026-08-12;7102;PLP 114/2026;5732;votou
2026-08-12;7102;PLP 114/2026;4694;P-NRV
2026-08-12;7102;PLP 114/2026;5352;votou
2026-08-12;7102;PLP 114/2026;5322;votou
2026-08-12;7102;PLP 114/2026;5974;votou
2026-08-12;7102;PLP 114/2026;6331;votou
2026-08-12;7102;PLP 114/2026;5988;votou
2026-08-12;7102;PLP 114/2026;5959;votou
2026-08-12;7102;PLP 114/2026;4560;votou
2026-08-12;7102;PLP 114/2026;6338;votou
2026-08-12;7102;PLP 114/2026;5736;votou
2026-08-12;7102;PLP 114/2026;5899;votou
2026-08-12;7102;PLP 114/2026;5748;votou
2026-08-12;7102;PLP 114/2026;1173;votou
2026-08-12;7102;PLP 114/2026;5411;votou
2026-08-12;7102;PLP 114/2026;5070;votou
2026-08-12;7102;PLP 114/2026;5783;votou
2026-08-12;7102;PLP 114/2026;3806;AP
2026-08-12;7103;PLP 114/2026;5672;P-NRV
2026-08-12;7103;PLP 114/2026;5982;votou
2026-08-12;7103;PLP 114/2026;5967;P-NRV
2026-08-12;7103;PLP 114/2026;6009;votou
2026-08-12;7103;PLP 114/2026;4639;votou
2026-08-12;7103;PLP 114/2026;6336;votou
2026-08-12;7103;PLP 114/2026;6295;votou
2026-08-12;7103;PLP 114/2026;5936;P-NRV
2026-08-12;7103;PLP 114/2026;5990;votou
2026-08-12;7103;PLP 114/2026;470;votou
2026-08-12;7103;PLP 114/2026;5973;P-NRV
2026-08-12;7103;PLP 114/2026;739;votou
2026-08-12;7103;PLP 114/2026;6337;votou
2026-08-12;7103;PLP 114/2026;475;P-NRV
2026-08-12;7103;PLP 114/2026;6335;votou
2026-08-12;7103;PLP 114/2026;5998;votou
2026-08-12;7103;PLP 114/2026;3830;Presidente (art. 51 RISF)
2026-08-12;7103;PLP 114/2026;5793;P-NRV
2026-08-12;7103;PLP 114/2026;5906;votou
2026-08-12;7103;PLP 114/2026;4994;votou
2026-08-12;7103;PLP 114/2026;3777;P-NRV
2026-08-12;7103;PLP 114/2026;4642;votou
2026-08-12;7103;PLP 114/2026;5718;votou
2026-08-12;7103;PLP 114/2026;22;P-NRV
2026-08-12;7103;PLP 114/2026;5953;votou
2026-08-12;7103;PLP 114/2026;5917;votou
2026-08-12;7103;PLP 114/2026;345;votou
2026-08-12;7103;PLP 114/2026;5894;votou
2026-08-12;7103;PLP 114/2026;6008;votou
2026-08-12;7103;PLP 114/2026;6341;votou
2026-08-12;7103;PLP 114/2026;6381;votou
2026-08-12;7103;PLP 114/2026;5008;votou
2026-08-12;7103;PLP 114/2026;5385;votou
2026-08-12;7103;PLP 114/2026;6010;votou
2026-08-12;7103;PLP 114/2026;4770;votou
2026-08-12;7103;PLP 114/2026;35;votou
2026-08-12;7103;PLP 114/2026;6340;votou
2026-08-12;7103;PLP 114/2026;581;votou
2026-08-12;7103;PLP 114/2026;4531;votou
2026-08-12;7103;PLP 114/2026;5895;P-NRV
2026-08-12;7103;PLP 114/2026;6369;votou
2026-08-12;7103;PLP 114/2026;4811;votou
2026-08-12;7103;PLP 114/2026;5979;votou
2026-08-12;7103;PLP 114/2026;6359;votou
2026-08-12;7103;PLP 114/2026;5926;votou
2026-08-12;7103;PLP 114/2026;1186;votou
2026-08-12;7103;PLP 114/2026;631;votou
2026-08-12;7103;PLP 114/2026;5376;votou
2026-08-12;7103;PLP 114/2026;742;votou
2026-08-12;7103;PLP 114/2026;285;votou
2026-08-12;7103;PLP 114/2026;5422;P-NRV
2026-08-12;7103;PLP 114/2026;5942;P-NRV
2026-08-12;7103;PLP 114/2026;5985;votou
2026-08-12;7103;PLP 114/2026;5525;votou
2026-08-12;7103;PLP 114/2026;5924;P-NRV
2026-08-12;7103;PLP 114/2026;5523;votou
2026-08-12;7103;PLP 114/2026;825;votou
2026-08-12;7103;PLP 114/2026;5502;P-NRV
2026-08-12;7103;PLP 114/2026;5386;votou
2026-08-12;7103;PLP 114/2026;5012;votou
2026-08-12;7103;PLP 114/2026;70;P-NRV
2026-08-12;7103;PLP 114/2026;5207;votou
2026-08-12;7103;PLP 114/2026;6025;votou
2026-08-12;7103;PLP 114/2026;5732;votou
2026-08-12;7103;PLP 114/2026;4694;P-NRV
2026-08-12;7103;PLP 114/2026;5352;votou
2026-08-12;7103;PLP 114/2026;5322;votou
2026-08-12;7103;PLP 114/2026;5974;votou
2026-08-12;7103;PLP 114/2026;6331;votou
2026-08-12;7103;PLP 114/2026;5988;votou
2026-08-12;7103;PLP 114/2026;5959;votou
2026-08-12;7103;PLP 114/2026;4560;votou
2026-08-12;7103;PLP 114/2026;6338;votou
2026-08-12;7103;PLP 114/2026;5736;votou
2026-08-12;7103;PLP 114/2026;5899;P-NRV
2026-08-12;7103;PLP 114/2026;5748;votou
2026-08-12;7103;PLP 114/2026;1173;votou
2026-08-12;7103;PLP 114/2026;5411;votou
2026-08-12;7103;PLP 114/2026;5070;votou
2026-08-12;7103;PLP 114/2026;5783;votou
2026-08-12;7103;PLP 114/2026;3806;AP
2026-09-01;7104;PDL 995/2026;5672;votou
2026-09-01;7104;PDL 995/2026;5982;votou
2026-09-01;7104;PDL 995/2026;5967;AP
2026-09-01;7104;PDL 995/2026;6009;votou
2026-09-01;7104;PDL 995/2026;4639;votou
2026-09-01;7104;PDL 995/2026;6336;votou
2026-09-01;7104;PDL 995/2026;6295;votou
2026-09-01;7104;PDL 995/2026;5936;AP
2026-09-01;7104;PDL 995/2026;5990;votou
2026-09-01;7104;PDL 995/2026;470;votou
2026-09-01;7104;PDL 995/2026;5973;votou
2026-09-01;7104;PDL 995/2026;739;votou
2026-09-01;7104;PDL 995/2026;6337;votou
2026-09-01;7104;PDL 995/2026;475;votou
2026-09-01;7104;PDL 995/2026;6335;votou
2026-09-01;7104;PDL 995/2026;5998;votou
2026-09-01;7104;PDL 995/2026;3830;votou
2026-09-01;7104;PDL 995/2026;5793;AP
2026-09-01;7104;PDL 995/2026;5906;votou
2026-09-01;7104;PDL 995/2026;4994;votou
2026-09-01;7104;PDL 995/2026;3777;votou
2026-09-01;7104;PDL 995/2026;4642;votou
2026-09-01;7104;PDL 995/2026;5718;P-NRV
2026-09-01;7104;PDL 995/2026;22;votou
2026-09-01;7104;PDL 995/2026;5953;votou
2026-09-01;7104;PDL 995/2026;5917;votou
2026-09-01;7104;PDL 995/2026;345;votou
2026-09-01;7104;PDL 995/2026;5894;votou
2026-09-01;7104;PDL 995/2026;6008;votou
2026-09-01;7104;PDL 995/2026;6341;votou
2026-09-01;7104;PDL 995/2026;6381;votou
2026-09-01;7104;PDL 995/2026;5008;AP
2026-09-01;7104;PDL 995/2026;5385;P-NRV
2026-09-01;7104;PDL 995/2026;6010;votou
2026-09-01;7104;PDL 995/2026;4770;votou
2026-09-01;7104;PDL 995/2026;35;votou
2026-09-01;7104;PDL 995/2026;6340;votou
2026-09-01;7104;PDL 995/2026;581;votou
2026-09-01;7104;PDL 995/2026;4531;votou
2026-09-01;7104;PDL 995/2026;5895;votou
2026-09-01;7104;PDL 995/2026;6369;votou
2026-09-01;7104;PDL 995/2026;4811;votou
2026-09-01;7104;PDL 995/2026;5979;votou
2026-09-01;7104;PDL 995/2026;6359;votou
2026-09-01;7104;PDL 995/2026;5926;votou
2026-09-01;7104;PDL 995/2026;1186;votou
2026-09-01;7104;PDL 995/2026;631;votou
2026-09-01;7104;PDL 995/2026;5376;P-NRV
2026-09-01;7104;PDL 995/2026;742;votou
2026-09-01;7104;PDL 995/2026;285;AP
2026-09-01;7104;PDL 995/2026;5422;AP
2026-09-01;7104;PDL 995/2026;5942;AP
2026-09-01;7104;PDL 995/2026;5985;AP
2026-09-01;7104;PDL 995/2026;5525;votou
2026-09-01;7104;PDL 995/2026;5924;votou
2026-09-01;7104;PDL 995/2026;5523;votou
2026-09-01;7104;PDL 995/2026;825;votou
2026-09-01;7104;PDL 995/2026;5502;votou
2026-09-01;7104;PDL 995/2026;5386;votou
2026-09-01;7104;PDL 995/2026;5012;votou
2026-09-01;7104;PDL 995/2026;70;votou
2026-09-01;7104;PDL 995/2026;5207;AP
2026-09-01;7104;PDL 995/2026;6025;votou
2026-09-01;7104;PDL 995/2026;5732;votou
2026-09-01;7104;PDL 995/2026;4694;votou
2026-09-01;7104;PDL 995/2026;5352;votou
2026-09-01;7104;PDL 995/2026;5322;votou
2026-09-01;7104;PDL 995/2026;5974;AP
2026-09-01;7104;PDL 995/2026;6331;votou
2026-09-01;7104;PDL 995/2026;5988;votou
2026-09-01;7104;PDL 995/2026;5959;votou
2026-09-01;7104;PDL 995/2026;4560;votou
2026-09-01;7104;PDL 995/2026;6338;votou
2026-09-01;7104;PDL 995/2026;5736;votou
2026-09-01;7104;PDL 995/2026;5899;votou
2026-09-01;7104;PDL 995/2026;5748;votou
2026-09-01;7104;PDL 995/2026;1173;P-NRV
2026-09-01;7104;PDL 995/2026;5411;votou
2026-09-01;7104;PDL 995/2026;5070;votou
2026-09-01;7104;PDL 995/2026;5783;votou
2026-09-01;7104;PDL 995/2026;3806;votou
2026-09-03;7105;PLP 74/2026;5672;votou
2026-09-03;7105;PLP 74/2026;5982;votou
2026-09-03;7105;PLP 74/2026;5967;AP
2026-09-03;7105;PLP 74/2026;6009;votou
2026-09-03;7105;PLP 74/2026;4639;votou
2026-09-03;7105;PLP 74/2026;6336;votou
2026-09-03;7105;PLP 74/2026;6295;votou
2026-09-03;7105;PLP 74/2026;5936;votou
2026-09-03;7105;PLP 74/2026;5990;votou
2026-09-03;7105;PLP 74/2026;470;votou
2026-09-03;7105;PLP 74/2026;5973;votou
2026-09-03;7105;PLP 74/2026;739;votou
2026-09-03;7105;PLP 74/2026;6337;votou
2026-09-03;7105;PLP 74/2026;475;votou
2026-09-03;7105;PLP 74/2026;6335;votou
2026-09-03;7105;PLP 74/2026;5998;P-NRV
2026-09-03;7105;PLP 74/2026;3830;Presidente (art. 51 RISF)
2026-09-03;7105;PLP 74/2026;5793;AP
2026-09-03;7105;PLP 74/2026;5906;votou
2026-09-03;7105;PLP 74/2026;4994;votou
2026-09-03;7105;PLP 74/2026;3777;votou
2026-09-03;7105;PLP 74/2026;4642;votou
2026-09-03;7105;PLP 74/2026;5718;votou
2026-09-03;7105;PLP 74/2026;22;P-NRV
2026-09-03;7105;PLP 74/2026;5953;votou
2026-09-03;7105;PLP 74/2026;5917;votou
2026-09-03;7105;PLP 74/2026;345;votou
2026-09-03;7105;PLP 74/2026;5894;P-NRV
2026-09-03;7105;PLP 74/2026;6008;votou
2026-09-03;7105;PLP 74/2026;6341;votou
2026-09-03;7105;PLP 74/2026;5008;votou
2026-09-03;7105;PLP 74/2026;5385;votou
2026-09-03;7105;PLP 74/2026;6010;votou
2026-09-03;7105;PLP 74/2026;4770;votou
2026-09-03;7105;PLP 74/2026;35;votou
2026-09-03;7105;PLP 74/2026;6340;votou
2026-09-03;7105;PLP 74/2026;581;votou
2026-09-03;7105;PLP 74/2026;4531;votou
2026-09-03;7105;PLP 74/2026;5895;votou
2026-09-03;7105;PLP 74/2026;6342;votou
2026-09-03;7105;PLP 74/2026;6369;votou
2026-09-03;7105;PLP 74/2026;4811;votou
2026-09-03;7105;PLP 74/2026;5979;votou
2026-09-03;7105;PLP 74/2026;6359;votou
2026-09-03;7105;PLP 74/2026;5926;votou
2026-09-03;7105;PLP 74/2026;1186;votou
2026-09-03;7105;PLP 74/2026;631;votou
2026-09-03;7105;PLP 74/2026;5376;votou
2026-09-03;7105;PLP 74/2026;742;votou
2026-09-03;7105;PLP 74/2026;285;AP
2026-09-03;7105;PLP 74/2026;5422;votou
2026-09-03;7105;PLP 74/2026;5942;AP
2026-09-03;7105;PLP 74/2026;5985;votou
2026-09-03;7105;PLP 74/2026;5525;votou
2026-09-03;7105;PLP 74/2026;5924;votou
2026-09-03;7105;PLP 74/2026;5523;votou
2026-09-03;7105;PLP 74/2026;825;votou
2026-09-03;7105;PLP 74/2026;5502;votou
2026-09-03;7105;PLP 74/2026;5386;votou
2026-09-03;7105;PLP 74/2026;5012;votou
2026-09-03;7105;PLP 74/2026;70;P-NRV
2026-09-03;7105;PLP 74/2026;5207;NCom
2026-09-03;7105;PLP 74/2026;6025;votou
2026-09-03;7105;PLP 74/2026;5732;votou
2026-09-03;7105;PLP 74/2026;4694;P-NRV
2026-09-03;7105;PLP 74/2026;5352;votou
2026-09-03;7105;PLP 74/2026;5322;votou
2026-09-03;7105;PLP 74/2026;5974;AP
2026-09-03;7105;PLP 74/2026;6331;P-NRV
2026-09-03;7105;PLP 74/2026;5988;votou
2026-09-03;7105;PLP 74/2026;5959;votou
2026-09-03;7105;PLP 74/2026;4560;votou
2026-09-03;7105;PLP 74/2026;6338;votou
2026-09-03;7105;PLP 74/2026;5736;votou
2026-09-03;7105;PLP 74/2026;5899;votou
2026-09-03;7105;PLP 74/2026;5748;votou
2026-09-03;7105;PLP 74/2026;1173;votou
2026-09-03;7105;PLP 74/2026;5411;P-NRV
2026-09-03;7105;PLP 74/2026;5070;votou
2026-09-03;7105;PLP 74/2026;5783;votou
2026-09-03;7105;PLP 74/2026;3806;P-NRV
