data;votacao;materia;codigo_senador;situacao
2025-02-19;6918;PLP 22/2025;5672;votou
2025-02-19;6918;PLP 22/2025;5982;votou
2025-02-19;6918;PLP 22/2025;6358;AP
2025-02-19;6918;PLP 22/2025;5967;AP
2025-02-19;6918;PLP 22/2025;6009;AP
2025-02-19;6918;PLP 22/2025;6350;votou
2025-02-19;6918;PLP 22/2025;4639;votou
2025-02-19;6918;PLP 22/2025;5936;votou
2025-02-19;6918;PLP 22/2025;5990;votou
2025-02-19;6918;PLP 22/2025;470;votou
2025-02-19;6918;PLP 22/2025;5973;votou
2025-02-19;6918;PLP 22/2025;739;votou
2025-02-19;6918;PLP 22/2025;6337;votou
2025-02-19;6918;PLP 22/2025;475;AP
2025-02-19;6918;PLP 22/2025;6335;votou
2025-02-19;6918;PLP 22/2025;5998;votou
2025-02-19;6918;PLP 22/2025;3830;Presidente (art. 51 RISF)
2025-02-19;6918;PLP 22/2025;5793;votou
2025-02-19;6918;PLP 22/2025;5906;votou
2025-02-19;6918;PLP 22/2025;4994;votou
2025-02-19;6918;PLP 22/2025;5976;votou
2025-02-19;6918;PLP 22/2025;3777;votou
2025-02-19;6918;PLP 22/2025;4642;votou
2025-02-19;6918;PLP 22/2025;5718;votou
2025-02-19;6918;PLP 22/2025;22;votou
2025-02-19;6918;PLP 22/2025;5953;votou
2025-02-19;6918;PLP 22/2025;5917;votou
2025-02-19;6918;PLP 22/2025;6345;votou
2025-02-19;6918;PLP 22/2025;345;votou
2025-02-19;6918;PLP 22/2025;5894;votou
2025-02-19;6918;PLP 22/2025;6008;AP
2025-02-19;6918;PLP 22/2025;6341;votou
2025-02-19;6918;PLP 22/2025;5008;votou
2025-02-19;6918;PLP 22/2025;5385;votou
2025-02-19;6918;PLP 22/2025;6010;votou
2025-02-19;6918;PLP 22/2025;4770;votou
2025-02-19;6918;PLP 22/2025;35;AP
2025-02-19;6918;PLP 22/2025;6340;votou
2025-02-19;6918;PLP 22/2025;581;votou
2025-02-19;6918;PLP 22/2025;4531;AP
2025-02-19;6918;PLP 22/2025;5895;votou
2025-02-19;6918;PLP 22/2025;6342;MIS
2025-02-19;6918;PLP 22/2025;6369;votou
2025-02-19;6918;PLP 22/2025;4811;votou
2025-02-19;6918;PLP 22/2025;5979;votou
2025-02-19;6918;PLP 22/2025;5926;votou
2025-02-19;6918;PLP 22/2025;1186;votou
2025-02-19;6918;PLP 22/2025;631;votou
2025-02-19;6918;PLP 22/2025;5376;votou
2025-02-19;6918;PLP 22/2025;742;votou
2025-02-19;6918;PLP 22/2025;285;votou
2025-02-19;6918;PLP 22/2025;5422;votou
2025-02-19;6918;PLP 22/2025;5942;votou
2025-02-19;6918;PLP 22/2025;6304;votou
2025-02-19;6918;PLP 22/2025;6027;votou
2025-02-19;6918;PLP 22/2025;5985;votou
2025-02-19;6918;PLP 22/2025;5525;votou
2025-02-19;6918;PLP 22/2025;5924;AP
2025-02-19;6918;PLP 22/2025;5523;votou
2025-02-19;6918;PLP 22/2025;825;votou
2025-02-19;6918;PLP 22/2025;5502;votou
2025-02-19;6918;PLP 22/2025;5386;votou
2025-02-19;6918;PLP 22/2025;5012;votou
2025-02-19;6918;PLP 22/2025;70;AP
2025-02-19;6918;PLP 22/2025;5732;LP
2025-02-19;6918;PLP 22/2025;4694;votou
2025-02-19;6918;PLP 22/2025;5352;votou
2025-02-19;6918;PLP 22/2025;5322;P-NRV
2025-02-19;6918;PLP 22/2025;6331;votou
2025-02-19;6918;PLP 22/2025;5988;votou
2025-02-19;6918;PLP 22/2025;5959;votou
2025-02-19;6918;PLP 22/2025;4560;AP
2025-02-19;6918;PLP 22/2025;6338;P-NRV
2025-02-19;6918;PLP 22/2025;5736;votou
2025-02-19;6918;PLP 22/2025;5899;votou
2025-02-19;6918;PLP 22/2025;5748;votou
2025-02-19;6918;PLP 22/2025;1173;votou
2025-02-19;6918;PLP 22/2025;5411;votou
2025-02-19;6918;PLP 22/2025;5070;votou
2025-02-19;6918;PLP 22/2025;5783;votou
2025-02-19;6918;PLP 22/2025;3806;votou
2025-03-11;6919;PEC 18/2024;5672;votou
2025-03-11;6919;PEC 18/2024;5982;votou
2025-03-11;6919;PEC 18/2024;6358;votou
2025-03-11;6919;PEC 18/2024;5967;votou
2025-03-11;6919;PEC 18/2024;6009;votou
2025-03-11;6919;PEC 18/2024;6350;votou
2025-03-11;6919;PEC 18/2024;4639;votou
2025-03-11;6919;PEC 18/2024;5936;votou
2025-03-11;6919;PEC 18/2024;5990;votou
2025-03-11;6919;PEC 18/2024;470;votou
2025-03-11;6919;PEC 18/2024;5973;P-NRV
2025-03-11;6919;PEC 18/2024;739;votou
2025-03-11;6919;PEC 18/2024;6337;votou
2025-03-11;6919;PEC 18/2024;475;P-NRV
2025-03-11;6919;PEC 18/2024;6335;votou
2025-03-11;6919;PEC 18/2024;5998;votou
2025-03-11;6919;PEC 18/2024;3830;Presidente (art. 51 RISF)
2025-03-11;6919;PEC 18/2024;5793;AP
2025-03-11;6919;PEC 18/2024;5906;votou
2025-03-11;6919;PEC 18/2024;4994;votou
2025-03-11;6919;PEC 18/2024;5976;votou
2025-03-11;6919;PEC 18/2024;3777;votou
2025-03-11;6919;PEC 18/2024;4642;votou
2025-03-11;6919;PEC 18/2024;5718;AP
2025-03-11;6919;PEC 18/2024;22;votou
2025-03-11;6919;PEC 18/2024;5953;votou
2025-03-11;6919;PEC 18/2024;5917;votou
2025-03-11;6919;PEC 18/2024;6345;votou
2025-03-11;6919;PEC 18/2024;345;votou
2025-03-11;6919;PEC 18/2024;5894;NCom
2025-03-11;6919;PEC 18/2024;6008;AP
2025-03-11;6919;PEC 18/2024;6341;votou
2025-03-11;6919;PEC 18/2024;5008;votou
2025-03-11;6919;PEC 18/2024;5385;votou
2025-03-11;6919;PEC 18/2024;6010;votou
2025-03-11;6919;PEC 18/2024;4770;votou
2025-03-11;6919;PEC 18/2024;35;votou
2025-03-11;6919;PEC 18/2024;6340;votou
2025-03-11;6919;PEC 18/2024;581;votou
2025-03-11;6919;PEC 18/2024;4531;votou
2025-03-11;6919;PEC 18/2024;5895;votou
2025-03-11;6919;PEC 18/2024;6342;votou
2025-03-11;6919;PEC 18/2024;6369;votou
2025-03-11;6919;PEC 18/2024;4811;votou
2025-03-11;6919;PEC 18/2024;5979;votou
2025-03-11;6919;PEC 18/2024;5926;votou
2025-03-11;6919;PEC 18/2024;1186;votou
2025-03-11;6919;PEC 18/2024;631;votou
2025-03-11;6919;PEC 18/2024;5376;votou
2025-03-11;6919;PEC 18/2024;742;votou
2025-03-11;6919;PEC 18/2024;285;votou
2025-03-11;6919;PEC 18/2024;5422;votou
2025-03-11;6919;PEC 18/2024;5942;votou
2025-03-11;6919;PEC 18/2024;6304;votou
2025-03-11;6919;PEC 18/2024;6027;votou
2025-03-11;6919;PEC 18/2024;5985;votou
2025-03-11;6919;PEC 18/2024;5525;votou
2025-03-11;6919;PEC 18/2024;5924;votou
2025-03-11;6919;PEC 18/2024;5523;votou
2025-03-11;6919;PEC 18/2024;825;votou
2025-03-11;6919;PEC 18/2024;5502;votou
2025-03-11;6919;PEC 18/2024;5386;votou
2025-03-11;6919;PEC 18/2024;5012;votou
2025-03-11;6919;PEC 18/2024;70;votou
2025-03-11;6919;PEC 18/2024;5732;P-NRV
2025-03-11;6919;PEC 18/2024;4694;votou
2025-03-11;6919;PEC 18/2024;5352;votou
2025-03-11;6919;PEC 18/2024;5322;votou
2025-03-11;6919;PEC 18/2024;6331;votou
2025-03-11;6919;PEC 18/2024;5988;votou
2025-03-11;6919;PEC 18/2024;5959;votou
2025-03-11;6919;PEC 18/2024;4560;votou
2025-03-11;6919;PEC 18/2024;6338;votou
2025-03-11;6919;PEC 18/2024;5736;votou
2025-03-11;6919;PEC 18/2024;5899;votou
2025-03-11;6919;PEC 18/2024;5748;votou
2025-03-11;6919;PEC 18/2024;1173;votou
2025-03-11;6919;PEC 18/2024;5411;AP
2025-03-11;6919;PEC 18/2024;5070;votou
2025-03-11;6919;PEC 18/2024;5783;votou
2025-03-11;6919;PEC 18/2024;3806;votou
2025-03-11;6920;PEC 18/2024;5672;votou
2025-03-11;6920;PEC 18/2024;5982;votou
2025-03-11;6920;PEC 18/2024;6358;votou
2025-03-11;6920;PEC 18/2024;5967;votou
2025-03-11;6920;PEC 18/2024;6009;votou
2025-03-11;6920;PEC 18/2024;6350;votou
2025-03-11;6920;PEC 18/2024;4639;votou
2025-03-11;6920;PEC 18/2024;5936;votou
2025-03-11;6920;PEC 18/2024;5990;votou
2025-03-11;6920;PEC 18/2024;470;P-NRV
2025-03-11;6920;PEC 18/2024;5973;P-NRV
2025-03-11;6920;PEC 18/2024;739;votou
2025-03-11;6920;PEC 18/2024;6337;votou
2025-03-11;6920;PEC 18/2024;475;votou
2025-03-11;6920;PEC 18/2024;6335;votou
2025-03-11;6920;PEC 18/2024;5998;votou
2025-03-11;6920;PEC 18/2024;3830;Presidente (art. 51 RISF)
2025-03-11;6920;PEC 18/2024;5793;AP
2025-03-11;6920;PEC 18/2024;5906;votou
2025-03-11;6920;PEC 18/2024;4994;votou
2025-03-11;6920;PEC 18/2024;5976;votou
2025-03-11;6920;PEC 18/2024;3777;votou
2025-03-11;6920;PEC 18/2024;4642;votou
2025-03-11;6920;PEC 18/2024;5718;AP
2025-03-11;6920;PEC 18/2024;22;votou
2025-03-11;6920;PEC 18/2024;5953;votou
2025-03-11;6920;PEC 18/2024;5917;votou
2025-03-11;6920;PEC 18/2024;6345;votou
2025-03-11;6920;PEC 18/2024;345;votou
2025-03-11;6920;PEC 18/2024;5894;NCom
2025-03-11;6920;PEC 18/2024;6008;AP
2025-03-11;6920;PEC 18/2024;6341;votou
2025-03-11;6920;PEC 18/2024;5008;votou
2025-03-11;6920;PEC 18/2024;5385;votou
2025-03-11;6920;PEC 18/2024;6010;votou
2025-03-11;6920;PEC 18/2024;4770;votou
2025-03-11;6920;PEC 18/2024;35;votou
2025-03-11;6920;PEC 18/2024;6340;votou
2025-03-11;6920;PEC 18/2024;581;votou
2025-03-11;6920;PEC 18/2024;4531;votou
2025-03-11;6920;PEC 18/2024;5895;votou
2025-03-11;6920;PEC 18/2024;6342;votou
2025-03-11;6920;PEC 18/2024;6369;votou
2025-03-11;6920;PEC 18/2024;4811;votou
2025-03-11;6920;PEC 18/2024;5979;votou
2025-03-11;6920;PEC 18/2024;5926;votou
2025-03-11;6920;PEC 18/2024;1186;votou
2025-03-11;6920;PEC 18/2024;631;votou
2025-03-11;6920;PEC 18/2024;5376;votou
2025-03-11;6920;PEC 18/2024;742;votou
2025-03-11;6920;PEC 18/2024;285;votou
2025-03-11;6920;PEC 18/2024;5422;votou
2025-03-11;6920;PEC 18/2024;5942;votou
2025-03-11;6920;PEC 18/2024;6304;votou
2025-03-11;6920;PEC 18/2024;6027;votou
2025-03-11;6920;PEC 18/2024;5985;votou
2025-03-11;6920;PEC 18/2024;5525;votou
2025-03-11;6920;PEC 18/2024;5924;votou
2025-03-11;6920;PEC 18/2024;5523;votou
2025-03-11;6920;PEC 18/2024;825;votou
2025-03-11;6920;PEC 18/2024;5502;votou
2025-03-11;6920;PEC 18/2024;5386;votou
2025-03-11;6920;PEC 18/2024;5012;votou
2025-03-11;6920;PEC 18/2024;70;votou
2025-03-11;6920;PEC 18/2024;5732;votou
2025-03-11;6920;PEC 18/2024;4694;P-NRV
2025-03-11;6920;PEC 18/2024;5352;votou
2025-03-11;6920;PEC 18/2024;5322;votou
2025-03-11;6920;PEC 18/2024;6331;votou
2025-03-11;6920;PEC 18/2024;5988;votou
2025-03-11;6920;PEC 18/2024;5959;votou
2025-03-11;6920;PEC 18/2024;4560;votou
2025-03-11;6920;PEC 18/2024;6338;votou
2025-03-11;6920;PEC 18/2024;5736;votou
2025-03-11;6920;PEC 18/2024;5899;votou
2025-03-11;6920;PEC 18/2024;5748;votou
2025-03-11;6920;PEC 18/2024;1173;P-NRV
2025-03-11;6920;PEC 18/2024;5411;AP
2025-03-11;6920;PEC 18/2024;5070;P-NRV
2025-03-11;6920;PEC 18/2024;5783;votou
2025-03-11;6920;PEC 18/2024;3806;votou
2025-03-18;6921;PLP 192/2023;5672;votou
2025-03-18;6921;PLP 192/2023;5982;votou
2025-03-18;6921;PLP 192/2023;6358;votou
2025-03-18;6921;PLP 192/2023;5967;votou
2025-03-18;6921;PLP 192/2023;6009;votou
2025-03-18;6921;PLP 192/2023;6350;AP
2025-03-18;6921;PLP 192/2023;4639;votou
2025-03-18;6921;PLP 192/2023;5936;votou
2025-03-18;6921;PLP 192/2023;5990;LS
2025-03-18;6921;PLP 192/2023;470;AP
2025-03-18;6921;PLP 192/2023;5973;P-NRV
2025-03-18;6921;PLP 192/2023;739;votou
2025-03-18;6921;PLP 192/2023;6337;votou
2025-03-18;6921;PLP 192/2023;475;votou
2025-03-18;6921;PLP 192/2023;6335;votou
2025-03-18;6921;PLP 192/2023;5998;votou
2025-03-18;6921;PLP 192/2023;3830;Presidente (art. 51 RISF)
2025-03-18;6921;PLP 192/2023;5793;votou
2025-03-18;6921;PLP 192/2023;5906;votou
2025-03-18;6921;PLP 192/2023;4994;P-NRV
2025-03-18;6921;PLP 192/2023;5976;votou
2025-03-18;6921;PLP 192/2023;3777;votou
2025-03-18;6921;PLP 192/2023;4642;votou
2025-03-18;6921;PLP 192/2023;5718;AP
2025-03-18;6921;PLP 192/2023;22;P-NRV
2025-03-18;6921;PLP 192/2023;5953;votou
2025-03-18;6921;PLP 192/2023;5917;votou
2025-03-18;6921;PLP 192/2023;6345;votou
2025-03-18;6921;PLP 192/2023;345;votou
2025-03-18;6921;PLP 192/2023;5894;votou
2025-03-18;6921;PLP 192/2023;6008;AP
2025-03-18;6921;PLP 192/2023;6341;AP
2025-03-18;6921;PLP 192/2023;5008;votou
2025-03-18;6921;PLP 192/2023;5385;AP
2025-03-18;6921;PLP 192/2023;6010;LS
2025-03-18;6921;PLP 192/2023;4770;votou
2025-03-18;6921;PLP 192/2023;35;AP
2025-03-18;6921;PLP 192/2023;6340;votou
2025-03-18;6921;PLP 192/2023;581;votou
2025-03-18;6921;PLP 192/2023;4531;votou
2025-03-18;6921;PLP 192/2023;5895;votou
2025-03-18;6921;PLP 192/2023;6342;votou
2025-03-18;6921;PLP 192/2023;6369;LS
2025-03-18;6921;PLP 192/2023;4811;votou
2025-03-18;6921;PLP 192/2023;5979;P-NRV
2025-03-18;6921;PLP 192/2023;5926;AP
2025-03-18;6921;PLP 192/2023;1186;votou
2025-03-18;6921;PLP 192/2023;631;P-NRV
2025-03-18;6921;PLP 192/2023;5376;votou
2025-03-18;6921;PLP 192/2023;742;votou
2025-03-18;6921;PLP 192/2023;285;AP
2025-03-18;6921;PLP 192/2023;5422;votou
2025-03-18;6921;PLP 192/2023;5942;AP
2025-03-18;6921;PLP 192/2023;6304;votou
2025-03-18;6921;PLP 192/2023;6027;P-NRV
2025-03-18;6921;PLP 192/2023;5985;P-NRV
2025-03-18;6921;PLP 192/2023;5525;votou
2025-03-18;6921;PLP 192/2023;5924;votou
2025-03-18;6921;PLP 192/2023;5523;votou
2025-03-18;6921;PLP 192/2023;825;LS
2025-03-18;6921;PLP 192/2023;5502;votou
2025-03-18;6921;PLP 192/2023;5386;votou
2025-03-18;6921;PLP 192/2023;5012;votou
2025-03-18;6921;PLP 192/2023;70;AP
2025-03-18;6921;PLP 192/2023;5732;P-NRV
2025-03-18;6921;PLP 192/2023;4694;votou
2025-03-18;6921;PLP 192/2023;5352;votou
2025-03-18;6921;PLP 192/2023;5322;votou
2025-03-18;6921;PLP 192/2023;6331;votou
2025-03-18;6921;PLP 192/2023;5988;MIS
2025-03-18;6921;PLP 192/2023;5959;votou
2025-03-18;6921;PLP 192/2023;4560;votou
2025-03-18;6921;PLP 192/2023;6338;votou
2025-03-18;6921;PLP 192/2023;5736;votou
2025-03-18;6921;PLP 192/2023;5899;votou
2025-03-18;6921;PLP 192/2023;5748;votou
2025-03-18;6921;PLP 192/2023;1173;votou
2025-03-18;6921;PLP 192/2023;5411;votou
2025-03-18;6921;PLP 192/2023;5070;votou
2025-03-18;6921;PLP 192/2023;5783;votou
2025-03-18;6921;PLP 192/2023;3806;votou
2025-03-19;6922;PLP 22/2025 (Substitutivo-CD);5672;votou
2025-03-19;6922;PLP 22/2025 (Substitutivo-CD);5982;votou
2025-03-19;6922;PLP 22/2025 (Substitutivo-CD);6358;votou
2025-03-19;6922;PLP 22/2025 (Substitutivo-CD);5967;votou
2025-03-19;6922;PLP 22/2025 (Substitutivo-CD);6009;votou
2025-03-19;6922;PLP 22/2025 (Substitutivo-CD);6350;AP
2025-03-19;6922;PLP 22/2025 (Substitutivo-CD);4639;votou
2025-03-19;6922;PLP 22/2025 (Substitutivo-CD);5936;votou
2025-03-19;6922;PLP 22/2025 (Substitutivo-CD);5990;LS
2025-03-19;6922;PLP 22/2025 (Substitutivo-CD);470;votou
2025-03-19;6922;PLP 22/2025 (Substitutivo-CD);5973;votou
2025-03-19;6922;PLP 22/2025 (Substitutivo-CD);739;votou
2025-03-19;6922;PLP 22/2025 (Substitutivo-CD);6337;votou
2025-03-19;6922;PLP 22/2025 (Substitutivo-CD);475;votou
2025-03-19;6922;PLP 22/2025 (Substitutivo-CD);6335;votou
2025-03-19;6922;PLP 22/2025 (Substitutivo-CD);5998;votou
2025-03-19;6922;PLP 22/2025 (Substitutivo-CD);3830;votou
2025-03-19;6922;PLP 22/2025 (Substitutivo-CD);5793;votou
2025-03-19;6922;PLP 22/2025 (Substitutivo-CD);5906;votou
2025-03-19;6922;PLP 22/2025 (Substitutivo-CD);4994;Presidente (art. 51 RISF)
2025-03-19;6922;PLP 22/2025 (Substitutivo-CD);5976;votou
2025-03-19;6922;PLP 22/2025 (Substitutivo-CD);3777;votou
2025-03-19;6922;PLP 22/2025 (Substitutivo-CD);4642;votou
2025-03-19;6922;PLP 22/2025 (Substitutivo-CD);5718;votou
2025-03-19;6922;PLP 22/2025 (Substitutivo-CD);22;votou
2025-03-19;6922;PLP 22/2025 (Substitutivo-CD);5953;votou
2025-03-19;6922;PLP 22/2025 (Substitutivo-CD);5917;votou
2025-03-19;6922;PLP 22/2025 (Substitutivo-CD);6345;votou
2025-03-19;6922;PLP 22/2025 (Substitutivo-CD);345;votou
2025-03-19;6922;PLP 22/2025 (Substitutivo-CD);5894;votou
2025-03-19;6922;PLP 22/2025 (Substitutivo-CD);6008;AP
2025-03-19;6922;PLP 22/2025 (Substitutivo-CD);6341;votou
2025-03-19;6922;PLP 22/2025 (Substitutivo-CD);5008;votou
2025-03-19;6922;PLP 22/2025 (Substitutivo-CD);5385;votou
2025-03-19;6922;PLP 22/2025 (Substitutivo-CD);6010;LS
2025-03-19;6922;PLP 22/2025 (Substitutivo-CD);4770;votou
2025-03-19;6922;PLP 22/2025 (Substitutivo-CD);35;AP
2025-03-19;6922;PLP 22/2025 (Substitutivo-CD);6340;votou
2025-03-19;6922;PLP 22/2025 (Substitutivo-CD);581;votou
2025-03-19;6922;PLP 22/2025 (Substitutivo-CD);4531;votou
2025-03-19;6922;PLP 22/2025 (Substitutivo-CD);5895;votou
2025-03-19;6922;PLP 22/2025 (Substitutivo-CD);6342;votou
2025-03-19;6922;PLP 22/2025 (Substitutivo-CD);6369;LS
2025-03-19;6922;PLP 22/2025 (Substitutivo-CD);4811;votou
2025-03-19;6922;PLP 22/2025 (Substitutivo-CD);5979;votou
2025-03-19;6922;PLP 22/2025 (Substitutivo-CD);5926;votou
2025-03-19;6922;PLP 22/2025 (Substitutivo-CD);1186;votou
2025-03-19;6922;PLP 22/2025 (Substitutivo-CD);631;votou
2025-03-19;6922;PLP 22/2025 (Substitutivo-CD);5376;votou
2025-03-19;6922;PLP 22/2025 (Substitutivo-CD);742;votou
2025-03-19;6922;PLP 22/2025 (Substitutivo-CD);285;votou
2025-03-19;6922;PLP 22/2025 (Substitutivo-CD);5422;votou
2025-03-19;6922;PLP 22/2025 (Substitutivo-CD);5942;AP
2025-03-19;6922;PLP 22/2025 (Substitutivo-CD);6304;votou
2025-03-19;6922;PLP 22/2025 (Substitutivo-CD);6027;votou
2025-03-19;6922;PLP 22/2025 (Substitutivo-CD);5985;votou
2025-03-19;6922;PLP 22/2025 (Substitutivo-CD);5525;P-NRV
2025-03-19;6922;PLP 22/2025 (Substitutivo-CD);5924;votou
2025-03-19;6922;PLP 22/2025 (Substitutivo-CD);5523;votou
2025-03-19;6922;PLP 22/2025 (Substitutivo-CD);825;LS
2025-03-19;6922;PLP 22/2025 (Substitutivo-CD);5502;votou
2025-03-19;6922;PLP 22/2025 (Substitutivo-CD);5386;votou
2025-03-19;6922;PLP 22/2025 (Substitutivo-CD);5012;votou
2025-03-19;6922;PLP 22/2025 (Substitutivo-CD);70;AP
2025-03-19;6922;PLP 22/2025 (Substitutivo-CD);5732;votou
2025-03-19;6922;PLP 22/2025 (Substitutivo-CD);4694;votou
2025-03-19;6922;PLP 22/2025 (Substitutivo-CD);5352;votou
2025-03-19;6922;PLP 22/2025 (Substitutivo-CD);5322;votou
2025-03-19;6922;PLP 22/2025 (Substitutivo-CD);6331;votou
2025-03-19;6922;PLP 22/2025 (Substitutivo-CD);5988;MIS
2025-03-19;6922;PLP 22/2025 (Substitutivo-CD);5959;votou
2025-03-19;6922;PLP 22/2025 (Substitutivo-CD);4560;votou
2025-03-19;6922;PLP 22/2025 (Substitutivo-CD);6338;votou
2025-03-19;6922;PLP 22/2025 (Substitutivo-CD);5736;votou
2025-03-19;6922;PLP 22/2025 (Substitutivo-CD);5899;votou
2025-03-19;6922;PLP 22/2025 (Substitutivo-CD);5748;votou
2025-03-19;6922;PLP 22/2025 (Substitutivo-CD);1173;votou
2025-03-19;6922;PLP 22/2025 (Substitutivo-CD);5411;votou
2025-03-19;6922;PLP 22/2025 (Substitutivo-CD);5070;votou
2025-03-19;6922;PLP 22/2025 (Substitutivo-CD);5783;AP
2025-03-19;6922;PLP 22/2025 (Substitutivo-CD);3806;votou
2025-04-01;6923;PLP 201/2019;5672;votou
2025-04-01;6923;PLP 201/2019;5982;votou
2025-04-01;6923;PLP 201/2019;6358;AP
2025-04-01;6923;PLP 201/2019;5967;votou
2025-04-01;6923;PLP 201/2019;6009;votou
2025-04-01;6923;PLP 201/2019;6350;votou
2025-04-01;6923;PLP 201/2019;4639;P-NRV
2025-04-01;6923;PLP 201/2019;5936;AP
2025-04-01;6923;PLP 201/2019;5990;votou
2025-04-01;6923;PLP 201/2019;470;votou
2025-04-01;6923;PLP 201/2019;5973;P-NRV
2025-04-01;6923;PLP 201/2019;739;votou
2025-04-01;6923;PLP 201/2019;6337;votou
2025-04-01;6923;PLP 201/2019;475;votou
2025-04-01;6923;PLP 201/2019;6335;votou
2025-04-01;6923;PLP 201/2019;5998;votou
2025-04-01;6923;PLP 201/2019;3830;Presidente (art. 51 RISF)
2025-04-01;6923;PLP 201/2019;5793;votou
2025-04-01;6923;PLP 201/2019;5906;P-NRV
2025-04-01;6923;PLP 201/2019;4994;votou
2025-04-01;6923;PLP 201/2019;5976;votou
2025-04-01;6923;PLP 201/2019;3777;votou
2025-04-01;6923;PLP 201/2019;4642;votou
2025-04-01;6923;PLP 201/2019;5718;AP
2025-04-01;6923;PLP 201/2019;22;votou
2025-04-01;6923;PLP 201/2019;5953;votou
2025-04-01;6923;PLP 201/2019;5917;votou
2025-04-01;6923;PLP 201/2019;6345;P-NRV
2025-04-01;6923;PLP 201/2019;345;LS
2025-04-01;6923;PLP 201/2019;5894;P-NRV
2025-04-01;6923;PLP 201/2019;6008;AP
2025-04-01;6923;PLP 201/2019;6341;votou
2025-04-01;6923;PLP 201/2019;5008;votou
2025-04-01;6923;PLP 201/2019;5385;P-NRV
2025-04-01;6923;PLP 201/2019;6010;votou
2025-04-01;6923;PLP 201/2019;4770;votou
2025-04-01;6923;PLP 201/2019;35;AP
2025-04-01;6923;PLP 201/2019;6340;votou
2025-04-01;6923;PLP 201/2019;581;votou
2025-04-01;6923;PLP 201/2019;4531;votou
2025-04-01;6923;PLP 201/2019;5895;votou
2025-04-01;6923;PLP 201/2019;6342;votou
2025-04-01;6923;PLP 201/2019;6369;votou
2025-04-01;6923;PLP 201/2019;4811;votou
2025-04-01;6923;PLP 201/2019;5979;votou
2025-04-01;6923;PLP 201/2019;5926;votou
2025-04-01;6923;PLP 201/2019;1186;votou
2025-04-01;6923;PLP 201/2019;631;AP
2025-04-01;6923;PLP 201/2019;5376;votou
2025-04-01;6923;PLP 201/2019;742;P-NRV
2025-04-01;6923;PLP 201/2019;285;votou
2025-04-01;6923;PLP 201/2019;5422;votou
2025-04-01;6923;PLP 201/2019;5942;AP
2025-04-01;6923;PLP 201/2019;6304;votou
2025-04-01;6923;PLP 201/2019;6027;votou
2025-04-01;6923;PLP 201/2019;5985;P-NRV
2025-04-01;6923;PLP 201/2019;5525;votou
2025-04-01;6923;PLP 201/2019;5924;votou
2025-04-01;6923;PLP 201/2019;5523;votou
2025-04-01;6923;PLP 201/2019;825;votou
2025-04-01;6923;PLP 201/2019;5502;votou
2025-04-01;6923;PLP 201/2019;5386;votou
2025-04-01;6923;PLP 201/2019;5012;votou
2025-04-01;6923;PLP 201/2019;70;P-NRV
2025-04-01;6923;PLP 201/2019;5732;P-NRV
2025-04-01;6923;PLP 201/2019;4694;votou
2025-04-01;6923;PLP 201/2019;5352;P-NRV
2025-04-01;6923;PLP 201/2019;5322;P-NRV
2025-04-01;6923;PLP 201/2019;6331;votou
2025-04-01;6923;PLP 201/2019;5988;votou
2025-04-01;6923;PLP 201/2019;5959;votou
2025-04-01;6923;PLP 201/2019;4560;AP
2025-04-01;6923;PLP 201/2019;6338;votou
2025-04-01;6923;PLP 201/2019;5736;votou
2025-04-01;6923;PLP 201/2019;5899;votou
2025-04-01;6923;PLP 201/2019;5748;votou
2025-04-01;6923;PLP 201/2019;1173;P-NRV
2025-04-01;6923;PLP 201/2019;5411;votou
2025-04-01;6923;PLP 201/2019;5070;LP
2025-04-01;6923;PLP 201/2019;5783;votou
2025-04-01;6923;PLP 201/2019;3806;AP
2025-04-01;6924;PL 2088/2023;5672;votou
2025-04-01;6924;PL 2088/2023;5982;votou
2025-04-01;6924;PL 2088/2023;6358;AP
2025-04-01;6924;PL 2088/2023;5967;votou
2025-04-01;6924;PL 2088/2023;6009;votou
2025-04-01;6924;PL 2088/2023;6350;votou
2025-04-01;6924;PL 2088/2023;4639;votou
2025-04-01;6924;PL 2088/2023;5936;AP
2025-04-01;6924;PL 2088/2023;5990;votou
2025-04-01;6924;PL 2088/2023;470;votou
2025-04-01;6924;PL 2088/2023;5973;votou
2025-04-01;6924;PL 2088/2023;739;votou
2025-04-01;6924;PL 2088/2023;6337;votou
2025-04-01;6924;PL 2088/2023;475;votou
2025-04-01;6924;PL 2088/2023;6335;votou
2025-04-01;6924;PL 2088/2023;5998;votou
2025-04-01;6924;PL 2088/2023;3830;Presidente (art. 51 RISF)
2025-04-01;6924;PL 2088/2023;5793;votou
2025-04-01;6924;PL 2088/2023;5906;votou
2025-04-01;6924;PL 2088/2023;4994;votou
2025-04-01;6924;PL 2088/2023;5976;votou
2025-04-01;6924;PL 2088/2023;3777;votou
2025-04-01;6924;PL 2088/2023;4642;votou
2025-04-01;6924;PL 2088/2023;5718;AP
2025-04-01;6924;PL 2088/2023;22;votou
2025-04-01;6924;PL 2088/2023;5953;votou
2025-04-01;6924;PL 2088/2023;5917;votou
2025-04-01;6924;PL 2088/2023;6345;votou
2025-04-01;6924;PL 2088/2023;345;LS
2025-04-01;6924;PL 2088/2023;5894;votou
2025-04-01;6924;PL 2088/2023;6008;AP
2025-04-01;6924;PL 2088/2023;6341;votou
2025-04-01;6924;PL 2088/2023;5008;votou
2025-04-01;6924;PL 2088/2023;5385;votou
2025-04-01;6924;PL 2088/2023;6010;votou
2025-04-01;6924;PL 2088/2023;4770;votou
2025-04-01;6924;PL 2088/2023;35;AP
2025-04-01;6924;PL 2088/2023;6340;votou
2025-04-01;6924;PL 2088/2023;581;votou
2025-04-01;6924;PL 2088/2023;4531;votou
2025-04-01;6924;PL 2088/2023;5895;votou
2025-04-01;6924;PL 2088/2023;6342;votou
2025-04-01;6924;PL 2088/2023;6369;votou
2025-04-01;6924;PL 2088/2023;4811;votou
2025-04-01;6924;PL 2088/2023;5979;votou
2025-04-01;6924;PL 2088/2023;5926;votou
2025-04-01;6924;PL 2088/2023;1186;votou
2025-04-01;6924;PL 2088/2023;631;AP
2025-04-01;6924;PL 2088/2023;5376;votou
2025-04-01;6924;PL 2088/2023;742;votou
2025-04-01;6924;PL 2088/2023;285;votou
2025-04-01;6924;PL 2088/2023;5422;votou
2025-04-01;6924;PL 2088/2023;5942;AP
2025-04-01;6924;PL 2088/2023;6304;votou
2025-04-01;6924;PL 2088/2023;6027;votou
2025-04-01;6924;PL 2088/2023;5985;votou
2025-04-01;6924;PL 2088/2023;5525;votou
2025-04-01;6924;PL 2088/2023;5924;votou
2025-04-01;6924;PL 2088/2023;5523;votou
2025-04-01;6924;PL 2088/2023;825;votou
2025-04-01;6924;PL 2088/2023;5502;votou
2025-04-01;6924;PL 2088/2023;5386;votou
2025-04-01;6924;PL 2088/2023;5012;votou
2025-04-01;6924;PL 2088/2023;70;votou
2025-04-01;6924;PL 2088/2023;5732;votou
2025-04-01;6924;PL 2088/2023;4694;votou
2025-04-01;6924;PL 2088/2023;5352;votou
2025-04-01;6924;PL 2088/2023;5322;votou
2025-04-01;6924;PL 2088/2023;6331;votou
2025-04-01;6924;PL 2088/2023;5988;votou
2025-04-01;6924;PL 2088/2023;5959;votou
2025-04-01;6924;PL 2088/2023;4560;AP
2025-04-01;6924;PL 2088/2023;6338;votou
2025-04-01;6924;PL 2088/2023;5736;votou
2025-04-01;6924;PL 2088/2023;5899;votou
2025-04-01;6924;PL 2088/2023;5748;votou
2025-04-01;6924;PL 2088/2023;1173;votou
2025-04-01;6924;PL 2088/2023;5411;votou
2025-04-01;6924;PL 2088/2023;5070;LP
2025-04-01;6924;PL 2088/2023;5783;votou
2025-04-01;6924;PL 2088/2023;3806;votou
2025-04-08;6925;PEC 2/2016;5672;votou
2025-04-08;6925;PEC 2/2016;5982;votou
2025-04-08;6925;PEC 2/2016;6358;AP
2025-04-08;6925;PEC 2/2016;5967;votou
2025-04-08;6925;PEC 2/2016;6009;MIS
2025-04-08;6925;PEC 2/2016;6350;votou
2025-04-08;6925;PEC 2/2016;4639;votou
2025-04-08;6925;PEC 2/2016;5936;votou
2025-04-08;6925;PEC 2/2016;5990;votou
2025-04-08;6925;PEC 2/2016;470;LS
2025-04-08;6925;PEC 2/2016;5973;votou
2025-04-08;6925;PEC 2/2016;739;AP
2025-04-08;6925;PEC 2/2016;6337;votou
2025-04-08;6925;PEC 2/2016;475;votou
2025-04-08;6925;PEC 2/2016;6335;votou
2025-04-08;6925;PEC 2/2016;5998;votou
2025-04-08;6925;PEC 2/2016;3830;Presidente (art. 51 RISF)
2025-04-08;6925;PEC 2/2016;5793;votou
2025-04-08;6925;PEC 2/2016;5906;votou
2025-04-08;6925;PEC 2/2016;4994;AP
2025-04-08;6925;PEC 2/2016;5976;votou
2025-04-08;6925;PEC 2/2016;3777;votou
2025-04-08;6925;PEC 2/2016;4642;votou
2025-04-08;6925;PEC 2/2016;5718;AP
2025-04-08;6925;PEC 2/2016;22;votou
2025-04-08;6925;PEC 2/2016;5953;votou
2025-04-08;6925;PEC 2/2016;5917;votou
2025-04-08;6925;PEC 2/2016;6345;votou
2025-04-08;6925;PEC 2/2016;345;votou
2025-04-08;6925;PEC 2/2016;5894;votou
2025-04-08;6925;PEC 2/2016;6008;AP
2025-04-08;6925;PEC 2/2016;6341;votou
2025-04-08;6925;PEC 2/2016;5008;votou
2025-04-08;6925;PEC 2/2016;5385;AP
2025-04-08;6925;PEC 2/2016;6010;votou
2025-04-08;6925;PEC 2/2016;4770;votou
2025-04-08;6925;PEC 2/2016;35;AP
2025-04-08;6925;PEC 2/2016;6340;P-NRV
2025-04-08;6925;PEC 2/2016;581;votou
2025-04-08;6925;PEC 2/2016;4531;votou
2025-04-08;6925;PEC 2/2016;5895;votou
2025-04-08;6925;PEC 2/2016;6342;votou
2025-04-08;6925;PEC 2/2016;6369;AP
2025-04-08;6925;PEC 2/2016;4811;votou
2025-04-08;6925;PEC 2/2016;5979;votou
2025-04-08;6925;PEC 2/2016;5926;votou
2025-04-08;6925;PEC 2/2016;1186;P-NRV
2025-04-08;6925;PEC 2/2016;631;P-NRV
2025-04-08;6925;PEC 2/2016;5376;votou
2025-04-08;6925;PEC 2/2016;742;votou
2025-04-08;6925;PEC 2/2016;285;votou
2025-04-08;6925;PEC 2/2016;5422;votou
2025-04-08;6925;PEC 2/2016;5942;AP
2025-04-08;6925;PEC 2/2016;6304;votou
2025-04-08;6925;PEC 2/2016;6027;votou
2025-04-08;6925;PEC 2/2016;5985;votou
2025-04-08;6925;PEC 2/2016;5525;votou
2025-04-08;6925;PEC 2/2016;5924;votou
2025-04-08;6925;PEC 2/2016;5523;votou
2025-04-08;6925;PEC 2/2016;825;votou
2025-04-08;6925;PEC 2/2016;5502;votou
2025-04-08;6925;PEC 2/2016;5386;votou
2025-04-08;6925;PEC 2/2016;5012;votou
2025-04-08;6925;PEC 2/2016;70;votou
2025-04-08;6925;PEC 2/2016;5732;P-NRV
2025-04-08;6925;PEC 2/2016;4694;votou
2025-04-08;6925;PEC 2/2016;5352;votou
2025-04-08;6925;PEC 2/2016;5322;votou
2025-04-08;6925;PEC 2/2016;6331;votou
2025-04-08;6925;PEC 2/2016;5988;votou
2025-04-08;6925;PEC 2/2016;5959;LS
2025-04-08;6925;PEC 2/2016;4560;votou
2025-04-08;6925;PEC 2/2016;6338;votou
2025-04-08;6925;PEC 2/2016;5736;votou
2025-04-08;6925;PEC 2/2016;5899;votou
2025-04-08;6925;PEC 2/2016;5748;votou
2025-04-08;6925;PEC 2/2016;1173;votou
2025-04-08;6925;PEC 2/2016;5411;votou
2025-04-08;6925;PEC 2/2016;5070;votou
2025-04-08;6925;PEC 2/2016;5783;votou
2025-04-08;6925;PEC 2/2016;3806;votou
2025-04-08;6926;PEC 2/2016;5672;votou
2025-04-08;6926;PEC 2/2016;5982;P-NRV
2025-04-08;6926;PEC 2/2016;6358;AP
2025-04-08;6926;PEC 2/2016;5967;votou
2025-04-08;6926;PEC 2/2016;6009;MIS
2025-04-08;6926;PEC 2/2016;6350;votou
2025-04-08;6926;PEC 2/2016;4639;votou
2025-04-08;6926;PEC 2/2016;5936;votou
2025-04-08;6926;PEC 2/2016;5990;votou
2025-04-08;6926;PEC 2/2016;470;LS
2025-04-08;6926;PEC 2/2016;5973;votou
2025-04-08;6926;PEC 2/2016;739;AP
2025-04-08;6926;PEC 2/2016;6337;votou
2025-04-08;6926;PEC 2/2016;475;votou
2025-04-08;6926;PEC 2/2016;6335;votou
2025-04-08;6926;PEC 2/2016;5998;votou
2025-04-08;6926;PEC 2/2016;3830;Presidente (art. 51 RISF)
2025-04-08;6926;PEC 2/2016;5793;votou
2025-04-08;6926;PEC 2/2016;5906;votou
2025-04-08;6926;PEC 2/2016;4994;AP
2025-04-08;6926;PEC 2/2016;5976;votou
2025-04-08;6926;PEC 2/2016;3777;votou
2025-04-08;6926;PEC 2/2016;4642;votou
2025-04-08;6926;PEC 2/2016;5718;AP
2025-04-08;6926;PEC 2/2016;22;votou
2025-04-08;6926;PEC 2/2016;5953;votou
2025-04-08;6926;PEC 2/2016;5917;votou
2025-04-08;6926;PEC 2/2016;6345;votou
2025-04-08;6926;PEC 2/2016;345;votou
2025-04-08;6926;PEC 2/2016;5894;votou
2025-04-08;6926;PEC 2/2016;6008;AP
2025-04-08;6926;PEC 2/2016;6341;votou
2025-04-08;6926;PEC 2/2016;5008;votou
2025-04-08;6926;PEC 2/2016;5385;AP
2025-04-08;6926;PEC 2/2016;6010;votou
2025-04-08;6926;PEC 2/2016;4770;P-NRV
2025-04-08;6926;PEC 2/2016;35;AP
2025-04-08;6926;PEC 2/2016;6340;P-NRV
2025-04-08;6926;PEC 2/2016;581;votou
2025-04-08;6926;PEC 2/2016;4531;votou
2025-04-08;6926;PEC 2/2016;5895;votou
2025-04-08;6926;PEC 2/2016;6342;votou
2025-04-08;6926;PEC 2/2016;6369;AP
2025-04-08;6926;PEC 2/2016;4811;votou
2025-04-08;6926;PEC 2/2016;5979;votou
2025-04-08;6926;PEC 2/2016;5926;votou
2025-04-08;6926;PEC 2/2016;1186;votou
2025-04-08;6926;PEC 2/2016;631;P-NRV
2025-04-08;6926;PEC 2/2016;5376;votou
2025-04-08;6926;PEC 2/2016;742;votou
2025-04-08;6926;PEC 2/2016;285;votou
2025-04-08;6926;PEC 2/2016;5422;P-NRV
2025-04-08;6926;PEC 2/2016;5942;AP
2025-04-08;6926;PEC 2/2016;6304;votou
2025-04-08;6926;PEC 2/2016;6027;votou
2025-04-08;6926;PEC 2/2016;5985;votou
2025-04-08;6926;PEC 2/2016;5525;votou
2025-04-08;6926;PEC 2/2016;5924;votou
2025-04-08;6926;PEC 2/2016;5523;votou
2025-04-08;6926;PEC 2/2016;825;votou
2025-04-08;6926;PEC 2/2016;5502;votou
2025-04-08;6926;PEC 2/2016;5386;votou
2025-04-08;6926;PEC 2/2016;5012;votou
2025-04-08;6926;PEC 2/2016;70;P-NRV
2025-04-08;6926;PEC 2/2016;5732;votou
2025-04-08;6926;PEC 2/2016;4694;P-NRV
2025-04-08;6926;PEC 2/2016;5352;votou
2025-04-08;6926;PEC 2/2016;5322;votou
2025-04-08;6926;PEC 2/2016;6331;votou
2025-04-08;6926;PEC 2/2016;5988;votou
2025-04-08;6926;PEC 2/2016;5959;LS
2025-04-08;6926;PEC 2/2016;4560;MIS
2025-04-08;6926;PEC 2/2016;6338;votou
2025-04-08;6926;PEC 2/2016;5736;votou
2025-04-08;6926;PEC 2/2016;5899;votou
2025-04-08;6926;PEC 2/2016;5748;votou
2025-04-08;6926;PEC 2/2016;1173;P-NRV
2025-04-08;6926;PEC 2/2016;5411;votou
2025-04-08;6926;PEC 2/2016;5070;votou
2025-04-08;6926;PEC 2/2016;5783;votou
2025-04-08;6926;PEC 2/2016;3806;votou
2025-04-29;6927;PLP 48/2023;5672;MIS
2025-04-29;6927;PLP 48/2023;5982;AP
2025-04-29;6927;PLP 48/2023;6358;AP
2025-04-29;6927;PLP 48/2023;5967;AP
2025-04-29;6927;PLP 48/2023;6009;MIS
2025-04-29;6927;PLP 48/2023;6350;AP
2025-04-29;6927;PLP 48/2023;4639;votou
2025-04-29;6927;PLP 48/2023;5936;votou
2025-04-29;6927;PLP 48/2023;5990;AP
2025-04-29;6927;PLP 48/2023;470;MIS
2025-04-29;6927;PLP 48/2023;5973;AP
2025-04-29;6927;PLP 48/2023;739;votou
2025-04-29;6927;PLP 48/2023;6337;votou
2025-04-29;6927;PLP 48/2023;475;votou
2025-04-29;6927;PLP 48/2023;6335;votou
2025-04-29;6927;PLP 48/2023;5998;votou
2025-04-29;6927;PLP 48/2023;3830;Presidente (art. 51 RISF)
2025-04-29;6927;PLP 48/2023;5793;votou
2025-04-29;6927;PLP 48/2023;5906;votou
2025-04-29;6927;PLP 48/2023;4994;AP
2025-04-29;6927;PLP 48/2023;5976;votou
2025-04-29;6927;PLP 48/2023;3777;AP
2025-04-29;6927;PLP 48/2023;4642;votou
2025-04-29;6927;PLP 48/2023;5718;AP
2025-04-29;6927;PLP 48/2023;22;MIS
2025-04-29;6927;PLP 48/2023;5953;votou
2025-04-29;6927;PLP 48/2023;5917;votou
2025-04-29;6927;PLP 48/2023;6345;votou
2025-04-29;6927;PLP 48/2023;345;LS
2025-04-29;6927;PLP 48/2023;5894;votou
2025-04-29;6927;PLP 48/2023;6008;AP
2025-04-29;6927;PLP 48/2023;6341;votou
2025-04-29;6927;PLP 48/2023;5008;votou
2025-04-29;6927;PLP 48/2023;5385;votou
2025-04-29;6927;PLP 48/2023;6010;LS
2025-04-29;6927;PLP 48/2023;4770;votou
2025-04-29;6927;PLP 48/2023;35;votou
2025-04-29;6927;PLP 48/2023;6340;votou
2025-04-29;6927;PLP 48/2023;581;votou
2025-04-29;6927;PLP 48/2023;4531;votou
2025-04-29;6927;PLP 48/2023;5895;AP
2025-04-29;6927;PLP 48/2023;6342;MIS
2025-04-29;6927;PLP 48/2023;6369;votou
2025-04-29;6927;PLP 48/2023;4811;votou
2025-04-29;6927;PLP 48/2023;5979;votou
2025-04-29;6927;PLP 48/2023;5926;votou
2025-04-29;6927;PLP 48/2023;1186;votou
2025-04-29;6927;PLP 48/2023;631;votou
2025-04-29;6927;PLP 48/2023;5376;votou
2025-04-29;6927;PLP 48/2023;742;votou
2025-04-29;6927;PLP 48/2023;285;AP
2025-04-29;6927;PLP 48/2023;5422;votou
2025-04-29;6927;PLP 48/2023;5942;AP
2025-04-29;6927;PLP 48/2023;6304;votou
2025-04-29;6927;PLP 48/2023;6027;votou
2025-04-29;6927;PLP 48/2023;5985;MIS
2025-04-29;6927;PLP 48/2023;5525;AP
2025-04-29;6927;PLP 48/2023;5924;AP
2025-04-29;6927;PLP 48/2023;5523;AP
2025-04-29;6927;PLP 48/2023;825;votou
2025-04-29;6927;PLP 48/2023;5502;votou
2025-04-29;6927;PLP 48/2023;5386;MIS
2025-04-29;6927;PLP 48/2023;5012;votou
2025-04-29;6927;PLP 48/2023;70;votou
2025-04-29;6927;PLP 48/2023;5732;votou
2025-04-29;6927;PLP 48/2023;4694;votou
2025-04-29;6927;PLP 48/2023;5352;votou
2025-04-29;6927;PLP 48/2023;5322;AP
2025-04-29;6927;PLP 48/2023;6331;MIS
2025-04-29;6927;PLP 48/2023;5988;votou
2025-04-29;6927;PLP 48/2023;5959;votou
2025-04-29;6927;PLP 48/2023;4560;votou
2025-04-29;6927;PLP 48/2023;6338;votou
2025-04-29;6927;PLP 48/2023;5736;votou
2025-04-29;6927;PLP 48/2023;5899;votou
2025-04-29;6927;PLP 48/2023;5748;AP
2025-04-29;6927;PLP 48/2023;1173;votou
2025-04-29;6927;PLP 48/2023;5411;votou
2025-04-29;6927;PLP 48/2023;5070;votou
2025-04-29;6927;PLP 48/2023;5783;votou
2025-04-29;6927;PLP 48/2023;3806;votou
2025-05-20;6928;PEC 81/2015;5672;votou
2025-05-20;6928;PEC 81/2015;5982;LP
2025-05-20;6928;PEC 81/2015;6358;AP
2025-05-20;6928;PEC 81/2015;5967;votou
2025-05-20;6928;PEC 81/2015;6009;votou
2025-05-20;6928;PEC 81/2015;6350;votou
2025-05-20;6928;PEC 81/2015;4639;votou
2025-05-20;6928;PEC 81/2015;5936;votou
2025-05-20;6928;PEC 81/2015;5990;votou
2025-05-20;6928;PEC 81/2015;470;votou
2025-05-20;6928;PEC 81/2015;5973;votou
2025-05-20;6928;PEC 81/2015;739;votou
2025-05-20;6928;PEC 81/2015;6337;votou
2025-05-20;6928;PEC 81/2015;475;votou
2025-05-20;6928;PEC 81/2015;6335;votou
2025-05-20;6928;PEC 81/2015;5998;votou
2025-05-20;6928;PEC 81/2015;3830;AP
2025-05-20;6928;PEC 81/2015;5793;votou
2025-05-20;6928;PEC 81/2015;5906;votou
2025-05-20;6928;PEC 81/2015;4994;P-NRV
2025-05-20;6928;PEC 81/2015;5976;votou
2025-05-20;6928;PEC 81/2015;3777;MIS
2025-05-20;6928;PEC 81/2015;4642;votou
2025-05-20;6928;PEC 81/2015;5718;P-NRV
2025-05-20;6928;PEC 81/2015;22;votou
2025-05-20;6928;PEC 81/2015;5953;votou
2025-05-20;6928;PEC 81/2015;5917;AP
2025-05-20;6928;PEC 81/2015;6345;votou
2025-05-20;6928;PEC 81/2015;345;LS
2025-05-20;6928;PEC 81/2015;5894;AP
2025-05-20;6928;PEC 81/2015;6008;AP
2025-05-20;6928;PEC 81/2015;6341;votou
2025-05-20;6928;PEC 81/2015;5008;Presidente (art. 51 RISF)
2025-05-20;6928;PEC 81/2015;5385;AP
2025-05-20;6928;PEC 81/2015;6010;votou
2025-05-20;6928;PEC 81/2015;4770;votou
2025-05-20;6928;PEC 81/2015;35;votou
2025-05-20;6928;PEC 81/2015;6340;votou
2025-05-20;6928;PEC 81/2015;581;votou
2025-05-20;6928;PEC 81/2015;4531;votou
2025-05-20;6928;PEC 81/2015;5895;LS
2025-05-20;6928;PEC 81/2015;6342;votou
2025-05-20;6928;PEC 81/2015;6369;votou
2025-05-20;6928;PEC 81/2015;4811;votou
2025-05-20;6928;PEC 81/2015;5979;P-NRV
2025-05-20;6928;PEC 81/2015;5926;votou
2025-05-20;6928;PEC 81/2015;1186;votou
2025-05-20;6928;PEC 81/2015;631;votou
2025-05-20;6928;PEC 81/2015;5376;votou
2025-05-20;6928;PEC 81/2015;742;votou
2025-05-20;6928;PEC 81/2015;285;votou
2025-05-20;6928;PEC 81/2015;5422;votou
2025-05-20;6928;PEC 81/2015;5942;votou
2025-05-20;6928;PEC 81/2015;6304;votou
2025-05-20;6928;PEC 81/2015;6027;votou
2025-05-20;6928;PEC 81/2015;5985;votou
2025-05-20;6928;PEC 81/2015;5525;P-NRV
2025-05-20;6928;PEC 81/2015;5924;votou
2025-05-20;6928;PEC 81/2015;5523;votou
2025-05-20;6928;PEC 81/2015;825;votou
2025-05-20;6928;PEC 81/2015;5502;votou
2025-05-20;6928;PEC 81/2015;5386;votou
2025-05-20;6928;PEC 81/2015;5012;AP
2025-05-20;6928;PEC 81/2015;70;votou
2025-05-20;6928;PEC 81/2015;5732;AP
2025-05-20;6928;PEC 81/2015;4694;votou
2025-05-20;6928;PEC 81/2015;5352;votou
2025-05-20;6928;PEC 81/2015;5322;NCom
2025-05-20;6928;PEC 81/2015;6331;votou
2025-05-20;6928;PEC 81/2015;5988;LS
2025-05-20;6928;PEC 81/2015;5959;votou
2025-05-20;6928;PEC 81/2015;4560;votou
2025-05-20;6928;PEC 81/2015;6338;AP
2025-05-20;6928;PEC 81/2015;5736;P-NRV
2025-05-20;6928;PEC 81/2015;5899;votou
2025-05-20;6928;PEC 81/2015;5748;MIS
2025-05-20;6928;PEC 81/2015;1173;votou
2025-05-20;6928;PEC 81/2015;5411;P-NRV
2025-05-20;6928;PEC 81/2015;5070;votou
2025-05-20;6928;PEC 81/2015;5783;NA
2025-05-20;6928;PEC 81/2015;3806;votou
2025-05-20;6929;PEC 81/2015;5672;votou
2025-05-20;6929;PEC 81/2015;5982;LP
2025-05-20;6929;PEC 81/2015;6358;AP
2025-05-20;6929;PEC 81/2015;5967;votou
2025-05-20;6929;PEC 81/2015;6009;votou
2025-05-20;6929;PEC 81/2015;6350;votou
2025-05-20;6929;PEC 81/2015;4639;votou
2025-05-20;6929;PEC 81/2015;5936;votou
2025-05-20;6929;PEC 81/2015;5990;votou
2025-05-20;6929;PEC 81/2015;470;votou
2025-05-20;6929;PEC 81/2015;5973;P-NRV
2025-05-20;6929;PEC 81/2015;739;votou
2025-05-20;6929;PEC 81/2015;6337;votou
2025-05-20;6929;PEC 81/2015;475;votou
2025-05-20;6929;PEC 81/2015;6335;votou
2025-05-20;6929;PEC 81/2015;5998;votou
2025-05-20;6929;PEC 81/2015;3830;AP
2025-05-20;6929;PEC 81/2015;5793;votou
2025-05-20;6929;PEC 81/2015;5906;votou
2025-05-20;6929;PEC 81/2015;4994;votou
2025-05-20;6929;PEC 81/2015;5976;votou
2025-05-20;6929;PEC 81/2015;3777;MIS
2025-05-20;6929;PEC 81/2015;4642;votou
2025-05-20;6929;PEC 81/2015;5718;votou
2025-05-20;6929;PEC 81/2015;22;votou
2025-05-20;6929;PEC 81/2015;5953;votou
2025-05-20;6929;PEC 81/2015;5917;AP
2025-05-20;6929;PEC 81/2015;6345;votou
2025-05-20;6929;PEC 81/2015;345;LS
2025-05-20;6929;PEC 81/2015;5894;AP
2025-05-20;6929;PEC 81/2015;6008;AP
2025-05-20;6929;PEC 81/2015;6341;votou
2025-05-20;6929;PEC 81/2015;5008;Presidente (art. 51 RISF)
2025-05-20;6929;PEC 81/2015;5385;AP
2025-05-20;6929;PEC 81/2015;6010;P-NRV
2025-05-20;6929;PEC 81/2015;4770;votou
2025-05-20;6929;PEC 81/2015;35;votou
2025-05-20;6929;PEC 81/2015;6340;votou
2025-05-20;6929;PEC 81/2015;581;votou
2025-05-20;6929;PEC 81/2015;4531;votou
2025-05-20;6929;PEC 81/2015;5895;LS
2025-05-20;6929;PEC 81/2015;6342;votou
2025-05-20;6929;PEC 81/2015;6369;votou
2025-05-20;6929;PEC 81/2015;4811;votou
2025-05-20;6929;PEC 81/2015;5979;votou
2025-05-20;6929;PEC 81/2015;5926;votou
2025-05-20;6929;PEC 81/2015;1186;votou
2025-05-20;6929;PEC 81/2015;631;votou
2025-05-20;6929;PEC 81/2015;5376;votou
2025-05-20;6929;PEC 81/2015;742;votou
2025-05-20;6929;PEC 81/2015;285;votou
2025-05-20;6929;PEC 81/2015;5422;votou
2025-05-20;6929;PEC 81/2015;5942;votou
2025-05-20;6929;PEC 81/2015;6304;P-NRV
2025-05-20;6929;PEC 81/2015;6027;votou
2025-05-20;6929;PEC 81/2015;5985;votou
2025-05-20;6929;PEC 81/2015;5525;votou
2025-05-20;6929;PEC 81/2015;5924;votou
2025-05-20;6929;PEC 81/2015;5523;votou
2025-05-20;6929;PEC 81/2015;825;votou
2025-05-20;6929;PEC 81/2015;5502;votou
2025-05-20;6929;PEC 81/2015;5386;votou
2025-05-20;6929;PEC 81/2015;5012;AP
2025-05-20;6929;PEC 81/2015;70;P-NRV
2025-05-20;6929;PEC 81/2015;5732;AP
2025-05-20;6929;PEC 81/2015;4694;P-NRV
2025-05-20;6929;PEC 81/2015;5352;votou
2025-05-20;6929;PEC 81/2015;5322;NCom
2025-05-20;6929;PEC 81/2015;6331;votou
2025-05-20;6929;PEC 81/2015;5988;LS
2025-05-20;6929;PEC 81/2015;5959;P-NRV
2025-05-20;6929;PEC 81/2015;4560;votou
2025-05-20;6929;PEC 81/2015;6338;AP
2025-05-20;6929;PEC 81/2015;5736;votou
2025-05-20;6929;PEC 81/2015;5899;votou
2025-05-20;6929;PEC 81/2015;5748;MIS
2025-05-20;6929;PEC 81/2015;1173;votou
2025-05-20;6929;PEC 81/2015;5411;P-NRV
2025-05-20;6929;PEC 81/2015;5070;P-NRV
2025-05-20;6929;PEC 81/2015;5783;NA
2025-05-20;6929;PEC 81/2015;3806;votou
2025-05-21;6930;MSF 3/2025;5672;P-NRV
2025-05-21;6930;MSF 3/2025;5982;LP
2025-05-21;6930;MSF 3/2025;6358;votou
2025-05-21;6930;MSF 3/2025;5967;P-NRV
2025-05-21;6930;MSF 3/2025;6009;votou
2025-05-21;6930;MSF 3/2025;6350;votou
2025-05-21;6930;MSF 3/2025;4639;votou
2025-05-21;6930;MSF 3/2025;5936;votou
2025-05-21;6930;MSF 3/2025;5990;P-NRV
2025-05-21;6930;MSF 3/2025;470;votou
2025-05-21;6930;MSF 3/2025;5973;AP
2025-05-21;6930;MSF 3/2025;739;votou
2025-05-21;6930;MSF 3/2025;6337;votou
2025-05-21;6930;MSF 3/2025;475;P-NRV
2025-05-21;6930;MSF 3/2025;6335;votou
2025-05-21;6930;MSF 3/2025;5998;AP
2025-05-21;6930;MSF 3/2025;3830;Presidente (art. 51 RISF)
2025-05-21;6930;MSF 3/2025;5793;votou
2025-05-21;6930;MSF 3/2025;5906;votou
2025-05-21;6930;MSF 3/2025;4994;P-NRV
2025-05-21;6930;MSF 3/2025;5976;votou
2025-05-21;6930;MSF 3/2025;3777;MIS
2025-05-21;6930;MSF 3/2025;4642;P-NRV
2025-05-21;6930;MSF 3/2025;5718;P-NRV
2025-05-21;6930;MSF 3/2025;22;votou
2025-05-21;6930;MSF 3/2025;5953;votou
2025-05-21;6930;MSF 3/2025;5917;AP
2025-05-21;6930;MSF 3/2025;6345;P-NRV
2025-05-21;6930;MSF 3/2025;345;LS
2025-05-21;6930;MSF 3/2025;5894;votou
2025-05-21;6930;MSF 3/2025;6008;AP
2025-05-21;6930;MSF 3/2025;6341;votou
2025-05-21;6930;MSF 3/2025;5008;votou
2025-05-21;6930;MSF 3/2025;5385;P-NRV
2025-05-21;6930;MSF 3/2025;6010;votou
2025-05-21;6930;MSF 3/2025;4770;P-NRV
2025-05-21;6930;MSF 3/2025;35;P-NRV
2025-05-21;6930;MSF 3/2025;6340;votou
2025-05-21;6930;MSF 3/2025;581;votou
2025-05-21;6930;MSF 3/2025;4531;votou
2025-05-21;6930;MSF 3/2025;5895;votou
2025-05-21;6930;MSF 3/2025;6342;P-NRV
2025-05-21;6930;MSF 3/2025;6369;votou
2025-05-21;6930;MSF 3/2025;4811;votou
2025-05-21;6930;MSF 3/2025;5979;P-NRV
2025-05-21;6930;MSF 3/2025;5926;votou
2025-05-21;6930;MSF 3/2025;1186;votou
2025-05-21;6930;MSF 3/2025;631;P-NRV
2025-05-21;6930;MSF 3/2025;5376;P-NRV
2025-05-21;6930;MSF 3/2025;742;votou
2025-05-21;6930;MSF 3/2025;285;P-NRV
2025-05-21;6930;MSF 3/2025;5422;votou
2025-05-21;6930;MSF 3/2025;5942;votou
2025-05-21;6930;MSF 3/2025;6304;votou
2025-05-21;6930;MSF 3/2025;6027;P-NRV
2025-05-21;6930;MSF 3/2025;5985;votou
2025-05-21;6930;MSF 3/2025;5525;votou
2025-05-21;6930;MSF 3/2025;5924;votou
2025-05-21;6930;MSF 3/2025;5523;votou
2025-05-21;6930;MSF 3/2025;825;votou
2025-05-21;6930;MSF 3/2025;5502;votou
2025-05-21;6930;MSF 3/2025;5386;P-NRV
2025-05-21;6930;MSF 3/2025;5012;votou
2025-05-21;6930;MSF 3/2025;70;P-NRV
2025-05-21;6930;MSF 3/2025;5732;AP
2025-05-21;6930;MSF 3/2025;4694;votou
2025-05-21;6930;MSF 3/2025;5352;votou
2025-05-21;6930;MSF 3/2025;5322;NCom
2025-05-21;6930;MSF 3/2025;6331;votou
2025-05-21;6930;MSF 3/2025;5988;LS
2025-05-21;6930;MSF 3/2025;5959;votou
2025-05-21;6930;MSF 3/2025;4560;P-NRV
2025-05-21;6930;MSF 3/2025;6338;P-NRV
2025-05-21;6930;MSF 3/2025;5736;P-NRV
2025-05-21;6930;MSF 3/2025;5899;P-NRV
2025-05-21;6930;MSF 3/2025;5748;MIS
2025-05-21;6930;MSF 3/2025;1173;P-NRV
2025-05-21;6930;MSF 3/2025;5411;P-NRV
2025-05-21;6930;MSF 3/2025;5070;votou
2025-05-21;6930;MSF 3/2025;5783;NA
2025-05-21;6930;MSF 3/2025;3806;votou
2025-05-21;6931;MSF 11/2025;5672;P-NRV
2025-05-21;6931;MSF 11/2025;5982;LP
2025-05-21;6931;MSF 11/2025;6358;votou
2025-05-21;6931;MSF 11/2025;5967;P-NRV
2025-05-21;6931;MSF 11/2025;6009;votou
2025-05-21;6931;MSF 11/2025;6350;P-NRV
2025-05-21;6931;MSF 11/2025;4639;votou
2025-05-21;6931;MSF 11/2025;5936;votou
2025-05-21;6931;MSF 11/2025;5990;P-NRV
2025-05-21;6931;MSF 11/2025;470;votou
2025-05-21;6931;MSF 11/2025;5973;AP
2025-05-21;6931;MSF 11/2025;739;P-NRV
2025-05-21;6931;MSF 11/2025;6337;votou
2025-05-21;6931;MSF 11/2025;475;P-NRV
2025-05-21;6931;MSF 11/2025;6335;votou
2025-05-21;6931;MSF 11/2025;5998;AP
2025-05-21;6931;MSF 11/2025;3830;votou
2025-05-21;6931;MSF 11/2025;5793;votou
2025-05-21;6931;MSF 11/2025;5906;votou
2025-05-21;6931;MSF 11/2025;4994;P-NRV
2025-05-21;6931;MSF 11/2025;5976;P-NRV
2025-05-21;6931;MSF 11/2025;3777;MIS
2025-05-21;6931;MSF 11/2025;4642;P-NRV
2025-05-21;6931;MSF 11/2025;5718;P-NRV
2025-05-21;6931;MSF 11/2025;22;votou
2025-05-21;6931;MSF 11/2025;5953;votou
2025-05-21;6931;MSF 11/2025;5917;AP
2025-05-21;6931;MSF 11/2025;6345;P-NRV
2025-05-21;6931;MSF 11/2025;345;LS
2025-05-21;6931;MSF 11/2025;5894;votou
2025-05-21;6931;MSF 11/2025;6008;AP
2025-05-21;6931;MSF 11/2025;6341;votou
2025-05-21;6931;MSF 11/2025;5008;P-NRV
2025-05-21;6931;MSF 11/2025;5385;P-NRV
2025-05-21;6931;MSF 11/2025;6010;votou
2025-05-21;6931;MSF 11/2025;4770;P-NRV
2025-05-21;6931;MSF 11/2025;35;P-NRV
2025-05-21;6931;MSF 11/2025;6340;votou
2025-05-21;6931;MSF 11/2025;581;votou
2025-05-21;6931;MSF 11/2025;4531;votou
2025-05-21;6931;MSF 11/2025;5895;votou
2025-05-21;6931;MSF 11/2025;6342;P-NRV
2025-05-21;6931;MSF 11/2025;6369;votou
2025-05-21;6931;MSF 11/2025;4811;votou
2025-05-21;6931;MSF 11/2025;5979;P-NRV
2025-05-21;6931;MSF 11/2025;5926;votou
2025-05-21;6931;MSF 11/2025;1186;votou
2025-05-21;6931;MSF 11/2025;631;P-NRV
2025-05-21;6931;MSF 11/2025;5376;P-NRV
2025-05-21;6931;MSF 11/2025;742;votou
2025-05-21;6931;MSF 11/2025;285;P-NRV
2025-05-21;6931;MSF 11/2025;5422;votou
2025-05-21;6931;MSF 11/2025;5942;votou
2025-05-21;6931;MSF 11/2025;6304;votou
2025-05-21;6931;MSF 11/2025;6027;votou
2025-05-21;6931;MSF 11/2025;5985;votou
2025-05-21;6931;MSF 11/2025;5525;votou
2025-05-21;6931;MSF 11/2025;5924;votou
2025-05-21;6931;MSF 11/2025;5523;P-NRV
2025-05-21;6931;MSF 11/2025;825;votou
2025-05-21;6931;MSF 11/2025;5502;votou
2025-05-21;6931;MSF 11/2025;5386;P-NRV
2025-05-21;6931;MSF 11/2025;5012;votou
2025-05-21;6931;MSF 11/2025;70;P-NRV
2025-05-21;6931;MSF 11/2025;5732;AP
2025-05-21;6931;MSF 11/2025;4694;votou
2025-05-21;6931;MSF 11/2025;5352;votou
2025-05-21;6931;MSF 11/2025;5322;NCom
2025-05-21;6931;MSF 11/2025;6331;votou
2025-05-21;6931;MSF 11/2025;5988;LS
2025-05-21;6931;MSF 11/2025;5959;votou
2025-05-21;6931;MSF 11/2025;4560;votou
2025-05-21;6931;MSF 11/2025;6338;votou
2025-05-21;6931;MSF 11/2025;5736;P-NRV
2025-05-21;6931;MSF 11/2025;5899;P-NRV
2025-05-21;6931;MSF 11/2025;5748;MIS
2025-05-21;6931;MSF 11/2025;1173;P-NRV
2025-05-21;6931;MSF 11/2025;5411;P-NRV
2025-05-21;6931;MSF 11/2025;5070;P-NRV
2025-05-21;6931;MSF 11/2025;5783;NA
2025-05-21;6931;MSF 11/2025;3806;votou
2025-05-21;6932;MSF 4/2025;5672;votou
2025-05-21;6932;MSF 4/2025;5982;LP
2025-05-21;6932;MSF 4/2025;6358;votou
2025-05-21;6932;MSF 4/2025;5967;P-NRV
2025-05-21;6932;MSF 4/2025;6009;votou
2025-05-21;6932;MSF 4/2025;6350;P-NRV
2025-05-21;6932;MSF 4/2025;4639;votou
2025-05-21;6932;MSF 4/2025;5936;votou
2025-05-21;6932;MSF 4/2025;5990;P-NRV
2025-05-21;6932;MSF 4/2025;470;votou
2025-05-21;6932;MSF 4/2025;5973;AP
2025-05-21;6932;MSF 4/2025;739;P-NRV
2025-05-21;6932;MSF 4/2025;6337;votou
2025-05-21;6932;MSF 4/2025;475;votou
2025-05-21;6932;MSF 4/2025;6335;votou
2025-05-21;6932;MSF 4/2025;5998;AP
2025-05-21;6932;MSF 4/2025;3830;votou
2025-05-21;6932;MSF 4/2025;5793;votou
2025-05-21;6932;MSF 4/2025;5906;votou
2025-05-21;6932;MSF 4/2025;4994;P-NRV
2025-05-21;6932;MSF 4/2025;5976;P-NRV
2025-05-21;6932;MSF 4/2025;3777;MIS
2025-05-21;6932;MSF 4/2025;4642;P-NRV
2025-05-21;6932;MSF 4/2025;5718;votou
2025-05-21;6932;MSF 4/2025;22;votou
2025-05-21;6932;MSF 4/2025;5953;votou
2025-05-21;6932;MSF 4/2025;5917;AP
2025-05-21;6932;MSF 4/2025;6345;P-NRV
2025-05-21;6932;MSF 4/2025;345;LS
2025-05-21;6932;MSF 4/2025;5894;votou
2025-05-21;6932;MSF 4/2025;6008;AP
2025-05-21;6932;MSF 4/2025;6341;votou
2025-05-21;6932;MSF 4/2025;5008;P-NRV
2025-05-21;6932;MSF 4/2025;5385;P-NRV
2025-05-21;6932;MSF 4/2025;6010;votou
2025-05-21;6932;MSF 4/2025;4770;votou
2025-05-21;6932;MSF 4/2025;35;P-NRV
2025-05-21;6932;MSF 4/2025;6340;votou
2025-05-21;6932;MSF 4/2025;581;votou
2025-05-21;6932;MSF 4/2025;4531;votou
2025-05-21;6932;MSF 4/2025;5895;P-NRV
2025-05-21;6932;MSF 4/2025;6342;P-NRV
2025-05-21;6932;MSF 4/2025;6369;votou
2025-05-21;6932;MSF 4/2025;4811;votou
2025-05-21;6932;MSF 4/2025;5979;P-NRV
2025-05-21;6932;MSF 4/2025;5926;votou
2025-05-21;6932;MSF 4/2025;1186;P-NRV
2025-05-21;6932;MSF 4/2025;631;P-NRV
2025-05-21;6932;MSF 4/2025;5376;P-NRV
2025-05-21;6932;MSF 4/2025;742;votou
2025-05-21;6932;MSF 4/2025;285;P-NRV
2025-05-21;6932;MSF 4/2025;5422;votou
2025-05-21;6932;MSF 4/2025;5942;P-NRV
2025-05-21;6932;MSF 4/2025;6304;votou
2025-05-21;6932;MSF 4/2025;6027;votou
2025-05-21;6932;MSF 4/2025;5985;votou
2025-05-21;6932;MSF 4/2025;5525;P-NRV
2025-05-21;6932;MSF 4/2025;5924;votou
2025-05-21;6932;MSF 4/2025;5523;P-NRV
2025-05-21;6932;MSF 4/2025;825;votou
2025-05-21;6932;MSF 4/2025;5502;P-NRV
2025-05-21;6932;MSF 4/2025;5386;P-NRV
2025-05-21;6932;MSF 4/2025;5012;votou
2025-05-21;6932;MSF 4/2025;70;P-NRV
2025-05-21;6932;MSF 4/2025;5732;AP
2025-05-21;6932;MSF 4/2025;4694;votou
2025-05-21;6932;MSF 4/2025;5352;votou
2025-05-21;6932;MSF 4/2025;5322;NCom
2025-05-21;6932;MSF 4/2025;6331;votou
2025-05-21;6932;MSF 4/2025;5988;votou
2025-05-21;6932;MSF 4/2025;5959;votou
2025-05-21;6932;MSF 4/2025;4560;votou
2025-05-21;6932;MSF 4/2025;6338;votou
2025-05-21;6932;MSF 4/2025;5736;votou
2025-05-21;6932;MSF 4/2025;5899;P-NRV
2025-05-21;6932;MSF 4/2025;5748;MIS
2025-05-21;6932;MSF 4/2025;1173;votou
2025-05-21;6932;MSF 4/2025;5411;P-NRV
2025-05-21;6932;MSF 4/2025;5070;P-NRV
2025-05-21;6932;MSF 4/2025;5783;NA
2025-05-21;6932;MSF 4/2025;3806;votou
2025-05-21;6933;MSF 2/2025;5672;votou
2025-05-21;6933;MSF 2/2025;5982;LP
2025-05-21;6933;MSF 2/2025;6358;votou
2025-05-21;6933;MSF 2/2025;5967;votou
2025-05-21;6933;MSF 2/2025;6009;votou
2025-05-21;6933;MSF 2/2025;6350;P-NRV
2025-05-21;6933;MSF 2/2025;4639;votou
2025-05-21;6933;MSF 2/2025;5936;votou
2025-05-21;6933;MSF 2/2025;5990;votou
2025-05-21;6933;MSF 2/2025;470;votou
2025-05-21;6933;MSF 2/2025;5973;AP
2025-05-21;6933;MSF 2/2025;739;P-NRV
2025-05-21;6933;MSF 2/2025;6337;votou
2025-05-21;6933;MSF 2/2025;475;votou
2025-05-21;6933;MSF 2/2025;6335;votou
2025-05-21;6933;MSF 2/2025;5998;AP
2025-05-21;6933;MSF 2/2025;3830;votou
2025-05-21;6933;MSF 2/2025;5793;P-NRV
2025-05-21;6933;MSF 2/2025;5906;votou
2025-05-21;6933;MSF 2/2025;4994;P-NRV
2025-05-21;6933;MSF 2/2025;5976;P-NRV
2025-05-21;6933;MSF 2/2025;3777;MIS
2025-05-21;6933;MSF 2/2025;4642;P-NRV
2025-05-21;6933;MSF 2/2025;5718;votou
2025-05-21;6933;MSF 2/2025;22;votou
2025-05-21;6933;MSF 2/2025;5953;votou
2025-05-21;6933;MSF 2/2025;5917;AP
2025-05-21;6933;MSF 2/2025;6345;votou
2025-05-21;6933;MSF 2/2025;345;LS
2025-05-21;6933;MSF 2/2025;5894;votou
2025-05-21;6933;MSF 2/2025;6008;AP
2025-05-21;6933;MSF 2/2025;6341;votou
2025-05-21;6933;MSF 2/2025;5008;P-NRV
2025-05-21;6933;MSF 2/2025;5385;P-NRV
2025-05-21;6933;MSF 2/2025;6010;votou
2025-05-21;6933;MSF 2/2025;4770;votou
2025-05-21;6933;MSF 2/2025;35;P-NRV
2025-05-21;6933;MSF 2/2025;6340;votou
2025-05-21;6933;MSF 2/2025;581;votou
2025-05-21;6933;MSF 2/2025;4531;votou
2025-05-21;6933;MSF 2/2025;5895;P-NRV
2025-05-21;6933;MSF 2/2025;6342;P-NRV
2025-05-21;6933;MSF 2/2025;6369;P-NRV
2025-05-21;6933;MSF 2/2025;4811;votou
2025-05-21;6933;MSF 2/2025;5979;votou
2025-05-21;6933;MSF 2/2025;5926;votou
2025-05-21;6933;MSF 2/2025;1186;P-NRV
2025-05-21;6933;MSF 2/2025;631;P-NRV
2025-05-21;6933;MSF 2/2025;5376;P-NRV
2025-05-21;6933;MSF 2/2025;742;P-NRV
2025-05-21;6933;MSF 2/2025;285;votou
2025-05-21;6933;MSF 2/2025;5422;votou
2025-05-21;6933;MSF 2/2025;5942;P-NRV
2025-05-21;6933;MSF 2/2025;6304;votou
2025-05-21;6933;MSF 2/2025;6027;votou
2025-05-21;6933;MSF 2/2025;5985;votou
2025-05-21;6933;MSF 2/2025;5525;votou
2025-05-21;6933;MSF 2/2025;5924;P-NRV
2025-05-21;6933;MSF 2/2025;5523;P-NRV
2025-05-21;6933;MSF 2/2025;825;votou
2025-05-21;6933;MSF 2/2025;5502;P-NRV
2025-05-21;6933;MSF 2/2025;5386;votou
2025-05-21;6933;MSF 2/2025;5012;votou
2025-05-21;6933;MSF 2/2025;70;P-NRV
2025-05-21;6933;MSF 2/2025;5732;AP
2025-05-21;6933;MSF 2/2025;4694;P-NRV
2025-05-21;6933;MSF 2/2025;5352;P-NRV
2025-05-21;6933;MSF 2/2025;5322;NCom
2025-05-21;6933;MSF 2/2025;6331;votou
2025-05-21;6933;MSF 2/2025;5988;LS
2025-05-21;6933;MSF 2/2025;5959;votou
2025-05-21;6933;MSF 2/2025;4560;votou
2025-05-21;6933;MSF 2/2025;6338;votou
2025-05-21;6933;MSF 2/2025;5736;votou
2025-05-21;6933;MSF 2/2025;5899;P-NRV
2025-05-21;6933;MSF 2/2025;5748;MIS
2025-05-21;6933;MSF 2/2025;1173;votou
2025-05-21;6933;MSF 2/2025;5411;P-NRV
2025-05-21;6933;MSF 2/2025;5070;P-NRV
2025-05-21;6933;MSF 2/2025;5783;NA
2025-05-21;6933;MSF 2/2025;3806;votou
2025-05-21;6934;MSF 9/2025;5672;votou
2025-05-21;6934;MSF 9/2025;5982;LP
2025-05-21;6934;MSF 9/2025;6358;votou
2025-05-21;6934;MSF 9/2025;5967;P-NRV
2025-05-21;6934;MSF 9/2025;6009;votou
2025-05-21;6934;MSF 9/2025;6350;P-NRV
2025-05-21;6934;MSF 9/2025;4639;votou
2025-05-21;6934;MSF 9/2025;5936;P-NRV
2025-05-21;6934;MSF 9/2025;5990;votou
2025-05-21;6934;MSF 9/2025;470;votou
2025-05-21;6934;MSF 9/2025;5973;AP
2025-05-21;6934;MSF 9/2025;739;P-NRV
2025-05-21;6934;MSF 9/2025;6337;votou
2025-05-21;6934;MSF 9/2025;475;votou
2025-05-21;6934;MSF 9/2025;6335;votou
2025-05-21;6934;MSF 9/2025;5998;AP
2025-05-21;6934;MSF 9/2025;3830;votou
2025-05-21;6934;MSF 9/2025;5793;votou
2025-05-21;6934;MSF 9/2025;5906;votou
2025-05-21;6934;MSF 9/2025;4994;votou
2025-05-21;6934;MSF 9/2025;5976;votou
2025-05-21;6934;MSF 9/2025;3777;MIS
2025-05-21;6934;MSF 9/2025;4642;votou
2025-05-21;6934;MSF 9/2025;5718;P-NRV
2025-05-21;6934;MSF 9/2025;22;votou
2025-05-21;6934;MSF 9/2025;5953;votou
2025-05-21;6934;MSF 9/2025;5917;AP
2025-05-21;6934;MSF 9/2025;6345;votou
2025-05-21;6934;MSF 9/2025;345;LS
2025-05-21;6934;MSF 9/2025;5894;P-NRV
2025-05-21;6934;MSF 9/2025;6008;AP
2025-05-21;6934;MSF 9/2025;6341;votou
2025-05-21;6934;MSF 9/2025;5008;P-NRV
2025-05-21;6934;MSF 9/2025;5385;P-NRV
2025-05-21;6934;MSF 9/2025;6010;votou
2025-05-21;6934;MSF 9/2025;4770;votou
2025-05-21;6934;MSF 9/2025;35;P-NRV
2025-05-21;6934;MSF 9/2025;6340;votou
2025-05-21;6934;MSF 9/2025;581;votou
2025-05-21;6934;MSF 9/2025;4531;votou
2025-05-21;6934;MSF 9/2025;5895;P-NRV
2025-05-21;6934;MSF 9/2025;6342;P-NRV
2025-05-21;6934;MSF 9/2025;6369;P-NRV
2025-05-21;6934;MSF 9/2025;4811;votou
2025-05-21;6934;MSF 9/2025;5979;votou
2025-05-21;6934;MSF 9/2025;5926;votou
2025-05-21;6934;MSF 9/2025;1186;P-NRV
2025-05-21;6934;MSF 9/2025;631;P-NRV
2025-05-21;6934;MSF 9/2025;5376;P-NRV
2025-05-21;6934;MSF 9/2025;742;P-NRV
2025-05-21;6934;MSF 9/2025;285;P-NRV
2025-05-21;6934;MSF 9/2025;5422;votou
2025-05-21;6934;MSF 9/2025;5942;P-NRV
2025-05-21;6934;MSF 9/2025;6304;votou
2025-05-21;6934;MSF 9/2025;6027;votou
2025-05-21;6934;MSF 9/2025;5985;votou
2025-05-21;6934;MSF 9/2025;5525;votou
2025-05-21;6934;MSF 9/2025;5924;P-NRV
2025-05-21;6934;MSF 9/2025;5523;P-NRV
2025-05-21;6934;MSF 9/2025;825;votou
2025-05-21;6934;MSF 9/2025;5502;P-NRV
2025-05-21;6934;MSF 9/2025;5386;P-NRV
2025-05-21;6934;MSF 9/2025;5012;votou
2025-05-21;6934;MSF 9/2025;70;P-NRV
2025-05-21;6934;MSF 9/2025;5732;AP
2025-05-21;6934;MSF 9/2025;4694;P-NRV
2025-05-21;6934;MSF 9/2025;5352;P-NRV
2025-05-21;6934;MSF 9/2025;5322;NCom
2025-05-21;6934;MSF 9/2025;6331;votou
2025-05-21;6934;MSF 9/2025;5988;LS
2025-05-21;6934;MSF 9/2025;5959;votou
2025-05-21;6934;MSF 9/2025;4560;votou
2025-05-21;6934;MSF 9/2025;6338;votou
2025-05-21;6934;MSF 9/2025;5736;votou
2025-05-21;6934;MSF 9/2025;5899;P-NRV
2025-05-21;6934;MSF 9/2025;5748;MIS
2025-05-21;6934;MSF 9/2025;1173;votou
2025-05-21;6934;MSF 9/2025;5411;P-NRV
2025-05-21;6934;MSF 9/2025;5070;P-NRV
2025-05-21;6934;MSF 9/2025;5783;NA
2025-05-21;6934;MSF 9/2025;3806;votou
2025-05-21;6935;PL 2159/2021;5672;votou
2025-05-21;6935;PL 2159/2021;5982;LP
2025-05-21;6935;PL 2159/2021;6358;votou
2025-05-21;6935;PL 2159/2021;5967;votou
2025-05-21;6935;PL 2159/2021;6009;votou
2025-05-21;6935;PL 2159/2021;6350;votou
2025-05-21;6935;PL 2159/2021;4639;votou
2025-05-21;6935;PL 2159/2021;5936;votou
2025-05-21;6935;PL 2159/2021;5990;votou
2025-05-21;6935;PL 2159/2021;470;votou
2025-05-21;6935;PL 2159/2021;5973;AP
2025-05-21;6935;PL 2159/2021;739;votou
2025-05-21;6935;PL 2159/2021;6337;votou
2025-05-21;6935;PL 2159/2021;475;votou
2025-05-21;6935;PL 2159/2021;6335;votou
2025-05-21;6935;PL 2159/2021;5998;AP
2025-05-21;6935;PL 2159/2021;3830;Presidente (art. 51 RISF)
2025-05-21;6935;PL 2159/2021;5793;votou
2025-05-21;6935;PL 2159/2021;5906;votou
2025-05-21;6935;PL 2159/2021;4994;votou
2025-05-21;6935;PL 2159/2021;5976;votou
2025-05-21;6935;PL 2159/2021;3777;MIS
2025-05-21;6935;PL 2159/2021;4642;votou
2025-05-21;6935;PL 2159/2021;5718;votou
2025-05-21;6935;PL 2159/2021;22;votou
2025-05-21;6935;PL 2159/2021;5953;votou
2025-05-21;6935;PL 2159/2021;5917;AP
2025-05-21;6935;PL 2159/2021;6345;votou
2025-05-21;6935;PL 2159/2021;345;LS
2025-05-21;6935;PL 2159/2021;5894;votou
2025-05-21;6935;PL 2159/2021;6008;AP
2025-05-21;6935;PL 2159/2021;6341;votou
2025-05-21;6935;PL 2159/2021;5008;votou
2025-05-21;6935;PL 2159/2021;5385;votou
2025-05-21;6935;PL 2159/2021;6010;votou
2025-05-21;6935;PL 2159/2021;4770;votou
2025-05-21;6935;PL 2159/2021;35;votou
2025-05-21;6935;PL 2159/2021;6340;votou
2025-05-21;6935;PL 2159/2021;581;votou
2025-05-21;6935;PL 2159/2021;4531;votou
2025-05-21;6935;PL 2159/2021;5895;votou
2025-05-21;6935;PL 2159/2021;6342;votou
2025-05-21;6935;PL 2159/2021;6369;votou
2025-05-21;6935;PL 2159/2021;4811;votou
2025-05-21;6935;PL 2159/2021;5979;votou
2025-05-21;6935;PL 2159/2021;5926;votou
2025-05-21;6935;PL 2159/2021;1186;votou
2025-05-21;6935;PL 2159/2021;631;votou
2025-05-21;6935;PL 2159/2021;5376;votou
2025-05-21;6935;PL 2159/2021;742;votou
2025-05-21;6935;PL 2159/2021;285;votou
2025-05-21;6935;PL 2159/2021;5422;votou
2025-05-21;6935;PL 2159/2021;5942;votou
2025-05-21;6935;PL 2159/2021;6304;votou
2025-05-21;6935;PL 2159/2021;6027;votou
2025-05-21;6935;PL 2159/2021;5985;votou
2025-05-21;6935;PL 2159/2021;5525;votou
2025-05-21;6935;PL 2159/2021;5924;votou
2025-05-21;6935;PL 2159/2021;5523;P-NRV
2025-05-21;6935;PL 2159/2021;825;votou
2025-05-21;6935;PL 2159/2021;5502;votou
2025-05-21;6935;PL 2159/2021;5386;votou
2025-05-21;6935;PL 2159/2021;5012;P-NRV
2025-05-21;6935;PL 2159/2021;70;votou
2025-05-21;6935;PL 2159/2021;5732;AP
2025-05-21;6935;PL 2159/2021;4694;votou
2025-05-21;6935;PL 2159/2021;5352;votou
2025-05-21;6935;PL 2159/2021;5322;NCom
2025-05-21;6935;PL 2159/2021;6331;votou
2025-05-21;6935;PL 2159/2021;5988;votou
2025-05-21;6935;PL 2159/2021;5959;votou
2025-05-21;6935;PL 2159/2021;4560;votou
2025-05-21;6935;PL 2159/2021;6338;votou
2025-05-21;6935;PL 2159/2021;5736;votou
2025-05-21;6935;PL 2159/2021;5899;votou
2025-05-21;6935;PL 2159/2021;5748;MIS
2025-05-21;6935;PL 2159/2021;1173;votou
2025-05-21;6935;PL 2159/2021;5411;votou
2025-05-21;6935;PL 2159/2021;5070;votou
2025-05-21;6935;PL 2159/2021;5783;NA
2025-05-21;6935;PL 2159/2021;3806;votou
2025-05-27;6936;PEC 37/2022;5672;votou
2025-05-27;6936;PEC 37/2022;5982;LP
2025-05-27;6936;PEC 37/2022;6358;votou
2025-05-27;6936;PEC 37/2022;5967;votou
2025-05-27;6936;PEC 37/2022;6009;votou
2025-05-27;6936;PEC 37/2022;6350;AP
2025-05-27;6936;PEC 37/2022;4639;votou
2025-05-27;6936;PEC 37/2022;5936;votou
2025-05-27;6936;PEC 37/2022;5990;votou
2025-05-27;6936;PEC 37/2022;470;votou
2025-05-27;6936;PEC 37/2022;5973;AP
2025-05-27;6936;PEC 37/2022;739;AP
2025-05-27;6936;PEC 37/2022;6337;votou
2025-05-27;6936;PEC 37/2022;475;votou
2025-05-27;6936;PEC 37/2022;6335;votou
2025-05-27;6936;PEC 37/2022;5998;P-NRV
2025-05-27;6936;PEC 37/2022;3830;Presidente (art. 51 RISF)
2025-05-27;6936;PEC 37/2022;5793;votou
2025-05-27;6936;PEC 37/2022;5906;votou
2025-05-27;6936;PEC 37/2022;4994;votou
2025-05-27;6936;PEC 37/2022;5976;votou
2025-05-27;6936;PEC 37/2022;3777;AP
2025-05-27;6936;PEC 37/2022;4642;votou
2025-05-27;6936;PEC 37/2022;5718;votou
2025-05-27;6936;PEC 37/2022;22;votou
2025-05-27;6936;PEC 37/2022;5953;votou
2025-05-27;6936;PEC 37/2022;5917;votou
2025-05-27;6936;PEC 37/2022;6345;votou
2025-05-27;6936;PEC 37/2022;345;LS
2025-05-27;6936;PEC 37/2022;5894;LP
2025-05-27;6936;PEC 37/2022;6008;votou
2025-05-27;6936;PEC 37/2022;6341;votou
2025-05-27;6936;PEC 37/2022;5008;votou
2025-05-27;6936;PEC 37/2022;5385;AP
2025-05-27;6936;PEC 37/2022;6010;votou
2025-05-27;6936;PEC 37/2022;4770;votou
2025-05-27;6936;PEC 37/2022;35;AP
2025-05-27;6936;PEC 37/2022;6340;votou
2025-05-27;6936;PEC 37/2022;581;votou
2025-05-27;6936;PEC 37/2022;4531;votou
2025-05-27;6936;PEC 37/2022;5895;LS
2025-05-27;6936;PEC 37/2022;6342;votou
2025-05-27;6936;PEC 37/2022;6369;votou
2025-05-27;6936;PEC 37/2022;4811;votou
2025-05-27;6936;PEC 37/2022;5979;votou
2025-05-27;6936;PEC 37/2022;5926;votou
2025-05-27;6936;PEC 37/2022;1186;votou
2025-05-27;6936;PEC 37/2022;631;votou
2025-05-27;6936;PEC 37/2022;5376;votou
2025-05-27;6936;PEC 37/2022;742;votou
2025-05-27;6936;PEC 37/2022;285;LS
2025-05-27;6936;PEC 37/2022;5422;votou
2025-05-27;6936;PEC 37/2022;5942;votou
2025-05-27;6936;PEC 37/2022;6304;votou
2025-05-27;6936;PEC 37/2022;6027;votou
2025-05-27;6936;PEC 37/2022;5985;votou
2025-05-27;6936;PEC 37/2022;5525;votou
2025-05-27;6936;PEC 37/2022;5924;votou
2025-05-27;6936;PEC 37/2022;5523;votou
2025-05-27;6936;PEC 37/2022;825;votou
2025-05-27;6936;PEC 37/2022;5502;votou
2025-05-27;6936;PEC 37/2022;5386;votou
2025-05-27;6936;PEC 37/2022;5012;votou
2025-05-27;6936;PEC 37/2022;70;votou
2025-05-27;6936;PEC 37/2022;5732;votou
2025-05-27;6936;PEC 37/2022;4694;votou
2025-05-27;6936;PEC 37/2022;5352;votou
2025-05-27;6936;PEC 37/2022;5322;votou
2025-05-27;6936;PEC 37/2022;6331;votou
2025-05-27;6936;PEC 37/2022;5988;votou
2025-05-27;6936;PEC 37/2022;5959;votou
2025-05-27;6936;PEC 37/2022;4560;P-NRV
2025-05-27;6936;PEC 37/2022;6338;votou
2025-05-27;6936;PEC 37/2022;5736;MIS
2025-05-27;6936;PEC 37/2022;5899;votou
2025-05-27;6936;PEC 37/2022;5748;votou
2025-05-27;6936;PEC 37/2022;1173;votou
2025-05-27;6936;PEC 37/2022;5411;votou
2025-05-27;6936;PEC 37/2022;5070;votou
2025-05-27;6936;PEC 37/2022;5783;P-NRV
2025-05-27;6936;PEC 37/2022;3806;votou
2025-05-27;6937;PEC 37/2022;5672;votou
2025-05-27;6937;PEC 37/2022;5982;LP
2025-05-27;6937;PEC 37/2022;6358;P-NRV
2025-05-27;6937;PEC 37/2022;5967;votou
2025-05-27;6937;PEC 37/2022;6009;votou
2025-05-27;6937;PEC 37/2022;6350;AP
2025-05-27;6937;PEC 37/2022;4639;votou
2025-05-27;6937;PEC 37/2022;5936;votou
2025-05-27;6937;PEC 37/2022;5990;votou
2025-05-27;6937;PEC 37/2022;470;votou
2025-05-27;6937;PEC 37/2022;5973;AP
2025-05-27;6937;PEC 37/2022;739;AP
2025-05-27;6937;PEC 37/2022;6337;votou
2025-05-27;6937;PEC 37/2022;475;votou
2025-05-27;6937;PEC 37/2022;6335;votou
2025-05-27;6937;PEC 37/2022;5998;votou
2025-05-27;6937;PEC 37/2022;3830;Presidente (art. 51 RISF)
2025-05-27;6937;PEC 37/2022;5793;votou
2025-05-27;6937;PEC 37/2022;5906;votou
2025-05-27;6937;PEC 37/2022;4994;votou
2025-05-27;6937;PEC 37/2022;5976;votou
2025-05-27;6937;PEC 37/2022;3777;AP
2025-05-27;6937;PEC 37/2022;4642;votou
2025-05-27;6937;PEC 37/2022;5718;votou
2025-05-27;6937;PEC 37/2022;22;P-NRV
2025-05-27;6937;PEC 37/2022;5953;P-NRV
2025-05-27;6937;PEC 37/2022;5917;votou
2025-05-27;6937;PEC 37/2022;6345;votou
2025-05-27;6937;PEC 37/2022;345;LS
2025-05-27;6937;PEC 37/2022;5894;LP
2025-05-27;6937;PEC 37/2022;6008;votou
2025-05-27;6937;PEC 37/2022;6341;votou
2025-05-27;6937;PEC 37/2022;5008;P-NRV
2025-05-27;6937;PEC 37/2022;5385;AP
2025-05-27;6937;PEC 37/2022;6010;votou
2025-05-27;6937;PEC 37/2022;4770;votou
2025-05-27;6937;PEC 37/2022;35;AP
2025-05-27;6937;PEC 37/2022;6340;P-NRV
2025-05-27;6937;PEC 37/2022;581;votou
2025-05-27;6937;PEC 37/2022;4531;votou
2025-05-27;6937;PEC 37/2022;5895;LS
2025-05-27;6937;PEC 37/2022;6342;votou
2025-05-27;6937;PEC 37/2022;6369;votou
2025-05-27;6937;PEC 37/2022;4811;votou
2025-05-27;6937;PEC 37/2022;5979;votou
2025-05-27;6937;PEC 37/2022;5926;votou
2025-05-27;6937;PEC 37/2022;1186;votou
2025-05-27;6937;PEC 37/2022;631;votou
2025-05-27;6937;PEC 37/2022;5376;votou
2025-05-27;6937;PEC 37/2022;742;votou
2025-05-27;6937;PEC 37/2022;285;LS
2025-05-27;6937;PEC 37/2022;5422;votou
2025-05-27;6937;PEC 37/2022;5942;votou
2025-05-27;6937;PEC 37/2022;6304;votou
2025-05-27;6937;PEC 37/2022;6027;votou
2025-05-27;6937;PEC 37/2022;5985;P-NRV
2025-05-27;6937;PEC 37/2022;5525;P-NRV
2025-05-27;6937;PEC 37/2022;5924;votou
2025-05-27;6937;PEC 37/2022;5523;votou
2025-05-27;6937;PEC 37/2022;825;votou
2025-05-27;6937;PEC 37/2022;5502;votou
2025-05-27;6937;PEC 37/2022;5386;votou
2025-05-27;6937;PEC 37/2022;5012;P-NRV
2025-05-27;6937;PEC 37/2022;70;votou
2025-05-27;6937;PEC 37/2022;5732;votou
2025-05-27;6937;PEC 37/2022;4694;P-NRV
2025-05-27;6937;PEC 37/2022;5352;votou
2025-05-27;6937;PEC 37/2022;5322;votou
2025-05-27;6937;PEC 37/2022;6331;votou
2025-05-27;6937;PEC 37/2022;5988;votou
2025-05-27;6937;PEC 37/2022;5959;votou
2025-05-27;6937;PEC 37/2022;4560;votou
2025-05-27;6937;PEC 37/2022;6338;votou
2025-05-27;6937;PEC 37/2022;5736;MIS
2025-05-27;6937;PEC 37/2022;5899;votou
2025-05-27;6937;PEC 37/2022;5748;votou
2025-05-27;6937;PEC 37/2022;1173;votou
2025-05-27;6937;PEC 37/2022;5411;votou
2025-05-27;6937;PEC 37/2022;5070;P-NRV
2025-05-27;6937;PEC 37/2022;5783;votou
2025-05-27;6937;PEC 37/2022;3806;votou
2025-05-27;6938;PEC 37/2022;5672;votou
2025-05-27;6938;PEC 37/2022;5982;LP
2025-05-27;6938;PEC 37/2022;6358;P-NRV
2025-05-27;6938;PEC 37/2022;5967;votou
2025-05-27;6938;PEC 37/2022;6009;votou
2025-05-27;6938;PEC 37/2022;6350;AP
2025-05-27;6938;PEC 37/2022;4639;votou
2025-05-27;6938;PEC 37/2022;5936;votou
2025-05-27;6938;PEC 37/2022;5990;votou
2025-05-27;6938;PEC 37/2022;470;votou
2025-05-27;6938;PEC 37/2022;5973;AP
2025-05-27;6938;PEC 37/2022;739;AP
2025-05-27;6938;PEC 37/2022;6337;votou
2025-05-27;6938;PEC 37/2022;475;votou
2025-05-27;6938;PEC 37/2022;6335;votou
2025-05-27;6938;PEC 37/2022;5998;votou
2025-05-27;6938;PEC 37/2022;3830;Presidente (art. 51 RISF)
2025-05-27;6938;PEC 37/2022;5793;votou
2025-05-27;6938;PEC 37/2022;5906;votou
2025-05-27;6938;PEC 37/2022;4994;votou
2025-05-27;6938;PEC 37/2022;5976;votou
2025-05-27;6938;PEC 37/2022;3777;AP
2025-05-27;6938;PEC 37/2022;4642;votou
2025-05-27;6938;PEC 37/2022;5718;votou
2025-05-27;6938;PEC 37/2022;22;votou
2025-05-27;6938;PEC 37/2022;5953;votou
2025-05-27;6938;PEC 37/2022;5917;P-NRV
2025-05-27;6938;PEC 37/2022;6345;votou
2025-05-27;6938;PEC 37/2022;345;LS
2025-05-27;6938;PEC 37/2022;5894;LP
2025-05-27;6938;PEC 37/2022;6008;votou
2025-05-27;6938;PEC 37/2022;6341;votou
2025-05-27;6938;PEC 37/2022;5008;P-NRV
2025-05-27;6938;PEC 37/2022;5385;AP
2025-05-27;6938;PEC 37/2022;6010;votou
2025-05-27;6938;PEC 37/2022;4770;votou
2025-05-27;6938;PEC 37/2022;35;AP
2025-05-27;6938;PEC 37/2022;6340;votou
2025-05-27;6938;PEC 37/2022;581;votou
2025-05-27;6938;PEC 37/2022;4531;votou
2025-05-27;6938;PEC 37/2022;5895;LS
2025-05-27;6938;PEC 37/2022;6342;votou
2025-05-27;6938;PEC 37/2022;6369;votou
2025-05-27;6938;PEC 37/2022;4811;votou
2025-05-27;6938;PEC 37/2022;5979;votou
2025-05-27;6938;PEC 37/2022;5926;P-NRV
2025-05-27;6938;PEC 37/2022;1186;votou
2025-05-27;6938;PEC 37/2022;631;votou
2025-05-27;6938;PEC 37/2022;5376;votou
2025-05-27;6938;PEC 37/2022;742;votou
2025-05-27;6938;PEC 37/2022;285;LS
2025-05-27;6938;PEC 37/2022;5422;P-NRV
2025-05-27;6938;PEC 37/2022;5942;votou
2025-05-27;6938;PEC 37/2022;6304;votou
2025-05-27;6938;PEC 37/2022;6027;P-NRV
2025-05-27;6938;PEC 37/2022;5985;votou
2025-05-27;6938;PEC 37/2022;5525;P-NRV
2025-05-27;6938;PEC 37/2022;5924;votou
2025-05-27;6938;PEC 37/2022;5523;P-NRV
2025-05-27;6938;PEC 37/2022;825;votou
2025-05-27;6938;PEC 37/2022;5502;votou
2025-05-27;6938;PEC 37/2022;5386;votou
2025-05-27;6938;PEC 37/2022;5012;votou
2025-05-27;6938;PEC 37/2022;70;votou
2025-05-27;6938;PEC 37/2022;5732;votou
2025-05-27;6938;PEC 37/2022;4694;P-NRV
2025-05-27;6938;PEC 37/2022;5352;votou
2025-05-27;6938;PEC 37/2022;5322;votou
2025-05-27;6938;PEC 37/2022;6331;votou
2025-05-27;6938;PEC 37/2022;5988;votou
2025-05-27;6938;PEC 37/2022;5959;votou
2025-05-27;6938;PEC 37/2022;4560;votou
2025-05-27;6938;PEC 37/2022;6338;votou
2025-05-27;6938;PEC 37/2022;5736;MIS
2025-05-27;6938;PEC 37/2022;5899;votou
2025-05-27;6938;PEC 37/2022;5748;votou
2025-05-27;6938;PEC 37/2022;1173;votou
2025-05-27;6938;PEC 37/2022;5411;P-NRV
2025-05-27;6938;PEC 37/2022;5070;P-NRV
2025-05-27;6938;PEC 37/2022;5783;votou
2025-05-27;6938;PEC 37/2022;3806;votou
2025-05-27;6939;PLP 234/2020;5672;votou
2025-05-27;6939;PLP 234/2020;5982;LP
2025-05-27;6939;PLP 234/2020;6358;votou
2025-05-27;6939;PLP 234/2020;5967;votou
2025-05-27;6939;PLP 234/2020;6009;votou
2025-05-27;6939;PLP 234/2020;6350;AP
2025-05-27;6939;PLP 234/2020;4639;votou
2025-05-27;6939;PLP 234/2020;5936;votou
2025-05-27;6939;PLP 234/2020;5990;votou
2025-05-27;6939;PLP 234/2020;470;votou
2025-05-27;6939;PLP 234/2020;5973;AP
2025-05-27;6939;PLP 234/2020;739;AP
2025-05-27;6939;PLP 234/2020;6337;votou
2025-05-27;6939;PLP 234/2020;475;votou
2025-05-27;6939;PLP 234/2020;6335;votou
2025-05-27;6939;PLP 234/2020;5998;votou
2025-05-27;6939;PLP 234/2020;3830;Presidente (art. 51 RISF)
2025-05-27;6939;PLP 234/2020;5793;votou
2025-05-27;6939;PLP 234/2020;5906;votou
2025-05-27;6939;PLP 234/2020;4994;votou
2025-05-27;6939;PLP 234/2020;5976;votou
2025-05-27;6939;PLP 234/2020;3777;AP
2025-05-27;6939;PLP 234/2020;4642;votou
2025-05-27;6939;PLP 234/2020;5718;votou
2025-05-27;6939;PLP 234/2020;22;votou
2025-05-27;6939;PLP 234/2020;5953;votou
2025-05-27;6939;PLP 234/2020;5917;votou
2025-05-27;6939;PLP 234/2020;6345;votou
2025-05-27;6939;PLP 234/2020;345;LS
2025-05-27;6939;PLP 234/2020;5894;LP
2025-05-27;6939;PLP 234/2020;6008;votou
2025-05-27;6939;PLP 234/2020;6341;P-NRV
2025-05-27;6939;PLP 234/2020;5008;P-NRV
2025-05-27;6939;PLP 234/2020;5385;AP
2025-05-27;6939;PLP 234/2020;6010;votou
2025-05-27;6939;PLP 234/2020;4770;votou
2025-05-27;6939;PLP 234/2020;35;AP
2025-05-27;6939;PLP 234/2020;6340;votou
2025-05-27;6939;PLP 234/2020;581;votou
2025-05-27;6939;PLP 234/2020;4531;votou
2025-05-27;6939;PLP 234/2020;5895;LS
2025-05-27;6939;PLP 234/2020;6342;P-NRV
2025-05-27;6939;PLP 234/2020;6369;votou
2025-05-27;6939;PLP 234/2020;4811;votou
2025-05-27;6939;PLP 234/2020;5979;votou
2025-05-27;6939;PLP 234/2020;5926;votou
2025-05-27;6939;PLP 234/2020;1186;votou
2025-05-27;6939;PLP 234/2020;631;votou
2025-05-27;6939;PLP 234/2020;5376;votou
2025-05-27;6939;PLP 234/2020;742;votou
2025-05-27;6939;PLP 234/2020;285;LS
2025-05-27;6939;PLP 234/2020;5422;votou
2025-05-27;6939;PLP 234/2020;5942;votou
2025-05-27;6939;PLP 234/2020;6304;votou
2025-05-27;6939;PLP 234/2020;6027;votou
2025-05-27;6939;PLP 234/2020;5985;P-NRV
2025-05-27;6939;PLP 234/2020;5525;P-NRV
2025-05-27;6939;PLP 234/2020;5924;votou
2025-05-27;6939;PLP 234/2020;5523;P-NRV
2025-05-27;6939;PLP 234/2020;825;votou
2025-05-27;6939;PLP 234/2020;5502;votou
2025-05-27;6939;PLP 234/2020;5386;votou
2025-05-27;6939;PLP 234/2020;5012;votou
2025-05-27;6939;PLP 234/2020;70;votou
2025-05-27;6939;PLP 234/2020;5732;votou
2025-05-27;6939;PLP 234/2020;4694;P-NRV
2025-05-27;6939;PLP 234/2020;5352;votou
2025-05-27;6939;PLP 234/2020;5322;votou
2025-05-27;6939;PLP 234/2020;6331;P-NRV
2025-05-27;6939;PLP 234/2020;5988;votou
2025-05-27;6939;PLP 234/2020;5959;P-NRV
2025-05-27;6939;PLP 234/2020;4560;votou
2025-05-27;6939;PLP 234/2020;6338;P-NRV
2025-05-27;6939;PLP 234/2020;5736;MIS
2025-05-27;6939;PLP 234/2020;5899;votou
2025-05-27;6939;PLP 234/2020;5748;votou
2025-05-27;6939;PLP 234/2020;1173;votou
2025-05-27;6939;PLP 234/2020;5411;P-NRV
2025-05-27;6939;PLP 234/2020;5070;P-NRV
2025-05-27;6939;PLP 234/2020;5783;votou
2025-05-27;6939;PLP 234/2020;3806;votou
2025-05-28;6940;MSF 7/2025;5672;votou
2025-05-28;6940;MSF 7/2025;5982;LP
2025-05-28;6940;MSF 7/2025;6358;AP
2025-05-28;6940;MSF 7/2025;5967;votou
2025-05-28;6940;MSF 7/2025;6009;votou
2025-05-28;6940;MSF 7/2025;6350;AP
2025-05-28;6940;MSF 7/2025;4639;votou
2025-05-28;6940;MSF 7/2025;5936;votou
2025-05-28;6940;MSF 7/2025;5990;votou
2025-05-28;6940;MSF 7/2025;470;votou
2025-05-28;6940;MSF 7/2025;5973;AP
2025-05-28;6940;MSF 7/2025;739;AP
2025-05-28;6940;MSF 7/2025;6337;votou
2025-05-28;6940;MSF 7/2025;475;votou
2025-05-28;6940;MSF 7/2025;6335;MIS
2025-05-28;6940;MSF 7/2025;5998;AP
2025-05-28;6940;MSF 7/2025;3830;votou
2025-05-28;6940;MSF 7/2025;5793;P-NRV
2025-05-28;6940;MSF 7/2025;5906;AP
2025-05-28;6940;MSF 7/2025;4994;AP
2025-05-28;6940;MSF 7/2025;5976;votou
2025-05-28;6940;MSF 7/2025;3777;AP
2025-05-28;6940;MSF 7/2025;4642;P-NRV
2025-05-28;6940;MSF 7/2025;5718;P-NRV
2025-05-28;6940;MSF 7/2025;22;votou
2025-05-28;6940;MSF 7/2025;5953;votou
2025-05-28;6940;MSF 7/2025;5917;votou
2025-05-28;6940;MSF 7/2025;6345;P-NRV
2025-05-28;6940;MSF 7/2025;345;LS
2025-05-28;6940;MSF 7/2025;5894;LP
2025-05-28;6940;MSF 7/2025;6008;AP
2025-05-28;6940;MSF 7/2025;6341;votou
2025-05-28;6940;MSF 7/2025;5008;votou
2025-05-28;6940;MSF 7/2025;5385;AP
2025-05-28;6940;MSF 7/2025;6010;votou
2025-05-28;6940;MSF 7/2025;4770;votou
2025-05-28;6940;MSF 7/2025;35;AP
2025-05-28;6940;MSF 7/2025;6340;AP
2025-05-28;6940;MSF 7/2025;581;votou
2025-05-28;6940;MSF 7/2025;4531;votou
2025-05-28;6940;MSF 7/2025;5895;LS
2025-05-28;6940;MSF 7/2025;6342;votou
2025-05-28;6940;MSF 7/2025;6369;votou
2025-05-28;6940;MSF 7/2025;4811;votou
2025-05-28;6940;MSF 7/2025;5979;P-NRV
2025-05-28;6940;MSF 7/2025;5926;P-NRV
2025-05-28;6940;MSF 7/2025;1186;votou
2025-05-28;6940;MSF 7/2025;631;P-NRV
2025-05-28;6940;MSF 7/2025;5376;P-NRV
2025-05-28;6940;MSF 7/2025;742;P-NRV
2025-05-28;6940;MSF 7/2025;285;LS
2025-05-28;6940;MSF 7/2025;5422;AP
2025-05-28;6940;MSF 7/2025;5942;votou
2025-05-28;6940;MSF 7/2025;6304;votou
2025-05-28;6940;MSF 7/2025;6027;votou
2025-05-28;6940;MSF 7/2025;5985;votou
2025-05-28;6940;MSF 7/2025;5525;votou
2025-05-28;6940;MSF 7/2025;5924;votou
2025-05-28;6940;MSF 7/2025;5523;votou
2025-05-28;6940;MSF 7/2025;825;votou
2025-05-28;6940;MSF 7/2025;5502;votou
2025-05-28;6940;MSF 7/2025;5386;P-NRV
2025-05-28;6940;MSF 7/2025;5012;votou
2025-05-28;6940;MSF 7/2025;70;P-NRV
2025-05-28;6940;MSF 7/2025;5732;P-NRV
2025-05-28;6940;MSF 7/2025;4694;votou
2025-05-28;6940;MSF 7/2025;5352;votou
2025-05-28;6940;MSF 7/2025;5322;votou
2025-05-28;6940;MSF 7/2025;6331;votou
2025-05-28;6940;MSF 7/2025;5988;P-NRV
2025-05-28;6940;MSF 7/2025;5959;votou
2025-05-28;6940;MSF 7/2025;4560;votou
2025-05-28;6940;MSF 7/2025;6338;AP
2025-05-28;6940;MSF 7/2025;5736;MIS
2025-05-28;6940;MSF 7/2025;5899;P-NRV
2025-05-28;6940;MSF 7/2025;5748;AP
2025-05-28;6940;MSF 7/2025;1173;votou
2025-05-28;6940;MSF 7/2025;5411;votou
2025-05-28;6940;MSF 7/2025;5070;votou
2025-05-28;6940;MSF 7/2025;5783;votou
2025-05-28;6940;MSF 7/2025;3806;votou
2025-05-28;6941;MSF 5/2025;5672;votou
2025-05-28;6941;MSF 5/2025;5982;LP
2025-05-28;6941;MSF 5/2025;6358;AP
2025-05-28;6941;MSF 5/2025;5967;P-NRV
2025-05-28;6941;MSF 5/2025;6009;votou
2025-05-28;6941;MSF 5/2025;6350;AP
2025-05-28;6941;MSF 5/2025;4639;votou
2025-05-28;6941;MSF 5/2025;5936;votou
2025-05-28;6941;MSF 5/2025;5990;P-NRV
2025-05-28;6941;MSF 5/2025;470;votou
2025-05-28;6941;MSF 5/2025;5973;AP
2025-05-28;6941;MSF 5/2025;739;AP
2025-05-28;6941;MSF 5/2025;6337;votou
2025-05-28;6941;MSF 5/2025;475;votou
2025-05-28;6941;MSF 5/2025;6335;MIS
2025-05-28;6941;MSF 5/2025;5998;AP
2025-05-28;6941;MSF 5/2025;3830;votou
2025-05-28;6941;MSF 5/2025;5793;P-NRV
2025-05-28;6941;MSF 5/2025;5906;AP
2025-05-28;6941;MSF 5/2025;4994;AP
2025-05-28;6941;MSF 5/2025;5976;votou
2025-05-28;6941;MSF 5/2025;3777;AP
2025-05-28;6941;MSF 5/2025;4642;P-NRV
2025-05-28;6941;MSF 5/2025;5718;P-NRV
2025-05-28;6941;MSF 5/2025;22;votou
2025-05-28;6941;MSF 5/2025;5953;votou
2025-05-28;6941;MSF 5/2025;5917;votou
2025-05-28;6941;MSF 5/2025;6345;votou
2025-05-28;6941;MSF 5/2025;345;LS
2025-05-28;6941;MSF 5/2025;5894;LP
2025-05-28;6941;MSF 5/2025;6008;AP
2025-05-28;6941;MSF 5/2025;6341;votou
2025-05-28;6941;MSF 5/2025;5008;votou
2025-05-28;6941;MSF 5/2025;5385;AP
2025-05-28;6941;MSF 5/2025;6010;votou
2025-05-28;6941;MSF 5/2025;4770;votou
2025-05-28;6941;MSF 5/2025;35;AP
2025-05-28;6941;MSF 5/2025;6340;AP
2025-05-28;6941;MSF 5/2025;581;votou
2025-05-28;6941;MSF 5/2025;4531;votou
2025-05-28;6941;MSF 5/2025;5895;LS
2025-05-28;6941;MSF 5/2025;6342;votou
2025-05-28;6941;MSF 5/2025;6369;votou
2025-05-28;6941;MSF 5/2025;4811;votou
2025-05-28;6941;MSF 5/2025;5979;P-NRV
2025-05-28;6941;MSF 5/2025;5926;votou
2025-05-28;6941;MSF 5/2025;1186;votou
2025-05-28;6941;MSF 5/2025;631;P-NRV
2025-05-28;6941;MSF 5/2025;5376;P-NRV
2025-05-28;6941;MSF 5/2025;742;P-NRV
2025-05-28;6941;MSF 5/2025;285;LS
2025-05-28;6941;MSF 5/2025;5422;AP
2025-05-28;6941;MSF 5/2025;5942;votou
2025-05-28;6941;MSF 5/2025;6304;votou
2025-05-28;6941;MSF 5/2025;6027;votou
2025-05-28;6941;MSF 5/2025;5985;votou
2025-05-28;6941;MSF 5/2025;5525;votou
2025-05-28;6941;MSF 5/2025;5924;votou
2025-05-28;6941;MSF 5/2025;5523;P-NRV
2025-05-28;6941;MSF 5/2025;825;votou
2025-05-28;6941;MSF 5/2025;5502;votou
2025-05-28;6941;MSF 5/2025;5386;votou
2025-05-28;6941;MSF 5/2025;5012;votou
2025-05-28;6941;MSF 5/2025;70;votou
2025-05-28;6941;MSF 5/2025;5732;P-NRV
2025-05-28;6941;MSF 5/2025;4694;votou
2025-05-28;6941;MSF 5/2025;5352;votou
2025-05-28;6941;MSF 5/2025;5322;P-NRV
2025-05-28;6941;MSF 5/2025;6331;votou
2025-05-28;6941;MSF 5/2025;5988;votou
2025-05-28;6941;MSF 5/2025;5959;votou
2025-05-28;6941;MSF 5/2025;4560;votou
2025-05-28;6941;MSF 5/2025;6338;AP
2025-05-28;6941;MSF 5/2025;5736;MIS
2025-05-28;6941;MSF 5/2025;5899;P-NRV
2025-05-28;6941;MSF 5/2025;5748;AP
2025-05-28;6941;MSF 5/2025;1173;P-NRV
2025-05-28;6941;MSF 5/2025;5411;votou
2025-05-28;6941;MSF 5/2025;5070;votou
2025-05-28;6941;MSF 5/2025;5783;votou
2025-05-28;6941;MSF 5/2025;3806;votou
2025-05-28;6942;MSF 8/2025;5672;votou
2025-05-28;6942;MSF 8/2025;5982;LP
2025-05-28;6942;MSF 8/2025;6358;AP
2025-05-28;6942;MSF 8/2025;5967;votou
2025-05-28;6942;MSF 8/2025;6009;votou
2025-05-28;6942;MSF 8/2025;6350;AP
2025-05-28;6942;MSF 8/2025;4639;votou
2025-05-28;6942;MSF 8/2025;5936;votou
2025-05-28;6942;MSF 8/2025;5990;P-NRV
2025-05-28;6942;MSF 8/2025;470;votou
2025-05-28;6942;MSF 8/2025;5973;AP
2025-05-28;6942;MSF 8/2025;739;AP
2025-05-28;6942;MSF 8/2025;6337;votou
2025-05-28;6942;MSF 8/2025;475;votou
2025-05-28;6942;MSF 8/2025;6335;MIS
2025-05-28;6942;MSF 8/2025;5998;AP
2025-05-28;6942;MSF 8/2025;3830;votou
2025-05-28;6942;MSF 8/2025;5793;P-NRV
2025-05-28;6942;MSF 8/2025;5906;AP
2025-05-28;6942;MSF 8/2025;4994;AP
2025-05-28;6942;MSF 8/2025;5976;votou
2025-05-28;6942;MSF 8/2025;3777;AP
2025-05-28;6942;MSF 8/2025;4642;P-NRV
2025-05-28;6942;MSF 8/2025;5718;P-NRV
2025-05-28;6942;MSF 8/2025;22;votou
2025-05-28;6942;MSF 8/2025;5953;P-NRV
2025-05-28;6942;MSF 8/2025;5917;votou
2025-05-28;6942;MSF 8/2025;6345;votou
2025-05-28;6942;MSF 8/2025;345;LS
2025-05-28;6942;MSF 8/2025;5894;LP
2025-05-28;6942;MSF 8/2025;6008;AP
2025-05-28;6942;MSF 8/2025;6341;votou
2025-05-28;6942;MSF 8/2025;5008;P-NRV
2025-05-28;6942;MSF 8/2025;5385;AP
2025-05-28;6942;MSF 8/2025;6010;votou
2025-05-28;6942;MSF 8/2025;4770;votou
2025-05-28;6942;MSF 8/2025;35;AP
2025-05-28;6942;MSF 8/2025;6340;AP
2025-05-28;6942;MSF 8/2025;581;votou
2025-05-28;6942;MSF 8/2025;4531;P-NRV
2025-05-28;6942;MSF 8/2025;5895;LS
2025-05-28;6942;MSF 8/2025;6342;votou
2025-05-28;6942;MSF 8/2025;6369;votou
2025-05-28;6942;MSF 8/2025;4811;votou
2025-05-28;6942;MSF 8/2025;5979;votou
2025-05-28;6942;MSF 8/2025;5926;votou
2025-05-28;6942;MSF 8/2025;1186;votou
2025-05-28;6942;MSF 8/2025;631;P-NRV
2025-05-28;6942;MSF 8/2025;5376;P-NRV
2025-05-28;6942;MSF 8/2025;742;P-NRV
2025-05-28;6942;MSF 8/2025;285;LS
2025-05-28;6942;MSF 8/2025;5422;AP
2025-05-28;6942;MSF 8/2025;5942;votou
2025-05-28;6942;MSF 8/2025;6304;votou
2025-05-28;6942;MSF 8/2025;6027;P-NRV
2025-05-28;6942;MSF 8/2025;5985;votou
2025-05-28;6942;MSF 8/2025;5525;votou
2025-05-28;6942;MSF 8/2025;5924;votou
2025-05-28;6942;MSF 8/2025;5523;votou
2025-05-28;6942;MSF 8/2025;825;votou
2025-05-28;6942;MSF 8/2025;5502;votou
2025-05-28;6942;MSF 8/2025;5386;votou
2025-05-28;6942;MSF 8/2025;5012;votou
2025-05-28;6942;MSF 8/2025;70;votou
2025-05-28;6942;MSF 8/2025;5732;P-NRV
2025-05-28;6942;MSF 8/2025;4694;P-NRV
2025-05-28;6942;MSF 8/2025;5352;votou
2025-05-28;6942;MSF 8/2025;5322;P-NRV
2025-05-28;6942;MSF 8/2025;6331;votou
2025-05-28;6942;MSF 8/2025;5988;votou
2025-05-28;6942;MSF 8/2025;5959;votou
2025-05-28;6942;MSF 8/2025;4560;votou
2025-05-28;6942;MSF 8/2025;6338;AP
2025-05-28;6942;MSF 8/2025;5736;MIS
2025-05-28;6942;MSF 8/2025;5899;P-NRV
2025-05-28;6942;MSF 8/2025;5748;AP
2025-05-28;6942;MSF 8/2025;1173;P-NRV
2025-05-28;6942;MSF 8/2025;5411;P-NRV
2025-05-28;6942;MSF 8/2025;5070;P-NRV
2025-05-28;6942;MSF 8/2025;5783;votou
2025-05-28;6942;MSF 8/2025;3806;votou
2025-05-28;6943;MSF 1/2025;5672;votou
2025-05-28;6943;MSF 1/2025;5982;LP
2025-05-28;6943;MSF 1/2025;6358;AP
2025-05-28;6943;MSF 1/2025;5967;P-NRV
2025-05-28;6943;MSF 1/2025;6009;votou
2025-05-28;6943;MSF 1/2025;6350;AP
2025-05-28;6943;MSF 1/2025;4639;votou
2025-05-28;6943;MSF 1/2025;5936;votou
2025-05-28;6943;MSF 1/2025;5990;P-NRV
2025-05-28;6943;MSF 1/2025;470;votou
2025-05-28;6943;MSF 1/2025;5973;AP
2025-05-28;6943;MSF 1/2025;739;AP
2025-05-28;6943;MSF 1/2025;6337;votou
2025-05-28;6943;MSF 1/2025;475;votou
2025-05-28;6943;MSF 1/2025;6335;MIS
2025-05-28;6943;MSF 1/2025;5998;AP
2025-05-28;6943;MSF 1/2025;3830;votou
2025-05-28;6943;MSF 1/2025;5793;votou
2025-05-28;6943;MSF 1/2025;5906;AP
2025-05-28;6943;MSF 1/2025;4994;AP
2025-05-28;6943;MSF 1/2025;5976;votou
2025-05-28;6943;MSF 1/2025;3777;AP
2025-05-28;6943;MSF 1/2025;4642;P-NRV
2025-05-28;6943;MSF 1/2025;5718;votou
2025-05-28;6943;MSF 1/2025;22;votou
2025-05-28;6943;MSF 1/2025;5953;P-NRV
2025-05-28;6943;MSF 1/2025;5917;votou
2025-05-28;6943;MSF 1/2025;6345;votou
2025-05-28;6943;MSF 1/2025;345;LS
2025-05-28;6943;MSF 1/2025;5894;LP
2025-05-28;6943;MSF 1/2025;6008;AP
2025-05-28;6943;MSF 1/2025;6341;votou
2025-05-28;6943;MSF 1/2025;5008;P-NRV
2025-05-28;6943;MSF 1/2025;5385;AP
2025-05-28;6943;MSF 1/2025;6010;votou
2025-05-28;6943;MSF 1/2025;4770;votou
2025-05-28;6943;MSF 1/2025;35;AP
2025-05-28;6943;MSF 1/2025;6340;AP
2025-05-28;6943;MSF 1/2025;581;votou
2025-05-28;6943;MSF 1/2025;4531;votou
2025-05-28;6943;MSF 1/2025;5895;LS
2025-05-28;6943;MSF 1/2025;6342;votou
2025-05-28;6943;MSF 1/2025;6369;P-NRV
2025-05-28;6943;MSF 1/2025;4811;votou
2025-05-28;6943;MSF 1/2025;5979;votou
2025-05-28;6943;MSF 1/2025;5926;votou
2025-05-28;6943;MSF 1/2025;1186;votou
2025-05-28;6943;MSF 1/2025;631;P-NRV
2025-05-28;6943;MSF 1/2025;5376;P-NRV
2025-05-28;6943;MSF 1/2025;742;P-NRV
2025-05-28;6943;MSF 1/2025;285;LS
2025-05-28;6943;MSF 1/2025;5422;AP
2025-05-28;6943;MSF 1/2025;5942;votou
2025-05-28;6943;MSF 1/2025;6304;votou
2025-05-28;6943;MSF 1/2025;6027;P-NRV
2025-05-28;6943;MSF 1/2025;5985;votou
2025-05-28;6943;MSF 1/2025;5525;votou
2025-05-28;6943;MSF 1/2025;5924;votou
2025-05-28;6943;MSF 1/2025;5523;votou
2025-05-28;6943;MSF 1/2025;825;votou
2025-05-28;6943;MSF 1/2025;5502;votou
2025-05-28;6943;MSF 1/2025;5386;P-NRV
2025-05-28;6943;MSF 1/2025;5012;votou
2025-05-28;6943;MSF 1/2025;70;votou
2025-05-28;6943;MSF 1/2025;5732;votou
2025-05-28;6943;MSF 1/2025;4694;P-NRV
2025-05-28;6943;MSF 1/2025;5352;votou
2025-05-28;6943;MSF 1/2025;5322;P-NRV
2025-05-28;6943;MSF 1/2025;6331;votou
2025-05-28;6943;MSF 1/2025;5988;votou
2025-05-28;6943;MSF 1/2025;5959;votou
2025-05-28;6943;MSF 1/2025;4560;votou
2025-05-28;6943;MSF 1/2025;6338;AP
2025-05-28;6943;MSF 1/2025;5736;MIS
2025-05-28;6943;MSF 1/2025;5899;votou
2025-05-28;6943;MSF 1/2025;5748;AP
2025-05-28;6943;MSF 1/2025;1173;P-NRV
2025-05-28;6943;MSF 1/2025;5411;P-NRV
2025-05-28;6943;MSF 1/2025;5070;P-NRV
2025-05-28;6943;MSF 1/2025;5783;votou
2025-05-28;6943;MSF 1/2025;3806;P-NRV
2025-06-10;6944;MSF 6/2025;5672;MIS
2025-06-10;6944;MSF 6/2025;5982;votou
2025-06-10;6944;MSF 6/2025;6358;votou
2025-06-10;6944;MSF 6/2025;5967;votou
2025-06-10;6944;MSF 6/2025;6009;votou
2025-06-10;6944;MSF 6/2025;6350;votou
2025-06-10;6944;MSF 6/2025;4639;votou
2025-06-10;6944;MSF 6/2025;5936;AP
2025-06-10;6944;MSF 6/2025;5990;votou
2025-06-10;6944;MSF 6/2025;470;LS
2025-06-10;6944;MSF 6/2025;5973;votou
2025-06-10;6944;MSF 6/2025;739;votou
2025-06-10;6944;MSF 6/2025;6337;votou
2025-06-10;6944;MSF 6/2025;475;votou
2025-06-10;6944;MSF 6/2025;6335;votou
2025-06-10;6944;MSF 6/2025;5998;LS
2025-06-10;6944;MSF 6/2025;3830;votou
2025-06-10;6944;MSF 6/2025;5793;P-NRV
2025-06-10;6944;MSF 6/2025;5906;votou
2025-06-10;6944;MSF 6/2025;4994;AP
2025-06-10;6944;MSF 6/2025;5976;votou
2025-06-10;6944;MSF 6/2025;3777;P-NRV
2025-06-10;6944;MSF 6/2025;4642;P-NRV
2025-06-10;6944;MSF 6/2025;5718;AP
2025-06-10;6944;MSF 6/2025;22;votou
2025-06-10;6944;MSF 6/2025;5953;P-NRV
2025-06-10;6944;MSF 6/2025;5917;votou
2025-06-10;6944;MSF 6/2025;6345;P-NRV
2025-06-10;6944;MSF 6/2025;345;LS
2025-06-10;6944;MSF 6/2025;5894;votou
2025-06-10;6944;MSF 6/2025;6008;AP
2025-06-10;6944;MSF 6/2025;6341;votou
2025-06-10;6944;MSF 6/2025;5008;AP
2025-06-10;6944;MSF 6/2025;5385;P-NRV
2025-06-10;6944;MSF 6/2025;6010;votou
2025-06-10;6944;MSF 6/2025;4770;votou
2025-06-10;6944;MSF 6/2025;35;AP
2025-06-10;6944;MSF 6/2025;6340;votou
2025-06-10;6944;MSF 6/2025;581;votou
2025-06-10;6944;MSF 6/2025;4531;votou
2025-06-10;6944;MSF 6/2025;5895;votou
2025-06-10;6944;MSF 6/2025;6342;LS
2025-06-10;6944;MSF 6/2025;6369;P-NRV
2025-06-10;6944;MSF 6/2025;4811;MIS
2025-06-10;6944;MSF 6/2025;5979;P-NRV
2025-06-10;6944;MSF 6/2025;5926;votou
2025-06-10;6944;MSF 6/2025;1186;P-NRV
2025-06-10;6944;MSF 6/2025;631;P-NRV
2025-06-10;6944;MSF 6/2025;5376;MIS
2025-06-10;6944;MSF 6/2025;742;votou
2025-06-10;6944;MSF 6/2025;285;votou
2025-06-10;6944;MSF 6/2025;5422;votou
2025-06-10;6944;MSF 6/2025;5942;AP
2025-06-10;6944;MSF 6/2025;6304;votou
2025-06-10;6944;MSF 6/2025;6027;AP
2025-06-10;6944;MSF 6/2025;5985;AP
2025-06-10;6944;MSF 6/2025;5525;P-NRV
2025-06-10;6944;MSF 6/2025;5924;votou
2025-06-10;6944;MSF 6/2025;5523;P-NRV
2025-06-10;6944;MSF 6/2025;825;votou
2025-06-10;6944;MSF 6/2025;5502;votou
2025-06-10;6944;MSF 6/2025;5386;votou
2025-06-10;6944;MSF 6/2025;5012;P-NRV
2025-06-10;6944;MSF 6/2025;70;P-NRV
2025-06-10;6944;MSF 6/2025;5732;votou
2025-06-10;6944;MSF 6/2025;4694;votou
2025-06-10;6944;MSF 6/2025;5352;AP
2025-06-10;6944;MSF 6/2025;5322;P-NRV
2025-06-10;6944;MSF 6/2025;6331;votou
2025-06-10;6944;MSF 6/2025;5988;votou
2025-06-10;6944;MSF 6/2025;5959;P-NRV
2025-06-10;6944;MSF 6/2025;4560;P-NRV
2025-06-10;6944;MSF 6/2025;6338;P-NRV
2025-06-10;6944;MSF 6/2025;5736;votou
2025-06-10;6944;MSF 6/2025;5899;AP
2025-06-10;6944;MSF 6/2025;5748;votou
2025-06-10;6944;MSF 6/2025;1173;MIS
2025-06-10;6944;MSF 6/2025;5411;AP
2025-06-10;6944;MSF 6/2025;5070;votou
2025-06-10;6944;MSF 6/2025;5783;votou
2025-06-10;6944;MSF 6/2025;3806;P-NRV
2025-06-10;6945;MSF 10/2025;5672;MIS
2025-06-10;6945;MSF 10/2025;5982;P-NRV
2025-06-10;6945;MSF 10/2025;6358;votou
2025-06-10;6945;MSF 10/2025;5967;P-NRV
2025-06-10;6945;MSF 10/2025;6009;votou
2025-06-10;6945;MSF 10/2025;6350;votou
2025-06-10;6945;MSF 10/2025;4639;votou
2025-06-10;6945;MSF 10/2025;5936;AP
2025-06-10;6945;MSF 10/2025;5990;P-NRV
2025-06-10;6945;MSF 10/2025;470;LS
2025-06-10;6945;MSF 10/2025;5973;votou
2025-06-10;6945;MSF 10/2025;739;votou
2025-06-10;6945;MSF 10/2025;6337;votou
2025-06-10;6945;MSF 10/2025;475;votou
2025-06-10;6945;MSF 10/2025;6335;votou
2025-06-10;6945;MSF 10/2025;5998;LS
2025-06-10;6945;MSF 10/2025;3830;votou
2025-06-10;6945;MSF 10/2025;5793;votou
2025-06-10;6945;MSF 10/2025;5906;votou
2025-06-10;6945;MSF 10/2025;4994;AP
2025-06-10;6945;MSF 10/2025;5976;votou
2025-06-10;6945;MSF 10/2025;3777;votou
2025-06-10;6945;MSF 10/2025;4642;P-NRV
2025-06-10;6945;MSF 10/2025;5718;AP
2025-06-10;6945;MSF 10/2025;22;votou
2025-06-10;6945;MSF 10/2025;5953;P-NRV
2025-06-10;6945;MSF 10/2025;5917;P-NRV
2025-06-10;6945;MSF 10/2025;6345;P-NRV
2025-06-10;6945;MSF 10/2025;345;LS
2025-06-10;6945;MSF 10/2025;5894;votou
2025-06-10;6945;MSF 10/2025;6008;AP
2025-06-10;6945;MSF 10/2025;6341;votou
2025-06-10;6945;MSF 10/2025;5008;AP
2025-06-10;6945;MSF 10/2025;5385;P-NRV
2025-06-10;6945;MSF 10/2025;6010;votou
2025-06-10;6945;MSF 10/2025;4770;votou
2025-06-10;6945;MSF 10/2025;35;AP
2025-06-10;6945;MSF 10/2025;6340;P-NRV
2025-06-10;6945;MSF 10/2025;581;votou
2025-06-10;6945;MSF 10/2025;4531;votou
2025-06-10;6945;MSF 10/2025;5895;P-NRV
2025-06-10;6945;MSF 10/2025;6342;LS
2025-06-10;6945;MSF 10/2025;6369;votou
2025-06-10;6945;MSF 10/2025;4811;MIS
2025-06-10;6945;MSF 10/2025;5979;votou
2025-06-10;6945;MSF 10/2025;5926;votou
2025-06-10;6945;MSF 10/2025;1186;P-NRV
2025-06-10;6945;MSF 10/2025;631;votou
2025-06-10;6945;MSF 10/2025;5376;MIS
2025-06-10;6945;MSF 10/2025;742;votou
2025-06-10;6945;MSF 10/2025;285;votou
2025-06-10;6945;MSF 10/2025;5422;votou
2025-06-10;6945;MSF 10/2025;5942;AP
2025-06-10;6945;MSF 10/2025;6304;votou
2025-06-10;6945;MSF 10/2025;6027;AP
2025-06-10;6945;MSF 10/2025;5985;AP
2025-06-10;6945;MSF 10/2025;5525;P-NRV
2025-06-10;6945;MSF 10/2025;5924;votou
2025-06-10;6945;MSF 10/2025;5523;P-NRV
2025-06-10;6945;MSF 10/2025;825;votou
2025-06-10;6945;MSF 10/2025;5502;votou
2025-06-10;6945;MSF 10/2025;5386;P-NRV
2025-06-10;6945;MSF 10/2025;5012;votou
2025-06-10;6945;MSF 10/2025;70;P-NRV
2025-06-10;6945;MSF 10/2025;5732;votou
2025-06-10;6945;MSF 10/2025;4694;votou
2025-06-10;6945;MSF 10/2025;5352;AP
2025-06-10;6945;MSF 10/2025;5322;P-NRV
2025-06-10;6945;MSF 10/2025;6331;votou
2025-06-10;6945;MSF 10/2025;5988;votou
2025-06-10;6945;MSF 10/2025;5959;votou
2025-06-10;6945;MSF 10/2025;4560;P-NRV
2025-06-10;6945;MSF 10/2025;6338;votou
2025-06-10;6945;MSF 10/2025;5736;P-NRV
2025-06-10;6945;MSF 10/2025;5899;AP
2025-06-10;6945;MSF 10/2025;5748;votou
2025-06-10;6945;MSF 10/2025;1173;MIS
2025-06-10;6945;MSF 10/2025;5411;AP
2025-06-10;6945;MSF 10/2025;5070;votou
2025-06-10;6945;MSF 10/2025;5783;votou
2025-06-10;6945;MSF 10/2025;3806;votou
2025-06-10;6946;MSF 12/2025;5672;MIS
2025-06-10;6946;MSF 12/2025;5982;P-NRV
2025-06-10;6946;MSF 12/2025;6358;votou
2025-06-10;6946;MSF 12/2025;5967;P-NRV
2025-06-10;6946;MSF 12/2025;6009;votou
2025-06-10;6946;MSF 12/2025;6350;votou
2025-06-10;6946;MSF 12/2025;4639;votou
2025-06-10;6946;MSF 12/2025;5936;AP
2025-06-10;6946;MSF 12/2025;5990;P-NRV
2025-06-10;6946;MSF 12/2025;470;LS
2025-06-10;6946;MSF 12/2025;5973;P-NRV
2025-06-10;6946;MSF 12/2025;739;P-NRV
2025-06-10;6946;MSF 12/2025;6337;votou
2025-06-10;6946;MSF 12/2025;475;votou
2025-06-10;6946;MSF 12/2025;6335;votou
2025-06-10;6946;MSF 12/2025;5998;LS
2025-06-10;6946;MSF 12/2025;3830;P-NRV
2025-06-10;6946;MSF 12/2025;5793;P-NRV
2025-06-10;6946;MSF 12/2025;5906;votou
2025-06-10;6946;MSF 12/2025;4994;AP
2025-06-10;6946;MSF 12/2025;5976;votou
2025-06-10;6946;MSF 12/2025;3777;votou
2025-06-10;6946;MSF 12/2025;4642;votou
2025-06-10;6946;MSF 12/2025;5718;AP
2025-06-10;6946;MSF 12/2025;22;votou
2025-06-10;6946;MSF 12/2025;5953;votou
2025-06-10;6946;MSF 12/2025;5917;P-NRV
2025-06-10;6946;MSF 12/2025;6345;votou
2025-06-10;6946;MSF 12/2025;345;LS
2025-06-10;6946;MSF 12/2025;5894;votou
2025-06-10;6946;MSF 12/2025;6008;AP
2025-06-10;6946;MSF 12/2025;6341;votou
2025-06-10;6946;MSF 12/2025;5008;AP
2025-06-10;6946;MSF 12/2025;5385;votou
2025-06-10;6946;MSF 12/2025;6010;votou
2025-06-10;6946;MSF 12/2025;4770;votou
2025-06-10;6946;MSF 12/2025;35;AP
2025-06-10;6946;MSF 12/2025;6340;votou
2025-06-10;6946;MSF 12/2025;581;P-NRV
2025-06-10;6946;MSF 12/2025;4531;votou
2025-06-10;6946;MSF 12/2025;5895;votou
2025-06-10;6946;MSF 12/2025;6342;LS
2025-06-10;6946;MSF 12/2025;6369;P-NRV
2025-06-10;6946;MSF 12/2025;4811;MIS
2025-06-10;6946;MSF 12/2025;5979;votou
2025-06-10;6946;MSF 12/2025;5926;P-NRV
2025-06-10;6946;MSF 12/2025;1186;votou
2025-06-10;6946;MSF 12/2025;631;votou
2025-06-10;6946;MSF 12/2025;5376;MIS
2025-06-10;6946;MSF 12/2025;742;P-NRV
2025-06-10;6946;MSF 12/2025;285;P-NRV
2025-06-10;6946;MSF 12/2025;5422;votou
2025-06-10;6946;MSF 12/2025;5942;AP
2025-06-10;6946;MSF 12/2025;6304;votou
2025-06-10;6946;MSF 12/2025;6027;AP
2025-06-10;6946;MSF 12/2025;5985;AP
2025-06-10;6946;MSF 12/2025;5525;votou
2025-06-10;6946;MSF 12/2025;5924;votou
2025-06-10;6946;MSF 12/2025;5523;votou
2025-06-10;6946;MSF 12/2025;825;votou
2025-06-10;6946;MSF 12/2025;5502;votou
2025-06-10;6946;MSF 12/2025;5386;P-NRV
2025-06-10;6946;MSF 12/2025;5012;votou
2025-06-10;6946;MSF 12/2025;70;P-NRV
2025-06-10;6946;MSF 12/2025;5732;votou
2025-06-10;6946;MSF 12/2025;4694;votou
2025-06-10;6946;MSF 12/2025;5352;AP
2025-06-10;6946;MSF 12/2025;5322;P-NRV
2025-06-10;6946;MSF 12/2025;6331;votou
2025-06-10;6946;MSF 12/2025;5988;votou
2025-06-10;6946;MSF 12/2025;5959;votou
2025-06-10;6946;MSF 12/2025;4560;votou
2025-06-10;6946;MSF 12/2025;6338;votou
2025-06-10;6946;MSF 12/2025;5736;votou
2025-06-10;6946;MSF 12/2025;5899;AP
2025-06-10;6946;MSF 12/2025;5748;votou
2025-06-10;6946;MSF 12/2025;1173;MIS
2025-06-10;6946;MSF 12/2025;5411;AP
2025-06-10;6946;MSF 12/2025;5070;P-NRV
2025-06-10;6946;MSF 12/2025;5783;votou
2025-06-10;6946;MSF 12/2025;3806;votou
2025-06-11;6947;MSF 17/2025;5672;MIS
2025-06-11;6947;MSF 17/2025;5982;votou
2025-06-11;6947;MSF 17/2025;6358;P-NRV
2025-06-11;6947;MSF 17/2025;5967;votou
2025-06-11;6947;MSF 17/2025;6009;votou
2025-06-11;6947;MSF 17/2025;6350;votou
2025-06-11;6947;MSF 17/2025;4639;votou
2025-06-11;6947;MSF 17/2025;5936;AP
2025-06-11;6947;MSF 17/2025;5990;votou
2025-06-11;6947;MSF 17/2025;470;LS
2025-06-11;6947;MSF 17/2025;5973;P-NRV
2025-06-11;6947;MSF 17/2025;739;votou
2025-06-11;6947;MSF 17/2025;6337;P-NRV
2025-06-11;6947;MSF 17/2025;475;votou
2025-06-11;6947;MSF 17/2025;6335;votou
2025-06-11;6947;MSF 17/2025;5998;LS
2025-06-11;6947;MSF 17/2025;3830;AP
2025-06-11;6947;MSF 17/2025;5793;votou
2025-06-11;6947;MSF 17/2025;5906;votou
2025-06-11;6947;MSF 17/2025;4994;P-NRV
2025-06-11;6947;MSF 17/2025;5976;votou
2025-06-11;6947;MSF 17/2025;3777;votou
2025-06-11;6947;MSF 17/2025;4642;P-NRV
2025-06-11;6947;MSF 17/2025;5718;P-NRV
2025-06-11;6947;MSF 17/2025;22;votou
2025-06-11;6947;MSF 17/2025;5953;votou
2025-06-11;6947;MSF 17/2025;5917;votou
2025-06-11;6947;MSF 17/2025;6345;P-NRV
2025-06-11;6947;MSF 17/2025;345;LS
2025-06-11;6947;MSF 17/2025;5894;P-NRV
2025-06-11;6947;MSF 17/2025;6008;AP
2025-06-11;6947;MSF 17/2025;6341;votou
2025-06-11;6947;MSF 17/2025;5008;votou
2025-06-11;6947;MSF 17/2025;5385;votou
2025-06-11;6947;MSF 17/2025;6010;votou
2025-06-11;6947;MSF 17/2025;4770;votou
2025-06-11;6947;MSF 17/2025;35;votou
2025-06-11;6947;MSF 17/2025;6340;votou
2025-06-11;6947;MSF 17/2025;581;P-NRV
2025-06-11;6947;MSF 17/2025;4531;votou
2025-06-11;6947;MSF 17/2025;5895;P-NRV
2025-06-11;6947;MSF 17/2025;6342;LS
2025-06-11;6947;MSF 17/2025;6369;votou
2025-06-11;6947;MSF 17/2025;4811;MIS
2025-06-11;6947;MSF 17/2025;5979;votou
2025-06-11;6947;MSF 17/2025;5926;P-NRV
2025-06-11;6947;MSF 17/2025;1186;votou
2025-06-11;6947;MSF 17/2025;631;P-NRV
2025-06-11;6947;MSF 17/2025;5376;MIS
2025-06-11;6947;MSF 17/2025;742;votou
2025-06-11;6947;MSF 17/2025;285;P-NRV
2025-06-11;6947;MSF 17/2025;5422;P-NRV
2025-06-11;6947;MSF 17/2025;5942;AP
2025-06-11;6947;MSF 17/2025;6304;votou
2025-06-11;6947;MSF 17/2025;6027;votou
2025-06-11;6947;MSF 17/2025;5985;MIS
2025-06-11;6947;MSF 17/2025;5525;P-NRV
2025-06-11;6947;MSF 17/2025;5924;P-NRV
2025-06-11;6947;MSF 17/2025;5523;AP
2025-06-11;6947;MSF 17/2025;825;votou
2025-06-11;6947;MSF 17/2025;5502;votou
2025-06-11;6947;MSF 17/2025;5386;P-NRV
2025-06-11;6947;MSF 17/2025;5012;P-NRV
2025-06-11;6947;MSF 17/2025;70;P-NRV
2025-06-11;6947;MSF 17/2025;5732;AP
2025-06-11;6947;MSF 17/2025;4694;votou
2025-06-11;6947;MSF 17/2025;5352;AP
2025-06-11;6947;MSF 17/2025;5322;P-NRV
2025-06-11;6947;MSF 17/2025;6331;votou
2025-06-11;6947;MSF 17/2025;5988;votou
2025-06-11;6947;MSF 17/2025;5959;votou
2025-06-11;6947;MSF 17/2025;4560;votou
2025-06-11;6947;MSF 17/2025;6338;votou
2025-06-11;6947;MSF 17/2025;5736;votou
2025-06-11;6947;MSF 17/2025;5899;votou
2025-06-11;6947;MSF 17/2025;5748;votou
2025-06-11;6947;MSF 17/2025;1173;MIS
2025-06-11;6947;MSF 17/2025;5411;AP
2025-06-11;6947;MSF 17/2025;5070;votou
2025-06-11;6947;MSF 17/2025;5783;votou
2025-06-11;6947;MSF 17/2025;3806;votou
2025-06-11;6948;MSF 18/2025;5672;MIS
2025-06-11;6948;MSF 18/2025;5982;votou
2025-06-11;6948;MSF 18/2025;6358;votou
2025-06-11;6948;MSF 18/2025;5967;P-NRV
2025-06-11;6948;MSF 18/2025;6009;votou
2025-06-11;6948;MSF 18/2025;6350;votou
2025-06-11;6948;MSF 18/2025;4639;P-NRV
2025-06-11;6948;MSF 18/2025;5936;AP
2025-06-11;6948;MSF 18/2025;5990;P-NRV
2025-06-11;6948;MSF 18/2025;470;LS
2025-06-11;6948;MSF 18/2025;5973;votou
2025-06-11;6948;MSF 18/2025;739;MIS
2025-06-11;6948;MSF 18/2025;6337;votou
2025-06-11;6948;MSF 18/2025;475;votou
2025-06-11;6948;MSF 18/2025;6335;P-NRV
2025-06-11;6948;MSF 18/2025;5998;LS
2025-06-11;6948;MSF 18/2025;3830;AP
2025-06-11;6948;MSF 18/2025;5793;P-NRV
2025-06-11;6948;MSF 18/2025;5906;P-NRV
2025-06-11;6948;MSF 18/2025;4994;P-NRV
2025-06-11;6948;MSF 18/2025;5976;votou
2025-06-11;6948;MSF 18/2025;3777;votou
2025-06-11;6948;MSF 18/2025;4642;P-NRV
2025-06-11;6948;MSF 18/2025;5718;votou
2025-06-11;6948;MSF 18/2025;22;votou
2025-06-11;6948;MSF 18/2025;5953;P-NRV
2025-06-11;6948;MSF 18/2025;5917;P-NRV
2025-06-11;6948;MSF 18/2025;6345;votou
2025-06-11;6948;MSF 18/2025;345;LS
2025-06-11;6948;MSF 18/2025;5894;votou
2025-06-11;6948;MSF 18/2025;6008;AP
2025-06-11;6948;MSF 18/2025;6341;votou
2025-06-11;6948;MSF 18/2025;5008;votou
2025-06-11;6948;MSF 18/2025;5385;P-NRV
2025-06-11;6948;MSF 18/2025;6010;votou
2025-06-11;6948;MSF 18/2025;4770;votou
2025-06-11;6948;MSF 18/2025;35;votou
2025-06-11;6948;MSF 18/2025;6340;votou
2025-06-11;6948;MSF 18/2025;581;P-NRV
2025-06-11;6948;MSF 18/2025;4531;votou
2025-06-11;6948;MSF 18/2025;5895;P-NRV
2025-06-11;6948;MSF 18/2025;6342;LS
2025-06-11;6948;MSF 18/2025;6369;votou
2025-06-11;6948;MSF 18/2025;4811;MIS
2025-06-11;6948;MSF 18/2025;5979;P-NRV
2025-06-11;6948;MSF 18/2025;5926;votou
2025-06-11;6948;MSF 18/2025;1186;votou
2025-06-11;6948;MSF 18/2025;631;P-NRV
2025-06-11;6948;MSF 18/2025;5376;MIS
2025-06-11;6948;MSF 18/2025;742;votou
2025-06-11;6948;MSF 18/2025;285;P-NRV
2025-06-11;6948;MSF 18/2025;5422;P-NRV
2025-06-11;6948;MSF 18/2025;5942;AP
2025-06-11;6948;MSF 18/2025;6304;votou
2025-06-11;6948;MSF 18/2025;6027;votou
2025-06-11;6948;MSF 18/2025;5985;MIS
2025-06-11;6948;MSF 18/2025;5525;votou
2025-06-11;6948;MSF 18/2025;5924;P-NRV
2025-06-11;6948;MSF 18/2025;5523;votou
2025-06-11;6948;MSF 18/2025;825;votou
2025-06-11;6948;MSF 18/2025;5502;votou
2025-06-11;6948;MSF 18/2025;5386;votou
2025-06-11;6948;MSF 18/2025;5012;votou
2025-06-11;6948;MSF 18/2025;70;votou
2025-06-11;6948;MSF 18/2025;5732;AP
2025-06-11;6948;MSF 18/2025;4694;votou
2025-06-11;6948;MSF 18/2025;5352;AP
2025-06-11;6948;MSF 18/2025;5322;P-NRV
2025-06-11;6948;MSF 18/2025;6331;votou
2025-06-11;6948;MSF 18/2025;5988;votou
2025-06-11;6948;MSF 18/2025;5959;P-NRV
2025-06-11;6948;MSF 18/2025;4560;votou
2025-06-11;6948;MSF 18/2025;6338;votou
2025-06-11;6948;MSF 18/2025;5736;votou
2025-06-11;6948;MSF 18/2025;5899;P-NRV
2025-06-11;6948;MSF 18/2025;5748;votou
2025-06-11;6948;MSF 18/2025;1173;MIS
2025-06-11;6948;MSF 18/2025;5411;AP
2025-06-11;6948;MSF 18/2025;5070;P-NRV
2025-06-11;6948;MSF 18/2025;5783;P-NRV
2025-06-11;6948;MSF 18/2025;3806;votou
2025-06-11;6949;MSF 19/2025;5672;MIS
2025-06-11;6949;MSF 19/2025;5982;P-NRV
2025-06-11;6949;MSF 19/2025;6358;votou
2025-06-11;6949;MSF 19/2025;5967;P-NRV
2025-06-11;6949;MSF 19/2025;6009;P-NRV
2025-06-11;6949;MSF 19/2025;6350;P-NRV
2025-06-11;6949;MSF 19/2025;4639;votou
2025-06-11;6949;MSF 19/2025;5936;AP
2025-06-11;6949;MSF 19/2025;5990;P-NRV
2025-06-11;6949;MSF 19/2025;470;LS
2025-06-11;6949;MSF 19/2025;5973;votou
2025-06-11;6949;MSF 19/2025;739;MIS
2025-06-11;6949;MSF 19/2025;6337;votou
2025-06-11;6949;MSF 19/2025;475;votou
2025-06-11;6949;MSF 19/2025;6335;P-NRV
2025-06-11;6949;MSF 19/2025;5998;LS
2025-06-11;6949;MSF 19/2025;3830;AP
2025-06-11;6949;MSF 19/2025;5793;P-NRV
2025-06-11;6949;MSF 19/2025;5906;votou
2025-06-11;6949;MSF 19/2025;4994;votou
2025-06-11;6949;MSF 19/2025;5976;votou
2025-06-11;6949;MSF 19/2025;3777;votou
2025-06-11;6949;MSF 19/2025;4642;votou
2025-06-11;6949;MSF 19/2025;5718;P-NRV
2025-06-11;6949;MSF 19/2025;22;votou
2025-06-11;6949;MSF 19/2025;5953;P-NRV
2025-06-11;6949;MSF 19/2025;5917;P-NRV
2025-06-11;6949;MSF 19/2025;6345;votou
2025-06-11;6949;MSF 19/2025;345;LS
2025-06-11;6949;MSF 19/2025;5894;votou
2025-06-11;6949;MSF 19/2025;6008;AP
2025-06-11;6949;MSF 19/2025;6341;votou
2025-06-11;6949;MSF 19/2025;5008;votou
2025-06-11;6949;MSF 19/2025;5385;P-NRV
2025-06-11;6949;MSF 19/2025;6010;votou
2025-06-11;6949;MSF 19/2025;4770;votou
2025-06-11;6949;MSF 19/2025;35;votou
2025-06-11;6949;MSF 19/2025;6340;P-NRV
2025-06-11;6949;MSF 19/2025;581;votou
2025-06-11;6949;MSF 19/2025;4531;votou
2025-06-11;6949;MSF 19/2025;5895;P-NRV
2025-06-11;6949;MSF 19/2025;6342;LS
2025-06-11;6949;MSF 19/2025;6369;votou
2025-06-11;6949;MSF 19/2025;4811;MIS
2025-06-11;6949;MSF 19/2025;5979;P-NRV
2025-06-11;6949;MSF 19/2025;5926;votou
2025-06-11;6949;MSF 19/2025;1186;votou
2025-06-11;6949;MSF 19/2025;631;votou
2025-06-11;6949;MSF 19/2025;5376;MIS
2025-06-11;6949;MSF 19/2025;742;P-NRV
2025-06-11;6949;MSF 19/2025;285;P-NRV
2025-06-11;6949;MSF 19/2025;5422;votou
2025-06-11;6949;MSF 19/2025;5942;AP
2025-06-11;6949;MSF 19/2025;6304;votou
2025-06-11;6949;MSF 19/2025;6027;votou
2025-06-11;6949;MSF 19/2025;5985;MIS
2025-06-11;6949;MSF 19/2025;5525;votou
2025-06-11;6949;MSF 19/2025;5924;P-NRV
2025-06-11;6949;MSF 19/2025;5523;votou
2025-06-11;6949;MSF 19/2025;825;votou
2025-06-11;6949;MSF 19/2025;5502;votou
2025-06-11;6949;MSF 19/2025;5386;votou
2025-06-11;6949;MSF 19/2025;5012;votou
2025-06-11;6949;MSF 19/2025;70;votou
2025-06-11;6949;MSF 19/2025;5732;AP
2025-06-11;6949;MSF 19/2025;4694;votou
2025-06-11;6949;MSF 19/2025;5352;AP
2025-06-11;6949;MSF 19/2025;5322;P-NRV
2025-06-11;6949;MSF 19/2025;6331;votou
2025-06-11;6949;MSF 19/2025;5988;votou
2025-06-11;6949;MSF 19/2025;5959;P-NRV
2025-06-11;6949;MSF 19/2025;4560;P-NRV
2025-06-11;6949;MSF 19/2025;6338;votou
2025-06-11;6949;MSF 19/2025;5736;votou
2025-06-11;6949;MSF 19/2025;5899;votou
2025-06-11;6949;MSF 19/2025;5748;votou
2025-06-11;6949;MSF 19/2025;1173;MIS
2025-06-11;6949;MSF 19/2025;5411;AP
2025-06-11;6949;MSF 19/2025;5070;P-NRV
2025-06-11;6949;MSF 19/2025;5783;votou
2025-06-11;6949;MSF 19/2025;3806;votou
2025-06-25;6953;PLP 177/2023;5672;votou
2025-06-25;6953;PLP 177/2023;5982;votou
2025-06-25;6953;PLP 177/2023;6358;votou
2025-06-25;6953;PLP 177/2023;5967;AP
2025-06-25;6953;PLP 177/2023;6009;votou
2025-06-25;6953;PLP 177/2023;6350;votou
2025-06-25;6953;PLP 177/2023;4639;votou
2025-06-25;6953;PLP 177/2023;5936;votou
2025-06-25;6953;PLP 177/2023;5990;votou
2025-06-25;6953;PLP 177/2023;470;LS
2025-06-25;6953;PLP 177/2023;5973;votou
2025-06-25;6953;PLP 177/2023;739;votou
2025-06-25;6953;PLP 177/2023;6337;votou
2025-06-25;6953;PLP 177/2023;475;votou
2025-06-25;6953;PLP 177/2023;6335;votou
2025-06-25;6953;PLP 177/2023;5998;votou
2025-06-25;6953;PLP 177/2023;3830;Presidente (art. 51 RISF)
2025-06-25;6953;PLP 177/2023;5793;votou
2025-06-25;6953;PLP 177/2023;5906;votou
2025-06-25;6953;PLP 177/2023;4994;votou
2025-06-25;6953;PLP 177/2023;5976;votou
2025-06-25;6953;PLP 177/2023;3777;votou
2025-06-25;6953;PLP 177/2023;4642;votou
2025-06-25;6953;PLP 177/2023;5718;votou
2025-06-25;6953;PLP 177/2023;22;votou
2025-06-25;6953;PLP 177/2023;5953;votou
2025-06-25;6953;PLP 177/2023;5917;P-NRV
2025-06-25;6953;PLP 177/2023;6345;votou
2025-06-25;6953;PLP 177/2023;345;LS
2025-06-25;6953;PLP 177/2023;5894;votou
2025-06-25;6953;PLP 177/2023;6008;votou
2025-06-25;6953;PLP 177/2023;6341;votou
2025-06-25;6953;PLP 177/2023;5008;votou
2025-06-25;6953;PLP 177/2023;5385;votou
2025-06-25;6953;PLP 177/2023;6010;votou
2025-06-25;6953;PLP 177/2023;4770;votou
2025-06-25;6953;PLP 177/2023;35;P-NRV
2025-06-25;6953;PLP 177/2023;6340;votou
2025-06-25;6953;PLP 177/2023;581;votou
2025-06-25;6953;PLP 177/2023;4531;votou
2025-06-25;6953;PLP 177/2023;5895;AP
2025-06-25;6953;PLP 177/2023;6342;MIS
2025-06-25;6953;PLP 177/2023;6369;votou
2025-06-25;6953;PLP 177/2023;4811;votou
2025-06-25;6953;PLP 177/2023;5979;votou
2025-06-25;6953;PLP 177/2023;5926;votou
2025-06-25;6953;PLP 177/2023;1186;votou
2025-06-25;6953;PLP 177/2023;631;votou
2025-06-25;6953;PLP 177/2023;5376;votou
2025-06-25;6953;PLP 177/2023;742;votou
2025-06-25;6953;PLP 177/2023;285;votou
2025-06-25;6953;PLP 177/2023;5422;votou
2025-06-25;6953;PLP 177/2023;5942;votou
2025-06-25;6953;PLP 177/2023;6304;votou
2025-06-25;6953;PLP 177/2023;6027;votou
2025-06-25;6953;PLP 177/2023;5985;votou
2025-06-25;6953;PLP 177/2023;5525;votou
2025-06-25;6953;PLP 177/2023;5924;votou
2025-06-25;6953;PLP 177/2023;5523;votou
2025-06-25;6953;PLP 177/2023;825;votou
2025-06-25;6953;PLP 177/2023;5502;votou
2025-06-25;6953;PLP 177/2023;5386;votou
2025-06-25;6953;PLP 177/2023;5012;votou
2025-06-25;6953;PLP 177/2023;70;votou
2025-06-25;6953;PLP 177/2023;5732;votou
2025-06-25;6953;PLP 177/2023;4694;votou
2025-06-25;6953;PLP 177/2023;5352;votou
2025-06-25;6953;PLP 177/2023;5322;votou
2025-06-25;6953;PLP 177/2023;6331;votou
2025-06-25;6953;PLP 177/2023;5988;votou
2025-06-25;6953;PLP 177/2023;5959;votou
2025-06-25;6953;PLP 177/2023;4560;votou
2025-06-25;6953;PLP 177/2023;6338;votou
2025-06-25;6953;PLP 177/2023;5736;votou
2025-06-25;6953;PLP 177/2023;5899;votou
2025-06-25;6953;PLP 177/2023;5748;votou
2025-06-25;6953;PLP 177/2023;1173;votou
2025-06-25;6953;PLP 177/2023;5411;votou
2025-06-25;6953;PLP 177/2023;5070;votou
2025-06-25;6953;PLP 177/2023;5783;votou
2025-06-25;6953;PLP 177/2023;3806;votou
2025-06-25;6950;RQS 451/2025;5672;votou
2025-06-25;6950;RQS 451/2025;5982;votou
2025-06-25;6950;RQS 451/2025;6358;votou
2025-06-25;6950;RQS 451/2025;5967;AP
2025-06-25;6950;RQS 451/2025;6009;votou
2025-06-25;6950;RQS 451/2025;6350;votou
2025-06-25;6950;RQS 451/2025;4639;votou
2025-06-25;6950;RQS 451/2025;5936;votou
2025-06-25;6950;RQS 451/2025;5990;votou
2025-06-25;6950;RQS 451/2025;470;LS
2025-06-25;6950;RQS 451/2025;5973;votou
2025-06-25;6950;RQS 451/2025;739;votou
2025-06-25;6950;RQS 451/2025;6337;votou
2025-06-25;6950;RQS 451/2025;475;votou
2025-06-25;6950;RQS 451/2025;6335;votou
2025-06-25;6950;RQS 451/2025;5998;votou
2025-06-25;6950;RQS 451/2025;3830;Presidente (art. 51 RISF)
2025-06-25;6950;RQS 451/2025;5793;votou
2025-06-25;6950;RQS 451/2025;5906;votou
2025-06-25;6950;RQS 451/2025;4994;votou
2025-06-25;6950;RQS 451/2025;5976;votou
2025-06-25;6950;RQS 451/2025;3777;votou
2025-06-25;6950;RQS 451/2025;4642;votou
2025-06-25;6950;RQS 451/2025;5718;votou
2025-06-25;6950;RQS 451/2025;22;votou
2025-06-25;6950;RQS 451/2025;5953;votou
2025-06-25;6950;RQS 451/2025;5917;P-NRV
2025-06-25;6950;RQS 451/2025;6345;votou
2025-06-25;6950;RQS 451/2025;345;LS
2025-06-25;6950;RQS 451/2025;5894;votou
2025-06-25;6950;RQS 451/2025;6008;votou
2025-06-25;6950;RQS 451/2025;6341;votou
2025-06-25;6950;RQS 451/2025;5008;votou
2025-06-25;6950;RQS 451/2025;5385;votou
2025-06-25;6950;RQS 451/2025;6010;votou
2025-06-25;6950;RQS 451/2025;4770;votou
2025-06-25;6950;RQS 451/2025;35;P-NRV
2025-06-25;6950;RQS 451/2025;6340;votou
2025-06-25;6950;RQS 451/2025;581;votou
2025-06-25;6950;RQS 451/2025;4531;votou
2025-06-25;6950;RQS 451/2025;5895;AP
2025-06-25;6950;RQS 451/2025;6342;MIS
2025-06-25;6950;RQS 451/2025;6369;votou
2025-06-25;6950;RQS 451/2025;4811;votou
2025-06-25;6950;RQS 451/2025;5979;votou
2025-06-25;6950;RQS 451/2025;5926;votou
2025-06-25;6950;RQS 451/2025;1186;votou
2025-06-25;6950;RQS 451/2025;631;votou
2025-06-25;6950;RQS 451/2025;5376;votou
2025-06-25;6950;RQS 451/2025;742;votou
2025-06-25;6950;RQS 451/2025;285;votou
2025-06-25;6950;RQS 451/2025;5422;votou
2025-06-25;6950;RQS 451/2025;5942;votou
2025-06-25;6950;RQS 451/2025;6304;votou
2025-06-25;6950;RQS 451/2025;6027;votou
2025-06-25;6950;RQS 451/2025;5985;votou
2025-06-25;6950;RQS 451/2025;5525;votou
2025-06-25;6950;RQS 451/2025;5924;votou
2025-06-25;6950;RQS 451/2025;5523;votou
2025-06-25;6950;RQS 451/2025;825;votou
2025-06-25;6950;RQS 451/2025;5502;votou
2025-06-25;6950;RQS 451/2025;5386;votou
2025-06-25;6950;RQS 451/2025;5012;votou
2025-06-25;6950;RQS 451/2025;70;votou
2025-06-25;6950;RQS 451/2025;5732;votou
2025-06-25;6950;RQS 451/2025;4694;votou
2025-06-25;6950;RQS 451/2025;5352;votou
2025-06-25;6950;RQS 451/2025;5322;votou
2025-06-25;6950;RQS 451/2025;6331;votou
2025-06-25;6950;RQS 451/2025;5988;votou
2025-06-25;6950;RQS 451/2025;5959;votou
2025-06-25;6950;RQS 451/2025;4560;votou
2025-06-25;6950;RQS 451/2025;6338;votou
2025-06-25;6950;RQS 451/2025;5736;votou
2025-06-25;6950;RQS 451/2025;5899;votou
2025-06-25;6950;RQS 451/2025;5748;votou
2025-06-25;6950;RQS 451/2025;1173;votou
2025-06-25;6950;RQS 451/2025;5411;votou
2025-06-25;6950;RQS 451/2025;5070;votou
2025-06-25;6950;RQS 451/2025;5783;votou
2025-06-25;6950;RQS 451/2025;3806;votou
2025-06-25;6951;PLP 177/2023;5672;votou
2025-06-25;6951;PLP 177/2023;5982;votou
2025-06-25;6951;PLP 177/2023;6358;votou
2025-06-25;6951;PLP 177/2023;5967;AP
2025-06-25;6951;PLP 177/2023;6009;votou
2025-06-25;6951;PLP 177/2023;6350;votou
2025-06-25;6951;PLP 177/2023;4639;votou
2025-06-25;6951;PLP 177/2023;5936;votou
2025-06-25;6951;PLP 177/2023;5990;votou
2025-06-25;6951;PLP 177/2023;470;LS
2025-06-25;6951;PLP 177/2023;5973;votou
2025-06-25;6951;PLP 177/2023;739;votou
2025-06-25;6951;PLP 177/2023;6337;votou
2025-06-25;6951;PLP 177/2023;475;votou
2025-06-25;6951;PLP 177/2023;6335;votou
2025-06-25;6951;PLP 177/2023;5998;votou
2025-06-25;6951;PLP 177/2023;3830;votou
2025-06-25;6951;PLP 177/2023;5793;votou
2025-06-25;6951;PLP 177/2023;5906;votou
2025-06-25;6951;PLP 177/2023;4994;votou
2025-06-25;6951;PLP 177/2023;5976;votou
2025-06-25;6951;PLP 177/2023;3777;votou
2025-06-25;6951;PLP 177/2023;4642;votou
2025-06-25;6951;PLP 177/2023;5718;votou
2025-06-25;6951;PLP 177/2023;22;votou
2025-06-25;6951;PLP 177/2023;5953;votou
2025-06-25;6951;PLP 177/2023;5917;votou
2025-06-25;6951;PLP 177/2023;6345;votou
2025-06-25;6951;PLP 177/2023;345;LS
2025-06-25;6951;PLP 177/2023;5894;votou
2025-06-25;6951;PLP 177/2023;6008;votou
2025-06-25;6951;PLP 177/2023;6341;votou
2025-06-25;6951;PLP 177/2023;5008;votou
2025-06-25;6951;PLP 177/2023;5385;votou
2025-06-25;6951;PLP 177/2023;6010;votou
2025-06-25;6951;PLP 177/2023;4770;votou
2025-06-25;6951;PLP 177/2023;35;votou
2025-06-25;6951;PLP 177/2023;6340;votou
2025-06-25;6951;PLP 177/2023;581;votou
2025-06-25;6951;PLP 177/2023;4531;votou
2025-06-25;6951;PLP 177/2023;5895;AP
2025-06-25;6951;PLP 177/2023;6342;MIS
2025-06-25;6951;PLP 177/2023;6369;votou
2025-06-25;6951;PLP 177/2023;4811;votou
2025-06-25;6951;PLP 177/2023;5979;votou
2025-06-25;6951;PLP 177/2023;5926;votou
2025-06-25;6951;PLP 177/2023;1186;votou
2025-06-25;6951;PLP 177/2023;631;votou
2025-06-25;6951;PLP 177/2023;5376;votou
2025-06-25;6951;PLP 177/2023;742;votou
2025-06-25;6951;PLP 177/2023;285;votou
2025-06-25;6951;PLP 177/2023;5422;votou
2025-06-25;6951;PLP 177/2023;5942;votou
2025-06-25;6951;PLP 177/2023;6304;P-NRV
2025-06-25;6951;PLP 177/2023;6027;votou
2025-06-25;6951;PLP 177/2023;5985;Presidente (art. 51 RISF)
2025-06-25;6951;PLP 177/2023;5525;votou
2025-06-25;6951;PLP 177/2023;5924;votou
2025-06-25;6951;PLP 177/2023;5523;votou
2025-06-25;6951;PLP 177/2023;825;votou
2025-06-25;6951;PLP 177/2023;5502;votou
2025-06-25;6951;PLP 177/2023;5386;votou
2025-06-25;6951;PLP 177/2023;5012;votou
2025-06-25;6951;PLP 177/2023;70;votou
2025-06-25;6951;PLP 177/2023;5732;votou
2025-06-25;6951;PLP 177/2023;4694;votou
2025-06-25;6951;PLP 177/2023;5352;votou
2025-06-25;6951;PLP 177/2023;5322;votou
2025-06-25;6951;PLP 177/2023;6331;votou
2025-06-25;6951;PLP 177/2023;5988;votou
2025-06-25;6951;PLP 177/2023;5959;votou
2025-06-25;6951;PLP 177/2023;4560;votou
2025-06-25;6951;PLP 177/2023;6338;votou
2025-06-25;6951;PLP 177/2023;5736;votou
2025-06-25;6951;PLP 177/2023;5899;votou
2025-06-25;6951;PLP 177/2023;5748;votou
2025-06-25;6951;PLP 177/2023;1173;votou
2025-06-25;6951;PLP 177/2023;5411;votou
2025-06-25;6951;PLP 177/2023;5070;votou
2025-06-25;6951;PLP 177/2023;5783;votou
2025-06-25;6951;PLP 177/2023;3806;votou
2025-06-25;6952;PLP 177/2023;5672;P-NRV
2025-06-25;6952;PLP 177/2023;5982;votou
2025-06-25;6952;PLP 177/2023;6358;votou
2025-06-25;6952;PLP 177/2023;5967;AP
2025-06-25;6952;PLP 177/2023;6009;votou
2025-06-25;6952;PLP 177/2023;6350;P-NRV
2025-06-25;6952;PLP 177/2023;4639;votou
2025-06-25;6952;PLP 177/2023;5936;votou
2025-06-25;6952;PLP 177/2023;5990;votou
2025-06-25;6952;PLP 177/2023;470;LS
2025-06-25;6952;PLP 177/2023;5973;votou
2025-06-25;6952;PLP 177/2023;739;votou
2025-06-25;6952;PLP 177/2023;6337;votou
2025-06-25;6952;PLP 177/2023;475;P-NRV
2025-06-25;6952;PLP 177/2023;6335;votou
2025-06-25;6952;PLP 177/2023;5998;votou
2025-06-25;6952;PLP 177/2023;3830;votou
2025-06-25;6952;PLP 177/2023;5793;P-NRV
2025-06-25;6952;PLP 177/2023;5906;P-NRV
2025-06-25;6952;PLP 177/2023;4994;votou
2025-06-25;6952;PLP 177/2023;5976;votou
2025-06-25;6952;PLP 177/2023;3777;votou
2025-06-25;6952;PLP 177/2023;4642;votou
2025-06-25;6952;PLP 177/2023;5718;votou
2025-06-25;6952;PLP 177/2023;22;P-NRV
2025-06-25;6952;PLP 177/2023;5953;P-NRV
2025-06-25;6952;PLP 177/2023;5917;P-NRV
2025-06-25;6952;PLP 177/2023;6345;votou
2025-06-25;6952;PLP 177/2023;345;LS
2025-06-25;6952;PLP 177/2023;5894;votou
2025-06-25;6952;PLP 177/2023;6008;votou
2025-06-25;6952;PLP 177/2023;6341;votou
2025-06-25;6952;PLP 177/2023;5008;P-NRV
2025-06-25;6952;PLP 177/2023;5385;P-NRV
2025-06-25;6952;PLP 177/2023;6010;votou
2025-06-25;6952;PLP 177/2023;4770;votou
2025-06-25;6952;PLP 177/2023;35;P-NRV
2025-06-25;6952;PLP 177/2023;6340;P-NRV
2025-06-25;6952;PLP 177/2023;581;votou
2025-06-25;6952;PLP 177/2023;4531;P-NRV
2025-06-25;6952;PLP 177/2023;5895;AP
2025-06-25;6952;PLP 177/2023;6342;MIS
2025-06-25;6952;PLP 177/2023;6369;votou
2025-06-25;6952;PLP 177/2023;4811;votou
2025-06-25;6952;PLP 177/2023;5979;P-NRV
2025-06-25;6952;PLP 177/2023;5926;P-NRV
2025-06-25;6952;PLP 177/2023;1186;P-NRV
2025-06-25;6952;PLP 177/2023;631;votou
2025-06-25;6952;PLP 177/2023;5376;votou
2025-06-25;6952;PLP 177/2023;742;votou
2025-06-25;6952;PLP 177/2023;285;votou
2025-06-25;6952;PLP 177/2023;5422;votou
2025-06-25;6952;PLP 177/2023;5942;P-NRV
2025-06-25;6952;PLP 177/2023;6304;P-NRV
2025-06-25;6952;PLP 177/2023;6027;votou
2025-06-25;6952;PLP 177/2023;5985;Presidente (art. 51 RISF)
2025-06-25;6952;PLP 177/2023;5525;votou
2025-06-25;6952;PLP 177/2023;5924;votou
2025-06-25;6952;PLP 177/2023;5523;votou
2025-06-25;6952;PLP 177/2023;825;votou
2025-06-25;6952;PLP 177/2023;5502;votou
2025-06-25;6952;PLP 177/2023;5386;P-NRV
2025-06-25;6952;PLP 177/2023;5012;P-NRV
2025-06-25;6952;PLP 177/2023;70;P-NRV
2025-06-25;6952;PLP 177/2023;5732;votou
2025-06-25;6952;PLP 177/2023;4694;P-NRV
2025-06-25;6952;PLP 177/2023;5352;votou
2025-06-25;6952;PLP 177/2023;5322;votou
2025-06-25;6952;PLP 177/2023;6331;votou
2025-06-25;6952;PLP 177/2023;5988;P-NRV
2025-06-25;6952;PLP 177/2023;5959;P-NRV
2025-06-25;6952;PLP 177/2023;4560;P-NRV
2025-06-25;6952;PLP 177/2023;6338;votou
2025-06-25;6952;PLP 177/2023;5736;P-NRV
2025-06-25;6952;PLP 177/2023;5899;P-NRV
2025-06-25;6952;PLP 177/2023;5748;votou
2025-06-25;6952;PLP 177/2023;1173;P-NRV
2025-06-25;6952;PLP 177/2023;5411;votou
2025-06-25;6952;PLP 177/2023;5070;votou
2025-06-25;6952;PLP 177/2023;5783;P-NRV
2025-06-25;6952;PLP 177/2023;3806;votou
2025-07-01;6954;MPV 1291/2025;5672;votou
2025-07-01;6954;MPV 1291/2025;5982;MIS
2025-07-01;6954;MPV 1291/2025;6358;AP
2025-07-01;6954;MPV 1291/2025;5967;AP
2025-07-01;6954;MPV 1291/2025;6009;AP
2025-07-01;6954;MPV 1291/2025;6350;votou
2025-07-01;6954;MPV 1291/2025;4639;votou
2025-07-01;6954;MPV 1291/2025;5936;AP
2025-07-01;6954;MPV 1291/2025;5990;votou
2025-07-01;6954;MPV 1291/2025;470;AP
2025-07-01;6954;MPV 1291/2025;5973;votou
2025-07-01;6954;MPV 1291/2025;739;AP
2025-07-01;6954;MPV 1291/2025;6337;votou
2025-07-01;6954;MPV 1291/2025;475;votou
2025-07-01;6954;MPV 1291/2025;6335;votou
2025-07-01;6954;MPV 1291/2025;5998;MIS
2025-07-01;6954;MPV 1291/2025;3830;Presidente (art. 51 RISF)
2025-07-01;6954;MPV 1291/2025;5793;votou
2025-07-01;6954;MPV 1291/2025;5906;votou
2025-07-01;6954;MPV 1291/2025;4994;AP
2025-07-01;6954;MPV 1291/2025;5976;votou
2025-07-01;6954;MPV 1291/2025;3777;MIS
2025-07-01;6954;MPV 1291/2025;4642;votou
2025-07-01;6954;MPV 1291/2025;5718;AP
2025-07-01;6954;MPV 1291/2025;22;votou
2025-07-01;6954;MPV 1291/2025;5953;votou
2025-07-01;6954;MPV 1291/2025;5917;votou
2025-07-01;6954;MPV 1291/2025;6345;votou
2025-07-01;6954;MPV 1291/2025;345;LS
2025-07-01;6954;MPV 1291/2025;5894;votou
2025-07-01;6954;MPV 1291/2025;6008;AP
2025-07-01;6954;MPV 1291/2025;6341;votou
2025-07-01;6954;MPV 1291/2025;5008;votou
2025-07-01;6954;MPV 1291/2025;5385;votou
2025-07-01;6954;MPV 1291/2025;6010;votou
2025-07-01;6954;MPV 1291/2025;4770;votou
2025-07-01;6954;MPV 1291/2025;35;LP
2025-07-01;6954;MPV 1291/2025;6340;votou
2025-07-01;6954;MPV 1291/2025;581;votou
2025-07-01;6954;MPV 1291/2025;4531;AP
2025-07-01;6954;MPV 1291/2025;5895;votou
2025-07-01;6954;MPV 1291/2025;6342;votou
2025-07-01;6954;MPV 1291/2025;6369;LS
2025-07-01;6954;MPV 1291/2025;4811;AP
2025-07-01;6954;MPV 1291/2025;5979;votou
2025-07-01;6954;MPV 1291/2025;5926;votou
2025-07-01;6954;MPV 1291/2025;1186;votou
2025-07-01;6954;MPV 1291/2025;631;AP
2025-07-01;6954;MPV 1291/2025;5376;votou
2025-07-01;6954;MPV 1291/2025;742;votou
2025-07-01;6954;MPV 1291/2025;285;AP
2025-07-01;6954;MPV 1291/2025;5422;votou
2025-07-01;6954;MPV 1291/2025;5942;votou
2025-07-01;6954;MPV 1291/2025;6304;votou
2025-07-01;6954;MPV 1291/2025;6027;LS
2025-07-01;6954;MPV 1291/2025;5985;votou
2025-07-01;6954;MPV 1291/2025;5525;votou
2025-07-01;6954;MPV 1291/2025;5924;votou
2025-07-01;6954;MPV 1291/2025;5523;AP
2025-07-01;6954;MPV 1291/2025;825;votou
2025-07-01;6954;MPV 1291/2025;453;votou
2025-07-01;6954;MPV 1291/2025;5502;votou
2025-07-01;6954;MPV 1291/2025;5386;votou
2025-07-01;6954;MPV 1291/2025;5012;votou
2025-07-01;6954;MPV 1291/2025;70;votou
2025-07-01;6954;MPV 1291/2025;5732;AP
2025-07-01;6954;MPV 1291/2025;4694;votou
2025-07-01;6954;MPV 1291/2025;5352;votou
2025-07-01;6954;MPV 1291/2025;5322;LS
2025-07-01;6954;MPV 1291/2025;6331;votou
2025-07-01;6954;MPV 1291/2025;5988;votou
2025-07-01;6954;MPV 1291/2025;5959;votou
2025-07-01;6954;MPV 1291/2025;4560;AP
2025-07-01;6954;MPV 1291/2025;6338;votou
2025-07-01;6954;MPV 1291/2025;5736;AP
2025-07-01;6954;MPV 1291/2025;5748;votou
2025-07-01;6954;MPV 1291/2025;1173;AP
2025-07-01;6954;MPV 1291/2025;5411;votou
2025-07-01;6954;MPV 1291/2025;5070;votou
2025-07-01;6954;MPV 1291/2025;5783;votou
2025-07-01;6954;MPV 1291/2025;3806;votou
2025-07-02;6955;PLP 167/2024;5672;votou
2025-07-02;6955;PLP 167/2024;5982;AP
2025-07-02;6955;PLP 167/2024;6358;AP
2025-07-02;6955;PLP 167/2024;5967;MIS
2025-07-02;6955;PLP 167/2024;6009;AP
2025-07-02;6955;PLP 167/2024;6350;votou
2025-07-02;6955;PLP 167/2024;4639;votou
2025-07-02;6955;PLP 167/2024;5936;AP
2025-07-02;6955;PLP 167/2024;5990;votou
2025-07-02;6955;PLP 167/2024;470;AP
2025-07-02;6955;PLP 167/2024;5973;votou
2025-07-02;6955;PLP 167/2024;739;MIS
2025-07-02;6955;PLP 167/2024;6337;votou
2025-07-02;6955;PLP 167/2024;475;votou
2025-07-02;6955;PLP 167/2024;6335;votou
2025-07-02;6955;PLP 167/2024;5998;MIS
2025-07-02;6955;PLP 167/2024;3830;Presidente (art. 51 RISF)
2025-07-02;6955;PLP 167/2024;5793;votou
2025-07-02;6955;PLP 167/2024;5906;votou
2025-07-02;6955;PLP 167/2024;4994;votou
2025-07-02;6955;PLP 167/2024;5976;votou
2025-07-02;6955;PLP 167/2024;3777;MIS
2025-07-02;6955;PLP 167/2024;4642;votou
2025-07-02;6955;PLP 167/2024;5718;AP
2025-07-02;6955;PLP 167/2024;22;votou
2025-07-02;6955;PLP 167/2024;5953;votou
2025-07-02;6955;PLP 167/2024;5917;votou
2025-07-02;6955;PLP 167/2024;6345;votou
2025-07-02;6955;PLP 167/2024;345;LS
2025-07-02;6955;PLP 167/2024;5894;votou
2025-07-02;6955;PLP 167/2024;6008;AP
2025-07-02;6955;PLP 167/2024;6341;votou
2025-07-02;6955;PLP 167/2024;5008;votou
2025-07-02;6955;PLP 167/2024;5385;MIS
2025-07-02;6955;PLP 167/2024;6010;votou
2025-07-02;6955;PLP 167/2024;4770;votou
2025-07-02;6955;PLP 167/2024;35;LP
2025-07-02;6955;PLP 167/2024;6340;votou
2025-07-02;6955;PLP 167/2024;581;AP
2025-07-02;6955;PLP 167/2024;4531;AP
2025-07-02;6955;PLP 167/2024;5895;LS
2025-07-02;6955;PLP 167/2024;6342;votou
2025-07-02;6955;PLP 167/2024;6369;LS
2025-07-02;6955;PLP 167/2024;4811;MIS
2025-07-02;6955;PLP 167/2024;5979;votou
2025-07-02;6955;PLP 167/2024;5926;votou
2025-07-02;6955;PLP 167/2024;1186;votou
2025-07-02;6955;PLP 167/2024;631;AP
2025-07-02;6955;PLP 167/2024;5376;votou
2025-07-02;6955;PLP 167/2024;742;votou
2025-07-02;6955;PLP 167/2024;285;MIS
2025-07-02;6955;PLP 167/2024;5422;votou
2025-07-02;6955;PLP 167/2024;5942;votou
2025-07-02;6955;PLP 167/2024;6304;votou
2025-07-02;6955;PLP 167/2024;6027;LS
2025-07-02;6955;PLP 167/2024;5985;votou
2025-07-02;6955;PLP 167/2024;5525;votou
2025-07-02;6955;PLP 167/2024;5924;votou
2025-07-02;6955;PLP 167/2024;5523;AP
2025-07-02;6955;PLP 167/2024;825;votou
2025-07-02;6955;PLP 167/2024;453;votou
2025-07-02;6955;PLP 167/2024;5502;votou
2025-07-02;6955;PLP 167/2024;5386;votou
2025-07-02;6955;PLP 167/2024;5012;votou
2025-07-02;6955;PLP 167/2024;70;AP
2025-07-02;6955;PLP 167/2024;5732;AP
2025-07-02;6955;PLP 167/2024;4694;votou
2025-07-02;6955;PLP 167/2024;5352;votou
2025-07-02;6955;PLP 167/2024;5322;LS
2025-07-02;6955;PLP 167/2024;6331;votou
2025-07-02;6955;PLP 167/2024;5988;votou
2025-07-02;6955;PLP 167/2024;5959;votou
2025-07-02;6955;PLP 167/2024;4560;AP
2025-07-02;6955;PLP 167/2024;6338;votou
2025-07-02;6955;PLP 167/2024;5736;votou
2025-07-02;6955;PLP 167/2024;5748;votou
2025-07-02;6955;PLP 167/2024;1173;AP
2025-07-02;6955;PLP 167/2024;5411;votou
2025-07-02;6955;PLP 167/2024;5070;votou
2025-07-02;6955;PLP 167/2024;5783;votou
2025-07-02;6955;PLP 167/2024;3806;votou
2025-07-08;6956;MSF 24/2025;5672;votou
2025-07-08;6956;MSF 24/2025;5982;votou
2025-07-08;6956;MSF 24/2025;6358;P-NRV
2025-07-08;6956;MSF 24/2025;5967;AP
2025-07-08;6956;MSF 24/2025;6009;P-NRV
2025-07-08;6956;MSF 24/2025;6350;P-NRV
2025-07-08;6956;MSF 24/2025;4639;votou
2025-07-08;6956;MSF 24/2025;5936;votou
2025-07-08;6956;MSF 24/2025;5990;votou
2025-07-08;6956;MSF 24/2025;470;votou
2025-07-08;6956;MSF 24/2025;5973;AP
2025-07-08;6956;MSF 24/2025;739;votou
2025-07-08;6956;MSF 24/2025;6337;votou
2025-07-08;6956;MSF 24/2025;475;P-NRV
2025-07-08;6956;MSF 24/2025;6335;votou
2025-07-08;6956;MSF 24/2025;5998;MIS
2025-07-08;6956;MSF 24/2025;3830;votou
2025-07-08;6956;MSF 24/2025;5793;AP
2025-07-08;6956;MSF 24/2025;5906;votou
2025-07-08;6956;MSF 24/2025;4994;AP
2025-07-08;6956;MSF 24/2025;5976;votou
2025-07-08;6956;MSF 24/2025;3777;MIS
2025-07-08;6956;MSF 24/2025;4642;P-NRV
2025-07-08;6956;MSF 24/2025;5718;votou
2025-07-08;6956;MSF 24/2025;22;votou
2025-07-08;6956;MSF 24/2025;5953;votou
2025-07-08;6956;MSF 24/2025;5917;votou
2025-07-08;6956;MSF 24/2025;6345;P-NRV
2025-07-08;6956;MSF 24/2025;345;LS
2025-07-08;6956;MSF 24/2025;5894;votou
2025-07-08;6956;MSF 24/2025;6008;votou
2025-07-08;6956;MSF 24/2025;6341;votou
2025-07-08;6956;MSF 24/2025;5008;votou
2025-07-08;6956;MSF 24/2025;5385;P-NRV
2025-07-08;6956;MSF 24/2025;6010;votou
2025-07-08;6956;MSF 24/2025;4770;votou
2025-07-08;6956;MSF 24/2025;35;LP
2025-07-08;6956;MSF 24/2025;6340;votou
2025-07-08;6956;MSF 24/2025;581;votou
2025-07-08;6956;MSF 24/2025;4531;P-NRV
2025-07-08;6956;MSF 24/2025;5895;LS
2025-07-08;6956;MSF 24/2025;6342;AP
2025-07-08;6956;MSF 24/2025;6369;P-NRV
2025-07-08;6956;MSF 24/2025;4811;votou
2025-07-08;6956;MSF 24/2025;5979;P-NRV
2025-07-08;6956;MSF 24/2025;5926;votou
2025-07-08;6956;MSF 24/2025;1186;votou
2025-07-08;6956;MSF 24/2025;631;votou
2025-07-08;6956;MSF 24/2025;5376;AP
2025-07-08;6956;MSF 24/2025;742;P-NRV
2025-07-08;6956;MSF 24/2025;285;P-NRV
2025-07-08;6956;MSF 24/2025;5422;votou
2025-07-08;6956;MSF 24/2025;5942;votou
2025-07-08;6956;MSF 24/2025;6304;votou
2025-07-08;6956;MSF 24/2025;6027;votou
2025-07-08;6956;MSF 24/2025;5985;MIS
2025-07-08;6956;MSF 24/2025;5525;P-NRV
2025-07-08;6956;MSF 24/2025;5924;AP
2025-07-08;6956;MSF 24/2025;5523;P-NRV
2025-07-08;6956;MSF 24/2025;825;votou
2025-07-08;6956;MSF 24/2025;453;votou
2025-07-08;6956;MSF 24/2025;5502;votou
2025-07-08;6956;MSF 24/2025;5386;P-NRV
2025-07-08;6956;MSF 24/2025;5012;P-NRV
2025-07-08;6956;MSF 24/2025;70;AP
2025-07-08;6956;MSF 24/2025;5732;votou
2025-07-08;6956;MSF 24/2025;4694;votou
2025-07-08;6956;MSF 24/2025;5352;votou
2025-07-08;6956;MSF 24/2025;5322;votou
2025-07-08;6956;MSF 24/2025;6331;votou
2025-07-08;6956;MSF 24/2025;5988;P-NRV
2025-07-08;6956;MSF 24/2025;5959;votou
2025-07-08;6956;MSF 24/2025;4560;P-NRV
2025-07-08;6956;MSF 24/2025;6338;votou
2025-07-08;6956;MSF 24/2025;5736;votou
2025-07-08;6956;MSF 24/2025;5748;votou
2025-07-08;6956;MSF 24/2025;1173;P-NRV
2025-07-08;6956;MSF 24/2025;5411;P-NRV
2025-07-08;6956;MSF 24/2025;5070;LP
2025-07-08;6956;MSF 24/2025;5783;votou
2025-07-08;6956;MSF 24/2025;3806;votou
2025-07-08;6957;MSF 25/2025;5672;votou
2025-07-08;6957;MSF 25/2025;5982;votou
2025-07-08;6957;MSF 25/2025;6358;votou
2025-07-08;6957;MSF 25/2025;5967;AP
2025-07-08;6957;MSF 25/2025;6009;P-NRV
2025-07-08;6957;MSF 25/2025;6350;P-NRV
2025-07-08;6957;MSF 25/2025;4639;votou
2025-07-08;6957;MSF 25/2025;5936;votou
2025-07-08;6957;MSF 25/2025;5990;votou
2025-07-08;6957;MSF 25/2025;470;votou
2025-07-08;6957;MSF 25/2025;5973;AP
2025-07-08;6957;MSF 25/2025;739;P-NRV
2025-07-08;6957;MSF 25/2025;6337;votou
2025-07-08;6957;MSF 25/2025;475;votou
2025-07-08;6957;MSF 25/2025;6335;votou
2025-07-08;6957;MSF 25/2025;5998;MIS
2025-07-08;6957;MSF 25/2025;3830;votou
2025-07-08;6957;MSF 25/2025;5793;AP
2025-07-08;6957;MSF 25/2025;5906;votou
2025-07-08;6957;MSF 25/2025;4994;AP
2025-07-08;6957;MSF 25/2025;5976;P-NRV
2025-07-08;6957;MSF 25/2025;3777;MIS
2025-07-08;6957;MSF 25/2025;4642;P-NRV
2025-07-08;6957;MSF 25/2025;5718;P-NRV
2025-07-08;6957;MSF 25/2025;22;votou
2025-07-08;6957;MSF 25/2025;5953;votou
2025-07-08;6957;MSF 25/2025;5917;votou
2025-07-08;6957;MSF 25/2025;6345;P-NRV
2025-07-08;6957;MSF 25/2025;345;LS
2025-07-08;6957;MSF 25/2025;5894;votou
2025-07-08;6957;MSF 25/2025;6008;P-NRV
2025-07-08;6957;MSF 25/2025;6341;votou
2025-07-08;6957;MSF 25/2025;5008;P-NRV
2025-07-08;6957;MSF 25/2025;5385;P-NRV
2025-07-08;6957;MSF 25/2025;6010;votou
2025-07-08;6957;MSF 25/2025;4770;votou
2025-07-08;6957;MSF 25/2025;35;LP
2025-07-08;6957;MSF 25/2025;6340;votou
2025-07-08;6957;MSF 25/2025;581;votou
2025-07-08;6957;MSF 25/2025;4531;votou
2025-07-08;6957;MSF 25/2025;5895;LS
2025-07-08;6957;MSF 25/2025;6342;AP
2025-07-08;6957;MSF 25/2025;6369;votou
2025-07-08;6957;MSF 25/2025;4811;votou
2025-07-08;6957;MSF 25/2025;5979;P-NRV
2025-07-08;6957;MSF 25/2025;5926;votou
2025-07-08;6957;MSF 25/2025;1186;P-NRV
2025-07-08;6957;MSF 25/2025;631;votou
2025-07-08;6957;MSF 25/2025;5376;AP
2025-07-08;6957;MSF 25/2025;742;P-NRV
2025-07-08;6957;MSF 25/2025;285;P-NRV
2025-07-08;6957;MSF 25/2025;5422;votou
2025-07-08;6957;MSF 25/2025;5942;votou
2025-07-08;6957;MSF 25/2025;6304;votou
2025-07-08;6957;MSF 25/2025;6027;P-NRV
2025-07-08;6957;MSF 25/2025;5985;MIS
2025-07-08;6957;MSF 25/2025;5525;votou
2025-07-08;6957;MSF 25/2025;5924;AP
2025-07-08;6957;MSF 25/2025;5523;votou
2025-07-08;6957;MSF 25/2025;825;votou
2025-07-08;6957;MSF 25/2025;453;votou
2025-07-08;6957;MSF 25/2025;5502;P-NRV
2025-07-08;6957;MSF 25/2025;5386;P-NRV
2025-07-08;6957;MSF 25/2025;5012;P-NRV
2025-07-08;6957;MSF 25/2025;70;AP
2025-07-08;6957;MSF 25/2025;5732;votou
2025-07-08;6957;MSF 25/2025;4694;P-NRV
2025-07-08;6957;MSF 25/2025;5352;votou
2025-07-08;6957;MSF 25/2025;5322;votou
2025-07-08;6957;MSF 25/2025;6331;votou
2025-07-08;6957;MSF 25/2025;5988;votou
2025-07-08;6957;MSF 25/2025;5959;votou
2025-07-08;6957;MSF 25/2025;4560;P-NRV
2025-07-08;6957;MSF 25/2025;6338;votou
2025-07-08;6957;MSF 25/2025;5736;votou
2025-07-08;6957;MSF 25/2025;5748;votou
2025-07-08;6957;MSF 25/2025;1173;P-NRV
2025-07-08;6957;MSF 25/2025;5411;P-NRV
2025-07-08;6957;MSF 25/2025;5070;LP
2025-07-08;6957;MSF 25/2025;5783;votou
2025-07-08;6957;MSF 25/2025;3806;votou
2025-07-08;6958;MSF 26/2025;5672;votou
2025-07-08;6958;MSF 26/2025;5982;votou
2025-07-08;6958;MSF 26/2025;6358;votou
2025-07-08;6958;MSF 26/2025;5967;AP
2025-07-08;6958;MSF 26/2025;6009;votou
2025-07-08;6958;MSF 26/2025;6350;votou
2025-07-08;6958;MSF 26/2025;4639;votou
2025-07-08;6958;MSF 26/2025;5936;P-NRV
2025-07-08;6958;MSF 26/2025;5990;votou
2025-07-08;6958;MSF 26/2025;470;votou
2025-07-08;6958;MSF 26/2025;5973;AP
2025-07-08;6958;MSF 26/2025;739;P-NRV
2025-07-08;6958;MSF 26/2025;6337;votou
2025-07-08;6958;MSF 26/2025;475;votou
2025-07-08;6958;MSF 26/2025;6335;votou
2025-07-08;6958;MSF 26/2025;5998;MIS
2025-07-08;6958;MSF 26/2025;3830;votou
2025-07-08;6958;MSF 26/2025;5793;AP
2025-07-08;6958;MSF 26/2025;5906;votou
2025-07-08;6958;MSF 26/2025;4994;AP
2025-07-08;6958;MSF 26/2025;5976;votou
2025-07-08;6958;MSF 26/2025;3777;MIS
2025-07-08;6958;MSF 26/2025;4642;P-NRV
2025-07-08;6958;MSF 26/2025;5718;P-NRV
2025-07-08;6958;MSF 26/2025;22;votou
2025-07-08;6958;MSF 26/2025;5953;votou
2025-07-08;6958;MSF 26/2025;5917;P-NRV
2025-07-08;6958;MSF 26/2025;6345;votou
2025-07-08;6958;MSF 26/2025;345;LS
2025-07-08;6958;MSF 26/2025;5894;votou
2025-07-08;6958;MSF 26/2025;6008;votou
2025-07-08;6958;MSF 26/2025;6341;votou
2025-07-08;6958;MSF 26/2025;5008;P-NRV
2025-07-08;6958;MSF 26/2025;5385;votou
2025-07-08;6958;MSF 26/2025;6010;votou
2025-07-08;6958;MSF 26/2025;4770;votou
2025-07-08;6958;MSF 26/2025;35;LP
2025-07-08;6958;MSF 26/2025;6340;votou
2025-07-08;6958;MSF 26/2025;581;votou
2025-07-08;6958;MSF 26/2025;4531;votou
2025-07-08;6958;MSF 26/2025;5895;LS
2025-07-08;6958;MSF 26/2025;6342;AP
2025-07-08;6958;MSF 26/2025;6369;votou
2025-07-08;6958;MSF 26/2025;4811;votou
2025-07-08;6958;MSF 26/2025;5979;votou
2025-07-08;6958;MSF 26/2025;5926;votou
2025-07-08;6958;MSF 26/2025;1186;votou
2025-07-08;6958;MSF 26/2025;631;P-NRV
2025-07-08;6958;MSF 26/2025;5376;AP
2025-07-08;6958;MSF 26/2025;742;votou
2025-07-08;6958;MSF 26/2025;285;votou
2025-07-08;6958;MSF 26/2025;5422;votou
2025-07-08;6958;MSF 26/2025;5942;votou
2025-07-08;6958;MSF 26/2025;6304;votou
2025-07-08;6958;MSF 26/2025;6027;P-NRV
2025-07-08;6958;MSF 26/2025;5985;MIS
2025-07-08;6958;MSF 26/2025;5525;P-NRV
2025-07-08;6958;MSF 26/2025;5924;AP
2025-07-08;6958;MSF 26/2025;5523;votou
2025-07-08;6958;MSF 26/2025;825;votou
2025-07-08;6958;MSF 26/2025;453;votou
2025-07-08;6958;MSF 26/2025;5502;votou
2025-07-08;6958;MSF 26/2025;5386;votou
2025-07-08;6958;MSF 26/2025;5012;votou
2025-07-08;6958;MSF 26/2025;70;AP
2025-07-08;6958;MSF 26/2025;5732;votou
2025-07-08;6958;MSF 26/2025;4694;votou
2025-07-08;6958;MSF 26/2025;5352;P-NRV
2025-07-08;6958;MSF 26/2025;5322;votou
2025-07-08;6958;MSF 26/2025;6331;votou
2025-07-08;6958;MSF 26/2025;5988;P-NRV
2025-07-08;6958;MSF 26/2025;5959;votou
2025-07-08;6958;MSF 26/2025;4560;P-NRV
2025-07-08;6958;MSF 26/2025;6338;votou
2025-07-08;6958;MSF 26/2025;5736;votou
2025-07-08;6958;MSF 26/2025;5748;votou
2025-07-08;6958;MSF 26/2025;1173;P-NRV
2025-07-08;6958;MSF 26/2025;5411;P-NRV
2025-07-08;6958;MSF 26/2025;5070;LP
2025-07-08;6958;MSF 26/2025;5783;votou
2025-07-08;6958;MSF 26/2025;3806;votou
2025-07-08;6959;MSF 27/2025;5672;votou
2025-07-08;6959;MSF 27/2025;5982;P-NRV
2025-07-08;6959;MSF 27/2025;6358;votou
2025-07-08;6959;MSF 27/2025;5967;AP
2025-07-08;6959;MSF 27/2025;6009;votou
2025-07-08;6959;MSF 27/2025;6350;votou
2025-07-08;6959;MSF 27/2025;4639;P-NRV
2025-07-08;6959;MSF 27/2025;5936;P-NRV
2025-07-08;6959;MSF 27/2025;5990;votou
2025-07-08;6959;MSF 27/2025;470;votou
2025-07-08;6959;MSF 27/2025;5973;AP
2025-07-08;6959;MSF 27/2025;739;P-NRV
2025-07-08;6959;MSF 27/2025;6337;votou
2025-07-08;6959;MSF 27/2025;475;votou
2025-07-08;6959;MSF 27/2025;6335;votou
2025-07-08;6959;MSF 27/2025;5998;MIS
2025-07-08;6959;MSF 27/2025;3830;votou
2025-07-08;6959;MSF 27/2025;5793;AP
2025-07-08;6959;MSF 27/2025;5906;votou
2025-07-08;6959;MSF 27/2025;4994;AP
2025-07-08;6959;MSF 27/2025;5976;votou
2025-07-08;6959;MSF 27/2025;3777;MIS
2025-07-08;6959;MSF 27/2025;4642;votou
2025-07-08;6959;MSF 27/2025;5718;P-NRV
2025-07-08;6959;MSF 27/2025;22;votou
2025-07-08;6959;MSF 27/2025;5953;P-NRV
2025-07-08;6959;MSF 27/2025;5917;P-NRV
2025-07-08;6959;MSF 27/2025;6345;votou
2025-07-08;6959;MSF 27/2025;345;LS
2025-07-08;6959;MSF 27/2025;5894;votou
2025-07-08;6959;MSF 27/2025;6008;P-NRV
2025-07-08;6959;MSF 27/2025;6341;votou
2025-07-08;6959;MSF 27/2025;5008;P-NRV
2025-07-08;6959;MSF 27/2025;5385;P-NRV
2025-07-08;6959;MSF 27/2025;6010;votou
2025-07-08;6959;MSF 27/2025;4770;votou
2025-07-08;6959;MSF 27/2025;35;LP
2025-07-08;6959;MSF 27/2025;6340;votou
2025-07-08;6959;MSF 27/2025;581;votou
2025-07-08;6959;MSF 27/2025;4531;votou
2025-07-08;6959;MSF 27/2025;5895;LS
2025-07-08;6959;MSF 27/2025;6342;AP
2025-07-08;6959;MSF 27/2025;6369;votou
2025-07-08;6959;MSF 27/2025;4811;votou
2025-07-08;6959;MSF 27/2025;5979;votou
2025-07-08;6959;MSF 27/2025;5926;votou
2025-07-08;6959;MSF 27/2025;1186;votou
2025-07-08;6959;MSF 27/2025;631;votou
2025-07-08;6959;MSF 27/2025;5376;AP
2025-07-08;6959;MSF 27/2025;742;votou
2025-07-08;6959;MSF 27/2025;285;votou
2025-07-08;6959;MSF 27/2025;5422;votou
2025-07-08;6959;MSF 27/2025;5942;P-NRV
2025-07-08;6959;MSF 27/2025;6304;votou
2025-07-08;6959;MSF 27/2025;6027;P-NRV
2025-07-08;6959;MSF 27/2025;5985;MIS
2025-07-08;6959;MSF 27/2025;5525;P-NRV
2025-07-08;6959;MSF 27/2025;5924;AP
2025-07-08;6959;MSF 27/2025;5523;votou
2025-07-08;6959;MSF 27/2025;825;votou
2025-07-08;6959;MSF 27/2025;453;votou
2025-07-08;6959;MSF 27/2025;5502;votou
2025-07-08;6959;MSF 27/2025;5386;P-NRV
2025-07-08;6959;MSF 27/2025;5012;votou
2025-07-08;6959;MSF 27/2025;70;AP
2025-07-08;6959;MSF 27/2025;5732;votou
2025-07-08;6959;MSF 27/2025;4694;votou
2025-07-08;6959;MSF 27/2025;5352;votou
2025-07-08;6959;MSF 27/2025;5322;P-NRV
2025-07-08;6959;MSF 27/2025;6331;votou
2025-07-08;6959;MSF 27/2025;5988;votou
2025-07-08;6959;MSF 27/2025;5959;P-NRV
2025-07-08;6959;MSF 27/2025;4560;P-NRV
2025-07-08;6959;MSF 27/2025;6338;votou
2025-07-08;6959;MSF 27/2025;5736;votou
2025-07-08;6959;MSF 27/2025;5748;P-NRV
2025-07-08;6959;MSF 27/2025;1173;votou
2025-07-08;6959;MSF 27/2025;5411;P-NRV
2025-07-08;6959;MSF 27/2025;5070;LP
2025-07-08;6959;MSF 27/2025;5783;P-NRV
2025-07-08;6959;MSF 27/2025;3806;votou
2025-07-08;6960;MSF 28/2025;5672;votou
2025-07-08;6960;MSF 28/2025;5982;votou
2025-07-08;6960;MSF 28/2025;6358;votou
2025-07-08;6960;MSF 28/2025;5967;AP
2025-07-08;6960;MSF 28/2025;6009;P-NRV
2025-07-08;6960;MSF 28/2025;6350;votou
2025-07-08;6960;MSF 28/2025;4639;votou
2025-07-08;6960;MSF 28/2025;5936;P-NRV
2025-07-08;6960;MSF 28/2025;5990;votou
2025-07-08;6960;MSF 28/2025;470;votou
2025-07-08;6960;MSF 28/2025;5973;AP
2025-07-08;6960;MSF 28/2025;739;P-NRV
2025-07-08;6960;MSF 28/2025;6337;votou
2025-07-08;6960;MSF 28/2025;475;votou
2025-07-08;6960;MSF 28/2025;6335;votou
2025-07-08;6960;MSF 28/2025;5998;MIS
2025-07-08;6960;MSF 28/2025;3830;votou
2025-07-08;6960;MSF 28/2025;5793;AP
2025-07-08;6960;MSF 28/2025;5906;votou
2025-07-08;6960;MSF 28/2025;4994;AP
2025-07-08;6960;MSF 28/2025;5976;P-NRV
2025-07-08;6960;MSF 28/2025;3777;MIS
2025-07-08;6960;MSF 28/2025;4642;votou
2025-07-08;6960;MSF 28/2025;5718;P-NRV
2025-07-08;6960;MSF 28/2025;22;votou
2025-07-08;6960;MSF 28/2025;5953;P-NRV
2025-07-08;6960;MSF 28/2025;5917;P-NRV
2025-07-08;6960;MSF 28/2025;6345;votou
2025-07-08;6960;MSF 28/2025;345;LS
2025-07-08;6960;MSF 28/2025;5894;votou
2025-07-08;6960;MSF 28/2025;6008;votou
2025-07-08;6960;MSF 28/2025;6341;votou
2025-07-08;6960;MSF 28/2025;5008;P-NRV
2025-07-08;6960;MSF 28/2025;5385;P-NRV
2025-07-08;6960;MSF 28/2025;6010;votou
2025-07-08;6960;MSF 28/2025;4770;P-NRV
2025-07-08;6960;MSF 28/2025;35;LP
2025-07-08;6960;MSF 28/2025;6340;votou
2025-07-08;6960;MSF 28/2025;581;votou
2025-07-08;6960;MSF 28/2025;4531;votou
2025-07-08;6960;MSF 28/2025;5895;LS
2025-07-08;6960;MSF 28/2025;6342;AP
2025-07-08;6960;MSF 28/2025;6369;votou
2025-07-08;6960;MSF 28/2025;4811;votou
2025-07-08;6960;MSF 28/2025;5979;votou
2025-07-08;6960;MSF 28/2025;5926;votou
2025-07-08;6960;MSF 28/2025;1186;P-NRV
2025-07-08;6960;MSF 28/2025;631;votou
2025-07-08;6960;MSF 28/2025;5376;AP
2025-07-08;6960;MSF 28/2025;742;votou
2025-07-08;6960;MSF 28/2025;285;P-NRV
2025-07-08;6960;MSF 28/2025;5422;votou
2025-07-08;6960;MSF 28/2025;5942;P-NRV
2025-07-08;6960;MSF 28/2025;6304;votou
2025-07-08;6960;MSF 28/2025;6027;P-NRV
2025-07-08;6960;MSF 28/2025;5985;MIS
2025-07-08;6960;MSF 28/2025;5525;P-NRV
2025-07-08;6960;MSF 28/2025;5924;AP
2025-07-08;6960;MSF 28/2025;5523;votou
2025-07-08;6960;MSF 28/2025;825;votou
2025-07-08;6960;MSF 28/2025;453;votou
2025-07-08;6960;MSF 28/2025;5502;P-NRV
2025-07-08;6960;MSF 28/2025;5386;votou
2025-07-08;6960;MSF 28/2025;5012;votou
2025-07-08;6960;MSF 28/2025;70;AP
2025-07-08;6960;MSF 28/2025;5732;votou
2025-07-08;6960;MSF 28/2025;4694;P-NRV
2025-07-08;6960;MSF 28/2025;5352;votou
2025-07-08;6960;MSF 28/2025;5322;P-NRV
2025-07-08;6960;MSF 28/2025;6331;votou
2025-07-08;6960;MSF 28/2025;5988;P-NRV
2025-07-08;6960;MSF 28/2025;5959;votou
2025-07-08;6960;MSF 28/2025;4560;votou
2025-07-08;6960;MSF 28/2025;6338;votou
2025-07-08;6960;MSF 28/2025;5736;votou
2025-07-08;6960;MSF 28/2025;5748;P-NRV
2025-07-08;6960;MSF 28/2025;1173;votou
2025-07-08;6960;MSF 28/2025;5411;votou
2025-07-08;6960;MSF 28/2025;5070;LP
2025-07-08;6960;MSF 28/2025;5783;P-NRV
2025-07-08;6960;MSF 28/2025;3806;P-NRV
2025-07-08;6961;MSF 29/2025;5672;votou
2025-07-08;6961;MSF 29/2025;5982;P-NRV
2025-07-08;6961;MSF 29/2025;6358;votou
2025-07-08;6961;MSF 29/2025;5967;AP
2025-07-08;6961;MSF 29/2025;6009;P-NRV
2025-07-08;6961;MSF 29/2025;6350;P-NRV
2025-07-08;6961;MSF 29/2025;4639;votou
2025-07-08;6961;MSF 29/2025;5936;P-NRV
2025-07-08;6961;MSF 29/2025;5990;votou
2025-07-08;6961;MSF 29/2025;470;votou
2025-07-08;6961;MSF 29/2025;5973;AP
2025-07-08;6961;MSF 29/2025;739;P-NRV
2025-07-08;6961;MSF 29/2025;6337;votou
2025-07-08;6961;MSF 29/2025;475;votou
2025-07-08;6961;MSF 29/2025;6335;votou
2025-07-08;6961;MSF 29/2025;5998;MIS
2025-07-08;6961;MSF 29/2025;3830;votou
2025-07-08;6961;MSF 29/2025;5793;AP
2025-07-08;6961;MSF 29/2025;5906;votou
2025-07-08;6961;MSF 29/2025;4994;AP
2025-07-08;6961;MSF 29/2025;5976;votou
2025-07-08;6961;MSF 29/2025;3777;MIS
2025-07-08;6961;MSF 29/2025;4642;votou
2025-07-08;6961;MSF 29/2025;5718;P-NRV
2025-07-08;6961;MSF 29/2025;22;votou
2025-07-08;6961;MSF 29/2025;5953;P-NRV
2025-07-08;6961;MSF 29/2025;5917;P-NRV
2025-07-08;6961;MSF 29/2025;6345;votou
2025-07-08;6961;MSF 29/2025;345;LS
2025-07-08;6961;MSF 29/2025;5894;votou
2025-07-08;6961;MSF 29/2025;6008;P-NRV
2025-07-08;6961;MSF 29/2025;6341;votou
2025-07-08;6961;MSF 29/2025;5008;P-NRV
2025-07-08;6961;MSF 29/2025;5385;votou
2025-07-08;6961;MSF 29/2025;6010;votou
2025-07-08;6961;MSF 29/2025;4770;votou
2025-07-08;6961;MSF 29/2025;35;LP
2025-07-08;6961;MSF 29/2025;6340;votou
2025-07-08;6961;MSF 29/2025;581;votou
2025-07-08;6961;MSF 29/2025;4531;votou
2025-07-08;6961;MSF 29/2025;5895;LS
2025-07-08;6961;MSF 29/2025;6342;AP
2025-07-08;6961;MSF 29/2025;6369;votou
2025-07-08;6961;MSF 29/2025;4811;votou
2025-07-08;6961;MSF 29/2025;5979;votou
2025-07-08;6961;MSF 29/2025;5926;votou
2025-07-08;6961;MSF 29/2025;1186;P-NRV
2025-07-08;6961;MSF 29/2025;631;votou
2025-07-08;6961;MSF 29/2025;5376;AP
2025-07-08;6961;MSF 29/2025;742;votou
2025-07-08;6961;MSF 29/2025;285;P-NRV
2025-07-08;6961;MSF 29/2025;5422;votou
2025-07-08;6961;MSF 29/2025;5942;P-NRV
2025-07-08;6961;MSF 29/2025;6304;votou
2025-07-08;6961;MSF 29/2025;6027;P-NRV
2025-07-08;6961;MSF 29/2025;5985;MIS
2025-07-08;6961;MSF 29/2025;5525;votou
2025-07-08;6961;MSF 29/2025;5924;AP
2025-07-08;6961;MSF 29/2025;5523;P-NRV
2025-07-08;6961;MSF 29/2025;825;votou
2025-07-08;6961;MSF 29/2025;453;votou
2025-07-08;6961;MSF 29/2025;5502;P-NRV
2025-07-08;6961;MSF 29/2025;5386;votou
2025-07-08;6961;MSF 29/2025;5012;votou
2025-07-08;6961;MSF 29/2025;70;AP
2025-07-08;6961;MSF 29/2025;5732;votou
2025-07-08;6961;MSF 29/2025;4694;P-NRV
2025-07-08;6961;MSF 29/2025;5352;votou
2025-07-08;6961;MSF 29/2025;5322;P-NRV
2025-07-08;6961;MSF 29/2025;6331;votou
2025-07-08;6961;MSF 29/2025;5988;P-NRV
2025-07-08;6961;MSF 29/2025;5959;P-NRV
2025-07-08;6961;MSF 29/2025;4560;votou
2025-07-08;6961;MSF 29/2025;6338;votou
2025-07-08;6961;MSF 29/2025;5736;votou
2025-07-08;6961;MSF 29/2025;5748;P-NRV
2025-07-08;6961;MSF 29/2025;1173;votou
2025-07-08;6961;MSF 29/2025;5411;votou
2025-07-08;6961;MSF 29/2025;5070;LP
2025-07-08;6961;MSF 29/2025;5783;P-NRV
2025-07-08;6961;MSF 29/2025;3806;P-NRV
2025-07-09;6962;PEC 137/2019;5672;P-NRV
2025-07-09;6962;PEC 137/2019;5982;votou
2025-07-09;6962;PEC 137/2019;6358;votou
2025-07-09;6962;PEC 137/2019;5967;AP
2025-07-09;6962;PEC 137/2019;6009;votou
2025-07-09;6962;PEC 137/2019;6350;votou
2025-07-09;6962;PEC 137/2019;4639;votou
2025-07-09;6962;PEC 137/2019;5936;votou
2025-07-09;6962;PEC 137/2019;5990;votou
2025-07-09;6962;PEC 137/2019;470;votou
2025-07-09;6962;PEC 137/2019;5973;AP
2025-07-09;6962;PEC 137/2019;739;votou
2025-07-09;6962;PEC 137/2019;6337;votou
2025-07-09;6962;PEC 137/2019;475;votou
2025-07-09;6962;PEC 137/2019;6335;P-NRV
2025-07-09;6962;PEC 137/2019;5998;MIS
2025-07-09;6962;PEC 137/2019;3830;AP
2025-07-09;6962;PEC 137/2019;5793;AP
2025-07-09;6962;PEC 137/2019;5906;votou
2025-07-09;6962;PEC 137/2019;4994;votou
2025-07-09;6962;PEC 137/2019;5976;votou
2025-07-09;6962;PEC 137/2019;3777;MIS
2025-07-09;6962;PEC 137/2019;4642;votou
2025-07-09;6962;PEC 137/2019;5718;AP
2025-07-09;6962;PEC 137/2019;22;votou
2025-07-09;6962;PEC 137/2019;5953;votou
2025-07-09;6962;PEC 137/2019;5917;votou
2025-07-09;6962;PEC 137/2019;6345;votou
2025-07-09;6962;PEC 137/2019;345;LS
2025-07-09;6962;PEC 137/2019;5894;votou
2025-07-09;6962;PEC 137/2019;6008;AP
2025-07-09;6962;PEC 137/2019;6341;votou
2025-07-09;6962;PEC 137/2019;5008;Presidente (art. 51 RISF)
2025-07-09;6962;PEC 137/2019;5385;P-NRV
2025-07-09;6962;PEC 137/2019;6010;votou
2025-07-09;6962;PEC 137/2019;4770;votou
2025-07-09;6962;PEC 137/2019;35;AP
2025-07-09;6962;PEC 137/2019;6340;P-NRV
2025-07-09;6962;PEC 137/2019;581;votou
2025-07-09;6962;PEC 137/2019;4531;votou
2025-07-09;6962;PEC 137/2019;5895;LS
2025-07-09;6962;PEC 137/2019;6342;AP
2025-07-09;6962;PEC 137/2019;6369;votou
2025-07-09;6962;PEC 137/2019;4811;votou
2025-07-09;6962;PEC 137/2019;5979;votou
2025-07-09;6962;PEC 137/2019;5926;votou
2025-07-09;6962;PEC 137/2019;1186;AP
2025-07-09;6962;PEC 137/2019;631;P-NRV
2025-07-09;6962;PEC 137/2019;5376;votou
2025-07-09;6962;PEC 137/2019;742;votou
2025-07-09;6962;PEC 137/2019;285;votou
2025-07-09;6962;PEC 137/2019;5422;votou
2025-07-09;6962;PEC 137/2019;5942;votou
2025-07-09;6962;PEC 137/2019;6304;votou
2025-07-09;6962;PEC 137/2019;6027;LP
2025-07-09;6962;PEC 137/2019;5985;MIS
2025-07-09;6962;PEC 137/2019;5525;votou
2025-07-09;6962;PEC 137/2019;5924;AP
2025-07-09;6962;PEC 137/2019;5523;votou
2025-07-09;6962;PEC 137/2019;825;votou
2025-07-09;6962;PEC 137/2019;453;votou
2025-07-09;6962;PEC 137/2019;5502;votou
2025-07-09;6962;PEC 137/2019;5386;votou
2025-07-09;6962;PEC 137/2019;5012;votou
2025-07-09;6962;PEC 137/2019;70;votou
2025-07-09;6962;PEC 137/2019;5732;votou
2025-07-09;6962;PEC 137/2019;4694;votou
2025-07-09;6962;PEC 137/2019;5352;votou
2025-07-09;6962;PEC 137/2019;5322;votou
2025-07-09;6962;PEC 137/2019;6331;votou
2025-07-09;6962;PEC 137/2019;5988;votou
2025-07-09;6962;PEC 137/2019;5959;P-NRV
2025-07-09;6962;PEC 137/2019;4560;votou
2025-07-09;6962;PEC 137/2019;6338;votou
2025-07-09;6962;PEC 137/2019;5736;votou
2025-07-09;6962;PEC 137/2019;5748;votou
2025-07-09;6962;PEC 137/2019;1173;votou
2025-07-09;6962;PEC 137/2019;5411;votou
2025-07-09;6962;PEC 137/2019;5070;LP
2025-07-09;6962;PEC 137/2019;5783;votou
2025-07-09;6962;PEC 137/2019;3806;votou
2025-07-09;6963;PEC 137/2019;5672;votou
2025-07-09;6963;PEC 137/2019;5982;votou
2025-07-09;6963;PEC 137/2019;6358;votou
2025-07-09;6963;PEC 137/2019;5967;AP
2025-07-09;6963;PEC 137/2019;6009;votou
2025-07-09;6963;PEC 137/2019;6350;votou
2025-07-09;6963;PEC 137/2019;4639;votou
2025-07-09;6963;PEC 137/2019;5936;votou
2025-07-09;6963;PEC 137/2019;5990;votou
2025-07-09;6963;PEC 137/2019;470;votou
2025-07-09;6963;PEC 137/2019;5973;AP
2025-07-09;6963;PEC 137/2019;739;votou
2025-07-09;6963;PEC 137/2019;6337;votou
2025-07-09;6963;PEC 137/2019;475;votou
2025-07-09;6963;PEC 137/2019;6335;P-NRV
2025-07-09;6963;PEC 137/2019;5998;MIS
2025-07-09;6963;PEC 137/2019;3830;AP
2025-07-09;6963;PEC 137/2019;5793;AP
2025-07-09;6963;PEC 137/2019;5906;votou
2025-07-09;6963;PEC 137/2019;4994;votou
2025-07-09;6963;PEC 137/2019;5976;votou
2025-07-09;6963;PEC 137/2019;3777;MIS
2025-07-09;6963;PEC 137/2019;4642;P-NRV
2025-07-09;6963;PEC 137/2019;5718;AP
2025-07-09;6963;PEC 137/2019;22;votou
2025-07-09;6963;PEC 137/2019;5953;votou
2025-07-09;6963;PEC 137/2019;5917;votou
2025-07-09;6963;PEC 137/2019;6345;votou
2025-07-09;6963;PEC 137/2019;345;LS
2025-07-09;6963;PEC 137/2019;5894;votou
2025-07-09;6963;PEC 137/2019;6008;AP
2025-07-09;6963;PEC 137/2019;6341;votou
2025-07-09;6963;PEC 137/2019;5008;Presidente (art. 51 RISF)
2025-07-09;6963;PEC 137/2019;5385;P-NRV
2025-07-09;6963;PEC 137/2019;6010;votou
2025-07-09;6963;PEC 137/2019;4770;votou
2025-07-09;6963;PEC 137/2019;35;AP
2025-07-09;6963;PEC 137/2019;6340;votou
2025-07-09;6963;PEC 137/2019;581;votou
2025-07-09;6963;PEC 137/2019;4531;votou
2025-07-09;6963;PEC 137/2019;5895;LS
2025-07-09;6963;PEC 137/2019;6342;AP
2025-07-09;6963;PEC 137/2019;6369;votou
2025-07-09;6963;PEC 137/2019;4811;P-NRV
2025-07-09;6963;PEC 137/2019;5979;votou
2025-07-09;6963;PEC 137/2019;5926;P-NRV
2025-07-09;6963;PEC 137/2019;1186;AP
2025-07-09;6963;PEC 137/2019;631;votou
2025-07-09;6963;PEC 137/2019;5376;votou
2025-07-09;6963;PEC 137/2019;742;votou
2025-07-09;6963;PEC 137/2019;285;votou
2025-07-09;6963;PEC 137/2019;5422;votou
2025-07-09;6963;PEC 137/2019;5942;votou
2025-07-09;6963;PEC 137/2019;6304;votou
2025-07-09;6963;PEC 137/2019;6027;LP
2025-07-09;6963;PEC 137/2019;5985;MIS
2025-07-09;6963;PEC 137/2019;5525;P-NRV
2025-07-09;6963;PEC 137/2019;5924;AP
2025-07-09;6963;PEC 137/2019;5523;votou
2025-07-09;6963;PEC 137/2019;825;votou
2025-07-09;6963;PEC 137/2019;453;votou
2025-07-09;6963;PEC 137/2019;5502;votou
2025-07-09;6963;PEC 137/2019;5386;votou
2025-07-09;6963;PEC 137/2019;5012;votou
2025-07-09;6963;PEC 137/2019;70;votou
2025-07-09;6963;PEC 137/2019;5732;votou
2025-07-09;6963;PEC 137/2019;4694;votou
2025-07-09;6963;PEC 137/2019;5352;votou
2025-07-09;6963;PEC 137/2019;5322;votou
2025-07-09;6963;PEC 137/2019;6331;votou
2025-07-09;6963;PEC 137/2019;5988;votou
2025-07-09;6963;PEC 137/2019;5959;P-NRV
2025-07-09;6963;PEC 137/2019;4560;votou
2025-07-09;6963;PEC 137/2019;6338;votou
2025-07-09;6963;PEC 137/2019;5736;votou
2025-07-09;6963;PEC 137/2019;5748;votou
2025-07-09;6963;PEC 137/2019;1173;P-NRV
2025-07-09;6963;PEC 137/2019;5411;votou
2025-07-09;6963;PEC 137/2019;5070;LP
2025-07-09;6963;PEC 137/2019;5783;votou
2025-07-09;6963;PEC 137/2019;3806;votou
2025-07-16;6964;PLP 234/2024;5672;votou
2025-07-16;6964;PLP 234/2024;5982;votou
2025-07-16;6964;PLP 234/2024;6358;votou
2025-07-16;6964;PLP 234/2024;5967;votou
2025-07-16;6964;PLP 234/2024;6009;votou
2025-07-16;6964;PLP 234/2024;6350;votou
2025-07-16;6964;PLP 234/2024;4639;votou
2025-07-16;6964;PLP 234/2024;5936;votou
2025-07-16;6964;PLP 234/2024;5990;votou
2025-07-16;6964;PLP 234/2024;470;votou
2025-07-16;6964;PLP 234/2024;5973;votou
2025-07-16;6964;PLP 234/2024;739;votou
2025-07-16;6964;PLP 234/2024;6337;P-NRV
2025-07-16;6964;PLP 234/2024;475;votou
2025-07-16;6964;PLP 234/2024;6335;votou
2025-07-16;6964;PLP 234/2024;5998;votou
2025-07-16;6964;PLP 234/2024;3830;Presidente (art. 51 RISF)
2025-07-16;6964;PLP 234/2024;5793;votou
2025-07-16;6964;PLP 234/2024;5906;votou
2025-07-16;6964;PLP 234/2024;4994;votou
2025-07-16;6964;PLP 234/2024;5976;votou
2025-07-16;6964;PLP 234/2024;3777;votou
2025-07-16;6964;PLP 234/2024;4642;votou
2025-07-16;6964;PLP 234/2024;5718;votou
2025-07-16;6964;PLP 234/2024;22;votou
2025-07-16;6964;PLP 234/2024;5953;votou
2025-07-16;6964;PLP 234/2024;5917;votou
2025-07-16;6964;PLP 234/2024;6345;votou
2025-07-16;6964;PLP 234/2024;345;LS
2025-07-16;6964;PLP 234/2024;5894;P-NRV
2025-07-16;6964;PLP 234/2024;6008;votou
2025-07-16;6964;PLP 234/2024;6341;votou
2025-07-16;6964;PLP 234/2024;5008;votou
2025-07-16;6964;PLP 234/2024;5385;votou
2025-07-16;6964;PLP 234/2024;6010;votou
2025-07-16;6964;PLP 234/2024;4770;votou
2025-07-16;6964;PLP 234/2024;35;votou
2025-07-16;6964;PLP 234/2024;6340;votou
2025-07-16;6964;PLP 234/2024;581;votou
2025-07-16;6964;PLP 234/2024;4531;votou
2025-07-16;6964;PLP 234/2024;5895;votou
2025-07-16;6964;PLP 234/2024;6342;NCom
2025-07-16;6964;PLP 234/2024;6369;votou
2025-07-16;6964;PLP 234/2024;4811;votou
2025-07-16;6964;PLP 234/2024;5979;votou
2025-07-16;6964;PLP 234/2024;5926;votou
2025-07-16;6964;PLP 234/2024;1186;votou
2025-07-16;6964;PLP 234/2024;631;NCom
2025-07-16;6964;PLP 234/2024;5376;votou
2025-07-16;6964;PLP 234/2024;742;votou
2025-07-16;6964;PLP 234/2024;285;votou
2025-07-16;6964;PLP 234/2024;5422;votou
2025-07-16;6964;PLP 234/2024;5942;votou
2025-07-16;6964;PLP 234/2024;6304;votou
2025-07-16;6964;PLP 234/2024;6027;votou
2025-07-16;6964;PLP 234/2024;5985;votou
2025-07-16;6964;PLP 234/2024;5525;votou
2025-07-16;6964;PLP 234/2024;5924;votou
2025-07-16;6964;PLP 234/2024;5523;votou
2025-07-16;6964;PLP 234/2024;825;votou
2025-07-16;6964;PLP 234/2024;453;votou
2025-07-16;6964;PLP 234/2024;5502;votou
2025-07-16;6964;PLP 234/2024;5386;votou
2025-07-16;6964;PLP 234/2024;5012;votou
2025-07-16;6964;PLP 234/2024;70;votou
2025-07-16;6964;PLP 234/2024;5732;votou
2025-07-16;6964;PLP 234/2024;4694;NCom
2025-07-16;6964;PLP 234/2024;5352;votou
2025-07-16;6964;PLP 234/2024;5322;votou
2025-07-16;6964;PLP 234/2024;6331;votou
2025-07-16;6964;PLP 234/2024;5988;votou
2025-07-16;6964;PLP 234/2024;5959;votou
2025-07-16;6964;PLP 234/2024;4560;votou
2025-07-16;6964;PLP 234/2024;6338;votou
2025-07-16;6964;PLP 234/2024;5736;votou
2025-07-16;6964;PLP 234/2024;5748;votou
2025-07-16;6964;PLP 234/2024;1173;votou
2025-07-16;6964;PLP 234/2024;5411;votou
2025-07-16;6964;PLP 234/2024;5070;votou
2025-07-16;6964;PLP 234/2024;5783;votou
2025-07-16;6964;PLP 234/2024;3806;votou
2025-07-16;6965;PEC 66/2023 (fase 2);5672;votou
2025-07-16;6965;PEC 66/2023 (fase 2);5982;votou
2025-07-16;6965;PEC 66/2023 (fase 2);6358;votou
2025-07-16;6965;PEC 66/2023 (fase 2);5967;votou
2025-07-16;6965;PEC 66/2023 (fase 2);6009;votou
2025-07-16;6965;PEC 66/2023 (fase 2);6350;votou
2025-07-16;6965;PEC 66/2023 (fase 2);4639;votou
2025-07-16;6965;PEC 66/2023 (fase 2);5936;votou
2025-07-16;6965;PEC 66/2023 (fase 2);5990;votou
2025-07-16;6965;PEC 66/2023 (fase 2);470;votou
2025-07-16;6965;PEC 66/2023 (fase 2);5973;P-NRV
2025-07-16;6965;PEC 66/2023 (fase 2);739;votou
2025-07-16;6965;PEC 66/2023 (fase 2);6337;votou
2025-07-16;6965;PEC 66/2023 (fase 2);475;votou
2025-07-16;6965;PEC 66/2023 (fase 2);6335;votou
2025-07-16;6965;PEC 66/2023 (fase 2);5998;P-NRV
2025-07-16;6965;PEC 66/2023 (fase 2);3830;Presidente (art. 51 RISF)
2025-07-16;6965;PEC 66/2023 (fase 2);5793;votou
2025-07-16;6965;PEC 66/2023 (fase 2);5906;votou
2025-07-16;6965;PEC 66/2023 (fase 2);4994;votou
2025-07-16;6965;PEC 66/2023 (fase 2);5976;votou
2025-07-16;6965;PEC 66/2023 (fase 2);3777;votou
2025-07-16;6965;PEC 66/2023 (fase 2);4642;votou
2025-07-16;6965;PEC 66/2023 (fase 2);5718;P-NRV
2025-07-16;6965;PEC 66/2023 (fase 2);22;votou
2025-07-16;6965;PEC 66/2023 (fase 2);5953;votou
2025-07-16;6965;PEC 66/2023 (fase 2);5917;votou
2025-07-16;6965;PEC 66/2023 (fase 2);6345;votou
2025-07-16;6965;PEC 66/2023 (fase 2);345;LS
2025-07-16;6965;PEC 66/2023 (fase 2);5894;P-NRV
2025-07-16;6965;PEC 66/2023 (fase 2);6008;votou
2025-07-16;6965;PEC 66/2023 (fase 2);6341;votou
2025-07-16;6965;PEC 66/2023 (fase 2);5008;P-NRV
2025-07-16;6965;PEC 66/2023 (fase 2);5385;votou
2025-07-16;6965;PEC 66/2023 (fase 2);6010;votou
2025-07-16;6965;PEC 66/2023 (fase 2);4770;votou
2025-07-16;6965;PEC 66/2023 (fase 2);35;votou
2025-07-16;6965;PEC 66/2023 (fase 2);6340;votou
2025-07-16;6965;PEC 66/2023 (fase 2);581;votou
2025-07-16;6965;PEC 66/2023 (fase 2);4531;votou
2025-07-16;6965;PEC 66/2023 (fase 2);5895;votou
2025-07-16;6965;PEC 66/2023 (fase 2);6342;NCom
2025-07-16;6965;PEC 66/2023 (fase 2);6369;votou
2025-07-16;6965;PEC 66/2023 (fase 2);4811;votou
2025-07-16;6965;PEC 66/2023 (fase 2);5979;votou
2025-07-16;6965;PEC 66/2023 (fase 2);5926;votou
2025-07-16;6965;PEC 66/2023 (fase 2);1186;votou
2025-07-16;6965;PEC 66/2023 (fase 2);631;NCom
2025-07-16;6965;PEC 66/2023 (fase 2);5376;votou
2025-07-16;6965;PEC 66/2023 (fase 2);742;votou
2025-07-16;6965;PEC 66/2023 (fase 2);285;votou
2025-07-16;6965;PEC 66/2023 (fase 2);5422;votou
2025-07-16;6965;PEC 66/2023 (fase 2);5942;votou
2025-07-16;6965;PEC 66/2023 (fase 2);6304;votou
2025-07-16;6965;PEC 66/2023 (fase 2);6027;votou
2025-07-16;6965;PEC 66/2023 (fase 2);5985;votou
2025-07-16;6965;PEC 66/2023 (fase 2);5525;votou
2025-07-16;6965;PEC 66/2023 (fase 2);5924;P-NRV
2025-07-16;6965;PEC 66/2023 (fase 2);5523;votou
2025-07-16;6965;PEC 66/2023 (fase 2);825;votou
2025-07-16;6965;PEC 66/2023 (fase 2);453;votou
2025-07-16;6965;PEC 66/2023 (fase 2);5502;votou
2025-07-16;6965;PEC 66/2023 (fase 2);5386;votou
2025-07-16;6965;PEC 66/2023 (fase 2);5012;votou
2025-07-16;6965;PEC 66/2023 (fase 2);70;votou
2025-07-16;6965;PEC 66/2023 (fase 2);5732;votou
2025-07-16;6965;PEC 66/2023 (fase 2);4694;NCom
2025-07-16;6965;PEC 66/2023 (fase 2);5352;votou
2025-07-16;6965;PEC 66/2023 (fase 2);5322;votou
2025-07-16;6965;PEC 66/2023 (fase 2);6331;P-NRV
2025-07-16;6965;PEC 66/2023 (fase 2);5988;votou
2025-07-16;6965;PEC 66/2023 (fase 2);5959;P-NRV
2025-07-16;6965;PEC 66/2023 (fase 2);4560;votou
2025-07-16;6965;PEC 66/2023 (fase 2);6338;votou
2025-07-16;6965;PEC 66/2023 (fase 2);5736;votou
2025-07-16;6965;PEC 66/2023 (fase 2);5748;votou
2025-07-16;6965;PEC 66/2023 (fase 2);1173;votou
2025-07-16;6965;PEC 66/2023 (fase 2);5411;votou
2025-07-16;6965;PEC 66/2023 (fase 2);5070;P-NRV
2025-07-16;6965;PEC 66/2023 (fase 2);5783;votou
2025-07-16;6965;PEC 66/2023 (fase 2);3806;P-NRV
2025-08-13;6966;MSF 81/2024;5672;votou
2025-08-13;6966;MSF 81/2024;5982;votou
2025-08-13;6966;MSF 81/2024;6358;votou
2025-08-13;6966;MSF 81/2024;5967;votou
2025-08-13;6966;MSF 81/2024;6009;votou
2025-08-13;6966;MSF 81/2024;6350;votou
2025-08-13;6966;MSF 81/2024;4639;LS
2025-08-13;6966;MSF 81/2024;5936;votou
2025-08-13;6966;MSF 81/2024;5990;P-NRV
2025-08-13;6966;MSF 81/2024;470;AP
2025-08-13;6966;MSF 81/2024;5973;votou
2025-08-13;6966;MSF 81/2024;739;votou
2025-08-13;6966;MSF 81/2024;6337;votou
2025-08-13;6966;MSF 81/2024;475;votou
2025-08-13;6966;MSF 81/2024;6335;votou
2025-08-13;6966;MSF 81/2024;5998;votou
2025-08-13;6966;MSF 81/2024;3830;votou
2025-08-13;6966;MSF 81/2024;5793;votou
2025-08-13;6966;MSF 81/2024;5906;votou
2025-08-13;6966;MSF 81/2024;4994;P-NRV
2025-08-13;6966;MSF 81/2024;5976;votou
2025-08-13;6966;MSF 81/2024;3777;votou
2025-08-13;6966;MSF 81/2024;4642;P-NRV
2025-08-13;6966;MSF 81/2024;5718;votou
2025-08-13;6966;MSF 81/2024;22;votou
2025-08-13;6966;MSF 81/2024;5953;votou
2025-08-13;6966;MSF 81/2024;5917;P-NRV
2025-08-13;6966;MSF 81/2024;6345;votou
2025-08-13;6966;MSF 81/2024;345;votou
2025-08-13;6966;MSF 81/2024;5894;votou
2025-08-13;6966;MSF 81/2024;6008;AP
2025-08-13;6966;MSF 81/2024;6341;AP
2025-08-13;6966;MSF 81/2024;5008;votou
2025-08-13;6966;MSF 81/2024;5385;AP
2025-08-13;6966;MSF 81/2024;6010;AP
2025-08-13;6966;MSF 81/2024;4770;votou
2025-08-13;6966;MSF 81/2024;35;votou
2025-08-13;6966;MSF 81/2024;6340;votou
2025-08-13;6966;MSF 81/2024;581;LS
2025-08-13;6966;MSF 81/2024;4531;votou
2025-08-13;6966;MSF 81/2024;5895;LS
2025-08-13;6966;MSF 81/2024;6342;votou
2025-08-13;6966;MSF 81/2024;6369;votou
2025-08-13;6966;MSF 81/2024;4811;P-NRV
2025-08-13;6966;MSF 81/2024;5979;NA
2025-08-13;6966;MSF 81/2024;5926;votou
2025-08-13;6966;MSF 81/2024;1186;votou
2025-08-13;6966;MSF 81/2024;631;votou
2025-08-13;6966;MSF 81/2024;5376;MIS
2025-08-13;6966;MSF 81/2024;742;votou
2025-08-13;6966;MSF 81/2024;285;votou
2025-08-13;6966;MSF 81/2024;5422;votou
2025-08-13;6966;MSF 81/2024;5942;votou
2025-08-13;6966;MSF 81/2024;6304;votou
2025-08-13;6966;MSF 81/2024;6027;votou
2025-08-13;6966;MSF 81/2024;5985;P-NRV
2025-08-13;6966;MSF 81/2024;5525;votou
2025-08-13;6966;MSF 81/2024;5924;LP
2025-08-13;6966;MSF 81/2024;5523;votou
2025-08-13;6966;MSF 81/2024;825;votou
2025-08-13;6966;MSF 81/2024;453;votou
2025-08-13;6966;MSF 81/2024;5502;votou
2025-08-13;6966;MSF 81/2024;5386;P-NRV
2025-08-13;6966;MSF 81/2024;5012;votou
2025-08-13;6966;MSF 81/2024;70;votou
2025-08-13;6966;MSF 81/2024;5732;votou
2025-08-13;6966;MSF 81/2024;4694;votou
2025-08-13;6966;MSF 81/2024;5352;votou
2025-08-13;6966;MSF 81/2024;5322;P-NRV
2025-08-13;6966;MSF 81/2024;6331;votou
2025-08-13;6966;MSF 81/2024;5988;votou
2025-08-13;6966;MSF 81/2024;5959;votou
2025-08-13;6966;MSF 81/2024;4560;votou
2025-08-13;6966;MSF 81/2024;6338;votou
2025-08-13;6966;MSF 81/2024;5736;MIS
2025-08-13;6966;MSF 81/2024;5748;votou
2025-08-13;6966;MSF 81/2024;1173;P-NRV
2025-08-13;6966;MSF 81/2024;5411;votou
2025-08-13;6966;MSF 81/2024;5070;votou
2025-08-13;6966;MSF 81/2024;5783;votou
2025-08-13;6966;MSF 81/2024;3806;votou
2025-08-13;6967;MSF 31/2025;5672;votou
2025-08-13;6967;MSF 31/2025;5982;P-NRV
2025-08-13;6967;MSF 31/2025;6358;votou
2025-08-13;6967;MSF 31/2025;5967;votou
2025-08-13;6967;MSF 31/2025;6009;votou
2025-08-13;6967;MSF 31/2025;6350;votou
2025-08-13;6967;MSF 31/2025;4639;LS
2025-08-13;6967;MSF 31/2025;5936;votou
2025-08-13;6967;MSF 31/2025;5990;votou
2025-08-13;6967;MSF 31/2025;470;AP
2025-08-13;6967;MSF 31/2025;5973;votou
2025-08-13;6967;MSF 31/2025;739;votou
2025-08-13;6967;MSF 31/2025;6337;votou
2025-08-13;6967;MSF 31/2025;475;votou
2025-08-13;6967;MSF 31/2025;6335;votou
2025-08-13;6967;MSF 31/2025;5998;votou
2025-08-13;6967;MSF 31/2025;3830;votou
2025-08-13;6967;MSF 31/2025;5793;votou
2025-08-13;6967;MSF 31/2025;5906;votou
2025-08-13;6967;MSF 31/2025;4994;votou
2025-08-13;6967;MSF 31/2025;5976;votou
2025-08-13;6967;MSF 31/2025;3777;votou
2025-08-13;6967;MSF 31/2025;4642;votou
2025-08-13;6967;MSF 31/2025;5718;votou
2025-08-13;6967;MSF 31/2025;22;votou
2025-08-13;6967;MSF 31/2025;5953;votou
2025-08-13;6967;MSF 31/2025;5917;votou
2025-08-13;6967;MSF 31/2025;6345;votou
2025-08-13;6967;MSF 31/2025;345;votou
2025-08-13;6967;MSF 31/2025;5894;votou
2025-08-13;6967;MSF 31/2025;6008;AP
2025-08-13;6967;MSF 31/2025;6341;AP
2025-08-13;6967;MSF 31/2025;5008;votou
2025-08-13;6967;MSF 31/2025;5385;AP
2025-08-13;6967;MSF 31/2025;6010;AP
2025-08-13;6967;MSF 31/2025;4770;votou
2025-08-13;6967;MSF 31/2025;35;votou
2025-08-13;6967;MSF 31/2025;6340;votou
2025-08-13;6967;MSF 31/2025;581;LS
2025-08-13;6967;MSF 31/2025;4531;votou
2025-08-13;6967;MSF 31/2025;5895;LS
2025-08-13;6967;MSF 31/2025;6342;votou
2025-08-13;6967;MSF 31/2025;6369;votou
2025-08-13;6967;MSF 31/2025;4811;P-NRV
2025-08-13;6967;MSF 31/2025;5979;NA
2025-08-13;6967;MSF 31/2025;5926;votou
2025-08-13;6967;MSF 31/2025;1186;votou
2025-08-13;6967;MSF 31/2025;631;votou
2025-08-13;6967;MSF 31/2025;5376;MIS
2025-08-13;6967;MSF 31/2025;742;votou
2025-08-13;6967;MSF 31/2025;285;votou
2025-08-13;6967;MSF 31/2025;5422;votou
2025-08-13;6967;MSF 31/2025;5942;votou
2025-08-13;6967;MSF 31/2025;6304;votou
2025-08-13;6967;MSF 31/2025;6027;votou
2025-08-13;6967;MSF 31/2025;5985;votou
2025-08-13;6967;MSF 31/2025;5525;votou
2025-08-13;6967;MSF 31/2025;5924;LP
2025-08-13;6967;MSF 31/2025;5523;votou
2025-08-13;6967;MSF 31/2025;825;votou
2025-08-13;6967;MSF 31/2025;453;votou
2025-08-13;6967;MSF 31/2025;5502;votou
2025-08-13;6967;MSF 31/2025;5386;votou
2025-08-13;6967;MSF 31/2025;5012;votou
2025-08-13;6967;MSF 31/2025;70;votou
2025-08-13;6967;MSF 31/2025;5732;votou
2025-08-13;6967;MSF 31/2025;4694;votou
2025-08-13;6967;MSF 31/2025;5352;votou
2025-08-13;6967;MSF 31/2025;5322;P-NRV
2025-08-13;6967;MSF 31/2025;6331;votou
2025-08-13;6967;MSF 31/2025;5988;votou
2025-08-13;6967;MSF 31/2025;5959;votou
2025-08-13;6967;MSF 31/2025;4560;votou
2025-08-13;6967;MSF 31/2025;6338;votou
2025-08-13;6967;MSF 31/2025;5736;MIS
2025-08-13;6967;MSF 31/2025;5748;votou
2025-08-13;6967;MSF 31/2025;1173;P-NRV
2025-08-13;6967;MSF 31/2025;5411;votou
2025-08-13;6967;MSF 31/2025;5070;votou
2025-08-13;6967;MSF 31/2025;5783;votou
2025-08-13;6967;MSF 31/2025;3806;votou
2025-08-13;6968;MSF 39/2025;5672;votou
2025-08-13;6968;MSF 39/2025;5982;P-NRV
2025-08-13;6968;MSF 39/2025;6358;votou
2025-08-13;6968;MSF 39/2025;5967;votou
2025-08-13;6968;MSF 39/2025;6009;votou
2025-08-13;6968;MSF 39/2025;6350;votou
2025-08-13;6968;MSF 39/2025;4639;LS
2025-08-13;6968;MSF 39/2025;5936;votou
2025-08-13;6968;MSF 39/2025;5990;P-NRV
2025-08-13;6968;MSF 39/2025;470;AP
2025-08-13;6968;MSF 39/2025;5973;votou
2025-08-13;6968;MSF 39/2025;739;votou
2025-08-13;6968;MSF 39/2025;6337;votou
2025-08-13;6968;MSF 39/2025;475;votou
2025-08-13;6968;MSF 39/2025;6335;votou
2025-08-13;6968;MSF 39/2025;5998;votou
2025-08-13;6968;MSF 39/2025;3830;votou
2025-08-13;6968;MSF 39/2025;5793;votou
2025-08-13;6968;MSF 39/2025;5906;votou
2025-08-13;6968;MSF 39/2025;4994;votou
2025-08-13;6968;MSF 39/2025;5976;votou
2025-08-13;6968;MSF 39/2025;3777;votou
2025-08-13;6968;MSF 39/2025;4642;votou
2025-08-13;6968;MSF 39/2025;5718;votou
2025-08-13;6968;MSF 39/2025;22;votou
2025-08-13;6968;MSF 39/2025;5953;votou
2025-08-13;6968;MSF 39/2025;5917;votou
2025-08-13;6968;MSF 39/2025;6345;votou
2025-08-13;6968;MSF 39/2025;345;votou
2025-08-13;6968;MSF 39/2025;5894;votou
2025-08-13;6968;MSF 39/2025;6008;AP
2025-08-13;6968;MSF 39/2025;6341;AP
2025-08-13;6968;MSF 39/2025;5008;votou
2025-08-13;6968;MSF 39/2025;5385;AP
2025-08-13;6968;MSF 39/2025;6010;AP
2025-08-13;6968;MSF 39/2025;4770;votou
2025-08-13;6968;MSF 39/2025;35;votou
2025-08-13;6968;MSF 39/2025;6340;votou
2025-08-13;6968;MSF 39/2025;581;LS
2025-08-13;6968;MSF 39/2025;4531;votou
2025-08-13;6968;MSF 39/2025;5895;LS
2025-08-13;6968;MSF 39/2025;6342;votou
2025-08-13;6968;MSF 39/2025;6369;votou
2025-08-13;6968;MSF 39/2025;4811;P-NRV
2025-08-13;6968;MSF 39/2025;5979;NA
2025-08-13;6968;MSF 39/2025;5926;votou
2025-08-13;6968;MSF 39/2025;1186;votou
2025-08-13;6968;MSF 39/2025;631;votou
2025-08-13;6968;MSF 39/2025;5376;MIS
2025-08-13;6968;MSF 39/2025;742;votou
2025-08-13;6968;MSF 39/2025;285;votou
2025-08-13;6968;MSF 39/2025;5422;votou
2025-08-13;6968;MSF 39/2025;5942;votou
2025-08-13;6968;MSF 39/2025;6304;votou
2025-08-13;6968;MSF 39/2025;6027;votou
2025-08-13;6968;MSF 39/2025;5985;votou
2025-08-13;6968;MSF 39/2025;5525;votou
2025-08-13;6968;MSF 39/2025;5924;LP
2025-08-13;6968;MSF 39/2025;5523;votou
2025-08-13;6968;MSF 39/2025;825;votou
2025-08-13;6968;MSF 39/2025;453;votou
2025-08-13;6968;MSF 39/2025;5502;votou
2025-08-13;6968;MSF 39/2025;5386;votou
2025-08-13;6968;MSF 39/2025;5012;votou
2025-08-13;6968;MSF 39/2025;70;votou
2025-08-13;6968;MSF 39/2025;5732;votou
2025-08-13;6968;MSF 39/2025;4694;votou
2025-08-13;6968;MSF 39/2025;5352;votou
2025-08-13;6968;MSF 39/2025;5322;votou
2025-08-13;6968;MSF 39/2025;6331;votou
2025-08-13;6968;MSF 39/2025;5988;votou
2025-08-13;6968;MSF 39/2025;5959;votou
2025-08-13;6968;MSF 39/2025;4560;votou
2025-08-13;6968;MSF 39/2025;6338;votou
2025-08-13;6968;MSF 39/2025;5736;MIS
2025-08-13;6968;MSF 39/2025;5748;votou
2025-08-13;6968;MSF 39/2025;1173;votou
2025-08-13;6968;MSF 39/2025;5411;votou
2025-08-13;6968;MSF 39/2025;5070;votou
2025-08-13;6968;MSF 39/2025;5783;votou
2025-08-13;6968;MSF 39/2025;3806;votou
2025-08-13;6969;MSF 30/2025;5672;votou
2025-08-13;6969;MSF 30/2025;5982;P-NRV
2025-08-13;6969;MSF 30/2025;6358;votou
2025-08-13;6969;MSF 30/2025;5967;votou
2025-08-13;6969;MSF 30/2025;6009;votou
2025-08-13;6969;MSF 30/2025;6350;votou
2025-08-13;6969;MSF 30/2025;4639;LS
2025-08-13;6969;MSF 30/2025;5936;votou
2025-08-13;6969;MSF 30/2025;5990;votou
2025-08-13;6969;MSF 30/2025;470;AP
2025-08-13;6969;MSF 30/2025;5973;votou
2025-08-13;6969;MSF 30/2025;739;votou
2025-08-13;6969;MSF 30/2025;6337;votou
2025-08-13;6969;MSF 30/2025;475;votou
2025-08-13;6969;MSF 30/2025;6335;votou
2025-08-13;6969;MSF 30/2025;5998;votou
2025-08-13;6969;MSF 30/2025;3830;votou
2025-08-13;6969;MSF 30/2025;5793;votou
2025-08-13;6969;MSF 30/2025;5906;votou
2025-08-13;6969;MSF 30/2025;4994;votou
2025-08-13;6969;MSF 30/2025;5976;votou
2025-08-13;6969;MSF 30/2025;3777;votou
2025-08-13;6969;MSF 30/2025;4642;votou
2025-08-13;6969;MSF 30/2025;5718;votou
2025-08-13;6969;MSF 30/2025;22;votou
2025-08-13;6969;MSF 30/2025;5953;votou
2025-08-13;6969;MSF 30/2025;5917;votou
2025-08-13;6969;MSF 30/2025;6345;votou
2025-08-13;6969;MSF 30/2025;345;votou
2025-08-13;6969;MSF 30/2025;5894;votou
2025-08-13;6969;MSF 30/2025;6008;AP
2025-08-13;6969;MSF 30/2025;6341;AP
2025-08-13;6969;MSF 30/2025;5008;votou
2025-08-13;6969;MSF 30/2025;5385;AP
2025-08-13;6969;MSF 30/2025;6010;AP
2025-08-13;6969;MSF 30/2025;4770;votou
2025-08-13;6969;MSF 30/2025;35;votou
2025-08-13;6969;MSF 30/2025;6340;votou
2025-08-13;6969;MSF 30/2025;581;LS
2025-08-13;6969;MSF 30/2025;4531;votou
2025-08-13;6969;MSF 30/2025;5895;LS
2025-08-13;6969;MSF 30/2025;6342;votou
2025-08-13;6969;MSF 30/2025;6369;votou
2025-08-13;6969;MSF 30/2025;4811;P-NRV
2025-08-13;6969;MSF 30/2025;5979;NA
2025-08-13;6969;MSF 30/2025;5926;votou
2025-08-13;6969;MSF 30/2025;1186;votou
2025-08-13;6969;MSF 30/2025;631;votou
2025-08-13;6969;MSF 30/2025;5376;MIS
2025-08-13;6969;MSF 30/2025;742;votou
2025-08-13;6969;MSF 30/2025;285;votou
2025-08-13;6969;MSF 30/2025;5422;votou
2025-08-13;6969;MSF 30/2025;5942;votou
2025-08-13;6969;MSF 30/2025;6304;votou
2025-08-13;6969;MSF 30/2025;6027;votou
2025-08-13;6969;MSF 30/2025;5985;votou
2025-08-13;6969;MSF 30/2025;5525;votou
2025-08-13;6969;MSF 30/2025;5924;LP
2025-08-13;6969;MSF 30/2025;5523;votou
2025-08-13;6969;MSF 30/2025;825;votou
2025-08-13;6969;MSF 30/2025;453;votou
2025-08-13;6969;MSF 30/2025;5502;votou
2025-08-13;6969;MSF 30/2025;5386;votou
2025-08-13;6969;MSF 30/2025;5012;votou
2025-08-13;6969;MSF 30/2025;70;votou
2025-08-13;6969;MSF 30/2025;5732;votou
2025-08-13;6969;MSF 30/2025;4694;votou
2025-08-13;6969;MSF 30/2025;5352;votou
2025-08-13;6969;MSF 30/2025;5322;votou
2025-08-13;6969;MSF 30/2025;6331;votou
2025-08-13;6969;MSF 30/2025;5988;votou
2025-08-13;6969;MSF 30/2025;5959;votou
2025-08-13;6969;MSF 30/2025;4560;votou
2025-08-13;6969;MSF 30/2025;6338;votou
2025-08-13;6969;MSF 30/2025;5736;MIS
2025-08-13;6969;MSF 30/2025;5748;votou
2025-08-13;6969;MSF 30/2025;1173;votou
2025-08-13;6969;MSF 30/2025;5411;votou
2025-08-13;6969;MSF 30/2025;5070;votou
2025-08-13;6969;MSF 30/2025;5783;votou
2025-08-13;6969;MSF 30/2025;3806;votou
2025-08-13;6970;OFS 1/2025;5672;votou
2025-08-13;6970;OFS 1/2025;5982;P-NRV
2025-08-13;6970;OFS 1/2025;6358;votou
2025-08-13;6970;OFS 1/2025;5967;votou
2025-08-13;6970;OFS 1/2025;6009;votou
2025-08-13;6970;OFS 1/2025;6350;votou
2025-08-13;6970;OFS 1/2025;4639;LS
2025-08-13;6970;OFS 1/2025;5936;P-NRV
2025-08-13;6970;OFS 1/2025;5990;votou
2025-08-13;6970;OFS 1/2025;470;AP
2025-08-13;6970;OFS 1/2025;5973;votou
2025-08-13;6970;OFS 1/2025;739;votou
2025-08-13;6970;OFS 1/2025;6337;votou
2025-08-13;6970;OFS 1/2025;475;votou
2025-08-13;6970;OFS 1/2025;6335;votou
2025-08-13;6970;OFS 1/2025;5998;votou
2025-08-13;6970;OFS 1/2025;3830;votou
2025-08-13;6970;OFS 1/2025;5793;votou
2025-08-13;6970;OFS 1/2025;5906;votou
2025-08-13;6970;OFS 1/2025;4994;P-NRV
2025-08-13;6970;OFS 1/2025;5976;votou
2025-08-13;6970;OFS 1/2025;3777;votou
2025-08-13;6970;OFS 1/2025;4642;votou
2025-08-13;6970;OFS 1/2025;5718;votou
2025-08-13;6970;OFS 1/2025;22;votou
2025-08-13;6970;OFS 1/2025;5953;P-NRV
2025-08-13;6970;OFS 1/2025;5917;P-NRV
2025-08-13;6970;OFS 1/2025;6345;votou
2025-08-13;6970;OFS 1/2025;345;votou
2025-08-13;6970;OFS 1/2025;5894;votou
2025-08-13;6970;OFS 1/2025;6008;AP
2025-08-13;6970;OFS 1/2025;6341;AP
2025-08-13;6970;OFS 1/2025;5008;votou
2025-08-13;6970;OFS 1/2025;5385;AP
2025-08-13;6970;OFS 1/2025;6010;AP
2025-08-13;6970;OFS 1/2025;4770;votou
2025-08-13;6970;OFS 1/2025;35;votou
2025-08-13;6970;OFS 1/2025;6340;votou
2025-08-13;6970;OFS 1/2025;581;LS
2025-08-13;6970;OFS 1/2025;4531;votou
2025-08-13;6970;OFS 1/2025;5895;LS
2025-08-13;6970;OFS 1/2025;6342;votou
2025-08-13;6970;OFS 1/2025;6369;votou
2025-08-13;6970;OFS 1/2025;4811;P-NRV
2025-08-13;6970;OFS 1/2025;5979;NA
2025-08-13;6970;OFS 1/2025;5926;votou
2025-08-13;6970;OFS 1/2025;1186;votou
2025-08-13;6970;OFS 1/2025;631;P-NRV
2025-08-13;6970;OFS 1/2025;5376;MIS
2025-08-13;6970;OFS 1/2025;742;votou
2025-08-13;6970;OFS 1/2025;285;votou
2025-08-13;6970;OFS 1/2025;5422;votou
2025-08-13;6970;OFS 1/2025;5942;P-NRV
2025-08-13;6970;OFS 1/2025;6304;votou
2025-08-13;6970;OFS 1/2025;6027;votou
2025-08-13;6970;OFS 1/2025;5985;votou
2025-08-13;6970;OFS 1/2025;5525;votou
2025-08-13;6970;OFS 1/2025;5924;LP
2025-08-13;6970;OFS 1/2025;5523;votou
2025-08-13;6970;OFS 1/2025;825;votou
2025-08-13;6970;OFS 1/2025;453;votou
2025-08-13;6970;OFS 1/2025;5502;votou
2025-08-13;6970;OFS 1/2025;5386;votou
2025-08-13;6970;OFS 1/2025;5012;votou
2025-08-13;6970;OFS 1/2025;70;votou
2025-08-13;6970;OFS 1/2025;5732;votou
2025-08-13;6970;OFS 1/2025;4694;votou
2025-08-13;6970;OFS 1/2025;5352;votou
2025-08-13;6970;OFS 1/2025;5322;votou
2025-08-13;6970;OFS 1/2025;6331;votou
2025-08-13;6970;OFS 1/2025;5988;votou
2025-08-13;6970;OFS 1/2025;5959;votou
2025-08-13;6970;OFS 1/2025;4560;P-NRV
2025-08-13;6970;OFS 1/2025;6338;votou
2025-08-13;6970;OFS 1/2025;5736;MIS
2025-08-13;6970;OFS 1/2025;5748;votou
2025-08-13;6970;OFS 1/2025;1173;votou
2025-08-13;6970;OFS 1/2025;5411;votou
2025-08-13;6970;OFS 1/2025;5070;votou
2025-08-13;6970;OFS 1/2025;5783;votou
2025-08-13;6970;OFS 1/2025;3806;votou
2025-08-13;6971;OFS 4/2025;5672;votou
2025-08-13;6971;OFS 4/2025;5982;P-NRV
2025-08-13;6971;OFS 4/2025;6358;votou
2025-08-13;6971;OFS 4/2025;5967;votou
2025-08-13;6971;OFS 4/2025;6009;votou
2025-08-13;6971;OFS 4/2025;6350;votou
2025-08-13;6971;OFS 4/2025;4639;LS
2025-08-13;6971;OFS 4/2025;5936;P-NRV
2025-08-13;6971;OFS 4/2025;5990;votou
2025-08-13;6971;OFS 4/2025;470;AP
2025-08-13;6971;OFS 4/2025;5973;votou
2025-08-13;6971;OFS 4/2025;739;P-NRV
2025-08-13;6971;OFS 4/2025;6337;votou
2025-08-13;6971;OFS 4/2025;475;votou
2025-08-13;6971;OFS 4/2025;6335;votou
2025-08-13;6971;OFS 4/2025;5998;votou
2025-08-13;6971;OFS 4/2025;3830;votou
2025-08-13;6971;OFS 4/2025;5793;votou
2025-08-13;6971;OFS 4/2025;5906;votou
2025-08-13;6971;OFS 4/2025;4994;P-NRV
2025-08-13;6971;OFS 4/2025;5976;votou
2025-08-13;6971;OFS 4/2025;3777;votou
2025-08-13;6971;OFS 4/2025;4642;votou
2025-08-13;6971;OFS 4/2025;5718;votou
2025-08-13;6971;OFS 4/2025;22;votou
2025-08-13;6971;OFS 4/2025;5953;P-NRV
2025-08-13;6971;OFS 4/2025;5917;P-NRV
2025-08-13;6971;OFS 4/2025;6345;votou
2025-08-13;6971;OFS 4/2025;345;votou
2025-08-13;6971;OFS 4/2025;5894;P-NRV
2025-08-13;6971;OFS 4/2025;6008;AP
2025-08-13;6971;OFS 4/2025;6341;AP
2025-08-13;6971;OFS 4/2025;5008;votou
2025-08-13;6971;OFS 4/2025;5385;AP
2025-08-13;6971;OFS 4/2025;6010;AP
2025-08-13;6971;OFS 4/2025;4770;votou
2025-08-13;6971;OFS 4/2025;35;votou
2025-08-13;6971;OFS 4/2025;6340;votou
2025-08-13;6971;OFS 4/2025;581;LS
2025-08-13;6971;OFS 4/2025;4531;votou
2025-08-13;6971;OFS 4/2025;5895;LS
2025-08-13;6971;OFS 4/2025;6342;votou
2025-08-13;6971;OFS 4/2025;6369;votou
2025-08-13;6971;OFS 4/2025;4811;votou
2025-08-13;6971;OFS 4/2025;5979;NA
2025-08-13;6971;OFS 4/2025;5926;votou
2025-08-13;6971;OFS 4/2025;1186;votou
2025-08-13;6971;OFS 4/2025;631;P-NRV
2025-08-13;6971;OFS 4/2025;5376;MIS
2025-08-13;6971;OFS 4/2025;742;votou
2025-08-13;6971;OFS 4/2025;285;votou
2025-08-13;6971;OFS 4/2025;5422;P-NRV
2025-08-13;6971;OFS 4/2025;5942;P-NRV
2025-08-13;6971;OFS 4/2025;6304;votou
2025-08-13;6971;OFS 4/2025;6027;votou
2025-08-13;6971;OFS 4/2025;5985;votou
2025-08-13;6971;OFS 4/2025;5525;votou
2025-08-13;6971;OFS 4/2025;5924;LP
2025-08-13;6971;OFS 4/2025;5523;votou
2025-08-13;6971;OFS 4/2025;825;votou
2025-08-13;6971;OFS 4/2025;453;votou
2025-08-13;6971;OFS 4/2025;5502;votou
2025-08-13;6971;OFS 4/2025;5386;votou
2025-08-13;6971;OFS 4/2025;5012;votou
2025-08-13;6971;OFS 4/2025;70;votou
2025-08-13;6971;OFS 4/2025;5732;votou
2025-08-13;6971;OFS 4/2025;4694;votou
2025-08-13;6971;OFS 4/2025;5352;votou
2025-08-13;6971;OFS 4/2025;5322;votou
2025-08-13;6971;OFS 4/2025;6331;votou
2025-08-13;6971;OFS 4/2025;5988;votou
2025-08-13;6971;OFS 4/2025;5959;votou
2025-08-13;6971;OFS 4/2025;4560;votou
2025-08-13;6971;OFS 4/2025;6338;votou
2025-08-13;6971;OFS 4/2025;5736;MIS
2025-08-13;6971;OFS 4/2025;5748;votou
2025-08-13;6971;OFS 4/2025;1173;P-NRV
2025-08-13;6971;OFS 4/2025;5411;votou
2025-08-13;6971;OFS 4/2025;5070;votou
2025-08-13;6971;OFS 4/2025;5783;votou
2025-08-13;6971;OFS 4/2025;3806;votou
2025-08-13;6972;OFS 4/2024;5672;P-NRV
2025-08-13;6972;OFS 4/2024;5982;P-NRV
2025-08-13;6972;OFS 4/2024;6358;votou
2025-08-13;6972;OFS 4/2024;5967;votou
2025-08-13;6972;OFS 4/2024;6009;P-NRV
2025-08-13;6972;OFS 4/2024;6350;votou
2025-08-13;6972;OFS 4/2024;4639;LS
2025-08-13;6972;OFS 4/2024;5936;P-NRV
2025-08-13;6972;OFS 4/2024;5990;votou
2025-08-13;6972;OFS 4/2024;470;AP
2025-08-13;6972;OFS 4/2024;5973;P-NRV
2025-08-13;6972;OFS 4/2024;739;P-NRV
2025-08-13;6972;OFS 4/2024;6337;votou
2025-08-13;6972;OFS 4/2024;475;votou
2025-08-13;6972;OFS 4/2024;6335;votou
2025-08-13;6972;OFS 4/2024;5998;votou
2025-08-13;6972;OFS 4/2024;3830;votou
2025-08-13;6972;OFS 4/2024;5793;votou
2025-08-13;6972;OFS 4/2024;5906;votou
2025-08-13;6972;OFS 4/2024;4994;P-NRV
2025-08-13;6972;OFS 4/2024;5976;votou
2025-08-13;6972;OFS 4/2024;3777;votou
2025-08-13;6972;OFS 4/2024;4642;votou
2025-08-13;6972;OFS 4/2024;5718;votou
2025-08-13;6972;OFS 4/2024;22;votou
2025-08-13;6972;OFS 4/2024;5953;P-NRV
2025-08-13;6972;OFS 4/2024;5917;P-NRV
2025-08-13;6972;OFS 4/2024;6345;votou
2025-08-13;6972;OFS 4/2024;345;votou
2025-08-13;6972;OFS 4/2024;5894;P-NRV
2025-08-13;6972;OFS 4/2024;6008;AP
2025-08-13;6972;OFS 4/2024;6341;AP
2025-08-13;6972;OFS 4/2024;5008;votou
2025-08-13;6972;OFS 4/2024;5385;AP
2025-08-13;6972;OFS 4/2024;6010;AP
2025-08-13;6972;OFS 4/2024;4770;P-NRV
2025-08-13;6972;OFS 4/2024;35;votou
2025-08-13;6972;OFS 4/2024;6340;votou
2025-08-13;6972;OFS 4/2024;581;LS
2025-08-13;6972;OFS 4/2024;4531;votou
2025-08-13;6972;OFS 4/2024;5895;LS
2025-08-13;6972;OFS 4/2024;6342;votou
2025-08-13;6972;OFS 4/2024;6369;votou
2025-08-13;6972;OFS 4/2024;4811;votou
2025-08-13;6972;OFS 4/2024;5979;NA
2025-08-13;6972;OFS 4/2024;5926;votou
2025-08-13;6972;OFS 4/2024;1186;votou
2025-08-13;6972;OFS 4/2024;631;P-NRV
2025-08-13;6972;OFS 4/2024;5376;MIS
2025-08-13;6972;OFS 4/2024;742;votou
2025-08-13;6972;OFS 4/2024;285;votou
2025-08-13;6972;OFS 4/2024;5422;P-NRV
2025-08-13;6972;OFS 4/2024;5942;P-NRV
2025-08-13;6972;OFS 4/2024;6304;votou
2025-08-13;6972;OFS 4/2024;6027;votou
2025-08-13;6972;OFS 4/2024;5985;votou
2025-08-13;6972;OFS 4/2024;5525;votou
2025-08-13;6972;OFS 4/2024;5924;LP
2025-08-13;6972;OFS 4/2024;5523;votou
2025-08-13;6972;OFS 4/2024;825;votou
2025-08-13;6972;OFS 4/2024;453;votou
2025-08-13;6972;OFS 4/2024;5502;votou
2025-08-13;6972;OFS 4/2024;5386;votou
2025-08-13;6972;OFS 4/2024;5012;votou
2025-08-13;6972;OFS 4/2024;70;votou
2025-08-13;6972;OFS 4/2024;5732;votou
2025-08-13;6972;OFS 4/2024;4694;votou
2025-08-13;6972;OFS 4/2024;5352;votou
2025-08-13;6972;OFS 4/2024;5322;votou
2025-08-13;6972;OFS 4/2024;6331;votou
2025-08-13;6972;OFS 4/2024;5988;votou
2025-08-13;6972;OFS 4/2024;5959;votou
2025-08-13;6972;OFS 4/2024;4560;votou
2025-08-13;6972;OFS 4/2024;6338;votou
2025-08-13;6972;OFS 4/2024;5736;MIS
2025-08-13;6972;OFS 4/2024;5748;P-NRV
2025-08-13;6972;OFS 4/2024;1173;P-NRV
2025-08-13;6972;OFS 4/2024;5411;votou
2025-08-13;6972;OFS 4/2024;5070;votou
2025-08-13;6972;OFS 4/2024;5783;votou
2025-08-13;6972;OFS 4/2024;3806;votou
2025-08-19;6973;MSF 95/2024;5672;votou
2025-08-19;6973;MSF 95/2024;5982;MIS
2025-08-19;6973;MSF 95/2024;6358;AP
2025-08-19;6973;MSF 95/2024;5967;votou
2025-08-19;6973;MSF 95/2024;6009;votou
2025-08-19;6973;MSF 95/2024;6350;votou
2025-08-19;6973;MSF 95/2024;4639;votou
2025-08-19;6973;MSF 95/2024;5936;votou
2025-08-19;6973;MSF 95/2024;5990;P-NRV
2025-08-19;6973;MSF 95/2024;470;votou
2025-08-19;6973;MSF 95/2024;5973;votou
2025-08-19;6973;MSF 95/2024;739;P-NRV
2025-08-19;6973;MSF 95/2024;6337;votou
2025-08-19;6973;MSF 95/2024;475;votou
2025-08-19;6973;MSF 95/2024;6335;votou
2025-08-19;6973;MSF 95/2024;5998;votou
2025-08-19;6973;MSF 95/2024;3830;votou
2025-08-19;6973;MSF 95/2024;5793;P-NRV
2025-08-19;6973;MSF 95/2024;5906;votou
2025-08-19;6973;MSF 95/2024;4994;P-NRV
2025-08-19;6973;MSF 95/2024;5976;votou
2025-08-19;6973;MSF 95/2024;3777;votou
2025-08-19;6973;MSF 95/2024;4642;P-NRV
2025-08-19;6973;MSF 95/2024;5718;AP
2025-08-19;6973;MSF 95/2024;22;votou
2025-08-19;6973;MSF 95/2024;5953;votou
2025-08-19;6973;MSF 95/2024;5917;votou
2025-08-19;6973;MSF 95/2024;6345;votou
2025-08-19;6973;MSF 95/2024;345;votou
2025-08-19;6973;MSF 95/2024;5894;votou
2025-08-19;6973;MSF 95/2024;6008;votou
2025-08-19;6973;MSF 95/2024;6341;votou
2025-08-19;6973;MSF 95/2024;5008;votou
2025-08-19;6973;MSF 95/2024;5385;P-NRV
2025-08-19;6973;MSF 95/2024;6010;votou
2025-08-19;6973;MSF 95/2024;4770;votou
2025-08-19;6973;MSF 95/2024;35;AP
2025-08-19;6973;MSF 95/2024;6340;votou
2025-08-19;6973;MSF 95/2024;581;LS
2025-08-19;6973;MSF 95/2024;4531;votou
2025-08-19;6973;MSF 95/2024;5895;votou
2025-08-19;6973;MSF 95/2024;6342;votou
2025-08-19;6973;MSF 95/2024;6369;P-NRV
2025-08-19;6973;MSF 95/2024;4811;votou
2025-08-19;6973;MSF 95/2024;5979;P-NRV
2025-08-19;6973;MSF 95/2024;5926;votou
2025-08-19;6973;MSF 95/2024;1186;votou
2025-08-19;6973;MSF 95/2024;631;P-NRV
2025-08-19;6973;MSF 95/2024;5376;MIS
2025-08-19;6973;MSF 95/2024;742;P-NRV
2025-08-19;6973;MSF 95/2024;285;AP
2025-08-19;6973;MSF 95/2024;5422;votou
2025-08-19;6973;MSF 95/2024;5942;votou
2025-08-19;6973;MSF 95/2024;6304;votou
2025-08-19;6973;MSF 95/2024;6027;votou
2025-08-19;6973;MSF 95/2024;5985;votou
2025-08-19;6973;MSF 95/2024;5525;votou
2025-08-19;6973;MSF 95/2024;5924;LP
2025-08-19;6973;MSF 95/2024;5523;votou
2025-08-19;6973;MSF 95/2024;825;votou
2025-08-19;6973;MSF 95/2024;453;votou
2025-08-19;6973;MSF 95/2024;5502;votou
2025-08-19;6973;MSF 95/2024;5386;P-NRV
2025-08-19;6973;MSF 95/2024;5012;votou
2025-08-19;6973;MSF 95/2024;70;AP
2025-08-19;6973;MSF 95/2024;5732;votou
2025-08-19;6973;MSF 95/2024;4694;P-NRV
2025-08-19;6973;MSF 95/2024;5352;votou
2025-08-19;6973;MSF 95/2024;5322;P-NRV
2025-08-19;6973;MSF 95/2024;6331;P-NRV
2025-08-19;6973;MSF 95/2024;5988;P-NRV
2025-08-19;6973;MSF 95/2024;5959;votou
2025-08-19;6973;MSF 95/2024;4560;P-NRV
2025-08-19;6973;MSF 95/2024;6338;votou
2025-08-19;6973;MSF 95/2024;5736;P-NRV
2025-08-19;6973;MSF 95/2024;5748;votou
2025-08-19;6973;MSF 95/2024;1173;P-NRV
2025-08-19;6973;MSF 95/2024;5411;votou
2025-08-19;6973;MSF 95/2024;5070;votou
2025-08-19;6973;MSF 95/2024;5783;votou
2025-08-19;6973;MSF 95/2024;3806;votou
2025-08-19;6974;MSF 96/2024;5672;votou
2025-08-19;6974;MSF 96/2024;5982;MIS
2025-08-19;6974;MSF 96/2024;6358;AP
2025-08-19;6974;MSF 96/2024;5967;votou
2025-08-19;6974;MSF 96/2024;6009;votou
2025-08-19;6974;MSF 96/2024;6350;votou
2025-08-19;6974;MSF 96/2024;4639;votou
2025-08-19;6974;MSF 96/2024;5936;votou
2025-08-19;6974;MSF 96/2024;5990;P-NRV
2025-08-19;6974;MSF 96/2024;470;votou
2025-08-19;6974;MSF 96/2024;5973;votou
2025-08-19;6974;MSF 96/2024;739;P-NRV
2025-08-19;6974;MSF 96/2024;6337;votou
2025-08-19;6974;MSF 96/2024;475;votou
2025-08-19;6974;MSF 96/2024;6335;votou
2025-08-19;6974;MSF 96/2024;5998;votou
2025-08-19;6974;MSF 96/2024;3830;votou
2025-08-19;6974;MSF 96/2024;5793;P-NRV
2025-08-19;6974;MSF 96/2024;5906;votou
2025-08-19;6974;MSF 96/2024;4994;P-NRV
2025-08-19;6974;MSF 96/2024;5976;votou
2025-08-19;6974;MSF 96/2024;3777;votou
2025-08-19;6974;MSF 96/2024;4642;P-NRV
2025-08-19;6974;MSF 96/2024;5718;AP
2025-08-19;6974;MSF 96/2024;22;votou
2025-08-19;6974;MSF 96/2024;5953;votou
2025-08-19;6974;MSF 96/2024;5917;P-NRV
2025-08-19;6974;MSF 96/2024;6345;votou
2025-08-19;6974;MSF 96/2024;345;votou
2025-08-19;6974;MSF 96/2024;5894;votou
2025-08-19;6974;MSF 96/2024;6008;votou
2025-08-19;6974;MSF 96/2024;6341;votou
2025-08-19;6974;MSF 96/2024;5008;votou
2025-08-19;6974;MSF 96/2024;5385;P-NRV
2025-08-19;6974;MSF 96/2024;6010;votou
2025-08-19;6974;MSF 96/2024;4770;votou
2025-08-19;6974;MSF 96/2024;35;AP
2025-08-19;6974;MSF 96/2024;6340;votou
2025-08-19;6974;MSF 96/2024;581;LS
2025-08-19;6974;MSF 96/2024;4531;votou
2025-08-19;6974;MSF 96/2024;5895;votou
2025-08-19;6974;MSF 96/2024;6342;P-NRV
2025-08-19;6974;MSF 96/2024;6369;P-NRV
2025-08-19;6974;MSF 96/2024;4811;votou
2025-08-19;6974;MSF 96/2024;5979;P-NRV
2025-08-19;6974;MSF 96/2024;5926;votou
2025-08-19;6974;MSF 96/2024;1186;votou
2025-08-19;6974;MSF 96/2024;631;votou
2025-08-19;6974;MSF 96/2024;5376;MIS
2025-08-19;6974;MSF 96/2024;742;P-NRV
2025-08-19;6974;MSF 96/2024;285;AP
2025-08-19;6974;MSF 96/2024;5422;votou
2025-08-19;6974;MSF 96/2024;5942;votou
2025-08-19;6974;MSF 96/2024;6304;votou
2025-08-19;6974;MSF 96/2024;6027;votou
2025-08-19;6974;MSF 96/2024;5985;votou
2025-08-19;6974;MSF 96/2024;5525;votou
2025-08-19;6974;MSF 96/2024;5924;LP
2025-08-19;6974;MSF 96/2024;5523;votou
2025-08-19;6974;MSF 96/2024;825;votou
2025-08-19;6974;MSF 96/2024;453;votou
2025-08-19;6974;MSF 96/2024;5502;votou
2025-08-19;6974;MSF 96/2024;5386;P-NRV
2025-08-19;6974;MSF 96/2024;5012;votou
2025-08-19;6974;MSF 96/2024;70;AP
2025-08-19;6974;MSF 96/2024;5732;votou
2025-08-19;6974;MSF 96/2024;4694;votou
2025-08-19;6974;MSF 96/2024;5352;votou
2025-08-19;6974;MSF 96/2024;5322;votou
2025-08-19;6974;MSF 96/2024;6331;votou
2025-08-19;6974;MSF 96/2024;5988;votou
2025-08-19;6974;MSF 96/2024;5959;votou
2025-08-19;6974;MSF 96/2024;4560;P-NRV
2025-08-19;6974;MSF 96/2024;6338;votou
2025-08-19;6974;MSF 96/2024;5736;P-NRV
2025-08-19;6974;MSF 96/2024;5748;votou
2025-08-19;6974;MSF 96/2024;1173;P-NRV
2025-08-19;6974;MSF 96/2024;5411;votou
2025-08-19;6974;MSF 96/2024;5070;votou
2025-08-19;6974;MSF 96/2024;5783;votou
2025-08-19;6974;MSF 96/2024;3806;votou
2025-08-19;6975;MSF 90/2024;5672;votou
2025-08-19;6975;MSF 90/2024;5982;MIS
2025-08-19;6975;MSF 90/2024;6358;AP
2025-08-19;6975;MSF 90/2024;5967;votou
2025-08-19;6975;MSF 90/2024;6009;votou
2025-08-19;6975;MSF 90/2024;6350;votou
2025-08-19;6975;MSF 90/2024;4639;votou
2025-08-19;6975;MSF 90/2024;5936;P-NRV
2025-08-19;6975;MSF 90/2024;5990;P-NRV
2025-08-19;6975;MSF 90/2024;470;votou
2025-08-19;6975;MSF 90/2024;5973;votou
2025-08-19;6975;MSF 90/2024;739;P-NRV
2025-08-19;6975;MSF 90/2024;6337;votou
2025-08-19;6975;MSF 90/2024;475;votou
2025-08-19;6975;MSF 90/2024;6335;votou
2025-08-19;6975;MSF 90/2024;5998;votou
2025-08-19;6975;MSF 90/2024;3830;votou
2025-08-19;6975;MSF 90/2024;5793;votou
2025-08-19;6975;MSF 90/2024;5906;votou
2025-08-19;6975;MSF 90/2024;4994;P-NRV
2025-08-19;6975;MSF 90/2024;5976;votou
2025-08-19;6975;MSF 90/2024;3777;votou
2025-08-19;6975;MSF 90/2024;4642;votou
2025-08-19;6975;MSF 90/2024;5718;AP
2025-08-19;6975;MSF 90/2024;22;votou
2025-08-19;6975;MSF 90/2024;5953;votou
2025-08-19;6975;MSF 90/2024;5917;P-NRV
2025-08-19;6975;MSF 90/2024;6345;P-NRV
2025-08-19;6975;MSF 90/2024;345;votou
2025-08-19;6975;MSF 90/2024;5894;votou
2025-08-19;6975;MSF 90/2024;6008;votou
2025-08-19;6975;MSF 90/2024;6341;votou
2025-08-19;6975;MSF 90/2024;5008;votou
2025-08-19;6975;MSF 90/2024;5385;votou
2025-08-19;6975;MSF 90/2024;6010;votou
2025-08-19;6975;MSF 90/2024;4770;votou
2025-08-19;6975;MSF 90/2024;35;AP
2025-08-19;6975;MSF 90/2024;6340;votou
2025-08-19;6975;MSF 90/2024;581;LS
2025-08-19;6975;MSF 90/2024;4531;votou
2025-08-19;6975;MSF 90/2024;5895;votou
2025-08-19;6975;MSF 90/2024;6342;P-NRV
2025-08-19;6975;MSF 90/2024;6369;P-NRV
2025-08-19;6975;MSF 90/2024;4811;votou
2025-08-19;6975;MSF 90/2024;5979;P-NRV
2025-08-19;6975;MSF 90/2024;5926;votou
2025-08-19;6975;MSF 90/2024;1186;votou
2025-08-19;6975;MSF 90/2024;631;votou
2025-08-19;6975;MSF 90/2024;5376;MIS
2025-08-19;6975;MSF 90/2024;742;P-NRV
2025-08-19;6975;MSF 90/2024;285;AP
2025-08-19;6975;MSF 90/2024;5422;votou
2025-08-19;6975;MSF 90/2024;5942;votou
2025-08-19;6975;MSF 90/2024;6304;votou
2025-08-19;6975;MSF 90/2024;6027;votou
2025-08-19;6975;MSF 90/2024;5985;votou
2025-08-19;6975;MSF 90/2024;5525;votou
2025-08-19;6975;MSF 90/2024;5924;LP
2025-08-19;6975;MSF 90/2024;5523;votou
2025-08-19;6975;MSF 90/2024;825;votou
2025-08-19;6975;MSF 90/2024;453;votou
2025-08-19;6975;MSF 90/2024;5502;votou
2025-08-19;6975;MSF 90/2024;5386;votou
2025-08-19;6975;MSF 90/2024;5012;votou
2025-08-19;6975;MSF 90/2024;70;AP
2025-08-19;6975;MSF 90/2024;5732;votou
2025-08-19;6975;MSF 90/2024;4694;votou
2025-08-19;6975;MSF 90/2024;5352;votou
2025-08-19;6975;MSF 90/2024;5322;votou
2025-08-19;6975;MSF 90/2024;6331;votou
2025-08-19;6975;MSF 90/2024;5988;votou
2025-08-19;6975;MSF 90/2024;5959;votou
2025-08-19;6975;MSF 90/2024;4560;votou
2025-08-19;6975;MSF 90/2024;6338;votou
2025-08-19;6975;MSF 90/2024;5736;votou
2025-08-19;6975;MSF 90/2024;5748;P-NRV
2025-08-19;6975;MSF 90/2024;1173;P-NRV
2025-08-19;6975;MSF 90/2024;5411;votou
2025-08-19;6975;MSF 90/2024;5070;votou
2025-08-19;6975;MSF 90/2024;5783;votou
2025-08-19;6975;MSF 90/2024;3806;votou
2025-08-19;6976;MSF 34/2025;5672;P-NRV
2025-08-19;6976;MSF 34/2025;5982;MIS
2025-08-19;6976;MSF 34/2025;6358;AP
2025-08-19;6976;MSF 34/2025;5967;votou
2025-08-19;6976;MSF 34/2025;6009;votou
2025-08-19;6976;MSF 34/2025;6350;votou
2025-08-19;6976;MSF 34/2025;4639;votou
2025-08-19;6976;MSF 34/2025;5936;votou
2025-08-19;6976;MSF 34/2025;5990;P-NRV
2025-08-19;6976;MSF 34/2025;470;votou
2025-08-19;6976;MSF 34/2025;5973;votou
2025-08-19;6976;MSF 34/2025;739;votou
2025-08-19;6976;MSF 34/2025;6337;votou
2025-08-19;6976;MSF 34/2025;475;votou
2025-08-19;6976;MSF 34/2025;6335;votou
2025-08-19;6976;MSF 34/2025;5998;votou
2025-08-19;6976;MSF 34/2025;3830;votou
2025-08-19;6976;MSF 34/2025;5793;votou
2025-08-19;6976;MSF 34/2025;5906;votou
2025-08-19;6976;MSF 34/2025;4994;P-NRV
2025-08-19;6976;MSF 34/2025;5976;votou
2025-08-19;6976;MSF 34/2025;3777;votou
2025-08-19;6976;MSF 34/2025;4642;votou
2025-08-19;6976;MSF 34/2025;5718;AP
2025-08-19;6976;MSF 34/2025;22;votou
2025-08-19;6976;MSF 34/2025;5953;P-NRV
2025-08-19;6976;MSF 34/2025;5917;P-NRV
2025-08-19;6976;MSF 34/2025;6345;P-NRV
2025-08-19;6976;MSF 34/2025;345;votou
2025-08-19;6976;MSF 34/2025;5894;votou
2025-08-19;6976;MSF 34/2025;6008;votou
2025-08-19;6976;MSF 34/2025;6341;votou
2025-08-19;6976;MSF 34/2025;5008;votou
2025-08-19;6976;MSF 34/2025;5385;votou
2025-08-19;6976;MSF 34/2025;6010;votou
2025-08-19;6976;MSF 34/2025;4770;P-NRV
2025-08-19;6976;MSF 34/2025;35;AP
2025-08-19;6976;MSF 34/2025;6340;votou
2025-08-19;6976;MSF 34/2025;581;LS
2025-08-19;6976;MSF 34/2025;4531;votou
2025-08-19;6976;MSF 34/2025;5895;votou
2025-08-19;6976;MSF 34/2025;6342;P-NRV
2025-08-19;6976;MSF 34/2025;6369;P-NRV
2025-08-19;6976;MSF 34/2025;4811;votou
2025-08-19;6976;MSF 34/2025;5979;P-NRV
2025-08-19;6976;MSF 34/2025;5926;votou
2025-08-19;6976;MSF 34/2025;1186;votou
2025-08-19;6976;MSF 34/2025;631;votou
2025-08-19;6976;MSF 34/2025;5376;MIS
2025-08-19;6976;MSF 34/2025;742;P-NRV
2025-08-19;6976;MSF 34/2025;285;AP
2025-08-19;6976;MSF 34/2025;5422;votou
2025-08-19;6976;MSF 34/2025;5942;votou
2025-08-19;6976;MSF 34/2025;6304;votou
2025-08-19;6976;MSF 34/2025;6027;votou
2025-08-19;6976;MSF 34/2025;5985;votou
2025-08-19;6976;MSF 34/2025;5525;votou
2025-08-19;6976;MSF 34/2025;5924;LP
2025-08-19;6976;MSF 34/2025;5523;votou
2025-08-19;6976;MSF 34/2025;825;votou
2025-08-19;6976;MSF 34/2025;453;votou
2025-08-19;6976;MSF 34/2025;5502;votou
2025-08-19;6976;MSF 34/2025;5386;votou
2025-08-19;6976;MSF 34/2025;5012;votou
2025-08-19;6976;MSF 34/2025;70;AP
2025-08-19;6976;MSF 34/2025;5732;votou
2025-08-19;6976;MSF 34/2025;4694;votou
2025-08-19;6976;MSF 34/2025;5352;votou
2025-08-19;6976;MSF 34/2025;5322;votou
2025-08-19;6976;MSF 34/2025;6331;votou
2025-08-19;6976;MSF 34/2025;5988;votou
2025-08-19;6976;MSF 34/2025;5959;votou
2025-08-19;6976;MSF 34/2025;4560;votou
2025-08-19;6976;MSF 34/2025;6338;votou
2025-08-19;6976;MSF 34/2025;5736;votou
2025-08-19;6976;MSF 34/2025;5748;votou
2025-08-19;6976;MSF 34/2025;1173;votou
2025-08-19;6976;MSF 34/2025;5411;votou
2025-08-19;6976;MSF 34/2025;5070;votou
2025-08-19;6976;MSF 34/2025;5783;votou
2025-08-19;6976;MSF 34/2025;3806;votou
2025-08-19;6977;OFS 9/2025;5672;P-NRV
2025-08-19;6977;OFS 9/2025;5982;MIS
2025-08-19;6977;OFS 9/2025;6358;AP
2025-08-19;6977;OFS 9/2025;5967;votou
2025-08-19;6977;OFS 9/2025;6009;votou
2025-08-19;6977;OFS 9/2025;6350;votou
2025-08-19;6977;OFS 9/2025;4639;votou
2025-08-19;6977;OFS 9/2025;5936;P-NRV
2025-08-19;6977;OFS 9/2025;5990;P-NRV
2025-08-19;6977;OFS 9/2025;470;votou
2025-08-19;6977;OFS 9/2025;5973;votou
2025-08-19;6977;OFS 9/2025;739;votou
2025-08-19;6977;OFS 9/2025;6337;votou
2025-08-19;6977;OFS 9/2025;475;votou
2025-08-19;6977;OFS 9/2025;6335;votou
2025-08-19;6977;OFS 9/2025;5998;votou
2025-08-19;6977;OFS 9/2025;3830;votou
2025-08-19;6977;OFS 9/2025;5793;votou
2025-08-19;6977;OFS 9/2025;5906;votou
2025-08-19;6977;OFS 9/2025;4994;P-NRV
2025-08-19;6977;OFS 9/2025;5976;votou
2025-08-19;6977;OFS 9/2025;3777;votou
2025-08-19;6977;OFS 9/2025;4642;votou
2025-08-19;6977;OFS 9/2025;5718;AP
2025-08-19;6977;OFS 9/2025;22;votou
2025-08-19;6977;OFS 9/2025;5953;P-NRV
2025-08-19;6977;OFS 9/2025;5917;P-NRV
2025-08-19;6977;OFS 9/2025;6345;P-NRV
2025-08-19;6977;OFS 9/2025;345;votou
2025-08-19;6977;OFS 9/2025;5894;votou
2025-08-19;6977;OFS 9/2025;6008;votou
2025-08-19;6977;OFS 9/2025;6341;votou
2025-08-19;6977;OFS 9/2025;5008;votou
2025-08-19;6977;OFS 9/2025;5385;votou
2025-08-19;6977;OFS 9/2025;6010;votou
2025-08-19;6977;OFS 9/2025;4770;votou
2025-08-19;6977;OFS 9/2025;35;AP
2025-08-19;6977;OFS 9/2025;6340;votou
2025-08-19;6977;OFS 9/2025;581;LS
2025-08-19;6977;OFS 9/2025;4531;votou
2025-08-19;6977;OFS 9/2025;5895;votou
2025-08-19;6977;OFS 9/2025;6342;P-NRV
2025-08-19;6977;OFS 9/2025;6369;P-NRV
2025-08-19;6977;OFS 9/2025;4811;votou
2025-08-19;6977;OFS 9/2025;5979;P-NRV
2025-08-19;6977;OFS 9/2025;5926;votou
2025-08-19;6977;OFS 9/2025;1186;votou
2025-08-19;6977;OFS 9/2025;631;votou
2025-08-19;6977;OFS 9/2025;5376;MIS
2025-08-19;6977;OFS 9/2025;742;P-NRV
2025-08-19;6977;OFS 9/2025;285;AP
2025-08-19;6977;OFS 9/2025;5422;votou
2025-08-19;6977;OFS 9/2025;5942;votou
2025-08-19;6977;OFS 9/2025;6304;votou
2025-08-19;6977;OFS 9/2025;6027;votou
2025-08-19;6977;OFS 9/2025;5985;votou
2025-08-19;6977;OFS 9/2025;5525;votou
2025-08-19;6977;OFS 9/2025;5924;LP
2025-08-19;6977;OFS 9/2025;5523;votou
2025-08-19;6977;OFS 9/2025;825;votou
2025-08-19;6977;OFS 9/2025;453;votou
2025-08-19;6977;OFS 9/2025;5502;votou
2025-08-19;6977;OFS 9/2025;5386;votou
2025-08-19;6977;OFS 9/2025;5012;votou
2025-08-19;6977;OFS 9/2025;70;AP
2025-08-19;6977;OFS 9/2025;5732;votou
2025-08-19;6977;OFS 9/2025;4694;votou
2025-08-19;6977;OFS 9/2025;5352;votou
2025-08-19;6977;OFS 9/2025;5322;votou
2025-08-19;6977;OFS 9/2025;6331;votou
2025-08-19;6977;OFS 9/2025;5988;votou
2025-08-19;6977;OFS 9/2025;5959;votou
2025-08-19;6977;OFS 9/2025;4560;votou
2025-08-19;6977;OFS 9/2025;6338;votou
2025-08-19;6977;OFS 9/2025;5736;votou
2025-08-19;6977;OFS 9/2025;5748;votou
2025-08-19;6977;OFS 9/2025;1173;votou
2025-08-19;6977;OFS 9/2025;5411;votou
2025-08-19;6977;OFS 9/2025;5070;votou
2025-08-19;6977;OFS 9/2025;5783;votou
2025-08-19;6977;OFS 9/2025;3806;votou
2025-08-19;6978;OFS 2/2025;5672;P-NRV
2025-08-19;6978;OFS 2/2025;5982;MIS
2025-08-19;6978;OFS 2/2025;6358;AP
2025-08-19;6978;OFS 2/2025;5967;votou
2025-08-19;6978;OFS 2/2025;6009;votou
2025-08-19;6978;OFS 2/2025;6350;votou
2025-08-19;6978;OFS 2/2025;4639;votou
2025-08-19;6978;OFS 2/2025;5936;votou
2025-08-19;6978;OFS 2/2025;5990;P-NRV
2025-08-19;6978;OFS 2/2025;470;votou
2025-08-19;6978;OFS 2/2025;5973;votou
2025-08-19;6978;OFS 2/2025;739;votou
2025-08-19;6978;OFS 2/2025;6337;votou
2025-08-19;6978;OFS 2/2025;475;votou
2025-08-19;6978;OFS 2/2025;6335;votou
2025-08-19;6978;OFS 2/2025;5998;votou
2025-08-19;6978;OFS 2/2025;3830;votou
2025-08-19;6978;OFS 2/2025;5793;votou
2025-08-19;6978;OFS 2/2025;5906;votou
2025-08-19;6978;OFS 2/2025;4994;P-NRV
2025-08-19;6978;OFS 2/2025;5976;votou
2025-08-19;6978;OFS 2/2025;3777;votou
2025-08-19;6978;OFS 2/2025;4642;votou
2025-08-19;6978;OFS 2/2025;5718;AP
2025-08-19;6978;OFS 2/2025;22;votou
2025-08-19;6978;OFS 2/2025;5953;votou
2025-08-19;6978;OFS 2/2025;5917;P-NRV
2025-08-19;6978;OFS 2/2025;6345;P-NRV
2025-08-19;6978;OFS 2/2025;345;votou
2025-08-19;6978;OFS 2/2025;5894;votou
2025-08-19;6978;OFS 2/2025;6008;votou
2025-08-19;6978;OFS 2/2025;6341;votou
2025-08-19;6978;OFS 2/2025;5008;votou
2025-08-19;6978;OFS 2/2025;5385;votou
2025-08-19;6978;OFS 2/2025;6010;votou
2025-08-19;6978;OFS 2/2025;4770;votou
2025-08-19;6978;OFS 2/2025;35;AP
2025-08-19;6978;OFS 2/2025;6340;votou
2025-08-19;6978;OFS 2/2025;581;LS
2025-08-19;6978;OFS 2/2025;4531;votou
2025-08-19;6978;OFS 2/2025;5895;votou
2025-08-19;6978;OFS 2/2025;6342;P-NRV
2025-08-19;6978;OFS 2/2025;6369;P-NRV
2025-08-19;6978;OFS 2/2025;4811;votou
2025-08-19;6978;OFS 2/2025;5979;votou
2025-08-19;6978;OFS 2/2025;5926;votou
2025-08-19;6978;OFS 2/2025;1186;votou
2025-08-19;6978;OFS 2/2025;631;votou
2025-08-19;6978;OFS 2/2025;5376;MIS
2025-08-19;6978;OFS 2/2025;742;P-NRV
2025-08-19;6978;OFS 2/2025;285;AP
2025-08-19;6978;OFS 2/2025;5422;votou
2025-08-19;6978;OFS 2/2025;5942;P-NRV
2025-08-19;6978;OFS 2/2025;6304;votou
2025-08-19;6978;OFS 2/2025;6027;votou
2025-08-19;6978;OFS 2/2025;5985;votou
2025-08-19;6978;OFS 2/2025;5525;votou
2025-08-19;6978;OFS 2/2025;5924;LP
2025-08-19;6978;OFS 2/2025;5523;votou
2025-08-19;6978;OFS 2/2025;825;votou
2025-08-19;6978;OFS 2/2025;453;votou
2025-08-19;6978;OFS 2/2025;5502;votou
2025-08-19;6978;OFS 2/2025;5386;votou
2025-08-19;6978;OFS 2/2025;5012;votou
2025-08-19;6978;OFS 2/2025;70;AP
2025-08-19;6978;OFS 2/2025;5732;votou
2025-08-19;6978;OFS 2/2025;4694;votou
2025-08-19;6978;OFS 2/2025;5352;votou
2025-08-19;6978;OFS 2/2025;5322;votou
2025-08-19;6978;OFS 2/2025;6331;votou
2025-08-19;6978;OFS 2/2025;5988;votou
2025-08-19;6978;OFS 2/2025;5959;votou
2025-08-19;6978;OFS 2/2025;4560;votou
2025-08-19;6978;OFS 2/2025;6338;votou
2025-08-19;6978;OFS 2/2025;5736;votou
2025-08-19;6978;OFS 2/2025;5748;votou
2025-08-19;6978;OFS 2/2025;1173;votou
2025-08-19;6978;OFS 2/2025;5411;votou
2025-08-19;6978;OFS 2/2025;5070;votou
2025-08-19;6978;OFS 2/2025;5783;votou
2025-08-19;6978;OFS 2/2025;3806;votou
2025-08-19;6979;OFS 3/2025;5672;votou
2025-08-19;6979;OFS 3/2025;5982;MIS
2025-08-19;6979;OFS 3/2025;6358;AP
2025-08-19;6979;OFS 3/2025;5967;votou
2025-08-19;6979;OFS 3/2025;6009;votou
2025-08-19;6979;OFS 3/2025;6350;votou
2025-08-19;6979;OFS 3/2025;4639;votou
2025-08-19;6979;OFS 3/2025;5936;votou
2025-08-19;6979;OFS 3/2025;5990;P-NRV
2025-08-19;6979;OFS 3/2025;470;votou
2025-08-19;6979;OFS 3/2025;5973;votou
2025-08-19;6979;OFS 3/2025;739;votou
2025-08-19;6979;OFS 3/2025;6337;votou
2025-08-19;6979;OFS 3/2025;475;votou
2025-08-19;6979;OFS 3/2025;6335;votou
2025-08-19;6979;OFS 3/2025;5998;votou
2025-08-19;6979;OFS 3/2025;3830;votou
2025-08-19;6979;OFS 3/2025;5793;votou
2025-08-19;6979;OFS 3/2025;5906;votou
2025-08-19;6979;OFS 3/2025;4994;P-NRV
2025-08-19;6979;OFS 3/2025;5976;votou
2025-08-19;6979;OFS 3/2025;3777;votou
2025-08-19;6979;OFS 3/2025;4642;votou
2025-08-19;6979;OFS 3/2025;5718;AP
2025-08-19;6979;OFS 3/2025;22;votou
2025-08-19;6979;OFS 3/2025;5953;votou
2025-08-19;6979;OFS 3/2025;5917;P-NRV
2025-08-19;6979;OFS 3/2025;6345;votou
2025-08-19;6979;OFS 3/2025;345;votou
2025-08-19;6979;OFS 3/2025;5894;votou
2025-08-19;6979;OFS 3/2025;6008;votou
2025-08-19;6979;OFS 3/2025;6341;votou
2025-08-19;6979;OFS 3/2025;5008;votou
2025-08-19;6979;OFS 3/2025;5385;P-NRV
2025-08-19;6979;OFS 3/2025;6010;votou
2025-08-19;6979;OFS 3/2025;4770;votou
2025-08-19;6979;OFS 3/2025;35;AP
2025-08-19;6979;OFS 3/2025;6340;votou
2025-08-19;6979;OFS 3/2025;581;LS
2025-08-19;6979;OFS 3/2025;4531;votou
2025-08-19;6979;OFS 3/2025;5895;votou
2025-08-19;6979;OFS 3/2025;6342;P-NRV
2025-08-19;6979;OFS 3/2025;6369;P-NRV
2025-08-19;6979;OFS 3/2025;4811;votou
2025-08-19;6979;OFS 3/2025;5979;votou
2025-08-19;6979;OFS 3/2025;5926;votou
2025-08-19;6979;OFS 3/2025;1186;votou
2025-08-19;6979;OFS 3/2025;631;votou
2025-08-19;6979;OFS 3/2025;5376;MIS
2025-08-19;6979;OFS 3/2025;742;P-NRV
2025-08-19;6979;OFS 3/2025;285;AP
2025-08-19;6979;OFS 3/2025;5422;votou
2025-08-19;6979;OFS 3/2025;5942;P-NRV
2025-08-19;6979;OFS 3/2025;6304;votou
2025-08-19;6979;OFS 3/2025;6027;votou
2025-08-19;6979;OFS 3/2025;5985;votou
2025-08-19;6979;OFS 3/2025;5525;votou
2025-08-19;6979;OFS 3/2025;5924;LP
2025-08-19;6979;OFS 3/2025;5523;votou
2025-08-19;6979;OFS 3/2025;825;votou
2025-08-19;6979;OFS 3/2025;453;votou
2025-08-19;6979;OFS 3/2025;5502;votou
2025-08-19;6979;OFS 3/2025;5386;votou
2025-08-19;6979;OFS 3/2025;5012;votou
2025-08-19;6979;OFS 3/2025;70;AP
2025-08-19;6979;OFS 3/2025;5732;votou
2025-08-19;6979;OFS 3/2025;4694;P-NRV
2025-08-19;6979;OFS 3/2025;5352;votou
2025-08-19;6979;OFS 3/2025;5322;votou
2025-08-19;6979;OFS 3/2025;6331;votou
2025-08-19;6979;OFS 3/2025;5988;votou
2025-08-19;6979;OFS 3/2025;5959;votou
2025-08-19;6979;OFS 3/2025;4560;votou
2025-08-19;6979;OFS 3/2025;6338;votou
2025-08-19;6979;OFS 3/2025;5736;votou
2025-08-19;6979;OFS 3/2025;5748;P-NRV
2025-08-19;6979;OFS 3/2025;1173;votou
2025-08-19;6979;OFS 3/2025;5411;votou
2025-08-19;6979;OFS 3/2025;5070;votou
2025-08-19;6979;OFS 3/2025;5783;votou
2025-08-19;6979;OFS 3/2025;3806;votou
2025-08-19;6980;MSF 87/2024;5672;votou
2025-08-19;6980;MSF 87/2024;5982;MIS
2025-08-19;6980;MSF 87/2024;6358;AP
2025-08-19;6980;MSF 87/2024;5967;votou
2025-08-19;6980;MSF 87/2024;6009;votou
2025-08-19;6980;MSF 87/2024;6350;votou
2025-08-19;6980;MSF 87/2024;4639;votou
2025-08-19;6980;MSF 87/2024;5936;votou
2025-08-19;6980;MSF 87/2024;5990;P-NRV
2025-08-19;6980;MSF 87/2024;470;votou
2025-08-19;6980;MSF 87/2024;5973;votou
2025-08-19;6980;MSF 87/2024;739;votou
2025-08-19;6980;MSF 87/2024;6337;votou
2025-08-19;6980;MSF 87/2024;475;P-NRV
2025-08-19;6980;MSF 87/2024;6335;votou
2025-08-19;6980;MSF 87/2024;5998;votou
2025-08-19;6980;MSF 87/2024;3830;votou
2025-08-19;6980;MSF 87/2024;5793;votou
2025-08-19;6980;MSF 87/2024;5906;votou
2025-08-19;6980;MSF 87/2024;4994;P-NRV
2025-08-19;6980;MSF 87/2024;5976;votou
2025-08-19;6980;MSF 87/2024;3777;votou
2025-08-19;6980;MSF 87/2024;4642;votou
2025-08-19;6980;MSF 87/2024;5718;AP
2025-08-19;6980;MSF 87/2024;22;votou
2025-08-19;6980;MSF 87/2024;5953;votou
2025-08-19;6980;MSF 87/2024;5917;P-NRV
2025-08-19;6980;MSF 87/2024;6345;votou
2025-08-19;6980;MSF 87/2024;345;votou
2025-08-19;6980;MSF 87/2024;5894;votou
2025-08-19;6980;MSF 87/2024;6008;votou
2025-08-19;6980;MSF 87/2024;6341;votou
2025-08-19;6980;MSF 87/2024;5008;votou
2025-08-19;6980;MSF 87/2024;5385;votou
2025-08-19;6980;MSF 87/2024;6010;votou
2025-08-19;6980;MSF 87/2024;4770;votou
2025-08-19;6980;MSF 87/2024;35;AP
2025-08-19;6980;MSF 87/2024;6340;votou
2025-08-19;6980;MSF 87/2024;581;LS
2025-08-19;6980;MSF 87/2024;4531;P-NRV
2025-08-19;6980;MSF 87/2024;5895;P-NRV
2025-08-19;6980;MSF 87/2024;6342;P-NRV
2025-08-19;6980;MSF 87/2024;6369;P-NRV
2025-08-19;6980;MSF 87/2024;4811;votou
2025-08-19;6980;MSF 87/2024;5979;votou
2025-08-19;6980;MSF 87/2024;5926;votou
2025-08-19;6980;MSF 87/2024;1186;votou
2025-08-19;6980;MSF 87/2024;631;votou
2025-08-19;6980;MSF 87/2024;5376;MIS
2025-08-19;6980;MSF 87/2024;742;votou
2025-08-19;6980;MSF 87/2024;285;AP
2025-08-19;6980;MSF 87/2024;5422;votou
2025-08-19;6980;MSF 87/2024;5942;P-NRV
2025-08-19;6980;MSF 87/2024;6304;votou
2025-08-19;6980;MSF 87/2024;6027;votou
2025-08-19;6980;MSF 87/2024;5985;votou
2025-08-19;6980;MSF 87/2024;5525;votou
2025-08-19;6980;MSF 87/2024;5924;LP
2025-08-19;6980;MSF 87/2024;5523;votou
2025-08-19;6980;MSF 87/2024;825;votou
2025-08-19;6980;MSF 87/2024;453;votou
2025-08-19;6980;MSF 87/2024;5502;votou
2025-08-19;6980;MSF 87/2024;5386;votou
2025-08-19;6980;MSF 87/2024;5012;votou
2025-08-19;6980;MSF 87/2024;70;AP
2025-08-19;6980;MSF 87/2024;5732;votou
2025-08-19;6980;MSF 87/2024;4694;P-NRV
2025-08-19;6980;MSF 87/2024;5352;votou
2025-08-19;6980;MSF 87/2024;5322;votou
2025-08-19;6980;MSF 87/2024;6331;votou
2025-08-19;6980;MSF 87/2024;5988;votou
2025-08-19;6980;MSF 87/2024;5959;votou
2025-08-19;6980;MSF 87/2024;4560;votou
2025-08-19;6980;MSF 87/2024;6338;votou
2025-08-19;6980;MSF 87/2024;5736;votou
2025-08-19;6980;MSF 87/2024;5748;votou
2025-08-19;6980;MSF 87/2024;1173;P-NRV
2025-08-19;6980;MSF 87/2024;5411;votou
2025-08-19;6980;MSF 87/2024;5070;P-NRV
2025-08-19;6980;MSF 87/2024;5783;votou
2025-08-19;6980;MSF 87/2024;3806;votou
2025-08-19;6981;OFS 8/2025;5672;votou
2025-08-19;6981;OFS 8/2025;5982;MIS
2025-08-19;6981;OFS 8/2025;6358;AP
2025-08-19;6981;OFS 8/2025;5967;votou
2025-08-19;6981;OFS 8/2025;6009;votou
2025-08-19;6981;OFS 8/2025;6350;votou
2025-08-19;6981;OFS 8/2025;4639;votou
2025-08-19;6981;OFS 8/2025;5936;P-NRV
2025-08-19;6981;OFS 8/2025;5990;votou
2025-08-19;6981;OFS 8/2025;470;votou
2025-08-19;6981;OFS 8/2025;5973;votou
2025-08-19;6981;OFS 8/2025;739;votou
2025-08-19;6981;OFS 8/2025;6337;votou
2025-08-19;6981;OFS 8/2025;475;P-NRV
2025-08-19;6981;OFS 8/2025;6335;votou
2025-08-19;6981;OFS 8/2025;5998;votou
2025-08-19;6981;OFS 8/2025;3830;votou
2025-08-19;6981;OFS 8/2025;5793;votou
2025-08-19;6981;OFS 8/2025;5906;votou
2025-08-19;6981;OFS 8/2025;4994;P-NRV
2025-08-19;6981;OFS 8/2025;5976;votou
2025-08-19;6981;OFS 8/2025;3777;votou
2025-08-19;6981;OFS 8/2025;4642;votou
2025-08-19;6981;OFS 8/2025;5718;AP
2025-08-19;6981;OFS 8/2025;22;votou
2025-08-19;6981;OFS 8/2025;5953;P-NRV
2025-08-19;6981;OFS 8/2025;5917;votou
2025-08-19;6981;OFS 8/2025;6345;votou
2025-08-19;6981;OFS 8/2025;345;votou
2025-08-19;6981;OFS 8/2025;5894;votou
2025-08-19;6981;OFS 8/2025;6008;votou
2025-08-19;6981;OFS 8/2025;6341;votou
2025-08-19;6981;OFS 8/2025;5008;votou
2025-08-19;6981;OFS 8/2025;5385;P-NRV
2025-08-19;6981;OFS 8/2025;6010;votou
2025-08-19;6981;OFS 8/2025;4770;votou
2025-08-19;6981;OFS 8/2025;35;AP
2025-08-19;6981;OFS 8/2025;6340;votou
2025-08-19;6981;OFS 8/2025;581;LS
2025-08-19;6981;OFS 8/2025;4531;P-NRV
2025-08-19;6981;OFS 8/2025;5895;P-NRV
2025-08-19;6981;OFS 8/2025;6342;P-NRV
2025-08-19;6981;OFS 8/2025;6369;P-NRV
2025-08-19;6981;OFS 8/2025;4811;votou
2025-08-19;6981;OFS 8/2025;5979;votou
2025-08-19;6981;OFS 8/2025;5926;votou
2025-08-19;6981;OFS 8/2025;1186;votou
2025-08-19;6981;OFS 8/2025;631;votou
2025-08-19;6981;OFS 8/2025;5376;MIS
2025-08-19;6981;OFS 8/2025;742;votou
2025-08-19;6981;OFS 8/2025;285;AP
2025-08-19;6981;OFS 8/2025;5422;votou
2025-08-19;6981;OFS 8/2025;5942;P-NRV
2025-08-19;6981;OFS 8/2025;6304;votou
2025-08-19;6981;OFS 8/2025;6027;votou
2025-08-19;6981;OFS 8/2025;5985;votou
2025-08-19;6981;OFS 8/2025;5525;votou
2025-08-19;6981;OFS 8/2025;5924;LP
2025-08-19;6981;OFS 8/2025;5523;votou
2025-08-19;6981;OFS 8/2025;825;votou
2025-08-19;6981;OFS 8/2025;453;votou
2025-08-19;6981;OFS 8/2025;5502;votou
2025-08-19;6981;OFS 8/2025;5386;votou
2025-08-19;6981;OFS 8/2025;5012;votou
2025-08-19;6981;OFS 8/2025;70;AP
2025-08-19;6981;OFS 8/2025;5732;votou
2025-08-19;6981;OFS 8/2025;4694;P-NRV
2025-08-19;6981;OFS 8/2025;5352;votou
2025-08-19;6981;OFS 8/2025;5322;P-NRV
2025-08-19;6981;OFS 8/2025;6331;votou
2025-08-19;6981;OFS 8/2025;5988;votou
2025-08-19;6981;OFS 8/2025;5959;votou
2025-08-19;6981;OFS 8/2025;4560;votou
2025-08-19;6981;OFS 8/2025;6338;votou
2025-08-19;6981;OFS 8/2025;5736;votou
2025-08-19;6981;OFS 8/2025;5748;votou
2025-08-19;6981;OFS 8/2025;1173;P-NRV
2025-08-19;6981;OFS 8/2025;5411;votou
2025-08-19;6981;OFS 8/2025;5070;P-NRV
2025-08-19;6981;OFS 8/2025;5783;votou
2025-08-19;6981;OFS 8/2025;3806;votou
2025-08-19;6982;OFS 5/2025;5672;votou
2025-08-19;6982;OFS 5/2025;5982;MIS
2025-08-19;6982;OFS 5/2025;6358;AP
2025-08-19;6982;OFS 5/2025;5967;votou
2025-08-19;6982;OFS 5/2025;6009;P-NRV
2025-08-19;6982;OFS 5/2025;6350;votou
2025-08-19;6982;OFS 5/2025;4639;votou
2025-08-19;6982;OFS 5/2025;5936;votou
2025-08-19;6982;OFS 5/2025;5990;votou
2025-08-19;6982;OFS 5/2025;470;votou
2025-08-19;6982;OFS 5/2025;5973;votou
2025-08-19;6982;OFS 5/2025;739;votou
2025-08-19;6982;OFS 5/2025;6337;votou
2025-08-19;6982;OFS 5/2025;475;P-NRV
2025-08-19;6982;OFS 5/2025;6335;votou
2025-08-19;6982;OFS 5/2025;5998;P-NRV
2025-08-19;6982;OFS 5/2025;3830;votou
2025-08-19;6982;OFS 5/2025;5793;votou
2025-08-19;6982;OFS 5/2025;5906;votou
2025-08-19;6982;OFS 5/2025;4994;P-NRV
2025-08-19;6982;OFS 5/2025;5976;votou
2025-08-19;6982;OFS 5/2025;3777;votou
2025-08-19;6982;OFS 5/2025;4642;votou
2025-08-19;6982;OFS 5/2025;5718;AP
2025-08-19;6982;OFS 5/2025;22;votou
2025-08-19;6982;OFS 5/2025;5953;P-NRV
2025-08-19;6982;OFS 5/2025;5917;votou
2025-08-19;6982;OFS 5/2025;6345;votou
2025-08-19;6982;OFS 5/2025;345;votou
2025-08-19;6982;OFS 5/2025;5894;votou
2025-08-19;6982;OFS 5/2025;6008;votou
2025-08-19;6982;OFS 5/2025;6341;votou
2025-08-19;6982;OFS 5/2025;5008;P-NRV
2025-08-19;6982;OFS 5/2025;5385;P-NRV
2025-08-19;6982;OFS 5/2025;6010;votou
2025-08-19;6982;OFS 5/2025;4770;votou
2025-08-19;6982;OFS 5/2025;35;AP
2025-08-19;6982;OFS 5/2025;6340;votou
2025-08-19;6982;OFS 5/2025;581;LS
2025-08-19;6982;OFS 5/2025;4531;P-NRV
2025-08-19;6982;OFS 5/2025;5895;P-NRV
2025-08-19;6982;OFS 5/2025;6342;P-NRV
2025-08-19;6982;OFS 5/2025;6369;P-NRV
2025-08-19;6982;OFS 5/2025;4811;votou
2025-08-19;6982;OFS 5/2025;5979;votou
2025-08-19;6982;OFS 5/2025;5926;votou
2025-08-19;6982;OFS 5/2025;1186;votou
2025-08-19;6982;OFS 5/2025;631;votou
2025-08-19;6982;OFS 5/2025;5376;MIS
2025-08-19;6982;OFS 5/2025;742;votou
2025-08-19;6982;OFS 5/2025;285;AP
2025-08-19;6982;OFS 5/2025;5422;votou
2025-08-19;6982;OFS 5/2025;5942;P-NRV
2025-08-19;6982;OFS 5/2025;6304;votou
2025-08-19;6982;OFS 5/2025;6027;votou
2025-08-19;6982;OFS 5/2025;5985;votou
2025-08-19;6982;OFS 5/2025;5525;votou
2025-08-19;6982;OFS 5/2025;5924;LP
2025-08-19;6982;OFS 5/2025;5523;votou
2025-08-19;6982;OFS 5/2025;825;votou
2025-08-19;6982;OFS 5/2025;453;votou
2025-08-19;6982;OFS 5/2025;5502;votou
2025-08-19;6982;OFS 5/2025;5386;votou
2025-08-19;6982;OFS 5/2025;5012;votou
2025-08-19;6982;OFS 5/2025;70;AP
2025-08-19;6982;OFS 5/2025;5732;votou
2025-08-19;6982;OFS 5/2025;4694;votou
2025-08-19;6982;OFS 5/2025;5352;votou
2025-08-19;6982;OFS 5/2025;5322;P-NRV
2025-08-19;6982;OFS 5/2025;6331;votou
2025-08-19;6982;OFS 5/2025;5988;votou
2025-08-19;6982;OFS 5/2025;5959;votou
2025-08-19;6982;OFS 5/2025;4560;votou
2025-08-19;6982;OFS 5/2025;6338;votou
2025-08-19;6982;OFS 5/2025;5736;votou
2025-08-19;6982;OFS 5/2025;5748;P-NRV
2025-08-19;6982;OFS 5/2025;1173;P-NRV
2025-08-19;6982;OFS 5/2025;5411;votou
2025-08-19;6982;OFS 5/2025;5070;P-NRV
2025-08-19;6982;OFS 5/2025;5783;votou
2025-08-19;6982;OFS 5/2025;3806;votou
2025-08-19;6983;OFS 6/2025;5672;votou
2025-08-19;6983;OFS 6/2025;5982;MIS
2025-08-19;6983;OFS 6/2025;6358;AP
2025-08-19;6983;OFS 6/2025;5967;votou
2025-08-19;6983;OFS 6/2025;6009;P-NRV
2025-08-19;6983;OFS 6/2025;6350;votou
2025-08-19;6983;OFS 6/2025;4639;votou
2025-08-19;6983;OFS 6/2025;5936;P-NRV
2025-08-19;6983;OFS 6/2025;5990;votou
2025-08-19;6983;OFS 6/2025;470;votou
2025-08-19;6983;OFS 6/2025;5973;votou
2025-08-19;6983;OFS 6/2025;739;votou
2025-08-19;6983;OFS 6/2025;6337;votou
2025-08-19;6983;OFS 6/2025;475;P-NRV
2025-08-19;6983;OFS 6/2025;6335;votou
2025-08-19;6983;OFS 6/2025;5998;P-NRV
2025-08-19;6983;OFS 6/2025;3830;votou
2025-08-19;6983;OFS 6/2025;5793;votou
2025-08-19;6983;OFS 6/2025;5906;votou
2025-08-19;6983;OFS 6/2025;4994;P-NRV
2025-08-19;6983;OFS 6/2025;5976;votou
2025-08-19;6983;OFS 6/2025;3777;votou
2025-08-19;6983;OFS 6/2025;4642;votou
2025-08-19;6983;OFS 6/2025;5718;AP
2025-08-19;6983;OFS 6/2025;22;votou
2025-08-19;6983;OFS 6/2025;5953;P-NRV
2025-08-19;6983;OFS 6/2025;5917;votou
2025-08-19;6983;OFS 6/2025;6345;votou
2025-08-19;6983;OFS 6/2025;345;votou
2025-08-19;6983;OFS 6/2025;5894;votou
2025-08-19;6983;OFS 6/2025;6008;votou
2025-08-19;6983;OFS 6/2025;6341;votou
2025-08-19;6983;OFS 6/2025;5008;P-NRV
2025-08-19;6983;OFS 6/2025;5385;P-NRV
2025-08-19;6983;OFS 6/2025;6010;votou
2025-08-19;6983;OFS 6/2025;4770;votou
2025-08-19;6983;OFS 6/2025;35;AP
2025-08-19;6983;OFS 6/2025;6340;votou
2025-08-19;6983;OFS 6/2025;581;LS
2025-08-19;6983;OFS 6/2025;4531;P-NRV
2025-08-19;6983;OFS 6/2025;5895;P-NRV
2025-08-19;6983;OFS 6/2025;6342;P-NRV
2025-08-19;6983;OFS 6/2025;6369;votou
2025-08-19;6983;OFS 6/2025;4811;votou
2025-08-19;6983;OFS 6/2025;5979;votou
2025-08-19;6983;OFS 6/2025;5926;votou
2025-08-19;6983;OFS 6/2025;1186;votou
2025-08-19;6983;OFS 6/2025;631;votou
2025-08-19;6983;OFS 6/2025;5376;MIS
2025-08-19;6983;OFS 6/2025;742;votou
2025-08-19;6983;OFS 6/2025;285;AP
2025-08-19;6983;OFS 6/2025;5422;votou
2025-08-19;6983;OFS 6/2025;5942;P-NRV
2025-08-19;6983;OFS 6/2025;6304;votou
2025-08-19;6983;OFS 6/2025;6027;votou
2025-08-19;6983;OFS 6/2025;5985;votou
2025-08-19;6983;OFS 6/2025;5525;votou
2025-08-19;6983;OFS 6/2025;5924;LP
2025-08-19;6983;OFS 6/2025;5523;votou
2025-08-19;6983;OFS 6/2025;825;votou
2025-08-19;6983;OFS 6/2025;453;votou
2025-08-19;6983;OFS 6/2025;5502;votou
2025-08-19;6983;OFS 6/2025;5386;votou
2025-08-19;6983;OFS 6/2025;5012;votou
2025-08-19;6983;OFS 6/2025;70;AP
2025-08-19;6983;OFS 6/2025;5732;votou
2025-08-19;6983;OFS 6/2025;4694;votou
2025-08-19;6983;OFS 6/2025;5352;votou
2025-08-19;6983;OFS 6/2025;5322;P-NRV
2025-08-19;6983;OFS 6/2025;6331;votou
2025-08-19;6983;OFS 6/2025;5988;votou
2025-08-19;6983;OFS 6/2025;5959;votou
2025-08-19;6983;OFS 6/2025;4560;votou
2025-08-19;6983;OFS 6/2025;6338;votou
2025-08-19;6983;OFS 6/2025;5736;votou
2025-08-19;6983;OFS 6/2025;5748;P-NRV
2025-08-19;6983;OFS 6/2025;1173;P-NRV
2025-08-19;6983;OFS 6/2025;5411;votou
2025-08-19;6983;OFS 6/2025;5070;P-NRV
2025-08-19;6983;OFS 6/2025;5783;votou
2025-08-19;6983;OFS 6/2025;3806;votou
2025-08-19;6984;OFS 7/2025;5672;votou
2025-08-19;6984;OFS 7/2025;5982;MIS
2025-08-19;6984;OFS 7/2025;6358;AP
2025-08-19;6984;OFS 7/2025;5967;votou
2025-08-19;6984;OFS 7/2025;6009;P-NRV
2025-08-19;6984;OFS 7/2025;6350;votou
2025-08-19;6984;OFS 7/2025;4639;votou
2025-08-19;6984;OFS 7/2025;5936;P-NRV
2025-08-19;6984;OFS 7/2025;5990;votou
2025-08-19;6984;OFS 7/2025;470;votou
2025-08-19;6984;OFS 7/2025;5973;votou
2025-08-19;6984;OFS 7/2025;739;P-NRV
2025-08-19;6984;OFS 7/2025;6337;votou
2025-08-19;6984;OFS 7/2025;475;P-NRV
2025-08-19;6984;OFS 7/2025;6335;votou
2025-08-19;6984;OFS 7/2025;5998;P-NRV
2025-08-19;6984;OFS 7/2025;3830;votou
2025-08-19;6984;OFS 7/2025;5793;votou
2025-08-19;6984;OFS 7/2025;5906;votou
2025-08-19;6984;OFS 7/2025;4994;P-NRV
2025-08-19;6984;OFS 7/2025;5976;votou
2025-08-19;6984;OFS 7/2025;3777;votou
2025-08-19;6984;OFS 7/2025;4642;votou
2025-08-19;6984;OFS 7/2025;5718;AP
2025-08-19;6984;OFS 7/2025;22;votou
2025-08-19;6984;OFS 7/2025;5953;P-NRV
2025-08-19;6984;OFS 7/2025;5917;votou
2025-08-19;6984;OFS 7/2025;6345;votou
2025-08-19;6984;OFS 7/2025;345;votou
2025-08-19;6984;OFS 7/2025;5894;votou
2025-08-19;6984;OFS 7/2025;6008;votou
2025-08-19;6984;OFS 7/2025;6341;votou
2025-08-19;6984;OFS 7/2025;5008;P-NRV
2025-08-19;6984;OFS 7/2025;5385;P-NRV
2025-08-19;6984;OFS 7/2025;6010;votou
2025-08-19;6984;OFS 7/2025;4770;votou
2025-08-19;6984;OFS 7/2025;35;AP
2025-08-19;6984;OFS 7/2025;6340;votou
2025-08-19;6984;OFS 7/2025;581;LS
2025-08-19;6984;OFS 7/2025;4531;P-NRV
2025-08-19;6984;OFS 7/2025;5895;P-NRV
2025-08-19;6984;OFS 7/2025;6342;P-NRV
2025-08-19;6984;OFS 7/2025;6369;votou
2025-08-19;6984;OFS 7/2025;4811;votou
2025-08-19;6984;OFS 7/2025;5979;votou
2025-08-19;6984;OFS 7/2025;5926;votou
2025-08-19;6984;OFS 7/2025;1186;votou
2025-08-19;6984;OFS 7/2025;631;votou
2025-08-19;6984;OFS 7/2025;5376;MIS
2025-08-19;6984;OFS 7/2025;742;votou
2025-08-19;6984;OFS 7/2025;285;AP
2025-08-19;6984;OFS 7/2025;5422;votou
2025-08-19;6984;OFS 7/2025;5942;P-NRV
2025-08-19;6984;OFS 7/2025;6304;votou
2025-08-19;6984;OFS 7/2025;6027;votou
2025-08-19;6984;OFS 7/2025;5985;votou
2025-08-19;6984;OFS 7/2025;5525;votou
2025-08-19;6984;OFS 7/2025;5924;LP
2025-08-19;6984;OFS 7/2025;5523;votou
2025-08-19;6984;OFS 7/2025;825;votou
2025-08-19;6984;OFS 7/2025;453;votou
2025-08-19;6984;OFS 7/2025;5502;votou
2025-08-19;6984;OFS 7/2025;5386;votou
2025-08-19;6984;OFS 7/2025;5012;votou
2025-08-19;6984;OFS 7/2025;70;AP
2025-08-19;6984;OFS 7/2025;5732;votou
2025-08-19;6984;OFS 7/2025;4694;votou
2025-08-19;6984;OFS 7/2025;5352;P-NRV
2025-08-19;6984;OFS 7/2025;5322;votou
2025-08-19;6984;OFS 7/2025;6331;votou
2025-08-19;6984;OFS 7/2025;5988;votou
2025-08-19;6984;OFS 7/2025;5959;votou
2025-08-19;6984;OFS 7/2025;4560;votou
2025-08-19;6984;OFS 7/2025;6338;votou
2025-08-19;6984;OFS 7/2025;5736;votou
2025-08-19;6984;OFS 7/2025;5748;votou
2025-08-19;6984;OFS 7/2025;1173;P-NRV
2025-08-19;6984;OFS 7/2025;5411;votou
2025-08-19;6984;OFS 7/2025;5070;P-NRV
2025-08-19;6984;OFS 7/2025;5783;votou
2025-08-19;6984;OFS 7/2025;3806;votou
2025-08-19;6985;MSF 91/2024;5672;votou
2025-08-19;6985;MSF 91/2024;5982;MIS
2025-08-19;6985;MSF 91/2024;6358;AP
2025-08-19;6985;MSF 91/2024;5967;votou
2025-08-19;6985;MSF 91/2024;6009;P-NRV
2025-08-19;6985;MSF 91/2024;6350;votou
2025-08-19;6985;MSF 91/2024;4639;votou
2025-08-19;6985;MSF 91/2024;5936;P-NRV
2025-08-19;6985;MSF 91/2024;5990;votou
2025-08-19;6985;MSF 91/2024;470;votou
2025-08-19;6985;MSF 91/2024;5973;votou
2025-08-19;6985;MSF 91/2024;739;P-NRV
2025-08-19;6985;MSF 91/2024;6337;votou
2025-08-19;6985;MSF 91/2024;475;P-NRV
2025-08-19;6985;MSF 91/2024;6335;votou
2025-08-19;6985;MSF 91/2024;5998;P-NRV
2025-08-19;6985;MSF 91/2024;3830;votou
2025-08-19;6985;MSF 91/2024;5793;votou
2025-08-19;6985;MSF 91/2024;5906;votou
2025-08-19;6985;MSF 91/2024;4994;P-NRV
2025-08-19;6985;MSF 91/2024;5976;votou
2025-08-19;6985;MSF 91/2024;3777;votou
2025-08-19;6985;MSF 91/2024;4642;votou
2025-08-19;6985;MSF 91/2024;5718;AP
2025-08-19;6985;MSF 91/2024;22;votou
2025-08-19;6985;MSF 91/2024;5953;P-NRV
2025-08-19;6985;MSF 91/2024;5917;P-NRV
2025-08-19;6985;MSF 91/2024;6345;votou
2025-08-19;6985;MSF 91/2024;345;votou
2025-08-19;6985;MSF 91/2024;5894;votou
2025-08-19;6985;MSF 91/2024;6008;votou
2025-08-19;6985;MSF 91/2024;6341;votou
2025-08-19;6985;MSF 91/2024;5008;P-NRV
2025-08-19;6985;MSF 91/2024;5385;P-NRV
2025-08-19;6985;MSF 91/2024;6010;votou
2025-08-19;6985;MSF 91/2024;4770;votou
2025-08-19;6985;MSF 91/2024;35;AP
2025-08-19;6985;MSF 91/2024;6340;votou
2025-08-19;6985;MSF 91/2024;581;LS
2025-08-19;6985;MSF 91/2024;4531;votou
2025-08-19;6985;MSF 91/2024;5895;P-NRV
2025-08-19;6985;MSF 91/2024;6342;P-NRV
2025-08-19;6985;MSF 91/2024;6369;votou
2025-08-19;6985;MSF 91/2024;4811;votou
2025-08-19;6985;MSF 91/2024;5979;votou
2025-08-19;6985;MSF 91/2024;5926;votou
2025-08-19;6985;MSF 91/2024;1186;votou
2025-08-19;6985;MSF 91/2024;631;P-NRV
2025-08-19;6985;MSF 91/2024;5376;MIS
2025-08-19;6985;MSF 91/2024;742;votou
2025-08-19;6985;MSF 91/2024;285;AP
2025-08-19;6985;MSF 91/2024;5422;votou
2025-08-19;6985;MSF 91/2024;5942;P-NRV
2025-08-19;6985;MSF 91/2024;6304;votou
2025-08-19;6985;MSF 91/2024;6027;votou
2025-08-19;6985;MSF 91/2024;5985;MIS
2025-08-19;6985;MSF 91/2024;5525;votou
2025-08-19;6985;MSF 91/2024;5924;LP
2025-08-19;6985;MSF 91/2024;5523;votou
2025-08-19;6985;MSF 91/2024;825;votou
2025-08-19;6985;MSF 91/2024;453;votou
2025-08-19;6985;MSF 91/2024;5502;votou
2025-08-19;6985;MSF 91/2024;5386;votou
2025-08-19;6985;MSF 91/2024;5012;votou
2025-08-19;6985;MSF 91/2024;70;AP
2025-08-19;6985;MSF 91/2024;5732;votou
2025-08-19;6985;MSF 91/2024;4694;votou
2025-08-19;6985;MSF 91/2024;5352;votou
2025-08-19;6985;MSF 91/2024;5322;votou
2025-08-19;6985;MSF 91/2024;6331;votou
2025-08-19;6985;MSF 91/2024;5988;votou
2025-08-19;6985;MSF 91/2024;5959;votou
2025-08-19;6985;MSF 91/2024;4560;votou
2025-08-19;6985;MSF 91/2024;6338;votou
2025-08-19;6985;MSF 91/2024;5736;votou
2025-08-19;6985;MSF 91/2024;5748;votou
2025-08-19;6985;MSF 91/2024;1173;votou
2025-08-19;6985;MSF 91/2024;5411;votou
2025-08-19;6985;MSF 91/2024;5070;P-NRV
2025-08-19;6985;MSF 91/2024;5783;votou
2025-08-19;6985;MSF 91/2024;3806;votou
2025-08-19;6986;MSF 35/2025;5672;P-NRV
2025-08-19;6986;MSF 35/2025;5982;MIS
2025-08-19;6986;MSF 35/2025;6358;AP
2025-08-19;6986;MSF 35/2025;5967;votou
2025-08-19;6986;MSF 35/2025;6009;P-NRV
2025-08-19;6986;MSF 35/2025;6350;votou
2025-08-19;6986;MSF 35/2025;4639;votou
2025-08-19;6986;MSF 35/2025;5936;P-NRV
2025-08-19;6986;MSF 35/2025;5990;votou
2025-08-19;6986;MSF 35/2025;470;votou
2025-08-19;6986;MSF 35/2025;5973;votou
2025-08-19;6986;MSF 35/2025;739;P-NRV
2025-08-19;6986;MSF 35/2025;6337;votou
2025-08-19;6986;MSF 35/2025;475;P-NRV
2025-08-19;6986;MSF 35/2025;6335;votou
2025-08-19;6986;MSF 35/2025;5998;P-NRV
2025-08-19;6986;MSF 35/2025;3830;votou
2025-08-19;6986;MSF 35/2025;5793;votou
2025-08-19;6986;MSF 35/2025;5906;votou
2025-08-19;6986;MSF 35/2025;4994;P-NRV
2025-08-19;6986;MSF 35/2025;5976;votou
2025-08-19;6986;MSF 35/2025;3777;votou
2025-08-19;6986;MSF 35/2025;4642;P-NRV
2025-08-19;6986;MSF 35/2025;5718;AP
2025-08-19;6986;MSF 35/2025;22;votou
2025-08-19;6986;MSF 35/2025;5953;P-NRV
2025-08-19;6986;MSF 35/2025;5917;P-NRV
2025-08-19;6986;MSF 35/2025;6345;votou
2025-08-19;6986;MSF 35/2025;345;votou
2025-08-19;6986;MSF 35/2025;5894;votou
2025-08-19;6986;MSF 35/2025;6008;votou
2025-08-19;6986;MSF 35/2025;6341;votou
2025-08-19;6986;MSF 35/2025;5008;P-NRV
2025-08-19;6986;MSF 35/2025;5385;P-NRV
2025-08-19;6986;MSF 35/2025;6010;votou
2025-08-19;6986;MSF 35/2025;4770;votou
2025-08-19;6986;MSF 35/2025;35;AP
2025-08-19;6986;MSF 35/2025;6340;votou
2025-08-19;6986;MSF 35/2025;581;LS
2025-08-19;6986;MSF 35/2025;4531;votou
2025-08-19;6986;MSF 35/2025;5895;P-NRV
2025-08-19;6986;MSF 35/2025;6342;P-NRV
2025-08-19;6986;MSF 35/2025;6369;votou
2025-08-19;6986;MSF 35/2025;4811;votou
2025-08-19;6986;MSF 35/2025;5979;votou
2025-08-19;6986;MSF 35/2025;5926;votou
2025-08-19;6986;MSF 35/2025;1186;votou
2025-08-19;6986;MSF 35/2025;631;P-NRV
2025-08-19;6986;MSF 35/2025;5376;MIS
2025-08-19;6986;MSF 35/2025;742;votou
2025-08-19;6986;MSF 35/2025;285;AP
2025-08-19;6986;MSF 35/2025;5422;votou
2025-08-19;6986;MSF 35/2025;5942;P-NRV
2025-08-19;6986;MSF 35/2025;6304;votou
2025-08-19;6986;MSF 35/2025;6027;votou
2025-08-19;6986;MSF 35/2025;5985;MIS
2025-08-19;6986;MSF 35/2025;5525;votou
2025-08-19;6986;MSF 35/2025;5924;LP
2025-08-19;6986;MSF 35/2025;5523;votou
2025-08-19;6986;MSF 35/2025;825;votou
2025-08-19;6986;MSF 35/2025;453;votou
2025-08-19;6986;MSF 35/2025;5502;votou
2025-08-19;6986;MSF 35/2025;5386;votou
2025-08-19;6986;MSF 35/2025;5012;votou
2025-08-19;6986;MSF 35/2025;70;AP
2025-08-19;6986;MSF 35/2025;5732;votou
2025-08-19;6986;MSF 35/2025;4694;votou
2025-08-19;6986;MSF 35/2025;5352;votou
2025-08-19;6986;MSF 35/2025;5322;votou
2025-08-19;6986;MSF 35/2025;6331;votou
2025-08-19;6986;MSF 35/2025;5988;votou
2025-08-19;6986;MSF 35/2025;5959;votou
2025-08-19;6986;MSF 35/2025;4560;votou
2025-08-19;6986;MSF 35/2025;6338;votou
2025-08-19;6986;MSF 35/2025;5736;votou
2025-08-19;6986;MSF 35/2025;5748;votou
2025-08-19;6986;MSF 35/2025;1173;votou
2025-08-19;6986;MSF 35/2025;5411;votou
2025-08-19;6986;MSF 35/2025;5070;P-NRV
2025-08-19;6986;MSF 35/2025;5783;votou
2025-08-19;6986;MSF 35/2025;3806;votou
2025-08-19;6987;MSF 97/2024;5672;votou
2025-08-19;6987;MSF 97/2024;5982;MIS
2025-08-19;6987;MSF 97/2024;6358;AP
2025-08-19;6987;MSF 97/2024;5967;votou
2025-08-19;6987;MSF 97/2024;6009;P-NRV
2025-08-19;6987;MSF 97/2024;6350;votou
2025-08-19;6987;MSF 97/2024;4639;votou
2025-08-19;6987;MSF 97/2024;5936;P-NRV
2025-08-19;6987;MSF 97/2024;5990;votou
2025-08-19;6987;MSF 97/2024;470;votou
2025-08-19;6987;MSF 97/2024;5973;votou
2025-08-19;6987;MSF 97/2024;739;P-NRV
2025-08-19;6987;MSF 97/2024;6337;votou
2025-08-19;6987;MSF 97/2024;475;P-NRV
2025-08-19;6987;MSF 97/2024;6335;votou
2025-08-19;6987;MSF 97/2024;5998;P-NRV
2025-08-19;6987;MSF 97/2024;3830;votou
2025-08-19;6987;MSF 97/2024;5793;votou
2025-08-19;6987;MSF 97/2024;5906;votou
2025-08-19;6987;MSF 97/2024;4994;P-NRV
2025-08-19;6987;MSF 97/2024;5976;votou
2025-08-19;6987;MSF 97/2024;3777;votou
2025-08-19;6987;MSF 97/2024;4642;votou
2025-08-19;6987;MSF 97/2024;5718;AP
2025-08-19;6987;MSF 97/2024;22;votou
2025-08-19;6987;MSF 97/2024;5953;P-NRV
2025-08-19;6987;MSF 97/2024;5917;P-NRV
2025-08-19;6987;MSF 97/2024;6345;votou
2025-08-19;6987;MSF 97/2024;345;votou
2025-08-19;6987;MSF 97/2024;5894;P-NRV
2025-08-19;6987;MSF 97/2024;6008;votou
2025-08-19;6987;MSF 97/2024;6341;votou
2025-08-19;6987;MSF 97/2024;5008;P-NRV
2025-08-19;6987;MSF 97/2024;5385;P-NRV
2025-08-19;6987;MSF 97/2024;6010;votou
2025-08-19;6987;MSF 97/2024;4770;P-NRV
2025-08-19;6987;MSF 97/2024;35;AP
2025-08-19;6987;MSF 97/2024;6340;votou
2025-08-19;6987;MSF 97/2024;581;LS
2025-08-19;6987;MSF 97/2024;4531;votou
2025-08-19;6987;MSF 97/2024;5895;P-NRV
2025-08-19;6987;MSF 97/2024;6342;P-NRV
2025-08-19;6987;MSF 97/2024;6369;votou
2025-08-19;6987;MSF 97/2024;4811;votou
2025-08-19;6987;MSF 97/2024;5979;votou
2025-08-19;6987;MSF 97/2024;5926;P-NRV
2025-08-19;6987;MSF 97/2024;1186;votou
2025-08-19;6987;MSF 97/2024;631;votou
2025-08-19;6987;MSF 97/2024;5376;MIS
2025-08-19;6987;MSF 97/2024;742;votou
2025-08-19;6987;MSF 97/2024;285;AP
2025-08-19;6987;MSF 97/2024;5422;votou
2025-08-19;6987;MSF 97/2024;5942;P-NRV
2025-08-19;6987;MSF 97/2024;6304;votou
2025-08-19;6987;MSF 97/2024;6027;votou
2025-08-19;6987;MSF 97/2024;5985;MIS
2025-08-19;6987;MSF 97/2024;5525;votou
2025-08-19;6987;MSF 97/2024;5924;LP
2025-08-19;6987;MSF 97/2024;5523;votou
2025-08-19;6987;MSF 97/2024;825;votou
2025-08-19;6987;MSF 97/2024;453;votou
2025-08-19;6987;MSF 97/2024;5502;votou
2025-08-19;6987;MSF 97/2024;5386;votou
2025-08-19;6987;MSF 97/2024;5012;votou
2025-08-19;6987;MSF 97/2024;70;AP
2025-08-19;6987;MSF 97/2024;5732;votou
2025-08-19;6987;MSF 97/2024;4694;votou
2025-08-19;6987;MSF 97/2024;5352;votou
2025-08-19;6987;MSF 97/2024;5322;votou
2025-08-19;6987;MSF 97/2024;6331;votou
2025-08-19;6987;MSF 97/2024;5988;votou
2025-08-19;6987;MSF 97/2024;5959;P-NRV
2025-08-19;6987;MSF 97/2024;4560;votou
2025-08-19;6987;MSF 97/2024;6338;votou
2025-08-19;6987;MSF 97/2024;5736;P-NRV
2025-08-19;6987;MSF 97/2024;5748;P-NRV
2025-08-19;6987;MSF 97/2024;1173;votou
2025-08-19;6987;MSF 97/2024;5411;votou
2025-08-19;6987;MSF 97/2024;5070;P-NRV
2025-08-19;6987;MSF 97/2024;5783;votou
2025-08-19;6987;MSF 97/2024;3806;votou
2025-08-19;6988;MSF 88/2024;5672;votou
2025-08-19;6988;MSF 88/2024;5982;MIS
2025-08-19;6988;MSF 88/2024;6358;AP
2025-08-19;6988;MSF 88/2024;5967;votou
2025-08-19;6988;MSF 88/2024;6009;P-NRV
2025-08-19;6988;MSF 88/2024;6350;votou
2025-08-19;6988;MSF 88/2024;4639;votou
2025-08-19;6988;MSF 88/2024;5936;P-NRV
2025-08-19;6988;MSF 88/2024;5990;votou
2025-08-19;6988;MSF 88/2024;470;votou
2025-08-19;6988;MSF 88/2024;5973;votou
2025-08-19;6988;MSF 88/2024;739;P-NRV
2025-08-19;6988;MSF 88/2024;6337;votou
2025-08-19;6988;MSF 88/2024;475;P-NRV
2025-08-19;6988;MSF 88/2024;6335;votou
2025-08-19;6988;MSF 88/2024;5998;P-NRV
2025-08-19;6988;MSF 88/2024;3830;votou
2025-08-19;6988;MSF 88/2024;5793;votou
2025-08-19;6988;MSF 88/2024;5906;votou
2025-08-19;6988;MSF 88/2024;4994;P-NRV
2025-08-19;6988;MSF 88/2024;5976;votou
2025-08-19;6988;MSF 88/2024;3777;votou
2025-08-19;6988;MSF 88/2024;4642;votou
2025-08-19;6988;MSF 88/2024;5718;AP
2025-08-19;6988;MSF 88/2024;22;votou
2025-08-19;6988;MSF 88/2024;5953;P-NRV
2025-08-19;6988;MSF 88/2024;5917;P-NRV
2025-08-19;6988;MSF 88/2024;6345;votou
2025-08-19;6988;MSF 88/2024;345;votou
2025-08-19;6988;MSF 88/2024;5894;votou
2025-08-19;6988;MSF 88/2024;6008;votou
2025-08-19;6988;MSF 88/2024;6341;votou
2025-08-19;6988;MSF 88/2024;5008;P-NRV
2025-08-19;6988;MSF 88/2024;5385;P-NRV
2025-08-19;6988;MSF 88/2024;6010;votou
2025-08-19;6988;MSF 88/2024;4770;P-NRV
2025-08-19;6988;MSF 88/2024;35;AP
2025-08-19;6988;MSF 88/2024;6340;votou
2025-08-19;6988;MSF 88/2024;581;LS
2025-08-19;6988;MSF 88/2024;4531;votou
2025-08-19;6988;MSF 88/2024;5895;P-NRV
2025-08-19;6988;MSF 88/2024;6342;P-NRV
2025-08-19;6988;MSF 88/2024;6369;votou
2025-08-19;6988;MSF 88/2024;4811;votou
2025-08-19;6988;MSF 88/2024;5979;votou
2025-08-19;6988;MSF 88/2024;5926;P-NRV
2025-08-19;6988;MSF 88/2024;1186;votou
2025-08-19;6988;MSF 88/2024;631;P-NRV
2025-08-19;6988;MSF 88/2024;5376;MIS
2025-08-19;6988;MSF 88/2024;742;votou
2025-08-19;6988;MSF 88/2024;285;AP
2025-08-19;6988;MSF 88/2024;5422;votou
2025-08-19;6988;MSF 88/2024;5942;P-NRV
2025-08-19;6988;MSF 88/2024;6304;votou
2025-08-19;6988;MSF 88/2024;6027;votou
2025-08-19;6988;MSF 88/2024;5985;MIS
2025-08-19;6988;MSF 88/2024;5525;votou
2025-08-19;6988;MSF 88/2024;5924;LP
2025-08-19;6988;MSF 88/2024;5523;votou
2025-08-19;6988;MSF 88/2024;825;votou
2025-08-19;6988;MSF 88/2024;453;votou
2025-08-19;6988;MSF 88/2024;5502;votou
2025-08-19;6988;MSF 88/2024;5386;votou
2025-08-19;6988;MSF 88/2024;5012;votou
2025-08-19;6988;MSF 88/2024;70;AP
2025-08-19;6988;MSF 88/2024;5732;votou
2025-08-19;6988;MSF 88/2024;4694;votou
2025-08-19;6988;MSF 88/2024;5352;votou
2025-08-19;6988;MSF 88/2024;5322;votou
2025-08-19;6988;MSF 88/2024;6331;votou
2025-08-19;6988;MSF 88/2024;5988;votou
2025-08-19;6988;MSF 88/2024;5959;P-NRV
2025-08-19;6988;MSF 88/2024;4560;votou
2025-08-19;6988;MSF 88/2024;6338;votou
2025-08-19;6988;MSF 88/2024;5736;P-NRV
2025-08-19;6988;MSF 88/2024;5748;P-NRV
2025-08-19;6988;MSF 88/2024;1173;P-NRV
2025-08-19;6988;MSF 88/2024;5411;votou
2025-08-19;6988;MSF 88/2024;5070;P-NRV
2025-08-19;6988;MSF 88/2024;5783;votou
2025-08-19;6988;MSF 88/2024;3806;votou
2025-08-19;6989;MSF 89/2024;5672;votou
2025-08-19;6989;MSF 89/2024;5982;MIS
2025-08-19;6989;MSF 89/2024;6358;AP
2025-08-19;6989;MSF 89/2024;5967;votou
2025-08-19;6989;MSF 89/2024;6009;P-NRV
2025-08-19;6989;MSF 89/2024;6350;votou
2025-08-19;6989;MSF 89/2024;4639;votou
2025-08-19;6989;MSF 89/2024;5936;P-NRV
2025-08-19;6989;MSF 89/2024;5990;votou
2025-08-19;6989;MSF 89/2024;470;votou
2025-08-19;6989;MSF 89/2024;5973;votou
2025-08-19;6989;MSF 89/2024;739;P-NRV
2025-08-19;6989;MSF 89/2024;6337;votou
2025-08-19;6989;MSF 89/2024;475;P-NRV
2025-08-19;6989;MSF 89/2024;6335;votou
2025-08-19;6989;MSF 89/2024;5998;P-NRV
2025-08-19;6989;MSF 89/2024;3830;votou
2025-08-19;6989;MSF 89/2024;5793;votou
2025-08-19;6989;MSF 89/2024;5906;votou
2025-08-19;6989;MSF 89/2024;4994;P-NRV
2025-08-19;6989;MSF 89/2024;5976;votou
2025-08-19;6989;MSF 89/2024;3777;votou
2025-08-19;6989;MSF 89/2024;4642;votou
2025-08-19;6989;MSF 89/2024;5718;AP
2025-08-19;6989;MSF 89/2024;22;votou
2025-08-19;6989;MSF 89/2024;5953;P-NRV
2025-08-19;6989;MSF 89/2024;5917;P-NRV
2025-08-19;6989;MSF 89/2024;6345;votou
2025-08-19;6989;MSF 89/2024;345;votou
2025-08-19;6989;MSF 89/2024;5894;P-NRV
2025-08-19;6989;MSF 89/2024;6008;votou
2025-08-19;6989;MSF 89/2024;6341;votou
2025-08-19;6989;MSF 89/2024;5008;P-NRV
2025-08-19;6989;MSF 89/2024;5385;P-NRV
2025-08-19;6989;MSF 89/2024;6010;votou
2025-08-19;6989;MSF 89/2024;4770;P-NRV
2025-08-19;6989;MSF 89/2024;35;AP
2025-08-19;6989;MSF 89/2024;6340;votou
2025-08-19;6989;MSF 89/2024;581;LS
2025-08-19;6989;MSF 89/2024;4531;votou
2025-08-19;6989;MSF 89/2024;5895;P-NRV
2025-08-19;6989;MSF 89/2024;6342;P-NRV
2025-08-19;6989;MSF 89/2024;6369;votou
2025-08-19;6989;MSF 89/2024;4811;votou
2025-08-19;6989;MSF 89/2024;5979;votou
2025-08-19;6989;MSF 89/2024;5926;P-NRV
2025-08-19;6989;MSF 89/2024;1186;votou
2025-08-19;6989;MSF 89/2024;631;P-NRV
2025-08-19;6989;MSF 89/2024;5376;MIS
2025-08-19;6989;MSF 89/2024;742;votou
2025-08-19;6989;MSF 89/2024;285;AP
2025-08-19;6989;MSF 89/2024;5422;votou
2025-08-19;6989;MSF 89/2024;5942;P-NRV
2025-08-19;6989;MSF 89/2024;6304;votou
2025-08-19;6989;MSF 89/2024;6027;votou
2025-08-19;6989;MSF 89/2024;5985;MIS
2025-08-19;6989;MSF 89/2024;5525;votou
2025-08-19;6989;MSF 89/2024;5924;LP
2025-08-19;6989;MSF 89/2024;5523;votou
2025-08-19;6989;MSF 89/2024;825;votou
2025-08-19;6989;MSF 89/2024;453;votou
2025-08-19;6989;MSF 89/2024;5502;votou
2025-08-19;6989;MSF 89/2024;5386;votou
2025-08-19;6989;MSF 89/2024;5012;votou
2025-08-19;6989;MSF 89/2024;70;AP
2025-08-19;6989;MSF 89/2024;5732;votou
2025-08-19;6989;MSF 89/2024;4694;votou
2025-08-19;6989;MSF 89/2024;5352;votou
2025-08-19;6989;MSF 89/2024;5322;votou
2025-08-19;6989;MSF 89/2024;6331;votou
2025-08-19;6989;MSF 89/2024;5988;votou
2025-08-19;6989;MSF 89/2024;5959;P-NRV
2025-08-19;6989;MSF 89/2024;4560;votou
2025-08-19;6989;MSF 89/2024;6338;votou
2025-08-19;6989;MSF 89/2024;5736;P-NRV
2025-08-19;6989;MSF 89/2024;5748;P-NRV
2025-08-19;6989;MSF 89/2024;1173;votou
2025-08-19;6989;MSF 89/2024;5411;votou
2025-08-19;6989;MSF 89/2024;5070;P-NRV
2025-08-19;6989;MSF 89/2024;5783;votou
2025-08-19;6989;MSF 89/2024;3806;votou
2025-08-19;6990;MSF 37/2025;5672;votou
2025-08-19;6990;MSF 37/2025;5982;MIS
2025-08-19;6990;MSF 37/2025;6358;AP
2025-08-19;6990;MSF 37/2025;5967;votou
2025-08-19;6990;MSF 37/2025;6009;P-NRV
2025-08-19;6990;MSF 37/2025;6350;votou
2025-08-19;6990;MSF 37/2025;4639;P-NRV
2025-08-19;6990;MSF 37/2025;5936;P-NRV
2025-08-19;6990;MSF 37/2025;5990;votou
2025-08-19;6990;MSF 37/2025;470;votou
2025-08-19;6990;MSF 37/2025;5973;votou
2025-08-19;6990;MSF 37/2025;739;P-NRV
2025-08-19;6990;MSF 37/2025;6337;votou
2025-08-19;6990;MSF 37/2025;475;P-NRV
2025-08-19;6990;MSF 37/2025;6335;votou
2025-08-19;6990;MSF 37/2025;5998;P-NRV
2025-08-19;6990;MSF 37/2025;3830;votou
2025-08-19;6990;MSF 37/2025;5793;votou
2025-08-19;6990;MSF 37/2025;5906;votou
2025-08-19;6990;MSF 37/2025;4994;P-NRV
2025-08-19;6990;MSF 37/2025;5976;votou
2025-08-19;6990;MSF 37/2025;3777;votou
2025-08-19;6990;MSF 37/2025;4642;votou
2025-08-19;6990;MSF 37/2025;5718;AP
2025-08-19;6990;MSF 37/2025;22;P-NRV
2025-08-19;6990;MSF 37/2025;5953;P-NRV
2025-08-19;6990;MSF 37/2025;5917;P-NRV
2025-08-19;6990;MSF 37/2025;6345;votou
2025-08-19;6990;MSF 37/2025;345;votou
2025-08-19;6990;MSF 37/2025;5894;votou
2025-08-19;6990;MSF 37/2025;6008;votou
2025-08-19;6990;MSF 37/2025;6341;votou
2025-08-19;6990;MSF 37/2025;5008;P-NRV
2025-08-19;6990;MSF 37/2025;5385;P-NRV
2025-08-19;6990;MSF 37/2025;6010;votou
2025-08-19;6990;MSF 37/2025;4770;P-NRV
2025-08-19;6990;MSF 37/2025;35;AP
2025-08-19;6990;MSF 37/2025;6340;votou
2025-08-19;6990;MSF 37/2025;581;LS
2025-08-19;6990;MSF 37/2025;4531;votou
2025-08-19;6990;MSF 37/2025;5895;P-NRV
2025-08-19;6990;MSF 37/2025;6342;P-NRV
2025-08-19;6990;MSF 37/2025;6369;votou
2025-08-19;6990;MSF 37/2025;4811;votou
2025-08-19;6990;MSF 37/2025;5979;votou
2025-08-19;6990;MSF 37/2025;5926;votou
2025-08-19;6990;MSF 37/2025;1186;votou
2025-08-19;6990;MSF 37/2025;631;votou
2025-08-19;6990;MSF 37/2025;5376;MIS
2025-08-19;6990;MSF 37/2025;742;votou
2025-08-19;6990;MSF 37/2025;285;AP
2025-08-19;6990;MSF 37/2025;5422;votou
2025-08-19;6990;MSF 37/2025;5942;P-NRV
2025-08-19;6990;MSF 37/2025;6304;votou
2025-08-19;6990;MSF 37/2025;6027;votou
2025-08-19;6990;MSF 37/2025;5985;MIS
2025-08-19;6990;MSF 37/2025;5525;votou
2025-08-19;6990;MSF 37/2025;5924;LP
2025-08-19;6990;MSF 37/2025;5523;votou
2025-08-19;6990;MSF 37/2025;825;votou
2025-08-19;6990;MSF 37/2025;453;votou
2025-08-19;6990;MSF 37/2025;5502;votou
2025-08-19;6990;MSF 37/2025;5386;votou
2025-08-19;6990;MSF 37/2025;5012;votou
2025-08-19;6990;MSF 37/2025;70;AP
2025-08-19;6990;MSF 37/2025;5732;votou
2025-08-19;6990;MSF 37/2025;4694;votou
2025-08-19;6990;MSF 37/2025;5352;votou
2025-08-19;6990;MSF 37/2025;5322;votou
2025-08-19;6990;MSF 37/2025;6331;P-NRV
2025-08-19;6990;MSF 37/2025;5988;votou
2025-08-19;6990;MSF 37/2025;5959;P-NRV
2025-08-19;6990;MSF 37/2025;4560;votou
2025-08-19;6990;MSF 37/2025;6338;votou
2025-08-19;6990;MSF 37/2025;5736;P-NRV
2025-08-19;6990;MSF 37/2025;5748;votou
2025-08-19;6990;MSF 37/2025;1173;votou
2025-08-19;6990;MSF 37/2025;5411;votou
2025-08-19;6990;MSF 37/2025;5070;P-NRV
2025-08-19;6990;MSF 37/2025;5783;votou
2025-08-19;6990;MSF 37/2025;3806;votou
2025-08-19;6991;MSF 42/2025;5672;votou
2025-08-19;6991;MSF 42/2025;5982;MIS
2025-08-19;6991;MSF 42/2025;6358;AP
2025-08-19;6991;MSF 42/2025;5967;votou
2025-08-19;6991;MSF 42/2025;6009;P-NRV
2025-08-19;6991;MSF 42/2025;6350;votou
2025-08-19;6991;MSF 42/2025;4639;P-NRV
2025-08-19;6991;MSF 42/2025;5936;P-NRV
2025-08-19;6991;MSF 42/2025;5990;votou
2025-08-19;6991;MSF 42/2025;470;P-NRV
2025-08-19;6991;MSF 42/2025;5973;votou
2025-08-19;6991;MSF 42/2025;739;P-NRV
2025-08-19;6991;MSF 42/2025;6337;votou
2025-08-19;6991;MSF 42/2025;475;P-NRV
2025-08-19;6991;MSF 42/2025;6335;votou
2025-08-19;6991;MSF 42/2025;5998;P-NRV
2025-08-19;6991;MSF 42/2025;3830;votou
2025-08-19;6991;MSF 42/2025;5793;votou
2025-08-19;6991;MSF 42/2025;5906;votou
2025-08-19;6991;MSF 42/2025;4994;P-NRV
2025-08-19;6991;MSF 42/2025;5976;P-NRV
2025-08-19;6991;MSF 42/2025;3777;votou
2025-08-19;6991;MSF 42/2025;4642;votou
2025-08-19;6991;MSF 42/2025;5718;AP
2025-08-19;6991;MSF 42/2025;22;votou
2025-08-19;6991;MSF 42/2025;5953;P-NRV
2025-08-19;6991;MSF 42/2025;5917;P-NRV
2025-08-19;6991;MSF 42/2025;6345;votou
2025-08-19;6991;MSF 42/2025;345;votou
2025-08-19;6991;MSF 42/2025;5894;votou
2025-08-19;6991;MSF 42/2025;6008;votou
2025-08-19;6991;MSF 42/2025;6341;P-NRV
2025-08-19;6991;MSF 42/2025;5008;P-NRV
2025-08-19;6991;MSF 42/2025;5385;P-NRV
2025-08-19;6991;MSF 42/2025;6010;votou
2025-08-19;6991;MSF 42/2025;4770;votou
2025-08-19;6991;MSF 42/2025;35;AP
2025-08-19;6991;MSF 42/2025;6340;votou
2025-08-19;6991;MSF 42/2025;581;LS
2025-08-19;6991;MSF 42/2025;4531;votou
2025-08-19;6991;MSF 42/2025;5895;P-NRV
2025-08-19;6991;MSF 42/2025;6342;P-NRV
2025-08-19;6991;MSF 42/2025;6369;votou
2025-08-19;6991;MSF 42/2025;4811;votou
2025-08-19;6991;MSF 42/2025;5979;votou
2025-08-19;6991;MSF 42/2025;5926;P-NRV
2025-08-19;6991;MSF 42/2025;1186;votou
2025-08-19;6991;MSF 42/2025;631;votou
2025-08-19;6991;MSF 42/2025;5376;MIS
2025-08-19;6991;MSF 42/2025;742;votou
2025-08-19;6991;MSF 42/2025;285;AP
2025-08-19;6991;MSF 42/2025;5422;votou
2025-08-19;6991;MSF 42/2025;5942;P-NRV
2025-08-19;6991;MSF 42/2025;6304;votou
2025-08-19;6991;MSF 42/2025;6027;votou
2025-08-19;6991;MSF 42/2025;5985;MIS
2025-08-19;6991;MSF 42/2025;5525;votou
2025-08-19;6991;MSF 42/2025;5924;LP
2025-08-19;6991;MSF 42/2025;5523;votou
2025-08-19;6991;MSF 42/2025;825;votou
2025-08-19;6991;MSF 42/2025;453;votou
2025-08-19;6991;MSF 42/2025;5502;P-NRV
2025-08-19;6991;MSF 42/2025;5386;votou
2025-08-19;6991;MSF 42/2025;5012;votou
2025-08-19;6991;MSF 42/2025;70;AP
2025-08-19;6991;MSF 42/2025;5732;votou
2025-08-19;6991;MSF 42/2025;4694;votou
2025-08-19;6991;MSF 42/2025;5352;P-NRV
2025-08-19;6991;MSF 42/2025;5322;votou
2025-08-19;6991;MSF 42/2025;6331;votou
2025-08-19;6991;MSF 42/2025;5988;votou
2025-08-19;6991;MSF 42/2025;5959;P-NRV
2025-08-19;6991;MSF 42/2025;4560;votou
2025-08-19;6991;MSF 42/2025;6338;votou
2025-08-19;6991;MSF 42/2025;5736;P-NRV
2025-08-19;6991;MSF 42/2025;5748;votou
2025-08-19;6991;MSF 42/2025;1173;votou
2025-08-19;6991;MSF 42/2025;5411;votou
2025-08-19;6991;MSF 42/2025;5070;P-NRV
2025-08-19;6991;MSF 42/2025;5783;votou
2025-08-19;6991;MSF 42/2025;3806;votou
2025-08-19;6992;MSF 45/2025;5672;votou
2025-08-19;6992;MSF 45/2025;5982;MIS
2025-08-19;6992;MSF 45/2025;6358;AP
2025-08-19;6992;MSF 45/2025;5967;votou
2025-08-19;6992;MSF 45/2025;6009;P-NRV
2025-08-19;6992;MSF 45/2025;6350;votou
2025-08-19;6992;MSF 45/2025;4639;P-NRV
2025-08-19;6992;MSF 45/2025;5936;P-NRV
2025-08-19;6992;MSF 45/2025;5990;votou
2025-08-19;6992;MSF 45/2025;470;votou
2025-08-19;6992;MSF 45/2025;5973;P-NRV
2025-08-19;6992;MSF 45/2025;739;P-NRV
2025-08-19;6992;MSF 45/2025;6337;votou
2025-08-19;6992;MSF 45/2025;475;P-NRV
2025-08-19;6992;MSF 45/2025;6335;votou
2025-08-19;6992;MSF 45/2025;5998;P-NRV
2025-08-19;6992;MSF 45/2025;3830;votou
2025-08-19;6992;MSF 45/2025;5793;P-NRV
2025-08-19;6992;MSF 45/2025;5906;votou
2025-08-19;6992;MSF 45/2025;4994;P-NRV
2025-08-19;6992;MSF 45/2025;5976;P-NRV
2025-08-19;6992;MSF 45/2025;3777;votou
2025-08-19;6992;MSF 45/2025;4642;votou
2025-08-19;6992;MSF 45/2025;5718;AP
2025-08-19;6992;MSF 45/2025;22;P-NRV
2025-08-19;6992;MSF 45/2025;5953;P-NRV
2025-08-19;6992;MSF 45/2025;5917;P-NRV
2025-08-19;6992;MSF 45/2025;6345;votou
2025-08-19;6992;MSF 45/2025;345;votou
2025-08-19;6992;MSF 45/2025;5894;votou
2025-08-19;6992;MSF 45/2025;6008;votou
2025-08-19;6992;MSF 45/2025;6341;P-NRV
2025-08-19;6992;MSF 45/2025;5008;P-NRV
2025-08-19;6992;MSF 45/2025;5385;P-NRV
2025-08-19;6992;MSF 45/2025;6010;votou
2025-08-19;6992;MSF 45/2025;4770;votou
2025-08-19;6992;MSF 45/2025;35;AP
2025-08-19;6992;MSF 45/2025;6340;P-NRV
2025-08-19;6992;MSF 45/2025;581;LS
2025-08-19;6992;MSF 45/2025;4531;votou
2025-08-19;6992;MSF 45/2025;5895;P-NRV
2025-08-19;6992;MSF 45/2025;6342;P-NRV
2025-08-19;6992;MSF 45/2025;6369;votou
2025-08-19;6992;MSF 45/2025;4811;votou
2025-08-19;6992;MSF 45/2025;5979;votou
2025-08-19;6992;MSF 45/2025;5926;P-NRV
2025-08-19;6992;MSF 45/2025;1186;votou
2025-08-19;6992;MSF 45/2025;631;P-NRV
2025-08-19;6992;MSF 45/2025;5376;MIS
2025-08-19;6992;MSF 45/2025;742;votou
2025-08-19;6992;MSF 45/2025;285;AP
2025-08-19;6992;MSF 45/2025;5422;votou
2025-08-19;6992;MSF 45/2025;5942;P-NRV
2025-08-19;6992;MSF 45/2025;6304;votou
2025-08-19;6992;MSF 45/2025;6027;P-NRV
2025-08-19;6992;MSF 45/2025;5985;MIS
2025-08-19;6992;MSF 45/2025;5525;votou
2025-08-19;6992;MSF 45/2025;5924;LP
2025-08-19;6992;MSF 45/2025;5523;votou
2025-08-19;6992;MSF 45/2025;825;votou
2025-08-19;6992;MSF 45/2025;453;votou
2025-08-19;6992;MSF 45/2025;5502;P-NRV
2025-08-19;6992;MSF 45/2025;5386;votou
2025-08-19;6992;MSF 45/2025;5012;votou
2025-08-19;6992;MSF 45/2025;70;AP
2025-08-19;6992;MSF 45/2025;5732;votou
2025-08-19;6992;MSF 45/2025;4694;votou
2025-08-19;6992;MSF 45/2025;5352;votou
2025-08-19;6992;MSF 45/2025;5322;votou
2025-08-19;6992;MSF 45/2025;6331;votou
2025-08-19;6992;MSF 45/2025;5988;votou
2025-08-19;6992;MSF 45/2025;5959;P-NRV
2025-08-19;6992;MSF 45/2025;4560;votou
2025-08-19;6992;MSF 45/2025;6338;votou
2025-08-19;6992;MSF 45/2025;5736;votou
2025-08-19;6992;MSF 45/2025;5748;votou
2025-08-19;6992;MSF 45/2025;1173;votou
2025-08-19;6992;MSF 45/2025;5411;votou
2025-08-19;6992;MSF 45/2025;5070;P-NRV
2025-08-19;6992;MSF 45/2025;5783;votou
2025-08-19;6992;MSF 45/2025;3806;votou
2025-08-19;6993;MSF 82/2024;5672;votou
2025-08-19;6993;MSF 82/2024;5982;MIS
2025-08-19;6993;MSF 82/2024;6358;AP
2025-08-19;6993;MSF 82/2024;5967;votou
2025-08-19;6993;MSF 82/2024;6009;P-NRV
2025-08-19;6993;MSF 82/2024;6350;votou
2025-08-19;6993;MSF 82/2024;4639;P-NRV
2025-08-19;6993;MSF 82/2024;5936;P-NRV
2025-08-19;6993;MSF 82/2024;5990;votou
2025-08-19;6993;MSF 82/2024;470;votou
2025-08-19;6993;MSF 82/2024;5973;P-NRV
2025-08-19;6993;MSF 82/2024;739;P-NRV
2025-08-19;6993;MSF 82/2024;6337;votou
2025-08-19;6993;MSF 82/2024;475;P-NRV
2025-08-19;6993;MSF 82/2024;6335;votou
2025-08-19;6993;MSF 82/2024;5998;P-NRV
2025-08-19;6993;MSF 82/2024;3830;votou
2025-08-19;6993;MSF 82/2024;5793;P-NRV
2025-08-19;6993;MSF 82/2024;5906;votou
2025-08-19;6993;MSF 82/2024;4994;P-NRV
2025-08-19;6993;MSF 82/2024;5976;P-NRV
2025-08-19;6993;MSF 82/2024;3777;votou
2025-08-19;6993;MSF 82/2024;4642;votou
2025-08-19;6993;MSF 82/2024;5718;AP
2025-08-19;6993;MSF 82/2024;22;votou
2025-08-19;6993;MSF 82/2024;5953;P-NRV
2025-08-19;6993;MSF 82/2024;5917;P-NRV
2025-08-19;6993;MSF 82/2024;6345;votou
2025-08-19;6993;MSF 82/2024;345;votou
2025-08-19;6993;MSF 82/2024;5894;votou
2025-08-19;6993;MSF 82/2024;6008;votou
2025-08-19;6993;MSF 82/2024;6341;P-NRV
2025-08-19;6993;MSF 82/2024;5008;P-NRV
2025-08-19;6993;MSF 82/2024;5385;P-NRV
2025-08-19;6993;MSF 82/2024;6010;votou
2025-08-19;6993;MSF 82/2024;4770;votou
2025-08-19;6993;MSF 82/2024;35;AP
2025-08-19;6993;MSF 82/2024;6340;P-NRV
2025-08-19;6993;MSF 82/2024;581;LS
2025-08-19;6993;MSF 82/2024;4531;votou
2025-08-19;6993;MSF 82/2024;5895;P-NRV
2025-08-19;6993;MSF 82/2024;6342;P-NRV
2025-08-19;6993;MSF 82/2024;6369;votou
2025-08-19;6993;MSF 82/2024;4811;votou
2025-08-19;6993;MSF 82/2024;5979;votou
2025-08-19;6993;MSF 82/2024;5926;P-NRV
2025-08-19;6993;MSF 82/2024;1186;votou
2025-08-19;6993;MSF 82/2024;631;votou
2025-08-19;6993;MSF 82/2024;5376;MIS
2025-08-19;6993;MSF 82/2024;742;votou
2025-08-19;6993;MSF 82/2024;285;AP
2025-08-19;6993;MSF 82/2024;5422;votou
2025-08-19;6993;MSF 82/2024;5942;P-NRV
2025-08-19;6993;MSF 82/2024;6304;votou
2025-08-19;6993;MSF 82/2024;6027;votou
2025-08-19;6993;MSF 82/2024;5985;MIS
2025-08-19;6993;MSF 82/2024;5525;votou
2025-08-19;6993;MSF 82/2024;5924;LP
2025-08-19;6993;MSF 82/2024;5523;votou
2025-08-19;6993;MSF 82/2024;825;votou
2025-08-19;6993;MSF 82/2024;453;votou
2025-08-19;6993;MSF 82/2024;5502;P-NRV
2025-08-19;6993;MSF 82/2024;5386;votou
2025-08-19;6993;MSF 82/2024;5012;votou
2025-08-19;6993;MSF 82/2024;70;AP
2025-08-19;6993;MSF 82/2024;5732;votou
2025-08-19;6993;MSF 82/2024;4694;votou
2025-08-19;6993;MSF 82/2024;5352;votou
2025-08-19;6993;MSF 82/2024;5322;votou
2025-08-19;6993;MSF 82/2024;6331;votou
2025-08-19;6993;MSF 82/2024;5988;votou
2025-08-19;6993;MSF 82/2024;5959;P-NRV
2025-08-19;6993;MSF 82/2024;4560;votou
2025-08-19;6993;MSF 82/2024;6338;votou
2025-08-19;6993;MSF 82/2024;5736;votou
2025-08-19;6993;MSF 82/2024;5748;votou
2025-08-19;6993;MSF 82/2024;1173;votou
2025-08-19;6993;MSF 82/2024;5411;votou
2025-08-19;6993;MSF 82/2024;5070;P-NRV
2025-08-19;6993;MSF 82/2024;5783;votou
2025-08-19;6993;MSF 82/2024;3806;votou
2025-08-19;6994;MSF 83/2024;5672;votou
2025-08-19;6994;MSF 83/2024;5982;MIS
2025-08-19;6994;MSF 83/2024;6358;AP
2025-08-19;6994;MSF 83/2024;5967;votou
2025-08-19;6994;MSF 83/2024;6009;P-NRV
2025-08-19;6994;MSF 83/2024;6350;votou
2025-08-19;6994;MSF 83/2024;4639;P-NRV
2025-08-19;6994;MSF 83/2024;5936;P-NRV
2025-08-19;6994;MSF 83/2024;5990;votou
2025-08-19;6994;MSF 83/2024;470;votou
2025-08-19;6994;MSF 83/2024;5973;P-NRV
2025-08-19;6994;MSF 83/2024;739;P-NRV
2025-08-19;6994;MSF 83/2024;6337;votou
2025-08-19;6994;MSF 83/2024;475;P-NRV
2025-08-19;6994;MSF 83/2024;6335;votou
2025-08-19;6994;MSF 83/2024;5998;P-NRV
2025-08-19;6994;MSF 83/2024;3830;Presidente (art. 51 RISF)
2025-08-19;6994;MSF 83/2024;5793;P-NRV
2025-08-19;6994;MSF 83/2024;5906;votou
2025-08-19;6994;MSF 83/2024;4994;P-NRV
2025-08-19;6994;MSF 83/2024;5976;P-NRV
2025-08-19;6994;MSF 83/2024;3777;votou
2025-08-19;6994;MSF 83/2024;4642;votou
2025-08-19;6994;MSF 83/2024;5718;AP
2025-08-19;6994;MSF 83/2024;22;votou
2025-08-19;6994;MSF 83/2024;5953;P-NRV
2025-08-19;6994;MSF 83/2024;5917;P-NRV
2025-08-19;6994;MSF 83/2024;6345;votou
2025-08-19;6994;MSF 83/2024;345;votou
2025-08-19;6994;MSF 83/2024;5894;votou
2025-08-19;6994;MSF 83/2024;6008;votou
2025-08-19;6994;MSF 83/2024;6341;P-NRV
2025-08-19;6994;MSF 83/2024;5008;P-NRV
2025-08-19;6994;MSF 83/2024;5385;P-NRV
2025-08-19;6994;MSF 83/2024;6010;votou
2025-08-19;6994;MSF 83/2024;4770;votou
2025-08-19;6994;MSF 83/2024;35;AP
2025-08-19;6994;MSF 83/2024;6340;P-NRV
2025-08-19;6994;MSF 83/2024;581;LS
2025-08-19;6994;MSF 83/2024;4531;votou
2025-08-19;6994;MSF 83/2024;5895;P-NRV
2025-08-19;6994;MSF 83/2024;6342;P-NRV
2025-08-19;6994;MSF 83/2024;6369;votou
2025-08-19;6994;MSF 83/2024;4811;votou
2025-08-19;6994;MSF 83/2024;5979;votou
2025-08-19;6994;MSF 83/2024;5926;P-NRV
2025-08-19;6994;MSF 83/2024;1186;votou
2025-08-19;6994;MSF 83/2024;631;votou
2025-08-19;6994;MSF 83/2024;5376;MIS
2025-08-19;6994;MSF 83/2024;742;votou
2025-08-19;6994;MSF 83/2024;285;AP
2025-08-19;6994;MSF 83/2024;5422;votou
2025-08-19;6994;MSF 83/2024;5942;P-NRV
2025-08-19;6994;MSF 83/2024;6304;votou
2025-08-19;6994;MSF 83/2024;6027;votou
2025-08-19;6994;MSF 83/2024;5985;MIS
2025-08-19;6994;MSF 83/2024;5525;votou
2025-08-19;6994;MSF 83/2024;5924;LP
2025-08-19;6994;MSF 83/2024;5523;votou
2025-08-19;6994;MSF 83/2024;825;votou
2025-08-19;6994;MSF 83/2024;453;votou
2025-08-19;6994;MSF 83/2024;5502;P-NRV
2025-08-19;6994;MSF 83/2024;5386;votou
2025-08-19;6994;MSF 83/2024;5012;votou
2025-08-19;6994;MSF 83/2024;70;AP
2025-08-19;6994;MSF 83/2024;5732;votou
2025-08-19;6994;MSF 83/2024;4694;votou
2025-08-19;6994;MSF 83/2024;5352;votou
2025-08-19;6994;MSF 83/2024;5322;votou
2025-08-19;6994;MSF 83/2024;6331;votou
2025-08-19;6994;MSF 83/2024;5988;votou
2025-08-19;6994;MSF 83/2024;5959;P-NRV
2025-08-19;6994;MSF 83/2024;4560;votou
2025-08-19;6994;MSF 83/2024;6338;votou
2025-08-19;6994;MSF 83/2024;5736;votou
2025-08-19;6994;MSF 83/2024;5748;votou
2025-08-19;6994;MSF 83/2024;1173;votou
2025-08-19;6994;MSF 83/2024;5411;votou
2025-08-19;6994;MSF 83/2024;5070;P-NRV
2025-08-19;6994;MSF 83/2024;5783;votou
2025-08-19;6994;MSF 83/2024;3806;votou
2025-08-19;6995;MSF 41/2025;5672;votou
2025-08-19;6995;MSF 41/2025;5982;MIS
2025-08-19;6995;MSF 41/2025;6358;AP
2025-08-19;6995;MSF 41/2025;5967;votou
2025-08-19;6995;MSF 41/2025;6009;P-NRV
2025-08-19;6995;MSF 41/2025;6350;votou
2025-08-19;6995;MSF 41/2025;4639;P-NRV
2025-08-19;6995;MSF 41/2025;5936;P-NRV
2025-08-19;6995;MSF 41/2025;5990;votou
2025-08-19;6995;MSF 41/2025;470;votou
2025-08-19;6995;MSF 41/2025;5973;P-NRV
2025-08-19;6995;MSF 41/2025;739;P-NRV
2025-08-19;6995;MSF 41/2025;6337;votou
2025-08-19;6995;MSF 41/2025;475;P-NRV
2025-08-19;6995;MSF 41/2025;6335;votou
2025-08-19;6995;MSF 41/2025;5998;P-NRV
2025-08-19;6995;MSF 41/2025;3830;votou
2025-08-19;6995;MSF 41/2025;5793;P-NRV
2025-08-19;6995;MSF 41/2025;5906;votou
2025-08-19;6995;MSF 41/2025;4994;P-NRV
2025-08-19;6995;MSF 41/2025;5976;P-NRV
2025-08-19;6995;MSF 41/2025;3777;votou
2025-08-19;6995;MSF 41/2025;4642;votou
2025-08-19;6995;MSF 41/2025;5718;AP
2025-08-19;6995;MSF 41/2025;22;votou
2025-08-19;6995;MSF 41/2025;5953;P-NRV
2025-08-19;6995;MSF 41/2025;5917;P-NRV
2025-08-19;6995;MSF 41/2025;6345;votou
2025-08-19;6995;MSF 41/2025;345;votou
2025-08-19;6995;MSF 41/2025;5894;votou
2025-08-19;6995;MSF 41/2025;6008;votou
2025-08-19;6995;MSF 41/2025;6341;P-NRV
2025-08-19;6995;MSF 41/2025;5008;P-NRV
2025-08-19;6995;MSF 41/2025;5385;P-NRV
2025-08-19;6995;MSF 41/2025;6010;votou
2025-08-19;6995;MSF 41/2025;4770;votou
2025-08-19;6995;MSF 41/2025;35;AP
2025-08-19;6995;MSF 41/2025;6340;P-NRV
2025-08-19;6995;MSF 41/2025;581;LS
2025-08-19;6995;MSF 41/2025;4531;votou
2025-08-19;6995;MSF 41/2025;5895;P-NRV
2025-08-19;6995;MSF 41/2025;6342;P-NRV
2025-08-19;6995;MSF 41/2025;6369;votou
2025-08-19;6995;MSF 41/2025;4811;votou
2025-08-19;6995;MSF 41/2025;5979;votou
2025-08-19;6995;MSF 41/2025;5926;P-NRV
2025-08-19;6995;MSF 41/2025;1186;votou
2025-08-19;6995;MSF 41/2025;631;votou
2025-08-19;6995;MSF 41/2025;5376;MIS
2025-08-19;6995;MSF 41/2025;742;votou
2025-08-19;6995;MSF 41/2025;285;AP
2025-08-19;6995;MSF 41/2025;5422;votou
2025-08-19;6995;MSF 41/2025;5942;P-NRV
2025-08-19;6995;MSF 41/2025;6304;votou
2025-08-19;6995;MSF 41/2025;6027;votou
2025-08-19;6995;MSF 41/2025;5985;MIS
2025-08-19;6995;MSF 41/2025;5525;votou
2025-08-19;6995;MSF 41/2025;5924;LP
2025-08-19;6995;MSF 41/2025;5523;votou
2025-08-19;6995;MSF 41/2025;825;votou
2025-08-19;6995;MSF 41/2025;453;votou
2025-08-19;6995;MSF 41/2025;5502;P-NRV
2025-08-19;6995;MSF 41/2025;5386;votou
2025-08-19;6995;MSF 41/2025;5012;votou
2025-08-19;6995;MSF 41/2025;70;AP
2025-08-19;6995;MSF 41/2025;5732;votou
2025-08-19;6995;MSF 41/2025;4694;votou
2025-08-19;6995;MSF 41/2025;5352;votou
2025-08-19;6995;MSF 41/2025;5322;votou
2025-08-19;6995;MSF 41/2025;6331;votou
2025-08-19;6995;MSF 41/2025;5988;votou
2025-08-19;6995;MSF 41/2025;5959;P-NRV
2025-08-19;6995;MSF 41/2025;4560;votou
2025-08-19;6995;MSF 41/2025;6338;votou
2025-08-19;6995;MSF 41/2025;5736;votou
2025-08-19;6995;MSF 41/2025;5748;P-NRV
2025-08-19;6995;MSF 41/2025;1173;votou
2025-08-19;6995;MSF 41/2025;5411;votou
2025-08-19;6995;MSF 41/2025;5070;P-NRV
2025-08-19;6995;MSF 41/2025;5783;votou
2025-08-19;6995;MSF 41/2025;3806;votou
2025-08-19;6996;MSF 44/2025;5672;votou
2025-08-19;6996;MSF 44/2025;5982;MIS
2025-08-19;6996;MSF 44/2025;6358;AP
2025-08-19;6996;MSF 44/2025;5967;votou
2025-08-19;6996;MSF 44/2025;6009;P-NRV
2025-08-19;6996;MSF 44/2025;6350;votou
2025-08-19;6996;MSF 44/2025;4639;P-NRV
2025-08-19;6996;MSF 44/2025;5936;P-NRV
2025-08-19;6996;MSF 44/2025;5990;votou
2025-08-19;6996;MSF 44/2025;470;votou
2025-08-19;6996;MSF 44/2025;5973;P-NRV
2025-08-19;6996;MSF 44/2025;739;P-NRV
2025-08-19;6996;MSF 44/2025;6337;votou
2025-08-19;6996;MSF 44/2025;475;P-NRV
2025-08-19;6996;MSF 44/2025;6335;votou
2025-08-19;6996;MSF 44/2025;5998;P-NRV
2025-08-19;6996;MSF 44/2025;3830;votou
2025-08-19;6996;MSF 44/2025;5793;P-NRV
2025-08-19;6996;MSF 44/2025;5906;votou
2025-08-19;6996;MSF 44/2025;4994;P-NRV
2025-08-19;6996;MSF 44/2025;5976;P-NRV
2025-08-19;6996;MSF 44/2025;3777;votou
2025-08-19;6996;MSF 44/2025;4642;votou
2025-08-19;6996;MSF 44/2025;5718;AP
2025-08-19;6996;MSF 44/2025;22;votou
2025-08-19;6996;MSF 44/2025;5953;P-NRV
2025-08-19;6996;MSF 44/2025;5917;P-NRV
2025-08-19;6996;MSF 44/2025;6345;votou
2025-08-19;6996;MSF 44/2025;345;votou
2025-08-19;6996;MSF 44/2025;5894;votou
2025-08-19;6996;MSF 44/2025;6008;votou
2025-08-19;6996;MSF 44/2025;6341;P-NRV
2025-08-19;6996;MSF 44/2025;5008;P-NRV
2025-08-19;6996;MSF 44/2025;5385;P-NRV
2025-08-19;6996;MSF 44/2025;6010;votou
2025-08-19;6996;MSF 44/2025;4770;votou
2025-08-19;6996;MSF 44/2025;35;AP
2025-08-19;6996;MSF 44/2025;6340;P-NRV
2025-08-19;6996;MSF 44/2025;581;LS
2025-08-19;6996;MSF 44/2025;4531;votou
2025-08-19;6996;MSF 44/2025;5895;P-NRV
2025-08-19;6996;MSF 44/2025;6342;P-NRV
2025-08-19;6996;MSF 44/2025;6369;votou
2025-08-19;6996;MSF 44/2025;4811;votou
2025-08-19;6996;MSF 44/2025;5979;votou
2025-08-19;6996;MSF 44/2025;5926;P-NRV
2025-08-19;6996;MSF 44/2025;1186;votou
2025-08-19;6996;MSF 44/2025;631;votou
2025-08-19;6996;MSF 44/2025;5376;MIS
2025-08-19;6996;MSF 44/2025;742;votou
2025-08-19;6996;MSF 44/2025;285;AP
2025-08-19;6996;MSF 44/2025;5422;votou
2025-08-19;6996;MSF 44/2025;5942;P-NRV
2025-08-19;6996;MSF 44/2025;6304;votou
2025-08-19;6996;MSF 44/2025;6027;votou
2025-08-19;6996;MSF 44/2025;5985;MIS
2025-08-19;6996;MSF 44/2025;5525;votou
2025-08-19;6996;MSF 44/2025;5924;LP
2025-08-19;6996;MSF 44/2025;5523;votou
2025-08-19;6996;MSF 44/2025;825;votou
2025-08-19;6996;MSF 44/2025;453;votou
2025-08-19;6996;MSF 44/2025;5502;P-NRV
2025-08-19;6996;MSF 44/2025;5386;votou
2025-08-19;6996;MSF 44/2025;5012;votou
2025-08-19;6996;MSF 44/2025;70;AP
2025-08-19;6996;MSF 44/2025;5732;votou
2025-08-19;6996;MSF 44/2025;4694;votou
2025-08-19;6996;MSF 44/2025;5352;votou
2025-08-19;6996;MSF 44/2025;5322;votou
2025-08-19;6996;MSF 44/2025;6331;votou
2025-08-19;6996;MSF 44/2025;5988;votou
2025-08-19;6996;MSF 44/2025;5959;P-NRV
2025-08-19;6996;MSF 44/2025;4560;votou
2025-08-19;6996;MSF 44/2025;6338;votou
2025-08-19;6996;MSF 44/2025;5736;votou
2025-08-19;6996;MSF 44/2025;5748;P-NRV
2025-08-19;6996;MSF 44/2025;1173;votou
2025-08-19;6996;MSF 44/2025;5411;votou
2025-08-19;6996;MSF 44/2025;5070;P-NRV
2025-08-19;6996;MSF 44/2025;5783;votou
2025-08-19;6996;MSF 44/2025;3806;votou
2025-08-20;6997;MSF 86/2024;5672;votou
2025-08-20;6997;MSF 86/2024;5982;MIS
2025-08-20;6997;MSF 86/2024;6358;AP
2025-08-20;6997;MSF 86/2024;5967;votou
2025-08-20;6997;MSF 86/2024;6009;votou
2025-08-20;6997;MSF 86/2024;6350;votou
2025-08-20;6997;MSF 86/2024;4639;votou
2025-08-20;6997;MSF 86/2024;5936;AP
2025-08-20;6997;MSF 86/2024;5990;P-NRV
2025-08-20;6997;MSF 86/2024;470;votou
2025-08-20;6997;MSF 86/2024;5973;AP
2025-08-20;6997;MSF 86/2024;739;votou
2025-08-20;6997;MSF 86/2024;6337;votou
2025-08-20;6997;MSF 86/2024;475;votou
2025-08-20;6997;MSF 86/2024;6335;P-NRV
2025-08-20;6997;MSF 86/2024;5998;votou
2025-08-20;6997;MSF 86/2024;3830;votou
2025-08-20;6997;MSF 86/2024;5793;votou
2025-08-20;6997;MSF 86/2024;5906;P-NRV
2025-08-20;6997;MSF 86/2024;4994;votou
2025-08-20;6997;MSF 86/2024;5976;votou
2025-08-20;6997;MSF 86/2024;3777;P-NRV
2025-08-20;6997;MSF 86/2024;4642;P-NRV
2025-08-20;6997;MSF 86/2024;5718;P-NRV
2025-08-20;6997;MSF 86/2024;22;votou
2025-08-20;6997;MSF 86/2024;5953;votou
2025-08-20;6997;MSF 86/2024;5917;votou
2025-08-20;6997;MSF 86/2024;6345;P-NRV
2025-08-20;6997;MSF 86/2024;345;votou
2025-08-20;6997;MSF 86/2024;5894;votou
2025-08-20;6997;MSF 86/2024;6008;P-NRV
2025-08-20;6997;MSF 86/2024;6341;votou
2025-08-20;6997;MSF 86/2024;5008;votou
2025-08-20;6997;MSF 86/2024;5385;P-NRV
2025-08-20;6997;MSF 86/2024;6010;votou
2025-08-20;6997;MSF 86/2024;4770;votou
2025-08-20;6997;MSF 86/2024;35;P-NRV
2025-08-20;6997;MSF 86/2024;6340;votou
2025-08-20;6997;MSF 86/2024;581;LS
2025-08-20;6997;MSF 86/2024;4531;votou
2025-08-20;6997;MSF 86/2024;5895;votou
2025-08-20;6997;MSF 86/2024;6342;votou
2025-08-20;6997;MSF 86/2024;6369;votou
2025-08-20;6997;MSF 86/2024;4811;votou
2025-08-20;6997;MSF 86/2024;5979;P-NRV
2025-08-20;6997;MSF 86/2024;5926;votou
2025-08-20;6997;MSF 86/2024;1186;votou
2025-08-20;6997;MSF 86/2024;631;P-NRV
2025-08-20;6997;MSF 86/2024;5376;MIS
2025-08-20;6997;MSF 86/2024;742;votou
2025-08-20;6997;MSF 86/2024;285;AP
2025-08-20;6997;MSF 86/2024;5422;votou
2025-08-20;6997;MSF 86/2024;5942;votou
2025-08-20;6997;MSF 86/2024;6304;votou
2025-08-20;6997;MSF 86/2024;6027;votou
2025-08-20;6997;MSF 86/2024;5985;votou
2025-08-20;6997;MSF 86/2024;5525;P-NRV
2025-08-20;6997;MSF 86/2024;5924;LP
2025-08-20;6997;MSF 86/2024;5523;votou
2025-08-20;6997;MSF 86/2024;825;votou
2025-08-20;6997;MSF 86/2024;453;votou
2025-08-20;6997;MSF 86/2024;5502;votou
2025-08-20;6997;MSF 86/2024;5386;votou
2025-08-20;6997;MSF 86/2024;5012;P-NRV
2025-08-20;6997;MSF 86/2024;70;votou
2025-08-20;6997;MSF 86/2024;5732;votou
2025-08-20;6997;MSF 86/2024;4694;votou
2025-08-20;6997;MSF 86/2024;5352;votou
2025-08-20;6997;MSF 86/2024;5322;P-NRV
2025-08-20;6997;MSF 86/2024;6331;votou
2025-08-20;6997;MSF 86/2024;5988;P-NRV
2025-08-20;6997;MSF 86/2024;5959;votou
2025-08-20;6997;MSF 86/2024;4560;votou
2025-08-20;6997;MSF 86/2024;6338;votou
2025-08-20;6997;MSF 86/2024;5736;P-NRV
2025-08-20;6997;MSF 86/2024;5748;votou
2025-08-20;6997;MSF 86/2024;1173;P-NRV
2025-08-20;6997;MSF 86/2024;5411;votou
2025-08-20;6997;MSF 86/2024;5070;votou
2025-08-20;6997;MSF 86/2024;5783;votou
2025-08-20;6997;MSF 86/2024;3806;votou
2025-08-20;6998;MSF 52/2025;5672;votou
2025-08-20;6998;MSF 52/2025;5982;MIS
2025-08-20;6998;MSF 52/2025;6358;AP
2025-08-20;6998;MSF 52/2025;5967;votou
2025-08-20;6998;MSF 52/2025;6009;votou
2025-08-20;6998;MSF 52/2025;6350;votou
2025-08-20;6998;MSF 52/2025;4639;votou
2025-08-20;6998;MSF 52/2025;5936;AP
2025-08-20;6998;MSF 52/2025;5990;P-NRV
2025-08-20;6998;MSF 52/2025;470;votou
2025-08-20;6998;MSF 52/2025;5973;AP
2025-08-20;6998;MSF 52/2025;739;votou
2025-08-20;6998;MSF 52/2025;6337;votou
2025-08-20;6998;MSF 52/2025;475;votou
2025-08-20;6998;MSF 52/2025;6335;P-NRV
2025-08-20;6998;MSF 52/2025;5998;votou
2025-08-20;6998;MSF 52/2025;3830;votou
2025-08-20;6998;MSF 52/2025;5793;votou
2025-08-20;6998;MSF 52/2025;5906;votou
2025-08-20;6998;MSF 52/2025;4994;votou
2025-08-20;6998;MSF 52/2025;5976;votou
2025-08-20;6998;MSF 52/2025;3777;P-NRV
2025-08-20;6998;MSF 52/2025;4642;P-NRV
2025-08-20;6998;MSF 52/2025;5718;P-NRV
2025-08-20;6998;MSF 52/2025;22;votou
2025-08-20;6998;MSF 52/2025;5953;votou
2025-08-20;6998;MSF 52/2025;5917;P-NRV
2025-08-20;6998;MSF 52/2025;6345;P-NRV
2025-08-20;6998;MSF 52/2025;345;votou
2025-08-20;6998;MSF 52/2025;5894;votou
2025-08-20;6998;MSF 52/2025;6008;P-NRV
2025-08-20;6998;MSF 52/2025;6341;votou
2025-08-20;6998;MSF 52/2025;5008;votou
2025-08-20;6998;MSF 52/2025;5385;P-NRV
2025-08-20;6998;MSF 52/2025;6010;votou
2025-08-20;6998;MSF 52/2025;4770;votou
2025-08-20;6998;MSF 52/2025;35;P-NRV
2025-08-20;6998;MSF 52/2025;6340;votou
2025-08-20;6998;MSF 52/2025;581;LS
2025-08-20;6998;MSF 52/2025;4531;votou
2025-08-20;6998;MSF 52/2025;5895;votou
2025-08-20;6998;MSF 52/2025;6342;votou
2025-08-20;6998;MSF 52/2025;6369;votou
2025-08-20;6998;MSF 52/2025;4811;votou
2025-08-20;6998;MSF 52/2025;5979;votou
2025-08-20;6998;MSF 52/2025;5926;votou
2025-08-20;6998;MSF 52/2025;1186;votou
2025-08-20;6998;MSF 52/2025;631;votou
2025-08-20;6998;MSF 52/2025;5376;MIS
2025-08-20;6998;MSF 52/2025;742;votou
2025-08-20;6998;MSF 52/2025;285;AP
2025-08-20;6998;MSF 52/2025;5422;votou
2025-08-20;6998;MSF 52/2025;5942;votou
2025-08-20;6998;MSF 52/2025;6304;votou
2025-08-20;6998;MSF 52/2025;6027;votou
2025-08-20;6998;MSF 52/2025;5985;votou
2025-08-20;6998;MSF 52/2025;5525;P-NRV
2025-08-20;6998;MSF 52/2025;5924;LP
2025-08-20;6998;MSF 52/2025;5523;votou
2025-08-20;6998;MSF 52/2025;825;votou
2025-08-20;6998;MSF 52/2025;453;votou
2025-08-20;6998;MSF 52/2025;5502;votou
2025-08-20;6998;MSF 52/2025;5386;votou
2025-08-20;6998;MSF 52/2025;5012;votou
2025-08-20;6998;MSF 52/2025;70;votou
2025-08-20;6998;MSF 52/2025;5732;votou
2025-08-20;6998;MSF 52/2025;4694;votou
2025-08-20;6998;MSF 52/2025;5352;votou
2025-08-20;6998;MSF 52/2025;5322;P-NRV
2025-08-20;6998;MSF 52/2025;6331;votou
2025-08-20;6998;MSF 52/2025;5988;P-NRV
2025-08-20;6998;MSF 52/2025;5959;votou
2025-08-20;6998;MSF 52/2025;4560;votou
2025-08-20;6998;MSF 52/2025;6338;votou
2025-08-20;6998;MSF 52/2025;5736;P-NRV
2025-08-20;6998;MSF 52/2025;5748;votou
2025-08-20;6998;MSF 52/2025;1173;votou
2025-08-20;6998;MSF 52/2025;5411;votou
2025-08-20;6998;MSF 52/2025;5070;P-NRV
2025-08-20;6998;MSF 52/2025;5783;votou
2025-08-20;6998;MSF 52/2025;3806;votou
2025-08-20;6999;MSF 38/2025;5672;votou
2025-08-20;6999;MSF 38/2025;5982;MIS
2025-08-20;6999;MSF 38/2025;6358;AP
2025-08-20;6999;MSF 38/2025;5967;votou
2025-08-20;6999;MSF 38/2025;6009;votou
2025-08-20;6999;MSF 38/2025;6350;votou
2025-08-20;6999;MSF 38/2025;4639;votou
2025-08-20;6999;MSF 38/2025;5936;AP
2025-08-20;6999;MSF 38/2025;5990;P-NRV
2025-08-20;6999;MSF 38/2025;470;votou
2025-08-20;6999;MSF 38/2025;5973;AP
2025-08-20;6999;MSF 38/2025;739;P-NRV
2025-08-20;6999;MSF 38/2025;6337;votou
2025-08-20;6999;MSF 38/2025;475;votou
2025-08-20;6999;MSF 38/2025;6335;votou
2025-08-20;6999;MSF 38/2025;5998;votou
2025-08-20;6999;MSF 38/2025;3830;votou
2025-08-20;6999;MSF 38/2025;5793;votou
2025-08-20;6999;MSF 38/2025;5906;votou
2025-08-20;6999;MSF 38/2025;4994;votou
2025-08-20;6999;MSF 38/2025;5976;votou
2025-08-20;6999;MSF 38/2025;3777;P-NRV
2025-08-20;6999;MSF 38/2025;4642;votou
2025-08-20;6999;MSF 38/2025;5718;votou
2025-08-20;6999;MSF 38/2025;22;votou
2025-08-20;6999;MSF 38/2025;5953;votou
2025-08-20;6999;MSF 38/2025;5917;P-NRV
2025-08-20;6999;MSF 38/2025;6345;votou
2025-08-20;6999;MSF 38/2025;345;votou
2025-08-20;6999;MSF 38/2025;5894;votou
2025-08-20;6999;MSF 38/2025;6008;P-NRV
2025-08-20;6999;MSF 38/2025;6341;votou
2025-08-20;6999;MSF 38/2025;5008;votou
2025-08-20;6999;MSF 38/2025;5385;P-NRV
2025-08-20;6999;MSF 38/2025;6010;votou
2025-08-20;6999;MSF 38/2025;4770;votou
2025-08-20;6999;MSF 38/2025;35;P-NRV
2025-08-20;6999;MSF 38/2025;6340;votou
2025-08-20;6999;MSF 38/2025;581;LS
2025-08-20;6999;MSF 38/2025;4531;votou
2025-08-20;6999;MSF 38/2025;5895;votou
2025-08-20;6999;MSF 38/2025;6342;votou
2025-08-20;6999;MSF 38/2025;6369;votou
2025-08-20;6999;MSF 38/2025;4811;votou
2025-08-20;6999;MSF 38/2025;5979;votou
2025-08-20;6999;MSF 38/2025;5926;votou
2025-08-20;6999;MSF 38/2025;1186;votou
2025-08-20;6999;MSF 38/2025;631;votou
2025-08-20;6999;MSF 38/2025;5376;MIS
2025-08-20;6999;MSF 38/2025;742;P-NRV
2025-08-20;6999;MSF 38/2025;285;AP
2025-08-20;6999;MSF 38/2025;5422;votou
2025-08-20;6999;MSF 38/2025;5942;votou
2025-08-20;6999;MSF 38/2025;6304;votou
2025-08-20;6999;MSF 38/2025;6027;votou
2025-08-20;6999;MSF 38/2025;5985;votou
2025-08-20;6999;MSF 38/2025;5525;P-NRV
2025-08-20;6999;MSF 38/2025;5924;LP
2025-08-20;6999;MSF 38/2025;5523;votou
2025-08-20;6999;MSF 38/2025;825;votou
2025-08-20;6999;MSF 38/2025;453;votou
2025-08-20;6999;MSF 38/2025;5502;votou
2025-08-20;6999;MSF 38/2025;5386;votou
2025-08-20;6999;MSF 38/2025;5012;votou
2025-08-20;6999;MSF 38/2025;70;votou
2025-08-20;6999;MSF 38/2025;5732;votou
2025-08-20;6999;MSF 38/2025;4694;P-NRV
2025-08-20;6999;MSF 38/2025;5352;votou
2025-08-20;6999;MSF 38/2025;5322;P-NRV
2025-08-20;6999;MSF 38/2025;6331;votou
2025-08-20;6999;MSF 38/2025;5988;P-NRV
2025-08-20;6999;MSF 38/2025;5959;votou
2025-08-20;6999;MSF 38/2025;4560;votou
2025-08-20;6999;MSF 38/2025;6338;votou
2025-08-20;6999;MSF 38/2025;5736;P-NRV
2025-08-20;6999;MSF 38/2025;5748;votou
2025-08-20;6999;MSF 38/2025;1173;P-NRV
2025-08-20;6999;MSF 38/2025;5411;votou
2025-08-20;6999;MSF 38/2025;5070;P-NRV
2025-08-20;6999;MSF 38/2025;5783;votou
2025-08-20;6999;MSF 38/2025;3806;votou
2025-08-20;7000;MSF 53/2025;5672;votou
2025-08-20;7000;MSF 53/2025;5982;MIS
2025-08-20;7000;MSF 53/2025;6358;AP
2025-08-20;7000;MSF 53/2025;5967;votou
2025-08-20;7000;MSF 53/2025;6009;votou
2025-08-20;7000;MSF 53/2025;6350;votou
2025-08-20;7000;MSF 53/2025;4639;votou
2025-08-20;7000;MSF 53/2025;5936;AP
2025-08-20;7000;MSF 53/2025;5990;P-NRV
2025-08-20;7000;MSF 53/2025;470;P-NRV
2025-08-20;7000;MSF 53/2025;5973;AP
2025-08-20;7000;MSF 53/2025;739;votou
2025-08-20;7000;MSF 53/2025;6337;votou
2025-08-20;7000;MSF 53/2025;475;votou
2025-08-20;7000;MSF 53/2025;6335;votou
2025-08-20;7000;MSF 53/2025;5998;P-NRV
2025-08-20;7000;MSF 53/2025;3830;votou
2025-08-20;7000;MSF 53/2025;5793;votou
2025-08-20;7000;MSF 53/2025;5906;votou
2025-08-20;7000;MSF 53/2025;4994;votou
2025-08-20;7000;MSF 53/2025;5976;votou
2025-08-20;7000;MSF 53/2025;3777;P-NRV
2025-08-20;7000;MSF 53/2025;4642;votou
2025-08-20;7000;MSF 53/2025;5718;votou
2025-08-20;7000;MSF 53/2025;22;votou
2025-08-20;7000;MSF 53/2025;5953;votou
2025-08-20;7000;MSF 53/2025;5917;P-NRV
2025-08-20;7000;MSF 53/2025;6345;votou
2025-08-20;7000;MSF 53/2025;345;votou
2025-08-20;7000;MSF 53/2025;5894;votou
2025-08-20;7000;MSF 53/2025;6008;P-NRV
2025-08-20;7000;MSF 53/2025;6341;votou
2025-08-20;7000;MSF 53/2025;5008;votou
2025-08-20;7000;MSF 53/2025;5385;P-NRV
2025-08-20;7000;MSF 53/2025;6010;votou
2025-08-20;7000;MSF 53/2025;4770;votou
2025-08-20;7000;MSF 53/2025;35;P-NRV
2025-08-20;7000;MSF 53/2025;6340;votou
2025-08-20;7000;MSF 53/2025;581;LS
2025-08-20;7000;MSF 53/2025;4531;votou
2025-08-20;7000;MSF 53/2025;5895;votou
2025-08-20;7000;MSF 53/2025;6342;votou
2025-08-20;7000;MSF 53/2025;6369;votou
2025-08-20;7000;MSF 53/2025;4811;votou
2025-08-20;7000;MSF 53/2025;5979;votou
2025-08-20;7000;MSF 53/2025;5926;P-NRV
2025-08-20;7000;MSF 53/2025;1186;votou
2025-08-20;7000;MSF 53/2025;631;votou
2025-08-20;7000;MSF 53/2025;5376;MIS
2025-08-20;7000;MSF 53/2025;742;P-NRV
2025-08-20;7000;MSF 53/2025;285;AP
2025-08-20;7000;MSF 53/2025;5422;votou
2025-08-20;7000;MSF 53/2025;5942;votou
2025-08-20;7000;MSF 53/2025;6304;votou
2025-08-20;7000;MSF 53/2025;6027;votou
2025-08-20;7000;MSF 53/2025;5985;votou
2025-08-20;7000;MSF 53/2025;5525;P-NRV
2025-08-20;7000;MSF 53/2025;5924;LP
2025-08-20;7000;MSF 53/2025;5523;votou
2025-08-20;7000;MSF 53/2025;825;votou
2025-08-20;7000;MSF 53/2025;453;votou
2025-08-20;7000;MSF 53/2025;5502;votou
2025-08-20;7000;MSF 53/2025;5386;votou
2025-08-20;7000;MSF 53/2025;5012;votou
2025-08-20;7000;MSF 53/2025;70;votou
2025-08-20;7000;MSF 53/2025;5732;votou
2025-08-20;7000;MSF 53/2025;4694;P-NRV
2025-08-20;7000;MSF 53/2025;5352;votou
2025-08-20;7000;MSF 53/2025;5322;P-NRV
2025-08-20;7000;MSF 53/2025;6331;votou
2025-08-20;7000;MSF 53/2025;5988;votou
2025-08-20;7000;MSF 53/2025;5959;votou
2025-08-20;7000;MSF 53/2025;4560;votou
2025-08-20;7000;MSF 53/2025;6338;votou
2025-08-20;7000;MSF 53/2025;5736;P-NRV
2025-08-20;7000;MSF 53/2025;5748;votou
2025-08-20;7000;MSF 53/2025;1173;votou
2025-08-20;7000;MSF 53/2025;5411;votou
2025-08-20;7000;MSF 53/2025;5070;P-NRV
2025-08-20;7000;MSF 53/2025;5783;votou
2025-08-20;7000;MSF 53/2025;3806;votou
2025-08-20;7001;MSF 93/2024;5672;votou
2025-08-20;7001;MSF 93/2024;5982;MIS
2025-08-20;7001;MSF 93/2024;6358;AP
2025-08-20;7001;MSF 93/2024;5967;votou
2025-08-20;7001;MSF 93/2024;6009;votou
2025-08-20;7001;MSF 93/2024;6350;votou
2025-08-20;7001;MSF 93/2024;4639;votou
2025-08-20;7001;MSF 93/2024;5936;AP
2025-08-20;7001;MSF 93/2024;5990;votou
2025-08-20;7001;MSF 93/2024;470;votou
2025-08-20;7001;MSF 93/2024;5973;AP
2025-08-20;7001;MSF 93/2024;739;votou
2025-08-20;7001;MSF 93/2024;6337;votou
2025-08-20;7001;MSF 93/2024;475;votou
2025-08-20;7001;MSF 93/2024;6335;votou
2025-08-20;7001;MSF 93/2024;5998;P-NRV
2025-08-20;7001;MSF 93/2024;3830;votou
2025-08-20;7001;MSF 93/2024;5793;votou
2025-08-20;7001;MSF 93/2024;5906;votou
2025-08-20;7001;MSF 93/2024;4994;votou
2025-08-20;7001;MSF 93/2024;5976;P-NRV
2025-08-20;7001;MSF 93/2024;3777;P-NRV
2025-08-20;7001;MSF 93/2024;4642;votou
2025-08-20;7001;MSF 93/2024;5718;votou
2025-08-20;7001;MSF 93/2024;22;votou
2025-08-20;7001;MSF 93/2024;5953;votou
2025-08-20;7001;MSF 93/2024;5917;P-NRV
2025-08-20;7001;MSF 93/2024;6345;votou
2025-08-20;7001;MSF 93/2024;345;votou
2025-08-20;7001;MSF 93/2024;5894;votou
2025-08-20;7001;MSF 93/2024;6008;P-NRV
2025-08-20;7001;MSF 93/2024;6341;votou
2025-08-20;7001;MSF 93/2024;5008;votou
2025-08-20;7001;MSF 93/2024;5385;P-NRV
2025-08-20;7001;MSF 93/2024;6010;votou
2025-08-20;7001;MSF 93/2024;4770;votou
2025-08-20;7001;MSF 93/2024;35;votou
2025-08-20;7001;MSF 93/2024;6340;votou
2025-08-20;7001;MSF 93/2024;581;LS
2025-08-20;7001;MSF 93/2024;4531;votou
2025-08-20;7001;MSF 93/2024;5895;votou
2025-08-20;7001;MSF 93/2024;6342;P-NRV
2025-08-20;7001;MSF 93/2024;6369;votou
2025-08-20;7001;MSF 93/2024;4811;votou
2025-08-20;7001;MSF 93/2024;5979;votou
2025-08-20;7001;MSF 93/2024;5926;P-NRV
2025-08-20;7001;MSF 93/2024;1186;votou
2025-08-20;7001;MSF 93/2024;631;votou
2025-08-20;7001;MSF 93/2024;5376;MIS
2025-08-20;7001;MSF 93/2024;742;votou
2025-08-20;7001;MSF 93/2024;285;AP
2025-08-20;7001;MSF 93/2024;5422;votou
2025-08-20;7001;MSF 93/2024;5942;votou
2025-08-20;7001;MSF 93/2024;6304;votou
2025-08-20;7001;MSF 93/2024;6027;P-NRV
2025-08-20;7001;MSF 93/2024;5985;votou
2025-08-20;7001;MSF 93/2024;5525;P-NRV
2025-08-20;7001;MSF 93/2024;5924;LP
2025-08-20;7001;MSF 93/2024;5523;votou
2025-08-20;7001;MSF 93/2024;825;votou
2025-08-20;7001;MSF 93/2024;453;votou
2025-08-20;7001;MSF 93/2024;5502;votou
2025-08-20;7001;MSF 93/2024;5386;votou
2025-08-20;7001;MSF 93/2024;5012;votou
2025-08-20;7001;MSF 93/2024;70;votou
2025-08-20;7001;MSF 93/2024;5732;votou
2025-08-20;7001;MSF 93/2024;4694;P-NRV
2025-08-20;7001;MSF 93/2024;5352;votou
2025-08-20;7001;MSF 93/2024;5322;P-NRV
2025-08-20;7001;MSF 93/2024;6331;votou
2025-08-20;7001;MSF 93/2024;5988;votou
2025-08-20;7001;MSF 93/2024;5959;votou
2025-08-20;7001;MSF 93/2024;4560;votou
2025-08-20;7001;MSF 93/2024;6338;P-NRV
2025-08-20;7001;MSF 93/2024;5736;P-NRV
2025-08-20;7001;MSF 93/2024;5748;votou
2025-08-20;7001;MSF 93/2024;1173;votou
2025-08-20;7001;MSF 93/2024;5411;votou
2025-08-20;7001;MSF 93/2024;5070;votou
2025-08-20;7001;MSF 93/2024;5783;votou
2025-08-20;7001;MSF 93/2024;3806;votou
2025-08-20;7002;MSF 36/2025;5672;votou
2025-08-20;7002;MSF 36/2025;5982;MIS
2025-08-20;7002;MSF 36/2025;6358;AP
2025-08-20;7002;MSF 36/2025;5967;votou
2025-08-20;7002;MSF 36/2025;6009;votou
2025-08-20;7002;MSF 36/2025;6350;P-NRV
2025-08-20;7002;MSF 36/2025;4639;votou
2025-08-20;7002;MSF 36/2025;5936;AP
2025-08-20;7002;MSF 36/2025;5990;votou
2025-08-20;7002;MSF 36/2025;470;votou
2025-08-20;7002;MSF 36/2025;5973;AP
2025-08-20;7002;MSF 36/2025;739;P-NRV
2025-08-20;7002;MSF 36/2025;6337;votou
2025-08-20;7002;MSF 36/2025;475;votou
2025-08-20;7002;MSF 36/2025;6335;votou
2025-08-20;7002;MSF 36/2025;5998;P-NRV
2025-08-20;7002;MSF 36/2025;3830;votou
2025-08-20;7002;MSF 36/2025;5793;votou
2025-08-20;7002;MSF 36/2025;5906;votou
2025-08-20;7002;MSF 36/2025;4994;votou
2025-08-20;7002;MSF 36/2025;5976;P-NRV
2025-08-20;7002;MSF 36/2025;3777;votou
2025-08-20;7002;MSF 36/2025;4642;votou
2025-08-20;7002;MSF 36/2025;5718;votou
2025-08-20;7002;MSF 36/2025;22;votou
2025-08-20;7002;MSF 36/2025;5953;votou
2025-08-20;7002;MSF 36/2025;5917;P-NRV
2025-08-20;7002;MSF 36/2025;6345;votou
2025-08-20;7002;MSF 36/2025;345;votou
2025-08-20;7002;MSF 36/2025;5894;votou
2025-08-20;7002;MSF 36/2025;6008;P-NRV
2025-08-20;7002;MSF 36/2025;6341;votou
2025-08-20;7002;MSF 36/2025;5008;votou
2025-08-20;7002;MSF 36/2025;5385;P-NRV
2025-08-20;7002;MSF 36/2025;6010;votou
2025-08-20;7002;MSF 36/2025;4770;votou
2025-08-20;7002;MSF 36/2025;35;votou
2025-08-20;7002;MSF 36/2025;6340;P-NRV
2025-08-20;7002;MSF 36/2025;581;LS
2025-08-20;7002;MSF 36/2025;4531;votou
2025-08-20;7002;MSF 36/2025;5895;P-NRV
2025-08-20;7002;MSF 36/2025;6342;P-NRV
2025-08-20;7002;MSF 36/2025;6369;votou
2025-08-20;7002;MSF 36/2025;4811;votou
2025-08-20;7002;MSF 36/2025;5979;votou
2025-08-20;7002;MSF 36/2025;5926;P-NRV
2025-08-20;7002;MSF 36/2025;1186;votou
2025-08-20;7002;MSF 36/2025;631;votou
2025-08-20;7002;MSF 36/2025;5376;MIS
2025-08-20;7002;MSF 36/2025;742;votou
2025-08-20;7002;MSF 36/2025;285;AP
2025-08-20;7002;MSF 36/2025;5422;votou
2025-08-20;7002;MSF 36/2025;5942;P-NRV
2025-08-20;7002;MSF 36/2025;6304;votou
2025-08-20;7002;MSF 36/2025;6027;P-NRV
2025-08-20;7002;MSF 36/2025;5985;votou
2025-08-20;7002;MSF 36/2025;5525;P-NRV
2025-08-20;7002;MSF 36/2025;5924;LP
2025-08-20;7002;MSF 36/2025;5523;votou
2025-08-20;7002;MSF 36/2025;825;votou
2025-08-20;7002;MSF 36/2025;453;votou
2025-08-20;7002;MSF 36/2025;5502;votou
2025-08-20;7002;MSF 36/2025;5386;votou
2025-08-20;7002;MSF 36/2025;5012;votou
2025-08-20;7002;MSF 36/2025;70;votou
2025-08-20;7002;MSF 36/2025;5732;votou
2025-08-20;7002;MSF 36/2025;4694;P-NRV
2025-08-20;7002;MSF 36/2025;5352;votou
2025-08-20;7002;MSF 36/2025;5322;P-NRV
2025-08-20;7002;MSF 36/2025;6331;votou
2025-08-20;7002;MSF 36/2025;5988;votou
2025-08-20;7002;MSF 36/2025;5959;votou
2025-08-20;7002;MSF 36/2025;4560;votou
2025-08-20;7002;MSF 36/2025;6338;P-NRV
2025-08-20;7002;MSF 36/2025;5736;P-NRV
2025-08-20;7002;MSF 36/2025;5748;votou
2025-08-20;7002;MSF 36/2025;1173;votou
2025-08-20;7002;MSF 36/2025;5411;votou
2025-08-20;7002;MSF 36/2025;5070;P-NRV
2025-08-20;7002;MSF 36/2025;5783;votou
2025-08-20;7002;MSF 36/2025;3806;votou
2025-08-20;7003;MSF 43/2025;5672;votou
2025-08-20;7003;MSF 43/2025;5982;MIS
2025-08-20;7003;MSF 43/2025;6358;AP
2025-08-20;7003;MSF 43/2025;5967;votou
2025-08-20;7003;MSF 43/2025;6009;votou
2025-08-20;7003;MSF 43/2025;6350;P-NRV
2025-08-20;7003;MSF 43/2025;4639;votou
2025-08-20;7003;MSF 43/2025;5936;AP
2025-08-20;7003;MSF 43/2025;5990;P-NRV
2025-08-20;7003;MSF 43/2025;470;votou
2025-08-20;7003;MSF 43/2025;5973;AP
2025-08-20;7003;MSF 43/2025;739;P-NRV
2025-08-20;7003;MSF 43/2025;6337;votou
2025-08-20;7003;MSF 43/2025;475;votou
2025-08-20;7003;MSF 43/2025;6335;votou
2025-08-20;7003;MSF 43/2025;5998;P-NRV
2025-08-20;7003;MSF 43/2025;3830;votou
2025-08-20;7003;MSF 43/2025;5793;P-NRV
2025-08-20;7003;MSF 43/2025;5906;votou
2025-08-20;7003;MSF 43/2025;4994;votou
2025-08-20;7003;MSF 43/2025;5976;P-NRV
2025-08-20;7003;MSF 43/2025;3777;P-NRV
2025-08-20;7003;MSF 43/2025;4642;votou
2025-08-20;7003;MSF 43/2025;5718;votou
2025-08-20;7003;MSF 43/2025;22;votou
2025-08-20;7003;MSF 43/2025;5953;votou
2025-08-20;7003;MSF 43/2025;5917;P-NRV
2025-08-20;7003;MSF 43/2025;6345;votou
2025-08-20;7003;MSF 43/2025;345;votou
2025-08-20;7003;MSF 43/2025;5894;votou
2025-08-20;7003;MSF 43/2025;6008;P-NRV
2025-08-20;7003;MSF 43/2025;6341;votou
2025-08-20;7003;MSF 43/2025;5008;votou
2025-08-20;7003;MSF 43/2025;5385;votou
2025-08-20;7003;MSF 43/2025;6010;votou
2025-08-20;7003;MSF 43/2025;4770;votou
2025-08-20;7003;MSF 43/2025;35;votou
2025-08-20;7003;MSF 43/2025;6340;votou
2025-08-20;7003;MSF 43/2025;581;LS
2025-08-20;7003;MSF 43/2025;4531;votou
2025-08-20;7003;MSF 43/2025;5895;P-NRV
2025-08-20;7003;MSF 43/2025;6342;P-NRV
2025-08-20;7003;MSF 43/2025;6369;votou
2025-08-20;7003;MSF 43/2025;4811;votou
2025-08-20;7003;MSF 43/2025;5979;votou
2025-08-20;7003;MSF 43/2025;5926;P-NRV
2025-08-20;7003;MSF 43/2025;1186;votou
2025-08-20;7003;MSF 43/2025;631;votou
2025-08-20;7003;MSF 43/2025;5376;MIS
2025-08-20;7003;MSF 43/2025;742;votou
2025-08-20;7003;MSF 43/2025;285;AP
2025-08-20;7003;MSF 43/2025;5422;votou
2025-08-20;7003;MSF 43/2025;5942;P-NRV
2025-08-20;7003;MSF 43/2025;6304;votou
2025-08-20;7003;MSF 43/2025;6027;P-NRV
2025-08-20;7003;MSF 43/2025;5985;votou
2025-08-20;7003;MSF 43/2025;5525;P-NRV
2025-08-20;7003;MSF 43/2025;5924;LP
2025-08-20;7003;MSF 43/2025;5523;P-NRV
2025-08-20;7003;MSF 43/2025;825;votou
2025-08-20;7003;MSF 43/2025;453;votou
2025-08-20;7003;MSF 43/2025;5502;votou
2025-08-20;7003;MSF 43/2025;5386;votou
2025-08-20;7003;MSF 43/2025;5012;votou
2025-08-20;7003;MSF 43/2025;70;votou
2025-08-20;7003;MSF 43/2025;5732;votou
2025-08-20;7003;MSF 43/2025;4694;P-NRV
2025-08-20;7003;MSF 43/2025;5352;votou
2025-08-20;7003;MSF 43/2025;5322;P-NRV
2025-08-20;7003;MSF 43/2025;6331;votou
2025-08-20;7003;MSF 43/2025;5988;votou
2025-08-20;7003;MSF 43/2025;5959;votou
2025-08-20;7003;MSF 43/2025;4560;votou
2025-08-20;7003;MSF 43/2025;6338;P-NRV
2025-08-20;7003;MSF 43/2025;5736;votou
2025-08-20;7003;MSF 43/2025;5748;votou
2025-08-20;7003;MSF 43/2025;1173;votou
2025-08-20;7003;MSF 43/2025;5411;votou
2025-08-20;7003;MSF 43/2025;5070;P-NRV
2025-08-20;7003;MSF 43/2025;5783;votou
2025-08-20;7003;MSF 43/2025;3806;votou
2025-08-20;7004;MSF 84/2024;5672;P-NRV
2025-08-20;7004;MSF 84/2024;5982;MIS
2025-08-20;7004;MSF 84/2024;6358;AP
2025-08-20;7004;MSF 84/2024;5967;votou
2025-08-20;7004;MSF 84/2024;6009;votou
2025-08-20;7004;MSF 84/2024;6350;P-NRV
2025-08-20;7004;MSF 84/2024;4639;votou
2025-08-20;7004;MSF 84/2024;5936;AP
2025-08-20;7004;MSF 84/2024;5990;P-NRV
2025-08-20;7004;MSF 84/2024;470;P-NRV
2025-08-20;7004;MSF 84/2024;5973;AP
2025-08-20;7004;MSF 84/2024;739;P-NRV
2025-08-20;7004;MSF 84/2024;6337;votou
2025-08-20;7004;MSF 84/2024;475;votou
2025-08-20;7004;MSF 84/2024;6335;votou
2025-08-20;7004;MSF 84/2024;5998;P-NRV
2025-08-20;7004;MSF 84/2024;3830;votou
2025-08-20;7004;MSF 84/2024;5793;votou
2025-08-20;7004;MSF 84/2024;5906;votou
2025-08-20;7004;MSF 84/2024;4994;votou
2025-08-20;7004;MSF 84/2024;5976;P-NRV
2025-08-20;7004;MSF 84/2024;3777;P-NRV
2025-08-20;7004;MSF 84/2024;4642;votou
2025-08-20;7004;MSF 84/2024;5718;P-NRV
2025-08-20;7004;MSF 84/2024;22;votou
2025-08-20;7004;MSF 84/2024;5953;votou
2025-08-20;7004;MSF 84/2024;5917;P-NRV
2025-08-20;7004;MSF 84/2024;6345;votou
2025-08-20;7004;MSF 84/2024;345;votou
2025-08-20;7004;MSF 84/2024;5894;votou
2025-08-20;7004;MSF 84/2024;6008;P-NRV
2025-08-20;7004;MSF 84/2024;6341;votou
2025-08-20;7004;MSF 84/2024;5008;votou
2025-08-20;7004;MSF 84/2024;5385;P-NRV
2025-08-20;7004;MSF 84/2024;6010;votou
2025-08-20;7004;MSF 84/2024;4770;P-NRV
2025-08-20;7004;MSF 84/2024;35;votou
2025-08-20;7004;MSF 84/2024;6340;votou
2025-08-20;7004;MSF 84/2024;581;LS
2025-08-20;7004;MSF 84/2024;4531;votou
2025-08-20;7004;MSF 84/2024;5895;P-NRV
2025-08-20;7004;MSF 84/2024;6342;P-NRV
2025-08-20;7004;MSF 84/2024;6369;votou
2025-08-20;7004;MSF 84/2024;4811;votou
2025-08-20;7004;MSF 84/2024;5979;votou
2025-08-20;7004;MSF 84/2024;5926;P-NRV
2025-08-20;7004;MSF 84/2024;1186;votou
2025-08-20;7004;MSF 84/2024;631;votou
2025-08-20;7004;MSF 84/2024;5376;MIS
2025-08-20;7004;MSF 84/2024;742;votou
2025-08-20;7004;MSF 84/2024;285;AP
2025-08-20;7004;MSF 84/2024;5422;votou
2025-08-20;7004;MSF 84/2024;5942;P-NRV
2025-08-20;7004;MSF 84/2024;6304;votou
2025-08-20;7004;MSF 84/2024;6027;P-NRV
2025-08-20;7004;MSF 84/2024;5985;votou
2025-08-20;7004;MSF 84/2024;5525;P-NRV
2025-08-20;7004;MSF 84/2024;5924;LP
2025-08-20;7004;MSF 84/2024;5523;votou
2025-08-20;7004;MSF 84/2024;825;votou
2025-08-20;7004;MSF 84/2024;453;votou
2025-08-20;7004;MSF 84/2024;5502;votou
2025-08-20;7004;MSF 84/2024;5386;votou
2025-08-20;7004;MSF 84/2024;5012;P-NRV
2025-08-20;7004;MSF 84/2024;70;votou
2025-08-20;7004;MSF 84/2024;5732;P-NRV
2025-08-20;7004;MSF 84/2024;4694;P-NRV
2025-08-20;7004;MSF 84/2024;5352;votou
2025-08-20;7004;MSF 84/2024;5322;P-NRV
2025-08-20;7004;MSF 84/2024;6331;votou
2025-08-20;7004;MSF 84/2024;5988;votou
2025-08-20;7004;MSF 84/2024;5959;votou
2025-08-20;7004;MSF 84/2024;4560;votou
2025-08-20;7004;MSF 84/2024;6338;P-NRV
2025-08-20;7004;MSF 84/2024;5736;votou
2025-08-20;7004;MSF 84/2024;5748;P-NRV
2025-08-20;7004;MSF 84/2024;1173;votou
2025-08-20;7004;MSF 84/2024;5411;votou
2025-08-20;7004;MSF 84/2024;5070;P-NRV
2025-08-20;7004;MSF 84/2024;5783;votou
2025-08-20;7004;MSF 84/2024;3806;votou
2025-08-20;7005;MSF 85/2024;5672;P-NRV
2025-08-20;7005;MSF 85/2024;5982;MIS
2025-08-20;7005;MSF 85/2024;6358;AP
2025-08-20;7005;MSF 85/2024;5967;votou
2025-08-20;7005;MSF 85/2024;6009;votou
2025-08-20;7005;MSF 85/2024;6350;P-NRV
2025-08-20;7005;MSF 85/2024;4639;votou
2025-08-20;7005;MSF 85/2024;5936;AP
2025-08-20;7005;MSF 85/2024;5990;P-NRV
2025-08-20;7005;MSF 85/2024;470;votou
2025-08-20;7005;MSF 85/2024;5973;AP
2025-08-20;7005;MSF 85/2024;739;P-NRV
2025-08-20;7005;MSF 85/2024;6337;votou
2025-08-20;7005;MSF 85/2024;475;votou
2025-08-20;7005;MSF 85/2024;6335;votou
2025-08-20;7005;MSF 85/2024;5998;P-NRV
2025-08-20;7005;MSF 85/2024;3830;votou
2025-08-20;7005;MSF 85/2024;5793;votou
2025-08-20;7005;MSF 85/2024;5906;votou
2025-08-20;7005;MSF 85/2024;4994;votou
2025-08-20;7005;MSF 85/2024;5976;P-NRV
2025-08-20;7005;MSF 85/2024;3777;P-NRV
2025-08-20;7005;MSF 85/2024;4642;P-NRV
2025-08-20;7005;MSF 85/2024;5718;P-NRV
2025-08-20;7005;MSF 85/2024;22;votou
2025-08-20;7005;MSF 85/2024;5953;votou
2025-08-20;7005;MSF 85/2024;5917;votou
2025-08-20;7005;MSF 85/2024;6345;votou
2025-08-20;7005;MSF 85/2024;345;votou
2025-08-20;7005;MSF 85/2024;5894;votou
2025-08-20;7005;MSF 85/2024;6008;P-NRV
2025-08-20;7005;MSF 85/2024;6341;votou
2025-08-20;7005;MSF 85/2024;5008;votou
2025-08-20;7005;MSF 85/2024;5385;P-NRV
2025-08-20;7005;MSF 85/2024;6010;votou
2025-08-20;7005;MSF 85/2024;4770;P-NRV
2025-08-20;7005;MSF 85/2024;35;votou
2025-08-20;7005;MSF 85/2024;6340;votou
2025-08-20;7005;MSF 85/2024;581;LS
2025-08-20;7005;MSF 85/2024;4531;votou
2025-08-20;7005;MSF 85/2024;5895;P-NRV
2025-08-20;7005;MSF 85/2024;6342;P-NRV
2025-08-20;7005;MSF 85/2024;6369;votou
2025-08-20;7005;MSF 85/2024;4811;votou
2025-08-20;7005;MSF 85/2024;5979;P-NRV
2025-08-20;7005;MSF 85/2024;5926;P-NRV
2025-08-20;7005;MSF 85/2024;1186;votou
2025-08-20;7005;MSF 85/2024;631;P-NRV
2025-08-20;7005;MSF 85/2024;5376;MIS
2025-08-20;7005;MSF 85/2024;742;votou
2025-08-20;7005;MSF 85/2024;285;AP
2025-08-20;7005;MSF 85/2024;5422;votou
2025-08-20;7005;MSF 85/2024;5942;P-NRV
2025-08-20;7005;MSF 85/2024;6304;votou
2025-08-20;7005;MSF 85/2024;6027;P-NRV
2025-08-20;7005;MSF 85/2024;5985;votou
2025-08-20;7005;MSF 85/2024;5525;P-NRV
2025-08-20;7005;MSF 85/2024;5924;LP
2025-08-20;7005;MSF 85/2024;5523;votou
2025-08-20;7005;MSF 85/2024;825;votou
2025-08-20;7005;MSF 85/2024;453;votou
2025-08-20;7005;MSF 85/2024;5502;votou
2025-08-20;7005;MSF 85/2024;5386;votou
2025-08-20;7005;MSF 85/2024;5012;P-NRV
2025-08-20;7005;MSF 85/2024;70;votou
2025-08-20;7005;MSF 85/2024;5732;P-NRV
2025-08-20;7005;MSF 85/2024;4694;P-NRV
2025-08-20;7005;MSF 85/2024;5352;votou
2025-08-20;7005;MSF 85/2024;5322;P-NRV
2025-08-20;7005;MSF 85/2024;6331;votou
2025-08-20;7005;MSF 85/2024;5988;votou
2025-08-20;7005;MSF 85/2024;5959;votou
2025-08-20;7005;MSF 85/2024;4560;P-NRV
2025-08-20;7005;MSF 85/2024;6338;P-NRV
2025-08-20;7005;MSF 85/2024;5736;votou
2025-08-20;7005;MSF 85/2024;5748;P-NRV
2025-08-20;7005;MSF 85/2024;1173;votou
2025-08-20;7005;MSF 85/2024;5411;votou
2025-08-20;7005;MSF 85/2024;5070;P-NRV
2025-08-20;7005;MSF 85/2024;5783;P-NRV
2025-08-20;7005;MSF 85/2024;3806;votou
2025-08-20;7006;PLP 58/2025;5672;votou
2025-08-20;7006;PLP 58/2025;5982;MIS
2025-08-20;7006;PLP 58/2025;6358;AP
2025-08-20;7006;PLP 58/2025;5967;votou
2025-08-20;7006;PLP 58/2025;6009;votou
2025-08-20;7006;PLP 58/2025;6350;votou
2025-08-20;7006;PLP 58/2025;4639;votou
2025-08-20;7006;PLP 58/2025;5936;AP
2025-08-20;7006;PLP 58/2025;5990;P-NRV
2025-08-20;7006;PLP 58/2025;470;votou
2025-08-20;7006;PLP 58/2025;5973;AP
2025-08-20;7006;PLP 58/2025;739;votou
2025-08-20;7006;PLP 58/2025;6337;votou
2025-08-20;7006;PLP 58/2025;475;votou
2025-08-20;7006;PLP 58/2025;6335;votou
2025-08-20;7006;PLP 58/2025;5998;votou
2025-08-20;7006;PLP 58/2025;3830;Presidente (art. 51 RISF)
2025-08-20;7006;PLP 58/2025;5793;votou
2025-08-20;7006;PLP 58/2025;5906;votou
2025-08-20;7006;PLP 58/2025;4994;votou
2025-08-20;7006;PLP 58/2025;5976;votou
2025-08-20;7006;PLP 58/2025;3777;votou
2025-08-20;7006;PLP 58/2025;4642;votou
2025-08-20;7006;PLP 58/2025;5718;votou
2025-08-20;7006;PLP 58/2025;22;votou
2025-08-20;7006;PLP 58/2025;5953;votou
2025-08-20;7006;PLP 58/2025;5917;votou
2025-08-20;7006;PLP 58/2025;6345;votou
2025-08-20;7006;PLP 58/2025;345;votou
2025-08-20;7006;PLP 58/2025;5894;votou
2025-08-20;7006;PLP 58/2025;6008;votou
2025-08-20;7006;PLP 58/2025;6341;P-NRV
2025-08-20;7006;PLP 58/2025;5008;votou
2025-08-20;7006;PLP 58/2025;5385;votou
2025-08-20;7006;PLP 58/2025;6010;votou
2025-08-20;7006;PLP 58/2025;4770;votou
2025-08-20;7006;PLP 58/2025;35;votou
2025-08-20;7006;PLP 58/2025;6340;votou
2025-08-20;7006;PLP 58/2025;581;LS
2025-08-20;7006;PLP 58/2025;4531;votou
2025-08-20;7006;PLP 58/2025;5895;votou
2025-08-20;7006;PLP 58/2025;6342;P-NRV
2025-08-20;7006;PLP 58/2025;6369;votou
2025-08-20;7006;PLP 58/2025;4811;votou
2025-08-20;7006;PLP 58/2025;5979;P-NRV
2025-08-20;7006;PLP 58/2025;5926;votou
2025-08-20;7006;PLP 58/2025;1186;votou
2025-08-20;7006;PLP 58/2025;631;votou
2025-08-20;7006;PLP 58/2025;5376;MIS
2025-08-20;7006;PLP 58/2025;742;votou
2025-08-20;7006;PLP 58/2025;285;AP
2025-08-20;7006;PLP 58/2025;5422;votou
2025-08-20;7006;PLP 58/2025;5942;P-NRV
2025-08-20;7006;PLP 58/2025;6304;votou
2025-08-20;7006;PLP 58/2025;6027;votou
2025-08-20;7006;PLP 58/2025;5985;votou
2025-08-20;7006;PLP 58/2025;5525;P-NRV
2025-08-20;7006;PLP 58/2025;5924;LP
2025-08-20;7006;PLP 58/2025;5523;votou
2025-08-20;7006;PLP 58/2025;825;votou
2025-08-20;7006;PLP 58/2025;453;votou
2025-08-20;7006;PLP 58/2025;5502;votou
2025-08-20;7006;PLP 58/2025;5386;votou
2025-08-20;7006;PLP 58/2025;5012;votou
2025-08-20;7006;PLP 58/2025;70;votou
2025-08-20;7006;PLP 58/2025;5732;P-NRV
2025-08-20;7006;PLP 58/2025;4694;P-NRV
2025-08-20;7006;PLP 58/2025;5352;votou
2025-08-20;7006;PLP 58/2025;5322;votou
2025-08-20;7006;PLP 58/2025;6331;votou
2025-08-20;7006;PLP 58/2025;5988;votou
2025-08-20;7006;PLP 58/2025;5959;votou
2025-08-20;7006;PLP 58/2025;4560;votou
2025-08-20;7006;PLP 58/2025;6338;votou
2025-08-20;7006;PLP 58/2025;5736;votou
2025-08-20;7006;PLP 58/2025;5748;votou
2025-08-20;7006;PLP 58/2025;1173;votou
2025-08-20;7006;PLP 58/2025;5411;votou
2025-08-20;7006;PLP 58/2025;5070;votou
2025-08-20;7006;PLP 58/2025;5783;votou
2025-08-20;7006;PLP 58/2025;3806;votou
2025-09-02;7007;PLP 192/2023;5672;votou
2025-09-02;7007;PLP 192/2023;5982;votou
2025-09-02;7007;PLP 192/2023;6358;votou
2025-09-02;7007;PLP 192/2023;5967;votou
2025-09-02;7007;PLP 192/2023;6009;votou
2025-09-02;7007;PLP 192/2023;6350;votou
2025-09-02;7007;PLP 192/2023;4639;votou
2025-09-02;7007;PLP 192/2023;5936;votou
2025-09-02;7007;PLP 192/2023;5990;votou
2025-09-02;7007;PLP 192/2023;470;votou
2025-09-02;7007;PLP 192/2023;5973;P-NRV
2025-09-02;7007;PLP 192/2023;739;votou
2025-09-02;7007;PLP 192/2023;6337;votou
2025-09-02;7007;PLP 192/2023;475;votou
2025-09-02;7007;PLP 192/2023;6335;votou
2025-09-02;7007;PLP 192/2023;5998;votou
2025-09-02;7007;PLP 192/2023;3830;votou
2025-09-02;7007;PLP 192/2023;5793;votou
2025-09-02;7007;PLP 192/2023;5906;votou
2025-09-02;7007;PLP 192/2023;4994;votou
2025-09-02;7007;PLP 192/2023;5976;votou
2025-09-02;7007;PLP 192/2023;3777;Presidente (art. 51 RISF)
2025-09-02;7007;PLP 192/2023;4642;votou
2025-09-02;7007;PLP 192/2023;5718;votou
2025-09-02;7007;PLP 192/2023;22;votou
2025-09-02;7007;PLP 192/2023;5953;votou
2025-09-02;7007;PLP 192/2023;5917;votou
2025-09-02;7007;PLP 192/2023;6345;votou
2025-09-02;7007;PLP 192/2023;345;votou
2025-09-02;7007;PLP 192/2023;5894;votou
2025-09-02;7007;PLP 192/2023;6008;votou
2025-09-02;7007;PLP 192/2023;6341;votou
2025-09-02;7007;PLP 192/2023;5008;votou
2025-09-02;7007;PLP 192/2023;5385;votou
2025-09-02;7007;PLP 192/2023;6010;votou
2025-09-02;7007;PLP 192/2023;4770;votou
2025-09-02;7007;PLP 192/2023;35;votou
2025-09-02;7007;PLP 192/2023;6340;votou
2025-09-02;7007;PLP 192/2023;581;votou
2025-09-02;7007;PLP 192/2023;4531;votou
2025-09-02;7007;PLP 192/2023;5895;votou
2025-09-02;7007;PLP 192/2023;6342;votou
2025-09-02;7007;PLP 192/2023;6369;votou
2025-09-02;7007;PLP 192/2023;4811;votou
2025-09-02;7007;PLP 192/2023;5979;votou
2025-09-02;7007;PLP 192/2023;5926;votou
2025-09-02;7007;PLP 192/2023;1186;votou
2025-09-02;7007;PLP 192/2023;631;P-NRV
2025-09-02;7007;PLP 192/2023;5376;votou
2025-09-02;7007;PLP 192/2023;742;votou
2025-09-02;7007;PLP 192/2023;285;votou
2025-09-02;7007;PLP 192/2023;5422;votou
2025-09-02;7007;PLP 192/2023;5942;LS
2025-09-02;7007;PLP 192/2023;6304;votou
2025-09-02;7007;PLP 192/2023;6027;votou
2025-09-02;7007;PLP 192/2023;5985;votou
2025-09-02;7007;PLP 192/2023;5525;votou
2025-09-02;7007;PLP 192/2023;5924;votou
2025-09-02;7007;PLP 192/2023;5523;votou
2025-09-02;7007;PLP 192/2023;825;votou
2025-09-02;7007;PLP 192/2023;453;votou
2025-09-02;7007;PLP 192/2023;5502;votou
2025-09-02;7007;PLP 192/2023;5386;votou
2025-09-02;7007;PLP 192/2023;5012;P-NRV
2025-09-02;7007;PLP 192/2023;70;votou
2025-09-02;7007;PLP 192/2023;5732;votou
2025-09-02;7007;PLP 192/2023;4694;votou
2025-09-02;7007;PLP 192/2023;5352;votou
2025-09-02;7007;PLP 192/2023;5322;votou
2025-09-02;7007;PLP 192/2023;6331;votou
2025-09-02;7007;PLP 192/2023;5988;votou
2025-09-02;7007;PLP 192/2023;5959;votou
2025-09-02;7007;PLP 192/2023;4560;votou
2025-09-02;7007;PLP 192/2023;6338;votou
2025-09-02;7007;PLP 192/2023;5736;votou
2025-09-02;7007;PLP 192/2023;5748;votou
2025-09-02;7007;PLP 192/2023;1173;votou
2025-09-02;7007;PLP 192/2023;5411;votou
2025-09-02;7007;PLP 192/2023;5070;P-NRV
2025-09-02;7007;PLP 192/2023;5783;P-NRV
2025-09-02;7007;PLP 192/2023;3806;votou
2025-09-02;7008;PEC 66/2023 (fase 2);5672;votou
2025-09-02;7008;PEC 66/2023 (fase 2);5982;votou
2025-09-02;7008;PEC 66/2023 (fase 2);6358;votou
2025-09-02;7008;PEC 66/2023 (fase 2);5967;votou
2025-09-02;7008;PEC 66/2023 (fase 2);6009;votou
2025-09-02;7008;PEC 66/2023 (fase 2);6350;votou
2025-09-02;7008;PEC 66/2023 (fase 2);4639;votou
2025-09-02;7008;PEC 66/2023 (fase 2);5936;votou
2025-09-02;7008;PEC 66/2023 (fase 2);5990;votou
2025-09-02;7008;PEC 66/2023 (fase 2);470;votou
2025-09-02;7008;PEC 66/2023 (fase 2);5973;votou
2025-09-02;7008;PEC 66/2023 (fase 2);739;votou
2025-09-02;7008;PEC 66/2023 (fase 2);6337;votou
2025-09-02;7008;PEC 66/2023 (fase 2);475;votou
2025-09-02;7008;PEC 66/2023 (fase 2);6335;votou
2025-09-02;7008;PEC 66/2023 (fase 2);5998;votou
2025-09-02;7008;PEC 66/2023 (fase 2);3830;Presidente (art. 51 RISF)
2025-09-02;7008;PEC 66/2023 (fase 2);5793;votou
2025-09-02;7008;PEC 66/2023 (fase 2);5906;votou
2025-09-02;7008;PEC 66/2023 (fase 2);4994;votou
2025-09-02;7008;PEC 66/2023 (fase 2);5976;votou
2025-09-02;7008;PEC 66/2023 (fase 2);3777;votou
2025-09-02;7008;PEC 66/2023 (fase 2);4642;votou
2025-09-02;7008;PEC 66/2023 (fase 2);5718;P-NRV
2025-09-02;7008;PEC 66/2023 (fase 2);22;votou
2025-09-02;7008;PEC 66/2023 (fase 2);5953;votou
2025-09-02;7008;PEC 66/2023 (fase 2);5917;votou
2025-09-02;7008;PEC 66/2023 (fase 2);6345;votou
2025-09-02;7008;PEC 66/2023 (fase 2);345;votou
2025-09-02;7008;PEC 66/2023 (fase 2);5894;P-NRV
2025-09-02;7008;PEC 66/2023 (fase 2);6008;votou
2025-09-02;7008;PEC 66/2023 (fase 2);6341;votou
2025-09-02;7008;PEC 66/2023 (fase 2);5008;votou
2025-09-02;7008;PEC 66/2023 (fase 2);5385;votou
2025-09-02;7008;PEC 66/2023 (fase 2);6010;votou
2025-09-02;7008;PEC 66/2023 (fase 2);4770;votou
2025-09-02;7008;PEC 66/2023 (fase 2);35;votou
2025-09-02;7008;PEC 66/2023 (fase 2);6340;votou
2025-09-02;7008;PEC 66/2023 (fase 2);581;votou
2025-09-02;7008;PEC 66/2023 (fase 2);4531;votou
2025-09-02;7008;PEC 66/2023 (fase 2);5895;votou
2025-09-02;7008;PEC 66/2023 (fase 2);6342;votou
2025-09-02;7008;PEC 66/2023 (fase 2);6369;votou
2025-09-02;7008;PEC 66/2023 (fase 2);4811;votou
2025-09-02;7008;PEC 66/2023 (fase 2);5979;votou
2025-09-02;7008;PEC 66/2023 (fase 2);5926;votou
2025-09-02;7008;PEC 66/2023 (fase 2);1186;votou
2025-09-02;7008;PEC 66/2023 (fase 2);631;votou
2025-09-02;7008;PEC 66/2023 (fase 2);5376;votou
2025-09-02;7008;PEC 66/2023 (fase 2);742;votou
2025-09-02;7008;PEC 66/2023 (fase 2);285;votou
2025-09-02;7008;PEC 66/2023 (fase 2);5422;votou
2025-09-02;7008;PEC 66/2023 (fase 2);5942;LS
2025-09-02;7008;PEC 66/2023 (fase 2);6304;votou
2025-09-02;7008;PEC 66/2023 (fase 2);6027;votou
2025-09-02;7008;PEC 66/2023 (fase 2);5985;votou
2025-09-02;7008;PEC 66/2023 (fase 2);5525;votou
2025-09-02;7008;PEC 66/2023 (fase 2);5924;votou
2025-09-02;7008;PEC 66/2023 (fase 2);5523;votou
2025-09-02;7008;PEC 66/2023 (fase 2);825;votou
2025-09-02;7008;PEC 66/2023 (fase 2);453;votou
2025-09-02;7008;PEC 66/2023 (fase 2);5502;votou
2025-09-02;7008;PEC 66/2023 (fase 2);5386;votou
2025-09-02;7008;PEC 66/2023 (fase 2);5012;votou
2025-09-02;7008;PEC 66/2023 (fase 2);70;votou
2025-09-02;7008;PEC 66/2023 (fase 2);5732;votou
2025-09-02;7008;PEC 66/2023 (fase 2);4694;votou
2025-09-02;7008;PEC 66/2023 (fase 2);5352;votou
2025-09-02;7008;PEC 66/2023 (fase 2);5322;votou
2025-09-02;7008;PEC 66/2023 (fase 2);6331;votou
2025-09-02;7008;PEC 66/2023 (fase 2);5988;votou
2025-09-02;7008;PEC 66/2023 (fase 2);5959;votou
2025-09-02;7008;PEC 66/2023 (fase 2);4560;votou
2025-09-02;7008;PEC 66/2023 (fase 2);6338;votou
2025-09-02;7008;PEC 66/2023 (fase 2);5736;votou
2025-09-02;7008;PEC 66/2023 (fase 2);5748;votou
2025-09-02;7008;PEC 66/2023 (fase 2);1173;votou
2025-09-02;7008;PEC 66/2023 (fase 2);5411;votou
2025-09-02;7008;PEC 66/2023 (fase 2);5070;votou
2025-09-02;7008;PEC 66/2023 (fase 2);5783;votou
2025-09-02;7008;PEC 66/2023 (fase 2);3806;votou
2025-09-02;7009;PEC 66/2023 (fase 2);5672;votou
2025-09-02;7009;PEC 66/2023 (fase 2);5982;votou
2025-09-02;7009;PEC 66/2023 (fase 2);6358;votou
2025-09-02;7009;PEC 66/2023 (fase 2);5967;votou
2025-09-02;7009;PEC 66/2023 (fase 2);6009;votou
2025-09-02;7009;PEC 66/2023 (fase 2);6350;votou
2025-09-02;7009;PEC 66/2023 (fase 2);4639;votou
2025-09-02;7009;PEC 66/2023 (fase 2);5936;votou
2025-09-02;7009;PEC 66/2023 (fase 2);5990;votou
2025-09-02;7009;PEC 66/2023 (fase 2);470;votou
2025-09-02;7009;PEC 66/2023 (fase 2);5973;P-NRV
2025-09-02;7009;PEC 66/2023 (fase 2);739;votou
2025-09-02;7009;PEC 66/2023 (fase 2);6337;votou
2025-09-02;7009;PEC 66/2023 (fase 2);475;votou
2025-09-02;7009;PEC 66/2023 (fase 2);6335;votou
2025-09-02;7009;PEC 66/2023 (fase 2);5998;votou
2025-09-02;7009;PEC 66/2023 (fase 2);3830;Presidente (art. 51 RISF)
2025-09-02;7009;PEC 66/2023 (fase 2);5793;votou
2025-09-02;7009;PEC 66/2023 (fase 2);5906;votou
2025-09-02;7009;PEC 66/2023 (fase 2);4994;votou
2025-09-02;7009;PEC 66/2023 (fase 2);5976;votou
2025-09-02;7009;PEC 66/2023 (fase 2);3777;votou
2025-09-02;7009;PEC 66/2023 (fase 2);4642;votou
2025-09-02;7009;PEC 66/2023 (fase 2);5718;P-NRV
2025-09-02;7009;PEC 66/2023 (fase 2);22;votou
2025-09-02;7009;PEC 66/2023 (fase 2);5953;votou
2025-09-02;7009;PEC 66/2023 (fase 2);5917;votou
2025-09-02;7009;PEC 66/2023 (fase 2);6345;votou
2025-09-02;7009;PEC 66/2023 (fase 2);345;votou
2025-09-02;7009;PEC 66/2023 (fase 2);5894;P-NRV
2025-09-02;7009;PEC 66/2023 (fase 2);6008;votou
2025-09-02;7009;PEC 66/2023 (fase 2);6341;votou
2025-09-02;7009;PEC 66/2023 (fase 2);5008;votou
2025-09-02;7009;PEC 66/2023 (fase 2);5385;votou
2025-09-02;7009;PEC 66/2023 (fase 2);6010;votou
2025-09-02;7009;PEC 66/2023 (fase 2);4770;votou
2025-09-02;7009;PEC 66/2023 (fase 2);35;votou
2025-09-02;7009;PEC 66/2023 (fase 2);6340;P-NRV
2025-09-02;7009;PEC 66/2023 (fase 2);581;votou
2025-09-02;7009;PEC 66/2023 (fase 2);4531;votou
2025-09-02;7009;PEC 66/2023 (fase 2);5895;votou
2025-09-02;7009;PEC 66/2023 (fase 2);6342;votou
2025-09-02;7009;PEC 66/2023 (fase 2);6369;votou
2025-09-02;7009;PEC 66/2023 (fase 2);4811;votou
2025-09-02;7009;PEC 66/2023 (fase 2);5979;votou
2025-09-02;7009;PEC 66/2023 (fase 2);5926;votou
2025-09-02;7009;PEC 66/2023 (fase 2);1186;votou
2025-09-02;7009;PEC 66/2023 (fase 2);631;P-NRV
2025-09-02;7009;PEC 66/2023 (fase 2);5376;votou
2025-09-02;7009;PEC 66/2023 (fase 2);742;votou
2025-09-02;7009;PEC 66/2023 (fase 2);285;votou
2025-09-02;7009;PEC 66/2023 (fase 2);5422;votou
2025-09-02;7009;PEC 66/2023 (fase 2);5942;LS
2025-09-02;7009;PEC 66/2023 (fase 2);6304;votou
2025-09-02;7009;PEC 66/2023 (fase 2);6027;votou
2025-09-02;7009;PEC 66/2023 (fase 2);5985;votou
2025-09-02;7009;PEC 66/2023 (fase 2);5525;votou
2025-09-02;7009;PEC 66/2023 (fase 2);5924;votou
2025-09-02;7009;PEC 66/2023 (fase 2);5523;votou
2025-09-02;7009;PEC 66/2023 (fase 2);825;votou
2025-09-02;7009;PEC 66/2023 (fase 2);453;votou
2025-09-02;7009;PEC 66/2023 (fase 2);5502;votou
2025-09-02;7009;PEC 66/2023 (fase 2);5386;votou
2025-09-02;7009;PEC 66/2023 (fase 2);5012;votou
2025-09-02;7009;PEC 66/2023 (fase 2);70;votou
2025-09-02;7009;PEC 66/2023 (fase 2);5732;votou
2025-09-02;7009;PEC 66/2023 (fase 2);4694;votou
2025-09-02;7009;PEC 66/2023 (fase 2);5352;votou
2025-09-02;7009;PEC 66/2023 (fase 2);5322;votou
2025-09-02;7009;PEC 66/2023 (fase 2);6331;votou
2025-09-02;7009;PEC 66/2023 (fase 2);5988;votou
2025-09-02;7009;PEC 66/2023 (fase 2);5959;votou
2025-09-02;7009;PEC 66/2023 (fase 2);4560;votou
2025-09-02;7009;PEC 66/2023 (fase 2);6338;votou
2025-09-02;7009;PEC 66/2023 (fase 2);5736;votou
2025-09-02;7009;PEC 66/2023 (fase 2);5748;votou
2025-09-02;7009;PEC 66/2023 (fase 2);1173;votou
2025-09-02;7009;PEC 66/2023 (fase 2);5411;votou
2025-09-02;7009;PEC 66/2023 (fase 2);5070;P-NRV
2025-09-02;7009;PEC 66/2023 (fase 2);5783;votou
2025-09-02;7009;PEC 66/2023 (fase 2);3806;votou
2025-09-02;7010;PLP 125/2022;5672;votou
2025-09-02;7010;PLP 125/2022;5982;votou
2025-09-02;7010;PLP 125/2022;6358;votou
2025-09-02;7010;PLP 125/2022;5967;votou
2025-09-02;7010;PLP 125/2022;6009;votou
2025-09-02;7010;PLP 125/2022;6350;votou
2025-09-02;7010;PLP 125/2022;4639;votou
2025-09-02;7010;PLP 125/2022;5936;votou
2025-09-02;7010;PLP 125/2022;5990;votou
2025-09-02;7010;PLP 125/2022;470;votou
2025-09-02;7010;PLP 125/2022;5973;P-NRV
2025-09-02;7010;PLP 125/2022;739;votou
2025-09-02;7010;PLP 125/2022;6337;votou
2025-09-02;7010;PLP 125/2022;475;votou
2025-09-02;7010;PLP 125/2022;6335;votou
2025-09-02;7010;PLP 125/2022;5998;votou
2025-09-02;7010;PLP 125/2022;3830;Presidente (art. 51 RISF)
2025-09-02;7010;PLP 125/2022;5793;votou
2025-09-02;7010;PLP 125/2022;5906;votou
2025-09-02;7010;PLP 125/2022;4994;votou
2025-09-02;7010;PLP 125/2022;5976;votou
2025-09-02;7010;PLP 125/2022;3777;votou
2025-09-02;7010;PLP 125/2022;4642;votou
2025-09-02;7010;PLP 125/2022;5718;votou
2025-09-02;7010;PLP 125/2022;22;votou
2025-09-02;7010;PLP 125/2022;5953;votou
2025-09-02;7010;PLP 125/2022;5917;votou
2025-09-02;7010;PLP 125/2022;6345;votou
2025-09-02;7010;PLP 125/2022;345;votou
2025-09-02;7010;PLP 125/2022;5894;P-NRV
2025-09-02;7010;PLP 125/2022;6008;votou
2025-09-02;7010;PLP 125/2022;6341;votou
2025-09-02;7010;PLP 125/2022;5008;votou
2025-09-02;7010;PLP 125/2022;5385;votou
2025-09-02;7010;PLP 125/2022;6010;votou
2025-09-02;7010;PLP 125/2022;4770;votou
2025-09-02;7010;PLP 125/2022;35;P-NRV
2025-09-02;7010;PLP 125/2022;6340;votou
2025-09-02;7010;PLP 125/2022;581;votou
2025-09-02;7010;PLP 125/2022;4531;votou
2025-09-02;7010;PLP 125/2022;5895;LS
2025-09-02;7010;PLP 125/2022;6342;votou
2025-09-02;7010;PLP 125/2022;6369;votou
2025-09-02;7010;PLP 125/2022;4811;votou
2025-09-02;7010;PLP 125/2022;5979;votou
2025-09-02;7010;PLP 125/2022;5926;votou
2025-09-02;7010;PLP 125/2022;1186;votou
2025-09-02;7010;PLP 125/2022;631;votou
2025-09-02;7010;PLP 125/2022;5376;votou
2025-09-02;7010;PLP 125/2022;742;votou
2025-09-02;7010;PLP 125/2022;285;votou
2025-09-02;7010;PLP 125/2022;5422;votou
2025-09-02;7010;PLP 125/2022;5942;LS
2025-09-02;7010;PLP 125/2022;6304;votou
2025-09-02;7010;PLP 125/2022;6027;votou
2025-09-02;7010;PLP 125/2022;5985;votou
2025-09-02;7010;PLP 125/2022;5525;votou
2025-09-02;7010;PLP 125/2022;5924;votou
2025-09-02;7010;PLP 125/2022;5523;votou
2025-09-02;7010;PLP 125/2022;825;votou
2025-09-02;7010;PLP 125/2022;453;votou
2025-09-02;7010;PLP 125/2022;5502;P-NRV
2025-09-02;7010;PLP 125/2022;5386;votou
2025-09-02;7010;PLP 125/2022;5012;votou
2025-09-02;7010;PLP 125/2022;70;votou
2025-09-02;7010;PLP 125/2022;5732;votou
2025-09-02;7010;PLP 125/2022;4694;P-NRV
2025-09-02;7010;PLP 125/2022;5352;votou
2025-09-02;7010;PLP 125/2022;5322;votou
2025-09-02;7010;PLP 125/2022;6331;votou
2025-09-02;7010;PLP 125/2022;5988;P-NRV
2025-09-02;7010;PLP 125/2022;5959;P-NRV
2025-09-02;7010;PLP 125/2022;4560;votou
2025-09-02;7010;PLP 125/2022;6338;votou
2025-09-02;7010;PLP 125/2022;5736;votou
2025-09-02;7010;PLP 125/2022;5748;votou
2025-09-02;7010;PLP 125/2022;1173;votou
2025-09-02;7010;PLP 125/2022;5411;votou
2025-09-02;7010;PLP 125/2022;5070;votou
2025-09-02;7010;PLP 125/2022;5783;votou
2025-09-02;7010;PLP 125/2022;3806;votou
2025-09-17;7011;MPV 1300/2025;5672;AP
2025-09-17;7011;MPV 1300/2025;5982;votou
2025-09-17;7011;MPV 1300/2025;6358;votou
2025-09-17;7011;MPV 1300/2025;5967;votou
2025-09-17;7011;MPV 1300/2025;6009;MIS
2025-09-17;7011;MPV 1300/2025;6350;AP
2025-09-17;7011;MPV 1300/2025;4639;votou
2025-09-17;7011;MPV 1300/2025;5936;AP
2025-09-17;7011;MPV 1300/2025;5990;votou
2025-09-17;7011;MPV 1300/2025;470;votou
2025-09-17;7011;MPV 1300/2025;5973;AP
2025-09-17;7011;MPV 1300/2025;739;votou
2025-09-17;7011;MPV 1300/2025;6337;votou
2025-09-17;7011;MPV 1300/2025;475;P-NRV
2025-09-17;7011;MPV 1300/2025;6335;votou
2025-09-17;7011;MPV 1300/2025;5998;votou
2025-09-17;7011;MPV 1300/2025;3830;Presidente (art. 51 RISF)
2025-09-17;7011;MPV 1300/2025;5793;AP
2025-09-17;7011;MPV 1300/2025;5906;AP
2025-09-17;7011;MPV 1300/2025;4994;votou
2025-09-17;7011;MPV 1300/2025;5976;votou
2025-09-17;7011;MPV 1300/2025;3777;P-NRV
2025-09-17;7011;MPV 1300/2025;4642;P-NRV
2025-09-17;7011;MPV 1300/2025;5718;votou
2025-09-17;7011;MPV 1300/2025;22;votou
2025-09-17;7011;MPV 1300/2025;5953;votou
2025-09-17;7011;MPV 1300/2025;5917;votou
2025-09-17;7011;MPV 1300/2025;6345;votou
2025-09-17;7011;MPV 1300/2025;345;P-NRV
2025-09-17;7011;MPV 1300/2025;5894;votou
2025-09-17;7011;MPV 1300/2025;6008;AP
2025-09-17;7011;MPV 1300/2025;6341;votou
2025-09-17;7011;MPV 1300/2025;5008;votou
2025-09-17;7011;MPV 1300/2025;5385;MIS
2025-09-17;7011;MPV 1300/2025;6010;votou
2025-09-17;7011;MPV 1300/2025;4770;P-NRV
2025-09-17;7011;MPV 1300/2025;35;AP
2025-09-17;7011;MPV 1300/2025;6340;P-NRV
2025-09-17;7011;MPV 1300/2025;581;LS
2025-09-17;7011;MPV 1300/2025;4531;votou
2025-09-17;7011;MPV 1300/2025;5895;LS
2025-09-17;7011;MPV 1300/2025;6342;votou
2025-09-17;7011;MPV 1300/2025;6369;votou
2025-09-17;7011;MPV 1300/2025;4811;votou
2025-09-17;7011;MPV 1300/2025;5979;votou
2025-09-17;7011;MPV 1300/2025;5926;votou
2025-09-17;7011;MPV 1300/2025;1186;P-NRV
2025-09-17;7011;MPV 1300/2025;631;votou
2025-09-17;7011;MPV 1300/2025;5376;votou
2025-09-17;7011;MPV 1300/2025;742;votou
2025-09-17;7011;MPV 1300/2025;285;votou
2025-09-17;7011;MPV 1300/2025;5422;P-NRV
2025-09-17;7011;MPV 1300/2025;5942;LS
2025-09-17;7011;MPV 1300/2025;6304;P-NRV
2025-09-17;7011;MPV 1300/2025;6027;votou
2025-09-17;7011;MPV 1300/2025;5985;votou
2025-09-17;7011;MPV 1300/2025;5525;votou
2025-09-17;7011;MPV 1300/2025;5924;votou
2025-09-17;7011;MPV 1300/2025;5523;votou
2025-09-17;7011;MPV 1300/2025;825;votou
2025-09-17;7011;MPV 1300/2025;453;votou
2025-09-17;7011;MPV 1300/2025;5502;votou
2025-09-17;7011;MPV 1300/2025;5386;votou
2025-09-17;7011;MPV 1300/2025;5012;votou
2025-09-17;7011;MPV 1300/2025;70;votou
2025-09-17;7011;MPV 1300/2025;5732;votou
2025-09-17;7011;MPV 1300/2025;4694;votou
2025-09-17;7011;MPV 1300/2025;5352;votou
2025-09-17;7011;MPV 1300/2025;5322;votou
2025-09-17;7011;MPV 1300/2025;6331;votou
2025-09-17;7011;MPV 1300/2025;5988;votou
2025-09-17;7011;MPV 1300/2025;5959;votou
2025-09-17;7011;MPV 1300/2025;4560;votou
2025-09-17;7011;MPV 1300/2025;6338;votou
2025-09-17;7011;MPV 1300/2025;5736;votou
2025-09-17;7011;MPV 1300/2025;5748;votou
2025-09-17;7011;MPV 1300/2025;1173;P-NRV
2025-09-17;7011;MPV 1300/2025;5411;votou
2025-09-17;7011;MPV 1300/2025;5070;P-NRV
2025-09-17;7011;MPV 1300/2025;5783;votou
2025-09-17;7011;MPV 1300/2025;3806;AP
2025-09-24;7012;PLP 168/2025;5672;votou
2025-09-24;7012;PLP 168/2025;5982;votou
2025-09-24;7012;PLP 168/2025;6358;votou
2025-09-24;7012;PLP 168/2025;5967;P-NRV
2025-09-24;7012;PLP 168/2025;6009;AP
2025-09-24;7012;PLP 168/2025;6350;votou
2025-09-24;7012;PLP 168/2025;4639;votou
2025-09-24;7012;PLP 168/2025;5936;votou
2025-09-24;7012;PLP 168/2025;5990;votou
2025-09-24;7012;PLP 168/2025;470;votou
2025-09-24;7012;PLP 168/2025;5973;AP
2025-09-24;7012;PLP 168/2025;739;votou
2025-09-24;7012;PLP 168/2025;6337;votou
2025-09-24;7012;PLP 168/2025;475;votou
2025-09-24;7012;PLP 168/2025;6335;votou
2025-09-24;7012;PLP 168/2025;5998;MIS
2025-09-24;7012;PLP 168/2025;3830;Presidente (art. 51 RISF)
2025-09-24;7012;PLP 168/2025;5793;AP
2025-09-24;7012;PLP 168/2025;5906;votou
2025-09-24;7012;PLP 168/2025;4994;votou
2025-09-24;7012;PLP 168/2025;5976;votou
2025-09-24;7012;PLP 168/2025;3777;votou
2025-09-24;7012;PLP 168/2025;4642;votou
2025-09-24;7012;PLP 168/2025;5718;votou
2025-09-24;7012;PLP 168/2025;22;votou
2025-09-24;7012;PLP 168/2025;5953;votou
2025-09-24;7012;PLP 168/2025;5917;votou
2025-09-24;7012;PLP 168/2025;6345;votou
2025-09-24;7012;PLP 168/2025;345;votou
2025-09-24;7012;PLP 168/2025;5894;P-NRV
2025-09-24;7012;PLP 168/2025;6008;votou
2025-09-24;7012;PLP 168/2025;6341;votou
2025-09-24;7012;PLP 168/2025;5008;votou
2025-09-24;7012;PLP 168/2025;5385;votou
2025-09-24;7012;PLP 168/2025;6010;votou
2025-09-24;7012;PLP 168/2025;4770;votou
2025-09-24;7012;PLP 168/2025;35;votou
2025-09-24;7012;PLP 168/2025;6340;votou
2025-09-24;7012;PLP 168/2025;581;LS
2025-09-24;7012;PLP 168/2025;4531;votou
2025-09-24;7012;PLP 168/2025;5895;votou
2025-09-24;7012;PLP 168/2025;6342;votou
2025-09-24;7012;PLP 168/2025;6369;votou
2025-09-24;7012;PLP 168/2025;4811;votou
2025-09-24;7012;PLP 168/2025;5979;MIS
2025-09-24;7012;PLP 168/2025;5926;votou
2025-09-24;7012;PLP 168/2025;1186;votou
2025-09-24;7012;PLP 168/2025;631;AP
2025-09-24;7012;PLP 168/2025;5376;votou
2025-09-24;7012;PLP 168/2025;742;votou
2025-09-24;7012;PLP 168/2025;285;votou
2025-09-24;7012;PLP 168/2025;5422;LS
2025-09-24;7012;PLP 168/2025;5942;LS
2025-09-24;7012;PLP 168/2025;6304;votou
2025-09-24;7012;PLP 168/2025;6027;AP
2025-09-24;7012;PLP 168/2025;5985;AP
2025-09-24;7012;PLP 168/2025;5525;votou
2025-09-24;7012;PLP 168/2025;5924;P-NRV
2025-09-24;7012;PLP 168/2025;5523;votou
2025-09-24;7012;PLP 168/2025;825;votou
2025-09-24;7012;PLP 168/2025;453;votou
2025-09-24;7012;PLP 168/2025;5502;votou
2025-09-24;7012;PLP 168/2025;5386;votou
2025-09-24;7012;PLP 168/2025;5012;votou
2025-09-24;7012;PLP 168/2025;70;votou
2025-09-24;7012;PLP 168/2025;5732;votou
2025-09-24;7012;PLP 168/2025;4694;votou
2025-09-24;7012;PLP 168/2025;5352;votou
2025-09-24;7012;PLP 168/2025;5322;AP
2025-09-24;7012;PLP 168/2025;6331;votou
2025-09-24;7012;PLP 168/2025;5988;votou
2025-09-24;7012;PLP 168/2025;5959;votou
2025-09-24;7012;PLP 168/2025;4560;votou
2025-09-24;7012;PLP 168/2025;6338;votou
2025-09-24;7012;PLP 168/2025;5736;votou
2025-09-24;7012;PLP 168/2025;5748;votou
2025-09-24;7012;PLP 168/2025;1173;votou
2025-09-24;7012;PLP 168/2025;5411;LP
2025-09-24;7012;PLP 168/2025;5070;votou
2025-09-24;7012;PLP 168/2025;5783;votou
2025-09-24;7012;PLP 168/2025;3806;votou
2025-09-30;7013;PLP 108/2024;5672;votou
2025-09-30;7013;PLP 108/2024;5982;votou
2025-09-30;7013;PLP 108/2024;6358;votou
2025-09-30;7013;PLP 108/2024;5967;votou
2025-09-30;7013;PLP 108/2024;6009;MIS
2025-09-30;7013;PLP 108/2024;6350;votou
2025-09-30;7013;PLP 108/2024;4639;votou
2025-09-30;7013;PLP 108/2024;5936;AP
2025-09-30;7013;PLP 108/2024;5990;votou
2025-09-30;7013;PLP 108/2024;470;votou
2025-09-30;7013;PLP 108/2024;5973;votou
2025-09-30;7013;PLP 108/2024;739;votou
2025-09-30;7013;PLP 108/2024;6337;votou
2025-09-30;7013;PLP 108/2024;475;AP
2025-09-30;7013;PLP 108/2024;6335;votou
2025-09-30;7013;PLP 108/2024;5998;votou
2025-09-30;7013;PLP 108/2024;3830;Presidente (art. 51 RISF)
2025-09-30;7013;PLP 108/2024;5793;MIS
2025-09-30;7013;PLP 108/2024;5906;votou
2025-09-30;7013;PLP 108/2024;4994;votou
2025-09-30;7013;PLP 108/2024;5976;votou
2025-09-30;7013;PLP 108/2024;3777;votou
2025-09-30;7013;PLP 108/2024;4642;votou
2025-09-30;7013;PLP 108/2024;5718;AP
2025-09-30;7013;PLP 108/2024;22;votou
2025-09-30;7013;PLP 108/2024;5953;votou
2025-09-30;7013;PLP 108/2024;5917;votou
2025-09-30;7013;PLP 108/2024;6345;votou
2025-09-30;7013;PLP 108/2024;345;MIS
2025-09-30;7013;PLP 108/2024;5894;votou
2025-09-30;7013;PLP 108/2024;6008;AP
2025-09-30;7013;PLP 108/2024;6341;MIS
2025-09-30;7013;PLP 108/2024;5008;votou
2025-09-30;7013;PLP 108/2024;5385;P-NRV
2025-09-30;7013;PLP 108/2024;6010;votou
2025-09-30;7013;PLP 108/2024;4770;votou
2025-09-30;7013;PLP 108/2024;35;votou
2025-09-30;7013;PLP 108/2024;6340;votou
2025-09-30;7013;PLP 108/2024;581;LS
2025-09-30;7013;PLP 108/2024;4531;AP
2025-09-30;7013;PLP 108/2024;5895;votou
2025-09-30;7013;PLP 108/2024;6342;votou
2025-09-30;7013;PLP 108/2024;6369;votou
2025-09-30;7013;PLP 108/2024;4811;votou
2025-09-30;7013;PLP 108/2024;5979;MIS
2025-09-30;7013;PLP 108/2024;5926;votou
2025-09-30;7013;PLP 108/2024;1186;votou
2025-09-30;7013;PLP 108/2024;631;votou
2025-09-30;7013;PLP 108/2024;5376;votou
2025-09-30;7013;PLP 108/2024;742;votou
2025-09-30;7013;PLP 108/2024;285;votou
2025-09-30;7013;PLP 108/2024;5422;votou
2025-09-30;7013;PLP 108/2024;5942;LS
2025-09-30;7013;PLP 108/2024;6304;P-NRV
2025-09-30;7013;PLP 108/2024;6027;votou
2025-09-30;7013;PLP 108/2024;5985;votou
2025-09-30;7013;PLP 108/2024;5525;votou
2025-09-30;7013;PLP 108/2024;5924;votou
2025-09-30;7013;PLP 108/2024;5523;P-NRV
2025-09-30;7013;PLP 108/2024;825;votou
2025-09-30;7013;PLP 108/2024;453;votou
2025-09-30;7013;PLP 108/2024;5502;votou
2025-09-30;7013;PLP 108/2024;5386;votou
2025-09-30;7013;PLP 108/2024;5012;votou
2025-09-30;7013;PLP 108/2024;70;votou
2025-09-30;7013;PLP 108/2024;5732;AP
2025-09-30;7013;PLP 108/2024;4694;P-NRV
2025-09-30;7013;PLP 108/2024;5352;votou
2025-09-30;7013;PLP 108/2024;5322;AP
2025-09-30;7013;PLP 108/2024;6331;votou
2025-09-30;7013;PLP 108/2024;5988;votou
2025-09-30;7013;PLP 108/2024;5959;votou
2025-09-30;7013;PLP 108/2024;4560;votou
2025-09-30;7013;PLP 108/2024;6338;votou
2025-09-30;7013;PLP 108/2024;5736;votou
2025-09-30;7013;PLP 108/2024;5748;votou
2025-09-30;7013;PLP 108/2024;1173;votou
2025-09-30;7013;PLP 108/2024;5411;votou
2025-09-30;7013;PLP 108/2024;5070;votou
2025-09-30;7013;PLP 108/2024;5783;votou
2025-09-30;7013;PLP 108/2024;3806;votou
2025-09-30;7014;PLP 108/2024;5672;votou
2025-09-30;7014;PLP 108/2024;5982;votou
2025-09-30;7014;PLP 108/2024;6358;votou
2025-09-30;7014;PLP 108/2024;5967;P-NRV
2025-09-30;7014;PLP 108/2024;6009;MIS
2025-09-30;7014;PLP 108/2024;6350;votou
2025-09-30;7014;PLP 108/2024;4639;votou
2025-09-30;7014;PLP 108/2024;5936;AP
2025-09-30;7014;PLP 108/2024;5990;votou
2025-09-30;7014;PLP 108/2024;470;votou
2025-09-30;7014;PLP 108/2024;5973;votou
2025-09-30;7014;PLP 108/2024;739;votou
2025-09-30;7014;PLP 108/2024;6337;votou
2025-09-30;7014;PLP 108/2024;475;AP
2025-09-30;7014;PLP 108/2024;6335;votou
2025-09-30;7014;PLP 108/2024;5998;votou
2025-09-30;7014;PLP 108/2024;3830;Presidente (art. 51 RISF)
2025-09-30;7014;PLP 108/2024;5793;MIS
2025-09-30;7014;PLP 108/2024;5906;P-NRV
2025-09-30;7014;PLP 108/2024;4994;votou
2025-09-30;7014;PLP 108/2024;5976;votou
2025-09-30;7014;PLP 108/2024;3777;votou
2025-09-30;7014;PLP 108/2024;4642;votou
2025-09-30;7014;PLP 108/2024;5718;AP
2025-09-30;7014;PLP 108/2024;22;votou
2025-09-30;7014;PLP 108/2024;5953;votou
2025-09-30;7014;PLP 108/2024;5917;P-NRV
2025-09-30;7014;PLP 108/2024;6345;votou
2025-09-30;7014;PLP 108/2024;345;MIS
2025-09-30;7014;PLP 108/2024;5894;votou
2025-09-30;7014;PLP 108/2024;6008;AP
2025-09-30;7014;PLP 108/2024;6341;MIS
2025-09-30;7014;PLP 108/2024;5008;votou
2025-09-30;7014;PLP 108/2024;5385;P-NRV
2025-09-30;7014;PLP 108/2024;6010;votou
2025-09-30;7014;PLP 108/2024;4770;votou
2025-09-30;7014;PLP 108/2024;35;votou
2025-09-30;7014;PLP 108/2024;6340;votou
2025-09-30;7014;PLP 108/2024;581;LS
2025-09-30;7014;PLP 108/2024;4531;AP
2025-09-30;7014;PLP 108/2024;5895;votou
2025-09-30;7014;PLP 108/2024;6342;votou
2025-09-30;7014;PLP 108/2024;6369;votou
2025-09-30;7014;PLP 108/2024;4811;votou
2025-09-30;7014;PLP 108/2024;5979;MIS
2025-09-30;7014;PLP 108/2024;5926;votou
2025-09-30;7014;PLP 108/2024;1186;votou
2025-09-30;7014;PLP 108/2024;631;votou
2025-09-30;7014;PLP 108/2024;5376;votou
2025-09-30;7014;PLP 108/2024;742;votou
2025-09-30;7014;PLP 108/2024;285;votou
2025-09-30;7014;PLP 108/2024;5422;votou
2025-09-30;7014;PLP 108/2024;5942;LS
2025-09-30;7014;PLP 108/2024;6304;votou
2025-09-30;7014;PLP 108/2024;6027;votou
2025-09-30;7014;PLP 108/2024;5985;votou
2025-09-30;7014;PLP 108/2024;5525;votou
2025-09-30;7014;PLP 108/2024;5924;votou
2025-09-30;7014;PLP 108/2024;5523;votou
2025-09-30;7014;PLP 108/2024;825;votou
2025-09-30;7014;PLP 108/2024;453;votou
2025-09-30;7014;PLP 108/2024;5502;votou
2025-09-30;7014;PLP 108/2024;5386;votou
2025-09-30;7014;PLP 108/2024;5012;votou
2025-09-30;7014;PLP 108/2024;70;votou
2025-09-30;7014;PLP 108/2024;5732;AP
2025-09-30;7014;PLP 108/2024;4694;votou
2025-09-30;7014;PLP 108/2024;5352;votou
2025-09-30;7014;PLP 108/2024;5322;AP
2025-09-30;7014;PLP 108/2024;6331;votou
2025-09-30;7014;PLP 108/2024;5988;P-NRV
2025-09-30;7014;PLP 108/2024;5959;votou
2025-09-30;7014;PLP 108/2024;4560;votou
2025-09-30;7014;PLP 108/2024;6338;votou
2025-09-30;7014;PLP 108/2024;5736;votou
2025-09-30;7014;PLP 108/2024;5748;votou
2025-09-30;7014;PLP 108/2024;1173;votou
2025-09-30;7014;PLP 108/2024;5411;votou
2025-09-30;7014;PLP 108/2024;5070;votou
2025-09-30;7014;PLP 108/2024;5783;votou
2025-09-30;7014;PLP 108/2024;3806;votou
2025-10-07;7015;PLP 235/2019 (Substitutivo-CD);5672;votou
2025-10-07;7015;PLP 235/2019 (Substitutivo-CD);5982;votou
2025-10-07;7015;PLP 235/2019 (Substitutivo-CD);6358;votou
2025-10-07;7015;PLP 235/2019 (Substitutivo-CD);5967;votou
2025-10-07;7015;PLP 235/2019 (Substitutivo-CD);6009;AP
2025-10-07;7015;PLP 235/2019 (Substitutivo-CD);6350;votou
2025-10-07;7015;PLP 235/2019 (Substitutivo-CD);4639;votou
2025-10-07;7015;PLP 235/2019 (Substitutivo-CD);5936;votou
2025-10-07;7015;PLP 235/2019 (Substitutivo-CD);5990;votou
2025-10-07;7015;PLP 235/2019 (Substitutivo-CD);470;votou
2025-10-07;7015;PLP 235/2019 (Substitutivo-CD);5973;votou
2025-10-07;7015;PLP 235/2019 (Substitutivo-CD);739;votou
2025-10-07;7015;PLP 235/2019 (Substitutivo-CD);6337;votou
2025-10-07;7015;PLP 235/2019 (Substitutivo-CD);475;votou
2025-10-07;7015;PLP 235/2019 (Substitutivo-CD);6335;votou
2025-10-07;7015;PLP 235/2019 (Substitutivo-CD);5998;AP
2025-10-07;7015;PLP 235/2019 (Substitutivo-CD);3830;Presidente (art. 51 RISF)
2025-10-07;7015;PLP 235/2019 (Substitutivo-CD);5793;votou
2025-10-07;7015;PLP 235/2019 (Substitutivo-CD);5906;votou
2025-10-07;7015;PLP 235/2019 (Substitutivo-CD);4994;votou
2025-10-07;7015;PLP 235/2019 (Substitutivo-CD);5976;votou
2025-10-07;7015;PLP 235/2019 (Substitutivo-CD);3777;votou
2025-10-07;7015;PLP 235/2019 (Substitutivo-CD);4642;votou
2025-10-07;7015;PLP 235/2019 (Substitutivo-CD);5718;AP
2025-10-07;7015;PLP 235/2019 (Substitutivo-CD);22;votou
2025-10-07;7015;PLP 235/2019 (Substitutivo-CD);5953;votou
2025-10-07;7015;PLP 235/2019 (Substitutivo-CD);5917;AP
2025-10-07;7015;PLP 235/2019 (Substitutivo-CD);6345;votou
2025-10-07;7015;PLP 235/2019 (Substitutivo-CD);345;votou
2025-10-07;7015;PLP 235/2019 (Substitutivo-CD);5894;votou
2025-10-07;7015;PLP 235/2019 (Substitutivo-CD);6008;votou
2025-10-07;7015;PLP 235/2019 (Substitutivo-CD);6341;votou
2025-10-07;7015;PLP 235/2019 (Substitutivo-CD);5008;AP
2025-10-07;7015;PLP 235/2019 (Substitutivo-CD);5385;votou
2025-10-07;7015;PLP 235/2019 (Substitutivo-CD);6010;AP
2025-10-07;7015;PLP 235/2019 (Substitutivo-CD);4770;votou
2025-10-07;7015;PLP 235/2019 (Substitutivo-CD);35;votou
2025-10-07;7015;PLP 235/2019 (Substitutivo-CD);6340;votou
2025-10-07;7015;PLP 235/2019 (Substitutivo-CD);581;votou
2025-10-07;7015;PLP 235/2019 (Substitutivo-CD);4531;votou
2025-10-07;7015;PLP 235/2019 (Substitutivo-CD);5895;votou
2025-10-07;7015;PLP 235/2019 (Substitutivo-CD);6342;votou
2025-10-07;7015;PLP 235/2019 (Substitutivo-CD);6305;votou
2025-10-07;7015;PLP 235/2019 (Substitutivo-CD);6369;votou
2025-10-07;7015;PLP 235/2019 (Substitutivo-CD);4811;votou
2025-10-07;7015;PLP 235/2019 (Substitutivo-CD);5979;votou
2025-10-07;7015;PLP 235/2019 (Substitutivo-CD);5926;P-NRV
2025-10-07;7015;PLP 235/2019 (Substitutivo-CD);1186;votou
2025-10-07;7015;PLP 235/2019 (Substitutivo-CD);631;votou
2025-10-07;7015;PLP 235/2019 (Substitutivo-CD);5376;votou
2025-10-07;7015;PLP 235/2019 (Substitutivo-CD);742;votou
2025-10-07;7015;PLP 235/2019 (Substitutivo-CD);285;votou
2025-10-07;7015;PLP 235/2019 (Substitutivo-CD);5422;votou
2025-10-07;7015;PLP 235/2019 (Substitutivo-CD);5942;LS
2025-10-07;7015;PLP 235/2019 (Substitutivo-CD);6027;votou
2025-10-07;7015;PLP 235/2019 (Substitutivo-CD);5985;votou
2025-10-07;7015;PLP 235/2019 (Substitutivo-CD);5525;votou
2025-10-07;7015;PLP 235/2019 (Substitutivo-CD);5924;votou
2025-10-07;7015;PLP 235/2019 (Substitutivo-CD);5523;votou
2025-10-07;7015;PLP 235/2019 (Substitutivo-CD);825;votou
2025-10-07;7015;PLP 235/2019 (Substitutivo-CD);453;votou
2025-10-07;7015;PLP 235/2019 (Substitutivo-CD);5502;votou
2025-10-07;7015;PLP 235/2019 (Substitutivo-CD);5386;votou
2025-10-07;7015;PLP 235/2019 (Substitutivo-CD);5012;votou
2025-10-07;7015;PLP 235/2019 (Substitutivo-CD);70;AP
2025-10-07;7015;PLP 235/2019 (Substitutivo-CD);5732;votou
2025-10-07;7015;PLP 235/2019 (Substitutivo-CD);4694;votou
2025-10-07;7015;PLP 235/2019 (Substitutivo-CD);5352;votou
2025-10-07;7015;PLP 235/2019 (Substitutivo-CD);5322;votou
2025-10-07;7015;PLP 235/2019 (Substitutivo-CD);6331;votou
2025-10-07;7015;PLP 235/2019 (Substitutivo-CD);5988;votou
2025-10-07;7015;PLP 235/2019 (Substitutivo-CD);5959;votou
2025-10-07;7015;PLP 235/2019 (Substitutivo-CD);4560;votou
2025-10-07;7015;PLP 235/2019 (Substitutivo-CD);6338;votou
2025-10-07;7015;PLP 235/2019 (Substitutivo-CD);5736;votou
2025-10-07;7015;PLP 235/2019 (Substitutivo-CD);5748;votou
2025-10-07;7015;PLP 235/2019 (Substitutivo-CD);1173;votou
2025-10-07;7015;PLP 235/2019 (Substitutivo-CD);5411;votou
2025-10-07;7015;PLP 235/2019 (Substitutivo-CD);5070;votou
2025-10-07;7015;PLP 235/2019 (Substitutivo-CD);5783;votou
2025-10-07;7015;PLP 235/2019 (Substitutivo-CD);3806;votou
2025-10-21;7016;PL 769/2024;5672;votou
2025-10-21;7016;PL 769/2024;5982;votou
2025-10-21;7016;PL 769/2024;6358;votou
2025-10-21;7016;PL 769/2024;5967;votou
2025-10-21;7016;PL 769/2024;6009;AP
2025-10-21;7016;PL 769/2024;6350;votou
2025-10-21;7016;PL 769/2024;4639;votou
2025-10-21;7016;PL 769/2024;5936;votou
2025-10-21;7016;PL 769/2024;5990;votou
2025-10-21;7016;PL 769/2024;470;votou
2025-10-21;7016;PL 769/2024;5973;AP
2025-10-21;7016;PL 769/2024;739;MIS
2025-10-21;7016;PL 769/2024;6337;votou
2025-10-21;7016;PL 769/2024;475;votou
2025-10-21;7016;PL 769/2024;6335;votou
2025-10-21;7016;PL 769/2024;5998;AP
2025-10-21;7016;PL 769/2024;3830;Presidente (art. 51 RISF)
2025-10-21;7016;PL 769/2024;5793;P-NRV
2025-10-21;7016;PL 769/2024;5906;MIS
2025-10-21;7016;PL 769/2024;4994;P-NRV
2025-10-21;7016;PL 769/2024;5976;votou
2025-10-21;7016;PL 769/2024;3777;votou
2025-10-21;7016;PL 769/2024;4642;P-NRV
2025-10-21;7016;PL 769/2024;5718;AP
2025-10-21;7016;PL 769/2024;22;votou
2025-10-21;7016;PL 769/2024;5953;votou
2025-10-21;7016;PL 769/2024;5917;votou
2025-10-21;7016;PL 769/2024;6345;votou
2025-10-21;7016;PL 769/2024;345;votou
2025-10-21;7016;PL 769/2024;5894;votou
2025-10-21;7016;PL 769/2024;6008;votou
2025-10-21;7016;PL 769/2024;6341;votou
2025-10-21;7016;PL 769/2024;5008;MIS
2025-10-21;7016;PL 769/2024;5385;AP
2025-10-21;7016;PL 769/2024;6010;P-NRV
2025-10-21;7016;PL 769/2024;4770;P-NRV
2025-10-21;7016;PL 769/2024;35;AP
2025-10-21;7016;PL 769/2024;6340;votou
2025-10-21;7016;PL 769/2024;581;votou
2025-10-21;7016;PL 769/2024;4531;votou
2025-10-21;7016;PL 769/2024;5895;votou
2025-10-21;7016;PL 769/2024;6342;votou
2025-10-21;7016;PL 769/2024;6305;votou
2025-10-21;7016;PL 769/2024;6369;votou
2025-10-21;7016;PL 769/2024;4811;P-NRV
2025-10-21;7016;PL 769/2024;5979;votou
2025-10-21;7016;PL 769/2024;5926;votou
2025-10-21;7016;PL 769/2024;1186;votou
2025-10-21;7016;PL 769/2024;631;LS
2025-10-21;7016;PL 769/2024;5376;votou
2025-10-21;7016;PL 769/2024;742;P-NRV
2025-10-21;7016;PL 769/2024;285;votou
2025-10-21;7016;PL 769/2024;5422;votou
2025-10-21;7016;PL 769/2024;5942;LS
2025-10-21;7016;PL 769/2024;6027;votou
2025-10-21;7016;PL 769/2024;5985;AP
2025-10-21;7016;PL 769/2024;5525;votou
2025-10-21;7016;PL 769/2024;5924;votou
2025-10-21;7016;PL 769/2024;5523;votou
2025-10-21;7016;PL 769/2024;825;votou
2025-10-21;7016;PL 769/2024;453;votou
2025-10-21;7016;PL 769/2024;5502;votou
2025-10-21;7016;PL 769/2024;5386;MIS
2025-10-21;7016;PL 769/2024;5012;votou
2025-10-21;7016;PL 769/2024;70;AP
2025-10-21;7016;PL 769/2024;5732;votou
2025-10-21;7016;PL 769/2024;4694;votou
2025-10-21;7016;PL 769/2024;5352;votou
2025-10-21;7016;PL 769/2024;5322;NCom
2025-10-21;7016;PL 769/2024;6331;AP
2025-10-21;7016;PL 769/2024;5988;AP
2025-10-21;7016;PL 769/2024;5959;votou
2025-10-21;7016;PL 769/2024;4560;P-NRV
2025-10-21;7016;PL 769/2024;6338;votou
2025-10-21;7016;PL 769/2024;5736;votou
2025-10-21;7016;PL 769/2024;5748;votou
2025-10-21;7016;PL 769/2024;1173;P-NRV
2025-10-21;7016;PL 769/2024;5411;votou
2025-10-21;7016;PL 769/2024;5070;votou
2025-10-21;7016;PL 769/2024;5783;votou
2025-10-21;7016;PL 769/2024;3806;votou
2025-10-22;7017;PLP 204/2025;5672;votou
2025-10-22;7017;PLP 204/2025;5982;votou
2025-10-22;7017;PLP 204/2025;6358;votou
2025-10-22;7017;PLP 204/2025;5967;votou
2025-10-22;7017;PLP 204/2025;6009;votou
2025-10-22;7017;PLP 204/2025;6350;votou
2025-10-22;7017;PLP 204/2025;4639;votou
2025-10-22;7017;PLP 204/2025;5936;votou
2025-10-22;7017;PLP 204/2025;5990;votou
2025-10-22;7017;PLP 204/2025;470;votou
2025-10-22;7017;PLP 204/2025;5973;AP
2025-10-22;7017;PLP 204/2025;739;MIS
2025-10-22;7017;PLP 204/2025;6337;votou
2025-10-22;7017;PLP 204/2025;475;votou
2025-10-22;7017;PLP 204/2025;6335;votou
2025-10-22;7017;PLP 204/2025;5998;AP
2025-10-22;7017;PLP 204/2025;3830;Presidente (art. 51 RISF)
2025-10-22;7017;PLP 204/2025;5793;votou
2025-10-22;7017;PLP 204/2025;5906;MIS
2025-10-22;7017;PLP 204/2025;4994;AP
2025-10-22;7017;PLP 204/2025;5976;votou
2025-10-22;7017;PLP 204/2025;3777;votou
2025-10-22;7017;PLP 204/2025;4642;MIS
2025-10-22;7017;PLP 204/2025;5718;AP
2025-10-22;7017;PLP 204/2025;22;votou
2025-10-22;7017;PLP 204/2025;5953;votou
2025-10-22;7017;PLP 204/2025;5917;votou
2025-10-22;7017;PLP 204/2025;6345;votou
2025-10-22;7017;PLP 204/2025;345;votou
2025-10-22;7017;PLP 204/2025;5894;votou
2025-10-22;7017;PLP 204/2025;6008;votou
2025-10-22;7017;PLP 204/2025;6341;votou
2025-10-22;7017;PLP 204/2025;5008;MIS
2025-10-22;7017;PLP 204/2025;5385;votou
2025-10-22;7017;PLP 204/2025;6010;votou
2025-10-22;7017;PLP 204/2025;4770;votou
2025-10-22;7017;PLP 204/2025;35;AP
2025-10-22;7017;PLP 204/2025;6340;P-NRV
2025-10-22;7017;PLP 204/2025;581;votou
2025-10-22;7017;PLP 204/2025;4531;votou
2025-10-22;7017;PLP 204/2025;5895;votou
2025-10-22;7017;PLP 204/2025;6342;votou
2025-10-22;7017;PLP 204/2025;6305;votou
2025-10-22;7017;PLP 204/2025;6369;votou
2025-10-22;7017;PLP 204/2025;4811;votou
2025-10-22;7017;PLP 204/2025;5979;votou
2025-10-22;7017;PLP 204/2025;5926;votou
2025-10-22;7017;PLP 204/2025;1186;votou
2025-10-22;7017;PLP 204/2025;631;LS
2025-10-22;7017;PLP 204/2025;5376;votou
2025-10-22;7017;PLP 204/2025;742;votou
2025-10-22;7017;PLP 204/2025;285;P-NRV
2025-10-22;7017;PLP 204/2025;5422;votou
2025-10-22;7017;PLP 204/2025;5942;LS
2025-10-22;7017;PLP 204/2025;6027;votou
2025-10-22;7017;PLP 204/2025;5985;AP
2025-10-22;7017;PLP 204/2025;5525;P-NRV
2025-10-22;7017;PLP 204/2025;5924;votou
2025-10-22;7017;PLP 204/2025;5523;votou
2025-10-22;7017;PLP 204/2025;825;votou
2025-10-22;7017;PLP 204/2025;453;votou
2025-10-22;7017;PLP 204/2025;5502;votou
2025-10-22;7017;PLP 204/2025;5386;MIS
2025-10-22;7017;PLP 204/2025;5012;votou
2025-10-22;7017;PLP 204/2025;70;votou
2025-10-22;7017;PLP 204/2025;5732;votou
2025-10-22;7017;PLP 204/2025;4694;votou
2025-10-22;7017;PLP 204/2025;5352;votou
2025-10-22;7017;PLP 204/2025;5322;NCom
2025-10-22;7017;PLP 204/2025;6331;AP
2025-10-22;7017;PLP 204/2025;5988;votou
2025-10-22;7017;PLP 204/2025;5959;votou
2025-10-22;7017;PLP 204/2025;4560;votou
2025-10-22;7017;PLP 204/2025;6338;votou
2025-10-22;7017;PLP 204/2025;5736;AP
2025-10-22;7017;PLP 204/2025;5748;votou
2025-10-22;7017;PLP 204/2025;1173;votou
2025-10-22;7017;PLP 204/2025;5411;votou
2025-10-22;7017;PLP 204/2025;5070;votou
2025-10-22;7017;PLP 204/2025;5783;votou
2025-10-22;7017;PLP 204/2025;3806;votou
2025-11-12;7018;MSF 78/2025;5672;P-NRV
2025-11-12;7018;MSF 78/2025;5982;votou
2025-11-12;7018;MSF 78/2025;6358;votou
2025-11-12;7018;MSF 78/2025;5967;votou
2025-11-12;7018;MSF 78/2025;6009;P-NRV
2025-11-12;7018;MSF 78/2025;6350;votou
2025-11-12;7018;MSF 78/2025;4639;votou
2025-11-12;7018;MSF 78/2025;5936;P-NRV
2025-11-12;7018;MSF 78/2025;5990;votou
2025-11-12;7018;MSF 78/2025;470;votou
2025-11-12;7018;MSF 78/2025;5973;AP
2025-11-12;7018;MSF 78/2025;739;votou
2025-11-12;7018;MSF 78/2025;6337;P-NRV
2025-11-12;7018;MSF 78/2025;475;votou
2025-11-12;7018;MSF 78/2025;6335;P-NRV
2025-11-12;7018;MSF 78/2025;5998;votou
2025-11-12;7018;MSF 78/2025;3830;votou
2025-11-12;7018;MSF 78/2025;5793;votou
2025-11-12;7018;MSF 78/2025;5906;votou
2025-11-12;7018;MSF 78/2025;4994;votou
2025-11-12;7018;MSF 78/2025;5976;votou
2025-11-12;7018;MSF 78/2025;3777;votou
2025-11-12;7018;MSF 78/2025;4642;votou
2025-11-12;7018;MSF 78/2025;5718;votou
2025-11-12;7018;MSF 78/2025;22;votou
2025-11-12;7018;MSF 78/2025;5953;votou
2025-11-12;7018;MSF 78/2025;5917;votou
2025-11-12;7018;MSF 78/2025;6345;votou
2025-11-12;7018;MSF 78/2025;345;votou
2025-11-12;7018;MSF 78/2025;5894;P-NRV
2025-11-12;7018;MSF 78/2025;6008;AP
2025-11-12;7018;MSF 78/2025;6341;votou
2025-11-12;7018;MSF 78/2025;5008;votou
2025-11-12;7018;MSF 78/2025;5385;AP
2025-11-12;7018;MSF 78/2025;6010;votou
2025-11-12;7018;MSF 78/2025;4770;votou
2025-11-12;7018;MSF 78/2025;35;votou
2025-11-12;7018;MSF 78/2025;6340;votou
2025-11-12;7018;MSF 78/2025;581;votou
2025-11-12;7018;MSF 78/2025;4531;votou
2025-11-12;7018;MSF 78/2025;5895;votou
2025-11-12;7018;MSF 78/2025;6342;votou
2025-11-12;7018;MSF 78/2025;6305;votou
2025-11-12;7018;MSF 78/2025;6369;votou
2025-11-12;7018;MSF 78/2025;4811;P-NRV
2025-11-12;7018;MSF 78/2025;5979;MIS
2025-11-12;7018;MSF 78/2025;5926;votou
2025-11-12;7018;MSF 78/2025;1186;votou
2025-11-12;7018;MSF 78/2025;631;LS
2025-11-12;7018;MSF 78/2025;5376;AP
2025-11-12;7018;MSF 78/2025;742;votou
2025-11-12;7018;MSF 78/2025;285;P-NRV
2025-11-12;7018;MSF 78/2025;5422;votou
2025-11-12;7018;MSF 78/2025;5942;votou
2025-11-12;7018;MSF 78/2025;6027;votou
2025-11-12;7018;MSF 78/2025;5985;P-NRV
2025-11-12;7018;MSF 78/2025;5525;votou
2025-11-12;7018;MSF 78/2025;5924;NCom
2025-11-12;7018;MSF 78/2025;5523;votou
2025-11-12;7018;MSF 78/2025;825;LS
2025-11-12;7018;MSF 78/2025;5502;P-NRV
2025-11-12;7018;MSF 78/2025;5386;votou
2025-11-12;7018;MSF 78/2025;5012;votou
2025-11-12;7018;MSF 78/2025;70;P-NRV
2025-11-12;7018;MSF 78/2025;5732;votou
2025-11-12;7018;MSF 78/2025;4694;votou
2025-11-12;7018;MSF 78/2025;5352;votou
2025-11-12;7018;MSF 78/2025;5322;votou
2025-11-12;7018;MSF 78/2025;6331;P-NRV
2025-11-12;7018;MSF 78/2025;5988;P-NRV
2025-11-12;7018;MSF 78/2025;5959;votou
2025-11-12;7018;MSF 78/2025;4560;votou
2025-11-12;7018;MSF 78/2025;6338;votou
2025-11-12;7018;MSF 78/2025;5736;votou
2025-11-12;7018;MSF 78/2025;5899;LS
2025-11-12;7018;MSF 78/2025;5748;votou
2025-11-12;7018;MSF 78/2025;1173;MIS
2025-11-12;7018;MSF 78/2025;5411;P-NRV
2025-11-12;7018;MSF 78/2025;5070;P-NRV
2025-11-12;7018;MSF 78/2025;5783;votou
2025-11-12;7018;MSF 78/2025;3806;votou
2025-11-12;7019;MSF 67/2025;5672;votou
2025-11-12;7019;MSF 67/2025;5982;votou
2025-11-12;7019;MSF 67/2025;6358;votou
2025-11-12;7019;MSF 67/2025;5967;votou
2025-11-12;7019;MSF 67/2025;6009;P-NRV
2025-11-12;7019;MSF 67/2025;6350;votou
2025-11-12;7019;MSF 67/2025;4639;votou
2025-11-12;7019;MSF 67/2025;5936;P-NRV
2025-11-12;7019;MSF 67/2025;5990;votou
2025-11-12;7019;MSF 67/2025;470;votou
2025-11-12;7019;MSF 67/2025;5973;AP
2025-11-12;7019;MSF 67/2025;739;P-NRV
2025-11-12;7019;MSF 67/2025;6337;votou
2025-11-12;7019;MSF 67/2025;475;votou
2025-11-12;7019;MSF 67/2025;6335;votou
2025-11-12;7019;MSF 67/2025;5998;votou
2025-11-12;7019;MSF 67/2025;3830;votou
2025-11-12;7019;MSF 67/2025;5793;P-NRV
2025-11-12;7019;MSF 67/2025;5906;votou
2025-11-12;7019;MSF 67/2025;4994;votou
2025-11-12;7019;MSF 67/2025;5976;votou
2025-11-12;7019;MSF 67/2025;3777;votou
2025-11-12;7019;MSF 67/2025;4642;votou
2025-11-12;7019;MSF 67/2025;5718;votou
2025-11-12;7019;MSF 67/2025;22;votou
2025-11-12;7019;MSF 67/2025;5953;votou
2025-11-12;7019;MSF 67/2025;5917;votou
2025-11-12;7019;MSF 67/2025;6345;votou
2025-11-12;7019;MSF 67/2025;345;votou
2025-11-12;7019;MSF 67/2025;5894;P-NRV
2025-11-12;7019;MSF 67/2025;6008;AP
2025-11-12;7019;MSF 67/2025;6341;votou
2025-11-12;7019;MSF 67/2025;5008;P-NRV
2025-11-12;7019;MSF 67/2025;5385;AP
2025-11-12;7019;MSF 67/2025;6010;votou
2025-11-12;7019;MSF 67/2025;4770;votou
2025-11-12;7019;MSF 67/2025;35;votou
2025-11-12;7019;MSF 67/2025;6340;votou
2025-11-12;7019;MSF 67/2025;581;votou
2025-11-12;7019;MSF 67/2025;4531;votou
2025-11-12;7019;MSF 67/2025;5895;votou
2025-11-12;7019;MSF 67/2025;6342;votou
2025-11-12;7019;MSF 67/2025;6305;votou
2025-11-12;7019;MSF 67/2025;6369;votou
2025-11-12;7019;MSF 67/2025;4811;P-NRV
2025-11-12;7019;MSF 67/2025;5979;votou
2025-11-12;7019;MSF 67/2025;5926;votou
2025-11-12;7019;MSF 67/2025;1186;votou
2025-11-12;7019;MSF 67/2025;631;LS
2025-11-12;7019;MSF 67/2025;5376;AP
2025-11-12;7019;MSF 67/2025;742;votou
2025-11-12;7019;MSF 67/2025;285;votou
2025-11-12;7019;MSF 67/2025;5422;votou
2025-11-12;7019;MSF 67/2025;5942;votou
2025-11-12;7019;MSF 67/2025;6027;P-NRV
2025-11-12;7019;MSF 67/2025;5985;P-NRV
2025-11-12;7019;MSF 67/2025;5525;votou
2025-11-12;7019;MSF 67/2025;5924;NCom
2025-11-12;7019;MSF 67/2025;5523;votou
2025-11-12;7019;MSF 67/2025;825;LS
2025-11-12;7019;MSF 67/2025;5502;votou
2025-11-12;7019;MSF 67/2025;5386;votou
2025-11-12;7019;MSF 67/2025;5012;votou
2025-11-12;7019;MSF 67/2025;70;votou
2025-11-12;7019;MSF 67/2025;5732;votou
2025-11-12;7019;MSF 67/2025;4694;votou
2025-11-12;7019;MSF 67/2025;5352;votou
2025-11-12;7019;MSF 67/2025;5322;votou
2025-11-12;7019;MSF 67/2025;6331;P-NRV
2025-11-12;7019;MSF 67/2025;5988;P-NRV
2025-11-12;7019;MSF 67/2025;5959;votou
2025-11-12;7019;MSF 67/2025;4560;votou
2025-11-12;7019;MSF 67/2025;6338;votou
2025-11-12;7019;MSF 67/2025;5736;votou
2025-11-12;7019;MSF 67/2025;5899;LS
2025-11-12;7019;MSF 67/2025;5748;votou
2025-11-12;7019;MSF 67/2025;1173;MIS
2025-11-12;7019;MSF 67/2025;5411;votou
2025-11-12;7019;MSF 67/2025;5070;P-NRV
2025-11-12;7019;MSF 67/2025;5783;votou
2025-11-12;7019;MSF 67/2025;3806;votou
2025-11-12;7020;MSF 60/2025;5672;votou
2025-11-12;7020;MSF 60/2025;5982;votou
2025-11-12;7020;MSF 60/2025;6358;votou
2025-11-12;7020;MSF 60/2025;5967;votou
2025-11-12;7020;MSF 60/2025;6009;P-NRV
2025-11-12;7020;MSF 60/2025;6350;votou
2025-11-12;7020;MSF 60/2025;4639;votou
2025-11-12;7020;MSF 60/2025;5936;votou
2025-11-12;7020;MSF 60/2025;5990;votou
2025-11-12;7020;MSF 60/2025;470;votou
2025-11-12;7020;MSF 60/2025;5973;AP
2025-11-12;7020;MSF 60/2025;739;votou
2025-11-12;7020;MSF 60/2025;6337;votou
2025-11-12;7020;MSF 60/2025;475;votou
2025-11-12;7020;MSF 60/2025;6335;votou
2025-11-12;7020;MSF 60/2025;5998;votou
2025-11-12;7020;MSF 60/2025;3830;votou
2025-11-12;7020;MSF 60/2025;5793;votou
2025-11-12;7020;MSF 60/2025;5906;votou
2025-11-12;7020;MSF 60/2025;4994;votou
2025-11-12;7020;MSF 60/2025;5976;votou
2025-11-12;7020;MSF 60/2025;3777;votou
2025-11-12;7020;MSF 60/2025;4642;votou
2025-11-12;7020;MSF 60/2025;5718;votou
2025-11-12;7020;MSF 60/2025;22;votou
2025-11-12;7020;MSF 60/2025;5953;votou
2025-11-12;7020;MSF 60/2025;5917;votou
2025-11-12;7020;MSF 60/2025;6345;votou
2025-11-12;7020;MSF 60/2025;345;votou
2025-11-12;7020;MSF 60/2025;5894;votou
2025-11-12;7020;MSF 60/2025;6008;AP
2025-11-12;7020;MSF 60/2025;6341;votou
2025-11-12;7020;MSF 60/2025;5008;votou
2025-11-12;7020;MSF 60/2025;5385;AP
2025-11-12;7020;MSF 60/2025;6010;votou
2025-11-12;7020;MSF 60/2025;4770;votou
2025-11-12;7020;MSF 60/2025;35;votou
2025-11-12;7020;MSF 60/2025;6340;votou
2025-11-12;7020;MSF 60/2025;581;votou
2025-11-12;7020;MSF 60/2025;4531;votou
2025-11-12;7020;MSF 60/2025;5895;votou
2025-11-12;7020;MSF 60/2025;6342;votou
2025-11-12;7020;MSF 60/2025;6305;votou
2025-11-12;7020;MSF 60/2025;6369;votou
2025-11-12;7020;MSF 60/2025;4811;votou
2025-11-12;7020;MSF 60/2025;5979;votou
2025-11-12;7020;MSF 60/2025;5926;votou
2025-11-12;7020;MSF 60/2025;1186;votou
2025-11-12;7020;MSF 60/2025;631;LS
2025-11-12;7020;MSF 60/2025;5376;AP
2025-11-12;7020;MSF 60/2025;742;votou
2025-11-12;7020;MSF 60/2025;285;votou
2025-11-12;7020;MSF 60/2025;5422;votou
2025-11-12;7020;MSF 60/2025;5942;votou
2025-11-12;7020;MSF 60/2025;6027;votou
2025-11-12;7020;MSF 60/2025;5985;votou
2025-11-12;7020;MSF 60/2025;5525;votou
2025-11-12;7020;MSF 60/2025;5924;NCom
2025-11-12;7020;MSF 60/2025;5523;votou
2025-11-12;7020;MSF 60/2025;825;LS
2025-11-12;7020;MSF 60/2025;5502;votou
2025-11-12;7020;MSF 60/2025;5386;votou
2025-11-12;7020;MSF 60/2025;5012;votou
2025-11-12;7020;MSF 60/2025;70;votou
2025-11-12;7020;MSF 60/2025;5732;votou
2025-11-12;7020;MSF 60/2025;4694;votou
2025-11-12;7020;MSF 60/2025;5352;votou
2025-11-12;7020;MSF 60/2025;5322;votou
2025-11-12;7020;MSF 60/2025;6331;votou
2025-11-12;7020;MSF 60/2025;5988;votou
2025-11-12;7020;MSF 60/2025;5959;votou
2025-11-12;7020;MSF 60/2025;4560;votou
2025-11-12;7020;MSF 60/2025;6338;votou
2025-11-12;7020;MSF 60/2025;5736;votou
2025-11-12;7020;MSF 60/2025;5899;LS
2025-11-12;7020;MSF 60/2025;5748;votou
2025-11-12;7020;MSF 60/2025;1173;MIS
2025-11-12;7020;MSF 60/2025;5411;votou
2025-11-12;7020;MSF 60/2025;5070;votou
2025-11-12;7020;MSF 60/2025;5783;votou
2025-11-12;7020;MSF 60/2025;3806;votou
2025-11-12;7021;OFS 11/2025;5672;votou
2025-11-12;7021;OFS 11/2025;5982;AP
2025-11-12;7021;OFS 11/2025;6358;votou
2025-11-12;7021;OFS 11/2025;5967;votou
2025-11-12;7021;OFS 11/2025;6009;P-NRV
2025-11-12;7021;OFS 11/2025;6350;votou
2025-11-12;7021;OFS 11/2025;4639;votou
2025-11-12;7021;OFS 11/2025;5936;votou
2025-11-12;7021;OFS 11/2025;5990;votou
2025-11-12;7021;OFS 11/2025;470;MIS
2025-11-12;7021;OFS 11/2025;5973;AP
2025-11-12;7021;OFS 11/2025;739;P-NRV
2025-11-12;7021;OFS 11/2025;6337;votou
2025-11-12;7021;OFS 11/2025;475;votou
2025-11-12;7021;OFS 11/2025;6335;votou
2025-11-12;7021;OFS 11/2025;5998;votou
2025-11-12;7021;OFS 11/2025;3830;votou
2025-11-12;7021;OFS 11/2025;5793;votou
2025-11-12;7021;OFS 11/2025;5906;MIS
2025-11-12;7021;OFS 11/2025;4994;votou
2025-11-12;7021;OFS 11/2025;5976;votou
2025-11-12;7021;OFS 11/2025;3777;P-NRV
2025-11-12;7021;OFS 11/2025;4642;votou
2025-11-12;7021;OFS 11/2025;5718;votou
2025-11-12;7021;OFS 11/2025;22;votou
2025-11-12;7021;OFS 11/2025;5953;votou
2025-11-12;7021;OFS 11/2025;5917;P-NRV
2025-11-12;7021;OFS 11/2025;6345;votou
2025-11-12;7021;OFS 11/2025;345;votou
2025-11-12;7021;OFS 11/2025;5894;votou
2025-11-12;7021;OFS 11/2025;6008;AP
2025-11-12;7021;OFS 11/2025;6341;votou
2025-11-12;7021;OFS 11/2025;5008;P-NRV
2025-11-12;7021;OFS 11/2025;5385;AP
2025-11-12;7021;OFS 11/2025;6010;votou
2025-11-12;7021;OFS 11/2025;4770;P-NRV
2025-11-12;7021;OFS 11/2025;35;votou
2025-11-12;7021;OFS 11/2025;6340;votou
2025-11-12;7021;OFS 11/2025;581;P-NRV
2025-11-12;7021;OFS 11/2025;4531;votou
2025-11-12;7021;OFS 11/2025;5895;votou
2025-11-12;7021;OFS 11/2025;6342;votou
2025-11-12;7021;OFS 11/2025;6305;votou
2025-11-12;7021;OFS 11/2025;6369;votou
2025-11-12;7021;OFS 11/2025;4811;votou
2025-11-12;7021;OFS 11/2025;5979;votou
2025-11-12;7021;OFS 11/2025;5926;votou
2025-11-12;7021;OFS 11/2025;1186;votou
2025-11-12;7021;OFS 11/2025;631;LS
2025-11-12;7021;OFS 11/2025;5376;AP
2025-11-12;7021;OFS 11/2025;742;votou
2025-11-12;7021;OFS 11/2025;285;votou
2025-11-12;7021;OFS 11/2025;5422;votou
2025-11-12;7021;OFS 11/2025;5942;votou
2025-11-12;7021;OFS 11/2025;6027;votou
2025-11-12;7021;OFS 11/2025;5985;votou
2025-11-12;7021;OFS 11/2025;5525;votou
2025-11-12;7021;OFS 11/2025;5924;NCom
2025-11-12;7021;OFS 11/2025;5523;votou
2025-11-12;7021;OFS 11/2025;825;LS
2025-11-12;7021;OFS 11/2025;5502;votou
2025-11-12;7021;OFS 11/2025;5386;votou
2025-11-12;7021;OFS 11/2025;5012;votou
2025-11-12;7021;OFS 11/2025;70;votou
2025-11-12;7021;OFS 11/2025;5732;votou
2025-11-12;7021;OFS 11/2025;4694;P-NRV
2025-11-12;7021;OFS 11/2025;5352;votou
2025-11-12;7021;OFS 11/2025;5322;votou
2025-11-12;7021;OFS 11/2025;6331;P-NRV
2025-11-12;7021;OFS 11/2025;5988;votou
2025-11-12;7021;OFS 11/2025;5959;votou
2025-11-12;7021;OFS 11/2025;4560;votou
2025-11-12;7021;OFS 11/2025;6338;votou
2025-11-12;7021;OFS 11/2025;5736;votou
2025-11-12;7021;OFS 11/2025;5899;LS
2025-11-12;7021;OFS 11/2025;5748;votou
2025-11-12;7021;OFS 11/2025;1173;MIS
2025-11-12;7021;OFS 11/2025;5411;votou
2025-11-12;7021;OFS 11/2025;5070;votou
2025-11-12;7021;OFS 11/2025;5783;votou
2025-11-12;7021;OFS 11/2025;3806;P-NRV
2025-11-12;7022;OFS 14/2025;5672;votou
2025-11-12;7022;OFS 14/2025;5982;AP
2025-11-12;7022;OFS 14/2025;6358;votou
2025-11-12;7022;OFS 14/2025;5967;votou
2025-11-12;7022;OFS 14/2025;6009;P-NRV
2025-11-12;7022;OFS 14/2025;6350;votou
2025-11-12;7022;OFS 14/2025;4639;votou
2025-11-12;7022;OFS 14/2025;5936;votou
2025-11-12;7022;OFS 14/2025;5990;votou
2025-11-12;7022;OFS 14/2025;470;votou
2025-11-12;7022;OFS 14/2025;5973;AP
2025-11-12;7022;OFS 14/2025;739;P-NRV
2025-11-12;7022;OFS 14/2025;6337;votou
2025-11-12;7022;OFS 14/2025;475;votou
2025-11-12;7022;OFS 14/2025;6335;votou
2025-11-12;7022;OFS 14/2025;5998;votou
2025-11-12;7022;OFS 14/2025;3830;votou
2025-11-12;7022;OFS 14/2025;5793;votou
2025-11-12;7022;OFS 14/2025;5906;votou
2025-11-12;7022;OFS 14/2025;4994;votou
2025-11-12;7022;OFS 14/2025;5976;votou
2025-11-12;7022;OFS 14/2025;3777;P-NRV
2025-11-12;7022;OFS 14/2025;4642;votou
2025-11-12;7022;OFS 14/2025;5718;MIS
2025-11-12;7022;OFS 14/2025;22;votou
2025-11-12;7022;OFS 14/2025;5953;MIS
2025-11-12;7022;OFS 14/2025;5917;votou
2025-11-12;7022;OFS 14/2025;6345;votou
2025-11-12;7022;OFS 14/2025;345;votou
2025-11-12;7022;OFS 14/2025;5894;votou
2025-11-12;7022;OFS 14/2025;6008;AP
2025-11-12;7022;OFS 14/2025;6341;votou
2025-11-12;7022;OFS 14/2025;5008;votou
2025-11-12;7022;OFS 14/2025;5385;AP
2025-11-12;7022;OFS 14/2025;6010;votou
2025-11-12;7022;OFS 14/2025;4770;P-NRV
2025-11-12;7022;OFS 14/2025;35;votou
2025-11-12;7022;OFS 14/2025;6340;votou
2025-11-12;7022;OFS 14/2025;581;votou
2025-11-12;7022;OFS 14/2025;4531;votou
2025-11-12;7022;OFS 14/2025;5895;votou
2025-11-12;7022;OFS 14/2025;6342;votou
2025-11-12;7022;OFS 14/2025;6305;votou
2025-11-12;7022;OFS 14/2025;6369;votou
2025-11-12;7022;OFS 14/2025;4811;votou
2025-11-12;7022;OFS 14/2025;5979;votou
2025-11-12;7022;OFS 14/2025;5926;votou
2025-11-12;7022;OFS 14/2025;1186;votou
2025-11-12;7022;OFS 14/2025;631;LS
2025-11-12;7022;OFS 14/2025;5376;AP
2025-11-12;7022;OFS 14/2025;742;votou
2025-11-12;7022;OFS 14/2025;285;votou
2025-11-12;7022;OFS 14/2025;5422;votou
2025-11-12;7022;OFS 14/2025;5942;votou
2025-11-12;7022;OFS 14/2025;6027;votou
2025-11-12;7022;OFS 14/2025;5985;votou
2025-11-12;7022;OFS 14/2025;5525;votou
2025-11-12;7022;OFS 14/2025;5924;NCom
2025-11-12;7022;OFS 14/2025;5523;votou
2025-11-12;7022;OFS 14/2025;825;LS
2025-11-12;7022;OFS 14/2025;5502;votou
2025-11-12;7022;OFS 14/2025;5386;votou
2025-11-12;7022;OFS 14/2025;5012;votou
2025-11-12;7022;OFS 14/2025;70;votou
2025-11-12;7022;OFS 14/2025;5732;votou
2025-11-12;7022;OFS 14/2025;4694;P-NRV
2025-11-12;7022;OFS 14/2025;5352;votou
2025-11-12;7022;OFS 14/2025;5322;votou
2025-11-12;7022;OFS 14/2025;6331;P-NRV
2025-11-12;7022;OFS 14/2025;5988;votou
2025-11-12;7022;OFS 14/2025;5959;votou
2025-11-12;7022;OFS 14/2025;4560;votou
2025-11-12;7022;OFS 14/2025;6338;votou
2025-11-12;7022;OFS 14/2025;5736;votou
2025-11-12;7022;OFS 14/2025;5899;LS
2025-11-12;7022;OFS 14/2025;5748;P-NRV
2025-11-12;7022;OFS 14/2025;1173;MIS
2025-11-12;7022;OFS 14/2025;5411;votou
2025-11-12;7022;OFS 14/2025;5070;P-NRV
2025-11-12;7022;OFS 14/2025;5783;P-NRV
2025-11-12;7022;OFS 14/2025;3806;P-NRV
2025-11-12;7023;OFS 10/2025;5672;votou
2025-11-12;7023;OFS 10/2025;5982;votou
2025-11-12;7023;OFS 10/2025;6358;votou
2025-11-12;7023;OFS 10/2025;5967;votou
2025-11-12;7023;OFS 10/2025;6009;P-NRV
2025-11-12;7023;OFS 10/2025;6350;votou
2025-11-12;7023;OFS 10/2025;4639;votou
2025-11-12;7023;OFS 10/2025;5936;votou
2025-11-12;7023;OFS 10/2025;5990;votou
2025-11-12;7023;OFS 10/2025;470;votou
2025-11-12;7023;OFS 10/2025;5973;AP
2025-11-12;7023;OFS 10/2025;739;P-NRV
2025-11-12;7023;OFS 10/2025;6337;votou
2025-11-12;7023;OFS 10/2025;475;votou
2025-11-12;7023;OFS 10/2025;6335;votou
2025-11-12;7023;OFS 10/2025;5998;votou
2025-11-12;7023;OFS 10/2025;3830;votou
2025-11-12;7023;OFS 10/2025;5793;votou
2025-11-12;7023;OFS 10/2025;5906;votou
2025-11-12;7023;OFS 10/2025;4994;votou
2025-11-12;7023;OFS 10/2025;5976;votou
2025-11-12;7023;OFS 10/2025;3777;P-NRV
2025-11-12;7023;OFS 10/2025;4642;votou
2025-11-12;7023;OFS 10/2025;5718;votou
2025-11-12;7023;OFS 10/2025;22;votou
2025-11-12;7023;OFS 10/2025;5953;MIS
2025-11-12;7023;OFS 10/2025;5917;votou
2025-11-12;7023;OFS 10/2025;6345;votou
2025-11-12;7023;OFS 10/2025;345;votou
2025-11-12;7023;OFS 10/2025;5894;votou
2025-11-12;7023;OFS 10/2025;6008;AP
2025-11-12;7023;OFS 10/2025;6341;votou
2025-11-12;7023;OFS 10/2025;5008;P-NRV
2025-11-12;7023;OFS 10/2025;5385;AP
2025-11-12;7023;OFS 10/2025;6010;votou
2025-11-12;7023;OFS 10/2025;4770;P-NRV
2025-11-12;7023;OFS 10/2025;35;votou
2025-11-12;7023;OFS 10/2025;6340;votou
2025-11-12;7023;OFS 10/2025;581;votou
2025-11-12;7023;OFS 10/2025;4531;votou
2025-11-12;7023;OFS 10/2025;5895;votou
2025-11-12;7023;OFS 10/2025;6342;votou
2025-11-12;7023;OFS 10/2025;6305;votou
2025-11-12;7023;OFS 10/2025;6369;votou
2025-11-12;7023;OFS 10/2025;4811;votou
2025-11-12;7023;OFS 10/2025;5979;votou
2025-11-12;7023;OFS 10/2025;5926;votou
2025-11-12;7023;OFS 10/2025;1186;votou
2025-11-12;7023;OFS 10/2025;631;LS
2025-11-12;7023;OFS 10/2025;5376;AP
2025-11-12;7023;OFS 10/2025;742;votou
2025-11-12;7023;OFS 10/2025;285;votou
2025-11-12;7023;OFS 10/2025;5422;votou
2025-11-12;7023;OFS 10/2025;5942;votou
2025-11-12;7023;OFS 10/2025;6027;votou
2025-11-12;7023;OFS 10/2025;5985;votou
2025-11-12;7023;OFS 10/2025;5525;votou
2025-11-12;7023;OFS 10/2025;5924;NCom
2025-11-12;7023;OFS 10/2025;5523;votou
2025-11-12;7023;OFS 10/2025;825;LS
2025-11-12;7023;OFS 10/2025;5502;votou
2025-11-12;7023;OFS 10/2025;5386;votou
2025-11-12;7023;OFS 10/2025;5012;votou
2025-11-12;7023;OFS 10/2025;70;votou
2025-11-12;7023;OFS 10/2025;5732;votou
2025-11-12;7023;OFS 10/2025;4694;P-NRV
2025-11-12;7023;OFS 10/2025;5352;votou
2025-11-12;7023;OFS 10/2025;5322;votou
2025-11-12;7023;OFS 10/2025;6331;P-NRV
2025-11-12;7023;OFS 10/2025;5988;votou
2025-11-12;7023;OFS 10/2025;5959;votou
2025-11-12;7023;OFS 10/2025;4560;votou
2025-11-12;7023;OFS 10/2025;6338;votou
2025-11-12;7023;OFS 10/2025;5736;votou
2025-11-12;7023;OFS 10/2025;5899;LS
2025-11-12;7023;OFS 10/2025;5748;votou
2025-11-12;7023;OFS 10/2025;1173;MIS
2025-11-12;7023;OFS 10/2025;5411;votou
2025-11-12;7023;OFS 10/2025;5070;P-NRV
2025-11-12;7023;OFS 10/2025;5783;P-NRV
2025-11-12;7023;OFS 10/2025;3806;P-NRV
2025-11-12;7024;OFS 12/2025;5672;votou
2025-11-12;7024;OFS 12/2025;5982;votou
2025-11-12;7024;OFS 12/2025;6358;votou
2025-11-12;7024;OFS 12/2025;5967;votou
2025-11-12;7024;OFS 12/2025;6009;P-NRV
2025-11-12;7024;OFS 12/2025;6350;votou
2025-11-12;7024;OFS 12/2025;4639;votou
2025-11-12;7024;OFS 12/2025;5936;votou
2025-11-12;7024;OFS 12/2025;5990;votou
2025-11-12;7024;OFS 12/2025;470;votou
2025-11-12;7024;OFS 12/2025;5973;AP
2025-11-12;7024;OFS 12/2025;739;P-NRV
2025-11-12;7024;OFS 12/2025;6337;votou
2025-11-12;7024;OFS 12/2025;475;P-NRV
2025-11-12;7024;OFS 12/2025;6335;votou
2025-11-12;7024;OFS 12/2025;5998;votou
2025-11-12;7024;OFS 12/2025;3830;votou
2025-11-12;7024;OFS 12/2025;5793;votou
2025-11-12;7024;OFS 12/2025;5906;votou
2025-11-12;7024;OFS 12/2025;4994;votou
2025-11-12;7024;OFS 12/2025;5976;votou
2025-11-12;7024;OFS 12/2025;3777;P-NRV
2025-11-12;7024;OFS 12/2025;4642;votou
2025-11-12;7024;OFS 12/2025;5718;votou
2025-11-12;7024;OFS 12/2025;22;votou
2025-11-12;7024;OFS 12/2025;5953;MIS
2025-11-12;7024;OFS 12/2025;5917;P-NRV
2025-11-12;7024;OFS 12/2025;6345;votou
2025-11-12;7024;OFS 12/2025;345;votou
2025-11-12;7024;OFS 12/2025;5894;votou
2025-11-12;7024;OFS 12/2025;6008;AP
2025-11-12;7024;OFS 12/2025;6341;votou
2025-11-12;7024;OFS 12/2025;5008;P-NRV
2025-11-12;7024;OFS 12/2025;5385;AP
2025-11-12;7024;OFS 12/2025;6010;votou
2025-11-12;7024;OFS 12/2025;4770;P-NRV
2025-11-12;7024;OFS 12/2025;35;votou
2025-11-12;7024;OFS 12/2025;6340;votou
2025-11-12;7024;OFS 12/2025;581;votou
2025-11-12;7024;OFS 12/2025;4531;votou
2025-11-12;7024;OFS 12/2025;5895;P-NRV
2025-11-12;7024;OFS 12/2025;6342;votou
2025-11-12;7024;OFS 12/2025;6305;votou
2025-11-12;7024;OFS 12/2025;6369;votou
2025-11-12;7024;OFS 12/2025;4811;votou
2025-11-12;7024;OFS 12/2025;5979;votou
2025-11-12;7024;OFS 12/2025;5926;votou
2025-11-12;7024;OFS 12/2025;1186;votou
2025-11-12;7024;OFS 12/2025;631;LS
2025-11-12;7024;OFS 12/2025;5376;AP
2025-11-12;7024;OFS 12/2025;742;votou
2025-11-12;7024;OFS 12/2025;285;votou
2025-11-12;7024;OFS 12/2025;5422;votou
2025-11-12;7024;OFS 12/2025;5942;votou
2025-11-12;7024;OFS 12/2025;6027;votou
2025-11-12;7024;OFS 12/2025;5985;votou
2025-11-12;7024;OFS 12/2025;5525;votou
2025-11-12;7024;OFS 12/2025;5924;NCom
2025-11-12;7024;OFS 12/2025;5523;votou
2025-11-12;7024;OFS 12/2025;825;LS
2025-11-12;7024;OFS 12/2025;5502;votou
2025-11-12;7024;OFS 12/2025;5386;votou
2025-11-12;7024;OFS 12/2025;5012;votou
2025-11-12;7024;OFS 12/2025;70;votou
2025-11-12;7024;OFS 12/2025;5732;votou
2025-11-12;7024;OFS 12/2025;4694;votou
2025-11-12;7024;OFS 12/2025;5352;votou
2025-11-12;7024;OFS 12/2025;5322;votou
2025-11-12;7024;OFS 12/2025;6331;P-NRV
2025-11-12;7024;OFS 12/2025;5988;votou
2025-11-12;7024;OFS 12/2025;5959;votou
2025-11-12;7024;OFS 12/2025;4560;votou
2025-11-12;7024;OFS 12/2025;6338;votou
2025-11-12;7024;OFS 12/2025;5736;votou
2025-11-12;7024;OFS 12/2025;5899;LS
2025-11-12;7024;OFS 12/2025;5748;votou
2025-11-12;7024;OFS 12/2025;1173;MIS
2025-11-12;7024;OFS 12/2025;5411;votou
2025-11-12;7024;OFS 12/2025;5070;P-NRV
2025-11-12;7024;OFS 12/2025;5783;P-NRV
2025-11-12;7024;OFS 12/2025;3806;P-NRV
2025-11-12;7025;OFS 15/2025;5672;votou
2025-11-12;7025;OFS 15/2025;5982;votou
2025-11-12;7025;OFS 15/2025;6358;votou
2025-11-12;7025;OFS 15/2025;5967;votou
2025-11-12;7025;OFS 15/2025;6009;P-NRV
2025-11-12;7025;OFS 15/2025;6350;votou
2025-11-12;7025;OFS 15/2025;4639;votou
2025-11-12;7025;OFS 15/2025;5936;P-NRV
2025-11-12;7025;OFS 15/2025;5990;votou
2025-11-12;7025;OFS 15/2025;470;votou
2025-11-12;7025;OFS 15/2025;5973;AP
2025-11-12;7025;OFS 15/2025;739;P-NRV
2025-11-12;7025;OFS 15/2025;6337;votou
2025-11-12;7025;OFS 15/2025;475;P-NRV
2025-11-12;7025;OFS 15/2025;6335;votou
2025-11-12;7025;OFS 15/2025;5998;votou
2025-11-12;7025;OFS 15/2025;3830;votou
2025-11-12;7025;OFS 15/2025;5793;votou
2025-11-12;7025;OFS 15/2025;5906;votou
2025-11-12;7025;OFS 15/2025;4994;votou
2025-11-12;7025;OFS 15/2025;5976;votou
2025-11-12;7025;OFS 15/2025;3777;P-NRV
2025-11-12;7025;OFS 15/2025;4642;votou
2025-11-12;7025;OFS 15/2025;5718;votou
2025-11-12;7025;OFS 15/2025;22;votou
2025-11-12;7025;OFS 15/2025;5953;MIS
2025-11-12;7025;OFS 15/2025;5917;P-NRV
2025-11-12;7025;OFS 15/2025;6345;votou
2025-11-12;7025;OFS 15/2025;345;votou
2025-11-12;7025;OFS 15/2025;5894;votou
2025-11-12;7025;OFS 15/2025;6008;AP
2025-11-12;7025;OFS 15/2025;6341;votou
2025-11-12;7025;OFS 15/2025;5008;P-NRV
2025-11-12;7025;OFS 15/2025;5385;AP
2025-11-12;7025;OFS 15/2025;6010;votou
2025-11-12;7025;OFS 15/2025;4770;P-NRV
2025-11-12;7025;OFS 15/2025;35;votou
2025-11-12;7025;OFS 15/2025;6340;votou
2025-11-12;7025;OFS 15/2025;581;votou
2025-11-12;7025;OFS 15/2025;4531;votou
2025-11-12;7025;OFS 15/2025;5895;P-NRV
2025-11-12;7025;OFS 15/2025;6342;votou
2025-11-12;7025;OFS 15/2025;6305;votou
2025-11-12;7025;OFS 15/2025;6369;votou
2025-11-12;7025;OFS 15/2025;4811;votou
2025-11-12;7025;OFS 15/2025;5979;votou
2025-11-12;7025;OFS 15/2025;5926;votou
2025-11-12;7025;OFS 15/2025;1186;votou
2025-11-12;7025;OFS 15/2025;631;LS
2025-11-12;7025;OFS 15/2025;5376;AP
2025-11-12;7025;OFS 15/2025;742;votou
2025-11-12;7025;OFS 15/2025;285;votou
2025-11-12;7025;OFS 15/2025;5422;votou
2025-11-12;7025;OFS 15/2025;5942;votou
2025-11-12;7025;OFS 15/2025;6027;votou
2025-11-12;7025;OFS 15/2025;5985;votou
2025-11-12;7025;OFS 15/2025;5525;votou
2025-11-12;7025;OFS 15/2025;5924;NCom
2025-11-12;7025;OFS 15/2025;5523;votou
2025-11-12;7025;OFS 15/2025;825;LS
2025-11-12;7025;OFS 15/2025;5502;votou
2025-11-12;7025;OFS 15/2025;5386;votou
2025-11-12;7025;OFS 15/2025;5012;votou
2025-11-12;7025;OFS 15/2025;70;votou
2025-11-12;7025;OFS 15/2025;5732;votou
2025-11-12;7025;OFS 15/2025;4694;votou
2025-11-12;7025;OFS 15/2025;5352;votou
2025-11-12;7025;OFS 15/2025;5322;P-NRV
2025-11-12;7025;OFS 15/2025;6331;P-NRV
2025-11-12;7025;OFS 15/2025;5988;votou
2025-11-12;7025;OFS 15/2025;5959;votou
2025-11-12;7025;OFS 15/2025;4560;votou
2025-11-12;7025;OFS 15/2025;6338;votou
2025-11-12;7025;OFS 15/2025;5736;votou
2025-11-12;7025;OFS 15/2025;5899;LS
2025-11-12;7025;OFS 15/2025;5748;votou
2025-11-12;7025;OFS 15/2025;1173;MIS
2025-11-12;7025;OFS 15/2025;5411;votou
2025-11-12;7025;OFS 15/2025;5070;P-NRV
2025-11-12;7025;OFS 15/2025;5783;P-NRV
2025-11-12;7025;OFS 15/2025;3806;votou
2025-11-12;7026;OFS 13/2025;5672;votou
2025-11-12;7026;OFS 13/2025;5982;votou
2025-11-12;7026;OFS 13/2025;6358;votou
2025-11-12;7026;OFS 13/2025;5967;votou
2025-11-12;7026;OFS 13/2025;6009;P-NRV
2025-11-12;7026;OFS 13/2025;6350;votou
2025-11-12;7026;OFS 13/2025;4639;votou
2025-11-12;7026;OFS 13/2025;5936;P-NRV
2025-11-12;7026;OFS 13/2025;5990;votou
2025-11-12;7026;OFS 13/2025;470;votou
2025-11-12;7026;OFS 13/2025;5973;AP
2025-11-12;7026;OFS 13/2025;739;P-NRV
2025-11-12;7026;OFS 13/2025;6337;votou
2025-11-12;7026;OFS 13/2025;475;P-NRV
2025-11-12;7026;OFS 13/2025;6335;votou
2025-11-12;7026;OFS 13/2025;5998;P-NRV
2025-11-12;7026;OFS 13/2025;3830;votou
2025-11-12;7026;OFS 13/2025;5793;votou
2025-11-12;7026;OFS 13/2025;5906;votou
2025-11-12;7026;OFS 13/2025;4994;votou
2025-11-12;7026;OFS 13/2025;5976;votou
2025-11-12;7026;OFS 13/2025;3777;P-NRV
2025-11-12;7026;OFS 13/2025;4642;votou
2025-11-12;7026;OFS 13/2025;5718;votou
2025-11-12;7026;OFS 13/2025;22;votou
2025-11-12;7026;OFS 13/2025;5953;MIS
2025-11-12;7026;OFS 13/2025;5917;P-NRV
2025-11-12;7026;OFS 13/2025;6345;votou
2025-11-12;7026;OFS 13/2025;345;votou
2025-11-12;7026;OFS 13/2025;5894;votou
2025-11-12;7026;OFS 13/2025;6008;AP
2025-11-12;7026;OFS 13/2025;6341;votou
2025-11-12;7026;OFS 13/2025;5008;P-NRV
2025-11-12;7026;OFS 13/2025;5385;AP
2025-11-12;7026;OFS 13/2025;6010;votou
2025-11-12;7026;OFS 13/2025;4770;P-NRV
2025-11-12;7026;OFS 13/2025;35;votou
2025-11-12;7026;OFS 13/2025;6340;votou
2025-11-12;7026;OFS 13/2025;581;votou
2025-11-12;7026;OFS 13/2025;4531;votou
2025-11-12;7026;OFS 13/2025;5895;P-NRV
2025-11-12;7026;OFS 13/2025;6342;votou
2025-11-12;7026;OFS 13/2025;6305;votou
2025-11-12;7026;OFS 13/2025;6369;votou
2025-11-12;7026;OFS 13/2025;4811;votou
2025-11-12;7026;OFS 13/2025;5979;votou
2025-11-12;7026;OFS 13/2025;5926;votou
2025-11-12;7026;OFS 13/2025;1186;votou
2025-11-12;7026;OFS 13/2025;631;LS
2025-11-12;7026;OFS 13/2025;5376;AP
2025-11-12;7026;OFS 13/2025;742;votou
2025-11-12;7026;OFS 13/2025;285;votou
2025-11-12;7026;OFS 13/2025;5422;votou
2025-11-12;7026;OFS 13/2025;5942;votou
2025-11-12;7026;OFS 13/2025;6027;votou
2025-11-12;7026;OFS 13/2025;5985;P-NRV
2025-11-12;7026;OFS 13/2025;5525;votou
2025-11-12;7026;OFS 13/2025;5924;NCom
2025-11-12;7026;OFS 13/2025;5523;votou
2025-11-12;7026;OFS 13/2025;825;LS
2025-11-12;7026;OFS 13/2025;5502;votou
2025-11-12;7026;OFS 13/2025;5386;votou
2025-11-12;7026;OFS 13/2025;5012;votou
2025-11-12;7026;OFS 13/2025;70;votou
2025-11-12;7026;OFS 13/2025;5732;votou
2025-11-12;7026;OFS 13/2025;4694;P-NRV
2025-11-12;7026;OFS 13/2025;5352;votou
2025-11-12;7026;OFS 13/2025;5322;P-NRV
2025-11-12;7026;OFS 13/2025;6331;P-NRV
2025-11-12;7026;OFS 13/2025;5988;votou
2025-11-12;7026;OFS 13/2025;5959;votou
2025-11-12;7026;OFS 13/2025;4560;votou
2025-11-12;7026;OFS 13/2025;6338;votou
2025-11-12;7026;OFS 13/2025;5736;votou
2025-11-12;7026;OFS 13/2025;5899;LS
2025-11-12;7026;OFS 13/2025;5748;votou
2025-11-12;7026;OFS 13/2025;1173;MIS
2025-11-12;7026;OFS 13/2025;5411;votou
2025-11-12;7026;OFS 13/2025;5070;P-NRV
2025-11-12;7026;OFS 13/2025;5783;P-NRV
2025-11-12;7026;OFS 13/2025;3806;votou
2025-11-12;7027;MSF 76/2025;5672;votou
2025-11-12;7027;MSF 76/2025;5982;votou
2025-11-12;7027;MSF 76/2025;6358;votou
2025-11-12;7027;MSF 76/2025;5967;votou
2025-11-12;7027;MSF 76/2025;6009;P-NRV
2025-11-12;7027;MSF 76/2025;6350;votou
2025-11-12;7027;MSF 76/2025;4639;votou
2025-11-12;7027;MSF 76/2025;5936;P-NRV
2025-11-12;7027;MSF 76/2025;5990;votou
2025-11-12;7027;MSF 76/2025;470;votou
2025-11-12;7027;MSF 76/2025;5973;AP
2025-11-12;7027;MSF 76/2025;739;P-NRV
2025-11-12;7027;MSF 76/2025;6337;votou
2025-11-12;7027;MSF 76/2025;475;P-NRV
2025-11-12;7027;MSF 76/2025;6335;votou
2025-11-12;7027;MSF 76/2025;5998;P-NRV
2025-11-12;7027;MSF 76/2025;3830;votou
2025-11-12;7027;MSF 76/2025;5793;P-NRV
2025-11-12;7027;MSF 76/2025;5906;votou
2025-11-12;7027;MSF 76/2025;4994;votou
2025-11-12;7027;MSF 76/2025;5976;votou
2025-11-12;7027;MSF 76/2025;3777;P-NRV
2025-11-12;7027;MSF 76/2025;4642;votou
2025-11-12;7027;MSF 76/2025;5718;votou
2025-11-12;7027;MSF 76/2025;22;votou
2025-11-12;7027;MSF 76/2025;5953;MIS
2025-11-12;7027;MSF 76/2025;5917;P-NRV
2025-11-12;7027;MSF 76/2025;6345;votou
2025-11-12;7027;MSF 76/2025;345;votou
2025-11-12;7027;MSF 76/2025;5894;votou
2025-11-12;7027;MSF 76/2025;6008;AP
2025-11-12;7027;MSF 76/2025;6341;votou
2025-11-12;7027;MSF 76/2025;5008;P-NRV
2025-11-12;7027;MSF 76/2025;5385;AP
2025-11-12;7027;MSF 76/2025;6010;votou
2025-11-12;7027;MSF 76/2025;4770;P-NRV
2025-11-12;7027;MSF 76/2025;35;votou
2025-11-12;7027;MSF 76/2025;6340;votou
2025-11-12;7027;MSF 76/2025;581;votou
2025-11-12;7027;MSF 76/2025;4531;votou
2025-11-12;7027;MSF 76/2025;5895;P-NRV
2025-11-12;7027;MSF 76/2025;6342;votou
2025-11-12;7027;MSF 76/2025;6305;votou
2025-11-12;7027;MSF 76/2025;6369;votou
2025-11-12;7027;MSF 76/2025;4811;votou
2025-11-12;7027;MSF 76/2025;5979;votou
2025-11-12;7027;MSF 76/2025;5926;votou
2025-11-12;7027;MSF 76/2025;1186;votou
2025-11-12;7027;MSF 76/2025;631;LS
2025-11-12;7027;MSF 76/2025;5376;AP
2025-11-12;7027;MSF 76/2025;742;votou
2025-11-12;7027;MSF 76/2025;285;votou
2025-11-12;7027;MSF 76/2025;5422;votou
2025-11-12;7027;MSF 76/2025;5942;votou
2025-11-12;7027;MSF 76/2025;6027;votou
2025-11-12;7027;MSF 76/2025;5985;P-NRV
2025-11-12;7027;MSF 76/2025;5525;votou
2025-11-12;7027;MSF 76/2025;5924;NCom
2025-11-12;7027;MSF 76/2025;5523;votou
2025-11-12;7027;MSF 76/2025;825;LS
2025-11-12;7027;MSF 76/2025;5502;votou
2025-11-12;7027;MSF 76/2025;5386;votou
2025-11-12;7027;MSF 76/2025;5012;votou
2025-11-12;7027;MSF 76/2025;70;votou
2025-11-12;7027;MSF 76/2025;5732;votou
2025-11-12;7027;MSF 76/2025;4694;P-NRV
2025-11-12;7027;MSF 76/2025;5352;votou
2025-11-12;7027;MSF 76/2025;5322;P-NRV
2025-11-12;7027;MSF 76/2025;6331;votou
2025-11-12;7027;MSF 76/2025;5988;votou
2025-11-12;7027;MSF 76/2025;5959;votou
2025-11-12;7027;MSF 76/2025;4560;votou
2025-11-12;7027;MSF 76/2025;6338;votou
2025-11-12;7027;MSF 76/2025;5736;votou
2025-11-12;7027;MSF 76/2025;5899;LS
2025-11-12;7027;MSF 76/2025;5748;votou
2025-11-12;7027;MSF 76/2025;1173;MIS
2025-11-12;7027;MSF 76/2025;5411;votou
2025-11-12;7027;MSF 76/2025;5070;P-NRV
2025-11-12;7027;MSF 76/2025;5783;P-NRV
2025-11-12;7027;MSF 76/2025;3806;votou
2025-11-12;7028;MSF 77/2025;5672;votou
2025-11-12;7028;MSF 77/2025;5982;votou
2025-11-12;7028;MSF 77/2025;6358;votou
2025-11-12;7028;MSF 77/2025;5967;votou
2025-11-12;7028;MSF 77/2025;6009;P-NRV
2025-11-12;7028;MSF 77/2025;6350;votou
2025-11-12;7028;MSF 77/2025;4639;votou
2025-11-12;7028;MSF 77/2025;5936;votou
2025-11-12;7028;MSF 77/2025;5990;votou
2025-11-12;7028;MSF 77/2025;470;votou
2025-11-12;7028;MSF 77/2025;5973;AP
2025-11-12;7028;MSF 77/2025;739;P-NRV
2025-11-12;7028;MSF 77/2025;6337;votou
2025-11-12;7028;MSF 77/2025;475;P-NRV
2025-11-12;7028;MSF 77/2025;6335;votou
2025-11-12;7028;MSF 77/2025;5998;P-NRV
2025-11-12;7028;MSF 77/2025;3830;Presidente (art. 51 RISF)
2025-11-12;7028;MSF 77/2025;5793;votou
2025-11-12;7028;MSF 77/2025;5906;votou
2025-11-12;7028;MSF 77/2025;4994;votou
2025-11-12;7028;MSF 77/2025;5976;votou
2025-11-12;7028;MSF 77/2025;3777;P-NRV
2025-11-12;7028;MSF 77/2025;4642;votou
2025-11-12;7028;MSF 77/2025;5718;votou
2025-11-12;7028;MSF 77/2025;22;votou
2025-11-12;7028;MSF 77/2025;5953;MIS
2025-11-12;7028;MSF 77/2025;5917;P-NRV
2025-11-12;7028;MSF 77/2025;6345;votou
2025-11-12;7028;MSF 77/2025;345;P-NRV
2025-11-12;7028;MSF 77/2025;5894;votou
2025-11-12;7028;MSF 77/2025;6008;AP
2025-11-12;7028;MSF 77/2025;6341;votou
2025-11-12;7028;MSF 77/2025;5008;P-NRV
2025-11-12;7028;MSF 77/2025;5385;AP
2025-11-12;7028;MSF 77/2025;6010;votou
2025-11-12;7028;MSF 77/2025;4770;P-NRV
2025-11-12;7028;MSF 77/2025;35;votou
2025-11-12;7028;MSF 77/2025;6340;votou
2025-11-12;7028;MSF 77/2025;581;votou
2025-11-12;7028;MSF 77/2025;4531;votou
2025-11-12;7028;MSF 77/2025;5895;P-NRV
2025-11-12;7028;MSF 77/2025;6342;votou
2025-11-12;7028;MSF 77/2025;6305;votou
2025-11-12;7028;MSF 77/2025;6369;votou
2025-11-12;7028;MSF 77/2025;4811;votou
2025-11-12;7028;MSF 77/2025;5979;votou
2025-11-12;7028;MSF 77/2025;5926;votou
2025-11-12;7028;MSF 77/2025;1186;P-NRV
2025-11-12;7028;MSF 77/2025;631;LS
2025-11-12;7028;MSF 77/2025;5376;AP
2025-11-12;7028;MSF 77/2025;742;votou
2025-11-12;7028;MSF 77/2025;285;P-NRV
2025-11-12;7028;MSF 77/2025;5422;votou
2025-11-12;7028;MSF 77/2025;5942;votou
2025-11-12;7028;MSF 77/2025;6027;votou
2025-11-12;7028;MSF 77/2025;5985;P-NRV
2025-11-12;7028;MSF 77/2025;5525;votou
2025-11-12;7028;MSF 77/2025;5924;NCom
2025-11-12;7028;MSF 77/2025;5523;votou
2025-11-12;7028;MSF 77/2025;825;LS
2025-11-12;7028;MSF 77/2025;5502;votou
2025-11-12;7028;MSF 77/2025;5386;votou
2025-11-12;7028;MSF 77/2025;5012;votou
2025-11-12;7028;MSF 77/2025;70;votou
2025-11-12;7028;MSF 77/2025;5732;votou
2025-11-12;7028;MSF 77/2025;4694;P-NRV
2025-11-12;7028;MSF 77/2025;5352;votou
2025-11-12;7028;MSF 77/2025;5322;P-NRV
2025-11-12;7028;MSF 77/2025;6331;votou
2025-11-12;7028;MSF 77/2025;5988;P-NRV
2025-11-12;7028;MSF 77/2025;5959;votou
2025-11-12;7028;MSF 77/2025;4560;votou
2025-11-12;7028;MSF 77/2025;6338;votou
2025-11-12;7028;MSF 77/2025;5736;votou
2025-11-12;7028;MSF 77/2025;5899;LS
2025-11-12;7028;MSF 77/2025;5748;votou
2025-11-12;7028;MSF 77/2025;1173;MIS
2025-11-12;7028;MSF 77/2025;5411;votou
2025-11-12;7028;MSF 77/2025;5070;P-NRV
2025-11-12;7028;MSF 77/2025;5783;P-NRV
2025-11-12;7028;MSF 77/2025;3806;votou
2025-11-25;7029;PLP 185/2024;5672;votou
2025-11-25;7029;PLP 185/2024;5982;votou
2025-11-25;7029;PLP 185/2024;6358;votou
2025-11-25;7029;PLP 185/2024;5967;votou
2025-11-25;7029;PLP 185/2024;6009;LS
2025-11-25;7029;PLP 185/2024;6350;votou
2025-11-25;7029;PLP 185/2024;4639;votou
2025-11-25;7029;PLP 185/2024;5936;votou
2025-11-25;7029;PLP 185/2024;5990;P-NRV
2025-11-25;7029;PLP 185/2024;470;votou
2025-11-25;7029;PLP 185/2024;5973;votou
2025-11-25;7029;PLP 185/2024;739;LP
2025-11-25;7029;PLP 185/2024;6337;votou
2025-11-25;7029;PLP 185/2024;475;votou
2025-11-25;7029;PLP 185/2024;6335;votou
2025-11-25;7029;PLP 185/2024;5998;MIS
2025-11-25;7029;PLP 185/2024;3830;Presidente (art. 51 RISF)
2025-11-25;7029;PLP 185/2024;5793;votou
2025-11-25;7029;PLP 185/2024;5906;AP
2025-11-25;7029;PLP 185/2024;4994;votou
2025-11-25;7029;PLP 185/2024;5976;votou
2025-11-25;7029;PLP 185/2024;3777;MIS
2025-11-25;7029;PLP 185/2024;4642;MIS
2025-11-25;7029;PLP 185/2024;5718;votou
2025-11-25;7029;PLP 185/2024;22;votou
2025-11-25;7029;PLP 185/2024;5953;votou
2025-11-25;7029;PLP 185/2024;5917;AP
2025-11-25;7029;PLP 185/2024;6345;votou
2025-11-25;7029;PLP 185/2024;345;votou
2025-11-25;7029;PLP 185/2024;5894;votou
2025-11-25;7029;PLP 185/2024;6008;AP
2025-11-25;7029;PLP 185/2024;6341;votou
2025-11-25;7029;PLP 185/2024;5008;votou
2025-11-25;7029;PLP 185/2024;5385;AP
2025-11-25;7029;PLP 185/2024;6010;votou
2025-11-25;7029;PLP 185/2024;4770;votou
2025-11-25;7029;PLP 185/2024;35;AP
2025-11-25;7029;PLP 185/2024;6340;votou
2025-11-25;7029;PLP 185/2024;581;P-NRV
2025-11-25;7029;PLP 185/2024;4531;votou
2025-11-25;7029;PLP 185/2024;5895;votou
2025-11-25;7029;PLP 185/2024;6342;votou
2025-11-25;7029;PLP 185/2024;6305;votou
2025-11-25;7029;PLP 185/2024;6369;votou
2025-11-25;7029;PLP 185/2024;4811;votou
2025-11-25;7029;PLP 185/2024;5979;votou
2025-11-25;7029;PLP 185/2024;5926;votou
2025-11-25;7029;PLP 185/2024;1186;votou
2025-11-25;7029;PLP 185/2024;631;LS
2025-11-25;7029;PLP 185/2024;5376;votou
2025-11-25;7029;PLP 185/2024;742;votou
2025-11-25;7029;PLP 185/2024;285;votou
2025-11-25;7029;PLP 185/2024;5422;votou
2025-11-25;7029;PLP 185/2024;5942;AP
2025-11-25;7029;PLP 185/2024;6027;votou
2025-11-25;7029;PLP 185/2024;5985;votou
2025-11-25;7029;PLP 185/2024;5525;votou
2025-11-25;7029;PLP 185/2024;5924;votou
2025-11-25;7029;PLP 185/2024;5523;votou
2025-11-25;7029;PLP 185/2024;825;AP
2025-11-25;7029;PLP 185/2024;5502;votou
2025-11-25;7029;PLP 185/2024;5386;AP
2025-11-25;7029;PLP 185/2024;5012;votou
2025-11-25;7029;PLP 185/2024;70;votou
2025-11-25;7029;PLP 185/2024;5732;votou
2025-11-25;7029;PLP 185/2024;4694;P-NRV
2025-11-25;7029;PLP 185/2024;5352;votou
2025-11-25;7029;PLP 185/2024;5322;AP
2025-11-25;7029;PLP 185/2024;6331;votou
2025-11-25;7029;PLP 185/2024;5988;votou
2025-11-25;7029;PLP 185/2024;5959;votou
2025-11-25;7029;PLP 185/2024;4560;votou
2025-11-25;7029;PLP 185/2024;6338;votou
2025-11-25;7029;PLP 185/2024;5736;LP
2025-11-25;7029;PLP 185/2024;5899;LS
2025-11-25;7029;PLP 185/2024;5748;votou
2025-11-25;7029;PLP 185/2024;1173;votou
2025-11-25;7029;PLP 185/2024;5411;NCom
2025-11-25;7029;PLP 185/2024;5070;votou
2025-11-25;7029;PLP 185/2024;5783;votou
2025-11-25;7029;PLP 185/2024;3806;votou
2025-12-03;7030;PLP 163/2025;5672;votou
2025-12-03;7030;PLP 163/2025;5982;votou
2025-12-03;7030;PLP 163/2025;6358;votou
2025-12-03;7030;PLP 163/2025;5967;votou
2025-12-03;7030;PLP 163/2025;6009;votou
2025-12-03;7030;PLP 163/2025;6350;votou
2025-12-03;7030;PLP 163/2025;4639;votou
2025-12-03;7030;PLP 163/2025;5936;AP
2025-12-03;7030;PLP 163/2025;5990;votou
2025-12-03;7030;PLP 163/2025;470;votou
2025-12-03;7030;PLP 163/2025;5973;AP
2025-12-03;7030;PLP 163/2025;739;votou
2025-12-03;7030;PLP 163/2025;6337;P-NRV
2025-12-03;7030;PLP 163/2025;475;votou
2025-12-03;7030;PLP 163/2025;6335;votou
2025-12-03;7030;PLP 163/2025;5998;AP
2025-12-03;7030;PLP 163/2025;3830;Presidente (art. 51 RISF)
2025-12-03;7030;PLP 163/2025;5793;votou
2025-12-03;7030;PLP 163/2025;5906;votou
2025-12-03;7030;PLP 163/2025;4994;P-NRV
2025-12-03;7030;PLP 163/2025;5976;votou
2025-12-03;7030;PLP 163/2025;3777;votou
2025-12-03;7030;PLP 163/2025;4642;votou
2025-12-03;7030;PLP 163/2025;5718;votou
2025-12-03;7030;PLP 163/2025;22;votou
2025-12-03;7030;PLP 163/2025;5953;votou
2025-12-03;7030;PLP 163/2025;5917;votou
2025-12-03;7030;PLP 163/2025;6345;votou
2025-12-03;7030;PLP 163/2025;345;LS
2025-12-03;7030;PLP 163/2025;5894;votou
2025-12-03;7030;PLP 163/2025;6008;AP
2025-12-03;7030;PLP 163/2025;6341;votou
2025-12-03;7030;PLP 163/2025;5008;votou
2025-12-03;7030;PLP 163/2025;5385;AP
2025-12-03;7030;PLP 163/2025;6010;votou
2025-12-03;7030;PLP 163/2025;4770;votou
2025-12-03;7030;PLP 163/2025;35;AP
2025-12-03;7030;PLP 163/2025;6340;votou
2025-12-03;7030;PLP 163/2025;581;votou
2025-12-03;7030;PLP 163/2025;4531;votou
2025-12-03;7030;PLP 163/2025;5895;votou
2025-12-03;7030;PLP 163/2025;6342;votou
2025-12-03;7030;PLP 163/2025;6305;votou
2025-12-03;7030;PLP 163/2025;6369;votou
2025-12-03;7030;PLP 163/2025;4811;votou
2025-12-03;7030;PLP 163/2025;5979;votou
2025-12-03;7030;PLP 163/2025;5926;votou
2025-12-03;7030;PLP 163/2025;1186;votou
2025-12-03;7030;PLP 163/2025;631;LS
2025-12-03;7030;PLP 163/2025;5376;votou
2025-12-03;7030;PLP 163/2025;742;votou
2025-12-03;7030;PLP 163/2025;285;votou
2025-12-03;7030;PLP 163/2025;5422;votou
2025-12-03;7030;PLP 163/2025;5942;AP
2025-12-03;7030;PLP 163/2025;6027;votou
2025-12-03;7030;PLP 163/2025;5985;votou
2025-12-03;7030;PLP 163/2025;5525;P-NRV
2025-12-03;7030;PLP 163/2025;5924;P-NRV
2025-12-03;7030;PLP 163/2025;5523;votou
2025-12-03;7030;PLP 163/2025;825;votou
2025-12-03;7030;PLP 163/2025;5502;votou
2025-12-03;7030;PLP 163/2025;5386;votou
2025-12-03;7030;PLP 163/2025;5012;votou
2025-12-03;7030;PLP 163/2025;70;AP
2025-12-03;7030;PLP 163/2025;5732;votou
2025-12-03;7030;PLP 163/2025;4694;votou
2025-12-03;7030;PLP 163/2025;5352;votou
2025-12-03;7030;PLP 163/2025;5322;AP
2025-12-03;7030;PLP 163/2025;6331;votou
2025-12-03;7030;PLP 163/2025;5988;AP
2025-12-03;7030;PLP 163/2025;5959;votou
2025-12-03;7030;PLP 163/2025;4560;votou
2025-12-03;7030;PLP 163/2025;6338;votou
2025-12-03;7030;PLP 163/2025;5736;P-NRV
2025-12-03;7030;PLP 163/2025;5899;votou
2025-12-03;7030;PLP 163/2025;5748;votou
2025-12-03;7030;PLP 163/2025;1173;votou
2025-12-03;7030;PLP 163/2025;5411;votou
2025-12-03;7030;PLP 163/2025;5070;votou
2025-12-03;7030;PLP 163/2025;5783;votou
2025-12-03;7030;PLP 163/2025;3806;votou
2025-12-09;7034;PEC 48/2023;5672;votou
2025-12-09;7034;PEC 48/2023;5982;votou
2025-12-09;7034;PEC 48/2023;6358;AP
2025-12-09;7034;PEC 48/2023;5967;votou
2025-12-09;7034;PEC 48/2023;6009;votou
2025-12-09;7034;PEC 48/2023;6350;AP
2025-12-09;7034;PEC 48/2023;4639;votou
2025-12-09;7034;PEC 48/2023;5936;votou
2025-12-09;7034;PEC 48/2023;5990;LS
2025-12-09;7034;PEC 48/2023;470;votou
2025-12-09;7034;PEC 48/2023;5973;votou
2025-12-09;7034;PEC 48/2023;739;votou
2025-12-09;7034;PEC 48/2023;6337;votou
2025-12-09;7034;PEC 48/2023;475;votou
2025-12-09;7034;PEC 48/2023;6335;votou
2025-12-09;7034;PEC 48/2023;5998;AP
2025-12-09;7034;PEC 48/2023;3830;Presidente (art. 51 RISF)
2025-12-09;7034;PEC 48/2023;5793;votou
2025-12-09;7034;PEC 48/2023;5906;votou
2025-12-09;7034;PEC 48/2023;4994;AP
2025-12-09;7034;PEC 48/2023;5976;votou
2025-12-09;7034;PEC 48/2023;3777;votou
2025-12-09;7034;PEC 48/2023;4642;votou
2025-12-09;7034;PEC 48/2023;5718;AP
2025-12-09;7034;PEC 48/2023;22;votou
2025-12-09;7034;PEC 48/2023;5953;votou
2025-12-09;7034;PEC 48/2023;5917;votou
2025-12-09;7034;PEC 48/2023;6345;votou
2025-12-09;7034;PEC 48/2023;345;votou
2025-12-09;7034;PEC 48/2023;5894;votou
2025-12-09;7034;PEC 48/2023;6008;NCom
2025-12-09;7034;PEC 48/2023;6341;votou
2025-12-09;7034;PEC 48/2023;5008;votou
2025-12-09;7034;PEC 48/2023;5385;votou
2025-12-09;7034;PEC 48/2023;6010;votou
2025-12-09;7034;PEC 48/2023;4770;votou
2025-12-09;7034;PEC 48/2023;35;AP
2025-12-09;7034;PEC 48/2023;6340;votou
2025-12-09;7034;PEC 48/2023;581;votou
2025-12-09;7034;PEC 48/2023;4531;AP
2025-12-09;7034;PEC 48/2023;5895;votou
2025-12-09;7034;PEC 48/2023;6342;votou
2025-12-09;7034;PEC 48/2023;6305;votou
2025-12-09;7034;PEC 48/2023;6369;votou
2025-12-09;7034;PEC 48/2023;4811;votou
2025-12-09;7034;PEC 48/2023;5979;votou
2025-12-09;7034;PEC 48/2023;5926;votou
2025-12-09;7034;PEC 48/2023;1186;votou
2025-12-09;7034;PEC 48/2023;631;AP
2025-12-09;7034;PEC 48/2023;5376;votou
2025-12-09;7034;PEC 48/2023;742;votou
2025-12-09;7034;PEC 48/2023;285;votou
2025-12-09;7034;PEC 48/2023;5422;votou
2025-12-09;7034;PEC 48/2023;5942;votou
2025-12-09;7034;PEC 48/2023;6027;votou
2025-12-09;7034;PEC 48/2023;5985;votou
2025-12-09;7034;PEC 48/2023;5525;votou
2025-12-09;7034;PEC 48/2023;5924;votou
2025-12-09;7034;PEC 48/2023;5523;votou
2025-12-09;7034;PEC 48/2023;825;votou
2025-12-09;7034;PEC 48/2023;5502;votou
2025-12-09;7034;PEC 48/2023;5386;votou
2025-12-09;7034;PEC 48/2023;5012;votou
2025-12-09;7034;PEC 48/2023;70;votou
2025-12-09;7034;PEC 48/2023;5732;votou
2025-12-09;7034;PEC 48/2023;4694;votou
2025-12-09;7034;PEC 48/2023;5352;votou
2025-12-09;7034;PEC 48/2023;5322;votou
2025-12-09;7034;PEC 48/2023;6331;votou
2025-12-09;7034;PEC 48/2023;5988;AP
2025-12-09;7034;PEC 48/2023;5959;votou
2025-12-09;7034;PEC 48/2023;4560;votou
2025-12-09;7034;PEC 48/2023;6338;votou
2025-12-09;7034;PEC 48/2023;5736;votou
2025-12-09;7034;PEC 48/2023;5899;votou
2025-12-09;7034;PEC 48/2023;5748;votou
2025-12-09;7034;PEC 48/2023;1173;votou
2025-12-09;7034;PEC 48/2023;5411;votou
2025-12-09;7034;PEC 48/2023;5070;votou
2025-12-09;7034;PEC 48/2023;5783;votou
2025-12-09;7034;PEC 48/2023;3806;votou
2025-12-09;7031;RQS 911/2025;5672;votou
2025-12-09;7031;RQS 911/2025;5982;votou
2025-12-09;7031;RQS 911/2025;6358;AP
2025-12-09;7031;RQS 911/2025;5967;votou
2025-12-09;7031;RQS 911/2025;6009;votou
2025-12-09;7031;RQS 911/2025;6350;AP
2025-12-09;7031;RQS 911/2025;4639;votou
2025-12-09;7031;RQS 911/2025;5936;votou
2025-12-09;7031;RQS 911/2025;5990;LS
2025-12-09;7031;RQS 911/2025;470;votou
2025-12-09;7031;RQS 911/2025;5973;votou
2025-12-09;7031;RQS 911/2025;739;votou
2025-12-09;7031;RQS 911/2025;6337;votou
2025-12-09;7031;RQS 911/2025;475;votou
2025-12-09;7031;RQS 911/2025;6335;votou
2025-12-09;7031;RQS 911/2025;5998;AP
2025-12-09;7031;RQS 911/2025;3830;Presidente (art. 51 RISF)
2025-12-09;7031;RQS 911/2025;5793;votou
2025-12-09;7031;RQS 911/2025;5906;votou
2025-12-09;7031;RQS 911/2025;4994;AP
2025-12-09;7031;RQS 911/2025;5976;votou
2025-12-09;7031;RQS 911/2025;3777;votou
2025-12-09;7031;RQS 911/2025;4642;votou
2025-12-09;7031;RQS 911/2025;5718;AP
2025-12-09;7031;RQS 911/2025;22;votou
2025-12-09;7031;RQS 911/2025;5953;votou
2025-12-09;7031;RQS 911/2025;5917;votou
2025-12-09;7031;RQS 911/2025;6345;votou
2025-12-09;7031;RQS 911/2025;345;votou
2025-12-09;7031;RQS 911/2025;5894;votou
2025-12-09;7031;RQS 911/2025;6008;NCom
2025-12-09;7031;RQS 911/2025;6341;votou
2025-12-09;7031;RQS 911/2025;5008;votou
2025-12-09;7031;RQS 911/2025;5385;votou
2025-12-09;7031;RQS 911/2025;6010;votou
2025-12-09;7031;RQS 911/2025;4770;votou
2025-12-09;7031;RQS 911/2025;35;AP
2025-12-09;7031;RQS 911/2025;6340;votou
2025-12-09;7031;RQS 911/2025;581;votou
2025-12-09;7031;RQS 911/2025;4531;AP
2025-12-09;7031;RQS 911/2025;5895;votou
2025-12-09;7031;RQS 911/2025;6342;votou
2025-12-09;7031;RQS 911/2025;6305;votou
2025-12-09;7031;RQS 911/2025;6369;votou
2025-12-09;7031;RQS 911/2025;4811;votou
2025-12-09;7031;RQS 911/2025;5979;votou
2025-12-09;7031;RQS 911/2025;5926;votou
2025-12-09;7031;RQS 911/2025;1186;votou
2025-12-09;7031;RQS 911/2025;631;AP
2025-12-09;7031;RQS 911/2025;5376;votou
2025-12-09;7031;RQS 911/2025;742;votou
2025-12-09;7031;RQS 911/2025;285;votou
2025-12-09;7031;RQS 911/2025;5422;votou
2025-12-09;7031;RQS 911/2025;5942;votou
2025-12-09;7031;RQS 911/2025;6027;votou
2025-12-09;7031;RQS 911/2025;5985;votou
2025-12-09;7031;RQS 911/2025;5525;votou
2025-12-09;7031;RQS 911/2025;5924;votou
2025-12-09;7031;RQS 911/2025;5523;votou
2025-12-09;7031;RQS 911/2025;825;votou
2025-12-09;7031;RQS 911/2025;5502;votou
2025-12-09;7031;RQS 911/2025;5386;votou
2025-12-09;7031;RQS 911/2025;5012;votou
2025-12-09;7031;RQS 911/2025;70;votou
2025-12-09;7031;RQS 911/2025;5732;votou
2025-12-09;7031;RQS 911/2025;4694;votou
2025-12-09;7031;RQS 911/2025;5352;votou
2025-12-09;7031;RQS 911/2025;5322;votou
2025-12-09;7031;RQS 911/2025;6331;votou
2025-12-09;7031;RQS 911/2025;5988;AP
2025-12-09;7031;RQS 911/2025;5959;votou
2025-12-09;7031;RQS 911/2025;4560;votou
2025-12-09;7031;RQS 911/2025;6338;votou
2025-12-09;7031;RQS 911/2025;5736;votou
2025-12-09;7031;RQS 911/2025;5899;votou
2025-12-09;7031;RQS 911/2025;5748;votou
2025-12-09;7031;RQS 911/2025;1173;votou
2025-12-09;7031;RQS 911/2025;5411;votou
2025-12-09;7031;RQS 911/2025;5070;votou
2025-12-09;7031;RQS 911/2025;5783;votou
2025-12-09;7031;RQS 911/2025;3806;votou
2025-12-09;7032;PEC 48/2023;5672;votou
2025-12-09;7032;PEC 48/2023;5982;votou
2025-12-09;7032;PEC 48/2023;6358;AP
2025-12-09;7032;PEC 48/2023;5967;votou
2025-12-09;7032;PEC 48/2023;6009;votou
2025-12-09;7032;PEC 48/2023;6350;AP
2025-12-09;7032;PEC 48/2023;4639;votou
2025-12-09;7032;PEC 48/2023;5936;votou
2025-12-09;7032;PEC 48/2023;5990;LS
2025-12-09;7032;PEC 48/2023;470;votou
2025-12-09;7032;PEC 48/2023;5973;votou
2025-12-09;7032;PEC 48/2023;739;votou
2025-12-09;7032;PEC 48/2023;6337;votou
2025-12-09;7032;PEC 48/2023;475;votou
2025-12-09;7032;PEC 48/2023;6335;votou
2025-12-09;7032;PEC 48/2023;5998;AP
2025-12-09;7032;PEC 48/2023;3830;votou
2025-12-09;7032;PEC 48/2023;5793;votou
2025-12-09;7032;PEC 48/2023;5906;votou
2025-12-09;7032;PEC 48/2023;4994;AP
2025-12-09;7032;PEC 48/2023;5976;votou
2025-12-09;7032;PEC 48/2023;3777;votou
2025-12-09;7032;PEC 48/2023;4642;votou
2025-12-09;7032;PEC 48/2023;5718;AP
2025-12-09;7032;PEC 48/2023;22;votou
2025-12-09;7032;PEC 48/2023;5953;votou
2025-12-09;7032;PEC 48/2023;5917;votou
2025-12-09;7032;PEC 48/2023;6345;votou
2025-12-09;7032;PEC 48/2023;345;votou
2025-12-09;7032;PEC 48/2023;5894;votou
2025-12-09;7032;PEC 48/2023;6008;NCom
2025-12-09;7032;PEC 48/2023;6341;votou
2025-12-09;7032;PEC 48/2023;5008;votou
2025-12-09;7032;PEC 48/2023;5385;votou
2025-12-09;7032;PEC 48/2023;6010;votou
2025-12-09;7032;PEC 48/2023;4770;votou
2025-12-09;7032;PEC 48/2023;35;AP
2025-12-09;7032;PEC 48/2023;6340;votou
2025-12-09;7032;PEC 48/2023;581;votou
2025-12-09;7032;PEC 48/2023;4531;AP
2025-12-09;7032;PEC 48/2023;5895;votou
2025-12-09;7032;PEC 48/2023;6342;votou
2025-12-09;7032;PEC 48/2023;6305;votou
2025-12-09;7032;PEC 48/2023;6369;votou
2025-12-09;7032;PEC 48/2023;4811;votou
2025-12-09;7032;PEC 48/2023;5979;votou
2025-12-09;7032;PEC 48/2023;5926;votou
2025-12-09;7032;PEC 48/2023;1186;votou
2025-12-09;7032;PEC 48/2023;631;AP
2025-12-09;7032;PEC 48/2023;5376;votou
2025-12-09;7032;PEC 48/2023;742;votou
2025-12-09;7032;PEC 48/2023;285;votou
2025-12-09;7032;PEC 48/2023;5422;votou
2025-12-09;7032;PEC 48/2023;5942;votou
2025-12-09;7032;PEC 48/2023;6027;votou
2025-12-09;7032;PEC 48/2023;5985;votou
2025-12-09;7032;PEC 48/2023;5525;Presidente (art. 51 RISF)
2025-12-09;7032;PEC 48/2023;5924;votou
2025-12-09;7032;PEC 48/2023;5523;votou
2025-12-09;7032;PEC 48/2023;825;votou
2025-12-09;7032;PEC 48/2023;5502;votou
2025-12-09;7032;PEC 48/2023;5386;votou
2025-12-09;7032;PEC 48/2023;5012;votou
2025-12-09;7032;PEC 48/2023;70;votou
2025-12-09;7032;PEC 48/2023;5732;votou
2025-12-09;7032;PEC 48/2023;4694;votou
2025-12-09;7032;PEC 48/2023;5352;votou
2025-12-09;7032;PEC 48/2023;5322;P-NRV
2025-12-09;7032;PEC 48/2023;6331;votou
2025-12-09;7032;PEC 48/2023;5988;AP
2025-12-09;7032;PEC 48/2023;5959;votou
2025-12-09;7032;PEC 48/2023;4560;votou
2025-12-09;7032;PEC 48/2023;6338;votou
2025-12-09;7032;PEC 48/2023;5736;votou
2025-12-09;7032;PEC 48/2023;5899;votou
2025-12-09;7032;PEC 48/2023;5748;P-NRV
2025-12-09;7032;PEC 48/2023;1173;votou
2025-12-09;7032;PEC 48/2023;5411;votou
2025-12-09;7032;PEC 48/2023;5070;votou
2025-12-09;7032;PEC 48/2023;5783;votou
2025-12-09;7032;PEC 48/2023;3806;votou
2025-12-09;7033;PEC 48/2023;5672;votou
2025-12-09;7033;PEC 48/2023;5982;votou
2025-12-09;7033;PEC 48/2023;6358;AP
2025-12-09;7033;PEC 48/2023;5967;votou
2025-12-09;7033;PEC 48/2023;6009;votou
2025-12-09;7033;PEC 48/2023;6350;AP
2025-12-09;7033;PEC 48/2023;4639;votou
2025-12-09;7033;PEC 48/2023;5936;votou
2025-12-09;7033;PEC 48/2023;5990;LS
2025-12-09;7033;PEC 48/2023;470;votou
2025-12-09;7033;PEC 48/2023;5973;votou
2025-12-09;7033;PEC 48/2023;739;votou
2025-12-09;7033;PEC 48/2023;6337;votou
2025-12-09;7033;PEC 48/2023;475;votou
2025-12-09;7033;PEC 48/2023;6335;votou
2025-12-09;7033;PEC 48/2023;5998;AP
2025-12-09;7033;PEC 48/2023;3830;votou
2025-12-09;7033;PEC 48/2023;5793;votou
2025-12-09;7033;PEC 48/2023;5906;votou
2025-12-09;7033;PEC 48/2023;4994;AP
2025-12-09;7033;PEC 48/2023;5976;votou
2025-12-09;7033;PEC 48/2023;3777;votou
2025-12-09;7033;PEC 48/2023;4642;votou
2025-12-09;7033;PEC 48/2023;5718;AP
2025-12-09;7033;PEC 48/2023;22;votou
2025-12-09;7033;PEC 48/2023;5953;votou
2025-12-09;7033;PEC 48/2023;5917;votou
2025-12-09;7033;PEC 48/2023;6345;votou
2025-12-09;7033;PEC 48/2023;345;votou
2025-12-09;7033;PEC 48/2023;5894;votou
2025-12-09;7033;PEC 48/2023;6008;NCom
2025-12-09;7033;PEC 48/2023;6341;votou
2025-12-09;7033;PEC 48/2023;5008;votou
2025-12-09;7033;PEC 48/2023;5385;votou
2025-12-09;7033;PEC 48/2023;6010;votou
2025-12-09;7033;PEC 48/2023;4770;votou
2025-12-09;7033;PEC 48/2023;35;AP
2025-12-09;7033;PEC 48/2023;6340;votou
2025-12-09;7033;PEC 48/2023;581;votou
2025-12-09;7033;PEC 48/2023;4531;AP
2025-12-09;7033;PEC 48/2023;5895;votou
2025-12-09;7033;PEC 48/2023;6342;votou
2025-12-09;7033;PEC 48/2023;6305;votou
2025-12-09;7033;PEC 48/2023;6369;votou
2025-12-09;7033;PEC 48/2023;4811;votou
2025-12-09;7033;PEC 48/2023;5979;votou
2025-12-09;7033;PEC 48/2023;5926;votou
2025-12-09;7033;PEC 48/2023;1186;votou
2025-12-09;7033;PEC 48/2023;631;AP
2025-12-09;7033;PEC 48/2023;5376;votou
2025-12-09;7033;PEC 48/2023;742;votou
2025-12-09;7033;PEC 48/2023;285;votou
2025-12-09;7033;PEC 48/2023;5422;votou
2025-12-09;7033;PEC 48/2023;5942;votou
2025-12-09;7033;PEC 48/2023;6027;votou
2025-12-09;7033;PEC 48/2023;5985;votou
2025-12-09;7033;PEC 48/2023;5525;Presidente (art. 51 RISF)
2025-12-09;7033;PEC 48/2023;5924;votou
2025-12-09;7033;PEC 48/2023;5523;votou
2025-12-09;7033;PEC 48/2023;825;votou
2025-12-09;7033;PEC 48/2023;5502;votou
2025-12-09;7033;PEC 48/2023;5386;votou
2025-12-09;7033;PEC 48/2023;5012;votou
2025-12-09;7033;PEC 48/2023;70;votou
2025-12-09;7033;PEC 48/2023;5732;votou
2025-12-09;7033;PEC 48/2023;4694;votou
2025-12-09;7033;PEC 48/2023;5352;votou
2025-12-09;7033;PEC 48/2023;5322;P-NRV
2025-12-09;7033;PEC 48/2023;6331;votou
2025-12-09;7033;PEC 48/2023;5988;AP
2025-12-09;7033;PEC 48/2023;5959;votou
2025-12-09;7033;PEC 48/2023;4560;votou
2025-12-09;7033;PEC 48/2023;6338;votou
2025-12-09;7033;PEC 48/2023;5736;votou
2025-12-09;7033;PEC 48/2023;5899;votou
2025-12-09;7033;PEC 48/2023;5748;votou
2025-12-09;7033;PEC 48/2023;1173;votou
2025-12-09;7033;PEC 48/2023;5411;votou
2025-12-09;7033;PEC 48/2023;5070;votou
2025-12-09;7033;PEC 48/2023;5783;votou
2025-12-09;7033;PEC 48/2023;3806;votou
2025-12-10;7035;PEC 169/2019;5672;votou
2025-12-10;7035;PEC 169/2019;5982;votou
2025-12-10;7035;PEC 169/2019;6358;votou
2025-12-10;7035;PEC 169/2019;5967;P-NRV
2025-12-10;7035;PEC 169/2019;6009;votou
2025-12-10;7035;PEC 169/2019;6350;AP
2025-12-10;7035;PEC 169/2019;4639;P-NRV
2025-12-10;7035;PEC 169/2019;5936;votou
2025-12-10;7035;PEC 169/2019;5990;LS
2025-12-10;7035;PEC 169/2019;470;votou
2025-12-10;7035;PEC 169/2019;5973;votou
2025-12-10;7035;PEC 169/2019;739;votou
2025-12-10;7035;PEC 169/2019;6337;votou
2025-12-10;7035;PEC 169/2019;475;votou
2025-12-10;7035;PEC 169/2019;6335;votou
2025-12-10;7035;PEC 169/2019;5998;AP
2025-12-10;7035;PEC 169/2019;3830;Presidente (art. 51 RISF)
2025-12-10;7035;PEC 169/2019;5793;votou
2025-12-10;7035;PEC 169/2019;5906;votou
2025-12-10;7035;PEC 169/2019;4994;votou
2025-12-10;7035;PEC 169/2019;5976;votou
2025-12-10;7035;PEC 169/2019;3777;votou
2025-12-10;7035;PEC 169/2019;4642;votou
2025-12-10;7035;PEC 169/2019;5718;AP
2025-12-10;7035;PEC 169/2019;22;votou
2025-12-10;7035;PEC 169/2019;5953;votou
2025-12-10;7035;PEC 169/2019;5917;votou
2025-12-10;7035;PEC 169/2019;6345;votou
2025-12-10;7035;PEC 169/2019;345;votou
2025-12-10;7035;PEC 169/2019;5894;votou
2025-12-10;7035;PEC 169/2019;6008;NCom
2025-12-10;7035;PEC 169/2019;6341;votou
2025-12-10;7035;PEC 169/2019;5008;P-NRV
2025-12-10;7035;PEC 169/2019;5385;P-NRV
2025-12-10;7035;PEC 169/2019;6010;votou
2025-12-10;7035;PEC 169/2019;4770;votou
2025-12-10;7035;PEC 169/2019;35;AP
2025-12-10;7035;PEC 169/2019;6340;votou
2025-12-10;7035;PEC 169/2019;581;votou
2025-12-10;7035;PEC 169/2019;4531;AP
2025-12-10;7035;PEC 169/2019;5895;votou
2025-12-10;7035;PEC 169/2019;6342;votou
2025-12-10;7035;PEC 169/2019;6305;votou
2025-12-10;7035;PEC 169/2019;6369;votou
2025-12-10;7035;PEC 169/2019;4811;votou
2025-12-10;7035;PEC 169/2019;5979;votou
2025-12-10;7035;PEC 169/2019;5926;votou
2025-12-10;7035;PEC 169/2019;1186;votou
2025-12-10;7035;PEC 169/2019;631;votou
2025-12-10;7035;PEC 169/2019;5376;votou
2025-12-10;7035;PEC 169/2019;742;votou
2025-12-10;7035;PEC 169/2019;285;votou
2025-12-10;7035;PEC 169/2019;5422;votou
2025-12-10;7035;PEC 169/2019;5942;votou
2025-12-10;7035;PEC 169/2019;6027;votou
2025-12-10;7035;PEC 169/2019;5985;AP
2025-12-10;7035;PEC 169/2019;5525;votou
2025-12-10;7035;PEC 169/2019;5924;votou
2025-12-10;7035;PEC 169/2019;5523;votou
2025-12-10;7035;PEC 169/2019;825;votou
2025-12-10;7035;PEC 169/2019;5502;votou
2025-12-10;7035;PEC 169/2019;5386;votou
2025-12-10;7035;PEC 169/2019;5012;votou
2025-12-10;7035;PEC 169/2019;70;votou
2025-12-10;7035;PEC 169/2019;5732;votou
2025-12-10;7035;PEC 169/2019;4694;votou
2025-12-10;7035;PEC 169/2019;5352;votou
2025-12-10;7035;PEC 169/2019;5322;LS
2025-12-10;7035;PEC 169/2019;6331;votou
2025-12-10;7035;PEC 169/2019;5988;votou
2025-12-10;7035;PEC 169/2019;5959;votou
2025-12-10;7035;PEC 169/2019;4560;votou
2025-12-10;7035;PEC 169/2019;6338;votou
2025-12-10;7035;PEC 169/2019;5736;votou
2025-12-10;7035;PEC 169/2019;5899;votou
2025-12-10;7035;PEC 169/2019;5748;votou
2025-12-10;7035;PEC 169/2019;1173;votou
2025-12-10;7035;PEC 169/2019;5411;votou
2025-12-10;7035;PEC 169/2019;5070;votou
2025-12-10;7035;PEC 169/2019;5783;votou
2025-12-10;7035;PEC 169/2019;3806;votou
2025-12-10;7036;PEC 169/2019;5672;votou
2025-12-10;7036;PEC 169/2019;5982;P-NRV
2025-12-10;7036;PEC 169/2019;6358;votou
2025-12-10;7036;PEC 169/2019;5967;P-NRV
2025-12-10;7036;PEC 169/2019;6009;votou
2025-12-10;7036;PEC 169/2019;6350;AP
2025-12-10;7036;PEC 169/2019;4639;P-NRV
2025-12-10;7036;PEC 169/2019;5936;votou
2025-12-10;7036;PEC 169/2019;5990;LS
2025-12-10;7036;PEC 169/2019;470;votou
2025-12-10;7036;PEC 169/2019;5973;votou
2025-12-10;7036;PEC 169/2019;739;votou
2025-12-10;7036;PEC 169/2019;6337;votou
2025-12-10;7036;PEC 169/2019;475;votou
2025-12-10;7036;PEC 169/2019;6335;votou
2025-12-10;7036;PEC 169/2019;5998;AP
2025-12-10;7036;PEC 169/2019;3830;Presidente (art. 51 RISF)
2025-12-10;7036;PEC 169/2019;5793;votou
2025-12-10;7036;PEC 169/2019;5906;votou
2025-12-10;7036;PEC 169/2019;4994;votou
2025-12-10;7036;PEC 169/2019;5976;votou
2025-12-10;7036;PEC 169/2019;3777;votou
2025-12-10;7036;PEC 169/2019;4642;votou
2025-12-10;7036;PEC 169/2019;5718;AP
2025-12-10;7036;PEC 169/2019;22;votou
2025-12-10;7036;PEC 169/2019;5953;votou
2025-12-10;7036;PEC 169/2019;5917;votou
2025-12-10;7036;PEC 169/2019;6345;votou
2025-12-10;7036;PEC 169/2019;345;votou
2025-12-10;7036;PEC 169/2019;5894;votou
2025-12-10;7036;PEC 169/2019;6008;NCom
2025-12-10;7036;PEC 169/2019;6341;votou
2025-12-10;7036;PEC 169/2019;5008;votou
2025-12-10;7036;PEC 169/2019;5385;votou
2025-12-10;7036;PEC 169/2019;6010;votou
2025-12-10;7036;PEC 169/2019;4770;votou
2025-12-10;7036;PEC 169/2019;35;AP
2025-12-10;7036;PEC 169/2019;6340;votou
2025-12-10;7036;PEC 169/2019;581;votou
2025-12-10;7036;PEC 169/2019;4531;AP
2025-12-10;7036;PEC 169/2019;5895;votou
2025-12-10;7036;PEC 169/2019;6342;votou
2025-12-10;7036;PEC 169/2019;6305;votou
2025-12-10;7036;PEC 169/2019;6369;votou
2025-12-10;7036;PEC 169/2019;4811;votou
2025-12-10;7036;PEC 169/2019;5979;votou
2025-12-10;7036;PEC 169/2019;5926;votou
2025-12-10;7036;PEC 169/2019;1186;votou
2025-12-10;7036;PEC 169/2019;631;votou
2025-12-10;7036;PEC 169/2019;5376;votou
2025-12-10;7036;PEC 169/2019;742;votou
2025-12-10;7036;PEC 169/2019;285;votou
2025-12-10;7036;PEC 169/2019;5422;votou
2025-12-10;7036;PEC 169/2019;5942;P-NRV
2025-12-10;7036;PEC 169/2019;6027;votou
2025-12-10;7036;PEC 169/2019;5985;AP
2025-12-10;7036;PEC 169/2019;5525;votou
2025-12-10;7036;PEC 169/2019;5924;votou
2025-12-10;7036;PEC 169/2019;5523;votou
2025-12-10;7036;PEC 169/2019;825;votou
2025-12-10;7036;PEC 169/2019;5502;votou
2025-12-10;7036;PEC 169/2019;5386;votou
2025-12-10;7036;PEC 169/2019;5012;votou
2025-12-10;7036;PEC 169/2019;70;votou
2025-12-10;7036;PEC 169/2019;5732;votou
2025-12-10;7036;PEC 169/2019;4694;P-NRV
2025-12-10;7036;PEC 169/2019;5352;votou
2025-12-10;7036;PEC 169/2019;5322;LS
2025-12-10;7036;PEC 169/2019;6331;votou
2025-12-10;7036;PEC 169/2019;5988;votou
2025-12-10;7036;PEC 169/2019;5959;votou
2025-12-10;7036;PEC 169/2019;4560;votou
2025-12-10;7036;PEC 169/2019;6338;votou
2025-12-10;7036;PEC 169/2019;5736;votou
2025-12-10;7036;PEC 169/2019;5899;votou
2025-12-10;7036;PEC 169/2019;5748;votou
2025-12-10;7036;PEC 169/2019;1173;votou
2025-12-10;7036;PEC 169/2019;5411;votou
2025-12-10;7036;PEC 169/2019;5070;votou
2025-12-10;7036;PEC 169/2019;5783;votou
2025-12-10;7036;PEC 169/2019;3806;votou
2025-12-10;7037;PL 5582/2025;5672;votou
2025-12-10;7037;PL 5582/2025;5982;votou
2025-12-10;7037;PL 5582/2025;6358;votou
2025-12-10;7037;PL 5582/2025;5967;votou
2025-12-10;7037;PL 5582/2025;6009;votou
2025-12-10;7037;PL 5582/2025;6350;AP
2025-12-10;7037;PL 5582/2025;4639;votou
2025-12-10;7037;PL 5582/2025;5936;votou
2025-12-10;7037;PL 5582/2025;5990;LS
2025-12-10;7037;PL 5582/2025;470;votou
2025-12-10;7037;PL 5582/2025;5973;votou
2025-12-10;7037;PL 5582/2025;739;votou
2025-12-10;7037;PL 5582/2025;6337;votou
2025-12-10;7037;PL 5582/2025;475;votou
2025-12-10;7037;PL 5582/2025;6335;votou
2025-12-10;7037;PL 5582/2025;5998;AP
2025-12-10;7037;PL 5582/2025;3830;P-NRV
2025-12-10;7037;PL 5582/2025;5793;votou
2025-12-10;7037;PL 5582/2025;5906;votou
2025-12-10;7037;PL 5582/2025;4994;votou
2025-12-10;7037;PL 5582/2025;5976;votou
2025-12-10;7037;PL 5582/2025;3777;votou
2025-12-10;7037;PL 5582/2025;4642;votou
2025-12-10;7037;PL 5582/2025;5718;AP
2025-12-10;7037;PL 5582/2025;22;P-NRV
2025-12-10;7037;PL 5582/2025;5953;votou
2025-12-10;7037;PL 5582/2025;5917;votou
2025-12-10;7037;PL 5582/2025;6345;votou
2025-12-10;7037;PL 5582/2025;345;P-NRV
2025-12-10;7037;PL 5582/2025;5894;votou
2025-12-10;7037;PL 5582/2025;6008;NCom
2025-12-10;7037;PL 5582/2025;6341;votou
2025-12-10;7037;PL 5582/2025;5008;Presidente (art. 51 RISF)
2025-12-10;7037;PL 5582/2025;5385;votou
2025-12-10;7037;PL 5582/2025;6010;votou
2025-12-10;7037;PL 5582/2025;4770;P-NRV
2025-12-10;7037;PL 5582/2025;35;AP
2025-12-10;7037;PL 5582/2025;6340;votou
2025-12-10;7037;PL 5582/2025;581;votou
2025-12-10;7037;PL 5582/2025;4531;AP
2025-12-10;7037;PL 5582/2025;5895;votou
2025-12-10;7037;PL 5582/2025;6342;votou
2025-12-10;7037;PL 5582/2025;6305;votou
2025-12-10;7037;PL 5582/2025;6369;votou
2025-12-10;7037;PL 5582/2025;4811;votou
2025-12-10;7037;PL 5582/2025;5979;votou
2025-12-10;7037;PL 5582/2025;5926;votou
2025-12-10;7037;PL 5582/2025;1186;votou
2025-12-10;7037;PL 5582/2025;631;votou
2025-12-10;7037;PL 5582/2025;5376;votou
2025-12-10;7037;PL 5582/2025;742;votou
2025-12-10;7037;PL 5582/2025;285;votou
2025-12-10;7037;PL 5582/2025;5422;votou
2025-12-10;7037;PL 5582/2025;5942;P-NRV
2025-12-10;7037;PL 5582/2025;6027;votou
2025-12-10;7037;PL 5582/2025;5985;AP
2025-12-10;7037;PL 5582/2025;5525;votou
2025-12-10;7037;PL 5582/2025;5924;votou
2025-12-10;7037;PL 5582/2025;5523;votou
2025-12-10;7037;PL 5582/2025;825;votou
2025-12-10;7037;PL 5582/2025;5502;votou
2025-12-10;7037;PL 5582/2025;5386;votou
2025-12-10;7037;PL 5582/2025;5012;votou
2025-12-10;7037;PL 5582/2025;70;votou
2025-12-10;7037;PL 5582/2025;5732;votou
2025-12-10;7037;PL 5582/2025;4694;votou
2025-12-10;7037;PL 5582/2025;5352;votou
2025-12-10;7037;PL 5582/2025;5322;LS
2025-12-10;7037;PL 5582/2025;6331;votou
2025-12-10;7037;PL 5582/2025;5988;votou
2025-12-10;7037;PL 5582/2025;5959;votou
2025-12-10;7037;PL 5582/2025;4560;votou
2025-12-10;7037;PL 5582/2025;6338;votou
2025-12-10;7037;PL 5582/2025;5736;votou
2025-12-10;7037;PL 5582/2025;5899;LS
2025-12-10;7037;PL 5582/2025;5748;votou
2025-12-10;7037;PL 5582/2025;1173;votou
2025-12-10;7037;PL 5582/2025;5411;votou
2025-12-10;7037;PL 5582/2025;5070;votou
2025-12-10;7037;PL 5582/2025;5783;votou
2025-12-10;7037;PL 5582/2025;3806;P-NRV
2025-12-16;7038;PLP 143/2020;5672;votou
2025-12-16;7038;PLP 143/2020;5982;votou
2025-12-16;7038;PLP 143/2020;6358;votou
2025-12-16;7038;PLP 143/2020;5967;votou
2025-12-16;7038;PLP 143/2020;6009;votou
2025-12-16;7038;PLP 143/2020;6350;votou
2025-12-16;7038;PLP 143/2020;4639;P-NRV
2025-12-16;7038;PLP 143/2020;6372;votou
2025-12-16;7038;PLP 143/2020;5936;votou
2025-12-16;7038;PLP 143/2020;5990;LS
2025-12-16;7038;PLP 143/2020;470;votou
2025-12-16;7038;PLP 143/2020;5973;P-NRV
2025-12-16;7038;PLP 143/2020;739;votou
2025-12-16;7038;PLP 143/2020;6337;votou
2025-12-16;7038;PLP 143/2020;475;P-NRV
2025-12-16;7038;PLP 143/2020;6335;votou
2025-12-16;7038;PLP 143/2020;5998;votou
2025-12-16;7038;PLP 143/2020;3830;Presidente (art. 51 RISF)
2025-12-16;7038;PLP 143/2020;5793;votou
2025-12-16;7038;PLP 143/2020;5906;votou
2025-12-16;7038;PLP 143/2020;4994;votou
2025-12-16;7038;PLP 143/2020;5976;votou
2025-12-16;7038;PLP 143/2020;3777;P-NRV
2025-12-16;7038;PLP 143/2020;4642;votou
2025-12-16;7038;PLP 143/2020;5718;P-NRV
2025-12-16;7038;PLP 143/2020;22;votou
2025-12-16;7038;PLP 143/2020;5953;votou
2025-12-16;7038;PLP 143/2020;5917;votou
2025-12-16;7038;PLP 143/2020;6345;P-NRV
2025-12-16;7038;PLP 143/2020;345;votou
2025-12-16;7038;PLP 143/2020;5894;votou
2025-12-16;7038;PLP 143/2020;6008;votou
2025-12-16;7038;PLP 143/2020;6341;votou
2025-12-16;7038;PLP 143/2020;5008;votou
2025-12-16;7038;PLP 143/2020;5385;votou
2025-12-16;7038;PLP 143/2020;6010;votou
2025-12-16;7038;PLP 143/2020;4770;votou
2025-12-16;7038;PLP 143/2020;35;votou
2025-12-16;7038;PLP 143/2020;6340;P-NRV
2025-12-16;7038;PLP 143/2020;581;votou
2025-12-16;7038;PLP 143/2020;4531;votou
2025-12-16;7038;PLP 143/2020;5895;votou
2025-12-16;7038;PLP 143/2020;6342;votou
2025-12-16;7038;PLP 143/2020;6305;votou
2025-12-16;7038;PLP 143/2020;6369;votou
2025-12-16;7038;PLP 143/2020;4811;votou
2025-12-16;7038;PLP 143/2020;5979;votou
2025-12-16;7038;PLP 143/2020;5926;votou
2025-12-16;7038;PLP 143/2020;1186;votou
2025-12-16;7038;PLP 143/2020;631;P-NRV
2025-12-16;7038;PLP 143/2020;5376;votou
2025-12-16;7038;PLP 143/2020;742;P-NRV
2025-12-16;7038;PLP 143/2020;285;votou
2025-12-16;7038;PLP 143/2020;5422;votou
2025-12-16;7038;PLP 143/2020;5942;P-NRV
2025-12-16;7038;PLP 143/2020;6027;votou
2025-12-16;7038;PLP 143/2020;5985;votou
2025-12-16;7038;PLP 143/2020;5525;votou
2025-12-16;7038;PLP 143/2020;5924;votou
2025-12-16;7038;PLP 143/2020;5523;votou
2025-12-16;7038;PLP 143/2020;825;votou
2025-12-16;7038;PLP 143/2020;5502;votou
2025-12-16;7038;PLP 143/2020;5386;votou
2025-12-16;7038;PLP 143/2020;5012;votou
2025-12-16;7038;PLP 143/2020;70;P-NRV
2025-12-16;7038;PLP 143/2020;5732;votou
2025-12-16;7038;PLP 143/2020;4694;votou
2025-12-16;7038;PLP 143/2020;5352;AP
2025-12-16;7038;PLP 143/2020;6331;votou
2025-12-16;7038;PLP 143/2020;5988;P-NRV
2025-12-16;7038;PLP 143/2020;5959;votou
2025-12-16;7038;PLP 143/2020;4560;votou
2025-12-16;7038;PLP 143/2020;6338;votou
2025-12-16;7038;PLP 143/2020;5736;votou
2025-12-16;7038;PLP 143/2020;5899;votou
2025-12-16;7038;PLP 143/2020;5748;votou
2025-12-16;7038;PLP 143/2020;1173;votou
2025-12-16;7038;PLP 143/2020;5411;votou
2025-12-16;7038;PLP 143/2020;5070;votou
2025-12-16;7038;PLP 143/2020;5783;votou
2025-12-16;7038;PLP 143/2020;3806;votou
2025-12-16;7039;PEC 76/2019;5672;votou
2025-12-16;7039;PEC 76/2019;5982;votou
2025-12-16;7039;PEC 76/2019;6358;votou
2025-12-16;7039;PEC 76/2019;5967;votou
2025-12-16;7039;PEC 76/2019;6009;votou
2025-12-16;7039;PEC 76/2019;6350;votou
2025-12-16;7039;PEC 76/2019;4639;votou
2025-12-16;7039;PEC 76/2019;6372;votou
2025-12-16;7039;PEC 76/2019;5936;votou
2025-12-16;7039;PEC 76/2019;5990;LS
2025-12-16;7039;PEC 76/2019;470;votou
2025-12-16;7039;PEC 76/2019;5973;P-NRV
2025-12-16;7039;PEC 76/2019;739;votou
2025-12-16;7039;PEC 76/2019;6337;votou
2025-12-16;7039;PEC 76/2019;475;P-NRV
2025-12-16;7039;PEC 76/2019;6335;votou
2025-12-16;7039;PEC 76/2019;5998;votou
2025-12-16;7039;PEC 76/2019;3830;Presidente (art. 51 RISF)
2025-12-16;7039;PEC 76/2019;5793;votou
2025-12-16;7039;PEC 76/2019;5906;P-NRV
2025-12-16;7039;PEC 76/2019;4994;votou
2025-12-16;7039;PEC 76/2019;5976;votou
2025-12-16;7039;PEC 76/2019;3777;votou
2025-12-16;7039;PEC 76/2019;4642;P-NRV
2025-12-16;7039;PEC 76/2019;5718;votou
2025-12-16;7039;PEC 76/2019;22;votou
2025-12-16;7039;PEC 76/2019;5953;votou
2025-12-16;7039;PEC 76/2019;5917;votou
2025-12-16;7039;PEC 76/2019;6345;votou
2025-12-16;7039;PEC 76/2019;345;votou
2025-12-16;7039;PEC 76/2019;5894;P-NRV
2025-12-16;7039;PEC 76/2019;6008;votou
2025-12-16;7039;PEC 76/2019;6341;votou
2025-12-16;7039;PEC 76/2019;5008;AP
2025-12-16;7039;PEC 76/2019;5385;votou
2025-12-16;7039;PEC 76/2019;6010;votou
2025-12-16;7039;PEC 76/2019;4770;votou
2025-12-16;7039;PEC 76/2019;35;votou
2025-12-16;7039;PEC 76/2019;6340;P-NRV
2025-12-16;7039;PEC 76/2019;581;votou
2025-12-16;7039;PEC 76/2019;4531;votou
2025-12-16;7039;PEC 76/2019;5895;votou
2025-12-16;7039;PEC 76/2019;6342;votou
2025-12-16;7039;PEC 76/2019;6305;votou
2025-12-16;7039;PEC 76/2019;6369;votou
2025-12-16;7039;PEC 76/2019;4811;votou
2025-12-16;7039;PEC 76/2019;5979;votou
2025-12-16;7039;PEC 76/2019;5926;votou
2025-12-16;7039;PEC 76/2019;1186;votou
2025-12-16;7039;PEC 76/2019;631;votou
2025-12-16;7039;PEC 76/2019;5376;votou
2025-12-16;7039;PEC 76/2019;742;votou
2025-12-16;7039;PEC 76/2019;285;votou
2025-12-16;7039;PEC 76/2019;5422;votou
2025-12-16;7039;PEC 76/2019;5942;votou
2025-12-16;7039;PEC 76/2019;6027;votou
2025-12-16;7039;PEC 76/2019;5985;votou
2025-12-16;7039;PEC 76/2019;5525;votou
2025-12-16;7039;PEC 76/2019;5924;votou
2025-12-16;7039;PEC 76/2019;5523;votou
2025-12-16;7039;PEC 76/2019;825;votou
2025-12-16;7039;PEC 76/2019;5502;votou
2025-12-16;7039;PEC 76/2019;5386;votou
2025-12-16;7039;PEC 76/2019;5012;votou
2025-12-16;7039;PEC 76/2019;70;P-NRV
2025-12-16;7039;PEC 76/2019;5732;P-NRV
2025-12-16;7039;PEC 76/2019;4694;P-NRV
2025-12-16;7039;PEC 76/2019;5352;AP
2025-12-16;7039;PEC 76/2019;6331;votou
2025-12-16;7039;PEC 76/2019;5988;P-NRV
2025-12-16;7039;PEC 76/2019;5959;P-NRV
2025-12-16;7039;PEC 76/2019;4560;votou
2025-12-16;7039;PEC 76/2019;6338;votou
2025-12-16;7039;PEC 76/2019;5736;votou
2025-12-16;7039;PEC 76/2019;5899;votou
2025-12-16;7039;PEC 76/2019;5748;votou
2025-12-16;7039;PEC 76/2019;1173;votou
2025-12-16;7039;PEC 76/2019;5411;votou
2025-12-16;7039;PEC 76/2019;5070;votou
2025-12-16;7039;PEC 76/2019;5783;votou
2025-12-16;7039;PEC 76/2019;3806;votou
2025-12-16;7040;PEC 76/2019;5672;votou
2025-12-16;7040;PEC 76/2019;5982;votou
2025-12-16;7040;PEC 76/2019;6358;votou
2025-12-16;7040;PEC 76/2019;5967;votou
2025-12-16;7040;PEC 76/2019;6009;votou
2025-12-16;7040;PEC 76/2019;6350;votou
2025-12-16;7040;PEC 76/2019;4639;votou
2025-12-16;7040;PEC 76/2019;6372;votou
2025-12-16;7040;PEC 76/2019;5936;votou
2025-12-16;7040;PEC 76/2019;5990;LS
2025-12-16;7040;PEC 76/2019;470;P-NRV
2025-12-16;7040;PEC 76/2019;5973;P-NRV
2025-12-16;7040;PEC 76/2019;739;votou
2025-12-16;7040;PEC 76/2019;6337;votou
2025-12-16;7040;PEC 76/2019;475;P-NRV
2025-12-16;7040;PEC 76/2019;6335;votou
2025-12-16;7040;PEC 76/2019;5998;votou
2025-12-16;7040;PEC 76/2019;3830;Presidente (art. 51 RISF)
2025-12-16;7040;PEC 76/2019;5793;votou
2025-12-16;7040;PEC 76/2019;5906;votou
2025-12-16;7040;PEC 76/2019;4994;votou
2025-12-16;7040;PEC 76/2019;5976;P-NRV
2025-12-16;7040;PEC 76/2019;3777;votou
2025-12-16;7040;PEC 76/2019;4642;votou
2025-12-16;7040;PEC 76/2019;5718;votou
2025-12-16;7040;PEC 76/2019;22;votou
2025-12-16;7040;PEC 76/2019;5953;votou
2025-12-16;7040;PEC 76/2019;5917;votou
2025-12-16;7040;PEC 76/2019;6345;votou
2025-12-16;7040;PEC 76/2019;345;votou
2025-12-16;7040;PEC 76/2019;5894;votou
2025-12-16;7040;PEC 76/2019;6008;votou
2025-12-16;7040;PEC 76/2019;6341;votou
2025-12-16;7040;PEC 76/2019;5008;AP
2025-12-16;7040;PEC 76/2019;5385;votou
2025-12-16;7040;PEC 76/2019;6010;votou
2025-12-16;7040;PEC 76/2019;4770;votou
2025-12-16;7040;PEC 76/2019;35;votou
2025-12-16;7040;PEC 76/2019;6340;P-NRV
2025-12-16;7040;PEC 76/2019;581;votou
2025-12-16;7040;PEC 76/2019;4531;votou
2025-12-16;7040;PEC 76/2019;5895;votou
2025-12-16;7040;PEC 76/2019;6342;votou
2025-12-16;7040;PEC 76/2019;6305;P-NRV
2025-12-16;7040;PEC 76/2019;6369;votou
2025-12-16;7040;PEC 76/2019;4811;votou
2025-12-16;7040;PEC 76/2019;5979;votou
2025-12-16;7040;PEC 76/2019;5926;votou
2025-12-16;7040;PEC 76/2019;1186;votou
2025-12-16;7040;PEC 76/2019;631;votou
2025-12-16;7040;PEC 76/2019;5376;votou
2025-12-16;7040;PEC 76/2019;742;votou
2025-12-16;7040;PEC 76/2019;285;votou
2025-12-16;7040;PEC 76/2019;5422;votou
2025-12-16;7040;PEC 76/2019;5942;votou
2025-12-16;7040;PEC 76/2019;6027;votou
2025-12-16;7040;PEC 76/2019;5985;votou
2025-12-16;7040;PEC 76/2019;5525;votou
2025-12-16;7040;PEC 76/2019;5924;votou
2025-12-16;7040;PEC 76/2019;5523;P-NRV
2025-12-16;7040;PEC 76/2019;825;votou
2025-12-16;7040;PEC 76/2019;5502;votou
2025-12-16;7040;PEC 76/2019;5386;votou
2025-12-16;7040;PEC 76/2019;5012;votou
2025-12-16;7040;PEC 76/2019;70;P-NRV
2025-12-16;7040;PEC 76/2019;5732;P-NRV
2025-12-16;7040;PEC 76/2019;4694;P-NRV
2025-12-16;7040;PEC 76/2019;5352;AP
2025-12-16;7040;PEC 76/2019;6331;votou
2025-12-16;7040;PEC 76/2019;5988;P-NRV
2025-12-16;7040;PEC 76/2019;5959;votou
2025-12-16;7040;PEC 76/2019;4560;votou
2025-12-16;7040;PEC 76/2019;6338;votou
2025-12-16;7040;PEC 76/2019;5736;votou
2025-12-16;7040;PEC 76/2019;5899;votou
2025-12-16;7040;PEC 76/2019;5748;P-NRV
2025-12-16;7040;PEC 76/2019;1173;votou
2025-12-16;7040;PEC 76/2019;5411;votou
2025-12-16;7040;PEC 76/2019;5070;votou
2025-12-16;7040;PEC 76/2019;5783;votou
2025-12-16;7040;PEC 76/2019;3806;P-NRV
2025-12-17;7045;PL 2234/2022;5672;votou
2025-12-17;7045;PL 2234/2022;5982;votou
2025-12-17;7045;PL 2234/2022;6358;votou
2025-12-17;7045;PL 2234/2022;5967;votou
2025-12-17;7045;PL 2234/2022;6009;votou
2025-12-17;7045;PL 2234/2022;6350;P-NRV
2025-12-17;7045;PL 2234/2022;4639;votou
2025-12-17;7045;PL 2234/2022;6372;votou
2025-12-17;7045;PL 2234/2022;5936;votou
2025-12-17;7045;PL 2234/2022;5990;LS
2025-12-17;7045;PL 2234/2022;470;votou
2025-12-17;7045;PL 2234/2022;5973;votou
2025-12-17;7045;PL 2234/2022;739;votou
2025-12-17;7045;PL 2234/2022;6337;votou
2025-12-17;7045;PL 2234/2022;475;votou
2025-12-17;7045;PL 2234/2022;6335;votou
2025-12-17;7045;PL 2234/2022;5998;votou
2025-12-17;7045;PL 2234/2022;3830;votou
2025-12-17;7045;PL 2234/2022;5793;P-NRV
2025-12-17;7045;PL 2234/2022;5906;P-NRV
2025-12-17;7045;PL 2234/2022;4994;P-NRV
2025-12-17;7045;PL 2234/2022;5976;votou
2025-12-17;7045;PL 2234/2022;3777;Presidente (art. 51 RISF)
2025-12-17;7045;PL 2234/2022;4642;votou
2025-12-17;7045;PL 2234/2022;5718;votou
2025-12-17;7045;PL 2234/2022;22;votou
2025-12-17;7045;PL 2234/2022;5953;votou
2025-12-17;7045;PL 2234/2022;5917;votou
2025-12-17;7045;PL 2234/2022;6345;votou
2025-12-17;7045;PL 2234/2022;345;votou
2025-12-17;7045;PL 2234/2022;5894;votou
2025-12-17;7045;PL 2234/2022;6008;votou
2025-12-17;7045;PL 2234/2022;6341;votou
2025-12-17;7045;PL 2234/2022;5008;votou
2025-12-17;7045;PL 2234/2022;5385;votou
2025-12-17;7045;PL 2234/2022;6010;votou
2025-12-17;7045;PL 2234/2022;4770;votou
2025-12-17;7045;PL 2234/2022;35;votou
2025-12-17;7045;PL 2234/2022;6340;votou
2025-12-17;7045;PL 2234/2022;581;P-NRV
2025-12-17;7045;PL 2234/2022;4531;votou
2025-12-17;7045;PL 2234/2022;5895;P-NRV
2025-12-17;7045;PL 2234/2022;6342;votou
2025-12-17;7045;PL 2234/2022;6305;votou
2025-12-17;7045;PL 2234/2022;6369;votou
2025-12-17;7045;PL 2234/2022;4811;votou
2025-12-17;7045;PL 2234/2022;5979;votou
2025-12-17;7045;PL 2234/2022;5926;votou
2025-12-17;7045;PL 2234/2022;1186;P-NRV
2025-12-17;7045;PL 2234/2022;631;votou
2025-12-17;7045;PL 2234/2022;5376;votou
2025-12-17;7045;PL 2234/2022;742;votou
2025-12-17;7045;PL 2234/2022;285;votou
2025-12-17;7045;PL 2234/2022;5422;P-NRV
2025-12-17;7045;PL 2234/2022;5942;votou
2025-12-17;7045;PL 2234/2022;6027;P-NRV
2025-12-17;7045;PL 2234/2022;5985;votou
2025-12-17;7045;PL 2234/2022;5525;votou
2025-12-17;7045;PL 2234/2022;5924;votou
2025-12-17;7045;PL 2234/2022;5523;votou
2025-12-17;7045;PL 2234/2022;825;votou
2025-12-17;7045;PL 2234/2022;5502;votou
2025-12-17;7045;PL 2234/2022;5386;P-NRV
2025-12-17;7045;PL 2234/2022;5012;votou
2025-12-17;7045;PL 2234/2022;70;votou
2025-12-17;7045;PL 2234/2022;5732;votou
2025-12-17;7045;PL 2234/2022;4694;votou
2025-12-17;7045;PL 2234/2022;5352;P-NRV
2025-12-17;7045;PL 2234/2022;6331;votou
2025-12-17;7045;PL 2234/2022;5988;votou
2025-12-17;7045;PL 2234/2022;5959;votou
2025-12-17;7045;PL 2234/2022;4560;votou
2025-12-17;7045;PL 2234/2022;6338;votou
2025-12-17;7045;PL 2234/2022;5736;votou
2025-12-17;7045;PL 2234/2022;5899;LS
2025-12-17;7045;PL 2234/2022;5748;P-NRV
2025-12-17;7045;PL 2234/2022;1173;P-NRV
2025-12-17;7045;PL 2234/2022;5411;votou
2025-12-17;7045;PL 2234/2022;5070;votou
2025-12-17;7045;PL 2234/2022;5783;votou
2025-12-17;7045;PL 2234/2022;3806;P-NRV
2025-12-17;7041;PL 2162/2023;5672;votou
2025-12-17;7041;PL 2162/2023;5982;votou
2025-12-17;7041;PL 2162/2023;6358;votou
2025-12-17;7041;PL 2162/2023;5967;votou
2025-12-17;7041;PL 2162/2023;6009;votou
2025-12-17;7041;PL 2162/2023;6350;votou
2025-12-17;7041;PL 2162/2023;4639;votou
2025-12-17;7041;PL 2162/2023;6372;votou
2025-12-17;7041;PL 2162/2023;5936;votou
2025-12-17;7041;PL 2162/2023;5990;LS
2025-12-17;7041;PL 2162/2023;470;votou
2025-12-17;7041;PL 2162/2023;5973;votou
2025-12-17;7041;PL 2162/2023;739;votou
2025-12-17;7041;PL 2162/2023;6337;votou
2025-12-17;7041;PL 2162/2023;475;votou
2025-12-17;7041;PL 2162/2023;6335;votou
2025-12-17;7041;PL 2162/2023;5998;votou
2025-12-17;7041;PL 2162/2023;3830;Presidente (art. 51 RISF)
2025-12-17;7041;PL 2162/2023;5793;votou
2025-12-17;7041;PL 2162/2023;5906;votou
2025-12-17;7041;PL 2162/2023;4994;P-NRV
2025-12-17;7041;PL 2162/2023;5976;votou
2025-12-17;7041;PL 2162/2023;3777;votou
2025-12-17;7041;PL 2162/2023;4642;votou
2025-12-17;7041;PL 2162/2023;5718;P-NRV
2025-12-17;7041;PL 2162/2023;22;votou
2025-12-17;7041;PL 2162/2023;5953;votou
2025-12-17;7041;PL 2162/2023;5917;votou
2025-12-17;7041;PL 2162/2023;6345;votou
2025-12-17;7041;PL 2162/2023;345;votou
2025-12-17;7041;PL 2162/2023;5894;votou
2025-12-17;7041;PL 2162/2023;6008;votou
2025-12-17;7041;PL 2162/2023;6341;votou
2025-12-17;7041;PL 2162/2023;5008;votou
2025-12-17;7041;PL 2162/2023;5385;votou
2025-12-17;7041;PL 2162/2023;6010;votou
2025-12-17;7041;PL 2162/2023;4770;votou
2025-12-17;7041;PL 2162/2023;35;votou
2025-12-17;7041;PL 2162/2023;6340;votou
2025-12-17;7041;PL 2162/2023;581;votou
2025-12-17;7041;PL 2162/2023;4531;votou
2025-12-17;7041;PL 2162/2023;5895;votou
2025-12-17;7041;PL 2162/2023;6342;votou
2025-12-17;7041;PL 2162/2023;6305;votou
2025-12-17;7041;PL 2162/2023;6369;votou
2025-12-17;7041;PL 2162/2023;4811;votou
2025-12-17;7041;PL 2162/2023;5979;votou
2025-12-17;7041;PL 2162/2023;5926;votou
2025-12-17;7041;PL 2162/2023;1186;P-NRV
2025-12-17;7041;PL 2162/2023;631;votou
2025-12-17;7041;PL 2162/2023;5376;votou
2025-12-17;7041;PL 2162/2023;742;votou
2025-12-17;7041;PL 2162/2023;285;votou
2025-12-17;7041;PL 2162/2023;5422;votou
2025-12-17;7041;PL 2162/2023;5942;votou
2025-12-17;7041;PL 2162/2023;6027;votou
2025-12-17;7041;PL 2162/2023;5985;votou
2025-12-17;7041;PL 2162/2023;5525;P-NRV
2025-12-17;7041;PL 2162/2023;5924;votou
2025-12-17;7041;PL 2162/2023;5523;votou
2025-12-17;7041;PL 2162/2023;825;votou
2025-12-17;7041;PL 2162/2023;5502;votou
2025-12-17;7041;PL 2162/2023;5386;votou
2025-12-17;7041;PL 2162/2023;5012;votou
2025-12-17;7041;PL 2162/2023;70;votou
2025-12-17;7041;PL 2162/2023;5732;votou
2025-12-17;7041;PL 2162/2023;4694;votou
2025-12-17;7041;PL 2162/2023;5352;votou
2025-12-17;7041;PL 2162/2023;6331;votou
2025-12-17;7041;PL 2162/2023;5988;votou
2025-12-17;7041;PL 2162/2023;5959;votou
2025-12-17;7041;PL 2162/2023;4560;votou
2025-12-17;7041;PL 2162/2023;6338;votou
2025-12-17;7041;PL 2162/2023;5736;votou
2025-12-17;7041;PL 2162/2023;5899;votou
2025-12-17;7041;PL 2162/2023;5748;votou
2025-12-17;7041;PL 2162/2023;1173;votou
2025-12-17;7041;PL 2162/2023;5411;P-NRV
2025-12-17;7041;PL 2162/2023;5070;votou
2025-12-17;7041;PL 2162/2023;5783;votou
2025-12-17;7041;PL 2162/2023;3806;votou
2025-12-17;7042;PLP 128/2025;5672;votou
2025-12-17;7042;PLP 128/2025;5982;votou
2025-12-17;7042;PLP 128/2025;6358;P-NRV
2025-12-17;7042;PLP 128/2025;5967;votou
2025-12-17;7042;PLP 128/2025;6009;votou
2025-12-17;7042;PLP 128/2025;6350;votou
2025-12-17;7042;PLP 128/2025;4639;votou
2025-12-17;7042;PLP 128/2025;6372;votou
2025-12-17;7042;PLP 128/2025;5936;votou
2025-12-17;7042;PLP 128/2025;5990;LS
2025-12-17;7042;PLP 128/2025;470;votou
2025-12-17;7042;PLP 128/2025;5973;votou
2025-12-17;7042;PLP 128/2025;739;votou
2025-12-17;7042;PLP 128/2025;6337;votou
2025-12-17;7042;PLP 128/2025;475;votou
2025-12-17;7042;PLP 128/2025;6335;votou
2025-12-17;7042;PLP 128/2025;5998;votou
2025-12-17;7042;PLP 128/2025;3830;Presidente (art. 51 RISF)
2025-12-17;7042;PLP 128/2025;5793;votou
2025-12-17;7042;PLP 128/2025;5906;votou
2025-12-17;7042;PLP 128/2025;4994;P-NRV
2025-12-17;7042;PLP 128/2025;5976;votou
2025-12-17;7042;PLP 128/2025;3777;votou
2025-12-17;7042;PLP 128/2025;4642;votou
2025-12-17;7042;PLP 128/2025;5718;votou
2025-12-17;7042;PLP 128/2025;22;votou
2025-12-17;7042;PLP 128/2025;5953;votou
2025-12-17;7042;PLP 128/2025;5917;votou
2025-12-17;7042;PLP 128/2025;6345;votou
2025-12-17;7042;PLP 128/2025;345;votou
2025-12-17;7042;PLP 128/2025;5894;P-NRV
2025-12-17;7042;PLP 128/2025;6008;votou
2025-12-17;7042;PLP 128/2025;6341;votou
2025-12-17;7042;PLP 128/2025;5008;votou
2025-12-17;7042;PLP 128/2025;5385;votou
2025-12-17;7042;PLP 128/2025;6010;votou
2025-12-17;7042;PLP 128/2025;4770;votou
2025-12-17;7042;PLP 128/2025;35;votou
2025-12-17;7042;PLP 128/2025;6340;votou
2025-12-17;7042;PLP 128/2025;581;votou
2025-12-17;7042;PLP 128/2025;4531;votou
2025-12-17;7042;PLP 128/2025;5895;votou
2025-12-17;7042;PLP 128/2025;6342;votou
2025-12-17;7042;PLP 128/2025;6305;votou
2025-12-17;7042;PLP 128/2025;6369;votou
2025-12-17;7042;PLP 128/2025;4811;votou
2025-12-17;7042;PLP 128/2025;5979;votou
2025-12-17;7042;PLP 128/2025;5926;P-NRV
2025-12-17;7042;PLP 128/2025;1186;P-NRV
2025-12-17;7042;PLP 128/2025;631;P-NRV
2025-12-17;7042;PLP 128/2025;5376;votou
2025-12-17;7042;PLP 128/2025;742;votou
2025-12-17;7042;PLP 128/2025;285;votou
2025-12-17;7042;PLP 128/2025;5422;votou
2025-12-17;7042;PLP 128/2025;5942;votou
2025-12-17;7042;PLP 128/2025;6027;votou
2025-12-17;7042;PLP 128/2025;5985;P-NRV
2025-12-17;7042;PLP 128/2025;5525;votou
2025-12-17;7042;PLP 128/2025;5924;votou
2025-12-17;7042;PLP 128/2025;5523;votou
2025-12-17;7042;PLP 128/2025;825;votou
2025-12-17;7042;PLP 128/2025;5502;votou
2025-12-17;7042;PLP 128/2025;5386;votou
2025-12-17;7042;PLP 128/2025;5012;votou
2025-12-17;7042;PLP 128/2025;70;votou
2025-12-17;7042;PLP 128/2025;5732;votou
2025-12-17;7042;PLP 128/2025;4694;votou
2025-12-17;7042;PLP 128/2025;5352;votou
2025-12-17;7042;PLP 128/2025;6331;votou
2025-12-17;7042;PLP 128/2025;5988;votou
2025-12-17;7042;PLP 128/2025;5959;P-NRV
2025-12-17;7042;PLP 128/2025;4560;votou
2025-12-17;7042;PLP 128/2025;6338;votou
2025-12-17;7042;PLP 128/2025;5736;votou
2025-12-17;7042;PLP 128/2025;5899;LS
2025-12-17;7042;PLP 128/2025;5748;votou
2025-12-17;7042;PLP 128/2025;1173;votou
2025-12-17;7042;PLP 128/2025;5411;votou
2025-12-17;7042;PLP 128/2025;5070;P-NRV
2025-12-17;7042;PLP 128/2025;5783;votou
2025-12-17;7042;PLP 128/2025;3806;P-NRV
2025-12-17;7043;PLP 128/2025;5672;votou
2025-12-17;7043;PLP 128/2025;5982;votou
2025-12-17;7043;PLP 128/2025;6358;P-NRV
2025-12-17;7043;PLP 128/2025;5967;votou
2025-12-17;7043;PLP 128/2025;6009;votou
2025-12-17;7043;PLP 128/2025;6350;votou
2025-12-17;7043;PLP 128/2025;4639;votou
2025-12-17;7043;PLP 128/2025;6372;votou
2025-12-17;7043;PLP 128/2025;5936;votou
2025-12-17;7043;PLP 128/2025;5990;LS
2025-12-17;7043;PLP 128/2025;470;votou
2025-12-17;7043;PLP 128/2025;5973;votou
2025-12-17;7043;PLP 128/2025;739;votou
2025-12-17;7043;PLP 128/2025;6337;votou
2025-12-17;7043;PLP 128/2025;475;votou
2025-12-17;7043;PLP 128/2025;6335;votou
2025-12-17;7043;PLP 128/2025;5998;votou
2025-12-17;7043;PLP 128/2025;3830;votou
2025-12-17;7043;PLP 128/2025;5793;P-NRV
2025-12-17;7043;PLP 128/2025;5906;votou
2025-12-17;7043;PLP 128/2025;4994;P-NRV
2025-12-17;7043;PLP 128/2025;5976;votou
2025-12-17;7043;PLP 128/2025;3777;Presidente (art. 51 RISF)
2025-12-17;7043;PLP 128/2025;4642;votou
2025-12-17;7043;PLP 128/2025;5718;votou
2025-12-17;7043;PLP 128/2025;22;votou
2025-12-17;7043;PLP 128/2025;5953;votou
2025-12-17;7043;PLP 128/2025;5917;votou
2025-12-17;7043;PLP 128/2025;6345;votou
2025-12-17;7043;PLP 128/2025;345;votou
2025-12-17;7043;PLP 128/2025;5894;votou
2025-12-17;7043;PLP 128/2025;6008;votou
2025-12-17;7043;PLP 128/2025;6341;votou
2025-12-17;7043;PLP 128/2025;5008;votou
2025-12-17;7043;PLP 128/2025;5385;votou
2025-12-17;7043;PLP 128/2025;6010;votou
2025-12-17;7043;PLP 128/2025;4770;votou
2025-12-17;7043;PLP 128/2025;35;votou
2025-12-17;7043;PLP 128/2025;6340;votou
2025-12-17;7043;PLP 128/2025;581;votou
2025-12-17;7043;PLP 128/2025;4531;votou
2025-12-17;7043;PLP 128/2025;5895;votou
2025-12-17;7043;PLP 128/2025;6342;votou
2025-12-17;7043;PLP 128/2025;6305;votou
2025-12-17;7043;PLP 128/2025;6369;votou
2025-12-17;7043;PLP 128/2025;4811;votou
2025-12-17;7043;PLP 128/2025;5979;votou
2025-12-17;7043;PLP 128/2025;5926;votou
2025-12-17;7043;PLP 128/2025;1186;P-NRV
2025-12-17;7043;PLP 128/2025;631;votou
2025-12-17;7043;PLP 128/2025;5376;votou
2025-12-17;7043;PLP 128/2025;742;votou
2025-12-17;7043;PLP 128/2025;285;votou
2025-12-17;7043;PLP 128/2025;5422;P-NRV
2025-12-17;7043;PLP 128/2025;5942;votou
2025-12-17;7043;PLP 128/2025;6027;P-NRV
2025-12-17;7043;PLP 128/2025;5985;votou
2025-12-17;7043;PLP 128/2025;5525;votou
2025-12-17;7043;PLP 128/2025;5924;P-NRV
2025-12-17;7043;PLP 128/2025;5523;votou
2025-12-17;7043;PLP 128/2025;825;votou
2025-12-17;7043;PLP 128/2025;5502;votou
2025-12-17;7043;PLP 128/2025;5386;votou
2025-12-17;7043;PLP 128/2025;5012;votou
2025-12-17;7043;PLP 128/2025;70;votou
2025-12-17;7043;PLP 128/2025;5732;votou
2025-12-17;7043;PLP 128/2025;4694;votou
2025-12-17;7043;PLP 128/2025;5352;votou
2025-12-17;7043;PLP 128/2025;6331;votou
2025-12-17;7043;PLP 128/2025;5988;votou
2025-12-17;7043;PLP 128/2025;5959;votou
2025-12-17;7043;PLP 128/2025;4560;votou
2025-12-17;7043;PLP 128/2025;6338;votou
2025-12-17;7043;PLP 128/2025;5736;votou
2025-12-17;7043;PLP 128/2025;5899;LS
2025-12-17;7043;PLP 128/2025;5748;votou
2025-12-17;7043;PLP 128/2025;1173;votou
2025-12-17;7043;PLP 128/2025;5411;votou
2025-12-17;7043;PLP 128/2025;5070;votou
2025-12-17;7043;PLP 128/2025;5783;votou
2025-12-17;7043;PLP 128/2025;3806;P-NRV
2025-12-17;7046;RQS 857/2024;5672;votou
2025-12-17;7046;RQS 857/2024;5982;votou
2025-12-17;7046;RQS 857/2024;6358;votou
2025-12-17;7046;RQS 857/2024;5967;votou
2025-12-17;7046;RQS 857/2024;6009;votou
2025-12-17;7046;RQS 857/2024;6350;P-NRV
2025-12-17;7046;RQS 857/2024;4639;votou
2025-12-17;7046;RQS 857/2024;6372;votou
2025-12-17;7046;RQS 857/2024;5936;votou
2025-12-17;7046;RQS 857/2024;5990;LS
2025-12-17;7046;RQS 857/2024;470;votou
2025-12-17;7046;RQS 857/2024;5973;votou
2025-12-17;7046;RQS 857/2024;739;votou
2025-12-17;7046;RQS 857/2024;6337;votou
2025-12-17;7046;RQS 857/2024;475;votou
2025-12-17;7046;RQS 857/2024;6335;votou
2025-12-17;7046;RQS 857/2024;5998;votou
2025-12-17;7046;RQS 857/2024;3830;votou
2025-12-17;7046;RQS 857/2024;5793;P-NRV
2025-12-17;7046;RQS 857/2024;5906;P-NRV
2025-12-17;7046;RQS 857/2024;4994;P-NRV
2025-12-17;7046;RQS 857/2024;5976;votou
2025-12-17;7046;RQS 857/2024;3777;Presidente (art. 51 RISF)
2025-12-17;7046;RQS 857/2024;4642;votou
2025-12-17;7046;RQS 857/2024;5718;votou
2025-12-17;7046;RQS 857/2024;22;votou
2025-12-17;7046;RQS 857/2024;5953;votou
2025-12-17;7046;RQS 857/2024;5917;votou
2025-12-17;7046;RQS 857/2024;6345;votou
2025-12-17;7046;RQS 857/2024;345;votou
2025-12-17;7046;RQS 857/2024;5894;votou
2025-12-17;7046;RQS 857/2024;6008;votou
2025-12-17;7046;RQS 857/2024;6341;votou
2025-12-17;7046;RQS 857/2024;5008;votou
2025-12-17;7046;RQS 857/2024;5385;votou
2025-12-17;7046;RQS 857/2024;6010;votou
2025-12-17;7046;RQS 857/2024;4770;votou
2025-12-17;7046;RQS 857/2024;35;votou
2025-12-17;7046;RQS 857/2024;6340;votou
2025-12-17;7046;RQS 857/2024;581;P-NRV
2025-12-17;7046;RQS 857/2024;4531;votou
2025-12-17;7046;RQS 857/2024;5895;P-NRV
2025-12-17;7046;RQS 857/2024;6342;votou
2025-12-17;7046;RQS 857/2024;6305;votou
2025-12-17;7046;RQS 857/2024;6369;votou
2025-12-17;7046;RQS 857/2024;4811;votou
2025-12-17;7046;RQS 857/2024;5979;votou
2025-12-17;7046;RQS 857/2024;5926;votou
2025-12-17;7046;RQS 857/2024;1186;P-NRV
2025-12-17;7046;RQS 857/2024;631;votou
2025-12-17;7046;RQS 857/2024;5376;votou
2025-12-17;7046;RQS 857/2024;742;votou
2025-12-17;7046;RQS 857/2024;285;votou
2025-12-17;7046;RQS 857/2024;5422;P-NRV
2025-12-17;7046;RQS 857/2024;5942;votou
2025-12-17;7046;RQS 857/2024;6027;P-NRV
2025-12-17;7046;RQS 857/2024;5985;votou
2025-12-17;7046;RQS 857/2024;5525;votou
2025-12-17;7046;RQS 857/2024;5924;votou
2025-12-17;7046;RQS 857/2024;5523;votou
2025-12-17;7046;RQS 857/2024;825;votou
2025-12-17;7046;RQS 857/2024;5502;votou
2025-12-17;7046;RQS 857/2024;5386;P-NRV
2025-12-17;7046;RQS 857/2024;5012;votou
2025-12-17;7046;RQS 857/2024;70;votou
2025-12-17;7046;RQS 857/2024;5732;votou
2025-12-17;7046;RQS 857/2024;4694;votou
2025-12-17;7046;RQS 857/2024;5352;P-NRV
2025-12-17;7046;RQS 857/2024;6331;votou
2025-12-17;7046;RQS 857/2024;5988;votou
2025-12-17;7046;RQS 857/2024;5959;votou
2025-12-17;7046;RQS 857/2024;4560;votou
2025-12-17;7046;RQS 857/2024;6338;votou
2025-12-17;7046;RQS 857/2024;5736;votou
2025-12-17;7046;RQS 857/2024;5899;LS
2025-12-17;7046;RQS 857/2024;5748;P-NRV
2025-12-17;7046;RQS 857/2024;1173;P-NRV
2025-12-17;7046;RQS 857/2024;5411;votou
2025-12-17;7046;RQS 857/2024;5070;votou
2025-12-17;7046;RQS 857/2024;5783;votou
2025-12-17;7046;RQS 857/2024;3806;P-NRV
