ano,mes,natureza,empenho,ordem_bancaria,credor,objeto,valor
2025,1,339030,2024NE001104,2024OB008863,ADEMAR LUIZ TRAIANO,"Ressarc. Dep. Ademar Traiano, 03119-23.2024",2803.56
2025,1,339039,2024NE001105,2024OB008864,ADEMAR LUIZ TRAIANO,"Ressarc. Dep. Ademar Traiano, 03119-23.2024",13333.79
2025,1,339033,2024NE002070,2024OB008888,ADRIANO JOSE DA SILVA,Ressarcimento.Deput.Soldado Adriano.Prot.07001-66.2024,1004.08
2025,1,339039,2024NE001314,2024OB008875,ADÃO FERNANDES,Ressarcimento.Deput.Adao Litro.prot.04060-30.2024,16605.17
2025,1,339030,2024NE001313,2024OB008880,ADÃO FERNANDES,Ressarcimento.Deput.Adao Litro.Prot.04060-30.2024,1354.95
2025,1,339030,2024NE001310,2024OB008881,ALDINO JORGE BUENO,Ressarcimento Deputado Gugu Bueno 04062-73.2024,1287.94
2025,1,339039,2024NE001311,2024OB008882,ALDINO JORGE BUENO,Ressarcimento Deputado Gugu Bueno 04062-73.2024,913.15
2025,1,339030,2024NE001077,2024OB008858,ALEXANDRE AMARO,"RESSARCIMENTO DEP. ALEXANDRE AMARO, PROT 03182-68.2024",3029.97
2025,1,339039,2024NE001078,2024OB008859,ALEXANDRE AMARO,"RESSARCIMENTO DEP. ALEXANDRE AMARO, PROT 03182-68.2024",6203.14
2025,1,339039,2025NE000088,2025OB000089,ALEXANDRE AMARO,Ressarcimento.Deput.Alexandre Amaro.Prot.00572-16.2025,1268.95
2025,1,339030,2025NE000134,2025OB000153,ALEXANDRE AMARO,"RESSARCIMENTO DEP. ALEXANDRE AMARO, PROT 00863-16.2025",3044.27
2025,1,339039,2025NE000135,2025OB000154,ALEXANDRE AMARO,"RESSARCIMENTO DEP. ALEXANDRE AMARO, PROT 00863-16.2025",1820.4
2025,1,339030,2024NE002455,2024OB008907,ALISSON ANTHONY WANDSCHEER,"RESSARCIMENTO DEP. ALISSON WANDESCHEER, PROT. SEI 08423-84.2024",5184.72
2025,1,339033,2024NE002234,2024OB008890,ANA JÚLIA RIBEIRIO,"RESSARCIMENTO DEP. ANA JULIA, PROT. SEI 07455-30.2024",1114.24
2025,1,339030,2024NE002248,2024OB008891,ANTENOR GOMES DE LIMA,Ressarcimento.Deput.Dr Antenor.prot.07438-04.2024,4060.42
2025,1,339030,2024NE001452,2025OB000027,ARTAGAO DE MATTOS LEÃO JUNIOR,"Ressarc. Dep. Artagão Junior, 04675-12.2024",2705.4
2025,1,339030,2025NE000065,2025OB000085,ARTAGAO DE MATTOS LEÃO JUNIOR,"Ressarc. Dep. Artagão, 00595-74.2025",291.36
2025,1,339039,2025NE000066,2025OB000086,ARTAGAO DE MATTOS LEÃO JUNIOR,"Ressarc. Dep. Artagão, 00595-74.2025",12180.0
2025,1,339030,2025NE000085,2025OB000114,ARTAGAO DE MATTOS LEÃO JUNIOR,Ressarcimento Deputado Artagão 00587-96.2025,3704.54
2025,1,339014,2025NE000083,2025OB000115,ARTAGAO DE MATTOS LEÃO JUNIOR,Ressarcimento Deputado Artagão 00587-96.2025,2173.23
2025,1,339030,2024NE001304,2024OB008867,CLOARA PINHEIRO LIMA,"Ressarc. Dep. Cloara Pinheiro, 04070-51.2024",4777.24
2025,1,339033,2024NE001305,2024OB008868,CLOARA PINHEIRO LIMA,"Ressarc. Dep. Cloara Pinheiro, 04070-51.2024",63.19
2025,1,339039,2024NE001306,2024OB008869,CLOARA PINHEIRO LIMA,"Ressarc. Dep. Cloara Pinheiro, 04070-51.2024",4027.03
2025,1,339039,2024NE002906,2025OB000013,CLOARA PINHEIRO LIMA,Ressarcimento.Deput.Cloara Pinheiro.Prot.09963-20.2024,0.3
2025,1,339030,2025NE000107,2025OB000143,CLOARA PINHEIRO LIMA,"Ressarc. Dep. Cloara Pinheiro, 00809-19.2025",3726.02
2025,1,339039,2025NE000108,2025OB000144,CLOARA PINHEIRO LIMA,"Ressarc. Dep. Cloara Pinheiro, 00809-19.2025",4862.31
2025,1,339030,2025NE000111,2025OB000161,CLOARA PINHEIRO LIMA,Ressarcimento.Deput.Cloara Pinheiro.Prot.00828-88.2025,721.29
2025,1,339033,2025NE000112,2025OB000162,CLOARA PINHEIRO LIMA,Ressarcimento.Deput.Cloara Pinheiro.Prot.00828-88.2025,2440.41
2025,1,339039,2025NE000113,2025OB000163,CLOARA PINHEIRO LIMA,Ressarcimento.Deput.Cloara Pinheiro.Prot.00828-88.2025,174.99
2025,1,339030,2024NE001278,2025OB000029,DENIAN COUTO COELHO,"Ressarc. Dep. Denian Couto, 03814-76.2024",866.08
2025,1,339039,2025NE000115,2025OB000155,DENIAN COUTO COELHO,"RESSARCIMENTO DEP. DENIAN COUTO, PROT 00774-91.2025",17780.0
2025,1,339030,2024NE001321,2024OB008878,DEVANIL REGINALDO DA SILVA,"RESSARCIMENTO DEP. COBRA REPORTER, PROT. 04076-83.2024",441.66
2025,1,339039,2024NE001322,2024OB008879,DEVANIL REGINALDO DA SILVA,"RESSARCIMENTO DEP. COBRA REPORTER, PROT. 04076-83.2024",12623.55
2025,1,339030,2025NE000114,2025OB000147,DEVANIL REGINALDO DA SILVA,Ressarcimento.Deput.Cobra reporter.prot.00819-40.2025,397.6
2025,1,339039,2025NE000116,2025OB000148,DEVANIL REGINALDO DA SILVA,Ressarcimento.Deput.Cobra reporter.prot.00819-40.2025,574.84
2025,1,339030,2025NE000129,2025OB000159,DEVANIL REGINALDO DA SILVA,Ressarcimento Deputado Cobra Repórter 00861-70.2025,982.71
2025,1,339039,2025NE000130,2025OB000160,DEVANIL REGINALDO DA SILVA,Ressarcimento Deputado Cobra Repórter 00861-70.2025,7000.0
2025,1,339033,2024NE001328,2024OB008883,EVANDRO JOSE DA CRUZ ARAUJO,Ressarcimento.Deput.Evandro Araujo.Prot.04088-50.2024,957.86
2025,1,339039,2024NE001329,2024OB008884,EVANDRO JOSE DA CRUZ ARAUJO,Ressarcimento.Deput.Evandro Araujo.Prot.04088-50.2024,329.51
2025,1,339030,2024NE001327,2024OB008885,EVANDRO JOSE DA CRUZ ARAUJO,Ressarcimento.Deput.Evandro Araujo.Prot.04088-50.2024,1605.26
2025,1,339030,2025NE000102,2025OB000131,EVANDRO JOSE DA CRUZ ARAUJO,Ressarcimento.Deput.Evandro Araujo.Prot.00800-68.2025,1193.96
2025,1,339039,2025NE000103,2025OB000132,EVANDRO JOSE DA CRUZ ARAUJO,Ressarcimento.Deput.Evandro Araujo.Prot.00800-68.2025,6497.69
2025,1,339030,2025NE000104,2025OB000139,EVANDRO JOSE DA CRUZ ARAUJO,"RESSARCIMENTO DEP. EVANDRO ARAUJO , PROT 00802-14.2025",1645.48
2025,1,339039,2025NE000105,2025OB000140,EVANDRO JOSE DA CRUZ ARAUJO,"RESSARCIMENTO DEP. EVANDRO ARAUJO , PROT 00802-14.2025",2296.97
2025,1,339039,2024NE001108,2024OB008866,FLAVIA CAROLINA RESENDE JABER FRANCISCHINI,"RESSARCIMENTO DEP. FLAVIA FRANCISCHINI, PROT.03332-92.2024",12000.0
2025,1,339030,2024NE001312,2024OB008886,FLAVIA CAROLINA RESENDE JABER FRANCISCHINI,Ressarcimento.Deput.Flavia Francischini.prot.04104-06.2024,875.75
2025,1,339039,2025NE000057,2025OB000064,FLAVIA CAROLINA RESENDE JABER FRANCISCHINI,Ressarcimento Deputada Flávia Francischini 00618-35.2025,14800.0
2025,1,339030,2025NE000090,2025OB000093,FLAVIA CAROLINA RESENDE JABER FRANCISCHINI,"RESSARCIMENTO DEP. FLAVIA FRANSCHIMI, PROT 00619-08.2025",432.3
2025,1,339039,2025NE000091,2025OB000094,FLAVIA CAROLINA RESENDE JABER FRANCISCHINI,"RESSARCIMENTO DEP. FLAVIA FRANSCHIMI, PROT 00619-08.2025",25000.0
2025,1,339030,2025NE000127,2025OB000141,GILSON DE SOUZA,"Ressarc. Dep. Gilson de Souza, 00913-24.2025",920.44
2025,1,339039,2025NE000128,2025OB000142,GILSON DE SOUZA,"Ressarc. Dep. Gilson de Souza, 00913-24.2025",4049.44
2025,1,339039,2024NE001324,2024OB008876,HUSSEIN BAKRI,"RESSARCIMENTO DEP. HUSSEIN BAKRI, PROT. 04084-61.2024",13973.57
2025,1,339030,2024NE001323,2024OB008877,HUSSEIN BAKRI,"RESSARCIMENTO DEP. HUSSEIN BAKRI, PROT. 04084-61.2024",1312.85
2025,1,339039,2024NE000312,2025OB000033,JOSE GILBERTO DO CARMO ALVES RIBEIRO,"Ressarc. Dep. Gilberto Ribeiro, 00855-41.2024",152.67
2025,1,339039,2024NE000311,2025OB000034,JOSE GILBERTO DO CARMO ALVES RIBEIRO,"Ressarc. Dep. Gilberto Ribeiro, 00855-41.2024",534.89
2025,1,339030,2024NE000310,2025OB000035,JOSE GILBERTO DO CARMO ALVES RIBEIRO,"Ressarc. Dep. Gilberto Ribeiro, 00855-41.2024",1717.95
2025,1,339030,2024NE000309,2025OB000036,JOSE GILBERTO DO CARMO ALVES RIBEIRO,"Ressarc. Dep. Gilberto Ribeiro, 00855-41.2024",139.8
2025,1,339039,2025NE000133,2025OB000151,JOSE GILBERTO DO CARMO ALVES RIBEIRO,"RESSARCIMENTO DEP. GILBERTO RIBEIRO, PROT 00841-28.2025",4142.31
2025,1,339030,2025NE000132,2025OB000152,JOSE GILBERTO DO CARMO ALVES RIBEIRO,"RESSARCIMENTO DEP. GILBERTO RIBEIRO, PROT 00841-28.2025",1239.48
2025,1,339030,2025NE000109,2025OB000193,JOSE GILBERTO DO CARMO ALVES RIBEIRO,Ressarcimento Deputado Gilberto Ribeiro 00832-77.2025,199.9
2025,1,339039,2025NE000110,2025OB000194,JOSE GILBERTO DO CARMO ALVES RIBEIRO,Ressarcimento Deputado Gilberto Ribeiro 00832-77.2025,8449.18
2025,1,339014,2024NE002336,2024OB008899,JOSE RODRIGUES LEMOS,Ressarcimento Deputado Prof.Lemos 07416-16.2024,3863.52
2025,1,339014,2024NE001083,2024OB008860,JOSE TIAGO CAMARGO DO AMARAL,"Ressarc. Dep. Tiago Amaral, 03261-69.2024",5044.04
2025,1,339030,2024NE001084,2024OB008861,JOSE TIAGO CAMARGO DO AMARAL,"Ressarc. Dep. Tiago Amaral, 03261-69.2024",1821.54
2025,1,339039,2024NE001085,2024OB008862,JOSE TIAGO CAMARGO DO AMARAL,"Ressarc. Dep. Tiago Amaral, 03261-69.2024",4121.15
2025,1,339030,2024NE002251,2024OB008893,LUCIANA GUZELLA RAFAGNIN,Ressarcimento.Deput.Luciana Rafagnin.Prot.07470-13.2024,2517.75
2025,1,339033,2024NE002252,2024OB008894,LUCIANA GUZELLA RAFAGNIN,Ressarcimento.Deput.Luciana rafagnin.Prot.07470-13.2024,1956.07
2025,1,339039,2024NE002253,2024OB008895,LUCIANA GUZELLA RAFAGNIN,Ressarcimento.Deput.Luciana rafagnin.Prot.07470-13.2024,3898.67
2025,1,339039,2024NE000364,2025OB000032,LUCIANA GUZELLA RAFAGNIN,Ressarcimento.Deput.Luciana Rafagnin.Prot.00815-54.2024,70.6
2025,1,339030,2025NE000138,2025OB000190,LUCIANA GUZELLA RAFAGNIN,"Ressarc. Dep. Luciana Rafagnin, 00936-82.2025",3452.84
2025,1,339033,2025NE000139,2025OB000191,LUCIANA GUZELLA RAFAGNIN,"Ressarc. Dep. Luciana Rafagnin, 00936-82.2025",381.52
2025,1,339039,2025NE000140,2025OB000192,LUCIANA GUZELLA RAFAGNIN,"Ressarc. Dep. Luciana Rafagnin, 00936-82.2025",2048.5
2025,1,339039,2024NE001405,2025OB000028,LUIS RAIMUNDO CORTI,Ressarcimento.Deput.Luis Corti.Prot.04441-25.2024,10000.0
2025,1,339033,2024NE002255,2024OB008896,MARCIA CECILIA HUÇULAK,Ressarcimento.Deput.Marcia Huçulak.Prot.07458-46.2024,60.2
2025,1,339030,2024NE002254,2024OB008897,MARCIA CECILIA HUÇULAK,Ressarcimento.Deput.Marcia Huçulak.Prot.07458-46.2024,3773.18
2025,1,339039,2024NE002258,2024OB008898,MARCIA CECILIA HUÇULAK,Ressarcimento.Deput.Marcia Huçulak.Prot.07458-46.2024,15184.59
2025,1,339030,2025NE000119,2025OB000156,MARCIO JOSE PACHECO RAMOS,"RESSARCIMENTO DEP. MARCIO PACHECO, PROT 00745-98.2025",2223.39
2025,1,339033,2025NE000120,2025OB000157,MARCIO JOSE PACHECO RAMOS,"RESSARCIMENTO DEP. MARCIO PACHECO, PROT 00745-98.2025",470.95
2025,1,339039,2025NE000121,2025OB000158,MARCIO JOSE PACHECO RAMOS,"RESSARCIMENTO DEP. MARCIO PACHECO, PROT 00745-98.2025",5489.22
2025,1,339030,2025NE000092,2025OB000112,MARIA VICTORIA BORGHETTI BARROS,"Ressarc. Dep. Maria Victoria, 00710-73.2025",7989.19
2025,1,339039,2025NE000093,2025OB000113,MARIA VICTORIA BORGHETTI BARROS,"Ressarc. Dep. Maria Victoria, 00710-73.2025",1600.0
2025,1,339033,2025NE000151,2025OB000189,MARIA VICTORIA BORGHETTI BARROS,Ressarcimento Deputada Maria Victoria 01021-18.2025,1848.84
2025,1,339030,2024NE001325,2024OB008872,MARILEI DE SOUZA LIMA,Ressarcimento.Deput.Cantora Mara Lima.Prot.04099-44.2024,1836.07
2025,1,339039,2024NE001326,2024OB008873,MARILEI DE SOUZA LIMA,Ressarcimento.Deput.Cantora mara Lima.Prot.04099-44.2024,200.0
2025,1,339030,2025NE000148,2025OB000206,MARILEI DE SOUZA LIMA,Ressarcimento.Deput.Cantora Mara Lima.prot.00864-86.2025,679.24
2025,1,339039,2025NE000154,2025OB000207,MARILEI DE SOUZA LIMA,Ressarcimenti.Deput.Cantora Mara Lima.Prot.00864-86.2025,626.42
2025,1,339030,2025NE000142,2025OB000199,MATHEUS VELOSO MARIA,"RESSARCIMENTO DEP. MATHEUS VERMELHO, PROT 01002-46.2025",11083.94
2025,1,339033,2025NE000143,2025OB000200,MATHEUS VELOSO MARIA,"RESSARCIMENTO DEP. MATHEUS VERMELHO, PROT 01002-46.2025",2771.79
2025,1,339039,2025NE000144,2025OB000201,MATHEUS VELOSO MARIA,"RESSARCIMENTO DEP. MATHEUS VERMELHO, PROT 01002-46.2025",22056.24
2025,1,339030,2025NE000099,2025OB000133,MAURICIO THADEU DE MELLO E SILVA,"RESSARCIMENTO DEP. REQUIAO, PROT 00738-93.2025",2347.21
2025,1,339039,2025NE000101,2025OB000134,MAURICIO THADEU DE MELLO E SILVA,"RESSARCIMENTO DEP. REQUIAO, PROT 00738-93.2025",31006.6
2025,1,339030,2025NE000125,2025OB000145,MAURICIO THADEU DE MELLO E SILVA,"Ressarc. Dep. Requião Filho, 00889-90.2025",3446.73
2025,1,339039,2025NE000126,2025OB000146,MAURICIO THADEU DE MELLO E SILVA,"Ressarc. Dep. Requião Filho, 00889-90.2025",27218.35
2025,1,339030,2024NE001315,2024OB008870,NEY LEPREVOST NETO,"Ressarc. Dep. Ney Leprevost, 04059-57.2024",17508.8
2025,1,339039,2024NE001316,2024OB008871,NEY LEPREVOST NETO,"Ressarc. Dep. Ney Leprevost, 04059-57.2024",43701.85
2025,1,339014,2024NE001330,2024OB008874,OZIEL LUIZ DE SOUZA,Ressarcimento Deputado Batatinha 04101-87.2024,1690.29
2025,1,339030,2025NE000095,2025OB000135,OZIEL LUIZ DE SOUZA,Ressarcimento Deputado Batatinha 00767-86.2025,2603.5
2025,1,339039,2025NE000100,2025OB000136,OZIEL LUIZ DE SOUZA,Ressarcimento Deputado Batatinha 00767-86.2025,300.0
2025,1,339033,2025NE000098,2025OB000137,OZIEL LUIZ DE SOUZA,Ressarcimento Deputado Batatinha 00767-86.2025,2261.1
2025,1,339030,2025NE000097,2025OB000138,OZIEL LUIZ DE SOUZA,Ressarcimento Deputado Batatinha 00767-86.2025,241.22
2025,1,339030,2025NE000117,2025OB000149,OZIEL LUIZ DE SOUZA,"RESSARCIMENTO DEP. OZIEL LUIZ (BATATINHA), PROT 00826-45.2025",135.18
2025,1,339039,2025NE000118,2025OB000150,OZIEL LUIZ DE SOUZA,"RESSARCIMENTO DEP. OZIEL LUIZ (BATATINHA), PROT 00826-45.2025",11821.19
2025,1,339014,2024NE001073,2024OB008854,PAULO ROBERTO MOREIRA GOMES JUNIOR,"Ressarc. Dep. Paulo Gomes, 03090-30.2024",482.94
2025,1,339030,2024NE001074,2024OB008855,PAULO ROBERTO MOREIRA GOMES JUNIOR,"Ressarc. Dep. Paulo Gomes, 03090-30.2024",3481.97
2025,1,339033,2024NE001075,2024OB008856,PAULO ROBERTO MOREIRA GOMES JUNIOR,"Ressarc. Dep. Paulo Gomes, 03090-30.2024",576.49
2025,1,339039,2024NE001076,2024OB008857,PAULO ROBERTO MOREIRA GOMES JUNIOR,"Ressarc. Dep. Paulo Gomes, 03090-30.2024",12000.0
2025,1,339030,2024NE001063,2024OB008852,PAULO ROGERIO DO CARMO,Ressarcimento.Deput.Do Carmo.Prot.03115-34.2024,329.97
2025,1,339039,2024NE001064,2024OB008853,PAULO ROGERIO DO CARMO,Ressarcimento.Deput.Do Carmo.Prot.03115-34.2024,1761.47
2025,1,339033,2024NE001814,2025OB000024,PAULO ROGERIO DO CARMO,Ressarcimento.Deput.Do Carmo.Prot.05995-68.2024,3633.34
2025,1,339030,2024NE000799,2025OB000030,PEDRO PAULO BAZANA,Ressarcimento Deputado Bazana 02095-26.2024,875.72
2025,1,339039,2025NE000106,2025OB000198,RENATO DE ALMEIDA FREITAS JUNIOR,Ressarcimento.Deput.Renato Freitas.Prot.00604-25.2025,9000.0
2025,10,339039,2025NE004596,2025OB010994,ADEMAR LUIZ TRAIANO,Ressarcimento Deputado Ademar Traiano 22484-92.2025,32148.71
2025,10,339030,2025NE004591,2025OB010995,ADEMAR LUIZ TRAIANO,Ressarcimento Deputado Ademar Traiano 22484-92.2025,6998.12
2025,10,339039,2025NE004410,2025OB010485,ADRIANO JOSE DA SILVA,Ressarcimento deputado Soldado Adriano 21578-13.2025,241.4
2025,10,339033,2025NE004409,2025OB010486,ADRIANO JOSE DA SILVA,Ressarcimento Deputado Soldado Adriano 21578-13.2025,8515.7
2025,10,339030,2025NE004408,2025OB010487,ADRIANO JOSE DA SILVA,Ressarcimento deputado Soldado Adriano 21578-13.2025,1384.0
2025,10,339039,2025NE004677,2025OB011114,ADRIANO JOSE DA SILVA,Ressarcimento Deputado Soldado Adriano 22654-61.2025,10908.4
2025,10,339033,2025NE004676,2025OB011115,ADRIANO JOSE DA SILVA,Ressarcimento Deputado Soldado Adriano 22654-61.2025,1625.85
2025,10,339039,2025NE004675,2025OB011354,ADRIANO JOSE DA SILVA,Ressarcimento Deputado Soldado Adriano 22310-37.2025,6529.57
2025,10,339033,2025NE004674,2025OB011355,ADRIANO JOSE DA SILVA,Ressarcimento Deputado Soldado Adriano 22310-37.2025,2238.69
2025,10,339030,2025NE004672,2025OB011356,ADRIANO JOSE DA SILVA,Ressarcimento Deputado Soldado Adriano 22310-37.2025,3834.93
2025,10,339033,2025NE004866,2025OB011732,ADRIANO JOSE DA SILVA,Ressa.Deput.Soldado Adriano.Prot.23143-50.2025,3728.1
2025,10,339030,2025NE004865,2025OB011733,ADRIANO JOSE DA SILVA,Ressa.Deput.Soldado Adriano.Prot.23143-50.2025,2332.63
2025,10,339039,2025NE004509,2025OB010815,ADÃO FERNANDES,Ressa.Deput.Adao Litro.Prot.21997-49.2025,14830.0
2025,10,339030,2025NE004508,2025OB010816,ADÃO FERNANDES,Ressa.Deput.Adão Litro.Prot.21997-49.2025,2320.86
2025,10,339039,2025NE004645,2025OB011111,ADÃO FERNANDES,Ressarcimento deputado Adão Litro 22433-14.2025,2577.81
2025,10,339033,2025NE004644,2025OB011112,ADÃO FERNANDES,Ressarcimento Deputado Adão Litro 22433-14.2025,11.7
2025,10,339030,2025NE004643,2025OB011113,ADÃO FERNANDES,Ressarcimento deputado Adão Litro 22433-14.2025,1423.54
2025,10,339039,2025NE004791,2025OB011609,ADÃO FERNANDES,"Ressarc. Dep. Dep. Adão Litro, 22982-32.2025",15687.37
2025,10,339033,2025NE004790,2025OB011610,ADÃO FERNANDES,"Ressarc. Dep. Dep. Adão Litro, 22982-32.2025",496.19
2025,10,339030,2025NE004789,2025OB011611,ADÃO FERNANDES,"Ressarc. Dep. Dep. Adão Litro, 22982-32.2025",2427.2
2025,10,339014,2025NE004573,2025OB010971,ALEXANDRE AMARO,Ressarcimento Deputado Alxandre Amaro 22456-72.2025,501.73
2025,10,339030,2025NE004574,2025OB010972,ALEXANDRE AMARO,Ressarcimento deputado Alexandre Amaro 22456-72.2025,1251.96
2025,10,339039,2025NE004575,2025OB010973,ALEXANDRE AMARO,Ressarcimento deputado Alexandre Amaro 22456-72.2025,12817.69
2025,10,339014,2025NE004762,2025OB011613,ALEXANDRE AMARO,Ressarcimento deputado Alexandre Amaro 22576-33.2025,250.86
2025,10,339030,2025NE004763,2025OB011614,ALEXANDRE AMARO,Ressarcimento deputado Alexandre Amaro 22576-33.2025,2268.13
2025,10,339039,2025NE004767,2025OB011615,ALEXANDRE AMARO,Ressarcimento Deputado Alexandre Amaro 22576-33.2025,8055.98
2025,10,339033,2025NE004764,2025OB011616,ALEXANDRE AMARO,Ressarcimento deputado Alexandre Amaro 22576-33.2025,74.5
2025,10,339039,2025NE004557,2025OB010906,ALISSON ANTHONY WANDSCHEER,Ressa.Deput.Alisson Wandscheer.Prot.21828-53.2025,41270.0
2025,10,339030,2025NE004555,2025OB010907,ALISSON ANTHONY WANDSCHEER,Ressa.Deput.Alisson Wandscheer.Prot.21828-53.2025,4636.15
2025,10,339039,2025NE004742,2025OB011515,ANA JÚLIA RIBEIRIO,"Ressarc. Dep. Ana Julia, 22802-42.2025",10200.0
2025,10,339039,2025NE004284,2025OB010108,ANTENOR GOMES DE LIMA,"Ressarc. Dep. Dr. Antenor, 20797-51.2025",11727.04
2025,10,339039,2025NE004757,2025OB011569,ANTENOR GOMES DE LIMA,Ressarcimento Dr. Antenor 22703-96.2025,37488.75
2025,10,339030,2025NE004755,2025OB011571,ANTENOR GOMES DE LIMA,Ressarcimento Deputado Dr. Antenor 22703-96.2025,4576.27
2025,10,339039,2025NE004682,2025OB011108,ANTONIO ANNIBELLI NETO,Ressarcimento deputado Anibeli Neto 22829-89.2025,13363.68
2025,10,339030,2025NE004678,2025OB011109,ANTONIO ANNIBELLI NETO,Ressarcimento Deputado Anibeli Neto 22829-89.2025,12221.89
2025,10,339033,2025NE004680,2025OB011110,ANTONIO ANNIBELLI NETO,Ressarcimento Deputado Anibeli Neto 22829-89.2025,1047.4
2025,10,339039,2025NE004656,2025OB011118,ARILSON MAROLDI CHIORATO,Ressarcimento Deputado Arilson Chiorato 22348-78.2025,10291.79
2025,10,339033,2025NE004654,2025OB011119,ARILSON MAROLDI CHIORATO,Ressarcimento Deputado Arilson Chiorato 22348-78.2025,1705.29
2025,10,339030,2025NE004649,2025OB011120,ARILSON MAROLDI CHIORATO,Ressarcimento deputado Arilson Chiorato 22348-78.2025,4014.28
2025,10,339039,2025NE004721,2025OB011317,ARILSON MAROLDI CHIORATO,Ressarcimento deputado Arilson Chiorato 22922-03.2025,16354.22
2025,10,339033,2025NE004720,2025OB011318,ARILSON MAROLDI CHIORATO,Ressarcimento deputado Arilson Chiorato 22922-03.2025,3047.28
2025,10,339030,2025NE004719,2025OB011319,ARILSON MAROLDI CHIORATO,Ressarcimento deputado Arilson Chiorato 22922-03.2025,6981.39
2025,10,339033,2025NE004760,2025OB011518,ARILSON MAROLDI CHIORATO,Ressa.Deput.Arilson Chiorato.Prot.22770-33.2025,446.62
2025,10,339039,2025NE004761,2025OB011519,ARILSON MAROLDI CHIORATO,Ressa.Deput.Arilson Chiorato.Prot.22770-33.2025,1976.6
2025,10,339039,2025NE004759,2025OB011561,ARILSON MAROLDI CHIORATO,Ressarcimento deputado Arilson Chiorato 23076-16.2025,6140.0
2025,10,339030,2025NE004393,2025OB010515,ARTAGAO DE MATTOS LEÃO JUNIOR,"Ressarc. Dep. Artagão, 21149-53.2025",1794.1
2025,10,339014,2025NE004392,2025OB010516,ARTAGAO DE MATTOS LEÃO JUNIOR,"Ressarc. Dep. Artagão, 21149-53.2025",2257.76
2025,10,339039,2025NE004476,2025OB010800,ARTAGAO DE MATTOS LEÃO JUNIOR,Ressarcimento deputado Artagão 21994-33.2025,180.0
2025,10,339030,2025NE004475,2025OB010801,ARTAGAO DE MATTOS LEÃO JUNIOR,Ressarcimento deputado Artagão 21994-33.2025,4148.21
2025,10,339014,2025NE004474,2025OB010802,ARTAGAO DE MATTOS LEÃO JUNIOR,Ressarcimento deputado Artagão 21994-33.2025,2257.76
2025,10,339030,2025NE004598,2025OB010987,ARTAGAO DE MATTOS LEÃO JUNIOR,"Ressarc. Artagão Junior, 22223-58.2025",3610.21
2025,10,339014,2025NE004597,2025OB010988,ARTAGAO DE MATTOS LEÃO JUNIOR,"Ressarc. Artagão Junior, 22223-58.2025",6020.68
2025,10,339030,2025NE004602,2025OB010989,ARTAGAO DE MATTOS LEÃO JUNIOR,"Ressarc. Dep. Artagão, 22421-47.2025",1459.98
2025,10,339039,2025NE004603,2025OB010990,ARTAGAO DE MATTOS LEÃO JUNIOR,"Ressarc. Dep. Artagão, 22421-47.2025",2880.9
2025,10,339014,2025NE004708,2025OB011288,ARTAGAO DE MATTOS LEÃO JUNIOR,Ressa.Deput.Artagao Junior.Prot.22575-60.2025,4264.65
2025,10,339030,2025NE004709,2025OB011289,ARTAGAO DE MATTOS LEÃO JUNIOR,Ressa.Deput.Artagão Junior.22575-60.2025,4232.15
2025,10,339030,2025NE004748,2025OB011520,ARTAGAO DE MATTOS LEÃO JUNIOR,"Ressarc. Dep. Artagão Junior, 22765-71.2025",258.0
2025,10,339039,2025NE004749,2025OB011521,ARTAGAO DE MATTOS LEÃO JUNIOR,"Ressarc. Dep. Artagão Junior, 22765-71.2025",10500.0
2025,10,339014,2025NE004778,2025OB011568,ARTAGAO DE MATTOS LEÃO JUNIOR,Ressa.Deput.Artagao Junior.Prot.23064-49.2025,3762.93
2025,10,339030,2025NE004779,2025OB011570,ARTAGAO DE MATTOS LEÃO JUNIOR,Ressa.Deput.Artagao Junior.Prot.23064-49.2025,3490.52
2025,10,339039,2025NE004412,2025OB010564,Aldino Jorge Bueno,Ressarcimenton Deputado Gugu Bueno 21758-03.2025,9784.11
2025,10,339030,2025NE004411,2025OB010565,Aldino Jorge Bueno,Ressarcimento deputado Gugu Bueno 21758-03.2025,846.34
2025,10,339030,2025NE004458,2025OB010631,Aldino Jorge Bueno,Ressarcimento Deputado Gugu Bueno 22047-57.2025,6538.01
2025,10,339039,2025NE004460,2025OB010632,Aldino Jorge Bueno,Ressarcimento deputado Gugu Bueno 22047-57.2025,8299.62
2025,10,339030,2025NE004685,2025OB011116,Aldino Jorge Bueno,Ressa.Dep.Gugu Bueno.Prot.22804-85.2025,1002.12
2025,10,339039,2025NE004686,2025OB011117,Aldino Jorge Bueno,Ressa.Deput.Gugu Bueno.Prot.22804-85.2025,18500.0
2025,10,339039,2025NE004525,2025OB010812,CLOARA PINHEIRO LIMA,Ressa.Deput.Cloara Pinheiro.Prot.22167-18.2025,17661.98
2025,10,339033,2025NE004524,2025OB010813,CLOARA PINHEIRO LIMA,Ressa.Cloara Pinheiro.Prot.22167-18.2025,2941.97
2025,10,339030,2025NE004519,2025OB010814,CLOARA PINHEIRO LIMA,Ressa.Deput.Cloara Pinheirp.Prot.22167-18.2025,1215.48
2025,10,339039,2025NE004533,2025OB010850,CLOARA PINHEIRO LIMA,Ressarcimento Deputada Cloara 21768-24.2025,5259.15
2025,10,339033,2025NE004532,2025OB010851,CLOARA PINHEIRO LIMA,Ressarcimento deputada Cloara 21768-24.2025,3977.27
2025,10,339093,2026NE003095,2025OB011204,CLOARA PINHEIRO LIMA,"Ressarc. Dep. Cloara Pinheiro, 16528-75.2026",14896.0
2025,10,339039,2025NE004595,2025OB010980,DENIAN COUTO COELHO,"Ressarc. Dep. Denian Couto, 22500-48.2025",923.97
2025,10,339033,2025NE004594,2025OB010981,DENIAN COUTO COELHO,"Ressarc. Dep. Denian Couto, 22500-48.2025",6303.81
2025,10,339030,2025NE004593,2025OB010982,DENIAN COUTO COELHO,"Ressarc. Dep. Denian Couto, 22500-48.2025",1485.56
2025,10,339014,2025NE004592,2025OB010983,DENIAN COUTO COELHO,"Ressarc. Dep. Denian Couto, 22500-48.2025",6438.79
2025,10,339039,2025NE004725,2025OB011323,DENIAN COUTO COELHO,Ressarcimento Deputado Denian Couto 22835-24.2025,6730.62
2025,10,339033,2025NE004724,2025OB011324,DENIAN COUTO COELHO,Ressarcimento deputado Denian Couto 22835-24.2025,5224.77
2025,10,339030,2025NE004723,2025OB011325,DENIAN COUTO COELHO,Ressarcimento deputado Denian Couto 22835-24.2025,2745.11
2025,10,339014,2025NE004722,2025OB011326,DENIAN COUTO COELHO,Ressarcimento deputado Denian Couto 22835-24.2025,5741.97
2025,10,339039,2025NE004751,2025OB011516,DENIAN COUTO COELHO,Ressa.Deput.Denian Couto.Prot.22943-18.2025,10780.0
2025,10,339030,2025NE004398,2025OB010471,DEVANIL REGINALDO DA SILVA,"Ressarc. Dep. Cobra Repórter, 21849-68.2025",418.74
2025,10,339039,2025NE004399,2025OB010472,DEVANIL REGINALDO DA SILVA,"Ressarc. Dep. Cobra Repórter, 21849-68.2025",9828.53
2025,10,339039,2025NE004414,2025OB010499,DEVANIL REGINALDO DA SILVA,Ressarcimento deputado Cobra Repórter 21904-38.2025,9567.0
2025,10,339030,2025NE004413,2025OB010500,DEVANIL REGINALDO DA SILVA,Ressarcimento deputado Cobra Repórter 21904-38.2025,1053.12
2025,10,339039,2025NE004711,2025OB011286,DEVANIL REGINALDO DA SILVA,Ressa.Deput.Cobra Reporter.Prot.22504-37.2025,9344.86
2025,10,339030,2025NE004710,2025OB011287,DEVANIL REGINALDO DA SILVA,Ressa.Deput.Cobra Reporter.Prot.22504-37.2025,1521.07
2025,10,339039,2025NE004774,2025OB011567,DEVANIL REGINALDO DA SILVA,"Ressarc. Dep. Cobra Repórter, 23039-45.2025",8091.4
2025,10,339039,2025NE004287,2025OB010080,EVANDRO JOSE DA CRUZ ARAUJO,Ressarcimento Deputado Evandro Araújo 20875-79.2025,1259.49
2025,10,339033,2025NE004286,2025OB010081,EVANDRO JOSE DA CRUZ ARAUJO,Ressarcimento deputado Evandro Araújo 20875-79.2025,209.6
2025,10,339030,2025NE004285,2025OB010082,EVANDRO JOSE DA CRUZ ARAUJO,Ressarcimento deputado Evandro Araújo 20875-79.2025,1342.54
2025,10,339039,2025NE004518,2025OB010809,EVANDRO JOSE DA CRUZ ARAUJO,Ressa.Deput.Evandro Araujo.Prot.21826-10.2025,7750.13
2025,10,339033,2025NE004517,2025OB010810,EVANDRO JOSE DA CRUZ ARAUJO,Ressa.Deput.Evandro Araujo.Prot.21826-10.2025,2680.47
2025,10,339030,2025NE004516,2025OB010811,EVANDRO JOSE DA CRUZ ARAUJO,Ressa.Deput.Evandro araujo.prot.21826-10.2025,2152.15
2025,10,339039,2025NE004692,2025OB011238,EVANDRO JOSE DA CRUZ ARAUJO,Ressarcimento deputado Evandro Araújo 22428-52.2025,7703.25
2025,10,339030,2025NE004691,2025OB011239,EVANDRO JOSE DA CRUZ ARAUJO,Ressarcimento deputado Evandro Araújo 22428-52.2025,1834.52
2025,10,339033,2025NE004327,2025OB010105,FABIO OLIVEIRA,Ressa.Deput.Fabio Oliveira.Prot.20726-28.2025,41.4
2025,10,339030,2025NE004326,2025OB010106,FABIO OLIVEIRA,Ressa.Deput.Fabio oliveira.Prot.20726-28.2025,3281.37
2025,10,339014,2025NE004325,2025OB010107,FABIO OLIVEIRA,Ressa.Deput.Fabio Oliveira.Prot.20726-28.2025,1114.95
2025,10,339039,2025NE004487,2025OB010725,FABIO OLIVEIRA,Ressarcimento deputado Fábio Oliveira 21756-57.2025,4941.63
2025,10,339030,2025NE004486,2025OB010726,FABIO OLIVEIRA,Ressarcimento deputado Fáboio Oliveira 21756-57.2025,285.37
2025,10,339033,2025NE004566,2025OB010974,FABIO OLIVEIRA,Ressarcimento deputado Fábio Oliveira 22271-23.2025,539.98
2025,10,339030,2025NE004563,2025OB010975,FABIO OLIVEIRA,Ressarcimento Deputado Fábio Oliveira 22271-23.2025,2127.41
2025,10,339039,2025NE004572,2025OB010976,FABIO OLIVEIRA,Ressarcimento Deputado Fábio Oliveira 22271-23.2025,13607.92
2025,10,339033,2025NE004734,2025OB011360,FABIO OLIVEIRA,Ressa.Deput.Fabio Oliveira.prot.22447-24.2025,1374.55
2025,10,339030,2025NE004733,2025OB011361,FABIO OLIVEIRA,Ressa.Deput.Fabio Oliveira.Prot.22447-24.2025,1053.01
2025,10,339039,2025NE004735,2025OB011362,FABIO OLIVEIRA,Ressa.Deput.Fabio Oliveira.Prot.22447-24.2025,5742.33
2025,10,339039,2025NE004805,2025OB011600,FABIO OLIVEIRA,"Ressarc. Dep. Fabio Oliveira, 23033-13.2025",4804.5
2025,10,339033,2025NE004804,2025OB011601,FABIO OLIVEIRA,"Ressarc. Dep. Fabio Oliveira, 23033-13.2025",97.38
2025,10,339030,2025NE004803,2025OB011602,FABIO OLIVEIRA,"Ressarc. Dep. Fabio Oliveira, 23033-13.2025",1935.32
2025,10,339014,2025NE004386,2025OB010400,FLAVIA CAROLINA RESENDE JABER FRANCISCHINI,Ressa.Deput.Flavia Francischini.Prot.21731-53.2025,5156.64
2025,10,339030,2025NE004387,2025OB010401,FLAVIA CAROLINA RESENDE JABER FRANCISCHINI,"Ressa.Deput,Flavia Francischini.Prot.21731-53.2025",5336.07
2025,10,339039,2025NE004400,2025OB010425,FLAVIA CAROLINA RESENDE JABER FRANCISCHINI,"Ressarc. Dep. Flavia Francischini, 21787-93.2025",10000.0
2025,10,339039,2025NE004461,2025OB010612,FLAVIA CAROLINA RESENDE JABER FRANCISCHINI,Ressa.Deput.Flavia Francichini.Prot.21812-97.2025,10000.0
2025,10,339014,2025NE004457,2025OB010614,FLAVIA CAROLINA RESENDE JABER FRANCISCHINI,Ressa.Deput.Flavia Francischini.Prot.22222-85.2025,1505.18
2025,10,339030,2025NE004490,2025OB010615,FLAVIA CAROLINA RESENDE JABER FRANCISCHINI,Ressa.Deput.Flavia Francichini.Prot.22222-85.2025,2200.73
2025,10,339014,2025NE004599,2025OB010953,FLAVIA CAROLINA RESENDE JABER FRANCISCHINI,"Ressarc. Dep. Flavia Francischini, 22494-16.2025",501.73
2025,10,339030,2025NE004600,2025OB010954,FLAVIA CAROLINA RESENDE JABER FRANCISCHINI,"Ressarc. Dep. Flavia Francischini, 22494-16.2025",961.4
2025,10,339014,2025NE004689,2025OB011241,FLAVIA CAROLINA RESENDE JABER FRANCISCHINI,"Ressarc. Dep. Flavia Francischini, 22879-97.2025",641.1
2025,10,339030,2025NE004690,2025OB011242,FLAVIA CAROLINA RESENDE JABER FRANCISCHINI,"Ressarc. Dep. Flavia Francischini, 22879-97.2025",857.2
2025,10,339014,2025NE004834,2025OB011544,FLAVIA CAROLINA RESENDE JABER FRANCISCHINI,Ressarcimento deputada Flávia Francischini 23253-87.2025,501.73
2025,10,339030,2025NE004835,2025OB011545,FLAVIA CAROLINA RESENDE JABER FRANCISCHINI,Ressarcimento Deputada Flávia Francischini 23253-87.2025,599.42
2025,10,339039,2025NE004309,2025OB010098,GILSON DE SOUZA,Ressa.DEput.Gilson de souza.Prot.20947-75.2025,15561.96
2025,10,339030,2025NE004308,2025OB010099,GILSON DE SOUZA,Ressa.Deput.Gilsin de souza.Prot.20947-75.2025,800.0
2025,10,339039,2025NE004611,2025OB011050,GILSON DE SOUZA,Ressarcimento Deputado Gilson de Souza 22550-56.2025,14406.67
2025,10,339030,2025NE004541,2025OB010862,HUSSEIN BAKRI,Ressarcimento deputado Hussein Bakri 22229-90.2025,3468.74
2025,10,339039,2025NE004543,2025OB010863,HUSSEIN BAKRI,Ressarcimento Deputado Hussein Bakri 22229-90.2025,17606.34
2025,10,339039,2025NE004772,2025OB011603,HUSSEIN BAKRI,Ressarcimento Deputado Hussein Bakri 23066-92.2025,12425.48
2025,10,339033,2025NE004771,2025OB011604,HUSSEIN BAKRI,Ressarcimento Deputado Hussein Bakri 23066-92.2025,346.53
2025,10,339030,2025NE004770,2025OB011605,HUSSEIN BAKRI,Ressarcimento Deputado Hussein Bakri 23066-92.2025,3236.3
2025,10,339039,2025NE004377,2025OB010476,ISABEL CRISTINA RAUEN SILVESTRI,Ressarcimento Deputada Cristina Silvestri 21081-46.2025,42110.04
2025,10,339033,2025NE004373,2025OB010477,ISABEL CRISTINA RAUEN SILVESTRI,Ressarcimento Deputada Cristina Silvestri 21081-46.2025,1250.0
2025,10,339030,2025NE004371,2025OB010478,ISABEL CRISTINA RAUEN SILVESTRI,Ressarcimento Deputada Cristina Silvestri 21081-46.2025,6398.39
2025,10,339033,2025NE004372,2025OB010512,JORGE GOMES DE OLIVEIRA BRAND,Ressa.Deput.Goura.Prot.21198-88.2025,3777.24
2025,10,339030,2025NE004441,2025OB010513,JORGE GOMES DE OLIVEIRA BRAND,Ressa.Deput.Goura.Prot.21198-88.2025,1308.38
2025,10,339039,2025NE004429,2025OB010514,JORGE GOMES DE OLIVEIRA BRAND,Ressa.Deput.Goura.Prot.21198-88.2025,755.0
2025,10,339033,2025NE004896,2025OB011705,JORGE GOMES DE OLIVEIRA BRAND,Ressarcimento deputado Goura 22927-62.2025,2197.86
2025,10,339030,2025NE004895,2025OB011706,JORGE GOMES DE OLIVEIRA BRAND,Ressarcimento Deputado Goura 22927-62.2025,1407.78
2025,10,339039,2025NE004861,2025OB011725,JORGE GOMES DE OLIVEIRA BRAND,Ressarcimento deputado Goura 22317-42.2025,21078.94
2025,10,339033,2025NE004860,2025OB011726,JORGE GOMES DE OLIVEIRA BRAND,Ressarcimento deputado Goura 22317-42.2025,1269.57
2025,10,339039,2025NE004855,2025OB011728,JORGE GOMES DE OLIVEIRA BRAND,Ressarcimento Deputado Goura 23142-77.2025,7169.89
2025,10,339030,2025NE004853,2025OB011729,JORGE GOMES DE OLIVEIRA BRAND,Ressarcimento deputado Goura 23142-77.2025,1126.48
2025,10,339033,2025NE004306,2025OB010077,JOSE APARECIDO JACOVOS,Ressa.Deput.Delegado Javocos.Prot.20090-31.2025,8.0
2025,10,339030,2025NE004305,2025OB010078,JOSE APARECIDO JACOVOS,Ressa.Deput.Delegado Jacovos.Prot.20090-31.2025,6039.66
2025,10,339039,2025NE004307,2025OB010079,JOSE APARECIDO JACOVOS,Ressa.Deput.Delegado Jacovos.Prot.20090-31.2025,41148.03
2025,10,339039,2025NE004753,2025OB011577,JOSE APARECIDO JACOVOS,Ressarcimento deputado Jacovós 22951-93.2025,46101.13
2025,10,339033,2025NE004752,2025OB011578,JOSE APARECIDO JACOVOS,Ressarcimento deputado Jacovós 22951-93.2025,40.0
2025,10,339030,2025NE004750,2025OB011580,JOSE APARECIDO JACOVOS,Ressarcimento Deputado Jacovós 22951-93.2025,7295.45
2025,10,339039,2025NE004423,2025OB010490,JOSE GILBERTO DO CARMO ALVES RIBEIRO,Ressa.Deput.Gilberto Ribeiro.Prot.21665-89.2025,12809.89
2025,10,339033,2025NE004422,2025OB010491,JOSE GILBERTO DO CARMO ALVES RIBEIRO,Ressa.Depugt.Gilberto Ribeiro.Prot.21665-89.2025,87.15
2025,10,339030,2025NE004421,2025OB010492,JOSE GILBERTO DO CARMO ALVES RIBEIRO,Ressa.Deput.Gilberto Ribeiro.prot.21665-89.2025,1089.0
2025,10,339039,2025NE004624,2025OB011101,JOSE GILBERTO DO CARMO ALVES RIBEIRO,Ressarcimento deputado Gilberto Ribeiro 22438-73.2025,12688.58
2025,10,339030,2025NE004623,2025OB011102,JOSE GILBERTO DO CARMO ALVES RIBEIRO,Ressarcimento deputado Gilberto Ribeiro 22438-73.2025,1812.67
2025,10,339033,2025NE004488,2025OB010817,JOSE RODRIGUES LEMOS,Ressa.Deput.Prof.Lemos.Prot.22173-50.2025,2205.13
2025,10,339039,2025NE004497,2025OB010818,JOSE RODRIGUES LEMOS,Ressa.Deput.Prof.Lemos.Prot.22173-50.2025,24160.0
2025,10,339039,2025NE004648,2025OB011095,JOSE RODRIGUES LEMOS,Ressa.Deput.Prof Lemos.Prot.22641-24.2025,18220.79
2025,10,339030,2025NE004647,2025OB011096,JOSE RODRIGUES LEMOS,Ressa.Deput.prof Lemos.Prot.22641-24.2025,2695.99
2025,10,339039,2025NE004796,2025OB011619,JOSE RODRIGUES LEMOS,"Ressarc. Dep. Professor Lemos, 23041-88.2025",14100.0
2025,10,339039,2025NE004320,2025OB010088,Jairo Tamura,Ressarcimento deputado Jairo Tamura 20569-96.2025,1482.65
2025,10,339033,2025NE004319,2025OB010089,Jairo Tamura,Ressarcimento deputado Jairo Tamura 20569-96.2025,1803.45
2025,10,339030,2025NE004318,2025OB010090,Jairo Tamura,Ressarcimento Deputado Jairo Tamura 20569-96.2025,2633.99
2025,10,339039,2025NE004539,2025OB010903,Jairo Tamura,Ressarcimento Deputado Jairo Tamura 22266-61.2025,9699.18
2025,10,339033,2025NE004537,2025OB010904,Jairo Tamura,Ressarcimento deputado Jairo Tamura 22266-61.2025,37.35
2025,10,339030,2025NE004535,2025OB010905,Jairo Tamura,Ressarcimento Deputado Jairo Tamura 22266-61.2025,388.99
2025,10,339039,2025NE004604,2025OB011059,Jairo Tamura,Ressarcimento Deputado Jairo Tamura 22462-07.2025,6123.02
2025,10,339039,2025NE004630,2025OB011086,Jairo Tamura,Ressa.deput.Jairo Tamura.Prot.21781-61.2025,11313.47
2025,10,339033,2025NE004628,2025OB011087,Jairo Tamura,Ressa.Deput.Jairo Tamura.Prot.21781-61.2025,1019.85
2025,10,339030,2025NE004627,2025OB011088,Jairo Tamura,Ressa.Deput.Jairo Tamura.Prot.21781-61.2025,3000.77
2025,10,339039,2025NE004403,2025OB010483,LEONIDAS FAVERO NETO,Ressa.Deput.Dr Leonidas.Prot.21795-71.2025,289.41
2025,10,339030,2025NE004402,2025OB010484,LEONIDAS FAVERO NETO,Ressa.Deput.Dr Leonidas.Prot.21795-71.2025,1197.02
2025,10,339030,2025NE004552,2025OB010900,LEONIDAS FAVERO NETO,Ressarcimento deputado Dr. Leônidas 22444-08.2025,1302.22
2025,10,339033,2025NE004553,2025OB010901,LEONIDAS FAVERO NETO,Ressarcimento Dr. Leônidas 22444-08.2025,581.85
2025,10,339039,2025NE004554,2025OB010902,LEONIDAS FAVERO NETO,Ressarcimento deputado dr. Leônidas 22444-08.2025,160.0
2025,10,339030,2025NE004583,2025OB010979,LEONIDAS FAVERO NETO,"Ressarc. Dep. Doutor Leônidas, 22574-87.2025",1189.81
2025,10,339039,2025NE004707,2025OB011285,LEONIDAS FAVERO NETO,Ressa.Deput.Dr Leonidas.Prot.22666-28.2025,8953.24
2025,10,339030,2025NE004799,2025OB011574,LEONIDAS FAVERO NETO,"Ressarc. Dep. Doutor Leônidas, 23113-84.2025",1219.08
2025,10,339039,2025NE004890,2025OB011715,LEONIDAS FAVERO NETO,Ressarcimento deputado Dr. Leônidas 23100-47.2025,7701.19
2025,10,339033,2025NE004888,2025OB011716,LEONIDAS FAVERO NETO,Ressarcimento dr. Leônidas 23100-47.2025,402.87
2025,10,339030,2025NE004887,2025OB011717,LEONIDAS FAVERO NETO,Ressarcimento Deputado Dr. Leônidas 23100-47.2025,4490.76
2025,10,339039,2025NE004882,2025OB011730,LEONIDAS FAVERO NETO,Ressa.Deput.Dr Leonidas.Prot.23288-15.2025,10000.0
2025,10,339039,2025NE004894,2025OB011735,LEONIDAS FAVERO NETO,Ressa.Deput.Dr Leonidas.Prot.22731-19.2025,3500.0
2025,10,339030,2025NE004889,2025OB011736,LEONIDAS FAVERO NETO,Ressa.Deput.Dr Leonidas.Prot.22731-19.2025,2378.17
2025,10,339039,2025NE004351,2025OB010147,LUCIANA GUZELLA RAFAGNIN,Ressarcimento deputada Luciana Rafagnin 21066-63.2025,6961.01
2025,10,339030,2025NE004350,2025OB010148,LUCIANA GUZELLA RAFAGNIN,Ressarcimento deputada Luciana Rafagnin 21066-63.2025,3198.91
2025,10,339039,2025NE004515,2025OB010794,LUCIANA GUZELLA RAFAGNIN,Ressarcimento Deputada Luciana Rafagnin 22178-12.2025,3226.82
2025,10,339033,2025NE004514,2025OB010795,LUCIANA GUZELLA RAFAGNIN,Ressarcimento deputada Luciana Rafagnin 22178-12.2025,1342.4
2025,10,339030,2025NE004513,2025OB010796,LUCIANA GUZELLA RAFAGNIN,Ressarcimento Deputada Luciana Rafagnin 22178-12.2025,304.63
2025,10,339039,2025NE004512,2025OB010797,LUCIANA GUZELLA RAFAGNIN,Ressarcimento deputada Luciana Rafagnin 21970-02.2025,8204.15
2025,10,339033,2025NE004511,2025OB010798,LUCIANA GUZELLA RAFAGNIN,Ressarcimentpo deputada Luciana Rafagnin 21970-02.2025,188.5
2025,10,339030,2025NE004510,2025OB010799,LUCIANA GUZELLA RAFAGNIN,Ressarcimento Deputada Luciana Rafagnin 21970-02.2025,2279.56
2025,10,339033,2025NE004652,2025OB011090,LUCIANA GUZELLA RAFAGNIN,Ressa.Deput.Luciana Rafagnin.Prot.22522-36.2025,2192.7
2025,10,339030,2025NE004650,2025OB011091,LUCIANA GUZELLA RAFAGNIN,Ressa.Deput.Luciana Rafagnin.Prot.22522-36.2025,2016.29
2025,10,339039,2025NE004655,2025OB011092,LUCIANA GUZELLA RAFAGNIN,Ressa.Deput.Luciana rafagnin.Prot.22522-36.2025,2707.68
2025,10,339039,2025NE004893,2025OB011718,LUCIANA GUZELLA RAFAGNIN,Ressarcimento deputadsa Luciana Rafagnin 23260-92.2025,9020.71
2025,10,339033,2025NE004892,2025OB011719,LUCIANA GUZELLA RAFAGNIN,Ressarcimento deputada Luciana Rafagnin 23260-92.2025,910.37
2025,10,339030,2025NE004891,2025OB011720,LUCIANA GUZELLA RAFAGNIN,Ressarcimento Deputada Luciana Rafagnin 23260-92.2025,2660.68
2025,10,339039,2025NE004626,2025OB011083,LUIS RAIMUNDO CORTI,Ressa.Deput.Luis Corti.prot.22760-12.2025,12500.0
2025,10,339039,2025NE004744,2025OB011517,LUIS RAIMUNDO CORTI,"Ressarc. Dep. Luis Corti, 22999-58.2025",15000.0
2025,10,339039,2025NE004521,2025OB010824,LUIZ CLAUDIO ROMANELLI,Ressarcimento deputado Romanelli 22319-85.2025,49240.0
2025,10,339030,2025NE004383,2025OB010402,LUIZ FERNANDO GUERRA FILHO,Ressarcimento Deputado Guerra 21069-79.2025,4447.48
2025,10,339039,2025NE004384,2025OB010403,LUIZ FERNANDO GUERRA FILHO,Ressarcimento deputado Guerra 21069-79.2025,3710.0
2025,10,339039,2025NE004864,2025OB011709,LUIZ FERNANDO GUERRA FILHO,Ressarcimento deputado Guerra 22094-49.2025,4685.0
2025,10,339030,2025NE004871,2025OB011710,LUIZ FERNANDO GUERRA FILHO,Ressarcimento deputado Guerra 22094-49.2025,8288.31
2025,10,339030,2025NE004607,2025OB011097,MABEL CORA CANTO,Ressarcimento deputada Mabel Canto 22233-79.2025,3656.95
2025,10,339033,2025NE004608,2025OB011098,MABEL CORA CANTO,Ressarcimento deputada Mabel Canto 22233-79.2025,339.97
2025,10,339039,2025NE004609,2025OB011099,MABEL CORA CANTO,Ressarcimento deputada Mabel Canto 22233-79.2025,15889.84
2025,10,339039,2025NE004625,2025OB011100,MABEL CORA CANTO,Ressarcimento deputada Mabel Canto 22233-79.2025,1.0
2025,10,339014,2025NE004314,2025OB010091,MARCIA CECILIA HUÇULAK,Ressarcimento deputada Márcia Huçulak 20738-92.2025,2257.77
2025,10,339030,2025NE004315,2025OB010092,MARCIA CECILIA HUÇULAK,Ressarcimento deputada Márcia Huçulak 20738-92.2025,2459.52
2025,10,339033,2025NE004316,2025OB010093,MARCIA CECILIA HUÇULAK,Ressarcimento deputada Márcia Huçulak 20738-92.2025,150.0
2025,10,339039,2025NE004317,2025OB010094,MARCIA CECILIA HUÇULAK,Ressarcimento deputada Márcia Huçulak 20738-92.2025,31446.72
2025,10,339039,2025NE004548,2025OB011055,MARCIA CECILIA HUÇULAK,Ressarcimento deputada Márcia Huçulak 22027-15.2025,9204.7
2025,10,339033,2025NE004617,2025OB011056,MARCIA CECILIA HUÇULAK,Ressa.Deput.Marcia Huçulak.Prot.22027-15.2025,349.01
2025,10,339030,2025NE004546,2025OB011057,MARCIA CECILIA HUÇULAK,Ressarcimento deputada Márcia Huçulak 22027-15.2025,2599.71
2025,10,339014,2025NE004545,2025OB011058,MARCIA CECILIA HUÇULAK,Ressarcimento deputada Márcia Huçulak 22027-15.2025,2397.13
2025,10,339039,2025NE004420,2025OB010466,MARCIO JOSE PACHECO RAMOS,Ressarcimento deputado Márcio Pacheco 21898-06.2025,2822.27
2025,10,339033,2025NE004419,2025OB010467,MARCIO JOSE PACHECO RAMOS,Ressarcimento deputado Márcio Pacheco 21898-06.2025,5486.89
2025,10,339030,2025NE004418,2025OB010468,MARCIO JOSE PACHECO RAMOS,Ressarcimento deputado Márcio Pacheco 21898-06.2025,4781.85
2025,10,339039,2025NE004397,2025OB010473,MARCIO JOSE PACHECO RAMOS,"Ressarc. Dep. Marcio Pacheco, 21580-56.2025",230.69
2025,10,339033,2025NE004396,2025OB010474,MARCIO JOSE PACHECO RAMOS,"Ressarc. Dep. Marcio Pacheco, 21580-56.2025",822.47
2025,10,339030,2025NE004395,2025OB010475,MARCIO JOSE PACHECO RAMOS,"Ressarc. Dep. Marcio Pacheco, 21580-56.2025",2575.27
2025,10,339030,2025NE004754,2025OB011522,MARCIO JOSE PACHECO RAMOS,Ressa.Deput.Marcio Pacheco.Prot.22521-63.2025,3485.97
2025,10,339033,2025NE004756,2025OB011523,MARCIO JOSE PACHECO RAMOS,Ressa.Deput.Marcio Pacheco.Prot.22521-63.2025,5905.05
2025,10,339039,2025NE004758,2025OB011524,MARCIO JOSE PACHECO RAMOS,Ressa.Deput.Marcio Pacheco.prot.22521-63.2025,22478.4
2025,10,339039,2025NE004857,2025OB011712,MARCIO JOSE PACHECO RAMOS,Ressa.deput.Marcio Pacheco.Prot.23265-54.2025,2817.93
2025,10,339033,2025NE004854,2025OB011713,MARCIO JOSE PACHECO RAMOS,Ressa.Deput.Marcio Pachrco.Prot.23265-54.2025,446.8
2025,10,339030,2025NE004852,2025OB011714,MARCIO JOSE PACHECO RAMOS,Ressa.Deput.Marcio Pacheco.Prot.23265-54.2025,2538.71
2025,10,339039,2025NE004883,2025OB011722,MARCIO JOSE PACHECO RAMOS,Ressarcimento Deputado Márcio Pacheco 22950-23.2025,3578.92
2025,10,339030,2025NE004880,2025OB011724,MARCIO JOSE PACHECO RAMOS,Ressarcimento Deputado Márcio Pacheco 22950-23.2025,3424.15
2025,10,339039,2025NE004388,2025OB010404,MARIA VICTORIA BORGHETTI BARROS,Ressa.Deput.Maria Victoria.Prot.21732-26.2025,6400.0
2025,10,339039,2025NE004401,2025OB010482,MARIA VICTORIA BORGHETTI BARROS,"Ressarc. Dep. Maria Victoria, 21738-58.2025",10000.0
2025,10,339039,2025NE004394,2025OB010509,MARIA VICTORIA BORGHETTI BARROS,Ressa.Deput.Maria Victoria.Prot.21701-87.2025,2480.0
2025,10,339030,2025NE004390,2025OB010510,MARIA VICTORIA BORGHETTI BARROS,Ressa.Deput.Maria Victoria.Prot.21701-87.2025,2600.32
2025,10,339039,2025NE004531,2025OB010860,MARIA VICTORIA BORGHETTI BARROS,Ressa.Deput.Maria Victoria.Prot.22402-75.2025,83.95
2025,10,339030,2025NE004530,2025OB010861,MARIA VICTORIA BORGHETTI BARROS,Ressa.Deput.Maria Victoria.Prot.22402-75.2025,1926.8
2025,10,339030,2025NE004559,2025OB011062,MARIA VICTORIA BORGHETTI BARROS,Ressa.Deput.Maria Victoria.Prot.22396-43.2025,1599.83
2025,10,339030,2025NE004746,2025OB011527,MARIA VICTORIA BORGHETTI BARROS,"Ressarc. Dep. Maria Victoria, 22976-97.2025",1090.84
2025,10,339039,2025NE004747,2025OB011528,MARIA VICTORIA BORGHETTI BARROS,"Ressarc. Dep. Maria Victoria, 22976-97.2025",2000.0
2025,10,339030,2025NE004802,2025OB011633,MARIA VICTORIA BORGHETTI BARROS,"Ressarc. Dep. Maria Victoria, 23171-70.2025",3091.74
2025,10,339030,2025NE004310,2025OB010083,MARILEI DE SOUZA LIMA,Ressa.Deput.Cantora Mara lima.Prot.20731-87.2025,1417.77
2025,10,339039,2025NE004311,2025OB010084,MARILEI DE SOUZA LIMA,Ressa.Deput.Cantora Mara Lima.Prot.20731-87.2025,12258.0
2025,10,339039,2025NE004426,2025OB010488,MARILEI DE SOUZA LIMA,Ressarcimento Deputada Cantora Mara Lima 21959-08.2025,3315.0
2025,10,339030,2025NE004425,2025OB010489,MARILEI DE SOUZA LIMA,Ressarcimento deputada Cantora Mara Lima 21959-08.2025,987.26
2025,10,339039,2025NE004536,2025OB010858,MARILEI DE SOUZA LIMA,Ressa.Deput.Cantora Mara Lima.Prot.22361-18.2025,20330.0
2025,10,339030,2025NE004534,2025OB010859,MARILEI DE SOUZA LIMA,Ressa.Deput.Cantora Mara Lima.Prot.22361-18.2025,845.54
2025,10,339039,2025NE004727,2025OB011363,MARILEI DE SOUZA LIMA,Ressa.Depiut.Cantora Mara Lima.Prot.22752-34.2025,7551.08
2025,10,339030,2025NE004726,2025OB011364,MARILEI DE SOUZA LIMA,Ressa.Deput.Cantora Mara Lima.Prot.22752-34.2025,1389.98
2025,10,339039,2025NE004794,2025OB011562,MARILEI DE SOUZA LIMA,"Ressarc. Dep. Mara Lima, 23153-71.2025",5000.0
2025,10,339033,2025NE004793,2025OB011563,MARILEI DE SOUZA LIMA,"Ressarc. Dep. Mara Lima, 23153-71.2025",4096.92
2025,10,339030,2025NE004792,2025OB011564,MARILEI DE SOUZA LIMA,"Ressarc. Dep. Mara Lima, 23153-71.2025",717.43
2025,10,339039,2025NE004551,2025OB010908,MARLY PAULINO FAGUNDES,Ressarcimento deputada Marly Paulino 22128-04.2025,29785.71
2025,10,339033,2025NE004550,2025OB010909,MARLY PAULINO FAGUNDES,Ressarcimento Deputada Marly Paulino 22128-04.2025,2490.2
2025,10,339030,2025NE004549,2025OB010910,MARLY PAULINO FAGUNDES,Ressarcimento Deputada Marly Paulino 22128-04.2025,8358.8
2025,10,339039,2025NE004716,2025OB011365,MARLY PAULINO FAGUNDES,Ressa.Deput.Marly Paulino.`Prot.22865-87.2025,6000.0
2025,10,339030,2025NE004601,2025OB011061,MATHEUS VELOSO MARIA,Ressarcimento Deputado Matheus Vermelho 22558-34.2025,2379.59
2025,10,339014,2025NE004773,2025OB011573,MATHEUS VELOSO MARIA,Ressarcimento deputado Matheus Vermelho 22839-13.2025,501.73
2025,10,339030,2025NE004775,2025OB011575,MATHEUS VELOSO MARIA,Ressarcimento deputado Matheus Vermelho 22839-13.2025,1581.37
2025,10,339033,2025NE004776,2025OB011576,MATHEUS VELOSO MARIA,Ressarcimento Deputado Matheus Vermelho 22839-13.2025,11780.76
2025,10,339039,2025NE004777,2025OB011579,MATHEUS VELOSO MARIA,Ressarcimento Deputado Matheus Vermelho 22839-13.2025,25429.86
2025,10,339039,2025NE004407,2025OB010463,MAURICIO THADEU DE MELLO E SILVA,Ressarcimento deputado Requião Filho 21318-49.2025,3964.2
2025,10,339033,2025NE004406,2025OB010464,MAURICIO THADEU DE MELLO E SILVA,Ressarcimento Deputado Requião Filho 21318-49.2025,3653.26
2025,10,339030,2025NE004405,2025OB010465,MAURICIO THADEU DE MELLO E SILVA,Ressarcimento Deputado Requião Filho 21318-49.2025,3102.57
2025,10,339039,2025NE004590,2025OB010984,MAURICIO THADEU DE MELLO E SILVA,"Ressarc. Dep. Requião Filho, 22465-23.2025",33214.69
2025,10,339030,2025NE004589,2025OB010985,MAURICIO THADEU DE MELLO E SILVA,"Ressarc. Dep. Requião Filho, 22465-23.2025",1280.31
2025,10,339014,2025NE004588,2025OB010986,MAURICIO THADEU DE MELLO E SILVA,"Ressarc. Dep. Requião Filho, 22465-23.2025",1533.05
2025,10,339039,2025NE004290,2025OB010085,MOACYR ELIAS FADEL JUNIOR,Ressarcimento deputado Moacyr Fadel 20625-39.2025,17808.98
2025,10,339033,2025NE004289,2025OB010086,MOACYR ELIAS FADEL JUNIOR,Ressarcimento Deputado Moacyr Fadel 20625-39.2025,479.16
2025,10,339030,2025NE004288,2025OB010087,MOACYR ELIAS FADEL JUNIOR,Ressarcimento Deputado Moacyr Fadel 20625-39.2025,10.0
2025,10,339039,2025NE004427,2025OB010501,MOACYR ELIAS FADEL JUNIOR,Ressa.Deput.Moacyr Fadel.Prot.21958-35.2025,2539.25
2025,10,339030,2025NE004424,2025OB010502,MOACYR ELIAS FADEL JUNIOR,Ressa.Deput.Moacyr Fadel.Prot.21958-35.2025,1676.05
2025,10,339039,2025NE004605,2025OB011060,MOACYR ELIAS FADEL JUNIOR,"Ressarc. Dep. Moacyr Fadel, 22375-28.2025",9500.0
2025,10,339039,2025NE004606,2025OB011063,MOACYR ELIAS FADEL JUNIOR,"Ressarc. Dep. Moacyr Fadel, 21880-07.2025",15697.75
2025,10,339030,2025NE004800,2025OB011630,MOACYR ELIAS FADEL JUNIOR,"Ressarc. Dep. Moacyr Fadel, 23118-46.2025",4478.22
2025,10,339039,2025NE004801,2025OB011631,MOACYR ELIAS FADEL JUNIOR,"Ressarc. Dep. Moacyr Fadel, 23118-46.2025",1317.96
2025,10,339039,2025NE004470,2025OB010691,Marcelo Rangel Cruz de Oliveira,Ressarcimento Deputado Marcelo Rangel 21952-03.2025,22980.0
2025,10,339030,2025NE004469,2025OB010692,Marcelo Rangel Cruz de Oliveira,Ressarcimento Deputado Marcelo Rangel 21952-03.2025,1750.0
2025,10,339039,2025NE004468,2025OB010855,Marcelo Rangel Cruz de Oliveira,Ressarcimento Deputado Marcelo Rangel 22045-14.2025,3422.22
2025,10,339030,2025NE004466,2025OB010856,Marcelo Rangel Cruz de Oliveira,Ressarcimento Deputado Marcelo Rangel 22045-14.2025,39.99
2025,10,339033,2025NE004523,2025OB010857,Marcelo Rangel Cruz de Oliveira,Ressa.Deput.Marcelo Rangel.Prot.22045-14.2025,80.7
2025,10,339039,2025NE004714,2025OB011320,Marcelo Rangel Cruz de Oliveira,Ressarcimento Deputado Marcelo Rangel 22742-13.2025,9524.9
2025,10,339033,2025NE004713,2025OB011321,Marcelo Rangel Cruz de Oliveira,Ressarcimento Deputado Marcelo Rangel 22742-13.2025,149.1
2025,10,339030,2025NE004712,2025OB011322,Marcelo Rangel Cruz de Oliveira,Ressarcimento Deputado Marcelo Rangel 22742-13.2025,869.9
2025,10,339014,2025NE004632,2025OB011243,Mauro Rafael Moraes e Silva,Ressa.Deput.Mauro Moraes.Prot.22757-93.2025,10536.19
2025,10,339039,2025NE004798,2025OB011617,Mauro Rafael Moraes e Silva,"Ressarc. Dep. Mauro Moraes, 23178-75.2025",1500.0
2025,10,339039,2025NE004797,2025OB011618,Mauro Rafael Moraes e Silva,"Ressarc. Dep. Mauro Moraes, 23188-96.2025",3800.0
2025,10,339014,2025NE004795,2025OB011632,Mauro Rafael Moraes e Silva,"Ressarc. Dep. Mauro Moraes, 23130-13.2025",7024.12
2025,10,339039,2025NE004868,2025OB011708,Mauro Rafael Moraes e Silva,Ressa.Mauro Moraes.Prot.23244-39.2025,7300.0
2025,10,339039,2025NE004877,2025OB011711,Mauro Rafael Moraes e Silva,"Ressarc. Dep. Mauro Moraes, 23311-73.2025",21900.0
2025,10,339039,2025NE004869,2025OB011721,Mauro Rafael Moraes e Silva,Ressa.Deput.Mauro Moraes.Prot.23221-78.2025,5412.0
2025,10,339039,2025NE004874,2025OB011734,Mauro Rafael Moraes e Silva,"Ressarc. Dep. Mauro Moraes, 23320-24.2025",5653.33
2025,10,339039,2025NE004293,2025OB010074,OZIEL LUIZ DE SOUZA,Ressarcimento Deputado Batatinha 20711-45.2025,1500.0
2025,10,339030,2025NE004292,2025OB010075,OZIEL LUIZ DE SOUZA,Ressarcimento deputado Batatinha 20711-45.2025,3207.97
2025,10,339014,2025NE004291,2025OB010076,OZIEL LUIZ DE SOUZA,Ressarcimento deputado Batatinha 20711-45.2025,1254.3
2025,10,339039,2025NE004542,2025OB010852,OZIEL LUIZ DE SOUZA,Ressa.Deput.Batatinha.Prot.21990-44.2025,6320.0
2025,10,339033,2025NE004540,2025OB010853,OZIEL LUIZ DE SOUZA,Ressa.Deput.Batatinha.Prot.21990-44.2025,435.8
2025,10,339030,2025NE004538,2025OB010854,OZIEL LUIZ DE SOUZA,Ressa.Deput.Batatinha.Prot.21990-44.2025,178.91
2025,10,339039,2025NE004562,2025OB010977,OZIEL LUIZ DE SOUZA,Ressa.Deput.Batatinha.Prot.21954-46.2025,4203.6
2025,10,339033,2025NE004561,2025OB010978,OZIEL LUIZ DE SOUZA,Ressa.Deput.Batatinha.prot.21954-46.2025,2142.71
2025,10,339039,2025NE004697,2025OB011236,OZIEL LUIZ DE SOUZA,Ressarcimento Deputado Batatinha 22471-55.2025,18494.59
2025,10,339033,2025NE004696,2025OB011237,OZIEL LUIZ DE SOUZA,Ressarcimento deputado Batatinha 22471-55.2025,539.89
2025,10,339014,2025NE004806,2025OB011737,OZIEL LUIZ DE SOUZA,"Ressarc. Dep. Batatinha, 22962-87.2025",501.73
2025,10,339033,2025NE004808,2025OB011738,OZIEL LUIZ DE SOUZA,"Ressarc. Dep. Batatinha, 22962-87.2025",1871.94
2025,10,339039,2025NE004809,2025OB011739,OZIEL LUIZ DE SOUZA,"Ressarc. Dep. Batatinha, 22962-87.2025",4000.0
2025,10,339030,2025NE004859,2025OB011740,OZIEL LUIZ DE SOUZA,"Ressarc. Dep. Batatinha, 22962-87.2025",2528.28
2025,10,339033,2025NE004416,2025OB010493,PAULO ROBERTO MOREIRA GOMES JUNIOR,Ressarcimento deputado Paulo Gomes 21821-48.2025,110.25
2025,10,339030,2025NE004415,2025OB010494,PAULO ROBERTO MOREIRA GOMES JUNIOR,Ressarcimento deputado Paulo Gomes 21821-48.2025,5325.84
2025,10,339039,2025NE004417,2025OB010495,PAULO ROBERTO MOREIRA GOMES JUNIOR,Ressarcimento Deputado Paulo Gomes 21821-48.2025,12200.0
2025,10,339039,2025NE004580,2025OB010991,PAULO ROBERTO MOREIRA GOMES JUNIOR,Ressarcimento Deputado Paulo Gomes 22346-35.2025,16999.75
2025,10,339030,2025NE004584,2025OB010992,PAULO ROBERTO MOREIRA GOMES JUNIOR,Ressarcimento deputado Paulo Gomes 22346-35.2025,2338.05
2025,10,339033,2025NE004587,2025OB010993,PAULO ROBERTO MOREIRA GOMES JUNIOR,Ressarcimento deputado Paulo Gomes 22346-35.2025,12.0
2025,10,339039,2025NE004465,2025OB010630,PEDRO PAULO BAZANA,Ressarcimento Deputado Bazana 21868-40.2025,18680.0
2025,10,339039,2025NE004464,2025OB010806,PEDRO PAULO BAZANA,Ressarcimento deputado Bazana 21922-37.2025,5391.71
2025,10,339030,2025NE004462,2025OB010807,PEDRO PAULO BAZANA,Ressarcimento deputado Bazana 21922-37.2025,4026.71
2025,10,339033,2025NE004500,2025OB010808,PEDRO PAULO BAZANA,Ressa.Deput.Bazana.Prot.21922-37.2025,61.94
2025,10,339039,2025NE004833,2025OB011606,PEDRO PAULO BAZANA,Ressa.Deput.Bazana.Prot.22676-49.2025,24517.36
2025,10,339033,2025NE004832,2025OB011607,PEDRO PAULO BAZANA,Ressa.Deput.Bazana.Prot.22676-49.2025,543.54
2025,10,339030,2025NE004831,2025OB011608,PEDRO PAULO BAZANA,Ressa.deput.Bazana.prot.22676-49.2025,3758.58
2025,10,339039,2025NE004332,2025OB010095,RENATO DE ALMEIDA FREITAS JUNIOR,Ressa.Deput.Renato Freitas.Prot.20594-03.2025,3491.36
2025,10,339033,2025NE004331,2025OB010096,RENATO DE ALMEIDA FREITAS JUNIOR,Ressa.deput.Renato Freitas.Prot.20594-03.2025,330.85
2025,10,339030,2025NE004329,2025OB010097,RENATO DE ALMEIDA FREITAS JUNIOR,Ressa.Deput.Renato Freitas.Prot.20594-03.2025,431.99
2025,10,339039,2025NE004382,2025OB010496,RENATO DE ALMEIDA FREITAS JUNIOR,Ressarcimento Deputado Renato Freitas 21630-64.2025,9412.39
2025,10,339033,2025NE004381,2025OB010497,RENATO DE ALMEIDA FREITAS JUNIOR,Ressarcimento deputado Renato Freitas 21630-64.2025,51.93
2025,10,339030,2025NE004379,2025OB010498,RENATO DE ALMEIDA FREITAS JUNIOR,Ressarcimento Deputado Renato Freitas 21630-64.2025,1110.32
2025,10,339039,2025NE004560,2025OB011054,RENATO DE ALMEIDA FREITAS JUNIOR,Ressarcimento deputado Renato Freitas 22217-26.2025,1165.86
2025,10,339039,2025NE004745,2025OB011526,RENATO DE ALMEIDA FREITAS JUNIOR,Ressa.Deput.Renato Freitas.Prot.22888-48.2025,12077.35
2025,10,339014,2025NE004375,2025OB010562,RICARDO ARRUDA NUNES,Ressa.Deput.Ricardo Arruda.Prot.21719-86.2025,11037.91
2025,10,339033,2025NE004376,2025OB010563,RICARDO ARRUDA NUNES,Ressa.Deput.Ricardo Arruda.Prot.21719-86.2025,3565.11
2025,10,339039,2025NE004507,2025OB010727,RICARDO ARRUDA NUNES,Ressa.Deput.Ricardo Arruda.Prot.22182-98.2025,20924.98
2025,10,339030,2025NE004506,2025OB010728,RICARDO ARRUDA NUNES,Ressa.Deput.Ricardo Arruda.prot.22182-98.2025,4321.02
2025,10,339039,2025NE004769,2025OB011565,SAMUEL PEREIRA DA SILVA,Ressarcimento Samuel Dantas 22739-94.2025,30270.55
2025,10,339030,2025NE004768,2025OB011566,SAMUEL PEREIRA DA SILVA,Ressarcimento deputado Samuel Dantas 22739-94.2025,3120.51
2025,10,339030,2025NE004378,2025OB010479,TERCILIO LUIZ TURINI,Ressa.Deput.Tercilio Turini.Prot.21282-51.2025,7724.39
2025,10,339039,2025NE004385,2025OB010480,TERCILIO LUIZ TURINI,Ressa.Deput.Tercilio Turini.Prot.21282-51.2025,31449.82
2025,10,339039,2025NE004505,2025OB010822,THIAGO BUHRER,Ressarcimento deputado Thiago Buhrer 21128-38.2025,67090.0
2025,10,339030,2025NE004502,2025OB010823,THIAGO BUHRER,Ressarcimento Deputado Thiago Buhrer 21128-38.2025,3937.93
2025,10,339033,2025NE004323,2025OB010102,TITO LÍVIO BARICHELLO,"Ressarc. Dep. Tito Barichello, 20647-27.2025",171.7
2025,10,339039,2025NE004324,2025OB010103,TITO LÍVIO BARICHELLO,"Ressarc. Dep. Tito Barichello, 20647-27.2025",28217.72
2025,10,339030,2025NE004404,2025OB010511,TITO LÍVIO BARICHELLO,Ressa.Deput.Tito Barichello.prot.21869-13.2025,2883.54
2025,10,339039,2025NE004613,2025OB010996,TITO LÍVIO BARICHELLO,Ressarcimento Deputado Tito Barrichello 22404-21.2025,8235.16
2025,10,339030,2025NE004612,2025OB010997,TITO LÍVIO BARICHELLO,Ressarcimento deputado Tito Barichello 22404-21.2025,795.47
2025,10,339039,2025NE004586,2025OB011000,TITO LÍVIO BARICHELLO,"Ressarc. Dep. Tito Barichello, 22434-84.2025",92.0
2025,10,339030,2025NE004585,2025OB011001,TITO LÍVIO BARICHELLO,"Ressarc. Dep. Tito Barichello, 22434-84.2025",668.0
2025,10,339039,2025NE004658,2025OB011107,TITO LÍVIO BARICHELLO,Ressarcimento Deputado Tito Barichello 22768-87.2025,6556.0
2025,10,339039,2025NE004473,2025OB010819,WILMAR REICHEMBACH,Ressarcimento deputado Reichembach 20861-69.2025,24186.65
2025,10,339033,2025NE004472,2025OB010820,WILMAR REICHEMBACH,Ressarcimento deputado Reichembach 20861-69.2025,399.19
2025,10,339030,2025NE004471,2025OB010821,WILMAR REICHEMBACH,Ressarcimento deputado Reichembach 20861-69.2025,2208.71
2025,10,339033,2025NE004717,2025OB011357,WILMAR REICHEMBACH,Ressarcimento deputado Reichembach 22944-88.2025,404.8
2025,10,339039,2025NE004718,2025OB011358,WILMAR REICHEMBACH,Ressarcimento deputado Reichembach 22944-88.2025,33346.91
2025,10,339030,2025NE004715,2025OB011359,WILMAR REICHEMBACH,Ressarcimento Deputado Reichembach 22944-88.2025,1496.42
2025,11,339039,2025NE005162,2025OB012251,ADEMAR LUIZ TRAIANO,Ressa.Deput.Traiano.Prot.24207-34.2025,26213.45
2025,11,339030,2025NE005161,2025OB012252,ADEMAR LUIZ TRAIANO,Ressa.Deput.Traiano.Prot.24207-34.2025,8606.16
2025,11,339039,2025NE004984,2025OB011960,ADRIANO JOSE DA SILVA,Ressarcimento Deputado Adriano José 23815-45.2025,9685.0
2025,11,339039,2025NE005138,2025OB012244,ADRIANO JOSE DA SILVA,Ressarcimento Deputado soldado Adriano 24360-74.2025,16893.66
2025,11,339030,2025NE005137,2025OB012245,ADRIANO JOSE DA SILVA,Ressarcimento deputado Soldado Adriano 24360-74.2025,2866.63
2025,11,339039,2025NE005420,2025OB013097,ADRIANO JOSE DA SILVA,Ressa.Deput.Soldado Adriano Jose.Prot.25161-78.2025,299.37
2025,11,339033,2025NE005419,2025OB013098,ADRIANO JOSE DA SILVA,Ressa.Deput.Soldado Adriano Jose.Prot.25161-78.2025,2230.09
2025,11,339030,2025NE005413,2025OB013099,ADRIANO JOSE DA SILVA,Ressa.Deput.Soldado Adriano Jose.Prot.25161-78.2025,2180.19
2025,11,339030,2025NE005484,2025OB013120,ADRIANO JOSE DA SILVA,"Ressarc. Dep. Adriano José, 25663-07.2025",2407.64
2025,11,339033,2025NE005485,2025OB013121,ADRIANO JOSE DA SILVA,"Ressarc. Dep. Adriano José, 25663-07.2025",3729.56
2025,11,339039,2025NE005486,2025OB013122,ADRIANO JOSE DA SILVA,"Ressarc. Dep. Adriano José, 25663-07.2025",12892.05
2025,11,339039,2025NE005115,2025OB012181,ADÃO FERNANDES,Ressa.Deput.Adao Litro.Prot.24006-29.2025,15196.68
2025,11,339030,2025NE005114,2025OB012182,ADÃO FERNANDES,Ressa.Deput.Adao Litro.Prot.24006-29.2025,3144.87
2025,11,339039,2025NE005443,2025OB013091,ADÃO FERNANDES,Ressa.Deput.Adao Litro.Prot.24819-97.2025,2411.71
2025,11,339030,2025NE005439,2025OB013092,ADÃO FERNANDES,Ressa.Deput.Adao Litro.Prot.24819-97.2025,2364.25
2025,11,339030,2025NE005505,2025OB013237,ADÃO FERNANDES,Ressarcimento deputado Adão litro 25683-49.2025,2207.21
2025,11,339033,2025NE005507,2025OB013238,ADÃO FERNANDES,Ressarcimento Deputado Adão Litro 25683-49.2025,527.77
2025,11,339039,2025NE005509,2025OB013239,ADÃO FERNANDES,Ressarcimento deputado Adão Litro 25683-49.2025,12951.47
2025,11,339030,2025NE004906,2025OB011751,ALEXANDRE AMARO,Ressarcimento deputado Alexandre Amaro 23070-81.2025,2374.1
2025,11,339033,2025NE004907,2025OB011752,ALEXANDRE AMARO,Ressarcimento deputado Alexandre Amaro 23070-81.2025,72.3
2025,11,339014,2025NE004905,2025OB011753,ALEXANDRE AMARO,Ressarcimento deputado Alexandre Amaro 23070-81.2025,3344.85
2025,11,339039,2025NE004908,2025OB011754,ALEXANDRE AMARO,Ressarcimento Deputado Alexandre Amaro 23070-81.2025,853.66
2025,11,339030,2025NE005143,2025OB012291,ALEXANDRE AMARO,Ressarcimento Deputado Alexandre Amaro 24175-25.2025,3320.09
2025,11,339039,2025NE005144,2025OB012292,ALEXANDRE AMARO,Ressarcimento Deputado Alexandre Amaro 24175-25.2025,12604.18
2025,11,339030,2025NE005274,2025OB012578,ALEXANDRE AMARO,Ressa.Deput.Alexandra amaro.prot.24899-71.2025,1978.07
2025,11,339039,2025NE005282,2025OB012579,ALEXANDRE AMARO,Ressa.Deput.Alexandre Amaro.Prot.24899-71.2025,7006.41
2025,11,339039,2025NE005154,2025OB012289,ALISSON ANTHONY WANDSCHEER,Ressa.Deput.Alisson Wandscheer.Prot.24273-95.2025,30277.2
2025,11,339030,2025NE005153,2025OB012290,ALISSON ANTHONY WANDSCHEER,Ressa.Deput.Alisson wandscheer.prot.24273-95.2025,5520.28
2025,11,339030,2025NE005029,2025OB012074,ANA JÚLIA RIBEIRIO,Ressarcimento deputada Ana Julia 22256-40.2025,11137.12
2025,11,339033,2025NE005030,2025OB012075,ANA JÚLIA RIBEIRIO,Ressarcimento deputada Ana Julia 22256-40.2025,151.86
2025,11,339039,2025NE005031,2025OB012076,ANA JÚLIA RIBEIRIO,Ressarcimento Deputada Ana Júlia 22256-40.2025,24311.99
2025,11,339039,2025NE005286,2025OB012506,ANTONIO ANNIBELLI NETO,Ressarcimento deputado Annibelli 24711-06.2025,23126.87
2025,11,339030,2025NE005283,2025OB012507,ANTONIO ANNIBELLI NETO,Ressarcimento deputado Annibelli 24711-06.2025,5983.58
2025,11,339033,2025NE005285,2025OB012508,ANTONIO ANNIBELLI NETO,Ressarcimento deputado Annibelli 24711-06.2025,1916.58
2025,11,339030,2025NE005375,2025OB012952,ANTONIO ANNIBELLI NETO,Ressa.Deput.Anibelli Neto.Prot.25142-09.2025,5618.93
2025,11,339030,2025NE005370,2025OB012957,ANTONIO ANNIBELLI NETO,Ressa.Deput.Anibelli Neto.Prot.25502-86.2025,3112.25
2025,11,339039,2025NE005245,2025OB012592,ARILSON MAROLDI CHIORATO,Ressarcimento deputado Arilson Chiorato 24323-06.2025,20869.19
2025,11,339033,2025NE005244,2025OB012593,ARILSON MAROLDI CHIORATO,Ressarcimento Depútado Arilson Chiorato 24323-06.2025,2521.16
2025,11,339030,2025NE005243,2025OB012594,ARILSON MAROLDI CHIORATO,Ressarcimento deputado Arilson Chiorato 24323-06.2025,4192.88
2025,11,339039,2025NE005403,2025OB013028,ARILSON MAROLDI CHIORATO,Ressarcimento deputado Arilson Chiorato 25029-53.2025,7874.2
2025,11,339033,2025NE005402,2025OB013029,ARILSON MAROLDI CHIORATO,Ressarcimento deputado Arilson Chiorato 25029-53.2025,1724.71
2025,11,339030,2025NE005401,2025OB013030,ARILSON MAROLDI CHIORATO,Ressarcimento deputado Arilson Chiorato 25029-53.2025,3363.51
2025,11,339014,2025NE004933,2025OB011760,ARTAGAO DE MATTOS LEÃO JUNIOR,Ressa.Deput.Artagão.Prot.23492-36.2025,2508.63
2025,11,339030,2025NE004934,2025OB011761,ARTAGAO DE MATTOS LEÃO JUNIOR,Ressa.Deput.Artagão.Prot.23492-36.2025,3757.0
2025,11,339039,2025NE005101,2025OB012151,ARTAGAO DE MATTOS LEÃO JUNIOR,"Ressarc. Dep. Artagão, 24299-72.2025",2000.0
2025,11,339039,2025NE005097,2025OB012195,ARTAGAO DE MATTOS LEÃO JUNIOR,Ressarcimento deputado Artagão 24066-58.2025,180.0
2025,11,339030,2025NE005096,2025OB012196,ARTAGAO DE MATTOS LEÃO JUNIOR,Ressarcimento Deputado Artagão 24066-58.2025,3128.16
2025,11,339014,2025NE005095,2025OB012197,ARTAGAO DE MATTOS LEÃO JUNIOR,Ressarcimento Deputado Artagão 24066-58.2025,1254.3
2025,11,339039,2025NE005325,2025OB012773,ARTAGAO DE MATTOS LEÃO JUNIOR,"Ressarc. Dep. Artagão Junior, 25065-51.2025",490.0
2025,11,339030,2025NE005324,2025OB012774,ARTAGAO DE MATTOS LEÃO JUNIOR,"Ressarc. Dep. Artagão Junior, 25065-51.2025",6348.45
2025,11,339014,2025NE005323,2025OB012775,ARTAGAO DE MATTOS LEÃO JUNIOR,"Ressarc. Dep. Artagão Junior, 25065-51.2025",7525.86
2025,11,339014,2025NE005377,2025OB012945,ARTAGAO DE MATTOS LEÃO JUNIOR,"Ressarc. Dep. Artagão Junior, 25440-14.2025",3010.35
2025,11,339030,2025NE005378,2025OB012946,ARTAGAO DE MATTOS LEÃO JUNIOR,"Ressarc. Dep. Artagão, 25440-14.2025",2528.16
2025,11,339014,2025NE005501,2025OB013244,ARTAGAO DE MATTOS LEÃO JUNIOR,Ressa.Deput.Artagao.Prot.25836-89.2025,2759.49
2025,11,339030,2025NE005503,2025OB013245,ARTAGAO DE MATTOS LEÃO JUNIOR,Ressa.Deput.Artagao.Prot.25836-89.2025,5496.99
2025,11,339039,2025NE005053,2025OB012007,Aldino Jorge Bueno,Ressa.Depiut.Gugu Bueno.Prot.24068-04.2025,17197.43
2025,11,339030,2025NE005051,2025OB012008,Aldino Jorge Bueno,Ressa.Deput.Gugu Beuno.Prot.24068-04.2025,1274.95
2025,11,339030,2025NE005275,2025OB012538,Aldino Jorge Bueno,"Ressarc. Dep. Gugu Bueno, 25125-80.2025",5284.89
2025,11,339039,2025NE005277,2025OB012539,Aldino Jorge Bueno,"Ressarc. Dep. Gugu Bueno, 25125-80.2025",3509.97
2025,11,339039,2025NE005367,2025OB012958,Aldino Jorge Bueno,Ressa.Deput.Gugu Bueno.Prot.25610-80.2025,8843.54
2025,11,339030,2025NE005365,2025OB012959,Aldino Jorge Bueno,Ressa.Deput.Gugu Bueno.Prot.25610-80.2025,240.0
2025,11,339030,2025NE005508,2025OB013252,Aldino Jorge Bueno,"Ressarc, Dep. Gugu Bueno, 25862-66.2025",1977.15
2025,11,339039,2025NE005510,2025OB013253,Aldino Jorge Bueno,"Ressarc. Dep. Gugu Bueno, 25862-66.2025",817.94
2025,11,339030,2025NE005201,2025OB012469,Alexandre Maranhão Curi,"Ressarc. Dep. Alexandre Curi, 24943-47.2025",2127.29
2025,11,339033,2025NE005202,2025OB012470,Alexandre Maranhão Curi,"Ressarc. Dep. Alexandre Curi, 24943-47.2025",3742.8
2025,11,339039,2025NE005203,2025OB012471,Alexandre Maranhão Curi,"Ressarc. Dep. Alexandre Curi, 24943-47.2025",9000.0
2025,11,339039,2025NE004927,2025OB011755,CLOARA PINHEIRO LIMA,Ressarcimento Deputada Cloara 23366-43.2025,822.94
2025,11,339033,2025NE004926,2025OB011756,CLOARA PINHEIRO LIMA,Ressarcimento deputada Cloara 23366-43.2025,7428.0
2025,11,339030,2025NE004925,2025OB011757,CLOARA PINHEIRO LIMA,Ressarcimento deputada Cloara 23366-43.2025,4193.81
2025,11,339039,2025NE005135,2025OB012239,CLOARA PINHEIRO LIMA,Ressa.Deput.Cloara.Prot.24264-47.2025,16137.89
2025,11,339030,2025NE005131,2025OB012240,CLOARA PINHEIRO LIMA,Ressa.Deput.Cloara.Prot.24264-47.2025,797.29
2025,11,339033,2025NE005132,2025OB012241,CLOARA PINHEIRO LIMA,Ressa.Deput.Cloara.Prot.24264-47.2025,46.72
2025,11,339039,2025NE005174,2025OB012451,CLOARA PINHEIRO LIMA,Ressarcimento deputada Cloara 24517-06.2025,18116.25
2025,11,339033,2025NE005173,2025OB012452,CLOARA PINHEIRO LIMA,Ressarcimento deputada Cloara 24517-06.2025,40.0
2025,11,339030,2025NE005172,2025OB012453,CLOARA PINHEIRO LIMA,Ressarcimento Deputada Cloara 24517-06.2025,1510.46
2025,11,339030,2025NE005299,2025OB012598,CLOARA PINHEIRO LIMA,Ressa.Deput.Cloara Pinheiro.prot.24884-88.2025,500.0
2025,11,339039,2025NE005302,2025OB012599,CLOARA PINHEIRO LIMA,Ressa.Deput.Cloara Pinheiro.Prot.24884-88.2025,6500.0
2025,11,339039,2025NE005502,2025OB013241,CLOARA PINHEIRO LIMA,Ressarcimento deputada Cloara 25689-81.2025,3727.86
2025,11,339033,2025NE005500,2025OB013242,CLOARA PINHEIRO LIMA,Ressarcimento deputada Cloara 25689-81.2025,118.35
2025,11,339030,2025NE005499,2025OB013243,CLOARA PINHEIRO LIMA,Ressarcimento deputada Cloara 25689-81.2025,2357.05
2025,11,339039,2025NE005297,2025OB012575,DENIAN COUTO COELHO,Ressarcimento deputado Denian Couto 24985-77.2025,10835.11
2025,11,339030,2025NE005295,2025OB012576,DENIAN COUTO COELHO,Ressarcimento deputado Denian Couto 24985-77.2025,822.86
2025,11,339014,2025NE005294,2025OB012577,DENIAN COUTO COELHO,Ressarcimento depútado Denian Couto 24985-77.2025,2257.76
2025,11,339039,2025NE005308,2025OB012667,DENIAN COUTO COELHO,Ressarcimento deputado Denian Couto 24576-62.2025,948.56
2025,11,339033,2025NE005307,2025OB012668,DENIAN COUTO COELHO,Ressarcimento deputado Denian Couto 24576-62.2025,366.65
2025,11,339030,2025NE005312,2025OB012669,DENIAN COUTO COELHO,Ressarcimento deputado Denian Couto 24576-62.2025,4650.99
2025,11,339014,2025NE005303,2025OB012670,DENIAN COUTO COELHO,Ressarcimento deputado Denian Couto 24576-62.2025,7943.97
2025,11,339030,2025NE005110,2025OB012178,DEVANIL REGINALDO DA SILVA,Ressa.Deput.Cobra Reporter.Prot.23980-52.2025,312.57
2025,11,339039,2025NE005112,2025OB012179,DEVANIL REGINALDO DA SILVA,Ressa.Deput.Cobra Reporter.Prot.23980-52.2025,5450.4
2025,11,339039,2025NE005109,2025OB012180,DEVANIL REGINALDO DA SILVA,Ressa.Deput.Cobra Reporter.Prot.24144-86.2025,9813.04
2025,11,339030,2025NE005300,2025OB012582,DEVANIL REGINALDO DA SILVA,"Ressarc. Dep. Cobra Repórter, 24894-12.2025",150.08
2025,11,339039,2025NE005304,2025OB012583,DEVANIL REGINALDO DA SILVA,"Ressarc. Dep. Cobra Repórter, 24894-12.2025",11597.76
2025,11,339039,2025NE004886,2025OB011768,EVANDRO JOSE DA CRUZ ARAUJO,Ressarcimento deputado Evandro Araújo 23152-98.2025,396.3
2025,11,339033,2025NE004885,2025OB011769,EVANDRO JOSE DA CRUZ ARAUJO,Ressarcimento Deputado Evandro Araújo 23152-98.2025,2183.98
2025,11,339030,2025NE004884,2025OB011770,EVANDRO JOSE DA CRUZ ARAUJO,Ressarcimento Deputado Evandro Araújo 23152-98.2025,1228.25
2025,11,339030,2025NE005037,2025OB012064,EVANDRO JOSE DA CRUZ ARAUJO,Ressarcimento deputado Evandro Araújo 23977-36.2025,2196.46
2025,11,339033,2025NE005038,2025OB012065,EVANDRO JOSE DA CRUZ ARAUJO,Ressarcimento deputado Evandro Araújo 23977-36.2025,3854.42
2025,11,339039,2025NE005039,2025OB012066,EVANDRO JOSE DA CRUZ ARAUJO,Ressarcimento deputado Evandro Araújo 23977-36.2025,8015.98
2025,11,339039,2025NE005196,2025OB012455,EVANDRO JOSE DA CRUZ ARAUJO,Ressarcimento deputado Evandro Araújo 24442-91.2025,3322.88
2025,11,339033,2025NE005195,2025OB012456,EVANDRO JOSE DA CRUZ ARAUJO,Ressarcimento Deputado Evandro Araújo 24442-91.2025,855.99
2025,11,339030,2025NE005194,2025OB012457,EVANDRO JOSE DA CRUZ ARAUJO,Ressarcimento Deputado Evandro Araújo 24442-91.2025,1605.78
2025,11,339033,2025NE005449,2025OB013167,EVANDRO JOSE DA CRUZ ARAUJO,"Ressarc. Dep. Evandro Araújo, 25368-18.2025",141.5
2025,11,339030,2025NE005448,2025OB013168,EVANDRO JOSE DA CRUZ ARAUJO,"Ressarc. Dep. Evandro Araújo, 25368-18.2025",1764.84
2025,11,339039,2025NE005450,2025OB013169,EVANDRO JOSE DA CRUZ ARAUJO,"Ressarc. Dep. Evandro Araújo, 25368-18.2025",4956.51
2025,11,339030,2025NE005028,2025OB012152,FABIO OLIVEIRA,Ressarcimento deputado Fábio Oliveira 23834-17.2025,712.75
2025,11,339014,2025NE005027,2025OB012153,FABIO OLIVEIRA,Ressarcimento deputado Fábio Oliveira 23834-17.2025,2341.4
2025,11,339039,2025NE005066,2025OB012154,FABIO OLIVEIRA,Ressarcimento deputado Fábio Oliveira 23834-17.2025,10898.5
2025,11,339033,2025NE005065,2025OB012155,FABIO OLIVEIRA,Ressarcimento deputado Fábio Oliveira 23834-17.2025,782.3
2025,11,339039,2025NE005200,2025OB012458,FABIO OLIVEIRA,Ressarcimento Deputado Fábio Oliveira 24153-37.2025,8699.6
2025,11,339033,2025NE005199,2025OB012459,FABIO OLIVEIRA,Ressarcimento Deputado Fábio Oliveira 24153-37.2025,3179.55
2025,11,339030,2025NE005198,2025OB012460,FABIO OLIVEIRA,Ressarcimentio Deputado Fábio Oliveira 24153-37.2025,1575.85
2025,11,339039,2025NE005454,2025OB013173,FABIO OLIVEIRA,"Ressarc. Dep. Fabio Oliveira, 24855-95.2025",5201.75
2025,11,339033,2025NE005453,2025OB013174,FABIO OLIVEIRA,"Ressarc. Dep. Fabio Oliveira, 24855-95.2025",605.65
2025,11,339030,2025NE005452,2025OB013175,FABIO OLIVEIRA,"Ressarc. Dep. Fabio Oliveira, 24855-95.2025",4130.31
2025,11,339033,2025NE005516,2025OB013246,FABIO OLIVEIRA,Ressa.Deput.Fabio Oliveira.Prot.25730-41.2025,155.36
2025,11,339039,2025NE005517,2025OB013247,FABIO OLIVEIRA,Ressa.deput.Fabio Oliveira.Prot.25730-41.2025,5254.66
2025,11,339030,2025NE005515,2025OB013248,FABIO OLIVEIRA,Ressa.Deput.Fabio oliveira.Prot.25730-41.2025,3814.88
2025,11,339014,2025NE005514,2025OB013249,FABIO OLIVEIRA,Ressa.Deput.Fabio Alex.Prot.25730-41.2025,2006.9
2025,11,339039,2025NE005056,2025OB011944,FLAVIA CAROLINA RESENDE JABER FRANCISCHINI,"Ressarc. Dep. Flavia Francischini, 24266-90.2025",10000.0
2025,11,339030,2025NE005054,2025OB011945,FLAVIA CAROLINA RESENDE JABER FRANCISCHINI,"Ressarc. Dep. Flavia Francischini, 24266-90.2025",844.32
2025,11,339014,2025NE005105,2025OB012077,FLAVIA CAROLINA RESENDE JABER FRANCISCHINI,"Ressarc. Dep. Flavia FRancischini, 24416-17.2025",139.37
2025,11,339039,2025NE005106,2025OB012078,FLAVIA CAROLINA RESENDE JABER FRANCISCHINI,"Ressarc. Dep. Flavia FRancischini, 24416-17.2025",10280.0
2025,11,339030,2025NE005145,2025OB012198,FLAVIA CAROLINA RESENDE JABER FRANCISCHINI,"Ressarc. Dep. Flavia Francischini, 24583-67.2025",194.1
2025,11,339039,2025NE005146,2025OB012199,FLAVIA CAROLINA RESENDE JABER FRANCISCHINI,"Ressarc. Dep Flavia Francischini, 24583-67.2025",9990.0
2025,11,339014,2025NE005254,2025OB012504,FLAVIA CAROLINA RESENDE JABER FRANCISCHINI,"Ressarc. Dep. Flavia Francischini, 25197-76.2025",780.47
2025,11,339030,2025NE005256,2025OB012505,FLAVIA CAROLINA RESENDE JABER FRANCISCHINI,"Ressarc. Dep. Flavia Francischini, 25197-76.2025",409.34
2025,11,339039,2025NE005330,2025OB012759,FLAVIA CAROLINA RESENDE JABER FRANCISCHINI,"Ressarc. Dep. Flavia Francischini, 25353-35.2025",10000.0
2025,11,339039,2025NE005047,2025OB012009,GILSON DE SOUZA,Ressarcimento deputado Gilson de Souza 23900-78.2025,28240.09
2025,11,339030,2025NE005046,2025OB012010,GILSON DE SOUZA,Ressarcimento deputado Gilson de Souza 23900-78.2025,1448.15
2025,11,339039,2025NE005208,2025OB012474,GILSON DE SOUZA,Ressarcimento Deputado Gilson de Souza 24886-34.2025,28346.86
2025,11,339030,2025NE005207,2025OB012475,GILSON DE SOUZA,Ressarcimento Deputado Gilson de Souza 24886-34.2025,5361.91
2025,11,339039,2025NE005045,2025OB012174,HUSSEIN BAKRI,Ressarcimento deputado Hussein Bakri 23845-11.2025,3666.0
2025,11,339030,2025NE005044,2025OB012175,HUSSEIN BAKRI,Ressarcimento deputado Hussein Bakri 23845-11.2025,2557.4
2025,11,339030,2025NE005276,2025OB012587,HUSSEIN BAKRI,Ressarcimento deputado Hussein Bakri 24668-03.2025,1511.02
2025,11,339039,2025NE005279,2025OB012588,HUSSEIN BAKRI,Ressarcimento deputado Hussein Bakri 24668-03.2025,16788.49
2025,11,339030,2025NE005479,2025OB013160,HUSSEIN BAKRI,"Ressarc. Dep. Hussein Bakri, 25657-72.2025",2242.46
2025,11,339033,2025NE005480,2025OB013161,HUSSEIN BAKRI,"Ressarc. Dep. Hussein Bakri, 25657-72.2025",461.3
2025,11,339039,2025NE005481,2025OB013162,HUSSEIN BAKRI,"Ressarc. Dep. Hussein Bakri, 25657-72.2025",10909.8
2025,11,339039,2025NE005050,2025OB012164,ISABEL CRISTINA RAUEN SILVESTRI,Ressarcimento deputada Cristina Silvestri 23783-36.2025,32238.75
2025,11,339033,2025NE005049,2025OB012165,ISABEL CRISTINA RAUEN SILVESTRI,Ressarcimento deputada Cristina Silvestri 23783-36.2025,1250.0
2025,11,339030,2025NE005093,2025OB012166,ISABEL CRISTINA RAUEN SILVESTRI,Ressarcimento deputada Cristina Silvestri 23783-36.2025,6444.54
2025,11,339039,2025NE004930,2025OB011788,JORGE GOMES DE OLIVEIRA BRAND,Ressarcimento deputado Goura 23359-38.2025,4864.37
2025,11,339033,2025NE004929,2025OB011789,JORGE GOMES DE OLIVEIRA BRAND,Ressarcimento Deputado Goura 23359-38.2025,119.4
2025,11,339039,2025NE005177,2025OB012464,JORGE GOMES DE OLIVEIRA BRAND,Ressarcimento Deputado Goura 24348-10.2025,10327.57
2025,11,339033,2025NE005176,2025OB012465,JORGE GOMES DE OLIVEIRA BRAND,Ressarcimento deputado Goura 24348-10.2025,2374.94
2025,11,339030,2025NE005175,2025OB012466,JORGE GOMES DE OLIVEIRA BRAND,Ressarcimento Deputado Goura 24348-10.2025,931.19
2025,11,339039,2025NE005438,2025OB013093,JORGE GOMES DE OLIVEIRA BRAND,Ressa.Deput.Goura.Prot.25269-72.2025,17155.88
2025,11,339033,2025NE005435,2025OB013094,JORGE GOMES DE OLIVEIRA BRAND,Ressa.Deput.Goura.Prot.25269-72.2025,2200.16
2025,11,339030,2025NE005431,2025OB013095,JORGE GOMES DE OLIVEIRA BRAND,Ressa.Deput.Goura.prot.25269-72.2025,7279.56
2025,11,339014,2025NE005428,2025OB013096,JORGE GOMES DE OLIVEIRA BRAND,Ressa.Deput.Goura.Prot.25269-72.2025,557.48
2025,11,339039,2025NE005474,2025OB013166,JORGE GOMES DE OLIVEIRA BRAND,"Ressarc. Dep. Goura, 25725-79.2025",4911.64
2025,11,339030,2025NE005309,2025OB012580,JOSE APARECIDO JACOVOS,"Ressarc. Dep. Delegado Jacovos, 24221-44.2025",6413.79
2025,11,339039,2025NE005310,2025OB012581,JOSE APARECIDO JACOVOS,"Ressarc. Dep. Delegado Jacovos, 24221-44.2025",29819.13
2025,11,339030,2025NE004951,2025OB011792,JOSE GILBERTO DO CARMO ALVES RIBEIRO,Ressarcimento deputado Gilberto Ribeiro 23688-79.2025,583.04
2025,11,339033,2025NE004952,2025OB011793,JOSE GILBERTO DO CARMO ALVES RIBEIRO,Ressarcimento Deputado Gilberto Ribeiro 23688-79.2025,58.83
2025,11,339039,2025NE004954,2025OB011794,JOSE GILBERTO DO CARMO ALVES RIBEIRO,Ressarcimento deputado Gilberto Ribeiro 23688-79.2025,11200.0
2025,11,339030,2025NE004996,2025OB011829,JOSE GILBERTO DO CARMO ALVES RIBEIRO,"Ressarc. Dep. Gilberto Ribeiro, 23142-77.2025",1126.48
2025,11,339039,2025NE004997,2025OB011830,JOSE GILBERTO DO CARMO ALVES RIBEIRO,"Ressarc. Dep. Gilberto Ribeiro, 23142-77.2025",7169.89
2025,11,339030,2025NE005193,2025OB012467,JOSE GILBERTO DO CARMO ALVES RIBEIRO,Ressa.Deput.Gilberto Ribeiro.Prot.24554-74.2025,2656.45
2025,11,339039,2025NE005197,2025OB012468,JOSE GILBERTO DO CARMO ALVES RIBEIRO,Ressa.Deput.Gilberto Ribeiro.Prot.24554-74.2025,6678.3
2025,11,339030,2025NE005440,2025OB013103,JOSE GILBERTO DO CARMO ALVES RIBEIRO,Ressarcimento Deputado Gilberto Ribeiro 25331-47.2025,862.83
2025,11,339039,2025NE005441,2025OB013104,JOSE GILBERTO DO CARMO ALVES RIBEIRO,Ressarcimento deputado Gilberto Ribeiro 25331-47.2025,9158.69
2025,11,339039,2025NE004950,2025OB011800,JOSE RODRIGUES LEMOS,Ressarcimento Deputado Professor Lemos 23750-54.2025,13500.0
2025,11,339033,2025NE005064,2025OB012003,JOSE RODRIGUES LEMOS,"Ressa.Deput.Prof.Lemos,Prot.23788-95.2025",4779.08
2025,11,339039,2025NE005098,2025OB012186,JOSE RODRIGUES LEMOS,Ressarcimento deputado Professor Lemos 24292-67.2025,7800.0
2025,11,339039,2025NE005281,2025OB012595,JOSE RODRIGUES LEMOS,Ressarcimento deputado Professor Lemos 24590-72.2025,4618.96
2025,11,339030,2025NE005280,2025OB012596,JOSE RODRIGUES LEMOS,Ressarcimento Deputado Professor Lemos 24590-72.2025,5141.03
2025,11,339039,2025NE005473,2025OB013179,JOSE RODRIGUES LEMOS,Ressarcimento deputado Professor Lemos 25592-81.2025,6249.75
2025,11,339030,2025NE005472,2025OB013180,JOSE RODRIGUES LEMOS,Ressarcimento Deputado Professor Lemos 25592-81.2025,1795.83
2025,11,339039,2025NE004924,2025OB011745,Jairo Tamura,Ressarcimento deputado Jairo Tamura 23281-10.2025,1592.34
2025,11,339033,2025NE004923,2025OB011746,Jairo Tamura,Ressarcimento deputado Jairo Tamura 23281-10.2025,1544.18
2025,11,339030,2025NE004922,2025OB011747,Jairo Tamura,Ressarcimento Deputado Jairo Tamura 23281-10.2025,3892.0
2025,11,339030,2025NE005216,2025OB012461,Jairo Tamura,Ressa.Deput.Jairo Tamura.Prot.24703-28.2025,555.02
2025,11,339033,2025NE005218,2025OB012462,Jairo Tamura,Ressa.Deput.Jairo Tamura.Prot.24703-28.2025,679.84
2025,11,339039,2025NE005220,2025OB012463,Jairo Tamura,Ressa.Deput.Jairo Tamura.Prot.24703-28.2025,19149.51
2025,11,339030,2025NE005432,2025OB013105,Jairo Tamura,Ressarcimento deputado Jairo Tamura 25173-45.2025,2534.82
2025,11,339033,2025NE005434,2025OB013106,Jairo Tamura,Ressarcimento Deputado Jairo Tamura 25173-45.2025,1044.87
2025,11,339039,2025NE005436,2025OB013107,Jairo Tamura,Ressarcimento Deputado Jairo Tamura 25173-45.2025,7557.97
2025,11,339039,2025NE005384,2025OB012950,LEONIDAS FAVERO NETO,"Ressarc. Dep. Leonidas, 25520-85.2025",10000.0
2025,11,339039,2025NE005383,2025OB012951,LEONIDAS FAVERO NETO,"Ressarc. Dep. Leonidas, 25396-38.2025",3500.0
2025,11,339030,2025NE005379,2025OB012953,LEONIDAS FAVERO NETO,"Ressarc. Dep. Leonidas, 24215-12.2025",1775.15
2025,11,339039,2025NE005380,2025OB012954,LEONIDAS FAVERO NETO,"Ressarc. Dep. Leonidas, 24215-12.2025",7160.0
2025,11,339030,2025NE005381,2025OB012955,LEONIDAS FAVERO NETO,"Ressarc. Dep. Leonidas, 25072-56.2025",6287.11
2025,11,339039,2025NE005382,2025OB012956,LEONIDAS FAVERO NETO,"Ressarc. Dep. Leonidas, 25072-56.2025",9144.9
2025,11,339039,2025NE005080,2025OB012188,LUCIANA GUZELLA RAFAGNIN,Ressarcimento deputada Luciana Rafagnin 23976-63.2025,10952.21
2025,11,339033,2025NE005079,2025OB012189,LUCIANA GUZELLA RAFAGNIN,Ressarcimento deputada Luciana Rafagnin 23976-63.2025,1768.57
2025,11,339030,2025NE005078,2025OB012190,LUCIANA GUZELLA RAFAGNIN,Ressarcimento deputada Luciana Rafagnin 23976-63.2025,2693.33
2025,11,339030,2025NE005429,2025OB013040,LUCIANA GUZELLA RAFAGNIN,"Ressarc. Dep. Luciana Rafagnin, 25263-40.2025",2472.55
2025,11,339033,2025NE005430,2025OB013041,LUCIANA GUZELLA RAFAGNIN,"Ressarc. Dep. Luciana Rafagnin, 25263-40.2025",1178.65
2025,11,339039,2025NE005433,2025OB013042,LUCIANA GUZELLA RAFAGNIN,"Ressarc. Dep Luciana Rafagnin, 25263-40.2025",12264.6
2025,11,339030,2025NE005067,2025OB012005,LUIS RAIMUNDO CORTI,Ressa.Deput.Luis Corti.Prot.24089-19.2025,8509.63
2025,11,339014,2025NE005099,2025OB012163,LUIS RAIMUNDO CORTI,"Ressarc. Dep. Luis Corti, 24088-46.2025",7024.17
2025,11,339039,2025NE005148,2025OB012288,LUIS RAIMUNDO CORTI,Ressa.Deput.Luis Corti.Prot.24461-63.2025,9500.0
2025,11,339033,2025NE005269,2025OB012553,LUIZ CLAUDIO ROMANELLI,"Ressarc. Dep. Romanelli, 24716-65.2025",689.24
2025,11,339030,2025NE005267,2025OB012554,LUIZ CLAUDIO ROMANELLI,"Ressarc. Dep. Romanelli, 24716-65.2025",1146.0
2025,11,339039,2025NE005271,2025OB012555,LUIZ CLAUDIO ROMANELLI,"Ressarc. Dep. Romanelli, 24716-65.2025",10348.5
2025,11,339039,2025NE005372,2025OB012948,LUIZ CLAUDIO ROMANELLI,Ressarcimento deputado Romaneli 25199-22.2025,24779.21
2025,11,339030,2025NE005371,2025OB012949,LUIZ CLAUDIO ROMANELLI,Ressarcimento deputado Romaneli 25199-22.2025,1296.0
2025,11,339039,2025NE005369,2025OB012960,LUIZ CLAUDIO ROMANELLI,Ressarcimento deputado Romaneli 25325-15.2025,37502.8
2025,11,339033,2025NE005368,2025OB012961,LUIZ CLAUDIO ROMANELLI,Ressarcimento deputado Romaneli 25325-15.2025,4225.94
2025,11,339030,2025NE005366,2025OB012962,LUIZ CLAUDIO ROMANELLI,Ressarcimento Deputado Romaneli 25325-15.2025,6333.11
2025,11,339039,2025NE004949,2025OB011799,MABEL CORA CANTO,Ressarcimento deputada Mabel Canto 23158-33.2025,1800.0
2025,11,339039,2025NE005406,2025OB013053,MABEL CORA CANTO,Ressarcimento deputada Mabel Canto 24714-22.2025,16135.26
2025,11,339033,2025NE005405,2025OB013054,MABEL CORA CANTO,Ressarcimento deputada Mabel Canto 24714-22.2025,357.7
2025,11,339030,2025NE005404,2025OB013055,MABEL CORA CANTO,Ressarcimento Deputada Mabel Canto 24714-22.2025,4835.36
2025,11,339039,2025NE005077,2025OB012159,MARCIA CECILIA HUÇULAK,Ressarcimento Deputada Márcia Huçulak 23570-64.2025,32815.66
2025,11,339033,2025NE005076,2025OB012160,MARCIA CECILIA HUÇULAK,Ressarcimento Deputada Márcia Huçulak 23570-64.2025,209.52
2025,11,339030,2025NE005075,2025OB012161,MARCIA CECILIA HUÇULAK,Ressarcimento deputada Márcia Huçulak 23570-64.2025,2770.8
2025,11,339014,2025NE005074,2025OB012162,MARCIA CECILIA HUÇULAK,Ressarcimento Deputada Márcia Huçulak 23570-64.2025,1254.31
2025,11,339039,2025NE005399,2025OB013043,MARCIA CECILIA HUÇULAK,Ressarcimento deputada Márcia Huçulak 24722-97.2025,813.15
2025,11,339030,2025NE005398,2025OB013044,MARCIA CECILIA HUÇULAK,Ressarcimento deputada Márcia Huçulak 24722-97.2025,573.55
2025,11,339014,2025NE005396,2025OB013045,MARCIA CECILIA HUÇULAK,Ressarcimento deputada Márcia Huçulak 24722-97.2025,641.09
2025,11,339033,2025NE005409,2025OB013046,MARCIA CECILIA HUÇULAK,Ressarcimento deputada Márcia Huçulak 24722-97.2025,103.0
2025,11,339030,2025NE004989,2025OB011958,MARCIO JOSE PACHECO RAMOS,Ressa.Deput.Marcio Pacheco.Prot.23351-60.2025,431.88
2025,11,339039,2025NE005016,2025OB011959,MARCIO JOSE PACHECO RAMOS,Ressa.Deput.Marcio Pacheco.Prot.23351-60.2025,10245.17
2025,11,339039,2025NE005412,2025OB013048,MARCIO JOSE PACHECO RAMOS,Ressarcimento Deputado Márcio Pacheco 24715-92.2025,16486.26
2025,11,339033,2025NE005411,2025OB013049,MARCIO JOSE PACHECO RAMOS,Ressarcimento deputado Márcio Pacheco 24715-92.2025,2974.23
2025,11,339030,2025NE005410,2025OB013050,MARCIO JOSE PACHECO RAMOS,Ressarcimento deputado Márcio Pacheco 24715-92.2025,2265.45
2025,11,339039,2025NE005376,2025OB013100,MARCIO JOSE PACHECO RAMOS,Ressarcimento Deputado Márcio 25317-37.2025,4898.07
2025,11,339033,2025NE005374,2025OB013101,MARCIO JOSE PACHECO RAMOS,Ressarcimento deputado Márcio Pacheco 25317-37.2025,9.0
2025,11,339030,2025NE005373,2025OB013102,MARCIO JOSE PACHECO RAMOS,Ressarcimento Deputado Márcio Pacheco 25317-37.2025,1672.46
2025,11,339030,2025NE005467,2025OB013163,MARCIO JOSE PACHECO RAMOS,"Ressarc. Dep. Marcio Pacheco, 24706-44.2025",816.6
2025,11,339033,2025NE005468,2025OB013164,MARCIO JOSE PACHECO RAMOS,"Ressarc. Dep. Marcio Pacheco, 24706-44.2025",628.65
2025,11,339039,2025NE005469,2025OB013165,MARCIO JOSE PACHECO RAMOS,"Ressarc. Dep. Marcio Pacheco, 24706-44.2025",474.63
2025,11,339030,2025NE005456,2025OB013170,MARCIO JOSE PACHECO RAMOS,"Ressarc. Dep. Marcio Pacheco, 24026-71.2025",3863.38
2025,11,339033,2025NE005457,2025OB013171,MARCIO JOSE PACHECO RAMOS,"Ressarc. Dep. Marcio Pacheco, 24026-71.2025",9.0
2025,11,339039,2025NE005458,2025OB013172,MARCIO JOSE PACHECO RAMOS,"Ressarc. Dep. Marcio Pacheco, 24026-71.2025",1364.6
2025,11,339039,2025NE005057,2025OB012006,MARIA VICTORIA BORGHETTI BARROS,Ressa.Deput.Maria Victoria.Prot.24139-27.2025,10000.0
2025,11,339039,2025NE005071,2025OB012069,MARIA VICTORIA BORGHETTI BARROS,Ressa.Deput.Maria Victoria.Prot.24111-07.2025,6400.0
2025,11,339030,2025NE005120,2025OB012177,MARIA VICTORIA BORGHETTI BARROS,Ressa.Deput.Maria Victoria.Prot.24380-19.2025,3545.07
2025,11,339039,2025NE005117,2025OB012191,MARIA VICTORIA BORGHETTI BARROS,Ressa.Deput.Maria Victoria.Prot.24390-40.2025,3251.12
2025,11,339039,2025NE005322,2025OB012863,MARIA VICTORIA BORGHETTI BARROS,"Ressarc. Dep. Maria Victoria, 25283-82.2025",12063.0
2025,11,339030,2025NE005321,2025OB012864,MARIA VICTORIA BORGHETTI BARROS,"Ressarc. Dep. Maria Victoria, 25283-82.2025",290.69
2025,11,339030,2025NE005476,2025OB013154,MARIA VICTORIA BORGHETTI BARROS,"Ressarc. Dep. Maria Victoria, 25791-43.2025",6114.82
2025,11,339039,2025NE005477,2025OB013155,MARIA VICTORIA BORGHETTI BARROS,"Ressarc. Dep. Maria Victoria, 25791-43.2025",10250.0
2025,11,339039,2025NE005082,2025OB012234,MARILEI DE SOUZA LIMA,Ressarcimento deputada Cantora Mara Lima 23958-64.2025,8699.4
2025,11,339030,2025NE005081,2025OB012235,MARILEI DE SOUZA LIMA,Ressarcimento Cantora Mara Lima 23958-64.2025,1050.32
2025,11,339039,2025NE005128,2025OB012242,MARILEI DE SOUZA LIMA,Ressarcimento Deputada Cantora Mara Lima 24174-52.2025,11319.63
2025,11,339030,2025NE005127,2025OB012243,MARILEI DE SOUZA LIMA,Ressarcimento Deputada Cantora Mara Lima 24174-52.2025,2595.85
2025,11,339039,2025NE005427,2025OB013111,MARILEI DE SOUZA LIMA,Ressarcimento deputada cantora Mara Lima 25398-81.2025,18235.08
2025,11,339030,2025NE005426,2025OB013112,MARILEI DE SOUZA LIMA,Ressarcimento deputada Cantora Mara Lima 25398-81.2025,2203.78
2025,11,339039,2025NE005506,2025OB013250,MARILEI DE SOUZA LIMA,Ressa.Deput.Cantora Mara Lima.prot.25808-69.2025,14101.0
2025,11,339030,2025NE005504,2025OB013251,MARILEI DE SOUZA LIMA,Ressa.Deput.Cantora Mara Lima.Prot.25808-69.2025,100.0
2025,11,339030,2025NE004963,2025OB011839,MARLY PAULINO FAGUNDES,Ressarcimento deputada Marly Paulino 23410-19.2025,5900.53
2025,11,339039,2025NE004965,2025OB011840,MARLY PAULINO FAGUNDES,Ressarcimento deputada Marly Paulino 23410-19.2025,26390.23
2025,11,339033,2025NE004964,2025OB011841,MARLY PAULINO FAGUNDES,Ressarcimento deputada Marly Paulino 23410-19.2025,550.0
2025,11,339039,2025NE004980,2025OB011836,MAURICIO THADEU DE MELLO E SILVA,Ressa.Deput.Requiao Filho.Prot.23828-82.2025,3808.21
2025,11,339033,2025NE004979,2025OB011837,MAURICIO THADEU DE MELLO E SILVA,Ressa.Deput.Requiao Filho.Prot.23828-82.2025,357.36
2025,11,339030,2025NE004981,2025OB011838,MAURICIO THADEU DE MELLO E SILVA,Ressa.Deput.Requiao Filho.Prot.23828-82.2025,2650.42
2025,11,339033,2025NE005248,2025OB012584,MAURICIO THADEU DE MELLO E SILVA,Ressarcimento deputado Requião Filho 24591-45.2025,1102.62
2025,11,339030,2025NE005247,2025OB012585,MAURICIO THADEU DE MELLO E SILVA,Ressarcimento Deputado Requião Filho 24591-45.2025,611.72
2025,11,339039,2025NE005246,2025OB012586,MAURICIO THADEU DE MELLO E SILVA,Ressarcimento Deputado Requião Filho 24591-45.2025,34985.98
2025,11,339030,2025NE004948,2025OB011791,MOACYR ELIAS FADEL JUNIOR,Ressarcimento Moacyr Fadel 23556-54.2025,8955.89
2025,11,339030,2025NE005421,2025OB013038,MOACYR ELIAS FADEL JUNIOR,Ressa.Deput.Moacyr Fadel.Prot.25245-41.2025,4430.75
2025,11,339039,2025NE005422,2025OB013039,MOACYR ELIAS FADEL JUNIOR,Ressa.Deput.Moacyr Fadel.Prot.25245-41.2025,11671.18
2025,11,339039,2025NE005464,2025OB013090,MOACYR ELIAS FADEL JUNIOR,Ressa.Deput.Moacyr Fadel.Prot.25175-88.2025,12450.0
2025,11,339039,2025NE005092,2025OB012183,Marcelo Rangel Cruz de Oliveira,Ressarcimento deputado Marcelo Rangel 24158-96.2025,26845.5
2025,11,339033,2025NE005091,2025OB012184,Marcelo Rangel Cruz de Oliveira,Ressarcimento Deputado Marcelo Rangel 24158-96.2025,251.7
2025,11,339030,2025NE005090,2025OB012185,Marcelo Rangel Cruz de Oliveira,Ressarcimento deputado Marcelo Rangel 24158-96.2025,3430.87
2025,11,339039,2025NE005250,2025OB012536,Marcelo Rangel Cruz de Oliveira,Ressa.Deput.Marcelo Rangel.Prot.24720-54.2025,7514.76
2025,11,339030,2025NE005249,2025OB012537,Marcelo Rangel Cruz de Oliveira,Ressa.Deput.Marcelo Rangel.Prot.24720-54.2025,465.82
2025,11,339030,2025NE005424,2025OB013036,Marcelo Rangel Cruz de Oliveira,Ressarcimento deputado Marcelo Rangel 25394-92.2025,153.02
2025,11,339039,2025NE005423,2025OB013037,Marcelo Rangel Cruz de Oliveira,Ressarcimento deputado Marcelo Rangel 25394-92.2025,4956.96
2025,11,339039,2025NE004914,2025OB011762,Mauro Rafael Moraes e Silva,Ressa.Deput.Mauro Moraes.Prot.23306-14.2025,5483.33
2025,11,339039,2025NE005100,2025OB012158,Mauro Rafael Moraes e Silva,"Ressarc. Dep. Mauro Moraes, 24289-51.2025",7300.0
2025,11,339014,2025NE005119,2025OB012187,Mauro Rafael Moraes e Silva,Ressa.Deput.Mauro Moraes.Prot.24093-08.2025,7024.12
2025,11,339014,2025NE005425,2025OB013047,Mauro Rafael Moraes e Silva,"Ressarc. Dep. Mauro Moraes, 25596-70.2025",7024.12
2025,11,339039,2025NE004961,2025OB011790,NELSON ROBERTO PLACIDO SILVA JUSTUS,Ressa.Deput.Nelson Justus.Prot.23155-17.2025,21237.2
2025,11,339039,2025NE004956,2025OB011798,NELSON ROBERTO PLACIDO SILVA JUSTUS,Ressa.Deput.Nelson Justus.Prot.23165-38.2025,10000.0
2025,11,339039,2025NE004959,2025OB011831,NELSON ROBERTO PLACIDO SILVA JUSTUS,Ressa.Deput.Nelson Justus.Prot.23166-11.2025,29000.0
2025,11,339033,2025NE004957,2025OB011832,NELSON ROBERTO PLACIDO SILVA JUSTUS,Ressa.Deput.Nelson Justus.prot.23166-11.2025,2423.65
2025,11,339039,2025NE005397,2025OB013051,NEY LEPREVOST NETO,Ressa.Deput.ney Leprevost.Prot.25220-37.2025,31283.2
2025,11,339030,2025NE005392,2025OB013052,NEY LEPREVOST NETO,Ressa.Deput.Ney Leprevost.Prot.25220-37.2025,11075.46
2025,11,339030,2025NE004918,2025OB011748,OZIEL LUIZ DE SOUZA,Ressa.Deput.Batatinha.Prot.23232-72.2025,889.53
2025,11,339033,2025NE004919,2025OB011749,OZIEL LUIZ DE SOUZA,Ressa.Deput.Batatinha.Prot.23232-72.2025,839.51
2025,11,339039,2025NE004936,2025OB011750,OZIEL LUIZ DE SOUZA,Ressa.Deput.Batatinha.prot.23232-72.2025,4000.0
2025,11,339039,2025NE005055,2025OB012004,OZIEL LUIZ DE SOUZA,Ressa.Deput.Batatinha.Prot.24030-60.2025,4345.6
2025,11,339030,2025NE005163,2025OB012297,OZIEL LUIZ DE SOUZA,Ressarcimento Deputado Batatinha 24366-09.2025,479.89
2025,11,339039,2025NE005235,2025OB012454,OZIEL LUIZ DE SOUZA,"Ressarc. Dep. Batatinha, 24810-49.2025",13881.73
2025,11,339030,2025NE005191,2025OB012472,OZIEL LUIZ DE SOUZA,Ressa.Deput.Batatinha.prot.24618-92.2025,1000.0
2025,11,339039,2025NE005192,2025OB012473,OZIEL LUIZ DE SOUZA,Ressa.Deput.Batatinha.Prot.24618-92.2025,3097.7
2025,11,339039,2025NE005488,2025OB013176,OZIEL LUIZ DE SOUZA,Ressarcimento deputado Batatinha 25523-04.2025,4878.93
2025,11,339033,2025NE005487,2025OB013177,OZIEL LUIZ DE SOUZA,Ressarcimento Deputado Batatinha 25523-04.2025,1592.94
2025,11,339030,2025NE005483,2025OB013178,OZIEL LUIZ DE SOUZA,Ressarcimento Deputado Batatinha 25523-04.2025,971.15
2025,11,339030,2025NE005032,2025OB012071,PAULO ROBERTO MOREIRA GOMES JUNIOR,Ressarcimento deputado Paulo Gomes 23680-04.2025,1947.84
2025,11,339033,2025NE005033,2025OB012072,PAULO ROBERTO MOREIRA GOMES JUNIOR,Ressarcimento deputado Paulo Gomes 23680-04.2025,41.0
2025,11,339039,2025NE005036,2025OB012073,PAULO ROBERTO MOREIRA GOMES JUNIOR,Ressarcimento deputado Paulo Gomes 23680-04.2025,10807.0
2025,11,339014,2025NE005236,2025OB012526,PAULO ROBERTO MOREIRA GOMES JUNIOR,Ressarcimento deputado Paulo Gomes 24420-06.2025,1672.43
2025,11,339033,2025NE005238,2025OB012527,PAULO ROBERTO MOREIRA GOMES JUNIOR,Ressarcimento deputado Paulo Gomes 24420-06.2025,957.94
2025,11,339030,2025NE005237,2025OB012528,PAULO ROBERTO MOREIRA GOMES JUNIOR,Ressarcimento deputado Paulo Gomes 24420-06.2025,1697.78
2025,11,339039,2025NE005239,2025OB012529,PAULO ROBERTO MOREIRA GOMES JUNIOR,Ressarcimento deputado Peulo Gomes 24420-06.2025,16939.75
2025,11,339033,2025NE005287,2025OB012589,PEDRO PAULO BAZANA,Ressa.Deput.Bazana.Prot.24028-17.2025,21.6
2025,11,339039,2025NE005288,2025OB012590,PEDRO PAULO BAZANA,Ressa.Deput.Bazana.prot.24028-17.2025,8854.42
2025,11,339030,2025NE005284,2025OB012591,PEDRO PAULO BAZANA,Ressa.Deput.Bazana.Prot.24028-17.2025,4349.66
2025,11,339039,2025NE005306,2025OB012597,PEDRO PAULO BAZANA,Ressa.Deput.Bazana.Prot.24847-20.2025,9850.0
2025,11,339039,2025NE005418,2025OB013108,PEDRO PAULO BAZANA,Ressarcimento deputado Bazana 24741-69.2025,24109.99
2025,11,339033,2025NE005417,2025OB013109,PEDRO PAULO BAZANA,Ressarcimento deputado Bazana 24741-69.2025,467.2
2025,11,339030,2025NE005416,2025OB013110,PEDRO PAULO BAZANA,Ressarcimento Deputado Bazana 24741-69.2025,1563.77
2025,11,339039,2025NE004921,2025OB011758,RENATO DE ALMEIDA FREITAS JUNIOR,Ressarcimento Deputado Renato Freitas 23598-84.2025,1489.04
2025,11,339030,2025NE004920,2025OB011759,RENATO DE ALMEIDA FREITAS JUNIOR,Ressarcimento deputado Renato Freitas 23598-84.2025,1015.36
2025,11,339039,2025NE004943,2025OB011795,RENATO DE ALMEIDA FREITAS JUNIOR,Ressa.Deput.Renato Freitas.Prot.23296-90.2025,1866.7
2025,11,339033,2025NE004942,2025OB011796,RENATO DE ALMEIDA FREITAS JUNIOR,Ressa.Deput.Renato Freitas.Prot.23296-90.2025,153.96
2025,11,339030,2025NE004941,2025OB011797,RENATO DE ALMEIDA FREITAS JUNIOR,Ressa.Deput.Renato Freitas.prot.23296-90.2025,941.29
2025,11,339039,2025NE005069,2025OB012156,RENATO DE ALMEIDA FREITAS JUNIOR,Ressa.Deput.Renato Freitas.Prot.23752-97.2025,622.5
2025,11,339030,2025NE005068,2025OB012157,RENATO DE ALMEIDA FREITAS JUNIOR,Ressa.Deput.Renato Freitas.Prot.23752-97.2025,551.03
2025,11,339039,2025NE005043,2025OB012192,RENATO DE ALMEIDA FREITAS JUNIOR,Ressarcimento deputado Renato Freitas 23687-09.2025,633.3
2025,11,339033,2025NE005041,2025OB012193,RENATO DE ALMEIDA FREITAS JUNIOR,Ressarcimento deputado Renato Freitas 23687-09.2025,64.6
2025,11,339030,2025NE005040,2025OB012194,RENATO DE ALMEIDA FREITAS JUNIOR,Ressarcimento deputado Renato Freitas 23687-09.2025,1264.63
2025,11,339014,2025NE005072,2025OB012067,RICARDO ARRUDA NUNES,Ressa.Deput.Ricardo Arruda.Prot.24129-06.2025,4515.5
2025,11,339033,2025NE005073,2025OB012068,RICARDO ARRUDA NUNES,Ressa.Deput.Ricardo Arruda.Prot.24129-06.2025,4140.91
2025,11,339039,2025NE005167,2025OB012285,RICARDO ARRUDA NUNES,Ressarcimento Deputado Ricardo Arruda 24143-16.2025,30924.98
2025,11,339030,2025NE005166,2025OB012286,RICARDO ARRUDA NUNES,Ressarcimentom Deputado Ricardo Arruda 24143-16.2025,4519.03
2025,11,339014,2025NE005165,2025OB012287,RICARDO ARRUDA NUNES,Ressarcimento Deputado Ricardo Arruda 24143-16.2025,5017.23
2025,11,339039,2025NE005301,2025OB012671,SAMUEL PEREIRA DA SILVA,Ressarcimento deputado Samuel Dantas 24134-65.2025,35120.57
2025,11,339030,2025NE005298,2025OB012672,SAMUEL PEREIRA DA SILVA,Ressarcimento deputado Samuel Dantas 24134-65.2025,3335.87
2025,11,339039,2025NE004903,2025OB011763,TERCILIO LUIZ TURINI,Ressarcimento deputado Tercílio Turini 23136-45.2025,29130.44
2025,11,339033,2025NE004901,2025OB011764,TERCILIO LUIZ TURINI,Ressarcimento Deputado Tercílio Turini 23136-45.2025,545.82
2025,11,339030,2025NE004900,2025OB011776,TERCILIO LUIZ TURINI,Ressarcimento deputado Tercílio Turini 23136-45.2025,7447.0
2025,11,339039,2025NE005482,2025OB013182,TERCILIO LUIZ TURINI,Ressarcimento Deputado Tercílio Turini 25391-76.2025,27553.45
2025,11,339030,2025NE005475,2025OB013183,TERCILIO LUIZ TURINI,Ressarcimento deputado Tercílio Turini 25391-76.2025,7511.77
2025,11,339033,2025NE005478,2025OB013184,TERCILIO LUIZ TURINI,Ressarcimento Deputado Tercílio Turini 25391-76.2025,513.93
2025,11,339030,2025NE005083,2025OB012246,THIAGO BUHRER,Ressarcimento Deputado Thiago Buhrer 23836-60.2025,4540.91
2025,11,339039,2025NE005084,2025OB012247,THIAGO BUHRER,Ressarcimento Deputado Thiago Buhrer 23836-60.2025,44450.0
2025,11,339033,2025NE005130,2025OB012236,TITO LÍVIO BARICHELLO,Ressarcimento Deputado Tito Barrichelo 24025-98.2025,91.3
2025,11,339030,2025NE005136,2025OB012237,TITO LÍVIO BARICHELLO,Ressarcimento deputado Tito Barrichelo 24025-98.2025,2681.98
2025,11,339039,2025NE005133,2025OB012238,TITO LÍVIO BARICHELLO,Ressarcimento deputado Tito Barrichelo 24025-98.2025,14942.78
2025,11,339039,2025NE005415,2025OB013031,TITO LÍVIO BARICHELLO,"Ressarc. Dep. TIto Barichello, 25513-80.2025",4000.0
2025,11,339039,2025NE005414,2025OB013035,TITO LÍVIO BARICHELLO,"Ressarc. Dep. Tito Barichello, 25397-11.2025",9750.0
2025,11,339030,2025NE005465,2025OB013118,TITO LÍVIO BARICHELLO,Ressa.Deput.Titi Barichello.Prot.24917-70.2025,803.55
2025,11,339039,2025NE005466,2025OB013119,TITO LÍVIO BARICHELLO,Ressa.Deput.Tito Barichello.Prot.24917-70.2025,4535.71
2025,11,339039,2025NE005395,2025OB013032,WILMAR REICHEMBACH,Ressarcimento Deputado Reichembach 25352-62.2025,25833.37
2025,11,339033,2025NE005393,2025OB013033,WILMAR REICHEMBACH,Ressarcimento Deputado Reichembach 25352-62.2025,877.51
2025,11,339030,2025NE005390,2025OB013034,WILMAR REICHEMBACH,Ressarcimento Deputado Reichembach 25352-62.2025,2053.06
2025,12,339039,2025NE005933,2025OB014343,ADEMAR LUIZ TRAIANO,Ressarcimento deputado Ademar Traiano 26819-29.2025,29071.66
2025,12,339033,2025NE005931,2025OB014344,ADEMAR LUIZ TRAIANO,Ressarcimento deputado Ademar Traiano 26819-29.2025,1238.4
2025,12,339030,2025NE005929,2025OB014345,ADEMAR LUIZ TRAIANO,Ressarcimento Deputado Ademar Traiano 26819-29.2025,7198.94
2025,12,339030,2025NE006013,2025OB014572,ADEMAR LUIZ TRAIANO,"Ressarc. Dep. Ademar Traiano, 26828-77.2025",1353.29
2025,12,339039,2025NE006014,2025OB014573,ADEMAR LUIZ TRAIANO,"Ressarc. Dep. Ademar Traiano, 26828-77.2025",2063.37
2025,12,339039,2025NE006023,2025OB014603,ADRIANO JOSE DA SILVA,Ressarcimento deputado Adriano José 26847-49.2025,20911.3
2025,12,339033,2025NE006022,2025OB014604,ADRIANO JOSE DA SILVA,Ressarcimento Deputado Adriano José 26847-49.2025,1600.4
2025,12,339030,2025NE006021,2025OB014605,ADRIANO JOSE DA SILVA,Ressarcimento deputado Adriano José 26847-49.2025,1283.15
2025,12,339030,2025NE006045,2025OB014721,ADRIANO JOSE DA SILVA,"Ressarc. Dep. Adriano José, 27384-03.2025",3092.43
2025,12,339033,2025NE006046,2025OB014722,ADRIANO JOSE DA SILVA,"Ressarc. Dep. Adriano José, 27384-03.2025",2372.64
2025,12,339039,2025NE006047,2025OB014723,ADRIANO JOSE DA SILVA,"Ressarc. Dep. Adriano José, 27384-03.2025",41009.25
2025,12,339039,2025NE005692,2025OB013675,ADÃO FERNANDES,Ressarcimento deputadom Adão Litro 26411-84.2025,18491.78
2025,12,339030,2025NE005691,2025OB013676,ADÃO FERNANDES,Ressarciomento Deputado Adão Litro 26411-84.2025,1994.62
2025,12,339039,2025NE005914,2025OB014346,ADÃO FERNANDES,Ressarcimento deputado Adão Litro 27319-12.2025,52312.63
2025,12,339030,2025NE005913,2025OB014347,ADÃO FERNANDES,ressarcimento deputado Adão Litro 27319-12.2025,1169.9
2025,12,339039,2025NE005595,2025OB013589,ALEXANDRE AMARO,Ressarcimento deputado Alexandre Amaro 25922-95.2025,11300.44
2025,12,339033,2025NE005593,2025OB013590,ALEXANDRE AMARO,Ressarcimento deputado Alexandre Amaro 25922-95.2025,54.0
2025,12,339030,2025NE005591,2025OB013591,ALEXANDRE AMARO,Ressarcimento deputado Alexandre Amaro 25922-95.2025,2237.67
2025,12,339014,2025NE005589,2025OB013592,ALEXANDRE AMARO,Ressarcimento deputado Alexandre Amaro 25922-95.2025,2006.89
2025,12,339039,2025NE005700,2025OB013668,ALEXANDRE AMARO,Ressarcimento deputado Alexandre Amaro 26635-50.2025,8805.44
2025,12,339030,2025NE005699,2025OB013669,ALEXANDRE AMARO,Ressarcimento deputado Alexandre Amaro 26635-50.2025,2321.81
2025,12,339014,2025NE005698,2025OB013681,ALEXANDRE AMARO,Ressarcimento deputado Alexandre Amaro 26635-50.2025,2257.76
2025,12,339033,2025NE005917,2025OB014348,ALEXANDRE AMARO,"Ressarc. Dep. Alexandre Amaro, 26891-25.2025",290.0
2025,12,339039,2025NE005918,2025OB014349,ALEXANDRE AMARO,"Ressarc. Dep. Alexandre Amaro, 26891-25.2025",10982.25
2025,12,339039,2025NE006009,2025OB014595,ALEXANDRE AMARO,Ressa.Deput.Alexandre Amararo.Prot.27402-02.2025,10987.54
2025,12,339030,2025NE006008,2025OB014596,ALEXANDRE AMARO,Ressa.Deput.Alexandre Amararo.Prot.27402-02.2025,3650.75
2025,12,339039,2025NE005848,2025OB014261,ALISSON ANTHONY WANDSCHEER,Ressa.Deput.Alisson.Prot.26821-72.2025,41217.2
2025,12,339030,2025NE005847,2025OB014262,ALISSON ANTHONY WANDSCHEER,Ressa.Deput.Alisson.Prot.26821-72.2025,4214.8
2025,12,339039,2025NE005897,2025OB014285,ANA JÚLIA RIBEIRIO,Ressa.Deput.Ana Julia.Prot.26539-23.2025,23175.47
2025,12,339033,2025NE005896,2025OB014286,ANA JÚLIA RIBEIRIO,Ressa.Ana Julia.Prot.26539-23.2025,1305.39
2025,12,339030,2025NE005893,2025OB014287,ANA JÚLIA RIBEIRIO,Ressa.Deput.Ana Julia.Prot.26539-23.2025,7765.82
2025,12,339014,2025NE005888,2025OB014288,ANA JÚLIA RIBEIRIO,Ressa.Deput.Ana Julia.Prot.26539-23.2025,7525.88
2025,12,339039,2025NE006019,2025OB014718,ANA JÚLIA RIBEIRIO,Ressarcimento Deputada Ana Júlia 27832-32.2025,13664.19
2025,12,339033,2025NE006018,2025OB014719,ANA JÚLIA RIBEIRIO,Ressarcimento Deputada Ana Júlia 27832-32.2025,3910.14
2025,12,339030,2025NE006017,2025OB014720,ANA JÚLIA RIBEIRIO,Ressarcimento Deputada Ana Júlia 27832-32.2025,4742.5
2025,12,339014,2025NE006035,2025OB014726,ANA JÚLIA RIBEIRIO,"Ressarc. Dep. Ana Julia, 27833-05.2025",7135.64
2025,12,339039,2025NE006036,2025OB014727,ANA JÚLIA RIBEIRIO,"Ressarc. Dep. Ana Julia, 27833-05.2025",6000.0
2025,12,339039,2025NE005599,2025OB013405,ANTENOR GOMES DE LIMA,Ressa.Deput.Antenor Gomes.Prot.26223-19.2025,39796.1
2025,12,339030,2025NE005598,2025OB013406,ANTENOR GOMES DE LIMA,Ressa.Deput.Antenor Gomes.Prot.26223-19.2025,2404.9
2025,12,339030,2025NE005915,2025OB014338,ANTENOR GOMES DE LIMA,"Ressarc. Dep. Dr. Antenor, 27317-66.2025",2729.17
2025,12,339039,2025NE005916,2025OB014339,ANTENOR GOMES DE LIMA,"Ressarc. Dep. Dr. Antenor, 27317-66.2025",39278.08
2025,12,339030,2025NE005682,2025OB013674,ANTONIO ANNIBELLI NETO,"Ressarc. Dep. Anibelli Neto, 26590-04.2025",1021.24
2025,12,339030,2025NE005746,2025OB013778,ANTONIO ANNIBELLI NETO,"Ressarc. Dep. Anibelli Neto, 26593-20.2025",917.85
2025,12,339030,2025NE005796,2025OB014034,ANTONIO ANNIBELLI NETO,"Ressarc. Dep. Anibelli, 26582-26.2025",3056.95
2025,12,339033,2025NE005797,2025OB014035,ANTONIO ANNIBELLI NETO,"Ressarc. Dep. Anibelli, 26582-26.2025",480.55
2025,12,339039,2025NE005798,2025OB014036,ANTONIO ANNIBELLI NETO,"Ressarc. Dep. Anibelli, 26582-26.2025",25362.22
2025,12,339030,2025NE005849,2025OB014249,ANTONIO ANNIBELLI NETO,"Ressarc. Dep. Anibelli Neto, 26595-63.2025",470.53
2025,12,339039,2025NE005894,2025OB014369,ANTONIO ANNIBELLI NETO,Ressarcimento deputado Anibeli 27214-34.2025,42169.4
2025,12,339030,2025NE005892,2025OB014370,ANTONIO ANNIBELLI NETO,Ressarcimento deputado Anibeli 27214-34.2025,10112.18
2025,12,339039,2025NE005885,2025OB014364,ARILSON MAROLDI CHIORATO,Ressarcimento deputado Arilson Chiorato 27047-81.2025,24842.64
2025,12,339033,2025NE005882,2025OB014365,ARILSON MAROLDI CHIORATO,Ressarcimento deputado Arilson Chiorato 27047-81.2025,603.79
2025,12,339030,2025NE005881,2025OB014366,ARILSON MAROLDI CHIORATO,Ressarcimento deputado Arilson Chiorato 27047-81.2025,4690.88
2025,12,339039,2025NE005538,2025OB013284,ARTAGAO DE MATTOS LEÃO JUNIOR,"Ressarc. Dep. Artagão, 25980-81.2025",9800.0
2025,12,339014,2025NE005662,2025OB013580,ARTAGAO DE MATTOS LEÃO JUNIOR,"Ressarc. Dep. Artagão, 26498-63.2025",2257.76
2025,12,339030,2025NE005664,2025OB013581,ARTAGAO DE MATTOS LEÃO JUNIOR,"Ressarc. Dep. Artagão, 26498-63.2025",1980.42
2025,12,339039,2025NE005665,2025OB013582,ARTAGAO DE MATTOS LEÃO JUNIOR,"Ressarc. Dep. Artagão, 26498-63.2025",180.0
2025,12,339039,2025NE005748,2025OB013771,ARTAGAO DE MATTOS LEÃO JUNIOR,"Ressarc. Dep. Artagão, 26766-05.2025",2000.0
2025,12,339030,2025NE005747,2025OB013772,ARTAGAO DE MATTOS LEÃO JUNIOR,"Ressarc. Dep. Artagão, 26766-05.2025",7889.65
2025,12,339014,2025NE005823,2025OB013974,ARTAGAO DE MATTOS LEÃO JUNIOR,"Ressarc. Dep. Artagão, 27108-83.2025",752.59
2025,12,339030,2025NE005824,2025OB013975,ARTAGAO DE MATTOS LEÃO JUNIOR,"Ressarc. Dep. Artagão, 27108-83.2025",1136.84
2025,12,339014,2025NE005999,2025OB014556,ARTAGAO DE MATTOS LEÃO JUNIOR,"Ressarc. Dep. Artagão, 27453-80.2025",3261.21
2025,12,339030,2025NE006000,2025OB014557,ARTAGAO DE MATTOS LEÃO JUNIOR,"Ressarc. Dep. Artagão, 27453-80.2025",2491.91
2025,12,339039,2025NE006001,2025OB014558,ARTAGAO DE MATTOS LEÃO JUNIOR,"Ressarc. Dep. Artagão, 27453-80.2025",440.0
2025,12,339030,2025NE005638,2025OB013597,Aldino Jorge Bueno,"Ressarc. Dep. Gugu Bueno, 26694-09.2025",2751.28
2025,12,339039,2025NE005639,2025OB013598,Aldino Jorge Bueno,"Ressarc. Dep. Dep. Gugu Bueno, 26694-09.2025",17284.11
2025,12,339033,2025NE005841,2025OB014057,Aldino Jorge Bueno,"Ressarc. Dep. Gugu Bueno, 27277-79.2025",883.87
2025,12,339033,2025NE005840,2025OB014058,Aldino Jorge Bueno,"Ressarc. Dep. Gugu Bueno, 27283-14.2025",4394.74
2025,12,339030,2025NE005837,2025OB014059,Aldino Jorge Bueno,"Ressarc. Dep. Gugu Bueno, 27363-85.2025",6444.55
2025,12,339033,2025NE005838,2025OB014060,Aldino Jorge Bueno,"Ressarc. Dep. Gugu Bueno, 27363-85.2025",8594.75
2025,12,339039,2025NE005839,2025OB014061,Aldino Jorge Bueno,"Ressarc. Dep. Gugu Bueno, 27363-85.2025",3300.0
2025,12,339030,2025NE005808,2025OB013976,Alexandre Maranhão Curi,"Ressarc. Dep. Alexandre Curi, 27328-60.2025",2127.29
2025,12,339039,2025NE005810,2025OB013977,Alexandre Maranhão Curi,"Ressarc. Dep. Alexandre Curi, 27328-60.2025",5000.0
2025,12,339039,2025NE005634,2025OB013574,CLOARA PINHEIRO LIMA,"Ressarc. Dep. Cloara Pinheiro, 26438-34.2025",10600.0
2025,12,339039,2025NE005695,2025OB013659,CLOARA PINHEIRO LIMA,Ressarcimento deputada Cloara 26620-67.2025,4300.29
2025,12,339033,2025NE005694,2025OB013660,CLOARA PINHEIRO LIMA,Ressarcimento deputada Cloara 26620-67.2025,1451.53
2025,12,339030,2025NE005693,2025OB013661,CLOARA PINHEIRO LIMA,Ressarcimentodeputada Cloara 26620-67.2025,2063.82
2025,12,339039,2025NE005767,2025OB013767,CLOARA PINHEIRO LIMA,"REssarc. Dep. Cloara Pinheiro, 26956-16.2025",20600.0
2025,12,339039,2025NE005987,2025OB014583,CLOARA PINHEIRO LIMA,Ressarcimento deputada Cloara 27407-61.2025,8421.9
2025,12,339033,2025NE005983,2025OB014584,CLOARA PINHEIRO LIMA,Ressarcimento deputada Cloara 27407-61.2025,4757.43
2025,12,339030,2025NE005982,2025OB014585,CLOARA PINHEIRO LIMA,Ressarcimento Deputada Cloara 27407-61.2025,2017.76
2025,12,339039,2025NE005625,2025OB013593,DENIAN COUTO COELHO,"Ressarc. Dep. Denian Couto, 26557-22.2025",10250.0
2025,12,339014,2025NE005775,2025OB013939,DENIAN COUTO COELHO,Ressarcimento deputado Denian Couto 26762-16.2025,8278.44
2025,12,339030,2025NE005780,2025OB013940,DENIAN COUTO COELHO,Ressarcimento deputado Denian Couto 26762-16.2025,4526.83
2025,12,339033,2025NE005782,2025OB013941,DENIAN COUTO COELHO,Ressarcimento deputado Denian Couto 26762-16.2025,1997.91
2025,12,339039,2025NE005781,2025OB013942,DENIAN COUTO COELHO,Ressarcimento deputado Denain Couto 26762-16.2025,1898.41
2025,12,339039,2025NE005909,2025OB014271,DENIAN COUTO COELHO,"REssarc. Dep. Denian Couto, 27293-35.2025",1311.42
2025,12,339030,2025NE005907,2025OB014272,DENIAN COUTO COELHO,"Ressarc. Dep. Denian Couto, 27293-35.2025",261.02
2025,12,339030,2025NE005541,2025OB013278,DEVANIL REGINALDO DA SILVA,"Ressarc. Dep. Cobra Reporter, 25794-59.2025",150.0
2025,12,339039,2025NE005542,2025OB013279,DEVANIL REGINALDO DA SILVA,"Ressarc. Dep. Cobra Reporter, 25794-59.2025",8778.52
2025,12,339030,2025NE005618,2025OB013599,DEVANIL REGINALDO DA SILVA,"Ressarc. Dep. Cobra Repórter, 26430-56.2025",150.46
2025,12,339039,2025NE005619,2025OB013600,DEVANIL REGINALDO DA SILVA,"Ressarc. Dep. Cobra Repórter, 26430-56.2025",20598.22
2025,12,339030,2025NE005794,2025OB013979,DEVANIL REGINALDO DA SILVA,Ressarcimento Deputado Cobra Repórter 27114-18.2025,457.9
2025,12,339039,2025NE005795,2025OB013980,DEVANIL REGINALDO DA SILVA,Ressarcimento deputado Cobra Repórter 27114-18.2025,40723.95
2025,12,339030,2025NE005531,2025OB013282,EVANDRO JOSE DA CRUZ ARAUJO,"Ressarc. Dep. Evandro Araújo, 25809-42.2025",1452.99
2025,12,339039,2025NE005532,2025OB013283,EVANDRO JOSE DA CRUZ ARAUJO,"Ressarc. Dep. Evandro Araújo, 25809-42.2025",7383.38
2025,12,339039,2025NE005648,2025OB013571,EVANDRO JOSE DA CRUZ ARAUJO,Ressarcimento deputado Evandro Araújo 26457-06.2025,13312.9
2025,12,339033,2025NE005647,2025OB013572,EVANDRO JOSE DA CRUZ ARAUJO,Ressarcimento deputado Evandro Araújo 26457-06.2025,107.7
2025,12,339030,2025NE005646,2025OB013573,EVANDRO JOSE DA CRUZ ARAUJO,Ressarcimento deputado Evandro Araújo 26457-06.2025,1581.53
2025,12,339039,2025NE006007,2025OB014600,EVANDRO JOSE DA CRUZ ARAUJO,Ressa.Deput.Evandro Araujo.prot.27395-94.2025,25878.79
2025,12,339033,2025NE005965,2025OB014601,EVANDRO JOSE DA CRUZ ARAUJO,Ressa.Deput.Evandro Araujo.Prot.27395-94.2025,2720.76
2025,12,339030,2025NE005962,2025OB014602,EVANDRO JOSE DA CRUZ ARAUJO,Ressa.Deput.Evandro Araujo.Prot.27395-94.2025,3322.0
2025,12,339030,2025NE005590,2025OB013390,FABIO OLIVEIRA,"Ressarc. Dep. Fabio Oliveira, 26437-61.2025",2729.24
2025,12,339039,2025NE005592,2025OB013391,FABIO OLIVEIRA,"Ressarc. Dep. Fabio Oliveira, 26437-61.2025",11845.0
2025,12,339039,2025NE005727,2025OB013768,FABIO OLIVEIRA,Ressa.Deput.Fabio Oliveira.Prot.26575-21.2025,10127.34
2025,12,339033,2025NE005725,2025OB013769,FABIO OLIVEIRA,Ressa.Deput.Fabio Oliveira.Prot.26575-21.2025,687.52
2025,12,339030,2025NE005721,2025OB013770,FABIO OLIVEIRA,Ressa.Deput.Fabio Oliveira.prot.26575-21.2025,293.45
2025,12,339030,2025NE005940,2025OB014335,FABIO OLIVEIRA,"Ressarc. Dep. Fabio Oliveira, 27385-73.2025",5075.46
2025,12,339033,2025NE005941,2025OB014336,FABIO OLIVEIRA,"Ressarc. Dep. Fabio Oliveira, 27385-73.2025",137.08
2025,12,339039,2025NE005942,2025OB014337,FABIO OLIVEIRA,"Ressarc. Dep. Fabio Oliveira, 27385-73.2025",4598.9
2025,12,339014,2025NE005631,2025OB013407,FLAVIA CAROLINA RESENDE JABER FRANCISCHINI,"Ressarc. Dep. Flavia Francischini, 26631-61.2025",2508.63
2025,12,339030,2025NE005632,2025OB013408,FLAVIA CAROLINA RESENDE JABER FRANCISCHINI,"Ressarc. Dep. Flavia Francischini, 26631-61.2025",4349.77
2025,12,339039,2025NE005633,2025OB013409,FLAVIA CAROLINA RESENDE JABER FRANCISCHINI,"Ressarc. Dep. Flavia Francischini, 26631-61.2025",10658.0
2025,12,339030,2025NE005660,2025OB013610,FLAVIA CAROLINA RESENDE JABER FRANCISCHINI,"Ressarc. Dep. Flavia Francischini, 26783-31.2025",100.0
2025,12,339039,2025NE005661,2025OB013611,FLAVIA CAROLINA RESENDE JABER FRANCISCHINI,"Ressarc. Dep. Flavia Francischini, 26783-31.2025",20360.0
2025,12,339030,2025NE005768,2025OB013953,FLAVIA CAROLINA RESENDE JABER FRANCISCHINI,"REssarc. Dep. Flavia Francischini, 27189-30.2025",640.69
2025,12,339039,2025NE005653,2025OB013583,GILSON DE SOUZA,Ressarcimento Deputado Gilson de Souza 26399-20.2025,12196.34
2025,12,339033,2025NE005651,2025OB013584,GILSON DE SOUZA,Ressarcimento deputado Gilson de Souza 26399-20.2025,3490.79
2025,12,339030,2025NE005650,2025OB013585,GILSON DE SOUZA,Ressarcimento deputado Gilson de Souza 26399-20.2025,2756.13
2025,12,339030,2025NE005867,2025OB014250,GILSON DE SOUZA,Ressa.Deput.Gilson de souza.Prot.27398-13.2025,4543.51
2025,12,339039,2025NE005868,2025OB014251,GILSON DE SOUZA,Ressa.Deput.Gilson de souza.Prot.27398-13.2025,38978.45
2025,12,339030,2025NE005587,2025OB013393,HUSSEIN BAKRI,"Ressarc. Dep. Hussein Bakri, 26239-72.2025",6133.1
2025,12,339039,2025NE005588,2025OB013394,HUSSEIN BAKRI,"Ressarc. Dep. Hussein Bakri, 26239-72.2025",5001.5
2025,12,339030,2025NE006010,2025OB014560,HUSSEIN BAKRI,"Ressarc. Dep. Hussein Bakri, 27561-74.2025",1374.1
2025,12,339039,2025NE006011,2025OB014561,HUSSEIN BAKRI,"Ressarc. Dep. Hussein Bakri, 27561-74.2025",10874.95
2025,12,339030,2025NE005818,2025OB015043,HUSSEIN BAKRI,Ressarcimento Deputado Hussein Bakri 27388-89.2025,3462.87
2025,12,339039,2025NE005819,2025OB015044,HUSSEIN BAKRI,Ressarcimento deputado Hussein Bakri 27388-89.2025,19209.61
2025,12,339033,2025NE005580,2025OB013586,ISABEL CRISTINA RAUEN SILVESTRI,Ressarcimento Deputada Cristina Silvestri 26108-20.2025,1250.0
2025,12,339030,2025NE005579,2025OB013587,ISABEL CRISTINA RAUEN SILVESTRI,Ressarcimento deputada Cristina Silvestri 26108-20.2025,5299.8
2025,12,339039,2025NE005581,2025OB013588,ISABEL CRISTINA RAUEN SILVESTRI,Ressarcimento deputada Cristina Silvestri 26108-20.2025,31613.05
2025,12,339039,2025NE005932,2025OB014340,ISABEL CRISTINA RAUEN SILVESTRI,"Ressarc. Dep. Cristina Silvestri, 27176-90.2025",33328.1
2025,12,339030,2025NE005928,2025OB014341,ISABEL CRISTINA RAUEN SILVESTRI,"Ressarc. Dep. Cristina Silvestri, 27176-90.2025",3343.99
2025,12,339033,2025NE005930,2025OB014342,ISABEL CRISTINA RAUEN SILVESTRI,"Ressarc. Dep. Cristina Silvestri, 27176-90.2025",1250.0
2025,12,339039,2025NE005830,2025OB013970,JORGE GOMES DE OLIVEIRA BRAND,Ressa.Deput.Goura.Prot.26676-10.2025,4998.65
2025,12,339030,2025NE005828,2025OB013971,JORGE GOMES DE OLIVEIRA BRAND,Ressa.Deput.Goura.Prot.26676-10.2025,4019.18
2025,12,339033,2025NE005829,2025OB013972,JORGE GOMES DE OLIVEIRA BRAND,Ressa.Deput.Goura.Prot.26676-10.2025,191.9
2025,12,339039,2025NE005947,2025OB014580,JORGE GOMES DE OLIVEIRA BRAND,Ressarcimento Deputado Goura 27341-97.2025,21672.86
2025,12,339033,2025NE005946,2025OB014581,JORGE GOMES DE OLIVEIRA BRAND,Ressarcimento deputado Goura 27341-97.2025,3733.59
2025,12,339030,2025NE005945,2025OB014582,JORGE GOMES DE OLIVEIRA BRAND,Ressarcimento deputado Goura 27341-97.2025,6889.76
2025,12,339030,2025NE006042,2025OB014733,JOSE APARECIDO JACOVOS,"Ressarc. Dep. Delegado Jacovos, 27399-83.2025",6654.93
2025,12,339039,2025NE006043,2025OB014734,JOSE APARECIDO JACOVOS,"Ressarc. Dep. Delegado Jacovos, 27399-83.2025",24681.39
2025,12,339039,2025NE005540,2025OB013280,JOSE GILBERTO DO CARMO ALVES RIBEIRO,"Ressarc. Dep. Gilberto Ribeiro, 25890-86.2025",2809.89
2025,12,339030,2025NE005539,2025OB013281,JOSE GILBERTO DO CARMO ALVES RIBEIRO,"Ressarc. Dep. Gilberto Ribeiro, 25890-86.2025",1905.56
2025,12,339039,2025NE005570,2025OB013398,JOSE GILBERTO DO CARMO ALVES RIBEIRO,"Ressarc. Dep. Gilberto Ribeiro, 26304-63.2025",20600.0
2025,12,339030,2025NE005569,2025OB013399,JOSE GILBERTO DO CARMO ALVES RIBEIRO,"Ressarc. Dep. Gilberto Ribeiro, 26304-63.2025",316.96
2025,12,339030,2025NE005884,2025OB014277,JOSE GILBERTO DO CARMO ALVES RIBEIRO,"Ressarc. Dep. Gilberto Ribeiro, 27334-92.2025",2946.53
2025,12,339039,2025NE005887,2025OB014278,JOSE GILBERTO DO CARMO ALVES RIBEIRO,"Ressarc. Dep. Gilberto Ribeiro, 27334-92.2025",36704.98
2025,12,339039,2025NE005575,2025OB013389,JOSE RODRIGUES LEMOS,"Ressarc. Dep. Professor Lemos, 25910-31.2025",14920.0
2025,12,339039,2025NE005574,2025OB013400,JOSE RODRIGUES LEMOS,"Ressarc. Dep. Professor Lemos, 26255-28.2025",15292.0
2025,12,339030,2025NE005571,2025OB013401,JOSE RODRIGUES LEMOS,"Ressarc. Dep. Professor Lemos, 26255-28.2025",1063.59
2025,12,339030,2025NE005629,2025OB013595,JOSE RODRIGUES LEMOS,"Ressarc. Dep. Professor Lemos, 25914-20.2025",2245.04
2025,12,339039,2025NE005630,2025OB013596,JOSE RODRIGUES LEMOS,"Ressarc. Dep. Professor Lemos, 25914-20.2025",2902.0
2025,12,339039,2025NE005807,2025OB013973,JOSE RODRIGUES LEMOS,Ressarcimento deputado Professor Lemos 27098-62.2025,13523.77
2025,12,339039,2025NE005844,2025OB014056,JOSE RODRIGUES LEMOS,Ressa.Deput.Prof.Lemos.Prot.27003-08.2025,11220.0
2025,12,339039,2025NE005563,2025OB013402,Jairo Tamura,Ressarcimento deputado Jairo Tamura 26203-74.2025,760.86
2025,12,339033,2025NE005562,2025OB013403,Jairo Tamura,Ressarcimento deputado Jairo Tamura 26203-74.2025,1045.05
2025,12,339030,2025NE005561,2025OB013404,Jairo Tamura,Ressarcimento Deputado Jairo Tamura 26203-74.2025,4093.04
2025,12,339039,2025NE005774,2025OB013965,Jairo Tamura,Ressarcimento deputado Jairo Tamura 26876-42.2025,26528.68
2025,12,339033,2025NE005772,2025OB013966,Jairo Tamura,Ressarcimento deputado Jairo Tamura 26876-42.2025,1064.54
2025,12,339030,2025NE005769,2025OB013967,Jairo Tamura,Ressarcimento deputado Jairo Tamura 26876-42.2025,1800.35
2025,12,339039,2025NE005852,2025OB014248,Jairo Tamura,"Ressarc. Dep. Jairo Tamura, 27264-42.2025",16500.0
2025,12,339039,2025NE005582,2025OB013388,LEONIDAS FAVERO NETO,Ressa.Deput.Dr Leonidas.Prot.26244-34.2025,7000.0
2025,12,339030,2025NE005620,2025OB013563,LEONIDAS FAVERO NETO,"Ressarc. Dep. Doutor Leônidas, 26222-46.2025",1229.22
2025,12,339033,2025NE005621,2025OB013564,LEONIDAS FAVERO NETO,"Ressarc. Dep. Doutor Leônidas, 26222-46.2025",444.19
2025,12,339039,2025NE005622,2025OB013565,LEONIDAS FAVERO NETO,"Ressarc. Dep. Doutor Leônidas, 26222-46.2025",7410.0
2025,12,339030,2025NE005763,2025OB013954,LEONIDAS FAVERO NETO,"Ressarc. Dep. Leonidas, 26924-07.2025",1602.73
2025,12,339039,2025NE005764,2025OB014044,LEONIDAS FAVERO NETO,"Ressarc. Dep. Leonidas, 26924-07.2025",94.19
2025,12,339039,2025NE005855,2025OB014246,LEONIDAS FAVERO NETO,Ressarcimento deputado Dr. Leônidas 27358-26.2025,29250.0
2025,12,339030,2025NE005854,2025OB014247,LEONIDAS FAVERO NETO,Ressarcimento Deputado Dr. Leônidas 27358-26.2025,4310.0
2025,12,339030,2025NE006040,2025OB014724,LEONIDAS FAVERO NETO,"Ressarc. Dep. Dr. Leonidas, 27859-79.2025",1473.47
2025,12,339039,2025NE006041,2025OB014725,LEONIDAS FAVERO NETO,"Ressarc. Dep. Dr. Leonidas, 27859-79.2025",8919.17
2025,12,339039,2025NE006038,2025OB014731,LEONIDAS FAVERO NETO,"Ressarc. Dep. Dr. Leonidas, 27889-45.2025",10200.0
2025,12,339039,2025NE005655,2025OB013647,LUCIANA GUZELLA RAFAGNIN,Ressa.Deput.Luciana Rafagnin.Prot.26234-13.2025,13637.84
2025,12,339033,2025NE005652,2025OB013648,LUCIANA GUZELLA RAFAGNIN,Ressa.Deput.Luciana Rafagnin.prot.26234-13.2025,941.45
2025,12,339030,2025NE005649,2025OB013649,LUCIANA GUZELLA RAFAGNIN,Ressa.Deput.Luciana Rfagnin.Prot.26234-13.2025,3401.28
2025,12,339030,2025NE005702,2025OB013665,LUCIANA GUZELLA RAFAGNIN,"Ressarc. Dep. Luciana Rafagnin, 26584-69.2025",2314.85
2025,12,339033,2025NE005703,2025OB013666,LUCIANA GUZELLA RAFAGNIN,"Ressarc. Dep. Luciana Rafagnin, 26584-69.2025",40.5
2025,12,339039,2025NE005704,2025OB013667,LUCIANA GUZELLA RAFAGNIN,"Ressarc. Dep. Luciana Rafagnin, 26584-69.2025",3200.0
2025,12,339039,2025NE005862,2025OB014252,LUCIANA GUZELLA RAFAGNIN,Ressarcimento deputada Luciana Rafagnin 27027-39.2025,11884.65
2025,12,339033,2025NE005860,2025OB014253,LUCIANA GUZELLA RAFAGNIN,Ressarcimento deputada Luciana Rafagnin 27027-39.2025,1004.78
2025,12,339030,2025NE005859,2025OB014254,LUCIANA GUZELLA RAFAGNIN,Ressarcimento deputada Luciana Rafagnin 27027-39.2025,1119.8
2025,12,339039,2025NE005858,2025OB014264,LUCIANA GUZELLA RAFAGNIN,Ressarcimento deputada Luciana Rafagnin 27353-64.2025,12944.92
2025,12,339033,2025NE005857,2025OB014265,LUCIANA GUZELLA RAFAGNIN,Ressarcimento Luciana Rafagnin 27353-64.2025,56.7
2025,12,339030,2025NE005856,2025OB014266,LUCIANA GUZELLA RAFAGNIN,Ressarcimentop Deputada Luciana Rafagnin 27353-64.2025,1228.14
2025,12,339014,2025NE005536,2025OB013285,LUIS RAIMUNDO CORTI,"Ressarc. Dep. Luis Corti, 25970-60.2025",7525.88
2025,12,339030,2025NE005537,2025OB013286,LUIS RAIMUNDO CORTI,"Ressarc. Dep. Luis Corti, 25970-60.2025",6021.94
2025,12,339039,2025NE005905,2025OB014280,LUIS RAIMUNDO CORTI,"Ressarc. Dep. Luis Corti, 27661-90.2025",10000.0
2025,12,339039,2025NE006005,2025OB014555,LUIS RAIMUNDO CORTI,"Ressarc. Dep. Luis Corti, 27829-16.2025",8000.0
2025,12,339039,2025NE005992,2025OB014559,LUIS RAIMUNDO CORTI,"Ressarc. Dep. Luis Corti, 27809-71.2025",15000.0
2025,12,339039,2025NE006034,2025OB014732,LUIS RAIMUNDO CORTI,"Ressarc. Dep. Luis Corti, 27900-39.2025",15000.0
2025,12,339039,2025NE005902,2025OB014836,LUIZ CLAUDIO ROMANELLI,Ressarcimento deputado Romaneli 27359-96.2025,41854.59
2025,12,339030,2025NE005901,2025OB014837,LUIZ CLAUDIO ROMANELLI,Ressarcimento deputado Romaneli 27359-96.2025,3649.87
2025,12,339039,2025NE005970,2025OB014838,LUIZ CLAUDIO ROMANELLI,Ressarcimento deputado Romaneli 27359-96.2025,0.4
2025,12,339039,2025NE005528,2025OB013276,LUIZ FERNANDO GUERRA FILHO,"Ressarc. Dep. Luiz Fernando Guerra, 25679-60.2025",4667.0
2025,12,339030,2025NE005527,2025OB013277,LUIZ FERNANDO GUERRA FILHO,"Ressarc. Dep. Luiz Fernando Guerra, 25679-60.2025",12196.26
2025,12,339030,2025NE005685,2025OB013650,LUIZ FERNANDO GUERRA FILHO,"Ressarc. Dep. Luiz Fernando Guerra, 25947-02.2025",6824.9
2025,12,339039,2025NE005687,2025OB013651,LUIZ FERNANDO GUERRA FILHO,"Ressarc. Dep. Luiz Fernando Guerra, 25947-02.2025",4419.0
2025,12,339033,2025NE005686,2025OB013652,LUIZ FERNANDO GUERRA FILHO,"Ressarc. Dep. Luiz Fernando Guerra, 25947-02.2025",1953.02
2025,12,339030,2025NE005989,2025OB014565,LUIZ FERNANDO GUERRA FILHO,"Ressarc. Dep. Guerra, 27408-34.2025",1329.42
2025,12,339039,2025NE005990,2025OB014566,LUIZ FERNANDO GUERRA FILHO,"Ressarc. Dep. Guerra, 27408-34.2025",5138.42
2025,12,339030,2025NE005997,2025OB014574,LUIZ FERNANDO GUERRA FILHO,"Ressarc. Dep. Guerra, 27321-55.2025",7823.65
2025,12,339039,2025NE005998,2025OB014575,LUIZ FERNANDO GUERRA FILHO,"Ressarc. Dep. Guerra, 27321-55.2025",4760.0
2025,12,339030,2025NE005957,2025OB014592,MABEL CORA CANTO,Ressarcimento deputada Mabel Canto 27406-88.2025,4861.23
2025,12,339033,2025NE005958,2025OB014593,MABEL CORA CANTO,Ressarcimento deputada Mabel Canto 27406-88.2025,402.23
2025,12,339039,2025NE005959,2025OB014594,MABEL CORA CANTO,Ressarcimento deputada Mabel Canto 27406-88.2025,18135.15
2025,12,339030,2025NE005576,2025OB013577,MARCIA CECILIA HUÇULAK,Ressarcimento deputada Márcia Huçulak 25622-47.2025,2884.01
2025,12,339033,2025NE005577,2025OB013578,MARCIA CECILIA HUÇULAK,Ressarcimento Deputada Márcia Huçulak 25622-47.2025,225.18
2025,12,339039,2025NE005578,2025OB013579,MARCIA CECILIA HUÇULAK,Ressarcimento deputada Márcia Huçulak 25622-47.2025,39974.66
2025,12,339030,2025NE005683,2025OB013653,MARCIA CECILIA HUÇULAK,"Ressarc. Dep. Marcia Huçulak, 26464-11.2025",579.65
2025,12,339039,2025NE005684,2025OB013654,MARCIA CECILIA HUÇULAK,"Ressarc. Dep. Marcia Huçulak, 26464-11.2025",10471.84
2025,12,339030,2025NE006024,2025OB014597,MARCIA CECILIA HUÇULAK,Ressarcimento deputada Márcia Huçulak 27290-19.2025,2621.24
2025,12,339033,2025NE006025,2025OB014598,MARCIA CECILIA HUÇULAK,Ressarcimento deputada Márcia Huçulak 27290-19.2025,2455.44
2025,12,339039,2025NE006026,2025OB014599,MARCIA CECILIA HUÇULAK,Ressarcimento deputada Márcia Huçulak 27290-19.2025,31790.16
2025,12,339039,2025NE005583,2025OB013384,MARCIO JOSE PACHECO RAMOS,Ressa.Deput.Marcio Pacheco.Prot.26179-43.2025,2962.8
2025,12,339039,2025NE005628,2025OB013570,MARCIO JOSE PACHECO RAMOS,"Ressarc. Dep. Marcio Pacheco, 26451-71.2025",2469.0
2025,12,339039,2025NE005597,2025OB013601,MARCIO JOSE PACHECO RAMOS,Ressa.deput.Marcio Pacheco.Prot.26448-55.2025,3000.0
2025,12,339033,2025NE005710,2025OB013948,MARCIO JOSE PACHECO RAMOS,Ressarcimentom deputado Márcio Pacheco 26445-39.2025,1385.5
2025,12,339030,2025NE005707,2025OB013949,MARCIO JOSE PACHECO RAMOS,Ressarcimento deputado Márcio Pacheco 26445-39.2025,3993.6
2025,12,339039,2025NE005711,2025OB013950,MARCIO JOSE PACHECO RAMOS,Ressarcimento deputado Márcio Pacheco 26445-39.2025,4233.65
2025,12,339030,2025NE005878,2025OB014273,MARCIO JOSE PACHECO RAMOS,"Ressarc. Dep. Marcio Pacheco, 27646-10.2025",150.06
2025,12,339039,2025NE005879,2025OB014274,MARCIO JOSE PACHECO RAMOS,"Ressarc. Dep. Marcio Pacheco, 27646-10.2025",213.16
2025,12,339033,2025NE005910,2025OB014289,MARCIO JOSE PACHECO RAMOS,"Ressarc. Dep. Marcio Pacheco, 27411-50.2025",1261.63
2025,12,339039,2025NE005911,2025OB014290,MARCIO JOSE PACHECO RAMOS,"Ressarc. Dep. Marcio Pacheco, 27411-50.2025",826.51
2025,12,339039,2025NE005876,2025OB014299,MARCIO JOSE PACHECO RAMOS,"Ressarc. Dep. Marcio Pacheco, 27576-57.2025",108.0
2025,12,339030,2025NE005919,2025OB014350,MARCIO JOSE PACHECO RAMOS,"Ressarc. Dep. Marcio Pacheco, 27382-57.2025",1289.09
2025,12,339033,2025NE005920,2025OB014351,MARCIO JOSE PACHECO RAMOS,"Ressarc. Dep. Marcio Pacheco, 27382-57.2025",9.0
2025,12,339039,2025NE005921,2025OB014352,MARCIO JOSE PACHECO RAMOS,"Ressarc. Dep. Marcio Pacheco, 27382-57.2025",594.4
2025,12,339039,2025NE006044,2025OB014735,MARCIO JOSE PACHECO RAMOS,Ressarcimento deputado Márcio Pacheco 27415-39.2025,27404.16
2025,12,339033,2025NE006039,2025OB014736,MARCIO JOSE PACHECO RAMOS,Ressarcimento deputado Márcio Pacheco 27415-39.2025,26.5
2025,12,339030,2025NE006037,2025OB014737,MARCIO JOSE PACHECO RAMOS,Ressarcimento deputado Márcio Pacheco 27415-39.2025,278.84
2025,12,339039,2025NE005594,2025OB013392,MARIA VICTORIA BORGHETTI BARROS,"Ressarc. Dep. Maria Victoria, 26554-06.2025",10000.0
2025,12,339030,2025NE005623,2025OB013575,MARIA VICTORIA BORGHETTI BARROS,"Ressarc. Dep. Maria Victoria, 26559-65.2025",2643.23
2025,12,339039,2025NE005624,2025OB013576,MARIA VICTORIA BORGHETTI BARROS,"Ressarc. Dep. Maria Victoria, 26559-65.2025",6703.92
2025,12,339030,2025NE005850,2025OB014257,MARIA VICTORIA BORGHETTI BARROS,"Ressarc. Dep. Maria Victoria, 27553-96.2025",2318.96
2025,12,339039,2025NE005851,2025OB014258,MARIA VICTORIA BORGHETTI BARROS,"Ressarc. Dep. Maria Victoria, 27553-96.2025",70.0
2025,12,339030,2025NE005680,2025OB014910,MARIA VICTORIA BORGHETTI BARROS,"Ressarc. Dep. Maria Victoria, 26789-63.2025",5364.63
2025,12,339039,2025NE005681,2025OB014911,MARIA VICTORIA BORGHETTI BARROS,"Ressarc. Dep. Maria Victoria, 26789-63.2025",18450.0
2025,12,339039,2025NE005697,2025OB013679,MARILEI DE SOUZA LIMA,Ressarcimento deputada Cantora Mara Lima 26637-93.2025,20426.08
2025,12,339030,2025NE005696,2025OB013680,MARILEI DE SOUZA LIMA,Ressarcimento Deputada Cantora Mara Lima 26637-93.2025,245.06
2025,12,339030,2025NE005770,2025OB013951,MARILEI DE SOUZA LIMA,"Ressarc. Dep. Mara Lima, 26618-24.2025",2918.34
2025,12,339039,2025NE005771,2025OB013952,MARILEI DE SOUZA LIMA,Ressarc. Dep. Mara Lima. 26618-24.2025,134.94
2025,12,339030,2025NE006002,2025OB014553,MARILEI DE SOUZA LIMA,"Ressarc. Dep. Mara Lima, 27417-82.2025",4570.42
2025,12,339039,2025NE006003,2025OB014554,MARILEI DE SOUZA LIMA,"Ressarc. Dep. Mara Lima, 27417-82.2025",23838.0
2025,12,339033,2025NE005565,2025OB013385,MARLY PAULINO FAGUNDES,Ressarcimento Deputada Marly Paulino 25785-11.2025,1071.26
2025,12,339030,2025NE005564,2025OB013386,MARLY PAULINO FAGUNDES,Ressarcimento deputada Marly Paulino 25785-11.2025,5426.59
2025,12,339039,2025NE005566,2025OB013387,MARLY PAULINO FAGUNDES,Ressarcimento Deputada Marly Paulino 25785-11.2025,29135.36
2025,12,339039,2025NE005912,2025OB014586,MARLY PAULINO FAGUNDES,Ressarcimento Deputada Marly Paulino 27185-41.2025,44423.72
2025,12,339033,2025NE005908,2025OB014587,MARLY PAULINO FAGUNDES,Ressarcimento deputada Marly Paulino 27185-41.2025,550.0
2025,12,339030,2025NE005906,2025OB014588,MARLY PAULINO FAGUNDES,Ressarcimento deputada Marly Paulino 27185-41.2025,3904.04
2025,12,339014,2025NE005511,2025OB013269,MATHEUS VELOSO MARIA,Ressarcimento Deputado Matheus Vermelho 25643-62.2025,4515.53
2025,12,339030,2025NE005512,2025OB013270,MATHEUS VELOSO MARIA,Ressarcimento deputado Matheus Vermelho 25643-62.2025,4332.18
2025,12,339033,2025NE005513,2025OB013271,MATHEUS VELOSO MARIA,Ressarcimento Deputado Matheus Vermelho 25643-62.2025,5413.07
2025,12,339039,2025NE005519,2025OB013272,MATHEUS VELOSO MARIA,Ressarcimento Deputado Matheus Vermelho 25643-62.2025,28364.94
2025,12,339014,2025NE005922,2025OB014357,MATHEUS VELOSO MARIA,"Ressarc. Dep. Matheus Vermelho, 27346-59.2025",1003.45
2025,12,339030,2025NE005923,2025OB014358,MATHEUS VELOSO MARIA,"Ressarc. Dep. Matheus Vermelho, 27346-59.2025",2335.23
2025,12,339033,2025NE005926,2025OB014359,MATHEUS VELOSO MARIA,"Ressarc. Dep. Matheus Vermelho, 27346-59.2025",8105.56
2025,12,339039,2025NE005927,2025OB014360,MATHEUS VELOSO MARIA,"Ressarc. Dep. Matheus Vermelho, 27346-59.2025",23652.58
2025,12,339039,2025NE006006,2025OB014552,MATHEUS VELOSO MARIA,"Ressarc. Dep. Matheus Vermelho, 27774-46.2025",5000.0
2025,12,339039,2025NE005898,2025OB014275,MAURICIO THADEU DE MELLO E SILVA,Ressarcimento deputado Requião Filho 27365-31.2025,38472.66
2025,12,339030,2025NE005895,2025OB014276,MAURICIO THADEU DE MELLO E SILVA,Ressarcimento deputado Requião Filho 27365-31.2025,1596.48
2025,12,339039,2025NE005643,2025OB014843,MAURICIO THADEU DE MELLO E SILVA,Ressarcimento deputado Requião Filho 26388-26.2025,3675.09
2025,12,339033,2025NE005642,2025OB014844,MAURICIO THADEU DE MELLO E SILVA,Ressarcimento Deputado Requião Filho 26388-26.2025,1684.69
2025,12,339030,2025NE005641,2025OB014845,MAURICIO THADEU DE MELLO E SILVA,Ressarcimento deputado Requião Filho 26388-26.2025,3665.49
2025,12,339039,2025NE005530,2025OB013267,MOACYR ELIAS FADEL JUNIOR,"Ressarc. Dep. Moacyr Fadel, 25797-75.2025",562.56
2025,12,339030,2025NE005529,2025OB013268,MOACYR ELIAS FADEL JUNIOR,"Ressarc. Dep. Moacyr Fadel, 25797-75.2025",9486.84
2025,12,339039,2025NE005667,2025OB013657,MOACYR ELIAS FADEL JUNIOR,Ressarcimento Deputado Moacyr Fadel 26398-47.2025,8608.26
2025,12,339030,2025NE005666,2025OB013658,MOACYR ELIAS FADEL JUNIOR,Ressarcimento deputado Moacyr Fadel 26398-47.2025,1363.3
2025,12,339030,2025NE005845,2025OB014054,MOACYR ELIAS FADEL JUNIOR,Ressa.Deput.Moacyr Fadel.Prot.27003-08.2025,9599.46
2025,12,339039,2025NE005846,2025OB014055,MOACYR ELIAS FADEL JUNIOR,Ressa.Deput.Moacyr Fadel.Prot.27003-08.2025,33705.99
2025,12,339039,2025NE005626,2025OB013594,Marcelo Rangel Cruz de Oliveira,"Ressarc. Dep. Marcelo Rangel, 26406-25.2025",5900.0
2025,12,339039,2025NE006029,2025OB014728,Marcelo Rangel Cruz de Oliveira,Ressarcimento deputado Marcelo Rangel 27416-12.2025,33330.94
2025,12,339033,2025NE006028,2025OB014729,Marcelo Rangel Cruz de Oliveira,Ressarcimento Deputado Marcelo Rangel 27416-12.2025,586.88
2025,12,339030,2025NE006027,2025OB014730,Marcelo Rangel Cruz de Oliveira,Ressarcimento deputado Marcelo Ragel 27416-12.2025,3286.6
2025,12,339039,2025NE005766,2025OB013955,NELSON ROBERTO PLACIDO SILVA JUSTUS,"Ressarc. Dep. Nelson Justus, 26989-95.2025",30500.0
2025,12,339039,2025NE005779,2025OB013956,NELSON ROBERTO PLACIDO SILVA JUSTUS,"Ressarc. Dep. Nelson Justus, 26972-69.2025",10000.0
2025,12,339039,2025NE005812,2025OB013978,NELSON ROBERTO PLACIDO SILVA JUSTUS,"Ressarc. Dep. Nelson Justus, 27274-63.2025",20000.0
2025,12,339039,2025NE005853,2025OB014263,NELSON ROBERTO PLACIDO SILVA JUSTUS,"Ressarc. Dep. Nelson Justus, 26951-54.2025",30000.0
2025,12,339039,2025NE005875,2025OB014279,NELSON ROBERTO PLACIDO SILVA JUSTUS,"Ressarc. Dep. Nelson Justus, 26964-91.2025",39400.0
2025,12,339030,2025NE005872,2025OB014282,NEY LEPREVOST NETO,"Ressarc. Dep. Ney Leprevost, 27333-22.2025",3292.18
2025,12,339033,2025NE005873,2025OB014283,NEY LEPREVOST NETO,"Ressarc. Dep. Ney Leprevost, 27333-22.2025",3880.94
2025,12,339039,2025NE005874,2025OB014284,NEY LEPREVOST NETO,"Ressarc. Dep Ney Leprevost, 27333-22.2025",11641.6
2025,12,339039,2025NE005833,2025OB015487,NEY LEPREVOST NETO,Ressa.Deput.Ney Leprevost.Prot.26670-75.2025,32028.6
2025,12,339030,2025NE005832,2025OB015488,NEY LEPREVOST NETO,Ressa.Deput.Ney Leprevost.Prot.26670-75.2025,9028.08
2025,12,339039,2025NE005640,2025OB013566,OZIEL LUIZ DE SOUZA,Ressarcimento deputado Batatinha 26468-97.2025,5053.6
2025,12,339033,2025NE005637,2025OB013567,OZIEL LUIZ DE SOUZA,Ressarcimento deputado Batatinha 26468-97.2025,593.88
2025,12,339030,2025NE005636,2025OB013568,OZIEL LUIZ DE SOUZA,Ressarcimento deputado Batatinha 26468-97.2025,2074.52
2025,12,339014,2025NE005635,2025OB013569,OZIEL LUIZ DE SOUZA,Ressarcimento deputado Batattinha 26468-97.2025,501.73
2025,12,339030,2025NE005705,2025OB013677,OZIEL LUIZ DE SOUZA,"Ressarc. Dep. Batatinha, 26921-88.2025",784.48
2025,12,339039,2025NE005706,2025OB013678,OZIEL LUIZ DE SOUZA,"Ressarc. Dep. Batatinha, 26921-88.2025",9960.0
2025,12,339014,2025NE005750,2025OB013959,OZIEL LUIZ DE SOUZA,Ressarcimento Deputado Batatinha 26874-96.2025,501.73
2025,12,339030,2025NE005751,2025OB013960,OZIEL LUIZ DE SOUZA,Ressarcimento Deputado Batatinha 26874-96.2025,469.66
2025,12,339039,2025NE005752,2025OB013961,OZIEL LUIZ DE SOUZA,Ressarcimento deputado Batatinha 26874-96.2025,6088.83
2025,12,339039,2025NE005996,2025OB014567,OZIEL LUIZ DE SOUZA,"Ressarc. Dep. Batatinha, 27336-38.2025",10533.48
2025,12,339039,2025NE005996,2025OB014568,OZIEL LUIZ DE SOUZA,"Ressarc. Dep. Batatinha, 27336-38.2025",1112.33
2025,12,339030,2025NE005993,2025OB014569,OZIEL LUIZ DE SOUZA,"Ressarc. Dep. Batatinha, 27336-38.2025",488.39
2025,12,339033,2025NE005994,2025OB014570,OZIEL LUIZ DE SOUZA,"Ressarc. Dep. Batatinha, 27336-38.2025",752.95
2025,12,339014,2025NE006016,2025OB014571,OZIEL LUIZ DE SOUZA,"Ressarc. Dep. Batatinha, 27537-43.2025",1003.45
2025,12,339030,2025NE005688,2025OB013670,PAULO ROBERTO MOREIRA GOMES JUNIOR,"Ressarc. Dep. Paulo Gomes, 26449-28.2025",2770.71
2025,12,339033,2025NE005689,2025OB013671,PAULO ROBERTO MOREIRA GOMES JUNIOR,Ressarc. Dep. Paulo Gomes. 26449-28.2025,48.0
2025,12,339039,2025NE005690,2025OB013672,PAULO ROBERTO MOREIRA GOMES JUNIOR,"Ressarc. Dep. Paulo Gomes, 26449-28.2025",11137.0
2025,12,339039,2025NE005883,2025OB014833,PAULO ROBERTO MOREIRA GOMES JUNIOR,Ressa.Deput.Paulo Roberto.Prot.27268-31.2025,27436.75
2025,12,339030,2025NE005969,2025OB014834,PAULO ROBERTO MOREIRA GOMES JUNIOR,Ressa.Deput.Paulo Roberto.Prot.27268-31.2025,3239.7
2025,12,339033,2025NE005870,2025OB014835,PAULO ROBERTO MOREIRA GOMES JUNIOR,Ressa.Deput.Paulo Roberto.Prot.27268-31.2025,16.8
2025,12,339039,2025NE005863,2025OB014255,PEDRO PAULO BAZANA,Ressa.Deput.Bazana.Prot.27233-06.2025,34822.78
2025,12,339030,2025NE005861,2025OB014256,PEDRO PAULO BAZANA,Ressa.Deput.Bazana.Prot.27233-06.2025,713.69
2025,12,339039,2025NE006004,2025OB014579,PEDRO PAULO BAZANA,"Ressarc. Dep. Bazana, 27418-55.2025",4000.0
2025,12,339039,2025NE005995,2025OB014589,PEDRO PAULO BAZANA,Ressarcimento Deputado Bazana 27232-33.2025,6415.85
2025,12,339033,2025NE005991,2025OB014590,PEDRO PAULO BAZANA,Ressarcimento deputado Bazana 27232-33.2025,40.0
2025,12,339030,2025NE005988,2025OB014591,PEDRO PAULO BAZANA,Ressarcimento deputado Bazana 27232-33.2025,7380.7
2025,12,339039,2025NE005535,2025OB013273,RENATO DE ALMEIDA FREITAS JUNIOR,"Ressarc. Dep. Renato Freitas, 25913-47.2025",1900.58
2025,12,339033,2025NE005534,2025OB013274,RENATO DE ALMEIDA FREITAS JUNIOR,"Ressarc. Dep. Renato Freitas, 25913-47.2025",112.93
2025,12,339030,2025NE005533,2025OB013275,RENATO DE ALMEIDA FREITAS JUNIOR,"Ressarc. Dep. Renato Freitas, 25913-47.2025",3048.6
2025,12,339039,2025NE005547,2025OB013395,RENATO DE ALMEIDA FREITAS JUNIOR,Ressarcimento deputado Renato Freitas 25709-26.2025,13442.64
2025,12,339033,2025NE005546,2025OB013396,RENATO DE ALMEIDA FREITAS JUNIOR,Ressarcimento Deputado Renato Freitas 25709-26.2025,426.64
2025,12,339030,2025NE005545,2025OB013397,RENATO DE ALMEIDA FREITAS JUNIOR,Ressarcimento Deputado Renato Freitas 25709-26.2025,1165.94
2025,12,339014,2025NE006015,2025OB014551,RENATO DE ALMEIDA FREITAS JUNIOR,"Ressarc. Dep. Renato Freitas, 27854-20.2025",2592.26
2025,12,339039,2025NE005981,2025OB014562,RENATO DE ALMEIDA FREITAS JUNIOR,Ressarcimento deputado Renato Freitas 27413-93.2025,10755.03
2025,12,339033,2025NE005979,2025OB014563,RENATO DE ALMEIDA FREITAS JUNIOR,Ressarcimento deputado Renato Freitas 27413-93.2025,1664.84
2025,12,339030,2025NE005978,2025OB014564,RENATO DE ALMEIDA FREITAS JUNIOR,Ressarcimento Deputado Renato Freitas 27413-93.2025,1085.03
2025,12,339033,2025NE005891,2025OB014353,RICARDO ARRUDA NUNES,Ressarcimento deputado Ricardo Arruda 27401-29.2025,4914.23
2025,12,339039,2025NE005890,2025OB014354,RICARDO ARRUDA NUNES,Ressarcimento deputado Ricardo Arruda 27401-29.2025,30924.98
2025,12,339030,2025NE005889,2025OB014355,RICARDO ARRUDA NUNES,Ressarcimento deputado Ricardo Arruda 27401-29.2025,3170.46
2025,12,339014,2025NE005886,2025OB014356,RICARDO ARRUDA NUNES,Ressarcimento deputado Ricardo Arruda 27401-29.2025,5518.94
2025,12,339039,2025NE005732,2025OB013776,SAMUEL PEREIRA DA SILVA,Ressa.Deput.Samuel Dantas.Prot.26639-39.2025,31345.36
2025,12,339030,2025NE005729,2025OB013777,SAMUEL PEREIRA DA SILVA,Ressa.Deput.Samuel Dantas.Prot.26639-39.2025,4362.83
2025,12,339030,2025NE005903,2025OB014297,TERCILIO LUIZ TURINI,"Ressarc. Dep. Tercilio Turini, 27410-77.2025",1205.66
2025,12,339039,2025NE005904,2025OB014298,TERCILIO LUIZ TURINI,"Ressarc. Dep. Tercilio Turini, 27410-77.2025",13202.08
2025,12,339030,2025NE005936,2025OB014361,TERCILIO LUIZ TURINI,"Ressarc. Dep. Tercilio Turini, 27285-57.2025",7340.64
2025,12,339033,2025NE005937,2025OB014362,TERCILIO LUIZ TURINI,"Ressarc. Dep. Tercilio Turini, 27285-57.2025",256.6
2025,12,339039,2025NE005938,2025OB014363,TERCILIO LUIZ TURINI,"Ressarc. Dep. Tercilio Turini, 27285-57.2025",27996.35
2025,12,339030,2025NE005678,2025OB013655,THIAGO BUHRER,"Ressarc. Dep. Thiago Buhrer, 26963-21.2025",649.28
2025,12,339039,2025NE005679,2025OB013656,THIAGO BUHRER,"Ressarc. Dep. Thiago Buhrer, 26963-21.2025",18836.4
2025,12,339039,2025NE005785,2025OB013957,THIAGO BUHRER,Ressa.Deput.Thiago Buhrer.Prot.27052-43.2025,9132.93
2025,12,339030,2025NE005784,2025OB013958,THIAGO BUHRER,Ressa.Deput.Thiago Buhrer.Prot.27052-43.2025,1402.61
2025,12,339039,2025NE005817,2025OB013968,THIAGO BUHRER,Ressarcimento deputado Thiago Buhrer 27053-16.2025,39026.66
2025,12,339030,2025NE005813,2025OB013969,THIAGO BUHRER,Ressarcimento deputado Thiago Buhrer 27053-16.2025,3131.38
2025,12,339039,2025NE005865,2025OB014259,THIAGO BUHRER,Ressarcimento deputado Thiago Buhrer 27044-65.2025,38764.31
2025,12,339030,2025NE005864,2025OB014260,THIAGO BUHRER,Ressarcimento deputado Thiago Buhrer 27044-65.2025,1045.08
2025,12,339093,2026NE000717,2025OB013305,TITO LÍVIO BARICHELLO,Ressarcimento deputado Tito Barrichello 03575-24.2026,550.6
2025,12,339039,2025NE005627,2025OB013562,TITO LÍVIO BARICHELLO,"Ressarc. Dep. Tito Barichello, 26509-57.2025",7289.0
2025,12,339039,2025NE005761,2025OB014031,TITO LÍVIO BARICHELLO,Ressarcimento deputado Tito Barrichello 26615-08.2025,843.0
2025,12,339033,2025NE005760,2025OB014032,TITO LÍVIO BARICHELLO,Ressarcimento deputado Tito Barrichelo 26615-08.2025,124.8
2025,12,339030,2025NE005759,2025OB014033,TITO LÍVIO BARICHELLO,Ressarcimento deputado Tito Barrichello 26615-08.2025,3071.65
2025,12,339039,2025NE005877,2025OB014281,TITO LÍVIO BARICHELLO,"Ressarc. Dep. Tito Barichello, 27624-22.2025",1300.0
2025,12,339030,2025NE006012,2025OB014576,TITO LÍVIO BARICHELLO,"Ressarc. Dep. Tito Barichello, 27405-18.2025",576.0
2025,12,339030,2025NE005943,2025OB014577,TITO LÍVIO BARICHELLO,Ressarcimento deputado Tito Barrichello 26967-10.2025,1052.06
2025,12,339039,2025NE005944,2025OB014578,TITO LÍVIO BARICHELLO,Ressarcimento deputado Tito Barrichelo 26967-10.2025,29151.96
2025,12,339033,2025NE005734,2025OB013773,WILMAR REICHEMBACH,Ressa.deput.Reichemback.Prot.26561-11.2025,2256.05
2025,12,339030,2025NE005733,2025OB013774,WILMAR REICHEMBACH,Ressa.Deput.Samuel Dantas.prot.26561-11.2025,3016.34
2025,12,339039,2025NE005735,2025OB013775,WILMAR REICHEMBACH,Ressa.Deput.Reichemback.prot.26561-11.2025,25858.36
2025,12,339030,2025NE005809,2025OB014019,WILMAR REICHEMBACH,Ressarcimento deputado Reichembach 27240-11.2025,466.83
2025,12,339039,2025NE005811,2025OB014020,WILMAR REICHEMBACH,Ressarcimento Deputado Reichembach 27240-11.2025,24057.99
2025,2,339030,2025NE000192,2025OB000507,ADEMAR LUIZ TRAIANO,"Ressarc. Dep. Ademar Traiano, 01225-39.2025",2175.77
2025,2,339030,2025NE000358,2025OB000477,ADEMAR LUIZ TRAIANO,"Ressarc. Dep. Ademar Traiano, 01847-26.2025",2694.88
2025,2,339039,2025NE000359,2025OB000478,ADEMAR LUIZ TRAIANO,"Ressarc. Dep. Ademar Traiano, 01847-26.2025",25634.53
2025,2,339093,2026NE000501,2025OB000660,ADEMAR LUIZ TRAIANO,Ressa.Deput.Ademar traiano.Prot.01927-94.2026,4829.4
2025,2,339030,2025NE000171,2025OB000209,ADRIANO JOSE DA SILVA,"Ressarc. Dep. Soldado Adriano José, 01084-63.2025",2530.72
2025,2,339033,2025NE000172,2025OB000210,ADRIANO JOSE DA SILVA,"Ressarc. Dep. Soldado Adriano José, 01084-63.2025",2261.07
2025,2,339039,2025NE000174,2025OB000211,ADRIANO JOSE DA SILVA,"Ressarc. Dep. Soldado Adriano José, 01084-63.2025",19063.01
2025,2,339030,2025NE000263,2025OB000313,ADRIANO JOSE DA SILVA,Ressarcimento Deputado Soldado Adriano 01387-30.2025,2845.52
2025,2,339033,2025NE000264,2025OB000314,ADRIANO JOSE DA SILVA,Ressarcimento Deputado Adriano 01387-30.2025,3966.77
2025,2,339039,2025NE000265,2025OB000315,ADRIANO JOSE DA SILVA,Ressarcimento Deputado Adriano 01387-30.2025,3604.56
2025,2,339039,2025NE000315,2025OB000317,ADRIANO JOSE DA SILVA,Ressarcimento Deputado Soldado Adriano José 01644-75.2025,10781.78
2025,2,339030,2025NE000314,2025OB000318,ADRIANO JOSE DA SILVA,Ressarcimento Deputado Soldado Adriano 01644-75.2025,1543.22
2025,2,339039,2025NE000224,2025OB000529,ADRIANO JOSE DA SILVA,Ressarcimento.Deput.Soldado Adriano Jose.prot.01282-52.2025,12558.14
2025,2,339030,2025NE000560,2025OB000787,ADRIANO JOSE DA SILVA,Ressarcimento Deputado Soldado Adriano 02691-33.2025,2350.47
2025,2,339033,2025NE000561,2025OB000788,ADRIANO JOSE DA SILVA,Ressarcimento Deputado Soldado Adriano 02691-33.2025,1119.58
2025,2,339039,2025NE000562,2025OB000789,ADRIANO JOSE DA SILVA,Ressarcimento Deputado Soldado Adriano 02691-33.2025,6818.05
2025,2,339039,2025NE000638,2025OB000923,ADRIANO JOSE DA SILVA,Ressarcimento Soldado Adriano 03308-58.2025,283.15
2025,2,339039,2025NE000637,2025OB000924,ADRIANO JOSE DA SILVA,Ressarcimento Deputado Soldado Adriano 03308-58.2025,10500.0
2025,2,339014,2025NE000636,2025OB000925,ADRIANO JOSE DA SILVA,Ressarcimento Deputado Soldado Adriano 03308-58.2025,3512.08
2025,2,339030,2025NE000289,2025OB000302,ADÃO FERNANDES,Ressarcimento.Deput.Adao Litro.Prot.00935-12.2025,1271.42
2025,2,339039,2025NE000290,2025OB000303,ADÃO FERNANDES,Ressarcimento.Deput.Adao Litro.Prot.00935-12.2025,3150.0
2025,2,339030,2025NE000307,2025OB000337,ADÃO FERNANDES,Ressarcimento.Deput.Adao Litro.Prot.01559-42.2025,1305.77
2025,2,339039,2025NE000308,2025OB000338,ADÃO FERNANDES,Ressarcimento.Deput.Adao Litro.Prot.01559-42.2025,950.0
2025,2,339030,2025NE000185,2025OB000505,ADÃO FERNANDES,Ressarcimento.Deput.Adão Litro.Prot.00986-90.2025,1368.16
2025,2,339039,2025NE000186,2025OB000506,ADÃO FERNANDES,Ressarcimento.Deput.Adao Litro.Prot.00986-90.2025,29923.82
2025,2,339030,2025NE000557,2025OB000802,ADÃO FERNANDES,Ressarcimento Deputado Adão Litro 02627-15.2025,1550.15
2025,2,339039,2025NE000558,2025OB000803,ADÃO FERNANDES,Ressarcimento Deputado Adão Litro 02627-15.2025,2768.55
2025,2,339030,2025NE000223,2025OB000262,ALEXANDRE AMARO,Ressarcimento.Deput.Alexandre Amaro.Prot.01272-31.2025,1616.87
2025,2,339030,2025NE000223,2025OB000528,ALEXANDRE AMARO,Ressarcimento.Deput.Alexandre Amaro.Prot.01272-31.2025,1616.87
2025,2,339030,2025NE000250,2025OB000269,ALEXANDRE AMARO,Ressarcimento.Deput.Alexandre Amaro.Prot.01350-59.2025,2365.5
2025,2,339039,2025NE000251,2025OB000270,ALEXANDRE AMARO,Ressarcimento.Deput.Alexandre Amaro.Prot.01350-59.2025,17256.64
2025,2,339030,2025NE000299,2025OB000339,ALEXANDRE AMARO,Ressarcimento Deputado Alexandre Amaro 01541-43.2025,2781.2
2025,2,339039,2025NE000300,2025OB000340,ALEXANDRE AMARO,Ressarcimento Deputado Alexandre Amaro 01541-43.2025,102.11
2025,2,339030,2025NE000416,2025OB000570,ALEXANDRE AMARO,Ressarcimento Deputado Alexandre Amaro 01972-46.2025,1395.04
2025,2,339030,2025NE000416,2025OB000835,ALEXANDRE AMARO,Ressarcimento Deputado Alexandre Amaro 01972-46.2025,1395.04
2025,2,339039,2025NE000417,2025OB000571,ALEXANDRE AMARO,Ressarcimento Deputado Alexandre Amaro 01972-46.2025,6990.26
2025,2,339039,2025NE000417,2025OB000834,ALEXANDRE AMARO,Ressarcimento Deputado Alexandre Amaro 01972-46.2025,6990.26
2025,2,339030,2025NE000491,2025OB000723,ALEXANDRE AMARO,Ressarcimento Deputado Alexandre Amaro 02462-08.2025,2078.97
2025,2,339039,2025NE000492,2025OB000724,ALEXANDRE AMARO,Ressarcimento Deputado Alexandre Amaro 02462-08.2025,4700.07
2025,2,339014,2025NE000685,2025OB000948,ALEXANDRE AMARO,"Ressarc. Dep. Alexandre Amaro, 03292-05.2025",3010.34
2025,2,339030,2025NE000686,2025OB000949,ALEXANDRE AMARO,"Ressarc. Dep. Alexandre Amaro, 03292-05.2025",2674.03
2025,2,339039,2025NE000687,2025OB000950,ALEXANDRE AMARO,"Ressarc. Dep. Alexandre Amaro, 03292-05.2025",7318.69
2025,2,339030,2025NE000369,2025OB000419,ALISSON ANTHONY WANDSCHEER,Ressarcimento.Deput.Alisson Wandscheer.Prot.01726-92.2025,3250.66
2025,2,339039,2025NE000371,2025OB000420,ALISSON ANTHONY WANDSCHEER,Ressarcimento.Deput.Alisson Wandscheer.Prot.01726-92.2025,30957.0
2025,2,339030,2025NE000361,2025OB000421,ALISSON ANTHONY WANDSCHEER,"Ressarc. Dep. Alisson Wandscheer, 01807-39.2025",4674.17
2025,2,339039,2025NE000362,2025OB000422,ALISSON ANTHONY WANDSCHEER,"Ressarc. Dep. Alisson Wandscheer, 01807-39.2025",37657.0
2025,2,339039,2025NE000442,2025OB000628,ANTENOR GOMES DE LIMA,Ressarcimento Deputado Dr. Antenor 02265-89.2025,15754.09
2025,2,339030,2025NE000504,2025OB000715,ANTENOR GOMES DE LIMA,Ressarcimento.Deput.Dr Antebor.Prot.02457-46.2025,2820.27
2025,2,339039,2025NE000505,2025OB000716,ANTENOR GOMES DE LIMA,Ressarcimento.Deput.Dr Antenor.Prot.02296-28.2025,37325.22
2025,2,339030,2025NE000176,2025OB000383,ANTONIO ANNIBELLI NETO,"Ressarc. Dep. Anibelli Neto, 01093-14.2025",3939.43
2025,2,339039,2025NE000177,2025OB000384,ANTONIO ANNIBELLI NETO,"Ressarc. Dep. Anibelli Neto, 01093-14.2025",14021.98
2025,2,339030,2025NE000458,2025OB000658,ANTONIO ANNIBELLI NETO,"Ressarc. Dep. Anibelli Neto, 02173-51.2025",6961.89
2025,2,339039,2025NE000459,2025OB000659,ANTONIO ANNIBELLI NETO,"Ressarc. Dep. Anibelli Neto, 02173-51.2025",24323.35
2025,2,339033,2025NE000278,2025OB000308,ARILSON MAROLDI CHIORATO,Ressarcimento.Deput.Arilson Chiorato.Prot.01367-85.2025,89.72
2025,2,339030,2025NE000277,2025OB000309,ARILSON MAROLDI CHIORATO,Ressarcimento.Deput.Arilson Chiorato.Prot.01367-85.2025,3542.68
2025,2,339039,2025NE000280,2025OB000310,ARILSON MAROLDI CHIORATO,Ressarcimento.Deput.Arilson Chiorato.Prot.01367-85.2025,11010.69
2025,2,339030,2025NE000383,2025OB000516,ARILSON MAROLDI CHIORATO,Ressarcimento Deputado Arilson Chiorato 01954-47.2025,1256.89
2025,2,339033,2025NE000385,2025OB000517,ARILSON MAROLDI CHIORATO,Ressarcimento Deputado Arilson Chiorato 01954-47.2025,156.37
2025,2,339039,2025NE000387,2025OB000518,ARILSON MAROLDI CHIORATO,Ressarcimento Deputado Arilson Chiorato 01954-47.2025,16049.37
2025,2,339039,2025NE000429,2025OB000567,ARILSON MAROLDI CHIORATO,Ressarcimento Deputado Arilson Chiotato 02133-64.2025,7232.73
2025,2,339039,2025NE000429,2025OB000833,ARILSON MAROLDI CHIORATO,Ressarcimento Deputado Arilson Chiotato 02133-64.2025,7232.73
2025,2,339033,2025NE000425,2025OB000568,ARILSON MAROLDI CHIORATO,Ressarcimento Deputado Arilson Chiorato 02133-64.2025,3397.62
2025,2,339033,2025NE000425,2025OB000832,ARILSON MAROLDI CHIORATO,Ressarcimento Deputado Arilson Chiorato 02133-64.2025,3397.62
2025,2,339030,2025NE000423,2025OB000569,ARILSON MAROLDI CHIORATO,Ressarcimento Deputado Arilson Chiorato 02133-64.2025,714.43
2025,2,339030,2025NE000423,2025OB000831,ARILSON MAROLDI CHIORATO,Ressarcimento Deputado Arilson Chiorato 02133-64.2025,714.43
2025,2,339030,2025NE000569,2025OB000841,ARILSON MAROLDI CHIORATO,Ressarcimento.Deput.Arilson Chiorato.Prot.02769-61.2025,893.81
2025,2,339033,2025NE000570,2025OB000842,ARILSON MAROLDI CHIORATO,Ressarcimento.Deput.Arilson Chiorato.Prot.02769-61.2025,434.8
2025,2,339039,2025NE000574,2025OB000843,ARILSON MAROLDI CHIORATO,Ressarcimento.Deput.Arilson Chiorato.Prot.02769-61.2025,9733.2
2025,2,339030,2025NE000216,2025OB000333,ARTAGAO DE MATTOS LEÃO JUNIOR,Ressarcimento Deputado Artagão 01252-86.2025,2229.84
2025,2,339014,2025NE000214,2025OB000334,ARTAGAO DE MATTOS LEÃO JUNIOR,Ressarcimento Deputado Artagão 01252-86.2025,965.88
2025,2,339014,2025NE000189,2025OB000521,ARTAGAO DE MATTOS LEÃO JUNIOR,"Ressarc. Dep. Artagão, 01146-38.2025",2173.23
2025,2,339030,2025NE000190,2025OB000522,ARTAGAO DE MATTOS LEÃO JUNIOR,"Ressarc. Dep. Artagão, 01146-38.2025",3450.62
2025,2,339039,2025NE000191,2025OB000523,ARTAGAO DE MATTOS LEÃO JUNIOR,"Ressarc. Dep. Artagão, 01146-38.2025",2634.0
2025,2,339030,2025NE000366,2025OB000475,ARTAGAO DE MATTOS LEÃO JUNIOR,Ressarcimento Deputado Artagão 01757-31.2025,2379.05
2025,2,339014,2025NE000365,2025OB000476,ARTAGAO DE MATTOS LEÃO JUNIOR,Ressarcimento Deputado Artagão 01757-31.2025,2173.23
2025,2,339014,2025NE000528,2025OB000769,ARTAGAO DE MATTOS LEÃO JUNIOR,"Ressarc. Dep. Artagão Junior, 02574-88.2025",2257.76
2025,2,339030,2025NE000529,2025OB000770,ARTAGAO DE MATTOS LEÃO JUNIOR,"Ressarc. Dep. Artagão Junior, 02574-88.2025",1601.72
2025,2,339039,2025NE000530,2025OB000771,ARTAGAO DE MATTOS LEÃO JUNIOR,"Ressarc. Dep. Artagão Junior, 02574-88.2025",2668.0
2025,2,339030,2025NE000695,2025OB000956,ARTAGAO DE MATTOS LEÃO JUNIOR,Ressarcimento Deputado Artagão 03395-37.2025,3414.98
2025,2,339014,2025NE000694,2025OB000957,ARTAGAO DE MATTOS LEÃO JUNIOR,Ressarcimento Deputado Artagão 03395-37.2025,7525.83
2025,2,339039,2025NE000222,2025OB000263,Aldino Jorge Bueno,Ressarcimento.deput.Gugu bueno.Prot.01271-58.2025,4061.04
2025,2,339039,2025NE000301,2025OB000319,Aldino Jorge Bueno,Ressarcimento.Deput.Gugu Bueno.Prot.01546-05.2025,943.36
2025,2,339030,2025NE000298,2025OB000320,Aldino Jorge Bueno,Ressarcimento.Deput.Gugu Bueno.prot.01546-05.2025,5954.07
2025,2,339030,2025NE000312,2025OB000331,Aldino Jorge Bueno,"Ressarc. Dep. Gugu Bueno, 01638-43.2025",1394.41
2025,2,339039,2025NE000313,2025OB000332,Aldino Jorge Bueno,"Ressarc. Dep. Gugu Bueno, 01638-43.2025",5400.0
2025,2,339039,2025NE000209,2025OB000504,Aldino Jorge Bueno,Ressarcimento.Deput.Gugu bueno.prot.01248-97.2025,11900.0
2025,2,339030,2025NE000349,2025OB000402,Aldino Jorge Bueno,Ressarcimento.Deput.Gugu Bueno.Prot.01867-68.2025,134.72
2025,2,339039,2025NE000350,2025OB000403,Aldino Jorge Bueno,Ressarcimento.Deput.Gugu Bueno.Prot.01867-68.2025,8123.7
2025,2,339030,2025NE000545,2025OB000779,Aldino Jorge Bueno,"Ressarc. Dep. Gugu Bueno, 02801-70.2025",2965.56
2025,2,339039,2025NE000546,2025OB000780,Aldino Jorge Bueno,"Ressarc. Dep. Gugu Bueno, 02801-70.2025",9900.0
2025,2,339030,2025NE000703,2025OB000958,Aldino Jorge Bueno,Ressarcimento.Deput.Gugu Bueno.Prot.03426-73.2025,1974.4
2025,2,339033,2025NE000705,2025OB000959,Aldino Jorge Bueno,Ressarcimento.Deput.Gugu Bueno.Prot.03426-73.2025,8567.31
2025,2,339030,2025NE000295,2025OB000293,Alexandre Maranhão Curi,"Ressarc. Dep. Alexandre Curi, 01610-23.2025",5458.65
2025,2,339033,2025NE000296,2025OB000294,Alexandre Maranhão Curi,"Ressarc. Dep. Alexandre Curi, 01610-23.2025",1848.84
2025,2,339039,2025NE000297,2025OB000295,Alexandre Maranhão Curi,"Ressarc. Dep. Alexandre Curi, 01610-23.2025",33220.81
2025,2,339030,2025NE000332,2025OB000416,CLOARA PINHEIRO LIMA,Ressarcimento.Deput.Cloara Pinheiro.Prot.01655-69.2025,1251.37
2025,2,339039,2025NE000333,2025OB000417,CLOARA PINHEIRO LIMA,Ressarcimento.Deput.Cloara Pinheiro.Prot.01655-69.2025,6387.34
2025,2,339030,2025NE000464,2025OB000621,CLOARA PINHEIRO LIMA,Ressarcimento Deputada Cloara 02385-50.2025,1571.21
2025,2,339033,2025NE000466,2025OB000622,CLOARA PINHEIRO LIMA,Ressarcimento Deputada Cloara 02385-50.2025,6492.46
2025,2,339039,2025NE000468,2025OB000623,CLOARA PINHEIRO LIMA,Ressarcimento Deputada Cloara 02385-50.2025,583.5
2025,2,339030,2025NE000670,2025OB000936,CLOARA PINHEIRO LIMA,Ressarcimento.Deput.Cloara Pinheiro.prot.03221-79.2025,834.9
2025,2,339033,2025NE000673,2025OB000937,CLOARA PINHEIRO LIMA,Ressarcimento.Cloara Pinheiro.Prot.03221-79.2025,3892.69
2025,2,339039,2025NE000674,2025OB000938,CLOARA PINHEIRO LIMA,Ressarcimento.Deput.Cloara Pinheiro Prot.03221-79.2025,6498.45
2025,2,339014,2025NE000181,2025OB000390,DENIAN COUTO COELHO,Ressarcimento.Deput.Denian Couto.Prot.01117-45.2025,3380.58
2025,2,339030,2025NE000182,2025OB000391,DENIAN COUTO COELHO,Ressarcimento.Deput.Denian Couto.prot.01117-45.2025,1879.26
2025,2,339039,2025NE000183,2025OB000392,DENIAN COUTO COELHO,Ressarcimento.Deput.Denian Couto.prot.01117-45.2025,136.17
2025,2,339030,2025NE000178,2025OB000393,DENIAN COUTO COELHO,Ressarcimento.Deput.Denian Couto.Prot.01111-13.2025,1060.03
2025,2,339039,2025NE000179,2025OB000394,DENIAN COUTO COELHO,Ressarcimento.Deput.Denian Couto.prot.01111-13.2025,579.07
2025,2,339030,2025NE000567,2025OB000847,DENIAN COUTO COELHO,Ressarcimento Deputado Denian 02812-64.2025,261.02
2025,2,339014,2025NE000566,2025OB000848,DENIAN COUTO COELHO,Ressarcimento Deputado Denian Couto 02812-64.2025,2656.17
2025,2,339039,2025NE000620,2025OB000901,DENIAN COUTO COELHO,"Ressarc. Dep. Denian Couto, 02697-65.2025",17780.0
2025,2,339039,2025NE000693,2025OB000960,DENIAN COUTO COELHO,Ressarcimento Deputado Denian Couto 03367-17.2025,478.82
2025,2,339033,2025NE000692,2025OB000961,DENIAN COUTO COELHO,Ressarcimento Deputado Denian Couto 03367-17.2025,3408.73
2025,2,339030,2025NE000691,2025OB000962,DENIAN COUTO COELHO,Ressarcimento Deputado Denian Couto 03367-17.2025,3374.32
2025,2,339014,2025NE000690,2025OB000963,DENIAN COUTO COELHO,Ressarcimento Deputado Denian Couto 03367-17.2025,16556.84
2025,2,339030,2025NE000324,2025OB000400,DEVANIL REGINALDO DA SILVA,"Ressarc. Dep. Cobra Repórter, 01639-16.2025",967.36
2025,2,339039,2025NE000325,2025OB000401,DEVANIL REGINALDO DA SILVA,"Ressarc. Dep. Cobra Repórter, 01639-16.2025",14489.0
2025,2,339030,2025NE000401,2025OB000549,DEVANIL REGINALDO DA SILVA,Ressarcimento Deputado Cobra Repórter 02012-33.2025,772.35
2025,2,339039,2025NE000402,2025OB000550,DEVANIL REGINALDO DA SILVA,Ressarcimento Deputado Cobra Repórter 02012-33.2025,30626.01
2025,2,339030,2025NE000588,2025OB000860,DEVANIL REGINALDO DA SILVA,"Ressarc. Dep. Cobra Repórter, 02876-82.2025",49.0
2025,2,339039,2025NE000589,2025OB000881,DEVANIL REGINALDO DA SILVA,"Ressarc. Dep. Cobra Repórter, 02876-82.2025",2636.39
2025,2,339030,2025NE000337,2025OB000414,EVANDRO JOSE DA CRUZ ARAUJO,"Ressarc. Dep. Evandro Araújo, 01759-74.2025",444.43
2025,2,339039,2025NE000339,2025OB000415,EVANDRO JOSE DA CRUZ ARAUJO,"Ressarc. Dep. Evandro Araújo, 01759-74.2025",9454.76
2025,2,339030,2025NE000563,2025OB000790,EVANDRO JOSE DA CRUZ ARAUJO,"Ressarc. Dep. Evandro Araújo, 02674-07.2025",1691.81
2025,2,339039,2025NE000564,2025OB000791,EVANDRO JOSE DA CRUZ ARAUJO,"Ressarc. Dep. Evandro Araújo, 02674-07.2025",8053.03
2025,2,339030,2025NE000639,2025OB000926,EVANDRO JOSE DA CRUZ ARAUJO,Ressarcimento Deputado Evandro Araújo 03037-03.2025,1786.03
2025,2,339033,2025NE000640,2025OB000927,EVANDRO JOSE DA CRUZ ARAUJO,Ressarcimento Deputado Evandro Araújo 03037-03.2025,2139.71
2025,2,339039,2025NE000641,2025OB000928,EVANDRO JOSE DA CRUZ ARAUJO,Ressarcimento Deputado Evandro Araújo 03037-03.2025,1389.21
2025,2,339030,2025NE000240,2025OB000251,FABIO OLIVEIRA,"Ressarc. Dep. Fabio Oliveira, 01351-32.2025",2296.66
2025,2,339033,2025NE000241,2025OB000252,FABIO OLIVEIRA,"Ressarc. Dep. Fabio Oliveira, 01351-32.2025",788.09
2025,2,339039,2025NE000242,2025OB000253,FABIO OLIVEIRA,"Ressarc. Dep. Fabio Oliveira, 01351-32.2025",7137.0
2025,2,339039,2025NE000210,2025OB000275,FABIO OLIVEIRA,Ressarcimento Deputado Fábio Oliveira 01232-44.2025,18159.41
2025,2,339030,2025NE000338,2025OB000418,FABIO OLIVEIRA,Ressarcimento Deputado Fábio Oliveira 01674-41.2025,298.96
2025,2,339030,2025NE000414,2025OB000553,FABIO OLIVEIRA,Ressarcimento.Deput.Fabio Oliveira.Prot.02126-59.2025,1306.99
2025,2,339033,2025NE000415,2025OB000554,FABIO OLIVEIRA,Ressarcimento.Deput.Fabio Oliveira.prot.02126-59.2025,49.03
2025,2,339033,2025NE000418,2025OB000559,FABIO OLIVEIRA,"Ressarc. Dep. Fabio Oliveira, 02179-83.2025",56.02
2025,2,339039,2025NE000419,2025OB000560,FABIO OLIVEIRA,"Ressarc. Dep. Fabio Oliveira, 02179-83.2025",1000.0
2025,2,339030,2025NE000535,2025OB000772,FABIO OLIVEIRA,Ressarcimento Deputado Fábio Oliveira 02573-18.2025,139.0
2025,2,339033,2025NE000536,2025OB000773,FABIO OLIVEIRA,Ressarcimento Deputado Fábio Oliveira 02573-18.2025,25.0
2025,2,339039,2025NE000537,2025OB000774,FABIO OLIVEIRA,Ressarcimento Deputado Fábio Oliveira 02573-18.2025,2921.84
2025,2,339030,2025NE000538,2025OB000844,FABIO OLIVEIRA,Ressarcimento Deputado Fábio Oliveira 02543-52.2025,227.88
2025,2,339033,2025NE000540,2025OB000845,FABIO OLIVEIRA,Ressarcimento Deputado Fábio Oliveira 02543-52.2025,41.1
2025,2,339039,2025NE000541,2025OB000846,FABIO OLIVEIRA,Ressarcimento Deputado Fábio Oliveira 02543-52.2025,13943.0
2025,2,339039,2025NE000249,2025OB000316,FLAVIA CAROLINA RESENDE JABER FRANCISCHINI,"Ressarc. Dep. Flavia Francischini, 01474-09.2025",10000.0
2025,2,339039,2025NE000245,2025OB000531,FLAVIA CAROLINA RESENDE JABER FRANCISCHINI,"Ressarc. Dep. Flavia Francischini, 01437-38.2025",15000.0
2025,2,339014,2025NE000427,2025OB000551,FLAVIA CAROLINA RESENDE JABER FRANCISCHINI,"Ressarc. Dep. Flavia Francischini, 02129-75.2025",2006.91
2025,2,339030,2025NE000428,2025OB000552,FLAVIA CAROLINA RESENDE JABER FRANCISCHINI,"Ressarc. Dep. Flavia Francischini, 02129-75.2025",2675.49
2025,2,339039,2025NE000433,2025OB000566,FLAVIA CAROLINA RESENDE JABER FRANCISCHINI,"Ressarc. Dep. Flavia Francischini, 02304-06.2025",7920.0
2025,2,339039,2025NE000433,2025OB000836,FLAVIA CAROLINA RESENDE JABER FRANCISCHINI,"Ressarc. Dep. Flavia Francischini, 02304-06.2025",7920.0
2025,2,339030,2025NE000173,2025OB000386,GILSON DE SOUZA,"RESSARCIMENTO DEP. GILSON DE SOUZA, PROT 01025-07.2025",635.18
2025,2,339039,2025NE000175,2025OB000387,GILSON DE SOUZA,"RESSARCIMENTO DEP. GILSON DE SOUZA, PROT 01025-07.2025",14101.43
2025,2,339030,2025NE000408,2025OB000536,GILSON DE SOUZA,"Ressarc. Dep. Gilson de Souza, 02182-02.2025",558.45
2025,2,339039,2025NE000409,2025OB000537,GILSON DE SOUZA,"Ressarc. Dep. Gilson de Souza, 02182-02.2025",14085.97
2025,2,339030,2025NE000156,2025OB000283,HUSSEIN BAKRI,Ressarcimento.Deput.Hussein Bakri.Prot.00937-55.2025,4332.59
2025,2,339033,2025NE000157,2025OB000284,HUSSEIN BAKRI,Ressarcimento.Deput.Hussein Bakri.Prot.00937-55.2025,203.13
2025,2,339039,2025NE000158,2025OB000285,HUSSEIN BAKRI,Ressarcimento.Deput.Hussein Bakri.Prot.00937-55.2025,2684.27
2025,2,339030,2025NE000160,2025OB000286,HUSSEIN BAKRI,"Ressarc. Dep. Hussein Bakri, 01038-44.2025",2989.2
2025,2,339033,2025NE000161,2025OB000287,HUSSEIN BAKRI,"Ressarc. Dep. Hussein Bakri, 01038-44.2025",887.09
2025,2,339039,2025NE000163,2025OB000288,HUSSEIN BAKRI,"Ressarc. Dep. Hussein Bakri, 01038-44.2025",17917.57
2025,2,339030,2025NE000334,2025OB000406,HUSSEIN BAKRI,Ressarcimento.Deput.Hussein Bakri.Prot.01655-69.2025,3189.14
2025,2,339039,2025NE000335,2025OB000407,HUSSEIN BAKRI,Ressarcimento.Deput.Hussein Bakri.Prot.01655-69.2025,3646.85
2025,2,339030,2025NE000267,2025OB000299,ISABEL CRISTINA RAUEN SILVESTRI,"Ressarc. Dep. Cristina Silvestri, 01476-52.2025",1734.34
2025,2,339033,2025NE000268,2025OB000300,ISABEL CRISTINA RAUEN SILVESTRI,"Ressarc. Dep. Cristina Silvestri, 01476-52.2025",1250.0
2025,2,339039,2025NE000269,2025OB000301,ISABEL CRISTINA RAUEN SILVESTRI,"Ressarc. Dep. Cristina Silvestri, 01476-52.2025",26762.68
2025,2,339033,2025NE000199,2025OB000524,JOAO DOUGLAS FABRICIO,"RESSARCIMENTO DEP. DOUGLAS FABRICIO, PROT. 01197-19.2025",853.41
2025,2,339039,2025NE000200,2025OB000525,JOAO DOUGLAS FABRICIO,"RESSARCIMENTO DEP. DOUGLAS FABRICIO, PROT. 01197-19.2025",25480.26
2025,2,339030,2025NE000198,2025OB000538,JOAO DOUGLAS FABRICIO,"RESSARCIMENTO DEP. DOUGLAS FABRICIO, PROT. 01197-19.2025",2533.11
2025,2,339030,2025NE000275,2025OB000325,JORGE GOMES DE OLIVEIRA BRAND,Ressarcimento.Deput.Goura.Prot.01472-63.2025,1526.83
2025,2,339039,2025NE000276,2025OB000326,JORGE GOMES DE OLIVEIRA BRAND,Ressarcimento.Deput.Goura.Prot.01389-73.2025,27989.4
2025,2,339030,2025NE000284,2025OB000328,JORGE GOMES DE OLIVEIRA BRAND,Ressarcimento Deputado Goura 01489-89.2025,869.03
2025,2,339033,2025NE000285,2025OB000329,JORGE GOMES DE OLIVEIRA BRAND,Ressarcimento Deputado Goura 01489-89.2025,128.0
2025,2,339039,2025NE000286,2025OB000330,JORGE GOMES DE OLIVEIRA BRAND,Ressarcimento Deputado Goura 01489-89.2025,587.99
2025,2,339033,2025NE000445,2025OB000662,JORGE GOMES DE OLIVEIRA BRAND,Ressarcimento.Deput.Goura.Prot.02300-17.2025,57.6
2025,2,339039,2025NE000446,2025OB000663,JORGE GOMES DE OLIVEIRA BRAND,Ressarcimento.Deput.Goura.Prot.02300-17.2025,17283.67
2025,2,339030,2025NE000624,2025OB000904,JORGE GOMES DE OLIVEIRA BRAND,"Ressarc. Dep. Goura, 02764-02.2025",3049.06
2025,2,339033,2025NE000625,2025OB000905,JORGE GOMES DE OLIVEIRA BRAND,"Ressarc. Dep. Goura, 02764-02.2025",2074.22
2025,2,339039,2025NE000626,2025OB000906,JORGE GOMES DE OLIVEIRA BRAND,"Ressarc. Dep. Goura, 02764-02.2025",9745.39
2025,2,339039,2025NE000439,2025OB000612,JOSE APARECIDO JACOVOS,"Ressarc. Dep. Del. Jacovos, 02298-71.2025",20477.75
2025,2,339030,2025NE000438,2025OB000613,JOSE APARECIDO JACOVOS,"Ressarc. Dep. Del. Jacovos, 02298-71.2025",5820.83
2025,2,339033,2025NE000448,2025OB000625,JOSE APARECIDO JACOVOS,"Ressarc. Dep. Del. Jacovos, 02436-31.2025",173.96
2025,2,339030,2025NE000447,2025OB000626,JOSE APARECIDO JACOVOS,"Ressarc. Dep. Del. Jacovos, 02436-31.2025",7557.4
2025,2,339039,2025NE000449,2025OB000627,JOSE APARECIDO JACOVOS,"Ressarc. Dep. Del. Jacovos, 02436-31.2025",25596.39
2025,2,339030,2025NE000287,2025OB000304,JOSE GILBERTO DO CARMO ALVES RIBEIRO,Ressarcimento Deputado Gilberto Ribeiro 01509-34.2025,510.06
2025,2,339030,2025NE000319,2025OB000349,JOSE GILBERTO DO CARMO ALVES RIBEIRO,Ressarcimento Deputado Gilberto Ribeiro 01556-26.2025,778.16
2025,2,339039,2025NE000322,2025OB000350,JOSE GILBERTO DO CARMO ALVES RIBEIRO,Ressarcimento Deputado Gilberto Ribeiro 01556-26.2025,11320.0
2025,2,339030,2025NE000548,2025OB000792,JOSE GILBERTO DO CARMO ALVES RIBEIRO,Ressarcimento.Deput.Gilberto Ribeiro.Prot.02601-38.2025,1491.92
2025,2,339039,2025NE000559,2025OB000793,JOSE GILBERTO DO CARMO ALVES RIBEIRO,Ressarcimento.Deput.Gilberto Ribeiro.Prot.02586-55.2025,2683.75
2025,2,339030,2025NE000544,2025OB000797,JOSE GILBERTO DO CARMO ALVES RIBEIRO,Ressarcimento.Deput.Gilberto Ribeiro.Prot.02601-38.2025,803.38
2025,2,339039,2025NE000547,2025OB000798,JOSE GILBERTO DO CARMO ALVES RIBEIRO,Ressarcimento.Deput.Gilberto Ribeiro.Prot.02601-38.2025,7800.0
2025,2,339030,2025NE000205,2025OB000291,JOSE RODRIGUES LEMOS,Ressarcimento.Deput.Prof.Lemos.Prot.00986-90.2025,3085.23
2025,2,339039,2025NE000206,2025OB000292,JOSE RODRIGUES LEMOS,Ressarcimento.Deput.Prof.Lemos.Prot.00986-90.2025,15902.08
2025,2,339030,2025NE000343,2025OB000412,JOSE RODRIGUES LEMOS,Ressarcimento Deputado Professor Lemos 01749-53.2025,2787.3
2025,2,339039,2025NE000345,2025OB000413,JOSE RODRIGUES LEMOS,Ressarcimento Deputado Professor Lemos 01749-53.2025,25814.56
2025,2,339030,2025NE000320,2025OB000353,Jairo Tamura,"Ressarc. Dep. Jairo Tamura, 01612-66.2025",1921.7
2025,2,339033,2025NE000321,2025OB000354,Jairo Tamura,"Ressarc. Dep. Jairo Tamura, 01612-66.2025",1233.08
2025,2,339039,2025NE000323,2025OB000355,Jairo Tamura,"Ressarc. Dep. Jairo Tamura, 01612-66.2025",35027.3
2025,2,339030,2025NE000281,2025OB000305,LUCIANA GUZELLA RAFAGNIN,"Ressarc. Dep. Luciana Rafagnin, 01494-51.2025",2210.09
2025,2,339033,2025NE000282,2025OB000306,LUCIANA GUZELLA RAFAGNIN,"Ressarc. Dep. Luciana Rafagnin, 01494-51.2025",371.89
2025,2,339039,2025NE000283,2025OB000307,LUCIANA GUZELLA RAFAGNIN,"Ressarc. Dep. Luciana Rafagnin, 01494-51.2025",5416.86
2025,2,339030,2025NE000187,2025OB000321,LUCIANA GUZELLA RAFAGNIN,"Ressarc. Dep. Luciana Rafagnin, 00987-63.2025",1832.31
2025,2,339039,2025NE000188,2025OB000322,LUCIANA GUZELLA RAFAGNIN,"Ressarc. Dep. Luciana Rafagnin, 00987-63.2025",7363.03
2025,2,339030,2025NE000211,2025OB000323,LUCIANA GUZELLA RAFAGNIN,Ressarcimento.Deput.Luciana rafagnin.Prot.01228-55.2025,380.9
2025,2,339039,2025NE000212,2025OB000324,LUCIANA GUZELLA RAFAGNIN,Ressarcimento.Deput.Luciana Rafagnin.Prot.01228-55.2025,864.41
2025,2,339030,2025NE000420,2025OB000555,LUCIANA GUZELLA RAFAGNIN,Ressarcimento.Deput.Luciana Rafagnin.Prot.02061-68.2025,1690.79
2025,2,339039,2025NE000421,2025OB000556,LUCIANA GUZELLA RAFAGNIN,Ressarcimento.Deput.Luciana rafagnin.Prot.02061-68.2025,1753.0
2025,2,339039,2025NE000410,2025OB000561,LUIS RAIMUNDO CORTI,Ressarcimento.Deput.Luis Corti.Prot.02147-74.2025,10000.0
2025,2,339014,2025NE000434,2025OB000608,LUIS RAIMUNDO CORTI,"Ressarc. Dep. Luis Corti, 02352-68.2025",6519.69
2025,2,339030,2025NE000435,2025OB000609,LUIS RAIMUNDO CORTI,"Ressarc. Dep. Luis Corti, 02352-68.2025",7701.5
2025,2,339093,2026NE000616,2025OB000933,LUIS RAIMUNDO CORTI,"Ressarc. Dep. Luis Corti, 02671-85.2026",3153.34
2025,2,339039,2025NE000669,2025OB000935,LUIS RAIMUNDO CORTI,Ressarcimento Deputado Luis Corti 03335-08.2025,15000.0
2025,2,339039,2025NE000440,2025OB000607,LUIZ CLAUDIO ROMANELLI,Ressarcimento Deputado Romaneli 02272-94.2025,42400.0
2025,2,339030,2025NE000252,2025OB000335,LUIZ FERNANDO GUERRA FILHO,Ressarcimento.Deput.Luiz guerra.Prot.01350-59.2025,5177.63
2025,2,339039,2025NE000253,2025OB000336,LUIZ FERNANDO GUERRA FILHO,Ressarcimento.Deput.Luiz Guerra.Prot.01350-59.2025,3815.0
2025,2,339030,2025NE000370,2025OB000479,MABEL CORA CANTO,"Ressarc. Dep. Mabel Canto, 01970-03.2025",1866.61
2025,2,339033,2025NE000372,2025OB000480,MABEL CORA CANTO,"Ressarc. Dep. Mabel Canto, 01970-03.2025",137.44
2025,2,339030,2025NE000375,2025OB000544,MABEL CORA CANTO,Ressarcimento.Deput.Mabel Canto.Prot.01760-47.2025,1549.65
2025,2,339033,2025NE000376,2025OB000545,MABEL CORA CANTO,Ressarcimento.Deput.Mabel Canto.Prot.01760-47.2025,103.68
2025,2,339039,2025NE000377,2025OB000546,MABEL CORA CANTO,Ressarcimento.Deput.Mabel Canto.Prot.01760-47.2025,9646.83
2025,2,339030,2025NE000436,2025OB000610,MABEL CORA CANTO,"Ressarc. Dep. Mabel Canto, 02290-93.2025",1383.47
2025,2,339039,2025NE000437,2025OB000611,MABEL CORA CANTO,"Ressarc. Dep. Mabel Canto, 02290-93.2025",9494.43
2025,2,339014,2025NE000501,2025OB000720,MARCIA CECILIA HUÇULAK,Ressarcimento.Deput.Marcia Huçulak.Prot.02457-46.2025,4104.99
2025,2,339030,2025NE000502,2025OB000721,MARCIA CECILIA HUÇULAK,Ressarcimento.Deput.Marcia huçulak.prot.02457-46.2025,1107.99
2025,2,339039,2025NE000503,2025OB000722,MARCIA CECILIA HUÇULAK,Ressarcimento.Deput.Marcia Huçulak.Prot.02457-46.2025,13110.72
2025,2,339030,2025NE000485,2025OB000731,MARCIA CECILIA HUÇULAK,"Ressarc. Dep. Marcia Huçulak, 02463-78.2025",867.07
2025,2,339033,2025NE000486,2025OB000732,MARCIA CECILIA HUÇULAK,"Ressarc. Dep. Marcia Huçulak, 02463-78.2025",58.18
2025,2,339039,2025NE000488,2025OB000733,MARCIA CECILIA HUÇULAK,"Ressarc. Dep. Marcia Huçulak, 02463-78.2025",9212.91
2025,2,339030,2025NE000256,2025OB000264,MARCIO JOSE PACHECO RAMOS,Ressarcimento.Deput.Marcio Pacheco.Prot.01308-29.2025,1204.47
2025,2,339033,2025NE000257,2025OB000265,MARCIO JOSE PACHECO RAMOS,Ressarcimento.Deput.Marcio Pacheco.Prot.01308-29.2025,3749.28
2025,2,339039,2025NE000258,2025OB000266,MARCIO JOSE PACHECO RAMOS,Ressarcimento.deput.Marcio Pacheco.Prot.01308-29.2025,220.0
2025,2,339030,2025NE000309,2025OB000351,MARCIO JOSE PACHECO RAMOS,"Ressarc. Dep. Marcio Pacheco, 01659-58.2025",354.58
2025,2,339033,2025NE000310,2025OB000352,MARCIO JOSE PACHECO RAMOS,"Ressarc. Dep. Marcio Pacheco, 01659-58.2025",6326.26
2025,2,339030,2025NE000389,2025OB000509,MARCIO JOSE PACHECO RAMOS,Ressarcimento Deputado Márcio Pacheco 01980-24.2025,4185.21
2025,2,339039,2025NE000390,2025OB000510,MARCIO JOSE PACHECO RAMOS,Ressarcimento Deputado Márcio Pacheco 01980-24.2025,9540.87
2025,2,339039,2025NE000311,2025OB000588,MARCIO JOSE PACHECO RAMOS,"Ressarc. Dep. Marcio Pacheco, 01659-58.2025",12201.99
2025,2,339030,2025NE000496,2025OB000717,MARCIO JOSE PACHECO RAMOS,Ressarcimento Deputado Márcio Pacheco 02459-89.2025,1541.14
2025,2,339033,2025NE000497,2025OB000718,MARCIO JOSE PACHECO RAMOS,Ressarcimento Deputado Márcio Pacheco 02459-89.2025,323.6
2025,2,339039,2025NE000498,2025OB000719,MARCIO JOSE PACHECO RAMOS,Ressarcimento Deputado Márcio Pacheco 02459-89.2025,10944.98
2025,2,339039,2025NE000266,2025OB000408,MARIA VICTORIA BORGHETTI BARROS,Ressarcimento Deputada Maria Victoria 01493-78.2025,6400.0
2025,2,339039,2025NE000271,2025OB000409,MARIA VICTORIA BORGHETTI BARROS,Ressarcimento Deputada Maria Victoria 01493-78.2025,981.5
2025,2,339030,2025NE000393,2025OB000511,MARIA VICTORIA BORGHETTI BARROS,Ressarcimento.Deput.Maria Victoria.Prot.02049-04.2025,1677.36
2025,2,339039,2025NE000394,2025OB000512,MARIA VICTORIA BORGHETTI BARROS,Ressarcimento.Deput.Maria Victoria.Prot.02049-04.2025,1110.0
2025,2,339039,2025NE000633,2025OB000918,MARIA VICTORIA BORGHETTI BARROS,Ressarcimento deputada Maria Victoria 02880-71.2025,800.0
2025,2,339033,2025NE000632,2025OB000919,MARIA VICTORIA BORGHETTI BARROS,Ressarcimento Deputada Maria Victoria 02880-71.2025,2073.11
2025,2,339030,2025NE000631,2025OB000920,MARIA VICTORIA BORGHETTI BARROS,Ressarcimento Deputada Maria Victoria 02880-71.2025,2772.26
2025,2,339030,2025NE000165,2025OB000388,MARILEI DE SOUZA LIMA,RESSARCIMENTO REP. MARA LIMA PROT 01017-29.2025,664.8
2025,2,339039,2025NE000166,2025OB000389,MARILEI DE SOUZA LIMA,"RESSARCIMENTO DEP. CANTORA MARA LIMA, PROT 01017-29.2025",25649.06
2025,2,339030,2025NE000597,2025OB000899,MARILEI DE SOUZA LIMA,Ressarcimento.deput.Cantora mara lima.prot.02838-41.2025,3356.64
2025,2,339039,2025NE000598,2025OB000900,MARILEI DE SOUZA LIMA,Ressarcimento.Deput.Cantora Mara Lima.Prot.02838-41.2025,25491.12
2025,2,339030,2025NE000627,2025OB000931,MARILEI DE SOUZA LIMA,Ressarcimento.Deput.Cantora Mara Lima.Prot.02811-91.2025,938.03
2025,2,339030,2025NE000226,2025OB000272,MARLY PAULINO FAGUNDES,"Ressarc. Dep. Marly Paulino, 01229-28.2025",1385.17
2025,2,339039,2025NE000228,2025OB000273,MARLY PAULINO FAGUNDES,"Ressarc. Dep. Marly Paulino, 01229-28.2025",20242.93
2025,2,339033,2025NE000227,2025OB000274,MARLY PAULINO FAGUNDES,"Ressarc. Dep. Marly Paulino, 01229-28.2025",550.0
2025,2,339030,2025NE000168,2025OB000385,MARLY PAULINO FAGUNDES,Ressarcimento Deputada Marli Paulino 01041-60.2025,1394.48
2025,2,339039,2025NE000556,2025OB000794,MATHEUS VELOSO MARIA,Ressarcimento Deputado Matheus Vermelho 02607-70.2025,29343.87
2025,2,339030,2025NE000554,2025OB000795,MATHEUS VELOSO MARIA,Ressarcimento Deputado Matheus Vermelho 02607-70.2025,2583.3
2025,2,339033,2025NE000555,2025OB000796,MATHEUS VELOSO MARIA,Ressarcimento Deputado Matheus Vermelho 02607-70.2025,5794.53
2025,2,339030,2025NE000195,2025OB000501,MAURICIO THADEU DE MELLO E SILVA,Ressarcimento deputado Requião Filho 01095-57.2025,2596.04
2025,2,339033,2025NE000196,2025OB000502,MAURICIO THADEU DE MELLO E SILVA,Ressarcimento Deputado Requião Filho 01095-57.2025,119.31
2025,2,339039,2025NE000197,2025OB000503,MAURICIO THADEU DE MELLO E SILVA,Ressarcimento Deputado Requião Filho 01095-57.2025,2567.0
2025,2,339030,2025NE000352,2025OB000481,MAURICIO THADEU DE MELLO E SILVA,Ressarcimento.Deput.Requião Filho.Prot.01840-21.2025,905.91
2025,2,339039,2025NE000353,2025OB000482,MAURICIO THADEU DE MELLO E SILVA,Ressarcimento.Deput.Requião Filho.Prot.01840-21.2025,27657.16
2025,2,339030,2025NE000231,2025OB000256,MOACYR ELIAS FADEL JUNIOR,Ressarc. Dep. Moacyr Fadel. 01307-56.2025,2433.04
2025,2,339033,2025NE000232,2025OB000257,MOACYR ELIAS FADEL JUNIOR,Ressarc. Dep. Moacyr Fadel. 01307-56.2025,375.18
2025,2,339039,2025NE000233,2025OB000258,MOACYR ELIAS FADEL JUNIOR,Ressarc. Dep. Moacyr Fadel. 01307-56.2025,9747.32
2025,2,339030,2025NE000247,2025OB000267,MOACYR ELIAS FADEL JUNIOR,Ressarcimento Deputado Moacyr Fadel 01386-57.2025,281.52
2025,2,339039,2025NE000248,2025OB000268,MOACYR ELIAS FADEL JUNIOR,Ressarcimento Deputado Moacyr Fadel 01386-57.2025,8253.52
2025,2,339030,2025NE000254,2025OB000296,MOACYR ELIAS FADEL JUNIOR,Ressarcimento Deputado Moacyr Fadel 01352-05.2025,2202.77
2025,2,339033,2025NE000255,2025OB000297,MOACYR ELIAS FADEL JUNIOR,Ressarcimento Deputado Moacyr Fadel 01352-05.2025,152.69
2025,2,339039,2025NE000262,2025OB000298,MOACYR ELIAS FADEL JUNIOR,Ressarcimento Deputado Moacyr Fadel 01352-05.2025,19168.13
2025,2,339030,2025NE000363,2025OB000564,MOACYR ELIAS FADEL JUNIOR,Ressarcimento Deputado Moacyr Fadel 01858-20.2025,100.0
2025,2,339030,2025NE000363,2025OB000838,MOACYR ELIAS FADEL JUNIOR,Ressarcimento Deputado Moacyr Fadel 01858-20.2025,100.0
2025,2,339039,2025NE000364,2025OB000565,MOACYR ELIAS FADEL JUNIOR,Ressarcimento Deputado Mocyr Fadel 01858-20.2025,686.68
2025,2,339039,2025NE000364,2025OB000837,MOACYR ELIAS FADEL JUNIOR,Ressarcimento Deputado Mocyr Fadel 01858-20.2025,686.68
2025,2,339039,2025NE000676,2025OB000934,MOACYR ELIAS FADEL JUNIOR,Ressarcimento.Deput.Moacyr Fadel.Prot.02992-54.2025,8848.92
2025,2,339030,2025NE000381,2025OB000519,Marcelo Rangel Cruz de Oliveira,Ressarcimento.Deput.Marcelo Rangel.Prot.01708-93.2025,487.81
2025,2,339039,2025NE000386,2025OB000520,Marcelo Rangel Cruz de Oliveira,Ressarcimento.Deput.Marcelo Rangel.Prot.01708-93.2025,30600.0
2025,2,339039,2025NE000630,2025OB000929,NELSON ROBERTO PLACIDO SILVA JUSTUS,Ressarcimento Deputado Nelson Justus 02229-91.2025,27700.0
2025,2,339030,2025NE000629,2025OB000930,NELSON ROBERTO PLACIDO SILVA JUSTUS,Ressarcimento Deputado Nelson Justus 02229-91.2025,815.0
2025,2,339039,2025NE000628,2025OB000932,NELSON ROBERTO PLACIDO SILVA JUSTUS,Ressarcimento.Deput.Nelson Justus.prot.03033-14.2025,14000.0
2025,2,339030,2025NE000273,2025OB000311,NEY LEPREVOST NETO,Ressarcimento.Deput.Ney Leprevost.Prot.01472-63.2025,3670.11
2025,2,339039,2025NE000274,2025OB000312,NEY LEPREVOST NETO,Ressarcimento.Deput.Ney Leprevost.Prot.01472-63.2025,1441.6
2025,2,339039,2025NE000635,2025OB000921,NEY LEPREVOST NETO,Ressarcimento Deputado Ney Leprevost 02907-21.2025,27890.0
2025,2,339030,2025NE000634,2025OB000922,NEY LEPREVOST NETO,Ressarcimento Deputado Neu Leprevost 02907-21.2025,3445.44
2025,2,339030,2025NE000218,2025OB000499,OZIEL LUIZ DE SOUZA,"Ressarc. Dep. Batatinha, 01280-09.2025",1357.81
2025,2,339039,2025NE000219,2025OB000500,OZIEL LUIZ DE SOUZA,"Ressarc. Dep. Batatinha, 01280-09.2025",6865.0
2025,2,339039,2025NE000368,2025OB000486,OZIEL LUIZ DE SOUZA,Ressarcimento Deputado Batatinha 01796-45.2025,6600.0
2025,2,339030,2025NE000367,2025OB000487,OZIEL LUIZ DE SOUZA,Ressarcimento Deputado Batatinha 01796-45.2025,924.75
2025,2,339030,2025NE000380,2025OB000513,OZIEL LUIZ DE SOUZA,"Ressarc. Dep. Batatinha, 01975-62.2025",837.4
2025,2,339033,2025NE000382,2025OB000514,OZIEL LUIZ DE SOUZA,"Ressarc. Dep. Batatinha, 01975-62.2025",618.14
2025,2,339039,2025NE000384,2025OB000515,OZIEL LUIZ DE SOUZA,"Ressarc. Dep. Batatinha, 01975-62.2025",8341.67
2025,2,339039,2025NE000500,2025OB000729,OZIEL LUIZ DE SOUZA,Ressarcimento Deputado Batatinha 02464-51.2025,15340.0
2025,2,339030,2025NE000499,2025OB000730,OZIEL LUIZ DE SOUZA,Ressarcimento Deputado Batatinha 02464-51.2025,90.0
2025,2,339014,2025NE000549,2025OB000799,OZIEL LUIZ DE SOUZA,Ressarcimento.Deput.Batatinha.Prot.02591-17.2025,1254.31
2025,2,339030,2025NE000550,2025OB000800,OZIEL LUIZ DE SOUZA,Ressarcimento.Deput.Batatinha.Prot.02591-17.2025,2295.54
2025,2,339039,2025NE000551,2025OB000801,OZIEL LUIZ DE SOUZA,Ressarcimento.Deput.Batatinha.prot.02591-17.2025,8377.98
2025,2,339030,2025NE000234,2025OB000261,PAULO ROBERTO MOREIRA GOMES JUNIOR,Ressarcimento Deputado Paulo Gomes,2776.75
2025,2,339030,2025NE000234,2025OB000532,PAULO ROBERTO MOREIRA GOMES JUNIOR,Ressarcimento Deputado Paulo Gomes,2776.75
2025,2,339039,2025NE000236,2025OB000259,PAULO ROBERTO MOREIRA GOMES JUNIOR,Ressarcimento deputado Paulo Gomes 01284-95.2025,15000.0
2025,2,339033,2025NE000235,2025OB000260,PAULO ROBERTO MOREIRA GOMES JUNIOR,Ressarcimento Deputado Paulo Gomes 01284-95.2025,167.75
2025,2,339030,2025NE000354,2025OB000483,PAULO ROBERTO MOREIRA GOMES JUNIOR,Ressarcimento.Deput.Paulo Gomes.Prot.01747-10.2025,4942.85
2025,2,339039,2025NE000356,2025OB000485,PAULO ROBERTO MOREIRA GOMES JUNIOR,Ressarcimento.Deput.Paulo Gomes.Prot.01840-21.2025,30000.0
2025,2,339039,2025NE000412,2025OB000557,PAULO ROBERTO MOREIRA GOMES JUNIOR,Ressarcimento Deputado Paulo Gomes 01967-84.2025,18150.0
2025,2,339030,2025NE000411,2025OB000558,PAULO ROBERTO MOREIRA GOMES JUNIOR,Ressarcimento Deputado Paulo Gomes 01967-84.2025,1229.19
2025,2,339030,2025NE000552,2025OB000777,PAULO ROBERTO MOREIRA GOMES JUNIOR,Ressarcimento Deputado Paulo Gomes,1264.33
2025,2,339039,2025NE000553,2025OB000778,PAULO ROBERTO MOREIRA GOMES JUNIOR,Ressarcimento Deputado Paulo Gomes 02762-56.2025,15277.66
2025,2,339039,2025NE000246,2025OB000271,PAULO ROGERIO DO CARMO,Ressarcimento Deputado Do Carmo 01384-14.2025,11500.0
2025,2,339030,2025NE000346,2025OB000410,PAULO ROGERIO DO CARMO,Ressarcimento Deputado Do Carmo 01227-82.2025,1337.98
2025,2,339039,2025NE000347,2025OB000411,PAULO ROGERIO DO CARMO,Ressarcimento Deputado Do Carmo 01227-82.2025,3976.88
2025,2,339030,2025NE000378,2025OB000547,PAULO ROGERIO DO CARMO,Ressarcimento.Deput.Do Carmo.Prot.01864-52.2025,516.09
2025,2,339039,2025NE000379,2025OB000548,PAULO ROGERIO DO CARMO,Ressarcimento.Deput.Do Carmo.Prot.01864-52.2025,11736.35
2025,2,339093,2026NE000481,2025OB000484,PEDRO PAULO BAZANA,Ressarcimento deputado Bazana 02041-23.2026,107.7
2025,2,339030,2025NE000404,2025OB000533,PEDRO PAULO BAZANA,"Ressarc. Dep. Bazana, 01920-92.2025",4049.05
2025,2,339033,2025NE000405,2025OB000534,PEDRO PAULO BAZANA,"Ressarc. Dep. Bazana, 01920-92.2025",29.75
2025,2,339039,2025NE000406,2025OB000535,PEDRO PAULO BAZANA,"Ressarc. Dep. Bazana, 01920-92.2025",20890.0
2025,2,339030,2025NE000531,2025OB000760,PEDRO PAULO BAZANA,"Ressarc. Dep. Bazana, 02048-31.2025",1984.51
2025,2,339039,2025NE000533,2025OB000761,PEDRO PAULO BAZANA,"Ressarc. Dep. Bazana, 02048-31.2025",2171.78
2025,2,339033,2025NE000532,2025OB000762,PEDRO PAULO BAZANA,"Ressarc. Dep. Bazana, 02048-31.2025",48.7
2025,2,339030,2025NE000617,2025OB000907,PEDRO PAULO BAZANA,"Ressarc. Dep. Bazana, 02696-92.2025",1058.84
2025,2,339033,2025NE000618,2025OB000908,PEDRO PAULO BAZANA,"Ressarc. Dep. Bazana, 02696-92.2025",8.7
2025,2,339039,2025NE000619,2025OB000909,PEDRO PAULO BAZANA,"Ressarc. Dep. Bazana, 02696-92.2025",15316.48
2025,2,339039,2025NE000294,2025OB000327,RENATO DE ALMEIDA FREITAS JUNIOR,Ressarcimento.Deput.Renato Freitas.prot.00935-12.2025,14000.0
2025,2,339030,2025NE000291,2025OB000341,RENATO DE ALMEIDA FREITAS JUNIOR,Ressarcimento.Deput.Renato Freitas.prot.01475-79.2025,1384.73
2025,2,339033,2025NE000292,2025OB000342,RENATO DE ALMEIDA FREITAS JUNIOR,Ressarcimento.Deput.Renato Freitas.prot.01475-79.2025,718.63
2025,2,339039,2025NE000293,2025OB000343,RENATO DE ALMEIDA FREITAS JUNIOR,Ressarcimento.Deput.Renato Freitas.Prot.01475-79.2025,7910.0
2025,2,339030,2025NE000237,2025OB000526,RENATO DE ALMEIDA FREITAS JUNIOR,Ressarcimento Deputado Renato Freitas 01306-83.2025,2181.01
2025,2,339039,2025NE000238,2025OB000527,RENATO DE ALMEIDA FREITAS JUNIOR,Ressarcimento Deputado Renato Freitas 01306-83.2025,49.9
2025,2,339030,2025NE000483,2025OB000725,RENATO DE ALMEIDA FREITAS JUNIOR,Ressarcimento.Deput.Renato Freitas.prot.02002-12.2025,636.77
2025,2,339030,2025NE000481,2025OB000726,RENATO DE ALMEIDA FREITAS JUNIOR,"Ressarc. Dep. Renato Freitas, 02305-76.2025",933.4
2025,2,339033,2025NE000482,2025OB000727,RENATO DE ALMEIDA FREITAS JUNIOR,"Ressarc. Dep. Renato Freitas, 02305-76.2025",57.34
2025,2,339039,2025NE000484,2025OB000728,RENATO DE ALMEIDA FREITAS JUNIOR,"Ressarc. Dep. Renato Freitas, 02305-76.2025",2622.64
2025,2,339039,2025NE000543,2025OB000775,RENATO DE ALMEIDA FREITAS JUNIOR,"Ressarc. Dep. Renato Freitas, 02620-10.2025",16149.0
2025,2,339030,2025NE000542,2025OB000776,RENATO DE ALMEIDA FREITAS JUNIOR,"Ressarc. Dep. Renato Freitas, 02620-10.2025",337.26
2025,2,339030,2025NE000621,2025OB000902,RENATO DE ALMEIDA FREITAS JUNIOR,"Ressarc. Dep. Renato Freitas, 03071-55.2025",1323.28
2025,2,339039,2025NE000622,2025OB000903,RENATO DE ALMEIDA FREITAS JUNIOR,"Ressarc. Dep. Renato Freitas, 03071-55.2025",9405.2
2025,2,339030,2025NE000260,2025OB000249,RICARDO ARRUDA NUNES,"Ressarc. Dep. Ricardo Arruda, 01518-82.2025",289.81
2025,2,339039,2025NE000261,2025OB000250,RICARDO ARRUDA NUNES,"Ressarc. Dep. Ricardo Arruda, 01518-82.2025",23000.0
2025,2,339030,2025NE000671,2025OB000939,SAMUEL PEREIRA DA SILVA,Ressarcimento Deputado Samuel Dantas 03361-82.2025,3137.2
2025,2,339039,2025NE000672,2025OB000940,SAMUEL PEREIRA DA SILVA,Ressarcimento Deputado Samuel Dantas 03361-82.2025,31145.43
2025,2,339033,2025NE000317,2025OB000346,TERCILIO LUIZ TURINI,Ressarcimento.Deput.Tercilio Turini.Prot.01393-62.2025,1026.99
2025,2,339039,2025NE000318,2025OB000347,TERCILIO LUIZ TURINI,Ressarcimento.Deput.Tercilio Turini.Prot.01393-62.2025,25387.47
2025,2,339030,2025NE000326,2025OB000348,TERCILIO LUIZ TURINI,Ressarcimento.Deput.Tercilio Turini.prot.01393-62.2025,5318.89
2025,2,339030,2025NE000476,2025OB000712,TERCILIO LUIZ TURINI,Ressarcimento.Deput.Tercilio.Prot.02392-55.2025,6723.06
2025,2,339033,2025NE000477,2025OB000713,TERCILIO LUIZ TURINI,Ressarcimento.Deput.Tercilio.Prot.02392-55.2025,1142.38
2025,2,339039,2025NE000480,2025OB000714,TERCILIO LUIZ TURINI,Ressarcimento.Deput.Tercilio.Prot.02392-55.2025,15413.17
2025,2,339030,2025NE000340,2025OB000404,THIAGO BUHRER,Ressarcimento Deputado Thiago Buhrer 01681-46.2025,1678.08
2025,2,339039,2025NE000341,2025OB000405,THIAGO BUHRER,Ressarcimento Deputado Thiago Buhrer 01681-46.2025,58838.27
2025,2,339030,2025NE000422,2025OB000562,THIAGO BUHRER,Ressarcimento.Deput.Thiago Buhrer.Prot.02061-68.2025,2173.22
2025,2,339039,2025NE000424,2025OB000563,THIAGO BUHRER,Ressarcimento.Deput.Thiago Buhrer.Prot.02172-78.2025,18860.91
2025,2,339030,2025NE000201,2025OB000344,TITO LÍVIO BARICHELLO,"RESSARCIMENTO DEP. DEL. TITO BARICHELLO, PROT. 01094-84.2025",911.24
2025,2,339039,2025NE000202,2025OB000345,TITO LÍVIO BARICHELLO,"RESSARCIMENTO DEP. DEL. TITO BARICHELLO, PROT. 01094-84.2025",6055.92
2025,2,339030,2025NE000203,2025OB000497,TITO LÍVIO BARICHELLO,"RESSARCIMENTO DEP. DEL. TITO BARICHELLO, PROT. 01145-65.2025",521.76
2025,2,339039,2025NE000204,2025OB000498,TITO LÍVIO BARICHELLO,"RESSARCIMENTO DEP. DEL. TITO BARICHELLO, PROT. 01145-65.2025",13202.11
2025,2,339039,2025NE000243,2025OB000530,TITO LÍVIO BARICHELLO,Ressarcimento.Deput.Tito Barichelo.Prot.01273-04.2025,10500.0
2025,2,339030,2025NE000469,2025OB000656,TITO LÍVIO BARICHELLO,Ressarcimento Deputado Tito Barrichelo 02288-50.2025,337.53
2025,2,339039,2025NE000471,2025OB000657,TITO LÍVIO BARICHELLO,Ressarcimento Deputado Tito Barrichello 02288-50.2025,10512.28
2025,2,339030,2025NE000526,2025OB000758,WILMAR REICHEMBACH,"Ressarc. Dep. Wilmar Reichembach, 02583-39.2025",1125.02
2025,2,339039,2025NE000527,2025OB000759,WILMAR REICHEMBACH,"Ressarc. Dep. Wilmar Reichembach, 02583-39.2025",17903.4
2025,3,339030,2025NE000900,2025OB001368,ADEMAR LUIZ TRAIANO,"Ressarc. Dep. Ademar Traiano, 04041-55.2025",5906.98
2025,3,339039,2025NE000901,2025OB001369,ADEMAR LUIZ TRAIANO,"Ressarc. Dep. Ademar Traiano, 04041-55.2025",28252.49
2025,3,339030,2025NE000875,2025OB001267,ADRIANO JOSE DA SILVA,Ressarcimento.Deput.Soldado Adriano.Prt.03762-22.2025,4765.53
2025,3,339033,2025NE000877,2025OB001268,ADRIANO JOSE DA SILVA,Ressarcimento.Deput.Soldado Adriano.Prot.03762-22.2025,1742.31
2025,3,339039,2025NE000879,2025OB001269,ADRIANO JOSE DA SILVA,Ressarcimento.Deput.Soldado Adriano.Prot.03762-22.2025,10240.78
2025,3,339030,2025NE001079,2025OB001652,ADRIANO JOSE DA SILVA,Ressarcimento.Deput.Soldado Adriano.Prot.04788-62.2025,5259.03
2025,3,339039,2025NE001080,2025OB001653,ADRIANO JOSE DA SILVA,Ressarcimento.Deput.Soldado Adriano.Prot.05656-03.2025,8145.82
2025,3,339039,2025NE001159,2025OB001765,ADRIANO JOSE DA SILVA,Ressarcimento.Deput.Soldado Adriano.Prot.06896-85.2025,10500.0
2025,3,339030,2025NE000821,2025OB001155,ADÃO FERNANDES,Ressarcimento.Deput.Adao Litro.Prot.03722-35.2025,1188.11
2025,3,339030,2025NE000962,2025OB001398,ADÃO FERNANDES,"Ressarc. Dep. Adão Litro, 04100-14.2025",1082.76
2025,3,339039,2025NE000963,2025OB001399,ADÃO FERNANDES,"Ressarc. Dep. Adão Litro, 04100-14.2025",1544.6
2025,3,339030,2025NE000977,2025OB001439,ADÃO FERNANDES,Ressarcimento Deputado Adão Litro 04183-04.2025,2035.37
2025,3,339033,2025NE000978,2025OB001440,ADÃO FERNANDES,Ressarcimento Deputado Adão Litro 04183-04.2025,1659.1
2025,3,339039,2025NE000979,2025OB001441,ADÃO FERNANDES,Ressarcimento Deputado Adão Litro 04183-04.2025,27230.0
2025,3,339030,2025NE000907,2025OB001364,ALEXANDRE AMARO,"Ressarc. Dep. Alexandre Amaro, 03842-93.2025",5648.42
2025,3,339039,2025NE000908,2025OB001365,ALEXANDRE AMARO,"Ressarc. Dep. Alexandre Amaro, 03842-93.2025",11757.21
2025,3,339014,2025NE001065,2025OB001631,ALEXANDRE AMARO,Ressarcimento Deputado Alexandre Amaro 05207-98.2025,1505.18
2025,3,339030,2025NE001066,2025OB001632,ALEXANDRE AMARO,Ressarcimento Deputado Alexandre Amaro 05207-98.2025,3316.25
2025,3,339039,2025NE001068,2025OB001633,ALEXANDRE AMARO,Ressarcimento Deputado Alexandre Amaro 05207-98.2025,7554.64
2025,3,339039,2025NE000986,2025OB001455,ANA JÚLIA RIBEIRIO,Ressarcimento Deputada Ana Júlia 03804-52.2025,28105.2
2025,3,339030,2025NE000985,2025OB001456,ANA JÚLIA RIBEIRIO,Ressarcimento Deputada Ana Júlia 03804-52.2025,1633.56
2025,3,339039,2025NE001110,2025OB001646,ANA JÚLIA RIBEIRIO,Ressarcimento Deputada Ana Júlia 06613-63.2025,31193.31
2025,3,339030,2025NE001109,2025OB001647,ANA JÚLIA RIBEIRIO,Ressarcimento Deputada Ana Júlia 06613-63.2025,2438.45
2025,3,339039,2025NE000988,2025OB001469,ANTENOR GOMES DE LIMA,Ressarcimento Deputado Dr. Antenor 04375-58.2025,15868.0
2025,3,339030,2025NE000995,2025OB001474,ANTENOR GOMES DE LIMA,Ressarcimento.Deput.Dr Antenor.Prot.04496-89.2025,2516.55
2025,3,339039,2025NE000996,2025OB001475,ANTENOR GOMES DE LIMA,Ressarc.Deput.Dr Antenor.Prot.04496-89.2025,20093.89
2025,3,339039,2025NE001116,2025OB001689,ANTONIO ANNIBELLI NETO,Ressarcimento Deputado Anibeli 05681-07.2025,18286.6
2025,3,339033,2025NE001113,2025OB001690,ANTONIO ANNIBELLI NETO,Ressarcimento Deputado Anibeli 05681-07.2025,2461.05
2025,3,339030,2025NE001111,2025OB001691,ANTONIO ANNIBELLI NETO,Ressarcimento Deputado Anibeli 05681-07.2025,11401.43
2025,3,339039,2025NE001158,2025OB001761,ANTONIO ANNIBELLI NETO,Ressarcimento.Deput.Anibelli Neto.Prot.06952-28.2025,12500.0
2025,3,339033,2025NE000774,2025OB001149,ARILSON MAROLDI CHIORATO,Ressarcimento deputado Arilson Chiorato 03598-85.2025,1269.59
2025,3,339030,2025NE000773,2025OB001150,ARILSON MAROLDI CHIORATO,Ressarcimento Deputado Arilson Chiorato 03598-85.2025,3386.54
2025,3,339039,2025NE000775,2025OB001151,ARILSON MAROLDI CHIORATO,Ressarcimento deputado Arilson Chiorato 03598-85.2025,20298.83
2025,3,339039,2025NE000976,2025OB001445,ARILSON MAROLDI CHIORATO,Ressarcimento Deputado Arilson Chiorato 04208-08.2025,8005.03
2025,3,339033,2025NE000975,2025OB001446,ARILSON MAROLDI CHIORATO,Ressarcimento Deputado Arilson Chiorato 04208-08.2025,696.29
2025,3,339030,2025NE000974,2025OB001447,ARILSON MAROLDI CHIORATO,Ressarcimento Deputado Arilson Chiorato 04208-08.2025,894.52
2025,3,339030,2025NE000720,2025OB000982,ARTAGAO DE MATTOS LEÃO JUNIOR,Ressarcimento.Deput.Artagão Junior.Prot.03404-85.2025,3364.54
2025,3,339039,2025NE000721,2025OB000983,ARTAGAO DE MATTOS LEÃO JUNIOR,Ressarcimento.Deput.Artagao Junior.Prot.03404-85.2025,1560.0
2025,3,339014,2025NE000902,2025OB001341,ARTAGAO DE MATTOS LEÃO JUNIOR,Ressarcimento Deputado Artagão 04283-20.2025,2257.76
2025,3,339030,2025NE000903,2025OB001342,ARTAGAO DE MATTOS LEÃO JUNIOR,Ressarcimento Deputado Artagão 04283-20.2025,1546.1
2025,3,339039,2025NE000904,2025OB001343,ARTAGAO DE MATTOS LEÃO JUNIOR,Ressarcimento Deputado Artagão 04283-20.2025,180.0
2025,3,339014,2025NE000895,2025OB001366,ARTAGAO DE MATTOS LEÃO JUNIOR,Ressarcimento.Deput.Artagão Junior.Prot.04147-06.2025,2257.76
2025,3,339014,2025NE000993,2025OB001519,ARTAGAO DE MATTOS LEÃO JUNIOR,Ressarcimento Deputado Artagão 05559-03.2025,2257.76
2025,3,339030,2025NE000997,2025OB001520,ARTAGAO DE MATTOS LEÃO JUNIOR,Ressarcimento Deputado Artagão 05559-03.2025,2505.77
2025,3,339039,2025NE000998,2025OB001521,ARTAGAO DE MATTOS LEÃO JUNIOR,Ressarcimento Deputado Artagão 05559-03.2025,2454.0
2025,3,339014,2025NE001175,2025OB001784,ARTAGAO DE MATTOS LEÃO JUNIOR,Ressarcimento.Deput.Artagão Junior.Prot.07125-13.2025,1505.17
2025,3,339030,2025NE001176,2025OB001785,ARTAGAO DE MATTOS LEÃO JUNIOR,Ressarcimento.Deput.Artagao Junior.Prot.07125-13.2025,1961.74
2025,3,339039,2025NE000832,2025OB001189,Aldino Jorge Bueno,Ressarcimento Deputado Gugu Bueno 03798-20.2025,9461.04
2025,3,339030,2025NE001052,2025OB001586,Aldino Jorge Bueno,Ressarcimento Deputado Gugu Bueno 05526-21.2025,6645.68
2025,3,339039,2025NE001053,2025OB001587,Aldino Jorge Bueno,Ressarcimento Deputado Gugu Bueno 05526-21.2025,5568.99
2025,3,339030,2025NE001102,2025OB001694,Aldino Jorge Bueno,Ressarcimento.Deput.Gugu bueno.Prot.06821-73.2025,729.48
2025,3,339039,2025NE001104,2025OB001695,Aldino Jorge Bueno,Ressarc.Deput.Gugu Bueno.Prot.06821-73.2025,7890.63
2025,3,339030,2025NE000776,2025OB001284,Alexandre Maranhão Curi,"Ressarc. Dep. Alexandre Curi, 03712-14.2025",4727.6
2025,3,339039,2025NE000777,2025OB001285,Alexandre Maranhão Curi,"Ressarc. Dep. Alexandre Curi, 03712-14.2025",27772.73
2025,3,339030,2025NE001155,2025OB001762,Alexandre Maranhão Curi,Ressarcimento.Deput.Alexandre Curi.Prot.06982-91.2025,5733.37
2025,3,339033,2025NE001156,2025OB001763,Alexandre Maranhão Curi,Ressarcimento.Deput.Alexandre Curi.Prot.06982-91.2025,3298.89
2025,3,339039,2025NE001157,2025OB001764,Alexandre Maranhão Curi,Ressarcimento.Deput.Alexandre Curi.Prot.06982-91.2025,28171.43
2025,3,339030,2025NE000874,2025OB001355,CLOARA PINHEIRO LIMA,Ressarcimento Deputada Cloara 03724-78.2025,3279.15
2025,3,339033,2025NE000876,2025OB001356,CLOARA PINHEIRO LIMA,Ressarcimento Deputada Cloara 03724-78.2025,46.1
2025,3,339039,2025NE000878,2025OB001357,CLOARA PINHEIRO LIMA,Ressarcimento Deputada Cloara 03724-78.2025,7043.03
2025,3,339039,2025NE001069,2025OB001635,CLOARA PINHEIRO LIMA,Ressarcimento.Deput.Cloara Pinheiro.Prot.06251-40.2025,1397.76
2025,3,339039,2025NE000987,2025OB001452,DENIAN COUTO COELHO,Ressarcimento.Deput.Denian Couto.Prot.05005-23.2025,17780.0
2025,3,339030,2025NE000717,2025OB001016,DEVANIL REGINALDO DA SILVA,Ressarcimento.Deput.Cobra Reporter.Prot.03222-52.2025,3697.43
2025,3,339039,2025NE000719,2025OB001017,DEVANIL REGINALDO DA SILVA,Ressarcimento.Deput.Cobra Reporter.Prot.03222-52.2025,17974.49
2025,3,339033,2025NE000718,2025OB001018,DEVANIL REGINALDO DA SILVA,Ressarcimento.Deput.Cobra Reporter.Prot.03222-52.2025,1033.39
2025,3,339030,2025NE000819,2025OB001205,DEVANIL REGINALDO DA SILVA,Ressarcimento.deput.cobra reporter.prot.03714-57.2025,1362.1
2025,3,339039,2025NE000820,2025OB001206,DEVANIL REGINALDO DA SILVA,Ressarcimento.Deput.Cobra Reporter.Prot.03714-57.2025,3500.0
2025,3,339030,2025NE000999,2025OB001450,DEVANIL REGINALDO DA SILVA,Ressarc.Deput.Cobra Reporter.Prot.04666-58.2025,946.15
2025,3,339039,2025NE001004,2025OB001451,DEVANIL REGINALDO DA SILVA,Ressarcimento.Deput.Cobra Reporter.Prot.04666-58.2025,684.83
2025,3,339030,2025NE001177,2025OB001786,DEVANIL REGINALDO DA SILVA,Ressarc.Deput.Cobra Reporter.Prot.06895-15.2025,1072.3
2025,3,339039,2025NE001178,2025OB001787,DEVANIL REGINALDO DA SILVA,Ressarcimento.Deput.Cobra Reporter.Prot.06895-15.2025,16437.28
2025,3,339039,2025NE000816,2025OB001161,EVANDRO JOSE DA CRUZ ARAUJO,Ressarcimento Deputado Evandro Araújo 03728-67.2025,7841.34
2025,3,339033,2025NE000815,2025OB001162,EVANDRO JOSE DA CRUZ ARAUJO,Ressarcimento Deputado Evandro Araújo 03728-67.2025,1020.36
2025,3,339030,2025NE000814,2025OB001163,EVANDRO JOSE DA CRUZ ARAUJO,Ressarcimento Deputado Evandro Araújo 03728-67.2025,1478.11
2025,3,339030,2025NE001008,2025OB001476,EVANDRO JOSE DA CRUZ ARAUJO,"Ressarc. Dep. Evandro Araújo, 05477-83.2025",1404.74
2025,3,339033,2025NE001009,2025OB001477,EVANDRO JOSE DA CRUZ ARAUJO,"Ressarc. Dep. Evandro Araújo, 05477-83.2025",2503.56
2025,3,339039,2025NE001010,2025OB001478,EVANDRO JOSE DA CRUZ ARAUJO,"Ressarc. Dep. Evandro Araújo, 05477-83.2025",6329.39
2025,3,339030,2025NE001160,2025OB001759,EVANDRO JOSE DA CRUZ ARAUJO,Ressarcimento Deputado Evandro Araújo 07099-36.2025,1032.07
2025,3,339039,2025NE001161,2025OB001760,EVANDRO JOSE DA CRUZ ARAUJO,Ressarcimento Deputado Evandro Araújo 07099-36.2025,1484.64
2025,3,339030,2025NE000709,2025OB000974,FABIO OLIVEIRA,"Ressarc. Dep. Fabio Oliveira, 03370-33.2025",4734.32
2025,3,339033,2025NE000710,2025OB000975,FABIO OLIVEIRA,"Ressarc. Dep. Fabio Oliveira, 03370-33.2025",86.0
2025,3,339039,2025NE000711,2025OB000976,FABIO OLIVEIRA,"Ressarc. Dep. Fabio Oliveira, 03370-33.2025",3706.47
2025,3,339039,2025NE001084,2025OB001640,FABIO OLIVEIRA,Ressarcimento Deputado Fábio Oliveira 06562-82.2025,25897.22
2025,3,339033,2025NE001082,2025OB001641,FABIO OLIVEIRA,Ressarcimento Deputadp Fábio Oliveira 06562-82.2025,328.14
2025,3,339030,2025NE001081,2025OB001642,FABIO OLIVEIRA,Ressarcimento Deputado Fábio Oliveira 06562-82.2025,2381.69
2025,3,339030,2025NE000726,2025OB000977,FLAVIA CAROLINA RESENDE JABER FRANCISCHINI,"Ressarc. Dep. Flavia Francischini, 03570-65.2025",1924.79
2025,3,339039,2025NE000728,2025OB000978,FLAVIA CAROLINA RESENDE JABER FRANCISCHINI,"Ressarc. Dep. Flavia Francischini, 03570-65.2025",1449.0
2025,3,339039,2025NE000831,2025OB001190,FLAVIA CAROLINA RESENDE JABER FRANCISCHINI,"Ressarc. Dep. Flavia Francischini, 03839-77.2025",15000.0
2025,3,339039,2025NE000833,2025OB001191,FLAVIA CAROLINA RESENDE JABER FRANCISCHINI,Ressarcimento Deputada Flávia Francischini 03838-07.2025,14800.0
2025,3,339030,2025NE000750,2025OB001019,GILSON DE SOUZA,"Ressarc. Dep. Gilson de Souza, 03624-62.2025",5448.24
2025,3,339039,2025NE000751,2025OB001020,GILSON DE SOUZA,"Ressarc. Dep. Gilson de Souza, 03624-62.2025",20093.25
2025,3,339030,2025NE000887,2025OB001277,GILSON DE SOUZA,Ressarcimento Deputado Gilson de Souza 03916-35.2025,502.83
2025,3,339039,2025NE000888,2025OB001278,GILSON DE SOUZA,Ressarcimento Deputado Gilson de Souza 03916-35.2025,14806.66
2025,3,339039,2025NE000749,2025OB001074,HUSSEIN BAKRI,"Ressarc. Dep. Hussein Bakri, 03529-08.2025",21085.66
2025,3,339030,2025NE000747,2025OB001075,HUSSEIN BAKRI,"Ressarc. Dep. Hussein Bakri, 03529-08.2025",6438.24
2025,3,339030,2025NE000922,2025OB001352,HUSSEIN BAKRI,Ressarcimento Deputado Hussein Bakri 04681-41.2025,1601.3
2025,3,339033,2025NE000924,2025OB001353,HUSSEIN BAKRI,Ressarcimento Deputado Hussein Bakri 04681-41.2025,219.81
2025,3,339039,2025NE000926,2025OB001354,HUSSEIN BAKRI,Ressarcimento Deputado Hussein Bakri 04681-41.2025,6213.87
2025,3,339039,2025NE001105,2025OB001692,HUSSEIN BAKRI,Ressarcimento Deputado Hussein Bakri 06834-13.2025,14612.85
2025,3,339030,2025NE001103,2025OB001693,HUSSEIN BAKRI,Ressarcimento Deputado Hussein Bakri 06834-13.2025,4843.79
2025,3,339030,2025NE000761,2025OB001146,ISABEL CRISTINA RAUEN SILVESTRI,Ressarcimento Deputada Cristina Silvestri 03688-80.2025,4205.69
2025,3,339033,2025NE000764,2025OB001147,ISABEL CRISTINA RAUEN SILVESTRI,Ressarcimento Deputada Cristina Silvestri 03688-80.2025,1250.0
2025,3,339039,2025NE000765,2025OB001148,ISABEL CRISTINA RAUEN SILVESTRI,Ressarcimento Deputada Cristina Silvestri 03688-80.2025,37222.51
2025,3,339030,2025NE000758,2025OB001051,JORGE GOMES DE OLIVEIRA BRAND,Ressarcimento.Deput.Goura.prot.03371-06.2025,346.26
2025,3,339039,2025NE000756,2025OB001052,JORGE GOMES DE OLIVEIRA BRAND,Ressarcimento.Deput.Goura.Prot.03371-06.2025,8067.88
2025,3,339039,2025NE001057,2025OB001588,JORGE GOMES DE OLIVEIRA BRAND,Ressarcimento Deputado Goura 05638-04.2025,10273.26
2025,3,339033,2025NE001056,2025OB001589,JORGE GOMES DE OLIVEIRA BRAND,Ressarcimento Deputado Goura 05638-04.2025,2739.47
2025,3,339030,2025NE001055,2025OB001590,JORGE GOMES DE OLIVEIRA BRAND,Ressarcimento Deputado Goura 05638-04.2025,3560.53
2025,3,339014,2025NE001054,2025OB001591,JORGE GOMES DE OLIVEIRA BRAND,Ressarcimento Deputado Goura 05638-04.2025,864.09
2025,3,339030,2025NE000745,2025OB001024,JOSE GILBERTO DO CARMO ALVES RIBEIRO,"Ressarc. Dep. Gilberto Ribeiro, 03647-23.2025",1247.51
2025,3,339039,2025NE000746,2025OB001025,JOSE GILBERTO DO CARMO ALVES RIBEIRO,"Ressarc. Dep. Gilberto Ribeiro, 03647-23.2025",14190.48
2025,3,339030,2025NE001005,2025OB001457,JOSE GILBERTO DO CARMO ALVES RIBEIRO,"Ressarc. Dep. Gilberto Ribeiro, 04905-07.2025",2988.95
2025,3,339033,2025NE001006,2025OB001458,JOSE GILBERTO DO CARMO ALVES RIBEIRO,"Ressarc. Dep. Gilberto Ribeiro, 04905-07.2025",84.53
2025,3,339039,2025NE001007,2025OB001459,JOSE GILBERTO DO CARMO ALVES RIBEIRO,"Ressarc. Dep. Gilberto Ribeiro, 04905-07.2025",10526.63
2025,3,339039,2025NE000757,2025OB001072,JOSE RODRIGUES LEMOS,Ressarcimento.Deput.Prof Lemos.Prot.03588-64.2025,20400.0
2025,3,339030,2025NE001122,2025OB001696,JOSE RODRIGUES LEMOS,Ressarc.Deput.Prof Lemos.Prot.06366-39.2025,3754.0
2025,3,339039,2025NE001123,2025OB001697,JOSE RODRIGUES LEMOS,Ressarc.Deput.Prof.Lemos.Prot.06366-39.2025,16320.57
2025,3,339033,2025NE000713,2025OB000971,Jairo Tamura,Ressarcimento Deputado Jairo Tamura 03504-04.2025,1808.99
2025,3,339030,2025NE000712,2025OB000972,Jairo Tamura,Ressarcimento Deputado Jairo Tamura 03504-04.2025,2644.37
2025,3,339039,2025NE000716,2025OB000973,Jairo Tamura,Ressarcimento Deputado Jairo Tamura 03504-04.2025,11200.22
2025,3,339033,2025NE001118,2025OB001698,Jairo Tamura,Ressarcimento Deputado Jairo Tamura 05663-08.2025,306.6
2025,3,339030,2025NE001117,2025OB001699,Jairo Tamura,Ressarcimento Deputado Jairo Tamura 05663-08.2025,1426.98
2025,3,339039,2025NE001120,2025OB001700,Jairo Tamura,Ressarcimento Deputado Jairo Tamura 05663-08.2025,10684.86
2025,3,339033,2025NE000585,2025OB000985,LUCIANA GUZELLA RAFAGNIN,Ressarcimento Deputada Luciana Rafagnin 02575-61.2025,1781.78
2025,3,339039,2025NE000587,2025OB000986,LUCIANA GUZELLA RAFAGNIN,Ressarcimento Deputada Luciana Rafagnin 02575-61.2025,3294.73
2025,3,339030,2025NE000583,2025OB000987,LUCIANA GUZELLA RAFAGNIN,Ressarcimento Deputada Luciana Rafagnin,2785.92
2025,3,339030,2025NE000748,2025OB001021,LUCIANA GUZELLA RAFAGNIN,Ressarcimento Deputada Luciana Rafagnin 03589-37.2025,3156.4
2025,3,339033,2025NE000752,2025OB001022,LUCIANA GUZELLA RAFAGNIN,Ressarcimento deputada Luciana Rafagnin 03589-37.2025,1184.54
2025,3,339039,2025NE000753,2025OB001023,LUCIANA GUZELLA RAFAGNIN,Ressarcimento Deputada Luciana Rafagnin 03589-37.2025,4262.51
2025,3,339033,2025NE000843,2025OB001207,LUCIANA GUZELLA RAFAGNIN,Ressarcimento Deputada Luciana Rafgnin 03900-79.2025,371.89
2025,3,339039,2025NE000844,2025OB001208,LUCIANA GUZELLA RAFAGNIN,Ressarcimento Deputada Luciana Rafagnin 03900-79.2025,9761.38
2025,3,339030,2025NE000842,2025OB001209,LUCIANA GUZELLA RAFAGNIN,Ressarcimento Deputada Luciana Rafagnin 03900-79.2025,1551.3
2025,3,339039,2025NE001024,2025OB001572,LUCIANA GUZELLA RAFAGNIN,Ressarcimento Deputada Luciana Rafagnin 05568-51.2025,8834.96
2025,3,339030,2025NE001023,2025OB001573,LUCIANA GUZELLA RAFAGNIN,Ressarcimento Deputada Luciana Rafagnin 05568-51.2025,2297.24
2025,3,339014,2025NE001112,2025OB001643,LUIS RAIMUNDO CORTI,Ressarcimento.Deput.Luis Corti.Prot.06826-35.2025,7776.72
2025,3,339030,2025NE001114,2025OB001644,LUIS RAIMUNDO CORTI,Ressarc. Deput. Luis Corti.Prot.06826-35.2025,7659.3
2025,3,339039,2025NE000812,2025OB001154,LUIZ CLAUDIO ROMANELLI,Ressarcimento Deputado Romaneli 02590-44.2025,6026.67
2025,3,339014,2025NE001073,2025OB001648,MABEL CORA CANTO,Ressarcimento Deputada Mabel Canto 05614-70.2025,3762.93
2025,3,339030,2025NE001076,2025OB001649,MABEL CORA CANTO,Ressarcimento Deputada Mabel Canto 05614-70.2025,4606.43
2025,3,339033,2025NE001077,2025OB001650,MABEL CORA CANTO,Ressarcimento Deputada Mabel Canto 05614-70.2025,167.57
2025,3,339039,2025NE001078,2025OB001651,MABEL CORA CANTO,Ressarcimento Deputada Mabel Canto 05614-70.2025,10230.89
2025,3,339039,2025NE001162,2025OB001758,MABEL CORA CANTO,Ressarcimento Deputada Mabel Canto 06958-60.2025,2000.0
2025,3,339033,2025NE001061,2025OB001636,MARCIA CECILIA HUÇULAK,Ressarcimento Deputada Márcia Huçulak 05763-24.2025,177.12
2025,3,339030,2025NE001060,2025OB001637,MARCIA CECILIA HUÇULAK,Ressarcimento Deputada Márcia Huçulak 05763-24.2025,1906.55
2025,3,339014,2025NE001059,2025OB001638,MARCIA CECILIA HUÇULAK,Ressarcimento Deputada Márcia Huçulak 05763-24.2025,1254.31
2025,3,339039,2025NE001071,2025OB001639,MARCIA CECILIA HUÇULAK,Ressarcimento Deputada Márcia Huçulak 05763-24.2025,13743.04
2025,3,339030,2025NE000742,2025OB001054,MARCIO JOSE PACHECO RAMOS,Ressarcimento Deputado Márcio Pacheco 03518-14.2025,3136.12
2025,3,339033,2025NE000743,2025OB001055,MARCIO JOSE PACHECO RAMOS,Ressarcimento Deputado Márcio Pacheco 03518-14.2025,2614.06
2025,3,339039,2025NE000744,2025OB001056,MARCIO JOSE PACHECO RAMOS,Ressarcimento Deputado Márcio Pacheco 03518-14.2025,7480.33
2025,3,339030,2025NE000980,2025OB001442,MARCIO JOSE PACHECO RAMOS,Ressarcimento Deputado Márcio Pacheco 03936-77.2025,998.06
2025,3,339039,2025NE000981,2025OB001443,MARCIO JOSE PACHECO RAMOS,Ressarcimento deputado Márcio Pacheco 03936-77.2025,10276.94
2025,3,339033,2025NE000982,2025OB001444,MARCIO JOSE PACHECO RAMOS,Ressarcimento Deputado Márcio Pacheco 03936-77.2025,2046.44
2025,3,339030,2025NE000915,2025OB001347,MARIA VICTORIA BORGHETTI BARROS,Ressarcimento.Deput.Maria Victoria.Prot.04429-55.2025,6797.57
2025,3,339033,2025NE000916,2025OB001348,MARIA VICTORIA BORGHETTI BARROS,Ressarcimento.Deput.Maria Victoria.Prot.04429-55.2025,80.0
2025,3,339039,2025NE000918,2025OB001349,MARIA VICTORIA BORGHETTI BARROS,Ressarcimento.Deput.Maria Victoria.Prot.04429-55.2025,14234.88
2025,3,339039,2025NE000920,2025OB001350,MARIA VICTORIA BORGHETTI BARROS,Ressarcimento Deputada Maria Victoria 04441-22.2025,6400.0
2025,3,339030,2025NE000919,2025OB001351,MARIA VICTORIA BORGHETTI BARROS,Ressarcimento Deputada Maria Victoria 04441-22.2025,1603.91
2025,3,339030,2025NE001003,2025OB001470,MARIA VICTORIA BORGHETTI BARROS,Ressarcimento Deputada Maria Victoria 05206-28.2025,2659.95
2025,3,339039,2025NE001001,2025OB001471,MARIA VICTORIA BORGHETTI BARROS,Ressarcimento Deputada Maria Victoria 05206-28.2025,786.8
2025,3,339039,2025NE001064,2025OB001629,MARILEI DE SOUZA LIMA,Ressarcimento Deputada Cantora mara Lima 05838-36.2025,22359.58
2025,3,339030,2025NE001063,2025OB001630,MARILEI DE SOUZA LIMA,Ressarcimento Deputada Cantora Mara Lima 05838-36.2025,1634.02
2025,3,339030,2025NE000848,2025OB001244,MARLY PAULINO FAGUNDES,Ressarcimento.Deput.Marly Paulino.Prot.03732-56.2025,5545.21
2025,3,339033,2025NE000849,2025OB001245,MARLY PAULINO FAGUNDES,Ressarcimento.Deput.Marly Paulino.Prot.03732-56.2025,550.0
2025,3,339039,2025NE000850,2025OB001246,MARLY PAULINO FAGUNDES,Ressarcimento.Deput.Marly Paulino.Prot.03732-56.2025,34224.63
2025,3,339030,2025NE001049,2025OB001594,MATHEUS VELOSO MARIA,Ressarcimento.Deput.Matheus Vermelho.Prot.05637-31.2025,1778.76
2025,3,339033,2025NE001050,2025OB001595,MATHEUS VELOSO MARIA,Ressarc.Deput.Matheus Vermelho.Prot.05637-31.2025,4577.81
2025,3,339030,2025NE000786,2025OB001144,MAURICIO THADEU DE MELLO E SILVA,Ressarcimento.Deput.Requião Filho.Prot.03704-36.2025,2388.1
2025,3,339039,2025NE000787,2025OB001145,MAURICIO THADEU DE MELLO E SILVA,Ressarcimento.Deput.Requião Filho.Prot.03704-36.2025,4554.6
2025,3,339030,2025NE000882,2025OB001272,MAURICIO THADEU DE MELLO E SILVA,Ressarcimento Deputado Requião Filho 04034-50.2025,1213.27
2025,3,339039,2025NE000883,2025OB001273,MAURICIO THADEU DE MELLO E SILVA,Ressarcimento Deputado Requião Filho 04034-50.2025,29429.45
2025,3,339033,2025NE000729,2025OB000979,MOACYR ELIAS FADEL JUNIOR,Ressarcimento deputado Moacyr Fadel 03508-90.2025,119.26
2025,3,339030,2025NE000727,2025OB000980,MOACYR ELIAS FADEL JUNIOR,RessarcimentoDeputado mocyr fadel 03508-90.2025,3523.82
2025,3,339039,2025NE000730,2025OB000981,MOACYR ELIAS FADEL JUNIOR,Ressarcimento Deputado Moacyr Fadel 03508-90.2025,5334.71
2025,3,339030,2025NE000972,2025OB001414,MOACYR ELIAS FADEL JUNIOR,Ressarcimento.Deput.Moacyr Fadel.prot.04583-68.2025,2782.36
2025,3,339039,2025NE000973,2025OB001415,MOACYR ELIAS FADEL JUNIOR,Ressarcimento.Deput.Moacyr Fadel.Prot.04583-68.2025,8573.66
2025,3,339030,2025NE001072,2025OB001654,MOACYR ELIAS FADEL JUNIOR,Ressarcimento.Deput.Moacyr Fadel.Prot.04788-62.2025,644.04
2025,3,339033,2025NE001074,2025OB001655,MOACYR ELIAS FADEL JUNIOR,Ressarcimento.Deput.Moacyr Fadel.Prot.04788-62.2025,30.0
2025,3,339039,2025NE001075,2025OB001656,MOACYR ELIAS FADEL JUNIOR,Ressarcimento.Deput.Moacyr Fadel.Prot.04788-62.2025,9154.0
2025,3,339030,2025NE000892,2025OB001358,Marcelo Rangel Cruz de Oliveira,Ressarcimento.Deput.Marcelo Rangel.Prot.03873-32.2025,500.0
2025,3,339039,2025NE000893,2025OB001359,Marcelo Rangel Cruz de Oliveira,Ressarcimento.Deput.Marcelo Rangel.Prot.03873-32.2025,14408.8
2025,3,339039,2025NE000935,2025OB001360,Marcelo Rangel Cruz de Oliveira,Ressarcimento Deputado Marcelo Rangel 04721-28.2025,9980.0
2025,3,339033,2025NE001018,2025OB001479,Marcelo Rangel Cruz de Oliveira,Ressarcimento Deputado Marcelo Rangel 04906-77.2025,122.0
2025,3,339039,2025NE001019,2025OB001480,Marcelo Rangel Cruz de Oliveira,Ressarcimento Deputado Marcelo Rangel 04906-77.2025,29051.24
2025,3,339030,2025NE001017,2025OB001481,Marcelo Rangel Cruz de Oliveira,Ressarcimento Deputado Marcelo Rangel 04906-77.2025,1617.09
2025,3,339039,2025NE001173,2025OB001789,NEY LEPREVOST NETO,Ressarcimento Deputado Ney Leprevost 06916-30.2025,42224.15
2025,3,339030,2025NE001172,2025OB001790,NEY LEPREVOST NETO,Ressarcimento Deputado Ney Leprevost 06916-30.2025,7374.42
2025,3,339014,2025NE000760,2025OB001057,OZIEL LUIZ DE SOUZA,"Ressarc. Dep. Batatinha, 03657-44.2025",1254.3
2025,3,339030,2025NE000762,2025OB001058,OZIEL LUIZ DE SOUZA,"Ressarc. Dep. Batatinha, 03657-44.2025",1229.14
2025,3,339039,2025NE000763,2025OB001059,OZIEL LUIZ DE SOUZA,"Ressarc. Dep. Batatinha, 03657-44.2025",6654.71
2025,3,339033,2025NE000929,2025OB001361,OZIEL LUIZ DE SOUZA,Ressarcimento Deputado Batatinha 04389-68.2025,1198.88
2025,3,339039,2025NE000934,2025OB001362,OZIEL LUIZ DE SOUZA,Ressarcimento Deputado Batatinha 04389-68.2025,8144.14
2025,3,339030,2025NE000933,2025OB001363,OZIEL LUIZ DE SOUZA,Ressarcimento Deputado Batatinha 04389-68.2025,1532.46
2025,3,339039,2025NE000968,2025OB001416,OZIEL LUIZ DE SOUZA,Ressarcimento.Deput.Batatinha.Prot.04303-62.2025,13965.2
2025,3,339014,2025NE001163,2025OB001791,OZIEL LUIZ DE SOUZA,Ressarcimento Deputado Batatinha 06891-26.2025,752.58
2025,3,339030,2025NE001166,2025OB001792,OZIEL LUIZ DE SOUZA,Ressarcimento Deputado Batatinha 06891-26.2025,662.9
2025,3,339039,2025NE001167,2025OB001793,OZIEL LUIZ DE SOUZA,Ressarcimento Deputado Batatinha 06891-26.2025,10980.0
2025,3,339030,2025NE000845,2025OB001210,PAULO ROBERTO MOREIRA GOMES JUNIOR,Ressarcimento.Deput.Paulo Gomes.Prot.03625-35.2025,1955.01
2025,3,339033,2025NE000846,2025OB001211,PAULO ROBERTO MOREIRA GOMES JUNIOR,Ressarcimento.Deput.Paulo Gomes.Prot.03625-35.2025,73.6
2025,3,339039,2025NE000847,2025OB001212,PAULO ROBERTO MOREIRA GOMES JUNIOR,Ressarcimento.Deput.Paulo Gomes.Prot.03625-35.2025,12000.0
2025,3,339030,2025NE000983,2025OB001453,PAULO ROBERTO MOREIRA GOMES JUNIOR,Ressarcimento.Deput.Paulo Gomes.Prot.04715-93.2025,4037.87
2025,3,339039,2025NE000984,2025OB001454,PAULO ROBERTO MOREIRA GOMES JUNIOR,Ressarcimento.Deput.Paulo Gomes.Prot.04715-93.2025,27440.34
2025,3,339039,2025NE000780,2025OB001135,PAULO ROGERIO DO CARMO,Ressarcimentom deputado Do Carmo 03715-30.2025,12145.2
2025,3,339033,2025NE000779,2025OB001136,PAULO ROGERIO DO CARMO,Ressarcimento deputado do Carmo 03715-30.2025,1239.12
2025,3,339030,2025NE000778,2025OB001137,PAULO ROGERIO DO CARMO,Ressarcimento Deputado do Carmo 03715-30.2025,1123.05
2025,3,339039,2025NE000813,2025OB001153,PAULO ROGERIO DO CARMO,Ressarcimento Deputado Do Carmo 03703-63.2025,11500.0
2025,3,339030,2025NE000989,2025OB001466,PAULO ROGERIO DO CARMO,Ressarcimento Deputado Do Carmo 04787-89.2025,300.36
2025,3,339033,2025NE000990,2025OB001467,PAULO ROGERIO DO CARMO,Ressarcimento Deputado Do Carmo 04787-89.2025,1006.55
2025,3,339039,2025NE000991,2025OB001468,PAULO ROGERIO DO CARMO,Ressarcimento Deputado do Carmo 04787-89.2025,876.34
2025,3,339030,2025NE001014,2025OB001482,PAULO ROGERIO DO CARMO,Ressarcimento Deputado do Carmo 05004-50.2025,270.36
2025,3,339033,2025NE001015,2025OB001483,PAULO ROGERIO DO CARMO,Ressarcimento Deputado Do Carmo 05004-50.2025,2026.47
2025,3,339039,2025NE001016,2025OB001484,PAULO ROGERIO DO CARMO,Ressarcimento Deputado Do Carmo 05004-50.2025,5368.6
2025,3,339030,2025NE001107,2025OB001701,PAULO ROGERIO DO CARMO,Ressarc.Deput.Do Carmo.Prot.06267-93.2025,781.36
2025,3,339030,2025NE000964,2025OB001401,PEDRO PAULO BAZANA,"Ressarc. Dep. Bazana, 03863-11.2025",3637.92
2025,3,339033,2025NE000965,2025OB001402,PEDRO PAULO BAZANA,"Ressarc. Dep. Bazana, 03863-11.2025",95.9
2025,3,339039,2025NE000966,2025OB001403,PEDRO PAULO BAZANA,"Ressarc. Dep. Bazana, 03863-11.2025",10083.59
2025,3,339030,2025NE000921,2025OB001344,RENATO DE ALMEIDA FREITAS JUNIOR,Ressarcimento.Deput.Renato Freitas.Prot.04271-53.2025,2415.02
2025,3,339033,2025NE000923,2025OB001345,RENATO DE ALMEIDA FREITAS JUNIOR,Ressarcimento.Deput.Renato freitas.prot.04271-53.2025,156.42
2025,3,339039,2025NE000925,2025OB001346,RENATO DE ALMEIDA FREITAS JUNIOR,Ressarcimento.Deput.Renato Freitas.Prot.04271-53.2025,3183.9
2025,3,339039,2025NE001126,2025OB001755,RENATO DE ALMEIDA FREITAS JUNIOR,Ressarcimento Deputado Renato Freitas 06845-07.2025,30607.8
2025,3,339030,2025NE001124,2025OB001756,RENATO DE ALMEIDA FREITAS JUNIOR,Ressarcimento Deputado Renato Freitas 06845-07.2025,1362.02
2025,3,339033,2025NE001125,2025OB001757,RENATO DE ALMEIDA FREITAS JUNIOR,Ressarcimento Deputado Renato Freitas 06845-07.2025,318.06
2025,3,339030,2025NE000890,2025OB001305,RICARDO ARRUDA NUNES,Ressarcimento.Deput.Ricardo Arruda.Prot.03806-95.2025,737.64
2025,3,339039,2025NE000896,2025OB001307,RICARDO ARRUDA NUNES,Ressarcimento.Deput.Ricardo Arruda.Prot.03806-95.2025,23000.0
2025,3,339039,2025NE001170,2025OB001767,TERCILIO LUIZ TURINI,Ressarcimento Deputado Tercílio Turini 06827-08.2025,23456.46
2025,3,339033,2025NE001169,2025OB001768,TERCILIO LUIZ TURINI,Ressarcimento Deputado Tercílio Turini 06827-08.2025,3938.24
2025,3,339030,2025NE001168,2025OB001769,TERCILIO LUIZ TURINI,Ressarcimento Deputado Tercílio Turini 06827-08.2025,7206.99
2025,3,339030,2025NE000584,2025OB000988,TITO LÍVIO BARICHELLO,"Ressarc. Dep. Tito Barrichello, 02873-66.2025",705.47
2025,3,339039,2025NE000586,2025OB000989,TITO LÍVIO BARICHELLO,"Ressarc. Dep. Tito Barrichello, 02873-66.2025",10677.64
2025,3,339030,2025NE000880,2025OB001265,TITO LÍVIO BARICHELLO,Ressarcimento Deputado Tito Barrichelo 03801-36.2025,2780.36
2025,3,339039,2025NE000881,2025OB001266,TITO LÍVIO BARICHELLO,Ressarcimento Deputado Tito Barrichelo 03801-36.2025,4138.4
2025,3,339039,2025NE000967,2025OB001400,TITO LÍVIO BARICHELLO,"Ressarc. Dep. Tito Barrichello, 04823-87.2025",19410.0
2025,3,339033,2025NE001011,2025OB001449,TITO LÍVIO BARICHELLO,Ressarcimento Deputado Tito Barrichelo 04101-84.2025,71.7
2025,3,339030,2025NE000992,2025OB001472,TITO LÍVIO BARICHELLO,Ressarcimento.Deput.Tito Barichello.Prot.05422-16.2025,705.47
2025,3,339039,2025NE000994,2025OB001473,TITO LÍVIO BARICHELLO,Ressarcimento.Deput.Tito barichello.prot.05422-16.2025,11349.05
2025,3,339030,2025NE001147,2025OB001703,WILMAR REICHEMBACH,Ressarcimento Deputado Reichembach 06520-52.2025,2236.32
2025,3,339039,2025NE001149,2025OB001704,WILMAR REICHEMBACH,Ressarcimento Deputado Reichembach 06520-52.2025,25318.77
2025,3,339033,2025NE001148,2025OB001705,WILMAR REICHEMBACH,Ressarcimento Deputado Reichembach 06520-52.2025,912.87
2025,4,339030,2025NE001409,2025OB002372,ADEMAR LUIZ TRAIANO,"Ressarc. Dep. Ademar Traiano, 07960-69.2025",7430.9
2025,4,339033,2025NE001410,2025OB002373,ADEMAR LUIZ TRAIANO,"Ressarc. Dep. Ademar Traiano, 07960-69.2025",386.52
2025,4,339039,2025NE001414,2025OB002374,ADEMAR LUIZ TRAIANO,"Ressarc. Dep. Ademar Traiano, 07960-69.2025",37248.1
2025,4,339039,2025NE001384,2025OB002230,ADRIANO JOSE DA SILVA,Ressarcimento Deputado Soldado Adriano 07787-84.2025,8505.4
2025,4,339039,2025NE001644,2025OB002703,ADRIANO JOSE DA SILVA,Ressarcimento Deputado Soldado Adriano 08952-57.2025,15130.7
2025,4,339030,2025NE001643,2025OB002704,ADRIANO JOSE DA SILVA,Ressarcimento Deputado Soldado Adriano 08952-57.2025,2540.17
2025,4,339030,2025NE001222,2025OB001876,ADÃO FERNANDES,"Ressarc. Dep. Adão Litro, 07319-13.2025",1959.33
2025,4,339039,2025NE001223,2025OB001877,ADÃO FERNANDES,"Ressarc. Dep. Adão Litro, 07319-13.2025",16236.9
2025,4,339030,2025NE001428,2025OB002381,ADÃO FERNANDES,Ressarcimento deputado Adão Litro 07893-35.2025,1625.14
2025,4,339039,2025NE001429,2025OB002382,ADÃO FERNANDES,Ressarcimento deputado Adão Litro 07893-35.2025,16003.33
2025,4,339030,2025NE001622,2025OB002673,ADÃO FERNANDES,Ressarc.Deput.Adao Litro.Prot.08956-46.2025,1713.33
2025,4,339030,2025NE001266,2025OB001970,ALEXANDRE AMARO,Ressarcimento Deputado Alexandre Amaro 07476-42.2025,3464.38
2025,4,339039,2025NE001267,2025OB001971,ALEXANDRE AMARO,Ressarcimento Deputado Alexandre Amaro 07476-42.2025,2874.76
2025,4,339030,2025NE001488,2025OB002540,ALEXANDRE AMARO,Ressarcimento Alexandre Amaro 08247-80.2025,8658.13
2025,4,339033,2025NE001494,2025OB002541,ALEXANDRE AMARO,Ressarcimento Deputado Alexandre Amaro 08247-80.2025,45.2
2025,4,339039,2025NE001497,2025OB002542,ALEXANDRE AMARO,Ressarcimento Deputado Alexandre Amaro 08247-80.2025,11597.33
2025,4,339039,2025NE001591,2025OB002653,ALEXANDRE AMARO,Ressarcimento deputado Alexandre Amaro 08785-07.2025,8445.08
2025,4,339033,2025NE001590,2025OB002654,ALEXANDRE AMARO,Ressarcimento deputado Alexandre Amaro 08785-07.2025,16.8
2025,4,339030,2025NE001589,2025OB002655,ALEXANDRE AMARO,Ressarcimento deputado Alexandre Amaro 08785-07.2025,2573.68
2025,4,339030,2025NE001444,2025OB002410,ALISSON ANTHONY WANDSCHEER,"Ressarc. Dep. Alisson Wandscheer, 08129-65.2025",5649.27
2025,4,339039,2025NE001445,2025OB002411,ALISSON ANTHONY WANDSCHEER,"Ressarc. Dep. Alisson Wandscheer, 08129-65.2025",36107.0
2025,4,339030,2025NE001373,2025OB002264,ANA JÚLIA RIBEIRIO,Ressarc.Deput.Ana Julia.Prot.07595-30.2025,4844.14
2025,4,339033,2025NE001374,2025OB002265,ANA JÚLIA RIBEIRIO,Ressarc.Deput.Ana Julia.Prot.07595-30.2025,5140.82
2025,4,339039,2025NE001377,2025OB002266,ANA JÚLIA RIBEIRIO,Ressarcimento.Deput.Ana Julia.Prot.07870-74.2025,23504.14
2025,4,339033,2025NE001568,2025OB002648,ANA JÚLIA RIBEIRIO,Ressarc.Deput.Ana Julia.Prot.08517-65.2025,9668.49
2025,4,339039,2025NE001571,2025OB002649,ANA JÚLIA RIBEIRIO,Ressarc.Deput.Ana Julia.Prot.08517-65.2025,9512.64
2025,4,339030,2025NE001462,2025OB002478,ANTENOR GOMES DE LIMA,Ressarcimento deputado Dr. Antenor 07839-38.2025,4464.37
2025,4,339039,2025NE001463,2025OB002479,ANTENOR GOMES DE LIMA,Ressarcimento deputado Dr. Antenor 07839-38.2025,21232.04
2025,4,339030,2025NE001534,2025OB002604,ANTONIO ANNIBELLI NETO,Ressarcimento Deputado Anibelli Neto 08313-44.2025,11117.74
2025,4,339033,2025NE001535,2025OB002605,ANTONIO ANNIBELLI NETO,Ressarcimento deputado Anibeli Neto 08313-44.2025,1625.69
2025,4,339039,2025NE001536,2025OB002606,ANTONIO ANNIBELLI NETO,Ressarcimento Deputado Anibeli Neto 08313-44.2025,16120.8
2025,4,339030,2025NE001224,2025OB001873,ARILSON MAROLDI CHIORATO,"Ressarc. Dep. Arilson Chiorato, 07259-81.2025",2328.07
2025,4,339033,2025NE001225,2025OB001874,ARILSON MAROLDI CHIORATO,"Ressarc. Dep. Arilson Chiorato, 07259-81.2025",1041.49
2025,4,339039,2025NE001226,2025OB001875,ARILSON MAROLDI CHIORATO,"Ressarc. Dep. Arilson Chiorato, 07259-81.2025",12931.88
2025,4,339030,2025NE001228,2025OB001902,ARILSON MAROLDI CHIORATO,Ressarcimento Deputado Arilson Chiorato 07318-40.2025,2193.75
2025,4,339014,2025NE001227,2025OB001903,ARILSON MAROLDI CHIORATO,Ressarcimento Deputado Arilson Chiorato 07318-40.2025,557.48
2025,4,339039,2025NE001229,2025OB001904,ARILSON MAROLDI CHIORATO,Ressarcimento Deputado Arilson Chiorato 07318-40.2025,4358.5
2025,4,339033,2025NE001234,2025OB001905,ARILSON MAROLDI CHIORATO,Ressarcimento Deputado Arilson Chiorato 07318-40.2025,963.6
2025,4,339030,2025NE001406,2025OB002387,ARILSON MAROLDI CHIORATO,Ressarc.Deput.Arilson Chiorato.Prot.07767-42.2025,1576.88
2025,4,339033,2025NE001412,2025OB002388,ARILSON MAROLDI CHIORATO,Ressarcimento.Deput.Arilson Chiorato.Prot.07767-42.2025,1061.45
2025,4,339030,2025NE001467,2025OB002419,ARILSON MAROLDI CHIORATO,Ressarc.Deput.Arilson Chiorato.Prot.08334-59.2025,2711.95
2025,4,339033,2025NE001468,2025OB002420,ARILSON MAROLDI CHIORATO,Ressarcimento.Deput.Arilson Chiorato.Prot.08334-59.2025,308.73
2025,4,339039,2025NE001469,2025OB002421,ARILSON MAROLDI CHIORATO,Ressarcimento.Deput.Arilson Chiorato.Prot.08334-59.2025,3925.42
2025,4,339033,2025NE001636,2025OB002650,ARILSON MAROLDI CHIORATO,Ressarcimento deputado Arilson Chiorato 09082-39.2025,2040.17
2025,4,339039,2025NE001637,2025OB002651,ARILSON MAROLDI CHIORATO,Ressarcimento Deputado Arilson Chiorato 09082-39.2025,18433.44
2025,4,339030,2025NE001635,2025OB002652,ARILSON MAROLDI CHIORATO,Ressarcimento Deputado Arilson Chiorato 09082-39.2025,6252.52
2025,4,339030,2025NE001624,2025OB002668,ARILSON MAROLDI CHIORATO,Ressarcimento Deputado Arilson Chiorato 09046-41.2025,2840.99
2025,4,339039,2025NE001626,2025OB002669,ARILSON MAROLDI CHIORATO,Ressarcimento Deputado Arilson Chiorato 09046-41.2025,7857.57
2025,4,339014,2025NE001201,2025OB001809,ARTAGAO DE MATTOS LEÃO JUNIOR,Ressarcimento.Deput.Artagão.prot.07174-48.2025,2257.76
2025,4,339030,2025NE001202,2025OB001810,ARTAGAO DE MATTOS LEÃO JUNIOR,Ressarc.Deput.Artagão.Prot.07174-48.2025,2927.15
2025,4,339014,2025NE001357,2025OB002207,ARTAGAO DE MATTOS LEÃO JUNIOR,Ressarcimento.Deput.Artagão.Prot.07851-05.2025,3010.34
2025,4,339030,2025NE001358,2025OB002208,ARTAGAO DE MATTOS LEÃO JUNIOR,Ressarcimento.Deput.Artagão.Prot.07851-05.2025,3327.44
2025,4,339039,2025NE001359,2025OB002209,ARTAGAO DE MATTOS LEÃO JUNIOR,Ressarcimento.Deput.Artagão.Prot.07851-05.2025,180.0
2025,4,339014,2025NE001451,2025OB002453,ARTAGAO DE MATTOS LEÃO JUNIOR,Ressarcimento.Deput.Artagao Junior.Prot.08172-68.2025,2257.76
2025,4,339030,2025NE001452,2025OB002454,ARTAGAO DE MATTOS LEÃO JUNIOR,Ressarcimento.Deput.Artagao Junior.Prot.08172-68.2025,1938.82
2025,4,339014,2025NE001601,2025OB002675,ARTAGAO DE MATTOS LEÃO JUNIOR,Ressarc.Deput.Artagao Junior.Prot.09058-08.2025,4264.65
2025,4,339030,2025NE001604,2025OB002676,ARTAGAO DE MATTOS LEÃO JUNIOR,Ressarc.Deput.Artagao junior.Prot.09058-08.2025,3825.45
2025,4,339030,2025NE001239,2025OB001890,Aldino Jorge Bueno,"Ressarc. Dep. Gugu Bueno, 07307-46.2025",938.76
2025,4,339039,2025NE001240,2025OB001891,Aldino Jorge Bueno,"Ressarc. Dep. Gugu Bueno, 07307-46.2025",1395.87
2025,4,339039,2025NE001292,2025OB002037,Aldino Jorge Bueno,Ressarcimento Deputado Gugu Bueno 07635-17.2025,9751.04
2025,4,339030,2025NE001464,2025OB002450,Aldino Jorge Bueno,Ressarcimento.Deput.Gugu Bueno.Prot.08171-95.2025,1191.65
2025,4,339033,2025NE001465,2025OB002451,Aldino Jorge Bueno,Ressarc.Deput.Gugu Bueno.Prot.08171-95.2025,3658.24
2025,4,339039,2025NE001466,2025OB002452,Aldino Jorge Bueno,Ressarcimento.Deput.Gugu Bueno.Prot.08171-95.2025,13263.56
2025,4,339030,2025NE001594,2025OB002656,Aldino Jorge Bueno,"Ressarc. Dep. Gugu Bueno, 08999-49.2025",4270.46
2025,4,339033,2025NE001595,2025OB002657,Aldino Jorge Bueno,"Ressarc. Dep. Gugu Bueno, 08999-49.2025",2306.16
2025,4,339039,2025NE001596,2025OB002658,Aldino Jorge Bueno,"Ressarc. Dep. Gugu Bueno, 08999-49.2025",610.78
2025,4,339030,2025NE001579,2025OB002644,Alexandre Maranhão Curi,"Ressarc. Dep. Alexandre Curi, 09001-92.2025",6706.77
2025,4,339033,2025NE001580,2025OB002645,Alexandre Maranhão Curi,"Ressarc. Dep. Alexandre Curi, 09001-92.2025",471.01
2025,4,339039,2025NE001581,2025OB002646,Alexandre Maranhão Curi,"Ressarc. Dep. Alexandre Curi, 09001-92.2025",29052.47
2025,4,339030,2025NE001204,2025OB001878,CLOARA PINHEIRO LIMA,Ressarcimento.Deput.Cloara Pinheiro.Prot.07127-56.2025,1586.71
2025,4,339033,2025NE001207,2025OB001879,CLOARA PINHEIRO LIMA,Ressarcimento.Deput.Cloara Pinheiro.Prot.07127-56.2025,110.1
2025,4,339039,2025NE001212,2025OB001880,CLOARA PINHEIRO LIMA,Ressarcimento.Deput.Cloara Pinheiro.Prot.07127-56.2025,5697.62
2025,4,339033,2025NE001403,2025OB002348,CLOARA PINHEIRO LIMA,Ressarc.Deput.Cloara Pinheiro.Prot.07942-70.2025,735.41
2025,4,339039,2025NE001404,2025OB002349,CLOARA PINHEIRO LIMA,Ressarci.Deput.Cloara Pinheiro.Prot.07942-70.2025,6011.36
2025,4,339014,2025NE001439,2025OB002404,CLOARA PINHEIRO LIMA,"Ressarc. Dep. Cloara Pinheiro, 07869-04.2025",5017.22
2025,4,339030,2025NE001440,2025OB002405,CLOARA PINHEIRO LIMA,"Ressarc. Dep. Cloara Pinheiro, 07869-04.2025",3061.68
2025,4,339033,2025NE001441,2025OB002406,CLOARA PINHEIRO LIMA,"Ressarc. Dep. Cloara Pinheiro, 07869-04.2025",1274.6
2025,4,339039,2025NE001651,2025OB002700,CLOARA PINHEIRO LIMA,Ressarcimento Deputada Cloara 09078-50.2025,5974.94
2025,4,339033,2025NE001650,2025OB002701,CLOARA PINHEIRO LIMA,Ressarcimento Deputada Cloara 09078-50.2025,3226.06
2025,4,339030,2025NE001649,2025OB002702,CLOARA PINHEIRO LIMA,Ressarcimento Deputada Cloara 09078-50.2025,1218.85
2025,4,339014,2025NE001294,2025OB002098,DENIAN COUTO COELHO,Ressarcimento Deputado Denian Couto 07448-22.2025,4766.39
2025,4,339030,2025NE001295,2025OB002099,DENIAN COUTO COELHO,Ressarcimento Deputado Denian Couto 07448-22.2025,4772.04
2025,4,339039,2025NE001296,2025OB002100,DENIAN COUTO COELHO,Ressarcimento Deputado Denian Couto 07448-22.2025,677.97
2025,4,339039,2025NE001496,2025OB002475,DENIAN COUTO COELHO,"Ressarc. Dep. Denian Couto, 08292-29.2025",18280.0
2025,4,339030,2025NE001184,2025OB001795,DEVANIL REGINALDO DA SILVA,Ressarcimento Deputado Cobra Repórter 07121-24.2025,2499.11
2025,4,339039,2025NE001185,2025OB001796,DEVANIL REGINALDO DA SILVA,Ressarcimento Deputado Cobra Repórter 07121-24.2025,1039.28
2025,4,339030,2025NE001315,2025OB002179,DEVANIL REGINALDO DA SILVA,Ressarcimento.Deput.Cobra Reporter.Prot.07740-92.2025,701.33
2025,4,339039,2025NE001317,2025OB002180,DEVANIL REGINALDO DA SILVA,Ressarcimento.Deput.Cobra Reporter.Prot.07740-92.2025,13762.51
2025,4,339030,2025NE001362,2025OB002216,EVANDRO JOSE DA CRUZ ARAUJO,Ressarcimento.Deput.Evandro Araujo.prot.07802-67.2025,1185.18
2025,4,339033,2025NE001363,2025OB002217,EVANDRO JOSE DA CRUZ ARAUJO,Ressarcimento.Deput.Evandro araujo.Prot.07802-67.2025,2153.76
2025,4,339039,2025NE001364,2025OB002218,EVANDRO JOSE DA CRUZ ARAUJO,Ressarcimento.Deput.Evandro Araujo.Prot.07802-67.2025,5463.77
2025,4,339039,2025NE001548,2025OB002616,EVANDRO JOSE DA CRUZ ARAUJO,Ressarcimento deputado Evandro Araújo 08782-88.2025,8457.0
2025,4,339033,2025NE001547,2025OB002617,EVANDRO JOSE DA CRUZ ARAUJO,Ressarcimento deputado Evandro Araújo 08782-88.2025,1718.71
2025,4,339030,2025NE001545,2025OB002618,EVANDRO JOSE DA CRUZ ARAUJO,Ressarcimento Deputado Evandro Araújo 08782-88.2025,1620.78
2025,4,339030,2025NE001271,2025OB001975,FABIO OLIVEIRA,Ressarc.Deput.Fabio Oliveira.Prot.07340-28.2025,3113.69
2025,4,339033,2025NE001272,2025OB001976,FABIO OLIVEIRA,Ressarci.Deput.Fabio Oliveira.Prot.07340-28.2025,84.95
2025,4,339039,2025NE001273,2025OB001977,FABIO OLIVEIRA,Ressarc.Deput.Fabio Oliveira.Prot.07340-28.2025,4045.63
2025,4,339030,2025NE001492,2025OB002472,FABIO OLIVEIRA,"Ressarc. Dep. Fabio Oliveira, 08246-10.2025",1786.65
2025,4,339033,2025NE001493,2025OB002473,FABIO OLIVEIRA,"Ressarc. Dep. Fabio Oliveira, 08246-10.2025",1891.43
2025,4,339039,2025NE001495,2025OB002474,FABIO OLIVEIRA,"Ressarc. Dep. Fabio Oliveira, 08246-10.2025",16327.18
2025,4,339033,2025NE001664,2025OB002721,FABIO OLIVEIRA,Ressarc.Deput.Fabio Oliveira.prot.08809-38.2025,85.6
2025,4,339039,2025NE001308,2025OB002076,FLAVIA CAROLINA RESENDE JABER FRANCISCHINI,Ressarc.Deput.Flavia Francischini.Prot.07747-97.2025,14800.0
2025,4,339039,2025NE001309,2025OB002084,FLAVIA CAROLINA RESENDE JABER FRANCISCHINI,"Ressarc. Dep. Flavia Francischini, 07729-98.2025",15000.0
2025,4,339039,2025NE001338,2025OB002128,FLAVIA CAROLINA RESENDE JABER FRANCISCHINI,Ressarcimento Deputada Flávia Francischini 07861-26.2025,10000.0
2025,4,339014,2025NE001479,2025OB002446,FLAVIA CAROLINA RESENDE JABER FRANCISCHINI,Ressarc.Deput.Flavia Francischini.prot.08696-82.2025,2508.63
2025,4,339030,2025NE001481,2025OB002447,FLAVIA CAROLINA RESENDE JABER FRANCISCHINI,Ressarc.Deput.Flavia Francischini.Prot.08696-82.2025,5640.58
2025,4,339030,2025NE001274,2025OB002042,GILSON DE SOUZA,Ressarcimento.Deput.Gilson de Souza.Prot.07294-09.2025,3699.3
2025,4,339039,2025NE001275,2025OB002043,GILSON DE SOUZA,Ressarc.De´put.Gilson de Souza.Prot.07294-09.2025,14920.6
2025,4,339039,2025NE001447,2025OB002412,GILSON DE SOUZA,Ressarcimento deputado Gilson de Souza 08285-24.2025,27683.85
2025,4,339030,2025NE001446,2025OB002413,GILSON DE SOUZA,Ressarcimento deputado Gilson de Souza 08285-24.2025,2249.21
2025,4,339030,2025NE001349,2025OB002211,HUSSEIN BAKRI,Ressarcimento Deputado Hussein Bakri 07806-56.2025,4554.59
2025,4,339039,2025NE001350,2025OB002212,HUSSEIN BAKRI,Ressarcimento Deputado Hussein Bakri 07806-56.2025,8816.6
2025,4,339033,2025NE001351,2025OB002213,HUSSEIN BAKRI,Ressarcimento deputado Hussein Bakri 07806-56.2025,122.91
2025,4,339030,2025NE001659,2025OB002746,HUSSEIN BAKRI,Ressarc. Dep. Hussein Bakri 08902-49.2025,4502.37
2025,4,339033,2025NE001660,2025OB002747,HUSSEIN BAKRI,Ressarc. Dep. Hussein Bakri 08902-49.2025,289.61
2025,4,339039,2025NE001661,2025OB002748,HUSSEIN BAKRI,Ressarc. Dep. Hussein Bakri 08902-49.2025,14843.9
2025,4,339030,2025NE001181,2025OB001797,ISABEL CRISTINA RAUEN SILVESTRI,Ressarcimento.Deput.Cristina Silvestre.Prot.11864-06.2024,4707.58
2025,4,339033,2025NE001182,2025OB001798,ISABEL CRISTINA RAUEN SILVESTRI,Ressarcimento.Deput.Cristina Silvestre.Prot.11864-06.2024,1250.0
2025,4,339039,2025NE001183,2025OB001799,ISABEL CRISTINA RAUEN SILVESTRI,Ressarcimento.Deput.Cristina Silvestre.Prot.11864-06.2024,38063.4
2025,4,339014,2025NE001420,2025OB002375,JORGE GOMES DE OLIVEIRA BRAND,Ressarc.Deput.Goura.Prot.08086-62.2025,557.47
2025,4,339030,2025NE001421,2025OB002376,JORGE GOMES DE OLIVEIRA BRAND,Ressarc.Deput.Goura.Prot.08086-62.2025,2444.41
2025,4,339033,2025NE001422,2025OB002377,JORGE GOMES DE OLIVEIRA BRAND,Ressarc.Deput.Goura.Prot.08086-62.2025,343.28
2025,4,339039,2025NE001423,2025OB002378,JORGE GOMES DE OLIVEIRA BRAND,Ressarc.Deput.Goura.Prot.08086-62.2025,9073.7
2025,4,339039,2025NE001533,2025OB002621,JORGE GOMES DE OLIVEIRA BRAND,Ressarcimento deputado Goura 08788-23.2025,24961.59
2025,4,339033,2025NE001532,2025OB002622,JORGE GOMES DE OLIVEIRA BRAND,Ressarcimento Deputado Goura 08788-23.2025,1971.72
2025,4,339030,2025NE001531,2025OB002623,JORGE GOMES DE OLIVEIRA BRAND,Ressarcimento deputado Goura 08788-23.2025,5340.14
2025,4,339030,2025NE001269,2025OB001968,JOSE APARECIDO JACOVOS,Ressarcimento Deputado Delegado Jacovós 07426-34.2025,12126.98
2025,4,339039,2025NE001270,2025OB001969,JOSE APARECIDO JACOVOS,Ressarcimento Deputado Delegado Jacovós 07426-34.2025,29044.96
2025,4,339030,2025NE001583,2025OB002661,JOSE APARECIDO JACOVOS,Ressarc.Deput.Del.Jacovos.prot.08835-15.2025,6328.31
2025,4,339039,2025NE001584,2025OB002662,JOSE APARECIDO JACOVOS,Ressarc.Deput.Del Jacovos.Prot.08835-15.2025,45950.27
2025,4,339030,2025NE001261,2025OB001972,JOSE GILBERTO DO CARMO ALVES RIBEIRO,Ressarcimento Deputado Gilberto Ribeiro 07139-23.2025,2454.73
2025,4,339033,2025NE001264,2025OB001973,JOSE GILBERTO DO CARMO ALVES RIBEIRO,Ressarcimento Deputado Gilberto Ribeiro 07139-23.2025,161.02
2025,4,339039,2025NE001265,2025OB001974,JOSE GILBERTO DO CARMO ALVES RIBEIRO,Ressarcimento Deputado Gilberto Ribeiro 07139-23.2025,13935.97
2025,4,339030,2025NE001598,2025OB002670,JOSE GILBERTO DO CARMO ALVES RIBEIRO,Ressa.Deput.Gilberto Ribeiro.prot.08766-35.2025,3674.4
2025,4,339033,2025NE001599,2025OB002671,JOSE GILBERTO DO CARMO ALVES RIBEIRO,Ressarc.Deput.Gilberto Ribeiro.Prot.08766-35.2025,724.51
2025,4,339039,2025NE001600,2025OB002672,JOSE GILBERTO DO CARMO ALVES RIBEIRO,Ressarc.Deput.Gilberto Ribeiro.Prot.08766-35.2025,9966.41
2025,4,339039,2025NE001313,2025OB002123,JOSE RODRIGUES LEMOS,Ressarcimento.Deput.Prof.Lemos.Prot.07749-43.2025,22292.0
2025,4,339030,2025NE001574,2025OB002726,JOSE RODRIGUES LEMOS,Ressarc.Deput.Prof.Lemos.Prot.08774-13.2025,5817.15
2025,4,339014,2025NE001195,2025OB001804,Jairo Tamura,"Ressarc. Dep. Jairo Tamura, 07165-97.2025",3010.34
2025,4,339030,2025NE001196,2025OB001805,Jairo Tamura,"Ressarc. Dep. Jairo Tamura, 07165-97.2025",1401.25
2025,4,339039,2025NE001197,2025OB001806,Jairo Tamura,"Ressarc. Dep. Jairo Tamura, 07165-97.2025",3441.98
2025,4,339039,2025NE001407,2025OB002371,Jairo Tamura,"Ressarc. Dep. Jairo Tamura, 08071-79.2025",9500.0
2025,4,339033,2025NE001578,2025OB002716,Jairo Tamura,Ressarc.Deput.Jauro Tamura.Prot.08861-89.2025,308.73
2025,4,339039,2025NE001582,2025OB002717,Jairo Tamura,Ressarc.Deput.Jairo.Tamura.Prot.08861-89.2025,7924.39
2025,4,339030,2025NE001371,2025OB002285,LEONIDAS FAVERO NETO,Ressarc.Deput.Dr Leonidas.Prot.07137-77.2025,6211.92
2025,4,339039,2025NE001372,2025OB002286,LEONIDAS FAVERO NETO,Ressarc.Deput.Dr Leonidas.Prot.07137-77.2025,9759.59
2025,4,339039,2025NE001448,2025OB002416,LEONIDAS FAVERO NETO,"Ressarc. Dep. Dr. Leônidas, 08204-77.2025",12100.0
2025,4,339030,2025NE001470,2025OB002444,LEONIDAS FAVERO NETO,Ressarc.Deput.Dr Leonidas.Pror.07892-62.2025,6201.51
2025,4,339039,2025NE001471,2025OB002445,LEONIDAS FAVERO NETO,Ressarc.Deput.Dr Leonidas.Prot.07892-62.2025,15000.0
2025,4,339039,2025NE001593,2025OB002663,LEONIDAS FAVERO NETO,"Ressarc. Dep. Dr. Leônidas, 08996-33.2025",5080.68
2025,4,339030,2025NE001208,2025OB001865,LUCIANA GUZELLA RAFAGNIN,"Ressarc. Dep. Luciana Rafagnin, 07272-21.2025",2202.09
2025,4,339033,2025NE001210,2025OB001866,LUCIANA GUZELLA RAFAGNIN,"Ressarc. Dep. Luciana Rafagnin, 07272-21.2025",6058.44
2025,4,339039,2025NE001211,2025OB001867,LUCIANA GUZELLA RAFAGNIN,"Ressarc. Dep. Luciana Rafagnin, 07272-21.2025",918.2
2025,4,339033,2025NE001311,2025OB002102,LUCIANA GUZELLA RAFAGNIN,Ressarcimento Deputada Luciana Rafagnin 07766-69.2025,8.7
2025,4,339030,2025NE001310,2025OB002103,LUCIANA GUZELLA RAFAGNIN,Ressarcimento Deputada Luciana Rafagnin 07766-69.2025,100.0
2025,4,339030,2025NE001453,2025OB002455,LUCIANA GUZELLA RAFAGNIN,Ressarcimento.Deput.Luciana rafagnin.Prot.08172-68.2025,4315.22
2025,4,339033,2025NE001454,2025OB002456,LUCIANA GUZELLA RAFAGNIN,Ressarcimento.Deput.Luciana Rafagnin.Prot.08251-69.2025,1368.82
2025,4,339014,2025NE001331,2025OB002129,LUIS RAIMUNDO CORTI,Ressarcimento Deputado Luís Corti 07778-36.2025,8027.58
2025,4,339039,2025NE001332,2025OB002130,LUIS RAIMUNDO CORTI,Ressarcimento Deputado Luís Corti 07778-36.2025,24980.0
2025,4,339039,2025NE001337,2025OB002124,LUIZ CLAUDIO ROMANELLI,Ressarcimento Deputado Romaneli 07634-44.2025,7950.0
2025,4,339039,2025NE001352,2025OB002210,LUIZ CLAUDIO ROMANELLI,Ressarcimento Deputado Romaneli 07796-35.2025,30050.0
2025,4,339030,2025NE001198,2025OB001871,LUIZ FERNANDO GUERRA FILHO,Ressarcimento.Deput.Guerra.Prot.05657-73.2025,1556.09
2025,4,339039,2025NE001199,2025OB001872,LUIZ FERNANDO GUERRA FILHO,Ressarcimento.Deput.Guerra.Prot.05657-73.2025,3500.0
2025,4,339030,2025NE001232,2025OB001892,LUIZ FERNANDO GUERRA FILHO,Ressarcimento.Deput.Guerra.Prot.07238-66.2025,7976.93
2025,4,339039,2025NE001233,2025OB001893,LUIZ FERNANDO GUERRA FILHO,Ressarcimento.Deput.Guerra.Prot.07238-66.2025,6089.3
2025,4,339030,2025NE001489,2025OB002482,LUIZ FERNANDO GUERRA FILHO,"Ressarc. Dep. Luiz Fernando Guerra, 08283-78.2025",12227.55
2025,4,339033,2025NE001490,2025OB002483,LUIZ FERNANDO GUERRA FILHO,"Ressarc. Dep. Luiz Fernando Guerra, 08283-78.2025",955.02
2025,4,339039,2025NE001491,2025OB002484,LUIZ FERNANDO GUERRA FILHO,"Ressarc. Dep. Luiz Fernando Guerra, 08283-78.2025",6802.8
2025,4,339030,2025NE001602,2025OB002711,MABEL CORA CANTO,Ressarcimento deputada Mabel Canto 08907-11.2025,5193.51
2025,4,339033,2025NE001603,2025OB002712,MABEL CORA CANTO,Ressarcimento deputada Mabel Canto 08907-11.2025,198.12
2025,4,339039,2025NE001605,2025OB002713,MABEL CORA CANTO,Ressarcimento Deputada Mabel Canto 08907-11.2025,11979.88
2025,4,339039,2025NE001427,2025OB002383,MARCIA CECILIA HUÇULAK,Ressarcimento Deputada Márcia Huçulak 07972-36.2025,20691.43
2025,4,339033,2025NE001426,2025OB002384,MARCIA CECILIA HUÇULAK,Ressarcimento deputada Márcia Huçulak 07972-36.2025,99.82
2025,4,339030,2025NE001425,2025OB002385,MARCIA CECILIA HUÇULAK,Ressarcimento deputada Márcia Huçulak 07972-36.2025,4132.82
2025,4,339014,2025NE001424,2025OB002386,MARCIA CECILIA HUÇULAK,Ressarcimento Deputada Márcia Huçulak 07972-36.2025,5518.94
2025,4,339030,2025NE001276,2025OB002039,MARCIO JOSE PACHECO RAMOS,Ressarc.Deput.Marcio Pacheco.Prot.07342-71.2025,4983.51
2025,4,339033,2025NE001277,2025OB002040,MARCIO JOSE PACHECO RAMOS,Ressarc.Deput.Marcia Pacheco.Prot.07342-71.2025,3573.22
2025,4,339039,2025NE001278,2025OB002041,MARCIO JOSE PACHECO RAMOS,Ressarc.Deput.Marcio Pacheco.Prot.07342-71.2025,11465.71
2025,4,339039,2025NE001305,2025OB002086,MARCIO JOSE PACHECO RAMOS,Ressarcimento.Deput.Marcio Pacheco.Prot.07665-80.2025,4000.0
2025,4,339030,2025NE001394,2025OB002350,MARCIO JOSE PACHECO RAMOS,Ressarcimento deputado Márcio Pacheco 08042-86.2025,4868.76
2025,4,339039,2025NE001396,2025OB002351,MARCIO JOSE PACHECO RAMOS,Ressarcimento Deputado Márcio Pacheco 08042-86.2025,9793.05
2025,4,339033,2025NE001395,2025OB002352,MARCIO JOSE PACHECO RAMOS,Ressarcimento deputado Márcio Pacheco 08042-86.2025,2268.18
2025,4,339030,2025NE001279,2025OB002038,MARIA VICTORIA BORGHETTI BARROS,Ressarcimento Deputada Maria Victoria 07653-16.2025,3214.88
2025,4,339030,2025NE001303,2025OB002096,MARIA VICTORIA BORGHETTI BARROS,Ressarcimento.Deput.Maria Victoria.Prot.07668-96.2025,2690.46
2025,4,339039,2025NE001304,2025OB002097,MARIA VICTORIA BORGHETTI BARROS,Ressarcimento.Deput.Maria Victoria.Prot.07668-96.2025,6400.0
2025,4,339039,2025NE001450,2025OB002414,MARIA VICTORIA BORGHETTI BARROS,Ressarcimento Deputada Maria Victoria 08266-52.2025,13270.0
2025,4,339030,2025NE001449,2025OB002415,MARIA VICTORIA BORGHETTI BARROS,Ressarcimento Deputada Maria Victoria 08266-52.2025,3346.38
2025,4,339030,2025NE001241,2025OB001965,MARILEI DE SOUZA LIMA,Ressarcimento Deputada Cantora Mara Lima 07327-88.2025,3686.96
2025,4,339033,2025NE001243,2025OB001966,MARILEI DE SOUZA LIMA,Ressarcimento Deputada Cantora Mara Lima 07327-88.2025,80.0
2025,4,339039,2025NE001244,2025OB001967,MARILEI DE SOUZA LIMA,Ressarcimento Deputada Cantora Mara Lima 07327-88.2025,9947.0
2025,4,339039,2025NE001442,2025OB002408,MARILEI DE SOUZA LIMA,Ressarcimento deputada Cantora Mara Lima 08044-32.2025,22268.87
2025,4,339030,2025NE001438,2025OB002409,MARILEI DE SOUZA LIMA,Ressarcimento Deputada Cantora Mara Lima 08044-32.2025,4256.25
2025,4,339030,2025NE001655,2025OB002714,MARILEI DE SOUZA LIMA,Ressarcimento Deputada Cantora Mara Lima 08931-42.2025,1342.74
2025,4,339030,2025NE001434,2025OB002401,MARLY PAULINO FAGUNDES,Ressarcimento.Deput.Marly Paulino.Prot.08033-38.2025,4749.21
2025,4,339033,2025NE001435,2025OB002402,MARLY PAULINO FAGUNDES,Ressarcimento.Deput.Marly Paulino.Prot.08033-38.2025,550.0
2025,4,339039,2025NE001436,2025OB002403,MARLY PAULINO FAGUNDES,Ressarcimento.Deput.Marly Paulino.Prot.08033-38.2025,37599.49
2025,4,339030,2025NE001657,2025OB002723,MATHEUS VELOSO MARIA,Ressarc.Deput.Matheus Vermelho.prot.08920-48.2025,3058.92
2025,4,339033,2025NE001658,2025OB002724,MATHEUS VELOSO MARIA,"Ressarc.Deput,Matheus Vermelho.prot.08920-48.2025",8064.3
2025,4,339039,2025NE001662,2025OB002725,MATHEUS VELOSO MARIA,Ressarc.Deput.Matheus Vermelho.Prot.08920-48.2025,29707.27
2025,4,339030,2025NE001251,2025OB001961,MAURICIO THADEU DE MELLO E SILVA,Ressarcimento.Deput.Requiao Filho.Prot.07394-25.2025,3984.16
2025,4,339033,2025NE001252,2025OB001962,MAURICIO THADEU DE MELLO E SILVA,Ressarcimento.Deput.Requião Filho.prot.07394-25.2025,987.34
2025,4,339039,2025NE001253,2025OB001963,MAURICIO THADEU DE MELLO E SILVA,Ressarcimento.Deput.Requião filho.Prot.07394-25.2025,5119.5
2025,4,339039,2025NE001476,2025OB002495,MAURICIO THADEU DE MELLO E SILVA,Ressarcimento Deputado Requião Filho 08347-96.2025,32740.97
2025,4,339030,2025NE001472,2025OB002496,MAURICIO THADEU DE MELLO E SILVA,Ressarcimento deputado Requião Filho 08347-96.2025,2040.86
2025,4,339030,2025NE001360,2025OB002219,MOACYR ELIAS FADEL JUNIOR,Ressarcimento.Deput.Moacyr Fadel.prot.07751-86.2025,215.44
2025,4,339039,2025NE001361,2025OB002220,MOACYR ELIAS FADEL JUNIOR,Ressarcimento.Deput.Moacyr Fadel.Prot.07751-86.2025,8520.0
2025,4,339030,2025NE001385,2025OB002267,MOACYR ELIAS FADEL JUNIOR,Ressarc.Deput.Moacyr Fadel.Prot.07952-91.2025,7601.26
2025,4,339033,2025NE001386,2025OB002268,MOACYR ELIAS FADEL JUNIOR,Ressarc.Deput.Moacyr Fadel.prot.07952-91.2025,292.53
2025,4,339039,2025NE001387,2025OB002270,MOACYR ELIAS FADEL JUNIOR,Ressarc.Deput.Moacyr Fadel.Prot.07952-91.2025,6936.63
2025,4,339030,2025NE001529,2025OB002619,MOACYR ELIAS FADEL JUNIOR,Ressarcimento deputado Moacyr Fadel 08769-51.2025,4360.3
2025,4,339039,2025NE001530,2025OB002620,MOACYR ELIAS FADEL JUNIOR,Ressarcimento deputado Moacyr Fadel 08769-51.2025,12847.37
2025,4,339030,2025NE001339,2025OB002165,Marcelo Rangel Cruz de Oliveira,Ressarcimento.Deput.Marcelo Rangel.Prot.07649-27.2025,3043.93
2025,4,339033,2025NE001340,2025OB002166,Marcelo Rangel Cruz de Oliveira,Ressarcimento.Deput.Marcelo Rangel.Prot.07649-27.2025,81.28
2025,4,339039,2025NE001341,2025OB002167,Marcelo Rangel Cruz de Oliveira,Ressarcimento.Deput.Marcelo Rangel.Prot.07649-27.2025,24202.62
2025,4,339039,2025NE001411,2025OB002379,Marcelo Rangel Cruz de Oliveira,Ressarcimento Deputado Marcelo Rangel 08014-66.2025,8900.0
2025,4,339030,2025NE001408,2025OB002380,Marcelo Rangel Cruz de Oliveira,Ressarcimento Deputado Marcelo Rangel 08014-66.2025,107.09
2025,4,339030,2025NE001456,2025OB002417,Marcelo Rangel Cruz de Oliveira,Ressarc. Dep. Marcelo Rangel. 08135-97.2025,1859.9
2025,4,339039,2025NE001457,2025OB002418,Marcelo Rangel Cruz de Oliveira,Ressarc. Dep. Marcelo Rangel. 08135-97.2025,14480.0
2025,4,339039,2025NE001588,2025OB002664,Marcelo Rangel Cruz de Oliveira,Ressarcimento Deputado Marcelo Rangel 08804-76.2025,11000.0
2025,4,339033,2025NE001587,2025OB002665,Marcelo Rangel Cruz de Oliveira,Ressarcimento deputado Marcelo Rangel 08804-76.2025,34.8
2025,4,339030,2025NE001586,2025OB002666,Marcelo Rangel Cruz de Oliveira,Ressarcimento Deputado Marcelo Rangel 08804-76.2025,1508.71
2025,4,339039,2025NE001483,2025OB002443,NELSON ROBERTO PLACIDO SILVA JUSTUS,Ressarc.Deput.Nrlson Justus.Prot.07343-44.2025,36500.0
2025,4,339030,2025NE001614,2025OB002697,NEY LEPREVOST NETO,Ressarcimento Deputado Ney Leprevost 08824-21.2025,8598.16
2025,4,339039,2025NE001621,2025OB002698,NEY LEPREVOST NETO,Ressarcimento Deputado Ney Leprevost 08824-21.2025,37848.6
2025,4,339039,2025NE001300,2025OB002094,OZIEL LUIZ DE SOUZA,Ressarcimento Deputado Batatinha 07630-55.2025,5360.0
2025,4,339014,2025NE001297,2025OB002095,OZIEL LUIZ DE SOUZA,Ressarcimento Deputado Batatinha 07630-55.2025,501.73
2025,4,339030,2025NE001486,2025OB002448,OZIEL LUIZ DE SOUZA,Ressarc.Deput.Batatinha.Prot.08380-78.2025,1073.53
2025,4,339039,2025NE001487,2025OB002449,OZIEL LUIZ DE SOUZA,Ressarc.Deput.Batatinha.Prot.08100-72.2025,4320.0
2025,4,339030,2025NE001473,2025OB002489,OZIEL LUIZ DE SOUZA,Ressarc.Deput.Batatinha.Prot.08100-72.2025,3991.44
2025,4,339033,2025NE001474,2025OB002490,OZIEL LUIZ DE SOUZA,Ressarc.Deput.Batatinha.Prot.08100-72.2025,391.46
2025,4,339039,2025NE001475,2025OB002491,OZIEL LUIZ DE SOUZA,Ressarc.Deput.Batatinha.Prot.08100-72.2025,509.44
2025,4,339030,2025NE001640,2025OB002677,OZIEL LUIZ DE SOUZA,Ressarcimento Deputado Batatinha 08927-53.2025,1827.63
2025,4,339033,2025NE001641,2025OB002678,OZIEL LUIZ DE SOUZA,Ressarcimento deputado Batatinha 08927-53.2025,1006.94
2025,4,339039,2025NE001642,2025OB002679,OZIEL LUIZ DE SOUZA,Ressarcimento Deputado Batatinha 08927-53.2025,9144.99
2025,4,339039,2025NE001639,2025OB002699,OZIEL LUIZ DE SOUZA,"Ressarc. Dep. Batatinha, 09173-07.2025",20110.0
2025,4,339033,2025NE001336,2025OB002125,PAULO ROBERTO MOREIRA GOMES JUNIOR,Ressarcimento Deputado Paulo Gomes 07673-58.2025,154.9
2025,4,339030,2025NE001335,2025OB002126,PAULO ROBERTO MOREIRA GOMES JUNIOR,Ressarcimento Deputado Paulo Gomes 07673-58.2025,5226.76
2025,4,339014,2025NE001333,2025OB002127,PAULO ROBERTO MOREIRA GOMES JUNIOR,Ressarcimento Deputado Paulo Gomes 07673-58.2025,2006.9
2025,4,339039,2025NE001482,2025OB002485,PAULO ROBERTO MOREIRA GOMES JUNIOR,Ressarcimento deputado Paulo Gomes 08254-85.2025,30648.99
2025,4,339033,2025NE001480,2025OB002486,PAULO ROBERTO MOREIRA GOMES JUNIOR,Ressarcimento deputado Paulo Gomes 08254-85.2025,36.7
2025,4,339030,2025NE001478,2025OB002487,PAULO ROBERTO MOREIRA GOMES JUNIOR,Ressarcimento Deputado Paulo Gomes 08254-85.2025,3136.18
2025,4,339014,2025NE001477,2025OB002488,PAULO ROBERTO MOREIRA GOMES JUNIOR,Ressarcimento deputado Paulo Gomes 08254-85.2025,752.58
2025,4,339030,2025NE001235,2025OB001899,PAULO ROGERIO DO CARMO,Ressarcimento.Deput.Do Carmos.Prot.07135-34.2025,436.85
2025,4,339033,2025NE001236,2025OB001900,PAULO ROGERIO DO CARMO,Ressarcimento.Deput.Do Carmo.Prot.07135-34.2025,2224.71
2025,4,339039,2025NE001237,2025OB001901,PAULO ROGERIO DO CARMO,Ressarcimento.Deput.Do Carmo.Prot.07135-34.2025,6272.0
2025,4,339039,2025NE001342,2025OB002168,PAULO ROGERIO DO CARMO,Ressarcimento.Deput.Do Carmo.Prot.07793-19.2025,11500.0
2025,4,339039,2025NE001392,2025OB002344,PAULO ROGERIO DO CARMO,Ressarcimento Deputado do Carmo 07801-94.2025,13154.54
2025,4,339033,2025NE001391,2025OB002345,PAULO ROGERIO DO CARMO,Ressarcimento Deputado Do Carmo 07801-94.2025,34.94
2025,4,339030,2025NE001390,2025OB002346,PAULO ROGERIO DO CARMO,Ressarcimento deputado Do Carmo 07801-94.2025,200.0
2025,4,339039,2025NE001215,2025OB001868,PEDRO PAULO BAZANA,Ressarcimento Deputado Bazana 07232-34.2025,23450.05
2025,4,339033,2025NE001214,2025OB001869,PEDRO PAULO BAZANA,Ressarcimento Deputado Bazana 07232-34.2025,26.1
2025,4,339030,2025NE001213,2025OB001870,PEDRO PAULO BAZANA,Ressarcimento Deputado Bazana 07232-34.2025,3050.93
2025,4,339039,2025NE001539,2025OB002601,PEDRO PAULO BAZANA,Ressarcimento deputado Bazana 08590-34.2025,28470.96
2025,4,339030,2025NE001537,2025OB002602,PEDRO PAULO BAZANA,Ressarcimento Deputado Bazana 08590-34.2025,5667.57
2025,4,339033,2025NE001538,2025OB002603,PEDRO PAULO BAZANA,Ressarcimento Deputado Bazana 08590-34.2025,127.1
2025,4,339039,2025NE001369,2025OB002271,RENATO DE ALMEIDA FREITAS JUNIOR,Ressarcimento Deputado Renato Freitas 07862-96.2025,4578.2
2025,4,339033,2025NE001368,2025OB002272,RENATO DE ALMEIDA FREITAS JUNIOR,Ressarcimento Deputado Renato Freitas 07862-96.2025,520.98
2025,4,339030,2025NE001367,2025OB002273,RENATO DE ALMEIDA FREITAS JUNIOR,Ressarcimento Dputado Renato Freitas 07862-96.2025,1873.51
2025,4,339030,2025NE001484,2025OB002480,RENATO DE ALMEIDA FREITAS JUNIOR,Ressarcimento deputado Renato Freitas 08389-29.2025,1140.87
2025,4,339039,2025NE001485,2025OB002481,RENATO DE ALMEIDA FREITAS JUNIOR,Ressarcimento Deputado Renato Freitas 08389-29.2025,17410.8
2025,4,339014,2025NE001186,2025OB001800,RICARDO ARRUDA NUNES,Ressarcimento.Deput.Ricardo Arruda.Prot.07104-95.2025,7274.97
2025,4,339030,2025NE001187,2025OB001801,RICARDO ARRUDA NUNES,Ressarcimento.Deput.Ricardo Arruda.Prot.07104-95.2025,1967.4
2025,4,339033,2025NE001188,2025OB001802,RICARDO ARRUDA NUNES,Ressarcimento.Deput.Ricardo Arruda.Prot.07104-95.2025,3211.2
2025,4,339039,2025NE001189,2025OB001803,RICARDO ARRUDA NUNES,Ressarcimento.Deput.Ricardo Arruda.Prot.07104-95.2025,399.98
2025,4,339039,2025NE001356,2025OB002221,RICARDO ARRUDA NUNES,Ressarcimento Deputado Ricardo Arruda 07755-75.2025,58249.98
2025,4,339033,2025NE001355,2025OB002222,RICARDO ARRUDA NUNES,Ressarcimento Deputado Ricardo Arruda 07755-75.2025,2421.9
2025,4,339030,2025NE001354,2025OB002223,RICARDO ARRUDA NUNES,Ressarcimento Deputado Ricardo Arruda 07755-75.2025,986.29
2025,4,339014,2025NE001353,2025OB002224,RICARDO ARRUDA NUNES,Ressarcimento Deputdo Ricardo Arruda 07755-75.2025,1254.29
2025,4,339039,2025NE001194,2025OB001807,SAMUEL PEREIRA DA SILVA,Ressarcimento Deputado Samuel Dantas 07195-63.2025,28131.13
2025,4,339030,2025NE001193,2025OB001808,SAMUEL PEREIRA DA SILVA,Ressarcimento Deputado Samuel Dantas 07195-63.2025,3330.36
2025,4,339030,2025NE001262,2025OB001979,SAMUEL PEREIRA DA SILVA,Ressarcimento.Deput.Samuel Dantas.prot.03914-89.2025,6894.61
2025,4,339039,2025NE001263,2025OB001980,SAMUEL PEREIRA DA SILVA,Ressarcimento.Deput.Samuel Dantas.prot.03914-89.2025,45369.5
2025,4,339039,2025NE001381,2025OB002274,TITO LÍVIO BARICHELLO,Ressarcimento Deputado Tito Barrichelo 07805-83.2025,12212.5
2025,4,339030,2025NE001379,2025OB002275,TITO LÍVIO BARICHELLO,Ressarcimento Deputado Tito Barrichelo 07805-83.2025,173.05
2025,4,339030,2025NE001399,2025OB002353,TITO LÍVIO BARICHELLO,"Ressarc. Dep. Tito Barrichello, 08017-82.2025",3617.11
2025,4,339039,2025NE001400,2025OB002354,TITO LÍVIO BARICHELLO,"Ressarc. Dep. Tito Barrichello, 08017-82.2025",2783.12
2025,4,339039,2025NE001500,2025OB002476,TITO LÍVIO BARICHELLO,Ressarcimento Deputado Tito Barrichelo 08318-06.2025,6637.37
2025,4,339030,2025NE001499,2025OB002477,TITO LÍVIO BARICHELLO,Ressarcimento Deputado Tito Barrichelo 08318-06.2025,705.47
2025,4,339039,2025NE001461,2025OB002492,TITO LÍVIO BARICHELLO,Ressarcimento deputado Tito Barrichelo 08082-73.2025,1262.5
2025,4,339033,2025NE001460,2025OB002493,TITO LÍVIO BARICHELLO,Ressarcimento Deputado Tito Barrichelo 08082-73.2025,66.2
2025,4,339030,2025NE001504,2025OB002494,TITO LÍVIO BARICHELLO,Ressarcimento deputado Tito Barrichelo 08082-73.2025,479.57
2025,5,339033,2025NE002004,2025OB003299,ADEMAR LUIZ TRAIANO,"Ressarc. Dep. Ademar Traiano, 10704-89.2025",202.27
2025,5,339030,2025NE002002,2025OB003300,ADEMAR LUIZ TRAIANO,"Ressarc. Dep. Ademar Traiano, 10704-89.2025",9380.2
2025,5,339039,2025NE002005,2025OB003301,ADEMAR LUIZ TRAIANO,"Ressarc. Dep. Ademar Traiano, 10704-89.2025",42221.27
2025,5,339039,2025NE002060,2025OB003368,ADRIANO JOSE DA SILVA,Ressarcimento deputado Professor Lemos 10778-31.2025,1444.05
2025,5,339030,2025NE002057,2025OB003369,ADRIANO JOSE DA SILVA,Ressarcimento Deputado Professor Lemos 10778-31.2025,312.0
2025,5,339039,2025NE002139,2025OB003490,ADRIANO JOSE DA SILVA,Ressarcimento deputado Adriano José 10955-05.2025,10500.0
2025,5,339030,2025NE002138,2025OB003491,ADRIANO JOSE DA SILVA,Ressarcimento Deputado Adriano José 10955-05.2025,1694.16
2025,5,339030,2025NE002201,2025OB003608,ADRIANO JOSE DA SILVA,"Ressarc. Dep. Soldado Adriano José, 10680-58.2025",2303.9
2025,5,339033,2025NE002202,2025OB003609,ADRIANO JOSE DA SILVA,"Ressarc. Dep. Soldado Adriano José, 10680-58.2025",962.56
2025,5,339039,2025NE002203,2025OB003610,ADRIANO JOSE DA SILVA,"Ressarc. Dep. Soldado Adriano José, 10680-58.2025",6588.87
2025,5,339030,2025NE001680,2025OB002821,ADÃO FERNANDES,Ressarcimento Deputado Adão Litro 09053-46.2025,1493.86
2025,5,339039,2025NE001681,2025OB002822,ADÃO FERNANDES,Ressarcimento deputado Adão Litro 09053-46.2025,15678.06
2025,5,339030,2025NE001866,2025OB003112,ADÃO FERNANDES,Ressarcimento Deputado Adão Litro 10211-14.2025,1563.34
2025,5,339039,2025NE001867,2025OB003113,ADÃO FERNANDES,Ressarcimento Deputado Adão Litro 10211-14.2025,15259.0
2025,5,339039,2025NE001975,2025OB003257,ADÃO FERNANDES,Ressa.Deput.Adao Litro.Prot.10422-40.2025,1030.0
2025,5,339030,2025NE002109,2025OB003408,ADÃO FERNANDES,"Ressarc. Dep. Adão Litro, 10814-29.2025",2328.38
2025,5,339039,2025NE002110,2025OB003409,ADÃO FERNANDES,"Ressarc. Dep. Adão Litro, 10814-29.2025",1581.79
2025,5,339030,2025NE002177,2025OB003564,ADÃO FERNANDES,"Ressarc. Dep. Adão Litro, 11120-12.2025",1379.75
2025,5,339039,2025NE002179,2025OB003565,ADÃO FERNANDES,"Ressarc. Dep. Adão Litro, 11120-12.2025",15812.63
2025,5,339039,2025NE001939,2025OB003218,ALEXANDRE AMARO,Ressarcimento Deputado Alexandre Amaro 10347-28.2025,11502.69
2025,5,339030,2025NE001938,2025OB003219,ALEXANDRE AMARO,Ressarcimento Deputado Alexandre Amaro 10347-28.2025,3662.75
2025,5,339014,2025NE001936,2025OB003220,ALEXANDRE AMARO,Ressarcimento Deputado Alexandre Amaro 10347-28.2025,752.59
2025,5,339039,2025NE002165,2025OB003562,ALEXANDRE AMARO,Ressarcimento deputado Alexandre Amaro 10953-59.2025,7328.33
2025,5,339030,2025NE002162,2025OB003563,ALEXANDRE AMARO,Ressarcimento Deputado Alexandre Amaro 10953-59.2025,2958.97
2025,5,339039,2025NE002187,2025OB003569,ALEXANDRE AMARO,Ressarcimento Deputado Alexandre Amaro 11046-70.2025,1066.8
2025,5,339030,2025NE002186,2025OB003570,ALEXANDRE AMARO,Ressarcimento Deputado Alexandre Amaro 11046-70.2025,1926.98
2025,5,339093,2026NE001607,2025OB003597,ALEXANDRE AMARO,Ressa.Deput.Alexandre Amaro.Prot.07684-49.2026,16935.49
2025,5,339039,2025NE001918,2025OB003167,ALISSON ANTHONY WANDSCHEER,Ressarcimento Deputado Alisson Wandscheer 10248-82.2025,35947.0
2025,5,339030,2025NE001917,2025OB003168,ALISSON ANTHONY WANDSCHEER,Ressarcimento Deputado Alisson Wandscheer 10248-82.2025,6102.95
2025,5,339014,2025NE001970,2025OB003253,ANA JÚLIA RIBEIRIO,Ressarcimento Deputada Ana Júlia 10101-74.2025,4515.51
2025,5,339030,2025NE001971,2025OB003254,ANA JÚLIA RIBEIRIO,Ressarcimento deputada Ana Júlia 10101-74.2025,3168.62
2025,5,339039,2025NE001972,2025OB003255,ANA JÚLIA RIBEIRIO,Ressarcimento deputada Ana Júlia 10101-74.2025,10765.08
2025,5,339033,2025NE001980,2025OB003256,ANA JÚLIA RIBEIRIO,Ressarcimento deputada Ana Júlia 10101-74.2025,5699.48
2025,5,339039,2025NE001993,2025OB003298,ANA JÚLIA RIBEIRIO,Ressarcimento deputada Ana Júlia 10669-64.2025,5205.0
2025,5,339030,2025NE002106,2025OB003410,ANA JÚLIA RIBEIRIO,"Ressarc. Dep. Ana Julia, 10621-02.2025",3678.2
2025,5,339039,2025NE002108,2025OB003411,ANA JÚLIA RIBEIRIO,"Ressarc. Dep. Ana Julia, 10621-02.2025",8454.43
2025,5,339039,2025NE002231,2025OB003623,ANA JÚLIA RIBEIRIO,Ressarcimento deputada Ana Júlia 11456-58.2025,18415.79
2025,5,339033,2025NE002230,2025OB003624,ANA JÚLIA RIBEIRIO,Ressarcimento Deputada Ana Júlia 11456-58.2025,1002.29
2025,5,339030,2025NE002228,2025OB003625,ANA JÚLIA RIBEIRIO,Ressarcimento Deputada Ana Júlia 11456-58.2025,3642.63
2025,5,339039,2025NE001674,2025OB002831,ANTENOR GOMES DE LIMA,Ressarcimento deputado Dr. Antenor 08997-06.2025,19048.03
2025,5,339030,2025NE001671,2025OB002832,ANTENOR GOMES DE LIMA,Ressarcimento Depútado Dr. Antenor 08997-06.2025,2625.87
2025,5,339030,2025NE002227,2025OB003628,ANTENOR GOMES DE LIMA,Ressa.Deput.Dr Antenor.Prot.11159-26.2025,2341.72
2025,5,339039,2025NE002229,2025OB003629,ANTENOR GOMES DE LIMA,Ressa.Deput.Dr Antenor.Prot.11159-26.2025,38155.63
2025,5,339030,2025NE002028,2025OB003316,ANTONIO ANNIBELLI NETO,Ressa.Deput.Anibelli Neto.Prot.10681-31.2025,11773.85
2025,5,339033,2025NE002029,2025OB003317,ANTONIO ANNIBELLI NETO,Ressa.Deput.Anibelli Neto.Prot.10681-31.2025,2038.94
2025,5,339039,2025NE002030,2025OB003318,ANTONIO ANNIBELLI NETO,Ressa.Deput.Anibelli Neto.Prot.10681-31.2025,26556.9
2025,5,339039,2025NE002120,2025OB003422,ANTONIO ANNIBELLI NETO,Ressa.Deput.Anibelli Neto.Prot.10918-34.2025,10000.0
2025,5,339033,2025NE001927,2025OB003184,ARILSON MAROLDI CHIORATO,Ressa.Deput.Arilson Chiorato.Prot.10244-93.2025,3161.03
2025,5,339039,2025NE001929,2025OB003186,ARILSON MAROLDI CHIORATO,Ressa.DEput.Arilson Chiorato.Prot.10244-93.2025,5969.87
2025,5,339030,2025NE001989,2025OB003249,ARILSON MAROLDI CHIORATO,Ressa.Deput.Arilson Chiorato.Prot.10320-78.2025,2583.3
2025,5,339039,2025NE002133,2025OB003492,ARILSON MAROLDI CHIORATO,Ressarcimento Deputado Arilson Chiorato 11028-71.2025,9684.95
2025,5,339033,2025NE002131,2025OB003493,ARILSON MAROLDI CHIORATO,Ressarcimento Arilson Chiorato 11028-71.2025,1379.07
2025,5,339030,2025NE002129,2025OB003494,ARILSON MAROLDI CHIORATO,Ressarciemnto Deputado Arilson Chiorato 11028-71.2025,3758.32
2025,5,339030,2025NE002207,2025OB003600,ARILSON MAROLDI CHIORATO,Ressarcimento Deputado Arilson Chiorato 11241-43.2025,1215.27
2025,5,339033,2025NE002210,2025OB003601,ARILSON MAROLDI CHIORATO,Ressarcimento Deputado Arilson Chiorato 11241-43.2025,2948.78
2025,5,339039,2025NE002212,2025OB003602,ARILSON MAROLDI CHIORATO,Ressarcimento deputado Arilson Chiorato 11241-43.2025,1114.46
2025,5,339014,2025NE001707,2025OB002833,ARTAGAO DE MATTOS LEÃO JUNIOR,"Ressarc. Dep. Artagão Junior, 09250-62.2025",3762.93
2025,5,339030,2025NE001709,2025OB002834,ARTAGAO DE MATTOS LEÃO JUNIOR,"Ressarc. Dep. Artagão Junior, 09250-62.2025",3849.98
2025,5,339039,2025NE001710,2025OB002835,ARTAGAO DE MATTOS LEÃO JUNIOR,"Ressarc. Dep. Artagão Junior, 09250-62.2025",454.0
2025,5,339030,2025NE001942,2025OB003223,ARTAGAO DE MATTOS LEÃO JUNIOR,Ressa.Deput.Artagao Junior.prot.10260-49.2025,572.46
2025,5,339039,2025NE001944,2025OB003224,ARTAGAO DE MATTOS LEÃO JUNIOR,Ressa.Deput.Artagao Junior.Prot.10260-49.2025,561.5
2025,5,339030,2025NE002043,2025OB003360,ARTAGAO DE MATTOS LEÃO JUNIOR,Ressarcimento deputado Artagão 10878-47.2025,1179.27
2025,5,339039,2025NE002044,2025OB003361,ARTAGAO DE MATTOS LEÃO JUNIOR,Ressarcimento Deputado Artagão 10878-47.2025,2608.0
2025,5,339039,2025NE002122,2025OB003415,ARTAGAO DE MATTOS LEÃO JUNIOR,Ressarcimento Deputado Artagão 10982-52.2025,257.4
2025,5,339030,2025NE002121,2025OB003416,ARTAGAO DE MATTOS LEÃO JUNIOR,Ressarcimento Deputado Artagão 10982-52.2025,1697.41
2025,5,339014,2025NE002119,2025OB003417,ARTAGAO DE MATTOS LEÃO JUNIOR,Ressarcimento Deputado Artagão 10982-52.2025,2257.76
2025,5,339014,2025NE002217,2025OB003598,ARTAGAO DE MATTOS LEÃO JUNIOR,Ressarcimento Deputado Artagão 10972-31.2025,4515.5
2025,5,339030,2025NE002218,2025OB003599,ARTAGAO DE MATTOS LEÃO JUNIOR,Ressarcimento deputado Artagão 10972-31.2025,2408.19
2025,5,339030,2025NE001742,2025OB002889,Aldino Jorge Bueno,Ressarc.Deput.Gugu Bueno.Prot.09521-20.2025,445.49
2025,5,339039,2025NE001907,2025OB003166,Aldino Jorge Bueno,"Ressarc. Dep. Gugu Bueno, 10377-91.2025",12500.0
2025,5,339030,2025NE002058,2025OB003366,Aldino Jorge Bueno,"Ressarc. Dep. Gugu Bueno, 10930-98.2025",4606.1
2025,5,339039,2025NE002059,2025OB003367,Aldino Jorge Bueno,"Ressarc. Dep. Gugu Bueno, 10930-98.2025",1105.45
2025,5,339030,2025NE002049,2025OB003362,Alexandre Maranhão Curi,"Ressarc. Dep. Alexandre Curi, 10933-17.2025",5983.07
2025,5,339033,2025NE002050,2025OB003363,Alexandre Maranhão Curi,"Ressarc. Dep. Alexandre Curi, 10933-17.2025",817.67
2025,5,339039,2025NE002052,2025OB003364,Alexandre Maranhão Curi,"Ressarc. Dep. Alexandre Curi, 10933-17.2025",25753.73
2025,5,339030,2025NE001871,2025OB003105,CLOARA PINHEIRO LIMA,"Ressarc. Dep. Cloara Pinheiro, 10047-77.2025",2633.59
2025,5,339033,2025NE001873,2025OB003106,CLOARA PINHEIRO LIMA,"Ressarc. Dep. Cloara Pinheiro, 10047-77.2025",948.72
2025,5,339039,2025NE001874,2025OB003107,CLOARA PINHEIRO LIMA,"Ressarc. Dep. Cloara Pinheiro, 10047-77.2025",7507.35
2025,5,339030,2025NE002193,2025OB003586,CLOARA PINHEIRO LIMA,Ressa.Deput.Cloara Pinheiro.Prot.10685-20.2025,1949.54
2025,5,339033,2025NE002194,2025OB003587,CLOARA PINHEIRO LIMA,Ressa.Deput.Cloara Pinheiro.prot.10685-20.2025,52.08
2025,5,339039,2025NE002195,2025OB003588,CLOARA PINHEIRO LIMA,Ressa.Deput.Cloara Pinheiro.Prot.10685-20.2025,7443.76
2025,5,339030,2025NE002234,2025OB003630,CLOARA PINHEIRO LIMA,"Ressarc. Dep. Cloara Pinheiro, 11068-58.2025",3125.99
2025,5,339033,2025NE002235,2025OB003631,CLOARA PINHEIRO LIMA,"Ressarc. Dep. Cloara Pinheiro, 11068-58.2025",3027.53
2025,5,339039,2025NE002236,2025OB003632,CLOARA PINHEIRO LIMA,"Ressarc. Dep. Cloara Pinheiro, 11068-58.2025",625.05
2025,5,339014,2025NE001676,2025OB002815,DENIAN COUTO COELHO,Ressarcimento deputado Denian Couto 09160-67.2025,1393.69
2025,5,339030,2025NE001678,2025OB002816,DENIAN COUTO COELHO,Ressarcimento deputado Denian Couto 09160-67.2025,1759.9
2025,5,339039,2025NE001679,2025OB002817,DENIAN COUTO COELHO,Ressarcimento deputado Denian Couto 09160-67.2025,340.07
2025,5,339039,2025NE002014,2025OB003315,DENIAN COUTO COELHO,Ressarcimento deputado Denian Couto 10539-82.2025,17780.0
2025,5,339014,2025NE002001,2025OB003327,DENIAN COUTO COELHO,Ressarcimento deputado Denian Couto 10619-56.2025,2409.62
2025,5,339030,2025NE002003,2025OB003328,DENIAN COUTO COELHO,Ressarcimento deputado Denian Couto 10619-56.2025,1305.3
2025,5,339033,2025NE002006,2025OB003329,DENIAN COUTO COELHO,Ressarcimento Deputado Denian Couto 10619-56.2025,1422.16
2025,5,339039,2025NE002007,2025OB003330,DENIAN COUTO COELHO,Ressarcimento deputado Denian Couto 10619-56.2025,370.7
2025,5,339014,2025NE002031,2025OB003331,DENIAN COUTO COELHO,"Ressarc. Dep. Denian Couto, 10619-56.2025",13295.65
2025,5,339014,2025NE002213,2025OB003611,DENIAN COUTO COELHO,Ressarcimento Deputado Denian Couto 11352-53.2025,7024.13
2025,5,339030,2025NE002214,2025OB003612,DENIAN COUTO COELHO,Ressarcimento Deputado Denian Couto 11352-53.2025,916.35
2025,5,339033,2025NE002215,2025OB003613,DENIAN COUTO COELHO,Ressarcimento Deputado Denian Couto 11352-53.2025,727.18
2025,5,339039,2025NE002216,2025OB003614,DENIAN COUTO COELHO,Ressarcimento Deputado Denian Couto 11352-53.2025,1326.33
2025,5,339030,2025NE001724,2025OB002913,DEVANIL REGINALDO DA SILVA,Ressarcimento Deputado Cobra Repórter 09228-74.2025,1753.63
2025,5,339033,2025NE001725,2025OB002914,DEVANIL REGINALDO DA SILVA,Ressarcimento Deputado Cobra Repórter 09228-74.2025,993.11
2025,5,339039,2025NE001726,2025OB002915,DEVANIL REGINALDO DA SILVA,Ressarcimento deputado Cobra Repórter 09228-74.2025,18795.61
2025,5,339030,2025NE001878,2025OB003136,DEVANIL REGINALDO DA SILVA,Ressarcimento Deputado Cobra Repórter 10132-13.2025,2199.74
2025,5,339039,2025NE001882,2025OB003137,DEVANIL REGINALDO DA SILVA,Ressarcimento Deputado Cobra Repórter 10132-13.2025,4663.02
2025,5,339030,2025NE002147,2025OB003508,DEVANIL REGINALDO DA SILVA,Ressa.Deput.Cobra Reporter.Prot.10847-11.2025,200.0
2025,5,339039,2025NE002148,2025OB003509,DEVANIL REGINALDO DA SILVA,Ressa.Deput.Cobra Reporter.Prot.10847-11.2025,18368.57
2025,5,339030,2025NE001883,2025OB003121,EVANDRO JOSE DA CRUZ ARAUJO,Ressarcimento Deputado Evandro Araújo 10065-76.2025,2402.13
2025,5,339033,2025NE001884,2025OB003122,EVANDRO JOSE DA CRUZ ARAUJO,Ressarcimento Deputado Evandro Araújo 10065-76.2025,2506.1
2025,5,339039,2025NE001885,2025OB003123,EVANDRO JOSE DA CRUZ ARAUJO,Ressarcimento Deputado Evandro Araújo 10065-76.2025,8864.72
2025,5,339030,2025NE002143,2025OB003495,EVANDRO JOSE DA CRUZ ARAUJO,Ressa.Deput.Evandro Araujo.Prot.10915-18.2025,1404.3
2025,5,339039,2025NE002144,2025OB003496,EVANDRO JOSE DA CRUZ ARAUJO,Ressa.Deput.Evandro Araujo.Prot.10915-18.2025,6644.32
2025,5,339033,2025NE002168,2025OB003580,EVANDRO JOSE DA CRUZ ARAUJO,Ressarcimento Deputado Alexandre Amaro 11029-44.2025,8.7
2025,5,339039,2025NE002169,2025OB003581,EVANDRO JOSE DA CRUZ ARAUJO,Ressarcimento deputado Evandro Araújo 11029-44.2025,783.98
2025,5,339030,2025NE002167,2025OB003582,EVANDRO JOSE DA CRUZ ARAUJO,Ressarcimento Deputado evandro Araújo 11029-44.2025,1558.88
2025,5,339030,2025NE001758,2025OB002902,FABIO OLIVEIRA,Ressarc.Deput.Fabio Oliveira.Prot.09368-77.2025,1299.72
2025,5,339033,2025NE001863,2025OB003127,FABIO OLIVEIRA,Ressa.Deput.Fabio Oliveira.Prot.10107-09.2025,46.32
2025,5,339039,2025NE001958,2025OB003236,FABIO OLIVEIRA,Ressarcimento deputado Fábio Oliveira 10117-30.2025,14520.04
2025,5,339033,2025NE001957,2025OB003237,FABIO OLIVEIRA,Ressarcimento deputado Fábio Oliveira 10117-30.2025,318.42
2025,5,339030,2025NE001956,2025OB003238,FABIO OLIVEIRA,Ressarcimento Deputado Fábio Oliveira 10117-30.2025,756.88
2025,5,339030,2025NE002180,2025OB003583,FABIO OLIVEIRA,Ressa.Deput.Fabio Oliveira.prot.10951-16.2025,1724.97
2025,5,339033,2025NE002182,2025OB003584,FABIO OLIVEIRA,Ressa.Deput.Fabio Oliveira.Prot.10951-16.2025,82.34
2025,5,339039,2025NE002184,2025OB003585,FABIO OLIVEIRA,Ressa.Deput.Fabio Oliveira.Prot.10951-16.2025,4688.63
2025,5,339039,2025NE001787,2025OB002937,FLAVIA CAROLINA RESENDE JABER FRANCISCHINI,Ressarcimento Deputada Flávia Francischini 09978-97.2025,15000.0
2025,5,339039,2025NE001812,2025OB002991,FLAVIA CAROLINA RESENDE JABER FRANCISCHINI,Ressarcimento Deputada Flávia Francischini 10081-32.2025,10000.0
2025,5,339014,2025NE001811,2025OB002992,FLAVIA CAROLINA RESENDE JABER FRANCISCHINI,Ressarcimento deputada Flávia Francischini 10081-32.2025,3010.36
2025,5,339039,2025NE001869,2025OB003124,FLAVIA CAROLINA RESENDE JABER FRANCISCHINI,"Ressarc. Dep. Flavia Francischini, 10283-10.2025",11580.0
2025,5,339039,2025NE001705,2025OB002841,GILSON DE SOUZA,Ressarcimento deputado Gilson de Souza 09339-84.2025,12423.94
2025,5,339039,2025NE001925,2025OB003181,GILSON DE SOUZA,Ressarcimento Deputado Gilson de Souza 10391-04.2025,21126.06
2025,5,339030,2025NE001924,2025OB003182,GILSON DE SOUZA,Ressarcimento Deputado Gilson de Souza 10391-04.2025,1858.24
2025,5,339014,2025NE001672,2025OB002752,HUSSEIN BAKRI,Ressarc. Dep. Hussein Bakri 09229-47.2025,557.48
2025,5,339030,2025NE002012,2025OB003306,HUSSEIN BAKRI,Ressa.Deput.Hussein Bakri.Prot.10692-25.2025,6705.31
2025,5,339039,2025NE002013,2025OB003307,HUSSEIN BAKRI,Ressa.Deput.Hussein Bakri.Prot.10692-25.2025,13070.36
2025,5,339039,2025NE001876,2025OB003114,ISABEL CRISTINA RAUEN SILVESTRI,Ressarcimento Deputada Cristina Silvestri 10062-60.2025,33210.66
2025,5,339033,2025NE001872,2025OB003115,ISABEL CRISTINA RAUEN SILVESTRI,Ressarcimento Deputada Cristina Silvestri 10062-60.2025,1250.0
2025,5,339030,2025NE001870,2025OB003116,ISABEL CRISTINA RAUEN SILVESTRI,Ressarcimento Deputada Cristina Silvestri 10062-60.2025,6539.51
2025,5,339030,2025NE001704,2025OB002836,JORGE GOMES DE OLIVEIRA BRAND,"Ressarc. Dep. Goura, 09231-90.2025",670.0
2025,5,339039,2025NE001706,2025OB002837,JORGE GOMES DE OLIVEIRA BRAND,"Ressarc. Dep. Goura, 09231-90.2025",7791.58
2025,5,339014,2025NE001749,2025OB002885,JORGE GOMES DE OLIVEIRA BRAND,"Ressarc. Dep. Goura, 09747-29.2025",808.34
2025,5,339030,2025NE001750,2025OB002886,JORGE GOMES DE OLIVEIRA BRAND,"Ressarc. Dep. Goura, 09747-29.2025",1779.81
2025,5,339033,2025NE001751,2025OB002887,JORGE GOMES DE OLIVEIRA BRAND,"Ressarc. Dep. Goura, 09747-29.2025",45.2
2025,5,339039,2025NE001752,2025OB002888,JORGE GOMES DE OLIVEIRA BRAND,"Ressarc. Dep. Goura, 09747-29.2025",7127.05
2025,5,339030,2025NE002105,2025OB003401,JORGE GOMES DE OLIVEIRA BRAND,Ressa.Deput.Goura.Prot.10590-63.2025,9164.78
2025,5,339033,2025NE002107,2025OB003402,JORGE GOMES DE OLIVEIRA BRAND,Ressa.Deput.Goura.Prot.10590-63.2025,2969.78
2025,5,339039,2025NE002111,2025OB003403,JORGE GOMES DE OLIVEIRA BRAND,Ressa.Deput.Goura.Prot.10590-63.2025,34277.52
2025,5,339030,2025NE002065,2025OB003394,JOSE APARECIDO JACOVOS,Ressa.Deput.Delegado Jacovos.prot.10722-88.2025,10662.83
2025,5,339033,2025NE002066,2025OB003395,JOSE APARECIDO JACOVOS,Ressa.Deput.Delgado Jacovos.Prot.10722-88.2025,188.31
2025,5,339039,2025NE002067,2025OB003396,JOSE APARECIDO JACOVOS,Ressa.Deput.Delegado Jacovos.Prot.10722-88.2025,30983.65
2025,5,339030,2025NE001675,2025OB002761,JOSE GILBERTO DO CARMO ALVES RIBEIRO,"Ressarc. Dep. Gilberto Ribeiro, 09194-22.2025",1947.05
2025,5,339039,2025NE001677,2025OB002762,JOSE GILBERTO DO CARMO ALVES RIBEIRO,"Ressarc. Dep. Gilberto Ribeiro, 09194-22.2025",3324.97
2025,5,339030,2025NE001855,2025OB003147,JOSE GILBERTO DO CARMO ALVES RIBEIRO,Ressarcimento deputado Gilberto Ribeiro 09599-48.2025,458.97
2025,5,339039,2025NE001856,2025OB003148,JOSE GILBERTO DO CARMO ALVES RIBEIRO,Ressarcimento deputado Gilberto Ribeiro 09599-48.2025,13510.52
2025,5,339030,2025NE002123,2025OB003427,JOSE GILBERTO DO CARMO ALVES RIBEIRO,Ressa.Deput.Gilberto Ribeiro.prot.11001-24.2025,2960.4
2025,5,339039,2025NE002124,2025OB003428,JOSE GILBERTO DO CARMO ALVES RIBEIRO,Ressa.Deput.Gilberto Ribeiro.prot.11001-24.2025,2914.78
2025,5,339030,2025NE002170,2025OB003571,JOSE GILBERTO DO CARMO ALVES RIBEIRO,Ressarcimento Deputado Gilberto Ribeiro 11188-19.2025,677.94
2025,5,339033,2025NE002175,2025OB003572,JOSE GILBERTO DO CARMO ALVES RIBEIRO,Ressarcimento Deputado Gilberto Ribeiro 11188-19.2025,45.2
2025,5,339039,2025NE002178,2025OB003573,JOSE GILBERTO DO CARMO ALVES RIBEIRO,Ressarcimento Deputado Gilberto Ribeiro 11188-19.2025,2134.78
2025,5,339030,2025NE002196,2025OB003603,JOSE GILBERTO DO CARMO ALVES RIBEIRO,Ressa.Deput.Gilberto Ribeiro.prot.10706-35.2025,200.0
2025,5,339039,2025NE002197,2025OB003604,JOSE GILBERTO DO CARMO ALVES RIBEIRO,Ressa.Deput.Gilberto Ribeiro.prot.10706-35.2025,12300.0
2025,5,339039,2025NE001857,2025OB003149,JOSE RODRIGUES LEMOS,Ressarcimento Deputado Professor Lemos 10129-94.2025,23776.0
2025,5,339039,2025NE002055,2025OB003345,JOSE RODRIGUES LEMOS,Ressarcimento deputado Professor Lemos 10632-93.2025,15130.05
2025,5,339030,2025NE002054,2025OB003346,JOSE RODRIGUES LEMOS,Ressarcimento Deputado Professor Lemos 10632-93.2025,5517.3
2025,5,339039,2025NE001654,2025OB002754,Jairo Tamura,Ressarcimento deputado Jairo Tamura 08940-90.2025,6345.89
2025,5,339033,2025NE001653,2025OB002755,Jairo Tamura,Ressarcimento deputado Jairo Tamura 08940-90.2025,7248.52
2025,5,339030,2025NE001652,2025OB002756,Jairo Tamura,Ressarcimento Deputado Jairo Tamura 08940-90.2025,3616.49
2025,5,339039,2025NE001977,2025OB003265,Jairo Tamura,Ressa.Deput.Jairo Taruma.Prot.10400-52.2025,19610.6
2025,5,339030,2025NE002062,2025OB003348,Jairo Tamura,"Ressarc. Dep. Jairo Tamura, 10634-39.2025",3655.77
2025,5,339033,2025NE002063,2025OB003349,Jairo Tamura,"Ressarc. Dep. Jairo Tamura, 10634-39.2025",1915.3
2025,5,339039,2025NE002064,2025OB003350,Jairo Tamura,"Ressarc. Dep. Jairo Tamura, 10634-39.2025",4785.72
2025,5,339030,2025NE002140,2025OB003497,Jairo Tamura,Ressarcimento deputado Jairo Tamura 11163-15.2025,1736.5
2025,5,339033,2025NE002141,2025OB003498,Jairo Tamura,Ressarcimento deputado Jairo Tamura 11163-15.2025,686.97
2025,5,339039,2025NE002142,2025OB003499,Jairo Tamura,Ressarcimento deputado Jairo Tamura 11163-15.2025,12790.4
2025,5,339039,2025NE001673,2025OB002753,LEONIDAS FAVERO NETO,"Ressarc. Dep. Dr. Leônidas, 09209-05.2025",15000.0
2025,5,339030,2025NE001735,2025OB002883,LEONIDAS FAVERO NETO,Ressarcimento Deputado Dr. Leônidas 09309-21.2025,441.87
2025,5,339039,2025NE001736,2025OB002884,LEONIDAS FAVERO NETO,Ressarcimento Deputado Dr. Leônidas 09309-21.2025,1780.0
2025,5,339039,2025NE001862,2025OB003125,LEONIDAS FAVERO NETO,Ressarcimento Deputado Dr. Leônidas 10176-86.2025,3500.0
2025,5,339030,2025NE001860,2025OB003138,LEONIDAS FAVERO NETO,Ressarcimento Deputado Dr. Leônidas 10184-64.2025,253.19
2025,5,339039,2025NE002015,2025OB003311,LEONIDAS FAVERO NETO,Ressa.Deput.Dr Leonidas.Prot.10227-67.2025,5396.2
2025,5,339039,2025NE002132,2025OB003505,LEONIDAS FAVERO NETO,"Ressarc. Dep. Dr. Leônidas, 10432-61.2025",15000.0
2025,5,339030,2025NE002188,2025OB003576,LEONIDAS FAVERO NETO,Ressarcimento deputado Dr. Leônidas 10919-07.2025,2051.16
2025,5,339030,2025NE002161,2025OB003589,LEONIDAS FAVERO NETO,"Ressarc. Dep. Dr. Leônidas, 11048-16.2025",321.96
2025,5,339030,2025NE002223,2025OB003617,LEONIDAS FAVERO NETO,Ressa.Deput.Dr Leonidas.prot.11189-89.2025,1166.52
2025,5,339030,2025NE001727,2025OB002880,LUCIANA GUZELLA RAFAGNIN,Ressarcimento Deputada Luciana Rafagnin 09547-94.2025,2212.48
2025,5,339033,2025NE001728,2025OB002881,LUCIANA GUZELLA RAFAGNIN,Ressarcimento Deputada Luciana Rafagnin 09547-94.2025,77.65
2025,5,339039,2025NE001729,2025OB002882,LUCIANA GUZELLA RAFAGNIN,Ressarcimento deputada Luciana Rafagnin 09547-94.2025,9829.04
2025,5,339030,2025NE002112,2025OB003419,LUCIANA GUZELLA RAFAGNIN,Ressarcimento Deputada Luciana Rafagnin 10597-68.2025,4186.28
2025,5,339033,2025NE002113,2025OB003420,LUCIANA GUZELLA RAFAGNIN,Ressarcimento Deputada Luciana Rafagnin 10597-68.2025,54.05
2025,5,339039,2025NE002114,2025OB003421,LUCIANA GUZELLA RAFAGNIN,Ressarcimento Derputada Luciana Rafagnin 10597-68.2025,6183.79
2025,5,339039,2025NE001684,2025OB002823,LUIS RAIMUNDO CORTI,Ressarcimento Deputado Luís Corti 09180-12.2025,10000.0
2025,5,339014,2025NE001682,2025OB002824,LUIS RAIMUNDO CORTI,Ressarcimento Deputado Luís Corti 09180-12.2025,10285.34
2025,5,339030,2025NE001683,2025OB002825,LUIS RAIMUNDO CORTI,Ressarcimento deputado Luis Corti 09180-12.2025,10699.81
2025,5,339039,2025NE001967,2025OB003232,LUIS RAIMUNDO CORTI,Ressarcimento deputado Luís Corti 10275-32.2025,15000.0
2025,5,339030,2025NE001965,2025OB003233,LUIS RAIMUNDO CORTI,Ressarcimento deputado Luís Corti 10275-32.2025,3449.85
2025,5,339039,2025NE002118,2025OB003418,LUIS RAIMUNDO CORTI,Ressa.Deput.Luis Corti.prot.10723-61.2025,11000.0
2025,5,339014,2025NE002171,2025OB003577,LUIS RAIMUNDO CORTI,Ressa.Deput.Luis Corti.Prot.10779-04.2025,2508.63
2025,5,339030,2025NE002173,2025OB003578,LUIS RAIMUNDO CORTI,Ressa.Deput.Luis Corti.Prot.10779-04.2025,508.51
2025,5,339039,2025NE002176,2025OB003579,LUIS RAIMUNDO CORTI,Ressa.Deput.Luis Corti.Prot.10779-04.2025,15000.0
2025,5,339030,2025NE001973,2025OB003258,LUIZ CLAUDIO ROMANELLI,Ressa.Deput.Romanelli.Prot.10596-95.2025,275.0
2025,5,339039,2025NE001974,2025OB003259,LUIZ CLAUDIO ROMANELLI,Ressa.Deput.Romanelli.Prot.10596-95.2025,17383.88
2025,5,339039,2025NE002053,2025OB003373,LUIZ CLAUDIO ROMANELLI,Ressa.Deput.Romanelli.Prot.10643-87.2025,13900.0
2025,5,339030,2025NE002232,2025OB003626,LUIZ FERNANDO GUERRA FILHO,Ressarcimento Deputado Guerra 11309-50.2025,8498.91
2025,5,339039,2025NE002233,2025OB003627,LUIZ FERNANDO GUERRA FILHO,Ressarcimento deputado Guerra 11309-50.2025,5334.0
2025,5,339030,2025NE002163,2025OB003590,MABEL CORA CANTO,"Ressarc. Dep. Mabel Canto, 11126-44.2025",4965.38
2025,5,339033,2025NE002164,2025OB003591,MABEL CORA CANTO,"Ressarc. Dep. Mabel Canto, 11126-44.2025",127.61
2025,5,339039,2025NE002166,2025OB003592,MABEL CORA CANTO,"Ressarc. Dep. Mabel Canto, 11126-44.2025",11320.92
2025,5,339033,2025NE002094,2025OB003390,MARCIA CECILIA HUÇULAK,Ressarcimento deputada Márcia Huçulak 10269-97.2025,50.69
2025,5,339039,2025NE002095,2025OB003391,MARCIA CECILIA HUÇULAK,Ressarcimento deputada Márcia Huçulak 10269-97.2025,19127.89
2025,5,339014,2025NE002092,2025OB003392,MARCIA CECILIA HUÇULAK,Ressarcimento Deputada Márcia Huçulak 10269-97.2025,1254.31
2025,5,339030,2025NE002093,2025OB003393,MARCIA CECILIA HUÇULAK,Ressarcimento deputada Márcia Huçulak 10269-97.2025,5853.14
2025,5,339039,2025NE002239,2025OB003633,MARCIA CECILIA HUÇULAK,Ressarcimento deputada Márcia Huçulak 10917-61.2025,16871.41
2025,5,339030,2025NE002238,2025OB003634,MARCIA CECILIA HUÇULAK,Ressarcimento Deputada Márcia Huçulak 10917-61.2025,1623.92
2025,5,339033,2025NE001711,2025OB002838,MARCIO JOSE PACHECO RAMOS,Ressarcimento deputado Márcio Pacheco 09221-69.2025,5356.6
2025,5,339030,2025NE001708,2025OB002839,MARCIO JOSE PACHECO RAMOS,Ressarcimento Deputado Márcio Pacheco 09221-69.2025,1799.75
2025,5,339039,2025NE001713,2025OB002840,MARCIO JOSE PACHECO RAMOS,Ressarcimento deputado Márcio Pacheco 09221-69.2025,17908.34
2025,5,339039,2025NE001955,2025OB003243,MARCIO JOSE PACHECO RAMOS,Ressa.Deput.Marcio Pacheco.Prot.09213-91.2025,10910.94
2025,5,339030,2025NE002204,2025OB003605,MARCIO JOSE PACHECO RAMOS,"Ressarc. Dep. Marcio Pacheco, 10775-15.2025",466.82
2025,5,339033,2025NE002205,2025OB003606,MARCIO JOSE PACHECO RAMOS,"Ressarc. Dep. Marcio Pacheco, 10775-15.2025",1852.31
2025,5,339039,2025NE002206,2025OB003607,MARCIO JOSE PACHECO RAMOS,"Ressarc. Dep. Marcio Pacheco, 10775-15.2025",14025.0
2025,5,339030,2025NE002242,2025OB003635,MARCIO JOSE PACHECO RAMOS,Ressa.Deput.Marcio Pacheco.prot.11213-23.2025,6244.02
2025,5,339033,2025NE002243,2025OB003637,MARCIO JOSE PACHECO RAMOS,Ressa.deput.Marcio Pacheco.prot.11213-23.2025,9.0
2025,5,339039,2025NE002244,2025OB003638,MARCIO JOSE PACHECO RAMOS,Ressa.Deput.Marcio pacheco.prot.11213-23.2025,6791.76
2025,5,339030,2025NE001730,2025OB002905,MARIA VICTORIA BORGHETTI BARROS,Ressarcimento Deputada Maria Victoria 09261-56.2025,2919.16
2025,5,339039,2025NE001731,2025OB002906,MARIA VICTORIA BORGHETTI BARROS,Ressarcimento deputada Maria Victoria 09261-56.2025,400.0
2025,5,339039,2025NE001788,2025OB002936,MARIA VICTORIA BORGHETTI BARROS,"Ressarc. Dep. Maria Victoria, 09792-75.2025",6400.0
2025,5,339039,2025NE001920,2025OB003172,MARIA VICTORIA BORGHETTI BARROS,Ressarcimento Deputada Maria Victoria 10355-06.2025,13200.0
2025,5,339030,2025NE001919,2025OB003173,MARIA VICTORIA BORGHETTI BARROS,Ressarcimento Deputada Maria Victoria 10355-06.2025,2396.76
2025,5,339030,2025NE002019,2025OB003312,MARIA VICTORIA BORGHETTI BARROS,Ressa.Deput.Maria Victoria.Prot.10810-40.2025,636.04
2025,5,339033,2025NE002020,2025OB003313,MARIA VICTORIA BORGHETTI BARROS,Ressa.Deput.Maria Victoria.Prot.10810-40.2025,360.0
2025,5,339039,2025NE002021,2025OB003314,MARIA VICTORIA BORGHETTI BARROS,Ressa.Deput.Maria Victoria.Prot.10810-40.2025,3344.77
2025,5,339030,2025NE001922,2025OB003179,MARILEI DE SOUZA LIMA,Ressarcimento Deputada Cantora Mara Lima 10271-43.2025,1403.36
2025,5,339039,2025NE001923,2025OB003180,MARILEI DE SOUZA LIMA,Ressarcimento Deputada Cantora Mara Lima 10271-43.2025,5169.21
2025,5,339030,2025NE001968,2025OB003239,MARILEI DE SOUZA LIMA,"Ressarc. Dep. Mara Lima, 10313-73.2025",3168.96
2025,5,339039,2025NE001969,2025OB003240,MARILEI DE SOUZA LIMA,"Ressarc. Dep. Mara Lima, 10313-73.2025",22226.08
2025,5,339030,2025NE002199,2025OB003615,MARILEI DE SOUZA LIMA,"Ressarc. Dep. Mara Lima, 11254-80.2025",3198.27
2025,5,339039,2025NE002200,2025OB003616,MARILEI DE SOUZA LIMA,"Ressarc. Dep. Mara Lima, 11254-80.2025",4500.78
2025,5,339039,2025NE001852,2025OB003075,MARLY PAULINO FAGUNDES,Ressarcimento deputada Marly Paulino 09212-21.2025,36699.37
2025,5,339033,2025NE001850,2025OB003076,MARLY PAULINO FAGUNDES,Ressarcimento Deputada Marly Paulino 09212-21.2025,550.0
2025,5,339030,2025NE001849,2025OB003077,MARLY PAULINO FAGUNDES,Ressarcimento Deputada Marly Paulino 09212-21.2025,7023.01
2025,5,339014,2025NE001991,2025OB003302,MATHEUS VELOSO MARIA,Ressa.Deput.Matheus Vermelho.Prot.10650-92.2025,3010.35
2025,5,339030,2025NE001992,2025OB003303,MATHEUS VELOSO MARIA,Ressa.Deput.Matheus Vermelho.Prot.10650-92.2025,2277.89
2025,5,339033,2025NE001995,2025OB003304,MATHEUS VELOSO MARIA,Ressa.Deput.Matheus Vermelho.Prot.10650-92.2025,13273.18
2025,5,339039,2025NE001997,2025OB003305,MATHEUS VELOSO MARIA,Ressa.Deput.Matheus Vermelho.Prot.10650-92.2025,27296.19
2025,5,339039,2025NE001935,2025OB003221,MAURICIO THADEU DE MELLO E SILVA,Ressarcimento depútado Requião Filho 10322-24.2025,30282.7
2025,5,339030,2025NE001934,2025OB003222,MAURICIO THADEU DE MELLO E SILVA,Ressarcimento deputado Requião Filho 10322-24.2025,936.65
2025,5,339039,2025NE001933,2025OB003216,MOACYR ELIAS FADEL JUNIOR,Ressarcimento deputado Moacyr Fadel 10171-27.2025,8805.06
2025,5,339030,2025NE001932,2025OB003217,MOACYR ELIAS FADEL JUNIOR,Ressarcimento Deputado Moacyr Fadel 10171-27.2025,696.1
2025,5,339030,2025NE001959,2025OB003244,MOACYR ELIAS FADEL JUNIOR,Ressarcimento Deputado Moacyr Fadel 10188-53.2025,1131.24
2025,5,339033,2025NE001960,2025OB003245,MOACYR ELIAS FADEL JUNIOR,Ressarcimento deputado Moacyr Fadel 10188-53.2025,318.45
2025,5,339039,2025NE001961,2025OB003246,MOACYR ELIAS FADEL JUNIOR,Ressarcimento Deputado Moacyr Fadel 10188-53.2025,15066.8
2025,5,339030,2025NE002099,2025OB003404,MOACYR ELIAS FADEL JUNIOR,Ressarcimento Deputado Moacyr Fadel 10635-12.2025,149.9
2025,5,339039,2025NE002100,2025OB003405,MOACYR ELIAS FADEL JUNIOR,Ressarcimento deputado Moacyr Fadel 10635-12.2025,8351.77
2025,5,339030,2025NE002208,2025OB003620,MOACYR ELIAS FADEL JUNIOR,Ressa.Deput.Moacyr Fadel.Prot.11121-82.2025,71.52
2025,5,339039,2025NE002209,2025OB003621,MOACYR ELIAS FADEL JUNIOR,Ressa.Deput.Moacyr Fadel.Prot.11121-82.2025,8922.78
2025,5,339033,2025NE001984,2025OB003266,Marcelo Rangel Cruz de Oliveira,Ressarcimento Deputado Marcelo Rangel 10537-39.2025,17.4
2025,5,339030,2025NE001982,2025OB003267,Marcelo Rangel Cruz de Oliveira,Ressarcimento Deputado Marcelo Rangel 10537-39.2025,2250.0
2025,5,339039,2025NE001985,2025OB003268,Marcelo Rangel Cruz de Oliveira,Ressarcimento Deputado Marcelo Rangel 10537-39.2025,22594.4
2025,5,339030,2025NE002154,2025OB003566,Marcelo Rangel Cruz de Oliveira,Ressarcimento Deputado Marcelo Rangel 10702-46.2025,1779.5
2025,5,339033,2025NE002157,2025OB003567,Marcelo Rangel Cruz de Oliveira,Ressarcimento Deputado Marcelo Rangel 10702-46.2025,113.0
2025,5,339039,2025NE002158,2025OB003568,Marcelo Rangel Cruz de Oliveira,Ressarcimento deputado Marcelo Rangel 10702-46.2025,7453.12
2025,5,339039,2025NE002045,2025OB003347,NELSON ROBERTO PLACIDO SILVA JUSTUS,Ressa.Deput.Nelson Justus.Prot.10818-18.2025,59100.0
2025,5,339039,2025NE002042,2025OB003370,NELSON ROBERTO PLACIDO SILVA JUSTUS,Ressarcimento deputado Nelson Justus 10777-58.2025,29000.0
2025,5,339030,2025NE002041,2025OB003371,NELSON ROBERTO PLACIDO SILVA JUSTUS,Ressarcimento Deputado Nelson Justus 10777-58.2025,1557.08
2025,5,339030,2025NE002181,2025OB003574,NEY LEPREVOST NETO,"Ressarc. Dep. Ney Leprevost, 11022-39.2025",7707.52
2025,5,339039,2025NE002183,2025OB003575,NEY LEPREVOST NETO,"Ressarc. Dep. Ney Leprevost, 11022-39.2025",35102.1
2025,5,339030,2025NE001964,2025OB003234,OZIEL LUIZ DE SOUZA,"Ressarc. Dep. Batatinha, 10274-59.2025",3018.62
2025,5,339039,2025NE001966,2025OB003235,OZIEL LUIZ DE SOUZA,"Ressarc. Dep. Batatinha, 10274-59.2025",6368.79
2025,5,339030,2025NE002016,2025OB003319,OZIEL LUIZ DE SOUZA,Ressa.Deput.Batatinha.Prot.10464-70.2025,1062.5
2025,5,339033,2025NE002017,2025OB003320,OZIEL LUIZ DE SOUZA,Ressa.Deput.Batatinha.Prot.10464-70.2025,684.52
2025,5,339039,2025NE002018,2025OB003321,OZIEL LUIZ DE SOUZA,Ressa.Deput.Batatinha.Prot.10464-70.2025,8050.0
2025,5,339030,2025NE002103,2025OB003406,OZIEL LUIZ DE SOUZA,"Ressarc. Dep. Batatinha, 10937-06.2025",964.12
2025,5,339039,2025NE002104,2025OB003407,OZIEL LUIZ DE SOUZA,"Ressarc. Dep. Batatinha, 10937-06.2025",12387.22
2025,5,339033,2025NE001814,2025OB002995,PAULO ROBERTO MOREIRA GOMES JUNIOR,Ressarcimento deputado Paulo Gomes 09908-47.2025,79.75
2025,5,339030,2025NE001813,2025OB002996,PAULO ROBERTO MOREIRA GOMES JUNIOR,Ressarcimento Deputado Paulo Gomes 09908-47.2025,3944.79
2025,5,339039,2025NE002010,2025OB003308,PAULO ROBERTO MOREIRA GOMES JUNIOR,Ressarcimento deputado Paulo Gomes 10536-66.2025,30301.39
2025,5,339030,2025NE002008,2025OB003310,PAULO ROBERTO MOREIRA GOMES JUNIOR,Ressarcimento Deputado Paulo Gomes 10536-66.2025,3892.51
2025,5,339039,2025NE001756,2025OB002899,PEDRO PAULO BAZANA,Ressarcimento deputado Bazana 09534-57.2025,18520.43
2025,5,339033,2025NE001755,2025OB002900,PEDRO PAULO BAZANA,Ressarcimento deputado Bazana 09534-57.2025,105.9
2025,5,339030,2025NE001754,2025OB002901,PEDRO PAULO BAZANA,Ressarcimento Deputado Bazana 09534-57.2025,3428.82
2025,5,339039,2025NE002127,2025OB003537,PEDRO PAULO BAZANA,Ressarcimento Deputado Bazana 11075-63.2025,24668.27
2025,5,339033,2025NE002126,2025OB003538,PEDRO PAULO BAZANA,Ressarcimento Deputado Bazana 11075-63.2025,97.3
2025,5,339030,2025NE002125,2025OB003539,PEDRO PAULO BAZANA,Ressarcimento Deputado Bazana 11075-63.2025,2553.83
2025,5,339039,2025NE001734,2025OB002894,RENATO DE ALMEIDA FREITAS JUNIOR,Ressarcimento deputado Renato Freitas 09327-20.2025,8218.0
2025,5,339030,2025NE001733,2025OB002895,RENATO DE ALMEIDA FREITAS JUNIOR,Ressarcimento deputado Renato Freitas 09327-20.2025,1443.58
2025,5,339030,2025NE002038,2025OB003357,RENATO DE ALMEIDA FREITAS JUNIOR,"Ressarc. Dep. Renato Freitas, 10351-17.2025",1758.53
2025,5,339033,2025NE002039,2025OB003358,RENATO DE ALMEIDA FREITAS JUNIOR,"Ressarc. Dep. Renato Freitas, 10351-17.2025",281.25
2025,5,339039,2025NE002040,2025OB003359,RENATO DE ALMEIDA FREITAS JUNIOR,"Ressarc. Dep. Renato Freitas, 10351-17.2025",12143.12
2025,5,339030,2025NE002159,2025OB003596,RENATO DE ALMEIDA FREITAS JUNIOR,"Ressarc. Dep. Renato Freitas, 10971-58.2025",945.82
2025,5,339014,2025NE001875,2025OB003152,RICARDO ARRUDA NUNES,"Ressarc. Dep. Ricardo Arruda, 10126-78.2025",6020.7
2025,5,339030,2025NE001877,2025OB003153,RICARDO ARRUDA NUNES,"Ressarc. Dep. Ricardo Arruda, 10126-78.2025",5011.54
2025,5,339033,2025NE001879,2025OB003154,RICARDO ARRUDA NUNES,"Ressarc. Dep. Ricardo Arruda, 10126-78.2025",1218.06
2025,5,339039,2025NE001880,2025OB003155,RICARDO ARRUDA NUNES,"Ressarc. Dep. Ricardo Arruda, 10126-78.2025",23414.98
2025,5,339014,2025NE002153,2025OB003593,RICARDO ARRUDA NUNES,"Ressarc. Dep. Ricardo Arruda, 11115-50.2025",9281.88
2025,5,339030,2025NE002155,2025OB003594,RICARDO ARRUDA NUNES,"Ressarc. Dep. Ricardo Arruda, 11115-50.2025",200.0
2025,5,339033,2025NE002156,2025OB003595,RICARDO ARRUDA NUNES,"Ressarc. Dep. Ricardo Arruda, 11115-50.2025",1545.65
2025,5,339030,2025NE001981,2025OB003263,SAMUEL PEREIRA DA SILVA,"Ressarc. Dep. Samuel Dantas, 10565-59.2025",3795.8
2025,5,339039,2025NE001983,2025OB003264,SAMUEL PEREIRA DA SILVA,"Ressarc. Dep. Samuel Dantas, 10565-59.2025",29089.06
2025,5,339039,2025NE002117,2025OB003423,TERCILIO LUIZ TURINI,Ressarcimento Deputado Tercílio Turini 10724-34.2025,22610.05
2025,5,339033,2025NE002116,2025OB003424,TERCILIO LUIZ TURINI,Ressarcimento Deputado Tercílio Turini 10724-34.2025,1859.8
2025,5,339030,2025NE002115,2025OB003425,TERCILIO LUIZ TURINI,Ressarcimento Deputado Tercílio Turini 10724-34.2025,6981.85
2025,5,339030,2025NE002221,2025OB003618,THIAGO BUHRER,Ressa.Deput.Thiago Buher.Prot.11072-47.2025,4666.88
2025,5,339039,2025NE002222,2025OB003619,THIAGO BUHRER,Ressa.Deput.Thiago Buhrer.Prot.11072-47.2025,39407.69
2025,5,339030,2025NE001846,2025OB003080,TITO LÍVIO BARICHELLO,Ressarcimento Deputado Tito Barrichelo 10122-89.2025,838.92
2025,5,339039,2025NE001847,2025OB003081,TITO LÍVIO BARICHELLO,Ressarcimento Deputado Tito Barrichelo 10122-89.2025,4529.8
2025,5,339030,2025NE001914,2025OB003169,TITO LÍVIO BARICHELLO,"Ressarc. Dep. Tito Barrichello, 10127-51.2025",2830.02
2025,5,339033,2025NE001915,2025OB003170,TITO LÍVIO BARICHELLO,"Ressarc. Dep. Tito Barrichello, 10127-51.2025",26.1
2025,5,339039,2025NE001916,2025OB003171,TITO LÍVIO BARICHELLO,"Ressarc. Dep. Tito Barrichello, 10127-51.2025",2198.3
2025,5,339039,2025NE002046,2025OB003365,TITO LÍVIO BARICHELLO,Ressa.Deput.Tito Barichello.Prot.10697-84.2025,8650.0
2025,5,339030,2025NE002145,2025OB003500,TITO LÍVIO BARICHELLO,Ressa.Deput.Tito Barichello.Prot.11084-14.2025,155.47
2025,5,339039,2025NE002146,2025OB003501,TITO LÍVIO BARICHELLO,Ressa.Deput.Tito Barcichelo.Prot.11084-14.2025,10900.38
2025,5,339030,2025NE002128,2025OB003506,TITO LÍVIO BARICHELLO,"Ressarc. Dep. Tito Barrichello, 10954-32.2025",550.0
2025,5,339039,2025NE002130,2025OB003507,TITO LÍVIO BARICHELLO,"Ressarc. Dep. Tito Barrichello, 10954-32.2025",2934.99
2025,5,339033,2025NE002245,2025OB003636,TITO LÍVIO BARICHELLO,"Ressarc. Dep. Tito Barrichello, 11182-84.2025",1867.61
2025,5,339033,2025NE001765,2025OB002897,WILMAR REICHEMBACH,Ressarc.Deput.Reichembach.Prot.08801-60.2025,2496.69
2025,5,339030,2025NE002134,2025OB003502,WILMAR REICHEMBACH,"Ressarc. Dep. Wilmar Reichembach, 10809-67.2025",2796.02
2025,5,339033,2025NE002135,2025OB003503,WILMAR REICHEMBACH,"Ressarc. Dep. Wilmar Reichembach, 10809-67.2025",1155.69
2025,5,339039,2025NE002136,2025OB003504,WILMAR REICHEMBACH,"Ressarc. Dep. Wilmar Reichembach, 10809-67.2025",26009.44
2025,6,339039,2025NE002565,2025OB004361,ADEMAR LUIZ TRAIANO,Ressarciemnto Deputado Ademar Traiano 13297-15.2025,40502.99
2025,6,339030,2025NE002564,2025OB004362,ADEMAR LUIZ TRAIANO,Ressarcimento Deputado Ademar Traiano 13297-15.2025,8685.95
2025,6,339030,2025NE002264,2025OB003690,ADRIANO JOSE DA SILVA,"Ressarc. Dep. Soldado Adriano José, 11437-86.2025",2279.04
2025,6,339033,2025NE002266,2025OB003691,ADRIANO JOSE DA SILVA,"Ressarc. Dep. Soldado Adriano José, 11437-86.2025",1520.27
2025,6,339039,2025NE002268,2025OB003692,ADRIANO JOSE DA SILVA,"Ressarc. Dep. Soldado Adriano José, 11437-86.2025",4534.15
2025,6,339030,2025NE002497,2025OB004148,ADRIANO JOSE DA SILVA,Ressa.deput.Soldado Adriano.prot.12048-79.2025,75.0
2025,6,339039,2025NE002498,2025OB004149,ADRIANO JOSE DA SILVA,Ressa.Deput.Soldado Adriano.Prot.12048-79.2025,2952.62
2025,6,339030,2025NE002502,2025OB004151,ADRIANO JOSE DA SILVA,Ressa.Deput.Soldado Adriano.Prot.12099-60.2025,2819.84
2025,6,339033,2025NE002503,2025OB004152,ADRIANO JOSE DA SILVA,Ressa.Deput.Soldado Adriano.Prot.12099-60.2025,5163.33
2025,6,339039,2025NE002504,2025OB004153,ADRIANO JOSE DA SILVA,Ressa.Deput.Soldado Adriano.prot.12099-60.2025,8944.61
2025,6,339039,2025NE002373,2025OB003918,ADÃO FERNANDES,Ressarcimento Deputado Adão Litro 12110-54.2025,15210.0
2025,6,339030,2025NE002372,2025OB003919,ADÃO FERNANDES,Ressarcimento Deputado Adão Litro 12110-54.2025,1523.34
2025,6,339030,2025NE002580,2025OB004368,ADÃO FERNANDES,"Ressarc. Dep. Adão Litro, 12334-20.2025",1335.74
2025,6,339039,2025NE002581,2025OB004369,ADÃO FERNANDES,"Ressarc. Dep. Adão Litro, 12334-20.2025",3564.11
2025,6,339030,2025NE002410,2025OB004045,ALEXANDRE AMARO,"Ressarc. Dep. Alexandre Amaro, 12136-31.2025",3613.67
2025,6,339039,2025NE002411,2025OB004046,ALEXANDRE AMARO,"Ressarc. Dep. Alexandre Amaro, 12136-31.2025",8219.05
2025,6,339014,2025NE002696,2025OB004548,ALEXANDRE AMARO,Ressa.Deput.Alexandre Amaro.Prot.13044-56.2025,4013.78
2025,6,339030,2025NE002697,2025OB004549,ALEXANDRE AMARO,Ressa.Deput.Alexandre Amaro.prot.13044-56.2025,1518.25
2025,6,339033,2025NE002698,2025OB004550,ALEXANDRE AMARO,Ressa.Deput.Alexandre Amaro.Prot.13044-56.2025,2330.9
2025,6,339039,2025NE002700,2025OB004551,ALEXANDRE AMARO,Ressa.Deput.Alexandre Amaro.Prot.13044-56.2025,11139.95
2025,6,339030,2025NE002507,2025OB004221,ALISSON ANTHONY WANDSCHEER,Ressarcimento Deputado Alison Wandscheer 12933-46.2025,5470.14
2025,6,339039,2025NE002517,2025OB004222,ALISSON ANTHONY WANDSCHEER,Ressarcimento Deputado Alison Wandscheer 12933-46.2025,35947.0
2025,6,339014,2025NE002441,2025OB004077,ANA JÚLIA RIBEIRIO,Ressa.Deput.Ana Julia.prot.11878-13.2025,10034.44
2025,6,339030,2025NE002445,2025OB004078,ANA JÚLIA RIBEIRIO,Ressa.Deput.Ana Julia.Prot.11878-13.2025,2917.69
2025,6,339033,2025NE002449,2025OB004079,ANA JÚLIA RIBEIRIO,Ressa.Deput.Ana Julia.Prot.11878-13.2025,67.97
2025,6,339039,2025NE002453,2025OB004080,ANA JÚLIA RIBEIRIO,Ressa.Deput.Ana Julia.Prot.11878-13.2025,5404.49
2025,6,339030,2025NE002582,2025OB004352,ANA JÚLIA RIBEIRIO,"Ressarc. Dep. Ana Julia, 13214-25.2025",4166.58
2025,6,339039,2025NE002583,2025OB004353,ANA JÚLIA RIBEIRIO,"Ressarc. Dep. Ana Julia, 13214-25.2025",12246.33
2025,6,339033,2025NE002540,2025OB004242,ARILSON MAROLDI CHIORATO,Ressa.Deput.Arilson Chiorato.Prot.12367-02.2025,2057.56
2025,6,339039,2025NE002541,2025OB004243,ARILSON MAROLDI CHIORATO,Ressa.Deput.Arilson Chiorato.Prot.12367-02.2025,12988.0
2025,6,339030,2025NE002537,2025OB004244,ARILSON MAROLDI CHIORATO,Ressa.Deput.Arilson chiorato.Prot.12367-02.2025,3853.9
2025,6,339039,2025NE002679,2025OB004534,ARILSON MAROLDI CHIORATO,Ressarcimento Deputado Arilson Chiorato 13208-90.2025,14508.12
2025,6,339033,2025NE002678,2025OB004535,ARILSON MAROLDI CHIORATO,Ressarcimento Deputado Arilson Chiorato 13208-90.2025,117.66
2025,6,339030,2025NE002677,2025OB004536,ARILSON MAROLDI CHIORATO,Ressarcimento Deputado Arilson Chiorato 13208-90.2025,1505.0
2025,6,339014,2025NE002225,2025OB003640,ARTAGAO DE MATTOS LEÃO JUNIOR,Ressa.Artagao Junior.Prot.11010-72.2025,5769.82
2025,6,339030,2025NE002226,2025OB003641,ARTAGAO DE MATTOS LEÃO JUNIOR,Ressa.Deput.Artagao Junior.prot.11010-72.2025,4846.22
2025,6,339014,2025NE002281,2025OB003729,ARTAGAO DE MATTOS LEÃO JUNIOR,Ressa.Deput.Artagao Junior.Prot.11814-92.2025,2257.76
2025,6,339030,2025NE002282,2025OB003730,ARTAGAO DE MATTOS LEÃO JUNIOR,Ressa.Deput.Artagao Junior.Prot.11814-92.2025,2313.1
2025,6,339039,2025NE002283,2025OB003731,ARTAGAO DE MATTOS LEÃO JUNIOR,Ressa.Deput.Artagao Junior.Prot.11814-92.2025,217.96
2025,6,339030,2025NE002506,2025OB004159,ARTAGAO DE MATTOS LEÃO JUNIOR,"Ressarc. Dep. Artagão, 12957-77.2025",2563.56
2025,6,339014,2025NE002505,2025OB004160,ARTAGAO DE MATTOS LEÃO JUNIOR,"Ressarc. Dep. Artagão, 12957-77.2025",1505.18
2025,6,339014,2025NE002648,2025OB004468,ARTAGAO DE MATTOS LEÃO JUNIOR,"Ressarc. Dep. Artagão, 12934-19.2025",3010.34
2025,6,339030,2025NE002649,2025OB004469,ARTAGAO DE MATTOS LEÃO JUNIOR,"Ressarc. Dep. Artagão, 12934-19.2025",2045.5
2025,6,339039,2025NE002650,2025OB004470,ARTAGAO DE MATTOS LEÃO JUNIOR,"Ressarc. Dep. Artagão, 12934-19.2025",2466.0
2025,6,339030,2025NE002277,2025OB003738,Aldino Jorge Bueno,Ressa.Deput.Gugu Bueno.Prot.11846-04.2025,177.2
2025,6,339039,2025NE002278,2025OB003739,Aldino Jorge Bueno,Ressa.Deput.Gugu Bueno.Prot.11846-04.2025,3500.0
2025,6,339039,2025NE002337,2025OB003877,Aldino Jorge Bueno,"Ressarc. Dep. Gugu Bueno, 12112-97.2025",9631.55
2025,6,339030,2025NE002466,2025OB004092,Aldino Jorge Bueno,Ressa.Deput.Gugu Bueno.Prot.11939-15.2025,4789.48
2025,6,339039,2025NE002467,2025OB004095,Aldino Jorge Bueno,Ressa.Deput.Gugu Bueno.Prot.11939-15.2025,200.0
2025,6,339030,2025NE002513,2025OB004234,Aldino Jorge Bueno,"Ressarc. Dep. Gugu Bueno, 13082-97.2025",240.0
2025,6,339033,2025NE002514,2025OB004235,Aldino Jorge Bueno,"Ressarc. Dep. Gugu Bueno, 13082-97.2025",8140.82
2025,6,339039,2025NE002515,2025OB004236,Aldino Jorge Bueno,"Ressarc. Dep. Gugu Bueno, 13082-97.2025",8000.0
2025,6,339039,2025NE002579,2025OB004359,Alexandre Maranhão Curi,Ressarcimento Deputado Alexandre Curi 13336-29.2025,27268.57
2025,6,339030,2025NE002578,2025OB004360,Alexandre Maranhão Curi,Ressarcimento Deputado Alexandre Curi 13336-29.2025,5566.65
2025,6,339033,2025NE002472,2025OB004127,CLOARA PINHEIRO LIMA,Ressarcimento Deputada Cloara 12887-27.2025,587.53
2025,6,339039,2025NE002480,2025OB004128,CLOARA PINHEIRO LIMA,Ressarcimento Deputada Cloara 12887-27.2025,5956.67
2025,6,339030,2025NE002471,2025OB004129,CLOARA PINHEIRO LIMA,Ressarcimento Deputada Cloara 12887-27.2025,134.72
2025,6,339030,2025NE002432,2025OB004143,CLOARA PINHEIRO LIMA,Ressa.Deput.Cloara pinheiro.Prot.12143-36.2025,3718.93
2025,6,339033,2025NE002433,2025OB004144,CLOARA PINHEIRO LIMA,Ressa.Deput.Cloara Pinheiro.Prot.12143-36.2025,1204.5
2025,6,339039,2025NE002435,2025OB004145,CLOARA PINHEIRO LIMA,Ressa.Deput.Cloara Pinheiro.prot.12143-36.2025,5089.23
2025,6,339014,2025NE002328,2025OB003867,DENIAN COUTO COELHO,"Ressarc. Dep. Denian Couto, 11928-21.2025",2006.88
2025,6,339030,2025NE002330,2025OB003868,DENIAN COUTO COELHO,"Ressarc. Dep. Denian Couto, 11928-21.2025",557.75
2025,6,339033,2025NE002332,2025OB003869,DENIAN COUTO COELHO,"Ressarc. Dep. Denian Couto, 11928-21.2025",777.97
2025,6,339039,2025NE002333,2025OB003870,DENIAN COUTO COELHO,"Ressarc. Dep. Denian Couto, 11928-21.2025",476.27
2025,6,339039,2025NE002484,2025OB004124,DENIAN COUTO COELHO,"Ressarc. Dep. Denian Couto, 12876-33.2025",17250.0
2025,6,339030,2025NE002240,2025OB003681,DEVANIL REGINALDO DA SILVA,"Ressarc. Dep. Cobra Repórter, 11280-57.2025",1434.47
2025,6,339039,2025NE002241,2025OB003682,DEVANIL REGINALDO DA SILVA,"Ressarc. Dep. Cobra Repórter, 11280-57.2025",5454.03
2025,6,339030,2025NE002304,2025OB003849,DEVANIL REGINALDO DA SILVA,Ressa.Deput.Cobra Reporter.Prot.11892-23.2025,518.63
2025,6,339033,2025NE002305,2025OB003850,DEVANIL REGINALDO DA SILVA,Ressa.Deput.Cobra Reporter.Prot.11892-23.2025,30.0
2025,6,339039,2025NE002308,2025OB003851,DEVANIL REGINALDO DA SILVA,Ressa.Deput.Cobra Reporter.Prot11892-23.2025,2457.5
2025,6,339030,2025NE002408,2025OB004041,DEVANIL REGINALDO DA SILVA,Ressarcimento deputado Cobra Repórter 12474-23.2025,49.0
2025,6,339033,2025NE002409,2025OB004042,DEVANIL REGINALDO DA SILVA,Ressarcimento Deputado Cobra Repórter 12474-23.2025,83.8
2025,6,339039,2025NE002412,2025OB004044,DEVANIL REGINALDO DA SILVA,Ressarcimento Deputado Cobra Repórter 12474-23.2025,24444.6
2025,6,339030,2025NE002651,2025OB004478,DEVANIL REGINALDO DA SILVA,Ressa.deput.Cobra Reporter.prot.13398-04.2025,917.01
2025,6,339039,2025NE002652,2025OB004479,DEVANIL REGINALDO DA SILVA,Ressa.Deput.Cobra Reporter.Prot.13398-04.2025,303.96
2025,6,339033,2025NE002301,2025OB003741,EVANDRO JOSE DA CRUZ ARAUJO,Ressa.Deput.Evandro Araujo.Prot.Evandro Araujo.Prot.11810-06.2025,2364.12
2025,6,339039,2025NE002303,2025OB003742,EVANDRO JOSE DA CRUZ ARAUJO,Ressa.Deput.Evandro Araujo.prot.11810-06.2025,5466.84
2025,6,339030,2025NE002668,2025OB004483,EVANDRO JOSE DA CRUZ ARAUJO,"Ressarc. Dep. Evandro Araújo, 13213-52.2025",2903.43
2025,6,339033,2025NE002669,2025OB004484,EVANDRO JOSE DA CRUZ ARAUJO,"Ressarc. Dep. Evandro Araújo, 13213-52.2025",29.4
2025,6,339039,2025NE002670,2025OB004485,EVANDRO JOSE DA CRUZ ARAUJO,"Ressarc. Dep. Evandro Araújo, 13213-52.2025",7050.75
2025,6,339039,2025NE002339,2025OB003880,FABIO OLIVEIRA,Ressarcimento deputado Fábio Oliveira 11719-38.2025,10675.28
2025,6,339033,2025NE002336,2025OB003881,FABIO OLIVEIRA,Ressarcimento deputado Fábio Oliveira 11719-38.2025,223.37
2025,6,339030,2025NE002335,2025OB003882,FABIO OLIVEIRA,Ressarcimento deputadop Fábio Oliveira 11719-38.2025,6199.06
2025,6,339030,2025NE002464,2025OB004089,FABIO OLIVEIRA,Ressa.Deput.Fabio Oliveira.prot.12098-87.2025,250.33
2025,6,339033,2025NE002465,2025OB004090,FABIO OLIVEIRA,Ressa.Deput.Fabio Oliveira.Prot.12098-87.2025,128.05
2025,6,339039,2025NE002468,2025OB004091,FABIO OLIVEIRA,Ressa.Deput.Fabio Oliveira.prot.12098-87.2025,14789.68
2025,6,339039,2025NE002611,2025OB004475,FABIO OLIVEIRA,Ressarcimento deputado Fábio Oliveira 13341-88.2025,4151.56
2025,6,339033,2025NE002610,2025OB004476,FABIO OLIVEIRA,Ressarcimento deputado Fábio Oliveira 13341-88.2025,43.47
2025,6,339030,2025NE002609,2025OB004477,FABIO OLIVEIRA,Ressarcimento Deputado Fábio Oliveira 13341-88.2025,1187.54
2025,6,339030,2025NE002318,2025OB003782,FLAVIA CAROLINA RESENDE JABER FRANCISCHINI,Ressarcimento Deputada Flávia Francischini 12122-21.2025,15000.0
2025,6,339014,2025NE002314,2025OB003855,FLAVIA CAROLINA RESENDE JABER FRANCISCHINI,"Ressarc. Dep. Flavia Francischini, 12132-42.2025",501.73
2025,6,339030,2025NE002315,2025OB003856,FLAVIA CAROLINA RESENDE JABER FRANCISCHINI,"Ressarc. Dep. Flavia Francischini, 12132-42.2025",3050.71
2025,6,339039,2025NE002317,2025OB003857,FLAVIA CAROLINA RESENDE JABER FRANCISCHINI,"Ressarc. Dep. Flavia Francischini, 12132-42.2025",12000.0
2025,6,339039,2025NE002370,2025OB003885,FLAVIA CAROLINA RESENDE JABER FRANCISCHINI,Ressa.Deput.Flavia Francischini.Prot.12165-24.2025,14800.0
2025,6,339030,2025NE002259,2025OB003687,GILSON DE SOUZA,Ressa.Deput.Gilson de souza.prot.11779-67.2025,1106.75
2025,6,339039,2025NE002260,2025OB003688,GILSON DE SOUZA,Ressa.Deput.Gilson de souza.Prot.11779-67.2025,18087.54
2025,6,339014,2025NE002274,2025OB003689,GILSON DE SOUZA,Ressarcimento deputado Gilson de Souza 11803-98.2025,1114.95
2025,6,339030,2025NE002456,2025OB004087,GILSON DE SOUZA,Ressarcimento Deputado Jairo Tamura 12858-34.2025,1968.94
2025,6,339039,2025NE002457,2025OB004088,GILSON DE SOUZA,Ressarcimento deputado Gilson de Souza 12858-34.2025,19860.03
2025,6,339039,2025NE002299,2025OB003846,HUSSEIN BAKRI,Ressarcimento deputado Hussein Bakri 11798-39.2025,9047.21
2025,6,339033,2025NE002298,2025OB003847,HUSSEIN BAKRI,Ressarcimento Deputado Hussein Bakri 11798-39.2025,83.2
2025,6,339030,2025NE002297,2025OB003848,HUSSEIN BAKRI,Ressarcimento Deputado Hussein Bakri 11798-39.2025,691.63
2025,6,339030,2025NE002485,2025OB004130,HUSSEIN BAKRI,Ressa.Deput.Hussein Bakrri.prot.12822-36.2025,4696.65
2025,6,339039,2025NE002487,2025OB004131,HUSSEIN BAKRI,Ressa.Deput.Hussein bakri.Prot.12822-36.2025,6004.85
2025,6,339030,2025NE002486,2025OB004135,HUSSEIN BAKRI,"Ressarc. Dep. Hussein Bakri, 11923-59.2025",2846.8
2025,6,339039,2025NE002488,2025OB004136,HUSSEIN BAKRI,"Ressarc. Dep. Hussein Bakri, 11923-59.2025",11048.98
2025,6,339039,2025NE002286,2025OB003732,ISABEL CRISTINA RAUEN SILVESTRI,Ressarcimento Deputada Cristina Silvestri 11221-98.2025,33468.16
2025,6,339033,2025NE002285,2025OB003733,ISABEL CRISTINA RAUEN SILVESTRI,Ressarcimento deputada Cristina Silvestri 11221-98.2025,1250.0
2025,6,339030,2025NE002284,2025OB003734,ISABEL CRISTINA RAUEN SILVESTRI,Ressarcimento Deputada Cristina Silvestri 11221-98.2025,6120.7
2025,6,339033,2025NE002261,2025OB003683,JORGE GOMES DE OLIVEIRA BRAND,Ressarcimento Deputado Goura 11238-27.2025,1303.37
2025,6,339039,2025NE002262,2025OB003684,JORGE GOMES DE OLIVEIRA BRAND,Ressarcimento deputado Goura 11238-27.2025,4736.09
2025,6,339030,2025NE002653,2025OB004528,JORGE GOMES DE OLIVEIRA BRAND,Ressarcimento Depútado Goura 13527-13.2025,6811.39
2025,6,339033,2025NE002654,2025OB004529,JORGE GOMES DE OLIVEIRA BRAND,Ressarcimento Deputado Goura 13527-13.2025,2903.96
2025,6,339039,2025NE002655,2025OB004530,JORGE GOMES DE OLIVEIRA BRAND,Ressarcimento deputado Goura 13527-13.2025,33463.13
2025,6,339030,2025NE002489,2025OB004132,JOSE APARECIDO JACOVOS,"Ressarc. Dep. Delegado Jacovós, 12446-03.2025",7721.06
2025,6,339033,2025NE002490,2025OB004133,JOSE APARECIDO JACOVOS,"Ressarc. Dep. Delegado Jacovós, 12446-03.2025",43.0
2025,6,339039,2025NE002491,2025OB004134,JOSE APARECIDO JACOVOS,"Ressarc. Dep. Delegado Jacovós, 12446-03.2025",32329.35
2025,6,339030,2025NE002263,2025OB003685,JOSE GILBERTO DO CARMO ALVES RIBEIRO,Ressarcimento deputado Giçberto Ribeiro 11236-81.2025,1287.43
2025,6,339039,2025NE002267,2025OB003686,JOSE GILBERTO DO CARMO ALVES RIBEIRO,Ressarcimento deputado Gilberto Ribeiro 11236-81.2025,4642.22
2025,6,339030,2025NE002390,2025OB003923,JOSE GILBERTO DO CARMO ALVES RIBEIRO,"Ressarc. Dep. Gilberto Ribeiro, 11969-78.2025",766.91
2025,6,339039,2025NE002391,2025OB003924,JOSE GILBERTO DO CARMO ALVES RIBEIRO,"Ressarc. Dep. Gilberto Ribeiro, 11969-78.2025",10965.78
2025,6,339030,2025NE002592,2025OB004441,JOSE GILBERTO DO CARMO ALVES RIBEIRO,Ressa.Deput.Gilberto Ribeiro.Prot.12330-31.2025,1614.15
2025,6,339039,2025NE002593,2025OB004442,JOSE GILBERTO DO CARMO ALVES RIBEIRO,Ressa.Deput.Gilberto Ribeiro.prot.12330-31.2025,10976.17
2025,6,339030,2025NE002531,2025OB004232,JOSE RODRIGUES LEMOS,Ressa.Deput.Prof lemos.Prot.12853-72.2025,4802.01
2025,6,339039,2025NE002533,2025OB004233,JOSE RODRIGUES LEMOS,Ressa.deput.Prof Lemos.prot.12853-72.2025,16530.33
2025,6,339030,2025NE002401,2025OB003959,Jairo Tamura,"Ressarc. Dep. Jairo Tamura, 12331-04.2025",1431.05
2025,6,339033,2025NE002402,2025OB003960,Jairo Tamura,"Ressarc. Dep. Jairo Tamura, 12331-04.2025",700.9
2025,6,339039,2025NE002403,2025OB003961,Jairo Tamura,"Ressarc. Dep. Jairo Tamura, 12331-04.2025",9429.58
2025,6,339093,2026NE001587,2025OB003999,Jairo Tamura,Ressa.Deput.Jairo.Prot.07860-50.2026,392.44
2025,6,339093,2026NE001587,2025OB004017,Jairo Tamura,Ressa.Deput.Jairo.Prot.07860-50.2026,15959.21
2025,6,339039,2025NE002455,2025OB004081,Jairo Tamura,Ressarcimento Deputado Jairo Tamura 12694-97.2025,10458.46
2025,6,339039,2025NE002438,2025OB004137,Jairo Tamura,Ressarcimento Deputado Jairo Tamura 12083-07.2025,4490.72
2025,6,339033,2025NE002436,2025OB004138,Jairo Tamura,Ressarcimento Deputado Jairo Tamura 12083-07.2025,307.7
2025,6,339030,2025NE002434,2025OB004139,Jairo Tamura,Ressarcimento Deputado Jairo Tamura 12083-07.2025,2759.65
2025,6,339030,2025NE002287,2025OB003735,LUCIANA GUZELLA RAFAGNIN,Ressarcimento Deputada Luciana Rafagnin 11725-70.2025,3936.21
2025,6,339033,2025NE002288,2025OB003736,LUCIANA GUZELLA RAFAGNIN,Ressarcimento Deputada Luciana Rafagnin 11725-70.2025,1245.0
2025,6,339039,2025NE002289,2025OB003737,LUCIANA GUZELLA RAFAGNIN,Ressarcimento deputada Luciana Rafagnin 11725-70.2025,500.67
2025,6,339039,2025NE002289,2025OB003745,LUCIANA GUZELLA RAFAGNIN,Ressarcimento deputada Luciana Rafagnin 11725-70.2025,4126.0
2025,6,339030,2025NE002340,2025OB003874,LUCIANA GUZELLA RAFAGNIN,Ressarcimento deputada Luciana Rafagnin 12074-56.2025,1959.86
2025,6,339033,2025NE002341,2025OB003875,LUCIANA GUZELLA RAFAGNIN,Ressarcimento deputada Luciana Rafagnin 12074-56.2025,24.4
2025,6,339039,2025NE002342,2025OB003876,LUCIANA GUZELLA RAFAGNIN,Ressarcimento deputada Luciana Rafagnin 12074-56.2025,9223.04
2025,6,339030,2025NE002642,2025OB004489,LUCIANA GUZELLA RAFAGNIN,Ressarcimento Deputada Luciana Rafagnin 12339-79.2025,2812.4
2025,6,339033,2025NE002643,2025OB004490,LUCIANA GUZELLA RAFAGNIN,Ressarcimento Deputada Luciana Rafagnin 12339-79.2025,2530.08
2025,6,339039,2025NE002644,2025OB004491,LUCIANA GUZELLA RAFAGNIN,Ressarcimento Deputada Luciana Rafagnin 12339-79.2025,3290.38
2025,6,339039,2025NE002588,2025OB004365,LUIS RAIMUNDO CORTI,Ressa.Deput.Luis Corti.Prot.13292-53.2025,5000.0
2025,6,339030,2025NE002587,2025OB004366,LUIS RAIMUNDO CORTI,Ressa.Deput.Luis Corti.Prot.13292-53.2025,1620.48
2025,6,339014,2025NE002586,2025OB004367,LUIS RAIMUNDO CORTI,Ressa.Deput.Luis Corti.Prot.13292-53.2025,1756.04
2025,6,339039,2025NE002660,2025OB004480,LUIZ CLAUDIO ROMANELLI,"Ressarc. Dep. Romanelli, 13402-90.2025",3550.0
2025,6,339033,2025NE002661,2025OB004481,LUIZ CLAUDIO ROMANELLI,"Ressarc. Dep. Romanelli, 13416-03.2025",343.49
2025,6,339039,2025NE002663,2025OB004482,LUIZ CLAUDIO ROMANELLI,"Ressarc. Dep. Romanelli, 13416-03.2025",37100.0
2025,6,339033,2025NE002675,2025OB004531,MABEL CORA CANTO,Ressarcimento Deputada Mabel Canto 13461-49.2025,194.05
2025,6,339030,2025NE002674,2025OB004532,MABEL CORA CANTO,Ressarcimento deputada Mebel Canto 13461-49.2025,4535.82
2025,6,339039,2025NE002676,2025OB004533,MABEL CORA CANTO,Ressarcimento Deputada Mabel Canto 13461-49.2025,14061.37
2025,6,339030,2025NE002440,2025OB004140,MARCIA CECILIA HUÇULAK,Ressarcimento Deputada Márcia Huçulak 12683-06.2025,1809.66
2025,6,339039,2025NE002446,2025OB004141,MARCIA CECILIA HUÇULAK,Ressarcimento Deputada Márcia Huçulak 12683-06.2025,5992.01
2025,6,339033,2025NE002451,2025OB004142,MARCIA CECILIA HUÇULAK,Ressarcimento Deputada Márcia Huçulak 12683-06.2025,16.8
2025,6,339030,2025NE002377,2025OB003920,MARCIO JOSE PACHECO RAMOS,Ressarcimento Deputado Márcio Pacheco 11737-37.2025,3710.57
2025,6,339033,2025NE002380,2025OB003921,MARCIO JOSE PACHECO RAMOS,Ressarcimento Deputado Márcio Pacheco 11737-37.2025,148.44
2025,6,339039,2025NE002382,2025OB003922,MARCIO JOSE PACHECO RAMOS,Ressarcimento Deputado Márcio Pacheco 11737-37.2025,6116.52
2025,6,339030,2025NE002645,2025OB004471,MARCIO JOSE PACHECO RAMOS,"Ressarc. Dep. Marcio Pacheco, 13031-19.2025",23.88
2025,6,339033,2025NE002646,2025OB004472,MARCIO JOSE PACHECO RAMOS,"Ressarc. Dep. Marcio Pacheco, 13031-19.2025",554.14
2025,6,339039,2025NE002647,2025OB004473,MARCIO JOSE PACHECO RAMOS,"Ressarc. Dep. Marcio Pacheco, 13031-19.2025",6753.1
2025,6,339093,2026NE001685,2025OB003852,MARIA VICTORIA BORGHETTI BARROS,"Ressarc. Dep. Maria Victoria, 08598-09.2026",22920.0
2025,6,339030,2025NE002329,2025OB003878,MARIA VICTORIA BORGHETTI BARROS,Ressa.Deput.Maria Victoria.prot.12023-75.2025,3936.89
2025,6,339039,2025NE002331,2025OB003879,MARIA VICTORIA BORGHETTI BARROS,Ressa.Deput.Maria Victoria.Prot.12023-75.2025,6400.0
2025,6,339030,2025NE002392,2025OB003916,MARIA VICTORIA BORGHETTI BARROS,"Ressarc. Dep. Maria Victoria, 12326-42.2025",5037.74
2025,6,339039,2025NE002393,2025OB003917,MARIA VICTORIA BORGHETTI BARROS,"Ressarc. Dep. Maria Victoria, 12326-42.2025",12500.0
2025,6,339030,2025NE002404,2025OB003982,MARILEI DE SOUZA LIMA,Ressa.Deput.Cantora Mara Lima.Prot.12424-15.2025,1634.79
2025,6,339039,2025NE002405,2025OB003983,MARILEI DE SOUZA LIMA,Ressa.Deput.Cantora Mara Lima.Prot.12424-15.2025,23166.88
2025,6,339030,2025NE002302,2025OB003843,MARLY PAULINO FAGUNDES,Ressarcimento deputada Marly Paulino 11730-32.2025,4705.74
2025,6,339033,2025NE002306,2025OB003844,MARLY PAULINO FAGUNDES,Ressarcimento Deputada Marly Paulino 11730-32.2025,770.24
2025,6,339039,2025NE002307,2025OB003845,MARLY PAULINO FAGUNDES,Ressarcimento deputada Marly Paulino 11730-32.2025,35139.45
2025,6,339014,2025NE002518,2025OB004227,MATHEUS VELOSO MARIA,Ressarcimento Deputado Matheus Vermelho 12972-60.2025,2006.9
2025,6,339030,2025NE002519,2025OB004228,MATHEUS VELOSO MARIA,Ressarcimento Deputado Matheus Vermelho 12972-60.2025,5065.3
2025,6,339033,2025NE002520,2025OB004229,MATHEUS VELOSO MARIA,Ressarcimento deputado Matheus Vermelho 12972-60.2025,7850.0
2025,6,339039,2025NE002521,2025OB004230,MATHEUS VELOSO MARIA,Ressarcimento Deputado Matheus Vermelho 12972-60.2025,25074.21
2025,6,339039,2025NE002521,2025OB004231,MATHEUS VELOSO MARIA,Ressarcimento Deputado Matheus Vermelho 12972-60.2025,2639.0
2025,6,339030,2025NE002279,2025OB003724,MAURICIO THADEU DE MELLO E SILVA,Ressa.Deput.Requiao Filho.Prot.11720-11.2025,2431.47
2025,6,339039,2025NE002280,2025OB003725,MAURICIO THADEU DE MELLO E SILVA,Ressa.Deput.Requiao Filho.Prot.11720-11.2025,260.0
2025,6,339030,2025NE002481,2025OB004125,MAURICIO THADEU DE MELLO E SILVA,Ressarcimento deputado Requião Filho 12739-46.2025,1854.31
2025,6,339039,2025NE002482,2025OB004126,MAURICIO THADEU DE MELLO E SILVA,Ressarcimento Deputado Requião Filho 12739-46.2025,29026.64
2025,6,339030,2025NE002388,2025OB003914,MOACYR ELIAS FADEL JUNIOR,Ressa.Deput.Moacyr Fadel.prot.11801-55.2025,891.79
2025,6,339039,2025NE002389,2025OB003915,MOACYR ELIAS FADEL JUNIOR,Ressa.Deput.Moacyr fadel.prot.11801-55.2025,10317.7
2025,6,339030,2025NE002381,2025OB003925,MOACYR ELIAS FADEL JUNIOR,"Ressarc. Dep. Moacyr Fadel, 11793-77.2025",4235.35
2025,6,339039,2025NE002383,2025OB003926,MOACYR ELIAS FADEL JUNIOR,"Ressarc. Dep. Moacyr Fadel, 11793-77.2025",9110.82
2025,6,339030,2025NE002294,2025OB003726,Marcelo Rangel Cruz de Oliveira,"Ressarc. Dep. Marcelo Rangel, 11279-84.2025",1043.2
2025,6,339033,2025NE002295,2025OB003727,Marcelo Rangel Cruz de Oliveira,"Ressarc. Dep. Marcelo Rangel, 11279-84.2025",95.7
2025,6,339039,2025NE002296,2025OB003728,Marcelo Rangel Cruz de Oliveira,"Ressarc. Dep. Marcelo Rangel, 11279-84.2025",2010.91
2025,6,339030,2025NE002394,2025OB003927,Marcelo Rangel Cruz de Oliveira,"Ressarc. Dep. Marcelo Rangel, 11872-78.2025",1750.0
2025,6,339039,2025NE002395,2025OB003928,Marcelo Rangel Cruz de Oliveira,"Ressarc. Dep. Marcelo Rangel, 11872-78.2025",20980.0
2025,6,339030,2025NE002656,2025OB004537,Marcelo Rangel Cruz de Oliveira,Ressa.Deput.Marcelo Rangel.prot.12440-68.2025,1759.9
2025,6,339033,2025NE002657,2025OB004538,Marcelo Rangel Cruz de Oliveira,Ressa.Deput.Marcelo Rangel.prot.12440-68.2025,76.3
2025,6,339039,2025NE002658,2025OB004539,Marcelo Rangel Cruz de Oliveira,Ressa.Deput.Marcelo Rangel.Prot.12440-68.2025,9563.04
2025,6,339030,2025NE002511,2025OB004154,NEY LEPREVOST NETO,Ressa.Deput.Ney leprevost.prot.12154-30.2025,8097.76
2025,6,339039,2025NE002512,2025OB004155,NEY LEPREVOST NETO,Ressa.Deput.Ney Leprevost.prot.12154-30.2025,34399.25
2025,6,339030,2025NE002246,2025OB003678,OZIEL LUIZ DE SOUZA,Ressa.Deput.Batatinha.Prot.11293-94.2025,2420.24
2025,6,339033,2025NE002247,2025OB003679,OZIEL LUIZ DE SOUZA,Ressa.Deput.Batatinha.prot.11293-94.2025,1684.14
2025,6,339039,2025NE002256,2025OB003680,OZIEL LUIZ DE SOUZA,Ressa.deput.Batatinha.Prot.11293-94.2025,2900.0
2025,6,339033,2025NE002334,2025OB003871,OZIEL LUIZ DE SOUZA,Ressa.Deput.Batatinha.Prot.12023-75.2025,327.49
2025,6,339039,2025NE002338,2025OB003872,OZIEL LUIZ DE SOUZA,Ressa.Deput.Batatinha.prot.12047-09.2025,5205.6
2025,6,339030,2025NE002542,2025OB004237,OZIEL LUIZ DE SOUZA,Ressa.Deput.Batatinha.Prot.13030-46.2025,1126.31
2025,6,339039,2025NE002543,2025OB004238,OZIEL LUIZ DE SOUZA,Ressa.Deput.Batatinha.Prot.13030-46.2025,2920.0
2025,6,339030,2025NE002665,2025OB004486,OZIEL LUIZ DE SOUZA,"Ressarc. Dep. Batatinha, 13172-92.2025",824.6
2025,6,339033,2025NE002666,2025OB004487,OZIEL LUIZ DE SOUZA,"Ressarc. Dep. Batatinha, 13172-92.2025",526.46
2025,6,339039,2025NE002667,2025OB004488,OZIEL LUIZ DE SOUZA,"Ressarc. Dep. Batatinha, 13172-92.2025",4984.18
2025,6,339014,2025NE002272,2025OB003720,PAULO ROBERTO MOREIRA GOMES JUNIOR,Ressa.Deput.Paulo Gomes.Prot.11220-28.2025,501.73
2025,6,339030,2025NE002273,2025OB003721,PAULO ROBERTO MOREIRA GOMES JUNIOR,Ressa.Deput.Paulo Gomes.prot.11220-28.2025,3201.81
2025,6,339039,2025NE002276,2025OB003723,PAULO ROBERTO MOREIRA GOMES JUNIOR,Ressa.Deput.Paulo Gomes.Prot.11220-28.2025,12000.0
2025,6,339033,2025NE002576,2025OB004356,PAULO ROBERTO MOREIRA GOMES JUNIOR,Ressarcimento Deputado Paulo Gomes 12276-34.2025,95.45
2025,6,339030,2025NE002575,2025OB004357,PAULO ROBERTO MOREIRA GOMES JUNIOR,Ressarcimento Deputado Paulo Gomes 12276-34.2025,4972.09
2025,6,339039,2025NE002577,2025OB004358,PAULO ROBERTO MOREIRA GOMES JUNIOR,Ressarcimento Deputado Paulo Gomes 12276-34.2025,18616.54
2025,6,339030,2025NE002499,2025OB004156,PEDRO PAULO BAZANA,Ressa.Deput.Bazana.Prot.12723-90.2025,4034.02
2025,6,339033,2025NE002500,2025OB004157,PEDRO PAULO BAZANA,Ressa.Deput.Bazana.Prot.12723-90.2025,34.8
2025,6,339039,2025NE002501,2025OB004158,PEDRO PAULO BAZANA,Ressa.Deput.Bazana.Prot.12723-90.2025,7027.82
2025,6,339030,2025NE002536,2025OB004239,PEDRO PAULO BAZANA,Ressarcimento Deputado Bazana 13168-06.2025,742.25
2025,6,339033,2025NE002538,2025OB004240,PEDRO PAULO BAZANA,Ressarcimento Deputado Bazana 13168-06.2025,17.4
2025,6,339039,2025NE002539,2025OB004241,PEDRO PAULO BAZANA,Ressarcimento deputado Bazana 13168-06.2025,24191.71
2025,6,339030,2025NE002680,2025OB004526,RENATO DE ALMEIDA FREITAS JUNIOR,Ressarcimento deputado Renato Freitas 13153-23.2025,511.9
2025,6,339039,2025NE002681,2025OB004527,RENATO DE ALMEIDA FREITAS JUNIOR,Ressarcimento deputado Renato Freitas 13153-23.2025,12269.4
2025,6,339014,2025NE002397,2025OB003955,RICARDO ARRUDA NUNES,"Ressarc. Dep. Ricardo Arruda, 12256-89.2025",4766.37
2025,6,339030,2025NE002398,2025OB003956,RICARDO ARRUDA NUNES,"Ressarc. Dep. Ricardo Arruda, 12256-89.2025",5188.58
2025,6,339033,2025NE002399,2025OB003957,RICARDO ARRUDA NUNES,"Ressarc. Dep. Ricardo Arruda, 12256-89.2025",820.68
2025,6,339039,2025NE002400,2025OB003958,RICARDO ARRUDA NUNES,"Ressarc. Dep. Ricardo Arruda, 12256-89.2025",26000.0
2025,6,339030,2025NE002573,2025OB004363,SAMUEL PEREIRA DA SILVA,Ressarcimento Deputado Samuel Dantas 13171-22.2025,6338.95
2025,6,339039,2025NE002574,2025OB004364,SAMUEL PEREIRA DA SILVA,RessarcimentoDeputado Samuel Dantas 13171-22.2025,31217.02
2025,6,339039,2025NE002371,2025OB003929,TITO LÍVIO BARICHELLO,Ressarcimento Deputado Tito Barrichelo 11778-94.2025,14394.4
2025,6,339030,2025NE002369,2025OB003930,TITO LÍVIO BARICHELLO,Ressarcimento Deputado Tito Barrichelo 11778-94.2025,5032.94
2025,6,339030,2025NE002523,2025OB004223,TITO LÍVIO BARICHELLO,Ressarcimento deputado Matheus Vermelho 12958-50.2025,155.47
2025,6,339039,2025NE002525,2025OB004224,TITO LÍVIO BARICHELLO,Ressarcimento Deputado Tito Barrichello 12958-50.2025,6799.99
2025,6,339030,2025NE002522,2025OB004225,TITO LÍVIO BARICHELLO,Ressa.Deput.Tito Barichello.Prot.12189-55.2025,592.0
2025,6,339039,2025NE002524,2025OB004226,TITO LÍVIO BARICHELLO,Ressa.Deput.Tito Barichello.Prot.12189-55.2025,4680.32
2025,7,339030,2025NE003058,2025OB005998,ADEMAR LUIZ TRAIANO,Ressa.Deput.Ademar Traiano.Prot.15615-91.2025,7669.51
2025,7,339039,2025NE003059,2025OB005999,ADEMAR LUIZ TRAIANO,Ressa.Deput.Ademar Traiano.Prot.15615-91.2025,24652.95
2025,7,339030,2025NE002734,2025OB004727,ADRIANO JOSE DA SILVA,Ressa.Deput.Sol Adriano.Prot.13667-16.2025,4386.1
2025,7,339033,2025NE002735,2025OB004728,ADRIANO JOSE DA SILVA,Ressa.Deput.Sol.Adriano.Prot.13667-16.2025,2928.58
2025,7,339039,2025NE002736,2025OB004729,ADRIANO JOSE DA SILVA,Ressa.Deput.Sold.Adriano.Prot.13667-16.2025,14518.43
2025,7,339039,2025NE003040,2025OB005737,ADRIANO JOSE DA SILVA,Ressarcimento Deputado Adriano 15343-63.2025,16500.0
2025,7,339030,2025NE003038,2025OB005738,ADRIANO JOSE DA SILVA,Ressarcimento deputado Soldado Adriano 15343-63.2025,2793.04
2025,7,339033,2025NE003057,2025OB005739,ADRIANO JOSE DA SILVA,Ressarcimento deputado Adriano 15343-63.2025,1638.66
2025,7,339030,2025NE003180,2025OB006280,ADRIANO JOSE DA SILVA,Ressa.Deput.Soldado Adriano.Prot.15887-22.2025,1991.9
2025,7,339033,2025NE003181,2025OB006281,ADRIANO JOSE DA SILVA,Ressa.Deput.Soldado Adriano.Prot.15887-22.2025,3932.27
2025,7,339039,2025NE003182,2025OB006282,ADRIANO JOSE DA SILVA,Ressa.Deput.Soldado Adriano.Prot.15887-22.2025,359.84
2025,7,339030,2025NE002759,2025OB004724,ADÃO FERNANDES,Ressa.Deput.Adao Litro.Prot.13982-47.2025,1454.95
2025,7,339039,2025NE002760,2025OB004725,ADÃO FERNANDES,Ressa.Deput.Adao Litro.Prot.13982-47.2025,15653.63
2025,7,339030,2025NE002975,2025OB005511,ADÃO FERNANDES,Ressa.Deput.Adao Litro.prot.15130-91.2025,1823.37
2025,7,339039,2025NE002976,2025OB005512,ADÃO FERNANDES,Ressa.Deput.Adão Litro.Prot.15130-91.2025,15247.0
2025,7,339030,2025NE003113,2025OB006083,ADÃO FERNANDES,Ressa.Deput.Adao Litro.Prot.15730-90.2025,1913.44
2025,7,339033,2025NE003115,2025OB006084,ADÃO FERNANDES,Ressa.Deput.Adão litro.prot.15730-90.2025,283.69
2025,7,339039,2025NE003116,2025OB006085,ADÃO FERNANDES,Ressa.deput.Adão litro.prot.15730-90.2025,1596.72
2025,7,339030,2025NE003229,2025OB006385,ADÃO FERNANDES,"Ressarc. Dep. Adão Litro, 16066-39.2025",1122.84
2025,7,339039,2025NE003230,2025OB006386,ADÃO FERNANDES,"Ressarc. Dep. Adão Litro, 16066-39.2025",15515.92
2025,7,339014,2025NE002871,2025OB005214,ALEXANDRE AMARO,Ressa.deput.Alexandre Amaro.prot.14361-96.2025,1003.45
2025,7,339030,2025NE002872,2025OB005215,ALEXANDRE AMARO,Ressa.Deput.Alexandre Amaro.prot.14361-96.2025,2924.53
2025,7,339039,2025NE002873,2025OB005216,ALEXANDRE AMARO,Ressa.Depuut.Alexandre Amaro.prot.14361-96.2025,1591.29
2025,7,339030,2025NE002954,2025OB005414,ALEXANDRE AMARO,Ressarcimento Deputado Alexandre Amaro 15327-10.2025,3913.34
2025,7,339033,2025NE002955,2025OB005415,ALEXANDRE AMARO,Ressarcimento deputado Alexandre Amaro 15327-10.2025,59.6
2025,7,339039,2025NE002957,2025OB005416,ALEXANDRE AMARO,Ressarcimento deputado Alexandre Amaro 15327-10.2025,16142.83
2025,7,339039,2025NE002944,2025OB005431,ALISSON ANTHONY WANDSCHEER,Ressarcimento Deputado Alisson Wandscheer 15156-68.2025,36770.0
2025,7,339030,2025NE002943,2025OB005432,ALISSON ANTHONY WANDSCHEER,Ressarcimento deputado Alison Wandscher 15156-68.2025,4775.52
2025,7,339014,2025NE002929,2025OB005265,ANA JÚLIA RIBEIRIO,"Ressarc. Dep. Ana Julia, 14863-25.2025",5268.1
2025,7,339030,2025NE002914,2025OB005266,ANA JÚLIA RIBEIRIO,"Ressarc. Dep. Ana Julia, 14863-25.2025",2841.97
2025,7,339039,2025NE002930,2025OB005267,ANA JÚLIA RIBEIRIO,"Ressarc. Dep. Ana Julia, 14863-25.2025",7802.06
2025,7,339030,2025NE002707,2025OB004643,ANTENOR GOMES DE LIMA,Ressarcimento deputado Dr. Antenor 13518-62.2025,3485.32
2025,7,339039,2025NE002708,2025OB004644,ANTENOR GOMES DE LIMA,Ressarcimento Deputado Dr. Antenor 13518-62.2025,38456.29
2025,7,339030,2025NE003259,2025OB006447,ANTENOR GOMES DE LIMA,Ressa.Deput.Dr Antenor.Prot.16111-85.2025,4379.22
2025,7,339039,2025NE003260,2025OB006448,ANTENOR GOMES DE LIMA,Ressa.Deput.Dr Antenor.Prot.16111-85.2025,38154.58
2025,7,339030,2025NE002691,2025OB004634,ANTONIO ANNIBELLI NETO,Ressa.Deput.Anibelli Neto.Prot.13022-68.2025,10795.19
2025,7,339033,2025NE002692,2025OB004635,ANTONIO ANNIBELLI NETO,Ressa.Deput.Anibelli Neto.Prot.13022-68.2025,245.25
2025,7,339039,2025NE002693,2025OB004636,ANTONIO ANNIBELLI NETO,Ressa.Deput.Anibelli Neto.prot.13022-68.2025,33235.52
2025,7,339030,2025NE003124,2025OB006094,ANTONIO ANNIBELLI NETO,Ressarcimento deputado Anibeli Neto 15625-15.2025,12195.24
2025,7,339039,2025NE003127,2025OB006096,ANTONIO ANNIBELLI NETO,Ressarcimento deputado Anibeli Neto 15625-15.2025,28254.51
2025,7,339039,2025NE002740,2025OB004716,ARILSON MAROLDI CHIORATO,Ressa.Deput.Arilson Chiorato.Prot.13986-36.2025,6881.05
2025,7,339030,2025NE002739,2025OB004717,ARILSON MAROLDI CHIORATO,Ressa.DeputArilson Chiorato.Prot.13986-36.2025,818.41
2025,7,339030,2025NE003077,2025OB006013,ARILSON MAROLDI CHIORATO,Ressarcimento Deputado Arilson Chiorato 15356-03.2025,3110.15
2025,7,339033,2025NE003078,2025OB006014,ARILSON MAROLDI CHIORATO,Ressarcimento Deputado Arilson Chiorato 15356-03.2025,5172.27
2025,7,339039,2025NE003079,2025OB006015,ARILSON MAROLDI CHIORATO,Ressarcimento deputado Arilson Chiorato 15356-03.2025,6682.4
2025,7,339039,2025NE003228,2025OB006371,ARILSON MAROLDI CHIORATO,Ressarcimento Deputado Arilson Chiorato 15941-19.2025,22704.22
2025,7,339033,2025NE003227,2025OB006372,ARILSON MAROLDI CHIORATO,Ressarcimento Deputado Arilson Chiorato 15941-19.2025,74.41
2025,7,339030,2025NE003226,2025OB006373,ARILSON MAROLDI CHIORATO,Ressarcimento Deputado Arilson Chiorato 15941-19.2025,1885.98
2025,7,339014,2025NE002756,2025OB004703,ARTAGAO DE MATTOS LEÃO JUNIOR,Ressa.Deput.Artagao Junior.Prot.13992-68.2025,2257.76
2025,7,339014,2025NE002756,2025OB004774,ARTAGAO DE MATTOS LEÃO JUNIOR,Ressa.Deput.Artagao Junior.Prot.13992-68.2025,2257.76
2025,7,339030,2025NE002757,2025OB004704,ARTAGAO DE MATTOS LEÃO JUNIOR,Ressa.Deput.Artagao Junior.Prot.13992-68.2025,3954.57
2025,7,339030,2025NE002757,2025OB004775,ARTAGAO DE MATTOS LEÃO JUNIOR,Ressa.Deput.Artagao Junior.Prot.13992-68.2025,3954.57
2025,7,339014,2025NE002887,2025OB005246,ARTAGAO DE MATTOS LEÃO JUNIOR,"Ressarc. Dep. Artagão, 14721-76.2025",752.59
2025,7,339030,2025NE002889,2025OB005247,ARTAGAO DE MATTOS LEÃO JUNIOR,"Ressarc. Dep. Artagão, 14721-76.2025",4579.8
2025,7,339039,2025NE002890,2025OB005248,ARTAGAO DE MATTOS LEÃO JUNIOR,"Ressarc. Dep. Artagão, 14721-76.2025",367.6
2025,7,339039,2025NE003003,2025OB005526,ARTAGAO DE MATTOS LEÃO JUNIOR,Ressarcimento Deputado Artagão 15397-60.2025,180.0
2025,7,339030,2025NE003002,2025OB005527,ARTAGAO DE MATTOS LEÃO JUNIOR,Ressarcimento Deputado Artagão 15397-60.2025,6233.73
2025,7,339014,2025NE003001,2025OB005528,ARTAGAO DE MATTOS LEÃO JUNIOR,Ressarcimento Deputado Artagão 15397-60.2025,5017.23
2025,7,339030,2025NE003209,2025OB006290,ARTAGAO DE MATTOS LEÃO JUNIOR,Ressa.Deput.Aratgao Junior.Prot.16141-51.2025,515.99
2025,7,339033,2025NE003211,2025OB006291,ARTAGAO DE MATTOS LEÃO JUNIOR,Ressa.Deput.Artagao Junior.Prot.16141-51.2025,39.2
2025,7,339039,2025NE003215,2025OB006292,ARTAGAO DE MATTOS LEÃO JUNIOR,Ressa.Deput.Artagao Junior.Prot.16141-51.2025,9.48
2025,7,339039,2025NE003215,2025OB006297,ARTAGAO DE MATTOS LEÃO JUNIOR,Ressa.Deput.Artagao Junior.Prot.16141-51.2025,13000.0
2025,7,339014,2025NE003231,2025OB006293,ARTAGAO DE MATTOS LEÃO JUNIOR,"Ressarc. Dep. Artagão Junior, 16123-52.2025",5017.23
2025,7,339030,2025NE003232,2025OB006294,ARTAGAO DE MATTOS LEÃO JUNIOR,"Ressarc. Dep. Artagão Junior, 16123-52.2025",3725.48
2025,7,339039,2025NE003233,2025OB006295,ARTAGAO DE MATTOS LEÃO JUNIOR,"Ressarc. Dep. Artagão Junior, 16123-52.2025",466.0
2025,7,339039,2025NE003233,2025OB006296,ARTAGAO DE MATTOS LEÃO JUNIOR,"Ressarc. Dep. Artagão Junior, 16123-52.2025",2000.0
2025,7,339030,2025NE002732,2025OB004677,Aldino Jorge Bueno,Ressa.Deput.Gugu Bueno.Prot.13667-16.2025,2053.85
2025,7,339039,2025NE002733,2025OB004730,Aldino Jorge Bueno,Ressa.Deput.Gugu Bueno.Prot.13667-16.2025,6892.09
2025,7,339030,2025NE002840,2025OB005100,Aldino Jorge Bueno,"Ressarc. Dep. Gugu Bueno, 14373-63.2025",260.03
2025,7,339039,2025NE002841,2025OB005101,Aldino Jorge Bueno,"Ressarc. Dep. Gugu Bueno, 14373-63.2025",9615.14
2025,7,339030,2025NE002966,2025OB005505,Aldino Jorge Bueno,Ressa.deput.Gugu bueno.prot.15334-15.2025,5652.03
2025,7,339039,2025NE002967,2025OB005506,Aldino Jorge Bueno,Ressa.Deput.Gugu Bueno.Prot.15334-15.2025,200.0
2025,7,339030,2025NE003066,2025OB005992,Aldino Jorge Bueno,Ressa.Deput.Gugu Bueno.Prot.15742-57.2025,456.41
2025,7,339033,2025NE003067,2025OB005993,Aldino Jorge Bueno,Ressa.deput.Gugu Bueno.prot.15742-57.2025,5907.54
2025,7,339039,2025NE003070,2025OB005994,Aldino Jorge Bueno,Ressa.Deput.Gugu Bueno.prot.15742-57.2025,8942.88
2025,7,339030,2025NE002901,2025OB005238,Alexandre Maranhão Curi,"Ressarc. Dep. Alexandre Curi, 15123-86.2025",5146.19
2025,7,339033,2025NE002902,2025OB005239,Alexandre Maranhão Curi,"Ressarc. Dep. Alexandre Curi, 15123-86.2025",6964.19
2025,7,339039,2025NE002903,2025OB005240,Alexandre Maranhão Curi,"Ressarc. Dep. Alexandre Curi, 15123-86.2025",32746.51
2025,7,339030,2025NE002714,2025OB004656,CLOARA PINHEIRO LIMA,Ressa.Deput.Cloara Pinheiro.Prot.13531-02.2025,2152.35
2025,7,339030,2025NE002714,2025OB004671,CLOARA PINHEIRO LIMA,Ressa.Deput.Cloara Pinheiro.Prot.13531-02.2025,104.66
2025,7,339033,2025NE002715,2025OB004657,CLOARA PINHEIRO LIMA,Ressa.Deput.Cloara Pinheiro.Prot.13531-02.2025,2968.24
2025,7,339039,2025NE002717,2025OB004658,CLOARA PINHEIRO LIMA,Ressa.Deput.Cloara Pinheiro.Prot.13531-02.2025,15082.38
2025,7,339030,2025NE002968,2025OB005502,CLOARA PINHEIRO LIMA,Ressa.Deput.Cloara Pinheiro.Prot.15158-14.2025,500.0
2025,7,339033,2025NE002969,2025OB005503,CLOARA PINHEIRO LIMA,Ressa.Deput.Cloara Pinheiro.Prot.15158-14.2025,52.08
2025,7,339039,2025NE002970,2025OB005504,CLOARA PINHEIRO LIMA,Ressa.Deput.Cloara Pinheiro.Prot.15158-14.2025,3363.01
2025,7,339030,2025NE003033,2025OB005899,CLOARA PINHEIRO LIMA,Ressa.Deput.Cloara Pinheiro.Prot.15137-96.2025,3912.47
2025,7,339033,2025NE003034,2025OB005900,CLOARA PINHEIRO LIMA,Ressa.Deput.Cloara Piheiro.Prot.15137-96.2025,98.8
2025,7,339039,2025NE003035,2025OB005901,CLOARA PINHEIRO LIMA,Ressa.Deput.Cloara Pinheiro.Prot.15137-96.2025,4328.93
2025,7,339014,2025NE002741,2025OB004713,DENIAN COUTO COELHO,Ressa.Deput.Denian Couto.Prot.13958-16.2025,6829.03
2025,7,339030,2025NE002742,2025OB004714,DENIAN COUTO COELHO,Ressa.Deput.Denian Couto.Prot.13958-16.2025,1137.86
2025,7,339039,2025NE002743,2025OB004715,DENIAN COUTO COELHO,Ressa.Deput.Denian Couto.Prot.13958-16.2025,572.56
2025,7,339014,2026NE002062,2025OB005226,DENIAN COUTO COELHO,"Ressarc. Dep. Denian Couto, 10334-85.2026",1402.03
2025,7,339039,2025NE003026,2025OB005729,DENIAN COUTO COELHO,Ressa.deput.Denian Couto.prot.15364-78.2025,17250.0
2025,7,339014,2025NE003062,2025OB005995,DENIAN COUTO COELHO,"Ressarc. Dep. Denian Couto, 15726-04.2025",1756.04
2025,7,339030,2025NE003064,2025OB005996,DENIAN COUTO COELHO,"Ressarc. Dep. Denian Couto, 15726-04.2025",2157.98
2025,7,339039,2025NE003065,2025OB005997,DENIAN COUTO COELHO,"Ressarc. Dep. Denian Couto, 15726-04.2025",195.5
2025,7,339039,2025NE002867,2025OB005103,DEVANIL REGINALDO DA SILVA,Ressarcimento Deputado Cobra Repórter 14471-36.2025,22985.58
2025,7,339033,2025NE002866,2025OB005104,DEVANIL REGINALDO DA SILVA,Ressarcimento deputado Cobra Repórter 14471-36.2025,83.8
2025,7,339030,2025NE002865,2025OB005105,DEVANIL REGINALDO DA SILVA,Ressarcimento Cobra Repórter 14471-36.2025,2435.26
2025,7,339030,2025NE002920,2025OB005268,DEVANIL REGINALDO DA SILVA,Ressa.Deput.Cobra Reporter.prot.14727-11.2025,3803.28
2025,7,339039,2025NE002921,2025OB005269,DEVANIL REGINALDO DA SILVA,Ressa.Deput.Cobra Reporter.Prot.14727-11.2025,3602.06
2025,7,339039,2025NE002942,2025OB005429,DEVANIL REGINALDO DA SILVA,Ressarcimento deputado Cobra Repórter 14896-07.2025,9489.0
2025,7,339039,2025NE003267,2025OB006455,DEVANIL REGINALDO DA SILVA,Ressarcimento Deputado Cobra Repórter 16176-76.2025,16469.89
2025,7,339030,2025NE003266,2025OB006456,DEVANIL REGINALDO DA SILVA,Ressarcimento Deputado Cobra Repórter 16176-76.2025,2095.0
2025,7,339039,2025NE002784,2025OB004710,EVANDRO JOSE DA CRUZ ARAUJO,Ressarcimento Deputado Evandro Araújo 13970-80.2025,2057.74
2025,7,339039,2025NE002784,2025OB004778,EVANDRO JOSE DA CRUZ ARAUJO,Ressarcimento Deputado Evandro Araújo 13970-80.2025,2057.74
2025,7,339033,2025NE002783,2025OB004711,EVANDRO JOSE DA CRUZ ARAUJO,Ressarcimento deputado Evandro Araújo 13970-80.2025,1209.43
2025,7,339033,2025NE002783,2025OB004777,EVANDRO JOSE DA CRUZ ARAUJO,Ressarcimento deputado Evandro Araújo 13970-80.2025,1209.43
2025,7,339030,2025NE002782,2025OB004712,EVANDRO JOSE DA CRUZ ARAUJO,Ressarcimento deputado Evandro Araújo 13970-80.2025,975.0
2025,7,339030,2025NE002782,2025OB004776,EVANDRO JOSE DA CRUZ ARAUJO,Ressarcimento deputado Evandro Araújo 13970-80.2025,975.0
2025,7,339030,2025NE002963,2025OB005420,EVANDRO JOSE DA CRUZ ARAUJO,"Ressarc. Dep. Evandro Araújo, 15042-42.2025",1709.9
2025,7,339033,2025NE002964,2025OB005421,EVANDRO JOSE DA CRUZ ARAUJO,"Ressarc. Dep. Evandro Araújo, 15042-42.2025",1342.68
2025,7,339039,2025NE002965,2025OB005422,EVANDRO JOSE DA CRUZ ARAUJO,"Ressarc. Dep. Evandro Araújo, 15042-42.2025",22314.27
2025,7,339030,2025NE003144,2025OB006126,EVANDRO JOSE DA CRUZ ARAUJO,Ressa.Deput.Evandro Araujo.prot.15659-67.2025,2441.36
2025,7,339033,2025NE003145,2025OB006127,EVANDRO JOSE DA CRUZ ARAUJO,Ressa.Deput.Evansro Araujo.prot.15659-67.2025,72.1
2025,7,339039,2025NE003146,2025OB006128,EVANDRO JOSE DA CRUZ ARAUJO,Ressa.Deput.Evandro Araujo.Prot.15659-67.2025,7408.24
2025,7,339033,2025NE002754,2025OB005052,FABIO OLIVEIRA,Ressarcimento Deputado Fábio Oliveira 14037-17.2025,160.0
2025,7,339039,2025NE002755,2025OB005053,FABIO OLIVEIRA,Ressarcimento Deputado Fábio Oliveira 14037-17.2025,3970.71
2025,7,339030,2025NE002945,2025OB005437,FABIO OLIVEIRA,Ressarcimento Deputado Fábio Oliveira 15168-35.2025,3805.37
2025,7,339039,2025NE002949,2025OB005438,FABIO OLIVEIRA,Ressarcimento Deputado Fábio Oliveira 15168-35.2025,17519.63
2025,7,339033,2025NE002947,2025OB005439,FABIO OLIVEIRA,Ressarcimento Deputado Fábio Oliveira 15168-35.2025,17.5
2025,7,339030,2025NE003118,2025OB006078,FABIO OLIVEIRA,Ressarcimento deputado Fábio Oliveira 15831-79.2025,2576.96
2025,7,339039,2025NE003120,2025OB006079,FABIO OLIVEIRA,Ressarcimento deputado Fábio Oliveira 15831-79.2025,11046.5
2025,7,339033,2025NE003122,2025OB006080,FABIO OLIVEIRA,Ressarcimento Deputado Fábio Oliveira 15831-79.2025,193.45
2025,7,339030,2025NE003239,2025OB006354,FABIO OLIVEIRA,"Ressarc. Dep. Fabio Oliveira, 16194-75.2025",1276.33
2025,7,339033,2025NE003240,2025OB006355,FABIO OLIVEIRA,"Ressarc. Dep. Fabio Oliveira, 16194-75.2025",12.95
2025,7,339039,2025NE003241,2025OB006356,FABIO OLIVEIRA,"Ressarc. Dep. Fabio Oliveira, 16194-75.2025",4808.43
2025,7,339039,2025NE002788,2025OB004697,FLAVIA CAROLINA RESENDE JABER FRANCISCHINI,"Ressarc. Dep. Flavia Francischini, 14340-81.2025",12950.0
2025,7,339039,2025NE002788,2025OB004768,FLAVIA CAROLINA RESENDE JABER FRANCISCHINI,"Ressarc. Dep. Flavia Francischini, 14340-81.2025",12950.0
2025,7,339039,2025NE002787,2025OB004707,FLAVIA CAROLINA RESENDE JABER FRANCISCHINI,Ressa.Deput.Flavia Francischini.prot.14291-46.2025,12000.0
2025,7,339039,2025NE002787,2025OB004769,FLAVIA CAROLINA RESENDE JABER FRANCISCHINI,Ressa.Deput.Flavia Francischini.prot.14291-46.2025,12000.0
2025,7,339039,2025NE002807,2025OB004764,FLAVIA CAROLINA RESENDE JABER FRANCISCHINI,Ressarcimento Deputada Flávia Francischini 14679-46.2025,16000.0
2025,7,339030,2025NE002776,2025OB004755,GILSON DE SOUZA,"Ressarc. Dep. Gilson de Souza, 14129-55.2025",1216.03
2025,7,339039,2025NE002777,2025OB004756,GILSON DE SOUZA,"Ressarc. Dep. Gilson de Souza, 14129-55.2025",13727.15
2025,7,339033,2025NE002780,2025OB004899,GILSON DE SOUZA,"Ressarc. Dep. Gilson de Souza, 14170-15.2025",3184.83
2025,7,339039,2025NE002781,2025OB004900,GILSON DE SOUZA,"Ressarc. Dep. Gilson de Souza, 14170-15.2025",48.4
2025,7,339030,2025NE002916,2025OB005263,GILSON DE SOUZA,Ressarcimento deputado Gilson de Souza 14744-37.2025,1537.86
2025,7,339039,2025NE002917,2025OB005264,GILSON DE SOUZA,Ressarcimento deputado Gilson de Souza 14744-37.2025,15273.68
2025,7,339030,2025NE002720,2025OB004674,HUSSEIN BAKRI,Ressa.Deput.Hussein Bakri.Prot.13555-33.2025,704.06
2025,7,339033,2025NE002721,2025OB004675,HUSSEIN BAKRI,Ressa.Deput.Hussein Bakri.Prot.13555-33.2025,151.77
2025,7,339039,2025NE002722,2025OB004676,HUSSEIN BAKRI,Ressa.Deput.Hussein Bakri.Prot.13555-33.2025,10660.0
2025,7,339030,2025NE002856,2025OB005109,HUSSEIN BAKRI,"Ressarc. Dep. Hussein Bakri, 14342-27.2025",4643.49
2025,7,339039,2025NE002857,2025OB005110,HUSSEIN BAKRI,"Ressarc. Dep. Hussein Bakri, 14342-27.2025",3956.46
2025,7,339039,2025NE003017,2025OB005707,HUSSEIN BAKRI,Ressarcimento Deputado Hussein Bakri 15363-08.2025,12024.08
2025,7,339030,2025NE003016,2025OB005708,HUSSEIN BAKRI,Ressarcimento Deputado Hussein Bakri 15363-08.2025,3286.13
2025,7,339039,2025NE003149,2025OB006123,HUSSEIN BAKRI,Ressarcimento Deputado Hussein Bakri 15905-21.2025,10892.8
2025,7,339033,2025NE003148,2025OB006124,HUSSEIN BAKRI,Ressarcimento deputado Hussein Bakri 15905-21.2025,443.39
2025,7,339030,2025NE003147,2025OB006125,HUSSEIN BAKRI,Ressarcimento deputado Hussein Bakri 15905-21.2025,1103.27
2025,7,339039,2025NE002858,2025OB005190,ISABEL CRISTINA RAUEN SILVESTRI,Ressarcimento Deputada Cristina Silvestri 14072-42.2025,33552.34
2025,7,339033,2025NE002855,2025OB005191,ISABEL CRISTINA RAUEN SILVESTRI,Ressarcimento Deputada Cristina Silvestri 14072-42.2025,1250.0
2025,7,339030,2025NE002853,2025OB005192,ISABEL CRISTINA RAUEN SILVESTRI,Ressarcimento Deputada Cristina Silvestri 14072-42.2025,7109.36
2025,7,339030,2025NE003246,2025OB006376,JORGE GOMES DE OLIVEIRA BRAND,Ressarcimento Deputado Goura 16048-40.2025,9312.61
2025,7,339039,2025NE003247,2025OB006377,JORGE GOMES DE OLIVEIRA BRAND,Ressarcimento Deputado Goura 16048-40.2025,28751.28
2025,7,339039,2025NE003253,2025OB006378,JORGE GOMES DE OLIVEIRA BRAND,Ressarcimento Deputado Goura 16048-40.2025,2570.99
2025,7,339030,2025NE003150,2025OB006120,JOSE APARECIDO JACOVOS,Ressarcimento deputado Delegado Jacovós 15776-12.2025,11987.98
2025,7,339039,2025NE003151,2025OB006121,JOSE APARECIDO JACOVOS,Ressarcimento Deputado Delegado Jacovós 15776-12.2025,28105.16
2025,7,339039,2025NE002706,2025OB004645,JOSE GILBERTO DO CARMO ALVES RIBEIRO,Ressarcimento deputado Gilberto Ribeiro 13669-59.2025,5314.47
2025,7,339030,2025NE002705,2025OB004646,JOSE GILBERTO DO CARMO ALVES RIBEIRO,Ressarcimento Deputado Gilberto Ribeiro 13669-59.2025,1389.67
2025,7,339039,2025NE002892,2025OB005249,JOSE GILBERTO DO CARMO ALVES RIBEIRO,Ressarcimento Deputado Gilberto Ribeiro 14849-15.2025,11423.99
2025,7,339033,2025NE002891,2025OB005250,JOSE GILBERTO DO CARMO ALVES RIBEIRO,Ressarcimento deputado Gilberto Ribeiro 14849-15.2025,40.23
2025,7,339030,2025NE002888,2025OB005251,JOSE GILBERTO DO CARMO ALVES RIBEIRO,Ressarcimento deputado Gilberto Ribeiro 14849-15.2025,1787.14
2025,7,339039,2025NE003117,2025OB006091,JOSE GILBERTO DO CARMO ALVES RIBEIRO,Ressarcimento deputado Gilberto Ribeiro 15729-20.2025,3872.93
2025,7,339030,2025NE003114,2025OB006092,JOSE GILBERTO DO CARMO ALVES RIBEIRO,Ressarcimento Deputado Gilberto Ribeiro 15729-20.2025,2337.4
2025,7,339039,2025NE003208,2025OB006361,JOSE GILBERTO DO CARMO ALVES RIBEIRO,Ressarcimento deputado Gilberto Ribeiro 16155-61.2025,13426.65
2025,7,339030,2025NE003207,2025OB006362,JOSE GILBERTO DO CARMO ALVES RIBEIRO,Ressarcimento deputado Gilberto Ribeiro 16155-61.2025,857.98
2025,7,339039,2025NE002896,2025OB005255,JOSE RODRIGUES LEMOS,Ressa.Deput.Prof.Lemos.Prot.14856-20.2025,22920.0
2025,7,339039,2025NE003112,2025OB006089,JOSE RODRIGUES LEMOS,Ressarcimento deputado Professor Lemos 15417-05.2025,15975.71
2025,7,339030,2025NE003111,2025OB006090,JOSE RODRIGUES LEMOS,Ressarcimento Deputado Professor Lemos 15417-05.2025,4569.31
2025,7,339039,2025NE002798,2025OB004896,Jairo Tamura,Ressarcimento Deputado Jairo Tamura 14208-56.2025,10984.24
2025,7,339033,2025NE002797,2025OB004897,Jairo Tamura,Ressarcimento Deputado Jairo Tamura 14208-56.2025,1106.1
2025,7,339030,2025NE002796,2025OB004898,Jairo Tamura,Ressarcimento Deputado Jairo Tamura 14208-56.2025,2200.25
2025,7,339039,2025NE002983,2025OB005507,Jairo Tamura,Ressarcimento Deputado Jairo Tamura 15335-85.2025,10925.69
2025,7,339033,2025NE002982,2025OB005508,Jairo Tamura,Ressarcimeno Deputado Jairo Tamura 15335-85.2025,982.84
2025,7,339033,2025NE002981,2025OB005509,Jairo Tamura,Ressarcimento Depútado Jairo Tamura 15335-85.2025,42.75
2025,7,339030,2025NE002980,2025OB005510,Jairo Tamura,Ressarcimento Deputado Jairo Tamura 15335-85.2025,2659.12
2025,7,339030,2025NE003136,2025OB006097,Jairo Tamura,Ressa.Deput.Jairo Tamura.prot.15728-47.2025,819.66
2025,7,339033,2025NE003137,2025OB006098,Jairo Tamura,Ressa.deput.Jairo Taruma.prot.15728-47.2025,902.2
2025,7,339039,2025NE003138,2025OB006099,Jairo Tamura,Ressa.Deput.Jairo Taruma.Prot.15728-47.2025,9967.76
2025,7,339039,2025NE003140,2025OB006132,Jairo Tamura,Ressa.Deput.Jairo Tamura.Prot.15705-86.2025,5761.09
2025,7,339030,2025NE003139,2025OB006133,Jairo Tamura,Ressa.Deput.Jairo Taruma.Prot.15705-86.2025,159.99
2025,7,339030,2025NE002703,2025OB004642,LEONIDAS FAVERO NETO,Ressarcimento Deputado Dr. Leônidas 13397-31.2025,3600.0
2025,7,339039,2025NE002718,2025OB004654,LEONIDAS FAVERO NETO,Ressa.Deput.Dr Leonidas.Prot.13686-85.2025,4905.35
2025,7,339030,2025NE002719,2025OB004655,LEONIDAS FAVERO NETO,Ressa.Deput.Dr Leonidas.Prot.13829-07.2025,1074.2
2025,7,339039,2025NE002725,2025OB004663,LEONIDAS FAVERO NETO,Ressarcimento Deputado Dr. Leônidas 13823-72.2025,3500.0
2025,7,339030,2025NE002738,2025OB004680,LEONIDAS FAVERO NETO,Ressa.Deput.Dr Leonidas.Prot.14002-89.2025,109.9
2025,7,339030,2025NE002758,2025OB004699,LEONIDAS FAVERO NETO,Ressa.Deput.Dr Leonidas.Prot.14056-86.2025,400.0
2025,7,339030,2025NE002758,2025OB004781,LEONIDAS FAVERO NETO,Ressa.Deput.Dr Leonidas.Prot.14056-86.2025,400.0
2025,7,339030,2025NE002737,2025OB004731,LEONIDAS FAVERO NETO,Ressa.Deput.Dr Leonidas.Prot.13822-02.2025,817.78
2025,7,339039,2025NE002773,2025OB004757,LEONIDAS FAVERO NETO,"Ressarc. Dep. Dr. Leonidas, 13824-45.2025",418.0
2025,7,339039,2025NE002774,2025OB004758,LEONIDAS FAVERO NETO,"Ressarc. Dep. Dr. Leonidas, 14095-03.2025",299.0
2025,7,339030,2025NE002775,2025OB004759,LEONIDAS FAVERO NETO,"Ressarc. Dep. Dr. Leonidas, 14113-02.2025",1799.2
2025,7,339039,2025NE002795,2025OB004894,LEONIDAS FAVERO NETO,Ressarcimento Dr. Leônidas 14179-63.2025,124.61
2025,7,339030,2025NE002794,2025OB004895,LEONIDAS FAVERO NETO,Ressarcimento deputado Dr. Leônidas 14179-63.2025,192.04
2025,7,339039,2025NE002839,2025OB005093,LEONIDAS FAVERO NETO,"Ressarc. Dep. Dr. Leônidas, 14445-59.2025",15000.0
2025,7,339030,2025NE002848,2025OB005096,LEONIDAS FAVERO NETO,Ressa.Deput.Dr Leonidas.prpot.14440-97.2025,160.0
2025,7,339039,2025NE002846,2025OB005102,LEONIDAS FAVERO NETO,Ressa.deput.Dr leonidas.prot.14274-20.2025,3500.0
2025,7,339030,2025NE002940,2025OB005417,LEONIDAS FAVERO NETO,Ressarcimento Deputado Dr. Leônidas 15002-55.2025,2532.45
2025,7,339039,2025NE002933,2025OB005428,LEONIDAS FAVERO NETO,Ressa.Deput.Dr Leonidas.Prot.14864-95.2025,7100.0
2025,7,339030,2025NE003032,2025OB005730,LEONIDAS FAVERO NETO,Ressa.Deput.Dr Leonidas.Prot.15435-04.2025,3600.0
2025,7,339030,2025NE003049,2025OB005735,LEONIDAS FAVERO NETO,Ressa.Deput.Dr Leonidas.Prot.15532-04.2025,1459.06
2025,7,339030,2025NE003054,2025OB005736,LEONIDAS FAVERO NETO,Ressa.Deput.Dr Leonidas.Prot.15619-80.2025,147.04
2025,7,339039,2025NE003130,2025OB006093,LEONIDAS FAVERO NETO,Ressarcimento Depuatado Renato Freitas 15660-40.2025,4956.68
2025,7,339039,2025NE003220,2025OB006382,LEONIDAS FAVERO NETO,"Ressarc. Dep. Dr. Leônidas, 16052-29.2025",15000.0
2025,7,339039,2025NE003219,2025OB006383,LEONIDAS FAVERO NETO,"Ressarc. Dep. Dr. Leônidas, 16057-88.2025",7100.0
2025,7,339039,2025NE003223,2025OB006384,LEONIDAS FAVERO NETO,"Ressarc. Dep. Dr. Leônidas, 16064-93.2025",3500.0
2025,7,339033,2025NE002847,2025OB005256,LUCIANA GUZELLA RAFAGNIN,Ressarcimento Deputada Luciana Rafagnin 14161-64.2025,48.25
2025,7,339030,2025NE002850,2025OB005257,LUCIANA GUZELLA RAFAGNIN,Ressarcimento Deputada Luciana Rafagnin 14161-64.2025,3549.67
2025,7,339039,2025NE002851,2025OB005258,LUCIANA GUZELLA RAFAGNIN,Ressarcimento Deputada Luciana Rafagnin 14161-64.2025,4622.73
2025,7,339030,2025NE002951,2025OB005425,LUCIANA GUZELLA RAFAGNIN,Ressarcimento Deputada Luciana Rafagnin 14711-55.2025,1330.64
2025,7,339033,2025NE002952,2025OB005426,LUCIANA GUZELLA RAFAGNIN,Ressarcimento deputada Luciana Rafagnin 14711-55.2025,953.39
2025,7,339039,2025NE002953,2025OB005427,LUCIANA GUZELLA RAFAGNIN,Ressarcimento deputada Luciana Rafagnin 14711-55.2025,12643.6
2025,7,339039,2025NE003133,2025OB006086,LUCIANA GUZELLA RAFAGNIN,Ressarcimento deputada Luciana Rafagnin 15731-63.2025,2735.54
2025,7,339033,2025NE003132,2025OB006087,LUCIANA GUZELLA RAFAGNIN,Ressarcimento deputada Luciana Rafagnin 15731-63.2025,1662.65
2025,7,339030,2025NE003131,2025OB006088,LUCIANA GUZELLA RAFAGNIN,Ressarcimento deputada Luciana Rafgnin 15731-63.2025,4127.3
2025,7,339039,2025NE002728,2025OB004664,LUIS RAIMUNDO CORTI,Ressarcimento Deputado Luís Corti 13716-51.2025,15000.0
2025,7,339030,2025NE002748,2025OB004705,LUIS RAIMUNDO CORTI,Ressarcimento deputado Luís Corti 14079-47.2025,3747.36
2025,7,339030,2025NE002748,2025OB004770,LUIS RAIMUNDO CORTI,Ressarcimento deputado Luís Corti 14079-47.2025,3747.36
2025,7,339014,2025NE002747,2025OB004706,LUIS RAIMUNDO CORTI,Ressarcimento Deputado Luís Corti 14079-47.2025,5268.1
2025,7,339014,2025NE002747,2025OB004771,LUIS RAIMUNDO CORTI,Ressarcimento Deputado Luís Corti 14079-47.2025,5268.1
2025,7,339039,2025NE003141,2025OB006122,LUIS RAIMUNDO CORTI,Ressa.Deput.Luis Corti.Prot.15775-39.2025,8000.0
2025,7,339039,2025NE003222,2025OB006289,LUIS RAIMUNDO CORTI,"Ressarc. Dep. Luis Corti, 16003-91.2025",10000.0
2025,7,339014,2025NE003214,2025OB006380,LUIS RAIMUNDO CORTI,"Ressarc. Dep. Luis Corti, 16007-80.2025",6522.41
2025,7,339030,2025NE003216,2025OB006381,LUIS RAIMUNDO CORTI,"Ressarc. Dep. Luis Corti, 16007-80.2025",7325.92
2025,7,339039,2025NE002702,2025OB004640,LUIZ CLAUDIO ROMANELLI,Ressarcimento Deputado Romanelli 13492-85.2025,18469.35
2025,7,339030,2025NE003210,2025OB006368,LUIZ FERNANDO GUERRA FILHO,Ressarcimento deputado Guerra 15404-65.2025,13182.66
2025,7,339033,2025NE003212,2025OB006369,LUIZ FERNANDO GUERRA FILHO,Ressarcimento Deputado Guerra 15404-65.2025,1700.68
2025,7,339039,2025NE003213,2025OB006370,LUIZ FERNANDO GUERRA FILHO,Ressarcimento Deputado Guerra 15404-65.2025,6770.28
2025,7,339030,2025NE003261,2025OB006450,LUIZ FERNANDO GUERRA FILHO,Ressa.Deput.Luis Guerra.Prot.16187-70.2025,2481.58
2025,7,339039,2025NE003263,2025OB006451,LUIZ FERNANDO GUERRA FILHO,Ressa.Deput.Luis Guerra.porot.16187-70.2025,3500.0
2025,7,339030,2025NE003072,2025OB006010,MABEL CORA CANTO,Ressarcimento deputada Mabel Canto 14932-05.2025,5032.79
2025,7,339039,2025NE003076,2025OB006012,MABEL CORA CANTO,Ressarcimento deputada Mabel Canto 14932-05.2025,14443.51
2025,7,339014,2025NE002893,2025OB005252,MARCIA CECILIA HUÇULAK,Ressarcimento Deputada Márcia Huçulak 13804-03.2025,1505.17
2025,7,339039,2025NE002895,2025OB005253,MARCIA CECILIA HUÇULAK,Ressarcimento Deputada Márcia Huçulak 13804-03.2025,14464.49
2025,7,339030,2025NE002894,2025OB005254,MARCIA CECILIA HUÇULAK,Ressarcimento deputada Márcia Huçulak 13804-03.2025,652.04
2025,7,339039,2025NE003075,2025OB006006,MARCIA CECILIA HUÇULAK,Ressa.deput.Marcia Huçulak.Prot.15055-79.2025,7621.07
2025,7,339030,2025NE003074,2025OB006007,MARCIA CECILIA HUÇULAK,Ressa.Deput.Marcia Huçulak.prot.15055-79.2025,490.01
2025,7,339039,2025NE003068,2025OB006020,MARCIA CECILIA HUÇULAK,Ressarcimento Deputada Márcia Huçulak 15421-91.2025,12036.6
2025,7,339030,2025NE003063,2025OB006021,MARCIA CECILIA HUÇULAK,Ressarcimento Deputada Márcia Huçulak 15421-91.2025,673.48
2025,7,339030,2025NE002744,2025OB004721,MARCIO JOSE PACHECO RAMOS,Ressa.Deput.Marcio Pacheco.Prot.13619-51.2025,5236.71
2025,7,339033,2025NE002745,2025OB004722,MARCIO JOSE PACHECO RAMOS,Ressa.deput.Marcio Pacheco.Prot.13619-51.2025,822.38
2025,7,339039,2025NE002746,2025OB004723,MARCIO JOSE PACHECO RAMOS,Ressa.Deput.Marcio Pacheco.Prot.13619-51.2025,7475.53
2025,7,339039,2025NE002793,2025OB004948,MARCIO JOSE PACHECO RAMOS,"Ressarc. Dep. Marcio Pacheco, 14272-74.2025",4751.99
2025,7,339030,2025NE002925,2025OB005402,MARCIO JOSE PACHECO RAMOS,Ressa.Deput.Marcio Pacheco.prot.14507-34.2025,773.91
2025,7,339039,2025NE002926,2025OB005403,MARCIO JOSE PACHECO RAMOS,Ressa.Deput.Marcio Pacheco.prot.14507-34.2025,5818.11
2025,7,339033,2025NE002931,2025OB005404,MARCIO JOSE PACHECO RAMOS,Ressa.Deput.Marcio Pacheco.prot.14507-34.2025,262.58
2025,7,339030,2025NE003152,2025OB006134,MARCIO JOSE PACHECO RAMOS,Ressa.Deput.Marcio Pacheco.Prot.15415-59.2025,994.44
2025,7,339033,2025NE003153,2025OB006135,MARCIO JOSE PACHECO RAMOS,Ressa.Deput.Marcio Pacheco.Prot.15415-59.2025,21.0
2025,7,339039,2025NE003154,2025OB006136,MARCIO JOSE PACHECO RAMOS,Ressa.Deput.Marcio Pacheco.Prot.15415-59.2025,7810.95
2025,7,339030,2025NE002709,2025OB004659,MARIA VICTORIA BORGHETTI BARROS,Ressa.Deput.Maria Victoria.Prot.13980-04.2025,4866.05
2025,7,339039,2025NE002710,2025OB004660,MARIA VICTORIA BORGHETTI BARROS,Ressa.Deput.Maria Victoria.Prot.13980-04.2025,400.0
2025,7,339030,2025NE002852,2025OB005089,MARIA VICTORIA BORGHETTI BARROS,"Ressarc. Dep. Maria Victoria, 14647-37.2025",192.61
2025,7,339039,2025NE002854,2025OB005090,MARIA VICTORIA BORGHETTI BARROS,"Ressarc. Dep. Maria Victoria, 14647-37.2025",6400.0
2025,7,339030,2025NE002843,2025OB005091,MARIA VICTORIA BORGHETTI BARROS,Ressa.Deput.Maria Victoria.prot.14476-95.2025,5709.08
2025,7,339039,2025NE002844,2025OB005092,MARIA VICTORIA BORGHETTI BARROS,Ressa.Deput.Maria Victoria.Prot.14476-95.2025,14980.0
2025,7,339039,2025NE003031,2025OB005727,MARIA VICTORIA BORGHETTI BARROS,Ressa.Deput.Maria Victoria.prot.15441-36.2025,398.0
2025,7,339030,2025NE003030,2025OB005728,MARIA VICTORIA BORGHETTI BARROS,Ressa.Deput.Maria Victoria.Prot.15441-36.2025,3139.92
2025,7,339030,2025NE003103,2025OB006023,MARIA VICTORIA BORGHETTI BARROS,Ressa.Deput.Maria Victoria.Prot.15947-51.2025,2338.03
2025,7,339033,2025NE003104,2025OB006024,MARIA VICTORIA BORGHETTI BARROS,Ressa.Deput.Maria Victoria.Prot.15947-51.2025,200.0
2025,7,339039,2025NE003106,2025OB006025,MARIA VICTORIA BORGHETTI BARROS,Ressa.Deput.Maria Victoria.prot.15947-51.2025,1628.5
2025,7,339039,2025NE002779,2025OB004708,MARILEI DE SOUZA LIMA,Ressarcimento deputada Cantora Mara Lima 13966-91.2025,5220.0
2025,7,339039,2025NE002779,2025OB004772,MARILEI DE SOUZA LIMA,Ressarcimento deputada Cantora Mara Lima 13966-91.2025,5220.0
2025,7,339030,2025NE002778,2025OB004709,MARILEI DE SOUZA LIMA,Ressarcimento Deputada Mara Lima 13966-91.2025,1826.66
2025,7,339030,2025NE002778,2025OB004773,MARILEI DE SOUZA LIMA,Ressarcimento Deputada Mara Lima 13966-91.2025,1826.66
2025,7,339039,2025NE002939,2025OB005433,MARILEI DE SOUZA LIMA,Ressarcimento Deputada Cantora Mara Lima 15113-65.2025,19980.0
2025,7,339030,2025NE002938,2025OB005434,MARILEI DE SOUZA LIMA,Ressarcimento Deputada Cantora Mara Lima 15113-65.2025,107.95
2025,7,339030,2025NE002977,2025OB005517,MARILEI DE SOUZA LIMA,Ressa.Cantora Mara Lima.prot.15154-25.2025,3249.1
2025,7,339039,2025NE002978,2025OB005518,MARILEI DE SOUZA LIMA,Ressa.Cantora Mara Lima.Prot.15154-25.2025,6356.08
2025,7,339030,2025NE003242,2025OB006374,MARILEI DE SOUZA LIMA,"Ressarc. Dep. Mara Lima, 16219-79.2025",2237.27
2025,7,339039,2025NE003243,2025OB006375,MARILEI DE SOUZA LIMA,"Ressarc. Dep. Mara Lima, 16219-79.2025",10000.0
2025,7,339030,2025NE002918,2025OB005270,MARLY PAULINO FAGUNDES,Ressarcimento Deputada Marly Paulino 14953-20.2025,6305.5
2025,7,339033,2025NE002919,2025OB005271,MARLY PAULINO FAGUNDES,Ressarcimento Deputada Marly Paulino 14953-20.2025,550.0
2025,7,339039,2025NE002922,2025OB005272,MARLY PAULINO FAGUNDES,Ressarcimento Deputada Marly Paulino 14953-20.2025,31851.06
2025,7,339030,2025NE003235,2025OB006357,MATHEUS VELOSO MARIA,Ressarcimento Deputado Matheus Vermelho 15936-57.2025,3543.54
2025,7,339039,2025NE003237,2025OB006359,MATHEUS VELOSO MARIA,Ressarcimento Deputado Matheus Vermelho 15936-57.2025,29148.81
2025,7,339014,2025NE003234,2025OB006360,MATHEUS VELOSO MARIA,Ressarcimento Deputado Matheus Vermelho 15936-57.2025,3512.08
2025,7,339033,2025NE002750,2025OB004718,MAURICIO THADEU DE MELLO E SILVA,Ressarcimento Deputado Requião Filho 14038-87.2025,820.62
2025,7,339039,2025NE002752,2025OB004719,MAURICIO THADEU DE MELLO E SILVA,Ressarcimento Deputado Requião Filho 14038-87.2025,2400.0
2025,7,339030,2025NE002753,2025OB004720,MAURICIO THADEU DE MELLO E SILVA,Ressarcimento Deputado Requião Filho 14038-87.2025,1813.75
2025,7,339030,2025NE002961,2025OB005435,MAURICIO THADEU DE MELLO E SILVA,"Ressarc. Dep. Requião Filho, 15317-86.2025",929.06
2025,7,339039,2025NE002962,2025OB005436,MAURICIO THADEU DE MELLO E SILVA,"Ressarc. Dep. Requião Filho, 15317-86.2025",28582.41
2025,7,339030,2025NE002837,2025OB005094,MOACYR ELIAS FADEL JUNIOR,"Ressarc. Dep. Moacyr Fadel, 14271-04.2025",149.9
2025,7,339039,2025NE002838,2025OB005095,MOACYR ELIAS FADEL JUNIOR,"Ressarc. Dep. Moacyr Fadel, 14271-04.2025",11984.0
2025,7,339030,2025NE002934,2025OB005423,MOACYR ELIAS FADEL JUNIOR,Ressa.Deput.Moacyr Fadel.Prot.15165-19.2025,7226.65
2025,7,339039,2025NE002935,2025OB005424,MOACYR ELIAS FADEL JUNIOR,Ressa.Deput.Moacyr Fadel.Prot.15165-19.2025,8950.0
2025,7,339030,2025NE002878,2025OB005211,Marcelo Rangel Cruz de Oliveira,Ressa.Deput.Marcelo Rangel.prot.14396-24.2025,700.0
2025,7,339033,2025NE002882,2025OB005212,Marcelo Rangel Cruz de Oliveira,Ressa.Deput.Marcelo Rangel.Prot.14396-24.2025,46.1
2025,7,339039,2025NE002883,2025OB005213,Marcelo Rangel Cruz de Oliveira,Ressa.Deput.Marcelo Rangel.Prot.14396-24.2025,11538.86
2025,7,339039,2025NE002937,2025OB005418,Marcelo Rangel Cruz de Oliveira,Ressarcimento Deputado Marcelo Ragel 15147-20.2025,2714.62
2025,7,339033,2025NE002936,2025OB005419,Marcelo Rangel Cruz de Oliveira,Ressarcimento Deputado Marcelo Rangel 15147-20.2025,8.7
2025,7,339030,2025NE002972,2025OB005499,Marcelo Rangel Cruz de Oliveira,Ressa.Deput.Marcelo Rangel.prot.15039-26.2025,2250.0
2025,7,339039,2025NE002974,2025OB005500,Marcelo Rangel Cruz de Oliveira,Ressa.Deput.Marcelo Rangel.prot.15039-26.2025,31980.0
2025,7,339033,2025NE002973,2025OB005501,Marcelo Rangel Cruz de Oliveira,Ressa.Deput.Marcelo Rangel.prot.15039-26.2025,41.4
2025,7,339030,2025NE003159,2025OB006277,Marcelo Rangel Cruz de Oliveira,Ressa.Deput.Marcelo Rangel.Prot.15780-98.2025,819.9
2025,7,339033,2025NE003178,2025OB006278,Marcelo Rangel Cruz de Oliveira,Ressa.Deput.Marcelo Rangel.Prot.15780-98.2025,100.2
2025,7,339039,2025NE003179,2025OB006279,Marcelo Rangel Cruz de Oliveira,Ressa.Deput.Marcelo Rangel.Prot.15780-98.2025,9316.27
2025,7,339039,2025NE003027,2025OB005726,NELSON ROBERTO PLACIDO SILVA JUSTUS,Ressa.Deput.Nelson Justus.Prot.15414-86.2025,39000.0
2025,7,339030,2025NE003036,2025OB005748,NELSON ROBERTO PLACIDO SILVA JUSTUS,Ressa.Nelson Justus.Prot.15320-05.2025,1617.19
2025,7,339039,2025NE003037,2025OB005749,NELSON ROBERTO PLACIDO SILVA JUSTUS,Ressa.Deput.Nelson Justus.Prot.15320-05.2025,29000.0
2025,7,339030,2025NE003011,2025OB005696,NEY LEPREVOST NETO,Ressarcimento Deputado Ney Leprevost 15336-58.2025,8584.25
2025,7,339039,2025NE003012,2025OB005697,NEY LEPREVOST NETO,Ressarcimento Deputado Ney Leprevost 15336-58.2025,33925.6
2025,7,339039,2025NE002724,2025OB004661,OZIEL LUIZ DE SOUZA,Ressarcimento deputado Batatinha 13953-54.2025,5981.31
2025,7,339030,2025NE002723,2025OB004662,OZIEL LUIZ DE SOUZA,Ressarcimento deputado Batatinha 13953-54.2025,961.29
2025,7,339030,2025NE002726,2025OB004668,OZIEL LUIZ DE SOUZA,Ressarcimento Deputado Batatinha,386.19
2025,7,339039,2025NE002727,2025OB004669,OZIEL LUIZ DE SOUZA,Ressarcimento Deputado Batatinha 13561-65.2025,11140.59
2025,7,339014,2025NE002834,2025OB005097,OZIEL LUIZ DE SOUZA,"Ressarc. Dep. Batatinha, 14435-38.2025",1505.16
2025,7,339030,2025NE002835,2025OB005098,OZIEL LUIZ DE SOUZA,"Ressarc. Dep. Batatinha, 14435-38.2025",1082.4
2025,7,339033,2025NE002836,2025OB005099,OZIEL LUIZ DE SOUZA,"Ressarc. Dep. Batatinha, 14435-38.2025",2220.65
2025,7,339030,2025NE002946,2025OB005496,OZIEL LUIZ DE SOUZA,Ressa.Deput.Batatinha.Prot.14825-81.2025,835.83
2025,7,339033,2025NE002948,2025OB005497,OZIEL LUIZ DE SOUZA,Ressa.Deput.Batatinha.Prot.14825-81.2025,213.51
2025,7,339039,2025NE002950,2025OB005498,OZIEL LUIZ DE SOUZA,Ressa.Deput.Batatinha.Prot.14825-81.2025,3903.6
2025,7,339030,2025NE003048,2025OB005743,OZIEL LUIZ DE SOUZA,"Ressarc. Dep. Batatinha, 15332-69.2025",1107.58
2025,7,339039,2025NE003050,2025OB005744,OZIEL LUIZ DE SOUZA,"Ressarc. Dep. Batatinha, 15332-69.2025",6720.0
2025,7,339039,2025NE003071,2025OB006008,OZIEL LUIZ DE SOUZA,Ressarcimento deputado Batatinha 15622-96.2025,7773.65
2025,7,339030,2025NE003069,2025OB006009,OZIEL LUIZ DE SOUZA,Ressarcimento Deputado Batatinha 15622-96.2025,135.18
2025,7,339030,2025NE003109,2025OB006049,OZIEL LUIZ DE SOUZA,Ressa.Deput.Batatinh.Prot.15658-94.2025,500.0
2025,7,339039,2025NE003110,2025OB006050,OZIEL LUIZ DE SOUZA,Ressa.Deput.Batatinha.prot.15658-94.2025,9960.0
2025,7,339030,2025NE002910,2025OB005243,PAULO ROBERTO MOREIRA GOMES JUNIOR,"Ressarc. Dep. Paulo Gomes, 14910-17.2025",2309.89
2025,7,339033,2025NE002911,2025OB005244,PAULO ROBERTO MOREIRA GOMES JUNIOR,"Ressarc. Dep. Paulo Gomes, 14910-17.2025",31.0
2025,7,339039,2025NE002912,2025OB005245,PAULO ROBERTO MOREIRA GOMES JUNIOR,"Ressarc. Dep. Paulo Gomes, 14910-17.2025",12000.0
2025,7,339030,2025NE003018,2025OB005702,PAULO ROBERTO MOREIRA GOMES JUNIOR,Ressarcimento Deputado Paulo Gomes 15157-41.2025,1988.15
2025,7,339039,2025NE003019,2025OB005703,PAULO ROBERTO MOREIRA GOMES JUNIOR,Ressarcimento deputado Paulo Gomes 15157-41.2025,18162.75
2025,7,339033,2025NE003107,2025OB006053,PEDRO PAULO BAZANA,Ressarcimento deputado Bazana 15757-40.2025,242.5
2025,7,339039,2025NE003108,2025OB006054,PEDRO PAULO BAZANA,Ressarcimento Deputado Bazana 15757-40.2025,41831.33
2025,7,339030,2025NE003105,2025OB006055,PEDRO PAULO BAZANA,Ressarcimento deutado Bazana 15757-40.2025,7698.77
2025,7,339030,2025NE002659,2025OB004637,RENATO DE ALMEIDA FREITAS JUNIOR,Ressa.Deput.Renato Freitas.Prot.13520-08.2025,562.62
2025,7,339033,2025NE002662,2025OB004638,RENATO DE ALMEIDA FREITAS JUNIOR,Ressa.Deput.Renato Freitas.prot.13520-08.2025,172.79
2025,7,339039,2025NE002664,2025OB004639,RENATO DE ALMEIDA FREITAS JUNIOR,Ressa.Deput.Renato Freitas.prot.13520-08.2025,16484.0
2025,7,339030,2025NE002729,2025OB004665,RENATO DE ALMEIDA FREITAS JUNIOR,Ressarcimento Deputado Renato Freitas 13435-72.2025,1707.34
2025,7,339033,2025NE002730,2025OB004666,RENATO DE ALMEIDA FREITAS JUNIOR,Ressarcimento Deputado Renato Freitas 13435-72.2025,110.61
2025,7,339039,2025NE002731,2025OB004667,RENATO DE ALMEIDA FREITAS JUNIOR,Ressarcimento Deputado Renato Freitas 13435-72.2025,970.68
2025,7,339030,2025NE003013,2025OB005704,RENATO DE ALMEIDA FREITAS JUNIOR,Ressarcimento Deputado Renato Freitas 15359-19.2025,200.0
2025,7,339033,2025NE003014,2025OB005705,RENATO DE ALMEIDA FREITAS JUNIOR,Ressarcimento Deputado Renato Freitas 15359-19.2025,49.87
2025,7,339039,2025NE003015,2025OB005706,RENATO DE ALMEIDA FREITAS JUNIOR,Ressarcimento Deputado Renato Freitas 15359-19.2025,10730.5
2025,7,339039,2025NE003044,2025OB005740,RENATO DE ALMEIDA FREITAS JUNIOR,Ressarcimento Deputado Renato Freitas 15372-56.2025,9448.91
2025,7,339033,2025NE003043,2025OB005741,RENATO DE ALMEIDA FREITAS JUNIOR,Ressarcimento Deputado Renato Freitas 15372-56.2025,97.09
2025,7,339030,2025NE003128,2025OB006081,RENATO DE ALMEIDA FREITAS JUNIOR,Ressarcimento Deputado Renato Freitas 15774-66.2025,2137.83
2025,7,339039,2025NE003129,2025OB006082,RENATO DE ALMEIDA FREITAS JUNIOR,Ressarcimento Deputado Renato Freitas 15774-66.2025,8083.19
2025,7,339014,2025NE002859,2025OB005405,RICARDO ARRUDA NUNES,Ressarcimento Deputado Ricardo Arruda 14691-13.2025,6773.27
2025,7,339030,2025NE002860,2025OB005406,RICARDO ARRUDA NUNES,Ressarcimento Deputado Ricardo Arruda 14691-13.2025,3828.16
2025,7,339039,2025NE002861,2025OB005407,RICARDO ARRUDA NUNES,Ressarcimento Deputado Ricardo Arruda 14691-13.2025,62114.98
2025,7,339014,2026NE002112,2025OB005430,RICARDO ARRUDA NUNES,"Ressarc. Dep. Ricardo Arruda, 11172-60.2026",164.53
2025,7,339014,2025NE003100,2025OB006003,SAMUEL PEREIRA DA SILVA,Ressa.Deput.Samuel Dantas.Pror.15624-42.2025,3010.34
2025,7,339030,2025NE003101,2025OB006004,SAMUEL PEREIRA DA SILVA,Ressa.Deput.Samuel Dantas.prot.15624-42.2025,8621.31
2025,7,339039,2025NE003102,2025OB006005,SAMUEL PEREIRA DA SILVA,Ressa.Deput.Samuel Dantas.Prot.15624-42.2025,26861.46
2025,7,339030,2025NE002764,2025OB004700,TERCILIO LUIZ TURINI,Ressa.Deput.Tercilio Turini.prot.14018-45.2025,6789.16
2025,7,339030,2025NE002764,2025OB004766,TERCILIO LUIZ TURINI,Ressa.Deput.Tercilio Turini.prot.14018-45.2025,6789.16
2025,7,339033,2025NE002765,2025OB004701,TERCILIO LUIZ TURINI,Ressa.Deput.Tercilio Turini.Prot.14018-45.2025,1506.12
2025,7,339033,2025NE002765,2025OB004765,TERCILIO LUIZ TURINI,Ressa.Deput.Tercilio Turini.Prot.14018-45.2025,1506.12
2025,7,339039,2025NE002768,2025OB004702,TERCILIO LUIZ TURINI,Ressa.Deput.Tercilio Turini.Prot.14018-45.2025,26826.97
2025,7,339039,2025NE002768,2025OB004767,TERCILIO LUIZ TURINI,Ressa.Deput.Tercilio Turini.Prot.14018-45.2025,26826.97
2025,7,339039,2025NE003221,2025OB006365,TERCILIO LUIZ TURINI,Ressarcimento deputado Tercílio Turini 15864-61.2025,26403.44
2025,7,339030,2025NE003217,2025OB006366,TERCILIO LUIZ TURINI,Ressarcimento deputado Tercílio Turini 15864-61.2025,6772.34
2025,7,339033,2025NE003218,2025OB006367,TERCILIO LUIZ TURINI,Ressarcimento Deputado Tercílio Turini 15864-61.2025,3370.49
2025,7,339030,2025NE002905,2025OB005241,THIAGO BUHRER,Ressa.Deput.Thiago Buhrer.Prot.14907-98.2025,4289.39
2025,7,339039,2025NE002906,2025OB005242,THIAGO BUHRER,Ressa.Deput.Thiago Buhrer.Prot.14907-98.2025,35861.92
2025,7,339039,2025NE003225,2025OB006363,THIAGO BUHRER,Ressarcimento Deputado Thiago Buhrer 16068-82.2025,32570.0
2025,7,339030,2025NE003224,2025OB006364,THIAGO BUHRER,Ressarcimento Deputado Thiago Buhrer 16068-82.2025,3076.69
2025,7,339039,2025NE003025,2025OB005698,TITO LÍVIO BARICHELLO,Ressarcimento Deputado Tito Barrichello 15144-04.2025,3425.48
2025,7,339030,2025NE003022,2025OB005699,TITO LÍVIO BARICHELLO,Ressarcimento deputado Tito Barrichello 15144-04.2025,3472.88
2025,7,339030,2025NE003020,2025OB005700,TITO LÍVIO BARICHELLO,Ressarcimento Deputado Tito Barrichello 15357-73.2025,1114.67
2025,7,339039,2025NE003021,2025OB005701,TITO LÍVIO BARICHELLO,Ressarcimento Deputado Tito Barrichello 15357-73.2025,10310.8
2025,7,339039,2025NE003047,2025OB005745,TITO LÍVIO BARICHELLO,Ressarcimento deputado Tito Barrichello 15454-73.2025,16700.0
2025,7,339030,2025NE003052,2025OB005746,TITO LÍVIO BARICHELLO,"Ressarc. Dep. Tito Barrichello, 15155-95.2025",705.47
2025,7,339039,2025NE003053,2025OB005747,TITO LÍVIO BARICHELLO,"Ressarc. Dep. Tito Barrichello, 15155-95.2025",5122.13
2025,7,339030,2025NE002862,2025OB005106,WILMAR REICHEMBACH,Ressarcimento deputado Reichembach 14375-09.2025,2111.02
2025,7,339033,2025NE002863,2025OB005107,WILMAR REICHEMBACH,Ressarcimento Deputado Reichembach 14375-09.2025,1609.33
2025,7,339039,2025NE002864,2025OB005108,WILMAR REICHEMBACH,Ressarcimento Deputado Reichembach 14375-09.2025,30594.91
2025,7,339030,2025NE003262,2025OB006452,WILMAR REICHEMBACH,Ressarcimento Deputado Reichembach 16246-29.2025,2117.03
2025,7,339033,2025NE003264,2025OB006453,WILMAR REICHEMBACH,Ressarcimento deputado Reichembach 16246-29.2025,1619.36
2025,7,339039,2025NE003265,2025OB006454,WILMAR REICHEMBACH,Ressarcimento Deputado Reichembach 16246-29.2025,24884.56
2025,8,339039,2025NE003369,2025OB006845,ADEMAR LUIZ TRAIANO,Ressa.Deput.Ademar Traiano.Prot.16975-37.2025,16400.0
2025,8,339030,2025NE003368,2025OB006846,ADEMAR LUIZ TRAIANO,Ressa.Deput.Ademar Traiano.Prot.16975-37.2025,576.0
2025,8,339039,2025NE003521,2025OB007650,ADEMAR LUIZ TRAIANO,Ressa.Deput.Traiano.Prot.17721-71.2025,24156.62
2025,8,339030,2025NE003520,2025OB007651,ADEMAR LUIZ TRAIANO,Ressa.Deput.Traiano.Prot.17721-71.2025,15253.23
2025,8,339039,2025NE003338,2025OB006749,ADRIANO JOSE DA SILVA,Ressa.Deput.Sol.Adriano.Prot.16382-43.2025,3381.45
2025,8,339033,2025NE003334,2025OB006750,ADRIANO JOSE DA SILVA,Ressa.Deput.Sold.Adriano.prot.16382-43.2025,2193.46
2025,8,339030,2025NE003333,2025OB006751,ADRIANO JOSE DA SILVA,Ressa.Deput.Soldado Adriano.Prot.16382-43.2025,3033.0
2025,8,339039,2025NE003406,2025OB007108,ADRIANO JOSE DA SILVA,Ressarcimento Deputado Adriano José 17180-31.2025,228.15
2025,8,339033,2025NE003405,2025OB007109,ADRIANO JOSE DA SILVA,Ressarcimento deputado Soldado Adriano José 17180-31.2025,2101.34
2025,8,339030,2025NE003404,2025OB007110,ADRIANO JOSE DA SILVA,Ressarcimento Deputado Soldado Adriano José 17180-31.2025,259.0
2025,8,339030,2025NE003463,2025OB007210,ADRIANO JOSE DA SILVA,"Ressarc. Dep. Adriano José, 17420-50.2025",250.0
2025,8,339039,2025NE003464,2025OB007211,ADRIANO JOSE DA SILVA,"Ressarc. Dep. Adriano José, 17420-50.2025",6000.0
2025,8,339030,2025NE003687,2025OB008092,ADRIANO JOSE DA SILVA,Ressarcimento Deputado Soldado Adriano 18167-57.2025,3963.19
2025,8,339033,2025NE003688,2025OB008093,ADRIANO JOSE DA SILVA,Ressarcimento deputado Soldado Adriano 18167-57.2025,2751.7
2025,8,339039,2025NE003689,2025OB008094,ADRIANO JOSE DA SILVA,Ressarcimento deputado Soldado Adriano 18167-57.2025,528.9
2025,8,339030,2025NE003733,2025OB008127,ADRIANO JOSE DA SILVA,Ressarcimento Deputado Soldado Adriano 18564-08.2025,1214.0
2025,8,339039,2025NE003734,2025OB008128,ADRIANO JOSE DA SILVA,Ressarcimento Deputado Soldado Adriano 18564-08.2025,14426.03
2025,8,339030,2025NE003413,2025OB007034,ADÃO FERNANDES,Ressarcimento Deputado Adão Litro 17102-03.2025,1477.86
2025,8,339039,2025NE003414,2025OB007035,ADÃO FERNANDES,Ressarcimento deputado Adão Litro 17102-03.2025,23130.0
2025,8,339039,2025NE003566,2025OB007622,ADÃO FERNANDES,"Ressarc. Dep. Dr. Adão, 17657-53.2025",18928.55
2025,8,339033,2025NE003565,2025OB007623,ADÃO FERNANDES,"Ressarc. Dep. Dr. Adão, 17657-53.2025",154.55
2025,8,339030,2025NE003564,2025OB007624,ADÃO FERNANDES,"Ressarc. Dep. Dr. Adão, 17657-53.2025",1091.93
2025,8,339030,2025NE003271,2025OB006564,ALEXANDRE AMARO,Ressa.Deput.Alexandre Amaro.Prot.16071-98.2025,1883.9
2025,8,339039,2025NE003272,2025OB006565,ALEXANDRE AMARO,Ressa.Deput.Alexandre Amaro.Prot.16071-98.2025,7002.15
2025,8,339014,2025NE003306,2025OB006609,ALEXANDRE AMARO,Ressarcimento Deputado Alexandre Amaro 16419-14.2025,3261.22
2025,8,339030,2025NE003307,2025OB006610,ALEXANDRE AMARO,Ressarcimento deputado Alexandre Amaro 16419-14.2025,3542.2
2025,8,339033,2025NE003308,2025OB006611,ALEXANDRE AMARO,Ressarcimento deputado Alexandre Amaro 16419-14.2025,41.4
2025,8,339039,2025NE003311,2025OB006612,ALEXANDRE AMARO,Ressarcimento Deputado Alexandre Amaro 16419-14.2025,4010.73
2025,8,339030,2025NE003426,2025OB007026,ALEXANDRE AMARO,Ressarcimento deputado Alexandre Amaro 17281-20.2025,2453.45
2025,8,339039,2025NE003427,2025OB007027,ALEXANDRE AMARO,Ressarcimento deputado Alexandre Amaro 17281-20.2025,12605.27
2025,8,339030,2025NE003685,2025OB008090,ALEXANDRE AMARO,Ressarcimento deputado Alexandre Amaro 18151-04.2025,2013.58
2025,8,339039,2025NE003686,2025OB008091,ALEXANDRE AMARO,Ressarcimento deputado Alexandre Amaro 18151-04.2025,7300.59
2025,8,339030,2025NE003496,2025OB007545,ALISSON ANTHONY WANDSCHEER,Ressarcimento deputado Alisson Wanscheer 17571-47.2025,4100.51
2025,8,339039,2025NE003497,2025OB007546,ALISSON ANTHONY WANDSCHEER,Ressarcimento Deputado Alisson Wandscheer 17571-47.2025,37770.0
2025,8,339014,2025NE003277,2025OB006561,ANA JÚLIA RIBEIRIO,Ressa.Deput.Ana Julia.Prot.16430-08.2025,1756.02
2025,8,339030,2025NE003280,2025OB006562,ANA JÚLIA RIBEIRIO,Ressa.Deput.Ana Julia.Prot.16430-08.2025,2429.21
2025,8,339039,2025NE003281,2025OB006563,ANA JÚLIA RIBEIRIO,Ressa.Deput.Ana Julia.Prot.16430-08.2025,13126.65
2025,8,339039,2025NE003530,2025OB007608,ANA JÚLIA RIBEIRIO,Ressa.Deput.Ana Julia.Prot.16430-08.2025,13126.65
2025,8,339030,2025NE003663,2025OB008082,ANA JÚLIA RIBEIRIO,Ressarcimento Deputada Ana Júlia 18179-24.2025,3188.37
2025,8,339033,2025NE003665,2025OB008083,ANA JÚLIA RIBEIRIO,Ressarcimento deputada Ana Júlia 18179-24.2025,81.05
2025,8,339039,2025NE003664,2025OB008084,ANA JÚLIA RIBEIRIO,Ressarcimento deputada Ana Júlia 18179-24.2025,14455.5
2025,8,339030,2025NE003652,2025OB008079,ANTONIO ANNIBELLI NETO,Ressarcimento Deputado Anibeli Neto 18194-07.2025,12150.49
2025,8,339033,2025NE003653,2025OB008080,ANTONIO ANNIBELLI NETO,Ressarcimentop deputado Anibeli Neto 18194-07.2025,1122.09
2025,8,339039,2025NE003654,2025OB008081,ANTONIO ANNIBELLI NETO,Ressarcimento deputado Anibeli Neto 18194-07.2025,25939.87
2025,8,339030,2025NE003320,2025OB006654,ARILSON MAROLDI CHIORATO,Ressarcimento deputado Arilson Chiorato 16420-84.2025,3293.63
2025,8,339039,2025NE003322,2025OB006655,ARILSON MAROLDI CHIORATO,Ressarcimento deputado Arilson Chiorato 16420-84.2025,4701.7
2025,8,339033,2025NE003321,2025OB006656,ARILSON MAROLDI CHIORATO,Ressarcimento deputado Arilson Chiorato 16420-84.2025,905.12
2025,8,339039,2025NE003668,2025OB008095,ARILSON MAROLDI CHIORATO,Ressa.Deput.Arilson Chiorato.prot.18246-58.2025,27128.97
2025,8,339033,2025NE003667,2025OB008096,ARILSON MAROLDI CHIORATO,Ressa.Deput.Arilson Chiorato.Prot.18246-58.2025,412.39
2025,8,339030,2025NE003666,2025OB008097,ARILSON MAROLDI CHIORATO,Ressa.Deput.Arilson Chiorato.Prot.18246-58.2025,2622.45
2025,8,339039,2025NE003585,2025OB007743,ARTAGAO DE MATTOS LEÃO JUNIOR,"Ressarc. Dep. Artagão, 17860-04.2025",180.0
2025,8,339030,2025NE003584,2025OB007744,ARTAGAO DE MATTOS LEÃO JUNIOR,"Ressarc. Dep. Artagão, 17860-04.2025",2208.86
2025,8,339014,2025NE003583,2025OB007745,ARTAGAO DE MATTOS LEÃO JUNIOR,"Ressarc. Dep. Artagão, 17860-04.2025",3010.34
2025,8,339039,2025NE003671,2025OB008101,ARTAGAO DE MATTOS LEÃO JUNIOR,Ressa.Deput.Artagao Jr.Prot.18193-34.2025,2558.46
2025,8,339030,2025NE003670,2025OB008102,ARTAGAO DE MATTOS LEÃO JUNIOR,Ressa.Deput.Artagão Jr.Prot.18193-34.2025,2253.19
2025,8,339014,2025NE003669,2025OB008103,ARTAGAO DE MATTOS LEÃO JUNIOR,Ressa.Deput.Artagao jumior.Prot.18193-34.2025,3762.93
2025,8,339030,2025NE003292,2025OB006602,Aldino Jorge Bueno,Ressa.Deput.Gugu Bueno.Prot.16601-47.2025,517.99
2025,8,339039,2025NE003294,2025OB006603,Aldino Jorge Bueno,Ressa.Deput.Gugu Bueno.Prot.16601-47.2025,6000.0
2025,8,339030,2025NE003384,2025OB006850,Aldino Jorge Bueno,Ressarcimento Deputado Gugu Bueno 17041-98.2025,743.92
2025,8,339039,2025NE003385,2025OB006851,Aldino Jorge Bueno,Ressarcimento deputado Gugu Bueno 17041-98.2025,9615.14
2025,8,339039,2025NE003505,2025OB007638,Aldino Jorge Bueno,Ressarcimento deputado Gugu Bueno 17803-88.2025,200.0
2025,8,339030,2025NE003504,2025OB007639,Aldino Jorge Bueno,Ressarcimento deputado Gugu Bueno 17803-88.2025,6085.83
2025,8,339039,2025NE003623,2025OB007795,Aldino Jorge Bueno,Ressarcimento deputado Gugu Bueno 18128-43.2025,8228.0
2025,8,339033,2025NE003621,2025OB007796,Aldino Jorge Bueno,Ressarcimento deputado Gugu Bueno 18128-43.2025,7901.81
2025,8,339039,2025NE003727,2025OB008120,Aldino Jorge Bueno,"Ressarc. Dep. Gugu Bueno, 18464-89.2025",3439.86
2025,8,339039,2025NE003460,2025OB007207,Alexandre Maranhão Curi,"Ressarc. Dep. Alexandre Curi, 17404-94.2025",29927.04
2025,8,339030,2025NE003459,2025OB007208,Alexandre Maranhão Curi,"Ressarc. Dep. Alexandre Curi, 17404-94.2025",5574.74
2025,8,339030,2025NE003298,2025OB006591,CLOARA PINHEIRO LIMA,Ressarcimento Deputada Cloara Pinheiro 16409-90.2025,2529.27
2025,8,339033,2025NE003300,2025OB006592,CLOARA PINHEIRO LIMA,Ressarcimento Deputada Cloara Pinheiro 16409-90.2025,2634.82
2025,8,339039,2025NE003301,2025OB006593,CLOARA PINHEIRO LIMA,Ressarcimento deputada Cloara Pinheiro 16409-90.2025,9349.58
2025,8,339039,2025NE003442,2025OB007112,CLOARA PINHEIRO LIMA,Ressarcimento Deputada Cloara 17217-02.2025,3538.29
2025,8,339033,2025NE003441,2025OB007113,CLOARA PINHEIRO LIMA,Ressarcimento deputada Cloara 17217-02.2025,911.89
2025,8,339030,2025NE003440,2025OB007114,CLOARA PINHEIRO LIMA,Ressarcimento Deputada Cloara 17217-02.2025,1733.75
2025,8,339030,2025NE003681,2025OB008085,CLOARA PINHEIRO LIMA,Ressarcimento Deputada Cloara 18130-86.2025,2160.47
2025,8,339033,2025NE003682,2025OB008086,CLOARA PINHEIRO LIMA,Ressarcimento Deputada Cloara 18130-86.2025,4670.57
2025,8,339039,2025NE003684,2025OB008087,CLOARA PINHEIRO LIMA,Ressarcimento deputada Cloara 18130-86.2025,9744.24
2025,8,339039,2025NE003305,2025OB006596,DENIAN COUTO COELHO,Ressarcimento Deputado Denian Couto 16387-05.2025,1574.41
2025,8,339030,2025NE003304,2025OB006597,DENIAN COUTO COELHO,Ressarcimento Deputado Denian Couto 16387-05.2025,4141.93
2025,8,339014,2025NE003302,2025OB006598,DENIAN COUTO COELHO,Ressarcimento deputado Denian Couto 16387-05.2025,10034.46
2025,8,339039,2025NE003469,2025OB007217,DENIAN COUTO COELHO,Ressa.Deput.Denian Couto.Prot.17336-87.2025,17250.0
2025,8,339033,2025NE003592,2025OB007740,DENIAN COUTO COELHO,"Ressarc. Dep. Dr. Denian Couto, 17861-74.2025",2277.36
2025,8,339030,2025NE003591,2025OB007741,DENIAN COUTO COELHO,"Ressarc. Dep. Dr. Denian Couto, 17861-74.2025",2337.88
2025,8,339014,2025NE003590,2025OB007742,DENIAN COUTO COELHO,"Ressarc. Dep. Dr. Denian Couto, 17861-74.2025",5268.1
2025,8,339039,2025NE003589,2025OB007749,DENIAN COUTO COELHO,"Ressarc. Dep. Dr. Denian Couto, 17724-87.2025",129.76
2025,8,339033,2025NE003588,2025OB007750,DENIAN COUTO COELHO,"Ressarc. Dep. Dr. Denian Couto, 17724-87.2025",955.77
2025,8,339030,2025NE003587,2025OB007751,DENIAN COUTO COELHO,"Ressarc. Dep. Dr. Denian Couto, 17724-87.2025",2271.08
2025,8,339014,2025NE003586,2025OB007761,DENIAN COUTO COELHO,"Ressarc. Dep. Dr. Denian Couto, 17724-87.2025",6773.25
2025,8,339030,2025NE003309,2025OB006606,DEVANIL REGINALDO DA SILVA,Ressa.Deput.Cobra Reporter.Prot.16417-68.2025,716.51
2025,8,339039,2025NE003310,2025OB006607,DEVANIL REGINALDO DA SILVA,Ressa.Deput.Cobra Reporter.Prot.16417-68.2025,1596.2
2025,8,339030,2025NE003398,2025OB007020,DEVANIL REGINALDO DA SILVA,Ressarcimento Deputado Cobra Repórter 17178-85.2025,2650.02
2025,8,339039,2025NE003399,2025OB007021,DEVANIL REGINALDO DA SILVA,Ressarcimento Deputado Cobra Repórter 17178-85.2025,3500.0
2025,8,339030,2025NE003438,2025OB007215,DEVANIL REGINALDO DA SILVA,Ressarcimento deputado Cobra Repórter 17293-84.2025,122.8
2025,8,339039,2025NE003439,2025OB007216,DEVANIL REGINALDO DA SILVA,Ressarcimento Deputado Cobra Repórter 17293-84.2025,9489.0
2025,8,339039,2025NE003646,2025OB007993,DEVANIL REGINALDO DA SILVA,Ressa.Deput.cobra Reporter.Prot.18036-05.2025,17006.43
2025,8,339030,2025NE003645,2025OB007994,DEVANIL REGINALDO DA SILVA,Ressa.Deput.Cobra reporter.Prot.18036-05.2025,1907.06
2025,8,339030,2025NE003443,2025OB007212,EVANDRO JOSE DA CRUZ ARAUJO,Ressarcimento deputado Evandro Araújo 17265-64.2025,2544.08
2025,8,339033,2025NE003444,2025OB007213,EVANDRO JOSE DA CRUZ ARAUJO,Ressarcimentom deputado Evandro José 17265-64.2025,2151.9
2025,8,339039,2025NE003445,2025OB007214,EVANDRO JOSE DA CRUZ ARAUJO,Ressarcimento Deputado Evandro Araújo 17265-64.2025,9065.68
2025,8,339039,2025NE003644,2025OB007918,EVANDRO JOSE DA CRUZ ARAUJO,Ressa.Deput.Evandro Araujo.Prot.17760-85.2025,7493.2
2025,8,339030,2025NE003612,2025OB007919,EVANDRO JOSE DA CRUZ ARAUJO,Ressa.Deput.Evandro Araujo.Prot.17760-85.2025,1556.69
2025,8,339039,2025NE003392,2025OB006918,FABIO OLIVEIRA,Ressa.Deput.Fabio Alex.Prot.16946-44.2025,9595.0
2025,8,339030,2025NE003391,2025OB006919,FABIO OLIVEIRA,Ressa.Deput.Fabio Alex.prot.16946-44.2025,716.9
2025,8,339030,2025NE003579,2025OB007801,FABIO OLIVEIRA,Ressarcimento deputado Fábio Oliveira 17873-41.2025,3051.53
2025,8,339033,2025NE003580,2025OB007802,FABIO OLIVEIRA,Ressarcimento deputado Fábio Oliveira 17873-41.2025,327.58
2025,8,339039,2025NE003581,2025OB007803,FABIO OLIVEIRA,Ressarcimento Deputado Fábio Oliveira 17873-41.2025,15553.4
2025,8,339039,2025NE003336,2025OB006703,FLAVIA CAROLINA RESENDE JABER FRANCISCHINI,Ressarcimento Deputada Flávia Francischini 16903-41.2025,16000.0
2025,8,339030,2025NE003361,2025OB006823,FLAVIA CAROLINA RESENDE JABER FRANCISCHINI,"Ressarc. Dep. Flavia Francischini, 17027-88.2025",15026.77
2025,8,339039,2025NE003362,2025OB006824,FLAVIA CAROLINA RESENDE JABER FRANCISCHINI,"Ressarc. Dep. Flavia Francischini, 17027-88.2025",12000.0
2025,8,339039,2025NE003374,2025OB006835,GILSON DE SOUZA,Ressa.Deput.Gilson de Souza.Prot.17033-23.2025,15632.23
2025,8,339030,2025NE003370,2025OB006836,GILSON DE SOUZA,Ressa.Deput.Gilson de Souza.Prot.17033-23.2025,2117.9
2025,8,339039,2025NE003510,2025OB007547,GILSON DE SOUZA,Ressa.Deput.Gilson de Souza.Prot.17623-98.2025,17673.71
2025,8,339030,2025NE003509,2025OB007548,GILSON DE SOUZA,Ressa.Deput.Gilson de Souza.Prot.17623-98.2025,442.19
2025,8,339039,2025NE003376,2025OB006837,HUSSEIN BAKRI,Ressarcimento deputado Hussein Bakri 16879-10.2025,4486.0
2025,8,339030,2025NE003375,2025OB006838,HUSSEIN BAKRI,Ressarcimento Deputado Hussein Bakri 16879-10.2025,5772.61
2025,8,339039,2025NE003517,2025OB007579,HUSSEIN BAKRI,"Ressarc. Dep. Hussein Bakri, 17864-90.2025",12159.81
2025,8,339030,2025NE003516,2025OB007580,HUSSEIN BAKRI,"Ressarc. Dep. Hussein Bakri, 17864-90.2025",2132.63
2025,8,339030,2025NE003707,2025OB008076,HUSSEIN BAKRI,"Ressarc. Dep. Hussein Bakri, 18432-80.2025",3880.49
2025,8,339033,2025NE003708,2025OB008077,HUSSEIN BAKRI,"Ressarc. Dep. Hussein Bakri, 18432-80.2025",292.73
2025,8,339039,2025NE003709,2025OB008078,HUSSEIN BAKRI,"Ressarc. Dep. Hussein Bakri, 18432-80.2025",19079.7
2025,8,339030,2025NE003287,2025OB006599,ISABEL CRISTINA RAUEN SILVESTRI,Ressarcimento Deputada Cristina Silvestri 16253-34.2025,4231.12
2025,8,339033,2025NE003288,2025OB006600,ISABEL CRISTINA RAUEN SILVESTRI,Ressarcimento deputada Cristina Silvestri 16253-34.2025,1250.0
2025,8,339039,2025NE003289,2025OB006601,ISABEL CRISTINA RAUEN SILVESTRI,Ressarcimento deputada Cristina Silvestri 16253-34.2025,36486.95
2025,8,339033,2025NE003535,2025OB007644,JORGE GOMES DE OLIVEIRA BRAND,Ressa.Deput.Goura.Prot.17515-07.2025,2354.61
2025,8,339039,2025NE003536,2025OB007645,JORGE GOMES DE OLIVEIRA BRAND,Ressa.Deput.Goura.Prot.17515-07.2025,23069.43
2025,8,339030,2025NE003534,2025OB007646,JORGE GOMES DE OLIVEIRA BRAND,Ressa.Deput.Goura.Prot.17515-07.2025,14700.96
2025,8,339014,2025NE003533,2025OB007647,JORGE GOMES DE OLIVEIRA BRAND,Ressa.Deput.Goura.Prot.17515-07.2025,557.48
2025,8,339093,2026NE002370,2025OB006587,JOSE APARECIDO JACOVOS,"Ressarc. Dep. Jacovos, 12451-59.2026",3190.85
2025,8,339093,2026NE002330,2025OB006730,JOSE APARECIDO JACOVOS,Ressarcimento Deputado Delegado Jacovós 12394-46.2026,5000.0
2025,8,339039,2025NE003500,2025OB007634,JOSE APARECIDO JACOVOS,Ressarcimento Deputado Delegado Jacovós 17456-48.2025,22999.99
2025,8,339033,2025NE003499,2025OB007635,JOSE APARECIDO JACOVOS,Ressarcimento Deputado Delegado Jacovós 17456-48.2025,34.5
2025,8,339030,2025NE003498,2025OB007636,JOSE APARECIDO JACOVOS,Ressarcimento Deputado Delegado Jacovós 17456-48.2025,9201.29
2025,8,339030,2025NE003380,2025OB006900,JOSE GILBERTO DO CARMO ALVES RIBEIRO,Ressarcimento deputado Gilberto Ribeiro 17127-07.2025,2585.17
2025,8,339033,2025NE003381,2025OB006901,JOSE GILBERTO DO CARMO ALVES RIBEIRO,Ressarcimento Deputado Gilberto Ribeiro 17127-07.2025,16.8
2025,8,339039,2025NE003382,2025OB006902,JOSE GILBERTO DO CARMO ALVES RIBEIRO,Ressarcimento deputado Gilberto Ribeiro 17127-07.2025,11064.82
2025,8,339039,2025NE003597,2025OB007733,JOSE GILBERTO DO CARMO ALVES RIBEIRO,"Ressarc. Dep. Gilberto Ribeiro, 18011-98.2025",11870.4
2025,8,339030,2025NE003596,2025OB007734,JOSE GILBERTO DO CARMO ALVES RIBEIRO,"Ressarc. Dep. Gilberto Ribeiro, 18011-98.2025",1913.47
2025,8,339030,2025NE003731,2025OB008130,JOSE GILBERTO DO CARMO ALVES RIBEIRO,"Ressarc. Dep. Gilberto Ribeiro, 18555-57.2025",441.29
2025,8,339039,2025NE003732,2025OB008131,JOSE GILBERTO DO CARMO ALVES RIBEIRO,"Ressarc. Dep. Gilberto Ribeiro, 18555-57.2025",5878.7
2025,8,339039,2025NE003397,2025OB007036,JOSE RODRIGUES LEMOS,Ressarcimento Deputado Professor Lemos 17063-86.2025,22920.0
2025,8,339030,2025NE003502,2025OB007642,JOSE RODRIGUES LEMOS,Ressarcimento deputado Professor Lemos 17566-85.2025,4540.45
2025,8,339039,2025NE003503,2025OB007643,JOSE RODRIGUES LEMOS,Ressarcimento Deputado Professor Lemos 17566-85.2025,15470.46
2025,8,339033,2025NE003540,2025OB007617,Jairo Tamura,Ressa.Deput.Jairo.Prot.17563-69.2025,679.84
2025,8,339030,2025NE003539,2025OB007618,Jairo Tamura,Ressa.Deput.Jairo.prot.17563-69.2025,2853.19
2025,8,339039,2025NE003541,2025OB007629,Jairo Tamura,Ressa.Deput.Jairo.prot.17563-69.2025,18630.93
2025,8,339039,2025NE003706,2025OB008073,Jairo Tamura,Ressa.Deput.Jairo tamura.prot.18307-60.2025,7281.55
2025,8,339033,2025NE003703,2025OB008074,Jairo Tamura,Ressa.Jairo Tamura.Prot.18307-60.2025,1866.97
2025,8,339030,2025NE003700,2025OB008075,Jairo Tamura,Ressa.Deput.Jairo Taruma.Prot.18307-60.2025,2181.74
2025,8,339030,2025NE003363,2025OB006839,LEONIDAS FAVERO NETO,"Ressarc. Dep. Leônidas, 16991-90.2025",1399.32
2025,8,339039,2025NE003383,2025OB006896,LEONIDAS FAVERO NETO,Ressarcimento deputado Dr. Leônidas 16984-85.2025,2930.0
2025,8,339030,2025NE003418,2025OB007098,LEONIDAS FAVERO NETO,Ressarcimento Deputado Dr. Leônidas 17334-44.2025,1696.34
2025,8,339030,2025NE003419,2025OB007099,LEONIDAS FAVERO NETO,Ressarcimento deputado Dr. Leônidas 17332-98.2025,797.88
2025,8,339030,2025NE003420,2025OB007100,LEONIDAS FAVERO NETO,Ressarcimento Deputado Dr. Leônidas 17251-54.2025,237.72
2025,8,339039,2025NE003421,2025OB007101,LEONIDAS FAVERO NETO,Ressarcimento deputado Dr. Leônidas 17251-54.2025,620.5
2025,8,339039,2025NE003461,2025OB007242,LEONIDAS FAVERO NETO,"Ressarc. Dep. Doutor Leônidas, 17413-45.2025",15000.0
2025,8,339039,2025NE003556,2025OB007627,LEONIDAS FAVERO NETO,"Ressarc. Dep. Dr. Leônidas, 17411-02.2025",3500.0
2025,8,339039,2025NE003559,2025OB007732,LEONIDAS FAVERO NETO,"Ressarc. Dep. Dr. Leônidas, 17869-52.2025",4981.92
2025,8,339030,2025NE003558,2025OB007735,LEONIDAS FAVERO NETO,"Ressarc. Dep. Dr. Leônidas, 17335-17.2025",1072.0
2025,8,339030,2025NE003554,2025OB007811,LEONIDAS FAVERO NETO,Ressarcimento Deputado Dr. Antenor 18005-66.2025,1027.86
2025,8,339030,2025NE003650,2025OB008037,LEONIDAS FAVERO NETO,Ressa.Deput.Dr Leonidas.Prot.18122-11.2025,600.16
2025,8,339039,2025NE003662,2025OB008072,LEONIDAS FAVERO NETO,Ressa.deput.Dr Leonidas.Prot.18292-77.2025,7100.0
2025,8,339033,2025NE003651,2025OB008104,LEONIDAS FAVERO NETO,Ressarcimento Deputado dr. Leônidas 18320-97.2025,235.23
2025,8,339039,2025NE003726,2025OB008132,LEONIDAS FAVERO NETO,"Ressarc. Dep. Dr. Leônidas, 18405-33.2025",3500.0
2025,8,339030,2025NE003377,2025OB006840,LUCIANA GUZELLA RAFAGNIN,Ressarcimento deputada Luciana Rafagnin 16906-57.2025,2073.73
2025,8,339033,2025NE003378,2025OB006841,LUCIANA GUZELLA RAFAGNIN,Ressarcimento deputada Luciana Rafagnin 16906-57.2025,1134.85
2025,8,339039,2025NE003379,2025OB006842,LUCIANA GUZELLA RAFAGNIN,Ressarcimento Deputada Luciana Rafagnin 16906-57.2025,5480.95
2025,8,339039,2025NE003433,2025OB007104,LUCIANA GUZELLA RAFAGNIN,Ressarcimento Deputada Luciana Rafagnin 17301-62.2025,8597.0
2025,8,339033,2025NE003432,2025OB007105,LUCIANA GUZELLA RAFAGNIN,Ressarcimento deputada Luciana Rafagnin 17301-62.2025,45.6
2025,8,339030,2025NE003431,2025OB007106,LUCIANA GUZELLA RAFAGNIN,Ressarcimento Deputada Luciana Rafagnin 17301-62.2025,2596.83
2025,8,339030,2025NE003431,2025OB007121,LUCIANA GUZELLA RAFAGNIN,Ressarcimento Deputada Luciana Rafagnin 17301-62.2025,224.85
2025,8,339039,2025NE003739,2025OB008121,LUCIANA GUZELLA RAFAGNIN,ressa.Deput.Luciana Rafagnin.Prot.18442-04.2025,3274.82
2025,8,339033,2025NE003736,2025OB008122,LUCIANA GUZELLA RAFAGNIN,Ressa.Deput.Luciana Rafagnin.Prot.18442-04.2025,571.99
2025,8,339030,2025NE003735,2025OB008123,LUCIANA GUZELLA RAFAGNIN,Ressa.Deput.Luciana Rafagnin.Prot.18442-04.2025,4981.51
2025,8,339039,2025NE003557,2025OB007729,LUIS RAIMUNDO CORTI,"Ressarc. Dep. Luis Corti, 17706-88.2025",25000.0
2025,8,339030,2025NE003728,2025OB008129,LUIS RAIMUNDO CORTI,"Ressarc. Dep. Luis Corti, 18480-45.2025",10526.79
2025,8,339030,2025NE003299,2025OB006594,LUIZ CLAUDIO ROMANELLI,Ressa.Deput.Romanelli.Prot.16608-52.2025,984.67
2025,8,339030,2025NE003318,2025OB006608,LUIZ CLAUDIO ROMANELLI,Ressa.Deput.Romanelli.Prot.16534-13.2025,5411.76
2025,8,339030,2025NE003317,2025OB006653,LUIZ CLAUDIO ROMANELLI,Ressa.Deput.Romanelli.Prot.16533-40.2025,4089.06
2025,8,339030,2025NE003325,2025OB006747,LUIZ CLAUDIO ROMANELLI,Ressarcimento deputado Romaneli 16769-70.2025,435.5
2025,8,339039,2025NE003326,2025OB006748,LUIZ CLAUDIO ROMANELLI,Ressarcimento Deputado Romaneli 16769-70.2025,42000.0
2025,8,339039,2025NE003555,2025OB007628,LUIZ CLAUDIO ROMANELLI,"Ressarc. Dep. Romanelli, 17874-14.2025",37974.25
2025,8,339030,2025NE003507,2025OB007630,LUIZ CLAUDIO ROMANELLI,Ressa.Deput.Romanelli.Prot.17472-04.2025,4843.87
2025,8,339039,2025NE003508,2025OB007631,LUIZ CLAUDIO ROMANELLI,Ressa.Deput.Romanelli.Prot.17472-04.2025,5919.26
2025,8,339030,2025NE003512,2025OB007648,LUIZ CLAUDIO ROMANELLI,Ressarcimento deputado Romaneli 17716-12.2025,2335.53
2025,8,339039,2025NE003513,2025OB007649,LUIZ CLAUDIO ROMANELLI,Ressarcimento deputado Romaneli 17716-12.2025,6130.58
2025,8,339039,2025NE003538,2025OB007730,LUIZ CLAUDIO ROMANELLI,Ressarcimento Deputado Romaneli 17701-29.2025,7987.01
2025,8,339030,2025NE003537,2025OB007731,LUIZ CLAUDIO ROMANELLI,Ressarcimento deputado Romaneli 17701-29.2025,4635.35
2025,8,339030,2025NE003606,2025OB007752,LUIZ CLAUDIO ROMANELLI,Ressarcimento Deputado Romaneli 17849-10.2025,6572.08
2025,8,339039,2025NE003604,2025OB007753,LUIZ CLAUDIO ROMANELLI,Ressarcimento Deputado Romaneli 17849-10.2025,19425.64
2025,8,339039,2025NE003595,2025OB007746,MABEL CORA CANTO,"Ressarc. Dep. Mabel Canto, 17862-47.2025",11485.77
2025,8,339033,2025NE003594,2025OB007747,MABEL CORA CANTO,"Ressarc. Dep. Mabel Canto, 17862-47.2025",449.82
2025,8,339030,2025NE003593,2025OB007748,MABEL CORA CANTO,"Ressarc. Dep. Mabel Canto, 17862-47.2025",3409.63
2025,8,339030,2025NE003450,2025OB007220,MARCIA CECILIA HUÇULAK,Ressarcimento deputada Márcia Huçulak 17081-85.2025,757.35
2025,8,339033,2025NE003447,2025OB007221,MARCIA CECILIA HUÇULAK,Ressarcimento deputada Márcia Huçulak 17081-85.2025,3291.51
2025,8,339039,2025NE003448,2025OB007222,MARCIA CECILIA HUÇULAK,Ressarcimento deputada Márcia Huçulak 17081-85.2025,2871.86
2025,8,339039,2025NE003489,2025OB007538,MARCIA CECILIA HUÇULAK,Ressa.Deput.Marcia Huçulak.Prot.17484-68.2025,27294.91
2025,8,339030,2025NE003485,2025OB007539,MARCIA CECILIA HUÇULAK,Ressa.Deput.Marcia Huçulak.Prot.17484-68.2025,570.41
2025,8,339014,2025NE003483,2025OB007540,MARCIA CECILIA HUÇULAK,Ressa.Deput.Marcia Huçulak.Prot.17478-36.2025,501.72
2025,8,339039,2025NE003279,2025OB006558,MARCIO JOSE PACHECO RAMOS,Ressarcimento Deputado Márcio Pacheco 16060-07.2025,7738.03
2025,8,339033,2025NE003278,2025OB006559,MARCIO JOSE PACHECO RAMOS,Ressarcimento deputado Márcio Pacheco 16060-07.2025,359.5
2025,8,339030,2025NE003276,2025OB006560,MARCIO JOSE PACHECO RAMOS,Ressarcimento Deputado Márcio Pacheco 16060-07.2025,4655.15
2025,8,339030,2025NE003386,2025OB006897,MARCIO JOSE PACHECO RAMOS,Ressarcimento Deputado Márcio Pacheco 16976-10.2025,1664.2
2025,8,339033,2025NE003387,2025OB006898,MARCIO JOSE PACHECO RAMOS,Ressarcimento deputado Márcio Pacheco 16976-10.2025,1362.44
2025,8,339039,2025NE003388,2025OB006899,MARCIO JOSE PACHECO RAMOS,Ressarcimento deputado Márcio Pacheco 16976-10.2025,7762.99
2025,8,339039,2025NE003462,2025OB007248,MARCIO JOSE PACHECO RAMOS,"Ressarc. Dep. Marcio Pacheco, 17513-61.2025",1850.0
2025,8,339030,2025NE003661,2025OB008088,MARCIO JOSE PACHECO RAMOS,Ressarcimento deputadpo Márcio Pacheco 18343-58.2025,1029.7
2025,8,339039,2025NE003680,2025OB008089,MARCIO JOSE PACHECO RAMOS,Ressarcimento deputado Márcio Pacheco 18343-58.2025,245.77
2025,8,339030,2025NE003659,2025OB008105,MARCIO JOSE PACHECO RAMOS,Ressarcimento deputado Márcio Pacheco 18142-53.2025,3562.54
2025,8,339039,2025NE003660,2025OB008106,MARCIO JOSE PACHECO RAMOS,Ressarcimento deputado Márcio Pacheco 18142-53.2025,1386.26
2025,8,339039,2025NE003747,2025OB008124,MARCIO JOSE PACHECO RAMOS,Ressa.Deput.Marcio Pacheco.Prot.18188-72.2025,6755.57
2025,8,339033,2025NE003745,2025OB008125,MARCIO JOSE PACHECO RAMOS,Ressa.Deput.Marcio Pacheco.Prot.18188-72.2025,1000.01
2025,8,339030,2025NE003742,2025OB008126,MARCIO JOSE PACHECO RAMOS,Ressa.Deput.Marcio Pacheco.Prot.18188-72.2025,1887.8
2025,8,339030,2025NE003366,2025OB006843,MARIA VICTORIA BORGHETTI BARROS,"Ressarc. Dep. Maria Victoria, 17008-19.2025",1967.08
2025,8,339039,2025NE003367,2025OB006844,MARIA VICTORIA BORGHETTI BARROS,"Ressarc. Dep. Maria Victoria, 17008-19.2025",6590.0
2025,8,339030,2025NE003364,2025OB007115,MARIA VICTORIA BORGHETTI BARROS,"Ressarc. Dep. Maria Victoria, 17160-86.2025",5841.06
2025,8,339039,2025NE003365,2025OB007116,MARIA VICTORIA BORGHETTI BARROS,"Ressarc. Dep. Maria Victoria, 17160-86.2025",12500.0
2025,8,339039,2025NE003425,2025OB007033,MARILEI DE SOUZA LIMA,Ressarcimento Deputada Cantora Mara Lima 17285-09.2025,20000.0
2025,8,339039,2025NE003423,2025OB007102,MARILEI DE SOUZA LIMA,Ressarcimento deputada Cantora Mara Lima 17163-05.2025,876.08
2025,8,339030,2025NE003422,2025OB007103,MARILEI DE SOUZA LIMA,Ressarcimento Deputada Cantora Mara Lima 17163-05.2025,2590.45
2025,8,339030,2025NE003415,2025OB007028,MARLY PAULINO FAGUNDES,Ressarcimento deputada Marly Paulino 17141-17.2025,7599.58
2025,8,339033,2025NE003416,2025OB007029,MARLY PAULINO FAGUNDES,Ressarcimento deputada Marly Paulino 17141-17.2025,877.7
2025,8,339039,2025NE003417,2025OB007030,MARLY PAULINO FAGUNDES,Ressarcimento deputada Marly Paulino 17141-17.2025,34850.32
2025,8,339014,2025NE003563,2025OB007736,MATHEUS VELOSO MARIA,Ressarcimento Deputado Mateus Vermelho 17737-27.2025,2006.9
2025,8,339030,2025NE003567,2025OB007737,MATHEUS VELOSO MARIA,Ressarcimento deputado Mateus Vermelho 17737-27.2025,2424.98
2025,8,339033,2025NE003569,2025OB007738,MATHEUS VELOSO MARIA,Ressarcimento deputado Mateus Vermelho 17737-27.2025,6128.54
2025,8,339039,2025NE003578,2025OB007739,MATHEUS VELOSO MARIA,Ressarcimento Deputado Matheus Vermelho 17737-27.2025,32116.67
2025,8,339039,2025NE003329,2025OB006745,MAURICIO THADEU DE MELLO E SILVA,Ressa.Deput.Requiao Filho.prot.16669-54.2025,4648.68
2025,8,339030,2025NE003328,2025OB006746,MAURICIO THADEU DE MELLO E SILVA,Ressa.Deput.Requiao Filho.Prot.16669-54.2025,3573.85
2025,8,339039,2025NE003515,2025OB007640,MAURICIO THADEU DE MELLO E SILVA,"Ressarc. Dep. Requião Filho, 17552-75.2025",28199.06
2025,8,339030,2025NE003514,2025OB007641,MAURICIO THADEU DE MELLO E SILVA,"Ressarc. Dep. Requião Filho, 17552-75.2025",1238.88
2025,8,339030,2025NE003296,2025OB006604,MOACYR ELIAS FADEL JUNIOR,"Ressarc. Dep. Moacyr Fadel, 15074-51.2025",1153.9
2025,8,339039,2025NE003297,2025OB006605,MOACYR ELIAS FADEL JUNIOR,"Ressarc. Dep. Moacyr Fadel, 15074-51.2025",8507.94
2025,8,339030,2025NE003428,2025OB007037,MOACYR ELIAS FADEL JUNIOR,Ressarcimento Deputado Moacyr Fadel 17263-21.2025,1062.01
2025,8,339039,2025NE003429,2025OB007038,MOACYR ELIAS FADEL JUNIOR,Ressarcimento Deputado Moacyr Fadel 17263-21.2025,11738.03
2025,8,339039,2025NE003501,2025OB007637,MOACYR ELIAS FADEL JUNIOR,Ressarcimento Deputado Moacyr fadel 17117-83.2025,12558.79
2025,8,339030,2025NE003434,2025OB007117,Marcelo Rangel Cruz de Oliveira,Ressarcimento deputado Marcelo Rangel 17134-12.2025,1750.0
2025,8,339039,2025NE003435,2025OB007118,Marcelo Rangel Cruz de Oliveira,Ressarcimento deputado Marcelo Rangel 17134-12.2025,21190.0
2025,8,339039,2025NE003649,2025OB007915,Marcelo Rangel Cruz de Oliveira,Ressa.Deput.Marcelo Rangel.Prot.18019-76.2025,10977.01
2025,8,339033,2025NE003648,2025OB007916,Marcelo Rangel Cruz de Oliveira,Ressa.Deput.Marcelo Rangel.Prot.18019-76.2025,280.1
2025,8,339030,2025NE003647,2025OB007917,Marcelo Rangel Cruz de Oliveira,Ressa.Deput.Marcelo Rangel.Prot.18019-76.2025,1450.0
2025,8,339039,2025NE003471,2025OB007246,NEY LEPREVOST NETO,Ressa.Deput.Ney Leprevost.Prot.17359-48.2025,33570.2
2025,8,339030,2025NE003470,2025OB007247,NEY LEPREVOST NETO,Ressa.Deput.Ney Leprevost.prot.17359-48.2025,8839.32
2025,8,339030,2025NE003407,2025OB007031,OZIEL LUIZ DE SOUZA,Ressarcimento Deputado Batatinha 17143-60.2025,2471.39
2025,8,339039,2025NE003408,2025OB007032,OZIEL LUIZ DE SOUZA,Ressarcimento deputado Batatinha 17143-60.2025,553.6
2025,8,339030,2025NE003465,2025OB007244,OZIEL LUIZ DE SOUZA,Ressarcimento Deputado Batatinha 17438-49.2025,1436.1
2025,8,339039,2025NE003466,2025OB007245,OZIEL LUIZ DE SOUZA,Ressarcimento Deputado Batatinha 17438-49.2025,6320.0
2025,8,339039,2025NE003602,2025OB007798,OZIEL LUIZ DE SOUZA,Ressarcimento deputado Batatinha 17921-06.2025,9980.05
2025,8,339033,2025NE003601,2025OB007799,OZIEL LUIZ DE SOUZA,Ressarcimento deputado Batatinha 17921-06.2025,704.81
2025,8,339030,2025NE003600,2025OB007800,OZIEL LUIZ DE SOUZA,Ressarcimento deputado Batatinha 17921-06.2025,1585.29
2025,8,339039,2025NE003658,2025OB008098,OZIEL LUIZ DE SOUZA,Ressa.Deput.Batatinha.Prot.18037-75.2025,12200.0
2025,8,339030,2025NE003657,2025OB008099,OZIEL LUIZ DE SOUZA,Ressa.Deput.Batatinha.Prot.18037-75.2025,878.11
2025,8,339014,2025NE003656,2025OB008100,OZIEL LUIZ DE SOUZA,Ressa.Deput.Batatinha.Prot.18037-75.2025,501.73
2025,8,339014,2025NE003409,2025OB007022,PAULO ROBERTO MOREIRA GOMES JUNIOR,Ressarcimento Deputado Paulo Gomes 17058-27.2025,1003.45
2025,8,339030,2025NE003410,2025OB007023,PAULO ROBERTO MOREIRA GOMES JUNIOR,Ressarcimento deputado Paulo Gomes 17058-27.2025,4572.07
2025,8,339033,2025NE003411,2025OB007024,PAULO ROBERTO MOREIRA GOMES JUNIOR,Ressarcimento Deputado Paulo Gomes 17058-27.2025,8.0
2025,8,339039,2025NE003412,2025OB007025,PAULO ROBERTO MOREIRA GOMES JUNIOR,Ressarcimento Deputado Paulo Gomes 17058-27.2025,12000.0
2025,8,339039,2025NE003562,2025OB007619,PAULO ROBERTO MOREIRA GOMES JUNIOR,"Ressarc. Dep. Paulo Gomes, 17492-46.2025",18162.75
2025,8,339033,2025NE003561,2025OB007620,PAULO ROBERTO MOREIRA GOMES JUNIOR,"Ressarc. Dep. Paulo Gomes, 17492-46.2025",191.2
2025,8,339030,2025NE003560,2025OB007621,PAULO ROBERTO MOREIRA GOMES JUNIOR,"Ressarc. Dep. Paulo Gomes, 17492-46.2025",2471.74
2025,8,339039,2025NE003678,2025OB008107,PEDRO PAULO BAZANA,Ressa.Deput.Bazana.Prot.18020-49.2025,26107.74
2025,8,339033,2025NE003677,2025OB008108,PEDRO PAULO BAZANA,Ressa.Deput.Bazanna.Prot.18020-49.2025,354.6
2025,8,339030,2025NE003675,2025OB008109,PEDRO PAULO BAZANA,Ressa.Deput.Bazzana.Prot.18020-49.2025,5777.92
2025,8,339039,2025NE003373,2025OB006847,RENATO DE ALMEIDA FREITAS JUNIOR,Ressarcimento deputado Renato Freitas 16871-32.2025,915.0
2025,8,339033,2025NE003372,2025OB006848,RENATO DE ALMEIDA FREITAS JUNIOR,Ressarcimento Deputado Renato Freitas 16871-32.2025,114.73
2025,8,339030,2025NE003371,2025OB006849,RENATO DE ALMEIDA FREITAS JUNIOR,Ressarcimento Deputado Renato Freitas 16871-32.2025,2163.57
2025,8,339039,2025NE003390,2025OB006916,RENATO DE ALMEIDA FREITAS JUNIOR,Ressa.Deput.Renato Freitas.Prot.16934-77.2025,9000.0
2025,8,339030,2025NE003389,2025OB006917,RENATO DE ALMEIDA FREITAS JUNIOR,Ressa.Deput.Renato Freitas.Prot.16934-77.2025,147.34
2025,8,339030,2025NE003467,2025OB007218,RENATO DE ALMEIDA FREITAS JUNIOR,Ressa.Deput.Renato Freitas.Prot.17206-08.2025,340.03
2025,8,339039,2025NE003468,2025OB007219,RENATO DE ALMEIDA FREITAS JUNIOR,Ressa.Deput.Rentao Freitas.Prot.17206-08.2025,2116.87
2025,8,339039,2025NE003524,2025OB007632,RENATO DE ALMEIDA FREITAS JUNIOR,Ressa.Deput.Renato Freitas.Prot.17286-79.2025,9000.0
2025,8,339030,2025NE003523,2025OB007633,RENATO DE ALMEIDA FREITAS JUNIOR,Ressa.Deput.Renato Freitas.prot.17286-79.2025,469.9
2025,8,339039,2025NE003631,2025OB007807,RENATO DE ALMEIDA FREITAS JUNIOR,Ressarcimento deputado Renato Freitas 18034-59.2025,7907.36
2025,8,339033,2025NE003628,2025OB007808,RENATO DE ALMEIDA FREITAS JUNIOR,Ressarcimento deputado Renato Freitas 18034-59.2025,151.29
2025,8,339030,2025NE003624,2025OB007809,RENATO DE ALMEIDA FREITAS JUNIOR,Ressarcimento deputado Renato Freitas 18034-59.2025,1949.71
2025,8,339030,2025NE003740,2025OB008198,RENATO DE ALMEIDA FREITAS JUNIOR,Ressarcimento deputado Renato Freitas 18398-28.2025,1228.45
2025,8,339039,2025NE003741,2025OB008199,RENATO DE ALMEIDA FREITAS JUNIOR,Ressarcimento deputado Renato Freitas 18398-28.2025,662.8
2025,8,339014,2025NE003400,2025OB007094,RICARDO ARRUDA NUNES,Ressarcimento Ricardo Arruda 16949-60.2025,3010.35
2025,8,339030,2025NE003401,2025OB007095,RICARDO ARRUDA NUNES,Ressarcimento deputado Ricardo Arruda 16949-60.2025,5364.94
2025,8,339039,2025NE003402,2025OB007096,RICARDO ARRUDA NUNES,Ressarcimento Deputado Ricardo Arruda 16949-60.2025,26000.0
2025,8,339033,2025NE003403,2025OB007097,RICARDO ARRUDA NUNES,Ressarcimento Deputado Ricardo Arruda 16949-60.2025,1000.98
2025,8,339039,2025NE003527,2025OB007581,RICARDO ARRUDA NUNES,Ressarcimento Deputado Ricardo Arruda 17679-41.2025,3829.96
2025,8,339033,2025NE003526,2025OB007582,RICARDO ARRUDA NUNES,Ressarcimento deputado Ricardo Arruda 17679-41.2025,1217.7
2025,8,339030,2025NE003525,2025OB007583,RICARDO ARRUDA NUNES,Ressarcimento Deputado Ricardo Arruda 17679-41.2025,1273.35
2025,8,339014,2025NE003522,2025OB007584,RICARDO ARRUDA NUNES,Ressarcimento deputado Ricardo Arruda 17679-41.2025,5268.09
2025,8,339030,2025NE003493,2025OB007542,SAMUEL PEREIRA DA SILVA,Ressarcimento deputado Samuel Dantas 17590-19.2025,4796.13
2025,8,339033,2025NE003494,2025OB007543,SAMUEL PEREIRA DA SILVA,Ressarcimento Deputado Samuel Dantas 17590-19.2025,59.6
2025,8,339039,2025NE003495,2025OB007544,SAMUEL PEREIRA DA SILVA,Ressarcimento Deputado Samuel Dantas 17590-19.2025,29686.79
2025,8,339030,2025NE003743,2025OB008200,TERCILIO LUIZ TURINI,Ressarcimento deputado Tercílio Turini 18509-38.2025,7049.81
2025,8,339033,2025NE003744,2025OB008201,TERCILIO LUIZ TURINI,Ressarcimento Deputado Tercílio Turini 18509-38.2025,1592.78
2025,8,339039,2025NE003746,2025OB008202,TERCILIO LUIZ TURINI,Ressarcimento deputado Tercílio Turini 18509-38.2025,23777.69
2025,8,339030,2025NE003393,2025OB006914,TITO LÍVIO BARICHELLO,Ressa.Deput.Tito Barichello.Prot.16915-08.2025,28.0
2025,8,339039,2025NE003394,2025OB006915,TITO LÍVIO BARICHELLO,Ressa.Deput.Tito Barichello.Prot.16915-08.2025,16042.0
2025,8,339030,2025NE003430,2025OB007107,TITO LÍVIO BARICHELLO,Ressarcimento deputado Tito Barrichello 17339-06.2025,1885.06
2025,8,339039,2025NE003482,2025OB007252,TITO LÍVIO BARICHELLO,Ressa.Deput.Tito Barichello.prot.17478-36.2025,9893.26
2025,8,339030,2025NE003481,2025OB007253,TITO LÍVIO BARICHELLO,Ressa.Deput.Tito Barichello.prot.17478-36.2025,155.47
2025,9,339039,2025NE003994,2025OB009160,ADEMAR LUIZ TRAIANO,Ressa.Deput.Ademar Traiano.prot.19736-83.2025,34354.21
2025,9,339030,2025NE003993,2025OB009161,ADEMAR LUIZ TRAIANO,Ressa.Deput.Ademar Traiano.Prot.19736-83.2025,7791.27
2025,9,339030,2025NE003951,2025OB009005,ADRIANO JOSE DA SILVA,"Ressarc. Dep. Adriano José, 19574-92.2025",2770.3
2025,9,339039,2025NE003952,2025OB009006,ADRIANO JOSE DA SILVA,"Ressarc. Dep. Adriano José, 19574-92.2025",16500.0
2025,9,339039,2025NE003986,2025OB009157,ADRIANO JOSE DA SILVA,Ressarcimento Deputado Soldado Adriano 19708-63.2025,268.01
2025,9,339033,2025NE003985,2025OB009158,ADRIANO JOSE DA SILVA,Ressarcimento deputado Soldado Adriano 19708-63.2025,4095.83
2025,9,339030,2025NE003984,2025OB009159,ADRIANO JOSE DA SILVA,Ressarcimento deputado Soldado Adriano 19708-63.2025,4008.87
2025,9,339030,2025NE004120,2025OB009554,ADRIANO JOSE DA SILVA,Ressa.Deput.Soldado Adriano.Prot.20139-66.2025,2154.3
2025,9,339039,2025NE004122,2025OB009555,ADRIANO JOSE DA SILVA,Ressa.Deput.Soldado Adriano.Prot.20139-66.2025,351.16
2025,9,339039,2025NE004203,2025OB009863,ADRIANO JOSE DA SILVA,Ressarcimento Deputado Soldado Adriano 20568-26.2025,3013.32
2025,9,339033,2025NE004202,2025OB009864,ADRIANO JOSE DA SILVA,Ressarcimento Deputado Soldado Adriano 20568-26.2025,3831.13
2025,9,339030,2025NE004196,2025OB009865,ADRIANO JOSE DA SILVA,Ressarcimento deputado Márcio Pacheco 20568-26.2025,1141.9
2025,9,339033,2025NE004200,2025OB009947,ADRIANO JOSE DA SILVA,Ressa.Deput.Soldado Adriano.Prot.20793-62.2025,2722.49
2025,9,339030,2025NE004199,2025OB009948,ADRIANO JOSE DA SILVA,Ressa.Deput.Soldado Adriano.Prot.20793-62.2025,2728.64
2025,9,339030,2025NE003777,2025OB008237,ADÃO FERNANDES,Ressa.Deput.Adao.Prot.18403-87.2025,1419.25
2025,9,339039,2025NE003778,2025OB008238,ADÃO FERNANDES,Ressa.Deput.Adao.Prot.18403-87.2025,15599.24
2025,9,339039,2025NE003887,2025OB008693,ADÃO FERNANDES,Ressarcimento deputado Adão Litro 19164-07.2025,14830.0
2025,9,339030,2025NE003886,2025OB008694,ADÃO FERNANDES,Ressarcimento deputado Adão Litro 19164-07.2025,2141.7
2025,9,339039,2025NE003798,2025OB008263,ALEXANDRE AMARO,Ressarcimento deputado Alexandre Amaro 18798-92.2025,785.06
2025,9,339030,2025NE003797,2025OB008264,ALEXANDRE AMARO,Ressarcimento Deputado Alexandre Amaro 18798-92.2025,3378.13
2025,9,339039,2025NE003966,2025OB009172,ALEXANDRE AMARO,Ressarcimento deputado Alexandre Amaro 19893-15.2025,11039.9
2025,9,339030,2025NE003965,2025OB009173,ALEXANDRE AMARO,Ressarcimento deputado Alexandre Amaro 19893-15.2025,2551.8
2025,9,339039,2025NE004156,2025OB009684,ALEXANDRE AMARO,Ressa.Deput.Alexandre Amaro.Prot.20336-82.2025,6998.8
2025,9,339030,2025NE004155,2025OB009685,ALEXANDRE AMARO,Ressa.Deput.Alexandre Amaro.Prot.20336-82.2025,2877.84
2025,9,339039,2025NE004211,2025OB009934,ALEXANDRE AMARO,Ressarcimento deputado Alexandre Amaro 20845-16.2025,1530.57
2025,9,339033,2025NE004210,2025OB009935,ALEXANDRE AMARO,Ressarcimento Deputado Alexandre Amaro 20845-16.2025,130.5
2025,9,339030,2025NE004209,2025OB009936,ALEXANDRE AMARO,Ressarcimento deputado Alexandre Amaro 20845-16.2025,2682.92
2025,9,339039,2025NE003989,2025OB009095,ALISSON ANTHONY WANDSCHEER,Ressarcimento deputado Alisson Wandscheer 19800-04.2025,38370.0
2025,9,339030,2025NE003988,2025OB009096,ALISSON ANTHONY WANDSCHEER,Ressarcimento Deputado Alisson Wandscheer 19800-04.2025,5783.09
2025,9,339014,2025NE003788,2025OB008228,ANA JÚLIA RIBEIRIO,"Ressarc. Dep. Ana Julia, 18657-19.2025",9923.04
2025,9,339030,2025NE003789,2025OB008229,ANA JÚLIA RIBEIRIO,"Ressarc. Dep. Ana Julia, 18657-19.2025",1527.67
2025,9,339033,2025NE003790,2025OB008230,ANA JÚLIA RIBEIRIO,"Ressarc. Dep. Ana Julia, 18657-19.2025",224.03
2025,9,339039,2025NE003792,2025OB008231,ANA JÚLIA RIBEIRIO,"Ressarc. Dep. Ana Julia, 18657-19.2025",9136.65
2025,9,339030,2025NE003780,2025OB008257,ANA JÚLIA RIBEIRIO,Ressarcimento Deputada Ana Júlia 18199-66.2025,1586.0
2025,9,339039,2025NE003781,2025OB008258,ANA JÚLIA RIBEIRIO,Ressarcimento deputada Ana Júlia 18199-66.2025,19685.8
2025,9,339014,2025NE004061,2025OB009405,ANA JÚLIA RIBEIRIO,Ressarcimento Deputada Ana Júlia 20088-85.2025,10229.61
2025,9,339030,2025NE004064,2025OB009406,ANA JÚLIA RIBEIRIO,Ressarcimento Deputada Ana Júlia 20088-85.2025,7842.35
2025,9,339033,2025NE004066,2025OB009407,ANA JÚLIA RIBEIRIO,Ressarcimento Deputada Ana Júlia 20088-85.2025,13158.18
2025,9,339039,2025NE004069,2025OB009408,ANA JÚLIA RIBEIRIO,Ressarcimento deputada Ana Júlia 20088-85.2025,18710.1
2025,9,339039,2025NE003808,2025OB008226,ANTENOR GOMES DE LIMA,Ressa.Deput.Dr Antenor.Prot.18593-98.2025,38292.93
2025,9,339030,2025NE003807,2025OB008227,ANTENOR GOMES DE LIMA,Ressa.Deput.Dr Antenor.prot.18593-98.2025,3334.93
2025,9,339030,2025NE004105,2025OB009594,ANTENOR GOMES DE LIMA,Ressarcimento Deputado Dr. Antenor 19738-29.2025,3689.73
2025,9,339039,2025NE004107,2025OB009595,ANTENOR GOMES DE LIMA,Ressarcimento Dr. Antenor 19738-29.2025,25332.73
2025,9,339033,2025NE004116,2025OB009556,ANTONIO ANNIBELLI NETO,Ressa.Deput.Amibelli Neto.Prot.20344-60.2025,3089.49
2025,9,339030,2025NE004115,2025OB009557,ANTONIO ANNIBELLI NETO,Ressa.Deput.Anibelli Neto.Prot.20344-60.2025,11660.42
2025,9,339039,2025NE004119,2025OB009558,ANTONIO ANNIBELLI NETO,Ressa.Deput.Anibelli Neto.Prot.20344-60.2025,27580.61
2025,9,339030,2025NE003974,2025OB009154,ARILSON MAROLDI CHIORATO,Ressarcimento deputado Arilson Chiorato 19258-88.2025,2823.17
2025,9,339033,2025NE003975,2025OB009155,ARILSON MAROLDI CHIORATO,Ressarcimento deputado Arilson Chiorato 19258-88.2025,19.35
2025,9,339039,2025NE003976,2025OB009156,ARILSON MAROLDI CHIORATO,Ressarcimento Deputado Arilson Chiorato 19258-88.2025,33247.11
2025,9,339014,2025NE003881,2025OB008688,ARTAGAO DE MATTOS LEÃO JUNIOR,Ressarcimento deputado Artagão 18956-94.2025,3010.35
2025,9,339030,2025NE003882,2025OB008689,ARTAGAO DE MATTOS LEÃO JUNIOR,Ressarcimento Deputado Artagão 18956-94.2025,4913.22
2025,9,339039,2025NE003884,2025OB008690,ARTAGAO DE MATTOS LEÃO JUNIOR,Ressarcimento deputado Artagão 18956-94.2025,386.3
2025,9,339030,2025NE004008,2025OB009288,ARTAGAO DE MATTOS LEÃO JUNIOR,Ressa.Deput.Artagao Junior.Prot.19579-54.2025,4100.51
2025,9,339039,2025NE004010,2025OB009289,ARTAGAO DE MATTOS LEÃO JUNIOR,Ressa.Deput.Artagaoi Junior.Prot.19579-54.2025,197.3
2025,9,339014,2025NE004109,2025OB009562,ARTAGAO DE MATTOS LEÃO JUNIOR,Ressa.Deput.Artagao Junior.Prot.20332-93.2025,2257.76
2025,9,339030,2025NE004113,2025OB009563,ARTAGAO DE MATTOS LEÃO JUNIOR,Ressa.Deput.Artagao Junior.Prot.20332-93.2025,3398.61
2025,9,339039,2025NE004114,2025OB009564,ARTAGAO DE MATTOS LEÃO JUNIOR,Ressa.Deput.Artagao Junior.Prot.20332-93.2025,2646.0
2025,9,339039,2025NE004206,2025OB009860,ARTAGAO DE MATTOS LEÃO JUNIOR,Ressa.Deput.Artagao Junior.Prot.20572-15.2025,21.8
2025,9,339030,2025NE004204,2025OB009861,ARTAGAO DE MATTOS LEÃO JUNIOR,Ressa.Artagao Junior.Prot.20572-15.2025,2058.84
2025,9,339014,2025NE004201,2025OB009862,ARTAGAO DE MATTOS LEÃO JUNIOR,Ressa.Deput.Artagao junior.Prot.20572-15.2025,2257.76
2025,9,339039,2025NE003860,2025OB008677,Aldino Jorge Bueno,Ressa.Deput.Gugu Bueno.Prot.19189-11.2025,13024.11
2025,9,339030,2025NE003859,2025OB008678,Aldino Jorge Bueno,Ressa.Deput.Gugu Bueno.Prot.19189-11.2025,1954.12
2025,9,339030,2025NE003968,2025OB009083,Aldino Jorge Bueno,"Ressarc. Dep. Gugu Bueno, 19988-69.2025",4714.46
2025,9,339039,2025NE003969,2025OB009084,Aldino Jorge Bueno,"Ressarc. Dep. Gugu Bueno, 19988-69.2025",246.82
2025,9,339030,2025NE004097,2025OB009469,Aldino Jorge Bueno,"Ressarc. Dep. Gugu Bueno, 20561-21.2025",1650.09
2025,9,339033,2025NE004098,2025OB009470,Aldino Jorge Bueno,"Ressarc. Dep. Gugu Bueno, 20561-21.2025",4088.26
2025,9,339039,2025NE004099,2025OB009471,Aldino Jorge Bueno,"Ressarc. Dep. Gugu Bueno, 20561-21.2025",8000.0
2025,9,339030,2025NE004181,2025OB009831,Aldino Jorge Bueno,"Ressarc. Dep. Gugu Bueno, 20752-05.2025",1345.33
2025,9,339039,2025NE004182,2025OB009832,Aldino Jorge Bueno,"Ressarc. Dep. Gugu Bueno, 20752-05.2025",7500.0
2025,9,339030,2025NE003956,2025OB009087,Alexandre Maranhão Curi,"Ressarc. Dep. Alexandre Curi, 19906-52.2025",3046.99
2025,9,339039,2025NE003957,2025OB009088,Alexandre Maranhão Curi,"Ressarc. Dep. Alexandre Curi, 19906-52.2025",22251.95
2025,9,339030,2025NE003902,2025OB008805,CLOARA PINHEIRO LIMA,"Ressarc. Dep. Cloara Pinheiro, 19311-15.2025",2587.74
2025,9,339033,2025NE003903,2025OB008806,CLOARA PINHEIRO LIMA,"Ressarc. Dep. Cloara Pinheiro, 19311-15.2025",1806.89
2025,9,339039,2025NE003904,2025OB008807,CLOARA PINHEIRO LIMA,"Ressarc. Dep. Cloara Pinheiro, 19311-15.2025",8161.81
2025,9,339039,2025NE004093,2025OB009466,CLOARA PINHEIRO LIMA,"Ressarc. Dep. Cloara Pinheiro, 20140-39.2025",19035.0
2025,9,339039,2025NE004154,2025OB009660,CLOARA PINHEIRO LIMA,Ressa.Deput.Cloara Pinheiro.Prot.20141-12.2025,5451.07
2025,9,339033,2025NE004153,2025OB009670,CLOARA PINHEIRO LIMA,Ressa.Deput.Cloara Pinheiro.Prot.20141-12.2025,2282.57
2025,9,339030,2025NE004152,2025OB009671,CLOARA PINHEIRO LIMA,Ressa.Deput.Cloara Pinheiro.Prot.20141-12.2025,995.37
2025,9,339039,2025NE004227,2025OB009937,CLOARA PINHEIRO LIMA,Ressarcimento deputada Cloara 20776-36.2025,3930.23
2025,9,339033,2025NE004225,2025OB009938,CLOARA PINHEIRO LIMA,Ressarcimento Deputada Cloara 20776-36.2025,925.38
2025,9,339030,2025NE004224,2025OB009939,CLOARA PINHEIRO LIMA,Ressarcimento Deputada Cloara 20776-36.2025,2310.26
2025,9,339039,2025NE003972,2025OB009080,DENIAN COUTO COELHO,"Ressarc. Dep. Denian Couto, 19626-46.2025",17250.0
2025,9,339030,2025NE003983,2025OB009092,DENIAN COUTO COELHO,Ressarcimento Denain Couto 19647-61.2025,6845.46
2025,9,339014,2025NE003982,2025OB009093,DENIAN COUTO COELHO,Ressarcimento Deputado Denian Couto 19647-61.2025,11288.78
2025,9,339039,2025NE003987,2025OB009094,DENIAN COUTO COELHO,Ressarcimento deputado Denian Couto 19647-61.2025,1462.94
2025,9,339039,2025NE004232,2025OB009852,DENIAN COUTO COELHO,Ressa.Deput.Denian Couto.Prot.20370-37.2025,6653.41
2025,9,339030,2025NE004231,2025OB009854,DENIAN COUTO COELHO,Ressa.Deput.Denian Couto.Prot.20370-37.2025,1251.36
2025,9,339014,2025NE004230,2025OB009855,DENIAN COUTO COELHO,Ressa.Deput.Denian Couto.Prot.20370-37.2025,1003.45
2025,9,339039,2025NE003896,2025OB008801,DEVANIL REGINALDO DA SILVA,Ressa.Deput.Cobra Reporter.prot.18909-05.2025,17843.97
2025,9,339030,2025NE003895,2025OB008802,DEVANIL REGINALDO DA SILVA,Ressa.Deput.Cobra Reporter.Prot.18909-05.2025,1930.84
2025,9,339030,2025NE003900,2025OB008803,DEVANIL REGINALDO DA SILVA,"Ressarc. Dep. Cobra Repórter, 19390-16.2025",1475.3
2025,9,339039,2025NE003901,2025OB008804,DEVANIL REGINALDO DA SILVA,"Ressarc. Dep. Cobra Repórter, 19390-16.2025",15889.55
2025,9,339039,2025NE003939,2025OB009015,DEVANIL REGINALDO DA SILVA,"Ressarc. Dep. Cobra Repórter, 19577-11.2025",14968.88
2025,9,339039,2025NE004159,2025OB009678,DEVANIL REGINALDO DA SILVA,Ressa.Deput.Cobra Reporter.Prot.20509-67.2025,10856.57
2025,9,339033,2025NE004158,2025OB009679,DEVANIL REGINALDO DA SILVA,Ressa.Deput.cobra reporter.Prot.20509-67.2025,157.34
2025,9,339030,2025NE004157,2025OB009680,DEVANIL REGINALDO DA SILVA,Ressa.Deput.Cobra Reporter.Prot.20509-67.2025,1150.72
2025,9,339039,2025NE003905,2025OB008798,EVANDRO JOSE DA CRUZ ARAUJO,Ressarcimento deputado Evandro Araújo 18816-91.2025,2543.75
2025,9,339033,2025NE003906,2025OB008799,EVANDRO JOSE DA CRUZ ARAUJO,Ressarcimento deputado Evandro Araújo 18816-91.2025,130.37
2025,9,339039,2025NE003907,2025OB008800,EVANDRO JOSE DA CRUZ ARAUJO,Ressarcimento Deputado Evandro Araújo 18816-91.2025,8108.54
2025,9,339030,2025NE004106,2025OB009560,EVANDRO JOSE DA CRUZ ARAUJO,Ressa.Deput.Evandro Araujo.Prot.20334-39.2025,1241.36
2025,9,339039,2025NE004108,2025OB009561,EVANDRO JOSE DA CRUZ ARAUJO,Ressa.Deput.Evandro Araujo.Prot.20334-39.2025,6927.5
2025,9,339039,2025NE003806,2025OB008254,FABIO OLIVEIRA,Ressa.Deput.Fabio Oliveira.prot.18755-89.2025,1586.01
2025,9,339033,2025NE003805,2025OB008255,FABIO OLIVEIRA,Ressa.Deput.Fabio Oliveira.Prot.18755-89.2025,211.9
2025,9,339030,2025NE003804,2025OB008256,FABIO OLIVEIRA,Ressa.Deput.Fabio Oliveira.Prot.18755-89.2025,2611.61
2025,9,339033,2025NE003941,2025OB009001,FABIO OLIVEIRA,Ressarcimento Deputado Fábio Oliveira 19581-97.2025,2608.22
2025,9,339039,2025NE003944,2025OB009002,FABIO OLIVEIRA,Ressarcimento Deputado Fábio Oliveira 19581-97.2025,14174.3
2025,9,339039,2025NE003937,2025OB009008,FABIO OLIVEIRA,Ressa.Deput.Fabio Oliveira.Prot.19530-19.2025,6386.83
2025,9,339033,2025NE003936,2025OB009009,FABIO OLIVEIRA,Ressa.Deput.Fabio Oliveira.Prot.19530-19.2025,40.0
2025,9,339030,2025NE003935,2025OB009010,FABIO OLIVEIRA,Ressa.Deput.Fabio Oliveira.Prot.19530-19.2025,2761.66
2025,9,339039,2025NE004140,2025OB009681,FABIO OLIVEIRA,Ressarcimento deputado Fábio Oliveira 20289-90.2025,7477.14
2025,9,339033,2025NE004139,2025OB009682,FABIO OLIVEIRA,Ressarcimento deputado Fábio Oliveira 20289-90.2025,314.79
2025,9,339030,2025NE004138,2025OB009683,FABIO OLIVEIRA,Ressarcimento deputado Fábio Oliveira 20289-90.2025,1486.38
2025,9,339039,2025NE004186,2025OB009837,FABIO OLIVEIRA,"Ressarc. Dep. Fabio Oliveira, 20623-93.2025",10000.0
2025,9,339014,2025NE003844,2025OB008488,FLAVIA CAROLINA RESENDE JABER FRANCISCHINI,Ressarcimento deputada Flávia Francischini 19235-30.2025,4153.19
2025,9,339030,2025NE003845,2025OB008489,FLAVIA CAROLINA RESENDE JABER FRANCISCHINI,Ressarcimento deputada Flávia Francischini 19235-30.2025,8813.01
2025,9,339039,2025NE003846,2025OB008490,FLAVIA CAROLINA RESENDE JABER FRANCISCHINI,Ressarcimento Deputada Flávia Francischini 19231-41.2025,13023.4
2025,9,339014,2025NE003841,2025OB008559,FLAVIA CAROLINA RESENDE JABER FRANCISCHINI,Ressarcimento Deputada Flávia Fracischini 19283-92.2025,501.73
2025,9,339030,2025NE003842,2025OB008560,FLAVIA CAROLINA RESENDE JABER FRANCISCHINI,Ressarcimento Deputada Flávia Francischini 19283-92.2025,489.52
2025,9,339039,2025NE003843,2025OB008561,FLAVIA CAROLINA RESENDE JABER FRANCISCHINI,Ressarcimento Deputada Flávia Francischini 19283-92.2025,10000.0
2025,9,339014,2025NE003953,2025OB008978,FLAVIA CAROLINA RESENDE JABER FRANCISCHINI,"Ressarc. Dep. Flavia Francischini, 19890-96.2025",3512.08
2025,9,339030,2025NE003954,2025OB008979,FLAVIA CAROLINA RESENDE JABER FRANCISCHINI,"Ressarc. Dep. Flavia Francischini, 19890-96.2025",1903.22
2025,9,339030,2025NE003791,2025OB008259,GILSON DE SOUZA,Ressarcimento Deputado Gilson de Souza 18746-41.2025,1866.1
2025,9,339039,2025NE003794,2025OB008260,GILSON DE SOUZA,Ressarcimento deputado Gilson de Souza 18746-41.2025,14049.02
2025,9,339030,2025NE003996,2025OB009164,GILSON DE SOUZA,"Ressarc. Dep. Gilson de Souza, 19951-98.2025",6787.45
2025,9,339039,2025NE003998,2025OB009165,GILSON DE SOUZA,"Ressarc. Dep. Gilson de Souza, 19951-98.2025",20620.96
2025,9,339039,2025NE003991,2025OB009162,HUSSEIN BAKRI,Ressarcimento Deputado Hussein Bakri 19798-58.2025,16482.99
2025,9,339030,2025NE003990,2025OB009163,HUSSEIN BAKRI,Ressarcimento Deputado Hussein Bakri 19798-58.2025,4673.92
2025,9,339039,2025NE004034,2025OB009279,HUSSEIN BAKRI,Ressa.Deput.Hussein Bakri.Prot.19584-16.2025,4190.7
2025,9,339030,2025NE004033,2025OB009280,HUSSEIN BAKRI,Ressa.Deput.Hussein bakri.prot.19584-16.2025,2721.84
2025,9,339030,2025NE004238,2025OB009941,HUSSEIN BAKRI,Ressa.Deput.Hussein Bakri.Prot.20783-41.2025,4489.71
2025,9,339033,2025NE004239,2025OB009942,HUSSEIN BAKRI,Ressa.Deput.Hussein Bakri.Prot.20783-41.2025,639.51
2025,9,339039,2025NE004240,2025OB009943,HUSSEIN BAKRI,Ressa.Deput.Hussein Bakri.Prot.20783-41.2025,12463.99
2025,9,339039,2025NE003899,2025OB008808,ISABEL CRISTINA RAUEN SILVESTRI,Ressa.Deput.Cristina silvestre.Prot.18946-73.2025,31874.43
2025,9,339033,2025NE003898,2025OB008809,ISABEL CRISTINA RAUEN SILVESTRI,Ressa.Deput.Cristina Silvestre.Prot.18946-73.2025,1250.0
2025,9,339030,2025NE003897,2025OB008810,ISABEL CRISTINA RAUEN SILVESTRI,Ressa.Deput.Cristina Silvestre.Prot.18946-73.2025,5723.41
2025,9,339039,2025NE004103,2025OB009551,JORGE GOMES DE OLIVEIRA BRAND,Ressarcimento deputado Goura 20292-09.2025,30580.96
2025,9,339033,2025NE004102,2025OB009552,JORGE GOMES DE OLIVEIRA BRAND,Ressarcimento deputado Goura 20292-09.2025,2932.9
2025,9,339030,2025NE004101,2025OB009553,JORGE GOMES DE OLIVEIRA BRAND,Ressarcimento deputado Goura 20292-09.2025,10859.76
2025,9,339030,2025NE003892,2025OB008682,JOSE GILBERTO DO CARMO ALVES RIBEIRO,Ressarcimento deputado Gilberto Ribeiro 18815-21.2025,1496.49
2025,9,339039,2025NE003893,2025OB008683,JOSE GILBERTO DO CARMO ALVES RIBEIRO,Ressarcimento deputado Gilberto Ribeiro 18815-21.2025,39.92
2025,9,339039,2025NE003894,2025OB008684,JOSE GILBERTO DO CARMO ALVES RIBEIRO,Ressarcimento deputado Gilberto Ribeiro 18815-21.2025,11346.16
2025,9,339039,2025NE004143,2025OB009675,JOSE GILBERTO DO CARMO ALVES RIBEIRO,Ressarcimento deputado Gilberto Ribeiro 20245-17.2025,11763.01
2025,9,339033,2025NE004142,2025OB009676,JOSE GILBERTO DO CARMO ALVES RIBEIRO,Ressarcimento Deputado Gilberto Ribeiro 20245-17.2025,177.23
2025,9,339030,2025NE004141,2025OB009677,JOSE GILBERTO DO CARMO ALVES RIBEIRO,Ressarcimento deputado Gilberto Ribeiro 20245-17.2025,2429.7
2025,9,339039,2025NE003967,2025OB009082,JOSE RODRIGUES LEMOS,"Ressarc. Dep. Professor Lemos, 19651-50.2025",20172.0
2025,9,339030,2025NE004117,2025OB009596,JOSE RODRIGUES LEMOS,Ressarcimento deputado Professor Lemos 20120-94.2025,8178.6
2025,9,339039,2025NE004118,2025OB009597,JOSE RODRIGUES LEMOS,Ressarcimento deputado Professor Lemos 20120-94.2025,16770.56
2025,9,339030,2025NE003875,2025OB008685,Jairo Tamura,Ressarcimento deputado Jairo Tamura 18947-46.2025,3667.54
2025,9,339033,2025NE003877,2025OB008686,Jairo Tamura,Ressarcimento deputado Jairo Tamura 18947-46.2025,2378.99
2025,9,339039,2025NE003879,2025OB008687,Jairo Tamura,Ressarcimento deputado Jairo Tamura 18947-46.2025,2492.39
2025,9,339039,2025NE004022,2025OB009276,Jairo Tamura,Ressa.Deput.Jairo Tamura.Prot.19858-87.2025,11012.87
2025,9,339033,2025NE004021,2025OB009277,Jairo Tamura,Ressa.Deput.Jairo Tamura.Prot.19858-87.2025,679.84
2025,9,339030,2025NE004019,2025OB009278,Jairo Tamura,Ressa.Deput.Jairo Tamura.Prot.19858-87.2025,870.19
2025,9,339039,2025NE004104,2025OB009559,Jairo Tamura,Ressarcimento deputado Jairo Tamura 20485-36.2025,7250.33
2025,9,339030,2025NE003783,2025OB008233,LEONIDAS FAVERO NETO,"Ressarc. Dep. Dr. Leônidas, 18792-60.2025",1119.6
2025,9,339033,2025NE003784,2025OB008234,LEONIDAS FAVERO NETO,"Ressarc. Dep. Dr. Leônidas, 18792-60.2025",365.27
2025,9,339039,2025NE003786,2025OB008235,LEONIDAS FAVERO NETO,"Ressarc. Dep. Dr. Leônidas, 18792-60.2025",315.0
2025,9,339030,2025NE003782,2025OB008236,LEONIDAS FAVERO NETO,"Ressarc. Dep. Dr. Leônidas, 18567-24.2025",3600.0
2025,9,339030,2025NE003870,2025OB008669,LEONIDAS FAVERO NETO,"Ressarc. Dep. Dr. Leônidas, 18774-61.2025",1072.0
2025,9,339030,2025NE003943,2025OB009007,LEONIDAS FAVERO NETO,"Ressarc. Dep. Dr. Leônidas, 19575-65.2025",2164.34
2025,9,339030,2025NE003970,2025OB009078,LEONIDAS FAVERO NETO,"Ressarc. Dep. Dr. Leônidas, 19654-66.2025",129.99
2025,9,339039,2025NE003971,2025OB009079,LEONIDAS FAVERO NETO,"Ressarc. Dep. Dr. Leônidas, 19654-66.2025",920.94
2025,9,339030,2025NE004062,2025OB009339,LEONIDAS FAVERO NETO,"Ressarc. Dep. Dr. Leônidas, 20085-69.2025",1675.62
2025,9,339039,2025NE004065,2025OB009340,LEONIDAS FAVERO NETO,"Ressarc. Dep. Dr. Leônidas, 20097-36.2025",3500.0
2025,9,339039,2025NE004094,2025OB009473,LEONIDAS FAVERO NETO,"Ressarc. Dep. Dr. Leônidas, 20246-87.2025",4988.44
2025,9,339030,2025NE004248,2025OB009933,LEONIDAS FAVERO NETO,Ressa.Deput.Dr Leonidas.Prot.20857-80.2025,3600.0
2025,9,339039,2025NE003872,2025OB008671,LUCIANA GUZELLA RAFAGNIN,Ressa.Deput.Luciana Rafagnin.Prot.19032-79.2025,4476.52
2025,9,339033,2025NE003869,2025OB008672,LUCIANA GUZELLA RAFAGNIN,Ressa.Deput.Luciana Rafagnin.Prot.19032-79.2025,1428.26
2025,9,339030,2025NE003867,2025OB008673,LUCIANA GUZELLA RAFAGNIN,Ressa.Deput.Luciana rafagnin.Prot.19032-79.2025,3731.89
2025,9,339030,2025NE003995,2025OB009166,LUCIANA GUZELLA RAFAGNIN,Ressa.Deput.Luciana Rafagnin.Prot.19551-34.2025,558.66
2025,9,339039,2025NE003999,2025OB009167,LUCIANA GUZELLA RAFAGNIN,Ressa.Deput.Luciana Rafagnin.Prot.19551-34.2025,9687.0
2025,9,339033,2025NE003997,2025OB009168,LUCIANA GUZELLA RAFAGNIN,Ressa.Luciana Rafagnin.Prot.19551-34.2025,467.4
2025,9,339039,2025NE004137,2025OB009672,LUCIANA GUZELLA RAFAGNIN,Ressarcimento deputada Luciana Rafagnin 20517-45.2025,6882.24
2025,9,339033,2025NE004136,2025OB009673,LUCIANA GUZELLA RAFAGNIN,Ressarcimento Deputada Luciana Rafagnin 20517-45.2025,950.08
2025,9,339030,2025NE004131,2025OB009674,LUCIANA GUZELLA RAFAGNIN,Ressarcimento Deputada Luciana Rafagnin 20517-45.2025,3209.07
2025,9,339039,2025NE003793,2025OB008232,LUIS RAIMUNDO CORTI,"Ressarc. Dep. Luis Corti, 18805-97.2025",9000.0
2025,9,339030,2025NE004110,2025OB009598,MABEL CORA CANTO,Ressarcimento deputada Mabel Canto 20391-52.2025,4541.59
2025,9,339033,2025NE004111,2025OB009599,MABEL CORA CANTO,Ressarcimento Deputada Mabel Canto 20391-52.2025,452.07
2025,9,339039,2025NE004112,2025OB009600,MABEL CORA CANTO,Ressarcimentop deputada Mabel Canto 20391-52.2025,13954.51
2025,9,339030,2025NE003938,2025OB009041,MARCIA CECILIA HUÇULAK,Ressarcimento deputada Márcia Huçulak 19364-39.2025,2669.31
2025,9,339014,2025NE003932,2025OB009042,MARCIA CECILIA HUÇULAK,Ressarcimento deputada Márcia Huçulak 19364-39.2025,2257.76
2025,9,339033,2025NE003933,2025OB009043,MARCIA CECILIA HUÇULAK,"Ressarcim,ento deputada Márcia Huçulak 19364-39.2025",337.7
2025,9,339039,2025NE003934,2025OB009044,MARCIA CECILIA HUÇULAK,Ressarcimento deputada Márcia Huçulak 19364-39.2025,43053.96
2025,9,339030,2025NE003825,2025OB008403,MARCIO JOSE PACHECO RAMOS,Ressarcimento deputado Márcio Pacheco 18809-86.2025,944.72
2025,9,339033,2025NE003826,2025OB008404,MARCIO JOSE PACHECO RAMOS,Ressarcimento Deputado Márcio Pacheco 18809-86.2025,835.5
2025,9,339039,2025NE003827,2025OB008405,MARCIO JOSE PACHECO RAMOS,Ressarcimento Deputado Márcio Pacheco 18809-86.2025,3527.34
2025,9,339039,2025NE004032,2025OB009281,MARCIO JOSE PACHECO RAMOS,Ressa.Deput.Marcio Pacheco.Prot.19622-57.2025,12050.62
2025,9,339033,2025NE004031,2025OB009282,MARCIO JOSE PACHECO RAMOS,Ressa.Deput.Marcio Pacheco.Prot.19622-57.2025,2673.1
2025,9,339030,2025NE004030,2025OB009283,MARCIO JOSE PACHECO RAMOS,Ressa.Deput.Marcio Pacheco.Prot.19622-57.2025,1524.6
2025,9,339030,2025NE004072,2025OB009415,MARCIO JOSE PACHECO RAMOS,Ressarcimento Deputado Márcio Pacheco 19999-63.2025,1173.82
2025,9,339033,2025NE004073,2025OB009416,MARCIO JOSE PACHECO RAMOS,Ressarcimento Deputado Márcio Pacheco 19999-63.2025,107.4
2025,9,339039,2025NE004074,2025OB009417,MARCIO JOSE PACHECO RAMOS,Ressarcimento deputado Márcio Pacheco 19999-63.2025,7709.05
2025,9,339039,2025NE004194,2025OB009856,MARCIO JOSE PACHECO RAMOS,Ressarcimento deputado Márcio Pacheco 20505-78.2025,3142.25
2025,9,339030,2025NE004192,2025OB009857,MARCIO JOSE PACHECO RAMOS,Ressarcimento deputado Márcio Pacheco 20505-78.2025,1837.28
2025,9,339039,2025NE004226,2025OB009949,MARCIO JOSE PACHECO RAMOS,Ressa.Deput.Marcio Pacheco.Prot.20563-64.2025,8152.04
2025,9,339033,2025NE004222,2025OB009950,MARCIO JOSE PACHECO RAMOS,Ressa.Deput.Marcio Pacheco.Prot.20563-64.2025,9.0
2025,9,339030,2025NE004221,2025OB009951,MARCIO JOSE PACHECO RAMOS,Ressa.Deput.Marcio Pacheco.Prot.20563-64.2025,1473.23
2025,9,339030,2025NE003866,2025OB008664,MARIA VICTORIA BORGHETTI BARROS,"Ressarc. Dep. Maria Victoria, 19211-96.2025",1650.24
2025,9,339039,2025NE003868,2025OB008665,MARIA VICTORIA BORGHETTI BARROS,"Ressarc. Dep. Maria Victoria, 19211-96.2025",6752.5
2025,9,339030,2025NE003874,2025OB008668,MARIA VICTORIA BORGHETTI BARROS,"Ressarc. Dep. Maria Victoria, 19243-08.2025",4191.48
2025,9,339030,2025NE003940,2025OB009012,MARIA VICTORIA BORGHETTI BARROS,"Ressarc. Dep. Maria Victoria, 19762-60.2025",4436.37
2025,9,339039,2025NE003942,2025OB009013,MARIA VICTORIA BORGHETTI BARROS,"Ressarc. Dep. Maria Victoria, 19762-60.2025",1814.13
2025,9,339039,2025NE003973,2025OB009081,MARIA VICTORIA BORGHETTI BARROS,"Ressarc. Dep. Maria Victoria, 19801-74.2025",12500.0
2025,9,339030,2025NE004179,2025OB009841,MARIA VICTORIA BORGHETTI BARROS,"Ressarc. Dep. Maria Victoria, 20720-93.2025",2066.0
2025,9,339039,2025NE004180,2025OB009842,MARIA VICTORIA BORGHETTI BARROS,"Ressarc. Dep. Maria Victoria, 20720-93.2025",1020.0
2025,9,339030,2025NE003809,2025OB008288,MARILEI DE SOUZA LIMA,Ressarcimento deputada Cantora Mara Lima 18773-88.2025,2094.83
2025,9,339039,2025NE003810,2025OB008289,MARILEI DE SOUZA LIMA,Ressarcimento Deputada Cantora Mara Lima 18773-88.2025,6716.0
2025,9,339039,2025NE003949,2025OB009045,MARILEI DE SOUZA LIMA,Ressarcimento Deputada Cantora Mara Lima 19576-38.2025,10209.0
2025,9,339030,2025NE003948,2025OB009046,MARILEI DE SOUZA LIMA,Ressarcimento Deputada Cantora Mara Lima 19576-38.2025,1764.18
2025,9,339030,2025NE004063,2025OB009341,MARILEI DE SOUZA LIMA,Ressa.Deput.Cantora Mara Lima.Prot.20096-63.2025,3376.92
2025,9,339039,2025NE004068,2025OB009342,MARILEI DE SOUZA LIMA,Ressa.Deput.Cantora Mara Lima.Prot.20096-63.2025,10756.08
2025,9,339030,2025NE003858,2025OB008679,MARLY PAULINO FAGUNDES,Ressarcimento deputada Marly Paulino 19165-77.2025,5622.53
2025,9,339033,2025NE003861,2025OB008680,MARLY PAULINO FAGUNDES,Ressarcimento deputada Marly Paulino 19165-77.2025,755.81
2025,9,339039,2025NE003863,2025OB008681,MARLY PAULINO FAGUNDES,Ressarcimento deputada Marly Paulino 19165-77.2025,32634.14
2025,9,339039,2025NE004080,2025OB009409,MATHEUS VELOSO MARIA,Ressa.Deput.Matheus Veloso.Prot.20044-12.2025,27589.23
2025,9,339033,2025NE004079,2025OB009410,MATHEUS VELOSO MARIA,Ressa.Deput.Matheus Veloso.Prot.20044-12.2025,12369.23
2025,9,339030,2025NE004078,2025OB009411,MATHEUS VELOSO MARIA,Ressa.Deput.Matheus Vermelho.Prot.20044-12.2025,3970.35
2025,9,339039,2025NE003865,2025OB008674,MAURICIO THADEU DE MELLO E SILVA,Ressa.Deput.Requiao Filho.Prot.18960-83.2025,3530.3
2025,9,339033,2025NE003864,2025OB008675,MAURICIO THADEU DE MELLO E SILVA,Ressa.Deput.Requiao Filho.Prot.18960-83.2025,289.43
2025,9,339030,2025NE003862,2025OB008676,MAURICIO THADEU DE MELLO E SILVA,Ressa.Deput.Requiao Filho.prot.18960-83.2025,1595.41
2025,9,339030,2025NE004026,2025OB009290,MAURICIO THADEU DE MELLO E SILVA,Ressarcimento deputado Requião Filho 19883-91.2025,1704.88
2025,9,339039,2025NE004029,2025OB009291,MAURICIO THADEU DE MELLO E SILVA,Ressarcimento deputado Requião Filho 19883-91.2025,31381.04
2025,9,339039,2025NE003889,2025OB008691,MOACYR ELIAS FADEL JUNIOR,Ressarcimento Deputado Moacyr Fadel 19146-08.2025,10408.49
2025,9,339030,2025NE003888,2025OB008692,MOACYR ELIAS FADEL JUNIOR,Ressarcimento deputado Moacyr Fadel 19146-08.2025,4734.9
2025,9,339039,2025NE004188,2025OB009858,MOACYR ELIAS FADEL JUNIOR,Ressarcimento deputado Mocyr Fadel 20652-86.2025,17032.37
2025,9,339030,2025NE004187,2025OB009859,MOACYR ELIAS FADEL JUNIOR,Ressarcimento deputado Moacyr Fadel 20652-86.2025,3174.26
2025,9,339033,2025NE003831,2025OB008406,Marcelo Rangel Cruz de Oliveira,Ressa.Deput.Marcelo Rangel.Prot.18791-87.2025,297.9
2025,9,339030,2025NE003830,2025OB008407,Marcelo Rangel Cruz de Oliveira,Ressa.Deput.Marcelo Rangel.Prot.18791-87.2025,2252.18
2025,9,339039,2025NE003832,2025OB008408,Marcelo Rangel Cruz de Oliveira,Ressa.Deput.Marcelo Rangel.Prot.18791-87.2025,1455.81
2025,9,339093,2026NE002818,2025OB009256,Marcelo Rangel Cruz de Oliveira,ressa.Deput.Marcelo Rangel.Prot.14867-11.2026,5386.16
2025,9,339030,2025NE003979,2025OB009295,Marcelo Rangel Cruz de Oliveira,Ressarcimento deputado Marcelo rangel 19589-75.2025,1200.0
2025,9,339039,2025NE003981,2025OB009296,Marcelo Rangel Cruz de Oliveira,Ressarcimento deputado Marcelo Rangel 19589-75.2025,1032.44
2025,9,339033,2025NE003980,2025OB009297,Marcelo Rangel Cruz de Oliveira,Ressarcimento deputado Marcelo Rangel 19589-75.2025,184.0
2025,9,339030,2025NE004000,2025OB009303,Marcelo Rangel Cruz de Oliveira,Ressa.Deput.Marcelo Rangel.Prot.19558-39.2025,1750.0
2025,9,339039,2025NE004005,2025OB009304,Marcelo Rangel Cruz de Oliveira,Ressa.Deput.Marcelo Rangel.Prot.19558-39.2025,22480.0
2025,9,339030,2025NE004133,2025OB009667,Marcelo Rangel Cruz de Oliveira,"Ressarc. Dep. Marcelo Rangel, 20531-55.2025",1558.7
2025,9,339033,2025NE004134,2025OB009668,Marcelo Rangel Cruz de Oliveira,"Ressarc. Dep. Marcelo Rangel, 20531-55.2025",94.5
2025,9,339039,2025NE004135,2025OB009669,Marcelo Rangel Cruz de Oliveira,"Ressarc. Dep. Marcelo Rangel, 20531-55.2025",9342.8
2025,9,339039,2025NE004191,2025OB009944,Marcelo Rangel Cruz de Oliveira,Ressarcimento deputado Marcelo Rangel 20798-24.2025,3995.06
2025,9,339033,2025NE004190,2025OB009945,Marcelo Rangel Cruz de Oliveira,Ressarcimento deputado Marcelo Rangel 20798-24.2025,102.8
2025,9,339030,2025NE004189,2025OB009946,Marcelo Rangel Cruz de Oliveira,Ressarcimento deputado Marcelo Rangel 20798-24.2025,1063.02
2025,9,339039,2025NE003950,2025OB009011,NELSON ROBERTO PLACIDO SILVA JUSTUS,"Ressarc. Dep. Nelson Justus, 19519-25.2025",29000.0
2025,9,339039,2025NE003929,2025OB009014,NELSON ROBERTO PLACIDO SILVA JUSTUS,"Ressarc. Dep. Nelson JUstus, 19522-41.2025",39000.0
2025,9,339039,2025NE004169,2025OB009742,NEY LEPREVOST NETO,Ressarcimento deputado Ney Leprevost 19841-61.2025,34067.8
2025,9,339030,2025NE004167,2025OB009743,NEY LEPREVOST NETO,Ressarcimento deputado Ney Leprevost 19841-61.2025,8437.14
2025,9,339030,2025NE003890,2025OB008695,OZIEL LUIZ DE SOUZA,Ressarcimento deputado Batatinha 17975-03.2025,2371.4
2025,9,339039,2025NE003891,2025OB008696,OZIEL LUIZ DE SOUZA,Ressarcimento Deputado Batatinha 17975-03.2025,2183.6
2025,9,339030,2025NE003927,2025OB009003,OZIEL LUIZ DE SOUZA,"Ressarc. Dep. Batatinha, 18935-79.2025",328.46
2025,9,339039,2025NE003928,2025OB009004,OZIEL LUIZ DE SOUZA,"Ressarc. Dep. Batatinha, 18935-79.2025",12870.0
2025,9,339039,2025NE004025,2025OB009299,OZIEL LUIZ DE SOUZA,"Ressarc. Dep. Batatinha, 19439-51.2025",7990.0
2025,9,339039,2025NE004124,2025OB009661,OZIEL LUIZ DE SOUZA,Ressa.Deput.BatatinHA.pROT.20489-25.2025,7100.0
2025,9,339030,2025NE004123,2025OB009662,OZIEL LUIZ DE SOUZA,Ressa.Deput.Batatinha.Prot.20489-25.2025,500.0
2025,9,339014,2025NE004125,2025OB009664,OZIEL LUIZ DE SOUZA,Ressa.Deput.Batatinha.Prot.20200-68.2025,3010.32
2025,9,339030,2025NE004126,2025OB009665,OZIEL LUIZ DE SOUZA,Ressa.Deput.Batatinha.Prot.20200-68.2025,135.18
2025,9,339039,2025NE004127,2025OB009666,OZIEL LUIZ DE SOUZA,Ressa.Deput.Batatinha.Prot.20200-68.2025,8406.52
2025,9,339039,2025NE003880,2025OB008795,PAULO ROBERTO MOREIRA GOMES JUNIOR,Ressa.Deput.Paulo Gomes.Prot.19217-31.2025,12000.0
2025,9,339033,2025NE003878,2025OB008796,PAULO ROBERTO MOREIRA GOMES JUNIOR,Ressa.Deput.Paulo Gomes.Prot.19217-31.2025,148.3
2025,9,339030,2025NE003876,2025OB008797,PAULO ROBERTO MOREIRA GOMES JUNIOR,Ressa.Deput.Paulo Gomes.Prot.19217-31.2025,3025.11
2025,9,339039,2025NE004042,2025OB009292,PAULO ROBERTO MOREIRA GOMES JUNIOR,Ressa.deput.Paulo Gomes.Prot.19864-22.2025,18162.75
2025,9,339033,2025NE004041,2025OB009293,PAULO ROBERTO MOREIRA GOMES JUNIOR,Ressa.Deput.Paulo Gomes.Prot.19864-22.2025,15.0
2025,9,339030,2025NE004038,2025OB009294,PAULO ROBERTO MOREIRA GOMES JUNIOR,Ressa.Deput.Paulo Gomes.Prot.19864-22.2025,1186.95
2025,9,339030,2025NE003945,2025OB009284,PEDRO PAULO BAZANA,Ressarcimento Deputado Bazana 19229-95.2025,613.6
2025,9,339039,2025NE003947,2025OB009285,PEDRO PAULO BAZANA,Ressarcimento Deputado Bazana 19229-95.2025,9041.72
2025,9,339033,2025NE004012,2025OB009286,PEDRO PAULO BAZANA,Ressarcimento Deputado Bazana 19229-95.2025,355.8
2025,9,339030,2025NE004075,2025OB009412,PEDRO PAULO BAZANA,Ressarcimento Deputado Bazana 19606-04.2025,5922.13
2025,9,339033,2025NE004076,2025OB009413,PEDRO PAULO BAZANA,Ressarcimento deputado Bazana 19606-04.2025,59.1
2025,9,339039,2025NE004077,2025OB009414,PEDRO PAULO BAZANA,Ressarcimento Deputado Bazana 19606-04.2025,24881.62
2025,9,339033,2025NE003847,2025OB008662,RENATO DE ALMEIDA FREITAS JUNIOR,Ressarcimento deputado Renato Freitas 19022-58.2025,150.98
2025,9,339039,2025NE003848,2025OB008663,RENATO DE ALMEIDA FREITAS JUNIOR,Ressarcimento deputado Renato Freitas 19022-58.2025,9291.67
2025,9,339030,2025NE003871,2025OB008666,RENATO DE ALMEIDA FREITAS JUNIOR,"Ressarc. Dep. Renato Freitas, 18941-14.2025",1109.37
2025,9,339039,2025NE003873,2025OB008667,RENATO DE ALMEIDA FREITAS JUNIOR,"Ressarc. Dep. Renato Freitas, 18941-14.2025",1333.5
2025,9,339014,2025NE003959,2025OB009169,RICARDO ARRUDA NUNES,Ressarcimento Deputado Ricardo Arruda 19641-29.2025,4515.51
2025,9,339030,2025NE003960,2025OB009170,RICARDO ARRUDA NUNES,Ressarcimento Deputado Ricardo Arruda 19641-29.2025,3572.38
2025,9,339039,2025NE003961,2025OB009171,RICARDO ARRUDA NUNES,Ressarcimento Deputado Ricardo Arruda 19641-29.2025,41034.98
2025,9,339039,2025NE004071,2025OB009386,RICARDO ARRUDA NUNES,Ressa.Deput.Ricardo Arruda.Prot.20070-86.2025,3000.0
2025,9,339030,2025NE004070,2025OB009387,RICARDO ARRUDA NUNES,Ressa.Deput.Ricardo Arruda.Prot.20070-86.2025,2378.93
2025,9,339030,2025NE003977,2025OB009274,SAMUEL PEREIRA DA SILVA,Ressarcimento deputado Samuel Dantas 19578-81.2025,5288.83
2025,9,339039,2025NE003978,2025OB009275,SAMUEL PEREIRA DA SILVA,Ressarcimento deputado Samuel Dantas 19578-81.2025,27097.3
2025,9,339030,2025NE003785,2025OB008261,THIAGO BUHRER,Ressarcimento deputado Thiago Buhrer 18581-34.2025,730.93
2025,9,339039,2025NE003787,2025OB008262,THIAGO BUHRER,Ressarcimento deputado Thiago Buhrer 18581-34.2025,19000.0
2025,9,339039,2025NE003779,2025OB008239,TITO LÍVIO BARICHELLO,Ressa.Deput.Tito Barichello.Prot.18300-55.2025,10916.0
2025,9,339039,2025NE003796,2025OB008286,TITO LÍVIO BARICHELLO,Ressarcimento deputado Tito Barrichelo 18785-55.2025,1911.26
2025,9,339033,2025NE003795,2025OB008287,TITO LÍVIO BARICHELLO,Ressarcimento Deputado Tito Barrichelo 18785-55.2025,127.9
2025,9,339039,2025NE003931,2025OB009085,TITO LÍVIO BARICHELLO,Ressarcimento deputado Tito Barrichelo 19507-58.2025,14637.0
2025,9,339030,2025NE003930,2025OB009086,TITO LÍVIO BARICHELLO,Ressarcimento deputado Tito Barrichelo 19507-58.2025,3584.07
2025,9,339039,2025NE004028,2025OB009298,TITO LÍVIO BARICHELLO,"Ressarc. Dep. Tito Barichello, 19807-09.2025",81.7
2025,9,339030,2025NE004027,2025OB009300,TITO LÍVIO BARICHELLO,"Ressarc. Dep. Tito Barichello, 19807-09.2025",944.22
2025,9,339039,2025NE004017,2025OB009301,TITO LÍVIO BARICHELLO,Ressa.Deput.Tito Barichello.Prot19698-42.2025,7836.92
2025,9,339030,2025NE004015,2025OB009302,TITO LÍVIO BARICHELLO,Ressa.Tito Barichello.Prot.19698-42.2025,155.47
2025,9,339039,2025NE004067,2025OB009385,TITO LÍVIO BARICHELLO,"Ressarc. Dep. Tito Barichello, 20105-14.2025",7671.92
2025,9,339030,2025NE003908,2025OB008953,WILMAR REICHEMBACH,Ressarcimento Deputado Reichembach 19214-15.2025,2555.03
2025,9,339039,2025NE003910,2025OB008954,WILMAR REICHEMBACH,Ressarcimento deputado Reichembach 19214-15.2025,39263.53
2025,9,339033,2025NE003909,2025OB008955,WILMAR REICHEMBACH,Ressarcimento deputado Reichembach 19214-15.2025,822.49
2026,1,339092,2026NE000177,2026OB000255,ADRIANO JOSE DA SILVA,"Ressarc. Dep. Adriano José, 00745-95.2026",4312.6
2026,1,339093,2026NE000233,2026OB000333,ADRIANO JOSE DA SILVA,"Ressarc. Dep. Soldado Adriano José, 00962-56.2026",33714.16
2026,1,339093,2026NE000035,2026OB000038,ADÃO FERNANDES,Ressa.Deput.Adao Litro.Prot.00222-54.2026,2249.66
2026,1,339092,2026NE000078,2026OB000133,ADÃO FERNANDES,"Ressarc. Dep. Adão LItro, 00142-80.2026",7434.14
2026,1,339093,2026NE000201,2026OB000265,ADÃO FERNANDES,Ressarcimento deputado Adão Litro 00836-63.2026,16943.44
2026,1,339092,2026NE000131,2026OB000179,ALEXANDRE AMARO,"Ressarc. Dep. Alexandre Amaro, 00438-42.2026",10106.73
2026,1,339093,2026NE000211,2026OB000320,ALEXANDRE AMARO,Ressarcimento deputado Alexandre Amaro 00801-38.2026,16306.33
2026,1,339092,2026NE000246,2026OB000339,ALISSON ANTHONY WANDSCHEER,"Ressarc. Dep. Alisson Wandscheer, 00574-56.2026",43595.64
2026,1,339093,2026NE000143,2026OB000193,ANTENOR GOMES DE LIMA,Ressa.Deput.Dr Antenor.Prot.00568-24.2026,28072.52
2026,1,339092,2026NE000046,2026OB000046,ANTONIO ANNIBELLI NETO,"Ressarc. Dep. Antônio Anibelli, 28188-23.2025",3378.11
2026,1,339092,2026NE000163,2026OB000219,ANTONIO ANNIBELLI NETO,"Ressarc. Dep. Anibelli Neto, 00719-21.2026",3485.72
2026,1,339092,2026NE000242,2026OB000335,ANTONIO ANNIBELLI NETO,"Ressarc. Dep. Anibelli Neto, 00807-70.2026",8848.19
2026,1,339093,2026NE000152,2026OB000198,ARILSON MAROLDI CHIORATO,Ressarcimento deputado Arilson Chiorato 00254-63.2026,24344.44
2026,1,339092,2026NE000166,2026OB000207,ARILSON MAROLDI CHIORATO,"Ressarc. Dep. Arilson Chiorato, 00205-28.2026",22015.97
2026,1,339092,2026NE000082,2026OB000108,ARTAGAO DE MATTOS LEÃO JUNIOR,"Ressarc. Dep. Artagão, 00424-32.2026",472.01
2026,1,339092,2026NE000059,2026OB000137,ARTAGAO DE MATTOS LEÃO JUNIOR,"Ressarc. Dep. Artagão, 28024-86.2025",3010.34
2026,1,339092,2026NE000060,2026OB000138,ARTAGAO DE MATTOS LEÃO JUNIOR,"Ressarc. Dep. Artagão, 28024-86.2025",2739.77
2026,1,339092,2026NE000062,2026OB000139,ARTAGAO DE MATTOS LEÃO JUNIOR,"Ressarc. Dep. Artagão, 28024-86.2025",110.0
2026,1,339092,2026NE000063,2026OB000140,ARTAGAO DE MATTOS LEÃO JUNIOR,"Ressarc. Dep. Artagão, 28024-86.2025",164.07
2026,1,339014,2026NE000118,2026OB000164,ARTAGAO DE MATTOS LEÃO JUNIOR,Ressarcimento deputado Artagão 00421-16.2026,3010.34
2026,1,339093,2026NE000121,2026OB000165,ARTAGAO DE MATTOS LEÃO JUNIOR,Ressarcimento deputado Artagão 00421-16.2026,1987.56
2026,1,339092,2026NE000107,2026OB000200,ARTAGAO DE MATTOS LEÃO JUNIOR,"Ressarc. Dep. Artagão, 00318-81.2026",2500.26
2026,1,339092,2026NE000120,2026OB000201,ARTAGAO DE MATTOS LEÃO JUNIOR,"Ressarc. Dep. Artagão, 00318-81.2026",12277.13
2026,1,339093,2026NE000253,2026OB000357,ARTAGAO DE MATTOS LEÃO JUNIOR,Ressarcimento Deputado Artagão 01093-11.2026,3310.92
2026,1,339093,2026NE000266,2026OB000402,ARTAGAO DE MATTOS LEÃO JUNIOR,Ressa.Deput.Artagao.Prot.01212-96.2026,1155.83
2026,1,339014,2026NE000265,2026OB000403,ARTAGAO DE MATTOS LEÃO JUNIOR,Ressa.Deput.Artagao.Prot.01212-96.2026,2257.76
2026,1,339093,2026NE000020,2026OB000044,Aldino Jorge Bueno,Ressa.Dept.Gugu Bueno.prot.00157-63.2026,12814.01
2026,1,339092,2026NE000047,2026OB000047,Aldino Jorge Bueno,"REssarc. Dep. Gugu Bueno, 00085-67.2026",1544.81
2026,1,339092,2026NE000048,2026OB000048,Aldino Jorge Bueno,"Ressarc. Dep. Gugu Bueno, 00085-67.2026",28.75
2026,1,339092,2026NE000049,2026OB000049,Aldino Jorge Bueno,"Ressarc. Dep. Gugu Bueno, 00085-67.2026",339.22
2026,1,339092,2026NE000050,2026OB000050,Aldino Jorge Bueno,"Ressarc. Dep. Gugu Bueno, 00085-67.2026",8000.0
2026,1,339092,2026NE000051,2026OB000051,Aldino Jorge Bueno,"Ressarc. Dep. Gugu Bueno, 00085-67.2026",407.4
2026,1,339093,2026NE000155,2026OB000202,Aldino Jorge Bueno,"Ressarc. Dep. Gugu Bueno, 00723-10.2026",11436.59
2026,1,339092,2026NE000224,2026OB000344,Aldino Jorge Bueno,"Ressarc. Dep. Gugu Bueno, 00887-44.2026",21509.11
2026,1,339093,2026NE000235,2026OB000359,Aldino Jorge Bueno,"Ressarc. Dep. Gugu Bueno, 01120-58.2026",11834.27
2026,1,339092,2026NE000247,2026OB000324,Alexandre Maranhão Curi,"Ressarc. Dep. Alexandre Curi, 00917-10.2026",38991.07
2026,1,339093,2026NE000013,2026OB000028,CLOARA PINHEIRO LIMA,"Ressarc. Dep. Cloara Pinheiro, 00059-90.2026",9306.34
2026,1,339093,2026NE000114,2026OB000167,CLOARA PINHEIRO LIMA,Ressarcimento deputada Cloara 00248-31.2026,5527.24
2026,1,339092,2026NE000134,2026OB000178,CLOARA PINHEIRO LIMA,"Ressarc. Dep. Cloara Pinheiro, 00190-45.2026",3704.92
2026,1,339093,2026NE000144,2026OB000205,CLOARA PINHEIRO LIMA,Ressarcimento deputada Cloara 00698-06.2026,11071.49
2026,1,339093,2026NE000113,2026OB000163,DENIAN COUTO COELHO,Ressarcimento deputado Denian Couto 00404-87.2026,12040.54
2026,1,339092,2026NE000168,2026OB000209,DENIAN COUTO COELHO,"Ressarc. Dep. Denian Couto, 00371-08.2026",2006.9
2026,1,339092,2026NE000169,2026OB000210,DENIAN COUTO COELHO,"Ressarc. Dep. Denian Couto, 00371-08.2026",3936.58
2026,1,339093,2026NE000193,2026OB000268,DENIAN COUTO COELHO,Ressarcimento deputado Denian Couto 00786-55.2026,2446.65
2026,1,339014,2026NE000188,2026OB000269,DENIAN COUTO COELHO,Ressarcimento deputado Denian Couto 00786-55.2026,8529.33
2026,1,339093,2026NE000156,2026OB000203,DEVANIL REGINALDO DA SILVA,"Ressarc. Dep. Cobra Reporter, 00375-94.2026",23500.0
2026,1,339093,2026NE000228,2026OB000341,DEVANIL REGINALDO DA SILVA,"Ressarc. Dep. Cobra Repórter, 00822-53.2026",1350.72
2026,1,339093,2026NE000069,2026OB000145,EVANDRO JOSE DA CRUZ ARAUJO,Ressarcimento deputado Evandro Araújo 00382-02.2026,8207.25
2026,1,339093,2026NE000250,2026OB000405,EVANDRO JOSE DA CRUZ ARAUJO,Ressarcimento deputado Evandro Araújo 00958-67.2026,7130.34
2026,1,339093,2026NE000249,2026OB000406,EVANDRO JOSE DA CRUZ ARAUJO,Ressarcimento deputado Evandro Araújo 00695-87.2026,3351.3
2026,1,339093,2026NE000022,2026OB000045,FABIO OLIVEIRA,Ressarcimento deputado Fábio Oliveira 00425-05.2026,14498.0
2026,1,339093,2026NE000122,2026OB000161,FABIO OLIVEIRA,Ressarcimento Deputado Fábio Oliveira 00564-35.2026,10370.11
2026,1,339092,2026NE000162,2026OB000208,FABIO OLIVEIRA,"Ressarc. Dep. Fabio Oliveira, 00512-81.2026",10814.67
2026,1,339092,2026NE000240,2026OB000361,FABIO OLIVEIRA,"Ressarc. Dep. Fabio Oliveira, 00805-27.2026",2500.0
2026,1,339093,2026NE000010,2026OB000021,FLAVIA CAROLINA RESENDE JABER FRANCISCHINI,"Ressarc. Dep. Flavia Francischini, 00251-47.2026",10000.0
2026,1,339093,2026NE000015,2026OB000029,FLAVIA CAROLINA RESENDE JABER FRANCISCHINI,"Ressarc. Dep. Flavia Francischini, 00133-32.2026",20000.0
2026,1,339093,2026NE000018,2026OB000031,FLAVIA CAROLINA RESENDE JABER FRANCISCHINI,"Ressarc. Dep. Flavia Francischini, 00415-81.2026",9600.0
2026,1,339092,2026NE000073,2026OB000104,FLAVIA CAROLINA RESENDE JABER FRANCISCHINI,"Ressarc. Dep. Flavia Francischini, 00118-49.2026",754.68
2026,1,339092,2026NE000088,2026OB000143,GILSON DE SOUZA,"Ressarc. Dep. Gilson de Souza, 00523-75.2026",2317.94
2026,1,339093,2026NE000130,2026OB000182,GILSON DE SOUZA,Ressa.Deput.Gilson de Souza.Prot.00529-10.2026,27302.08
2026,1,339092,2026NE000070,2026OB000102,HUSSEIN BAKRI,"Ressarc. Dep. Hussein Bakri, 00102-93.2026",7054.51
2026,1,339093,2026NE000116,2026OB000162,HUSSEIN BAKRI,Ressa.Deput.Hussein Bakri.Prot.00585-50.2026,18638.06
2026,1,339093,2026NE000261,2026OB000400,ISABEL CRISTINA RAUEN SILVESTRI,Ressarcimento deputada Cristina Silvestri 00794-33.2026,39305.4
2026,1,339092,2026NE000079,2026OB000131,JORGE GOMES DE OLIVEIRA BRAND,"Ressarc. Dep. Goura, 00165-41.2026",960.09
2026,1,339093,2026NE000260,2026OB000404,JORGE GOMES DE OLIVEIRA BRAND,Ressarcimento deputado Goura 00916-37.2026,11737.58
2026,1,339092,2026NE000075,2026OB000105,JOSE GILBERTO DO CARMO ALVES RIBEIRO,"Ressarc. Dep. Gilberto Ribeiro, 28158-57.2025",7785.27
2026,1,339093,2026NE000137,2026OB000175,JOSE GILBERTO DO CARMO ALVES RIBEIRO,Ressarcimento deputado Gilberto Ribeiro 00426-75.2026,12324.85
2026,1,339092,2026NE000237,2026OB000338,JOSE GILBERTO DO CARMO ALVES RIBEIRO,Ressarc. Dep. GIlberto Ribeiro. 00925-85.2026,653.5
2026,1,339093,2026NE000218,2026OB000342,JOSE GILBERTO DO CARMO ALVES RIBEIRO,Ressarcimento deputado Gilberto Ribeiro 00954-78.2026,19072.91
2026,1,339093,2026NE000287,2026OB000407,JOSE GILBERTO DO CARMO ALVES RIBEIRO,Ressarcimento Deputado Gilberto Ribeiro 01261-34.2026,12988.25
2026,1,339092,2026NE000165,2026OB000218,JOSE RODRIGUES LEMOS,"Ressarc. Dep. Prof. Lemos, 00735-74.2026",3733.13
2026,1,339092,2026NE000245,2026OB000332,JOSE RODRIGUES LEMOS,"Ressarc. Dep. Professor Lemos, 00729-42.2026",16948.98
2026,1,339093,2026NE000044,2026OB000041,Jairo Tamura,Ressa.Deput.Jairo tamura.Prot.00255-36.2026,15105.44
2026,1,339092,2026NE000089,2026OB000107,Jairo Tamura,"Ressarc. Dep. Jairo Tamura, 00250-74.2026",5075.05
2026,1,339093,2026NE000234,2026OB000358,Jairo Tamura,"Ressarc. Dep. Jairo Tamura, 01060-29.2026",11116.01
2026,1,339093,2026NE000087,2026OB000100,LEONIDAS FAVERO NETO,Ressarcimento Deputado Dr. Leônidas 00418-97.2026,18979.98
2026,1,339092,2026NE000164,2026OB000211,LEONIDAS FAVERO NETO,"Ressarc. Dep. Dr. LEonidas, 00513-54.2026",19396.74
2026,1,339093,2026NE000280,2026OB000410,LEONIDAS FAVERO NETO,Ressarcimento Deputado Dr. Leônidas 01198-86.2026,23022.27
2026,1,339092,2026NE000119,2026OB000199,LUCIANA GUZELLA RAFAGNIN,"Ressarc. Dep. Luciana Rafagnin, 00110-71.2026",12054.36
2026,1,339092,2026NE000241,2026OB000337,LUCIANA GUZELLA RAFAGNIN,"Ressarc. Dep. Luciana Rafagnin, 00661-35.2026",6347.41
2026,1,339093,2026NE000288,2026OB000409,LUCIANA GUZELLA RAFAGNIN,Ressarcimento deputada Luciana Rafagnin 00956-24.2026,7988.29
2026,1,339093,2026NE000126,2026OB000181,MABEL CORA CANTO,Ressa.Deput.Mabel Canto.Prot.00598-87.2026,3255.57
2026,1,339093,2026NE000149,2026OB000206,MABEL CORA CANTO,Ressarcimento deputada Mabel Canto 00622-21.2026,15133.02
2026,1,339092,2026NE000084,2026OB000101,MARCIO JOSE PACHECO RAMOS,"Ressarc. Dep. Marcio Pacheco, 00145-96.2026",10491.99
2026,1,339092,2026NE000080,2026OB000106,MARCIO JOSE PACHECO RAMOS,"Ressarc. Dep. Marcio PAcheco, 00182-67.2026",8974.64
2026,1,339093,2026NE000202,2026OB000267,MARCIO JOSE PACHECO RAMOS,Ressarcimento deputado Márcio Pacheco 00988-33.2026,7350.0
2026,1,339093,2026NE000248,2026OB000360,MARCIO JOSE PACHECO RAMOS,"Ressarc. Dep. Marcio Pacheco, 01048-62.2026",4500.0
2026,1,339014,2026NE000011,2026OB000025,MARIA VICTORIA BORGHETTI BARROS,"Ressarc. Dep. Maria Victoria, 00220-11.2026",4327.36
2026,1,339093,2026NE000012,2026OB000026,MARIA VICTORIA BORGHETTI BARROS,"Ressarc. Dep. Maria Victoria, 00220-11.2026",12746.12
2026,1,339014,2026NE000014,2026OB000027,MARIA VICTORIA BORGHETTI BARROS,"Ressarc. Dep. Maria Victoria, 00246-85.2026",1899.21
2026,1,339092,2026NE000076,2026OB000136,MARIA VICTORIA BORGHETTI BARROS,"Ressarc. Dep. Maria Victoria, 00422-86.2026",5054.46
2026,1,339092,2026NE000085,2026OB000168,MARIA VICTORIA BORGHETTI BARROS,"Ressarc. Dep. Maria VIctoria, 00337-53.2026",5479.76
2026,1,339093,2026NE000100,2026OB000169,MARIA VICTORIA BORGHETTI BARROS,"Ressarc. Dep. Maria Victoria, 00337-53.2026",773.77
2026,1,339093,2026NE000157,2026OB000204,MARIA VICTORIA BORGHETTI BARROS,"Ressarc. Dep. Maria Victoria, 00764-67.2026",4012.75
2026,1,339093,2026NE000042,2026OB000039,MARILEI DE SOUZA LIMA,Ressarcimento Deputada Cantora Mara Lima 00108-28.2026,15104.92
2026,1,339092,2026NE000081,2026OB000109,MARILEI DE SOUZA LIMA,"Ressarc. Dep. Mara Lima, 00092-72.2026",12685.3
2026,1,339093,2026NE000217,2026OB000343,MARILEI DE SOUZA LIMA,Ressarcimento deputada Cantora Mara Lima 00939-95.2026,13320.25
2026,1,339093,2026NE000254,2026OB000401,MARILEI DE SOUZA LIMA,Ressa.Deput.Cantora Mara Lima.Prot.00583-07.2026,10499.76
2026,1,339093,2026NE000210,2026OB000321,MARLY PAULINO FAGUNDES,Ressarcimento deputada Marly Paulino 00789-71.2026,35128.52
2026,1,339092,2026NE000092,2026OB000142,MATHEUS VELOSO MARIA,"Ressarc. Dep. Matheus Vermelho, 00509-65.2026",4297.84
2026,1,339093,2026NE000135,2026OB000176,MATHEUS VELOSO MARIA,Ressarcimento Deputado Matheus Vermelho 00602-76.2026,30455.43
2026,1,339092,2026NE000160,2026OB000197,MAURICIO THADEU DE MELLO E SILVA,"Ressarc. Dep. Requião Filho, 00660-62.2026",2661.35
2026,1,339093,2026NE000127,2026OB000180,MOACYR ELIAS FADEL JUNIOR,Ressa.Deput.Moacyr Fadel.Prot.00563-62.2026,12450.0
2026,1,339093,2026NE000159,2026OB000194,MOACYR ELIAS FADEL JUNIOR,"Ressarc. Dep. Moacyr Fadel, 00672-29.2026",15649.59
2026,1,339092,2026NE000239,2026OB000362,MOACYR ELIAS FADEL JUNIOR,"Ressarc. Dep. Moacyr Fadel, 00818-64.2026",3509.79
2026,1,339093,2026NE000031,2026OB000043,Marcelo Rangel Cruz de Oliveira,"Ressarc. Dep. Marcelo Rangel, 00185-83.2026",10749.9
2026,1,339092,2026NE000071,2026OB000103,Marcelo Rangel Cruz de Oliveira,"Ressarc. Dep. Marcelo Rangel, 00188-02.2026",5038.47
2026,1,339092,2026NE000057,2026OB000134,Marcelo Rangel Cruz de Oliveira,"Ressarc. Dep. Marcelo Rangel, 27912-06.2025",53.15
2026,1,339092,2026NE000058,2026OB000135,Marcelo Rangel Cruz de Oliveira,"Ressarc. Dep. Marcelo Rangel, 27912-06.2025",4500.0
2026,1,339093,2026NE000153,2026OB000192,Marcelo Rangel Cruz de Oliveira,Ressarcimento deputado Marcelo Rangel 00581-61.2026,10600.0
2026,1,339092,2026NE000273,2026OB000408,NEY LEPREVOST NETO,"Ressarc. Dep. Ney Leprevost, 00838-09.2026",23003.84
2026,1,339093,2026NE000032,2026OB000037,OZIEL LUIZ DE SOUZA,"Ressarc. Dep. Batatinha, 00156-90.2026",6920.32
2026,1,339093,2026NE000034,2026OB000040,OZIEL LUIZ DE SOUZA,Ressarcimento deputado Batatinha 00048-96.2026,8320.0
2026,1,339092,2026NE000072,2026OB000141,OZIEL LUIZ DE SOUZA,"Ressarc. Dep. Batattinha, 00040-21.2026",6393.49
2026,1,339093,2026NE000086,2026OB000146,OZIEL LUIZ DE SOUZA,Ressarcimento deputado Batatinha 00121-65.2026,8863.8
2026,1,339093,2026NE000158,2026OB000195,OZIEL LUIZ DE SOUZA,"Ressarc. Dep. Batatinha, 00654-30.2026",5116.74
2026,1,339093,2026NE000043,2026OB000042,PAULO ROBERTO MOREIRA GOMES JUNIOR,"Ressarc. Dep. Paulo Gomes, 00193-61.2026",32108.91
2026,1,339093,2026NE000150,2026OB000196,PEDRO PAULO BAZANA,Ressarcimento Deputado Bazana 00667-67.2026,21004.72
2026,1,339092,2026NE000243,2026OB000336,PEDRO PAULO BAZANA,"Ressarc. Dep. Bazana, 00665-24.2026",7318.58
2026,1,339092,2026NE000091,2026OB000099,RENATO DE ALMEIDA FREITAS JUNIOR,"Ressarc. Dep. Renato Freitas, 00103-66.2026",24165.15
2026,1,339092,2026NE000054,2026OB000110,RENATO DE ALMEIDA FREITAS JUNIOR,"Ressarc. Dep. Renato Freitas, 00099-77.2026",262.37
2026,1,339092,2026NE000055,2026OB000111,RENATO DE ALMEIDA FREITAS JUNIOR,"Ressarc. Dep. Renato Freitas, 00099-77.2026",4000.0
2026,1,339092,2026NE000132,2026OB000183,RENATO DE ALMEIDA FREITAS JUNIOR,"Ressarc. Dep. Renato Freitas, 00105-12.2026",18001.68
2026,1,339093,2026NE000255,2026OB000399,RENATO DE ALMEIDA FREITAS JUNIOR,Ressa.Deput.Renato Freitas.Prot.00809-16.2026,4609.05
2026,1,339092,2026NE000056,2026OB000132,RICARDO ARRUDA NUNES,"Ressarc. Dep. Ricardo Arruda, 00088-83.2026",5268.08
2026,1,339093,2026NE000154,2026OB000212,RICARDO ARRUDA NUNES,"Ressarc. Dep. Ricardo Arruda, 00792-87.2026",23000.0
2026,1,339092,2026NE000238,2026OB000363,SAMUEL PEREIRA DA SILVA,"Ressarc. Dep. Samuel Dantas, 00628-53.2026",63859.22
2026,1,339092,2026NE000244,2026OB000334,TERCILIO LUIZ TURINI,"Ressarc. Dep. Tercilio Turini, 00771-72.2026",20219.13
2026,1,339092,2026NE000133,2026OB000177,THIAGO BUHRER,"Ressarc. Dep. Thiago Buhrer, 28141-31.2025",33437.84
2026,1,339092,2026NE000077,2026OB000144,TITO LÍVIO BARICHELLO,"Ressarc. Dep. Tito Barichello, 00070-84.2026",11308.02
2026,1,339093,2026NE000112,2026OB000166,TITO LÍVIO BARICHELLO,Ressarcimento deputado Tito Barrichelo 00398-55.2026,18873.44
2026,1,339093,2026NE000216,2026OB000340,TITO LÍVIO BARICHELLO,Ressarcimento deputado Tito Barrichello 00977-39.2026,7142.6
2026,1,339092,2026NE000209,2026OB000322,WILMAR REICHEMBACH,"Ressarc. Dep. Wilmar Reichembach, 00722-37.2026",16751.94
2026,2,339092,2026NE000454,2026OB001263,ADEMAR LUIZ TRAIANO,"Ressarc. Dep. Ademar Traiano, 01236-30.2026",32738.56
2026,2,339092,2026NE000475,2026OB001281,ADEMAR LUIZ TRAIANO,"Ressarc. Dep. Ademar Traiano, 02257-11.2026",628.0
2026,2,339093,2026NE000501,2026OB001403,ADEMAR LUIZ TRAIANO,Ressa.Deput.Ademar traiano.Prot.01927-94.2026,32916.71
2026,2,339093,2026NE000283,2026OB000413,ADRIANO JOSE DA SILVA,Ressarcimento Deputado Soldado Adriano 01161-18.2026,4045.24
2026,2,339093,2026NE000401,2026OB000964,ADRIANO JOSE DA SILVA,Ressarcimento Deputado Soldado Adriano 01454-61.2026,2806.75
2026,2,339093,2026NE000496,2026OB001399,ADRIANO JOSE DA SILVA,Ressarcimento deputado Soldado Adriano 02148-44.2026,21005.76
2026,2,339093,2026NE000547,2026OB001498,ADRIANO JOSE DA SILVA,"Ressarc. Dep. Adriano José, 02600-62.2026",2101.0
2026,2,339093,2026NE000395,2026OB000962,ADÃO FERNANDES,Ressarcimento Deputado Adão Litro 01402-10.2026,16869.28
2026,2,339093,2026NE000516,2026OB001428,ADÃO FERNANDES,"Ressarc. Dep. Adão Litro, 02230-61.2026",5098.49
2026,2,339093,2026NE000554,2026OB001508,ADÃO FERNANDES,Ressarcimento deputado Adão Litro 02677-20.2026,17672.15
2026,2,339092,2026NE000420,2026OB001149,ALEXANDRE AMARO,"Ressarc. Dep. Alexandre Amaro, 01293-43.2026",595.7
2026,2,339093,2026NE000430,2026OB001192,ALEXANDRE AMARO,Ressarcimento Deputado Alexandre Amaro 01652-50.2026,9853.33
2026,2,339093,2026NE000530,2026OB001469,ALEXANDRE AMARO,Ressarcimento Deputado Alexandre Amaro 02365-05.2026,14013.19
2026,2,339093,2026NE000548,2026OB001499,ALEXANDRE AMARO,"Ressarc. Dep. Alexandre Amaro, 02712-45.2026",1966.62
2026,2,339093,2026NE000425,2026OB001193,ALISSON ANTHONY WANDSCHEER,Ressarcimento Deputado Alison Wandscheer 01979-48.2026,38787.25
2026,2,339030,2025NE000905,2026OB001591,ALISSON ANTHONY WANDSCHEER,Ressarcimento.Deput.Alisson Wandscheer.prot.04112-78.2025,5652.37
2026,2,339039,2025NE000906,2026OB001592,ALISSON ANTHONY WANDSCHEER,Ressarcimento.Deput.Alisson Wandscheer.Prot.04112-78.2025,35947.0
2026,2,339092,2026NE000424,2026OB001150,ANA JULIA PIRES RIBEIRO,"Ressarc. Dep. Ana Julia, 01295-86.2026",18865.63
2026,2,339093,2026NE000485,2026OB001301,ANA JULIA PIRES RIBEIRO,Ressa.Deput.Ana Julia.Prot.02272-91.2026,6703.17
2026,2,339093,2026NE000393,2026OB000953,ANTENOR GOMES DE LIMA,"Ressarc. Dep. Dr. Antenor, 01439-78.2026",11131.37
2026,2,339093,2026NE000592,2026OB001576,ANTENOR GOMES DE LIMA,Ressa.Deput.Antenor.Prot.02591-14.2026,27496.24
2026,2,339093,2026NE000381,2026OB000959,ANTONIO ANNIBELLI NETO,Ressarcimento Deputado Anibeli 01789-37.2026,44143.6
2026,2,339093,2026NE000558,2026OB001509,ANTONIO ANNIBELLI NETO,Ressa.Deput.Anibelli Neto.Prot.02688-14.2026,2859.74
2026,2,339093,2026NE000591,2026OB001579,ANTONIO ANNIBELLI NETO,Ressa.Deput.Anibelli.Prot.02755-48.2026,1195.61
2026,2,339093,2026NE000355,2026OB000924,ARILSON MAROLDI CHIORATO,Ressarcimento deputado Arilson Chiorato 01731-51.2026,4091.21
2026,2,339093,2026NE000445,2026OB001196,ARILSON MAROLDI CHIORATO,Ressa.Deput.Arilson Chiorato.Prot.01763-60.2026,28613.24
2026,2,339014,2026NE000391,2026OB000949,ARTAGAO DE MATTOS LEÃO JUNIOR,"Ressarc. Dep. Artagão, 01616-52.2026",3762.93
2026,2,339093,2026NE000392,2026OB000950,ARTAGAO DE MATTOS LEÃO JUNIOR,"Ressarc. Dep. Artagão, 01616-52.2026",3193.88
2026,2,339093,2026NE000466,2026OB001260,ARTAGAO DE MATTOS LEÃO JUNIOR,"Ressarc. Dep. Artagão, 02089-85.2026",780.72
2026,2,339093,2026NE000490,2026OB001306,ARTAGAO DE MATTOS LEÃO JUNIOR,Ressarcimento deputado Artagão 02101-52.2026,5812.36
2026,2,339014,2026NE000489,2026OB001307,ARTAGAO DE MATTOS LEÃO JUNIOR,Ressarcimento Deputado Artagão 02101-52.2026,2257.76
2026,2,339014,2026NE000549,2026OB001500,ARTAGAO DE MATTOS LEÃO JUNIOR,"Ressarc. Dep. Artagão, 02612-29.2026",2257.76
2026,2,339093,2026NE000550,2026OB001501,ARTAGAO DE MATTOS LEÃO JUNIOR,"Ressarc. Dep. Artagão Junior, 02612-29.2026",3324.14
2026,2,339014,2026NE000595,2026OB001574,ARTAGAO DE MATTOS LEÃO JUNIOR,"Ressarc. Dep. Artagão, 02823-55.2026",2257.76
2026,2,339093,2026NE000594,2026OB001575,ARTAGAO DE MATTOS LEÃO JUNIOR,"Ressarc. Dep. Artagão, 02823-55.2026",3671.31
2026,2,339093,2026NE000374,2026OB000927,Aldino Jorge Bueno,"Ressarc. Dep. Gugu Bueno, 01761-17.2026",20284.11
2026,2,339093,2026NE000444,2026OB001221,Aldino Jorge Bueno,"Ressarc. Dep. Gugu Bueno, 02292-36.2026",5924.1
2026,2,339093,2026NE000461,2026OB001262,Aldino Jorge Bueno,Ressarcimento Deputado gugu Bueno 02342-44.2026,2842.64
2026,2,339093,2026NE000515,2026OB001427,Aldino Jorge Bueno,"Ressarc. Dep. Gugu Bueno, 02642-92.2026",6122.65
2026,2,339093,2026NE000426,2026OB001151,Alexandre Maranhão Curi,"Ressarc. Dep. Alexandre Curi, 02192-20.2026",28023.38
2026,2,339093,2026NE000324,2026OB000539,CLOARA PINHEIRO LIMA,Ressa.Deput.Cloara.Prot.01414-74.2026,10600.0
2026,2,339093,2026NE000398,2026OB000943,CLOARA PINHEIRO LIMA,Ressarcimento Deputada Cloara 01460-93.2026,7376.77
2026,2,339093,2026NE000504,2026OB001405,CLOARA PINHEIRO LIMA,Ressarcimento Deputada Cloara 02190-74.2026,21933.13
2026,2,339093,2026NE000589,2026OB001578,CLOARA PINHEIRO LIMA,Ressarcimento deputada Cloara 02703-94.2026,11064.89
2026,2,339093,2026NE000402,2026OB000948,DENIAN COUTO COELHO,Ressarcimento Deputado Denian Couto 01410-85.2026,1016.9
2026,2,339093,2026NE000535,2026OB001466,DENIAN COUTO COELHO,"Ressarc. Dep. Denian Couto, 02394-95.2026",11660.52
2026,2,339092,2026NE000285,2026OB000415,DEVANIL REGINALDO DA SILVA,"Ressarc. Dep. Cobra Reporter, 01155-83.2026",2205.24
2026,2,339093,2026NE000411,2026OB001058,DEVANIL REGINALDO DA SILVA,Ressa.Deput.Cobra Reporter.Prot.01471-87.2026,9217.86
2026,2,339093,2026NE000432,2026OB001156,DEVANIL REGINALDO DA SILVA,"Ressarc. Dep. Cobra Reporter, 01829-24.2026",4133.5
2026,2,339093,2026NE000531,2026OB001463,DEVANIL REGINALDO DA SILVA,"Ressarc. Dep. Cobra Repórter, 02377-69.2026",25827.16
2026,2,339093,2026NE000409,2026OB001057,EVANDRO JOSE DA CRUZ ARAUJO,Ressa.Deput.Evandro Araujo.Prot.01458-50.2026,10098.75
2026,2,339093,2026NE000499,2026OB001402,EVANDRO JOSE DA CRUZ ARAUJO,Ressarcimento deputado Evandro Araújo 02164-97.2026,14471.55
2026,2,339093,2026NE000604,2026OB001623,EVANDRO JOSE DA CRUZ ARAUJO,Ressarcimento deputado Evandro Araújo 02838-38.2026,7716.54
2026,2,339093,2026NE000360,2026OB000922,FABIO OLIVEIRA,"Ressarc. Dep. Fabio Oliveira, 01583-70.2026",9376.44
2026,2,339093,2026NE000405,2026OB000944,FABIO OLIVEIRA,Ressarcimento Deputado Fabio Oliveira 01375-60.2026,12250.08
2026,2,339092,2026NE000419,2026OB001152,FABIO OLIVEIRA,"Ressarc. Dep. Fabio Oliveira, 01416-20.2026",1107.75
2026,2,339093,2026NE000479,2026OB001392,FABIO OLIVEIRA,Ressa.Deput.Fabio Oliveira.Prot.02074-25.2026,5737.48
2026,2,339093,2026NE000561,2026OB001512,FABIO OLIVEIRA,"Ressarc. Dep. Fabio Oliveira, 02350-22.2026",7371.48
2026,2,339093,2026NE000353,2026OB000821,FLAVIA CAROLINA RESENDE JABER FRANCISCHINI,Ressarcimento Deputada Flávia Francischini 01748-77.2026,743.01
2026,2,339093,2026NE000352,2026OB000822,FLAVIA CAROLINA RESENDE JABER FRANCISCHINI,Ressarcimento deputada Flávia Francischini 01752-66.2026,10000.0
2026,2,339093,2026NE000369,2026OB000823,FLAVIA CAROLINA RESENDE JABER FRANCISCHINI,"Ressarc. Dep. Flavia Francischini, 01650-07.2026",20000.0
2026,2,339093,2026NE000431,2026OB001095,FLAVIA CAROLINA RESENDE JABER FRANCISCHINI,"Ressarc. Dep. Flavia Francischini, 02213-35.2026",10000.0
2026,2,339093,2026NE000406,2026OB000952,GILSON DE SOUZA,Ressa.Deput.Gilson de Souza.Prot.01613-36.2026,9287.72
2026,2,339093,2026NE000468,2026OB001257,GILSON DE SOUZA,Ressa.Deput.Gilson de souza.Prot.02346-33.2026,14809.4
2026,2,339093,2026NE000383,2026OB000960,HUSSEIN BAKRI,Ressarcimento deputado Hussein Bakri 01445-13.2026,14974.89
2026,2,339093,2026NE000491,2026OB001304,HUSSEIN BAKRI,Ressarcimento deputado Hussein Bakri 02489-52.2026,20010.38
2026,2,339093,2026NE000500,2026OB001398,ISABEL CRISTINA RAUEN SILVESTRI,"Ressarc. Dep. Cristina Silvestri, 02320-56.2026",1104.75
2026,2,339092,2026NE000513,2026OB001419,ISABEL CRISTINA RAUEN SILVESTRI,"Ressarc. Dep. Cristina Silvestri, 02310-35.2026",1611.67
2026,2,339093,2026NE000415,2026OB001056,JORGE GOMES DE OLIVEIRA BRAND,Ressarcimento Deputado Goura 01393-59.2026,19639.28
2026,2,339093,2026NE000523,2026OB001431,JORGE GOMES DE OLIVEIRA BRAND,"Ressarc. Dep. Goura, 02112-46.2026",14010.91
2026,2,339092,2026NE000410,2026OB001059,JOSE APARECIDO JACOVOS,"Ressarc. Dep. Jacovos, 00768-56.2026",56638.91
2026,2,339014,2026NE000521,2026OB001426,JOSE GILBERTO DO CARMO ALVES RIBEIRO,"Ressarc. Dep. Gilberto Ribeiro, 02151-60.2026",752.59
2026,2,339093,2026NE000522,2026OB001429,JOSE GILBERTO DO CARMO ALVES RIBEIRO,"Ressarc. Dep. Gilberto Ribeiro, 02151-60.2026",20432.44
2026,2,339093,2026NE000559,2026OB001511,JOSE GILBERTO DO CARMO ALVES RIBEIRO,Ressarcimento Deputado Gilberto Ribeiro 02708-56.2026,12042.15
2026,2,339093,2026NE000308,2026OB000443,JOSE RODRIGUES LEMOS,"Ressarc. Dep. Professor Lemos, 01301-21.2026",8500.0
2026,2,339093,2026NE000319,2026OB000541,JOSE RODRIGUES LEMOS,Ressarcimento deputado Professor Lemos 01373-17.2026,7727.65
2026,2,339093,2026NE000390,2026OB000946,JOSE RODRIGUES LEMOS,"Ressarc. Dep. Professor Lemos, 01609-47.2026",22834.44
2026,2,339093,2026NE000596,2026OB001573,JOSE RODRIGUES LEMOS,"Ressarc. Dep. Professor LEmos, 02780-52.2026",16360.0
2026,2,339093,2026NE000380,2026OB000957,Jairo Tamura,Ressarcimento Deputado Jairo Tamura 01654-93.2026,3217.16
2026,2,339092,2026NE000413,2026OB001061,Jairo Tamura,"Ressarc. Dep. Jairo Tamura, 01785-48.2026",709.8
2026,2,339093,2026NE000492,2026OB001305,Jairo Tamura,Ressarcimento deputado Jairo Tamura 02298-68.2026,1940.92
2026,2,339093,2026NE000524,2026OB001432,Jairo Tamura,"Ressarc. Dep. Jairo Tamura, 02369-91.2026",21184.29
2026,2,339093,2026NE000557,2026OB001506,Jairo Tamura,Ressarcimento Deputado Jairo Tamura 02624-93.2026,8945.5
2026,2,339092,2026NE000286,2026OB000416,LEONIDAS FAVERO NETO,"Ressarc. Dep. Dr. Leonidas, 00946-03.2026",1171.22
2026,2,339093,2026NE000520,2026OB001430,LEONIDAS FAVERO NETO,"Ressarc. Dep. Dr. Leonidas, 02237-66.2026",25877.61
2026,2,339093,2026NE000598,2026OB001621,LEONIDAS FAVERO NETO,"Ressarc. Dep. Dr. Leonidas, 02716-34.2026",7543.42
2026,2,339093,2026NE000328,2026OB000754,LUCIANA GUZELLA RAFAGNIN,Ressa.Deput.Luciana Rafagnin.Prot.01346-67.2026,9540.98
2026,2,339093,2026NE000386,2026OB000961,LUCIANA GUZELLA RAFAGNIN,Ressa.Deput.Luciana rafagnin.Prot.01449-02.2026,8123.39
2026,2,339092,2026NE000453,2026OB001218,LUCIANA GUZELLA RAFAGNIN,"Ressarc. Dep. Luciana Rafagnin, 01924-78.2026",199.9
2026,2,339093,2026NE000446,2026OB001220,LUCIANA GUZELLA RAFAGNIN,Ressa.Deput.Luciana Rafagnin.Prot.02059-22.2026,8923.6
2026,2,339093,2026NE000534,2026OB001468,LUCIANA GUZELLA RAFAGNIN,Ressarcimento deputada Luciana Rafagnin 02340-98.2026,8321.99
2026,2,339093,2026NE000593,2026OB001571,LUCIANA GUZELLA RAFAGNIN,Ressarcimento deputada Luciana Rafagnin 02784-41.2026,10860.07
2026,2,339014,2026NE000427,2026OB001153,LUIS RAIMUNDO CORTI,"Ressarc. Dep. Luis Corti, 01905-09.2026",1003.45
2026,2,339093,2026NE000428,2026OB001154,LUIS RAIMUNDO CORTI,"Ressarc. Dep. Luis Corti, 01905-09.2026",17131.67
2026,2,339092,2026NE000455,2026OB001264,LUIS RAIMUNDO CORTI,"Ressarc. Dep. Luiz Corti, 01903-63.2026",26841.49
2026,2,339092,2026NE000474,2026OB001283,LUIS RAIMUNDO CORTI,"Ressarc. Dep. Luis COrti, 02319-83.2026",13211.42
2026,2,339092,2026NE000509,2026OB001415,LUIS RAIMUNDO CORTI,"Ressarc. Dep. Luis Corti, 02373-80.2026",504.29
2026,2,339092,2026NE000510,2026OB001416,LUIS RAIMUNDO CORTI,"Ressarc. Dep. Luis Corti, 02373-80.2026",2759.49
2026,2,339092,2026NE000511,2026OB001417,LUIS RAIMUNDO CORTI,"Ressarc. Dep. Luis Corti, 02351-92.2026",10819.29
2026,2,339092,2026NE000512,2026OB001418,LUIS RAIMUNDO CORTI,"Ressarc. Dep. Luis Corti, 02351-92.2026",557.48
2026,2,339093,2026NE000317,2026OB000538,LUIZ CLAUDIO ROMANELLI,Ressarcimento deputado Romaneli 01390-43.2026,1132.65
2026,2,339093,2026NE000400,2026OB000963,LUIZ CLAUDIO ROMANELLI,Ressa.Deput.Romanelli.Prot.01788-64.2026,43003.24
2026,2,339093,2026NE000464,2026OB001258,LUIZ CLAUDIO ROMANELLI,"Ressarc. Dep. Romanelli, 02113-19.2026",1405.25
2026,2,339093,2026NE000517,2026OB001425,LUIZ CLAUDIO ROMANELLI,"Ressarc. Dep. Romanelli, 02215-78.2026",16456.91
2026,2,339093,2026NE000311,2026OB000429,LUIZ FERNANDO GUERRA FILHO,"Ressarc. Dep. Luiz Fernando Guerra,01285-65.2026",4023.36
2026,2,339093,2026NE000518,2026OB001424,LUIZ FERNANDO GUERRA FILHO,"Ressarc. Dep. Guerra, 01463-12.2026",8258.46
2026,2,339093,2026NE000497,2026OB001400,MABEL CORA CANTO,Ressarcimento deputada Mabel Canto 02256-38.2026,3701.41
2026,2,339093,2026NE000539,2026OB001467,MABEL CORA CANTO,"Ressarc. Dep. Mabel Canto, 02259-54.2026",9731.39
2026,2,339092,2026NE000313,2026OB000444,MARCIA CECILIA HUÇULAK,"Ressarc. Dep. Marcia Huçulak, 00775-61.2026",17608.53
2026,2,339092,2026NE000314,2026OB000445,MARCIA CECILIA HUÇULAK,"Ressarc. Dep. Marcia Huçulak, 00775-61.2026",752.58
2026,2,339093,2026NE000508,2026OB001413,MARCIA CECILIA HUÇULAK,Ressarcimento deputada Márcia Huçulak 02146-98.2026,32063.5
2026,2,339014,2026NE000506,2026OB001414,MARCIA CECILIA HUÇULAK,Ressarcimento Diárias para o exercício de atividade parlamentar Deputada Márcia Huçulak 02146-98.2026,3010.34
2026,2,339014,2026NE000537,2026OB001471,MARCIA CECILIA HUÇULAK,Ressarcimento Diárias Deputada Marcia Huçulak 02601-35.2026,1254.3
2026,2,339093,2026NE000538,2026OB001472,MARCIA CECILIA HUÇULAK,Ressarcimento deputada Márcia Huçulak 02601-35.2026,30750.33
2026,2,339093,2026NE000309,2026OB000447,MARCIO JOSE PACHECO RAMOS,Ressarcimento Deputado Márcio Pacheco 00996-11.2026,10252.97
2026,2,339093,2026NE000329,2026OB000542,MARCIO JOSE PACHECO RAMOS,Ressa.Deput.Marcio Pacheco.Prot.01389-70.2026,5765.02
2026,2,339093,2026NE000502,2026OB001396,MARCIO JOSE PACHECO RAMOS,"Ressarc. Dep. Marcio Pacheco, 02212-62.2026",13772.53
2026,2,339093,2026NE000498,2026OB001401,MARCIO JOSE PACHECO RAMOS,Ressarcimento deputado Márcio Pacheco 01923-08.2026,4777.53
2026,2,339093,2026NE000553,2026OB001504,MARCIO JOSE PACHECO RAMOS,Ressarcimento deputado Márcio Pacheco 02599-89.2026,12209.69
2026,2,339092,2026NE000563,2026OB001513,MARCIO JOSE PACHECO RAMOS,"Ressarc. Dep. Marcio Pacheco, 02559-05.2026",1001.97
2026,2,339093,2026NE000389,2026OB000947,MARIA VICTORIA BORGHETTI BARROS,"Ressarc. Dep. Maria Victoria, 01540-67.2026",1343.2
2026,2,339093,2026NE000382,2026OB000958,MARIA VICTORIA BORGHETTI BARROS,Ressarcimento deputada Maria Victoria 01813-68.2026,5602.76
2026,2,339093,2026NE000442,2026OB001194,MARIA VICTORIA BORGHETTI BARROS,"Ressarc. Dep. Maria Victoria, 02143-82.2026",12341.83
2026,2,339093,2026NE000440,2026OB001217,MARIA VICTORIA BORGHETTI BARROS,"Ressarc. Dep. Maria Victoria, 02142-12.2026",6400.0
2026,2,339093,2026NE000465,2026OB001259,MARIA VICTORIA BORGHETTI BARROS,"Ressarc. Dep. Maria Victoria, 02413-67.2026",4000.0
2026,2,339093,2026NE000590,2026OB001580,MARIA VICTORIA BORGHETTI BARROS,Ressa.Deput.Maria Victoria.Prot.02771-04.2026,2808.32
2026,2,339093,2026NE000605,2026OB001624,MARIA VICTORIA BORGHETTI BARROS,"Ressarc. Dep Maria Victoria, 02964-31.2026",3630.0
2026,2,339092,2026NE000274,2026OB000418,MARILEI DE SOUZA LIMA,"Ressarc. Dep. Mara Lima, 00948-46.2026",1910.99
2026,2,339093,2026NE000359,2026OB000923,MARILEI DE SOUZA LIMA,"Ressarc. Dep. Mara LIma, 01766-76.2026",5363.13
2026,2,339093,2026NE000396,2026OB000955,MARILEI DE SOUZA LIMA,"Ressarc. Dep. Mara Lima, 01638-40.2026",1678.6
2026,2,339092,2026NE000477,2026OB001279,MARILEI DE SOUZA LIMA,"Ressarc. Dep. Cantora Mara Lima, 02080-37.2026",1520.0
2026,2,339014,2026NE000525,2026OB001421,MARILEI DE SOUZA LIMA,"Ressarc. Dep. Mara Lima, 02200-95.2026",752.59
2026,2,339093,2026NE000526,2026OB001422,MARILEI DE SOUZA LIMA,"Ressarc. Dep. Mara Lima, 02200-95.2026",21788.56
2026,2,339093,2026NE000282,2026OB000414,MAURICIO THADEU DE MELLO E SILVA,Ressarcimento deputado Requião Filho 00693-44.2026,26823.98
2026,2,339093,2026NE000318,2026OB000535,MAURICIO THADEU DE MELLO E SILVA,Ressarcimento deputado Requião Filho 01380-22.2026,4176.18
2026,2,339093,2026NE000443,2026OB001197,MAURICIO THADEU DE MELLO E SILVA,Ressarcimento deputado Requião Filho 02159-38.2026,32335.22
2026,2,339093,2026NE000356,2026OB000920,MOACYR ELIAS FADEL JUNIOR,Ressarcimento deputado Moacyr Fadel 01628-19.2026,8748.44
2026,2,339093,2026NE000388,2026OB000945,MOACYR ELIAS FADEL JUNIOR,"Ressarc. Dep. Moacyr Fadel, 01644-72.2026",8240.0
2026,2,339092,2026NE000412,2026OB001060,MOACYR ELIAS FADEL JUNIOR,"Ressarc. Dep. Moacyr Fadel, 01839-45.2026",1887.6
2026,2,339093,2026NE000552,2026OB001505,MOACYR ELIAS FADEL JUNIOR,Ressarcimento Deputado Moacyr Fadel 02139-93.2026,10111.0
2026,2,339093,2026NE000555,2026OB001507,MOACYR ELIAS FADEL JUNIOR,Ressarcimento deputado Moacyr Fdael 02263-43.2026,18906.02
2026,2,339093,2026NE000387,2026OB000951,Marcelo Rangel Cruz de Oliveira,"REssarc. Dep. Marcelo Rangel, 01461-66.2026",5120.36
2026,2,339093,2026NE000394,2026OB000954,Marcelo Rangel Cruz de Oliveira,"Ressarc. Dep. Marcelo Rangel, 01640-83.2026",20580.0
2026,2,339093,2026NE000467,2026OB001261,Marcelo Rangel Cruz de Oliveira,"Ressarc. Dep. Marcelo Rangel, 02194-63.2026",188.47
2026,2,339093,2026NE000482,2026OB001303,Marcelo Rangel Cruz de Oliveira,Ressa.Deput.Marcelo Rangel.Prot.02155-49.2026,558.28
2026,2,339014,2026NE000404,2026OB001062,Mauro Rafael Moraes e Silva,"Ressarc. Dep. Mauro MOraes, 01639-13.2026",7024.12
2026,2,339092,2026NE000478,2026OB001282,Mauro Rafael Moraes e Silva,"Ressarc. Dep. Mauro Moraes, 02124-13.2026",1096.45
2026,2,339092,2026NE000473,2026OB001302,Mauro Rafael Moraes e Silva,"Ressarc. Dep. Mauro Moraes, 02123-40.2026",2400.0
2026,2,339092,2026NE000514,2026OB001420,Mauro Rafael Moraes e Silva,"Ressarc. Dep. Mauro MOraes, 02121-94.2026",33349.99
2026,2,339014,2026NE000544,2026OB001495,Mauro Rafael Moraes e Silva,"Ressarc. Dep. Mauro Moraes, 02669-42.2026",7024.12
2026,2,339093,2026NE000546,2026OB001497,Mauro Rafael Moraes e Silva,"Ressarc. Dep. Mauro Moraes, 02282-15.2026",19800.0
2026,2,339093,2026NE000484,2026OB001300,NELSON ROBERTO PLACIDO SILVA JUSTUS,Ressa.Deput.Nelson Justus.Prot.02273-64.2026,30000.0
2026,2,339093,2026NE000495,2026OB001397,NEY LEPREVOST NETO,Ressa.Deput.Ney Leprevost.Prot.01799-58.2026,40147.27
2026,2,339093,2026NE000325,2026OB000537,OZIEL LUIZ DE SOUZA,Ressa.Deput.batatinha.prot.01399-91.2026,2845.04
2026,2,339093,2026NE000358,2026OB000921,OZIEL LUIZ DE SOUZA,"Ressarc. Dep. Batatinha, 01664-17.2026",9540.01
2026,2,339093,2026NE000417,2026OB001195,OZIEL LUIZ DE SOUZA,Ressarcimento Deputado Batatinha 01796-42.2026,5718.25
2026,2,339093,2026NE000519,2026OB001423,OZIEL LUIZ DE SOUZA,"Ressarc. Dep. Batatinha, 02285-31.2026",16310.5
2026,2,339093,2026NE000603,2026OB001622,OZIEL LUIZ DE SOUZA,Ressarcimentom deputado Batatinha 02980-84.2026,5502.02
2026,2,339014,2026NE000397,2026OB001393,PAULO ROBERTO MOREIRA GOMES JUNIOR,"Ressarc. Dep. Paulo Gomes, 01896-58.2026",6271.53
2026,2,339093,2026NE000399,2026OB001394,PAULO ROBERTO MOREIRA GOMES JUNIOR,"Ressarc. Dep. Paulo Gomes, 01896-58.2026",18304.65
2026,2,339093,2026NE000503,2026OB001395,PAULO ROBERTO MOREIRA GOMES JUNIOR,"Ressarc. Dep. Paulo Gomes, 02137-50.2026",9431.58
2026,2,339092,2026NE000528,2026OB001461,PAULO ROBERTO MOREIRA GOMES JUNIOR,"Ressarc. Dep. Paulo Gomes, 02141-39.2026",21800.46
2026,2,339092,2026NE000529,2026OB001462,PAULO ROBERTO MOREIRA GOMES JUNIOR,"Ressarc. Dep. Paulo Gomes, 02141-39.2026",6271.54
2026,2,339092,2026NE000476,2026OB001280,PEDRO PAULO BAZANA,"Ressarc. Dep. Bazana, 02044-39.2026",604.93
2026,2,339093,2026NE000481,2026OB001299,PEDRO PAULO BAZANA,Ressarcimento deputado Bazana 02041-23.2026,10394.07
2026,2,339093,2026NE000536,2026OB001470,PEDRO PAULO BAZANA,Ressarcimento Deputado Bazana 02043-66.2026,36036.4
2026,2,339093,2026NE000281,2026OB000417,RENATO DE ALMEIDA FREITAS JUNIOR,Ressarcimento Deputado Renato Freitas 00803-81.2026,18515.43
2026,2,339092,2026NE000339,2026OB000475,RENATO DE ALMEIDA FREITAS JUNIOR,"Ressarc. Dep. Renato Freitas, 00644-09.2026",7970.33
2026,2,339093,2026NE000321,2026OB000536,RENATO DE ALMEIDA FREITAS JUNIOR,Ressarcimento deputado Renato Freitas 01384-11.2026,16470.89
2026,2,339093,2026NE000429,2026OB001155,RENATO DE ALMEIDA FREITAS JUNIOR,"Ressarc. Dep. Renato Freitas, 01946-66.2026",1359.5
2026,2,339093,2026NE000545,2026OB001496,RENATO DE ALMEIDA FREITAS JUNIOR,"Ressarc. Dep. Renato Freitas, 02617-88.2026",11149.0
2026,2,339093,2026NE000560,2026OB001510,RENATO DE ALMEIDA FREITAS JUNIOR,"Ressarc. Dep. Renato Freitas, 02615-45.2026",2837.8
2026,2,339093,2026NE000588,2026OB001577,RENATO DE ALMEIDA FREITAS JUNIOR,Ressarcimento Deputado Renato Freitas 02622-50.2026,5590.7
2026,2,339093,2026NE000459,2026OB001387,RICARDO ARRUDA NUNES,Ressarcimento deputado Ricardo Arruda 02308-89.2026,16576.0
2026,2,339093,2026NE000403,2026OB001388,RICARDO ARRUDA NUNES,Ressarcimento Deputado Ricardo Arruda 01455-34.2026,11746.38
2026,2,339093,2026NE000433,2026OB001219,SAMUEL PEREIRA DA SILVA,Ressarcimento deputado Samuel Dantas 02136-77.2026,43975.4
2026,2,339093,2026NE000486,2026OB001298,TERCILIO LUIZ TURINI,Ressarcimento Deputado Tercílio Turini 01961-49.2026,36292.78
2026,2,339093,2026NE000587,2026OB001572,THIAGO BUHRER,Ressarcimento Deputado Thiago Buhrer 01999-90.2026,40675.84
2026,2,339093,2026NE000310,2026OB000442,TITO LÍVIO BARICHELLO,"Ressarc. Dep. Tito Barichello, 01289-54.2026",5119.99
2026,2,339093,2026NE000307,2026OB000446,TITO LÍVIO BARICHELLO,"Ressarc. Dep. Tito Barichello, 01240-19.2026",5429.46
2026,2,339093,2026NE000434,2026OB001198,TITO LÍVIO BARICHELLO,Ressarcimento Deputado Tito Barichello 01868-38.2026,11538.55
2026,2,339093,2026NE000532,2026OB001464,TITO LÍVIO BARICHELLO,"Ressarc. Dep. Tito Barichello, 01855-98.2026",2063.04
2026,2,339093,2026NE000533,2026OB001465,TITO LÍVIO BARICHELLO,"Ressarc. Dep. Tito Barichello, 02637-33.2026",9750.0
2026,2,339093,2026NE000483,2026OB001404,WILMAR REICHEMBACH,Ressarcimento Deputado Reichembach 02050-71.2026,44158.0
2026,3,339093,2026NE000819,2026OB002220,ADEMAR LUIZ TRAIANO,"Ressarc. Dep. Ademar Traiano, 03836-58.2026",32824.68
2026,3,339093,2026NE000625,2026OB001687,ADRIANO JOSE DA SILVA,Ressarcimento deputado Soldado Adriano 02950-21.2026,27811.06
2026,3,339093,2026NE000726,2026OB002032,ADRIANO JOSE DA SILVA,Ressarcimento deputado Soldado Adriano 03703-60.2026,20264.85
2026,3,339093,2026NE000895,2026OB002494,ADRIANO JOSE DA SILVA,Ressarcimento depuatado Soldado Adriano 04643-94.2026,20055.71
2026,3,339093,2026NE000626,2026OB001683,ADÃO FERNANDES,"REssarc. Dep. Adão Litro, 03138-86.2026",15689.55
2026,3,339093,2026NE000639,2026OB001734,ADÃO FERNANDES,Ressa.Deput.Adao Fernandes.Prot.03009-77.2026,1325.79
2026,3,339093,2026NE000649,2026OB001742,ADÃO FERNANDES,Ressa.Deput.Adao Fernandes.prot.03197-45.2026,1350.0
2026,3,339093,2026NE000859,2026OB002279,ADÃO FERNANDES,"Ressarc. Dep. Adão Litro, 03991-44.2026",4319.64
2026,3,339093,2026NE000930,2026OB002539,ADÃO FERNANDES,Ressarcimento deputado Adão Litro 04752-61.2026,18035.25
2026,3,339093,2026NE000716,2026OB001956,ALEXANDRE AMARO,Ressarcimento deputado Alexandre Amaro 03344-53.2026,13958.19
2026,3,339093,2026NE000967,2026OB002652,ALEXANDRE AMARO,Ressarcimento deputado Alexaandre Amaro 04788-59.2026,4189.47
2026,3,339093,2026NE000873,2026OB002385,ALISSON ANTHONY WANDSCHEER,Ressarcimento deputado Alisson Wandscheer 04045-41.2026,43624.29
2026,3,339093,2026NE000624,2026OB001682,ANA JULIA PIRES RIBEIRO,"Ressarc. Dep. Ana Julia, 02467-64.2026",18698.98
2026,3,339093,2026NE000728,2026OB002033,ANA JULIA PIRES RIBEIRO,Ressarcimento deputada Ana Júlia 02464-48.2026,16535.32
2026,3,339014,2026NE000727,2026OB002034,ANA JULIA PIRES RIBEIRO,Ressarcimento Deputada Ana Júlia 02464-48.2026,11288.7
2026,3,339093,2026NE000780,2026OB002099,ANA JULIA PIRES RIBEIRO,"Ressarc. Dep. Ana Julia, 03784-07.2026",25819.93
2026,3,339014,2026NE000779,2026OB002100,ANA JULIA PIRES RIBEIRO,"Ressarc. Dep. Ana Julia, 03784-07.2026",8919.53
2026,3,339093,2026NE000812,2026OB002189,ANTENOR GOMES DE LIMA,"Ressarc. Dep. Dr. Antenor, 03832-69.2026",12709.45
2026,3,339093,2026NE000876,2026OB002379,ANTENOR GOMES DE LIMA,Ressa.Deput.Antenor Gomes.Prot.04422-47.2026,28261.23
2026,3,339093,2026NE000690,2026OB001816,ANTONIO ANNIBELLI NETO,"Ressarc. Dep. Anibelli, 03273-30.2026",2110.55
2026,3,339093,2026NE000782,2026OB002095,ANTONIO ANNIBELLI NETO,Ressarcimento deputado Anibeli 03712-11.2026,35283.55
2026,3,339093,2026NE000805,2026OB002197,ANTONIO ANNIBELLI NETO,"Ressarc. Dep. Anibelli, 04027-42.2026",2808.91
2026,3,339093,2026NE000867,2026OB002286,ANTONIO ANNIBELLI NETO,"Ressarc. Dep. Anibelli, 04456-02.2026",2797.86
2026,3,339093,2026NE000920,2026OB002497,ANTONIO ANNIBELLI NETO,"Ressarc. Dep. Anibelli Neto, 04789-32.2026",1648.66
2026,3,339093,2026NE000948,2026OB002548,ANTONIO ANNIBELLI NETO,"Ressarc. Dep. Anibelli, 04848-88.2026",1666.34
2026,3,339093,2026NE000655,2026OB001744,ARILSON MAROLDI CHIORATO,Ressarcimento Deputado Arilson Chiorato 02973-79.2026,22234.91
2026,3,339093,2026NE000739,2026OB002043,ARILSON MAROLDI CHIORATO,Ressarcimento deputado Arilson Chiorato 03490-88.2026,7912.81
2026,3,339093,2026NE000751,2026OB002055,ARILSON MAROLDI CHIORATO,Ressarcimento deputado Arolson Chiorato 03495-50.2026,14029.65
2026,3,339014,2026NE000884,2026OB002391,ARILSON MAROLDI CHIORATO,"Ressarc. Dep. Arilson Chiorato, 04613-31.2026",2452.88
2026,3,339093,2026NE000892,2026OB002454,ARILSON MAROLDI CHIORATO,Ressa.Deput.Arilson Chiorato.Prot.04102-54.2026,18672.34
2026,3,339093,2026NE000951,2026OB002555,ARILSON MAROLDI CHIORATO,Ressarcimento deputado Arilson Chiorato 04573-44.2026,9030.29
2026,3,339093,2026NE000660,2026OB001753,ARTAGAO DE MATTOS LEÃO JUNIOR,"Ressarc. Dep. Artagão, 03298-34.2026",3046.37
2026,3,339014,2026NE000658,2026OB001754,ARTAGAO DE MATTOS LEÃO JUNIOR,"Ressarc. Dep. Artagão, 03298-34.2026",3762.93
2026,3,339093,2026NE000777,2026OB002101,ARTAGAO DE MATTOS LEÃO JUNIOR,"Ressarc. Dep. Artagão, 03873-29.2026",3429.31
2026,3,339014,2026NE000775,2026OB002102,ARTAGAO DE MATTOS LEÃO JUNIOR,"Ressarc. Dep. Artagão, 03873-29.2026",2257.76
2026,3,339014,2026NE000956,2026OB002552,ARTAGAO DE MATTOS LEÃO JUNIOR,"Ressarc. Dep. Artagão, 04436-57.2026",4766.37
2026,3,339093,2026NE000957,2026OB002553,ARTAGAO DE MATTOS LEÃO JUNIOR,"Ressarc. Dep. Artagão, 04436-57.2026",3875.55
2026,3,339014,2026NE000965,2026OB002590,ARTAGAO DE MATTOS LEÃO JUNIOR,Ressa.Deput.Artagao junior.Prot.04813-63.2026,2257.76
2026,3,339093,2026NE000966,2026OB002591,ARTAGAO DE MATTOS LEÃO JUNIOR,Ressa.Deput.Artagao Junior.Prot.04813-63.2026,4048.1
2026,3,339093,2026NE000633,2026OB001730,Aldino Jorge Bueno,"Ressarc. Dep. Gugu Bueno, 03308-55.2026",12284.11
2026,3,339093,2026NE000653,2026OB001749,Aldino Jorge Bueno,Ressarcimento deputado Gugu Bueno 03290-56.2026,7007.46
2026,3,339093,2026NE000794,2026OB002080,Aldino Jorge Bueno,Ressarcimento deputado Gugu Bueno 04167-45.2026,10480.23
2026,3,339093,2026NE000922,2026OB002503,Aldino Jorge Bueno,Ressarcimento deputado Gugu Bueno 04757-23.2026,11107.18
2026,3,339093,2026NE000959,2026OB002589,Aldino Jorge Bueno,"Ressarc. Dep. Gugu Bueno, 04818-25.2026",19936.87
2026,3,339093,2026NE000745,2026OB002049,Alexandre Maranhão Curi,"REssarc. Dep. Alexandre Curi, 03833-42.2026",28367.11
2026,3,339093,2026NE000636,2026OB001733,CLOARA PINHEIRO LIMA,Ressa.Deput.Cloara Pinheiro.Prot.0328-81.2026,10600.0
2026,3,339093,2026NE000678,2026OB001820,CLOARA PINHEIRO LIMA,Ressa.Deput.Cloara Pinheiro.Prot.03434-48.2026,10500.0
2026,3,339093,2026NE000708,2026OB001952,CLOARA PINHEIRO LIMA,Ressarcimento Deputada Cloara 03482-13.2026,10238.82
2026,3,339093,2026NE000746,2026OB002050,CLOARA PINHEIRO LIMA,"Ressarc. Dep. Cloara Pinheiro, 03829-53.2026",5259.15
2026,3,339093,2026NE000862,2026OB002275,CLOARA PINHEIRO LIMA,"Ressarc. Dep. Cloara Pinheiro, 04407-64.2026",10000.0
2026,3,339014,2026NE000712,2026OB001953,DENIAN COUTO COELHO,Ressarcimento deputado Denian Couto 03553-36.2026,9281.88
2026,3,339093,2026NE000714,2026OB001954,DENIAN COUTO COELHO,Ressarcimento deputado Denian Couto 03553-36.2026,12966.81
2026,3,339093,2026NE000833,2026OB002221,DENIAN COUTO COELHO,Ressa.Deput.Denian Couto.Prot.04217-53.2026,11780.42
2026,3,339093,2026NE000865,2026OB002283,DENIAN COUTO COELHO,"Ressarc. Dep. Denian Couto, 04217-53.2026",0.1
2026,3,339014,2026NE000923,2026OB002501,DENIAN COUTO COELHO,Ressa.Deput.Denian Couto.Prot.04564-93.2026,6271.55
2026,3,339093,2026NE000924,2026OB002502,DENIAN COUTO COELHO,Ressa.Deput.Denian Couto.Prot.04564-93.2026,5802.6
2026,3,339093,2026NE000663,2026OB001755,DEVANIL REGINALDO DA SILVA,"Ressarc. Dep. Cobra Repórter, 03333-59.2026",4260.16
2026,3,339093,2026NE000691,2026OB001822,DEVANIL REGINALDO DA SILVA,Ressarcimento Deputado Cobra Repórter 03206-93.2026,15051.24
2026,3,339093,2026NE000837,2026OB002236,DEVANIL REGINALDO DA SILVA,Ressarcimento Deputado Cobra Repórter 04142-41.2026,29201.22
2026,3,339093,2026NE000929,2026OB002538,DEVANIL REGINALDO DA SILVA,Ressa.Deput.Cobra Reporter.Prot.04785-43.2026,506.96
2026,3,339093,2026NE000621,2026OB001689,EVANDRO JOSE DA CRUZ ARAUJO,Ressarcimento Deputado Evandro Araújo 03153-69.2026,9073.17
2026,3,339093,2026NE000781,2026OB002094,EVANDRO JOSE DA CRUZ ARAUJO,Ressarcimento Deputado Evandro Araújo 03821-75.2026,5478.21
2026,3,339093,2026NE000864,2026OB002284,EVANDRO JOSE DA CRUZ ARAUJO,Ressarcimento Deputado Evandro Araújo 04364-61.2026,6221.72
2026,3,339093,2026NE000950,2026OB002556,EVANDRO JOSE DA CRUZ ARAUJO,Ressarcimento deputado Evandro Araújo 04853-50.2026,12216.87
2026,3,339093,2026NE000627,2026OB001685,FABIO OLIVEIRA,Ressarcimento Deputado Fábio Oliveira 03008-07.2026,9587.46
2026,3,339093,2026NE000698,2026OB001874,FABIO OLIVEIRA,"Ressarc. Dep. Fabio Oliveira, 03310-98.2026",10639.89
2026,3,339093,2026NE000707,2026OB001964,FABIO OLIVEIRA,"Ressarc. Dep. Fabio Oliveira, 03208-39.2026",17136.03
2026,3,339093,2026NE000821,2026OB002219,FABIO OLIVEIRA,Ressa.Deput.Fabio Oliveira.Prot.03949-14.2026,7601.68
2026,3,339093,2026NE000875,2026OB002383,FABIO OLIVEIRA,Ressarcimento deputado Fábio Oliveira 04413-96.2026,6599.38
2026,3,339093,2026NE000953,2026OB002554,FABIO OLIVEIRA,Ressarcimento deputado Fábio Oliveira 04840-13.2026,3346.58
2026,3,339093,2026NE000634,2026OB001731,FLAVIA CAROLINA RESENDE JABER FRANCISCHINI,"Ressarc. Dep. Flavia Francischini, 03342-10.2026",10343.31
2026,3,339093,2026NE000635,2026OB001732,FLAVIA CAROLINA RESENDE JABER FRANCISCHINI,"Ressarc. Dep. Flavia Francischini, 03340-64.2026",490.07
2026,3,339093,2026NE000674,2026OB001810,FLAVIA CAROLINA RESENDE JABER FRANCISCHINI,"Ressarc. Dep. Flavia Francischini, 03496-23.2026",10000.0
2026,3,339093,2026NE000675,2026OB001811,FLAVIA CAROLINA RESENDE JABER FRANCISCHINI,"Ressarc. Dep. Flavia Francischini, 03554-09.2026",21500.0
2026,3,339093,2026NE000676,2026OB001812,FLAVIA CAROLINA RESENDE JABER FRANCISCHINI,"Ressarc. Dep. Flavia Francischini, 03556-52.2026",100.0
2026,3,339093,2026NE000628,2026OB001729,GILSON DE SOUZA,Ressa.Deput.Gilson de souza.Prot.03201-34.2026,16389.61
2026,3,339093,2026NE000807,2026OB002193,GILSON DE SOUZA,Ressarcimento Deputado Gilson de Souza 04064-13.2026,13246.61
2026,3,339093,2026NE000969,2026OB002654,GILSON DE SOUZA,Ressarcimento deputado Gilson de Souza 05103-90.2026,25771.42
2026,3,339093,2026NE000687,2026OB001818,HUSSEIN BAKRI,Ressarcimento deputado Hussein Bakri 03341-37.2026,13729.24
2026,3,339093,2026NE000841,2026OB002233,HUSSEIN BAKRI,Ressarcimento deputado Hussein Bakri 04283-17.2026,19161.65
2026,3,339093,2026NE000986,2026OB002656,HUSSEIN BAKRI,Ressa.Deput.Hussein Bakri.Prot.04901-15.2026,22990.22
2026,3,339093,2026NE000617,2026OB001649,ISABEL CRISTINA RAUEN SILVESTRI,Ressarcimento Deputada Cristina Silvestri 02701-51.2026,40187.44
2026,3,339093,2026NE000871,2026OB002381,ISABEL CRISTINA RAUEN SILVESTRI,"Ressarc. Dep. Cristina Silvestri, 04551-56.2026",1800.0
2026,3,339093,2026NE000771,2026OB002103,JORGE GOMES DE OLIVEIRA BRAND,Ressa.Deput.Goura.Prot.03547-04.2026,28326.49
2026,3,339014,2026NE000860,2026OB002280,JORGE GOMES DE OLIVEIRA BRAND,"Ressarc. Dep. Goura, 04106-43.2026",2006.88
2026,3,339093,2026NE000861,2026OB002281,JORGE GOMES DE OLIVEIRA BRAND,"Ressarc. Dep. Goura, 04106-43.2026",12587.71
2026,3,339093,2026NE000620,2026OB001688,JOSE APARECIDO JACOVOS,Ressarcimento Deputado Jacovós 02100-79.2026,29448.75
2026,3,339093,2026NE000622,2026OB001690,JOSE GILBERTO DO CARMO ALVES RIBEIRO,Ressarcimento deputado Gilberto Ribeiro 03149-80.2026,11269.78
2026,3,339093,2026NE000705,2026OB001951,JOSE GILBERTO DO CARMO ALVES RIBEIRO,Ressarcimento Deputado Gilberto Ribeiro 03581-56.2026,10442.98
2026,3,339093,2026NE000725,2026OB002031,JOSE GILBERTO DO CARMO ALVES RIBEIRO,"Ressarc. Dep. Gilberto Ribeiro, 03699-71.2026",7690.0
2026,3,339093,2026NE000828,2026OB002223,JOSE GILBERTO DO CARMO ALVES RIBEIRO,Ressarcimento Deputado Gilberto Ribeiro 04230-90.2026,9875.46
2026,3,339093,2026NE000921,2026OB002500,JOSE GILBERTO DO CARMO ALVES RIBEIRO,Ressa.Deput.Gilberto Ribeiro.Prot.04724-41.2026,15061.96
2026,3,339093,2026NE000689,2026OB001815,JOSE RODRIGUES LEMOS,"Ressarc. Dep. Professor Lemos, 03327-27.2026",18000.0
2026,3,339093,2026NE000820,2026OB002216,JOSE RODRIGUES LEMOS,Ressarcimento deputado Professor Lemos 04052-46.2026,15215.66
2026,3,339093,2026NE000874,2026OB002384,JOSE RODRIGUES LEMOS,Ressarcimento deputado Professor Lemos 04550-83.2026,7987.15
2026,3,339093,2026NE000983,2026OB002655,JOSE RODRIGUES LEMOS,Ressa.Deput.Prof Lemos.Prot.05145-23.2026,13600.0
2026,3,339093,2026NE000679,2026OB001814,Jairo Tamura,"Ressarc. Dep. Jairo Tamura, 03345-26.2026",12142.82
2026,3,339093,2026NE000719,2026OB001958,Jairo Tamura,"Ressarc. Dep. Jairo Tamura, 03424-27.2026",7488.0
2026,3,339093,2026NE000839,2026OB002234,Jairo Tamura,Ressarcimento deputado Jairo Tamura 04061-94.2026,8940.67
2026,3,339093,2026NE000863,2026OB002282,Jairo Tamura,"Ressarc. Dep. Jairo Tamura, 04321-58.2026",5870.59
2026,3,339093,2026NE000980,2026OB002651,Jairo Tamura,Ressa.Deput.Jairo Tamura.Prot.05023-19.2026,5600.26
2026,3,339093,2026NE000615,2026OB001647,LEONIDAS FAVERO NETO,"Ressarc. Dep. Dr. Leonidas, 03031-65.2026",9262.79
2026,3,339093,2026NE000704,2026OB001966,LEONIDAS FAVERO NETO,"Ressarc. Dep. Leonidas, 03493-07.2026",2340.56
2026,3,339093,2026NE000808,2026OB002198,LEONIDAS FAVERO NETO,"Ressarc. Dep. Leonidas, 03986-82.2026",23808.85
2026,3,339093,2026NE000885,2026OB002390,LEONIDAS FAVERO NETO,"Ressarc. Dep. Dr. Leonidas, 04469-39.2026",11921.65
2026,3,339093,2026NE000937,2026OB002540,LEONIDAS FAVERO NETO,"Ressarc. Dep. Leonidas, 04844-02.2026",9023.06
2026,3,339093,2026NE000637,2026OB001737,LUCIANA GUZELLA RAFAGNIN,Ressarcimento Deputada Luciana Rafagnin 03209-12.2026,9291.06
2026,3,339093,2026NE000750,2026OB002056,LUCIANA GUZELLA RAFAGNIN,Ressarcimento Deputada Luciana Rafagnin 03549-47.2026,11936.61
2026,3,339093,2026NE000817,2026OB002217,LUCIANA GUZELLA RAFAGNIN,Ressarcimento deputada Luciana Rafagnin 03993-87.2026,8492.93
2026,3,339093,2026NE000869,2026OB002322,LUCIANA GUZELLA RAFAGNIN,Ressarcimento deputada Luciana Rafagnin 04352-94.2026,15115.03
2026,3,339093,2026NE000958,2026OB002550,LUCIANA GUZELLA RAFAGNIN,Ressarcimento deputada Luciana Rafagnin 04759-66.2026,8388.34
2026,3,339093,2026NE000616,2026OB001648,LUIS RAIMUNDO CORTI,"Ressarc. Dep. Luis Corti, 02671-85.2026",2749.72
2026,3,339014,2026NE000723,2026OB002029,LUIS RAIMUNDO CORTI,"Ressarc. Dep. Luis Corti, 03613-65.2026",8278.46
2026,3,339093,2026NE000724,2026OB002030,LUIS RAIMUNDO CORTI,"Ressarc. Dep. Luis Corti, 03613-65.2026",10154.95
2026,3,339093,2026NE000804,2026OB002195,LUIS RAIMUNDO CORTI,"Ressarc. Dep. Luis Corti, 04094-76.2026",5178.03
2026,3,339014,2026NE000803,2026OB002196,LUIS RAIMUNDO CORTI,"Ressarc. Dep. Luis Corti, 04094-76.2026",4515.51
2026,3,339014,2026NE000917,2026OB002498,LUIS RAIMUNDO CORTI,Ressa.Deput.Luis Corti.Prot.04577-33.2026,9783.59
2026,3,339093,2026NE000926,2026OB002499,LUIS RAIMUNDO CORTI,Ressa.Deput.Luis Corti.prot.04577-33.2026,21691.78
2026,3,339093,2026NE000972,2026OB002649,LUIS RAIMUNDO CORTI,"Ressarc. Dep. Luis Corti, 04954-39.2026",6773.65
2026,3,339014,2026NE000971,2026OB002657,LUIS RAIMUNDO CORTI,"Ressarc. Dep. Luis Corti, 04954-39.2026",3010.32
2026,3,339093,2026NE000638,2026OB001738,LUIZ CLAUDIO ROMANELLI,Ressarcimento Deputado Romanelli 03215-44.2026,13500.0
2026,3,339093,2026NE000868,2026OB002323,LUIZ CLAUDIO ROMANELLI,Ressarcimento Deputado Romaneli 04374-82.2026,31026.49
2026,3,339093,2026NE000810,2026OB002190,LUIZ FERNANDO GUERRA FILHO,Ressa.Deput.Guerra.Prot.03826-37.2026,15885.64
2026,3,339093,2026NE000614,2026OB001646,MABEL CORA CANTO,"Ressarc. Dep. Mabel Canto, 03150-53.2026",5000.0
2026,3,339093,2026NE000842,2026OB002235,MABEL CORA CANTO,Ressarcimento deputada Mabel Canto 03969-56.2026,13948.41
2026,3,339093,2026NE000919,2026OB002496,MABEL CORA CANTO,"Ressarc. Dep. Mabel Canto, 03229-54.2026",5900.0
2026,3,339093,2026NE000976,2026OB002650,MABEL CORA CANTO,"Ressarc. Dep. Mabel Canto, 04782-27.2026",10476.0
2026,3,339093,2026NE000793,2026OB002088,MARCIA CECILIA HUÇULAK,"Ressarc. Dep. Marcia Huçulak, 03428-16.2026",1699.32
2026,3,339014,2026NE000791,2026OB002089,MARCIA CECILIA HUÇULAK,"Ressarc. Dep. Marcia Huçulak, 03428-16.2026",4515.5
2026,3,339014,2026NE000943,2026OB002541,MARCIA CECILIA HUÇULAK,Ressa.Deput.Marcia Huçulak.Prot.04134-63.2026,808.34
2026,3,339093,2026NE000945,2026OB002542,MARCIA CECILIA HUÇULAK,Ressa.Deput.Marcia Huçulak.prot.04134-63.2026,32521.4
2026,3,339093,2026NE000703,2026OB001950,MARCIO JOSE PACHECO RAMOS,Ressarcimento deputado Márcio Pacheco 03239-75.2026,16537.0
2026,3,339093,2026NE000743,2026OB002047,MARCIO JOSE PACHECO RAMOS,"Ressarc. Dep. Marcio Pacheco, 03772-40.2026",3000.0
2026,3,339093,2026NE000748,2026OB002052,MARCIO JOSE PACHECO RAMOS,"Ressarc. Dep. Marcio Pacheco, 03701-17.2026",15573.58
2026,3,339093,2026NE000826,2026OB002225,MARCIO JOSE PACHECO RAMOS,"Ressarc. Dep. Marcio Pacheco, 04285-60.2026",1331.91
2026,3,339093,2026NE000834,2026OB002232,MARCIO JOSE PACHECO RAMOS,Ressa.Deput.Marcio Paacheco.Prot.04355-13.2026,158.8
2026,3,339093,2026NE000887,2026OB002389,MARCIO JOSE PACHECO RAMOS,Ressarcimento Deputado Márcio Pacheco 04373-12.2026,14616.65
2026,3,339093,2026NE000677,2026OB001813,MARIA VICTORIA BORGHETTI BARROS,"Ressarc. Dep. Maria Victoria, 03435-21.2026",6685.0
2026,3,339093,2026NE000706,2026OB001965,MARIA VICTORIA BORGHETTI BARROS,"Ressarc. Dep. Maria Victoria, 03572-08.2026",18068.54
2026,3,339093,2026NE000795,2026OB002087,MARIA VICTORIA BORGHETTI BARROS,"Ressarc. Dep. Maria Victória, 04232-36.2026",12530.0
2026,3,339093,2026NE000977,2026OB002646,MARIA VICTORIA BORGHETTI BARROS,"Ressarc. Dep. Maria Victoria, 05014-68.2026",6098.88
2026,3,339093,2026NE000975,2026OB002647,MARIA VICTORIA BORGHETTI BARROS,"Ressarc. Dep. Maria Victoria, 05094-42.2026",1494.92
2026,3,339093,2026NE000654,2026OB001746,MARILEI DE SOUZA LIMA,Ressarcimento deputada Cantora Mara Lima 02782-95.2026,20352.76
2026,3,339093,2026NE000797,2026OB002085,MARILEI DE SOUZA LIMA,"Ressarc. Dep. Mara Lima, 03329-70.2026",17201.74
2026,3,339014,2026NE000796,2026OB002086,MARILEI DE SOUZA LIMA,"Ressarc. Dep. Mara Lima, 03329-70.2026",501.73
2026,3,339093,2026NE000806,2026OB002194,MARILEI DE SOUZA LIMA,Ressarcimento deputada Cantora Mara Lima 03937-47.2026,15864.57
2026,3,339093,2026NE000825,2026OB002226,MARILEI DE SOUZA LIMA,"Ressarc. Dep. Mara Lima, 03962-51.2026",3615.17
2026,3,339093,2026NE000886,2026OB002392,MARILEI DE SOUZA LIMA,Ressarcimento deputada Cantora Mara Lima 04439-73.2026,2907.37
2026,3,339093,2026NE000968,2026OB002653,MARILEI DE SOUZA LIMA,Ressarcimento Deputada Cantora Mara Lima 04955-12.2026,3619.51
2026,3,339093,2026NE000680,2026OB001819,MARLY PAULINO FAGUNDES,Ressa.Deput.Marly Paulino.Prot.03401-66.2026,5000.0
2026,3,339093,2026NE000686,2026OB001821,MARLY PAULINO FAGUNDES,Ressarcimento Deputada Marly Paulino 03217-87.2026,34173.33
2026,3,339093,2026NE000612,2026OB001645,MATHEUS VELOSO MARIA,"Ressarc. Dep. Matheus Vermelho, 02628-82.2026",40911.82
2026,3,339093,2026NE000894,2026OB002456,MATHEUS VELOSO MARIA,Ressa.Deput.Matheus Veloso.Prot.04115-91.2026,37733.01
2026,3,339093,2026NE000640,2026OB001736,MAURICIO THADEU DE MELLO E SILVA,Ressarcimento Deputado Requião Filho 03204-50.2026,10544.12
2026,3,339093,2026NE000840,2026OB002285,MAURICIO THADEU DE MELLO E SILVA,Ressarcimento deputado Requião Filho 03887-39.2026,28991.16
2026,3,339093,2026NE000641,2026OB001735,MOACYR ELIAS FADEL JUNIOR,Ressa.Deput.Moacyr Fadel.Prot.03300-77.2026,9240.0
2026,3,339093,2026NE000701,2026OB001878,MOACYR ELIAS FADEL JUNIOR,"Ressarc. Dep. Moacyr Fadel, 03296-88.2026",8089.89
2026,3,339093,2026NE000835,2026OB002231,MOACYR ELIAS FADEL JUNIOR,Ressa.Deput.Moacyr.Prot.03910-97.2026,17401.91
2026,3,339093,2026NE000870,2026OB002380,MOACYR ELIAS FADEL JUNIOR,"Ressarc. Dep. Moacyr Fadel, 04066-56.2026",13042.57
2026,3,339093,2026NE000925,2026OB002504,MOACYR ELIAS FADEL JUNIOR,Ressarcimento deputado Moacyr Fadel 04753-34.2026,9207.01
2026,3,339093,2026NE000661,2026OB001756,Marcelo Rangel Cruz de Oliveira,"Ressarc. Dep. Marcelo Rangel, 03316-33.2026",21380.0
2026,3,339093,2026NE000688,2026OB001817,Marcelo Rangel Cruz de Oliveira,Ressarcimento deputado Marcelo Rangel 03145-91.2026,9765.37
2026,3,339093,2026NE000715,2026OB001955,Mauro Rafael Moraes e Silva,Ressarcimento deputado Mauro Moraes 03539-26.2026,32500.0
2026,3,339014,2026NE000709,2026OB001963,Mauro Rafael Moraes e Silva,"Ressarc. Dep. Mauro Moraes, 03541-69.2026",2006.89
2026,3,339014,2026NE000744,2026OB002048,Mauro Rafael Moraes e Silva,"Ressarc. Dep. Mauro Moraes, 03538-53.2026",5017.23
2026,3,339093,2026NE000813,2026OB002188,NELSON ROBERTO PLACIDO SILVA JUSTUS,"Ressarc. Dep. Nelson Justus, 04007-97.2026",20000.0
2026,3,339093,2026NE000954,2026OB002557,NELSON ROBERTO PLACIDO SILVA JUSTUS,"Ressarc. Nelson Justus, 04725-14.2026",40500.0
2026,3,339093,2026NE000970,2026OB002648,NELSON ROBERTO PLACIDO SILVA JUSTUS,"Ressarc. Dep. Nelson Justus, 04884-86.2026",10000.0
2026,3,339093,2026NE000759,2026OB002057,NEY LEPREVOST NETO,Ressa.Deput.Ney Leprevost.Prot.03605-87.2026,39784.81
2026,3,339093,2026NE000718,2026OB001959,OZIEL LUIZ DE SOUZA,"Ressarc. Dep. Batatinha, 03502-55.2026",9128.24
2026,3,339093,2026NE000710,2026OB001962,OZIEL LUIZ DE SOUZA,"Ressarc. Dep. Batatinha, 03656-68.2026",10000.0
2026,3,339093,2026NE000800,2026OB002082,OZIEL LUIZ DE SOUZA,"Ressarc. Dep. Batatinha, 04002-38.2026",9960.0
2026,3,339093,2026NE000798,2026OB002084,OZIEL LUIZ DE SOUZA,"Ressarc. Dep. Batatinha, 03894-44.2026",6506.37
2026,3,339093,2026NE000856,2026OB002278,OZIEL LUIZ DE SOUZA,"Ressarc. Dep. Batatinha, 04391-11.2026",7167.9
2026,3,339093,2026NE000644,2026OB001741,PAULO ROBERTO MOREIRA GOMES JUNIOR,Ressarcimento Deputado Paulo Gomes 03276-46.2026,19573.14
2026,3,339014,2026NE000657,2026OB001752,PAULO ROBERTO MOREIRA GOMES JUNIOR,Ressarcimento Deputado Palo Gomes 03276-46.2026,1114.94
2026,3,339093,2026NE000809,2026OB002192,PAULO ROBERTO MOREIRA GOMES JUNIOR,Ressarcimento deputado Paulo Gomes 03891-28.2026,20400.85
2026,3,339093,2026NE000792,2026OB002081,PEDRO PAULO BAZANA,Ressarcimento deputado Bazana 03842-90.2026,31769.4
2026,3,339093,2026NE000818,2026OB002218,PEDRO PAULO BAZANA,Ressa.Deput.Bazana.Prot.03843-63.2026,10094.54
2026,3,339093,2026NE000623,2026OB001728,RENATO DE ALMEIDA FREITAS JUNIOR,Ressa.Deput.Renato Freitas.Prot.03009-77.2026,10900.99
2026,3,339014,2026NE000713,2026OB001960,RENATO DE ALMEIDA FREITAS JUNIOR,"Ressarc. Dep. Renato Freitas, 03565-03.2026",864.09
2026,3,339093,2026NE000711,2026OB001961,RENATO DE ALMEIDA FREITAS JUNIOR,"Ressarc. Dep. Renato Freitas, 03563-57.2026",10649.36
2026,3,339093,2026NE000811,2026OB002191,RENATO DE ALMEIDA FREITAS JUNIOR,Ressa.Deput.Renato freittas.prot.03646-47.2026,5610.42
2026,3,339093,2026NE000872,2026OB002382,RENATO DE ALMEIDA FREITAS JUNIOR,"Ressarc. Dep. Renato Freitas, 04376-28.2026",21149.0
2026,3,339093,2026NE000897,2026OB002495,RENATO DE ALMEIDA FREITAS JUNIOR,Ressarcimento deputado Renato Freitas 04375-55.2026,8604.6
2026,3,339093,2026NE000682,2026OB001870,RICARDO ARRUDA NUNES,Ressa.deput.Ricardo Arruda.Prot.03332-86.2026,27052.13
2026,3,339014,2026NE000684,2026OB001871,RICARDO ARRUDA NUNES,Ressa.Deput.Ricardo Arruda.Prot.03332-86.2026,1728.17
2026,3,339014,2026NE000608,2026OB001872,RICARDO ARRUDA NUNES,"Ressarc. Dep. Ricardo Arruda, 02787-57.2026",6522.38
2026,3,339093,2026NE000610,2026OB001873,RICARDO ARRUDA NUNES,"Ressarc. Dep. Ricardo Arruda, 02787-57.2026",11152.22
2026,3,339093,2026NE000849,2026OB002321,SAMUEL PEREIRA DA SILVA,Ressarcimento deputado Samuel Dantas 03606-60.2026,36268.4
2026,3,339093,2026NE000823,2026OB002215,TERCILIO LUIZ TURINI,Ressarcimento deputado Tercílio Turini 03796-71.2026,35214.32
2026,3,339093,2026NE000883,2026OB002387,THIAGO BUHRER,Ressarcimento deputado Thigo Buhrer 04532-84.2026,32001.04
2026,3,339093,2026NE000722,2026OB001949,TITO LÍVIO BARICHELLO,Ressarcimento Deputado Tito Barrichello 03356-20.2026,14655.14
2026,3,339093,2026NE000717,2026OB001957,TITO LÍVIO BARICHELLO,Ressarcimento deputado Tito Barrichello 03575-24.2026,10158.42
2026,3,339093,2026NE000747,2026OB002051,TITO LÍVIO BARICHELLO,"Ressarc. Dep. Tito Barichello, 03576-94.2026",2492.68
2026,3,339093,2026NE000799,2026OB002083,TITO LÍVIO BARICHELLO,"Ressarc. Dep. Tito Barichello, 03806-92.2026",9860.0
2026,3,339093,2026NE000814,2026OB002187,TITO LÍVIO BARICHELLO,"Ressarc. Dep. Tito Barichello, 04109-59.2026",5373.14
2026,3,339093,2026NE000882,2026OB002388,WILMAR REICHEMBACH,Ressarcimento deputado Reichembch 04446-78.2026,30463.98
2026,4,339093,2026NE001169,2026OB003206,ADEMAR LUIZ TRAIANO,Ressa.Deput.Traiano.Prot.05905-67.2026,39203.57
2026,4,339093,2026NE001056,2026OB002903,ADRIANO JOSE DA SILVA,Ressa.Deput.Soldado Adriano.Prot.05457-38.2026,4986.29
2026,4,339093,2026NE001275,2026OB003387,ADRIANO JOSE DA SILVA,Ressa.Deput.Soldado Adriano.Prot.06497-88.2026,17712.4
2026,4,339093,2026NE001296,2026OB003453,ADRIANO JOSE DA SILVA,Ressarcimento Deputado Adriano José 06564-25.2026,26853.32
2026,4,339093,2026NE001045,2026OB002838,ADÃO FERNANDES,"Ressarc. Dep. Adão Litro, 05435-50.2026",16507.35
2026,4,339093,2026NE001184,2026OB003211,ADÃO FERNANDES,Ressarcimento Deputado Adão Litro 06124-71.2026,5792.24
2026,4,339014,2026NE001185,2026OB003226,ALEXANDRE AMARO,"Ressarc. Dep. Alexandre Amaro, 05633-39.2026",3010.34
2026,4,339093,2026NE001186,2026OB003227,ALEXANDRE AMARO,"Ressarc. Dep. Alexandre Amaro, 05633-39.2026",14893.53
2026,4,339093,2026NE001212,2026OB003250,ALEXANDRE AMARO,Ressarcimento deputado Alexandre Amaro 06167-74.2026,10340.96
2026,4,339014,2026NE000996,2026OB002712,ANA JULIA PIRES RIBEIRO,Ressa.Deput.Ana Julia.Prot.04453-83.2026,2759.49
2026,4,339093,2026NE000998,2026OB002713,ANA JULIA PIRES RIBEIRO,Ressa.Deput.Ana Julia.Prot.04453-83.2026,20456.81
2026,4,339014,2026NE001299,2026OB003441,ANA JULIA PIRES RIBEIRO,Ressa.Deput.Ana Julia.Prot.05913-45.2026,4181.06
2026,4,339093,2026NE001300,2026OB003442,ANA JULIA PIRES RIBEIRO,Ressa.Deput.Ana Julia.Prot.05913-45.2026,21519.84
2026,4,339093,2026NE001140,2026OB003143,ANTENOR GOMES DE LIMA,Ressarcimento deputado Dr. Antenor 05930-71.2026,21841.11
2026,4,339093,2026NE001302,2026OB003449,ANTENOR GOMES DE LIMA,Ressa.Deput.Antenor.Prot.06388-24.2026,9382.97
2026,4,339093,2026NE001037,2026OB002834,ANTONIO ANNIBELLI NETO,Ressarcimento Deputado Anibeli 05329-02.2026,1076.27
2026,4,339093,2026NE001206,2026OB003284,ANTONIO ANNIBELLI NETO,Ressarcimento deputado Anibeli 05925-12.2026,42244.3
2026,4,339093,2026NE001269,2026OB003349,ANTONIO ANNIBELLI NETO,Ressarcimento Deputado Anibeli 06251-37.2026,3206.71
2026,4,339093,2026NE001281,2026OB003390,ANTONIO ANNIBELLI NETO,Ressarcimento deputado Anibeli 06609-71.2026,2766.92
2026,4,339093,2026NE001106,2026OB003090,ARILSON MAROLDI CHIORATO,Ressarcimento Deputado Arilson Chiorato 05513-78.2026,18484.83
2026,4,339093,2026NE001314,2026OB003455,ARILSON MAROLDI CHIORATO,Ressa.Deput.Arilson Chiorato.Prot.06466-52.2026,29083.09
2026,4,339014,2026NE001029,2026OB002826,ARTAGAO DE MATTOS LEÃO JUNIOR,Ressa.Deput.Artagao Junior.Prot.05370-59.2026,2257.76
2026,4,339093,2026NE001031,2026OB002835,ARTAGAO DE MATTOS LEÃO JUNIOR,Ressa.Deput.Artegao Junior.Prot.05370-59.2026,4339.94
2026,4,339014,2026NE001207,2026OB003248,ARTAGAO DE MATTOS LEÃO JUNIOR,Ressa.Deput.Artagao.Prot.06213-93.2026,1254.31
2026,4,339093,2026NE001209,2026OB003249,ARTAGAO DE MATTOS LEÃO JUNIOR,Ressa.Deput.Artagao.Prot.06213-93.2026,1701.7
2026,4,339014,2026NE001211,2026OB003285,ARTAGAO DE MATTOS LEÃO JUNIOR,Ressa.Deput.Artagao.prot.06208-34.2026,2257.76
2026,4,339093,2026NE001222,2026OB003309,ARTAGAO DE MATTOS LEÃO JUNIOR,Ressa.Deput.Artagao.prot.06208-34.2026,3773.87
2026,4,339093,2026NE001025,2026OB002829,Aldino Jorge Bueno,Ressa.Deput.Gugu Beuno.Prot.05473-91.2026,1637.95
2026,4,339093,2026NE001053,2026OB002900,Aldino Jorge Bueno,"Ressarc. Dep. Gugu Bueno, 05728-93.2026",23051.51
2026,4,339093,2026NE001230,2026OB003308,Aldino Jorge Bueno,Ressarcimento deputado Gugu Bueno 06350-80.2026,19570.08
2026,4,339093,2026NE001301,2026OB003440,Aldino Jorge Bueno,Ressa.Deput.Gugu Bueno.Prot.06690-18.2026,1735.16
2026,4,339093,2026NE001262,2026OB003346,Alexandre Maranhão Curi,Ressa.Deput.Alexandre Curi.Prot.06220-98.2026,28912.43
2026,4,339093,2026NE001001,2026OB002711,CLOARA PINHEIRO LIMA,"Ressarc. Dep. Cloara Pinheiro, 05257-06.2026",10600.0
2026,4,339093,2026NE001068,2026OB002909,CLOARA PINHEIRO LIMA,"Ressarc. Dep. Cloara Pinheiro, 05670-10.2026",980.0
2026,4,339093,2026NE001151,2026OB003137,CLOARA PINHEIRO LIMA,Ressa.Deput.Cloara Pinheiro.prot.05669-37.2026,15842.28
2026,4,339093,2026NE001298,2026OB003452,CLOARA PINHEIRO LIMA,Ressarcimento deputada Cloara 06612-87.2026,7840.46
2026,4,339093,2026NE001126,2026OB003183,DENIAN COUTO COELHO,"Ressarc. Dep. Denian Couto, 05867-26.2026",841.55
2026,4,339093,2026NE001132,2026OB003184,DENIAN COUTO COELHO,Ressa.Deput.Denian Couto.Prot.05542-71.2026,2829.73
2026,4,339014,2026NE001131,2026OB003185,DENIAN COUTO COELHO,Ressa.Deput.Denian Couto.Prot.05542-71.2026,6020.68
2026,4,339093,2026NE001205,2026OB003247,DENIAN COUTO COELHO,Ressa.Deput.Denian Couto.Prot.06330-38.2026,11903.28
2026,4,339093,2026NE001283,2026OB003392,DENIAN COUTO COELHO,Ressarcimento deputado Denian Couto 06332-81.2026,2396.72
2026,4,339093,2026NE001096,2026OB002947,DEVANIL REGINALDO DA SILVA,"Ressarc. Dep. Cobra Reporter, 05531-77.2026",7119.52
2026,4,339093,2026NE001096,2026OB002994,DEVANIL REGINALDO DA SILVA,"Ressarc. Dep. Cobra Reporter, 05531-77.2026",7119.52
2026,4,339093,2026NE001100,2026OB003034,DEVANIL REGINALDO DA SILVA,Ressa.Deput.Cobra Reporter.Prot.05541-98.2026,16444.36
2026,4,339093,2026NE001181,2026OB003229,DEVANIL REGINALDO DA SILVA,"Ressarc. Dep. Cobra Reporter, 06154-37.2026",11739.26
2026,4,339093,2026NE001049,2026OB002843,EVANDRO JOSE DA CRUZ ARAUJO,"Ressarc. Dep. Evandro Araújo, 05479-26.2026",5304.42
2026,4,339093,2026NE001294,2026OB003444,EVANDRO JOSE DA CRUZ ARAUJO,Ressa.Deput.Evandro Araujo.Prot.06389-94.2026,7162.82
2026,4,339093,2026NE001312,2026OB003451,EVANDRO JOSE DA CRUZ ARAUJO,Ressa.Deput.Evandro Araujo.Prot.05924-39.2026,6911.51
2026,4,339093,2026NE001108,2026OB003037,FABIO OLIVEIRA,Ressa.Deput.Fabio Oliveira.Prot.05528-61.2026,9130.18
2026,4,339093,2026NE001147,2026OB003135,FABIO OLIVEIRA,"Ressarc. Dep. Fabio Oliveira, 05583-31.2026",20560.08
2026,4,339093,2026NE001280,2026OB003389,FABIO OLIVEIRA,Ressarcimento Deputado Fabio Oliveira 06305-34.2026,10747.34
2026,4,339093,2026NE001043,2026OB002845,FLAVIA CAROLINA RESENDE JABER FRANCISCHINI,"Ressarc. Dep. Flavia Francischini, 05663-05.2026",20000.0
2026,4,339014,2026NE001044,2026OB002846,FLAVIA CAROLINA RESENDE JABER FRANCISCHINI,"Ressarc. Dep. Flavia Francischini, 05664-75.2026",3149.72
2026,4,339093,2026NE001054,2026OB002901,FLAVIA CAROLINA RESENDE JABER FRANCISCHINI,"Ressarc. Dep. Flavia Francischini, 05720-18.2026",10000.0
2026,4,339093,2026NE001067,2026OB002908,FLAVIA CAROLINA RESENDE JABER FRANCISCHINI,"Ressarc. Dep. Flavia Francischini, 05665-48.2026",1854.29
2026,4,339093,2026NE001082,2026OB002942,FLAVIA CAROLINA RESENDE JABER FRANCISCHINI,"Ressarc. Dep. Flavia Francischini, 05811-83.2026",7800.0
2026,4,339093,2026NE001082,2026OB002989,FLAVIA CAROLINA RESENDE JABER FRANCISCHINI,"Ressarc. Dep. Flavia Francischini, 05811-83.2026",7800.0
2026,4,339093,2026NE001166,2026OB003210,GILSON DE SOUZA,Ressarcimento deputado Gilson de Souza 06155-10.2026,27659.3
2026,4,339093,2026NE001034,2026OB002831,HUSSEIN BAKRI,Ressarcimento deputado Hussein Bakri 05443-28.2026,2827.52
2026,4,339093,2026NE001086,2026OB002943,HUSSEIN BAKRI,Ressarcimento deputado Hussein Bakri 05856-32.2026,13035.18
2026,4,339093,2026NE001086,2026OB002990,HUSSEIN BAKRI,Ressarcimento deputado Hussein Bakri 05856-32.2026,13035.18
2026,4,339093,2026NE001271,2026OB003354,HUSSEIN BAKRI,Ressa.Deput.Hussein Bakri.Prot.06462-63.2026,16735.44
2026,4,339093,2026NE001023,2026OB002823,ISABEL CRISTINA RAUEN SILVESTRI,Ressarcimento deputada Cristina Silvestri 05134-29.2026,48034.58
2026,4,339014,2026NE001059,2026OB002906,JORGE GOMES DE OLIVEIRA BRAND,Ressa.Deput.Goura.Prot.05190-69.2026,1505.16
2026,4,339093,2026NE001060,2026OB002907,JORGE GOMES DE OLIVEIRA BRAND,Ressa.Deput.Goura.Prot.05190-69.2026,24765.01
2026,4,339093,2026NE001208,2026OB003251,JORGE GOMES DE OLIVEIRA BRAND,Ressarcimento Deputado Goura 06065-15.2026,29422.11
2026,4,339093,2026NE001033,2026OB002830,JOSE APARECIDO JACOVOS,Ressa.Deput.Delegado Jacovos.Prot.04839-40.2026,36524.31
2026,4,339093,2026NE001264,2026OB003347,JOSE APARECIDO JACOVOS,Ressarcimento deputado Jacovós 06287-35.2026,49947.63
2026,4,339093,2026NE001038,2026OB002839,JOSE GILBERTO DO CARMO ALVES RIBEIRO,Ressarcimento Deputado Gilberto Ribeiro 05311-03.2026,1371.77
2026,4,339093,2026NE001183,2026OB003228,JOSE GILBERTO DO CARMO ALVES RIBEIRO,"Ressarc. Dep. Gilberto Ribeiro, 05942-38.2026",18668.19
2026,4,339093,2026NE001266,2026OB003351,JOSE GILBERTO DO CARMO ALVES RIBEIRO,Ressarcimento deputado Gilberto Ribeiro 06300-72.2026,9154.73
2026,4,339093,2026NE001134,2026OB003130,JOSE RODRIGUES LEMOS,Ressa.Deput.Prof Lemos.Prot.05619-29.2026,23074.27
2026,4,339093,2026NE001110,2026OB003036,Jairo Tamura,Ressarcimento deputado Jairo Tamura 03299-07.2026,7147.01
2026,4,339093,2026NE001144,2026OB003133,Jairo Tamura,"Ressarc. Dep. Jairo Tamura, 05964-26.2026",18111.61
2026,4,339093,2026NE001189,2026OB003223,Jairo Tamura,"Ressarc. Dep. Jairo Tamura, 06015-07.2026",4727.94
2026,4,339093,2026NE001279,2026OB003388,Jairo Tamura,Ressarcimento deputado Jairo Tamura 06296-83.2026,16848.52
2026,4,339093,2026NE001035,2026OB002832,LEONIDAS FAVERO NETO,Ressarcimento Deputado dr. Leônidas 05418-24.2026,1239.59
2026,4,339093,2026NE001119,2026OB003087,LEONIDAS FAVERO NETO,"Ressarc. Dep. Leonidas, 05866-53.2026",10000.0
2026,4,339093,2026NE001149,2026OB003132,LEONIDAS FAVERO NETO,"Ressarc. Dep. Leonidas, 05966-69.2026",5216.19
2026,4,339093,2026NE001000,2026OB002715,LUCIANA GUZELLA RAFAGNIN,"Ressarc. Dep. Luciana Rafagnin, 05259-49.2026",8028.23
2026,4,339093,2026NE001027,2026OB002827,LUCIANA GUZELLA RAFAGNIN,Ressa.Deput.Luciana Rafagnin.Prot.05409-73.2026,6316.44
2026,4,339093,2026NE001138,2026OB003144,LUCIANA GUZELLA RAFAGNIN,Ressarcimento deputada Luciana Rafagnin 05894-73.2026,10754.13
2026,4,339093,2026NE001170,2026OB003208,LUCIANA GUZELLA RAFAGNIN,Ressarcimento deputada Luciana Rafagnin 06056-64.2026,13754.87
2026,4,339093,2026NE001002,2026OB002710,LUIS RAIMUNDO CORTI,"Ressarc. Dep. Luis Corti, 04607-96.2026",10000.0
2026,4,339093,2026NE001276,2026OB003386,LUIS RAIMUNDO CORTI,Ressa.Deput.Luis Corti.Prot.06481-35.2026,19918.48
2026,4,339093,2026NE001128,2026OB003088,LUIZ CLAUDIO ROMANELLI,Ressarcimento deputado Romaneli 05668-64.2026,32392.07
2026,4,339093,2026NE001267,2026OB003352,LUIZ FERNANDO GUERRA FILHO,Ressarcimento deputado Guerra 05871-15.2026,28950.98
2026,4,339093,2026NE001051,2026OB002844,MABEL CORA CANTO,Ressa.Deput.Mabel.prot.05495-79.2026,1000.0
2026,4,339093,2026NE001204,2026OB003246,MABEL CORA CANTO,Ressa.Deput.Mabel Canto.prot.06395-29.2026,772.52
2026,4,339093,2026NE001297,2026OB003443,MABEL CORA CANTO,Ressa.Deput.Mabel Cora.Prot.05922-93.2026,19375.17
2026,4,339014,2026NE001139,2026OB003138,MARCIA CECILIA HUÇULAK,Ressa.Deput.Marcia Huçulak.Prot.05462-97.2026,1505.17
2026,4,339093,2026NE001141,2026OB003139,MARCIA CECILIA HUÇULAK,Ressa.Deput.Marcia Huçulak.Prot.05462-97.2026,2199.07
2026,4,339093,2026NE000999,2026OB002714,MARCIO JOSE PACHECO RAMOS,"Ressarc. Dep. Marcio Pacheco, 05261-92.2026",1392.52
2026,4,339093,2026NE001148,2026OB003141,MARCIO JOSE PACHECO RAMOS,Ressarcimento Deputado Márcio Pacheco 05277-48.2026,23145.06
2026,4,339093,2026NE001313,2026OB003450,MARCIO JOSE PACHECO RAMOS,Ressa.Deput.Marcio Pacheco.Prot.06174-79.2026,31357.71
2026,4,339093,2026NE001055,2026OB002902,MARIA VICTORIA BORGHETTI BARROS,"Ressarc. Dep. Maria Victoria, 05703-89.2026",6502.5
2026,4,339093,2026NE001088,2026OB002945,MARIA VICTORIA BORGHETTI BARROS,Ressarcimento deputada Maria Victória 05706-08.2026,13125.6
2026,4,339093,2026NE001088,2026OB002992,MARIA VICTORIA BORGHETTI BARROS,Ressarcimento deputada Maria Victória 05706-08.2026,13125.6
2026,4,339093,2026NE001150,2026OB003136,MARIA VICTORIA BORGHETTI BARROS,"Ressarc. Dep. Maria Victoria, 06053-48.2026",3752.32
2026,4,339093,2026NE001295,2026OB003454,MARIA VICTORIA BORGHETTI BARROS,Ressarcimento deputada Maria Victoria 06676-08.2026,5282.78
2026,4,339093,2026NE001042,2026OB002840,MARILEI DE SOUZA LIMA,"Ressarc. Dep. Mara Lima, 05363-54.2026",574.82
2026,4,339093,2026NE001135,2026OB003131,MARILEI DE SOUZA LIMA,Ressa.Deput.Mara lima.Prot.05644-33.2026,33408.46
2026,4,339093,2026NE001210,2026OB003286,MARILEI DE SOUZA LIMA,Ressarcimento deputada Cantora Mara Lima 06172-36.2026,3797.74
2026,4,339093,2026NE001268,2026OB003350,MARILEI DE SOUZA LIMA,Ressarcimento deputada Cantora Mara Lima 06170-90.2026,6783.23
2026,4,339093,2026NE001032,2026OB002828,MARLY PAULINO FAGUNDES,Ressarcimento deputada Maarly Paulino 05206-25.2026,48379.07
2026,4,339093,2026NE001293,2026OB003395,MATHEUS VELOSO MARIA,Ressa.Maheus vermelho.Prot.06305-34.2026,43208.94
2026,4,339093,2026NE001092,2026OB003033,MAURICIO THADEU DE MELLO E SILVA,Ressarcimento deputado Requião Filho 05510-62.2026,22960.64
2026,4,339093,2026NE001171,2026OB003207,MAURICIO THADEU DE MELLO E SILVA,Ressarcimento Deputado Requião Filho 06156-80.2026,33289.63
2026,4,339093,2026NE001004,2026OB002709,MOACYR ELIAS FADEL JUNIOR,"Ressarc. Dep. Moacyr Fadel, 05192-15.2026",2190.46
2026,4,339093,2026NE001099,2026OB003032,MOACYR ELIAS FADEL JUNIOR,Ressa.Deput.Moacyr Fadel.prot.05517-67.2026,12771.91
2026,4,339093,2026NE001270,2026OB003348,MOACYR ELIAS FADEL JUNIOR,Ressa.Deput.Moacyr Fadel.Prot.06148-05.2026,18922.68
2026,4,339093,2026NE001101,2026OB003035,Marcelo Rangel Cruz de Oliveira,Ressa.Deput.Marcelo Rangel.Prot.05657-70.2026,21230.0
2026,4,339093,2026NE001284,2026OB003393,Marcelo Rangel Cruz de Oliveira,Ressarcimento Deputado Marcelo Rangel 05803-08.2026,37170.34
2026,4,339093,2026NE001127,2026OB003283,Mauro Rafael Moraes e Silva,"Ressarc. Dep. Mauro Moraes, 05887-68.2026",15658.17
2026,4,339093,2026NE001292,2026OB003448,Mauro Rafael Moraes e Silva,Ressarcimento deputado Mauro Moraes 05889-14.2026,41499.99
2026,4,339093,2026NE001028,2026OB002824,NELSON ROBERTO PLACIDO SILVA JUSTUS,Ressa.Deput.Nelson Justus.Prot.05439-39.2026,10000.0
2026,4,339093,2026NE001196,2026OB003230,NEY LEPREVOST NETO,Ressarcimento Deputado Ney Leprevost 06003-40.2026,53250.21
2026,4,339014,2026NE001061,2026OB002904,OZIEL LUIZ DE SOUZA,Ressa.deput.Batatinha.Prot.05287-69.2026,752.59
2026,4,339093,2026NE001062,2026OB002905,OZIEL LUIZ DE SOUZA,Ressa.deput.Batatinha.Prot.05287-69.2026,4478.78
2026,4,339093,2026NE001146,2026OB003134,OZIEL LUIZ DE SOUZA,"Ressarc. Dep. Batatinha, 05722-61.2026",12252.21
2026,4,339093,2026NE001182,2026OB003212,OZIEL LUIZ DE SOUZA,Ressarcimento Deputado Batatinha 06049-59.2026,9710.34
2026,4,339093,2026NE001188,2026OB003224,OZIEL LUIZ DE SOUZA,"Ressarc. Dep. Batatinha, 06016-77.2026",13460.0
2026,4,339014,2026NE001047,2026OB002841,PAULO ROBERTO MOREIRA GOMES JUNIOR,"Ressarc. Dep. Paulo Gomes, 05227-40.2026",2257.76
2026,4,339093,2026NE001048,2026OB002842,PAULO ROBERTO MOREIRA GOMES JUNIOR,"Ressarc. Dep. Paulo Gomes, 05227-40.2026",23195.85
2026,4,339093,2026NE001069,2026OB002910,PAULO ROBERTO MOREIRA GOMES JUNIOR,Ressa.Deput.Paulo Gomes.Prot.05516-94.2026,652.81
2026,4,339093,2026NE001167,2026OB003209,PAULO ROBERTO MOREIRA GOMES JUNIOR,Ressarcimento deputado Paulo Gomes 06042-54.2026,23127.84
2026,4,339093,2026NE001026,2026OB002825,PEDRO PAULO BAZANA,Ressarcimento deputado Bazana 05284-53.2026,14041.74
2026,4,339093,2026NE001046,2026OB002836,RENATO DE ALMEIDA FREITAS JUNIOR,"Ressarc. Dep. Renato Freitas, 04846-45.2026",6949.65
2026,4,339093,2026NE001057,2026OB002899,RENATO DE ALMEIDA FREITAS JUNIOR,"Ressarc. Dep. Renato Freitas, 04846-45.2026",0.3
2026,4,339093,2026NE001129,2026OB003089,RENATO DE ALMEIDA FREITAS JUNIOR,Ressarcimento deputado Renato Freitas 05895-46.2026,8337.09
2026,4,339093,2026NE001282,2026OB003391,RENATO DE ALMEIDA FREITAS JUNIOR,Ressarcimento deputado Renato Freitas 06532-16.2026,17149.0
2026,4,339093,2026NE000918,2026OB002897,RICARDO ARRUDA NUNES,"Ressarc. Dep. Ricardo Arruda, 04792-48.2026",6852.16
2026,4,339014,2026NE000916,2026OB002898,RICARDO ARRUDA NUNES,"Ressarc. Dep. Ricardo Arruda, 04792-48.2026",6020.68
2026,4,339014,2026NE001102,2026OB003092,RICARDO ARRUDA NUNES,Ressa.Deput.Ricardo Arruda.Prot.05602-03.2026,6271.53
2026,4,339093,2026NE001103,2026OB003093,RICARDO ARRUDA NUNES,Ressa.Deput.Ricardo Arruda.Prot.05602-03.2026,31388.41
2026,4,339093,2026NE001272,2026OB003353,SAMUEL PEREIRA DA SILVA,Ressa.Deput.Samuel Dantas.Prot.05882-09.2026,33182.38
2026,4,339093,2026NE001089,2026OB002946,THIAGO BUHRER,Ressarcimento deputado Thiago Buhrer 05498-95.2026,43535.05
2026,4,339093,2026NE001089,2026OB002993,THIAGO BUHRER,Ressarcimento deputado Thiago Buhrer 05498-95.2026,43535.05
2026,4,339093,2026NE001003,2026OB002716,TITO LÍVIO BARICHELLO,"Ressarc. Dep. Tito Barichello, 05185-10.2026",6343.46
2026,4,339093,2026NE001039,2026OB002837,TITO LÍVIO BARICHELLO,Ressarcimento Deputado Tito Barrichelo 05508-19.2026,5304.0
2026,4,339093,2026NE001087,2026OB002944,TITO LÍVIO BARICHELLO,Ressarcimento deputado Tito Barrichelo 05756-16.2026,6853.14
2026,4,339093,2026NE001087,2026OB002991,TITO LÍVIO BARICHELLO,Ressarcimento deputado Tito Barrichelo 05756-16.2026,6853.14
2026,4,339014,2026NE001095,2026OB002948,TITO LÍVIO BARICHELLO,"Ressarc. Dep. Tito Barichelo, 05701-46.2026",2229.9
2026,4,339014,2026NE001095,2026OB002995,TITO LÍVIO BARICHELLO,"Ressarc. Dep. Tito Barichelo, 05701-46.2026",2229.9
2026,4,339093,2026NE001094,2026OB002949,TITO LÍVIO BARICHELLO,"Ressarc. Dep. Tito Barichelo,05545-87.2026",3661.03
2026,4,339093,2026NE001094,2026OB002996,TITO LÍVIO BARICHELLO,"Ressarc. Dep. Tito Barichelo,05545-87.2026",3661.03
2026,4,339093,2026NE001187,2026OB003225,TITO LÍVIO BARICHELLO,"Ressarc. Dep. Tito Barichello, 05910-29.2026",11860.0
2026,4,339093,2026NE001143,2026OB003140,WILMAR REICHEMBACH,Ressarcimento deputado Reichembach 05828-12.2026,46970.22
2026,5,339093,2026NE001460,2026OB003795,ADEMAR LUIZ TRAIANO,Ressa.Deput.Ademar Traiano.Prot.07520-15.2026,38010.75
2026,5,339093,2026NE001428,2026OB003764,ADRIANO JOSE DA SILVA,"Ressarc. Dep. Adriano José, 07267-56.2026",3983.18
2026,5,339093,2026NE001557,2026OB003978,ADRIANO JOSE DA SILVA,"Ressarc. Dep. Adriano JOsé, 07710-26.2026",27156.48
2026,5,339093,2026NE001630,2026OB004105,ADRIANO JOSE DA SILVA,"Ressarc. Dep. Adriano José, 08308-79.2026",222.36
2026,5,339093,2026NE001771,2026OB004283,ADRIANO JOSE DA SILVA,"Ressarc. Dep. Adriano José, 08866-48.2026",16080.52
2026,5,339093,2026NE001335,2026OB003523,ADÃO FERNANDES,Ressa.Deput.Adao Litro.Prot.06674-62.2026,18838.04
2026,5,339093,2026NE001451,2026OB003784,ADÃO FERNANDES,"Ressarc. Dep. Adão Litro, 07463-02.2026",18153.89
2026,5,339093,2026NE001634,2026OB004108,ADÃO FERNANDES,"Ressarc. Dep. Adão Litro, 08062-28.2026",4645.56
2026,5,339093,2026NE001730,2026OB004222,ADÃO FERNANDES,Ressarcimento deputado Adão Litro 08685-85.2026,18379.32
2026,5,339014,2026NE001407,2026OB003734,ALEXANDRE AMARO,"Ressarc. Dep. Alexandre Amaro, 06707-44.2026",1142.82
2026,5,339093,2026NE001408,2026OB003735,ALEXANDRE AMARO,"Ressarc. Dep. Alexandre Amaro, 06707-44.2026",5696.12
2026,5,339093,2026NE001571,2026OB003982,ALEXANDRE AMARO,"Ressarc. Dep. Alexandre Amaro, 07683-76.2026",2707.4
2026,5,339014,2026NE001570,2026OB003983,ALEXANDRE AMARO,"Ressarc. Dep. Alexandre Amaro, 07683-76.2026",501.72
2026,5,339014,2026NE001606,2026OB004010,ALEXANDRE AMARO,Ressa.Deput.Alexandre Amaro.Prot.07684-49.2026,5017.23
2026,5,339093,2026NE001607,2026OB004011,ALEXANDRE AMARO,Ressa.Deput.Alexandre Amaro.Prot.07684-49.2026,11303.43
2026,5,339014,2026NE001637,2026OB004110,ALEXANDRE AMARO,"Ressarc. Dep. Alexandre Amaro, 08165-60.2026",2257.75
2026,5,339093,2026NE001640,2026OB004111,ALEXANDRE AMARO,"Ressarc. Dep. Alexandre Amaro, 08165-60.2026",9243.01
2026,5,339093,2026NE001790,2026OB004337,ALEXANDRE AMARO,"Ressarc. Dep. Alexandre Amaro, 08957-16.2026",4355.44
2026,5,339093,2026NE001455,2026OB003791,ALISSON ANTHONY WANDSCHEER,Ressarcimento deputado Alisson Wandscheer 07506-05.2026,37177.1
2026,5,339014,2026NE001330,2026OB003520,ANA JULIA PIRES RIBEIRO,Ressa.Deput.Ana Julia.Prot.06625-27.2026,4181.01
2026,5,339093,2026NE001333,2026OB003529,ANA JULIA PIRES RIBEIRO,Ressa.Deput.Ana Julia.Prot.06625-27.2026,10515.0
2026,5,339093,2026NE001340,2026OB003541,ANA JULIA PIRES RIBEIRO,Ressa.Deput.Ana Julia.Prot.06652-74.2026,1783.77
2026,5,339093,2026NE001347,2026OB003542,ANA JULIA PIRES RIBEIRO,Ressarcimento Deputada Ana Júlia 06626-97.2026,24758.46
2026,5,339093,2026NE001389,2026OB003687,ANA JULIA PIRES RIBEIRO,"Ressarc. Dep. Ana Julia, 06745-85.2026",1684.91
2026,5,339093,2026NE001597,2026OB003999,ANA JULIA PIRES RIBEIRO,"Ressarc. Dep. Ana Julia, 07516-26.2026",3259.34
2026,5,339093,2026NE001498,2026OB003859,ANTENOR GOMES DE LIMA,"Ressarc. Dep. Dr. Antenor, 07446-73.2026",22480.28
2026,5,339093,2026NE001639,2026OB004130,ANTENOR GOMES DE LIMA,Ressarcimento Deputado Dr. Antenor 08458-06.2026,27207.01
2026,5,339093,2026NE001320,2026OB003515,ANTONIO ANNIBELLI NETO,Ressarcimento deputado Anibeli 06660-52.2026,1555.84
2026,5,339093,2026NE001370,2026OB003624,ANTONIO ANNIBELLI NETO,Ressa.Deput.Anibelli Neto.Prot.06856-95.2026,3195.66
2026,5,339093,2026NE001595,2026OB003997,ANTONIO ANNIBELLI NETO,"Ressarc. Dep. Anibelli, 07987-16.2026",7885.28
2026,5,339093,2026NE001582,2026OB004002,ANTONIO ANNIBELLI NETO,Ressa.Deput.Annibelli.Prot.07986-43.2026,528.19
2026,5,339093,2026NE001584,2026OB004006,ANTONIO ANNIBELLI NETO,Ressarcimento Deputado Anibelli 07643-89.2026,22568.34
2026,5,339093,2026NE001632,2026OB004107,ANTONIO ANNIBELLI NETO,"Ressarc. Dep. Anibelli, 08075-65.2026",3175.77
2026,5,339093,2026NE001657,2026OB004126,ANTONIO ANNIBELLI NETO,"Ressarc. Dep. Anibelli, 08529-29.2026",886.21
2026,5,339093,2026NE001767,2026OB004255,ANTONIO ANNIBELLI NETO,"Ressarc. Dep. Anibelli, 08848-49.2026",2512.77
2026,5,339093,2026NE001803,2026OB004345,ANTONIO ANNIBELLI NETO,"Ressarc; Dep. Anibelli, 09008-94.2026",923.78
2026,5,339093,2026NE001345,2026OB003551,ARILSON MAROLDI CHIORATO,Ressarcimento deputado Arilson Chiorato 07102-49.2026,1247.82
2026,5,339093,2026NE001457,2026OB003789,ARILSON MAROLDI CHIORATO,Ressarcimento deputado Arilson Chiorato 07324-69.2026,3996.57
2026,5,339093,2026NE001702,2026OB004164,ARILSON MAROLDI CHIORATO,"Ressarc. Dep. Arilson Chiorato, 08584-96.2026",6553.51
2026,5,339014,2026NE001336,2026OB003524,ARTAGAO DE MATTOS LEÃO JUNIOR,Ressa.Deput.Artagao Junior.Prot.06700-39.2026,2257.76
2026,5,339093,2026NE001339,2026OB003525,ARTAGAO DE MATTOS LEÃO JUNIOR,Ressa.Deput.Artagao Junior.Prot.06700-39.2026,2296.46
2026,5,339093,2026NE001358,2026OB003546,ARTAGAO DE MATTOS LEÃO JUNIOR,Ressa.Deput.Artagao.Prot.06853-79.2026,1210.52
2026,5,339014,2026NE001357,2026OB003547,ARTAGAO DE MATTOS LEÃO JUNIOR,Ressa.Deput.Artagao.Prot.06853-79.2026,1254.31
2026,5,339093,2026NE001448,2026OB003782,ARTAGAO DE MATTOS LEÃO JUNIOR,"Ressarc. Dep. Artagão, 07600-86.2026",2484.04
2026,5,339014,2026NE001449,2026OB003793,ARTAGAO DE MATTOS LEÃO JUNIOR,"Ressarc. Dep. Artagão, 07600-86.2026",1254.31
2026,5,339093,2026NE001543,2026OB003973,ARTAGAO DE MATTOS LEÃO JUNIOR,"Ressarc. Dep. Artagão, 07561-72.2026",3582.52
2026,5,339014,2026NE001542,2026OB003974,ARTAGAO DE MATTOS LEÃO JUNIOR,"Ressarc. Dep. Artagão, 07561-72.2026",2257.76
2026,5,339014,2026NE001592,2026OB003994,ARTAGAO DE MATTOS LEÃO JUNIOR,"Ressarc. Dep. Artagão, 08072-49.2026",1254.31
2026,5,339093,2026NE001593,2026OB003995,ARTAGAO DE MATTOS LEÃO JUNIOR,"Ressarc. Dep. Artagão, 08072-49.2026",1370.2
2026,5,339014,2026NE001642,2026OB004112,ARTAGAO DE MATTOS LEÃO JUNIOR,"Ressarc. Dep. Artagão, 08067-87.2026",2257.76
2026,5,339093,2026NE001644,2026OB004113,ARTAGAO DE MATTOS LEÃO JUNIOR,"Ressarc. Dep. Artagão, 08067-87.2026",2665.62
2026,5,339014,2026NE001654,2026OB004124,ARTAGAO DE MATTOS LEÃO JUNIOR,"Ressarc. Dep. Artagão, 08538-77.2026",2501.26
2026,5,339093,2026NE001655,2026OB004125,ARTAGAO DE MATTOS LEÃO JUNIOR,"Ressarc. Dep. Artagão, 08538-77.2026",2563.6
2026,5,339014,2026NE001663,2026OB004145,ARTAGAO DE MATTOS LEÃO JUNIOR,"Ressarc. Dep. Artagão, 08525-40.2026",3439.23
2026,5,339093,2026NE001664,2026OB004146,ARTAGAO DE MATTOS LEÃO JUNIOR,"Ressarc. Dep. Artagão, 08525-40.2026",2444.79
2026,5,339014,2026NE001801,2026OB004343,ARTAGAO DE MATTOS LEÃO JUNIOR,"Ressarc. Dep. Artagão, 09018-18.2026",3439.23
2026,5,339093,2026NE001802,2026OB004344,ARTAGAO DE MATTOS LEÃO JUNIOR,"Ressarc. Dep. Artagão, 09018-18.2026",4105.93
2026,5,339093,2026NE001416,2026OB003740,Aldino Jorge Bueno,"Ressarc. Dep. Gugu Bueno, 07635-14.2026",13204.09
2026,5,339093,2026NE001500,2026OB003861,Aldino Jorge Bueno,"Ressarc. Dep. Gugu Bueno, 07988-86.2026",7482.47
2026,5,339093,2026NE001566,2026OB003981,Aldino Jorge Bueno,"Ressarc. Dep. Gugu Bueno, 08305-63.2026",14240.72
2026,5,339093,2026NE001737,2026OB004224,Aldino Jorge Bueno,Ressarcimento Deputado Gugu Bueno 08718-67.2026,3582.86
2026,5,339093,2026NE001807,2026OB004347,Aldino Jorge Bueno,"Ressarc. Dep. Gugu Bueno, 09093-30.2026",5895.72
2026,5,339093,2026NE001563,2026OB003980,Alexandre Maranhão Curi,"Ressarc. Dep. Alexandre Curi, 08351-82.2026",28184.3
2026,5,339093,2026NE001453,2026OB003786,CLOARA PINHEIRO LIMA,"Ressarc. Dep. Cloara Pinheiro, 07494-38.2026",10600.0
2026,5,339093,2026NE001531,2026OB003989,CLOARA PINHEIRO LIMA,"Ressarc. Dep. Cloara, 07650-94.2026",2017.08
2026,5,339093,2026NE001589,2026OB004005,CLOARA PINHEIRO LIMA,Ressarcimento Deputada Cloara 07820-63.2026,9149.56
2026,5,339093,2026NE001631,2026OB004106,CLOARA PINHEIRO LIMA,"Ressarc. Dep. Cloara Pinheiro, 08312-68.2026",5259.15
2026,5,339093,2026NE001763,2026OB004257,CLOARA PINHEIRO LIMA,Ressa.Deput.Cloara.Prot.08730-34.2026,9700.44
2026,5,339014,2026NE001372,2026OB003621,DENIAN COUTO COELHO,Ressa.Deput.Denian Couto.Prot.07178-34.2026,5268.1
2026,5,339093,2026NE001374,2026OB003622,DENIAN COUTO COELHO,Ressa.Deput.Denian Couto.Prot.07178-34.2026,4010.28
2026,5,339093,2026NE001535,2026OB003986,DENIAN COUTO COELHO,"Ressarc. Dep. Denian Couto, 07735-30.2026",551.75
2026,5,339014,2026NE001534,2026OB003987,DENIAN COUTO COELHO,"Ressarc. Dep. Denian Couto, 07735-30.2026",3010.34
2026,5,339093,2026NE001602,2026OB004012,DENIAN COUTO COELHO,Ressarcimento Deputdo Denian 08059-12.2026,13130.52
2026,5,339014,2026NE001618,2026OB004103,DENIAN COUTO COELHO,"Ressarc. Dep. Denian Couto, 08290-80.2026",6773.27
2026,5,339093,2026NE001620,2026OB004104,DENIAN COUTO COELHO,"Ressarc. Dep. Denian Couto, 08290-80.2026",5535.58
2026,5,339093,2026NE001668,2026OB004147,DENIAN COUTO COELHO,"Ressarc. Dep. Denian Couto, 08551-17.2026",1259.45
2026,5,339093,2026NE001337,2026OB003527,DEVANIL REGINALDO DA SILVA,Ressarcimento deputado Cobra Repórter 06713-76.2026,8366.33
2026,5,339093,2026NE001526,2026OB003934,DEVANIL REGINALDO DA SILVA,"Ressarc. Dep. Cobra Repórter, 07622-74.2026",10598.36
2026,5,339093,2026NE001536,2026OB003945,DEVANIL REGINALDO DA SILVA,Ressa.Deput.Cobra Reporter.Prot.07626-63.2026,5105.3
2026,5,339093,2026NE001544,2026OB003975,DEVANIL REGINALDO DA SILVA,"Ressarc. Dep. Cobra Repórter, 07957-50.2026",11410.44
2026,5,339093,2026NE001778,2026OB004289,DEVANIL REGINALDO DA SILVA,Ressarcimento Deputado Cobra Repórter 08720-13.2026,18706.93
2026,5,339093,2026NE001427,2026OB003763,EVANDRO JOSE DA CRUZ ARAUJO,Ressarcimento Deputado Evandro José 07448-19.2026,18569.12
2026,5,339093,2026NE001529,2026OB003968,EVANDRO JOSE DA CRUZ ARAUJO,Ressarcimento deputdo Evandro Araújo 07846-40.2026,6220.65
2026,5,339093,2026NE001779,2026OB004290,EVANDRO JOSE DA CRUZ ARAUJO,Ressarcimento deputado Evandro Araújo 08780-42.2026,7005.01
2026,5,339093,2026NE001423,2026OB003760,FABIO OLIVEIRA,Ressarcimento Deputado Fábio Oliveira 06672-19.2026,6166.12
2026,5,339093,2026NE001499,2026OB003860,FABIO OLIVEIRA,"Ressarc. Dep. Fabio Oliveira, 07475-66.2026",6062.56
2026,5,339093,2026NE001560,2026OB003947,FABIO OLIVEIRA,Ressarcimento Deputado Fábio Oliveira 07605-48.2026,19768.22
2026,5,339093,2026NE001559,2026OB003979,FABIO OLIVEIRA,"Ressarc. Dep. Fabio Oliveira, 07954-34.2026",527.06
2026,5,339093,2026NE001652,2026OB004118,FABIO OLIVEIRA,Ressa.Deput.Fabio Oliveira.prot.08359-60.2026,8717.86
2026,5,339093,2026NE001766,2026OB004258,FABIO OLIVEIRA,Ressa.Deput.Fabio Oliveira.Prot.08747-60.2026,7393.25
2026,5,339093,2026NE001397,2026OB003683,FLAVIA CAROLINA RESENDE JABER FRANCISCHINI,"Ressarc. Dep. Flavia Francischini, 07638-30.2026",30000.0
2026,5,339014,2026NE001411,2026OB003730,FLAVIA CAROLINA RESENDE JABER FRANCISCHINI,"Ressarc. Dep. Flavia Francischini, 07611-80.2026",1003.45
2026,5,339093,2026NE001412,2026OB003731,FLAVIA CAROLINA RESENDE JABER FRANCISCHINI,"Ressarc. Dep. Flavia Francischini, 07611-80.2026",371.69
2026,5,339093,2026NE001472,2026OB003776,FLAVIA CAROLINA RESENDE JABER FRANCISCHINI,"Ressarc. Dep. Flavia Francischini, 07933-19.2026",10820.0
2026,5,339093,2026NE001376,2026OB003623,GILSON DE SOUZA,Ressarcimento deputado Gilson de Souza 07316-91.2026,16044.49
2026,5,339093,2026NE001558,2026OB003939,GILSON DE SOUZA,Ressa.Deput.Gilson de souza.Prot.08210-09.2026,26163.4
2026,5,339093,2026NE001800,2026OB004346,GILSON DE SOUZA,Ressarcimento deputado Gilson de Souza 09101-08.2026,16700.81
2026,5,339093,2026NE001406,2026OB003736,HUSSEIN BAKRI,"Ressarc. Dep. Hussein Bakri, 07514-80.2026",11785.52
2026,5,339093,2026NE001505,2026OB003865,HUSSEIN BAKRI,Ressarcimento deputado Hussein Bakri 07966-98.2026,13360.84
2026,5,339093,2026NE001400,2026OB003695,ISABEL CRISTINA RAUEN SILVESTRI,Ressa.Deput.Isabel Cristina.Prot.07263-67.2026,44354.81
2026,5,339014,2026NE001409,2026OB003727,JORGE GOMES DE OLIVEIRA BRAND,"Ressarc. Dep. Goura, 06701-12.2026",3930.17
2026,5,339093,2026NE001410,2026OB003732,JORGE GOMES DE OLIVEIRA BRAND,"Ressarc. Dep. Goura, 06701-12.2026",10691.43
2026,5,339093,2026NE001624,2026OB004128,JORGE GOMES DE OLIVEIRA BRAND,Ressarcimento deputado Goura 08053-77.2026,41690.62
2026,5,339093,2026NE001635,2026OB004119,JOSE APARECIDO JACOVOS,Ressa.Deput.Delegado Jacovos.Prot.07490-49.2026,43995.79
2026,5,339093,2026NE001343,2026OB003530,JOSE GILBERTO DO CARMO ALVES RIBEIRO,Ressa.Deput.Gilberto Ribeiro.Prot.06788-88.2026,10000.0
2026,5,339093,2026NE001405,2026OB003737,JOSE GILBERTO DO CARMO ALVES RIBEIRO,"Ressarc. Dep. Gilberto Ribeiro, 07373-07.2026",6390.26
2026,5,339093,2026NE001554,2026OB003937,JOSE GILBERTO DO CARMO ALVES RIBEIRO,Ressarcimento Deputado Gilberto Ribeiro 07723-63.2026,17527.9
2026,5,339093,2026NE001599,2026OB004001,JOSE GILBERTO DO CARMO ALVES RIBEIRO,"Ressarc. Dep. Gilberto Ribeiro, 08104-58.2026",209.03
2026,5,339093,2026NE001622,2026OB004102,JOSE GILBERTO DO CARMO ALVES RIBEIRO,Ressarcimento deputado Gilberto Ribeiro 08238-29.2026,9247.47
2026,5,339093,2026NE001780,2026OB004315,JOSE GILBERTO DO CARMO ALVES RIBEIRO,Ressarcimento deputado Gilberto Ribeiro 08805-46.2026,13354.01
2026,5,339093,2026NE001322,2026OB003513,JOSE RODRIGUES LEMOS,Ressarcimento Deputado Professor Lemos 06784-02.2026,15507.66
2026,5,339093,2026NE001402,2026OB003691,JOSE RODRIGUES LEMOS,"Ressarc. Dep. Professor Lemos, 07250-30.2026",10505.15
2026,5,339093,2026NE001658,2026OB004144,JOSE RODRIGUES LEMOS,Ressarcimento deputado Professor Lemos 08243-88.2026,18425.95
2026,5,339093,2026NE001777,2026OB004288,JOSE RODRIGUES LEMOS,Ressarcimento deputado Professor Lemos 08808-62.2026,5515.63
2026,5,339093,2026NE001385,2026OB003685,Jairo Tamura,Ressarcimento deputado Jairo Tamura 07180-77.2026,5230.12
2026,5,339093,2026NE001562,2026OB003935,Jairo Tamura,Ressarcimento deputado Jairo Tamura 07860-50.2026,7544.36
2026,5,339093,2026NE001539,2026OB003971,Jairo Tamura,"Ressarc. Dep. Jairo Tamura, 07703-21.2026",12290.0
2026,5,339093,2026NE001540,2026OB003972,Jairo Tamura,"Ressarc. Dep. Jairo Tamura, 07934-89.2026",6611.61
2026,5,339093,2026NE001627,2026OB004132,Jairo Tamura,Ressarcimento deputado Jairo Tamura 07860-50.2026 (substitui emp. 2026NE001562),7544.36
2026,5,339093,2026NE001667,2026OB004153,Jairo Tamura,"Ressarc. Dep. Jairo Tamura, 08262-60.2026",12825.83
2026,5,339093,2026NE001810,2026OB004400,Jairo Tamura,Ressarcimento Deputado Jairo Tamura 09086-25.2026,5127.93
2026,5,339093,2026NE001391,2026OB003688,LEONIDAS FAVERO NETO,"Ressarc. Dep. Dr. Leonidas, 07278-50.2026",4383.57
2026,5,339093,2026NE001522,2026OB003915,LEONIDAS FAVERO NETO,"Ressarc. Dep. Dr. Leonidas, 07758-88.2026",19750.94
2026,5,339093,2026NE001636,2026OB004109,LEONIDAS FAVERO NETO,"Ressarc. Dep. Dr. Leonidas, 08073-22.2026",12869.84
2026,5,339093,2026NE001768,2026OB004256,LEONIDAS FAVERO NETO,"Ressarc. Dep. Dr. Leonidas, 08804-73.2026",2554.8
2026,5,339093,2026NE001344,2026OB003549,LUCIANA GUZELLA RAFAGNIN,Ressarcimento deputada Luciana Rafagnin 06712-06.2026,9948.6
2026,5,339093,2026NE001384,2026OB003684,LUCIANA GUZELLA RAFAGNIN,Ressarcimento Deputada Luciana Rafagnin 07164-24.2026,12559.16
2026,5,339093,2026NE001552,2026OB003938,LUCIANA GUZELLA RAFAGNIN,Ressarcimento Deputada Luciana Rafagnin 07719-74.2026,9094.34
2026,5,339093,2026NE001783,2026OB004339,LUCIANA GUZELLA RAFAGNIN,Ressarcimentio deputada Luciana Rafagnin 08980-74.2026,7510.43
2026,5,339014,2026NE001324,2026OB003516,LUIS RAIMUNDO CORTI,Ressa.Deput.Luis corti.Prot.06624-54.2026,4766.37
2026,5,339093,2026NE001366,2026OB003626,LUIS RAIMUNDO CORTI,Ressa.Deput.Luis Corti.Prot.06994-55.2026,6086.34
2026,5,339093,2026NE001413,2026OB003733,LUIS RAIMUNDO CORTI,"Ressarc. Dep. Luis Corti, 07451-35.2026",2500.0
2026,5,339014,2026NE001576,2026OB003984,LUIS RAIMUNDO CORTI,"Ressarc. Dep. Luis Corti, 07449-89.2026",8529.33
2026,5,339093,2026NE001537,2026OB003985,LUIS RAIMUNDO CORTI,"Ressarc. Dep. Luis Corti, 07748-67.2026",1600.58
2026,5,339093,2026NE001598,2026OB004000,LUIS RAIMUNDO CORTI,"Ressarc. Dep. Luis Corti, 08100-69.2026",4287.4
2026,5,339014,2026NE001773,2026OB004285,LUIS RAIMUNDO CORTI,"Ressarc. Dep. Luis COrti, 08976-85.2026",8129.07
2026,5,339093,2026NE001774,2026OB004286,LUIS RAIMUNDO CORTI,"Ressarc. Dep. Luis COrti, 08976-85.2026",13940.43
2026,5,339093,2026NE001326,2026OB003514,LUIZ CLAUDIO ROMANELLI,Ressa.Deput.Romanelli.Prot.06615-06.2026,25465.74
2026,5,339093,2026NE001367,2026OB003625,LUIZ CLAUDIO ROMANELLI,Ressa.Deput.Romanelli.Prot.06742-69.2026,2851.81
2026,5,339093,2026NE001591,2026OB003993,LUIZ CLAUDIO ROMANELLI,"Ressarc. Dep. Romanelli, 07926-14.2026",18900.0
2026,5,339093,2026NE001814,2026OB004402,LUIZ CLAUDIO ROMANELLI,Ressarcimento deputado Romanelli 08803-03.2026,35904.05
2026,5,339093,2026NE001568,2026OB003970,LUIZ FERNANDO GUERRA FILHO,Ressa.Deput.Guerra.Prot.07479-55.2026,25420.14
2026,5,339093,2026NE001404,2026OB003729,MABEL CORA CANTO,"Ressarc. Dep. Mabel Canto, 07419-26.2026",901.0
2026,5,339093,2026NE001648,2026OB004123,MABEL CORA CANTO,Ressarcimento deputada Mabel Canto 07952-88.2026,24089.8
2026,5,339093,2026NE001319,2026OB003517,MARCIA CECILIA HUÇULAK,Ressarcimento Depútada Márcia Huçulak 06367-09.2026,33526.58
2026,5,339014,2026NE001623,2026OB004120,MARCIA CECILIA HUÇULAK,Ressa.Deput.Marcia Huçulak.Prot.07998-10.2026,250.86
2026,5,339093,2026NE001628,2026OB004122,MARCIA CECILIA HUÇULAK,Ressa.Deput.Marcia Huçulak.Prot.07998-10.2026,4149.73
2026,5,339093,2026NE001769,2026OB004287,MARCIA CECILIA HUÇULAK,Ressarcimento deputada Márcia Huçulak 08634-07.2026,33541.51
2026,5,339093,2026NE001508,2026OB003866,MARCIO FERNANDES NUNES,Ressarcimento Deputado Márcio Nunes 07458-40.2026,15247.45
2026,5,339093,2026NE001728,2026OB004221,MARCIO FERNANDES NUNES,Ressarcimento deputado Márcio Nunes 08434-72.2026,26247.25
2026,5,339093,2026NE001507,2026OB003864,MARCIO JOSE PACHECO RAMOS,Ressarcimento deputado Márcio Pacheco 07500-70.2026,7337.55
2026,5,339093,2026NE001545,2026OB003942,MARCIO JOSE PACHECO RAMOS,Ressarcimento deputado Márcio Pacheco 07396-65.2026,10929.03
2026,5,339093,2026NE001653,2026OB004121,MARCIO JOSE PACHECO RAMOS,Ressarcimento deputado Marcio Pacheco 08023-14.2026,23557.65
2026,5,339093,2026NE001670,2026OB004152,MARCIO JOSE PACHECO RAMOS,Ressarcimento Deputado Márcio Pacheco 08484-80.2026,13005.12
2026,5,339093,2026NE001321,2026OB003512,MARIA VICTORIA BORGHETTI BARROS,Ressa.Deput.Maria Victoria.Prot.06775-51.2026,1114.09
2026,5,339093,2026NE001346,2026OB003544,MARIA VICTORIA BORGHETTI BARROS,Ressarcimento deputada Maria Victoria 07211-16.2026,11904.9
2026,5,339093,2026NE001403,2026OB003728,MARIA VICTORIA BORGHETTI BARROS,"Ressarc. Dep. Maria Victoria, 07628-09.2026",6400.0
2026,5,339093,2026NE001418,2026OB003739,MARIA VICTORIA BORGHETTI BARROS,"Ressarc. Dep. Maria Victoria, 07633-68.2026",5028.8
2026,5,339093,2026NE001452,2026OB003785,MARIA VICTORIA BORGHETTI BARROS,"Ressarc. Dep. Maria Victoria, 07770-55.2026",6320.57
2026,5,339093,2026NE001530,2026OB003990,MARIA VICTORIA BORGHETTI BARROS,"Ressarc. Dep. Maria Victoria, 08251-66.2026",13527.8
2026,5,339014,2026NE001683,2026OB004155,MARIA VICTORIA BORGHETTI BARROS,"Ressarc. Dep. Maria Victoria, 08641-12.2026",1157.99
2026,5,339093,2026NE001685,2026OB004156,MARIA VICTORIA BORGHETTI BARROS,"Ressarc. Dep. Maria Victoria, 08598-09.2026",6054.3
2026,5,339093,2026NE001736,2026OB004223,MARIA VICTORIA BORGHETTI BARROS,"Ressarc. Dep. Maria Victoria, 08746-87.2026",5000.0
2026,5,339093,2026NE001342,2026OB003543,MARILEI DE SOUZA LIMA,Ressa.Deput.Cantora Mara Lima.Prot.06711-33.2026,447.0
2026,5,339093,2026NE001383,2026OB003628,MARILEI DE SOUZA LIMA,"Ressarc. Dep. Mara Lima, 07235-47.2026",187.61
2026,5,339093,2026NE001551,2026OB003943,MARILEI DE SOUZA LIMA,Ressarcimento Deputada Cantora Mara Lima 07583-60.2026,24874.65
2026,5,339093,2026NE001532,2026OB003988,MARILEI DE SOUZA LIMA,"Ressarc. Dep. Mara Lima, 07845-67.2026",7116.96
2026,5,339093,2026NE001673,2026OB004150,MARILEI DE SOUZA LIMA,Ressarcimento deputada Cantora Mara Lima 08263-33.2026,6025.88
2026,5,339093,2026NE001677,2026OB004151,MARILEI DE SOUZA LIMA,Ressa.Deput.Cantora Mara Lima.Prot.08509-84.2026,5904.87
2026,5,339093,2026NE001772,2026OB004284,MARILEI DE SOUZA LIMA,"Ressarc. Dep. Mara Lima, 08840-71.2026",514.64
2026,5,339093,2026NE001382,2026OB003627,MARLY PAULINO FAGUNDES,"Ressarc. Dep. Marli Paulino, 07260-51.2026",2243.97
2026,5,339093,2026NE001458,2026OB003787,MARLY PAULINO FAGUNDES,Ressarcimento Deputada Marly Paulino 07261-24.2026,44442.72
2026,5,339093,2026NE001689,2026OB004158,MATHEUS VELOSO MARIA,Ressarcimento deputado Matheu Vermelho 07992-75.2026,41845.94
2026,5,339093,2026NE001414,2026OB003738,MAURICIO THADEU DE MELLO E SILVA,Ressarcimento Deputado Requião Filho 07551-51.2026,7181.11
2026,5,339093,2026NE001553,2026OB003944,MAURICIO THADEU DE MELLO E SILVA,Ressa.Requiao Filho.prot.08013-90.2026,21940.12
2026,5,339093,2026NE001331,2026OB003522,MOACYR ELIAS FADEL JUNIOR,Ressarcimento Deputado Moacyr Fadel 06663-68.2026,5280.23
2026,5,339093,2026NE001501,2026OB003862,MOACYR ELIAS FADEL JUNIOR,"Ressarc. Dep. Moacyr Fadel, 07470-07.2026",4076.0
2026,5,339093,2026NE001556,2026OB003936,MOACYR ELIAS FADEL JUNIOR,Ressarcimento Deputado Moacyr Fadel 07562-45.2026,24876.89
2026,5,339093,2026NE001588,2026OB004004,MOACYR ELIAS FADEL JUNIOR,Ressa.Deput.Moacyr.Prot.08131-08.2026,14940.66
2026,5,339093,2026NE001734,2026OB004225,MOACYR ELIAS FADEL JUNIOR,"Ressarc. Dep. Moacyr Fadel, 08695-09.2026",3500.0
2026,5,339093,2026NE001398,2026OB003690,Marcelo Rangel Cruz de Oliveira,Ressa.Deput.Marcelo Rangel.Prot.06721-54.2026,12864.91
2026,5,339093,2026NE001502,2026OB003863,Marcelo Rangel Cruz de Oliveira,"Ressarc. Dep. Marcelo Rangel, 07518-69.2026",7319.45
2026,5,339093,2026NE001538,2026OB003940,Marcelo Rangel Cruz de Oliveira,Ressarcimento Deputado Marcelo Rangel 07647-78.2026,22993.74
2026,5,339093,2026NE001590,2026OB003992,Marcelo Rangel Cruz de Oliveira,"Ressarc. Dep. Marcelo Rangel, 07930-03.2026",10560.0
2026,5,339093,2026NE001811,2026OB004401,Marcelo Rangel Cruz de Oliveira,Ressarcimento deputado Marcelo Rangel 08884-47.2026,6972.94
2026,5,339093,2026NE001555,2026OB003941,Mauro Rafael Moraes e Silva,Ressa.Deput.Mauro Moraes.Prot.07499-97.2026,42112.33
2026,5,339014,2026NE001645,2026OB004114,Mauro Rafael Moraes e Silva,"Ressarc. Dep. Mauro Moraes, 08405-79.2026",9031.01
2026,5,339014,2026NE001727,2026OB004219,Mauro Rafael Moraes e Silva,"Ressarc. Dep. Mauro Moraes, 08687-31.2026",5836.26
2026,5,339093,2026NE001462,2026OB003796,NEY LEPREVOST NETO,"Ressarc. Dep. Ney Leprevost, 07497-54.2026",41200.11
2026,5,339093,2026NE001338,2026OB003526,OZIEL LUIZ DE SOUZA,Ressarcimento deputado Batatinha 06651-04.2026,4152.83
2026,5,339093,2026NE001550,2026OB003976,OZIEL LUIZ DE SOUZA,"Ressarc. Dep. Batatinha, 07623-47.2026",5510.0
2026,5,339014,2026NE001547,2026OB003977,OZIEL LUIZ DE SOUZA,"Ressarc. Dep. Batatinha, 07623-47.2026",1756.03
2026,5,339093,2026NE001594,2026OB003996,OZIEL LUIZ DE SOUZA,"Ressarc. Dep. Batatinha, 07886-27.2026",6074.16
2026,5,339093,2026NE001586,2026OB004007,OZIEL LUIZ DE SOUZA,Ressarcimento Deputado Batatinha 07848-83.2026,15767.5
2026,5,339014,2026NE001649,2026OB004115,OZIEL LUIZ DE SOUZA,"Ressarc. Dep. Batatinha, 08395-58.2026",501.72
2026,5,339093,2026NE001650,2026OB004116,OZIEL LUIZ DE SOUZA,"Ressarc. Dep. Batatinha, 08395-58.2026",7010.45
2026,5,339093,2026NE001731,2026OB004220,OZIEL LUIZ DE SOUZA,Ressa.Deput.Batatinha.Prot.08650-60.2026,6733.59
2026,5,339014,2026NE001808,2026OB004348,OZIEL LUIZ DE SOUZA,"Ressarc. Dep. Batatinha, 09063-64.2026",312.66
2026,5,339093,2026NE001809,2026OB004349,OZIEL LUIZ DE SOUZA,"Ressarc. Dep. Batatinha, 09063-64.2026",770.6
2026,5,339093,2026NE001395,2026OB003692,PAULO ROBERTO MOREIRA GOMES JUNIOR,Ressarcimento Deputado Paulo Gomes 07334-90.2026,21307.77
2026,5,339014,2026NE001604,2026OB004008,PAULO ROBERTO MOREIRA GOMES JUNIOR,Ressa.Deput.Paulo Gomes.Prot.07931-73.2026,2006.9
2026,5,339093,2026NE001605,2026OB004009,PAULO ROBERTO MOREIRA GOMES JUNIOR,Ressa.Deput.Paulo Roberto.Prot.07931-73.2026,23707.52
2026,5,339093,2026NE001596,2026OB003998,PAULO ROGERIO DO CARMO,"Ressarc. Dep. Do Carmo, 08024-84.2026",4319.95
2026,5,339093,2026NE001600,2026OB004003,PAULO ROGERIO DO CARMO,Ressa.Deput.Do Carmo.Prot.07663-34.2026,40238.51
2026,5,339093,2026NE001770,2026OB004282,PAULO ROGERIO DO CARMO,"Ressarc. Dep. Do Carmo, 08938-44.2026",5644.49
2026,5,339093,2026NE001341,2026OB003540,PEDRO PAULO BAZANA,Ressarcimento Deputado Bzana 06772-35.2026,4502.66
2026,5,339093,2026NE001356,2026OB003548,PEDRO PAULO BAZANA,Ressa.Deput.Bazana.Prot.06276-41.2026,31809.15
2026,5,339093,2026NE001456,2026OB003790,PEDRO PAULO BAZANA,Ressarcimento Deputado Bazana 07472-50.2026,11203.85
2026,5,339093,2026NE001646,2026OB004131,PEDRO PAULO BAZANA,Ressarcimento deputado Bazana 07997-37.2026,32852.19
2026,5,339093,2026NE001438,2026OB003766,RENATO DE ALMEIDA FREITAS JUNIOR,Ressarcimento deputado Renato Freitas 06530-70.2026,6265.31
2026,5,339093,2026NE001682,2026OB004154,RENATO DE ALMEIDA FREITAS JUNIOR,"Ressarc. Dep. Renato Freitas, 08535-61.2026",17699.99
2026,5,339093,2026NE001684,2026OB004159,RENATO DE ALMEIDA FREITAS JUNIOR,Ressa.Deput.Renato Freitas.Prot.07630-52.2026,18795.38
2026,5,339014,2026NE001354,2026OB003545,RICARDO ARRUDA NUNES,Ressa.Deput.Ricardo Arruda.prot.06704-28.2026,3010.35
2026,5,339093,2026NE001355,2026OB003550,RICARDO ARRUDA NUNES,Ressa.Deput.Ricardo Arruda.prot.06704-28.2026,7345.16
2026,5,339093,2026NE001388,2026OB003696,RICARDO ARRUDA NUNES,"Ressarc. Dep, Ricardo Arruda, 07273-88.2026",2011.62
2026,5,339093,2026NE001574,2026OB003948,RICARDO ARRUDA NUNES,"Ressarc. Dep. Ricardo Arruda, 08161-71.2026",34328.26
2026,5,339014,2026NE001573,2026OB003949,RICARDO ARRUDA NUNES,"Ressarc. Dep. Ricardo Arruda, 08161-71.2026",11762.66
2026,5,339093,2026NE001672,2026OB004149,SAMUEL PEREIRA DA SILVA,"Ressarc. Dep. Samuel Dantas, 07718-04.2026",18915.0
2026,5,339093,2026NE001676,2026OB004157,SAMUEL PEREIRA DA SILVA,Ressa.Deput.Samuel Dantas.Prot.07720-47.2026,43980.64
2026,5,339093,2026NE001396,2026OB003693,TERCILIO LUIZ TURINI,Ressarcimento deputado Tercílio Turini 06479-89.2026,39246.59
2026,5,339093,2026NE001577,2026OB003946,TERCILIO LUIZ TURINI,Ressarcimento deputado Tercílio Turini 07471-77.2026,37346.06
2026,5,339093,2026NE001463,2026OB003797,THIAGO BUHRER,Ressarcimento Deputado Thiago Buhrer 07466-18.2026,44396.44
2026,5,339093,2026NE001419,2026OB003759,TITO LÍVIO BARICHELLO,"Ressarc. Dep. Tito Barichello, 07417-80.2026",9138.35
2026,5,339093,2026NE001429,2026OB003765,TITO LÍVIO BARICHELLO,"Ressarc. Dep. Tito Barichello, 07489-76.2026",8299.08
2026,5,339014,2026NE001450,2026OB003783,TITO LÍVIO BARICHELLO,"Ressarc. Dep. Tito Barichello, 07420-96.2026",4515.5
2026,5,339093,2026NE001454,2026OB003788,TITO LÍVIO BARICHELLO,"Ressarc. Dep. Tito Barichello, 07484-17.2026",636.9
2026,5,339093,2026NE001461,2026OB003794,TITO LÍVIO BARICHELLO,"Ressarc. Dep. Tito Barichello, 07513-10.2026",1100.0
2026,5,339093,2026NE001603,2026OB004028,TITO LÍVIO BARICHELLO,Ressarcimento deputdo Tito Barichello 08017-79.2026,19170.21
2026,5,339093,2026NE001651,2026OB004117,TITO LÍVIO BARICHELLO,"Ressarc. Dep. Tito Barichello, 08214-95.2026",7431.32
2026,5,339014,2026NE001669,2026OB004148,TITO LÍVIO BARICHELLO,"Ressarc. Dep. Tito Barichello, 08479-21.2026",8337.5
2026,6,339093,2026NE001878,2026OB004514,ADEMAR LUIZ TRAIANO,Ressa.Deput.Traiano.Prot.09293-62.2026,38057.19
2026,6,339093,2026NE002084,2026OB004971,ADRIANO JOSE DA SILVA,"Ressarc. Dep. Adriano José, 09104-24.2026",3765.09
2026,6,339093,2026NE002097,2026OB004977,ADRIANO JOSE DA SILVA,"Ressarc. Dep. Adriano José, 10930-95.2026",2620.83
2026,6,339093,2026NE002091,2026OB004981,ADRIANO JOSE DA SILVA,"Ressarc. Dep. Adriano José, 10762-72.2026",28952.99
2026,6,339093,2026NE001934,2026OB004626,ADÃO FERNANDES,Ressarcimento deputado Adão Litro 09342-97.2026,21393.22
2026,6,339093,2026NE002025,2026OB004852,ADÃO FERNANDES,Ressarcimento deputado Adão Litro 10229-10.2026,7942.83
2026,6,339093,2026NE002137,2026OB005084,ADÃO FERNANDES,Ressarcimento deputado Adão Litro 11184-27.2026,18827.99
2026,6,339014,2026NE001946,2026OB004647,ALEXANDRE AMARO,"Ressarc. Dep. Alexandre Amaro, 09512-66.2026",2188.59
2026,6,339093,2026NE001947,2026OB004648,ALEXANDRE AMARO,"Ressarc. Dep. Alexandre Amaro, 09512-66.2026",11467.13
2026,6,339014,2026NE002042,2026OB004905,ALEXANDRE AMARO,"Ressarc. Dep. Alexandre Amaro, 09857-63.2026",5732.04
2026,6,339093,2026NE002043,2026OB004906,ALEXANDRE AMARO,"Ressarc. Dep. Alexandre Amaro, 09857-63.2026",4581.85
2026,6,339093,2026NE002086,2026OB004975,ALEXANDRE AMARO,Ressarcimento deputado Alexndre Amaro 10296-44.2026,10654.76
2026,6,339093,2026NE002044,2026OB004904,ALISSON ANTHONY WANDSCHEER,Ressarcimento Deputado Alison Wandscheer 09391-35.2026,36650.48
2026,6,339093,2026NE002100,2026OB005056,ALISSON ANTHONY WANDSCHEER,"Ressarc. Dep. Alisson Wandscheer, 09392-08.2026",1361.09
2026,6,339014,2026NE001850,2026OB004431,ANA JULIA PIRES RIBEIRO,"Ressarc. Dep. Ana Julia, 08375-16.2026",17291.99
2026,6,339093,2026NE001851,2026OB004432,ANA JULIA PIRES RIBEIRO,"Ressarc. Dep. Ana Julia, 08375-16.2026",13645.07
2026,6,339093,2026NE001846,2026OB004433,ANA JULIA PIRES RIBEIRO,Ressa.Deput.Ana Julia.Prot.09016-72.2026,12234.04
2026,6,339093,2026NE001864,2026OB004507,ANA JULIA PIRES RIBEIRO,"Ressarc. Dep. Ana Julia, 09383-57.2026",776.92
2026,6,339093,2026NE002138,2026OB005082,ANA JULIA PIRES RIBEIRO,ressa.deput.Ana Julia.Prot.09804-39.2026,30432.09
2026,6,339014,2026NE002134,2026OB005083,ANA JULIA PIRES RIBEIRO,ressa.Deput.Ana Julia.Prot.09804-39.2026,1254.3
2026,6,339093,2026NE001951,2026OB004683,ANTENOR GOMES DE LIMA,"Ressarc. Dep. Dr. Antenor, 09518-98.2026",15171.27
2026,6,339093,2026NE002082,2026OB004972,ANTENOR GOMES DE LIMA,"Ressarc. Dep. Dr. Antenor, 10642-14.2026",30294.65
2026,6,339093,2026NE001899,2026OB004555,ANTONIO ANNIBELLI NETO,"Ressarc. Dep. Anibelli, 09480-57.2026",3460.86
2026,6,339093,2026NE001912,2026OB004614,ANTONIO ANNIBELLI NETO,"Ressarc. Dep. Anibelli, 09477-41.2026",1646.45
2026,6,339093,2026NE002034,2026OB004858,ANTONIO ANNIBELLI NETO,Ressarcimento deputado Anibeli 09648-80.2026,28006.37
2026,6,339093,2026NE002013,2026OB004864,ANTONIO ANNIBELLI NETO,"Ressarc. Dep. Anibelli, 10125-05.2026",979.03
2026,6,339093,2026NE002071,2026OB004894,ANTONIO ANNIBELLI NETO,"Ressarc. Dep. Anibelli, 10766-61.2026",1228.76
2026,6,339093,2026NE002150,2026OB005090,ANTONIO ANNIBELLI NETO,"Ressarc. Dep. Anibelli, 11250-88.2026",2123.81
2026,6,339093,2026NE002001,2026OB004760,ARILSON MAROLDI CHIORATO,Ressarcimento Deputado Arilson Chiorato 09591-67.2026,41368.95
2026,6,339014,2026NE001897,2026OB004553,ARTAGAO DE MATTOS LEÃO JUNIOR,"Ressarc. Dep. Artagão, 09459-42.2026",1459.08
2026,6,339093,2026NE001898,2026OB004554,ARTAGAO DE MATTOS LEÃO JUNIOR,"Ressarc. Dep. Artagão, 09459-42.2026",850.85
2026,6,339014,2026NE001901,2026OB004556,ARTAGAO DE MATTOS LEÃO JUNIOR,"Ressarc. Dep. Artagão, 09448-48.2026",2501.26
2026,6,339093,2026NE001902,2026OB004557,ARTAGAO DE MATTOS LEÃO JUNIOR,"Ressarc. Dep. Artagão, 09448-48.2026",2309.45
2026,6,339014,2026NE001932,2026OB004623,ARTAGAO DE MATTOS LEÃO JUNIOR,"Ressarc. Dep. Artagão, 09440-70.2026",1875.93
2026,6,339093,2026NE001933,2026OB004624,ARTAGAO DE MATTOS LEÃO JUNIOR,"Ressarc. Dep. Artagão, 09440-70.2026",1379.31
2026,6,339093,2026NE001939,2026OB004629,ARTAGAO DE MATTOS LEÃO JUNIOR,"Ressarc. Dep. Artagão, 09585-35.2026",2000.0
2026,6,339093,2026NE001945,2026OB004637,ARTAGAO DE MATTOS LEÃO JUNIOR,"Ressarc. Dep. Artagão, 09583-89.2026",4000.0
2026,6,339093,2026NE001990,2026OB004747,ARTAGAO DE MATTOS LEÃO JUNIOR,"Ressarc. Dep. Artagão, 09818-49.2026",2108.41
2026,6,339014,2026NE001989,2026OB004748,ARTAGAO DE MATTOS LEÃO JUNIOR,"Ressarc. Dep. Artagão, 09818-49.2026",2918.12
2026,6,339014,2026NE001987,2026OB004752,ARTAGAO DE MATTOS LEÃO JUNIOR,"Ressarc. Dep. Artagão, 09783-24.2026",833.76
2026,6,339093,2026NE001988,2026OB004753,ARTAGAO DE MATTOS LEÃO JUNIOR,"Ressarc. Dep. Artagão, 09783-24.2026",2377.07
2026,6,339014,2026NE002068,2026OB004897,ARTAGAO DE MATTOS LEÃO JUNIOR,"Ressarc. Dep. Artagão, 10717-26.2026",2501.26
2026,6,339093,2026NE002069,2026OB004898,ARTAGAO DE MATTOS LEÃO JUNIOR,"Ressarc. Dep. Artagão, 10717-26.2026",1735.28
2026,6,339093,2026NE002108,2026OB005057,ARTAGAO DE MATTOS LEÃO JUNIOR,"Ressarc. Dep. Artagão, 11134-19.2026",10565.8
2026,6,339014,2026NE002124,2026OB005075,ARTAGAO DE MATTOS LEÃO JUNIOR,"Ressarc. Dep. Artagão, 11315-79.2026",1459.08
2026,6,339093,2026NE002135,2026OB005086,ARTAGAO DE MATTOS LEÃO JUNIOR,"Ressarc. Dep. Artagão, 11312-63.2026",2112.76
2026,6,339014,2026NE002133,2026OB005087,ARTAGAO DE MATTOS LEÃO JUNIOR,"Ressarc. Dep. Artagão, 11312-63.2026",4168.76
2026,6,339093,2026NE001935,2026OB004625,Aldino Jorge Bueno,"Ressarc. Dep. Gugu Bueno, 09716-87.2026",6145.37
2026,6,339093,2026NE002018,2026OB004867,Aldino Jorge Bueno,"Ressarc. Dep. Gugu Bueno, 10586-71.2026",9514.42
2026,6,339093,2026NE002096,2026OB004978,Aldino Jorge Bueno,"Ressarc. Dep. Gugu Bueno, 11111-58.2026",14056.92
2026,6,339093,2026NE002012,2026OB004871,Alexandre Maranhão Curi,"Ressarc. Dep. Alexandre Curi, 10575-77.2026",28935.78
2026,6,339093,2026NE001848,2026OB004429,CLOARA PINHEIRO LIMA,"Ressarc. Dep. Cloara Pinheiro, 09290-46.2026",10600.0
2026,6,339093,2026NE001845,2026OB004434,CLOARA PINHEIRO LIMA,Ressa.Deput.Cloara.Prot.09291-19.2026,7803.77
2026,6,339093,2026NE001995,2026OB004756,CLOARA PINHEIRO LIMA,Ressa.Deput.Cloara Pinheiro.Prot.09725-38.2026,7371.05
2026,6,339014,2026NE001919,2026OB004617,DENIAN COUTO COELHO,"Ressarc. Dep. Denian Couto, 09454-80.2026",6670.0
2026,6,339093,2026NE001920,2026OB004618,DENIAN COUTO COELHO,"Ressarc. Dep. Denian Couto, 09454-80.2026",2434.89
2026,6,339014,2026NE001943,2026OB004635,DENIAN COUTO COELHO,"Ressarc. Dep. Denian Couto, 09532-11.2026",1250.62
2026,6,339093,2026NE001965,2026OB004688,DENIAN COUTO COELHO,"Ressarc. Dep. Denian Couto, 09712-98.2026",10399.9
2026,6,339014,2026NE002062,2026OB004895,DENIAN COUTO COELHO,"Ressarc. Dep. Denian Couto, 10334-85.2026",2605.48
2026,6,339093,2026NE002063,2026OB004896,DENIAN COUTO COELHO,"Ressarc. Dep. Denian Couto, 10334-85.2026",6595.86
2026,6,339093,2026NE001905,2026OB004561,DEVANIL REGINALDO DA SILVA,Ressarcimento deputado Cobra Repórter 09506-34.2026,4363.99
2026,6,339093,2026NE002041,2026OB004907,DEVANIL REGINALDO DA SILVA,"Ressarc. Dep. Cobra Reporter, 10323-91.2026",21875.39
2026,6,339093,2026NE001882,2026OB004548,EVANDRO JOSE DA CRUZ ARAUJO,Ressarcimento Deputado Evandro Araújo 09368-74.2026,23123.25
2026,6,339093,2026NE001994,2026OB004749,EVANDRO JOSE DA CRUZ ARAUJO,"Ressarc. Dep. Evandro Araújo, 09867-84.2026",2375.45
2026,6,339093,2026NE001991,2026OB004750,EVANDRO JOSE DA CRUZ ARAUJO,"Ressarc. Dep. Evandro Araujo, 09905-28.2026",1986.72
2026,6,339093,2026NE002136,2026OB005076,EVANDRO JOSE DA CRUZ ARAUJO,"Ressarc. Dep. Evandro Araújo, 11222-68.2026",4253.72
2026,6,339093,2026NE001900,2026OB004559,FABIO OLIVEIRA,ressa.Deput.Fabio Oliveira.Prot.09449-21.2026,1751.59
2026,6,339093,2026NE001917,2026OB004616,FABIO OLIVEIRA,"Ressarc. Dep. Fabio Oliveira, 09430-49.2026",13061.6
2026,6,339093,2026NE001929,2026OB004640,FABIO OLIVEIRA,Ressarcimento Deputado Fábio Oliveira 09352-21.2026,4052.0
2026,6,339093,2026NE002021,2026OB004851,FABIO OLIVEIRA,Ressarcimento deputado Fábio Oliveira 09781-78.2026,2663.91
2026,6,339093,2026NE002081,2026OB004973,FABIO OLIVEIRA,Ressarcimento deputado Fábio Oliveira 10572-61.2026,11912.85
2026,6,339093,2026NE002128,2026OB005077,FABIO OLIVEIRA,Ressarcimento Deputado Fábio Oliveira 11168-71.2026,4687.67
2026,6,339014,2026NE001873,2026OB004502,FLAVIA CAROLINA RESENDE JABER FRANCISCHINI,"Ressarc. Dep. Flavia FRancischini, 09497-83.2026",3647.67
2026,6,339093,2026NE001874,2026OB004503,FLAVIA CAROLINA RESENDE JABER FRANCISCHINI,"Ressarc. Dep. Flavia FRancischini, 09497-83.2026",20642.66
2026,6,339014,2026NE001875,2026OB004512,FLAVIA CAROLINA RESENDE JABER FRANCISCHINI,"Ressarc. Dep. Flavia Francischini, 09473-52.2026",2084.4
2026,6,339093,2026NE001876,2026OB004513,FLAVIA CAROLINA RESENDE JABER FRANCISCHINI,"Ressarc. Dep. Flavia Francischini, 09473-52.2026",1536.25
2026,6,339093,2026NE001938,2026OB004627,FLAVIA CAROLINA RESENDE JABER FRANCISCHINI,"Ressarc. Dep. Flavia Francischini, 09731-70.2026",10199.98
2026,6,339014,2026NE002061,2026OB004892,FLAVIA CAROLINA RESENDE JABER FRANCISCHINI,"Ressarc. Dep. Flavia Francischini, 10955-02.2026",2084.39
2026,6,339014,2026NE002092,2026OB004979,FLAVIA CAROLINA RESENDE JABER FRANCISCHINI,"Ressarc. Dep. Flavia Francischini, 11182-81.2026",521.1
2026,6,339093,2026NE002094,2026OB004980,FLAVIA CAROLINA RESENDE JABER FRANCISCHINI,"Ressarc. Dep. Flavia Francischini, 11182-81.2026",483.0
2026,6,339093,2026NE001869,2026OB004511,GILSON DE SOUZA,"Ressarc. Dep. Gilson de Souza, 09471-09.2026",3076.0
2026,6,339093,2026NE001998,2026OB004758,GILSON DE SOUZA,Ressarcimento deputado Gilson de Souza 10228-37.2026,18693.75
2026,6,339093,2026NE002075,2026OB004925,GILSON DE SOUZA,ressa.deput.Gilson de souza.prot.10926-09.2026,9148.76
2026,6,339093,2026NE001865,2026OB004509,HUSSEIN BAKRI,Ressarcimento Deputdo Hussein Bakri 09357-80.2026,24441.56
2026,6,339093,2026NE002000,2026OB004754,HUSSEIN BAKRI,Ressarcimento deputado Hussein Bakri 10412-16.2026,12880.57
2026,6,339093,2026NE001852,2026OB004436,ISABEL CRISTINA RAUEN SILVESTRI,Ressarcimento Deputadaa Cristina Silvetri 09151-16.2026,44124.26
2026,6,339093,2026NE001942,2026OB004634,ISABEL CRISTINA RAUEN SILVESTRI,"Ressarc. Dep. Cristina Silvestri, 09609-66.2026",4000.0
2026,6,339093,2026NE001866,2026OB004510,JORGE GOMES DE OLIVEIRA BRAND,Ressa.Deput.Goura.Prot.09170-85.2026,4465.86
2026,6,339093,2026NE002035,2026OB004857,JORGE GOMES DE OLIVEIRA BRAND,Ressarcimento Deputado Goura 09673-84.2026,32325.42
2026,6,339093,2026NE001992,2026OB004759,JOSE APARECIDO JACOVOS,Ressarcimento deputado Jacovós 09464-04.2026,44393.42
2026,6,339093,2026NE001948,2026OB004646,JOSE GILBERTO DO CARMO ALVES RIBEIRO,"Ressarc. Dep. Gilberto Ribeiro, 09359-26.2026",4300.0
2026,6,339093,2026NE001968,2026OB004692,JOSE GILBERTO DO CARMO ALVES RIBEIRO,Ressarcimento deputado Gilberto Ribeiro 09669-95.2026,14464.78
2026,6,339093,2026NE002074,2026OB004923,JOSE GILBERTO DO CARMO ALVES RIBEIRO,ressa.Deput.Gilberto Ribeiro.Prot.10753-24.2026,12400.51
2026,6,339093,2026NE002101,2026OB005061,JOSE GILBERTO DO CARMO ALVES RIBEIRO,"Ressarc. Dep. Gilberto Ribeiro, 11129-57.2026",4510.45
2026,6,339093,2026NE001847,2026OB004428,JOSE RODRIGUES LEMOS,"Ressarc. Dep. Prof. Lemos, 09165-26.2026",15900.0
2026,6,339093,2026NE002022,2026OB004853,JOSE RODRIGUES LEMOS,Ressarcimento deputado Professor Lemos 09794-18.2026,23012.28
2026,6,339093,2026NE002066,2026OB004903,JOSE RODRIGUES LEMOS,"Ressarc. Dep. Prof. Lemos, 10798-70.2026",6656.0
2026,6,339093,2026NE002149,2026OB005089,JOSE RODRIGUES LEMOS,"Ressarc. Dep. Prof. Lemos, 11386-05.2026",12884.53
2026,6,339093,2026NE001960,2026OB004687,Jairo Tamura,"Ressarc. Dep. Jairo Tamura, 09601-88.2026",13361.61
2026,6,339093,2026NE002038,2026OB004854,Jairo Tamura,Ressarcmento deputado Jairo Tamura 09964-84.2026,8937.56
2026,6,339093,2026NE002033,2026OB004855,Jairo Tamura,Ressarcimento deputado Jairo Tamura 10061-84.2026,9956.88
2026,6,339093,2026NE002083,2026OB004974,Jairo Tamura,Ressarcimento deputado Jairo Tamura 10987-11.2026,6131.66
2026,6,339093,2026NE001963,2026OB004685,LEONIDAS FAVERO NETO,"Ressarc. Dep. Dr. Leonidas, 09663-63.2026",21311.21
2026,6,339093,2026NE001962,2026OB004686,LEONIDAS FAVERO NETO,"Ressarc. Dep. Dr. Leonidas, 09661-20.2026",2779.88
2026,6,339093,2026NE002023,2026OB004866,LEONIDAS FAVERO NETO,"Ressarc. Dep. Dr. Leonidas, 10281-61.2026",7585.81
2026,6,339093,2026NE002087,2026OB004970,LEONIDAS FAVERO NETO,"Ressarc. Dep. Dr. Leonidas, 10918-31.2026",7100.0
2026,6,339093,2026NE002103,2026OB005060,LEONIDAS FAVERO NETO,"Ressarc. Dep. Dr. Leonidas, 11152-18.2026",7817.79
2026,6,339093,2026NE001853,2026OB004435,LUCIANA GUZELLA RAFAGNIN,Ressarcimento Deputada Luciana Rafagnin 09111-29.2026,13929.85
2026,6,339093,2026NE001996,2026OB004757,LUCIANA GUZELLA RAFAGNIN,Ressarcimento deputada Luciana Rafagnin 09674-57.2026,8357.67
2026,6,339093,2026NE002127,2026OB005085,LUCIANA GUZELLA RAFAGNIN,Ressarcimento Deputada Luciana Rafagnin 11106-96.2026,17780.26
2026,6,339014,2026NE001861,2026OB004498,LUIS RAIMUNDO CORTI,"Ressarc. Dep. Luis Corti, 09210-72.2026",5732.05
2026,6,339093,2026NE001862,2026OB004499,LUIS RAIMUNDO CORTI,"Ressarc. Dep. Luis Corti, 09210-72.2026",7399.57
2026,6,339093,2026NE002011,2026OB004863,LUIZ CLAUDIO ROMANELLI,"Ressarc. Dep. Romanelli, 10092-23.2026",4300.0
2026,6,339093,2026NE002079,2026OB004926,LUIZ CLAUDIO ROMANELLI,Ressarcimento Deputado Romaneli 10545-14.2026,41271.48
2026,6,339093,2026NE001913,2026OB004615,MABEL CORA CANTO,"Ressarc. Dep. Mabel Canto, 09375-79.2026",774.5
2026,6,339093,2026NE002055,2026OB004890,MABEL CORA CANTO,Ressarcimento Deputada Mabel Canto 09875-62.2026,22890.47
2026,6,339093,2026NE002027,2026OB004862,MARCIA CECILIA HUÇULAK,"Ressarc. Dep. Marcia Huçulak, 09745-80.2026",768.29
2026,6,339093,2026NE002104,2026OB005078,MARCIA CECILIA HUÇULAK,Ressarcimento Deputada Márcia Huçulak 10668-88.2026,43704.8
2026,6,339093,2026NE001918,2026OB004622,MARCIO FERNANDES NUNES,Ressarcimento deputado Márcio Nunes 09326-44.2026,9765.2
2026,6,339093,2026NE002102,2026OB005079,MARCIO FERNANDES NUNES,Ressarcimento Deputado Márcio Nunes 10822-04.2026,36299.7
2026,6,339093,2026NE001944,2026OB004638,MARCIO JOSE PACHECO RAMOS,Ressarcimento Deputado Márcio Pacheco 09388-19.2026,13429.33
2026,6,339093,2026NE002093,2026OB005059,MARCIO JOSE PACHECO RAMOS,Ressarcimento deputado Mácio Pacheco 10489-71.2026,23202.34
2026,6,339093,2026NE002148,2026OB005092,MARCIO JOSE PACHECO RAMOS,Ressarcimento deputado Marcio Pacheco 11227-30.2026,13035.05
2026,6,339093,2026NE001896,2026OB004560,MARIA VICTORIA BORGHETTI BARROS,Ressa.Deput.Maria Victoria.Prot.09638-59.2026,11569.32
2026,6,339093,2026NE001949,2026OB004645,MARIA VICTORIA BORGHETTI BARROS,"Ressarc. Dep. Maria Victoria, 09617-44.2026",6400.0
2026,6,339093,2026NE001993,2026OB004751,MARIA VICTORIA BORGHETTI BARROS,"Ressarc. Dep. Maria Victoria, 10519-37.2026",15041.28
2026,6,339093,2026NE002060,2026OB004899,MARIA VICTORIA BORGHETTI BARROS,"Ressarc. Dep. Maria Victoria, 10808-91.2026",4878.27
2026,6,339093,2026NE001972,2026OB004690,MARILEI DE SOUZA LIMA,Ressarcimento cantora Mara Lima 09500-02.2026,4977.3
2026,6,339093,2026NE001997,2026OB004755,MARILEI DE SOUZA LIMA,Ressa.Deput.Cantora Mara Lima.Prot.09744-10.2026,5130.58
2026,6,339093,2026NE002032,2026OB004856,MARILEI DE SOUZA LIMA,"Ressarc. Dep. Mara Lima, 09443-86.2026",7468.82
2026,6,339093,2026NE002031,2026OB004859,MARILEI DE SOUZA LIMA,"Ressarc. Dep. Mara Lima, 09847-42.2026",18614.71
2026,6,339093,2026NE002139,2026OB005074,MARILEI DE SOUZA LIMA,ressa.Deput.Cantora Mara Lima.prot.10337-04.2026,7824.26
2026,6,339093,2026NE001877,2026OB004516,MARLY PAULINO FAGUNDES,Ressa.Deput.Marly.Prot.09149-70.2026,44366.41
2026,6,339093,2026NE002072,2026OB004900,MATHEUS VELOSO MARIA,Ressarcimento Deputado Mtheus Vermelho 10459-08.2026,40135.31
2026,6,339014,2026NE002067,2026OB004901,MATHEUS VELOSO MARIA,Ressarcimento Deputado Mtheu Vermelho 10459-08.2026,3647.67
2026,6,339093,2026NE001860,2026OB004508,MAURICIO THADEU DE MELLO E SILVA,Ressarcimento Deputado Requião Filho 09351-48.2026,18230.33
2026,6,339093,2026NE001969,2026OB004693,MAURICIO THADEU DE MELLO E SILVA,Ressarcimento Deputado Requião Filho 10086-88.2026,28878.43
2026,6,339093,2026NE001923,2026OB004619,MOACYR ELIAS FADEL JUNIOR,Ressarcimento Deputado Moacyr Fadel 09428-06.2026,23490.57
2026,6,339093,2026NE002010,2026OB004865,MOACYR ELIAS FADEL JUNIOR,"Ressarc. Dep. Moacyr Fadel, 10246-36.2026",16833.17
2026,6,339093,2026NE002125,2026OB005080,MOACYR ELIAS FADEL JUNIOR,"Ressarc. Dep. Moacyr Fadel, 11311-90.2026",3022.01
2026,6,339093,2026NE001911,2026OB004613,Marcelo Rangel Cruz de Oliveira,"Ressarc. Dep. Marcelo Rangel, 09385-03.2026",2946.01
2026,6,339093,2026NE001921,2026OB004620,Marcelo Rangel Cruz de Oliveira,Ressarcimento Deputado Marcelo Rangel 09510-23.2026,22718.77
2026,6,339093,2026NE002077,2026OB004924,Marcelo Rangel Cruz de Oliveira,"Ressarc. Dep. Marcelo Rangel, 10652-35.2026",12088.19
2026,6,339093,2026NE001931,2026OB004628,Mauro Rafael Moraes e Silva,"Ressarc. Dep. Mauro Moraes, 09349-05.2026",28300.0
2026,6,339093,2026NE002095,2026OB004982,NEY LEPREVOST NETO,"Ressarc. Dep. Ney Leprevost, 09917-92.2026",43350.88
2026,6,339093,2026NE001904,2026OB004562,OZIEL LUIZ DE SOUZA,Ressarcimento Deputado Batatinha 09399-13.2026,3424.1
2026,6,339093,2026NE001966,2026OB004694,OZIEL LUIZ DE SOUZA,"Ressarc. Dep. Batatinha, 09690-13.2026",6765.25
2026,6,339093,2026NE002004,2026OB004762,OZIEL LUIZ DE SOUZA,"Ressarc. Dep. Batatinha, 10007-87.2026",12079.07
2026,6,339093,2026NE002003,2026OB004763,OZIEL LUIZ DE SOUZA,"Ressarc. Dep. Batatinha, 10161-03.2026",4211.85
2026,6,339093,2026NE002009,2026OB004860,OZIEL LUIZ DE SOUZA,"Ressarc. Dep. Batatinha, 09748-96.2026",9921.12
2026,6,339093,2026NE002140,2026OB005088,OZIEL LUIZ DE SOUZA,"ressa.deput.batatinha.prot,11174-06.2026",2989.59
2026,6,339093,2026NE001859,2026OB004500,PAULO ROBERTO MOREIRA GOMES JUNIOR,Ressarcimento deputado Paulo Gomes 09297-51.2026,18727.04
2026,6,339093,2026NE002036,2026OB004891,PAULO ROBERTO MOREIRA GOMES JUNIOR,Ressarcmento Deputado Paulo Gomes 09851-31.2026,25502.32
2026,6,339093,2026NE001940,2026OB004633,PAULO ROGERIO DO CARMO,Ressarcimento deputado Do Carmo 09320-12.2026,43885.19
2026,6,339093,2026NE002064,2026OB004893,PAULO ROGERIO DO CARMO,"Ressarc. Dep. Do Carmo, 10619-53.2026",5510.17
2026,6,339093,2026NE002070,2026OB004902,PAULO ROGERIO DO CARMO,"Ressarc. Dep. Do Carmo, 10622-69.2026",28140.0
2026,6,339093,2026NE001903,2026OB004558,PEDRO PAULO BAZANA,"Ressarc. Dep. Bazana, 09318-66.2026",5127.74
2026,6,339093,2026NE001914,2026OB004621,PEDRO PAULO BAZANA,Ressarcimento Deputado Bazana 09317-93.2026,11552.28
2026,6,339093,2026NE002037,2026OB004908,PEDRO PAULO BAZANA,Ressarcimento Deputado Bana 09880-24.2026,27486.9
2026,6,339093,2026NE002126,2026OB005081,PEDRO PAULO BAZANA,"Ressarc. Dep. Bazana, 11262-55.2026",10500.0
2026,6,339093,2026NE001883,2026OB004549,RENATO DE ALMEIDA FREITAS JUNIOR,Ressarcimento Deputado Renato Freitas 09177-90.2026,10745.58
2026,6,339093,2026NE002089,2026OB004976,RENATO DE ALMEIDA FREITAS JUNIOR,Ressa.Deput.Renato Freitas.prot.10939-46.2026,21699.99
2026,6,339093,2026NE002111,2026OB005091,RENATO DE ALMEIDA FREITAS JUNIOR,Ressa.Deput.Renato Freitas.Prot09508-77.2026,15973.29
2026,6,339093,2026NE001863,2026OB004501,RICARDO ARRUDA NUNES,"Ressarc. Dep. Ricardo Arruda, 09376-52.2026",3691.79
2026,6,339014,2026NE001915,2026OB004630,RICARDO ARRUDA NUNES,"Ressarc. Dep. Ricardo Arruda, 09516-55.2026",5210.95
2026,6,339093,2026NE001916,2026OB004631,RICARDO ARRUDA NUNES,"Ressarc. Dep. Ricardo Arruda, 09516-55.2026",13612.31
2026,6,339093,2026NE002113,2026OB005063,RICARDO ARRUDA NUNES,"Ressarc. Dep. Ricardo Arruda, 11172-60.2026",8128.44
2026,6,339014,2026NE002112,2026OB005064,RICARDO ARRUDA NUNES,"Ressarc. Dep. Ricardo Arruda, 11172-60.2026",5210.95
2026,6,339093,2026NE001999,2026OB004761,SAMUEL PEREIRA DA SILVA,Ressarcimento DEputado Samuel Dantas 09577-57.2026,44403.28
2026,6,339093,2026NE001967,2026OB004691,TERCILIO LUIZ TURINI,Ressarcimento Deputado Tercilio Turini 09496-13.2026,39447.36
2026,6,339093,2026NE001926,2026OB004639,THIAGO BUHRER,Ressarcimento deputado Thiago Buhrer 09338-11.2026,44443.15
2026,6,339093,2026NE001849,2026OB004430,TITO LÍVIO BARICHELLO,"Ressarc. Dep. Tito Barichello, 09298-24.2026",1674.9
2026,6,339093,2026NE001885,2026OB004546,TITO LÍVIO BARICHELLO,Ressa.Deput.Tito.Prot.09365-58.2026,2436.92
2026,6,339093,2026NE001941,2026OB004644,TITO LÍVIO BARICHELLO,Ressarcimento deputado Tito Barrichello 09377-25.2026,5168.45
2026,6,339093,2026NE001950,2026OB004682,TITO LÍVIO BARICHELLO,"Ressarc. Dep. Tito Barichello, 09599-45.2026",12567.54
2026,6,339093,2026NE001961,2026OB004684,TITO LÍVIO BARICHELLO,"Ressarc. Dep. Tito Barichello, 09288-03.2026",10798.0
2026,6,339093,2026NE002028,2026OB004861,TITO LÍVIO BARICHELLO,"Ressarc. Dep. Tito Barichello, 09843-53.2026",8712.27
2026,6,339093,2026NE002114,2026OB005062,TITO LÍVIO BARICHELLO,"Ressarc. Dep. Tito Barichello, 11216-36.2026",1164.0
2026,7,339093,2026NE002321,2026OB005578,ADEMAR LUIZ TRAIANO,Ressarcimento Deputado Traiano 11951-76.2026,35053.2
2026,7,339093,2026NE002456,2026OB005881,ADRIANO JOSE DA SILVA,Ressarcimento Deputado Adriano José 12528-17.2026,29473.48
2026,7,339093,2026NE002535,2026OB006063,ADRIANO JOSE DA SILVA,ressarcimento deputado Adriano José 13212-76.2026,4639.47
2026,7,339093,2026NE002575,2026OB006151,ADRIANO JOSE DA SILVA,"Ressarc. Dep. Adriano José, 13538-04.2026",5224.17
2026,7,339093,2026NE002266,2026OB005398,ADÃO FERNANDES,Ressarcimento Deputado Adão Litro 11823-40.2026,17433.91
2026,7,339093,2026NE002386,2026OB005680,ADÃO FERNANDES,"Ressarc. Dep. Adão Litro, 12358-48.2026",7000.0
2026,7,339093,2026NE002461,2026OB005882,ADÃO FERNANDES,Ressarcimento deputado Adão Litro 12782-46.2026,5098.44
2026,7,339093,2026NE002518,2026OB006001,ADÃO FERNANDES,"Ressarc. Dep. Adão Litro, 13321-43.2026",17368.02
2026,7,339093,2026NE002197,2026OB005231,ALEXANDRE AMARO,Ressarcimento Deputado Alexandre Amaro 11355-66.2026,2928.39
2026,7,339093,2026NE002392,2026OB005690,ALEXANDRE AMARO,Ressa.Deput.Alexandre Amaro.Prot.12101-03.2026,10750.34
2026,7,339093,2026NE002405,2026OB005817,ALEXANDRE AMARO,Ressarcimento Deputado Alexandre Amaro 12355-32.2026,5318.86
2026,7,339093,2026NE002477,2026OB005907,ALEXANDRE AMARO,Ressarcimento deputado Alexandre Amaro 12841-05.2026,9554.03
2026,7,339093,2026NE002541,2026OB006059,ALEXANDRE AMARO,Ressarcimento deputado Alexandre Amaro 13342-58.2026,2500.49
2026,7,339093,2026NE002399,2026OB005749,ALISSON ANTHONY WANDSCHEER,"Ressarc. Dep. Alisson Wandscherr, 12379-63.2026",12637.2
2026,7,339093,2026NE002301,2026OB005473,ANA JULIA PIRES RIBEIRO,"Ressarc. Dep. Ana Julia, 11804-68.2026",16988.96
2026,7,339093,2026NE002459,2026OB005884,ANA JULIA PIRES RIBEIRO,Ressarcimento deputada Ana Júlia 12385-95.2026,27148.58
2026,7,339093,2026NE002583,2026OB006156,ANA JULIA PIRES RIBEIRO,"Ressarc. Dep. Ana Julia, 13775-07.2026",4827.98
2026,7,339093,2026NE002582,2026OB006158,ANA JULIA PIRES RIBEIRO,"Ressarc. Dep. Ana Julia, 13393-39.2026",16117.35
2026,7,339093,2026NE002496,2026OB005957,ANTENOR GOMES DE LIMA,"Ressarc. Dep. Dr. Antenor, 13067-14.2026",10078.36
2026,7,339093,2026NE002522,2026OB006008,ANTENOR GOMES DE LIMA,"Ressarc. Dep. Dr. Antenor, 13056-20.2026",12971.29
2026,7,339093,2026NE002225,2026OB005255,ANTONIO ANNIBELLI NETO,"Ressarc. Dep. Anibelli, 11761-65.2026",2680.73
2026,7,339093,2026NE002429,2026OB005825,ANTONIO ANNIBELLI NETO,"Ressarc. Dep. Anibelli, 12312-29.2026",33885.6
2026,7,339093,2026NE002502,2026OB005958,ANTONIO ANNIBELLI NETO,"Ressarc. Dep. Anibelli Neto, 13281-56.2026",528.19
2026,7,339093,2026NE002495,2026OB005961,ANTONIO ANNIBELLI NETO,"Ressarc. Dep. Anibelli Neto, 13286-18.2026",2755.87
2026,7,339093,2026NE002581,2026OB006161,ANTONIO ANNIBELLI NETO,"Ressarc. Dep. Anibelli Neto, 13786-98.2026",6864.26
2026,7,339093,2026NE002355,2026OB005639,ARILSON MAROLDI CHIORATO,Ressarcimento deputado Arilson Chiorato 11990-90.2026,8292.22
2026,7,339093,2026NE002526,2026OB006054,ARILSON MAROLDI CHIORATO,Ressarcimento deputado Arilson Chiorato 12656-53.2026,30064.6
2026,7,339014,2026NE002307,2026OB005478,ARTAGAO DE MATTOS LEÃO JUNIOR,"Ressarc. Dep. Artagão, 12023-72.2026",2292.84
2026,7,339093,2026NE002308,2026OB005479,ARTAGAO DE MATTOS LEÃO JUNIOR,"Ressarc. Dep. Artagão, 12023-72.2026",5563.87
2026,7,339014,2026NE002435,2026OB005819,ARTAGAO DE MATTOS LEÃO JUNIOR,"Ressarc. Dep. Artagao, 12423-39.2026",4168.76
2026,7,339093,2026NE002436,2026OB005820,ARTAGAO DE MATTOS LEÃO JUNIOR,"Ressarc. Dep. Artagao, 12423-39.2026",5723.85
2026,7,339093,2026NE002485,2026OB005914,ARTAGAO DE MATTOS LEÃO JUNIOR,"Ressarc. Dep. Artagão, 12907-66.2026",647.53
2026,7,339014,2026NE002483,2026OB005915,ARTAGAO DE MATTOS LEÃO JUNIOR,"Ressarc. Dep. Artagão, 12907-66.2026",1146.42
2026,7,339093,2026NE002487,2026OB005918,ARTAGAO DE MATTOS LEÃO JUNIOR,"Ressarc. Dep. Artagão, 12903-77.2026",3430.79
2026,7,339014,2026NE002486,2026OB005919,ARTAGAO DE MATTOS LEÃO JUNIOR,"Ressarc. Dep. Artagão, 12903-77.2026",4168.76
2026,7,339093,2026NE002505,2026OB005965,ARTAGAO DE MATTOS LEÃO JUNIOR,"Ressarc. Dep. Artagão, 13251-90.2026",3043.16
2026,7,339014,2026NE002504,2026OB005966,ARTAGAO DE MATTOS LEÃO JUNIOR,"Ressarc. Dep. Artagão, 13251-90.2026",2605.48
2026,7,339093,2026NE002524,2026OB006003,ARTAGAO DE MATTOS LEÃO JUNIOR,"Ressarc. Dep. Artagão, 13263-57.2026",2466.36
2026,7,339014,2026NE002523,2026OB006004,ARTAGAO DE MATTOS LEÃO JUNIOR,"Ressarc. Dep. Artagão, 13263-57.2026",2292.81
2026,7,339093,2026NE002203,2026OB005234,Aldino Jorge Bueno,"Ressarc. Dep. Gugu Bueno, 11503-47.2026",1965.62
2026,7,339093,2026NE002300,2026OB005469,Aldino Jorge Bueno,"Ressarc. Dep. Gugu Bueno, 12200-46.2026",16747.9
2026,7,339093,2026NE002380,2026OB005695,Aldino Jorge Bueno,"Ressarc. Dep. Gugu Bueno, 12628-33.2026",12945.21
2026,7,339093,2026NE002500,2026OB005959,Aldino Jorge Bueno,"Ressarc. Dep. Gugu Bueno, 13169-73.2026",12462.05
2026,7,339093,2026NE002371,2026OB005640,Alexandre Maranhão Curi,"Ressarc. Dep. Alexandre Curi, 12467-15.2026",27961.68
2026,7,339093,2026NE002286,2026OB005405,CLOARA PINHEIRO LIMA,"Ressarc. Dep. Cloara Pinheiro, 11952-49.2026",17504.33
2026,7,339093,2026NE002506,2026OB005964,CLOARA PINHEIRO LIMA,"Ressarc. Dep. Cloara Pinheiro, 12724-60.2026",6548.33
2026,7,339093,2026NE002574,2026OB006153,CLOARA PINHEIRO LIMA,"Ressarc. Dep. Cloara Pinheiro, 13347-20.2026",10253.32
2026,7,339093,2026NE002195,2026OB005225,DENIAN COUTO COELHO,"Ressarc. Dep. Denian Couto, 11481-59.2026",2596.68
2026,7,339014,2026NE002194,2026OB005226,DENIAN COUTO COELHO,"Ressarc. Dep. Denian Couto, 11481-59.2026",5836.26
2026,7,339093,2026NE002306,2026OB005471,DENIAN COUTO COELHO,"Ressarc. Dep. Denian Couto, 12072-10.2026",10250.0
2026,7,339093,2026NE002434,2026OB005813,DENIAN COUTO COELHO,"Ressarc. Dep. Denian Couto, 12466-42.2026",2574.7
2026,7,339014,2026NE002433,2026OB005814,DENIAN COUTO COELHO,"Ressarc. Dep. Denian Couto, 12466-42.2026",6670.0
2026,7,339014,2026NE002517,2026OB006006,DENIAN COUTO COELHO,"Ressarc. Dep. Denian Couto, 13224-43.2026",4585.64
2026,7,339093,2026NE002516,2026OB006007,DENIAN COUTO COELHO,"Ressarc. Dep. Denian Couto, 13224-43.2026",4952.63
2026,7,339093,2026NE002210,2026OB005235,DEVANIL REGINALDO DA SILVA,Ressa.Deput.Cobra Reporter.Prot.11358-82.2026,15932.65
2026,7,339093,2026NE002295,2026OB005476,DEVANIL REGINALDO DA SILVA,"Ressarc. Dep. Cobra Repórter, 11974-37.2026",267.26
2026,7,339093,2026NE002390,2026OB005685,DEVANIL REGINALDO DA SILVA,"Ressarc. Dep. Cobra Reporter, 12134-82.2026",25914.39
2026,7,339093,2026NE002443,2026OB005873,DEVANIL REGINALDO DA SILVA,Ressarcimento deputado Devanil Reginaldo da Silva 12795-83.2026,2019.75
2026,7,339093,2026NE002537,2026OB006064,DEVANIL REGINALDO DA SILVA,Ressarcimento Deputado Cobra Repórter 13346-47.2026,1491.24
2026,7,339093,2026NE002328,2026OB005570,EVANDRO JOSE DA CRUZ ARAUJO,Ressarcimento deputado Evandro Araújo 11940-82.2026,18405.26
2026,7,339093,2026NE002440,2026OB005826,EVANDRO JOSE DA CRUZ ARAUJO,Ressarcimento Deputado Evandro Araújo 12471-04.2026,3563.86
2026,7,339093,2026NE002479,2026OB005910,EVANDRO JOSE DA CRUZ ARAUJO,Ressarcimento deputado Evandro Araújo 13062-52.2026,5541.09
2026,7,339093,2026NE002303,2026OB005466,FABIO OLIVEIRA,Ressarcimento Deputado Fábio Oliveira 11791-31.2026,7029.41
2026,7,339093,2026NE002309,2026OB005520,FABIO OLIVEIRA,Ressarcimento Deputado Fábio Oliveira 12061-16.2026,15215.14
2026,7,339093,2026NE002431,2026OB005812,FABIO OLIVEIRA,"Ressarc. Dep. Fabio Oliveira, 12285-79.2026",3718.25
2026,7,339093,2026NE002513,2026OB006000,FABIO OLIVEIRA,"Ressarc. Dep. Fabio Oliveira, 13003-93.2026",8453.47
2026,7,339093,2026NE002544,2026OB006055,FABIO OLIVEIRA,Ressarcimento deputado Fábio Oliveira 13384-88.2026,6122.95
2026,7,339014,2026NE002284,2026OB005399,FLAVIA CAROLINA RESENDE JABER FRANCISCHINI,"Ressarc. Dep. Flavia Francischini, 12255-16.2026",521.1
2026,7,339093,2026NE002285,2026OB005400,FLAVIA CAROLINA RESENDE JABER FRANCISCHINI,"Ressarc. Dep. Flavia Francischini, 12255-16.2026",30000.0
2026,7,339014,2026NE002315,2026OB005463,FLAVIA CAROLINA RESENDE JABER FRANCISCHINI,"Ressarc. Dep. Flavia Francischini, 12252-97.2026",2605.49
2026,7,339093,2026NE002316,2026OB005464,FLAVIA CAROLINA RESENDE JABER FRANCISCHINI,"Ressarc. Dep. Flavia Francischini, 12252-97.2026",700.0
2026,7,339093,2026NE002228,2026OB005258,GILSON DE SOUZA,"Ressarc. Dep. Gilson de Souza, 11680-21.2026",7985.76
2026,7,339093,2026NE002382,2026OB005693,GILSON DE SOUZA,Ressarcimento Deputado Gilson de Souza 12431-17.2026,21125.67
2026,7,339093,2026NE002201,2026OB005230,HUSSEIN BAKRI,Ressa.Deput.Hussein bakri.Pot.11284-43.2026,16249.41
2026,7,339093,2026NE002314,2026OB005465,HUSSEIN BAKRI,"Ressarc. Dep. Hussein Bakri, 12360-91.2026",12298.39
2026,7,339093,2026NE002292,2026OB005467,HUSSEIN BAKRI,"Ressarc. Dep. Hussein Bakri, 12207-51.2026",5471.74
2026,7,339093,2026NE002482,2026OB005917,HUSSEIN BAKRI,"Ressarc. Dep. Hussein Bakri, 13050-85.2026",17623.68
2026,7,339093,2026NE002222,2026OB005254,ISABEL CRISTINA RAUEN SILVESTRI,Ressarcimento deputada Cristina Silvestri 11538-72.2026,40426.36
2026,7,339093,2026NE002381,2026OB005681,ISABEL CRISTINA RAUEN SILVESTRI,Ressarcimento Deputada Cristina Silvestri 12172-26.2026,24800.0
2026,7,339093,2026NE002577,2026OB006162,ISABEL CRISTINA RAUEN SILVESTRI,Ressarcimento deputada Cristina Silvestri 13675-88.2026,19573.52
2026,7,339093,2026NE002151,2026OB005224,JORGE GOMES DE OLIVEIRA BRAND,Ressarcimento deputado Goura 11017-74.2026,10761.8
2026,7,339093,2026NE002335,2026OB005577,JORGE GOMES DE OLIVEIRA BRAND,"Ressarc. Dep. Goura, 11737-34.2026",4387.93
2026,7,339093,2026NE002437,2026OB005821,JORGE GOMES DE OLIVEIRA BRAND,"Ressarc. Dep. Goura, 12372-58.2026",34881.42
2026,7,339093,2026NE002573,2026OB006155,JORGE GOMES DE OLIVEIRA BRAND,"Ressarc. Dep. Goura, 13423-05.2026",4901.93
2026,7,339093,2026NE002330,2026OB005576,JOSE APARECIDO JACOVOS,Ressarcimento Deputado Delegado Jacovós 12394-46.2026,44216.29
2026,7,339093,2026NE002370,2026OB005644,JOSE APARECIDO JACOVOS,"Ressarc. Dep. Jacovos, 12451-59.2026",20865.76
2026,7,339093,2026NE002191,2026OB005228,JOSE GILBERTO DO CARMO ALVES RIBEIRO,"Ressarc. Dep. Gilberto Ribeiro, 11410-36.2026",10000.0
2026,7,339093,2026NE002383,2026OB005694,JOSE GILBERTO DO CARMO ALVES RIBEIRO,Ressa.Deput.Jose Gilberto.prot.12328-82.2026,11702.31
2026,7,339093,2026NE002447,2026OB005872,JOSE GILBERTO DO CARMO ALVES RIBEIRO,Ressarcimento deputado Gilberto Ribeiro 12816-98.2026,7340.56
2026,7,339093,2026NE002568,2026OB006056,JOSE GILBERTO DO CARMO ALVES RIBEIRO,Ressarcimento Deputado Gilberto Ribeiro 13439-58.2026,12540.45
2026,7,339014,2026NE002567,2026OB006057,JOSE GILBERTO DO CARMO ALVES RIBEIRO,Ressarcimento deputado Gilberto Ribeiro 13439-58.2026,2570.74
2026,7,339093,2026NE002265,2026OB005396,JOSE RODRIGUES LEMOS,"Ressarc. Dep. Prof. Lemos, 11802-25.2026",15000.0
2026,7,339093,2026NE002384,2026OB005679,JOSE RODRIGUES LEMOS,"Ressarc. Dep. Professor Lemos, 12344-38.2026",11371.09
2026,7,339093,2026NE002488,2026OB005909,JOSE RODRIGUES LEMOS,Ressarcimento deputado Professor Lemos 13035-05.2026,9225.93
2026,7,339093,2026NE002586,2026OB006163,JOSE RODRIGUES LEMOS,"Ressarc. Dep. Professor Lemos, 13429-37.2026",11026.4
2026,7,339093,2026NE002205,2026OB005233,Jairo Tamura,"Ressarc. Dep. Jairo Tamura, 11543-34.2026",2433.93
2026,7,339093,2026NE002226,2026OB005256,Jairo Tamura,"Ressarc. Dep. Jairo Tamura, 11535-56.2026",6500.0
2026,7,339014,2026NE002318,2026OB005518,Jairo Tamura,"Ressarc. Dep. Jairo Tamura, 12139-44.2026",1736.99
2026,7,339093,2026NE002319,2026OB005519,Jairo Tamura,"Ressarc. Dep. Jairo Tamura, 12139-44.2026",95.8
2026,7,339093,2026NE002362,2026OB005642,Jairo Tamura,"Ressarc. Dep. Jairo Tamura, 12184-90.2026",6500.0
2026,7,339093,2026NE002377,2026OB005653,Jairo Tamura,"Ressarc. Dep. Jairo Tamura, 09601-88.2026 (substitui o emp. 2026NE001960 e a liq. 2026NL003250)",13361.61
2026,7,339093,2026NE002373,2026OB005682,Jairo Tamura,"Ressarc. Dep. Jairo Tamura, 12132-39.2026",10771.31
2026,7,339093,2026NE002462,2026OB005883,Jairo Tamura,Ressarcimento deputado Jairo Tamura 12669-90.2026,12056.47
2026,7,339093,2026NE002499,2026OB005962,Jairo Tamura,"Ressarc. Dep. Jairo Tamura, 13188-45.2026",11398.63
2026,7,339093,2026NE002242,2026OB005373,LEONIDAS FAVERO NETO,"Ressarc. Dep. Dr. Leonidas, 11828-02.2026",617.04
2026,7,339093,2026NE002385,2026OB005691,LEONIDAS FAVERO NETO,"Ressarc. Dep. Dr. Leonidas, 12133-12.2026",6662.37
2026,7,339093,2026NE002428,2026OB005818,LEONIDAS FAVERO NETO,"Ressarc. Dep. Dr. Leonidas, 12407-83.2026",5877.08
2026,7,339093,2026NE002455,2026OB005870,LEONIDAS FAVERO NETO,Ressarcimento Deputado Dr. Leônidas 12754-26.2026,8078.52
2026,7,339093,2026NE002481,2026OB005916,LEONIDAS FAVERO NETO,"Ressarc. Dep. Dr. Leonidas, 13040-64.2026",8621.75
2026,7,339093,2026NE002566,2026OB006058,LEONIDAS FAVERO NETO,Ressarcimento deputado Dr. Leônidas 13504-49.2026,10638.59
2026,7,339093,2026NE002204,2026OB005232,LUCIANA GUZELLA RAFAGNIN,"Ressarc. Dep. Luciana Rafagnin, 11575-43.2026",9897.0
2026,7,339093,2026NE002282,2026OB005404,LUCIANA GUZELLA RAFAGNIN,"Ressarc. Dep. Luciana Rafagnin, 11763-11.2026",8191.71
2026,7,339093,2026NE002474,2026OB005911,LUCIANA GUZELLA RAFAGNIN,Ressarcimento deputada Luciana Rafagnin 12722-17.2026,12137.12
2026,7,339093,2026NE002576,2026OB006150,LUCIANA GUZELLA RAFAGNIN,"Ressarc. Dep. Luciana Rafagnin, 13707-97.2026",7051.25
2026,7,339014,2026NE002430,2026OB005903,LUIS RAIMUNDO CORTI,"Ressarc. Dep. Corti, 11969-75.2026",9900.82
2026,7,339093,2026NE002085,2026OB005906,LUIS RAIMUNDO CORTI,"Ressarc. Dep. Luis Corti, 09372-63.2026",6550.18
2026,7,339093,2026NE002519,2026OB006002,LUIS RAIMUNDO CORTI,"Ressarc. Dep. Luis Corti, 13370-78.2026",14760.59
2026,7,339093,2026NE002538,2026OB006061,LUIS RAIMUNDO CORTI,Ressarcimento Deputado Luis Corti 13383-18.2026,9958.26
2026,7,339093,2026NE002353,2026OB005573,LUIZ CLAUDIO ROMANELLI,"Ressarc. Dep. Romanelli, 12083-04.2026",3014.97
2026,7,339093,2026NE002398,2026OB005748,LUIZ CLAUDIO ROMANELLI,"Ressarc. Dep. Romanelli, 12354-59.2026",38567.85
2026,7,339093,2026NE002190,2026OB005229,LUIZ FERNANDO GUERRA FILHO,Ressarcimento Deputado Guerra 10991-97.2026,17471.07
2026,7,339093,2026NE002432,2026OB005815,LUIZ FERNANDO GUERRA FILHO,"Ressarc. Dep. Luiz Fernando Guerra, 12309-13.2026",25349.88
2026,7,339093,2026NE002454,2026OB005871,MABEL CORA CANTO,Ressarcimento Deputada Mabel Canto 12567-31.2026,18102.97
2026,7,339093,2026NE002244,2026OB005375,MARCIA CECILIA HUÇULAK,"Ressarc. Dep. Marcia Huçulak, 11758-49.2026",737.05
2026,7,339093,2026NE002420,2026OB005811,MARCIA CECILIA HUÇULAK,"Ressarc. Dep. Marcia Huculak, 12191-95.2026",34403.28
2026,7,339093,2026NE002420,2026OB005902,MARCIA CECILIA HUÇULAK,"Ressarc. Dep. Marcia Huculak, 12191-95.2026",34403.28
2026,7,339093,2026NE002457,2026OB005877,MARCIO FERNANDES NUNES,Ressarcimento Deputado Marcio Nunes 12647-05.2026,4969.14
2026,7,339093,2026NE002476,2026OB005905,MARCIO FERNANDES NUNES,Ressarcimento deputado Márcio Nunes 13054-74.2026,34555.45
2026,7,339093,2026NE002387,2026OB005686,MARCIO JOSE PACHECO RAMOS,"Ressarc. Dep. Marcio Pacheco, 12144-06.2026",6471.75
2026,7,339093,2026NE002393,2026OB005687,MARCIO JOSE PACHECO RAMOS,"Ressarc. Dep. Marcio Pacheco, 12140-17.2026",13626.47
2026,7,339093,2026NE002484,2026OB005908,MARCIO JOSE PACHECO RAMOS,Ressarcimento deputado Márcio Pacheco 12853-69.2026,15317.07
2026,7,339093,2026NE002294,2026OB005477,MARIA VICTORIA BORGHETTI BARROS,"Ressarc. Dep. Maria Victoria, 11945-44.2026",2207.15
2026,7,339093,2026NE002327,2026OB005522,MARIA VICTORIA BORGHETTI BARROS,"Ressarc. Dep. Maria Victoria, 12298-19.2026",6400.0
2026,7,339093,2026NE002349,2026OB005571,MARIA VICTORIA BORGHETTI BARROS,"Ressarc. Dep. Maria Victoria, 12378-90.2026",5600.84
2026,7,339093,2026NE002354,2026OB005572,MARIA VICTORIA BORGHETTI BARROS,"Ressarc. Dep. Maria Victoria, 12524-28.2026",4116.3
2026,7,339093,2026NE002227,2026OB005251,MARILEI DE SOUZA LIMA,"Ressarc. Dep. Mara Lima, 11751-44.2026",420.02
2026,7,339093,2026NE002350,2026OB005574,MARILEI DE SOUZA LIMA,"Ressarc. Dep. Mara Lima, 12137-98.2026",6239.38
2026,7,339093,2026NE002356,2026OB005643,MARILEI DE SOUZA LIMA,Ressarcimento Deputada cantora Mara Lima 12025-18.2026,8400.63
2026,7,339093,2026NE002391,2026OB005684,MARILEI DE SOUZA LIMA,"Ressarc. Dep. Mara Lima, 12247-38.2026",10024.65
2026,7,339093,2026NE002439,2026OB005827,MARILEI DE SOUZA LIMA,Ressarcimento Deputada Cantora Mara Lima 12468-85.2026,7953.1
2026,7,339093,2026NE002451,2026OB005876,MARILEI DE SOUZA LIMA,"Ressarc. Dep. Mara Lima, 12635-38.2026",11823.34
2026,7,339093,2026NE002283,2026OB005401,MARLY PAULINO FAGUNDES,"Ressarc. Dep. Marly Paulino, 11676-32.2026",42434.58
2026,7,339093,2026NE002427,2026OB005810,MATHEUS VELOSO MARIA,"Ressarc. Dep. Matheus Vermelho, 12404-67.2026",43960.75
2026,7,339093,2026NE002240,2026OB005371,MAURICIO THADEU DE MELLO E SILVA,Ressarcimento Deputado Requião Filho 11958-81.2026,7578.6
2026,7,339093,2026NE002407,2026OB005822,MAURICIO THADEU DE MELLO E SILVA,Ressarcimneto deputado Requião Filho 12744-05.2026,19309.59
2026,7,339093,2026NE002313,2026OB005475,MOACYR ELIAS FADEL JUNIOR,"Ressarc. Dep. Moacyr Fadel, 12118-29.2026",6480.0
2026,7,339093,2026NE002394,2026OB005688,MOACYR ELIAS FADEL JUNIOR,"Ressarc. Dep. Moacyr Fadel, 12112-94.2026",22137.22
2026,7,339093,2026NE002503,2026OB005960,MOACYR ELIAS FADEL JUNIOR,"Ressarc. Dep. Moacyr Fadel, 12630-76.2026",9177.75
2026,7,339093,2026NE002543,2026OB006060,MOACYR ELIAS FADEL JUNIOR,Ressarcimento deputado Moacyr Fadel 13297-12.2026,5947.72
2026,7,339093,2026NE002192,2026OB005227,Marcelo Rangel Cruz de Oliveira,"Ressarc. Dep. Marcelo Rangel, 11361-98.2026",2765.45
2026,7,339093,2026NE002369,2026OB005641,Marcelo Rangel Cruz de Oliveira,"Ressarc. Dep. Marcelo Rangel, 11984-58.2026",2079.92
2026,7,339093,2026NE002465,2026OB005904,Marcelo Rangel Cruz de Oliveira,Ressarcimento deputado Marcelo Rangel 12262-21.2026,26612.29
2026,7,339093,2026NE002501,2026OB005963,Marcelo Rangel Cruz de Oliveira,"Ressarc. Dep. Marcelo Rangel, 13148-58.2026",2661.66
2026,7,339093,2026NE002248,2026OB005372,Mauro Rafael Moraes e Silva,Ressa.Deput.Mauro Moraes.Prot.11768-70.2026,28600.0
2026,7,339014,2026NE002579,2026OB006157,Mauro Rafael Moraes e Silva,"Ressarc. Dep. Mauro Moraes, 13735-20.2026",5836.26
2026,7,339014,2026NE002580,2026OB006160,Mauro Rafael Moraes e Silva,"Ressarc. Dep. Mauro Moraes, 13744-68.2026",937.97
2026,7,339093,2026NE002223,2026OB005252,OZIEL LUIZ DE SOUZA,"Ressarc. Dep. Batatinha, 11581-75.2026",4313.75
2026,7,339093,2026NE002298,2026OB005470,OZIEL LUIZ DE SOUZA,"Ressarc. Dep. Batatinha, 12085-47.2026",9525.54
2026,7,339093,2026NE002426,2026OB005816,OZIEL LUIZ DE SOUZA,"Ressarc. Dep. Batatinha, 12454-75.2026",5543.34
2026,7,339093,2026NE002444,2026OB005874,OZIEL LUIZ DE SOUZA,Ressarcimento deputado Batatinha 12526-71.2026,15597.86
2026,7,339093,2026NE002498,2026OB005955,OZIEL LUIZ DE SOUZA,"Ressarc. Dep. Batatinha, 13202-55.2026",1819.1
2026,7,339014,2026NE002497,2026OB005956,OZIEL LUIZ DE SOUZA,"Ressarc. Dep. Batatinha, 13202-55.2026",625.32
2026,7,339093,2026NE002578,2026OB006159,OZIEL LUIZ DE SOUZA,Ressarcimento Deputado Batatinha 13768-02.2026,1790.04
2026,7,339093,2026NE002230,2026OB005253,PAULO ROBERTO MOREIRA GOMES JUNIOR,Ressa.Deput.Paulo Roberto.Prot.11505-90.2026,18874.74
2026,7,339014,2026NE002424,2026OB005808,PAULO ROBERTO MOREIRA GOMES JUNIOR,"Ressarc. Dep. Paulo Gomes, 12223-07.2026",1146.42
2026,7,339093,2026NE002425,2026OB005809,PAULO ROBERTO MOREIRA GOMES JUNIOR,"Ressarc. Dep. Paulo Gomes, 12223-07.2026",25036.45
2026,7,339093,2026NE002302,2026OB005521,PAULO ROGERIO DO CARMO,Ressarcimento Deputado Do Carmo 11766-27.2026,16084.44
2026,7,339093,2026NE002374,2026OB005683,PAULO ROGERIO DO CARMO,"Ressarc. Dep. Do Carmo, 12146-49.2026",29016.33
2026,7,339093,2026NE002536,2026OB006062,PAULO ROGERIO DO CARMO,Ressarcimento deputado Do Carmo 13298-82.2026,5599.91
2026,7,339093,2026NE002572,2026OB006152,PAULO ROGERIO DO CARMO,"Ressarc. Dep. Do Carmo, 13536-58.2026",14787.6
2026,7,339093,2026NE002241,2026OB005374,PEDRO PAULO BAZANA,"Ressarc. Dep. Bazana, 11776-48.2026",1301.43
2026,7,339093,2026NE002243,2026OB005376,PEDRO PAULO BAZANA,Ressarcimento deputado Bazana 11777-21.2026,4471.78
2026,7,339093,2026NE002445,2026OB005875,PEDRO PAULO BAZANA,Ressarcimento Deputado Bazana 12384-25.2026,16700.0
2026,7,339093,2026NE002571,2026OB006154,PEDRO PAULO BAZANA,"Ressarc. Dep. Bazana, 12864-63.2026",23262.32
2026,7,339093,2026NE002326,2026OB005523,RENATO DE ALMEIDA FREITAS JUNIOR,"Ressarc. Dep. Renato Freitas, 12138-71.2026",12912.21
2026,7,339093,2026NE002396,2026OB005746,RENATO DE ALMEIDA FREITAS JUNIOR,Ressarcimento Deputado Renato Freitas 12145-76.2026,9295.48
2026,7,339014,2026NE002296,2026OB005472,RICARDO ARRUDA NUNES,"Ressarc. Dep. Ricardo Arruda, 11987-74.2026",5210.95
2026,7,339093,2026NE002297,2026OB005474,RICARDO ARRUDA NUNES,"Ressarc. Dep. Ricardo Arruda, 11987-74.2026",9165.4
2026,7,339093,2026NE002352,2026OB005579,RICARDO ARRUDA NUNES,"Ressarc. Dep. Ricardo Arruda, 12143-33.2026",10619.0
2026,7,339014,2026NE002351,2026OB005580,RICARDO ARRUDA NUNES,"Ressarc. Dep. Ricardo Arruda, 12143-33.2026",3126.55
2026,7,339093,2026NE002480,2026OB005912,RICARDO ARRUDA NUNES,"Ressarc. Dep. Ricardo Arruda, 12934-16.2026",5874.42
2026,7,339014,2026NE002478,2026OB005913,RICARDO ARRUDA NUNES,"Ressarc. Dep. Ricardo Arruda, 12934-16.2026",6044.69
2026,7,339093,2026NE002460,2026OB005885,SAMUEL PEREIRA DA SILVA,Ressarcimento deputado Samuel Dantas 12240-33.2026,44377.18
2026,7,339093,2026NE002389,2026OB005689,TERCILIO LUIZ TURINI,"Ressarc. Dep. Tercilio Turini, 12365-53.2026",5000.0
2026,7,339093,2026NE002421,2026OB005824,TERCILIO LUIZ TURINI,"Ressarc. Dep. Tercilio Turini, 12335-87.2026",39411.46
2026,7,339093,2026NE002264,2026OB005397,THIAGO BUHRER,Ressarcimento Deputado Thiago Buhrer 11771-86.2026,44329.55
2026,7,339093,2026NE002372,2026OB005645,THIAGO BUHRER,"Ressarc. Dep. Thiago Buhrer, 12331-98.2026",11111.34
2026,7,339093,2026NE002525,2026OB006005,THIAGO BUHRER,"Ressarc. Dep. Thiago Buhrer, 13021-92.2026",19489.18
2026,7,339014,2026NE002281,2026OB005402,TITO LÍVIO BARICHELLO,"Ressarc. Dep. Tito Barichello, 11965-86.2026",11255.61
2026,7,339093,2026NE002287,2026OB005403,TITO LÍVIO BARICHELLO,"Ressarc. Dep. Tito Barichello, 11973-64.2026",4000.0
2026,7,339093,2026NE002299,2026OB005468,TITO LÍVIO BARICHELLO,"Ressarc. Dep. Tito Barichello, 11985-31.2026",1339.57
2026,7,339093,2026NE002317,2026OB005517,TITO LÍVIO BARICHELLO,"Ressarc. Dep. Tito Barichello, 12122-18.2026",8702.99
2026,7,339093,2026NE002348,2026OB005575,TITO LÍVIO BARICHELLO,"Ressarc. Dep. Tito Barichello, 12124-61.2026",11245.26
2026,7,339093,2026NE002388,2026OB005692,TITO LÍVIO BARICHELLO,"Ressarc. Dep. Tito Barichello, 12311-56.2026",8651.52
2026,7,339093,2026NE002400,2026OB005755,TITO LÍVIO BARICHELLO,"Ressarc. Dep Tito Barichello, 12356-05.2026",2798.0
2026,8,339093,2026NE002762,2026OB006557,ADEMAR LUIZ TRAIANO,Ressa.Deput.Ademar.Prot.14312-58.2026,30568.65
2026,8,339093,2026NE002619,2026OB006266,ADRIANO JOSE DA SILVA,Ressarcimento deputado Soldado Adriano 14080-17.2026,4192.05
2026,8,339093,2026NE002660,2026OB006324,ADRIANO JOSE DA SILVA,"Ressarc. Dep. Adriano José, 14208-53.2026",785.5
2026,8,339093,2026NE002744,2026OB006492,ADRIANO JOSE DA SILVA,Ressarcimento Deputado Soldado Adriano 14770-11.2026,24279.41
2026,8,339093,2026NE002907,2026OB006705,ADRIANO JOSE DA SILVA,RessarcimentonDeputao Adriano José 15403-89.2026,12565.31
2026,8,339093,2026NE002665,2026OB006362,ADÃO FERNANDES,Ressarcimento deputao Adão Litro 14245-24.2026,10736.61
2026,8,339093,2026NE002754,2026OB006511,ADÃO FERNANDES,Ressa.Deput.Adao Fernandes.Prot.14806-09.2026,3328.17
2026,8,339093,2026NE002919,2026OB006791,ADÃO FERNANDES,Ressarcimento Deputao Adão Litro 15511-83.2026,17659.4
2026,8,339093,2026NE002735,2026OB006482,ALEXANDRE AMARO,"Ressarc. Dep. Alexandre Amaro, 14467-44.2026",8439.2
2026,8,339093,2026NE002779,2026OB006584,ALEXANDRE AMARO,Ressarcimento Deputado Alexandre Amaro 14574-65.2026,3958.13
2026,8,339014,2026NE002775,2026OB006585,ALEXANDRE AMARO,Ressarcimento Deputado Alexandre Amaro 14574-65.2026,5940.49
2026,8,339093,2026NE002828,2026OB006609,ALEXANDRE AMARO,"Ressarc. Dep. Alexandre Amaro, 15032-18.2026",12042.7
2026,8,339093,2026NE002945,2026OB006799,ALEXANDRE AMARO,ressa.deput.Alexandre Amaro.Prot.15726-98.2026,3332.67
2026,8,339014,2026NE002943,2026OB006800,ALEXANDRE AMARO,ressa.Deput.Alexandre amaro.prot.15726-98.2026,8024.85
2026,8,339093,2026NE002829,2026OB006607,ALISSON ANTHONY WANDSCHEER,"Ressarc. Dep. Alisson Wandscheer, 14699-85.2026",11637.2
2026,8,339093,2026NE002851,2026OB006654,ANA JULIA PIRES RIBEIRO,Ressarcimento deputada Ana Júlia 15028-29.2026,25857.74
2026,8,339093,2026NE002815,2026OB006600,ANTENOR GOMES DE LIMA,Ressarcimento Dr. Antenor 14877-32.2026,15818.17
2026,8,339093,2026NE002870,2026OB006688,ANTENOR GOMES DE LIMA,Ressarcimento Dr. Antenor 14891-42.2026,7122.19
2026,8,339093,2026NE002716,2026OB006452,ANTONIO ANNIBELLI NETO,Ressarcimento Deputado Anibeli 14386-97.2026,2804.49
2026,8,339093,2026NE002789,2026OB006555,ANTONIO ANNIBELLI NETO,Ressarcimento Deputado Anibeli 14935-18.2026,2652.0
2026,8,339093,2026NE002804,2026OB006582,ANTONIO ANNIBELLI NETO,"Ressarc. Dep. Anibelli, 14936-88.2026",707.2
2026,8,339093,2026NE002801,2026OB006583,ANTONIO ANNIBELLI NETO,Ressarcimento deputado Anibeli 14595-80.2026,23506.99
2026,8,339093,2026NE002860,2026OB006658,ANTONIO ANNIBELLI NETO,Ressarcimento deputao Anibeli 15286-47.2026,3253.12
2026,8,339093,2026NE002918,2026OB006712,ANTONIO ANNIBELLI NETO,"Ressarc. Dep. Anibelli, 15602-51.2026",3986.84
2026,8,339093,2026NE002617,2026OB006267,ARILSON MAROLDI CHIORATO,Ressarcimento Deputado Arilson Chiorato 13822-96.2026,17366.59
2026,8,339093,2026NE002808,2026OB006599,ARILSON MAROLDI CHIORATO,ressa.Deput.Arilson.Prot.14671-65.2026,20972.43
2026,8,339093,2026NE002885,2026OB006692,ARILSON MAROLDI CHIORATO,"Ressarc. Dep. Arilson Chiorato, 15474-15.2026",6000.0
2026,8,339093,2026NE002913,2026OB006710,ARILSON MAROLDI CHIORATO,Ressarcimento Deputado Arison Chiorato 15338-98.2026,18354.9
2026,8,339093,2026NE002938,2026OB006794,ARILSON MAROLDI CHIORATO,"Ressarc. Dep. Arilson Chiorato, 15809-88.2026",580.01
2026,8,339093,2026NE002810,2026OB006581,ARTAGAO DE MATTOS LEÃO JUNIOR,"Ressarc. Dep. Artagão, 14916-46.2026",1607.0
2026,8,339093,2026NE002859,2026OB006657,ARTAGAO DE MATTOS LEÃO JUNIOR,Ressarcimento deputado Artagão 15321-72.2026,1114.07
2026,8,339093,2026NE002924,2026OB006788,ARTAGAO DE MATTOS LEÃO JUNIOR,"Ressarc. Dep. Artagão, 15714-34.2026",3125.23
2026,8,339093,2026NE002676,2026OB006364,Aldino Jorge Bueno,"Ressarc. Dep. Gugu Bueno, 14400-10.2026",7329.65
2026,8,339093,2026NE002787,2026OB006546,Aldino Jorge Bueno,Ressarcimento deputado Gugu Bueno 15075-21.2026,13118.2
2026,8,339093,2026NE002863,2026OB006656,Aldino Jorge Bueno,ressa.Deput.Gugu Bueno.Prot.15371-80.2026,4134.41
2026,8,339093,2026NE002734,2026OB006486,CLOARA PINHEIRO LIMA,"Ressarc. Dep. Cloara Pinheiro, 14530-89.2026",7389.4
2026,8,339093,2026NE002791,2026OB006549,CLOARA PINHEIRO LIMA,"Ressarc. Dep. Cloara Pinheiro, 14906-25.2026",5259.15
2026,8,339093,2026NE002784,2026OB006550,DENIAN COUTO COELHO,Ressa.Denian Couto.Prot.14925-94.2026,2247.36
2026,8,339014,2026NE002783,2026OB006551,DENIAN COUTO COELHO,Ressa.Deput.Denian Couto.Prot.14925-94.2026,2813.9
2026,8,339014,2026NE002806,2026OB006586,DENIAN COUTO COELHO,ressa.Deput.Denian Couto.Prot.14920-35.2026,10213.47
2026,8,339093,2026NE002807,2026OB006587,DENIAN COUTO COELHO,ressa.Deput.Denian Couto.Prot.14920-35.2026,7496.81
2026,8,339093,2026NE002711,2026OB006386,DEVANIL REGINALDO DA SILVA,"Ressarc. Dep. Cobra Reporter, 14311-85.2026",8906.27
2026,8,339093,2026NE002899,2026OB006703,DEVANIL REGINALDO DA SILVA,"Ressarc. Dep. Cobra Repórter, 15500-89.2026",3197.16
2026,8,339093,2026NE002635,2026OB006301,EVANDRO JOSE DA CRUZ ARAUJO,Ressarcimento Deputado Evndro Araújo 14085-76.2026,17814.55
2026,8,339093,2026NE002753,2026OB006507,EVANDRO JOSE DA CRUZ ARAUJO,Ressa.Deput.Evandro Araujo.Prot.14623-03.2026,2977.46
2026,8,339093,2026NE002840,2026OB006634,EVANDRO JOSE DA CRUZ ARAUJO,Ressarcimento Deputado Evandro Araújo 15245-87.2026,5074.93
2026,8,339093,2026NE002663,2026OB006365,FABIO OLIVEIRA,ressarcimento Deputado Fábio Oliveira 14197-59.2026,5673.3
2026,8,339093,2026NE002743,2026OB006494,FABIO OLIVEIRA,Ressarcimento deputado Fabio Oliveira 14332-03.2026,12582.72
2026,8,339093,2026NE002814,2026OB006603,FABIO OLIVEIRA,Ressarcimento Deputado Fábio Oliveira 14909-41.2026,9326.07
2026,8,339093,2026NE002926,2026OB006792,FABIO OLIVEIRA,Ressarcimento deputado Fábio Oliveira 15516-45.2026,5865.73
2026,8,339014,2026NE002678,2026OB006367,FLAVIA CAROLINA RESENDE JABER FRANCISCHINI,"Ressarc. Dep. Flavia Francischini, 14379-92.2026",3126.58
2026,8,339093,2026NE002679,2026OB006368,FLAVIA CAROLINA RESENDE JABER FRANCISCHINI,"Ressarc. Dep. Flavia Francischini, 14379-92.2026",228.2
2026,8,339014,2026NE002674,2026OB006369,FLAVIA CAROLINA RESENDE JABER FRANCISCHINI,"Ressarc. Dep. Flavia Francischini, 14382-11.2026",7295.33
2026,8,339093,2026NE002675,2026OB006370,FLAVIA CAROLINA RESENDE JABER FRANCISCHINI,"Ressarc. Dep. Flavia Francischini, 14382-11.2026",22380.0
2026,8,339093,2026NE002739,2026OB006478,FLAVIA CAROLINA RESENDE JABER FRANCISCHINI,"Ressarc. Dep. Flavia Francischini, 14799-04.2026",10000.0
2026,8,339093,2026NE002646,2026OB006322,GILSON DE SOUZA,Ressa.Deput.Gilson de souza.prot.14189-81.2026,5638.89
2026,8,339093,2026NE002792,2026OB006547,GILSON DE SOUZA,"Ressarc. Dep. Gilson de Souza, 15021-24.2026",18082.92
2026,8,339093,2026NE002638,2026OB006303,HUSSEIN BAKRI,Ressarcimento Deputado Hussein Bakri 14142-89.2026,10195.27
2026,8,339093,2026NE002788,2026OB006553,HUSSEIN BAKRI,Ressarcimento deputado Hussein Bakri 15011-03.2026,11090.93
2026,8,339093,2026NE002917,2026OB006713,HUSSEIN BAKRI,Ressarcimento deputado Hussein Bakri 15533-71.2026,20748.91
2026,8,339093,2026NE002738,2026OB006490,JORGE GOMES DE OLIVEIRA BRAND,"Ressarc. Dep. Goura, 14187-38.2026",4645.54
2026,8,339093,2026NE002831,2026OB006626,JORGE GOMES DE OLIVEIRA BRAND,Ressarcimento deputado Goura 14933-72.2026,23810.65
2026,8,339093,2026NE002862,2026OB006650,JORGE GOMES DE OLIVEIRA BRAND,Ressarcimento deputao Goura 15266-05.2026,2207.93
2026,8,339093,2026NE002752,2026OB006510,JOSE APARECIDO JACOVOS,Ressarcimento Deputado Jacovós 14441-67.2026,23223.47
2026,8,339093,2026NE002682,2026OB006372,JOSE GILBERTO DO CARMO ALVES RIBEIRO,"Ressarc. Dep. Gilberto Ribeiro, 14262-50.2026",2576.47
2026,8,339014,2026NE002681,2026OB006373,JOSE GILBERTO DO CARMO ALVES RIBEIRO,"Ressarc. Dep. Gilberto Ribeiro, 14262-50.2026",937.98
2026,8,339014,2026NE002819,2026OB006605,JOSE GILBERTO DO CARMO ALVES RIBEIRO,Ressa.Deput.Gilberto ribeiro.Prot.14956-33.2026,625.32
2026,8,339093,2026NE002820,2026OB006606,JOSE GILBERTO DO CARMO ALVES RIBEIRO,Ressa.Deput.Gilberto Ribeiro.Prot.14956-33.2026,16446.71
2026,8,339093,2026NE002887,2026OB006690,JOSE GILBERTO DO CARMO ALVES RIBEIRO,Ressarcimento Deputao Gilberto Ribeiro 15410-94.2026,12666.86
2026,8,339093,2026NE002725,2026OB006488,JOSE RODRIGUES LEMOS,"Ressarc. Dep. Professor Lemos, 14414-20.2026",4886.99
2026,8,339093,2026NE002750,2026OB006509,JOSE RODRIGUES LEMOS,Ressarcimento deputdo Professor Lemos 14640-29.2026,24183.32
2026,8,339093,2026NE002823,2026OB006611,JOSE RODRIGUES LEMOS,"Ressarc. Dep. Professor Lemos, 15219-13.2026",4008.14
2026,8,339093,2026NE002852,2026OB006653,JOSE RODRIGUES LEMOS,Ressarcimento Deputado Professor Lemos 15264-59.2026,10684.8
2026,8,339093,2026NE002864,2026OB006655,JOSE RODRIGUES LEMOS,Ressa.Deput.Prof Lemos.Prot.15361-59.2026,11100.0
2026,8,339093,2026NE002637,2026OB006304,Jairo Tamura,Ressarcimento deputado Jairo Tamura 14168-66.2026,1835.63
2026,8,339093,2026NE002736,2026OB006480,Jairo Tamura,"Ressarc. Dep. Jairo Tamura, 14544-02.2026",13111.61
2026,8,339093,2026NE002737,2026OB006481,Jairo Tamura,"Ressarc. Dep. Jairo Tamura, 14750-66.2026",1980.3
2026,8,339093,2026NE002741,2026OB006493,Jairo Tamura,Ressarcimento Deputado Jairo Tamura 14570-76.2026,3889.69
2026,8,339093,2026NE002824,2026OB006625,Jairo Tamura,Ressarcimento deputo Jairo Tamura 15074-48.2026,8963.95
2026,8,339093,2026NE002722,2026OB006483,LEONIDAS FAVERO NETO,"Ressarc. Dep. Dr. Leonidas, 14489-32.2026",3019.88
2026,8,339093,2026NE002817,2026OB006601,LEONIDAS FAVERO NETO,ressa.Deput.Leonidas Neto.Prot.15188-74.2026,11248.26
2026,8,339093,2026NE002825,2026OB006613,LEONIDAS FAVERO NETO,"Ressarc. Dep. Dr. Leonidas, 15034-61.2026",9388.01
2026,8,339093,2026NE002914,2026OB006709,LEONIDAS FAVERO NETO,"Ressarc. Dep. Dr. Leonidas, 15555-59.2026",7100.0
2026,8,339093,2026NE002718,2026OB006453,LUCIANA GUZELLA RAFAGNIN,Ressarcimento Deputada Luciana Rafagnin 14293-86.2026,11598.81
2026,8,339093,2026NE002940,2026OB006797,LUCIANA GUZELLA RAFAGNIN,Ressarcimento Deputad Luciana Rafagnin 15549-27.2026,10582.13
2026,8,339093,2026NE002839,2026OB006633,LUIS RAIMUNDO CORTI,"Ressarc. Dep. Luis Corti, 11968-05.2026",15000.0
2026,8,339093,2026NE002848,2026OB006651,LUIS RAIMUNDO CORTI,"Ressarc. Dep. Luis Corti, 14307-96.2026",11381.25
2026,8,339014,2026NE002847,2026OB006652,LUIS RAIMUNDO CORTI,"Ressarc. Dep. Luis Corti, 14307-96.2026",10421.92
2026,8,339093,2026NE002742,2026OB006495,LUIZ FERNANDO GUERRA FILHO,Ressarcimento Deputado Guerra 14648-07.2026,19925.71
2026,8,339093,2026NE002799,2026OB006604,LUIZ FERNANDO GUERRA FILHO,"Ressarc. Dep. Guerra, 14855-44.2026",8311.74
2026,8,339093,2026NE002661,2026OB006323,MABEL CORA CANTO,ressa.Deput.Mabel Cora.Prot.13434-96.2026,968.65
2026,8,339093,2026NE002803,2026OB006598,MABEL CORA CANTO,Ressarcimento deputada Mabel Canto 14870-27.2026,18719.37
2026,8,339093,2026NE002730,2026OB006484,MARCIA CECILIA HUÇULAK,Ressa.Deput.Marcia Huçulak.Prot.14385-27.2026,3458.7
2026,8,339014,2026NE002729,2026OB006485,MARCIA CECILIA HUÇULAK,Ressa.Deput.Marcia Huçulak.Prot.14385-27.2026,1563.29
2026,8,339093,2026NE002905,2026OB006704,MARCIA CECILIA HUÇULAK,Ressarcimento deputada Márcia Huçulak 15470-26.2026,9852.57
2026,8,339093,2026NE002664,2026OB006320,MARCIO FERNANDES NUNES,"Ressarc. Dep. MArcio Nunes, 14237-46.2026",3729.61
2026,8,339093,2026NE002841,2026OB006635,MARCIO FERNANDES NUNES,Ressarcimento deputado Márcio Nunes 15236-39.2026,37710.04
2026,8,339093,2026NE002709,2026OB006385,MARCIO JOSE PACHECO RAMOS,"Ressarc. Dep. Marcio Pacheco, 14295-32.2026",4954.23
2026,8,339093,2026NE002710,2026OB006387,MARCIO JOSE PACHECO RAMOS,"Ressarc. Dep. Marcio Pacheco, 14305-53.2026",8542.95
2026,8,339093,2026NE002772,2026OB006548,MARCIO JOSE PACHECO RAMOS,Ressarcimento deputado Márcio Pacheco 14303-10.2026,10550.59
2026,8,339093,2026NE002867,2026OB006689,MARCIO JOSE PACHECO RAMOS,Ressarcimento deputao Márcio Pacheco 15283-31.2026,23394.05
2026,8,339093,2026NE002615,2026OB006253,MARIA VICTORIA BORGHETTI BARROS,"Ressarc. Dep. Maria Victoria, 14050-51.2026",2822.68
2026,8,339093,2026NE002615,2026OB006263,MARIA VICTORIA BORGHETTI BARROS,"Ressarc. Dep. Maria Victoria, 14050-51.2026",2822.68
2026,8,339093,2026NE002673,2026OB006363,MARIA VICTORIA BORGHETTI BARROS,"Ressarc. Dep. Maria Victoria, 14319-63.2026",3076.39
2026,8,339093,2026NE002670,2026OB006366,MARIA VICTORIA BORGHETTI BARROS,"Ressarc. Dep. Maria Victoria, 14381-38.2026",6400.0
2026,8,339093,2026NE002680,2026OB006371,MARIA VICTORIA BORGHETTI BARROS,"Ressarc. Dep. Maria Victoria, 14364-12.2026",3879.13
2026,8,339093,2026NE002822,2026OB006608,MARIA VICTORIA BORGHETTI BARROS,"Ressarc. Dep. Maria Victoria, 14755-28.2026",5906.46
2026,8,339093,2026NE002944,2026OB006798,MARIA VICTORIA BORGHETTI BARROS,"Ressarc. Dep. Maria Victoria, 15807-45.2026",3565.0
2026,8,339093,2026NE002636,2026OB006305,MARILEI DE SOUZA LIMA,Ressarcimento deputada Cantora Mara Lima 13942-57.2026,7218.88
2026,8,339093,2026NE002639,2026OB006306,MARILEI DE SOUZA LIMA,Ressarcimento deputada cantora Mara Lima 14000-43.2026,8774.93
2026,8,339093,2026NE002774,2026OB006552,MARILEI DE SOUZA LIMA,Ressarcimento Deputada Cantora Mara Lima 14665-33.2026,12870.1
2026,8,339093,2026NE002816,2026OB006602,MARILEI DE SOUZA LIMA,Ressarcimento Deputaa Cantora Mara Lima 15057-22.2026,5712.62
2026,8,339093,2026NE002939,2026OB006793,MARILEI DE SOUZA LIMA,"Ressarc. Dep. Mara Lima, 15600-08.2026",1195.67
2026,8,339093,2026NE002613,2026OB006265,MARLY PAULINO FAGUNDES,Ressarcimento Deputada Marli Paulino 13774-34.2026,34260.28
2026,8,339093,2026NE002833,2026OB006624,MATHEUS VELOSO MARIA,Ressarcimento Deputo Matheus Vermelho 15046-28.2026,42626.43
2026,8,339093,2026NE002648,2026OB006321,MAURICIO THADEU DE MELLO E SILVA,Ressarcimento deputado Requião Filho 14200-75.2026,19433.1
2026,8,339093,2026NE002773,2026OB006554,MAURICIO THADEU DE MELLO E SILVA,Ressarcimento Deputado Requião Filho 14947-82.2026,18003.84
2026,8,339093,2026NE002715,2026OB006450,MOACYR ELIAS FADEL JUNIOR,Ressarcimento deputado Moacyr Fadel 14374-33.2026,19132.08
2026,8,339093,2026NE002826,2026OB006612,MOACYR ELIAS FADEL JUNIOR,"Ressarc. Dep. Moacyr Fadel, 14955-60.2026",8893.9
2026,8,339093,2026NE002683,2026OB006375,Marcelo Rangel Cruz de Oliveira,"Ressarc. Dep. Marcelo Rangel, 14298-48.2026",5496.69
2026,8,339093,2026NE002723,2026OB006489,Marcelo Rangel Cruz de Oliveira,"Ressarc. Dep. Marcelo Rangel, 14406-42.2026",21756.18
2026,8,339093,2026NE002818,2026OB006597,Marcelo Rangel Cruz de Oliveira,ressa.Deput.Marcelo Rangel.Prot.14867-11.2026,1799.89
2026,8,339093,2026NE002618,2026OB006250,Mauro Rafael Moraes e Silva,"Ressarc. Dep. Mauro Moraes, 14074-82.2026",10588.06
2026,8,339093,2026NE002618,2026OB006264,Mauro Rafael Moraes e Silva,"Ressarc. Dep. Mauro Moraes, 14074-82.2026",10588.06
2026,8,339014,2026NE002616,2026OB006251,Mauro Rafael Moraes e Silva,"Ressarc. Dep. Mauro Moraes, 14066-07.2026",2188.59
2026,8,339014,2026NE002616,2026OB006262,Mauro Rafael Moraes e Silva,"Ressarc. Dep. Mauro Moraes, 14066-07.2026",2188.59
2026,8,339093,2026NE002641,2026OB006302,Mauro Rafael Moraes e Silva,Ressarcimento deputado Mauro Moraes 14130-25.2026,7300.0
2026,8,339093,2026NE002827,2026OB006610,NEY LEPREVOST NETO,"Ressarc. Dep. Ney Leprevost, 14932-02.2026",36777.36
2026,8,339093,2026NE002749,2026OB006506,OZIEL LUIZ DE SOUZA,Ressarcimento Deputado Batatinha 14442-40.2026,13848.99
2026,8,339093,2026NE002805,2026OB006580,OZIEL LUIZ DE SOUZA,"Ressarc. Dep. Batatinha, 14921-08.2026",5765.57
2026,8,339093,2026NE002915,2026OB006708,OZIEL LUIZ DE SOUZA,"Ressarc. Dep. Batatinha, 15578-20.2026",2271.89
2026,8,339093,2026NE002672,2026OB006360,PAULO ROBERTO MOREIRA GOMES JUNIOR,ressa.Deput.Paulo Roberto.Prot.14121-74.2026,4471.16
2026,8,339014,2026NE002671,2026OB006361,PAULO ROBERTO MOREIRA GOMES JUNIOR,Ressa.Deput.Paulo Roberto.Prot.14121-74.2026,544.26
2026,8,339093,2026NE002755,2026OB006508,PAULO ROBERTO MOREIRA GOMES JUNIOR,Ressarcimento Deputado Paulo Gomes 14843-77.2026,18376.44
2026,8,339014,2026NE002921,2026OB006789,PAULO ROBERTO MOREIRA GOMES JUNIOR,Ressa.Deput.Paulo Gomes.Prot.15506-24.2026,833.76
2026,8,339093,2026NE002922,2026OB006790,PAULO ROBERTO MOREIRA GOMES JUNIOR,Ressa.Deput.Paulo Gomes.Prot.15506-24.2026,3331.86
2026,8,339093,2026NE002764,2026OB006556,PAULO ROGERIO DO CARMO,Ressa.Deput.Paulo Rogerio.Prot.14818-73.2026,30738.03
2026,8,339093,2026NE002937,2026OB006795,PAULO ROGERIO DO CARMO,"Ressarc. Dep. Do Carmo, 15598-62.2026",5075.29
2026,8,339093,2026NE002855,2026OB006659,PEDRO PAULO BAZANA,Ressarcimento deputado Bazana 15288-90.2026,26262.66
2026,8,339093,2026NE002685,2026OB006384,RENATO DE ALMEIDA FREITAS JUNIOR,Ressarcimento deputado Renato Freitas 14175-71.2026,11793.06
2026,8,339093,2026NE002745,2026OB006479,RENATO DE ALMEIDA FREITAS JUNIOR,Ressarcimento deputado Renato Freitas 14438-51.2026,11309.82
2026,8,339093,2026NE002837,2026OB006627,RENATO DE ALMEIDA FREITAS JUNIOR,"Ressarc. Dep. Renato Freitas, 15274-80.2026",14000.0
2026,8,339093,2026NE002868,2026OB006687,RENATO DE ALMEIDA FREITAS JUNIOR,Ressarcimento deputado Renato Freitas 15273-10.2026,3479.07
2026,8,339093,2026NE002684,2026OB006374,RICARDO ARRUDA NUNES,"Ressarc. Dep. Ricardo Arruda, 14405-69.2026",10000.0
2026,8,339014,2026NE002701,2026OB006388,RICARDO ARRUDA NUNES,"Ressarc. Dep. Ricardo Arruda, 14306-26.2026",7816.43
2026,8,339093,2026NE002702,2026OB006389,RICARDO ARRUDA NUNES,"Ressarc. Dep. Ricardo Arruda, 14306-26.2026",7996.94
2026,8,339093,2026NE002901,2026OB006706,RICARDO ARRUDA NUNES,"Ressarc. Dep. Ricardo Arruda, 15510-13.2026",3026.94
2026,8,339014,2026NE002900,2026OB006707,RICARDO ARRUDA NUNES,"Ressarc. Dep. Ricardo Arruda, 15510-13.2026",5732.05
2026,8,339093,2026NE002911,2026OB006711,SAMUEL PEREIRA DA SILVA,Ressarcimento deputado Samuel Dantas 14670-92.2026,39648.29
2026,8,339093,2026NE002751,2026OB006512,TERCILIO LUIZ TURINI,Ressarcimento deputado Tercílio Turini 14460-39.2026,26545.35
2026,8,339093,2026NE002614,2026OB006252,THIAGO BUHRER,"Ressarc. Dep. Thiago Buhrer, 13867-45.2026",13710.72
2026,8,339093,2026NE002614,2026OB006261,THIAGO BUHRER,"Ressarc. Dep. Thiago Buhrer, 13867-45.2026",13710.72
2026,8,339093,2026NE002724,2026OB006491,THIAGO BUHRER,"Ressarc. Dep. Thiago Buhrer, 14562-98.2026",11857.4
2026,8,339093,2026NE002717,2026OB006451,TITO LÍVIO BARICHELLO,Ressarcimento deputado Tito Barrichelo 14308-69.2026,7510.15
2026,8,339093,2026NE002726,2026OB006487,TITO LÍVIO BARICHELLO,"Ressarc. Dep. Tito Barichello, 14464-28.2026",2708.54
2026,9,339093,2026NE003033,2026OB006920,ADEMAR LUIZ TRAIANO,Ressarcimento deputado Ademar Traiano 16138-32.2026,22162.39
2026,9,339093,2026NE002985,2026OB006859,ADRIANO JOSE DA SILVA,"Ressarc. Dep. Adriano José, 16126-65.2026",4794.7
2026,9,339093,2026NE003102,2026OB007034,ADRIANO JOSE DA SILVA,"Ressarc. Dep. Adriano José, 16441-96.2026",14788.44
2026,9,339093,2026NE003171,2026OB007094,ADRIANO JOSE DA SILVA,"Ressarc. Dep. Adriano José, 16574-94.2026",6413.68
2026,9,339093,2026NE003218,2026OB007168,ADRIANO JOSE DA SILVA,"Ressarc. Dep. Adriano José, 16820-48.2026",7545.03
2026,9,339093,2026NE003002,2026OB006887,ADÃO FERNANDES,"Ressarc. Dep. Adão Litro, 16094-56.2026",8593.22
2026,9,339093,2026NE003097,2026OB007035,ADÃO FERNANDES,"Ressarc. Dep. Adão Litro, 16455-09.2026",4799.85
2026,9,339093,2026NE003175,2026OB007101,ADÃO FERNANDES,"Ressarc. Dep. Adão Litro, 16853-30.2026",12809.71
2026,9,339014,2026NE003052,2026OB006963,ALEXANDRE AMARO,"Ressarc. Dep. Alexandre Amaro, 16183-78.2026",625.32
2026,9,339093,2026NE003053,2026OB006964,ALEXANDRE AMARO,"Ressarc. Dep. Alexandre Amaro, 16183-78.2026",3188.38
2026,9,339093,2026NE003093,2026OB007016,ALEXANDRE AMARO,"Ressarc. Dep. Alexandre Amaro, 16300-23.2026",9035.02
2026,9,339093,2026NE003156,2026OB007089,ALEXANDRE AMARO,"Ressarc. Dep. Alexandre Amaro, 16584-18.2026",8318.62
2026,9,339093,2026NE003056,2026OB006966,ALISSON ANTHONY WANDSCHEER,"Ressarc. Dep. Alisson Wandscheer, 16282-24.2026",11637.2
2026,9,339093,2026NE003040,2026OB006925,ANA JULIA PIRES RIBEIRO,"Ressarc. Dep. Ana Julia, 16141-48.2026",18484.29
2026,9,339093,2026NE003082,2026OB007004,ANTENOR GOMES DE LIMA,"Ressarc. Dep. Dr. Antenor, 16366-84.2026",14019.45
2026,9,339093,2026NE003090,2026OB007009,ANTENOR GOMES DE LIMA,"Ressarc. Dep. Dr. Antenor, 16367-57.2026",10000.0
2026,9,339093,2026NE003059,2026OB006992,ANTONIO ANNIBELLI NETO,"Ressarc. Dep. Anibelli, 16221-22.2026",19614.55
2026,9,339093,2026NE003121,2026OB007044,ARILSON MAROLDI CHIORATO,"Ressarc. Dep. Arilson Chiorato, 16249-42.2026",27161.04
2026,9,339093,2026NE003058,2026OB006998,ARTAGAO DE MATTOS LEÃO JUNIOR,"Ressarc. Dep. Artagão, 16297-07.2026",2480.0
2026,9,339093,2026NE003081,2026OB007014,ARTAGAO DE MATTOS LEÃO JUNIOR,"Ressarc. Dep. Artagão, 16404-28.2026",1181.07
2026,9,339093,2026NE003170,2026OB007095,ARTAGAO DE MATTOS LEÃO JUNIOR,"Ressarc. Dep. Artagão, 16822-91.2026",1883.77
2026,9,339093,2026NE003038,2026OB006921,Aldino Jorge Bueno,Ressa.Deput.Gugu Bueno.Prot.16278-35.2026,15612.48
2026,9,339093,2026NE003091,2026OB007013,Aldino Jorge Bueno,"Ressarc. Dep. Gugu Bueno, 16495-93.2026",4579.17
2026,9,339093,2026NE003133,2026OB007074,Aldino Jorge Bueno,"Ressarc. Dep. Gugu Bueno, 16677-29.2026",5590.14
2026,9,339093,2026NE002953,2026OB006808,CLOARA PINHEIRO LIMA,"Ressarc. Dep. Cloara Pinheiro, 15881-84.2026",9303.85
2026,9,339093,2026NE002974,2026OB006846,CLOARA PINHEIRO LIMA,"Ressarc. Dep. Cloara Pinheiro, 15981-03.2026",9476.66
2026,9,339093,2026NE003028,2026OB006922,CLOARA PINHEIRO LIMA,"Ressarc. Dep. Cloara Pinheiro, 16136-86.2026",4041.43
2026,9,339093,2026NE003095,2026OB007011,CLOARA PINHEIRO LIMA,"Ressarc. Dep. Cloara Pinheiro, 16528-75.2026",8851.82
2026,9,339093,2026NE002952,2026OB006809,DENIAN COUTO COELHO,"Ressarc. Dep. Denian Couto, 15797-24.2026",3115.69
2026,9,339014,2026NE002951,2026OB006810,DENIAN COUTO COELHO,"Ressarc. Dep. Denian Couto, 15797-24.2026",1875.93
2026,9,339014,2026NE002968,2026OB006843,DENIAN COUTO COELHO,Ressarcimento deputado Denian Couto 15916-12.2026,625.31
2026,9,339093,2026NE003032,2026OB006918,DEVANIL REGINALDO DA SILVA,"Ressarc. Dep. Cobra Repórter, 16137-59.2026",1290.16
2026,9,339093,2026NE003005,2026OB006882,EVANDRO JOSE DA CRUZ ARAUJO,Ressarcimento deputado Evandro Araújo 16034-27.2026,13944.27
2026,9,339093,2026NE003083,2026OB007005,EVANDRO JOSE DA CRUZ ARAUJO,"Ressarc. Dep. Evandro Araújo, 16416-92.2026",1912.09
2026,9,339093,2026NE003229,2026OB007170,EVANDRO JOSE DA CRUZ ARAUJO,"Ressarc. Dep. Evandro Araújo, 16968-29.2026",4954.01
2026,9,339093,2026NE002981,2026OB006858,FABIO OLIVEIRA,"Ressarc. Dep. Fabio Oliveira, 16104-77.2026",1141.73
2026,9,339093,2026NE003030,2026OB006923,FABIO OLIVEIRA,Ressarcimento deputado Fábio Oliveira 16156-31.2026,10959.35
2026,9,339093,2026NE003147,2026OB007078,FABIO OLIVEIRA,"Ressarc. Dep. Fabio Oliveira, 16601-44.2026",2108.3
2026,9,339014,2026NE002982,2026OB006863,FLAVIA CAROLINA RESENDE JABER FRANCISCHINI,"Ressarc. Dep. Flavia Francischini, 16140-75.2026",4689.86
2026,9,339093,2026NE002983,2026OB006864,FLAVIA CAROLINA RESENDE JABER FRANCISCHINI,"Ressarc. Dep. Flavia Francischini, 16140-75.2026",68.02
2026,9,339093,2026NE002997,2026OB006886,FLAVIA CAROLINA RESENDE JABER FRANCISCHINI,"Ressarc. Dep. Flavia Francischini, 16176-73.2026",25823.57
2026,9,339093,2026NE003085,2026OB007007,FLAVIA CAROLINA RESENDE JABER FRANCISCHINI,"Ressarc. Dep. Flavia Francichini, 16535-80.2026",10000.0
2026,9,339093,2026NE002975,2026OB006861,GILSON DE SOUZA,Ressarcimento deputado Gilson de Souza 15999-02.2026,2815.99
2026,9,339093,2026NE003092,2026OB007015,GILSON DE SOUZA,"Ressarc. Dep. Gilson de Souza, 16505-17.2026",11347.1
2026,9,339093,2026NE003099,2026OB007036,HUSSEIN BAKRI,"Ressarc. Dep. Hussein Bakri, 16498-12.2026",10148.31
2026,9,339093,2026NE003140,2026OB007080,HUSSEIN BAKRI,"Ressarc. Dep. Hussein Bakri, 16657-84.2026",7782.95
2026,9,339093,2026NE002988,2026OB006884,ISABEL CRISTINA RAUEN SILVESTRI,Ressarcimento deputada Cristina Silvestri 15834-92.2026,34518.19
2026,9,339093,2026NE002976,2026OB006847,JORGE GOMES DE OLIVEIRA BRAND,"Ressarc. Dep. Goura, 15897-40.2026",1695.96
2026,9,339093,2026NE003073,2026OB006994,JORGE GOMES DE OLIVEIRA BRAND,"Ressarc. Dep. Goura, 16151-69.2026",17021.45
2026,9,339093,2026NE003139,2026OB007081,JORGE GOMES DE OLIVEIRA BRAND,"Ressarc. Dep. Goura, 16562-30.2026",6522.58
2026,9,339093,2026NE003179,2026OB007128,JORGE GOMES DE OLIVEIRA BRAND,"Ressarc. Dep. Goura, 16829-96.2026",11022.87
2026,9,339093,2026NE003071,2026OB006996,JOSE APARECIDO JACOVOS,"Ressarc. Dep. Jacovos, 16289-29.2026",43510.4
2026,9,339093,2026NE002977,2026OB006845,JOSE GILBERTO DO CARMO ALVES RIBEIRO,"Ressarc. Dep. Gilberto Ribeiro, 15997-56.2026",2609.57
2026,9,339093,2026NE003060,2026OB006991,JOSE GILBERTO DO CARMO ALVES RIBEIRO,"Ressarc. Dep. Gilberto Ribeiro, 16279-08.2026",9455.13
2026,9,339093,2026NE003143,2026OB007073,JOSE GILBERTO DO CARMO ALVES RIBEIRO,"Ressarc. Dep. Gilberto Ribeiro, 16576-40.2026",7350.49
2026,9,339093,2026NE003217,2026OB007169,JOSE GILBERTO DO CARMO ALVES RIBEIRO,"Ressarc. Dep. Gilberto Ribeiro, 16891-71.2026",10399.99
2026,9,339093,2026NE003035,2026OB006927,JOSE RODRIGUES LEMOS,"Ressarc. Dep. Prof. Lemos, 16124-22.2026",15000.0
2026,9,339093,2026NE003089,2026OB007012,JOSE RODRIGUES LEMOS,"Ressarc. Dep. Professor Lemos, 16226-81.2026",7635.59
2026,9,339093,2026NE003172,2026OB007092,JOSE RODRIGUES LEMOS,"Ressarc. Dep. Professor Lemos, 16811-97.2026",6380.94
2026,9,339093,2026NE002984,2026OB006857,Jairo Tamura,"Ressarc. Dep. Jairo Tamura, 15988-08.2026",4272.81
2026,9,339093,2026NE003057,2026OB006997,Jairo Tamura,"Ressarc. Dep. Jairo Tamura, 16363-68.2026",13951.61
2026,9,339093,2026NE003098,2026OB007039,Jairo Tamura,"Ressarc. Dep. Jairo Tamura, 16364-41.2026",7961.79
2026,9,339093,2026NE003164,2026OB007091,Jairo Tamura,"Ressarc. Dep. Jairo Tamura, 16672-67.2026",11418.71
2026,9,339093,2026NE002978,2026OB006844,LEONIDAS FAVERO NETO,"Ressarc. Dep. Dr. Leonidas, 15880-14.2026",3876.13
2026,9,339093,2026NE003119,2026OB007038,LEONIDAS FAVERO NETO,"Ressarc. Dep. Dr. Leonidas, 16541-15.2026",11311.21
2026,9,339093,2026NE003122,2026OB007043,LEONIDAS FAVERO NETO,"Ressarc. Dep. Dr. Leonidas, 16611-65.2026",5104.55
2026,9,339093,2026NE003135,2026OB007075,LEONIDAS FAVERO NETO,"Ressarc. Dep. Dr. Leonidas, 16681-18.2026",3500.0
2026,9,339093,2026NE003075,2026OB006990,LUCIANA GUZELLA RAFAGNIN,"Ressarc. Dep. Luciana Rafagnin, 16182-08.2026",14530.37
2026,9,339093,2026NE003173,2026OB007093,LUCIANA GUZELLA RAFAGNIN,Ressa.Deput.Luciana Rafagnin.Prot.16802-49.2026,8437.29
2026,9,339093,2026NE003031,2026OB006929,LUIS RAIMUNDO CORTI,"Ressarc. Dep. Luis Corti, 16123-49.2026",2413.32
2026,9,339093,2026NE003084,2026OB007006,LUIZ FERNANDO GUERRA FILHO,"Ressarc. Dep. Guerra, 16336-21.2026",11176.93
2026,9,339093,2026NE003103,2026OB007033,MABEL CORA CANTO,"Ressarc. Dep. Mabel Canto, 16350-31.2026",6209.38
2026,9,339093,2026NE003144,2026OB007079,MARCIO FERNANDES NUNES,"Ressarc. Dep. Marcio Nunes, 16572-51.2026",26032.1
2026,9,339093,2026NE003088,2026OB007010,MARCIO JOSE PACHECO RAMOS,"Ressarc. Dep. Marcio Pacheco, 16064-90.2026",11055.21
2026,9,339093,2026NE003145,2026OB007077,MARCIO JOSE PACHECO RAMOS,"Ressarc. Dep. Marcio Pacheco, 16668-78.2026",10296.29
2026,9,339093,2026NE002999,2026OB006885,MARIA VICTORIA BORGHETTI BARROS,"Ressarc. Dep. Maria Victoria, 16184-51.2026",6400.0
2026,9,339093,2026NE003027,2026OB006919,MARIA VICTORIA BORGHETTI BARROS,"Ressarc. Dep. Maria Victoria, 16169-68.2026",4332.45
2026,9,339093,2026NE003086,2026OB007008,MARIA VICTORIA BORGHETTI BARROS,"Ressarc. Dep. Maria Victoria, 16457-52.2026",4928.99
2026,9,339093,2026NE002980,2026OB006860,MARILEI DE SOUZA LIMA,Ressarcimento deputada Cantor Mara Lima 15878-68.2026,4735.35
2026,9,339093,2026NE003120,2026OB007053,MARILEI DE SOUZA LIMA,"Ressarc. Dep. Mara Lima, 16433-21.2026",13569.79
2026,9,339093,2026NE003169,2026OB007096,MARILEI DE SOUZA LIMA,"Ressarc. Dep. Mara Lima, 16627-21.2026",10182.95
2026,9,339093,2026NE003176,2026OB007103,MARILEI DE SOUZA LIMA,"Ressarc. Dep. Mara Lima, 16819-75.2026",5974.52
2026,9,339093,2026NE002998,2026OB006881,MARLY PAULINO FAGUNDES,Ressarcimento deputada Marly Paulino 15852-91.2026,40262.56
2026,9,339093,2026NE003146,2026OB007084,MATHEUS VELOSO MARIA,"Ressarc. Dep. Matheus Vermelho, 16475-51.2026",46723.12
2026,9,339093,2026NE002979,2026OB006862,MAURICIO THADEU DE MELLO E SILVA,Ressarcimento deputado Requião Filho 16053-96.2026,16737.61
2026,9,339093,2026NE003110,2026OB007040,MAURICIO THADEU DE MELLO E SILVA,"Ressarc. Dep. Requião Filho, 16517-81.2026",19168.39
2026,9,339093,2026NE003036,2026OB006926,MOACYR ELIAS FADEL JUNIOR,"Ressarc. Dep. Moacyr Fadel, 16096-02.2026",15903.56
2026,9,339093,2026NE003034,2026OB006930,MOACYR ELIAS FADEL JUNIOR,"Ressarc. Dep. Moacyr Fadel, 16217-33.2026",6000.0
2026,9,339093,2026NE003054,2026OB006962,MOACYR ELIAS FADEL JUNIOR,"Ressarc. Dep. Moacyr Fadel, 16095-29.2026",11208.7
2026,9,339093,2026NE003004,2026OB006883,Marcelo Rangel Cruz de Oliveira,"Ressarc. Dep. Marcelo Rangel, 16174-30.2026",22370.01
2026,9,339093,2026NE003037,2026OB006928,Marcelo Rangel Cruz de Oliveira,"Ressarc. Dep. Marcelo Rangel, 16132-97.2026",4379.18
2026,9,339093,2026NE003142,2026OB007076,Marcelo Rangel Cruz de Oliveira,"Ressarc. Dep. Marcelo Rangel, 16625-75.2026",4382.98
2026,9,339093,2026NE003072,2026OB006995,NEY LEPREVOST NETO,"Ressarc. Dep. Ney Leprevost, 16223-65.2026",34427.01
2026,9,339093,2026NE003094,2026OB007017,OZIEL LUIZ DE SOUZA,"Ressarc. Dep. Batatinha, 16323-81.2026",8622.81
2026,9,339093,2026NE003087,2026OB007018,OZIEL LUIZ DE SOUZA,"Ressarc. Dep. Batatinha, 16369-03.2026",9774.93
2026,9,339093,2026NE003157,2026OB007090,OZIEL LUIZ DE SOUZA,"Ressarc. Dep. Batatinha, 16748-52.2026",2275.77
2026,9,339093,2026NE003111,2026OB007042,PAULO ROBERTO MOREIRA GOMES JUNIOR,"Ressarc. Dep. Paulo Gomes, 16448-04.2026",25340.61
2026,9,339093,2026NE003074,2026OB006993,PAULO ROGERIO DO CARMO,"Ressarc. Dep. Do Carmo, 16208-82.2026",29728.34
2026,9,339093,2026NE003177,2026OB007102,PAULO ROGERIO DO CARMO,"Ressarc. Dep. Do Carmo, 16834-58.2026",13884.2
2026,9,339093,2026NE003136,2026OB007082,PEDRO PAULO BAZANA,"Ressarc. Dep. Bazana, 16588-07.2026",14124.36
2026,9,339093,2026NE003118,2026OB007037,RENATO DE ALMEIDA FREITAS JUNIOR,"Ressarc. Dep. Renato Freitas, 16186-94.2026",5226.28
2026,9,339093,2026NE003043,2026OB006965,RICARDO ARRUDA NUNES,Ressarcimento deputado Ricardo Arruda 16128-11.2026,15895.24
2026,9,339093,2026NE003096,2026OB007054,RICARDO ARRUDA NUNES,"Ressarc. Dep. Ricardo Arruda, 16521-70.2026",11651.01
2026,9,339093,2026NE003101,2026OB007041,TERCILIO LUIZ TURINI,"Ressarc. Dep. Tercilio Turini, 16303-39.2026",28858.04
2026,9,339093,2026NE003039,2026OB006924,THIAGO BUHRER,"Ressarc. Dep. Thiago Buhrer, 16105-50.2026",25854.72
2026,9,339093,2026NE003134,2026OB007083,TITO LÍVIO BARICHELLO,"Ressarc. Dep. Tito Barichello, 16139-05.2026",2601.62
