id_politico,ano,mes,pessoas,cne
dep-100689,2023,12,0,1
dep-100689,2024,1,0,1
dep-100689,2024,2,0,1
dep-100689,2024,3,0,1
dep-100689,2024,4,0,1
dep-103758,2023,3,16,1
dep-103758,2023,4,16,2
dep-103758,2023,5,16,2
dep-103758,2023,6,16,2
dep-103758,2023,7,16,2
dep-103758,2023,8,15,2
dep-103758,2023,9,17,2
dep-103758,2023,10,17,2
dep-103758,2023,11,17,2
dep-103758,2023,12,17,2
dep-103758,2024,1,17,2
dep-103758,2024,2,17,2
dep-103758,2024,3,17,2
dep-103758,2024,4,17,2
dep-103758,2024,5,17,2
dep-103758,2024,6,17,2
dep-103758,2024,7,15,2
dep-103758,2024,8,15,2
dep-103758,2024,9,15,2
dep-103758,2024,10,16,2
dep-104552,2023,2,14,0
dep-104552,2023,3,15,2
dep-104552,2023,4,14,2
dep-104552,2023,5,14,2
dep-104552,2023,6,13,2
dep-104552,2023,7,14,2
dep-104552,2023,8,12,2
dep-104552,2023,9,15,2
dep-104552,2023,10,16,2
dep-104552,2023,11,17,2
dep-104552,2023,12,17,2
dep-104552,2024,1,16,2
dep-104552,2024,2,15,2
dep-104552,2024,3,17,2
dep-104552,2024,4,16,2
dep-104552,2024,5,16,2
dep-104552,2024,6,17,2
dep-104552,2024,7,17,2
dep-104552,2024,8,17,2
dep-104552,2024,9,18,2
dep-104552,2024,10,18,2
dep-104552,2024,11,18,2
dep-104552,2024,12,18,2
dep-104552,2025,1,18,2
dep-104552,2025,2,16,3
dep-104552,2025,3,14,2
dep-104552,2025,4,17,2
dep-104552,2025,5,18,3
dep-104552,2025,6,19,2
dep-104552,2025,7,22,2
dep-104552,2025,8,22,3
dep-104552,2025,9,21,2
dep-104552,2025,10,22,2
dep-104552,2025,11,22,1
dep-104552,2025,12,22,1
dep-104552,2026,1,21,1
dep-104552,2026,2,21,1
dep-104552,2026,3,14,1
dep-104552,2026,4,16,1
dep-104552,2026,5,16,1
dep-104552,2026,6,18,1
dep-104552,2026,7,20,1
dep-104552,2026,8,23,1
dep-104552,2026,9,23,1
dep-104552,2026,10,23,1
dep-107283,2023,2,23,1
dep-107283,2023,3,20,2
dep-107283,2023,4,22,2
dep-107283,2023,5,21,2
dep-107283,2023,6,21,2
dep-107283,2023,7,21,2
dep-107283,2023,8,22,3
dep-107283,2023,9,22,3
dep-107283,2023,10,22,3
dep-107283,2023,11,22,3
dep-107283,2023,12,22,3
dep-107283,2024,1,22,3
dep-107283,2024,2,22,3
dep-107283,2024,3,22,3
dep-107283,2024,4,22,3
dep-107283,2024,5,22,3
dep-107283,2024,6,22,3
dep-107283,2024,7,22,3
dep-107283,2024,8,20,3
dep-107283,2024,9,20,3
dep-107283,2024,10,22,3
dep-107283,2024,11,22,3
dep-107283,2024,12,22,3
dep-107283,2025,1,22,2
dep-107283,2025,2,22,2
dep-107283,2025,3,21,2
dep-107283,2026,4,14,1
dep-107283,2026,5,16,1
dep-107283,2026,6,17,1
dep-107283,2026,7,17,1
dep-107283,2026,8,18,1
dep-107283,2026,9,18,1
dep-107283,2026,10,18,1
dep-107970,2023,2,12,0
dep-107970,2023,3,14,0
dep-107970,2023,4,13,1
dep-107970,2023,5,14,1
dep-107970,2023,6,14,1
dep-107970,2023,7,14,1
dep-107970,2023,8,14,1
dep-107970,2023,9,14,1
dep-107970,2023,10,14,1
dep-107970,2023,11,14,1
dep-107970,2023,12,14,1
dep-107970,2024,1,14,1
dep-107970,2024,2,14,1
dep-107970,2024,3,13,1
dep-107970,2024,4,14,2
dep-107970,2024,5,11,1
dep-107970,2024,6,10,1
dep-107970,2024,7,10,1
dep-107970,2024,8,10,1
dep-107970,2024,9,11,1
dep-107970,2024,10,12,1
dep-107970,2024,11,12,1
dep-107970,2024,12,14,1
dep-107970,2025,1,12,1
dep-107970,2025,2,13,1
dep-107970,2025,3,14,1
dep-107970,2025,4,15,1
dep-107970,2025,5,15,1
dep-107970,2025,6,15,1
dep-107970,2025,7,16,1
dep-107970,2025,8,16,1
dep-107970,2025,9,16,1
dep-107970,2025,10,15,2
dep-107970,2025,11,14,2
dep-107970,2025,12,15,2
dep-107970,2026,1,15,2
dep-107970,2026,2,17,2
dep-107970,2026,3,19,2
dep-107970,2026,4,19,2
dep-107970,2026,5,19,2
dep-107970,2026,6,19,2
dep-107970,2026,7,20,2
dep-107970,2026,8,20,2
dep-107970,2026,9,20,2
dep-107970,2026,10,20,2
dep-109429,2023,2,20,3
dep-109429,2023,3,18,3
dep-109429,2023,4,17,3
dep-109429,2023,5,17,3
dep-109429,2023,6,17,4
dep-109429,2023,7,17,4
dep-109429,2023,8,18,4
dep-109429,2023,9,18,4
dep-109429,2023,10,21,4
dep-109429,2023,11,22,4
dep-109429,2023,12,22,4
dep-109429,2024,1,22,4
dep-109429,2024,2,22,4
dep-109429,2024,3,22,4
dep-109429,2024,4,22,5
dep-109429,2024,5,21,5
dep-109429,2024,6,22,5
dep-109429,2024,7,20,5
dep-109429,2024,8,21,5
dep-109429,2024,9,21,5
dep-109429,2024,10,22,5
dep-109429,2024,11,22,5
dep-109429,2024,12,23,5
dep-109429,2025,1,22,5
dep-109429,2025,2,22,5
dep-109429,2025,3,22,4
dep-109429,2025,4,23,4
dep-109429,2025,5,23,5
dep-109429,2025,6,22,5
dep-109429,2025,7,22,5
dep-109429,2025,8,22,5
dep-109429,2025,9,22,5
dep-109429,2025,10,22,6
dep-109429,2025,11,22,6
dep-109429,2025,12,22,6
dep-109429,2026,1,22,6
dep-109429,2026,2,22,6
dep-109429,2026,3,19,6
dep-109429,2026,4,21,6
dep-109429,2026,5,22,6
dep-109429,2026,6,22,6
dep-109429,2026,7,24,6
dep-109429,2026,8,24,6
dep-109429,2026,9,24,6
dep-109429,2026,10,24,6
dep-115200,2024,1,20,4
dep-115200,2024,2,20,4
dep-115200,2024,3,20,4
dep-115200,2024,4,20,4
dep-115200,2024,5,20,4
dep-115200,2026,5,0,1
dep-115200,2026,6,0,1
dep-115200,2026,7,0,1
dep-115200,2026,8,0,1
dep-115200,2026,9,0,1
dep-115200,2026,10,0,1
dep-116379,2023,8,26,3
dep-116379,2023,9,24,3
dep-116379,2023,10,25,3
dep-116379,2023,11,25,3
dep-116379,2023,12,25,3
dep-116379,2024,1,25,3
dep-116379,2024,2,25,3
dep-116379,2024,3,25,3
dep-116379,2024,4,25,3
dep-116379,2024,5,26,3
dep-116379,2024,6,25,3
dep-116379,2024,7,0,2
dep-116379,2024,8,0,2
dep-116379,2024,9,0,2
dep-116379,2024,10,0,2
dep-116379,2024,11,0,2
dep-121948,2023,2,22,2
dep-121948,2023,3,25,2
dep-121948,2023,4,24,3
dep-121948,2023,5,21,4
dep-121948,2023,6,24,4
dep-121948,2023,7,21,4
dep-121948,2023,8,23,4
dep-121948,2023,9,22,4
dep-121948,2023,10,23,4
dep-121948,2023,11,22,4
dep-121948,2023,12,23,4
dep-121948,2024,1,23,4
dep-121948,2024,2,23,4
dep-121948,2024,3,23,3
dep-121948,2024,4,22,3
dep-121948,2024,5,24,4
dep-121948,2024,6,22,4
dep-121948,2024,7,23,4
dep-121948,2024,8,22,4
dep-121948,2024,9,22,4
dep-121948,2024,10,22,4
dep-121948,2024,11,22,4
dep-121948,2024,12,22,4
dep-121948,2025,1,22,4
dep-121948,2025,2,23,4
dep-121948,2025,3,23,4
dep-121948,2025,4,23,4
dep-121948,2025,5,24,4
dep-121948,2025,6,24,4
dep-121948,2025,7,23,4
dep-121948,2025,8,24,4
dep-121948,2025,9,24,4
dep-121948,2025,10,24,4
dep-121948,2025,11,24,4
dep-121948,2025,12,24,4
dep-121948,2026,1,24,4
dep-121948,2026,2,23,4
dep-121948,2026,3,20,4
dep-121948,2026,4,21,4
dep-121948,2026,5,22,4
dep-121948,2026,6,22,3
dep-121948,2026,7,24,3
dep-121948,2026,8,24,3
dep-121948,2026,9,24,3
dep-121948,2026,10,24,3
dep-122158,2023,2,8,0
dep-122158,2023,3,8,1
dep-122158,2023,4,8,1
dep-122158,2023,5,10,1
dep-122158,2023,6,10,0
dep-122158,2023,7,10,0
dep-122158,2023,8,10,1
dep-122158,2023,9,8,1
dep-122158,2023,10,8,1
dep-122158,2023,11,8,1
dep-122158,2023,12,9,1
dep-122158,2024,1,9,1
dep-122158,2024,2,9,1
dep-122158,2024,3,9,1
dep-122158,2024,4,9,1
dep-122158,2024,5,9,1
dep-122158,2024,6,9,1
dep-122158,2024,7,9,1
dep-122158,2024,8,9,1
dep-122158,2024,9,9,1
dep-122158,2024,10,9,1
dep-122158,2024,11,9,1
dep-122158,2024,12,11,1
dep-122158,2025,1,11,1
dep-122158,2025,2,11,1
dep-122158,2025,3,11,1
dep-122158,2025,4,11,1
dep-122158,2025,5,11,1
dep-122158,2025,6,11,1
dep-122158,2025,7,11,1
dep-122158,2025,8,11,1
dep-122158,2025,9,11,1
dep-122158,2025,10,12,1
dep-122158,2025,11,10,1
dep-122158,2025,12,9,1
dep-122158,2026,1,9,1
dep-122158,2026,2,8,2
dep-122158,2026,3,7,2
dep-122158,2026,4,7,2
dep-122158,2026,5,8,2
dep-122158,2026,6,10,2
dep-122158,2026,7,12,2
dep-122158,2026,8,12,2
dep-122158,2026,9,12,2
dep-122158,2026,10,12,2
dep-122195,2024,6,0,4
dep-122195,2024,7,0,4
dep-122195,2024,8,0,4
dep-122195,2024,9,0,4
dep-122195,2024,10,0,4
dep-122195,2026,7,0,3
dep-122195,2026,8,0,3
dep-122195,2026,9,0,3
dep-122195,2026,10,0,3
dep-122974,2023,2,22,2
dep-122974,2023,3,22,2
dep-122974,2023,4,21,2
dep-122974,2023,5,21,2
dep-122974,2023,6,22,3
dep-122974,2023,7,21,2
dep-122974,2023,8,21,2
dep-122974,2023,9,21,2
dep-122974,2023,10,21,2
dep-122974,2023,11,22,2
dep-122974,2023,12,22,2
dep-122974,2024,1,22,2
dep-122974,2024,2,23,2
dep-122974,2024,3,23,2
dep-122974,2024,4,23,2
dep-122974,2024,5,23,2
dep-122974,2024,6,23,2
dep-122974,2024,7,23,2
dep-122974,2024,8,23,2
dep-122974,2024,9,22,2
dep-122974,2024,10,22,2
dep-122974,2024,11,22,2
dep-122974,2024,12,22,2
dep-122974,2025,1,22,2
dep-122974,2025,2,23,2
dep-122974,2025,3,22,5
dep-122974,2025,4,20,4
dep-122974,2025,5,22,4
dep-122974,2025,6,22,4
dep-122974,2025,7,22,4
dep-122974,2025,8,22,4
dep-122974,2025,9,22,4
dep-122974,2025,10,22,4
dep-122974,2025,11,22,4
dep-122974,2025,12,22,4
dep-122974,2026,1,22,4
dep-122974,2026,2,23,4
dep-122974,2026,3,17,4
dep-122974,2026,4,20,4
dep-122974,2026,5,21,4
dep-122974,2026,6,22,4
dep-122974,2026,7,24,4
dep-122974,2026,8,25,4
dep-122974,2026,9,25,4
dep-122974,2026,10,25,4
dep-123086,2023,2,23,1
dep-123086,2023,3,25,3
dep-123086,2023,4,25,3
dep-123086,2023,5,25,3
dep-123086,2023,6,25,4
dep-123086,2023,7,25,4
dep-123086,2023,8,25,4
dep-123086,2023,9,25,4
dep-123086,2023,10,25,4
dep-123086,2023,11,25,4
dep-123086,2023,12,25,4
dep-123086,2024,1,25,4
dep-123086,2024,2,25,4
dep-123086,2024,3,25,4
dep-123086,2024,4,25,4
dep-123086,2024,5,25,4
dep-123086,2024,6,25,4
dep-123086,2024,7,25,4
dep-123086,2024,8,25,4
dep-123086,2024,9,25,4
dep-123086,2024,10,25,4
dep-123086,2024,11,25,4
dep-123086,2024,12,25,4
dep-123086,2025,1,25,4
dep-123086,2025,2,25,4
dep-123086,2025,3,25,4
dep-123086,2025,4,25,4
dep-123086,2025,5,25,5
dep-123086,2025,6,25,4
dep-123086,2025,7,24,4
dep-123086,2025,8,24,4
dep-123086,2025,9,24,4
dep-123086,2025,10,24,4
dep-123086,2025,11,24,4
dep-123086,2025,12,24,4
dep-123086,2026,1,24,4
dep-123086,2026,2,24,4
dep-123086,2026,3,16,4
dep-123086,2026,4,18,4
dep-123086,2026,5,19,4
dep-123086,2026,6,19,4
dep-123086,2026,7,20,4
dep-123086,2026,8,21,4
dep-123086,2026,9,21,4
dep-123086,2026,10,21,4
dep-123756,2023,2,16,0
dep-123756,2023,3,21,1
dep-123756,2023,4,21,2
dep-123756,2023,5,23,2
dep-123756,2023,6,23,2
dep-123756,2023,7,24,2
dep-123756,2023,8,24,2
dep-123756,2023,9,24,2
dep-123756,2023,10,24,2
dep-123756,2023,11,24,2
dep-123756,2023,12,24,2
dep-123756,2024,1,24,2
dep-123756,2024,2,25,2
dep-123756,2024,3,25,2
dep-123756,2024,4,26,2
dep-123756,2024,5,25,2
dep-123756,2024,6,26,2
dep-123756,2024,7,26,3
dep-123756,2024,8,26,2
dep-123756,2024,9,25,2
dep-123756,2024,10,25,2
dep-123756,2024,11,25,2
dep-123756,2024,12,26,2
dep-123756,2025,1,25,2
dep-123756,2025,2,25,2
dep-123756,2025,3,25,2
dep-123756,2025,4,25,2
dep-123756,2025,5,25,2
dep-123756,2025,6,27,2
dep-123756,2025,7,25,2
dep-123756,2025,8,25,2
dep-123756,2025,9,25,2
dep-123756,2025,10,25,2
dep-123756,2025,11,25,2
dep-123756,2025,12,25,2
dep-123756,2026,1,25,2
dep-123756,2026,2,26,2
dep-123756,2026,3,13,2
dep-123756,2026,4,13,2
dep-123756,2026,5,14,2
dep-123756,2026,6,15,2
dep-123756,2026,7,15,2
dep-123756,2026,8,17,2
dep-123756,2026,9,17,2
dep-123756,2026,10,17,2
dep-128760,2026,3,0,1
dep-128760,2026,4,0,1
dep-128760,2026,5,0,1
dep-128760,2026,6,0,1
dep-129618,2026,1,0,5
dep-129618,2026,2,0,7
dep-129618,2026,3,0,5
dep-129618,2026,4,0,5
dep-132504,2023,2,22,4
dep-132504,2023,3,21,4
dep-133439,2023,2,18,3
dep-133439,2023,3,19,3
dep-133439,2023,4,19,3
dep-133439,2023,5,19,3
dep-133439,2023,6,19,3
dep-133439,2023,7,19,3
dep-133439,2023,8,20,3
dep-133439,2023,9,19,4
dep-133439,2023,10,20,3
dep-133439,2023,11,18,3
dep-133439,2023,12,18,3
dep-133439,2024,1,18,4
dep-133439,2024,2,19,4
dep-133439,2024,3,19,4
dep-133439,2024,4,19,5
dep-133439,2024,5,18,5
dep-133439,2024,6,18,6
dep-133439,2024,7,17,4
dep-133439,2024,8,17,4
dep-133439,2024,9,17,4
dep-133439,2024,10,17,4
dep-133439,2024,11,17,4
dep-133439,2024,12,17,4
dep-133439,2025,1,17,4
dep-133439,2025,2,17,5
dep-133439,2025,3,19,4
dep-133439,2025,4,19,5
dep-133439,2025,5,20,5
dep-133439,2025,6,20,5
dep-133439,2025,7,21,5
dep-133439,2025,8,21,5
dep-133439,2025,9,21,5
dep-133439,2025,10,20,5
dep-133439,2025,11,20,5
dep-133439,2025,12,19,5
dep-133439,2026,1,19,5
dep-133439,2026,2,19,5
dep-133439,2026,3,16,5
dep-133439,2026,4,20,4
dep-133439,2026,5,21,4
dep-133439,2026,6,22,4
dep-133439,2026,7,24,4
dep-133439,2026,8,24,5
dep-133439,2026,9,24,4
dep-133439,2026,10,24,4
dep-133810,2023,2,21,5
dep-133810,2023,3,19,4
dep-133810,2023,4,19,4
dep-133810,2023,5,19,4
dep-133810,2023,6,19,4
dep-133810,2023,7,19,4
dep-133810,2023,8,19,4
dep-133810,2023,9,19,4
dep-133810,2023,10,19,4
dep-133810,2023,11,19,4
dep-133810,2023,12,18,4
dep-133810,2024,1,18,4
dep-133810,2024,2,17,4
dep-133810,2024,3,17,4
dep-133810,2024,4,17,4
dep-133810,2024,5,18,4
dep-133810,2024,6,18,4
dep-133810,2024,7,20,4
dep-133810,2024,8,14,4
dep-133810,2024,9,14,4
dep-133810,2024,10,16,4
dep-133810,2024,11,15,4
dep-133810,2024,12,16,4
dep-133810,2025,1,13,4
dep-133810,2025,2,12,4
dep-133810,2025,3,12,4
dep-133810,2025,4,12,4
dep-133810,2025,5,13,4
dep-133810,2025,6,13,4
dep-133810,2025,7,16,4
dep-133810,2025,8,15,4
dep-133810,2025,9,16,4
dep-133810,2025,10,16,4
dep-133810,2025,11,16,4
dep-133810,2025,12,16,4
dep-133810,2026,1,9,4
dep-133810,2026,2,13,4
dep-133810,2026,3,11,4
dep-133810,2026,4,14,4
dep-133810,2026,5,15,4
dep-133810,2026,6,16,4
dep-133810,2026,7,18,4
dep-133810,2026,8,19,4
dep-133810,2026,9,19,4
dep-133810,2026,10,19,4
dep-136811,2023,2,25,2
dep-136811,2023,3,25,1
dep-136811,2023,4,25,2
dep-136811,2023,5,25,2
dep-136811,2023,6,24,2
dep-136811,2023,7,25,2
dep-136811,2023,8,25,2
dep-136811,2023,9,25,2
dep-136811,2023,10,25,2
dep-136811,2023,11,25,2
dep-136811,2023,12,25,2
dep-136811,2024,1,24,2
dep-136811,2024,2,24,2
dep-136811,2024,3,24,2
dep-136811,2024,4,24,2
dep-136811,2024,5,24,2
dep-136811,2024,6,24,2
dep-136811,2024,7,24,2
dep-136811,2024,8,21,2
dep-136811,2024,9,21,2
dep-136811,2024,10,21,2
dep-136811,2024,11,21,2
dep-136811,2024,12,22,2
dep-136811,2025,1,20,2
dep-136811,2025,2,20,2
dep-136811,2025,3,19,2
dep-136811,2025,4,22,2
dep-136811,2025,5,22,3
dep-136811,2025,6,22,2
dep-136811,2025,7,22,2
dep-136811,2025,8,22,2
dep-136811,2025,9,22,3
dep-136811,2025,10,22,3
dep-136811,2025,11,23,3
dep-136811,2025,12,23,3
dep-136811,2026,1,23,3
dep-136811,2026,2,23,3
dep-136811,2026,3,19,3
dep-136811,2026,4,20,3
dep-136811,2026,5,20,3
dep-136811,2026,6,22,3
dep-136811,2026,7,25,3
dep-136811,2026,8,25,3
dep-136811,2026,9,25,3
dep-136811,2026,10,25,3
dep-137070,2023,2,25,2
dep-137070,2023,3,25,2
dep-137070,2023,4,25,3
dep-137070,2023,5,23,3
dep-137070,2023,6,24,3
dep-137070,2023,7,24,3
dep-137070,2023,8,24,3
dep-137070,2023,9,24,3
dep-137070,2023,10,24,3
dep-137070,2023,11,24,3
dep-137070,2023,12,25,3
dep-137070,2024,1,25,3
dep-137070,2024,2,25,3
dep-137070,2024,3,25,3
dep-137070,2024,4,25,3
dep-137070,2024,5,26,3
dep-137070,2024,10,25,3
dep-137070,2024,11,25,3
dep-137070,2024,12,25,3
dep-137070,2025,1,25,3
dep-137070,2025,2,25,3
dep-137070,2025,3,24,3
dep-137070,2025,4,24,3
dep-137070,2025,5,25,4
dep-137070,2025,6,24,4
dep-137070,2025,7,25,4
dep-137070,2025,8,26,4
dep-137070,2025,9,25,4
dep-137070,2025,10,25,4
dep-137070,2025,11,25,4
dep-137070,2025,12,25,5
dep-137070,2026,1,25,4
dep-137070,2026,2,25,4
dep-137070,2026,3,23,4
dep-137070,2026,4,24,4
dep-137070,2026,5,25,5
dep-137070,2026,6,25,4
dep-137070,2026,7,25,4
dep-137070,2026,8,25,4
dep-137070,2026,9,25,4
dep-137070,2026,10,25,4
dep-138286,2023,4,13,1
dep-138286,2023,5,13,2
dep-138286,2023,6,12,2
dep-138286,2023,7,12,2
dep-138286,2023,8,13,3
dep-138286,2023,9,13,2
dep-138286,2023,10,13,2
dep-138286,2023,11,14,2
dep-138286,2023,12,14,2
dep-138286,2024,1,15,2
dep-138286,2024,2,14,2
dep-138286,2024,3,14,2
dep-138286,2024,4,14,2
dep-138286,2024,5,14,2
dep-138286,2024,6,14,1
dep-138286,2024,11,14,3
dep-138286,2024,12,15,3
dep-138286,2025,1,16,3
dep-138286,2025,2,16,3
dep-138286,2025,3,16,3
dep-138286,2025,4,13,2
dep-138286,2025,5,13,1
dep-138286,2025,6,18,1
dep-138286,2025,7,18,1
dep-138286,2025,8,19,1
dep-138286,2025,9,15,1
dep-138286,2025,10,17,1
dep-138286,2025,11,18,1
dep-138286,2025,12,19,1
dep-138286,2026,1,20,1
dep-138286,2026,2,23,1
dep-138286,2026,3,17,1
dep-138286,2026,4,16,1
dep-139285,2023,2,18,0
dep-139285,2023,3,18,2
dep-139285,2023,4,17,2
dep-139285,2023,5,17,2
dep-139285,2023,6,20,3
dep-139285,2023,7,19,3
dep-139285,2023,8,19,3
dep-139285,2023,9,21,3
dep-139285,2023,10,21,3
dep-139285,2023,11,21,3
dep-139285,2023,12,21,3
dep-139285,2024,1,21,3
dep-139285,2024,2,21,3
dep-139285,2024,3,21,3
dep-139285,2024,4,22,3
dep-139285,2024,5,22,3
dep-139285,2024,6,22,3
dep-139285,2024,7,20,3
dep-139285,2024,8,22,3
dep-139285,2024,9,22,3
dep-139285,2024,10,22,3
dep-139285,2024,11,22,3
dep-139285,2024,12,22,3
dep-139285,2025,1,21,3
dep-139285,2025,2,20,3
dep-139285,2025,3,21,3
dep-139285,2025,4,21,3
dep-139285,2025,5,21,3
dep-139285,2025,6,21,3
dep-139285,2025,7,21,3
dep-139285,2025,8,21,3
dep-139285,2025,9,22,4
dep-139285,2025,10,21,4
dep-139285,2025,11,21,4
dep-139285,2025,12,21,4
dep-139285,2026,1,21,4
dep-139285,2026,2,21,4
dep-139285,2026,3,20,4
dep-139285,2026,4,21,4
dep-139285,2026,5,22,4
dep-139285,2026,6,22,4
dep-139285,2026,7,22,4
dep-139285,2026,8,22,4
dep-139285,2026,9,23,4
dep-139285,2026,10,23,4
dep-141391,2023,2,14,1
dep-141391,2023,3,14,1
dep-141391,2023,4,14,1
dep-141391,2023,5,14,2
dep-141391,2023,6,14,2
dep-141391,2023,7,14,2
dep-141391,2023,8,14,2
dep-141391,2023,9,14,2
dep-141391,2023,10,14,2
dep-141391,2023,11,13,2
dep-141391,2023,12,14,2
dep-141391,2024,1,14,2
dep-141391,2024,2,14,2
dep-141391,2024,3,14,2
dep-141391,2024,4,14,2
dep-141391,2024,5,14,2
dep-141391,2024,6,14,2
dep-141391,2024,7,14,3
dep-141391,2024,8,15,3
dep-141391,2024,9,15,3
dep-141391,2024,10,15,3
dep-141391,2024,11,14,3
dep-141391,2024,12,14,3
dep-141391,2025,1,14,2
dep-141391,2025,2,14,2
dep-141391,2025,3,14,2
dep-141391,2025,4,14,2
dep-141391,2025,5,14,2
dep-141391,2025,6,14,2
dep-141391,2025,7,14,2
dep-141391,2025,8,14,2
dep-141391,2025,9,14,2
dep-141391,2025,10,13,2
dep-141391,2025,11,13,2
dep-141391,2025,12,13,2
dep-141391,2026,1,13,2
dep-141391,2026,2,13,2
dep-141391,2026,3,12,2
dep-141391,2026,4,12,2
dep-141391,2026,5,12,2
dep-141391,2026,6,13,2
dep-141391,2026,7,14,2
dep-141391,2026,8,17,2
dep-141391,2026,9,17,2
dep-141391,2026,10,17,2
dep-141398,2023,2,25,1
dep-141398,2023,3,24,2
dep-141398,2023,4,25,2
dep-141398,2023,5,24,3
dep-141398,2023,6,24,3
dep-141398,2023,7,25,3
dep-141398,2023,8,25,3
dep-141398,2023,9,24,3
dep-141398,2023,10,25,4
dep-141398,2023,11,25,3
dep-141398,2023,12,25,3
dep-141398,2024,1,25,3
dep-141398,2024,2,25,3
dep-141398,2024,3,25,3
dep-141398,2024,4,26,3
dep-141398,2024,5,25,3
dep-141398,2024,6,25,3
dep-141398,2024,7,28,3
dep-141398,2024,8,25,3
dep-141398,2024,9,25,3
dep-141398,2024,10,25,3
dep-141398,2024,11,25,3
dep-141398,2024,12,26,3
dep-141398,2025,1,25,3
dep-141398,2025,2,27,3
dep-141398,2025,3,25,3
dep-141398,2025,4,26,3
dep-141398,2025,5,25,3
dep-141398,2025,6,25,3
dep-141398,2025,7,25,3
dep-141398,2025,8,25,3
dep-141398,2025,9,25,3
dep-141398,2025,10,25,3
dep-141398,2025,11,25,3
dep-141398,2025,12,25,3
dep-141398,2026,1,25,3
dep-141398,2026,2,25,3
dep-141398,2026,3,24,3
dep-141398,2026,4,24,3
dep-141398,2026,5,24,3
dep-141398,2026,6,25,3
dep-141398,2026,7,25,3
dep-141398,2026,8,25,3
dep-141398,2026,9,25,3
dep-141398,2026,10,25,3
dep-141408,2023,2,24,4
dep-141408,2023,3,25,4
dep-141408,2023,4,26,2
dep-141408,2023,5,23,3
dep-141408,2023,6,23,3
dep-141408,2023,7,24,3
dep-141408,2023,8,24,3
dep-141408,2023,9,25,3
dep-141408,2023,10,25,3
dep-141408,2023,11,25,3
dep-141408,2023,12,25,3
dep-141408,2024,1,25,3
dep-141408,2024,2,25,3
dep-141408,2024,3,25,3
dep-141408,2024,4,25,3
dep-141408,2024,5,26,3
dep-141408,2024,6,25,3
dep-141408,2024,7,25,3
dep-141408,2024,8,25,3
dep-141408,2024,9,26,3
dep-141408,2024,10,25,3
dep-141408,2024,11,25,3
dep-141408,2024,12,26,3
dep-141408,2025,1,26,3
dep-141408,2025,2,25,3
dep-141408,2025,3,26,3
dep-141408,2025,4,25,3
dep-141408,2025,5,25,4
dep-141408,2025,6,25,5
dep-141408,2025,7,24,4
dep-141408,2025,8,27,4
dep-141408,2025,9,25,3
dep-141408,2025,10,25,3
dep-141408,2025,11,25,3
dep-141408,2025,12,25,3
dep-141408,2026,1,25,3
dep-141408,2026,2,25,3
dep-141408,2026,3,22,3
dep-141408,2026,4,23,3
dep-141408,2026,5,23,3
dep-141408,2026,6,23,3
dep-141408,2026,7,25,4
dep-141408,2026,8,25,4
dep-141408,2026,9,25,4
dep-141408,2026,10,25,4
dep-141411,2023,2,23,3
dep-141411,2023,3,24,1
dep-141411,2023,4,24,1
dep-141411,2023,5,24,1
dep-141411,2023,6,24,1
dep-141411,2023,7,24,1
dep-141411,2023,8,22,1
dep-141411,2023,9,23,1
dep-141411,2023,10,23,1
dep-141411,2023,11,25,1
dep-141411,2023,12,27,1
dep-141411,2024,1,24,1
dep-141411,2024,2,25,1
dep-141411,2024,3,24,1
dep-141411,2024,4,24,1
dep-141411,2024,5,24,1
dep-141411,2024,6,26,1
dep-141411,2024,7,25,1
dep-141411,2024,8,24,1
dep-141411,2024,9,26,1
dep-141411,2024,10,23,1
dep-141411,2024,11,23,1
dep-141411,2024,12,22,1
dep-141411,2025,1,22,1
dep-141411,2025,2,22,1
dep-141411,2025,3,24,1
dep-141411,2025,4,24,1
dep-141411,2025,5,24,1
dep-141411,2025,6,25,2
dep-141411,2025,7,24,2
dep-141411,2025,8,24,2
dep-141411,2025,9,25,2
dep-141411,2025,10,24,2
dep-141411,2025,11,24,2
dep-141411,2025,12,24,3
dep-141411,2026,1,24,2
dep-141411,2026,2,24,2
dep-141411,2026,3,17,2
dep-141411,2026,4,20,2
dep-141411,2026,5,20,2
dep-141411,2026,6,20,2
dep-141411,2026,7,21,2
dep-141411,2026,8,22,2
dep-141411,2026,9,24,2
dep-141411,2026,10,24,2
dep-141421,2023,2,23,4
dep-141421,2023,3,21,2
dep-141421,2023,4,21,2
dep-141421,2023,5,21,2
dep-141421,2023,6,21,3
dep-141421,2023,7,21,3
dep-141421,2023,8,22,3
dep-141421,2023,9,22,3
dep-141421,2023,10,23,3
dep-141421,2023,11,22,3
dep-141421,2023,12,22,3
dep-141421,2024,1,22,3
dep-141421,2024,2,23,3
dep-141421,2024,3,22,3
dep-141421,2024,4,23,3
dep-141421,2024,5,23,3
dep-141421,2024,6,23,3
dep-141421,2024,7,22,3
dep-141421,2024,8,22,3
dep-141421,2024,9,22,3
dep-141421,2024,10,18,3
dep-141421,2024,11,16,3
dep-141421,2024,12,19,3
dep-141421,2025,1,19,3
dep-141421,2025,2,19,3
dep-141421,2025,3,19,4
dep-141421,2025,4,19,4
dep-141421,2025,5,20,4
dep-141421,2025,6,21,4
dep-141421,2025,7,19,4
dep-141421,2025,8,19,4
dep-141421,2025,9,19,4
dep-141421,2025,10,20,4
dep-141421,2025,11,19,4
dep-141421,2025,12,19,4
dep-141421,2026,1,18,4
dep-141421,2026,2,18,4
dep-141421,2026,3,14,4
dep-141421,2026,4,17,4
dep-141421,2026,5,17,4
dep-141421,2026,6,20,4
dep-141421,2026,7,21,4
dep-141421,2026,8,21,4
dep-141421,2026,9,22,4
dep-141421,2026,10,22,4
dep-141431,2023,2,23,1
dep-141431,2023,3,23,1
dep-141431,2023,4,22,1
dep-141431,2023,5,22,1
dep-141431,2023,6,24,1
dep-141431,2023,7,24,1
dep-141431,2023,8,23,1
dep-141431,2023,9,24,1
dep-141431,2023,10,23,1
dep-141431,2023,11,24,1
dep-141431,2023,12,25,1
dep-141431,2024,1,25,1
dep-141431,2024,2,25,1
dep-141431,2024,3,25,1
dep-141431,2024,4,26,1
dep-141431,2024,5,25,1
dep-141431,2024,6,25,1
dep-141431,2024,7,24,1
dep-141431,2024,8,24,1
dep-141431,2024,9,24,1
dep-141431,2024,10,24,1
dep-141431,2024,11,24,1
dep-141431,2024,12,24,1
dep-141431,2025,1,24,1
dep-141431,2025,2,24,1
dep-141431,2025,3,23,1
dep-141431,2025,4,23,1
dep-141431,2025,5,23,1
dep-141431,2025,6,23,1
dep-141431,2025,7,22,1
dep-141431,2025,8,21,1
dep-141431,2025,9,23,1
dep-141431,2025,10,23,1
dep-141431,2025,11,23,1
dep-141431,2025,12,23,1
dep-141431,2026,1,22,1
dep-141431,2026,2,22,1
dep-141431,2026,3,22,1
dep-141431,2026,4,22,1
dep-141431,2026,5,23,1
dep-141431,2026,6,23,1
dep-141431,2026,7,23,1
dep-141431,2026,8,23,1
dep-141431,2026,9,23,1
dep-141431,2026,10,23,1
dep-141450,2023,2,10,1
dep-141450,2023,3,9,1
dep-141450,2023,4,8,2
dep-141450,2023,7,13,3
dep-141450,2023,10,13,2
dep-141450,2023,11,14,2
dep-141450,2023,12,14,2
dep-141450,2024,1,14,2
dep-141450,2024,2,14,2
dep-141450,2024,3,15,3
dep-141450,2024,4,18,3
dep-141450,2024,5,19,2
dep-141450,2024,6,13,2
dep-141450,2024,7,13,2
dep-141450,2024,8,15,2
dep-141450,2024,9,15,2
dep-141450,2024,10,14,2
dep-141450,2024,11,14,2
dep-141450,2024,12,14,2
dep-141450,2025,1,16,2
dep-141450,2025,2,18,2
dep-141450,2025,3,19,1
dep-141450,2025,4,19,1
dep-141450,2025,5,20,1
dep-141450,2025,6,18,1
dep-141450,2025,7,20,1
dep-141450,2025,8,18,2
dep-141450,2025,9,18,2
dep-141450,2025,10,18,2
dep-141450,2025,11,19,2
dep-141450,2025,12,19,2
dep-141450,2026,1,19,2
dep-141450,2026,2,19,2
dep-141450,2026,3,14,2
dep-141450,2026,4,17,2
dep-141450,2026,5,21,2
dep-141450,2026,6,23,2
dep-141450,2026,7,24,2
dep-141450,2026,8,24,3
dep-141450,2026,9,24,3
dep-141450,2026,10,24,3
dep-141456,2023,2,16,0
dep-141456,2023,3,26,0
dep-141456,2023,4,25,0
dep-141456,2023,5,23,1
dep-141456,2023,6,22,1
dep-141456,2023,7,22,1
dep-141456,2023,8,23,1
dep-141456,2023,9,23,1
dep-141456,2023,10,23,1
dep-141456,2023,11,24,1
dep-141456,2023,12,25,1
dep-141456,2024,1,24,1
dep-141456,2024,2,24,1
dep-141456,2024,3,25,1
dep-141456,2024,4,25,1
dep-141456,2024,5,24,1
dep-141456,2024,6,25,1
dep-141456,2024,7,24,1
dep-141456,2024,8,23,1
dep-141456,2024,9,24,1
dep-141456,2024,10,24,1
dep-141456,2024,11,24,1
dep-141456,2024,12,24,1
dep-141456,2025,1,25,1
dep-141456,2025,2,25,1
dep-141456,2025,3,27,1
dep-141456,2025,4,25,1
dep-141456,2025,5,26,2
dep-141456,2025,6,25,1
dep-141456,2025,7,25,1
dep-141456,2025,8,26,2
dep-141456,2025,9,25,1
dep-141456,2025,10,25,1
dep-141456,2025,11,25,1
dep-141456,2025,12,25,1
dep-141456,2026,1,25,1
dep-141456,2026,2,25,1
dep-141456,2026,3,22,1
dep-141456,2026,4,22,1
dep-141456,2026,5,22,1
dep-141456,2026,6,22,1
dep-141456,2026,7,23,1
dep-141456,2026,8,25,1
dep-141456,2026,9,25,1
dep-141456,2026,10,25,1
dep-141458,2023,2,24,2
dep-141458,2023,3,26,2
dep-141458,2023,4,25,3
dep-141458,2023,5,25,4
dep-141458,2023,6,25,4
dep-141458,2023,7,25,4
dep-141458,2023,8,25,4
dep-141458,2023,9,25,4
dep-141458,2023,10,25,4
dep-141458,2023,11,26,4
dep-141458,2023,12,25,4
dep-141458,2024,1,25,4
dep-141458,2024,2,25,4
dep-141458,2024,3,26,4
dep-141458,2024,4,25,4
dep-141458,2024,5,25,4
dep-141458,2024,6,25,4
dep-141458,2024,7,25,4
dep-141458,2024,8,25,3
dep-141458,2024,9,24,4
dep-141458,2024,10,26,4
dep-141458,2024,11,25,4
dep-141458,2024,12,25,4
dep-141458,2025,1,25,4
dep-141458,2025,2,25,4
dep-141458,2025,3,26,5
dep-141458,2025,4,25,3
dep-141458,2025,5,25,3
dep-141458,2025,6,25,4
dep-141458,2025,7,25,5
dep-141458,2025,8,25,4
dep-141458,2025,9,25,4
dep-141458,2025,10,25,4
dep-141458,2025,11,25,3
dep-141458,2025,12,25,4
dep-141458,2026,1,25,4
dep-141458,2026,2,25,4
dep-141458,2026,3,17,4
dep-141458,2026,4,24,4
dep-141458,2026,5,24,5
dep-141458,2026,6,24,4
dep-141458,2026,7,25,4
dep-141458,2026,8,25,4
dep-141458,2026,9,25,4
dep-141458,2026,10,25,4
dep-141459,2023,2,15,1
dep-141459,2023,3,14,1
dep-141459,2023,4,15,1
dep-141459,2023,5,14,1
dep-141459,2023,6,14,1
dep-141459,2023,7,15,1
dep-141459,2023,8,14,1
dep-141459,2023,9,14,1
dep-141459,2023,10,14,1
dep-141459,2023,11,14,1
dep-141459,2023,12,14,0
dep-141459,2024,1,14,0
dep-141459,2024,2,13,0
dep-141459,2024,3,13,0
dep-141459,2024,4,13,0
dep-141459,2024,5,13,0
dep-141459,2024,6,13,0
dep-141459,2024,7,12,0
dep-141459,2024,8,13,0
dep-141459,2024,9,12,0
dep-141459,2024,10,12,0
dep-141459,2024,11,12,0
dep-141459,2024,12,12,0
dep-141459,2025,1,11,0
dep-141459,2025,2,12,0
dep-141459,2025,3,12,0
dep-141459,2025,4,12,0
dep-141459,2025,5,12,0
dep-141459,2025,6,12,0
dep-141459,2025,7,12,1
dep-141459,2025,8,12,1
dep-141459,2025,9,12,1
dep-141459,2025,10,12,1
dep-141459,2025,11,13,1
dep-141459,2025,12,12,1
dep-141459,2026,1,12,1
dep-141459,2026,2,12,1
dep-141459,2026,3,13,1
dep-141459,2026,4,13,1
dep-141459,2026,5,14,1
dep-141459,2026,6,14,1
dep-141459,2026,7,15,1
dep-141459,2026,8,15,1
dep-141459,2026,9,16,1
dep-141459,2026,10,16,1
dep-141464,2023,2,24,3
dep-141464,2023,3,24,3
dep-141464,2023,4,23,1
dep-141464,2023,5,22,1
dep-141464,2023,6,22,1
dep-141464,2023,7,23,1
dep-141464,2023,8,23,1
dep-141464,2023,9,23,1
dep-141464,2023,10,23,1
dep-141464,2023,11,23,1
dep-141464,2023,12,23,1
dep-141464,2024,1,23,1
dep-141464,2024,2,24,1
dep-141464,2024,3,24,1
dep-141464,2024,4,24,1
dep-141464,2024,5,24,1
dep-141464,2024,6,24,1
dep-141464,2024,7,24,2
dep-141464,2024,8,23,2
dep-141464,2024,9,23,2
dep-141464,2024,10,23,2
dep-141464,2024,11,23,2
dep-141464,2024,12,24,2
dep-141464,2025,1,25,2
dep-141464,2025,2,25,2
dep-141464,2025,3,23,2
dep-141464,2025,4,26,2
dep-141464,2025,5,26,3
dep-141464,2025,6,26,2
dep-141464,2025,7,25,2
dep-141464,2025,8,24,2
dep-141464,2025,9,25,2
dep-141464,2025,10,24,2
dep-141464,2025,11,26,2
dep-141464,2025,12,23,2
dep-141464,2026,1,20,2
dep-141464,2026,2,18,2
dep-141464,2026,3,15,2
dep-141464,2026,4,16,2
dep-141464,2026,5,17,2
dep-141464,2026,6,17,2
dep-141464,2026,7,18,2
dep-141464,2026,8,23,2
dep-141464,2026,9,25,2
dep-141464,2026,10,25,2
dep-141470,2023,2,24,6
dep-141470,2023,3,25,5
dep-141470,2023,4,25,5
dep-141470,2023,5,24,5
dep-141470,2023,6,25,5
dep-141470,2023,7,25,5
dep-141470,2023,8,25,5
dep-141470,2023,9,25,5
dep-141470,2023,10,25,5
dep-141470,2023,11,25,5
dep-141470,2023,12,25,5
dep-141470,2024,1,24,5
dep-141470,2024,2,25,5
dep-141470,2024,3,25,5
dep-141470,2024,4,25,4
dep-141470,2024,5,25,4
dep-141470,2024,6,25,4
dep-141470,2024,7,25,4
dep-141470,2024,8,22,4
dep-141470,2024,9,22,4
dep-141470,2024,10,22,4
dep-141470,2024,11,23,4
dep-141470,2024,12,23,4
dep-141470,2025,1,24,4
dep-141470,2025,2,22,5
dep-141470,2025,3,23,4
dep-141470,2025,4,23,4
dep-141470,2025,5,23,4
dep-141470,2025,6,23,4
dep-141470,2025,7,23,4
dep-141470,2025,8,23,4
dep-141470,2025,9,23,4
dep-141470,2025,10,23,4
dep-141470,2025,11,23,4
dep-141470,2025,12,23,4
dep-141470,2026,1,23,4
dep-141470,2026,2,23,4
dep-141470,2026,3,23,4
dep-141470,2026,4,23,4
dep-141480,2023,2,24,2
dep-141480,2023,3,24,4
dep-141480,2023,4,25,4
dep-141480,2023,5,26,5
dep-141480,2023,6,25,5
dep-141480,2023,7,25,5
dep-141480,2023,8,25,5
dep-141480,2023,9,25,5
dep-141480,2023,10,25,5
dep-141480,2023,11,25,5
dep-141480,2023,12,26,5
dep-141480,2024,1,25,5
dep-141480,2024,2,25,5
dep-141480,2024,3,25,5
dep-141480,2024,4,25,5
dep-141480,2024,5,26,6
dep-141480,2024,6,25,5
dep-141480,2024,7,26,5
dep-141480,2024,8,25,4
dep-141480,2024,9,25,5
dep-141480,2024,10,25,5
dep-141480,2024,11,25,5
dep-141480,2024,12,25,5
dep-141480,2025,1,26,5
dep-141480,2025,2,25,5
dep-141480,2025,3,25,3
dep-141480,2025,4,25,3
dep-141480,2025,5,25,3
dep-141480,2025,6,25,3
dep-141480,2025,7,25,3
dep-141485,2023,2,3,1
dep-141485,2023,3,10,1
dep-141485,2023,4,11,1
dep-141485,2023,5,14,1
dep-141485,2023,6,16,1
dep-141485,2023,7,15,1
dep-141485,2023,8,15,1
dep-141485,2023,9,15,1
dep-141485,2023,10,15,1
dep-141485,2023,11,16,1
dep-141485,2023,12,16,1
dep-141485,2024,1,18,1
dep-141485,2024,2,17,1
dep-141485,2024,3,18,1
dep-141485,2024,4,17,1
dep-141485,2024,5,17,1
dep-141485,2024,6,20,1
dep-141485,2024,7,19,1
dep-141485,2024,8,17,1
dep-141485,2024,9,17,1
dep-141485,2024,10,17,1
dep-141485,2024,11,17,1
dep-141485,2024,12,17,1
dep-141485,2025,1,18,1
dep-141485,2025,2,19,1
dep-141485,2025,3,21,1
dep-141485,2025,4,22,2
dep-141485,2025,5,23,2
dep-141485,2025,6,25,2
dep-141485,2025,7,24,1
dep-141485,2025,8,24,1
dep-141485,2025,9,25,1
dep-141485,2025,10,23,1
dep-141485,2025,11,24,1
dep-141485,2025,12,25,1
dep-141485,2026,1,24,1
dep-141485,2026,2,23,1
dep-141485,2026,3,12,1
dep-141485,2026,4,13,1
dep-141485,2026,5,13,1
dep-141485,2026,6,14,1
dep-141485,2026,7,22,1
dep-141485,2026,8,22,1
dep-141485,2026,9,24,1
dep-141485,2026,10,24,1
dep-141487,2023,2,14,2
dep-141487,2023,3,18,2
dep-141487,2023,4,20,3
dep-141487,2023,5,20,3
dep-141487,2023,6,20,3
dep-141487,2023,7,20,3
dep-141487,2023,8,20,3
dep-141487,2023,9,20,3
dep-141487,2023,10,20,3
dep-141487,2023,11,20,3
dep-141487,2023,12,20,3
dep-141487,2024,1,20,3
dep-141487,2024,2,20,3
dep-141487,2024,3,21,3
dep-141487,2024,4,21,3
dep-141487,2024,5,21,3
dep-141487,2024,6,21,3
dep-141487,2024,7,20,3
dep-141487,2024,8,21,3
dep-141487,2024,9,21,3
dep-141487,2024,10,21,3
dep-141487,2024,11,21,3
dep-141487,2024,12,22,3
dep-141487,2025,1,19,3
dep-141487,2025,2,20,3
dep-141487,2025,3,20,3
dep-141487,2025,4,20,3
dep-141487,2025,5,21,3
dep-141487,2025,6,21,3
dep-141487,2025,7,21,3
dep-141487,2025,8,21,3
dep-141487,2025,9,21,3
dep-141487,2025,10,22,3
dep-141487,2025,11,21,3
dep-141487,2025,12,21,3
dep-141487,2026,1,21,3
dep-141487,2026,2,21,3
dep-141487,2026,3,18,3
dep-141487,2026,4,18,3
dep-141487,2026,5,18,3
dep-141487,2026,6,23,3
dep-141487,2026,7,23,3
dep-141487,2026,8,23,3
dep-141487,2026,9,23,3
dep-141487,2026,10,23,3
dep-141488,2025,2,22,0
dep-141488,2026,4,1,1
dep-141488,2026,5,14,1
dep-141488,2026,6,21,1
dep-141488,2026,7,21,1
dep-141488,2026,8,21,1
dep-141488,2026,9,22,1
dep-141488,2026,10,22,1
dep-141516,2023,2,18,1
dep-141516,2023,3,17,1
dep-141516,2023,4,16,1
dep-141516,2023,5,16,1
dep-141516,2023,6,16,1
dep-141516,2023,7,16,2
dep-141516,2023,8,15,1
dep-141516,2023,9,15,1
dep-141516,2023,10,15,1
dep-141516,2023,11,16,1
dep-141516,2023,12,16,1
dep-141516,2024,1,16,1
dep-141516,2024,2,15,1
dep-141516,2024,3,17,1
dep-141516,2024,4,16,1
dep-141516,2024,5,18,1
dep-141516,2024,6,16,1
dep-141516,2024,7,16,1
dep-141516,2024,8,18,1
dep-141516,2024,9,17,1
dep-141516,2024,10,17,1
dep-141516,2024,11,18,1
dep-141516,2024,12,17,1
dep-141516,2025,1,18,1
dep-141516,2025,2,18,1
dep-141516,2025,3,16,1
dep-141516,2025,4,16,1
dep-141516,2025,5,16,1
dep-141516,2025,6,16,1
dep-141516,2025,7,16,1
dep-141516,2025,8,17,1
dep-141516,2025,9,17,1
dep-141516,2025,10,18,1
dep-141516,2025,11,20,1
dep-141516,2025,12,20,1
dep-141516,2026,1,16,1
dep-141516,2026,2,16,1
dep-141516,2026,3,10,1
dep-141516,2026,4,12,1
dep-141516,2026,5,12,1
dep-141516,2026,6,14,1
dep-141516,2026,7,14,1
dep-141516,2026,8,15,1
dep-141516,2026,9,15,1
dep-141516,2026,10,15,1
dep-141518,2023,12,20,1
dep-141518,2024,1,23,1
dep-141518,2024,2,23,1
dep-141518,2024,3,25,1
dep-141518,2024,4,25,1
dep-141518,2024,5,25,1
dep-141518,2024,6,26,1
dep-141518,2024,7,27,1
dep-141518,2024,8,25,2
dep-141518,2024,9,24,3
dep-141518,2024,10,24,4
dep-141518,2024,11,26,3
dep-141518,2024,12,24,3
dep-141518,2025,1,23,3
dep-141518,2025,2,24,3
dep-141518,2025,3,25,3
dep-141518,2025,4,25,3
dep-141518,2025,5,24,3
dep-141518,2025,6,25,3
dep-141518,2025,7,25,3
dep-141518,2025,8,25,4
dep-141518,2025,9,25,4
dep-141518,2025,10,25,4
dep-141518,2025,11,25,4
dep-141518,2025,12,25,4
dep-141518,2026,1,25,4
dep-141518,2026,2,25,4
dep-141518,2026,3,16,4
dep-141518,2026,4,18,4
dep-141518,2026,5,22,3
dep-141518,2026,6,22,3
dep-141518,2026,7,25,3
dep-141518,2026,8,25,3
dep-141518,2026,9,25,3
dep-141518,2026,10,25,3
dep-141531,2023,2,25,3
dep-141531,2023,3,23,3
dep-141531,2023,4,23,3
dep-141531,2023,5,23,3
dep-141531,2023,6,23,3
dep-141531,2023,7,23,3
dep-141531,2023,8,23,3
dep-141531,2023,9,22,3
dep-141531,2023,10,22,3
dep-141531,2023,11,22,3
dep-141531,2023,12,24,3
dep-141531,2024,1,24,3
dep-141531,2024,2,24,3
dep-141531,2024,3,24,3
dep-141531,2024,4,24,3
dep-141531,2024,5,24,3
dep-141531,2024,6,24,3
dep-141531,2024,7,24,3
dep-141531,2024,8,22,3
dep-141531,2024,9,22,3
dep-141531,2024,10,24,3
dep-141531,2024,11,24,3
dep-141531,2024,12,24,3
dep-141531,2025,1,23,3
dep-141531,2025,2,24,3
dep-141531,2025,3,24,3
dep-141531,2025,4,24,4
dep-141531,2025,5,25,4
dep-141531,2025,6,23,5
dep-141531,2025,7,25,5
dep-141531,2025,8,23,5
dep-141531,2025,9,23,5
dep-141531,2025,10,23,5
dep-141531,2025,11,24,4
dep-141531,2025,12,24,4
dep-141531,2026,1,23,4
dep-141531,2026,2,24,4
dep-141531,2026,3,17,4
dep-141531,2026,4,18,4
dep-141531,2026,5,20,4
dep-141531,2026,6,22,3
dep-141531,2026,7,23,3
dep-141531,2026,8,23,3
dep-141531,2026,9,23,3
dep-141531,2026,10,23,3
dep-141533,2025,8,17,0
dep-141533,2025,9,19,0
dep-141533,2025,10,22,0
dep-141533,2025,11,21,0
dep-141533,2025,12,21,0
dep-141533,2026,1,21,0
dep-141533,2026,2,22,0
dep-141533,2026,3,10,0
dep-141533,2026,4,11,0
dep-141533,2026,5,11,0
dep-141533,2026,6,13,1
dep-141533,2026,7,25,1
dep-141533,2026,8,25,2
dep-141533,2026,9,25,2
dep-141533,2026,10,25,2
dep-141555,2023,2,22,3
dep-141555,2023,3,22,3
dep-141555,2023,4,22,3
dep-141555,2023,5,21,3
dep-141555,2023,6,21,3
dep-141555,2023,7,21,3
dep-141555,2023,8,19,3
dep-141555,2023,9,19,3
dep-141555,2023,10,19,4
dep-141555,2023,11,19,3
dep-141555,2023,12,19,3
dep-141555,2024,1,20,3
dep-141555,2024,2,22,3
dep-141555,2024,3,19,3
dep-141555,2024,4,19,3
dep-141555,2024,5,18,3
dep-141555,2024,6,17,3
dep-141555,2024,7,18,3
dep-141555,2024,8,15,3
dep-141555,2024,9,15,3
dep-141555,2024,10,15,3
dep-141555,2024,11,11,3
dep-141555,2024,12,11,3
dep-141555,2025,1,11,3
dep-141555,2025,2,14,3
dep-141555,2025,3,14,3
dep-141555,2025,4,14,3
dep-141555,2025,5,13,3
dep-141555,2025,6,13,3
dep-141555,2025,7,11,3
dep-141555,2025,8,12,3
dep-141555,2025,9,12,3
dep-141555,2025,10,14,1
dep-141555,2025,11,14,1
dep-141555,2025,12,14,1
dep-141555,2026,1,14,1
dep-141555,2026,2,14,1
dep-141555,2026,3,7,1
dep-141555,2026,4,14,0
dep-141555,2026,5,14,0
dep-141555,2026,6,16,0
dep-141555,2026,7,16,0
dep-141555,2026,8,16,0
dep-141555,2026,9,16,0
dep-141555,2026,10,16,0
dep-143084,2025,8,13,0
dep-143084,2025,9,18,1
dep-143084,2025,10,19,1
dep-143084,2025,11,19,1
dep-143084,2025,12,19,1
dep-143084,2026,1,19,1
dep-143084,2026,2,19,1
dep-143084,2026,3,14,1
dep-143084,2026,4,15,1
dep-143084,2026,5,16,1
dep-143084,2026,6,17,1
dep-143084,2026,7,17,1
dep-143084,2026,8,17,1
dep-143084,2026,9,18,1
dep-143084,2026,10,19,1
dep-143632,2023,2,23,4
dep-143632,2023,3,19,3
dep-143632,2023,4,18,2
dep-143632,2023,5,18,2
dep-143632,2023,6,17,3
dep-143632,2023,7,17,3
dep-143632,2023,8,17,3
dep-143632,2023,9,17,3
dep-143632,2023,10,17,3
dep-143632,2023,11,19,3
dep-143632,2023,12,19,3
dep-143632,2024,1,19,3
dep-143632,2024,2,19,3
dep-143632,2024,3,19,3
dep-143632,2024,4,19,3
dep-143632,2024,5,20,3
dep-143632,2024,6,20,3
dep-143632,2024,7,20,3
dep-143632,2024,8,20,3
dep-143632,2024,9,20,3
dep-143632,2024,10,20,3
dep-143632,2024,11,19,3
dep-143632,2024,12,19,3
dep-143632,2025,1,19,3
dep-143632,2025,2,19,3
dep-143632,2025,3,19,3
dep-143632,2025,4,19,3
dep-143632,2025,5,20,3
dep-143632,2025,6,20,2
dep-143632,2025,7,19,2
dep-143632,2025,8,21,3
dep-143632,2025,9,20,2
dep-143632,2025,10,19,2
dep-143632,2025,11,20,2
dep-143632,2025,12,19,2
dep-143632,2026,1,19,2
dep-143632,2026,2,19,2
dep-143632,2026,3,13,2
dep-143632,2026,4,13,2
dep-143632,2026,5,15,2
dep-143632,2026,6,15,3
dep-143632,2026,7,18,3
dep-143632,2026,8,25,3
dep-143632,2026,9,25,3
dep-143632,2026,10,25,3
dep-143942,2023,5,9,2
dep-143942,2023,6,14,2
dep-143942,2023,7,12,2
dep-143942,2023,8,14,2
dep-143942,2023,9,14,2
dep-143942,2023,10,14,2
dep-143942,2023,11,14,2
dep-143942,2023,12,14,2
dep-143942,2024,1,14,2
dep-143942,2024,2,14,2
dep-143942,2024,3,14,2
dep-143942,2025,3,17,1
dep-143942,2025,4,17,1
dep-143942,2025,5,18,1
dep-143942,2025,6,19,1
dep-143942,2025,7,19,1
dep-143942,2025,8,19,1
dep-143942,2025,9,19,1
dep-143942,2025,10,19,1
dep-143942,2025,11,19,1
dep-143942,2025,12,19,1
dep-143942,2026,1,19,1
dep-143942,2026,2,17,1
dep-143942,2026,3,21,1
dep-150418,2023,2,18,2
dep-150418,2023,3,20,2
dep-150418,2023,4,20,2
dep-150418,2023,5,19,2
dep-150418,2023,6,20,2
dep-150418,2023,7,20,2
dep-150418,2023,8,20,2
dep-150418,2023,9,20,2
dep-150418,2023,10,20,2
dep-150418,2023,11,20,2
dep-150418,2023,12,20,2
dep-150418,2024,1,20,2
dep-150418,2024,2,21,2
dep-150418,2024,3,19,2
dep-150418,2024,4,19,2
dep-150418,2024,5,20,2
dep-150418,2024,6,21,2
dep-150418,2024,7,21,2
dep-150418,2024,8,21,2
dep-150418,2024,9,21,2
dep-150418,2024,10,21,2
dep-150418,2024,11,21,2
dep-150418,2024,12,21,2
dep-150418,2025,1,21,2
dep-150418,2025,2,20,2
dep-150418,2025,3,20,2
dep-150418,2025,4,20,2
dep-150418,2025,5,20,2
dep-150418,2025,6,20,2
dep-150418,2025,7,20,2
dep-150418,2025,8,21,2
dep-150418,2025,9,21,2
dep-150418,2025,10,20,2
dep-150418,2025,11,20,2
dep-150418,2025,12,20,2
dep-150418,2026,1,20,2
dep-150418,2026,2,20,2
dep-150418,2026,3,16,2
dep-150418,2026,4,18,2
dep-150418,2026,5,19,2
dep-150418,2026,6,20,2
dep-150418,2026,7,22,2
dep-150418,2026,8,23,2
dep-150418,2026,9,24,2
dep-150418,2026,10,24,2
dep-152605,2023,2,22,0
dep-152605,2023,3,22,0
dep-152605,2023,4,23,0
dep-152605,2023,5,25,0
dep-152605,2023,6,25,0
dep-152605,2023,7,25,0
dep-152605,2023,8,25,0
dep-152605,2023,9,25,0
dep-152605,2023,10,25,0
dep-152605,2023,11,25,0
dep-152605,2023,12,25,0
dep-152605,2024,1,25,0
dep-152605,2024,2,25,0
dep-152605,2024,3,25,0
dep-152605,2024,4,25,0
dep-152605,2024,5,24,0
dep-152605,2024,6,22,0
dep-152605,2024,7,25,0
dep-152605,2024,8,25,0
dep-152605,2024,9,25,0
dep-152605,2024,10,25,0
dep-152605,2024,11,24,0
dep-152605,2024,12,24,0
dep-152605,2025,1,24,0
dep-152605,2025,2,25,0
dep-152605,2025,3,25,0
dep-152605,2025,4,25,0
dep-152605,2025,5,25,0
dep-152605,2025,6,25,0
dep-152605,2025,7,26,0
dep-152605,2025,8,25,0
dep-152605,2025,9,25,0
dep-152605,2025,10,25,0
dep-152605,2025,11,25,0
dep-152605,2025,12,25,0
dep-152605,2026,6,17,0
dep-152605,2026,7,23,0
dep-152605,2026,8,23,0
dep-152605,2026,9,23,0
dep-152605,2026,10,23,0
dep-153423,2023,2,14,0
dep-153423,2023,3,17,0
dep-153423,2023,4,21,1
dep-153423,2023,5,18,1
dep-153423,2023,6,17,1
dep-153423,2023,7,17,1
dep-153423,2023,8,16,1
dep-153423,2023,9,16,1
dep-153423,2023,10,16,1
dep-153423,2023,11,19,1
dep-153423,2023,12,20,2
dep-153423,2024,1,19,2
dep-153423,2024,2,19,2
dep-153423,2024,3,20,2
dep-153423,2024,4,21,2
dep-153423,2024,5,22,2
dep-153423,2024,6,22,2
dep-153423,2024,7,21,3
dep-153423,2024,8,22,2
dep-153423,2024,9,23,2
dep-153423,2024,10,23,2
dep-153423,2024,11,23,2
dep-153423,2024,12,23,2
dep-153423,2025,1,22,2
dep-153423,2025,2,26,2
dep-153423,2025,3,21,2
dep-153423,2025,4,21,2
dep-153423,2025,5,21,2
dep-153423,2025,6,22,2
dep-153423,2025,7,22,3
dep-153423,2025,8,22,2
dep-153423,2025,9,22,2
dep-153423,2025,10,23,2
dep-153423,2025,11,22,2
dep-153423,2025,12,22,2
dep-153423,2026,1,22,2
dep-153423,2026,2,22,2
dep-153423,2026,3,16,2
dep-153423,2026,4,17,2
dep-153423,2026,5,18,2
dep-153423,2026,6,20,2
dep-153423,2026,7,22,2
dep-153423,2026,8,25,2
dep-153423,2026,9,25,2
dep-153423,2026,10,25,2
dep-154178,2023,2,22,4
dep-154178,2023,3,22,4
dep-154178,2023,4,20,5
dep-154178,2023,5,21,5
dep-154178,2023,6,22,4
dep-154178,2023,7,21,4
dep-154178,2026,3,12,2
dep-154178,2026,4,14,2
dep-154178,2026,5,17,2
dep-154178,2026,6,17,2
dep-154178,2026,7,18,2
dep-154178,2026,8,18,2
dep-154178,2026,9,18,2
dep-154178,2026,10,18,2
dep-154700,2026,6,0,7
dep-154700,2026,7,0,7
dep-154700,2026,8,0,9
dep-154700,2026,9,0,11
dep-154700,2026,10,0,11
dep-156190,2023,2,15,0
dep-156190,2023,3,17,0
dep-156190,2023,4,14,0
dep-156190,2023,5,14,0
dep-156190,2023,6,14,0
dep-156190,2023,7,13,0
dep-156190,2023,8,13,0
dep-156190,2023,9,15,0
dep-156190,2023,10,15,0
dep-156190,2023,11,13,0
dep-156190,2023,12,14,0
dep-156190,2024,1,13,0
dep-156190,2024,2,13,0
dep-156190,2024,3,13,0
dep-156190,2024,4,13,0
dep-156190,2024,5,12,0
dep-156190,2024,6,13,0
dep-156190,2024,7,13,0
dep-156190,2024,8,12,0
dep-156190,2024,9,13,0
dep-156190,2024,10,12,0
dep-156190,2024,11,14,0
dep-156190,2024,12,14,0
dep-156190,2025,1,14,0
dep-156190,2025,2,12,0
dep-156190,2025,3,12,0
dep-156190,2025,4,12,0
dep-156190,2025,5,12,0
dep-156190,2025,6,13,0
dep-156190,2025,7,14,0
dep-156190,2025,8,14,0
dep-156190,2025,9,14,0
dep-156190,2025,10,14,0
dep-156190,2025,11,14,0
dep-156190,2025,12,14,0
dep-156190,2026,1,14,0
dep-156190,2026,2,13,0
dep-156190,2026,3,5,0
dep-156190,2026,4,6,0
dep-156190,2026,5,9,0
dep-156190,2026,6,9,0
dep-156190,2026,7,11,0
dep-156190,2026,8,11,0
dep-156190,2026,9,11,0
dep-156190,2026,10,11,0
dep-157130,2023,2,25,0
dep-157130,2023,3,22,0
dep-157130,2023,4,23,0
dep-157130,2023,5,25,0
dep-157130,2023,6,24,0
dep-157130,2023,7,24,0
dep-157130,2023,8,25,0
dep-157130,2023,9,25,0
dep-157130,2023,10,25,0
dep-157130,2023,11,25,0
dep-157130,2023,12,25,0
dep-157130,2024,1,26,0
dep-157130,2024,2,25,0
dep-157130,2024,3,25,0
dep-157130,2024,4,25,0
dep-157130,2024,5,25,0
dep-157130,2024,6,25,0
dep-157130,2024,7,22,0
dep-157130,2024,8,22,0
dep-157130,2024,9,22,0
dep-157130,2024,10,23,0
dep-157130,2024,11,23,0
dep-157130,2024,12,25,0
dep-157130,2025,1,26,0
dep-157130,2025,2,25,0
dep-157130,2025,3,24,0
dep-157130,2025,4,24,0
dep-157130,2025,5,24,0
dep-157130,2025,6,24,0
dep-157130,2025,7,24,0
dep-157130,2025,8,24,0
dep-157130,2025,9,24,0
dep-157130,2025,10,25,0
dep-157130,2025,11,25,0
dep-157130,2025,12,26,0
dep-157130,2026,1,25,0
dep-157130,2026,2,16,0
dep-157130,2026,3,12,0
dep-157130,2026,4,12,0
dep-157130,2026,5,12,0
dep-157130,2026,6,14,0
dep-157130,2026,7,18,0
dep-157130,2026,8,20,0
dep-157130,2026,9,22,0
dep-157130,2026,10,22,0
dep-160161,2023,2,21,2
dep-160161,2023,3,19,2
dep-160161,2023,4,19,2
dep-160161,2023,5,24,3
dep-160161,2023,6,23,1
dep-160161,2023,7,24,1
dep-160161,2023,8,24,1
dep-160161,2023,9,24,1
dep-160161,2023,10,25,1
dep-160161,2023,11,25,1
dep-160161,2023,12,25,1
dep-160161,2024,1,24,1
dep-160161,2024,2,24,1
dep-160161,2024,3,24,1
dep-160161,2024,4,24,1
dep-160161,2024,5,24,1
dep-160161,2024,6,24,1
dep-160161,2024,7,23,1
dep-160161,2024,8,23,1
dep-160161,2024,9,23,1
dep-160161,2024,10,23,1
dep-160161,2024,11,21,1
dep-160161,2024,12,20,1
dep-160161,2025,1,20,1
dep-160161,2025,2,21,2
dep-160161,2025,3,21,1
dep-160161,2025,4,20,1
dep-160161,2025,5,21,1
dep-160161,2025,6,21,1
dep-160161,2025,7,21,1
dep-160161,2025,8,25,1
dep-160161,2025,11,24,0
dep-160161,2025,12,24,0
dep-160161,2026,3,19,0
dep-160161,2026,4,19,0
dep-160161,2026,5,20,0
dep-160161,2026,6,20,0
dep-160161,2026,7,20,0
dep-160161,2026,8,25,0
dep-160161,2026,9,25,0
dep-160161,2026,10,25,0
dep-160508,2023,2,8,0
dep-160508,2023,11,20,0
dep-160508,2023,12,20,0
dep-160508,2024,11,22,0
dep-160508,2024,12,22,0
dep-160508,2025,7,22,0
dep-160508,2025,11,22,0
dep-160508,2026,4,3,0
dep-160508,2026,5,11,0
dep-160508,2026,6,15,0
dep-160508,2026,7,24,0
dep-160508,2026,8,24,0
dep-160508,2026,9,24,0
dep-160508,2026,10,24,0
dep-160510,2023,2,21,2
dep-160510,2023,3,24,4
dep-160510,2023,4,23,4
dep-160510,2023,5,23,4
dep-160510,2023,6,23,4
dep-160510,2023,7,23,4
dep-160510,2023,8,23,4
dep-160510,2023,9,23,4
dep-160510,2023,10,23,4
dep-160510,2023,11,23,4
dep-160510,2023,12,23,4
dep-160510,2024,1,23,4
dep-160510,2024,2,23,4
dep-160510,2024,3,23,4
dep-160510,2024,4,24,4
dep-160510,2024,5,23,5
dep-160510,2024,6,23,5
dep-160510,2024,7,23,5
dep-160510,2024,8,19,5
dep-160510,2024,9,19,4
dep-160510,2024,10,18,4
dep-160510,2024,11,18,5
dep-160510,2024,12,21,5
dep-160510,2025,1,19,5
dep-160510,2025,2,19,5
dep-160510,2025,3,19,5
dep-160510,2025,4,18,5
dep-160510,2025,5,20,6
dep-160510,2025,6,20,6
dep-160510,2025,7,21,6
dep-160510,2025,8,19,6
dep-160510,2025,9,20,6
dep-160510,2025,10,19,6
dep-160510,2025,11,18,6
dep-160510,2025,12,18,6
dep-160510,2026,1,18,6
dep-160510,2026,2,18,6
dep-160510,2026,3,17,6
dep-160510,2026,4,17,0
dep-160510,2026,5,17,0
dep-160510,2026,6,17,0
dep-160510,2026,7,17,0
dep-160510,2026,8,17,5
dep-160510,2026,9,17,5
dep-160510,2026,10,17,5
dep-160512,2023,2,24,4
dep-160512,2023,3,24,3
dep-160512,2023,4,25,3
dep-160512,2023,5,26,4
dep-160512,2023,6,26,4
dep-160512,2023,7,26,4
dep-160512,2023,8,26,4
dep-160512,2023,9,25,4
dep-160512,2023,10,25,4
dep-160512,2023,11,26,4
dep-160512,2023,12,25,4
dep-160512,2024,1,25,4
dep-160512,2024,2,25,4
dep-160512,2024,3,25,4
dep-160512,2024,4,25,4
dep-160512,2024,5,26,4
dep-160512,2024,6,25,4
dep-160512,2024,7,25,4
dep-160512,2024,8,25,4
dep-160512,2024,9,25,3
dep-160512,2024,10,25,4
dep-160512,2024,11,26,4
dep-160512,2024,12,27,4
dep-160512,2025,1,25,4
dep-160512,2025,2,25,4
dep-160512,2025,3,26,5
dep-160512,2025,4,25,4
dep-160512,2025,5,25,4
dep-160512,2025,6,27,4
dep-160512,2025,7,25,5
dep-160512,2025,8,24,4
dep-160512,2025,9,24,4
dep-160512,2025,10,26,4
dep-160512,2025,11,25,4
dep-160512,2025,12,25,4
dep-160512,2026,1,25,4
dep-160512,2026,2,23,4
dep-160512,2026,3,22,4
dep-160512,2026,4,24,4
dep-160512,2026,5,24,4
dep-160512,2026,6,24,4
dep-160512,2026,7,24,4
dep-160512,2026,8,25,4
dep-160512,2026,9,25,4
dep-160512,2026,10,25,4
dep-160517,2023,2,17,2
dep-160517,2023,3,18,2
dep-160517,2023,4,21,2
dep-160517,2023,5,21,2
dep-160517,2023,6,22,3
dep-160517,2023,7,22,3
dep-160517,2023,8,22,3
dep-160517,2023,9,22,3
dep-160517,2023,10,23,3
dep-160517,2023,11,22,4
dep-160517,2023,12,22,4
dep-160517,2024,1,22,4
dep-160517,2024,2,22,4
dep-160517,2024,3,23,4
dep-160517,2024,4,23,4
dep-160517,2024,5,24,4
dep-160517,2024,6,24,4
dep-160517,2024,7,24,4
dep-160517,2024,8,24,4
dep-160517,2024,9,24,4
dep-160517,2024,10,23,4
dep-160517,2024,11,23,4
dep-160517,2024,12,23,4
dep-160517,2025,1,22,4
dep-160517,2025,2,22,4
dep-160517,2025,3,23,4
dep-160517,2025,4,24,2
dep-160517,2025,5,24,2
dep-160517,2025,6,26,2
dep-160517,2025,7,25,2
dep-160517,2025,8,26,2
dep-160517,2025,9,24,2
dep-160517,2025,10,24,2
dep-160517,2025,11,24,2
dep-160517,2025,12,25,2
dep-160517,2026,1,25,2
dep-160517,2026,2,25,2
dep-160517,2026,3,17,2
dep-160517,2026,4,17,2
dep-160517,2026,5,19,2
dep-160517,2026,6,21,2
dep-160517,2026,7,23,2
dep-160517,2026,8,25,2
dep-160517,2026,9,25,2
dep-160517,2026,10,25,2
dep-160518,2023,2,24,2
dep-160518,2023,3,22,3
dep-160518,2023,4,21,3
dep-160518,2023,5,21,3
dep-160518,2023,6,21,4
dep-160518,2023,7,20,4
dep-160518,2023,8,22,4
dep-160518,2023,9,22,4
dep-160518,2023,10,22,4
dep-160518,2023,11,22,4
dep-160518,2023,12,22,4
dep-160518,2024,1,21,3
dep-160518,2024,2,22,3
dep-160518,2024,3,20,3
dep-160518,2024,4,21,3
dep-160518,2024,5,20,4
dep-160518,2024,6,21,3
dep-160518,2024,7,23,4
dep-160518,2024,8,17,3
dep-160518,2024,9,17,3
dep-160518,2024,10,22,3
dep-160518,2024,11,18,3
dep-160518,2024,12,18,3
dep-160518,2025,1,17,3
dep-160518,2025,2,19,3
dep-160518,2025,3,21,2
dep-160518,2025,4,19,2
dep-160518,2025,5,21,2
dep-160518,2025,6,26,2
dep-160518,2025,7,25,2
dep-160518,2025,8,25,2
dep-160518,2025,9,25,2
dep-160518,2025,10,25,2
dep-160518,2025,11,26,2
dep-160518,2025,12,25,2
dep-160518,2026,1,25,2
dep-160518,2026,2,25,2
dep-160518,2026,3,10,2
dep-160518,2026,4,11,2
dep-160518,2026,5,13,2
dep-160518,2026,6,16,2
dep-160518,2026,7,17,2
dep-160518,2026,8,23,3
dep-160518,2026,9,23,3
dep-160518,2026,10,23,3
dep-160527,2023,2,19,4
dep-160527,2023,3,19,4
dep-160527,2023,4,19,4
dep-160527,2023,5,19,4
dep-160527,2023,6,19,4
dep-160527,2023,7,19,4
dep-160527,2023,8,19,4
dep-160527,2023,9,19,4
dep-160527,2023,10,19,4
dep-160527,2023,11,19,4
dep-160527,2023,12,19,4
dep-160527,2024,1,19,4
dep-160527,2024,2,19,4
dep-160527,2024,3,19,4
dep-160527,2024,4,19,4
dep-160527,2024,5,19,4
dep-160527,2024,6,19,4
dep-160527,2024,7,19,6
dep-160527,2024,8,19,4
dep-160527,2024,9,19,4
dep-160527,2024,10,19,4
dep-160527,2024,11,19,4
dep-160527,2024,12,19,4
dep-160527,2025,1,19,4
dep-160527,2025,2,19,5
dep-160527,2025,3,19,4
dep-160527,2025,4,19,4
dep-160527,2025,5,19,4
dep-160527,2025,6,19,4
dep-160527,2025,7,19,4
dep-160527,2025,8,19,4
dep-160527,2025,9,19,5
dep-160527,2025,10,19,4
dep-160527,2025,11,19,4
dep-160527,2025,12,19,4
dep-160527,2026,1,18,4
dep-160527,2026,2,18,4
dep-160527,2026,3,18,4
dep-160527,2026,4,18,4
dep-160527,2026,5,20,4
dep-160527,2026,6,20,4
dep-160527,2026,7,20,4
dep-160527,2026,8,20,4
dep-160527,2026,9,20,4
dep-160527,2026,10,20,4
dep-160531,2023,2,25,2
dep-160531,2023,3,24,2
dep-160535,2023,2,24,2
dep-160535,2023,3,27,3
dep-160535,2023,4,25,2
dep-160535,2023,5,25,2
dep-160535,2023,6,25,2
dep-160535,2023,7,25,2
dep-160535,2023,8,25,2
dep-160535,2023,9,25,2
dep-160535,2023,10,24,2
dep-160535,2023,11,24,3
dep-160535,2023,12,24,3
dep-160535,2024,1,24,3
dep-160535,2024,2,24,3
dep-160535,2024,3,24,3
dep-160535,2024,4,24,3
dep-160535,2024,5,24,3
dep-160535,2024,6,24,3
dep-160535,2024,7,25,3
dep-160535,2024,8,24,3
dep-160535,2024,9,24,3
dep-160535,2024,10,25,3
dep-160535,2024,11,23,3
dep-160535,2024,12,22,3
dep-160535,2025,1,23,3
dep-160535,2025,2,23,3
dep-160535,2025,3,24,3
dep-160535,2025,4,24,3
dep-160535,2025,5,24,3
dep-160535,2025,6,23,3
dep-160535,2025,7,25,3
dep-160535,2025,8,25,3
dep-160535,2025,9,23,3
dep-160535,2025,10,24,3
dep-160535,2025,11,24,3
dep-160535,2025,12,24,3
dep-160535,2026,1,24,3
dep-160535,2026,2,24,3
dep-160535,2026,3,13,3
dep-160535,2026,4,15,3
dep-160535,2026,5,15,3
dep-160535,2026,6,16,3
dep-160535,2026,7,17,3
dep-160535,2026,8,25,3
dep-160535,2026,9,25,3
dep-160535,2026,10,25,3
dep-160538,2023,2,16,2
dep-160538,2023,3,16,2
dep-160538,2023,4,16,2
dep-160538,2023,5,16,2
dep-160538,2023,6,16,2
dep-160538,2023,7,16,2
dep-160538,2023,8,16,2
dep-160538,2023,9,16,2
dep-160538,2023,10,16,2
dep-160538,2023,11,16,2
dep-160538,2023,12,16,2
dep-160538,2024,1,16,2
dep-160538,2024,2,16,2
dep-160538,2024,3,16,2
dep-160538,2024,4,16,2
dep-160538,2024,5,16,2
dep-160538,2024,6,16,2
dep-160538,2024,7,18,2
dep-160538,2024,8,16,2
dep-160538,2024,9,16,2
dep-160538,2024,10,16,2
dep-160538,2024,11,16,2
dep-160538,2024,12,16,2
dep-160538,2025,1,16,2
dep-160538,2025,2,15,2
dep-160538,2025,3,16,2
dep-160538,2025,4,16,2
dep-160538,2025,5,16,2
dep-160538,2025,6,16,2
dep-160538,2025,7,16,2
dep-160538,2025,8,16,2
dep-160538,2025,9,16,2
dep-160538,2025,10,16,2
dep-160538,2025,11,16,2
dep-160538,2025,12,17,3
dep-160538,2026,1,16,2
dep-160538,2026,2,16,2
dep-160538,2026,3,14,2
dep-160538,2026,4,14,2
dep-160538,2026,5,14,2
dep-160538,2026,6,15,3
dep-160538,2026,7,17,2
dep-160538,2026,8,18,2
dep-160538,2026,9,18,2
dep-160538,2026,10,18,2
dep-160541,2023,2,21,3
dep-160541,2023,3,21,3
dep-160541,2023,4,22,3
dep-160541,2023,5,22,3
dep-160541,2023,6,22,3
dep-160541,2023,7,23,3
dep-160541,2023,8,21,3
dep-160541,2023,9,21,3
dep-160541,2023,10,21,3
dep-160541,2023,11,22,3
dep-160541,2023,12,22,3
dep-160541,2024,1,22,3
dep-160541,2024,2,22,3
dep-160541,2024,3,22,3
dep-160541,2024,4,22,3
dep-160541,2024,5,22,3
dep-160541,2024,6,22,3
dep-160541,2024,7,22,3
dep-160541,2024,8,22,3
dep-160541,2024,9,21,3
dep-160541,2024,10,21,3
dep-160541,2024,11,21,3
dep-160541,2024,12,21,3
dep-160541,2025,1,21,3
dep-160541,2025,2,20,5
dep-160541,2025,3,20,5
dep-160541,2025,4,21,5
dep-160541,2025,5,22,6
dep-160541,2025,6,23,6
dep-160541,2025,7,24,6
dep-160541,2025,8,23,6
dep-160541,2025,9,23,6
dep-160541,2025,10,23,7
dep-160541,2025,11,24,6
dep-160541,2025,12,23,6
dep-160541,2026,1,23,7
dep-160541,2026,2,23,7
dep-160541,2026,3,21,7
dep-160541,2026,4,21,7
dep-160541,2026,5,21,7
dep-160541,2026,6,22,7
dep-160541,2026,7,22,7
dep-160541,2026,8,22,7
dep-160541,2026,9,23,7
dep-160541,2026,10,23,6
dep-160545,2023,2,20,2
dep-160545,2023,3,18,1
dep-160545,2023,4,18,1
dep-160545,2023,5,18,1
dep-160545,2023,6,18,1
dep-160545,2023,7,18,1
dep-160545,2023,8,18,1
dep-160545,2023,9,18,1
dep-160545,2023,10,18,1
dep-160545,2023,11,17,1
dep-160545,2023,12,17,1
dep-160545,2024,1,18,1
dep-160545,2024,2,17,1
dep-160545,2024,3,17,1
dep-160545,2024,4,17,1
dep-160545,2024,5,17,1
dep-160545,2024,6,17,1
dep-160545,2024,7,17,1
dep-160545,2024,8,17,1
dep-160545,2024,9,16,1
dep-160545,2024,10,16,1
dep-160545,2024,11,16,1
dep-160545,2024,12,16,1
dep-160545,2025,1,16,1
dep-160545,2025,2,14,1
dep-160545,2025,10,14,0
dep-160545,2025,11,14,0
dep-160545,2026,3,14,1
dep-160545,2026,4,15,1
dep-160545,2026,5,17,1
dep-160545,2026,6,17,1
dep-160545,2026,7,17,1
dep-160545,2026,8,17,1
dep-160545,2026,9,17,1
dep-160545,2026,10,17,1
dep-160548,2023,2,13,0
dep-160548,2023,3,12,1
dep-160548,2023,4,14,1
dep-160548,2023,5,14,3
dep-160548,2023,6,18,3
dep-160548,2023,7,19,3
dep-160548,2023,8,19,3
dep-160548,2023,9,19,3
dep-160548,2023,10,19,3
dep-160548,2023,11,19,3
dep-160548,2023,12,19,3
dep-160548,2024,1,19,3
dep-160548,2024,2,19,3
dep-160548,2024,3,19,3
dep-160548,2024,4,19,3
dep-160548,2024,5,19,3
dep-160548,2024,6,18,3
dep-160548,2024,7,19,3
dep-160548,2024,8,18,3
dep-160548,2024,9,17,3
dep-160548,2024,10,17,3
dep-160548,2024,11,17,3
dep-160548,2024,12,17,3
dep-160548,2025,1,17,3
dep-160548,2025,2,17,3
dep-160548,2025,3,14,3
dep-160548,2025,4,12,3
dep-160548,2025,5,12,4
dep-160548,2025,6,11,4
dep-160548,2025,7,11,4
dep-160548,2025,8,12,4
dep-160548,2025,9,14,4
dep-160548,2025,10,14,4
dep-160548,2025,11,13,4
dep-160548,2025,12,14,4
dep-160548,2026,1,14,4
dep-160548,2026,2,16,4
dep-160548,2026,3,17,4
dep-160548,2026,4,17,4
dep-160548,2026,5,17,4
dep-160548,2026,6,19,4
dep-160548,2026,7,19,4
dep-160548,2026,8,19,4
dep-160548,2026,9,19,4
dep-160548,2026,10,19,4
dep-160552,2023,2,14,2
dep-160552,2023,3,12,1
dep-160552,2023,11,17,2
dep-160552,2023,12,17,2
dep-160552,2024,10,16,2
dep-160552,2024,11,15,2
dep-160552,2024,12,15,2
dep-160552,2025,1,15,2
dep-160552,2025,2,14,2
dep-160552,2025,3,12,2
dep-160552,2025,4,15,2
dep-160552,2025,5,16,1
dep-160552,2025,6,16,1
dep-160552,2025,7,16,1
dep-160552,2025,8,19,1
dep-160552,2025,9,20,1
dep-160552,2025,10,21,1
dep-160552,2025,11,21,1
dep-160552,2025,12,21,1
dep-160552,2026,1,16,1
dep-160552,2026,2,20,1
dep-160552,2026,3,18,1
dep-160552,2026,4,19,1
dep-160552,2026,5,19,1
dep-160552,2026,6,23,1
dep-160552,2026,7,24,1
dep-160552,2026,8,25,1
dep-160552,2026,9,25,1
dep-160552,2026,10,25,1
dep-160553,2023,2,14,1
dep-160553,2023,3,15,1
dep-160553,2023,4,15,2
dep-160553,2023,5,16,1
dep-160553,2023,6,16,1
dep-160553,2023,7,18,1
dep-160553,2023,8,18,1
dep-160553,2023,9,18,1
dep-160553,2023,10,18,1
dep-160553,2023,11,18,1
dep-160553,2023,12,18,1
dep-160553,2024,1,18,1
dep-160553,2024,2,18,1
dep-160553,2024,3,18,1
dep-160553,2024,4,18,1
dep-160553,2024,5,18,1
dep-160553,2024,6,18,1
dep-160553,2024,7,16,1
dep-160553,2024,8,17,1
dep-160553,2024,9,17,1
dep-160553,2024,10,18,1
dep-160553,2024,11,17,1
dep-160553,2024,12,17,1
dep-160553,2025,1,17,1
dep-160553,2025,2,17,1
dep-160553,2025,3,17,1
dep-160553,2025,4,17,1
dep-160553,2025,5,17,1
dep-160553,2025,6,17,1
dep-160553,2025,7,17,1
dep-160553,2025,8,17,1
dep-160553,2025,9,17,1
dep-160553,2025,10,17,1
dep-160553,2025,11,17,1
dep-160553,2025,12,17,1
dep-160553,2026,1,16,1
dep-160553,2026,2,18,1
dep-160553,2026,3,5,1
dep-160553,2026,4,5,1
dep-160553,2026,5,5,1
dep-160553,2026,6,5,1
dep-160553,2026,7,8,1
dep-160553,2026,8,19,1
dep-160553,2026,9,21,1
dep-160553,2026,10,21,1
dep-160556,2023,2,21,2
dep-160556,2023,3,22,1
dep-160556,2023,4,18,1
dep-160556,2023,5,19,1
dep-160556,2023,6,19,1
dep-160556,2023,7,18,1
dep-160556,2023,8,18,1
dep-160556,2023,9,20,1
dep-160556,2023,10,19,1
dep-160556,2023,11,19,1
dep-160556,2023,12,19,1
dep-160556,2024,1,20,1
dep-160556,2024,2,19,1
dep-160556,2024,3,18,2
dep-160556,2024,4,17,2
dep-160556,2024,5,19,2
dep-160556,2024,6,17,2
dep-160556,2024,7,16,2
dep-160556,2024,8,16,2
dep-160556,2024,9,16,2
dep-160556,2024,10,16,2
dep-160556,2024,11,16,2
dep-160556,2024,12,16,2
dep-160556,2025,1,16,2
dep-160556,2025,2,15,2
dep-160556,2025,3,15,2
dep-160556,2025,4,16,3
dep-160556,2025,5,16,3
dep-160556,2025,6,17,3
dep-160556,2025,7,16,3
dep-160556,2025,8,16,3
dep-160556,2025,9,17,3
dep-160556,2025,10,18,3
dep-160556,2025,11,16,3
dep-160556,2025,12,16,3
dep-160556,2026,1,16,3
dep-160556,2026,2,16,3
dep-160556,2026,3,12,3
dep-160556,2026,4,12,3
dep-160556,2026,5,12,3
dep-160556,2026,6,12,3
dep-160556,2026,7,15,3
dep-160556,2026,8,16,4
dep-160556,2026,9,16,3
dep-160556,2026,10,16,3
dep-160558,2023,2,27,2
dep-160558,2023,3,25,2
dep-160558,2023,4,25,2
dep-160558,2023,5,25,2
dep-160558,2023,6,25,2
dep-160558,2023,7,24,2
dep-160558,2023,8,24,2
dep-160558,2023,9,24,2
dep-160558,2023,10,24,2
dep-160558,2023,11,25,2
dep-160558,2023,12,24,2
dep-160558,2024,1,24,2
dep-160558,2024,2,24,2
dep-160558,2024,3,24,2
dep-160558,2024,4,24,2
dep-160558,2024,5,24,2
dep-160558,2024,6,23,2
dep-160558,2024,7,23,2
dep-160558,2024,8,24,2
dep-160558,2024,9,23,2
dep-160558,2024,10,23,2
dep-160558,2024,11,23,2
dep-160558,2024,12,23,2
dep-160558,2025,1,23,2
dep-160558,2025,2,23,2
dep-160558,2025,3,24,2
dep-160558,2025,4,23,2
dep-160558,2025,5,22,2
dep-160558,2025,6,23,2
dep-160558,2025,7,23,2
dep-160558,2025,8,23,2
dep-160558,2025,9,23,2
dep-160558,2025,10,23,2
dep-160558,2025,11,23,2
dep-160558,2025,12,23,2
dep-160558,2026,1,23,2
dep-160558,2026,2,23,2
dep-160558,2026,3,23,2
dep-160558,2026,4,23,2
dep-160558,2026,5,23,2
dep-160558,2026,6,23,2
dep-160558,2026,7,23,2
dep-160558,2026,8,23,2
dep-160558,2026,9,23,2
dep-160558,2026,10,23,2
dep-160559,2023,2,20,2
dep-160559,2023,3,19,2
dep-160559,2023,4,19,2
dep-160559,2023,5,19,2
dep-160559,2023,6,19,2
dep-160559,2023,7,19,2
dep-160559,2023,8,19,2
dep-160559,2023,9,19,2
dep-160559,2023,10,19,2
dep-160559,2023,11,19,2
dep-160559,2023,12,19,2
dep-160559,2024,1,19,2
dep-160559,2024,2,19,2
dep-160559,2024,3,19,3
dep-160559,2024,4,19,2
dep-160559,2024,5,19,2
dep-160559,2024,6,20,2
dep-160559,2024,7,20,2
dep-160559,2024,8,19,2
dep-160559,2024,9,19,2
dep-160559,2024,10,19,2
dep-160559,2024,11,18,2
dep-160559,2024,12,18,2
dep-160559,2025,1,16,2
dep-160559,2025,2,17,2
dep-160559,2025,3,16,2
dep-160559,2025,4,17,2
dep-160559,2025,5,18,2
dep-160559,2025,6,18,2
dep-160559,2025,7,18,2
dep-160559,2025,8,18,2
dep-160559,2025,9,19,2
dep-160559,2025,10,19,2
dep-160559,2025,11,20,2
dep-160559,2025,12,20,2
dep-160559,2026,1,19,2
dep-160559,2026,2,19,2
dep-160559,2026,3,13,2
dep-160559,2026,4,16,2
dep-160559,2026,5,16,2
dep-160559,2026,6,16,2
dep-160559,2026,7,19,2
dep-160559,2026,8,21,2
dep-160559,2026,9,21,2
dep-160559,2026,10,21,2
dep-160561,2025,3,0,1
dep-160561,2025,4,0,1
dep-160561,2025,5,0,1
dep-160561,2025,6,0,1
dep-160561,2025,7,0,1
dep-160561,2025,8,0,2
dep-160561,2025,12,4,0
dep-160561,2026,1,4,0
dep-160561,2026,2,8,0
dep-160561,2026,3,10,0
dep-160561,2026,4,11,0
dep-160561,2026,5,11,0
dep-160561,2026,6,11,0
dep-160561,2026,7,11,0
dep-160561,2026,8,14,0
dep-160561,2026,9,14,0
dep-160561,2026,10,14,0
dep-160569,2023,2,24,0
dep-160569,2023,3,25,0
dep-160569,2023,4,25,0
dep-160569,2023,5,26,1
dep-160569,2023,6,25,1
dep-160569,2023,7,24,1
dep-160569,2023,8,23,1
dep-160569,2023,9,22,1
dep-160569,2023,10,23,1
dep-160569,2023,11,23,1
dep-160569,2023,12,23,1
dep-160569,2024,1,23,1
dep-160569,2024,2,23,1
dep-160569,2024,3,23,1
dep-160569,2024,4,24,1
dep-160569,2024,5,24,1
dep-160569,2024,6,23,1
dep-160569,2024,7,25,1
dep-160569,2024,8,23,1
dep-160569,2024,9,23,1
dep-160569,2024,10,23,1
dep-160569,2024,11,23,1
dep-160569,2024,12,23,1
dep-160569,2025,1,23,1
dep-160569,2025,2,23,1
dep-160569,2025,3,22,1
dep-160569,2025,4,22,1
dep-160569,2025,5,22,1
dep-160569,2025,6,22,1
dep-160569,2025,7,23,1
dep-160569,2025,8,22,1
dep-160569,2025,9,22,1
dep-160569,2025,10,22,1
dep-160569,2025,11,21,1
dep-160569,2025,12,22,1
dep-160569,2026,1,22,1
dep-160569,2026,2,23,1
dep-160569,2026,3,15,1
dep-160569,2026,4,20,1
dep-160569,2026,5,20,1
dep-160569,2026,6,20,1
dep-160569,2026,7,21,2
dep-160569,2026,8,22,1
dep-160569,2026,9,23,1
dep-160569,2026,10,23,1
dep-160575,2023,2,23,0
dep-160575,2023,3,23,0
dep-160575,2023,4,24,0
dep-160575,2023,5,25,0
dep-160575,2023,6,22,0
dep-160575,2023,7,23,0
dep-160575,2023,8,23,0
dep-160575,2023,9,24,0
dep-160575,2023,10,24,0
dep-160575,2023,11,22,0
dep-160575,2023,12,22,0
dep-160575,2024,1,22,0
dep-160575,2024,2,22,0
dep-160575,2024,3,22,0
dep-160575,2024,4,22,0
dep-160575,2024,5,21,0
dep-160575,2024,6,21,0
dep-160575,2024,7,21,0
dep-160575,2024,8,21,0
dep-160575,2024,9,21,0
dep-160575,2024,10,21,0
dep-160575,2024,11,21,0
dep-160575,2024,12,21,0
dep-160575,2025,1,21,0
dep-160575,2025,2,21,0
dep-160575,2025,3,21,0
dep-160575,2025,4,21,0
dep-160575,2025,5,21,0
dep-160575,2025,6,21,0
dep-160575,2025,7,21,0
dep-160575,2025,8,21,0
dep-160575,2025,9,21,0
dep-160575,2025,10,21,0
dep-160575,2025,11,23,0
dep-160575,2025,12,22,0
dep-160575,2026,1,21,0
dep-160575,2026,2,21,0
dep-160575,2026,3,2,0
dep-160575,2026,4,3,0
dep-160575,2026,5,10,0
dep-160575,2026,6,14,0
dep-160575,2026,7,18,0
dep-160575,2026,8,23,0
dep-160575,2026,9,23,0
dep-160575,2026,10,23,0
dep-160588,2023,2,23,2
dep-160588,2023,3,24,2
dep-160588,2023,4,24,5
dep-160588,2023,5,25,3
dep-160588,2023,6,25,3
dep-160588,2023,7,24,3
dep-160588,2023,8,24,3
dep-160588,2023,9,24,3
dep-160588,2023,10,24,3
dep-160588,2023,11,25,3
dep-160588,2023,12,24,3
dep-160588,2024,1,24,3
dep-160588,2024,2,24,3
dep-160588,2024,3,24,3
dep-160588,2024,4,24,3
dep-160588,2024,5,24,3
dep-160588,2024,6,23,3
dep-160588,2024,7,17,3
dep-160588,2024,8,19,3
dep-160588,2024,9,19,3
dep-160588,2024,10,19,3
dep-160588,2024,11,19,3
dep-160588,2024,12,19,3
dep-160588,2025,1,19,3
dep-160588,2025,2,19,3
dep-160588,2025,3,19,3
dep-160588,2025,4,19,3
dep-160588,2025,5,19,3
dep-160588,2025,6,19,3
dep-160588,2025,7,18,3
dep-160588,2025,8,18,3
dep-160588,2025,9,18,3
dep-160588,2025,10,18,3
dep-160588,2025,11,18,3
dep-160588,2025,12,18,3
dep-160588,2026,1,18,3
dep-160588,2026,2,18,3
dep-160588,2026,3,16,3
dep-160588,2026,4,17,3
dep-160588,2026,5,17,3
dep-160588,2026,6,18,3
dep-160588,2026,7,18,3
dep-160588,2026,8,18,3
dep-160588,2026,9,18,3
dep-160588,2026,10,18,3
dep-160591,2023,2,18,5
dep-160591,2023,3,18,5
dep-160591,2023,4,21,5
dep-160591,2023,5,22,5
dep-160591,2023,6,22,6
dep-160591,2023,7,23,6
dep-160591,2023,8,25,6
dep-160591,2023,9,25,6
dep-160591,2023,10,25,7
dep-160591,2023,11,27,7
dep-160591,2023,12,26,7
dep-160591,2024,1,25,7
dep-160591,2024,2,25,7
dep-160591,2024,3,27,7
dep-160591,2024,4,27,8
dep-160591,2024,5,25,7
dep-160591,2024,6,26,7
dep-160591,2024,7,26,7
dep-160591,2024,8,26,7
dep-160591,2024,9,25,7
dep-160591,2024,10,25,7
dep-160591,2024,11,25,7
dep-160591,2024,12,23,7
dep-160591,2025,1,23,7
dep-160591,2025,2,22,7
dep-160591,2025,3,26,7
dep-160591,2025,4,25,7
dep-160591,2025,5,26,7
dep-160591,2025,6,26,6
dep-160591,2025,7,25,6
dep-160591,2025,8,23,6
dep-160591,2025,9,24,6
dep-160591,2025,10,25,6
dep-160591,2025,11,24,6
dep-160591,2025,12,23,6
dep-160591,2026,1,22,6
dep-160591,2026,2,15,6
dep-160591,2026,3,5,6
dep-160591,2026,4,6,6
dep-160591,2026,5,8,6
dep-160591,2026,6,12,6
dep-160591,2026,7,15,6
dep-160591,2026,8,15,7
dep-160591,2026,9,19,6
dep-160591,2026,10,23,5
dep-160592,2023,2,17,5
dep-160592,2023,3,19,4
dep-160592,2023,4,19,3
dep-160592,2023,5,20,4
dep-160592,2023,6,19,4
dep-160592,2023,7,20,4
dep-160592,2023,8,20,4
dep-160592,2023,9,20,4
dep-160592,2023,10,20,5
dep-160592,2023,11,21,6
dep-160592,2023,12,21,6
dep-160592,2024,1,21,7
dep-160592,2024,2,22,7
dep-160592,2024,3,22,7
dep-160592,2024,4,23,7
dep-160592,2024,5,23,6
dep-160592,2024,6,24,6
dep-160592,2024,7,18,7
dep-160592,2024,8,18,7
dep-160592,2024,9,18,7
dep-160592,2024,10,17,7
dep-160592,2024,11,21,7
dep-160592,2024,12,21,7
dep-160592,2025,1,20,6
dep-160592,2025,2,23,7
dep-160592,2025,3,23,7
dep-160592,2025,4,24,8
dep-160592,2025,5,21,6
dep-160592,2025,6,22,6
dep-160592,2025,7,23,7
dep-160592,2025,8,23,7
dep-160592,2025,9,23,7
dep-160592,2025,10,23,7
dep-160592,2025,11,24,7
dep-160592,2025,12,23,7
dep-160592,2026,1,22,7
dep-160592,2026,2,22,7
dep-160592,2026,3,14,7
dep-160592,2026,4,15,7
dep-160592,2026,5,19,8
dep-160592,2026,6,19,7
dep-160592,2026,7,21,7
dep-160592,2026,8,21,7
dep-160592,2026,9,21,7
dep-160592,2026,10,21,7
dep-160598,2023,2,21,1
dep-160598,2023,3,20,2
dep-160598,2023,4,20,2
dep-160598,2023,5,20,2
dep-160598,2023,6,22,2
dep-160598,2023,7,23,2
dep-160598,2023,8,23,2
dep-160598,2023,9,23,2
dep-160598,2023,10,23,2
dep-160598,2023,11,22,2
dep-160598,2023,12,22,2
dep-160598,2024,1,22,2
dep-160598,2024,2,22,2
dep-160598,2024,3,22,2
dep-160598,2024,4,22,2
dep-160598,2024,5,22,2
dep-160598,2024,6,22,2
dep-160598,2024,7,21,2
dep-160598,2024,8,21,2
dep-160598,2024,9,21,2
dep-160598,2024,10,21,2
dep-160598,2024,11,21,2
dep-160598,2024,12,23,2
dep-160598,2025,1,21,2
dep-160598,2025,2,21,3
dep-160598,2025,3,21,1
dep-160598,2025,4,21,2
dep-160598,2025,5,22,2
dep-160598,2025,6,22,2
dep-160598,2025,7,22,2
dep-160598,2025,8,23,3
dep-160598,2025,9,23,3
dep-160598,2025,10,24,3
dep-160598,2025,11,23,3
dep-160598,2025,12,23,3
dep-160598,2026,1,22,3
dep-160598,2026,2,23,3
dep-160598,2026,3,17,3
dep-160598,2026,4,17,3
dep-160598,2026,5,18,3
dep-160598,2026,6,19,3
dep-160598,2026,7,20,3
dep-160598,2026,8,24,3
dep-160598,2026,9,24,3
dep-160598,2026,10,24,3
dep-160599,2023,2,24,3
dep-160599,2023,3,24,2
dep-160599,2023,4,24,2
dep-160599,2023,5,24,4
dep-160599,2023,6,23,4
dep-160599,2023,7,23,4
dep-160599,2023,8,24,4
dep-160599,2023,9,24,4
dep-160599,2023,10,24,4
dep-160599,2023,11,24,4
dep-160599,2023,12,26,5
dep-160599,2024,1,25,4
dep-160599,2024,2,25,4
dep-160599,2024,3,25,4
dep-160599,2024,4,25,4
dep-160599,2024,5,24,4
dep-160599,2024,6,24,4
dep-160599,2024,7,24,4
dep-160599,2024,8,17,4
dep-160599,2024,9,17,4
dep-160599,2024,10,20,4
dep-160599,2024,11,20,4
dep-160599,2024,12,20,4
dep-160599,2025,1,20,4
dep-160599,2025,2,20,5
dep-160599,2025,3,21,4
dep-160599,2025,4,21,4
dep-160599,2025,5,21,4
dep-160599,2025,6,24,4
dep-160599,2025,7,23,4
dep-160599,2025,8,24,4
dep-160599,2025,9,24,4
dep-160599,2025,10,24,4
dep-160599,2025,11,23,4
dep-160599,2025,12,24,5
dep-160599,2026,1,23,4
dep-160599,2026,2,24,4
dep-160599,2026,3,17,4
dep-160599,2026,4,17,4
dep-160599,2026,5,18,4
dep-160599,2026,6,19,4
dep-160599,2026,7,23,4
dep-160599,2026,8,24,4
dep-160599,2026,9,24,4
dep-160599,2026,10,24,4
dep-160600,2023,2,16,2
dep-160600,2023,3,16,3
dep-160600,2023,4,17,3
dep-160600,2023,5,17,3
dep-160600,2023,6,17,4
dep-160600,2023,7,17,4
dep-160600,2023,8,17,4
dep-160600,2023,9,17,4
dep-160600,2023,10,17,4
dep-160600,2023,11,17,4
dep-160600,2023,12,17,4
dep-160600,2024,1,17,4
dep-160600,2024,2,17,4
dep-160600,2024,3,17,4
dep-160600,2024,4,16,4
dep-160600,2024,5,16,4
dep-160600,2024,6,16,4
dep-160600,2024,7,17,4
dep-160600,2024,8,16,4
dep-160600,2024,9,16,4
dep-160600,2024,10,16,4
dep-160600,2024,11,16,4
dep-160600,2024,12,16,4
dep-160600,2025,1,16,4
dep-160600,2025,2,16,4
dep-160600,2025,3,17,3
dep-160600,2025,4,16,3
dep-160600,2025,5,16,3
dep-160600,2025,6,16,3
dep-160600,2025,7,17,3
dep-160600,2025,8,16,3
dep-160600,2025,9,17,3
dep-160600,2025,10,16,4
dep-160600,2025,11,16,3
dep-160600,2025,12,16,3
dep-160600,2026,1,15,3
dep-160600,2026,2,16,3
dep-160600,2026,3,12,3
dep-160600,2026,4,12,3
dep-160600,2026,5,15,3
dep-160600,2026,6,15,3
dep-160600,2026,7,17,4
dep-160600,2026,8,17,3
dep-160600,2026,9,17,2
dep-160600,2026,10,17,2
dep-160601,2023,2,8,2
dep-160601,2023,3,8,4
dep-160601,2023,4,8,3
dep-160601,2023,5,9,3
dep-160601,2023,6,8,4
dep-160601,2023,7,8,6
dep-160601,2023,8,8,6
dep-160601,2023,9,8,6
dep-160601,2023,10,8,6
dep-160601,2023,11,8,6
dep-160601,2023,12,8,6
dep-160601,2024,1,8,6
dep-160601,2024,2,8,6
dep-160601,2024,3,8,6
dep-160601,2024,4,8,6
dep-160601,2024,5,8,6
dep-160601,2024,6,8,6
dep-160601,2024,7,8,6
dep-160601,2024,8,8,6
dep-160601,2024,9,8,6
dep-160601,2024,10,8,6
dep-160601,2024,11,8,6
dep-160601,2024,12,8,6
dep-160601,2025,1,8,6
dep-160601,2025,2,8,6
dep-160601,2025,3,8,5
dep-160601,2025,4,8,5
dep-160601,2025,5,8,5
dep-160601,2025,6,8,5
dep-160601,2025,7,8,5
dep-160601,2025,8,8,5
dep-160601,2025,9,8,5
dep-160601,2025,10,8,5
dep-160601,2025,11,8,5
dep-160601,2025,12,8,5
dep-160601,2026,1,8,5
dep-160601,2026,2,8,5
dep-160601,2026,3,9,5
dep-160601,2026,4,9,5
dep-160601,2026,5,9,5
dep-160601,2026,6,9,5
dep-160601,2026,7,9,5
dep-160601,2026,8,9,5
dep-160601,2026,9,9,5
dep-160601,2026,10,9,5
dep-160604,2023,2,24,4
dep-160604,2023,3,25,0
dep-160604,2023,4,20,0
dep-160604,2023,5,20,1
dep-160604,2023,6,19,2
dep-160604,2023,7,22,2
dep-160604,2023,8,21,2
dep-160604,2023,9,20,2
dep-160604,2023,10,21,2
dep-160604,2023,11,22,2
dep-160604,2023,12,21,2
dep-160604,2024,1,21,2
dep-160604,2024,2,16,2
dep-160604,2024,3,16,2
dep-160604,2024,4,17,2
dep-160604,2024,5,16,2
dep-160604,2024,6,19,2
dep-160604,2024,7,19,0
dep-160604,2024,8,17,0
dep-160604,2024,9,17,0
dep-160604,2024,10,17,2
dep-160604,2024,11,16,2
dep-160604,2024,12,17,2
dep-160604,2025,1,16,2
dep-160604,2025,2,19,2
dep-160604,2025,3,21,2
dep-160604,2025,4,21,2
dep-160604,2025,5,20,2
dep-160604,2025,6,20,3
dep-160604,2025,7,19,2
dep-160604,2025,8,17,2
dep-160604,2025,9,18,2
dep-160604,2025,10,21,2
dep-160604,2025,11,21,2
dep-160604,2025,12,21,2
dep-160604,2026,1,21,2
dep-160604,2026,2,21,2
dep-160604,2026,3,14,2
dep-160604,2026,4,16,2
dep-160604,2026,5,17,2
dep-160604,2026,6,21,2
dep-160604,2026,7,23,2
dep-160604,2026,8,24,2
dep-160604,2026,9,24,2
dep-160604,2026,10,24,2
dep-160610,2023,2,24,2
dep-160610,2023,3,25,0
dep-160610,2023,4,25,0
dep-160610,2023,5,25,0
dep-160610,2023,6,25,0
dep-160610,2023,7,25,0
dep-160610,2023,8,25,0
dep-160610,2023,9,25,0
dep-160610,2023,10,25,0
dep-160610,2023,11,25,0
dep-160610,2023,12,25,0
dep-160610,2024,1,25,0
dep-160610,2024,2,25,0
dep-160610,2024,3,25,0
dep-160610,2024,4,25,0
dep-160610,2024,5,25,0
dep-160610,2024,6,25,0
dep-160610,2024,7,26,0
dep-160610,2024,8,24,0
dep-160610,2024,9,23,0
dep-160610,2024,10,22,0
dep-160610,2024,11,23,0
dep-160610,2024,12,23,0
dep-160610,2025,1,23,0
dep-160610,2025,2,23,0
dep-160610,2025,3,23,0
dep-160610,2025,4,23,0
dep-160610,2025,5,23,0
dep-160610,2025,6,23,0
dep-160610,2025,7,23,0
dep-160610,2025,8,23,0
dep-160610,2025,9,23,0
dep-160610,2025,10,23,0
dep-160610,2025,11,22,0
dep-160610,2025,12,22,0
dep-160610,2026,1,22,0
dep-160610,2026,2,22,0
dep-160610,2026,3,17,0
dep-160610,2026,4,17,0
dep-160610,2026,5,19,0
dep-160610,2026,6,19,0
dep-160610,2026,7,19,0
dep-160610,2026,8,19,0
dep-160610,2026,9,22,0
dep-160610,2026,10,22,0
dep-160621,2023,2,12,1
dep-160621,2023,3,10,1
dep-160621,2023,4,10,1
dep-160621,2023,11,17,1
dep-160621,2024,12,17,0
dep-160621,2025,11,23,0
dep-160621,2026,4,4,1
dep-160621,2026,5,7,1
dep-160621,2026,6,8,2
dep-160621,2026,7,10,2
dep-160621,2026,8,10,2
dep-160621,2026,9,10,2
dep-160621,2026,10,10,2
dep-160629,2023,2,14,1
dep-160629,2023,3,16,1
dep-160629,2023,4,16,1
dep-160629,2023,5,16,1
dep-160629,2023,6,17,2
dep-160629,2023,7,17,2
dep-160629,2023,8,18,2
dep-160629,2023,9,18,2
dep-160629,2023,10,19,2
dep-160629,2023,11,19,2
dep-160629,2023,12,19,2
dep-160629,2024,1,20,2
dep-160629,2024,2,20,2
dep-160629,2024,3,19,2
dep-160629,2024,4,19,2
dep-160629,2024,5,20,2
dep-160629,2024,6,20,2
dep-160629,2024,7,20,2
dep-160629,2024,8,19,3
dep-160629,2024,9,19,2
dep-160629,2024,10,19,2
dep-160629,2024,11,20,2
dep-160629,2024,12,20,2
dep-160629,2025,1,20,2
dep-160629,2025,2,20,2
dep-160629,2025,3,20,2
dep-160629,2025,4,20,2
dep-160629,2025,5,20,2
dep-160629,2025,6,20,2
dep-160629,2025,7,20,2
dep-160629,2025,8,20,2
dep-160629,2025,9,20,2
dep-160629,2025,10,20,2
dep-160629,2025,11,20,3
dep-160629,2025,12,20,4
dep-160629,2026,1,20,3
dep-160629,2026,2,19,3
dep-160629,2026,3,18,3
dep-160629,2026,4,18,3
dep-160629,2026,5,21,3
dep-160629,2026,6,21,3
dep-160629,2026,7,21,3
dep-160629,2026,8,21,0
dep-160629,2026,9,21,0
dep-160629,2026,10,21,0
dep-160632,2023,2,22,2
dep-160632,2023,3,24,2
dep-160632,2023,4,23,3
dep-160632,2023,5,23,3
dep-160632,2023,6,22,3
dep-160632,2023,7,24,3
dep-160632,2023,8,25,2
dep-160632,2023,9,24,2
dep-160632,2023,10,24,3
dep-160632,2023,11,24,3
dep-160632,2023,12,24,3
dep-160632,2024,1,24,3
dep-160632,2024,2,24,3
dep-160632,2024,3,24,3
dep-160632,2024,4,24,4
dep-160632,2024,5,25,4
dep-160632,2024,6,26,4
dep-160632,2024,7,24,3
dep-160632,2024,8,21,4
dep-160632,2024,9,21,4
dep-160632,2024,10,22,4
dep-160632,2024,11,22,4
dep-160632,2024,12,23,4
dep-160632,2025,1,23,4
dep-160632,2025,2,20,4
dep-160632,2025,3,20,4
dep-160632,2025,4,21,4
dep-160632,2025,5,21,4
dep-160632,2025,6,21,4
dep-160632,2025,7,20,4
dep-160632,2025,8,21,4
dep-160632,2025,9,21,4
dep-160632,2025,10,21,4
dep-160632,2025,11,21,4
dep-160632,2025,12,22,4
dep-160632,2026,1,20,4
dep-160632,2026,2,21,4
dep-160632,2026,3,17,4
dep-160632,2026,4,19,4
dep-160632,2026,5,21,4
dep-160632,2026,6,21,4
dep-160632,2026,7,22,3
dep-160632,2026,8,24,3
dep-160632,2026,9,25,3
dep-160632,2026,10,25,3
dep-160635,2023,2,25,3
dep-160635,2023,3,23,2
dep-160635,2023,4,24,1
dep-160635,2023,5,24,3
dep-160635,2023,6,25,3
dep-160635,2023,7,25,3
dep-160635,2023,8,25,4
dep-160635,2023,9,25,4
dep-160635,2023,10,25,4
dep-160635,2023,11,26,4
dep-160635,2023,12,26,4
dep-160635,2024,1,26,4
dep-160635,2024,2,24,4
dep-160635,2024,3,25,4
dep-160635,2024,4,24,4
dep-160635,2024,5,24,4
dep-160635,2024,6,25,4
dep-160635,2024,7,24,0
dep-160635,2024,8,24,0
dep-160635,2024,9,24,0
dep-160635,2024,10,24,4
dep-160635,2024,11,24,4
dep-160635,2024,12,24,4
dep-160635,2025,1,24,4
dep-160635,2025,2,22,4
dep-160635,2025,3,22,4
dep-160635,2025,4,22,4
dep-160635,2025,5,22,5
dep-160635,2025,6,22,4
dep-160635,2025,7,22,4
dep-160635,2025,8,22,4
dep-160635,2025,9,22,4
dep-160635,2025,10,23,4
dep-160635,2025,11,23,4
dep-160635,2025,12,23,4
dep-160635,2026,1,23,4
dep-160635,2026,2,23,4
dep-160635,2026,3,19,4
dep-160635,2026,4,19,4
dep-160635,2026,5,19,4
dep-160635,2026,6,22,4
dep-160635,2026,7,23,4
dep-160635,2026,8,24,4
dep-160635,2026,9,24,4
dep-160635,2026,10,24,4
dep-160640,2023,2,16,4
dep-160640,2023,3,14,4
dep-160640,2023,4,15,4
dep-160640,2023,5,15,4
dep-160640,2023,6,16,4
dep-160640,2023,7,16,4
dep-160640,2023,8,17,4
dep-160640,2023,9,16,4
dep-160640,2023,10,16,4
dep-160640,2023,11,15,4
dep-160640,2023,12,15,4
dep-160640,2024,1,16,4
dep-160640,2024,2,17,4
dep-160640,2024,3,16,4
dep-160640,2024,4,16,4
dep-160640,2024,5,16,4
dep-160640,2024,6,17,4
dep-160640,2024,7,18,4
dep-160640,2024,8,18,4
dep-160640,2024,9,18,4
dep-160640,2024,10,19,4
dep-160640,2024,11,18,4
dep-160640,2024,12,18,4
dep-160640,2025,1,18,3
dep-160640,2025,2,18,3
dep-160640,2025,3,19,3
dep-160640,2025,4,19,3
dep-160640,2025,5,19,3
dep-160640,2025,6,19,3
dep-160640,2025,7,18,3
dep-160640,2025,8,18,3
dep-160640,2025,9,18,3
dep-160640,2025,10,18,3
dep-160640,2025,11,18,3
dep-160640,2025,12,18,3
dep-160640,2026,1,18,3
dep-160640,2026,2,17,4
dep-160640,2026,3,15,3
dep-160640,2026,4,16,3
dep-160640,2026,5,16,3
dep-160640,2026,6,16,3
dep-160640,2026,7,17,3
dep-160640,2026,8,17,3
dep-160640,2026,9,18,3
dep-160640,2026,10,18,3
dep-160641,2025,8,11,0
dep-160641,2025,9,19,0
dep-160641,2025,10,24,0
dep-160641,2025,11,25,0
dep-160641,2025,12,25,0
dep-160641,2026,1,16,0
dep-160641,2026,2,22,0
dep-160641,2026,3,24,0
dep-160641,2026,4,25,0
dep-160641,2026,5,25,0
dep-160641,2026,6,25,0
dep-160641,2026,7,25,0
dep-160641,2026,8,25,0
dep-160641,2026,9,25,0
dep-160641,2026,10,25,0
dep-160642,2023,2,17,4
dep-160642,2023,3,17,5
dep-160642,2023,4,17,3
dep-160642,2023,5,17,3
dep-160642,2023,6,17,3
dep-160642,2023,7,17,3
dep-160642,2023,8,17,3
dep-160642,2023,9,17,3
dep-160642,2023,10,17,3
dep-160642,2023,11,17,3
dep-160642,2023,12,17,3
dep-160642,2024,1,18,3
dep-160642,2024,2,18,3
dep-160642,2024,3,18,3
dep-160642,2024,4,18,3
dep-160642,2024,5,17,3
dep-160642,2024,6,18,4
dep-160642,2024,7,17,4
dep-160642,2024,8,17,4
dep-160642,2024,9,17,4
dep-160642,2024,10,17,4
dep-160642,2024,11,16,4
dep-160642,2024,12,17,4
dep-160642,2025,1,17,4
dep-160642,2025,2,17,4
dep-160642,2025,3,17,4
dep-160642,2025,4,17,4
dep-160642,2025,5,17,3
dep-160642,2025,6,17,3
dep-160642,2025,7,17,3
dep-160642,2025,8,17,3
dep-160642,2025,9,17,3
dep-160642,2025,10,17,3
dep-160642,2025,11,17,3
dep-160642,2025,12,17,3
dep-160642,2026,1,17,3
dep-160642,2026,2,17,3
dep-160642,2026,3,15,3
dep-160642,2026,4,15,3
dep-160642,2026,5,17,3
dep-160642,2026,6,18,3
dep-160642,2026,7,18,3
dep-160642,2026,8,18,3
dep-160642,2026,9,18,3
dep-160642,2026,10,18,3
dep-160665,2023,2,20,1
dep-160665,2023,3,18,2
dep-160665,2023,4,18,3
dep-160665,2023,5,18,2
dep-160665,2023,6,18,2
dep-160665,2023,7,17,2
dep-160665,2023,8,17,2
dep-160665,2023,9,17,2
dep-160665,2023,10,17,2
dep-160665,2023,11,18,1
dep-160665,2023,12,17,1
dep-160665,2024,1,17,1
dep-160665,2024,2,17,1
dep-160665,2024,3,18,1
dep-160665,2024,4,19,1
dep-160665,2024,5,18,1
dep-160665,2024,6,18,1
dep-160665,2024,7,18,1
dep-160665,2024,8,19,1
dep-160665,2024,9,19,1
dep-160665,2024,10,19,1
dep-160665,2024,11,19,1
dep-160665,2024,12,19,1
dep-160665,2025,1,18,1
dep-160665,2025,2,19,1
dep-160665,2025,3,19,1
dep-160665,2025,4,19,1
dep-160665,2025,5,20,1
dep-160665,2025,6,20,1
dep-160665,2025,7,19,1
dep-160665,2025,8,19,1
dep-160665,2025,9,19,1
dep-160665,2025,10,19,1
dep-160665,2025,11,19,1
dep-160665,2025,12,19,1
dep-160665,2026,1,19,1
dep-160665,2026,2,19,1
dep-160665,2026,3,13,1
dep-160665,2026,4,13,1
dep-160665,2026,5,19,1
dep-160665,2026,6,19,1
dep-160665,2026,7,19,1
dep-160665,2026,8,19,1
dep-160665,2026,9,19,1
dep-160665,2026,10,19,1
dep-160666,2023,2,19,1
dep-160666,2023,3,21,2
dep-160666,2023,4,22,2
dep-160666,2023,5,22,4
dep-160666,2023,6,22,4
dep-160666,2023,7,23,4
dep-160666,2023,8,23,4
dep-160666,2023,9,23,4
dep-160666,2023,10,23,3
dep-160666,2023,11,23,4
dep-160666,2023,12,23,4
dep-160666,2024,1,23,4
dep-160666,2024,2,23,5
dep-160666,2024,3,23,4
dep-160666,2024,4,25,4
dep-160666,2024,5,23,3
dep-160666,2024,6,24,3
dep-160666,2024,7,23,2
dep-160666,2024,8,22,2
dep-160666,2024,9,21,2
dep-160666,2024,10,22,2
dep-160666,2024,11,22,2
dep-160666,2024,12,22,2
dep-160666,2025,1,21,2
dep-160666,2025,2,21,2
dep-160666,2025,3,20,2
dep-160666,2025,4,18,2
dep-160666,2025,5,18,2
dep-160666,2025,6,18,2
dep-160666,2025,7,18,2
dep-160666,2025,8,18,2
dep-160666,2025,9,19,2
dep-160666,2025,10,20,1
dep-160666,2025,11,19,1
dep-160666,2025,12,19,3
dep-160666,2026,1,18,2
dep-160666,2026,2,18,2
dep-160666,2026,3,16,2
dep-160666,2026,4,17,2
dep-160666,2026,5,19,2
dep-160666,2026,6,22,2
dep-160666,2026,7,24,2
dep-160666,2026,8,24,2
dep-160666,2026,9,24,2
dep-160666,2026,10,24,2
dep-160673,2023,2,23,1
dep-160673,2023,3,22,2
dep-160673,2023,4,21,3
dep-160673,2023,5,19,3
dep-160673,2023,6,19,3
dep-160673,2023,7,19,3
dep-160673,2023,8,19,3
dep-160673,2023,9,19,3
dep-160673,2023,10,19,3
dep-160673,2023,11,20,3
dep-160673,2023,12,20,3
dep-160673,2024,1,20,3
dep-160673,2024,2,20,3
dep-160673,2024,3,20,3
dep-160673,2024,4,20,3
dep-160673,2024,5,20,3
dep-160673,2024,6,20,3
dep-160673,2024,7,22,3
dep-160673,2024,8,18,3
dep-160673,2024,9,18,3
dep-160673,2024,10,19,3
dep-160673,2024,11,18,3
dep-160673,2024,12,18,3
dep-160673,2025,1,19,3
dep-160673,2025,2,21,3
dep-160673,2025,3,20,3
dep-160673,2025,4,23,3
dep-160673,2025,5,25,3
dep-160673,2025,6,25,3
dep-160673,2025,7,25,3
dep-160673,2025,8,25,3
dep-160673,2025,9,25,3
dep-160673,2025,10,25,3
dep-160673,2025,11,25,3
dep-160673,2025,12,24,3
dep-160673,2026,1,24,3
dep-160673,2026,2,21,3
dep-160673,2026,3,17,3
dep-160673,2026,4,20,3
dep-160673,2026,5,23,3
dep-160673,2026,6,25,3
dep-160673,2026,7,25,3
dep-160673,2026,8,25,3
dep-160673,2026,9,25,3
dep-160673,2026,10,25,3
dep-160674,2023,2,25,4
dep-160674,2023,3,25,3
dep-160674,2023,4,25,3
dep-160674,2023,5,25,4
dep-160674,2023,6,24,4
dep-160674,2023,7,24,4
dep-160674,2023,8,24,4
dep-160674,2023,9,25,4
dep-160674,2023,10,25,4
dep-160674,2023,11,26,4
dep-160674,2023,12,25,4
dep-160674,2024,1,25,4
dep-160674,2024,2,25,4
dep-160674,2024,3,25,4
dep-160674,2024,4,25,4
dep-160674,2024,5,26,5
dep-160674,2024,6,25,4
dep-160674,2024,7,27,4
dep-160674,2024,8,25,4
dep-160674,2024,9,24,4
dep-160674,2024,10,25,4
dep-160674,2024,11,26,4
dep-160674,2024,12,26,4
dep-160674,2025,1,25,4
dep-160674,2025,2,26,4
dep-160674,2025,3,23,4
dep-160674,2025,4,23,4
dep-160674,2025,5,22,5
dep-160674,2025,6,22,4
dep-160674,2025,7,22,4
dep-160674,2025,8,21,4
dep-160674,2025,9,21,4
dep-160674,2025,10,21,4
dep-160674,2025,11,20,4
dep-160674,2025,12,20,4
dep-160674,2026,1,20,4
dep-160674,2026,2,20,4
dep-160674,2026,3,15,4
dep-160674,2026,4,20,4
dep-160674,2026,5,22,4
dep-160674,2026,6,22,4
dep-160674,2026,7,22,4
dep-160674,2026,8,22,4
dep-160674,2026,9,22,4
dep-160674,2026,10,22,4
dep-160758,2023,2,25,1
dep-160758,2023,3,25,0
dep-160758,2023,4,25,1
dep-160758,2023,5,24,1
dep-160758,2023,6,24,1
dep-160758,2023,7,24,1
dep-160758,2023,8,24,1
dep-160758,2023,9,24,1
dep-160758,2023,10,24,1
dep-160758,2023,11,24,1
dep-160758,2023,12,24,1
dep-160758,2024,1,23,1
dep-160758,2024,2,24,1
dep-160758,2024,3,24,1
dep-160758,2024,4,23,1
dep-160758,2024,5,23,1
dep-160758,2024,6,23,1
dep-160758,2024,7,20,1
dep-160758,2024,8,20,1
dep-160758,2024,9,20,1
dep-160758,2024,10,21,1
dep-160758,2024,11,21,1
dep-160758,2024,12,21,1
dep-160758,2025,1,21,1
dep-160758,2025,2,21,1
dep-160758,2025,3,21,1
dep-160758,2025,4,22,1
dep-160758,2025,5,22,1
dep-160758,2025,6,21,2
dep-160758,2025,7,20,3
dep-160758,2025,8,21,1
dep-160758,2025,9,22,1
dep-160758,2025,10,22,1
dep-160758,2025,11,22,0
dep-160758,2025,12,23,0
dep-160758,2026,1,23,0
dep-160758,2026,2,22,0
dep-160758,2026,3,20,0
dep-160758,2026,4,21,0
dep-160758,2026,5,22,0
dep-160758,2026,6,24,0
dep-160758,2026,7,24,0
dep-160758,2026,8,25,0
dep-160758,2026,9,25,0
dep-160758,2026,10,25,0
dep-160976,2023,2,10,0
dep-160976,2023,3,8,0
dep-160976,2023,4,8,0
dep-160976,2023,5,9,0
dep-160976,2023,6,9,0
dep-160976,2023,7,9,0
dep-160976,2023,8,9,0
dep-160976,2023,9,9,0
dep-160976,2023,10,9,0
dep-160976,2023,11,9,0
dep-160976,2023,12,9,0
dep-160976,2024,1,9,0
dep-160976,2024,2,8,0
dep-160976,2024,3,8,0
dep-160976,2024,4,8,0
dep-160976,2024,5,8,0
dep-160976,2024,6,8,0
dep-160976,2024,7,8,0
dep-160976,2024,8,8,0
dep-160976,2024,9,9,0
dep-160976,2024,10,9,0
dep-160976,2024,11,9,0
dep-160976,2024,12,9,0
dep-160976,2025,1,9,0
dep-160976,2025,2,9,0
dep-160976,2025,3,9,0
dep-160976,2025,4,9,0
dep-160976,2025,5,9,0
dep-160976,2025,6,9,0
dep-160976,2025,7,9,0
dep-160976,2025,8,9,0
dep-160976,2025,9,9,0
dep-160976,2025,10,9,0
dep-160976,2025,11,9,0
dep-160976,2025,12,9,0
dep-160976,2026,1,9,0
dep-160976,2026,2,9,0
dep-160976,2026,3,9,0
dep-160976,2026,4,9,0
dep-160976,2026,5,9,0
dep-160976,2026,6,9,0
dep-160976,2026,7,9,0
dep-160976,2026,8,9,0
dep-160976,2026,9,9,0
dep-160976,2026,10,9,0
dep-161440,2023,2,19,0
dep-161440,2023,3,20,0
dep-161440,2023,4,20,0
dep-161440,2023,5,20,0
dep-161440,2023,6,21,1
dep-161440,2023,7,21,1
dep-161440,2023,8,21,1
dep-161440,2023,9,21,1
dep-161440,2023,10,21,1
dep-161440,2023,11,21,1
dep-161440,2023,12,21,1
dep-161440,2024,1,21,1
dep-161440,2024,2,21,1
dep-161440,2024,3,21,1
dep-161440,2024,4,22,1
dep-161440,2024,5,21,1
dep-161440,2024,6,20,1
dep-161440,2024,7,21,1
dep-161440,2024,8,18,1
dep-161440,2024,9,18,1
dep-161440,2024,10,20,1
dep-161440,2024,11,20,1
dep-161440,2024,12,20,1
dep-161440,2025,1,19,1
dep-161440,2025,2,19,1
dep-161440,2025,3,20,1
dep-161440,2025,4,22,1
dep-161440,2025,5,23,1
dep-161440,2025,6,24,1
dep-161440,2025,7,24,1
dep-161440,2025,8,24,1
dep-161440,2025,9,24,1
dep-161440,2025,10,24,1
dep-161440,2025,11,24,1
dep-161440,2025,12,24,1
dep-161440,2026,1,24,1
dep-161440,2026,2,24,1
dep-161440,2026,3,19,1
dep-161440,2026,4,19,1
dep-161440,2026,5,22,1
dep-161440,2026,6,22,1
dep-161440,2026,7,22,1
dep-161440,2026,8,24,1
dep-161440,2026,9,24,1
dep-161440,2026,10,24,1
dep-161550,2023,2,27,2
dep-161550,2023,3,25,1
dep-161550,2023,4,24,1
dep-161550,2023,5,24,2
dep-161550,2023,6,23,2
dep-161550,2023,7,23,2
dep-161550,2023,8,24,2
dep-161550,2023,9,21,2
dep-161550,2023,10,21,2
dep-161550,2023,11,21,2
dep-161550,2023,12,21,2
dep-161550,2024,1,22,3
dep-161550,2024,2,22,3
dep-161550,2024,3,20,3
dep-161550,2024,4,20,3
dep-161550,2024,5,21,3
dep-161550,2024,6,21,3
dep-161550,2024,7,21,3
dep-161550,2024,8,19,3
dep-161550,2024,9,19,3
dep-161550,2024,10,19,3
dep-161550,2024,11,20,3
dep-161550,2024,12,20,3
dep-161550,2025,1,19,3
dep-161550,2025,2,19,3
dep-161550,2025,3,18,3
dep-161550,2025,4,18,3
dep-161550,2025,5,19,3
dep-161550,2025,6,20,3
dep-161550,2025,7,20,3
dep-161550,2025,8,20,3
dep-161550,2025,9,20,4
dep-161550,2025,10,20,3
dep-161550,2025,11,20,3
dep-161550,2025,12,20,3
dep-161550,2026,1,20,3
dep-161550,2026,2,20,3
dep-161550,2026,3,18,3
dep-161550,2026,4,22,3
dep-161550,2026,5,24,3
dep-161550,2026,6,24,3
dep-161550,2026,7,24,3
dep-161550,2026,8,24,3
dep-161550,2026,9,24,3
dep-161550,2026,10,24,3
dep-162067,2023,2,14,0
dep-162067,2023,3,22,0
dep-162067,2023,4,23,0
dep-162067,2023,5,22,0
dep-162067,2023,6,22,1
dep-162067,2023,7,22,1
dep-162067,2023,8,23,1
dep-162067,2023,9,23,1
dep-162067,2023,10,23,1
dep-162067,2023,11,25,1
dep-162067,2023,12,24,1
dep-162067,2024,1,24,1
dep-162067,2024,2,25,1
dep-162067,2024,3,25,1
dep-162067,2024,4,25,1
dep-162067,2024,5,25,1
dep-162067,2024,6,26,1
dep-162067,2024,7,24,1
dep-162067,2024,8,25,1
dep-162067,2024,9,25,1
dep-162067,2024,10,25,1
dep-162067,2024,11,27,1
dep-162067,2024,12,25,1
dep-162067,2025,1,27,1
dep-162067,2025,2,22,1
dep-162067,2025,3,23,1
dep-162067,2025,4,23,1
dep-162067,2025,5,24,2
dep-162067,2025,6,23,2
dep-162067,2025,7,24,2
dep-162067,2025,8,24,2
dep-162067,2025,9,24,2
dep-162067,2025,10,24,2
dep-162067,2025,11,24,2
dep-162067,2025,12,24,2
dep-162067,2026,1,24,2
dep-162067,2026,2,22,2
dep-162067,2026,3,21,2
dep-162067,2026,4,21,2
dep-162067,2026,5,23,2
dep-162067,2026,6,23,2
dep-162067,2026,7,24,2
dep-162067,2026,8,24,2
dep-162067,2026,9,25,2
dep-162067,2026,10,25,1
dep-162332,2023,2,21,3
dep-162332,2023,3,22,2
dep-162332,2023,4,21,2
dep-162332,2023,5,22,2
dep-162332,2023,6,23,2
dep-162332,2023,7,23,2
dep-162332,2023,8,23,2
dep-162332,2023,9,23,2
dep-162332,2023,10,23,2
dep-162332,2023,11,23,2
dep-162332,2023,12,23,2
dep-162332,2024,1,23,2
dep-162332,2024,2,23,2
dep-162332,2024,3,24,2
dep-162332,2024,4,26,2
dep-162332,2024,5,26,2
dep-162332,2024,6,25,2
dep-162332,2024,7,26,2
dep-162332,2024,8,25,2
dep-162332,2024,9,25,2
dep-162332,2024,10,24,2
dep-162332,2024,11,24,2
dep-162332,2024,12,24,2
dep-162332,2025,1,20,2
dep-162332,2025,2,23,2
dep-162332,2025,3,23,2
dep-162332,2025,4,23,2
dep-162332,2025,5,24,2
dep-162332,2025,6,24,2
dep-162332,2025,7,25,2
dep-162332,2025,8,25,2
dep-162332,2025,9,25,2
dep-162332,2025,10,25,2
dep-162332,2025,11,25,2
dep-162332,2025,12,25,2
dep-162332,2026,1,25,2
dep-162332,2026,2,25,2
dep-162332,2026,3,23,2
dep-162332,2026,4,23,2
dep-162332,2026,5,23,2
dep-162332,2026,6,23,2
dep-162332,2026,7,24,2
dep-162332,2026,8,25,2
dep-162332,2026,9,25,2
dep-162332,2026,10,25,2
dep-163321,2023,11,23,2
dep-163321,2023,12,25,2
dep-163321,2024,1,24,2
dep-163321,2024,2,26,2
dep-163321,2024,3,26,2
dep-163321,2024,4,24,2
dep-163321,2024,5,24,2
dep-163321,2024,6,23,2
dep-163321,2024,7,26,2
dep-163321,2024,8,25,2
dep-163321,2024,9,25,2
dep-163321,2024,10,25,2
dep-163321,2024,11,25,2
dep-163321,2024,12,25,2
dep-163321,2025,1,25,2
dep-163321,2025,2,26,2
dep-163321,2025,3,25,2
dep-163321,2025,4,25,2
dep-163321,2025,5,25,2
dep-163321,2025,6,26,2
dep-163321,2025,7,25,2
dep-163321,2025,8,24,2
dep-163321,2025,9,26,2
dep-163321,2025,10,24,2
dep-163321,2025,11,25,2
dep-163321,2025,12,25,2
dep-163321,2026,1,24,2
dep-163321,2026,2,21,2
dep-164360,2023,2,13,0
dep-164360,2023,9,24,0
dep-164360,2023,11,24,2
dep-164360,2024,6,15,1
dep-164360,2024,7,15,1
dep-164360,2024,8,17,1
dep-164360,2024,9,18,1
dep-164360,2024,10,19,1
dep-164360,2024,11,20,1
dep-164360,2024,12,20,1
dep-165470,2023,2,13,0
dep-165470,2023,3,19,0
dep-165470,2023,4,22,2
dep-165470,2023,5,22,2
dep-165470,2023,6,21,2
dep-165470,2023,7,21,2
dep-165470,2023,8,21,2
dep-165470,2023,9,21,1
dep-165470,2023,10,21,1
dep-165470,2023,11,21,2
dep-165470,2023,12,22,2
dep-165470,2024,1,22,2
dep-165470,2024,2,22,2
dep-165470,2024,3,22,2
dep-165470,2024,4,22,2
dep-165470,2024,5,22,2
dep-165470,2024,6,22,2
dep-165470,2024,7,23,2
dep-165470,2024,8,22,2
dep-165470,2024,9,22,2
dep-165470,2024,10,22,2
dep-165470,2024,11,23,2
dep-165470,2024,12,23,2
dep-165470,2025,1,22,2
dep-165470,2025,2,22,2
dep-165470,2025,3,21,2
dep-165470,2025,4,21,2
dep-165470,2025,5,21,2
dep-165470,2025,6,22,2
dep-165470,2025,7,23,3
dep-165470,2025,8,22,2
dep-165470,2025,9,23,2
dep-165470,2025,10,23,2
dep-165470,2025,11,23,2
dep-165470,2025,12,22,2
dep-165470,2026,1,21,2
dep-165470,2026,2,21,2
dep-165470,2026,3,16,2
dep-165470,2026,4,16,0
dep-165470,2026,5,18,1
dep-165470,2026,6,19,1
dep-165470,2026,7,19,1
dep-165470,2026,8,19,1
dep-165470,2026,9,19,1
dep-165470,2026,10,20,1
dep-166402,2023,2,16,2
dep-166402,2023,3,18,2
dep-166402,2023,4,19,2
dep-166402,2023,5,20,2
dep-166402,2023,6,19,2
dep-166402,2023,7,20,2
dep-166402,2023,8,20,2
dep-166402,2023,9,20,2
dep-166402,2023,10,20,2
dep-166402,2023,11,19,2
dep-166402,2023,12,20,2
dep-166402,2024,1,20,2
dep-166402,2024,2,20,2
dep-166402,2024,3,20,2
dep-166402,2024,4,19,2
dep-166402,2024,5,18,3
dep-166402,2024,6,19,3
dep-166402,2024,7,19,3
dep-166402,2024,8,20,3
dep-166402,2024,9,20,3
dep-166402,2024,10,20,3
dep-166402,2024,11,20,3
dep-166402,2024,12,20,3
dep-166402,2025,1,21,3
dep-166402,2025,2,22,3
dep-166402,2025,3,21,3
dep-166402,2025,4,21,3
dep-166402,2025,5,21,3
dep-166402,2025,6,19,3
dep-166402,2025,7,19,3
dep-166402,2025,8,19,3
dep-166402,2025,9,19,3
dep-166402,2025,10,17,3
dep-166402,2025,11,17,3
dep-166402,2025,12,18,3
dep-166402,2026,1,18,3
dep-166402,2026,2,16,3
dep-166402,2026,3,10,3
dep-166402,2026,4,11,3
dep-166402,2026,5,19,3
dep-166402,2026,6,21,3
dep-166402,2026,7,23,3
dep-166402,2026,8,23,3
dep-166402,2026,9,23,3
dep-166402,2026,10,23,3
dep-171139,2024,5,0,1
dep-171139,2024,6,0,1
dep-171139,2024,7,0,1
dep-171617,2023,2,23,1
dep-171617,2023,3,23,1
dep-171617,2023,4,23,1
dep-171617,2023,5,24,1
dep-171617,2023,6,24,1
dep-171617,2023,7,24,1
dep-171617,2023,8,24,1
dep-171617,2023,9,24,1
dep-171617,2023,10,24,1
dep-171617,2023,11,24,1
dep-171617,2023,12,23,1
dep-171617,2024,1,24,1
dep-171617,2024,2,24,1
dep-171617,2024,3,22,1
dep-171617,2024,4,22,1
dep-171617,2024,5,23,1
dep-171617,2024,6,23,1
dep-171617,2024,7,23,1
dep-171617,2024,8,23,1
dep-171617,2024,9,23,1
dep-171617,2024,10,23,1
dep-171617,2024,11,23,1
dep-171617,2024,12,23,1
dep-171617,2025,1,24,1
dep-171617,2025,2,24,2
dep-171617,2025,3,24,1
dep-171617,2025,4,23,1
dep-171617,2025,5,24,1
dep-171617,2025,6,24,1
dep-171617,2025,7,24,1
dep-171617,2025,8,24,1
dep-171617,2025,9,23,1
dep-171617,2025,10,25,1
dep-171617,2025,11,25,1
dep-171617,2025,12,25,1
dep-171617,2026,1,25,1
dep-171617,2026,2,25,1
dep-171617,2026,3,25,1
dep-171617,2026,4,25,1
dep-171617,2026,5,25,1
dep-171617,2026,6,25,1
dep-171617,2026,7,25,1
dep-171623,2023,2,15,2
dep-171623,2023,3,15,2
dep-171623,2023,4,14,2
dep-171623,2023,5,14,2
dep-171623,2023,6,14,2
dep-171623,2023,7,14,2
dep-171623,2023,8,14,2
dep-171623,2023,9,15,2
dep-171623,2023,10,15,2
dep-171623,2023,11,15,2
dep-171623,2023,12,15,2
dep-171623,2024,1,15,2
dep-171623,2024,2,15,2
dep-171623,2024,11,15,1
dep-171623,2024,12,15,2
dep-171623,2025,1,13,2
dep-171623,2025,7,16,2
dep-171623,2025,8,16,2
dep-171623,2025,9,16,2
dep-171623,2025,10,16,2
dep-171623,2025,11,16,2
dep-171623,2025,12,16,2
dep-171623,2026,1,16,2
dep-171623,2026,2,16,2
dep-171623,2026,3,15,2
dep-171623,2026,4,15,2
dep-171623,2026,5,15,2
dep-171623,2026,6,16,2
dep-171623,2026,7,16,2
dep-171623,2026,8,16,2
dep-171623,2026,9,16,2
dep-171623,2026,10,16,2
dep-171786,2023,2,15,0
dep-171786,2023,3,19,0
dep-171786,2023,4,20,0
dep-171786,2023,5,22,1
dep-171786,2023,6,22,1
dep-171786,2023,7,23,1
dep-171786,2023,8,25,1
dep-171786,2023,9,25,1
dep-171786,2023,10,25,1
dep-171786,2023,11,25,1
dep-171786,2023,12,25,1
dep-171786,2024,1,25,1
dep-171786,2024,2,24,1
dep-171786,2024,3,25,2
dep-171786,2024,4,24,1
dep-171786,2024,5,24,1
dep-171786,2024,6,24,1
dep-171786,2024,7,19,1
dep-171786,2024,8,20,1
dep-171786,2024,9,21,1
dep-171786,2024,10,21,1
dep-171786,2024,11,23,1
dep-171786,2024,12,23,1
dep-171786,2025,1,23,1
dep-171786,2025,2,23,1
dep-171786,2025,3,24,1
dep-171786,2025,4,24,1
dep-171786,2025,5,25,2
dep-171786,2025,6,24,1
dep-171786,2025,7,24,2
dep-171786,2025,8,24,2
dep-171786,2025,9,24,2
dep-171786,2025,10,24,2
dep-171786,2025,11,24,2
dep-171786,2025,12,24,2
dep-171786,2026,1,24,2
dep-171786,2026,2,22,2
dep-171786,2026,3,20,2
dep-171786,2026,4,21,2
dep-171786,2026,5,21,2
dep-171786,2026,6,25,2
dep-171786,2026,7,25,1
dep-171786,2026,8,25,1
dep-171786,2026,9,25,1
dep-171786,2026,10,25,1
dep-175765,2024,12,0,3
dep-175765,2025,1,14,4
dep-175765,2025,2,14,4
dep-175765,2025,3,14,2
dep-175765,2025,4,16,3
dep-175765,2025,5,18,3
dep-175765,2025,6,19,3
dep-175765,2025,7,19,3
dep-175765,2025,8,19,3
dep-175765,2025,9,19,3
dep-175765,2025,10,19,3
dep-175765,2025,11,20,3
dep-175765,2025,12,21,4
dep-175765,2026,1,20,3
dep-175765,2026,2,20,3
dep-175765,2026,3,15,3
dep-175765,2026,4,16,3
dep-175765,2026,5,17,3
dep-175765,2026,6,18,3
dep-175765,2026,7,18,3
dep-175765,2026,8,20,3
dep-175765,2026,9,22,3
dep-175765,2026,10,22,3
dep-178829,2023,2,23,3
dep-178829,2023,3,25,2
dep-178829,2023,4,20,2
dep-178829,2023,5,19,2
dep-178829,2023,6,20,2
dep-178829,2023,7,21,2
dep-178829,2023,8,23,2
dep-178829,2023,9,23,2
dep-178829,2023,10,23,2
dep-178829,2023,11,21,2
dep-178829,2023,12,21,2
dep-178829,2024,1,22,2
dep-178829,2024,2,23,2
dep-178829,2024,3,22,2
dep-178829,2024,4,21,2
dep-178829,2024,5,22,2
dep-178829,2024,6,22,2
dep-178829,2024,7,22,2
dep-178829,2024,8,22,2
dep-178829,2024,9,22,2
dep-178829,2024,10,23,2
dep-178829,2024,11,20,2
dep-178829,2024,12,21,2
dep-178829,2025,1,24,2
dep-178829,2025,2,24,2
dep-178829,2025,3,23,2
dep-178829,2025,4,25,2
dep-178829,2025,5,25,2
dep-178829,2025,6,25,2
dep-178829,2025,7,24,2
dep-178829,2025,8,25,2
dep-178829,2025,9,25,2
dep-178829,2025,10,26,2
dep-178829,2025,11,25,2
dep-178829,2025,12,25,2
dep-178829,2026,1,24,2
dep-178829,2026,2,25,2
dep-178829,2026,3,21,2
dep-178829,2026,4,21,2
dep-178829,2026,5,23,2
dep-178829,2026,6,25,2
dep-178829,2026,7,25,2
dep-178829,2026,8,25,2
dep-178829,2026,9,25,2
dep-178829,2026,10,25,2
dep-178831,2025,8,20,1
dep-178831,2025,9,25,2
dep-178831,2025,10,24,2
dep-178831,2025,11,24,2
dep-178831,2025,12,24,2
dep-178831,2026,1,24,3
dep-178831,2026,2,23,2
dep-178831,2026,3,23,2
dep-178831,2026,4,23,2
dep-178831,2026,5,23,2
dep-178831,2026,6,23,2
dep-178831,2026,7,23,2
dep-178831,2026,8,25,2
dep-178831,2026,9,25,2
dep-178831,2026,10,25,2
dep-178832,2023,2,13,3
dep-178832,2023,11,15,3
dep-178832,2024,12,16,0
dep-178832,2025,11,15,0
dep-178832,2026,4,7,2
dep-178832,2026,5,9,3
dep-178832,2026,6,13,3
dep-178832,2026,7,16,4
dep-178832,2026,8,18,4
dep-178832,2026,9,18,4
dep-178832,2026,10,18,4
dep-178835,2023,2,24,3
dep-178835,2023,3,25,2
dep-178835,2023,4,24,1
dep-178835,2023,5,24,2
dep-178835,2023,6,24,2
dep-178835,2023,7,24,2
dep-178835,2023,8,24,2
dep-178835,2023,9,24,2
dep-178835,2023,10,24,2
dep-178835,2023,11,24,2
dep-178835,2023,12,24,2
dep-178835,2024,1,24,2
dep-178835,2024,2,23,2
dep-178835,2024,3,23,2
dep-178835,2024,4,22,2
dep-178835,2024,5,24,2
dep-178835,2024,6,23,2
dep-178835,2024,7,24,3
dep-178835,2024,8,23,3
dep-178835,2024,9,23,3
dep-178835,2024,10,24,3
dep-178835,2024,11,25,3
dep-178835,2024,12,24,3
dep-178835,2025,1,23,3
dep-178835,2025,2,23,3
dep-178835,2025,3,23,2
dep-178835,2025,4,23,2
dep-178835,2025,5,23,2
dep-178835,2025,6,24,2
dep-178835,2025,7,23,2
dep-178835,2025,8,25,2
dep-178835,2025,9,25,2
dep-178835,2025,10,25,2
dep-178835,2025,11,25,2
dep-178835,2025,12,25,2
dep-178835,2026,1,25,2
dep-178835,2026,2,26,2
dep-178835,2026,3,23,2
dep-178835,2026,4,23,2
dep-178835,2026,5,24,2
dep-178835,2026,6,24,2
dep-178835,2026,7,25,2
dep-178835,2026,8,25,2
dep-178835,2026,9,25,2
dep-178835,2026,10,25,2
dep-178843,2023,2,18,2
dep-178843,2023,3,16,1
dep-178843,2023,4,16,2
dep-178843,2023,5,16,2
dep-178843,2023,6,16,2
dep-178843,2023,7,16,2
dep-178843,2023,8,16,2
dep-178843,2023,9,16,2
dep-178843,2023,10,16,2
dep-178843,2023,11,16,2
dep-178843,2023,12,16,2
dep-178843,2024,1,16,2
dep-178843,2024,2,16,2
dep-178843,2024,3,16,2
dep-178843,2024,4,16,2
dep-178843,2024,5,16,2
dep-178843,2024,6,16,2
dep-178843,2024,7,16,2
dep-178843,2024,8,16,2
dep-178843,2024,9,16,2
dep-178843,2024,10,16,2
dep-178843,2024,11,16,2
dep-178843,2024,12,15,2
dep-178843,2025,1,15,2
dep-178843,2025,2,16,2
dep-178843,2025,3,16,2
dep-178843,2025,4,16,3
dep-178843,2025,5,16,2
dep-178843,2025,6,16,2
dep-178843,2025,7,16,2
dep-178843,2025,8,16,2
dep-178843,2025,9,16,3
dep-178843,2025,10,17,2
dep-178843,2025,11,16,2
dep-178843,2025,12,15,2
dep-178843,2026,1,15,2
dep-178843,2026,2,15,2
dep-178843,2026,3,12,2
dep-178843,2026,4,12,2
dep-178843,2026,5,12,2
dep-178843,2026,6,16,2
dep-178843,2026,7,16,2
dep-178843,2026,8,16,2
dep-178843,2026,9,16,2
dep-178843,2026,10,16,2
dep-178854,2023,2,14,4
dep-178854,2023,3,15,4
dep-178854,2023,4,16,4
dep-178854,2023,5,16,5
dep-178854,2023,6,16,5
dep-178854,2023,7,16,5
dep-178854,2023,8,17,5
dep-178854,2023,9,17,5
dep-178854,2023,10,17,5
dep-178854,2023,11,17,5
dep-178854,2023,12,17,5
dep-178854,2024,1,17,5
dep-178854,2024,2,17,5
dep-178854,2024,3,17,5
dep-178854,2024,4,17,5
dep-178854,2024,5,16,5
dep-178854,2024,6,16,4
dep-178854,2024,7,16,4
dep-178854,2024,8,17,4
dep-178854,2024,9,17,4
dep-178854,2024,10,17,4
dep-178854,2024,11,17,4
dep-178854,2024,12,17,4
dep-178854,2025,1,17,4
dep-178854,2025,2,17,4
dep-178854,2025,3,16,4
dep-178854,2025,4,16,4
dep-178854,2025,5,16,4
dep-178854,2025,6,16,4
dep-178854,2025,7,16,4
dep-178854,2025,8,16,4
dep-178854,2025,9,16,4
dep-178854,2025,10,16,4
dep-178854,2025,11,16,4
dep-178854,2025,12,16,4
dep-178854,2026,1,15,4
dep-178854,2026,2,14,4
dep-178854,2026,3,11,4
dep-178854,2026,4,12,3
dep-178854,2026,5,13,3
dep-178854,2026,6,15,3
dep-178854,2026,7,16,3
dep-178854,2026,8,16,3
dep-178854,2026,9,16,3
dep-178854,2026,10,16,3
dep-178857,2023,2,24,0
dep-178857,2023,3,23,0
dep-178857,2023,4,23,0
dep-178857,2023,5,24,1
dep-178857,2023,6,25,1
dep-178857,2023,7,25,1
dep-178857,2023,8,25,1
dep-178857,2023,9,25,1
dep-178857,2023,10,25,1
dep-178857,2023,11,24,1
dep-178857,2023,12,24,1
dep-178857,2024,1,24,1
dep-178857,2024,2,24,1
dep-178857,2024,3,24,1
dep-178857,2024,4,24,1
dep-178857,2024,5,25,1
dep-178857,2024,6,25,1
dep-178857,2024,7,25,1
dep-178857,2024,8,25,1
dep-178857,2024,9,25,1
dep-178857,2024,10,25,1
dep-178857,2024,11,25,1
dep-178857,2024,12,26,1
dep-178857,2025,1,27,1
dep-178857,2025,2,25,1
dep-178857,2025,3,24,1
dep-178857,2025,4,24,1
dep-178857,2025,5,24,1
dep-178857,2025,6,24,1
dep-178857,2025,7,25,1
dep-178857,2025,8,25,1
dep-178857,2025,9,25,1
dep-178857,2025,10,26,1
dep-178857,2025,11,25,1
dep-178857,2025,12,25,1
dep-178857,2026,1,25,1
dep-178857,2026,2,25,1
dep-178857,2026,3,9,1
dep-178857,2026,4,13,1
dep-178857,2026,5,14,1
dep-178857,2026,6,16,2
dep-178857,2026,7,17,1
dep-178857,2026,8,18,1
dep-178857,2026,9,21,1
dep-178857,2026,10,24,1
dep-178858,2023,2,15,4
dep-178858,2023,3,15,4
dep-178858,2023,4,14,4
dep-178858,2023,5,17,4
dep-178858,2023,6,16,4
dep-178858,2023,7,16,4
dep-178858,2023,8,15,4
dep-178858,2023,9,14,4
dep-178858,2023,10,15,5
dep-178858,2023,11,14,4
dep-178858,2023,12,15,4
dep-178858,2024,1,15,4
dep-178858,2024,2,15,4
dep-178858,2024,3,16,4
dep-178858,2024,4,19,4
dep-178858,2024,5,15,4
dep-178858,2024,6,13,4
dep-178858,2024,7,13,4
dep-178858,2024,8,13,4
dep-178858,2024,9,13,4
dep-178858,2024,10,13,4
dep-178858,2024,11,15,4
dep-178858,2024,12,14,4
dep-178858,2025,1,14,4
dep-178858,2025,2,14,4
dep-178858,2025,3,14,4
dep-178858,2025,4,14,4
dep-178858,2025,5,14,5
dep-178858,2025,6,14,4
dep-178858,2025,7,14,4
dep-178858,2025,8,14,4
dep-178858,2025,9,14,4
dep-178858,2025,10,14,4
dep-178858,2025,11,14,4
dep-178858,2025,12,13,4
dep-178858,2026,1,12,4
dep-178858,2026,2,13,4
dep-178858,2026,3,13,4
dep-178858,2026,4,16,4
dep-178858,2026,5,16,4
dep-178858,2026,6,16,4
dep-178858,2026,7,16,4
dep-178858,2026,8,17,4
dep-178858,2026,9,17,4
dep-178858,2026,10,17,4
dep-178860,2023,2,19,2
dep-178860,2023,3,22,2
dep-178860,2023,4,21,2
dep-178860,2023,5,21,2
dep-178860,2023,6,22,2
dep-178860,2023,7,22,2
dep-178860,2023,8,22,2
dep-178860,2023,9,22,2
dep-178860,2023,10,22,2
dep-178860,2023,11,22,2
dep-178860,2023,12,22,2
dep-178860,2024,1,23,2
dep-178860,2024,2,23,2
dep-178860,2024,3,22,2
dep-178860,2024,4,23,2
dep-178860,2024,5,23,2
dep-178860,2024,6,23,2
dep-178860,2024,7,23,2
dep-178860,2024,8,24,2
dep-178860,2024,9,24,2
dep-178860,2024,10,24,2
dep-178860,2024,11,24,2
dep-178860,2024,12,24,2
dep-178860,2025,1,24,2
dep-178860,2025,2,23,2
dep-178860,2025,3,23,2
dep-178860,2025,4,21,2
dep-178860,2025,5,23,2
dep-178860,2025,6,23,2
dep-178860,2025,7,23,2
dep-178860,2025,8,23,2
dep-178860,2025,9,23,2
dep-178860,2025,10,23,2
dep-178860,2025,11,23,2
dep-178860,2025,12,23,2
dep-178860,2026,1,23,2
dep-178860,2026,2,24,2
dep-178860,2026,3,21,2
dep-178860,2026,4,23,2
dep-178860,2026,5,23,2
dep-178860,2026,6,23,2
dep-178860,2026,7,24,2
dep-178860,2026,8,24,2
dep-178860,2026,9,24,2
dep-178860,2026,10,24,2
dep-178866,2023,2,17,0
dep-178866,2023,3,21,0
dep-178866,2023,4,18,0
dep-178866,2023,5,18,0
dep-178866,2023,6,18,0
dep-178866,2023,7,17,0
dep-178866,2023,8,16,0
dep-178866,2023,9,17,0
dep-178866,2023,10,18,0
dep-178866,2023,11,18,0
dep-178866,2023,12,18,0
dep-178866,2024,1,18,0
dep-178866,2024,2,18,0
dep-178866,2024,3,18,0
dep-178866,2024,4,20,0
dep-178866,2024,5,19,0
dep-178866,2024,6,19,0
dep-178866,2024,7,18,1
dep-178866,2024,8,18,1
dep-178866,2024,9,18,1
dep-178866,2024,10,18,1
dep-178866,2024,11,18,1
dep-178866,2024,12,18,1
dep-178866,2025,1,18,1
dep-178866,2025,2,19,1
dep-178866,2025,3,18,1
dep-178866,2025,4,19,1
dep-178866,2025,5,18,1
dep-178866,2025,6,18,1
dep-178866,2025,7,18,1
dep-178866,2025,8,18,1
dep-178866,2025,9,18,1
dep-178866,2025,10,18,1
dep-178866,2025,11,18,1
dep-178866,2025,12,18,1
dep-178866,2026,1,18,1
dep-178866,2026,2,18,1
dep-178866,2026,3,18,1
dep-178866,2026,4,19,1
dep-178866,2026,5,19,1
dep-178866,2026,6,19,1
dep-178866,2026,7,20,0
dep-178866,2026,8,20,0
dep-178866,2026,9,20,0
dep-178866,2026,10,20,0
dep-178871,2023,2,17,0
dep-178871,2023,3,17,0
dep-178871,2023,4,17,0
dep-178871,2023,5,17,0
dep-178871,2023,6,17,0
dep-178871,2023,7,17,0
dep-178871,2023,8,17,0
dep-178871,2023,9,15,0
dep-178871,2023,10,15,0
dep-178871,2023,11,15,0
dep-178871,2023,12,15,0
dep-178871,2024,1,15,0
dep-178871,2024,2,15,0
dep-178871,2024,3,15,0
dep-178871,2024,4,15,0
dep-178871,2024,5,15,0
dep-178871,2024,6,15,0
dep-178871,2024,7,16,0
dep-178871,2024,8,17,0
dep-178871,2024,9,17,0
dep-178871,2024,10,17,0
dep-178871,2024,11,17,0
dep-178871,2024,12,17,0
dep-178871,2025,1,16,0
dep-178871,2025,2,17,0
dep-178871,2025,3,17,0
dep-178871,2025,4,17,0
dep-178871,2025,5,17,0
dep-178871,2025,6,18,0
dep-178871,2025,7,17,0
dep-178871,2025,8,17,0
dep-178871,2025,9,17,0
dep-178871,2025,10,16,0
dep-178871,2025,11,16,0
dep-178871,2025,12,15,0
dep-178871,2026,1,15,0
dep-178871,2026,2,14,0
dep-178871,2026,3,12,0
dep-178871,2026,4,12,0
dep-178871,2026,5,12,0
dep-178871,2026,6,12,0
dep-178871,2026,7,12,0
dep-178871,2026,8,15,0
dep-178871,2026,9,15,0
dep-178871,2026,10,15,0
dep-178873,2023,2,24,0
dep-178873,2023,3,24,0
dep-178873,2023,4,23,0
dep-178873,2023,5,22,0
dep-178873,2023,6,23,0
dep-178873,2023,7,22,0
dep-178873,2023,8,23,0
dep-178873,2023,9,23,0
dep-178873,2023,10,23,0
dep-178873,2023,11,23,0
dep-178873,2023,12,23,0
dep-178873,2024,1,23,0
dep-178873,2024,2,23,0
dep-178873,2024,3,23,0
dep-178873,2024,4,23,0
dep-178873,2024,5,23,0
dep-178873,2024,6,23,0
dep-178873,2024,7,23,0
dep-178873,2024,8,23,0
dep-178873,2024,9,23,0
dep-178873,2024,10,23,0
dep-178873,2024,11,23,0
dep-178873,2024,12,23,0
dep-178873,2025,1,24,0
dep-178873,2025,2,22,0
dep-178873,2025,3,23,0
dep-178873,2025,4,23,0
dep-178873,2025,5,23,0
dep-178873,2025,6,23,0
dep-178873,2025,7,23,0
dep-178873,2025,8,24,0
dep-178873,2025,9,24,0
dep-178873,2025,10,24,0
dep-178873,2025,11,24,0
dep-178873,2025,12,24,0
dep-178873,2026,1,24,0
dep-178873,2026,2,24,0
dep-178873,2026,3,23,0
dep-178873,2026,4,23,0
dep-178873,2026,5,23,0
dep-178873,2026,6,23,0
dep-178873,2026,7,23,0
dep-178873,2026,8,24,0
dep-178873,2026,9,24,0
dep-178873,2026,10,24,0
dep-178876,2023,2,24,0
dep-178876,2023,3,21,0
dep-178876,2023,4,21,3
dep-178876,2023,5,20,3
dep-178876,2023,6,20,3
dep-178876,2023,7,20,3
dep-178876,2023,8,20,3
dep-178876,2023,9,20,0
dep-178876,2023,10,20,0
dep-178876,2023,11,20,0
dep-178876,2023,12,20,3
dep-178876,2024,1,20,3
dep-178876,2024,2,20,3
dep-178876,2024,3,20,3
dep-178876,2024,4,20,3
dep-178876,2024,5,21,3
dep-178876,2024,6,20,3
dep-178876,2024,7,20,3
dep-178876,2024,8,19,3
dep-178876,2024,9,19,3
dep-178876,2024,10,19,3
dep-178876,2024,11,19,3
dep-178876,2024,12,18,3
dep-178876,2025,1,18,3
dep-178876,2025,2,18,3
dep-178876,2025,3,18,3
dep-178876,2025,4,18,3
dep-178876,2025,5,18,3
dep-178876,2025,6,19,3
dep-178876,2025,7,20,3
dep-178876,2025,8,21,3
dep-178876,2025,9,21,3
dep-178876,2025,10,21,3
dep-178876,2025,11,21,3
dep-178876,2025,12,21,3
dep-178876,2026,1,21,3
dep-178876,2026,2,21,3
dep-178876,2026,3,21,3
dep-178876,2026,4,22,3
dep-178876,2026,5,23,3
dep-178876,2026,6,23,3
dep-178876,2026,7,23,3
dep-178876,2026,8,25,3
dep-178876,2026,9,25,3
dep-178876,2026,10,25,3
dep-178881,2023,2,20,1
dep-178881,2023,3,20,1
dep-178881,2023,4,19,1
dep-178881,2023,5,19,1
dep-178881,2023,6,19,1
dep-178881,2023,7,19,1
dep-178881,2023,8,19,1
dep-178881,2023,9,19,1
dep-178881,2023,10,20,1
dep-178881,2023,11,19,1
dep-178881,2023,12,19,0
dep-178881,2024,1,18,0
dep-178881,2024,2,19,0
dep-178881,2024,3,18,0
dep-178881,2024,4,18,1
dep-178881,2024,5,18,1
dep-178881,2024,6,17,1
dep-178881,2024,7,17,1
dep-178881,2024,8,17,1
dep-178881,2024,9,17,1
dep-178881,2024,10,17,1
dep-178881,2024,11,18,1
dep-178881,2024,12,18,1
dep-178881,2025,1,17,1
dep-178881,2025,2,17,1
dep-178881,2025,3,18,1
dep-178881,2025,4,18,1
dep-178881,2025,5,18,1
dep-178881,2025,6,18,1
dep-178881,2025,7,18,1
dep-178881,2025,8,17,1
dep-178881,2025,9,17,1
dep-178881,2025,10,17,1
dep-178881,2025,11,17,1
dep-178881,2025,12,17,1
dep-178881,2026,1,17,1
dep-178881,2026,2,17,1
dep-178881,2026,3,16,1
dep-178881,2026,4,16,1
dep-178881,2026,5,16,1
dep-178881,2026,6,17,1
dep-178881,2026,7,17,1
dep-178881,2026,8,19,1
dep-178881,2026,9,19,1
dep-178881,2026,10,19,1
dep-178882,2023,2,19,5
dep-178882,2023,3,17,4
dep-178882,2023,4,17,4
dep-178882,2023,5,17,4
dep-178882,2023,6,17,4
dep-178882,2023,7,17,4
dep-178882,2023,8,17,4
dep-178882,2023,9,17,4
dep-178882,2024,12,24,0
dep-178882,2025,2,25,0
dep-178882,2025,10,24,0
dep-178882,2025,11,24,0
dep-178882,2026,3,6,1
dep-178882,2026,4,9,2
dep-178882,2026,5,11,2
dep-178882,2026,6,11,2
dep-178882,2026,7,13,2
dep-178882,2026,8,15,2
dep-178882,2026,9,15,2
dep-178882,2026,10,15,2
dep-178884,2024,5,0,4
dep-178884,2024,6,0,4
dep-178884,2024,7,0,4
dep-178884,2024,8,0,4
dep-178884,2024,9,0,4
dep-178884,2025,1,15,0
dep-178884,2025,2,16,4
dep-178884,2025,3,0,4
dep-178884,2025,4,0,4
dep-178884,2025,5,0,4
dep-178884,2025,6,0,4
dep-178884,2025,7,0,4
dep-178884,2025,8,0,4
dep-178884,2025,9,0,4
dep-178884,2025,10,0,4
dep-178884,2025,11,0,5
dep-178884,2025,12,0,5
dep-178884,2026,1,0,5
dep-178884,2026,2,0,5
dep-178884,2026,3,0,5
dep-178884,2026,4,0,5
dep-178884,2026,5,0,4
dep-178884,2026,6,0,4
dep-178884,2026,7,0,4
dep-178884,2026,9,0,5
dep-178884,2026,10,0,5
dep-178886,2025,2,21,0
dep-178886,2025,4,25,3
dep-178886,2025,5,19,4
dep-178886,2025,6,19,4
dep-178886,2025,7,20,4
dep-178886,2025,8,20,4
dep-178886,2025,9,21,4
dep-178886,2025,10,21,4
dep-178886,2025,11,22,4
dep-178886,2025,12,22,4
dep-178886,2026,1,22,4
dep-178886,2026,2,22,4
dep-178886,2026,3,19,4
dep-178886,2026,4,20,4
dep-178886,2026,5,23,4
dep-178886,2026,6,23,4
dep-178886,2026,7,24,4
dep-178886,2026,8,25,4
dep-178886,2026,9,25,4
dep-178886,2026,10,25,4
dep-178887,2023,2,21,1
dep-178887,2023,3,24,2
dep-178887,2023,4,23,1
dep-178887,2023,5,23,1
dep-178887,2023,6,21,1
dep-178887,2023,7,21,1
dep-178887,2023,8,21,1
dep-178887,2023,9,21,1
dep-178887,2023,10,20,2
dep-178887,2023,11,19,2
dep-178887,2023,12,18,2
dep-178887,2024,1,17,2
dep-178887,2024,2,18,2
dep-178887,2024,3,18,2
dep-178887,2024,4,18,2
dep-178887,2024,5,18,2
dep-178887,2024,6,18,2
dep-178887,2024,7,17,2
dep-178887,2024,8,17,2
dep-178887,2024,9,17,2
dep-178887,2024,10,19,2
dep-178887,2024,11,18,2
dep-178887,2024,12,18,3
dep-178887,2025,1,18,2
dep-178887,2025,2,20,3
dep-178887,2025,3,18,3
dep-178887,2025,4,20,4
dep-178887,2025,5,19,3
dep-178887,2025,6,18,3
dep-178887,2025,7,19,3
dep-178887,2025,8,19,3
dep-178887,2025,9,19,3
dep-178887,2025,10,19,3
dep-178887,2025,11,19,4
dep-178887,2025,12,19,3
dep-178887,2026,1,18,3
dep-178887,2026,2,18,3
dep-178887,2026,3,15,3
dep-178887,2026,4,17,4
dep-178887,2026,5,17,3
dep-178887,2026,6,17,3
dep-178887,2026,7,19,3
dep-178887,2026,8,21,3
dep-178887,2026,9,22,3
dep-178887,2026,10,22,3
dep-178895,2023,2,22,3
dep-178895,2023,3,22,3
dep-178895,2023,4,22,3
dep-178895,2023,5,21,3
dep-178895,2023,6,21,3
dep-178895,2023,7,21,3
dep-178895,2023,8,21,3
dep-178895,2023,9,21,3
dep-178895,2023,10,22,3
dep-178895,2023,11,22,3
dep-178895,2023,12,21,3
dep-178895,2024,1,21,3
dep-178895,2024,2,21,3
dep-178895,2024,3,21,3
dep-178895,2024,4,22,3
dep-178895,2024,5,21,3
dep-178895,2024,6,21,3
dep-178895,2024,7,21,3
dep-178895,2024,8,21,3
dep-178895,2024,9,21,3
dep-178895,2024,10,21,3
dep-178895,2024,11,21,3
dep-178895,2024,12,19,3
dep-178895,2025,1,20,3
dep-178895,2025,2,20,3
dep-178895,2025,3,20,3
dep-178895,2025,4,20,3
dep-178895,2025,5,21,3
dep-178895,2025,6,20,3
dep-178895,2025,7,20,3
dep-178895,2025,8,20,3
dep-178895,2025,9,20,3
dep-178895,2025,10,20,3
dep-178895,2025,11,21,3
dep-178895,2025,12,22,3
dep-178895,2026,1,21,3
dep-178895,2026,2,20,3
dep-178895,2026,3,13,3
dep-178895,2026,4,13,3
dep-178895,2026,5,14,3
dep-178895,2026,6,14,3
dep-178895,2026,7,14,3
dep-178895,2026,8,17,3
dep-178895,2026,9,17,3
dep-178895,2026,10,21,3
dep-178896,2023,2,19,1
dep-178896,2023,3,15,1
dep-178896,2023,4,15,1
dep-178896,2023,5,15,1
dep-178896,2023,6,16,1
dep-178896,2023,7,16,1
dep-178896,2023,8,16,2
dep-178896,2023,9,15,2
dep-178896,2023,10,16,2
dep-178896,2023,11,16,2
dep-178896,2023,12,15,2
dep-178896,2024,1,15,2
dep-178896,2024,2,15,2
dep-178896,2024,3,15,2
dep-178896,2024,4,16,0
dep-178896,2024,5,18,0
dep-178896,2024,6,19,0
dep-178896,2024,7,19,2
dep-178896,2024,8,19,2
dep-178896,2024,9,19,2
dep-178896,2024,10,19,2
dep-178896,2024,11,19,2
dep-178896,2024,12,18,2
dep-178896,2025,1,15,2
dep-178896,2025,2,15,2
dep-178896,2025,3,15,2
dep-178896,2025,4,17,2
dep-178896,2025,5,17,2
dep-178896,2025,6,18,2
dep-178896,2025,7,19,2
dep-178896,2025,8,20,2
dep-178896,2025,9,20,2
dep-178896,2025,10,20,2
dep-178896,2025,11,20,2
dep-178896,2025,12,20,2
dep-178896,2026,1,20,2
dep-178896,2026,2,19,2
dep-178896,2026,3,19,2
dep-178896,2026,4,19,2
dep-178896,2026,5,19,2
dep-178896,2026,6,20,2
dep-178896,2026,7,21,2
dep-178896,2026,8,22,2
dep-178896,2026,9,22,2
dep-178896,2026,10,22,2
dep-178905,2023,2,7,0
dep-178905,2023,3,9,0
dep-178905,2023,4,11,0
dep-178905,2023,5,13,0
dep-178905,2023,6,14,0
dep-178905,2023,7,14,0
dep-178905,2023,12,15,0
dep-178905,2024,12,14,0
dep-178905,2025,9,16,0
dep-178905,2025,11,16,0
dep-178905,2026,4,10,1
dep-178905,2026,5,14,1
dep-178905,2026,6,15,1
dep-178905,2026,7,16,1
dep-178905,2026,8,16,1
dep-178905,2026,9,18,1
dep-178905,2026,10,18,1
dep-178908,2023,2,22,2
dep-178908,2023,3,19,3
dep-178908,2023,4,19,3
dep-178908,2023,5,19,3
dep-178908,2023,6,19,3
dep-178908,2023,7,18,3
dep-178908,2023,8,18,3
dep-178908,2023,9,19,3
dep-178908,2023,10,20,3
dep-178908,2023,11,19,3
dep-178908,2023,12,19,3
dep-178908,2024,1,19,3
dep-178908,2024,2,19,3
dep-178908,2024,3,19,3
dep-178908,2024,4,20,3
dep-178908,2024,5,19,3
dep-178908,2024,6,19,3
dep-178908,2024,7,19,3
dep-178908,2024,8,20,3
dep-178908,2024,9,20,3
dep-178908,2024,10,19,3
dep-178908,2024,11,19,3
dep-178908,2024,12,19,3
dep-178908,2025,1,19,3
dep-178908,2025,2,19,3
dep-178908,2025,3,19,3
dep-178908,2025,4,19,3
dep-178908,2025,5,19,3
dep-178908,2025,6,20,3
dep-178908,2025,7,19,3
dep-178908,2025,8,19,3
dep-178908,2025,9,19,3
dep-178908,2025,10,19,4
dep-178908,2025,11,19,3
dep-178908,2025,12,20,3
dep-178908,2026,1,19,3
dep-178908,2026,2,20,4
dep-178908,2026,3,18,3
dep-178908,2026,4,19,3
dep-178908,2026,5,20,3
dep-178908,2026,6,20,3
dep-178908,2026,7,20,3
dep-178908,2026,8,20,3
dep-178908,2026,9,20,3
dep-178908,2026,10,20,3
dep-178909,2023,7,1,1
dep-178909,2023,8,16,1
dep-178909,2023,9,17,1
dep-178909,2023,10,20,1
dep-178909,2023,11,20,1
dep-178909,2023,12,19,1
dep-178909,2024,1,19,1
dep-178909,2024,2,21,1
dep-178909,2024,3,24,2
dep-178909,2024,4,24,2
dep-178909,2024,5,26,2
dep-178909,2024,6,25,2
dep-178909,2024,7,23,2
dep-178909,2024,8,23,2
dep-178909,2024,9,23,2
dep-178909,2024,10,23,2
dep-178909,2024,11,23,2
dep-178909,2024,12,23,2
dep-178910,2023,2,17,2
dep-178910,2023,3,18,3
dep-178910,2023,4,16,3
dep-178910,2023,5,16,3
dep-178910,2023,6,16,3
dep-178910,2023,7,16,3
dep-178910,2023,8,16,3
dep-178910,2023,9,16,3
dep-178910,2023,10,16,3
dep-178910,2023,11,16,3
dep-178910,2023,12,16,3
dep-178910,2024,1,16,3
dep-178910,2024,2,16,3
dep-178910,2024,3,16,3
dep-178910,2024,4,16,3
dep-178910,2024,5,16,3
dep-178910,2024,6,16,3
dep-178910,2024,7,16,3
dep-178910,2024,8,15,3
dep-178910,2024,9,15,3
dep-178910,2024,10,14,3
dep-178910,2024,11,15,3
dep-178910,2024,12,15,3
dep-178910,2025,1,13,3
dep-178910,2025,2,12,3
dep-178910,2025,3,12,3
dep-178910,2025,4,10,4
dep-178910,2025,5,10,4
dep-178910,2025,6,10,3
dep-178910,2025,7,10,3
dep-178910,2025,8,10,3
dep-178910,2025,9,10,3
dep-178910,2025,10,11,3
dep-178910,2025,11,12,3
dep-178910,2025,12,11,3
dep-178910,2026,1,11,3
dep-178910,2026,2,14,3
dep-178910,2026,3,13,3
dep-178910,2026,4,13,3
dep-178910,2026,5,16,4
dep-178910,2026,6,18,4
dep-178910,2026,7,18,4
dep-178910,2026,8,18,4
dep-178910,2026,9,18,4
dep-178910,2026,10,18,4
dep-178927,2023,2,21,4
dep-178927,2023,3,21,4
dep-178927,2023,4,21,4
dep-178927,2023,5,21,4
dep-178927,2023,6,20,4
dep-178927,2023,7,20,4
dep-178927,2023,8,19,4
dep-178927,2023,9,19,4
dep-178927,2023,10,19,4
dep-178927,2023,11,19,4
dep-178927,2023,12,20,4
dep-178927,2024,1,20,4
dep-178927,2024,2,20,4
dep-178927,2024,3,20,4
dep-178927,2024,4,21,4
dep-178927,2024,5,21,4
dep-178927,2024,6,21,4
dep-178927,2024,7,22,4
dep-178927,2024,8,20,4
dep-178927,2024,9,20,4
dep-178927,2024,10,21,4
dep-178927,2024,11,21,4
dep-178927,2024,12,21,4
dep-178927,2025,1,18,4
dep-178927,2025,2,18,4
dep-178927,2025,3,20,4
dep-178927,2025,4,20,4
dep-178927,2025,5,20,4
dep-178927,2025,6,20,4
dep-178927,2025,7,20,4
dep-178927,2025,8,20,4
dep-178927,2025,9,21,4
dep-178927,2025,10,21,4
dep-178927,2025,11,21,4
dep-178927,2025,12,21,4
dep-178927,2026,1,21,4
dep-178927,2026,2,21,4
dep-178927,2026,3,19,4
dep-178927,2026,4,19,4
dep-178927,2026,5,21,4
dep-178927,2026,6,21,4
dep-178927,2026,7,21,3
dep-178927,2026,8,21,3
dep-178927,2026,9,21,3
dep-178927,2026,10,21,3
dep-178929,2023,2,18,1
dep-178929,2023,3,18,1
dep-178929,2023,4,18,1
dep-178929,2023,5,18,1
dep-178929,2023,6,18,1
dep-178929,2023,7,18,1
dep-178929,2023,8,18,2
dep-178929,2023,9,17,1
dep-178929,2023,10,17,2
dep-178929,2023,11,16,2
dep-178929,2023,12,15,2
dep-178929,2024,1,15,2
dep-178929,2024,2,16,2
dep-178929,2024,3,16,2
dep-178929,2024,4,16,1
dep-178929,2024,5,17,2
dep-178929,2024,6,16,2
dep-178929,2024,7,16,2
dep-178929,2024,8,14,2
dep-178929,2024,9,13,2
dep-178929,2024,10,15,2
dep-178929,2024,11,14,2
dep-178929,2024,12,14,2
dep-178929,2025,1,13,2
dep-178929,2025,2,13,2
dep-178929,2025,3,13,1
dep-178929,2025,4,12,2
dep-178929,2025,5,12,2
dep-178929,2025,6,11,2
dep-178929,2025,7,11,2
dep-178929,2025,8,11,2
dep-178929,2025,9,11,2
dep-178929,2025,10,11,2
dep-178929,2025,11,11,2
dep-178929,2025,12,12,2
dep-178929,2026,1,12,2
dep-178929,2026,2,12,2
dep-178929,2026,3,10,2
dep-178929,2026,4,10,2
dep-178929,2026,5,10,2
dep-178929,2026,6,10,2
dep-178929,2026,7,11,2
dep-178929,2026,8,15,2
dep-178929,2026,9,19,2
dep-178929,2026,10,19,2
dep-178931,2023,2,20,2
dep-178931,2023,3,18,2
dep-178931,2023,4,18,2
dep-178931,2023,5,17,3
dep-178931,2023,6,18,3
dep-178931,2023,7,19,3
dep-178931,2023,8,19,3
dep-178931,2023,9,20,3
dep-178931,2023,10,21,3
dep-178931,2023,11,21,3
dep-178931,2023,12,22,3
dep-178931,2024,1,22,3
dep-178931,2024,2,22,3
dep-178931,2024,3,22,3
dep-178931,2024,4,22,3
dep-178931,2024,5,22,3
dep-178931,2024,6,21,3
dep-178931,2024,7,22,3
dep-178931,2024,8,21,3
dep-178931,2024,9,21,3
dep-178931,2024,10,21,3
dep-178931,2024,11,21,3
dep-178931,2024,12,21,3
dep-178931,2025,1,21,3
dep-178931,2025,2,20,3
dep-178931,2025,3,21,3
dep-178931,2025,4,20,3
dep-178931,2025,5,23,3
dep-178931,2025,6,23,3
dep-178931,2025,7,24,3
dep-178931,2025,8,25,3
dep-178931,2025,9,24,3
dep-178931,2025,10,24,3
dep-178931,2025,11,25,3
dep-178931,2025,12,25,3
dep-178931,2026,1,25,3
dep-178931,2026,2,25,3
dep-178931,2026,3,23,3
dep-178931,2026,4,23,3
dep-178931,2026,5,24,3
dep-178931,2026,6,25,3
dep-178931,2026,7,25,3
dep-178931,2026,8,25,3
dep-178931,2026,9,25,3
dep-178931,2026,10,25,3
dep-178933,2023,2,10,2
dep-178933,2023,3,10,2
dep-178933,2023,4,10,2
dep-178933,2023,5,10,2
dep-178933,2023,6,10,2
dep-178933,2023,7,9,2
dep-178933,2023,8,10,2
dep-178933,2023,9,9,2
dep-178933,2023,10,10,2
dep-178933,2023,11,10,2
dep-178933,2023,12,10,2
dep-178933,2024,1,10,2
dep-178933,2024,2,10,2
dep-178933,2024,3,10,2
dep-178933,2024,4,10,2
dep-178933,2024,5,10,2
dep-178933,2024,6,8,2
dep-178933,2024,7,7,2
dep-178933,2024,8,8,2
dep-178933,2024,9,8,2
dep-178933,2024,10,9,2
dep-178933,2024,11,9,2
dep-178933,2024,12,9,2
dep-178933,2025,1,9,2
dep-178933,2025,2,9,4
dep-178933,2025,3,9,3
dep-178933,2025,4,10,3
dep-178933,2025,5,12,3
dep-178933,2025,6,13,3
dep-178933,2025,7,13,3
dep-178933,2025,8,13,3
dep-178933,2025,9,13,2
dep-178933,2025,10,13,2
dep-178933,2025,11,13,2
dep-178933,2025,12,13,2
dep-178933,2026,1,13,2
dep-178933,2026,2,13,2
dep-178933,2026,3,7,2
dep-178933,2026,4,9,2
dep-178933,2026,5,10,2
dep-178933,2026,6,11,2
dep-178933,2026,7,12,2
dep-178933,2026,8,13,2
dep-178933,2026,9,13,2
dep-178933,2026,10,13,2
dep-178934,2023,2,22,0
dep-178934,2023,3,20,2
dep-178934,2023,4,21,2
dep-178934,2023,5,23,2
dep-178934,2023,6,24,2
dep-178934,2023,7,23,2
dep-178934,2023,8,23,3
dep-178934,2023,9,24,3
dep-178934,2023,10,26,3
dep-178934,2023,11,25,3
dep-178934,2023,12,25,3
dep-178934,2024,1,25,3
dep-178934,2024,2,25,3
dep-178934,2024,3,25,3
dep-178934,2024,4,26,3
dep-178934,2024,5,24,3
dep-178934,2024,6,24,3
dep-178934,2024,7,25,3
dep-178934,2024,8,24,3
dep-178934,2024,9,24,3
dep-178934,2024,10,24,3
dep-178934,2024,11,24,3
dep-178934,2024,12,24,3
dep-178934,2025,1,24,3
dep-178934,2025,2,25,3
dep-178934,2025,3,25,3
dep-178934,2025,4,26,3
dep-178934,2025,5,25,3
dep-178934,2025,6,25,3
dep-178934,2025,7,27,3
dep-178934,2025,8,25,3
dep-178934,2025,9,25,3
dep-178934,2025,10,25,3
dep-178934,2025,11,25,3
dep-178934,2025,12,25,3
dep-178934,2026,1,25,3
dep-178934,2026,2,25,3
dep-178934,2026,3,21,3
dep-178934,2026,4,22,3
dep-178934,2026,5,22,3
dep-178934,2026,6,22,3
dep-178934,2026,7,22,3
dep-178934,2026,8,23,3
dep-178934,2026,9,23,3
dep-178934,2026,10,24,3
dep-178937,2023,2,17,3
dep-178937,2023,3,17,3
dep-178937,2023,4,17,2
dep-178937,2023,5,18,2
dep-178937,2023,6,16,2
dep-178937,2023,7,16,2
dep-178937,2023,8,15,2
dep-178937,2023,9,16,2
dep-178937,2023,10,17,2
dep-178937,2023,11,17,2
dep-178937,2023,12,17,2
dep-178937,2024,1,17,2
dep-178937,2024,2,17,2
dep-178937,2024,3,18,2
dep-178937,2024,4,17,2
dep-178937,2024,5,17,2
dep-178937,2024,6,17,2
dep-178937,2024,7,17,2
dep-178937,2024,8,16,2
dep-178937,2024,9,16,2
dep-178937,2024,10,16,2
dep-178937,2024,11,17,2
dep-178937,2024,12,16,2
dep-178937,2025,1,16,2
dep-178937,2025,2,17,2
dep-178937,2025,3,16,1
dep-178937,2025,4,16,1
dep-178937,2025,5,16,1
dep-178937,2025,6,16,1
dep-178937,2025,7,16,1
dep-178937,2025,8,16,1
dep-178937,2025,9,16,1
dep-178937,2025,10,15,1
dep-178937,2025,11,15,1
dep-178937,2025,12,15,1
dep-178937,2026,1,15,1
dep-178937,2026,2,15,1
dep-178937,2026,3,14,1
dep-178937,2026,4,14,1
dep-178937,2026,5,15,1
dep-178937,2026,6,15,1
dep-178937,2026,7,16,1
dep-178937,2026,8,16,1
dep-178937,2026,9,16,2
dep-178937,2026,10,16,2
dep-178943,2023,2,13,1
dep-178943,2023,3,14,1
dep-178943,2023,4,15,1
dep-178943,2023,5,18,2
dep-178943,2023,6,21,2
dep-178943,2023,7,21,2
dep-178943,2023,8,20,3
dep-178943,2023,9,20,2
dep-178943,2023,10,17,2
dep-178943,2023,11,17,2
dep-178943,2023,12,17,2
dep-178943,2024,1,19,2
dep-178943,2024,2,19,2
dep-178943,2024,3,19,2
dep-178943,2024,4,21,2
dep-178943,2024,5,22,2
dep-178943,2024,6,23,2
dep-178943,2024,7,23,2
dep-178943,2024,8,23,2
dep-178943,2024,9,23,2
dep-178943,2024,10,23,2
dep-178943,2024,11,16,2
dep-178943,2024,12,23,2
dep-178943,2025,1,23,2
dep-178943,2025,2,23,2
dep-178943,2025,3,25,2
dep-178943,2025,4,24,2
dep-178943,2025,5,24,2
dep-178943,2025,6,24,2
dep-178943,2025,7,24,2
dep-178943,2025,8,24,2
dep-178943,2025,9,24,2
dep-178943,2025,10,24,2
dep-178943,2025,11,24,2
dep-178943,2025,12,24,2
dep-178943,2026,1,24,2
dep-178943,2026,2,25,2
dep-178943,2026,3,23,2
dep-178943,2026,4,23,2
dep-178943,2026,5,23,2
dep-178943,2026,6,23,2
dep-178943,2026,7,23,2
dep-178943,2026,8,23,2
dep-178943,2026,9,25,2
dep-178943,2026,10,25,2
dep-178945,2023,2,20,4
dep-178945,2023,11,21,2
dep-178945,2024,12,20,2
dep-178945,2025,11,20,1
dep-178945,2026,3,18,2
dep-178945,2026,4,18,2
dep-178945,2026,5,21,2
dep-178945,2026,6,21,2
dep-178945,2026,7,22,2
dep-178945,2026,8,22,2
dep-178945,2026,9,22,2
dep-178945,2026,10,22,2
dep-178946,2023,2,17,2
dep-178946,2023,3,18,1
dep-178946,2023,4,18,1
dep-178946,2023,5,17,2
dep-178946,2023,6,17,3
dep-178946,2023,7,16,4
dep-178946,2023,8,16,3
dep-178946,2023,9,16,3
dep-178946,2023,10,17,3
dep-178946,2023,11,17,3
dep-178946,2023,12,17,3
dep-178946,2024,1,17,3
dep-178946,2024,2,17,4
dep-178946,2024,3,17,4
dep-178946,2024,4,16,4
dep-178946,2024,5,16,4
dep-178946,2024,6,16,4
dep-178946,2024,7,17,4
dep-178946,2024,8,17,4
dep-178946,2024,9,17,3
dep-178946,2024,10,17,3
dep-178946,2024,11,17,3
dep-178946,2024,12,18,4
dep-178946,2025,1,18,4
dep-178946,2025,2,18,4
dep-178946,2025,3,17,3
dep-178946,2025,4,17,4
dep-178946,2025,5,15,4
dep-178946,2025,6,16,4
dep-178946,2025,7,16,3
dep-178946,2025,8,17,4
dep-178946,2025,9,17,4
dep-178946,2025,10,17,3
dep-178946,2025,11,18,4
dep-178946,2025,12,17,3
dep-178946,2026,1,17,3
dep-178946,2026,2,17,3
dep-178946,2026,3,13,3
dep-178946,2026,4,14,3
dep-178946,2026,5,14,3
dep-178946,2026,6,14,3
dep-178946,2026,7,16,3
dep-178946,2026,8,16,3
dep-178946,2026,9,16,3
dep-178946,2026,10,16,3
dep-178947,2023,2,21,1
dep-178947,2023,3,25,2
dep-178947,2023,4,24,1
dep-178947,2023,5,25,1
dep-178947,2023,6,25,1
dep-178947,2023,7,25,1
dep-178947,2023,8,25,1
dep-178947,2023,9,25,1
dep-178947,2023,10,24,1
dep-178947,2023,11,24,1
dep-178947,2023,12,24,1
dep-178947,2024,1,24,1
dep-178947,2024,2,24,1
dep-178947,2024,3,24,1
dep-178947,2024,4,25,1
dep-178947,2024,5,25,1
dep-178947,2024,6,26,1
dep-178947,2024,7,25,1
dep-178947,2024,8,24,1
dep-178947,2024,9,24,1
dep-178947,2024,10,25,1
dep-178947,2024,11,25,1
dep-178947,2024,12,25,1
dep-178947,2025,1,25,1
dep-178947,2025,2,24,1
dep-178947,2025,3,25,1
dep-178947,2025,4,25,1
dep-178947,2025,5,25,1
dep-178947,2025,6,24,1
dep-178947,2025,7,24,1
dep-178947,2025,8,24,1
dep-178947,2025,9,24,1
dep-178947,2025,10,25,1
dep-178947,2025,11,25,1
dep-178947,2025,12,25,1
dep-178947,2026,1,25,1
dep-178947,2026,2,25,1
dep-178947,2026,3,20,1
dep-178947,2026,4,22,1
dep-178947,2026,5,23,1
dep-178947,2026,6,24,1
dep-178947,2026,7,24,1
dep-178947,2026,8,24,1
dep-178947,2026,9,24,3
dep-178947,2026,10,25,3
dep-178954,2023,2,19,4
dep-178954,2023,3,22,4
dep-178954,2023,4,21,4
dep-178954,2023,5,21,4
dep-178954,2023,6,20,4
dep-178954,2023,7,20,4
dep-178954,2023,8,21,4
dep-178954,2023,9,21,4
dep-178954,2023,10,21,4
dep-178954,2023,11,19,4
dep-178954,2023,12,18,4
dep-178954,2024,1,17,4
dep-178954,2024,2,17,4
dep-178954,2024,3,17,5
dep-178954,2024,4,17,6
dep-178954,2024,5,17,5
dep-178954,2024,6,17,5
dep-178954,2024,7,18,5
dep-178954,2024,8,17,5
dep-178954,2024,9,17,5
dep-178954,2024,10,17,5
dep-178954,2024,11,17,5
dep-178954,2024,12,17,5
dep-178954,2025,1,17,5
dep-178954,2025,2,18,6
dep-178954,2025,3,18,4
dep-178954,2025,4,18,4
dep-178954,2025,5,18,4
dep-178954,2025,6,19,4
dep-178954,2025,7,19,4
dep-178954,2025,8,19,4
dep-178954,2025,9,19,4
dep-178954,2025,10,19,4
dep-178954,2025,11,19,4
dep-178954,2025,12,20,4
dep-178954,2026,1,19,4
dep-178954,2026,2,19,4
dep-178954,2026,3,16,4
dep-178954,2026,4,16,4
dep-178954,2026,5,16,4
dep-178954,2026,6,16,4
dep-178954,2026,7,17,4
dep-178954,2026,8,18,4
dep-178954,2026,9,18,4
dep-178954,2026,10,18,4
dep-178962,2023,2,22,2
dep-178962,2023,3,22,2
dep-178962,2023,4,23,2
dep-178962,2023,5,23,2
dep-178962,2023,6,23,2
dep-178962,2023,7,23,2
dep-178962,2023,8,23,2
dep-178962,2023,9,23,2
dep-178962,2023,10,23,2
dep-178962,2023,11,23,2
dep-178962,2023,12,23,2
dep-178962,2024,12,25,2
dep-178962,2025,11,24,2
dep-178962,2026,2,17,2
dep-178962,2026,3,17,2
dep-178962,2026,4,19,2
dep-178962,2026,5,20,2
dep-178962,2026,6,20,2
dep-178962,2026,7,20,2
dep-178962,2026,8,22,2
dep-178962,2026,9,22,2
dep-178962,2026,10,22,2
dep-178963,2023,2,23,2
dep-178963,2023,3,24,1
dep-178963,2023,4,26,2
dep-178963,2023,5,25,2
dep-178963,2023,6,24,2
dep-178963,2023,7,24,2
dep-178963,2023,8,24,2
dep-178963,2023,9,24,2
dep-178963,2023,10,23,2
dep-178963,2023,11,23,2
dep-178963,2023,12,23,2
dep-178963,2024,1,23,2
dep-178963,2024,2,20,2
dep-178963,2024,3,21,2
dep-178963,2024,4,23,2
dep-178963,2024,5,23,2
dep-178963,2024,6,22,2
dep-178963,2024,7,25,2
dep-178963,2024,8,20,2
dep-178963,2024,9,21,2
dep-178963,2024,10,20,2
dep-178963,2024,11,20,2
dep-178963,2024,12,20,2
dep-178963,2025,1,19,2
dep-178963,2025,2,21,2
dep-178963,2025,3,19,2
dep-178963,2025,4,20,2
dep-178963,2025,5,21,2
dep-178963,2025,6,23,2
dep-178963,2025,7,23,2
dep-178963,2025,8,22,2
dep-178963,2025,9,22,2
dep-178963,2025,10,22,2
dep-178963,2025,11,23,2
dep-178963,2025,12,22,2
dep-178963,2026,1,22,2
dep-178963,2026,2,22,2
dep-178963,2026,3,10,2
dep-178963,2026,4,11,2
dep-178963,2026,5,11,0
dep-178963,2026,6,15,0
dep-178963,2026,7,16,0
dep-178963,2026,8,16,2
dep-178963,2026,9,17,2
dep-178963,2026,10,17,2
dep-178964,2023,2,18,2
dep-178964,2023,3,18,2
dep-178964,2023,4,17,2
dep-178964,2023,5,17,2
dep-178964,2023,6,17,2
dep-178964,2023,7,19,2
dep-178964,2023,8,19,2
dep-178964,2023,9,19,2
dep-178964,2023,10,19,2
dep-178964,2023,11,19,2
dep-178964,2023,12,19,2
dep-178964,2024,1,19,2
dep-178964,2024,2,19,2
dep-178964,2024,3,20,2
dep-178964,2024,4,21,2
dep-178964,2024,5,21,2
dep-178964,2024,6,21,2
dep-178964,2024,7,20,2
dep-178964,2024,8,19,2
dep-178964,2024,9,19,2
dep-178964,2024,10,19,2
dep-178964,2024,11,20,2
dep-178964,2024,12,19,2
dep-178964,2025,1,20,2
dep-178964,2025,2,20,2
dep-178964,2025,3,21,2
dep-178964,2025,4,21,2
dep-178964,2025,5,21,3
dep-178964,2025,6,21,3
dep-178964,2025,7,21,3
dep-178964,2025,8,21,3
dep-178964,2025,9,21,3
dep-178964,2025,10,20,3
dep-178964,2025,11,21,3
dep-178964,2025,12,20,3
dep-178964,2026,1,20,3
dep-178964,2026,2,20,3
dep-178964,2026,3,18,3
dep-178964,2026,4,21,3
dep-178964,2026,5,22,3
dep-178964,2026,6,22,3
dep-178964,2026,7,23,3
dep-178964,2026,8,24,3
dep-178964,2026,9,24,3
dep-178964,2026,10,24,3
dep-178966,2023,2,23,1
dep-178966,2023,3,24,1
dep-178966,2023,4,24,2
dep-178966,2023,5,23,4
dep-178966,2023,6,24,3
dep-178966,2023,7,24,3
dep-178966,2023,8,24,4
dep-178966,2023,9,24,3
dep-178966,2023,10,26,3
dep-178966,2023,11,24,3
dep-178966,2023,12,24,3
dep-178966,2024,1,24,3
dep-178966,2024,2,23,3
dep-178966,2024,3,24,3
dep-178966,2024,4,23,3
dep-178966,2024,5,23,2
dep-178966,2024,6,23,2
dep-178966,2025,1,14,3
dep-178966,2025,2,17,3
dep-178966,2025,3,18,1
dep-178966,2025,4,20,1
dep-178966,2025,5,19,2
dep-178966,2025,6,18,2
dep-178966,2025,7,18,2
dep-178966,2025,8,18,2
dep-178966,2025,9,17,2
dep-178966,2025,10,17,2
dep-178966,2025,11,17,2
dep-178966,2025,12,16,2
dep-178966,2026,1,16,2
dep-178966,2026,2,15,2
dep-178966,2026,3,12,2
dep-178966,2026,4,12,2
dep-178966,2026,5,16,2
dep-178966,2026,6,19,2
dep-178966,2026,7,20,2
dep-178966,2026,8,20,2
dep-178966,2026,9,20,2
dep-178966,2026,10,23,2
dep-178970,2023,2,25,3
dep-178970,2023,3,26,0
dep-178970,2023,4,26,0
dep-178970,2023,5,26,1
dep-178970,2023,6,23,1
dep-178970,2023,7,24,1
dep-178970,2023,8,25,1
dep-178970,2023,9,24,1
dep-178970,2023,10,24,1
dep-178970,2023,11,24,1
dep-178970,2023,12,24,1
dep-178970,2024,1,24,1
dep-178970,2024,2,24,1
dep-178970,2024,3,24,1
dep-178970,2024,4,24,1
dep-178970,2024,5,24,1
dep-178970,2024,6,24,1
dep-178970,2024,7,24,1
dep-178970,2024,8,24,1
dep-178970,2024,9,24,1
dep-178970,2024,10,25,1
dep-178970,2024,11,24,1
dep-178970,2024,12,24,1
dep-178970,2025,1,24,1
dep-178970,2025,2,24,1
dep-178970,2025,3,25,1
dep-178970,2025,4,24,1
dep-178970,2025,5,24,1
dep-178970,2025,6,25,1
dep-178970,2025,7,24,1
dep-178970,2025,8,24,1
dep-178970,2025,9,24,1
dep-178970,2025,10,24,1
dep-178970,2025,11,24,1
dep-178970,2025,12,24,1
dep-178970,2026,1,24,1
dep-178970,2026,2,24,1
dep-178970,2026,3,9,1
dep-178970,2026,4,9,1
dep-178970,2026,5,9,1
dep-178970,2026,6,9,1
dep-178970,2026,7,25,1
dep-178970,2026,8,25,1
dep-178970,2026,9,25,1
dep-178970,2026,10,25,1
dep-178972,2023,2,19,1
dep-178972,2023,3,20,1
dep-178972,2023,4,14,1
dep-178972,2023,5,14,3
dep-178972,2023,6,16,3
dep-178972,2023,7,16,3
dep-178972,2023,8,16,3
dep-178972,2023,9,16,3
dep-178972,2023,10,17,3
dep-178972,2023,11,17,3
dep-178972,2023,12,16,3
dep-178972,2024,1,16,3
dep-178972,2024,2,16,3
dep-178972,2024,3,16,3
dep-178972,2024,4,16,3
dep-178972,2024,5,16,4
dep-178972,2024,6,15,4
dep-178972,2024,7,13,4
dep-178972,2024,8,13,4
dep-178972,2024,9,13,5
dep-178972,2024,10,12,6
dep-178972,2024,11,13,5
dep-178972,2024,12,14,5
dep-178972,2025,1,12,4
dep-178972,2025,2,14,4
dep-178972,2025,3,14,5
dep-178972,2025,4,14,5
dep-178972,2025,5,15,5
dep-178972,2025,6,15,5
dep-178972,2025,7,15,6
dep-178972,2025,8,18,5
dep-178972,2025,9,19,4
dep-178972,2025,10,19,4
dep-178972,2025,11,19,4
dep-178972,2025,12,20,4
dep-178972,2026,1,15,4
dep-178972,2026,2,17,4
dep-178972,2026,3,7,4
dep-178972,2026,4,9,4
dep-178972,2026,5,12,4
dep-178972,2026,6,14,3
dep-178972,2026,7,15,3
dep-178972,2026,8,18,3
dep-178972,2026,9,18,3
dep-178972,2026,10,18,3
dep-178975,2023,2,15,2
dep-178975,2023,3,13,2
dep-178975,2023,4,15,2
dep-178975,2023,5,15,2
dep-178975,2023,6,14,2
dep-178975,2023,7,14,2
dep-178975,2023,8,14,2
dep-178975,2023,9,14,2
dep-178975,2023,10,14,2
dep-178975,2023,11,14,2
dep-178975,2023,12,14,2
dep-178975,2024,1,15,2
dep-178975,2024,2,15,2
dep-178975,2024,3,15,2
dep-178975,2024,4,14,2
dep-178975,2024,5,13,2
dep-178975,2024,6,13,2
dep-178975,2024,7,11,2
dep-178975,2024,8,11,2
dep-178975,2024,9,11,2
dep-178975,2024,10,11,2
dep-178975,2024,11,11,2
dep-178975,2024,12,11,2
dep-178975,2025,1,11,2
dep-178975,2025,2,9,2
dep-178975,2025,3,10,2
dep-178975,2025,4,12,2
dep-178975,2025,5,11,2
dep-178975,2025,6,11,2
dep-178975,2025,7,10,2
dep-178975,2025,8,10,2
dep-178975,2025,9,10,2
dep-178975,2025,10,12,2
dep-178975,2025,11,13,2
dep-178975,2025,12,14,2
dep-178975,2026,1,12,2
dep-178975,2026,2,14,2
dep-178975,2026,3,11,2
dep-178975,2026,4,11,2
dep-178975,2026,5,12,2
dep-178975,2026,6,12,2
dep-178975,2026,7,14,3
dep-178975,2026,8,14,2
dep-178975,2026,9,14,2
dep-178975,2026,10,14,2
dep-178983,2023,2,16,1
dep-178983,2023,3,18,1
dep-178983,2023,4,18,1
dep-178983,2023,5,16,2
dep-178983,2023,6,15,2
dep-178983,2023,7,16,2
dep-178983,2023,8,18,3
dep-178983,2023,9,21,2
dep-178983,2023,10,21,2
dep-178983,2023,11,21,2
dep-178983,2023,12,21,2
dep-178983,2024,1,21,2
dep-178983,2024,2,21,2
dep-178983,2024,3,21,2
dep-178983,2024,4,23,2
dep-178983,2024,5,20,2
dep-178983,2024,6,20,2
dep-178983,2024,7,14,2
dep-178983,2024,8,16,2
dep-178983,2024,9,17,2
dep-178983,2024,10,19,2
dep-178983,2024,11,19,2
dep-178983,2024,12,19,2
dep-178983,2025,1,16,2
dep-178983,2025,2,15,2
dep-178983,2025,3,17,2
dep-178983,2025,4,17,2
dep-178983,2025,5,17,3
dep-178983,2025,6,17,3
dep-178983,2025,7,18,3
dep-178983,2025,8,17,3
dep-178983,2025,9,18,3
dep-178983,2025,10,17,3
dep-178983,2025,11,17,3
dep-178983,2025,12,16,3
dep-178983,2026,1,16,3
dep-178983,2026,2,16,3
dep-178983,2026,3,15,3
dep-178983,2026,4,17,3
dep-178983,2026,5,17,3
dep-178983,2026,6,17,3
dep-178983,2026,7,17,3
dep-178983,2026,8,18,3
dep-178983,2026,9,19,3
dep-178983,2026,10,19,3
dep-178985,2023,2,21,5
dep-178985,2023,3,21,4
dep-178985,2023,4,22,5
dep-178985,2023,5,20,5
dep-178985,2023,6,21,5
dep-178985,2023,7,19,6
dep-178985,2023,8,19,6
dep-178985,2023,9,19,6
dep-178985,2023,10,19,6
dep-178985,2023,11,19,6
dep-178985,2023,12,19,6
dep-178985,2024,1,19,7
dep-178985,2024,2,19,7
dep-178985,2024,3,20,7
dep-178985,2024,4,18,7
dep-178985,2024,5,18,7
dep-178985,2024,6,18,7
dep-178985,2024,7,18,7
dep-178985,2024,8,19,6
dep-178985,2024,9,19,7
dep-178985,2024,10,19,7
dep-178985,2024,11,18,7
dep-178985,2024,12,18,7
dep-178985,2025,1,18,7
dep-178985,2025,2,18,7
dep-178985,2025,3,18,5
dep-178985,2025,4,18,5
dep-178985,2025,5,18,6
dep-178985,2025,6,18,6
dep-178985,2025,7,18,6
dep-178985,2025,8,18,6
dep-178985,2025,9,18,6
dep-178985,2025,10,17,6
dep-178985,2025,11,17,6
dep-178985,2025,12,17,6
dep-178985,2026,1,17,6
dep-178985,2026,2,18,6
dep-178985,2026,3,18,6
dep-178985,2026,4,18,6
dep-178985,2026,5,18,6
dep-178985,2026,6,18,6
dep-178985,2026,7,18,6
dep-178985,2026,8,18,6
dep-178985,2026,9,18,6
dep-178985,2026,10,18,6
dep-178986,2023,2,21,2
dep-178986,2023,3,20,2
dep-178986,2023,4,20,2
dep-178986,2023,5,20,2
dep-178986,2023,6,23,2
dep-178986,2023,7,22,2
dep-178986,2023,8,24,2
dep-178986,2023,9,23,2
dep-178986,2023,10,25,2
dep-178986,2023,11,23,2
dep-178986,2023,12,23,2
dep-178986,2024,1,23,2
dep-178986,2024,2,23,2
dep-178986,2024,3,22,2
dep-178986,2024,4,22,2
dep-178986,2024,5,23,2
dep-178986,2024,6,23,2
dep-178986,2024,7,24,2
dep-178986,2024,8,23,2
dep-178986,2024,9,23,2
dep-178986,2024,10,23,2
dep-178986,2024,11,22,2
dep-178986,2024,12,21,2
dep-178986,2025,1,25,2
dep-178986,2025,2,24,2
dep-178986,2025,3,23,2
dep-178986,2025,4,23,2
dep-178986,2025,5,22,2
dep-178986,2025,6,22,2
dep-178986,2025,7,22,2
dep-178986,2025,8,24,2
dep-178986,2025,9,24,2
dep-178986,2025,10,26,2
dep-178986,2025,11,25,2
dep-178986,2025,12,25,2
dep-178986,2026,1,25,2
dep-178986,2026,2,25,2
dep-178986,2026,3,23,2
dep-178986,2026,4,25,2
dep-178986,2026,5,25,2
dep-178986,2026,6,25,2
dep-178986,2026,7,25,2
dep-178986,2026,8,25,2
dep-178986,2026,9,25,2
dep-178986,2026,10,25,2
dep-178987,2023,2,15,2
dep-178987,2023,3,18,0
dep-178987,2023,4,18,0
dep-178987,2023,5,20,0
dep-178987,2023,6,22,0
dep-178987,2023,7,23,0
dep-178987,2023,8,23,0
dep-178987,2023,9,23,0
dep-178987,2023,10,23,0
dep-178987,2023,11,23,0
dep-178987,2023,12,23,0
dep-178987,2024,1,23,0
dep-178987,2024,2,22,0
dep-178987,2024,3,23,0
dep-178987,2024,4,23,0
dep-178987,2024,5,23,0
dep-178987,2024,6,23,0
dep-178987,2024,7,23,0
dep-178987,2024,8,23,0
dep-178987,2024,9,23,0
dep-178987,2024,10,23,0
dep-178987,2024,11,23,0
dep-178987,2024,12,23,0
dep-178987,2025,1,22,0
dep-178987,2025,2,23,0
dep-178987,2025,3,23,0
dep-178987,2025,4,23,0
dep-178987,2025,5,24,0
dep-178987,2025,6,23,0
dep-178987,2025,7,23,0
dep-178987,2025,8,24,0
dep-178987,2025,9,25,0
dep-178987,2025,10,23,0
dep-178987,2025,11,23,0
dep-178987,2025,12,23,0
dep-178987,2026,1,23,0
dep-178987,2026,2,23,0
dep-178987,2026,3,21,0
dep-178987,2026,4,21,0
dep-178987,2026,5,21,0
dep-178987,2026,6,23,0
dep-178987,2026,7,24,0
dep-178987,2026,8,24,0
dep-178987,2026,9,24,0
dep-178987,2026,10,24,0
dep-178989,2023,2,18,7
dep-178989,2023,3,18,7
dep-178989,2023,4,18,9
dep-178989,2023,5,18,10
dep-178989,2023,6,18,10
dep-178989,2023,7,18,11
dep-178989,2023,8,19,12
dep-178989,2023,9,19,11
dep-178989,2023,10,18,11
dep-178989,2023,11,18,11
dep-178989,2023,12,19,11
dep-178989,2024,1,20,10
dep-178989,2024,2,21,11
dep-178989,2024,3,20,11
dep-178989,2024,4,21,11
dep-178989,2024,5,21,11
dep-178989,2024,6,21,11
dep-178989,2024,7,21,0
dep-178989,2024,8,21,0
dep-178989,2024,9,21,0
dep-178989,2024,10,21,11
dep-178989,2024,11,21,11
dep-178989,2024,12,21,11
dep-178989,2025,1,20,10
dep-178989,2025,2,20,10
dep-178989,2025,3,21,11
dep-178989,2025,4,22,11
dep-178989,2025,5,23,12
dep-178989,2025,6,23,11
dep-178989,2025,7,21,10
dep-178989,2025,8,22,9
dep-178989,2025,9,23,9
dep-178989,2025,10,24,8
dep-178989,2025,11,24,8
dep-178989,2025,12,24,8
dep-178989,2026,1,24,8
dep-178989,2026,2,24,6
dep-178989,2026,3,21,6
dep-178989,2026,4,22,6
dep-178989,2026,5,22,6
dep-178989,2026,6,22,6
dep-178989,2026,7,22,0
dep-178989,2026,8,24,0
dep-178989,2026,9,25,0
dep-178989,2026,10,25,0
dep-178992,2023,2,15,1
dep-178992,2023,3,15,1
dep-178992,2023,4,15,1
dep-178992,2023,5,15,1
dep-178992,2023,6,15,1
dep-178992,2023,7,16,1
dep-178992,2023,8,16,1
dep-178992,2023,9,16,1
dep-178992,2023,10,17,1
dep-178992,2023,11,17,1
dep-178992,2023,12,17,1
dep-178992,2024,1,17,1
dep-178992,2024,2,17,1
dep-178992,2024,3,17,1
dep-178992,2024,4,17,1
dep-178992,2024,5,17,1
dep-178992,2024,6,17,1
dep-178992,2024,7,17,1
dep-178992,2024,8,16,1
dep-178992,2024,9,16,1
dep-178992,2024,10,16,1
dep-178992,2024,11,16,1
dep-178992,2024,12,16,1
dep-178992,2025,1,16,1
dep-178992,2025,2,17,1
dep-178992,2025,3,17,1
dep-178992,2025,4,17,1
dep-178992,2025,5,18,1
dep-178992,2025,6,18,1
dep-178992,2025,7,18,1
dep-178992,2025,8,18,1
dep-178992,2025,9,17,1
dep-178992,2025,10,18,1
dep-178992,2025,11,18,1
dep-178992,2025,12,18,1
dep-178992,2026,1,18,1
dep-178992,2026,2,18,1
dep-178992,2026,3,15,1
dep-178992,2026,4,15,1
dep-178992,2026,5,17,1
dep-178992,2026,6,19,1
dep-178992,2026,7,20,1
dep-178992,2026,8,21,1
dep-178992,2026,9,21,1
dep-178992,2026,10,21,1
dep-178993,2023,2,24,3
dep-178993,2023,3,22,3
dep-178993,2023,4,23,4
dep-178993,2023,5,26,5
dep-178993,2023,6,24,5
dep-178993,2023,7,25,5
dep-178993,2023,8,25,5
dep-178993,2023,9,24,5
dep-178993,2023,10,24,5
dep-178993,2023,11,25,5
dep-178993,2023,12,25,6
dep-178993,2024,1,25,6
dep-178993,2024,2,25,6
dep-178993,2024,3,25,6
dep-178993,2024,4,25,6
dep-178993,2024,5,24,6
dep-178993,2024,6,24,6
dep-178993,2024,7,24,6
dep-178993,2024,8,24,6
dep-178993,2024,9,24,6
dep-178993,2024,10,24,6
dep-178993,2024,11,24,6
dep-178993,2024,12,24,6
dep-178993,2025,1,24,6
dep-178993,2025,2,25,6
dep-178993,2025,3,22,4
dep-178993,2025,4,21,5
dep-178993,2025,5,21,5
dep-178993,2025,6,21,5
dep-178993,2025,7,21,5
dep-178993,2025,8,21,5
dep-178993,2025,9,20,5
dep-178993,2025,10,21,5
dep-178993,2025,11,22,5
dep-178993,2025,12,22,5
dep-178993,2026,1,20,5
dep-178993,2026,2,21,5
dep-178993,2026,3,17,5
dep-178993,2026,4,19,5
dep-178993,2026,5,20,5
dep-178993,2026,6,22,5
dep-178993,2026,7,24,5
dep-178993,2026,8,24,5
dep-178993,2026,9,24,5
dep-178993,2026,10,25,5
dep-178997,2023,2,24,5
dep-178997,2023,3,25,3
dep-178997,2023,4,25,4
dep-178997,2023,5,25,3
dep-178997,2023,6,25,3
dep-178997,2023,7,25,3
dep-178997,2023,8,24,3
dep-178997,2023,9,25,3
dep-178997,2023,10,25,3
dep-178997,2023,11,25,2
dep-178997,2023,12,25,3
dep-178997,2024,1,25,3
dep-178997,2024,2,25,4
dep-178997,2024,3,24,3
dep-178997,2024,4,25,3
dep-178997,2024,5,24,4
dep-178997,2024,6,24,3
dep-178997,2024,7,26,3
dep-178997,2024,8,25,3
dep-178997,2024,9,25,3
dep-178997,2024,10,25,3
dep-178997,2024,11,23,3
dep-178997,2024,12,24,3
dep-178997,2025,1,18,3
dep-178997,2025,2,23,3
dep-178997,2025,3,22,2
dep-178997,2025,4,22,2
dep-178997,2025,5,22,2
dep-178997,2025,6,22,2
dep-178997,2025,7,22,2
dep-178997,2025,8,22,2
dep-178997,2025,9,23,2
dep-178997,2025,10,22,2
dep-178997,2025,11,23,2
dep-178997,2025,12,23,2
dep-178997,2026,1,23,2
dep-178997,2026,2,21,2
dep-178997,2026,3,21,2
dep-178997,2026,4,22,2
dep-178997,2026,5,22,2
dep-178997,2026,6,23,2
dep-178997,2026,7,23,2
dep-178997,2026,8,23,2
dep-178997,2026,9,23,2
dep-178997,2026,10,23,2
dep-179000,2023,2,14,0
dep-179000,2023,3,20,3
dep-179000,2023,4,16,3
dep-179000,2023,5,16,3
dep-179000,2023,6,16,3
dep-179000,2023,7,16,3
dep-179000,2023,8,16,3
dep-179000,2023,9,17,3
dep-179000,2023,10,16,3
dep-179000,2023,11,13,3
dep-179000,2023,12,13,3
dep-179000,2024,1,13,3
dep-179000,2024,2,13,3
dep-179000,2024,3,13,3
dep-179000,2024,4,13,3
dep-179000,2024,5,13,3
dep-179000,2024,6,13,3
dep-179000,2024,7,16,3
dep-179000,2024,8,16,3
dep-179000,2024,9,17,3
dep-179000,2024,10,17,3
dep-179000,2024,11,17,3
dep-179000,2024,12,16,4
dep-179000,2025,1,15,3
dep-179000,2025,2,16,4
dep-179000,2025,3,16,4
dep-179000,2025,4,16,4
dep-179000,2025,5,16,4
dep-179000,2025,6,16,4
dep-179000,2025,7,16,5
dep-179000,2025,8,16,4
dep-179000,2025,9,17,4
dep-179000,2025,10,16,4
dep-179000,2025,11,16,4
dep-179000,2025,12,16,4
dep-179000,2026,1,16,4
dep-179000,2026,2,16,4
dep-179000,2026,3,11,4
dep-179000,2026,4,11,4
dep-179000,2026,5,12,3
dep-179000,2026,6,14,4
dep-179000,2026,7,17,3
dep-179000,2026,8,17,3
dep-179000,2026,9,17,3
dep-179000,2026,10,17,3
dep-179001,2023,2,25,2
dep-179001,2023,3,26,3
dep-179001,2023,4,23,3
dep-179001,2023,5,21,3
dep-179001,2023,6,20,3
dep-179001,2023,7,19,3
dep-179001,2023,8,20,3
dep-179001,2023,9,20,3
dep-179001,2023,10,21,3
dep-179001,2023,11,22,3
dep-179001,2023,12,21,3
dep-179001,2024,1,22,3
dep-179001,2024,2,23,3
dep-179001,2024,3,23,3
dep-179001,2024,4,23,3
dep-179001,2024,5,23,3
dep-179001,2024,6,24,3
dep-179001,2024,7,23,3
dep-179001,2024,8,23,3
dep-179001,2024,9,23,3
dep-179001,2024,10,24,3
dep-179001,2024,11,23,3
dep-179001,2024,12,22,3
dep-179001,2025,1,23,3
dep-179001,2025,2,20,3
dep-179001,2025,3,22,3
dep-179001,2025,4,23,3
dep-179001,2025,5,24,3
dep-179001,2025,6,23,3
dep-179001,2025,7,23,3
dep-179001,2025,8,22,3
dep-179001,2025,9,23,3
dep-179001,2025,10,21,3
dep-179001,2025,11,21,3
dep-179001,2025,12,21,3
dep-179001,2026,1,21,3
dep-179001,2026,2,21,3
dep-179001,2026,3,14,2
dep-179001,2026,4,16,2
dep-179001,2026,5,17,2
dep-179001,2026,6,17,2
dep-179001,2026,7,22,2
dep-179001,2026,8,24,2
dep-179001,2026,9,25,2
dep-179001,2026,10,25,2
dep-180214,2023,2,18,0
dep-180214,2023,3,24,0
dep-180214,2023,4,25,0
dep-180214,2023,5,25,0
dep-180214,2023,6,25,0
dep-180214,2023,7,25,0
dep-180214,2023,8,25,0
dep-180214,2023,9,25,0
dep-180214,2023,10,26,0
dep-180214,2023,11,25,0
dep-180214,2023,12,25,0
dep-180214,2024,1,25,0
dep-180214,2024,2,24,0
dep-180214,2024,3,26,0
dep-180214,2024,4,25,2
dep-180214,2024,5,25,2
dep-180214,2024,6,27,2
dep-180214,2024,7,26,2
dep-180214,2024,8,25,2
dep-180214,2024,9,26,2
dep-180214,2024,10,25,1
dep-180214,2024,11,25,2
dep-180214,2024,12,27,2
dep-180214,2025,1,25,2
dep-180214,2025,2,25,2
dep-180214,2025,3,27,2
dep-180214,2025,4,25,2
dep-180214,2025,5,26,2
dep-180214,2025,6,25,2
dep-180214,2025,7,24,2
dep-180214,2025,8,24,3
dep-180214,2025,9,24,2
dep-180214,2025,10,26,2
dep-180214,2025,11,25,2
dep-180214,2025,12,24,2
dep-180214,2026,1,24,2
dep-180214,2026,2,25,2
dep-180214,2026,3,21,2
dep-180214,2026,4,22,3
dep-180214,2026,5,22,2
dep-180214,2026,6,24,2
dep-180214,2026,7,25,2
dep-180214,2026,8,25,2
dep-180214,2026,9,25,2
dep-180214,2026,10,25,2
dep-182146,2023,12,0,8
dep-182146,2024,1,0,8
dep-182146,2024,2,0,8
dep-182146,2024,3,0,8
dep-182146,2024,4,0,8
dep-188097,2023,2,29,2
dep-188097,2023,3,26,2
dep-188097,2023,4,24,2
dep-188097,2023,5,24,3
dep-188097,2023,6,24,3
dep-188097,2023,7,24,3
dep-188097,2023,8,24,3
dep-188097,2023,9,24,3
dep-188097,2023,10,24,3
dep-188097,2023,11,24,3
dep-188097,2023,12,24,3
dep-188097,2024,1,24,4
dep-188097,2024,2,24,4
dep-188097,2024,3,24,4
dep-188097,2024,4,23,4
dep-188097,2024,5,24,4
dep-188097,2024,6,23,4
dep-188097,2024,7,23,4
dep-188097,2024,8,23,4
dep-188097,2024,9,23,4
dep-188097,2024,10,22,4
dep-188097,2024,11,23,4
dep-188097,2024,12,23,4
dep-188097,2025,1,23,4
dep-188097,2025,2,23,4
dep-188097,2025,3,23,4
dep-188097,2025,4,24,4
dep-188097,2025,5,24,4
dep-188097,2025,6,24,4
dep-188097,2025,7,24,4
dep-188097,2025,8,24,4
dep-188097,2025,9,25,4
dep-188097,2025,10,25,4
dep-188097,2025,11,25,4
dep-188097,2025,12,25,4
dep-188097,2026,1,24,4
dep-188097,2026,2,25,4
dep-188097,2026,3,13,4
dep-188097,2026,4,13,5
dep-188097,2026,5,15,5
dep-188097,2026,6,19,5
dep-188097,2026,7,20,5
dep-188097,2026,8,25,5
dep-188097,2026,9,25,5
dep-188097,2026,10,25,5
dep-191923,2023,2,18,0
dep-191923,2023,3,18,0
dep-191923,2023,4,19,0
dep-191923,2023,5,17,1
dep-191923,2023,6,17,1
dep-191923,2023,7,17,1
dep-191923,2023,8,18,1
dep-191923,2023,9,18,1
dep-191923,2023,10,18,1
dep-191923,2023,11,18,1
dep-191923,2023,12,17,1
dep-191923,2024,1,17,1
dep-191923,2024,2,17,1
dep-191923,2024,3,19,1
dep-191923,2024,4,19,1
dep-191923,2024,5,19,1
dep-191923,2024,6,19,1
dep-191923,2024,7,19,1
dep-191923,2024,8,18,1
dep-191923,2024,9,17,1
dep-191923,2024,10,17,1
dep-191923,2024,11,17,1
dep-191923,2024,12,17,1
dep-191923,2025,1,17,1
dep-191923,2025,2,18,1
dep-191923,2025,3,17,1
dep-191923,2025,4,17,1
dep-191923,2025,5,20,1
dep-191923,2025,6,19,0
dep-191923,2025,7,19,0
dep-191923,2025,8,20,0
dep-191923,2025,9,20,0
dep-191923,2025,10,21,0
dep-191923,2025,11,21,0
dep-191923,2025,12,21,0
dep-191923,2026,1,21,0
dep-191923,2026,2,20,0
dep-191923,2026,3,17,0
dep-191923,2026,4,21,0
dep-191923,2026,5,22,0
dep-191923,2026,6,22,0
dep-191923,2026,7,22,0
dep-191923,2026,8,24,0
dep-191923,2026,9,24,0
dep-191923,2026,10,24,0
dep-194260,2026,7,1,2
dep-194260,2026,8,2,2
dep-194260,2026,9,7,2
dep-194260,2026,10,7,2
dep-198197,2023,2,17,2
dep-198197,2023,3,19,2
dep-198197,2023,4,20,2
dep-198197,2023,5,19,2
dep-198197,2023,6,21,2
dep-198197,2023,7,21,2
dep-198197,2023,8,21,2
dep-198197,2023,9,21,2
dep-198197,2023,10,22,2
dep-198197,2023,11,22,2
dep-198197,2023,12,22,2
dep-198197,2024,1,22,2
dep-198197,2024,2,22,2
dep-198197,2024,3,23,2
dep-198197,2024,4,23,2
dep-198197,2024,5,24,3
dep-198197,2024,6,24,3
dep-198197,2024,7,24,3
dep-198197,2024,8,23,3
dep-198197,2024,9,23,3
dep-198197,2024,10,22,3
dep-198197,2024,11,22,3
dep-198197,2024,12,22,3
dep-198197,2025,1,23,3
dep-198197,2025,2,23,3
dep-198197,2025,3,23,3
dep-198197,2025,4,22,3
dep-198197,2025,5,23,3
dep-198197,2025,6,23,3
dep-198197,2025,7,25,2
dep-198197,2025,8,24,2
dep-198197,2025,9,25,2
dep-198197,2025,10,25,2
dep-198197,2025,11,24,2
dep-198197,2025,12,24,2
dep-198197,2026,1,21,2
dep-198197,2026,2,22,2
dep-198197,2026,3,11,2
dep-198197,2026,4,11,2
dep-198197,2026,5,20,2
dep-198197,2026,6,21,2
dep-198197,2026,7,22,2
dep-198197,2026,8,24,2
dep-198197,2026,9,24,2
dep-198197,2026,10,24,2
dep-198783,2023,2,20,2
dep-198783,2023,3,21,1
dep-198783,2023,4,18,2
dep-198783,2023,5,18,1
dep-198783,2023,6,17,2
dep-198783,2023,7,17,2
dep-198783,2023,8,18,3
dep-198783,2023,9,15,3
dep-198783,2023,10,16,3
dep-198783,2023,11,14,3
dep-198783,2023,12,17,3
dep-198783,2024,1,17,3
dep-198783,2024,2,18,3
dep-198783,2024,3,17,3
dep-198783,2024,4,17,3
dep-198783,2024,5,17,3
dep-198783,2024,6,17,3
dep-198783,2024,7,17,3
dep-198783,2024,8,15,3
dep-198783,2024,9,16,3
dep-198783,2024,10,15,3
dep-198783,2024,11,14,3
dep-198783,2024,12,16,3
dep-198783,2025,1,17,3
dep-198783,2025,2,19,3
dep-198783,2025,3,19,3
dep-198783,2025,4,20,3
dep-198783,2025,5,20,3
dep-198783,2025,6,21,3
dep-198783,2025,7,21,3
dep-198783,2025,8,25,3
dep-198783,2025,9,23,3
dep-198783,2025,10,23,3
dep-198783,2025,11,23,3
dep-198783,2025,12,22,3
dep-198783,2026,1,22,3
dep-198783,2026,2,23,3
dep-198783,2026,3,16,3
dep-198783,2026,4,16,3
dep-198783,2026,5,16,3
dep-198783,2026,6,20,3
dep-198783,2026,7,23,3
dep-198783,2026,8,23,3
dep-198783,2026,9,23,3
dep-198783,2026,10,23,3
dep-204351,2023,2,13,0
dep-204351,2023,3,14,1
dep-204351,2023,4,14,1
dep-204351,2023,5,15,1
dep-204351,2023,6,16,1
dep-204351,2023,7,16,1
dep-204351,2023,8,16,1
dep-204351,2023,9,16,1
dep-204351,2023,10,16,1
dep-204351,2023,11,16,1
dep-204351,2023,12,16,1
dep-204351,2024,1,16,1
dep-204351,2024,2,16,1
dep-204351,2024,3,16,1
dep-204351,2024,4,16,1
dep-204351,2024,5,16,1
dep-204351,2024,6,16,1
dep-204351,2024,7,16,1
dep-204351,2024,8,16,1
dep-204351,2024,9,16,1
dep-204351,2024,10,16,1
dep-204351,2024,11,16,1
dep-204351,2024,12,16,1
dep-204351,2025,1,16,1
dep-204351,2025,2,16,1
dep-204351,2025,3,16,1
dep-204351,2025,4,16,1
dep-204351,2025,5,17,1
dep-204351,2025,6,17,1
dep-204351,2025,7,17,1
dep-204351,2025,8,17,1
dep-204351,2025,9,17,1
dep-204351,2025,10,17,1
dep-204351,2025,11,17,1
dep-204351,2025,12,16,1
dep-204351,2026,1,16,1
dep-204351,2026,2,16,1
dep-204351,2026,3,16,1
dep-204351,2026,4,17,1
dep-204351,2026,5,18,1
dep-204351,2026,6,18,1
dep-204351,2026,7,18,1
dep-204351,2026,8,18,1
dep-204351,2026,9,18,1
dep-204351,2026,10,18,1
dep-204353,2025,8,15,0
dep-204353,2025,9,18,1
dep-204353,2025,10,19,1
dep-204353,2026,4,13,0
dep-204353,2026,5,15,0
dep-204353,2026,6,18,0
dep-204353,2026,7,22,0
dep-204353,2026,8,22,0
dep-204353,2026,9,24,0
dep-204353,2026,10,24,0
dep-204355,2023,2,19,3
dep-204355,2023,3,19,1
dep-204355,2023,4,21,2
dep-204355,2023,5,22,3
dep-204355,2023,6,23,2
dep-204355,2023,7,24,2
dep-204355,2023,8,24,2
dep-204355,2023,9,24,2
dep-204355,2023,10,24,2
dep-204355,2023,11,24,2
dep-204355,2023,12,24,2
dep-204355,2024,1,24,2
dep-204355,2024,2,24,2
dep-204355,2024,3,24,2
dep-204355,2024,4,24,2
dep-204355,2024,5,23,2
dep-204355,2024,6,22,2
dep-204355,2024,7,24,3
dep-204355,2024,8,19,2
dep-204355,2024,9,18,2
dep-204355,2024,10,18,2
dep-204355,2024,11,17,2
dep-204355,2024,12,18,2
dep-204355,2025,1,17,2
dep-204355,2025,2,18,2
dep-204355,2025,3,18,2
dep-204355,2025,4,16,2
dep-204355,2025,5,18,2
dep-204355,2025,6,18,2
dep-204355,2025,7,18,2
dep-204355,2025,8,18,2
dep-204355,2025,9,19,2
dep-204355,2025,10,19,2
dep-204355,2025,11,19,2
dep-204355,2025,12,19,2
dep-204355,2026,1,19,2
dep-204355,2026,2,19,2
dep-204355,2026,3,18,2
dep-204355,2026,4,20,2
dep-204355,2026,5,21,2
dep-204355,2026,6,21,2
dep-204355,2026,7,22,2
dep-204355,2026,8,22,2
dep-204355,2026,9,23,2
dep-204355,2026,10,23,2
dep-204356,2023,2,12,2
dep-204356,2023,3,12,2
dep-204356,2023,4,12,2
dep-204356,2023,5,11,2
dep-204356,2023,6,11,2
dep-204356,2023,7,12,2
dep-204356,2023,8,12,2
dep-204356,2023,9,12,2
dep-204356,2023,10,12,2
dep-204356,2023,11,12,2
dep-204356,2023,12,12,2
dep-204356,2024,1,12,2
dep-204356,2024,2,12,2
dep-204356,2024,3,12,2
dep-204356,2024,4,12,2
dep-204356,2024,5,11,2
dep-204356,2024,6,11,2
dep-204356,2024,7,11,2
dep-204356,2024,8,12,2
dep-204356,2024,9,12,2
dep-204356,2024,10,12,2
dep-204356,2024,11,12,2
dep-204356,2024,12,12,2
dep-204356,2025,1,12,2
dep-204356,2025,2,12,2
dep-204356,2025,3,12,2
dep-204356,2025,4,12,2
dep-204356,2025,5,11,2
dep-204356,2025,6,12,2
dep-204356,2025,7,12,2
dep-204356,2025,8,12,2
dep-204356,2025,9,12,2
dep-204356,2025,10,12,2
dep-204356,2025,11,12,2
dep-204356,2025,12,12,2
dep-204356,2026,1,12,2
dep-204356,2026,2,12,2
dep-204356,2026,3,5,2
dep-204356,2026,4,5,2
dep-204356,2026,5,11,1
dep-204356,2026,6,11,1
dep-204356,2026,7,11,1
dep-204356,2026,8,11,1
dep-204356,2026,9,11,1
dep-204356,2026,10,11,1
dep-204358,2023,2,25,5
dep-204358,2023,3,26,4
dep-204358,2023,4,23,3
dep-204358,2023,5,25,3
dep-204358,2023,6,23,3
dep-204358,2023,7,24,3
dep-204358,2023,8,25,4
dep-204358,2023,9,25,4
dep-204358,2023,10,25,4
dep-204358,2023,11,25,4
dep-204358,2023,12,25,4
dep-204358,2024,1,25,4
dep-204358,2024,2,25,4
dep-204358,2024,3,24,4
dep-204358,2024,4,24,4
dep-204358,2024,5,25,4
dep-204358,2024,6,25,4
dep-204358,2024,7,29,4
dep-204358,2024,8,25,4
dep-204358,2024,9,25,4
dep-204358,2024,10,25,4
dep-204358,2024,11,25,4
dep-204358,2024,12,25,4
dep-204358,2025,1,25,4
dep-204358,2025,2,26,5
dep-204358,2025,3,26,5
dep-204358,2025,4,24,5
dep-204358,2025,5,24,5
dep-204358,2025,6,24,5
dep-204358,2025,7,25,5
dep-204358,2025,8,25,5
dep-204358,2025,9,26,5
dep-204358,2025,10,24,5
dep-204358,2025,11,24,5
dep-204358,2025,12,24,5
dep-204358,2026,1,23,5
dep-204358,2026,2,21,5
dep-204358,2026,3,19,5
dep-204358,2026,4,20,5
dep-204358,2026,5,20,5
dep-204358,2026,6,21,5
dep-204358,2026,7,21,5
dep-204358,2026,8,24,5
dep-204358,2026,9,24,5
dep-204358,2026,10,24,5
dep-204360,2023,2,25,1
dep-204360,2023,3,27,2
dep-204360,2023,4,22,2
dep-204360,2023,5,22,2
dep-204360,2023,6,22,2
dep-204360,2023,7,24,2
dep-204360,2023,8,23,2
dep-204360,2023,9,23,2
dep-204360,2023,10,23,2
dep-204360,2023,11,22,2
dep-204360,2023,12,23,2
dep-204360,2024,1,23,2
dep-204360,2024,2,23,2
dep-204360,2024,3,22,2
dep-204360,2024,4,23,2
dep-204360,2024,5,23,2
dep-204360,2024,6,25,2
dep-204360,2024,7,23,3
dep-204360,2024,8,22,2
dep-204360,2024,9,22,2
dep-204360,2024,10,23,2
dep-204360,2024,11,23,2
dep-204360,2024,12,22,2
dep-204360,2025,1,19,2
dep-204360,2025,2,22,2
dep-204360,2025,3,22,2
dep-204360,2025,4,23,2
dep-204360,2025,5,22,2
dep-204360,2025,6,22,2
dep-204360,2025,7,22,2
dep-204360,2025,8,22,2
dep-204360,2025,9,21,2
dep-204360,2025,10,21,2
dep-204360,2025,11,22,2
dep-204360,2025,12,21,2
dep-204360,2026,1,21,2
dep-204360,2026,2,21,2
dep-204360,2026,3,15,2
dep-204360,2026,4,17,2
dep-204360,2026,5,17,2
dep-204360,2026,6,18,2
dep-204360,2026,7,19,2
dep-204360,2026,8,20,2
dep-204360,2026,9,20,2
dep-204360,2026,10,20,2
dep-204361,2023,2,19,3
dep-204361,2023,3,19,2
dep-204361,2023,4,18,2
dep-204361,2023,5,18,3
dep-204361,2023,6,18,3
dep-204361,2023,7,18,3
dep-204361,2023,8,19,4
dep-204361,2023,9,18,3
dep-204361,2023,10,18,3
dep-204361,2023,11,18,3
dep-204361,2023,12,18,3
dep-204361,2024,1,18,3
dep-204361,2024,2,18,3
dep-204361,2024,3,18,3
dep-204361,2024,4,17,3
dep-204361,2024,5,18,3
dep-204361,2024,6,18,3
dep-204361,2024,7,17,3
dep-204361,2024,8,17,0
dep-204361,2024,9,17,0
dep-204361,2024,10,17,0
dep-204361,2024,11,17,3
dep-204361,2024,12,17,4
dep-204361,2025,1,17,3
dep-204361,2025,2,20,3
dep-204361,2025,3,16,3
dep-204361,2025,11,22,0
dep-204361,2026,2,1,3
dep-204361,2026,3,18,3
dep-204361,2026,4,19,3
dep-204361,2026,5,22,3
dep-204361,2026,6,22,3
dep-204361,2026,7,22,3
dep-204361,2026,8,22,3
dep-204361,2026,9,24,3
dep-204361,2026,10,24,3
dep-204362,2023,2,22,2
dep-204362,2023,3,26,3
dep-204362,2023,4,25,3
dep-204362,2023,5,25,3
dep-204362,2023,6,25,3
dep-204362,2023,7,25,3
dep-204362,2023,11,25,1
dep-204362,2024,6,27,3
dep-204362,2024,7,24,2
dep-204362,2024,8,24,0
dep-204362,2024,9,21,0
dep-204362,2024,10,21,0
dep-204362,2024,11,23,2
dep-204362,2024,12,22,2
dep-204362,2025,1,21,2
dep-204362,2025,2,23,2
dep-204362,2025,3,22,2
dep-204362,2025,4,20,2
dep-204362,2025,5,21,2
dep-204362,2025,6,22,2
dep-204362,2025,7,21,2
dep-204362,2025,8,21,2
dep-204362,2025,9,21,2
dep-204362,2025,10,21,2
dep-204362,2025,11,21,2
dep-204362,2025,12,21,2
dep-204362,2026,1,19,2
dep-204362,2026,2,17,2
dep-204362,2026,3,20,2
dep-204362,2026,4,21,2
dep-204362,2026,5,24,2
dep-204362,2026,6,24,2
dep-204362,2026,7,24,2
dep-204362,2026,8,24,2
dep-204362,2026,9,24,2
dep-204362,2026,10,24,2
dep-204364,2023,2,27,2
dep-204364,2023,3,25,2
dep-204364,2023,4,25,2
dep-204364,2023,5,30,2
dep-204364,2023,6,25,2
dep-204364,2023,7,26,2
dep-204364,2023,8,25,2
dep-204364,2023,9,25,2
dep-204364,2023,10,25,2
dep-204364,2023,11,25,2
dep-204364,2023,12,28,2
dep-204364,2024,1,25,2
dep-204364,2024,2,25,2
dep-204364,2024,3,26,2
dep-204364,2024,4,26,2
dep-204364,2024,5,25,2
dep-204364,2024,6,25,2
dep-204364,2024,7,24,0
dep-204364,2024,8,25,0
dep-204364,2024,9,25,0
dep-204364,2024,10,25,0
dep-204364,2024,11,25,1
dep-204364,2024,12,25,2
dep-204364,2025,1,25,2
dep-204364,2025,2,24,2
dep-204364,2025,3,25,2
dep-204364,2025,4,24,2
dep-204364,2025,5,24,2
dep-204364,2025,6,24,2
dep-204364,2025,7,24,2
dep-204364,2025,8,24,2
dep-204364,2025,9,24,2
dep-204364,2025,10,23,2
dep-204364,2025,11,23,2
dep-204364,2025,12,23,2
dep-204364,2026,1,17,2
dep-204364,2026,2,18,2
dep-204364,2026,3,17,2
dep-204364,2026,4,19,2
dep-204364,2026,5,20,2
dep-204364,2026,6,20,2
dep-204364,2026,7,24,2
dep-204364,2026,8,24,2
dep-204364,2026,9,24,2
dep-204364,2026,10,24,2
dep-204365,2023,2,8,0
dep-204365,2023,3,7,0
dep-204365,2023,4,7,0
dep-204365,2023,5,9,0
dep-204365,2023,6,9,0
dep-204365,2023,7,9,0
dep-204365,2023,8,9,0
dep-204365,2023,9,8,0
dep-204365,2023,10,8,0
dep-204365,2023,11,8,0
dep-204365,2023,12,8,0
dep-204365,2024,1,8,0
dep-204365,2024,2,8,0
dep-204365,2024,3,8,0
dep-204365,2024,4,9,0
dep-204365,2024,5,9,0
dep-204365,2024,6,9,0
dep-204365,2024,7,9,0
dep-204365,2024,8,7,0
dep-204365,2024,9,7,0
dep-204365,2024,10,9,0
dep-204365,2024,11,9,0
dep-204365,2024,12,9,0
dep-204365,2025,1,9,0
dep-204365,2025,2,9,0
dep-204365,2025,3,9,0
dep-204365,2025,4,9,0
dep-204365,2025,5,9,0
dep-204365,2025,6,9,0
dep-204365,2025,7,9,0
dep-204365,2025,8,9,0
dep-204365,2025,9,9,0
dep-204365,2025,10,9,0
dep-204365,2025,11,9,0
dep-204365,2025,12,9,0
dep-204365,2026,1,9,0
dep-204365,2026,2,9,0
dep-204365,2026,3,10,0
dep-204365,2026,4,10,0
dep-204365,2026,5,10,0
dep-204365,2026,6,10,0
dep-204365,2026,7,11,0
dep-204365,2026,8,11,0
dep-204365,2026,9,11,0
dep-204365,2026,10,11,0
dep-204367,2023,2,13,0
dep-204367,2023,3,14,0
dep-204367,2023,4,15,0
dep-204367,2023,5,14,1
dep-204367,2023,6,15,1
dep-204367,2023,7,15,1
dep-204367,2023,8,17,1
dep-204367,2023,9,17,1
dep-204367,2023,10,17,1
dep-204367,2023,11,19,0
dep-204367,2023,12,17,0
dep-204367,2024,1,17,0
dep-204367,2024,2,17,1
dep-204367,2024,3,18,1
dep-204367,2024,4,16,1
dep-204367,2024,5,16,1
dep-204367,2024,6,16,1
dep-204367,2024,7,16,1
dep-204367,2024,8,14,1
dep-204367,2024,9,14,1
dep-204367,2024,10,14,1
dep-204367,2024,11,14,1
dep-204367,2024,12,15,1
dep-204367,2025,1,15,1
dep-204367,2025,2,16,1
dep-204367,2025,3,16,1
dep-204367,2025,4,16,1
dep-204367,2025,5,16,2
dep-204367,2025,6,14,2
dep-204367,2025,7,15,2
dep-204367,2025,8,15,2
dep-204367,2025,9,15,2
dep-204367,2025,10,15,2
dep-204367,2025,11,15,2
dep-204367,2025,12,15,2
dep-204367,2026,1,15,2
dep-204367,2026,2,17,2
dep-204367,2026,3,16,2
dep-204367,2026,4,17,2
dep-204367,2026,5,17,2
dep-204367,2026,6,18,2
dep-204367,2026,7,19,2
dep-204367,2026,8,19,2
dep-204367,2026,9,20,2
dep-204367,2026,10,20,2
dep-204368,2023,2,13,3
dep-204368,2023,3,13,0
dep-204368,2023,4,15,1
dep-204368,2023,5,14,1
dep-204368,2023,6,14,1
dep-204368,2023,7,15,1
dep-204368,2023,8,14,1
dep-204368,2023,9,14,1
dep-204368,2023,10,14,1
dep-204368,2023,11,15,1
dep-204368,2023,12,15,1
dep-204368,2024,1,15,1
dep-204368,2024,2,15,1
dep-204368,2024,3,15,1
dep-204368,2024,4,15,1
dep-204368,2024,5,15,1
dep-204368,2024,6,15,1
dep-204368,2024,7,15,1
dep-204368,2024,8,15,1
dep-204368,2024,9,15,1
dep-204368,2024,10,15,1
dep-204368,2024,11,15,1
dep-204368,2024,12,15,1
dep-204368,2025,1,12,1
dep-204368,2025,2,15,1
dep-204368,2025,3,17,3
dep-204368,2025,4,15,3
dep-204368,2025,5,16,3
dep-204368,2025,6,16,3
dep-204368,2025,7,19,3
dep-204368,2025,8,19,3
dep-204368,2025,9,19,3
dep-204368,2025,10,19,3
dep-204368,2025,11,19,3
dep-204368,2025,12,19,3
dep-204368,2026,1,19,3
dep-204368,2026,2,19,3
dep-204368,2026,3,12,3
dep-204368,2026,4,12,3
dep-204368,2026,5,12,3
dep-204368,2026,6,12,3
dep-204368,2026,7,13,3
dep-204368,2026,8,13,3
dep-204368,2026,9,13,3
dep-204368,2026,10,15,3
dep-204369,2023,2,13,0
dep-204369,2023,3,13,0
dep-204369,2023,4,11,0
dep-204369,2023,5,11,0
dep-204369,2023,6,11,0
dep-204369,2023,7,11,0
dep-204369,2023,8,11,0
dep-204369,2023,9,12,0
dep-204369,2023,10,12,0
dep-204369,2023,11,12,0
dep-204369,2023,12,12,0
dep-204369,2024,1,12,0
dep-204369,2024,2,11,0
dep-204369,2024,3,11,0
dep-204369,2024,4,11,0
dep-204369,2024,5,11,0
dep-204369,2024,6,11,0
dep-204369,2024,7,11,0
dep-204369,2024,8,10,0
dep-204369,2024,9,10,0
dep-204369,2024,10,10,0
dep-204369,2024,11,10,0
dep-204369,2024,12,11,0
dep-204369,2025,1,11,0
dep-204369,2025,2,10,0
dep-204369,2025,3,10,0
dep-204369,2025,4,11,0
dep-204369,2025,5,12,0
dep-204369,2025,6,13,0
dep-204369,2025,7,13,1
dep-204369,2025,8,12,1
dep-204369,2025,9,12,1
dep-204369,2025,10,12,1
dep-204369,2025,11,12,1
dep-204369,2025,12,13,1
dep-204369,2026,1,13,1
dep-204369,2026,2,11,1
dep-204369,2026,3,6,0
dep-204369,2026,4,6,0
dep-204369,2026,5,6,0
dep-204369,2026,6,7,0
dep-204369,2026,7,11,0
dep-204369,2026,8,11,0
dep-204369,2026,9,11,0
dep-204369,2026,10,11,0
dep-204372,2023,2,25,2
dep-204372,2023,3,23,2
dep-204372,2023,4,24,1
dep-204372,2023,5,25,1
dep-204372,2023,7,24,0
dep-204372,2023,8,24,0
dep-204372,2023,10,24,1
dep-204372,2024,1,23,1
dep-204372,2024,2,25,1
dep-204372,2024,3,21,1
dep-204372,2024,4,21,1
dep-204372,2024,5,22,1
dep-204372,2024,6,22,1
dep-204372,2024,7,22,1
dep-204372,2024,8,22,1
dep-204372,2024,9,22,1
dep-204372,2024,10,22,1
dep-204372,2024,11,22,1
dep-204372,2024,12,22,1
dep-204372,2025,1,22,1
dep-204372,2025,2,22,1
dep-204372,2025,3,23,1
dep-204372,2025,4,23,1
dep-204372,2025,5,24,1
dep-204372,2025,6,21,1
dep-204372,2025,7,21,1
dep-204372,2025,8,22,1
dep-204372,2025,9,21,1
dep-204372,2025,10,21,1
dep-204372,2025,11,21,1
dep-204372,2025,12,21,1
dep-204372,2026,1,19,1
dep-204372,2026,2,20,1
dep-204372,2026,3,19,2
dep-204372,2026,4,20,2
dep-204372,2026,5,21,2
dep-204372,2026,6,21,2
dep-204372,2026,7,22,2
dep-204372,2026,8,22,2
dep-204372,2026,9,22,2
dep-204372,2026,10,23,2
dep-204374,2023,2,19,0
dep-204374,2023,3,20,1
dep-204374,2023,4,19,1
dep-204374,2023,5,19,1
dep-204374,2023,6,19,1
dep-204374,2023,7,19,1
dep-204374,2023,8,19,1
dep-204374,2023,9,19,1
dep-204374,2023,10,19,1
dep-204374,2023,11,19,1
dep-204374,2023,12,19,1
dep-204374,2024,1,19,1
dep-204374,2024,2,19,1
dep-204374,2024,3,20,1
dep-204374,2024,4,19,1
dep-204374,2024,5,20,1
dep-204374,2024,6,19,2
dep-204374,2024,7,19,2
dep-204374,2024,8,19,2
dep-204374,2024,9,19,2
dep-204374,2024,10,19,2
dep-204374,2024,11,19,2
dep-204374,2024,12,19,2
dep-204374,2025,1,19,2
dep-204374,2025,2,19,2
dep-204374,2025,3,20,4
dep-204374,2025,4,20,4
dep-204374,2025,5,20,3
dep-204374,2025,6,20,3
dep-204374,2025,7,19,3
dep-204374,2025,8,20,3
dep-204374,2025,9,20,3
dep-204374,2025,10,20,3
dep-204374,2025,11,20,3
dep-204374,2025,12,20,3
dep-204374,2026,1,20,3
dep-204374,2026,2,20,3
dep-204374,2026,3,2,3
dep-204374,2026,4,2,3
dep-204374,2026,5,8,3
dep-204374,2026,6,8,3
dep-204374,2026,7,21,3
dep-204374,2026,8,21,3
dep-204374,2026,9,21,3
dep-204374,2026,10,21,3
dep-204376,2025,5,0,1
dep-204376,2025,6,0,1
dep-204376,2025,7,0,1
dep-204376,2025,8,0,1
dep-204378,2023,2,16,0
dep-204378,2023,3,15,3
dep-204378,2023,4,15,3
dep-204378,2023,5,16,3
dep-204378,2023,6,16,4
dep-204378,2023,7,16,3
dep-204378,2023,8,17,4
dep-204378,2023,9,17,3
dep-204378,2023,10,18,3
dep-204378,2023,11,15,3
dep-204378,2023,12,15,3
dep-204378,2024,1,15,2
dep-204378,2024,2,14,2
dep-204378,2024,3,15,3
dep-204378,2024,4,14,3
dep-204378,2024,5,14,3
dep-204378,2024,6,15,3
dep-204378,2024,7,14,3
dep-204378,2024,8,13,3
dep-204378,2024,9,14,3
dep-204378,2024,10,15,3
dep-204378,2024,11,15,3
dep-204378,2024,12,15,3
dep-204378,2025,1,17,3
dep-204378,2025,2,16,3
dep-204378,2025,3,15,4
dep-204378,2025,4,13,3
dep-204378,2025,5,13,3
dep-204378,2025,6,16,4
dep-204378,2025,7,15,3
dep-204378,2025,8,16,3
dep-204378,2025,9,16,3
dep-204378,2025,10,16,3
dep-204378,2025,11,19,4
dep-204378,2025,12,15,3
dep-204378,2026,1,15,3
dep-204378,2026,2,15,3
dep-204378,2026,3,13,3
dep-204378,2026,4,16,3
dep-204378,2026,5,16,3
dep-204378,2026,6,17,3
dep-204378,2026,7,19,3
dep-204378,2026,8,22,3
dep-204378,2026,9,22,3
dep-204378,2026,10,22,3
dep-204379,2023,2,27,0
dep-204379,2023,3,28,4
dep-204379,2023,4,25,4
dep-204379,2023,5,25,5
dep-204379,2023,6,25,5
dep-204379,2023,7,27,7
dep-204379,2023,8,27,6
dep-204379,2023,9,25,8
dep-204379,2023,10,26,8
dep-204379,2023,11,25,8
dep-204379,2023,12,25,8
dep-204379,2024,1,23,8
dep-204379,2024,2,22,9
dep-204379,2024,3,23,9
dep-204379,2024,4,23,9
dep-204379,2024,5,24,9
dep-204379,2024,6,24,8
dep-204379,2024,7,22,6
dep-204379,2024,8,23,8
dep-204379,2024,9,24,8
dep-204379,2024,10,23,8
dep-204379,2024,11,23,8
dep-204379,2024,12,23,8
dep-204379,2025,1,24,8
dep-204379,2025,2,24,8
dep-204379,2025,3,24,8
dep-204379,2025,4,24,8
dep-204379,2025,5,25,4
dep-204379,2025,6,25,5
dep-204379,2025,7,25,6
dep-204379,2025,8,25,6
dep-204379,2025,9,25,6
dep-204379,2025,10,25,6
dep-204379,2025,11,25,6
dep-204379,2025,12,25,6
dep-204379,2026,1,25,6
dep-204379,2026,2,25,6
dep-204379,2026,3,17,5
dep-204379,2026,4,17,5
dep-204379,2026,5,19,5
dep-204379,2026,6,22,5
dep-204379,2026,7,23,5
dep-204379,2026,8,23,6
dep-204379,2026,9,23,6
dep-204379,2026,10,23,6
dep-204387,2023,2,9,1
dep-204387,2023,3,9,1
dep-204387,2023,4,8,1
dep-204387,2023,5,8,1
dep-204387,2023,6,8,1
dep-204387,2023,7,8,1
dep-204387,2023,8,8,1
dep-204387,2023,9,8,1
dep-204387,2023,10,8,1
dep-204387,2023,11,8,1
dep-204387,2023,12,8,1
dep-204387,2024,1,8,1
dep-204387,2024,2,8,1
dep-204387,2024,3,8,1
dep-204387,2024,4,8,1
dep-204387,2024,5,8,1
dep-204387,2024,6,8,1
dep-204387,2024,7,8,1
dep-204387,2024,8,8,1
dep-204387,2024,9,8,1
dep-204387,2024,10,8,1
dep-204387,2024,11,8,1
dep-204387,2024,12,8,1
dep-204387,2025,1,8,1
dep-204387,2025,2,8,1
dep-204387,2025,3,9,1
dep-204387,2025,4,8,1
dep-204387,2025,5,8,1
dep-204387,2025,6,8,1
dep-204387,2025,7,8,1
dep-204387,2025,8,8,1
dep-204387,2025,9,8,1
dep-204387,2025,10,8,1
dep-204387,2025,11,8,1
dep-204387,2025,12,8,1
dep-204387,2026,1,8,1
dep-204387,2026,2,8,1
dep-204387,2026,3,1,1
dep-204387,2026,4,6,1
dep-204387,2026,5,7,0
dep-204387,2026,6,8,0
dep-204387,2026,7,8,1
dep-204387,2026,8,8,1
dep-204387,2026,9,8,1
dep-204387,2026,10,8,1
dep-204388,2023,2,19,1
dep-204388,2023,3,15,1
dep-204388,2023,4,14,1
dep-204388,2023,5,18,1
dep-204388,2023,6,18,1
dep-204388,2023,7,19,1
dep-204388,2023,8,19,1
dep-204388,2023,9,17,1
dep-204388,2023,10,19,1
dep-204388,2023,11,20,1
dep-204388,2023,12,19,1
dep-204388,2024,1,18,1
dep-204388,2024,2,18,1
dep-204388,2024,3,17,1
dep-204388,2024,4,16,1
dep-204388,2024,5,15,1
dep-204388,2024,6,14,1
dep-204388,2024,7,15,1
dep-204388,2024,8,15,1
dep-204388,2024,9,14,1
dep-204388,2024,10,16,1
dep-204388,2024,11,14,1
dep-204388,2024,12,14,1
dep-204388,2025,1,15,1
dep-204388,2025,2,15,1
dep-204388,2025,3,16,1
dep-204388,2025,4,23,1
dep-204388,2025,5,21,1
dep-204388,2025,6,20,1
dep-204388,2025,7,21,1
dep-204388,2025,8,21,1
dep-204388,2025,9,21,1
dep-204388,2025,10,21,1
dep-204388,2025,11,22,1
dep-204388,2025,12,22,1
dep-204388,2026,1,21,1
dep-204388,2026,2,17,1
dep-204388,2026,3,12,1
dep-204388,2026,4,12,1
dep-204388,2026,5,12,1
dep-204388,2026,6,12,1
dep-204388,2026,7,17,1
dep-204388,2026,8,17,1
dep-204388,2026,9,17,1
dep-204388,2026,10,17,1
dep-204390,2023,2,26,1
dep-204390,2023,3,25,2
dep-204390,2023,4,24,2
dep-204390,2023,5,25,2
dep-204390,2023,6,25,2
dep-204390,2023,7,26,2
dep-204390,2023,8,25,2
dep-204390,2023,9,25,2
dep-204390,2023,10,25,2
dep-204390,2023,11,24,2
dep-204390,2023,12,24,2
dep-204390,2024,1,23,2
dep-204390,2024,2,23,2
dep-204390,2024,3,23,2
dep-204390,2024,4,23,2
dep-204390,2024,5,23,2
dep-204390,2024,6,23,2
dep-204390,2024,7,23,2
dep-204390,2024,8,23,2
dep-204390,2024,9,23,2
dep-204390,2024,10,23,2
dep-204390,2024,11,24,2
dep-204390,2024,12,25,2
dep-204390,2025,1,23,2
dep-204390,2025,2,26,2
dep-204390,2025,3,24,2
dep-204390,2025,4,24,2
dep-204390,2025,5,24,2
dep-204390,2025,6,24,2
dep-204390,2025,7,24,2
dep-204390,2025,8,24,2
dep-204390,2025,9,24,2
dep-204390,2025,10,24,2
dep-204390,2025,11,24,2
dep-204390,2025,12,24,2
dep-204390,2026,1,24,2
dep-204390,2026,2,24,2
dep-204390,2026,3,16,2
dep-204390,2026,4,16,2
dep-204390,2026,5,16,2
dep-204390,2026,6,16,2
dep-204390,2026,7,18,2
dep-204390,2026,8,18,2
dep-204390,2026,9,18,2
dep-204390,2026,10,19,2
dep-204391,2023,2,24,4
dep-204391,2023,3,24,5
dep-204391,2023,4,24,5
dep-204391,2023,5,25,5
dep-204391,2023,6,23,5
dep-204391,2023,7,23,5
dep-204391,2023,8,24,5
dep-204391,2023,9,24,4
dep-204391,2023,10,24,5
dep-204391,2023,11,24,5
dep-204391,2023,12,24,5
dep-204391,2024,1,25,5
dep-204391,2024,2,24,5
dep-204391,2024,3,24,5
dep-204391,2024,4,24,5
dep-204391,2024,5,24,5
dep-204391,2024,6,24,5
dep-204391,2024,7,25,5
dep-204391,2024,8,24,4
dep-204391,2024,9,25,4
dep-204391,2024,10,24,4
dep-204391,2024,11,24,4
dep-204391,2024,12,24,4
dep-204391,2025,1,17,4
dep-204391,2025,2,18,4
dep-204391,2025,3,18,3
dep-204391,2025,4,18,3
dep-204391,2025,5,20,3
dep-204391,2025,6,21,3
dep-204391,2025,7,20,3
dep-204391,2025,8,20,3
dep-204391,2025,9,20,3
dep-204391,2025,10,21,3
dep-204391,2025,11,21,3
dep-204391,2025,12,21,3
dep-204391,2026,1,21,3
dep-204391,2026,2,21,3
dep-204391,2026,3,20,3
dep-204391,2026,4,21,3
dep-204391,2026,5,22,3
dep-204391,2026,6,23,3
dep-204391,2026,7,23,3
dep-204391,2026,8,23,3
dep-204391,2026,9,23,3
dep-204391,2026,10,23,3
dep-204394,2023,2,23,3
dep-204394,2023,3,22,2
dep-204394,2023,4,22,2
dep-204394,2023,5,22,2
dep-204394,2023,6,23,3
dep-204394,2023,7,23,2
dep-204394,2023,8,22,2
dep-204394,2023,9,22,2
dep-204394,2023,10,22,2
dep-204394,2023,11,23,2
dep-204394,2023,12,24,2
dep-204394,2024,1,24,2
dep-204394,2024,2,25,2
dep-204394,2024,3,25,2
dep-204394,2024,4,25,3
dep-204394,2024,5,23,3
dep-204394,2024,6,25,3
dep-204394,2024,7,26,3
dep-204394,2024,8,25,3
dep-204394,2024,9,24,3
dep-204394,2024,10,23,3
dep-204394,2024,11,24,3
dep-204394,2024,12,24,3
dep-204394,2025,1,24,3
dep-204394,2025,2,24,3
dep-204394,2025,3,23,3
dep-204394,2025,4,23,3
dep-204394,2025,5,24,3
dep-204394,2025,6,24,3
dep-204394,2025,7,24,3
dep-204394,2025,8,25,3
dep-204394,2025,9,25,3
dep-204394,2025,10,25,3
dep-204394,2025,11,25,3
dep-204394,2025,12,26,3
dep-204394,2026,1,25,3
dep-204394,2026,2,25,3
dep-204394,2026,3,21,3
dep-204394,2026,4,21,3
dep-204394,2026,5,24,3
dep-204394,2026,6,24,3
dep-204394,2026,7,24,3
dep-204394,2026,8,24,3
dep-204394,2026,9,25,3
dep-204394,2026,10,25,3
dep-204395,2023,2,14,4
dep-204395,2023,3,12,4
dep-204395,2023,4,12,4
dep-204395,2023,5,12,4
dep-204395,2023,6,12,4
dep-204395,2023,7,12,4
dep-204395,2023,8,12,4
dep-204395,2023,9,12,4
dep-204395,2023,10,12,4
dep-204395,2023,11,13,4
dep-204395,2023,12,12,4
dep-204395,2024,1,12,4
dep-204395,2024,2,12,4
dep-204395,2024,3,12,4
dep-204395,2024,4,12,4
dep-204395,2024,5,12,4
dep-204395,2024,6,12,4
dep-204395,2024,7,11,4
dep-204395,2024,8,10,4
dep-204395,2024,9,10,4
dep-204395,2024,10,11,4
dep-204395,2024,11,11,4
dep-204395,2024,12,11,4
dep-204395,2025,1,11,4
dep-204395,2025,2,12,4
dep-204395,2025,3,10,4
dep-204395,2025,4,10,4
dep-204395,2025,5,11,4
dep-204395,2025,6,11,4
dep-204395,2025,7,11,4
dep-204395,2025,8,11,4
dep-204395,2025,9,11,4
dep-204395,2025,10,11,4
dep-204395,2025,11,11,4
dep-204395,2025,12,11,4
dep-204395,2026,1,11,4
dep-204395,2026,2,11,4
dep-204395,2026,3,9,4
dep-204395,2026,4,10,4
dep-204395,2026,5,10,4
dep-204395,2026,6,12,4
dep-204395,2026,7,12,4
dep-204395,2026,8,12,4
dep-204395,2026,9,12,4
dep-204395,2026,10,12,4
dep-204396,2023,2,20,6
dep-204396,2023,3,21,4
dep-204396,2023,4,22,5
dep-204396,2023,5,20,8
dep-204396,2023,6,21,8
dep-204396,2023,7,21,8
dep-204396,2023,8,21,8
dep-204396,2023,9,21,8
dep-204396,2023,10,21,8
dep-204396,2023,11,21,8
dep-204396,2023,12,21,8
dep-204396,2024,1,21,7
dep-204396,2024,2,22,8
dep-204396,2024,3,22,8
dep-204396,2024,4,23,8
dep-204396,2024,5,23,8
dep-204396,2024,6,23,8
dep-204396,2024,7,23,9
dep-204396,2024,8,24,8
dep-204396,2024,9,23,8
dep-204396,2024,10,22,8
dep-204396,2024,11,22,8
dep-204396,2024,12,22,7
dep-204396,2025,1,22,6
dep-204396,2025,2,23,7
dep-204396,2025,3,25,6
dep-204396,2025,4,24,1
dep-204396,2025,5,24,1
dep-204396,2025,6,24,1
dep-204396,2025,7,25,1
dep-204396,2025,8,25,3
dep-204396,2025,9,25,4
dep-204396,2025,10,24,3
dep-204396,2025,11,23,3
dep-204396,2025,12,24,4
dep-204396,2026,1,23,4
dep-204396,2026,2,24,4
dep-204396,2026,3,19,4
dep-204396,2026,4,24,4
dep-204396,2026,5,24,4
dep-204396,2026,6,25,4
dep-204396,2026,7,25,4
dep-204396,2026,8,25,4
dep-204396,2026,9,25,4
dep-204396,2026,10,25,4
dep-204398,2023,2,10,2
dep-204398,2023,3,9,2
dep-204398,2023,4,9,3
dep-204398,2023,5,10,3
dep-204398,2023,6,9,3
dep-204398,2023,7,9,3
dep-204398,2023,8,9,4
dep-204398,2023,9,9,4
dep-204398,2023,10,9,5
dep-204398,2023,11,9,5
dep-204398,2023,12,9,5
dep-204398,2024,1,9,5
dep-204398,2024,2,9,5
dep-204398,2024,3,10,5
dep-204398,2024,4,11,4
dep-204398,2024,5,11,4
dep-204398,2024,6,12,4
dep-204398,2024,7,15,4
dep-204398,2024,8,13,4
dep-204398,2024,9,13,4
dep-204398,2024,10,13,5
dep-204398,2024,11,13,5
dep-204398,2024,12,14,5
dep-204398,2025,1,13,5
dep-204398,2025,2,13,5
dep-204398,2025,3,13,3
dep-204398,2025,4,15,3
dep-204398,2025,5,15,3
dep-204398,2025,6,14,4
dep-204398,2025,7,14,3
dep-204398,2025,8,14,3
dep-204398,2025,9,14,3
dep-204398,2025,10,14,3
dep-204398,2025,11,13,4
dep-204398,2025,12,13,4
dep-204398,2026,1,11,4
dep-204398,2026,2,12,4
dep-204398,2026,3,8,4
dep-204398,2026,4,10,4
dep-204398,2026,5,13,4
dep-204398,2026,6,20,4
dep-204398,2026,7,21,4
dep-204398,2026,8,25,4
dep-204398,2026,9,25,4
dep-204398,2026,10,25,4
dep-204404,2023,2,14,1
dep-204404,2023,3,13,1
dep-204404,2023,4,14,1
dep-204404,2023,5,14,1
dep-204404,2023,6,14,1
dep-204404,2023,7,15,1
dep-204404,2023,8,14,1
dep-204404,2023,9,14,1
dep-204404,2023,10,14,1
dep-204404,2023,11,14,1
dep-204404,2023,12,14,1
dep-204404,2024,1,14,1
dep-204404,2024,2,14,1
dep-204404,2024,3,14,1
dep-204404,2024,4,14,1
dep-204404,2024,5,14,1
dep-204404,2024,6,14,1
dep-204404,2024,7,14,1
dep-204404,2024,8,14,1
dep-204404,2024,9,14,1
dep-204404,2024,10,14,1
dep-204404,2024,11,14,1
dep-204404,2024,12,14,1
dep-204404,2025,1,14,1
dep-204404,2025,2,14,1
dep-204404,2025,3,15,1
dep-204404,2025,4,15,1
dep-204404,2025,5,14,1
dep-204404,2025,6,14,1
dep-204404,2025,7,14,1
dep-204404,2025,8,14,1
dep-204404,2025,9,14,1
dep-204404,2025,10,14,1
dep-204404,2025,11,14,1
dep-204404,2025,12,14,1
dep-204404,2026,1,14,1
dep-204404,2026,2,14,1
dep-204404,2026,3,11,1
dep-204404,2026,4,13,1
dep-204404,2026,5,13,1
dep-204404,2026,6,13,1
dep-204404,2026,7,14,1
dep-204404,2026,8,14,1
dep-204404,2026,9,14,1
dep-204404,2026,10,14,1
dep-204406,2023,2,24,4
dep-204406,2023,3,25,4
dep-204406,2023,4,22,4
dep-204406,2023,5,22,4
dep-204406,2023,6,22,4
dep-204406,2023,7,23,4
dep-204406,2023,8,23,4
dep-204406,2023,9,23,4
dep-204406,2023,10,23,4
dep-204406,2023,11,23,4
dep-204406,2023,12,23,4
dep-204406,2024,1,23,4
dep-204406,2024,2,23,4
dep-204406,2024,3,23,4
dep-204406,2024,4,23,4
dep-204406,2024,5,23,4
dep-204406,2024,6,23,4
dep-204406,2024,7,23,4
dep-204406,2024,8,24,3
dep-204406,2024,9,23,4
dep-204406,2024,10,23,4
dep-204406,2024,11,23,4
dep-204406,2024,12,23,4
dep-204406,2025,1,23,4
dep-204406,2025,2,22,4
dep-204406,2025,3,23,3
dep-204406,2025,4,23,3
dep-204406,2025,5,26,3
dep-204406,2025,6,24,3
dep-204406,2025,7,22,3
dep-204406,2025,8,23,3
dep-204406,2025,9,24,3
dep-204406,2025,10,24,3
dep-204406,2025,11,24,3
dep-204406,2025,12,24,3
dep-204406,2026,1,24,3
dep-204406,2026,2,24,3
dep-204406,2026,3,21,3
dep-204406,2026,4,21,3
dep-204406,2026,5,21,3
dep-204406,2026,6,23,4
dep-204406,2026,7,24,3
dep-204406,2026,8,25,3
dep-204406,2026,9,25,3
dep-204406,2026,10,25,3
dep-204407,2023,2,25,0
dep-204407,2023,3,25,0
dep-204407,2023,4,24,0
dep-204407,2023,5,23,0
dep-204407,2023,6,23,0
dep-204407,2023,7,24,0
dep-204407,2023,8,24,0
dep-204407,2023,9,24,0
dep-204407,2023,10,24,0
dep-204407,2023,11,24,0
dep-204407,2023,12,24,0
dep-204407,2024,1,24,0
dep-204407,2024,2,24,0
dep-204407,2024,3,24,0
dep-204407,2024,4,24,0
dep-204407,2024,5,25,0
dep-204407,2024,6,24,0
dep-204407,2024,7,27,0
dep-204407,2024,8,23,0
dep-204407,2024,9,22,0
dep-204407,2024,10,23,0
dep-204407,2024,11,21,0
dep-204407,2024,12,22,0
dep-204407,2025,1,24,0
dep-204407,2025,2,22,0
dep-204407,2025,3,22,0
dep-204407,2025,4,22,0
dep-204407,2025,5,22,0
dep-204407,2025,6,22,0
dep-204407,2025,7,22,0
dep-204407,2025,8,22,0
dep-204407,2025,9,21,0
dep-204407,2025,10,23,0
dep-204407,2025,11,21,0
dep-204407,2025,12,21,0
dep-204407,2026,1,21,0
dep-204407,2026,2,21,0
dep-204407,2026,3,17,0
dep-204407,2026,4,17,0
dep-204407,2026,5,18,0
dep-204407,2026,6,19,0
dep-204407,2026,7,22,0
dep-204407,2026,8,23,0
dep-204407,2026,9,23,0
dep-204407,2026,10,23,0
dep-204408,2023,2,9,2
dep-204408,2023,3,10,3
dep-204408,2023,4,9,3
dep-204408,2023,5,9,3
dep-204408,2023,6,9,3
dep-204408,2023,7,10,3
dep-204408,2023,8,9,3
dep-204408,2023,9,9,3
dep-204408,2023,10,9,3
dep-204408,2023,11,9,3
dep-204408,2023,12,9,3
dep-204408,2024,1,9,3
dep-204408,2024,2,9,3
dep-204408,2024,3,9,3
dep-204408,2024,4,9,3
dep-204408,2024,5,9,3
dep-204408,2024,6,9,3
dep-204408,2024,7,9,3
dep-204408,2024,8,9,3
dep-204408,2024,9,9,3
dep-204408,2024,10,9,3
dep-204408,2024,11,9,3
dep-204408,2024,12,9,3
dep-204408,2025,1,10,3
dep-204408,2025,2,9,3
dep-204408,2025,3,9,3
dep-204408,2025,4,9,3
dep-204408,2025,5,9,3
dep-204408,2025,6,9,3
dep-204408,2025,7,9,3
dep-204408,2025,8,9,3
dep-204408,2025,9,9,3
dep-204408,2025,10,9,3
dep-204408,2025,11,10,3
dep-204408,2025,12,9,3
dep-204408,2026,1,9,3
dep-204408,2026,2,9,3
dep-204408,2026,3,8,3
dep-204408,2026,4,8,3
dep-204408,2026,5,10,3
dep-204408,2026,6,11,3
dep-204408,2026,7,11,3
dep-204408,2026,8,11,3
dep-204408,2026,9,11,3
dep-204408,2026,10,11,3
dep-204409,2023,2,13,2
dep-204409,2023,3,12,2
dep-204409,2023,4,13,2
dep-204409,2023,5,12,2
dep-204409,2023,6,13,2
dep-204409,2023,7,13,2
dep-204409,2023,8,13,2
dep-204409,2023,9,13,2
dep-204409,2023,10,14,2
dep-204409,2023,11,13,2
dep-204409,2023,12,13,2
dep-204409,2024,1,13,2
dep-204409,2024,2,15,2
dep-204409,2024,3,15,2
dep-204409,2024,4,15,2
dep-204409,2024,5,15,2
dep-204409,2024,6,14,2
dep-204409,2024,7,14,2
dep-204409,2024,8,14,2
dep-204409,2024,9,13,2
dep-204409,2024,10,13,2
dep-204409,2024,11,12,2
dep-204409,2024,12,13,2
dep-204409,2025,1,13,1
dep-204409,2025,2,12,1
dep-204409,2025,3,11,2
dep-204409,2025,4,12,2
dep-204409,2025,5,15,2
dep-204409,2025,6,15,1
dep-204409,2025,7,15,1
dep-204409,2025,8,15,1
dep-204409,2025,9,16,1
dep-204409,2025,10,15,1
dep-204409,2025,11,16,1
dep-204409,2025,12,16,1
dep-204409,2026,1,15,2
dep-204409,2026,2,14,2
dep-204409,2026,3,5,2
dep-204409,2026,4,5,2
dep-204409,2026,5,8,2
dep-204409,2026,6,10,2
dep-204409,2026,7,16,2
dep-204409,2026,8,16,2
dep-204409,2026,9,17,2
dep-204409,2026,10,17,2
dep-204410,2023,2,21,2
dep-204410,2023,3,20,1
dep-204410,2023,4,20,1
dep-204410,2023,5,21,1
dep-204410,2023,6,21,1
dep-204410,2023,7,21,1
dep-204410,2023,8,20,1
dep-204410,2023,9,20,1
dep-204410,2023,10,20,1
dep-204410,2023,11,20,1
dep-204410,2023,12,20,1
dep-204410,2024,1,20,1
dep-204410,2024,2,20,1
dep-204410,2024,3,18,1
dep-204410,2024,4,20,1
dep-204410,2024,5,19,1
dep-204410,2024,6,21,1
dep-204410,2024,7,17,1
dep-204410,2024,8,17,1
dep-204410,2024,9,18,1
dep-204410,2024,10,17,1
dep-204410,2024,11,17,1
dep-204410,2024,12,17,1
dep-204410,2025,1,19,1
dep-204410,2025,2,22,2
dep-204410,2025,3,23,2
dep-204410,2025,4,24,2
dep-204410,2025,5,25,2
dep-204410,2025,6,25,2
dep-204410,2025,7,25,2
dep-204410,2025,8,25,2
dep-204410,2025,9,25,2
dep-204410,2025,10,24,2
dep-204410,2025,11,25,2
dep-204410,2025,12,25,2
dep-204410,2026,1,22,2
dep-204410,2026,2,23,2
dep-204410,2026,3,16,2
dep-204410,2026,4,17,2
dep-204410,2026,5,18,2
dep-204410,2026,6,19,2
dep-204410,2026,7,19,2
dep-204410,2026,8,20,2
dep-204410,2026,9,23,2
dep-204410,2026,10,23,2
dep-204411,2023,2,13,0
dep-204411,2023,3,17,0
dep-204411,2023,4,17,1
dep-204411,2023,5,18,1
dep-204411,2023,6,18,1
dep-204411,2023,7,18,1
dep-204411,2023,8,18,1
dep-204411,2023,9,19,1
dep-204411,2023,10,17,1
dep-204411,2023,11,17,1
dep-204411,2023,12,18,1
dep-204411,2024,1,18,1
dep-204411,2024,2,17,1
dep-204411,2024,3,15,1
dep-204411,2024,4,16,1
dep-204411,2024,5,16,1
dep-204411,2024,6,17,1
dep-204411,2024,7,17,1
dep-204411,2024,8,16,1
dep-204411,2024,9,16,1
dep-204411,2024,10,15,1
dep-204411,2024,11,15,0
dep-204411,2024,12,15,1
dep-204411,2025,1,16,1
dep-204411,2025,2,15,1
dep-204411,2025,3,15,1
dep-204411,2025,4,15,1
dep-204411,2025,5,15,1
dep-204411,2025,6,14,0
dep-204411,2025,7,14,0
dep-204411,2025,8,14,0
dep-204411,2025,9,14,0
dep-204411,2025,10,14,0
dep-204411,2025,11,15,0
dep-204411,2025,12,14,0
dep-204411,2026,1,14,0
dep-204411,2026,2,14,0
dep-204411,2026,3,8,0
dep-204411,2026,4,8,0
dep-204411,2026,5,8,0
dep-204411,2026,6,8,0
dep-204411,2026,7,9,0
dep-204411,2026,8,10,0
dep-204411,2026,9,10,0
dep-204411,2026,10,10,0
dep-204412,2023,2,11,1
dep-204412,2023,3,11,1
dep-204412,2023,4,10,1
dep-204412,2023,5,10,1
dep-204412,2023,6,11,1
dep-204412,2023,7,10,1
dep-204412,2023,8,11,1
dep-204412,2023,9,11,1
dep-204412,2023,10,12,1
dep-204412,2023,11,12,1
dep-204412,2023,12,12,1
dep-204412,2024,1,12,1
dep-204412,2024,2,12,1
dep-204412,2024,3,12,1
dep-204412,2024,4,12,1
dep-204412,2024,5,9,1
dep-204412,2024,6,9,1
dep-204412,2024,7,12,1
dep-204412,2024,8,15,1
dep-204412,2024,9,13,0
dep-204412,2024,10,9,1
dep-204412,2024,11,10,2
dep-204412,2024,12,12,2
dep-204412,2025,1,13,2
dep-204412,2025,2,13,2
dep-204412,2025,3,13,2
dep-204412,2025,4,12,2
dep-204412,2025,5,12,2
dep-204412,2025,6,12,2
dep-204412,2025,7,14,2
dep-204412,2025,8,15,2
dep-204412,2025,9,16,3
dep-204412,2025,10,15,2
dep-204412,2025,11,15,2
dep-204412,2025,12,15,2
dep-204412,2026,1,15,2
dep-204412,2026,2,14,1
dep-204412,2026,3,11,1
dep-204412,2026,4,11,0
dep-204412,2026,5,11,0
dep-204412,2026,6,13,0
dep-204412,2026,7,13,0
dep-204412,2026,8,13,0
dep-204412,2026,9,14,0
dep-204412,2026,10,15,0
dep-204416,2023,2,15,0
dep-204416,2023,3,16,1
dep-204416,2023,4,16,1
dep-204416,2023,5,15,1
dep-204416,2023,6,15,1
dep-204416,2023,7,15,1
dep-204416,2023,8,15,1
dep-204416,2023,9,15,1
dep-204416,2023,10,15,1
dep-204416,2023,11,14,1
dep-204416,2023,12,14,1
dep-204416,2024,1,14,1
dep-204416,2024,2,14,1
dep-204416,2024,3,14,1
dep-204416,2024,4,15,1
dep-204416,2024,5,14,0
dep-204416,2024,6,14,0
dep-204416,2024,7,15,0
dep-204416,2024,8,12,0
dep-204416,2024,9,12,0
dep-204416,2024,10,13,0
dep-204416,2024,11,15,0
dep-204416,2024,12,14,0
dep-204416,2025,1,18,0
dep-204416,2025,2,17,1
dep-204416,2025,3,16,1
dep-204416,2025,4,16,1
dep-204416,2025,5,17,1
dep-204416,2025,6,17,1
dep-204416,2025,7,17,1
dep-204416,2025,8,17,1
dep-204416,2025,9,17,1
dep-204416,2025,10,17,1
dep-204416,2025,11,17,1
dep-204416,2025,12,18,1
dep-204416,2026,1,18,1
dep-204416,2026,2,18,1
dep-204416,2026,3,10,1
dep-204416,2026,4,12,1
dep-204416,2026,5,12,1
dep-204416,2026,6,12,1
dep-204416,2026,7,12,1
dep-204416,2026,8,15,1
dep-204416,2026,9,15,1
dep-204416,2026,10,15,1
dep-204419,2023,2,20,2
dep-204419,2023,3,18,4
dep-204419,2023,4,19,3
dep-204419,2023,5,21,3
dep-204419,2023,6,21,3
dep-204419,2023,7,20,3
dep-204419,2023,8,20,4
dep-204419,2023,9,22,3
dep-204419,2023,10,22,4
dep-204419,2023,11,24,3
dep-204419,2023,12,24,3
dep-204419,2024,1,24,3
dep-204419,2024,2,24,3
dep-204419,2024,3,24,3
dep-204419,2024,4,24,3
dep-204419,2024,5,24,3
dep-204419,2024,6,24,3
dep-204419,2024,7,23,4
dep-204419,2024,8,24,3
dep-204419,2024,9,23,3
dep-204419,2024,10,23,3
dep-204419,2024,11,24,3
dep-204419,2024,12,24,4
dep-204419,2025,1,23,3
dep-204419,2025,2,21,3
dep-204419,2025,3,23,4
dep-204419,2025,4,25,4
dep-204419,2025,5,24,3
dep-204419,2025,6,25,3
dep-204419,2025,7,25,3
dep-204419,2025,8,25,3
dep-204419,2025,9,26,3
dep-204419,2025,10,25,3
dep-204419,2025,11,25,3
dep-204419,2025,12,25,3
dep-204419,2026,1,25,3
dep-204419,2026,2,24,3
dep-204419,2026,3,22,3
dep-204419,2026,4,22,3
dep-204419,2026,5,22,3
dep-204419,2026,6,22,3
dep-204419,2026,7,22,3
dep-204419,2026,8,22,3
dep-204419,2026,9,23,3
dep-204419,2026,10,23,3
dep-204422,2023,9,25,2
dep-204422,2023,10,25,2
dep-204422,2023,11,25,2
dep-204422,2023,12,25,2
dep-204422,2024,1,25,2
dep-204422,2024,2,24,2
dep-204422,2024,3,25,2
dep-204422,2024,4,24,2
dep-204422,2024,5,24,2
dep-204422,2024,6,25,2
dep-204422,2024,7,24,2
dep-204422,2024,8,24,2
dep-204422,2024,9,24,2
dep-204422,2024,10,24,2
dep-204422,2024,11,25,2
dep-204422,2024,12,25,2
dep-204422,2025,1,26,2
dep-204422,2025,2,26,2
dep-204422,2025,3,26,2
dep-204422,2025,4,25,2
dep-204422,2025,5,25,2
dep-204422,2025,6,25,2
dep-204422,2025,7,25,2
dep-204422,2025,8,26,2
dep-204422,2025,9,25,2
dep-204422,2025,10,25,2
dep-204422,2025,11,25,2
dep-204422,2025,12,25,2
dep-204422,2026,1,25,2
dep-204422,2026,2,25,2
dep-204422,2026,3,24,2
dep-204423,2023,2,27,2
dep-204423,2023,3,23,4
dep-204423,2023,4,25,4
dep-204423,2023,5,25,3
dep-204423,2023,6,24,3
dep-204423,2023,7,24,3
dep-204423,2023,8,23,3
dep-204423,2023,9,23,3
dep-204423,2023,10,23,3
dep-204423,2023,11,23,3
dep-204423,2023,12,23,3
dep-204423,2024,1,23,3
dep-204423,2024,2,24,5
dep-204423,2024,3,23,4
dep-204423,2024,4,23,4
dep-204423,2024,5,22,4
dep-204423,2024,6,22,4
dep-204423,2024,7,22,4
dep-204423,2024,8,21,4
dep-204423,2024,9,21,4
dep-204423,2024,10,21,4
dep-204423,2024,11,22,4
dep-204423,2024,12,21,4
dep-204423,2025,1,21,4
dep-204423,2025,2,21,7
dep-204423,2025,3,21,7
dep-204423,2025,4,21,7
dep-204423,2025,5,21,7
dep-204423,2025,6,21,8
dep-204423,2025,7,20,8
dep-204423,2025,8,23,8
dep-204423,2025,9,23,7
dep-204423,2025,10,25,7
dep-204423,2025,11,24,7
dep-204423,2025,12,25,7
dep-204423,2026,1,16,7
dep-204423,2026,2,24,8
dep-204423,2026,3,19,7
dep-204423,2026,4,19,7
dep-204423,2026,5,20,7
dep-204423,2026,6,20,7
dep-204423,2026,7,22,8
dep-204423,2026,8,24,8
dep-204423,2026,9,25,8
dep-204423,2026,10,25,8
dep-204425,2023,2,25,2
dep-204425,2023,3,24,2
dep-204425,2023,4,25,2
dep-204425,2023,5,25,2
dep-204425,2023,6,25,2
dep-204425,2023,7,25,2
dep-204425,2023,8,26,2
dep-204425,2023,9,24,2
dep-204425,2025,2,25,0
dep-204425,2025,10,25,0
dep-204425,2026,3,19,2
dep-204425,2026,4,25,2
dep-204425,2026,5,25,2
dep-204425,2026,6,25,2
dep-204425,2026,7,25,2
dep-204425,2026,8,25,2
dep-204425,2026,9,25,2
dep-204425,2026,10,25,2
dep-204426,2023,2,24,3
dep-204426,2023,3,24,4
dep-204426,2023,4,23,4
dep-204426,2023,5,23,4
dep-204426,2023,6,25,5
dep-204426,2023,7,23,4
dep-204426,2023,8,22,4
dep-204426,2023,9,22,4
dep-204426,2023,10,22,4
dep-204426,2023,11,22,4
dep-204426,2023,12,21,5
dep-204426,2024,1,21,5
dep-204426,2024,2,21,6
dep-204426,2024,3,21,6
dep-204426,2024,4,22,6
dep-204426,2024,5,20,6
dep-204426,2024,6,20,6
dep-204426,2024,7,19,6
dep-204426,2024,8,21,6
dep-204426,2024,9,21,6
dep-204426,2024,10,21,6
dep-204426,2024,11,22,6
dep-204426,2024,12,22,6
dep-204426,2025,1,21,6
dep-204426,2025,2,19,6
dep-204426,2025,3,19,4
dep-204426,2025,4,19,4
dep-204426,2025,5,22,3
dep-204426,2025,6,23,2
dep-204426,2025,7,24,2
dep-204426,2025,8,25,3
dep-204426,2025,9,25,3
dep-204426,2025,10,25,3
dep-204426,2025,11,25,3
dep-204426,2025,12,25,3
dep-204426,2026,1,25,3
dep-204426,2026,2,25,2
dep-204426,2026,3,22,2
dep-204426,2026,4,22,2
dep-204426,2026,5,22,2
dep-204426,2026,6,22,2
dep-204426,2026,7,22,2
dep-204426,2026,8,22,2
dep-204426,2026,9,22,2
dep-204426,2026,10,22,2
dep-204427,2023,2,21,1
dep-204427,2023,3,21,0
dep-204427,2023,4,23,1
dep-204427,2023,5,22,1
dep-204427,2023,6,22,1
dep-204427,2023,7,24,1
dep-204427,2023,8,20,1
dep-204427,2023,9,20,1
dep-204427,2023,10,20,1
dep-204427,2023,11,19,1
dep-204427,2023,12,19,1
dep-204427,2024,1,19,1
dep-204427,2024,2,20,1
dep-204427,2024,3,22,1
dep-204427,2024,4,22,1
dep-204427,2024,5,21,1
dep-204427,2024,6,22,3
dep-204427,2024,7,21,2
dep-204427,2024,8,20,2
dep-204427,2024,9,20,2
dep-204427,2024,10,20,2
dep-204427,2024,11,21,2
dep-204427,2024,12,21,2
dep-204427,2025,1,20,2
dep-204427,2025,2,23,2
dep-204427,2025,3,20,2
dep-204427,2025,4,21,2
dep-204427,2025,5,22,2
dep-204427,2025,6,22,2
dep-204427,2025,7,22,2
dep-204427,2025,8,22,2
dep-204427,2025,9,22,2
dep-204427,2025,10,22,3
dep-204427,2025,11,23,2
dep-204427,2025,12,23,2
dep-204427,2026,1,15,2
dep-204427,2026,2,19,2
dep-204427,2026,3,15,2
dep-204427,2026,4,18,2
dep-204427,2026,5,18,3
dep-204427,2026,6,18,2
dep-204427,2026,7,20,2
dep-204427,2026,8,22,2
dep-204427,2026,9,24,2
dep-204427,2026,10,24,2
dep-204431,2023,2,17,2
dep-204431,2023,3,13,1
dep-204431,2023,4,12,1
dep-204431,2023,5,13,1
dep-204431,2023,6,13,1
dep-204431,2023,7,14,1
dep-204431,2023,8,14,1
dep-204431,2023,9,15,1
dep-204431,2023,10,15,1
dep-204431,2023,11,14,1
dep-204431,2023,12,13,1
dep-204431,2024,1,15,1
dep-204431,2024,2,14,1
dep-204431,2024,3,14,1
dep-204431,2024,4,14,1
dep-204431,2024,5,14,1
dep-204431,2024,6,14,1
dep-204431,2024,7,14,1
dep-204431,2024,8,14,1
dep-204431,2024,9,14,1
dep-204431,2024,10,13,1
dep-204431,2024,11,13,1
dep-204431,2024,12,14,1
dep-204431,2025,1,14,1
dep-204431,2025,2,14,1
dep-204431,2025,3,14,1
dep-204431,2025,4,15,1
dep-204431,2025,5,14,1
dep-204431,2025,6,14,1
dep-204431,2025,7,14,1
dep-204431,2025,8,14,1
dep-204431,2025,9,14,1
dep-204431,2025,10,14,1
dep-204431,2025,11,14,1
dep-204431,2025,12,14,1
dep-204431,2026,1,14,1
dep-204431,2026,2,14,1
dep-204431,2026,3,11,1
dep-204431,2026,4,11,1
dep-204431,2026,5,12,1
dep-204431,2026,6,14,1
dep-204431,2026,7,14,1
dep-204431,2026,8,14,1
dep-204431,2026,9,14,1
dep-204431,2026,10,14,1
dep-204433,2023,9,13,1
dep-204433,2023,12,14,0
dep-204433,2024,4,7,2
dep-204433,2024,5,6,2
dep-204433,2024,12,9,1
dep-204433,2025,1,15,1
dep-204433,2025,2,16,1
dep-204436,2023,2,25,3
dep-204436,2023,3,23,2
dep-204436,2023,4,23,2
dep-204436,2023,5,24,2
dep-204436,2023,6,24,3
dep-204436,2023,7,24,2
dep-204436,2023,8,24,3
dep-204436,2023,9,24,3
dep-204436,2023,10,24,3
dep-204436,2023,11,23,3
dep-204436,2023,12,22,3
dep-204436,2024,1,22,3
dep-204436,2024,2,22,3
dep-204436,2024,3,22,3
dep-204436,2024,4,21,3
dep-204436,2024,5,22,3
dep-204436,2024,6,22,3
dep-204436,2024,7,22,2
dep-204436,2024,8,23,2
dep-204436,2024,9,22,3
dep-204436,2024,10,22,3
dep-204436,2024,11,22,3
dep-204436,2024,12,23,3
dep-204436,2025,1,22,3
dep-204436,2025,2,25,4
dep-204436,2025,3,24,4
dep-204436,2025,4,24,4
dep-204436,2025,5,24,4
dep-204436,2025,6,24,4
dep-204436,2025,7,23,3
dep-204436,2025,8,23,3
dep-204436,2025,9,22,3
dep-204436,2025,10,22,3
dep-204436,2025,11,22,3
dep-204436,2025,12,21,3
dep-204436,2026,1,20,3
dep-204436,2026,2,20,3
dep-204436,2026,3,12,3
dep-204436,2026,4,12,3
dep-204436,2026,5,15,3
dep-204436,2026,6,19,2
dep-204436,2026,7,19,2
dep-204436,2026,8,21,2
dep-204436,2026,9,21,2
dep-204436,2026,10,21,2
dep-204441,2023,2,20,1
dep-204441,2023,3,11,0
dep-204441,2023,4,11,1
dep-204441,2023,5,14,1
dep-204441,2023,6,11,1
dep-204441,2023,7,11,1
dep-204441,2023,8,13,1
dep-204441,2023,9,13,1
dep-204441,2023,10,14,1
dep-204441,2023,11,13,1
dep-204441,2023,12,14,1
dep-204441,2024,1,14,1
dep-204441,2024,2,14,1
dep-204441,2024,3,14,1
dep-204441,2024,4,11,1
dep-204441,2024,5,14,3
dep-204441,2024,6,17,2
dep-204441,2024,7,16,2
dep-204441,2024,8,15,2
dep-204441,2024,9,14,2
dep-204441,2024,10,14,2
dep-204441,2024,11,14,2
dep-204441,2024,12,14,2
dep-204441,2025,1,14,2
dep-204441,2025,2,14,2
dep-204441,2025,3,13,2
dep-204441,2025,4,13,3
dep-204441,2025,5,16,2
dep-204441,2025,6,17,2
dep-204441,2025,7,18,2
dep-204441,2025,8,18,2
dep-204441,2025,9,18,2
dep-204441,2025,10,18,2
dep-204441,2025,11,18,2
dep-204441,2025,12,18,2
dep-204441,2026,1,18,2
dep-204441,2026,2,18,2
dep-204441,2026,3,3,2
dep-204441,2026,4,3,2
dep-204441,2026,5,3,2
dep-204441,2026,6,3,2
dep-204441,2026,7,3,2
dep-204441,2026,8,3,2
dep-204441,2026,9,3,2
dep-204441,2026,10,9,2
dep-204444,2023,2,9,0
dep-204444,2023,3,10,0
dep-204444,2023,4,10,0
dep-204444,2023,5,11,0
dep-204444,2023,6,13,0
dep-204444,2023,7,12,0
dep-204444,2023,8,13,0
dep-204444,2023,9,13,0
dep-204444,2023,10,13,0
dep-204444,2023,11,14,0
dep-204444,2023,12,15,0
dep-204444,2024,1,15,0
dep-204444,2024,2,15,0
dep-204444,2024,3,15,0
dep-204444,2024,4,15,0
dep-204444,2024,5,14,0
dep-204444,2024,6,14,0
dep-204444,2024,7,14,0
dep-204444,2024,8,14,0
dep-204444,2024,9,14,0
dep-204444,2024,10,14,0
dep-204444,2024,11,14,0
dep-204444,2024,12,14,0
dep-204444,2025,1,14,0
dep-204444,2025,2,14,0
dep-204444,2025,3,14,0
dep-204444,2025,4,14,0
dep-204444,2025,5,14,0
dep-204444,2025,6,15,0
dep-204444,2025,7,15,0
dep-204444,2025,8,15,0
dep-204444,2025,9,15,0
dep-204444,2025,10,15,0
dep-204444,2025,11,15,0
dep-204444,2025,12,15,0
dep-204444,2026,1,14,0
dep-204444,2026,2,14,0
dep-204444,2026,3,10,0
dep-204444,2026,4,12,0
dep-204444,2026,5,12,0
dep-204444,2026,6,12,1
dep-204444,2026,7,12,1
dep-204444,2026,8,12,1
dep-204444,2026,9,12,1
dep-204444,2026,10,14,1
dep-204445,2023,2,11,0
dep-204445,2023,3,12,0
dep-204445,2023,4,12,0
dep-204445,2023,5,15,1
dep-204445,2023,6,15,1
dep-204445,2023,7,15,1
dep-204445,2023,8,16,1
dep-204445,2023,9,17,1
dep-204445,2023,10,18,1
dep-204445,2023,11,18,1
dep-204445,2023,12,18,1
dep-204445,2024,1,19,1
dep-204445,2024,2,20,1
dep-204445,2024,3,20,1
dep-204445,2024,4,21,1
dep-204445,2024,5,21,1
dep-204445,2024,6,20,1
dep-204445,2024,7,21,1
dep-204445,2024,8,20,1
dep-204445,2024,9,20,1
dep-204445,2024,10,20,1
dep-204445,2024,11,20,1
dep-204445,2024,12,20,1
dep-204445,2025,1,20,1
dep-204445,2025,2,21,1
dep-204445,2025,3,20,1
dep-204445,2025,4,19,1
dep-204445,2025,5,19,1
dep-204445,2025,6,20,2
dep-204445,2025,7,21,2
dep-204445,2025,8,21,2
dep-204445,2025,9,21,2
dep-204445,2025,10,22,2
dep-204445,2025,11,23,2
dep-204445,2025,12,23,2
dep-204445,2026,1,23,2
dep-204445,2026,2,23,2
dep-204445,2026,3,9,2
dep-204445,2026,4,11,1
dep-204445,2026,5,22,2
dep-204445,2026,6,23,2
dep-204445,2026,7,24,2
dep-204445,2026,8,25,2
dep-204445,2026,9,25,2
dep-204445,2026,10,25,2
dep-204448,2023,2,10,2
dep-204448,2023,3,19,2
dep-204448,2023,4,17,2
dep-204448,2023,5,17,2
dep-204448,2023,6,17,2
dep-204448,2023,7,17,2
dep-204448,2023,8,21,2
dep-204448,2023,9,24,2
dep-204448,2025,8,23,0
dep-204448,2025,9,24,0
dep-204448,2025,10,24,0
dep-204448,2025,11,24,0
dep-204448,2025,12,24,0
dep-204448,2026,1,24,0
dep-204448,2026,2,24,0
dep-204448,2026,3,24,0
dep-204449,2024,5,1,0
dep-204449,2024,6,4,0
dep-204449,2024,7,7,0
dep-204449,2024,8,10,0
dep-204449,2024,9,11,0
dep-204449,2024,10,10,0
dep-204449,2024,11,10,1
dep-204449,2024,12,9,1
dep-204449,2025,1,9,1
dep-204449,2025,2,9,1
dep-204449,2025,3,9,1
dep-204449,2025,4,9,1
dep-204449,2025,5,10,1
dep-204449,2025,6,9,1
dep-204449,2025,7,10,1
dep-204449,2025,8,10,1
dep-204449,2025,9,10,1
dep-204449,2025,10,10,1
dep-204449,2025,11,10,1
dep-204449,2025,12,10,1
dep-204449,2026,1,10,1
dep-204449,2026,2,10,1
dep-204449,2026,3,7,1
dep-204449,2026,4,7,1
dep-204449,2026,5,9,1
dep-204449,2026,6,9,1
dep-204449,2026,7,9,1
dep-204449,2026,8,9,1
dep-204449,2026,9,9,1
dep-204449,2026,10,9,1
dep-204450,2023,2,18,0
dep-204450,2023,9,24,2
dep-204450,2023,10,12,2
dep-204450,2023,11,12,1
dep-204450,2023,12,14,1
dep-204450,2024,1,14,1
dep-204450,2024,2,14,1
dep-204450,2024,3,14,1
dep-204450,2024,4,14,1
dep-204450,2024,5,12,1
dep-204450,2024,6,13,1
dep-204450,2024,7,12,1
dep-204450,2024,8,13,1
dep-204450,2024,9,13,1
dep-204450,2024,10,13,1
dep-204450,2024,11,13,1
dep-204450,2024,12,13,1
dep-204450,2025,1,13,1
dep-204450,2025,2,13,1
dep-204450,2025,3,12,1
dep-204450,2025,4,13,1
dep-204450,2025,5,14,1
dep-204450,2025,6,14,1
dep-204450,2025,7,14,1
dep-204450,2025,8,15,1
dep-204450,2025,9,14,1
dep-204450,2025,10,14,1
dep-204450,2025,11,13,1
dep-204450,2025,12,13,1
dep-204450,2026,1,13,1
dep-204450,2026,2,14,1
dep-204450,2026,3,11,1
dep-204450,2026,4,11,1
dep-204450,2026,5,13,1
dep-204450,2026,6,14,1
dep-204450,2026,7,15,1
dep-204450,2026,8,15,1
dep-204450,2026,9,15,1
dep-204450,2026,10,15,1
dep-204453,2023,2,22,0
dep-204453,2023,3,21,0
dep-204453,2023,4,20,0
dep-204453,2023,5,23,0
dep-204453,2023,6,24,1
dep-204453,2023,7,24,1
dep-204453,2023,8,24,1
dep-204453,2023,9,24,1
dep-204453,2023,10,24,1
dep-204453,2023,11,24,1
dep-204453,2023,12,24,1
dep-204453,2024,1,24,1
dep-204453,2024,2,24,1
dep-204453,2024,3,24,1
dep-204453,2024,4,25,1
dep-204453,2024,5,23,1
dep-204453,2024,6,23,1
dep-204453,2024,7,23,1
dep-204453,2024,8,22,1
dep-204453,2024,9,21,1
dep-204453,2024,10,24,1
dep-204453,2024,11,25,1
dep-204453,2024,12,24,1
dep-204453,2025,1,25,1
dep-204453,2025,2,24,1
dep-204453,2025,3,24,1
dep-204453,2025,4,24,1
dep-204453,2025,5,24,1
dep-204453,2025,6,24,1
dep-204453,2025,7,23,1
dep-204453,2025,8,22,1
dep-204453,2025,9,22,1
dep-204453,2025,10,22,1
dep-204453,2025,11,24,1
dep-204453,2025,12,24,1
dep-204453,2026,1,24,1
dep-204453,2026,2,24,1
dep-204453,2026,3,7,1
dep-204453,2026,4,7,1
dep-204453,2026,5,7,1
dep-204453,2026,6,7,1
dep-204453,2026,7,7,1
dep-204453,2026,8,22,1
dep-204453,2026,9,22,1
dep-204453,2026,10,22,1
dep-204455,2023,2,20,1
dep-204455,2023,3,21,1
dep-204455,2023,4,23,2
dep-204455,2023,5,22,2
dep-204455,2023,6,23,2
dep-204455,2023,7,23,2
dep-204455,2023,8,23,2
dep-204455,2023,9,24,2
dep-204455,2023,10,23,2
dep-204455,2023,11,24,2
dep-204455,2023,12,24,2
dep-204455,2024,1,24,2
dep-204455,2024,2,24,2
dep-204455,2024,3,24,2
dep-204455,2024,4,24,2
dep-204455,2024,5,25,1
dep-204455,2024,6,24,1
dep-204455,2024,7,20,1
dep-204455,2024,8,22,1
dep-204455,2024,9,22,1
dep-204455,2024,10,23,1
dep-204455,2024,11,23,1
dep-204455,2024,12,22,1
dep-204455,2025,1,22,1
dep-204455,2025,2,22,1
dep-204455,2025,3,22,1
dep-204455,2025,4,22,1
dep-204455,2025,5,23,1
dep-204455,2025,6,22,0
dep-204455,2025,7,22,0
dep-204455,2025,8,22,0
dep-204455,2025,9,21,0
dep-204455,2025,10,21,0
dep-204455,2025,11,21,0
dep-204455,2025,12,21,0
dep-204455,2026,1,21,0
dep-204455,2026,2,20,0
dep-204455,2026,3,13,0
dep-204455,2026,4,16,0
dep-204455,2026,5,17,0
dep-204455,2026,6,18,0
dep-204455,2026,7,21,0
dep-204455,2026,8,21,0
dep-204455,2026,9,21,0
dep-204455,2026,10,21,0
dep-204456,2023,2,25,3
dep-204456,2023,3,25,3
dep-204456,2023,4,25,4
dep-204456,2023,5,24,4
dep-204456,2023,6,24,4
dep-204456,2023,7,24,4
dep-204456,2023,8,24,4
dep-204456,2023,9,23,4
dep-204456,2023,10,23,4
dep-204456,2023,11,24,4
dep-204456,2023,12,23,4
dep-204456,2024,1,22,4
dep-204456,2024,2,23,4
dep-204456,2024,3,24,4
dep-204456,2024,4,23,4
dep-204456,2024,5,23,4
dep-204456,2024,6,24,4
dep-204456,2024,7,23,4
dep-204456,2024,8,23,4
dep-204456,2024,9,23,4
dep-204456,2024,10,23,4
dep-204456,2024,11,23,4
dep-204456,2024,12,23,4
dep-204456,2025,1,24,4
dep-204456,2025,2,24,4
dep-204456,2025,3,23,5
dep-204456,2025,4,24,4
dep-204456,2025,5,24,4
dep-204456,2025,6,24,4
dep-204456,2025,7,24,4
dep-204456,2025,8,24,4
dep-204456,2025,9,24,3
dep-204456,2025,10,25,3
dep-204456,2025,11,24,3
dep-204456,2025,12,24,3
dep-204456,2026,1,24,3
dep-204456,2026,2,24,3
dep-204456,2026,3,20,3
dep-204456,2026,4,21,3
dep-204456,2026,5,21,3
dep-204456,2026,6,21,3
dep-204456,2026,7,22,4
dep-204456,2026,8,22,3
dep-204456,2026,9,25,3
dep-204456,2026,10,25,3
dep-204457,2023,2,21,2
dep-204457,2023,3,20,2
dep-204457,2023,4,23,2
dep-204457,2023,5,22,2
dep-204457,2023,6,22,2
dep-204457,2023,7,22,2
dep-204457,2023,8,23,2
dep-204457,2023,9,21,2
dep-204457,2023,10,23,2
dep-204457,2023,11,22,2
dep-204457,2023,12,22,2
dep-204457,2024,1,21,2
dep-204457,2024,2,21,2
dep-204457,2024,3,21,2
dep-204457,2024,4,20,2
dep-204457,2024,5,22,2
dep-204457,2024,6,22,2
dep-204457,2024,7,23,2
dep-204457,2024,8,23,2
dep-204457,2024,9,23,2
dep-204457,2024,10,23,2
dep-204457,2024,11,22,2
dep-204457,2024,12,23,2
dep-204457,2025,1,22,2
dep-204457,2025,2,22,2
dep-204457,2025,3,23,2
dep-204457,2025,4,23,3
dep-204457,2025,5,23,3
dep-204457,2025,6,23,3
dep-204457,2025,7,23,3
dep-204457,2025,8,23,3
dep-204457,2025,9,23,3
dep-204457,2025,10,23,3
dep-204457,2025,11,23,3
dep-204457,2025,12,23,3
dep-204457,2026,1,23,3
dep-204457,2026,2,23,3
dep-204457,2026,3,15,3
dep-204457,2026,4,16,3
dep-204457,2026,5,17,3
dep-204457,2026,6,22,3
dep-204457,2026,7,22,3
dep-204457,2026,8,22,3
dep-204457,2026,9,23,3
dep-204457,2026,10,24,3
dep-204459,2023,7,13,0
dep-204459,2023,8,16,1
dep-204459,2023,9,15,1
dep-204459,2023,10,14,1
dep-204459,2023,11,14,2
dep-204459,2023,12,13,2
dep-204459,2024,1,13,2
dep-204459,2024,2,13,2
dep-204459,2024,3,13,2
dep-204459,2024,4,12,2
dep-204459,2024,5,12,2
dep-204459,2024,6,12,2
dep-204459,2024,7,11,2
dep-204459,2024,8,12,2
dep-204459,2024,9,12,2
dep-204459,2024,10,12,2
dep-204459,2024,11,12,2
dep-204459,2024,12,13,2
dep-204459,2025,1,13,2
dep-204459,2025,2,13,2
dep-204459,2025,3,13,2
dep-204459,2025,4,17,2
dep-204459,2025,5,17,2
dep-204459,2025,6,17,2
dep-204459,2025,7,17,2
dep-204459,2025,8,18,2
dep-204459,2025,9,20,2
dep-204459,2025,10,21,2
dep-204459,2025,11,18,2
dep-204459,2025,12,18,2
dep-204459,2026,1,18,2
dep-204459,2026,2,18,2
dep-204459,2026,3,16,2
dep-204459,2026,4,16,2
dep-204459,2026,5,19,2
dep-204459,2026,6,23,2
dep-204459,2026,7,23,2
dep-204459,2026,8,23,2
dep-204459,2026,9,23,2
dep-204459,2026,10,23,2
dep-204460,2023,2,19,0
dep-204460,2023,3,23,0
dep-204460,2023,4,22,0
dep-204460,2023,5,23,0
dep-204460,2023,6,22,0
dep-204460,2023,7,22,0
dep-204460,2023,8,24,0
dep-204460,2023,9,24,0
dep-204460,2023,10,24,0
dep-204460,2023,11,24,0
dep-204460,2023,12,24,0
dep-204460,2024,1,23,0
dep-204460,2024,2,24,0
dep-204460,2024,3,24,0
dep-204460,2024,4,24,0
dep-204460,2024,5,24,0
dep-204460,2024,6,25,0
dep-204460,2024,7,24,0
dep-204460,2024,8,23,0
dep-204460,2024,9,23,0
dep-204460,2024,10,23,0
dep-204460,2024,11,25,0
dep-204460,2024,12,24,1
dep-204460,2025,1,24,1
dep-204460,2025,2,25,1
dep-204460,2025,3,25,1
dep-204460,2025,4,25,1
dep-204460,2025,5,25,1
dep-204460,2025,6,25,1
dep-204460,2025,7,25,2
dep-204460,2025,8,25,2
dep-204460,2025,9,24,2
dep-204460,2025,10,24,2
dep-204460,2025,11,25,2
dep-204460,2025,12,25,2
dep-204460,2026,1,25,2
dep-204460,2026,2,23,3
dep-204460,2026,3,19,2
dep-204460,2026,4,20,2
dep-204460,2026,5,23,2
dep-204460,2026,6,23,2
dep-204460,2026,7,23,2
dep-204460,2026,8,23,2
dep-204460,2026,9,23,2
dep-204460,2026,10,23,2
dep-204462,2023,2,13,0
dep-204462,2023,3,13,0
dep-204462,2023,4,13,0
dep-204462,2023,5,13,0
dep-204462,2023,6,13,0
dep-204462,2023,7,13,0
dep-204462,2023,8,13,0
dep-204462,2023,9,13,0
dep-204462,2023,10,13,0
dep-204462,2023,11,13,0
dep-204462,2023,12,13,0
dep-204462,2024,1,13,0
dep-204462,2024,2,14,0
dep-204462,2024,3,14,0
dep-204462,2024,4,14,0
dep-204462,2024,5,14,0
dep-204462,2024,6,14,0
dep-204462,2024,7,14,0
dep-204462,2024,8,14,0
dep-204462,2024,9,14,0
dep-204462,2024,10,14,0
dep-204462,2024,11,14,0
dep-204462,2024,12,14,0
dep-204462,2025,1,15,0
dep-204462,2025,2,15,0
dep-204462,2025,3,15,0
dep-204462,2025,4,15,0
dep-204462,2025,5,15,0
dep-204462,2025,6,15,0
dep-204462,2025,7,15,0
dep-204462,2025,8,15,0
dep-204462,2025,9,15,0
dep-204462,2025,10,15,0
dep-204462,2025,11,16,0
dep-204462,2025,12,15,0
dep-204462,2026,1,15,0
dep-204462,2026,2,15,0
dep-204462,2026,3,15,0
dep-204462,2026,4,15,0
dep-204462,2026,5,15,0
dep-204462,2026,6,15,0
dep-204462,2026,7,15,0
dep-204462,2026,8,15,0
dep-204462,2026,9,15,0
dep-204462,2026,10,15,0
dep-204464,2023,2,18,0
dep-204464,2023,3,18,0
dep-204464,2023,4,19,0
dep-204464,2023,5,19,0
dep-204464,2023,6,19,0
dep-204464,2023,7,20,0
dep-204464,2023,8,19,0
dep-204464,2023,9,19,0
dep-204464,2023,10,20,0
dep-204464,2023,11,20,0
dep-204464,2023,12,19,0
dep-204464,2024,1,19,0
dep-204464,2024,2,18,0
dep-204464,2024,3,19,0
dep-204464,2024,4,19,0
dep-204464,2024,5,19,0
dep-204464,2024,6,19,0
dep-204464,2024,7,19,0
dep-204464,2024,8,19,0
dep-204464,2024,9,18,0
dep-204464,2024,10,18,0
dep-204464,2024,11,19,0
dep-204464,2024,12,19,0
dep-204464,2025,1,19,0
dep-204464,2025,2,19,0
dep-204464,2025,3,18,0
dep-204464,2025,4,16,0
dep-204464,2025,5,16,0
dep-204464,2025,6,15,0
dep-204464,2025,7,15,0
dep-204464,2025,8,14,0
dep-204464,2025,9,14,0
dep-204464,2025,10,15,0
dep-204464,2025,11,15,0
dep-204464,2025,12,15,0
dep-204464,2026,1,15,0
dep-204464,2026,2,16,0
dep-204464,2026,3,10,0
dep-204464,2026,4,13,0
dep-204464,2026,5,13,0
dep-204464,2026,6,13,0
dep-204464,2026,7,15,0
dep-204464,2026,8,15,0
dep-204464,2026,9,17,0
dep-204464,2026,10,17,0
dep-204472,2023,2,20,1
dep-204472,2023,3,20,1
dep-204472,2023,4,20,1
dep-204472,2023,5,19,1
dep-204472,2023,6,18,1
dep-204472,2023,7,18,1
dep-204472,2023,8,18,1
dep-204472,2023,9,18,1
dep-204472,2023,10,18,1
dep-204472,2023,11,18,1
dep-204472,2023,12,17,1
dep-204472,2024,1,17,1
dep-204472,2024,2,17,1
dep-204472,2024,3,18,1
dep-204472,2024,4,18,1
dep-204472,2024,5,18,1
dep-204472,2024,6,19,1
dep-204472,2024,7,19,1
dep-204472,2024,8,18,1
dep-204472,2024,9,16,1
dep-204472,2024,10,16,1
dep-204472,2024,11,16,1
dep-204472,2024,12,16,1
dep-204472,2025,1,15,1
dep-204472,2025,2,16,1
dep-204472,2025,3,17,1
dep-204472,2025,4,19,1
dep-204472,2025,5,21,1
dep-204472,2025,6,21,1
dep-204472,2025,7,24,1
dep-204472,2025,8,23,1
dep-204472,2025,9,24,1
dep-204472,2025,10,23,1
dep-204472,2025,11,23,1
dep-204472,2025,12,24,1
dep-204472,2026,1,24,1
dep-204472,2026,2,22,1
dep-204472,2026,3,21,1
dep-204472,2026,4,21,1
dep-204472,2026,5,21,1
dep-204472,2026,6,21,1
dep-204472,2026,7,24,1
dep-204472,2026,8,25,1
dep-204472,2026,9,25,1
dep-204472,2026,10,25,1
dep-204473,2023,2,20,0
dep-204473,2023,3,21,1
dep-204473,2023,4,20,1
dep-204473,2023,5,21,1
dep-204473,2023,6,21,1
dep-204473,2023,7,21,1
dep-204473,2023,8,21,1
dep-204473,2023,9,23,1
dep-204473,2023,10,23,1
dep-204473,2023,11,24,1
dep-204473,2023,12,24,1
dep-204473,2024,1,24,1
dep-204473,2024,2,24,1
dep-204473,2024,3,23,2
dep-204473,2024,4,26,2
dep-204473,2024,5,25,2
dep-204473,2024,6,25,2
dep-204473,2024,7,23,2
dep-204473,2024,8,22,2
dep-204473,2024,9,22,2
dep-204473,2024,10,22,2
dep-204473,2024,11,20,2
dep-204473,2024,12,21,2
dep-204473,2025,1,21,2
dep-204473,2025,2,21,2
dep-204473,2025,3,20,3
dep-204473,2025,4,21,3
dep-204473,2025,5,21,3
dep-204473,2025,6,21,3
dep-204473,2025,7,21,3
dep-204473,2025,8,21,3
dep-204473,2025,9,21,3
dep-204473,2025,10,21,3
dep-204473,2025,11,20,3
dep-204473,2025,12,21,3
dep-204473,2026,1,20,3
dep-204473,2026,2,20,3
dep-204473,2026,3,17,3
dep-204473,2026,4,17,3
dep-204473,2026,5,17,3
dep-204473,2026,6,17,3
dep-204473,2026,7,19,3
dep-204473,2026,8,20,3
dep-204473,2026,9,20,3
dep-204473,2026,10,20,3
dep-204474,2023,2,21,2
dep-204474,2023,3,21,2
dep-204474,2023,4,22,2
dep-204474,2023,5,22,2
dep-204474,2023,6,22,0
dep-204474,2023,7,22,0
dep-204474,2023,8,22,0
dep-204474,2023,9,22,0
dep-204474,2023,10,22,2
dep-204474,2023,11,21,3
dep-204474,2023,12,23,3
dep-204474,2024,1,23,3
dep-204474,2024,2,23,3
dep-204474,2024,3,23,3
dep-204474,2024,4,23,3
dep-204474,2024,5,23,3
dep-204474,2024,6,23,0
dep-204474,2024,7,23,0
dep-204474,2024,8,23,0
dep-204474,2024,9,23,0
dep-204474,2024,10,23,3
dep-204474,2024,11,23,3
dep-204474,2024,12,23,3
dep-204474,2025,1,19,3
dep-204474,2025,2,21,3
dep-204474,2025,3,21,3
dep-204474,2025,4,21,3
dep-204474,2025,5,21,3
dep-204474,2025,6,21,3
dep-204474,2025,7,21,3
dep-204474,2025,8,21,3
dep-204474,2025,9,21,3
dep-204474,2025,10,21,3
dep-204474,2025,11,21,3
dep-204474,2025,12,21,3
dep-204474,2026,1,21,3
dep-204474,2026,2,21,3
dep-204474,2026,3,22,3
dep-204474,2026,4,23,3
dep-204474,2026,5,23,3
dep-204474,2026,6,25,3
dep-204474,2026,7,25,3
dep-204474,2026,8,25,3
dep-204474,2026,9,25,3
dep-204474,2026,10,25,3
dep-204476,2023,2,26,2
dep-204476,2023,3,25,2
dep-204476,2023,4,25,2
dep-204476,2023,5,26,2
dep-204476,2023,6,25,2
dep-204476,2023,7,25,2
dep-204476,2023,8,25,2
dep-204476,2023,9,25,2
dep-204476,2023,10,24,2
dep-204476,2023,11,25,2
dep-204476,2024,2,25,3
dep-204476,2024,3,25,2
dep-204476,2024,4,25,0
dep-204476,2024,5,25,0
dep-204476,2024,6,25,0
dep-204476,2024,7,24,0
dep-204476,2024,8,24,0
dep-204476,2024,9,24,0
dep-204476,2024,10,24,0
dep-204476,2024,11,24,0
dep-204476,2024,12,24,0
dep-204476,2025,1,24,0
dep-204476,2025,2,24,0
dep-204476,2025,3,24,0
dep-204476,2025,4,24,0
dep-204479,2023,2,22,3
dep-204479,2023,3,23,2
dep-204479,2023,4,23,3
dep-204479,2023,5,22,3
dep-204479,2023,6,22,3
dep-204479,2023,7,21,3
dep-204479,2023,8,22,3
dep-204479,2023,9,21,3
dep-204479,2023,10,23,3
dep-204479,2023,11,23,3
dep-204479,2023,12,24,3
dep-204479,2024,1,24,3
dep-204479,2024,2,23,3
dep-204479,2024,3,24,3
dep-204479,2024,4,24,3
dep-204479,2024,5,25,3
dep-204479,2024,6,24,3
dep-204479,2024,7,23,3
dep-204479,2024,8,23,3
dep-204479,2024,9,21,3
dep-204479,2024,10,21,3
dep-204479,2024,11,22,3
dep-204479,2024,12,22,3
dep-204479,2025,1,22,3
dep-204479,2025,2,22,3
dep-204479,2025,3,22,3
dep-204479,2025,4,23,3
dep-204479,2025,5,23,3
dep-204479,2025,6,21,3
dep-204479,2025,7,23,3
dep-204479,2025,8,23,3
dep-204479,2025,9,23,3
dep-204479,2025,10,21,3
dep-204479,2025,11,22,3
dep-204479,2025,12,18,3
dep-204479,2026,1,18,3
dep-204479,2026,2,18,3
dep-204479,2026,3,15,3
dep-204479,2026,4,15,2
dep-204479,2026,5,18,3
dep-204479,2026,6,18,3
dep-204479,2026,7,21,3
dep-204479,2026,8,21,3
dep-204479,2026,9,21,3
dep-204479,2026,10,21,3
dep-204480,2023,2,21,2
dep-204480,2023,3,20,2
dep-204480,2023,4,20,2
dep-204480,2023,5,20,2
dep-204480,2023,6,20,2
dep-204480,2023,7,20,2
dep-204480,2023,8,20,2
dep-204480,2023,9,20,2
dep-204480,2023,10,19,3
dep-204480,2023,11,19,2
dep-204480,2023,12,19,2
dep-204480,2024,1,19,2
dep-204480,2024,2,19,2
dep-204480,2024,3,19,2
dep-204480,2024,4,19,2
dep-204480,2024,5,19,2
dep-204480,2024,6,19,2
dep-204480,2024,7,20,2
dep-204480,2024,8,20,2
dep-204480,2024,9,19,2
dep-204480,2024,10,19,2
dep-204480,2024,11,18,2
dep-204480,2024,12,19,2
dep-204480,2025,1,18,2
dep-204480,2025,2,20,2
dep-204480,2025,3,19,1
dep-204480,2025,4,20,3
dep-204480,2025,5,21,3
dep-204480,2025,6,22,3
dep-204480,2025,7,23,3
dep-204480,2025,8,23,3
dep-204480,2025,9,24,3
dep-204480,2025,10,24,3
dep-204480,2025,11,24,3
dep-204480,2025,12,24,3
dep-204480,2026,1,24,3
dep-204480,2026,2,23,3
dep-204480,2026,3,15,3
dep-204480,2026,4,17,3
dep-204480,2026,5,20,2
dep-204480,2026,6,20,1
dep-204480,2026,7,22,1
dep-204480,2026,8,24,1
dep-204480,2026,9,24,1
dep-204480,2026,10,24,1
dep-204481,2023,2,25,2
dep-204481,2023,3,27,3
dep-204481,2023,4,25,3
dep-204481,2023,5,25,3
dep-204481,2023,6,25,3
dep-204481,2023,7,25,3
dep-204481,2023,8,25,3
dep-204481,2023,9,25,3
dep-204481,2023,10,25,3
dep-204481,2023,11,25,3
dep-204481,2023,12,25,3
dep-204481,2024,1,25,3
dep-204481,2024,2,25,3
dep-204481,2024,3,25,3
dep-204481,2024,4,25,3
dep-204481,2024,5,25,3
dep-204481,2024,6,25,3
dep-204481,2024,7,25,3
dep-204481,2024,8,25,3
dep-204481,2024,9,25,3
dep-204481,2024,10,25,3
dep-204481,2024,11,25,3
dep-204481,2024,12,25,3
dep-204481,2025,1,25,3
dep-204481,2025,2,25,3
dep-204481,2025,3,25,3
dep-204481,2025,4,26,3
dep-204481,2025,5,25,3
dep-204481,2025,6,25,3
dep-204481,2025,7,25,3
dep-204481,2025,8,25,3
dep-204481,2025,9,25,3
dep-204481,2025,10,24,3
dep-204481,2025,11,24,4
dep-204481,2025,12,25,3
dep-204481,2026,1,23,3
dep-204481,2026,2,24,3
dep-204481,2026,3,24,3
dep-204481,2026,4,25,3
dep-204481,2026,5,25,3
dep-204481,2026,6,25,3
dep-204481,2026,7,25,3
dep-204481,2026,8,25,3
dep-204481,2026,9,25,3
dep-204481,2026,10,25,3
dep-204482,2023,2,27,2
dep-204482,2023,3,23,1
dep-204482,2023,4,22,1
dep-204482,2023,5,23,1
dep-204482,2023,6,24,1
dep-204482,2023,7,25,1
dep-204482,2023,8,26,1
dep-204482,2023,9,25,1
dep-204482,2023,10,26,1
dep-204482,2023,11,25,1
dep-204482,2023,12,25,1
dep-204482,2024,1,25,1
dep-204482,2024,2,25,1
dep-204482,2024,3,24,0
dep-204482,2024,4,24,0
dep-204482,2024,5,24,0
dep-204482,2024,6,26,1
dep-204482,2024,7,24,1
dep-204482,2024,8,22,1
dep-204482,2024,9,23,1
dep-204482,2024,10,23,1
dep-204482,2024,11,23,1
dep-204482,2024,12,23,1
dep-204482,2025,1,23,1
dep-204482,2025,2,24,1
dep-204482,2025,3,24,0
dep-204482,2025,4,24,0
dep-204482,2025,5,25,0
dep-204482,2025,6,24,1
dep-204482,2025,7,25,1
dep-204482,2025,8,22,1
dep-204482,2025,9,22,1
dep-204482,2025,10,22,1
dep-204482,2025,11,23,1
dep-204482,2025,12,19,1
dep-204482,2026,1,18,1
dep-204482,2026,2,18,1
dep-204482,2026,3,16,1
dep-204482,2026,4,17,0
dep-204482,2026,5,20,0
dep-204482,2026,6,20,0
dep-204482,2026,7,22,1
dep-204482,2026,8,22,1
dep-204482,2026,9,22,1
dep-204482,2026,10,22,1
dep-204485,2023,2,17,1
dep-204485,2023,3,16,2
dep-204485,2023,4,15,2
dep-204485,2023,5,15,2
dep-204485,2023,6,15,2
dep-204485,2023,7,15,2
dep-204485,2023,8,16,2
dep-204485,2023,9,17,2
dep-204485,2023,10,18,2
dep-204485,2023,11,18,2
dep-204485,2023,12,18,2
dep-204485,2024,1,18,2
dep-204485,2024,2,19,2
dep-204485,2024,3,19,2
dep-204485,2024,4,19,2
dep-204485,2024,5,19,2
dep-204485,2024,6,18,2
dep-204485,2024,7,18,2
dep-204485,2024,8,18,2
dep-204485,2024,9,18,2
dep-204485,2024,10,18,2
dep-204485,2024,11,16,2
dep-204485,2024,12,16,2
dep-204485,2025,1,16,2
dep-204485,2025,2,20,2
dep-204485,2025,3,19,2
dep-204485,2025,4,19,2
dep-204485,2025,5,19,2
dep-204485,2025,6,19,2
dep-204485,2025,7,19,2
dep-204485,2025,8,19,2
dep-204485,2025,9,19,2
dep-204485,2025,10,19,2
dep-204485,2025,11,20,2
dep-204485,2025,12,21,2
dep-204485,2026,1,21,2
dep-204485,2026,2,21,2
dep-204485,2026,3,18,2
dep-204485,2026,4,18,2
dep-204485,2026,5,18,2
dep-204485,2026,6,18,2
dep-204485,2026,7,21,2
dep-204485,2026,8,21,2
dep-204485,2026,9,21,2
dep-204485,2026,10,21,2
dep-204486,2023,2,13,0
dep-204486,2023,3,17,1
dep-204486,2023,4,19,1
dep-204486,2023,5,19,1
dep-204486,2023,6,18,1
dep-204486,2023,7,18,1
dep-204486,2023,8,22,1
dep-204486,2023,9,22,1
dep-204486,2023,10,23,1
dep-204486,2023,11,23,1
dep-204486,2023,12,23,1
dep-204486,2024,1,23,1
dep-204486,2024,2,23,1
dep-204486,2024,3,23,1
dep-204486,2024,4,23,1
dep-204486,2024,5,23,1
dep-204486,2024,6,24,1
dep-204486,2024,7,24,1
dep-204486,2024,8,24,1
dep-204486,2024,9,24,1
dep-204486,2024,10,25,1
dep-204486,2024,11,25,1
dep-204486,2024,12,25,1
dep-204486,2025,1,24,1
dep-204486,2025,2,23,1
dep-204486,2025,3,23,1
dep-204486,2025,4,23,1
dep-204486,2025,5,24,1
dep-204486,2025,6,24,1
dep-204486,2025,7,25,1
dep-204486,2025,8,25,1
dep-204486,2025,9,25,1
dep-204486,2025,10,25,1
dep-204486,2025,11,25,1
dep-204486,2025,12,25,1
dep-204486,2026,1,25,1
dep-204486,2026,2,25,1
dep-204486,2026,3,6,1
dep-204486,2026,4,6,1
dep-204486,2026,5,6,2
dep-204486,2026,6,6,2
dep-204486,2026,7,22,2
dep-204486,2026,8,23,2
dep-204486,2026,9,23,2
dep-204486,2026,10,23,2
dep-204488,2023,2,19,1
dep-204488,2023,3,21,2
dep-204488,2023,4,19,2
dep-204488,2023,5,19,2
dep-204488,2023,6,19,3
dep-204488,2023,7,19,3
dep-204488,2023,8,19,3
dep-204488,2023,11,18,3
dep-204488,2023,12,19,3
dep-204488,2024,1,18,3
dep-204488,2024,2,17,3
dep-204488,2024,3,17,3
dep-204488,2024,4,17,3
dep-204488,2024,5,19,4
dep-204488,2024,6,16,3
dep-204488,2024,7,17,3
dep-204488,2024,8,17,3
dep-204488,2024,9,16,3
dep-204488,2024,10,16,3
dep-204488,2024,11,18,3
dep-204488,2024,12,16,2
dep-204488,2025,1,16,2
dep-204488,2025,2,15,3
dep-204488,2025,3,15,3
dep-204488,2025,4,13,3
dep-204488,2025,5,15,3
dep-204488,2025,6,15,2
dep-204488,2025,7,15,2
dep-204488,2025,8,16,2
dep-204488,2025,9,16,2
dep-204488,2025,10,15,2
dep-204488,2025,11,17,2
dep-204488,2025,12,17,2
dep-204488,2026,1,16,2
dep-204488,2026,2,17,2
dep-204488,2026,3,16,2
dep-204488,2026,4,16,2
dep-204488,2026,5,18,2
dep-204488,2026,6,18,2
dep-204488,2026,7,18,2
dep-204488,2026,8,19,2
dep-204488,2026,9,19,2
dep-204488,2026,10,19,2
dep-204489,2023,2,25,1
dep-204489,2023,11,25,3
dep-204489,2023,12,25,3
dep-204489,2024,1,25,3
dep-204489,2024,6,19,3
dep-204489,2024,7,19,3
dep-204489,2024,8,21,3
dep-204489,2024,9,25,3
dep-204489,2024,10,25,3
dep-204489,2024,11,25,3
dep-204489,2024,12,25,3
dep-204489,2025,1,25,3
dep-204489,2025,2,25,2
dep-204489,2025,3,26,2
dep-204489,2025,4,25,2
dep-204489,2025,5,24,2
dep-204489,2025,6,24,2
dep-204489,2025,7,25,2
dep-204489,2025,8,26,2
dep-204489,2025,9,26,2
dep-204489,2025,10,25,2
dep-204489,2025,11,25,2
dep-204489,2025,12,25,2
dep-204489,2026,1,24,2
dep-204489,2026,2,25,2
dep-204489,2026,3,18,2
dep-204489,2026,4,19,2
dep-204489,2026,5,19,2
dep-204489,2026,6,22,2
dep-204489,2026,7,23,2
dep-204489,2026,8,23,2
dep-204489,2026,9,24,2
dep-204489,2026,10,24,2
dep-204491,2023,2,12,1
dep-204491,2023,3,12,1
dep-204491,2023,4,12,1
dep-204491,2023,5,13,1
dep-204491,2023,6,13,1
dep-204491,2023,7,13,1
dep-204491,2023,8,13,1
dep-204491,2023,9,13,1
dep-204491,2023,10,13,1
dep-204491,2023,11,13,1
dep-204491,2023,12,13,1
dep-204491,2024,1,13,1
dep-204491,2024,2,13,1
dep-204491,2024,3,13,1
dep-204491,2024,4,14,1
dep-204491,2024,5,13,1
dep-204491,2024,6,13,1
dep-204491,2024,7,13,1
dep-204491,2024,8,13,1
dep-204491,2024,9,13,1
dep-204491,2024,10,13,1
dep-204491,2024,11,13,1
dep-204491,2024,12,13,1
dep-204491,2025,1,13,1
dep-204491,2025,2,13,1
dep-204491,2025,3,13,1
dep-204491,2025,4,13,1
dep-204491,2025,5,13,1
dep-204491,2025,6,13,1
dep-204491,2025,7,13,1
dep-204491,2025,8,13,1
dep-204491,2025,9,13,1
dep-204491,2025,10,13,1
dep-204491,2025,11,13,1
dep-204491,2025,12,13,1
dep-204491,2026,1,13,1
dep-204491,2026,2,13,1
dep-204491,2026,3,11,1
dep-204491,2026,4,11,1
dep-204491,2026,5,11,1
dep-204491,2026,6,11,1
dep-204491,2026,7,12,1
dep-204491,2026,8,12,1
dep-204491,2026,9,12,1
dep-204491,2026,10,12,1
dep-204492,2023,2,23,2
dep-204492,2023,3,23,2
dep-204492,2023,4,26,3
dep-204492,2023,5,24,2
dep-204492,2023,6,24,3
dep-204492,2023,7,24,3
dep-204492,2023,8,24,3
dep-204492,2023,9,24,3
dep-204492,2023,10,24,3
dep-204492,2023,11,23,3
dep-204492,2023,12,25,3
dep-204492,2024,1,25,3
dep-204492,2024,2,24,4
dep-204492,2024,3,25,4
dep-204492,2024,4,24,3
dep-204492,2024,5,25,3
dep-204492,2024,6,26,3
dep-204492,2024,7,23,3
dep-204492,2024,8,22,2
dep-204492,2024,9,21,2
dep-204492,2024,10,21,2
dep-204492,2024,11,22,2
dep-204492,2024,12,24,2
dep-204492,2025,1,24,2
dep-204492,2025,2,25,2
dep-204492,2025,3,24,2
dep-204492,2025,4,23,3
dep-204492,2025,5,24,2
dep-204492,2025,6,25,2
dep-204492,2025,7,25,2
dep-204492,2025,8,26,3
dep-204492,2025,9,24,3
dep-204492,2025,10,24,3
dep-204492,2025,11,24,3
dep-204492,2025,12,24,3
dep-204492,2026,1,24,3
dep-204492,2026,2,24,3
dep-204492,2026,3,17,2
dep-204492,2026,4,17,2
dep-204492,2026,5,19,3
dep-204492,2026,6,21,3
dep-204492,2026,7,21,3
dep-204492,2026,8,23,3
dep-204492,2026,9,24,3
dep-204492,2026,10,24,3
dep-204494,2023,2,23,3
dep-204494,2023,3,23,3
dep-204494,2023,4,23,3
dep-204494,2023,5,23,3
dep-204494,2023,6,23,3
dep-204494,2023,7,23,3
dep-204494,2023,8,23,3
dep-204494,2023,9,23,3
dep-204494,2023,10,23,3
dep-204494,2023,11,23,2
dep-204494,2023,12,22,2
dep-204494,2024,1,22,0
dep-204494,2024,2,24,0
dep-204494,2024,3,23,0
dep-204494,2024,4,23,4
dep-204494,2024,5,20,3
dep-204494,2024,6,23,4
dep-204494,2024,7,19,4
dep-204494,2024,8,19,4
dep-204494,2024,9,18,4
dep-204494,2024,10,17,4
dep-204494,2024,11,15,4
dep-204494,2024,12,15,4
dep-204494,2025,1,15,4
dep-204494,2025,2,17,4
dep-204494,2025,3,17,4
dep-204494,2025,4,16,4
dep-204494,2025,5,16,4
dep-204494,2025,6,15,3
dep-204494,2025,7,16,3
dep-204494,2025,8,17,3
dep-204494,2025,9,17,3
dep-204494,2025,10,16,3
dep-204494,2025,11,16,3
dep-204494,2025,12,17,3
dep-204494,2026,1,17,3
dep-204494,2026,2,16,3
dep-204494,2026,3,16,3
dep-204494,2026,4,18,3
dep-204494,2026,5,19,3
dep-204494,2026,6,20,3
dep-204494,2026,7,21,3
dep-204494,2026,8,22,3
dep-204494,2026,9,22,3
dep-204494,2026,10,22,3
dep-204495,2023,2,27,2
dep-204495,2023,3,25,2
dep-204495,2023,4,23,2
dep-204495,2023,5,25,3
dep-204495,2023,6,23,3
dep-204495,2023,7,23,3
dep-204495,2023,8,23,3
dep-204495,2023,9,23,3
dep-204495,2023,10,23,3
dep-204495,2023,11,23,3
dep-204495,2023,12,23,3
dep-204495,2024,1,22,3
dep-204495,2024,2,22,3
dep-204495,2024,3,22,3
dep-204495,2024,4,20,3
dep-204495,2024,5,20,4
dep-204495,2024,6,21,2
dep-204495,2024,7,22,2
dep-204495,2024,8,22,2
dep-204495,2024,9,22,2
dep-204495,2024,10,22,2
dep-204495,2024,11,22,3
dep-204495,2024,12,23,3
dep-204495,2025,1,25,3
dep-204495,2025,2,21,3
dep-204495,2025,3,21,3
dep-204495,2025,4,23,4
dep-204495,2025,5,22,3
dep-204495,2025,6,23,3
dep-204495,2025,7,22,3
dep-204495,2025,8,23,3
dep-204495,2025,9,23,3
dep-204495,2025,10,23,3
dep-204495,2025,11,23,3
dep-204495,2025,12,23,3
dep-204495,2026,1,23,3
dep-204495,2026,2,23,3
dep-204495,2026,3,21,3
dep-204495,2026,4,21,3
dep-204495,2026,5,21,3
dep-204495,2026,6,21,3
dep-204495,2026,7,25,3
dep-204495,2026,8,25,3
dep-204495,2026,9,25,3
dep-204495,2026,10,25,3
dep-204496,2023,2,19,4
dep-204496,2023,3,21,2
dep-204496,2023,4,22,2
dep-204496,2023,5,22,2
dep-204496,2023,6,22,2
dep-204496,2023,7,21,2
dep-204496,2023,11,20,0
dep-204496,2023,12,20,0
dep-204496,2024,12,23,0
dep-204496,2025,2,14,0
dep-204496,2025,10,24,0
dep-204496,2025,11,24,0
dep-204496,2025,12,24,0
dep-204496,2026,1,24,0
dep-204496,2026,2,10,0
dep-204496,2026,3,9,0
dep-204496,2026,4,9,0
dep-204496,2026,5,10,1
dep-204496,2026,6,10,1
dep-204496,2026,7,13,1
dep-204496,2026,8,13,1
dep-204496,2026,9,13,1
dep-204496,2026,10,13,1
dep-204497,2023,2,23,2
dep-204497,2023,3,23,2
dep-204497,2023,4,23,2
dep-204497,2023,5,23,2
dep-204497,2023,6,23,2
dep-204497,2023,7,24,2
dep-204497,2023,8,24,2
dep-204497,2023,9,24,2
dep-204497,2023,10,24,2
dep-204497,2023,11,24,2
dep-204497,2023,12,25,2
dep-204497,2024,1,24,2
dep-204497,2024,2,24,2
dep-204497,2024,3,24,2
dep-204497,2024,4,24,2
dep-204497,2024,5,24,2
dep-204497,2024,6,24,2
dep-204497,2024,7,24,2
dep-204497,2024,8,24,2
dep-204497,2024,9,24,2
dep-204497,2024,10,24,2
dep-204497,2024,11,24,2
dep-204497,2024,12,24,2
dep-204497,2025,1,24,2
dep-204497,2025,2,23,2
dep-204497,2025,3,25,2
dep-204497,2025,4,24,2
dep-204497,2025,5,24,2
dep-204497,2025,6,25,2
dep-204497,2025,7,23,2
dep-204497,2025,8,24,2
dep-204497,2025,9,25,2
dep-204497,2025,10,25,2
dep-204497,2025,11,26,2
dep-204497,2025,12,24,2
dep-204497,2026,1,24,2
dep-204497,2026,2,24,2
dep-204497,2026,3,21,2
dep-204497,2026,4,21,2
dep-204497,2026,5,21,2
dep-204497,2026,6,22,2
dep-204497,2026,7,23,2
dep-204497,2026,8,24,2
dep-204497,2026,9,24,2
dep-204497,2026,10,24,2
dep-204498,2023,2,24,2
dep-204498,2023,3,24,2
dep-204498,2023,4,24,2
dep-204498,2023,5,24,2
dep-204498,2023,6,24,2
dep-204498,2023,7,24,2
dep-204498,2023,8,25,2
dep-204498,2023,9,24,2
dep-204498,2023,10,25,2
dep-204498,2023,11,25,2
dep-204498,2023,12,26,2
dep-204498,2024,1,25,2
dep-204498,2024,2,25,2
dep-204498,2024,3,25,2
dep-204498,2024,4,25,2
dep-204498,2024,5,25,2
dep-204498,2024,6,28,2
dep-204498,2024,7,26,2
dep-204498,2024,8,25,2
dep-204498,2024,9,25,2
dep-204498,2024,10,25,2
dep-204498,2024,11,26,2
dep-204498,2024,12,26,2
dep-204498,2025,1,26,2
dep-204498,2025,2,25,2
dep-204498,2025,3,26,2
dep-204498,2025,4,26,2
dep-204498,2025,5,25,2
dep-204498,2025,6,25,2
dep-204498,2025,7,25,2
dep-204498,2025,8,26,2
dep-204498,2025,9,25,2
dep-204498,2025,10,25,2
dep-204498,2025,11,25,2
dep-204498,2025,12,25,2
dep-204498,2026,1,24,2
dep-204498,2026,2,23,2
dep-204498,2026,3,17,2
dep-204498,2026,4,21,2
dep-204498,2026,5,23,2
dep-204498,2026,6,23,2
dep-204498,2026,7,23,2
dep-204498,2026,8,24,2
dep-204498,2026,9,24,2
dep-204498,2026,10,25,2
dep-204501,2023,2,25,4
dep-204501,2023,3,24,4
dep-204501,2023,4,25,4
dep-204501,2023,5,25,5
dep-204501,2023,6,24,5
dep-204501,2023,7,25,5
dep-204501,2023,8,23,5
dep-204501,2023,9,24,5
dep-204501,2023,10,22,5
dep-204501,2023,11,22,5
dep-204501,2023,12,22,5
dep-204501,2024,1,22,5
dep-204501,2024,2,21,5
dep-204501,2024,3,21,5
dep-204501,2024,4,24,5
dep-204501,2024,5,22,5
dep-204501,2024,6,21,5
dep-204501,2024,7,19,5
dep-204501,2024,8,19,5
dep-204501,2024,9,18,5
dep-204501,2024,10,19,5
dep-204501,2024,11,19,5
dep-204501,2024,12,20,5
dep-204501,2025,1,21,5
dep-204501,2025,2,20,5
dep-204501,2025,3,20,5
dep-204501,2025,4,15,5
dep-204501,2025,5,15,5
dep-204501,2025,6,17,5
dep-204501,2025,7,18,5
dep-204501,2025,8,21,5
dep-204501,2025,9,21,5
dep-204501,2025,10,21,5
dep-204501,2025,11,21,5
dep-204501,2025,12,22,5
dep-204501,2026,1,21,5
dep-204501,2026,2,21,5
dep-204501,2026,3,17,5
dep-204501,2026,4,18,5
dep-204501,2026,5,18,5
dep-204501,2026,6,18,5
dep-204501,2026,7,25,6
dep-204501,2026,8,25,4
dep-204501,2026,9,25,4
dep-204501,2026,10,25,4
dep-204503,2025,1,24,0
dep-204503,2025,2,24,0
dep-204504,2023,2,22,5
dep-204504,2023,3,23,5
dep-204504,2023,4,22,4
dep-204504,2023,5,21,4
dep-204504,2023,6,21,4
dep-204504,2023,7,21,4
dep-204504,2023,8,22,5
dep-204504,2023,9,22,4
dep-204504,2023,10,22,4
dep-204504,2023,11,21,4
dep-204504,2023,12,21,4
dep-204504,2024,1,21,4
dep-204504,2024,2,21,4
dep-204504,2024,3,21,4
dep-204504,2024,4,20,4
dep-204504,2024,5,20,4
dep-204504,2024,6,20,4
dep-204504,2024,7,20,5
dep-204504,2024,8,21,4
dep-204504,2024,9,21,4
dep-204504,2024,10,21,4
dep-204504,2024,11,21,4
dep-204504,2024,12,22,4
dep-204504,2025,1,21,4
dep-204504,2025,2,21,4
dep-204504,2025,3,21,4
dep-204504,2025,4,20,4
dep-204504,2025,5,22,4
dep-204504,2025,6,22,2
dep-204504,2025,7,23,2
dep-204504,2025,8,24,2
dep-204504,2025,9,23,2
dep-204504,2025,10,24,2
dep-204504,2025,11,23,3
dep-204504,2025,12,24,3
dep-204504,2026,1,23,3
dep-204504,2026,2,23,3
dep-204504,2026,3,17,3
dep-204504,2026,4,18,3
dep-204504,2026,5,19,3
dep-204504,2026,6,20,3
dep-204504,2026,7,20,3
dep-204504,2026,8,22,3
dep-204504,2026,9,22,3
dep-204504,2026,10,22,3
dep-204506,2023,2,17,0
dep-204506,2023,3,17,0
dep-204506,2023,4,16,0
dep-204506,2023,5,16,0
dep-204506,2023,6,16,0
dep-204506,2023,7,16,0
dep-204506,2023,8,16,0
dep-204506,2023,9,16,0
dep-204506,2023,10,16,0
dep-204506,2023,11,16,0
dep-204506,2023,12,16,0
dep-204506,2024,1,16,0
dep-204506,2024,2,16,0
dep-204506,2024,3,16,0
dep-204506,2024,4,16,0
dep-204506,2024,5,16,0
dep-204506,2024,6,16,0
dep-204506,2024,7,15,0
dep-204506,2024,8,15,0
dep-204506,2024,9,15,0
dep-204506,2024,10,15,0
dep-204506,2024,11,15,0
dep-204506,2024,12,16,0
dep-204506,2025,1,15,0
dep-204506,2025,2,16,1
dep-204506,2025,3,16,2
dep-204506,2025,4,16,2
dep-204506,2025,5,16,2
dep-204506,2025,6,17,1
dep-204506,2025,7,16,1
dep-204506,2025,8,16,1
dep-204506,2025,9,16,1
dep-204506,2025,10,16,1
dep-204506,2025,11,16,1
dep-204506,2025,12,16,2
dep-204506,2026,1,16,2
dep-204506,2026,2,16,2
dep-204506,2026,3,13,2
dep-204506,2026,4,13,2
dep-204506,2026,5,13,2
dep-204506,2026,6,14,2
dep-204506,2026,7,15,2
dep-204506,2026,8,15,1
dep-204506,2026,9,15,1
dep-204506,2026,10,15,1
dep-204507,2023,2,22,0
dep-204507,2023,3,20,0
dep-204507,2023,4,18,1
dep-204507,2023,5,19,0
dep-204507,2023,6,18,0
dep-204507,2023,7,18,1
dep-204507,2023,8,18,1
dep-204507,2023,9,18,1
dep-204507,2023,10,17,1
dep-204507,2023,11,18,1
dep-204507,2023,12,17,1
dep-204507,2024,1,18,1
dep-204507,2024,2,19,1
dep-204507,2024,3,20,1
dep-204507,2024,4,19,1
dep-204507,2024,5,19,3
dep-204507,2024,6,17,2
dep-204507,2024,7,15,2
dep-204507,2024,8,15,2
dep-204507,2024,9,16,2
dep-204507,2024,10,18,2
dep-204507,2024,11,18,2
dep-204507,2024,12,20,2
dep-204507,2025,1,18,2
dep-204507,2025,2,19,3
dep-204507,2025,3,19,2
dep-204507,2025,4,20,2
dep-204507,2025,5,17,2
dep-204507,2025,6,16,0
dep-204507,2025,7,10,0
dep-204507,2025,8,9,0
dep-204507,2025,9,11,0
dep-204507,2025,10,12,0
dep-204507,2025,11,12,0
dep-204507,2025,12,12,0
dep-204508,2023,2,21,4
dep-204508,2023,3,19,1
dep-204508,2023,4,18,2
dep-204508,2023,5,17,3
dep-204508,2023,6,19,3
dep-204508,2023,7,18,3
dep-204508,2023,8,21,3
dep-204508,2023,9,21,3
dep-204508,2023,10,21,3
dep-204508,2023,11,21,3
dep-204508,2023,12,22,3
dep-204508,2024,1,22,3
dep-204508,2024,2,22,3
dep-204508,2024,3,22,3
dep-204508,2024,4,22,3
dep-204508,2024,5,22,3
dep-204508,2024,6,22,3
dep-204508,2024,7,23,3
dep-204508,2024,8,22,2
dep-204508,2024,9,22,3
dep-204508,2024,10,21,3
dep-204508,2024,11,22,2
dep-204508,2024,12,22,2
dep-204508,2025,1,22,2
dep-204508,2025,2,19,2
dep-204508,2025,3,19,2
dep-204508,2025,4,20,1
dep-204508,2025,5,21,1
dep-204508,2025,6,20,1
dep-204508,2025,7,20,1
dep-204508,2025,8,21,1
dep-204508,2025,9,21,1
dep-204508,2025,10,21,1
dep-204508,2025,11,21,1
dep-204508,2025,12,21,1
dep-204508,2026,1,21,1
dep-204508,2026,2,21,1
dep-204508,2026,3,17,1
dep-204508,2026,4,18,1
dep-204508,2026,5,18,1
dep-204508,2026,6,21,1
dep-204508,2026,7,22,1
dep-204508,2026,8,23,1
dep-204508,2026,9,24,1
dep-204508,2026,10,24,1
dep-204511,2023,2,17,2
dep-204511,2023,3,20,2
dep-204511,2023,4,20,2
dep-204511,2023,5,18,2
dep-204511,2023,6,18,2
dep-204511,2023,7,17,2
dep-204511,2023,8,17,2
dep-204511,2023,9,15,2
dep-204511,2023,10,15,2
dep-204511,2023,11,14,2
dep-204511,2023,12,14,2
dep-204511,2024,1,14,2
dep-204511,2024,2,13,2
dep-204511,2024,3,13,2
dep-204511,2024,4,12,2
dep-204511,2024,5,12,2
dep-204511,2024,6,11,2
dep-204511,2024,7,11,2
dep-204511,2024,8,14,2
dep-204511,2024,9,14,2
dep-204511,2024,10,14,2
dep-204511,2024,11,13,2
dep-204511,2024,12,12,2
dep-204511,2025,1,15,2
dep-204511,2025,2,14,2
dep-204511,2025,3,14,2
dep-204511,2025,4,13,2
dep-204511,2025,5,15,1
dep-204511,2025,6,16,2
dep-204511,2025,7,18,2
dep-204511,2025,8,18,2
dep-204511,2025,9,18,2
dep-204511,2025,10,18,3
dep-204511,2025,11,19,2
dep-204511,2025,12,19,2
dep-204511,2026,1,19,2
dep-204511,2026,2,18,2
dep-204511,2026,3,4,2
dep-204511,2026,4,4,1
dep-204511,2026,5,4,1
dep-204511,2026,6,4,2
dep-204511,2026,7,7,2
dep-204511,2026,8,7,2
dep-204511,2026,9,7,2
dep-204511,2026,10,17,2
dep-204512,2023,2,16,5
dep-204512,2023,3,17,5
dep-204512,2023,4,17,5
dep-204512,2023,5,18,5
dep-204512,2023,6,17,5
dep-204512,2023,7,15,5
dep-204512,2023,8,17,5
dep-204512,2023,9,18,5
dep-204512,2023,10,18,5
dep-204512,2023,11,18,5
dep-204512,2023,12,18,5
dep-204512,2024,1,18,5
dep-204512,2024,2,19,5
dep-204512,2024,3,20,6
dep-204512,2024,4,18,5
dep-204512,2024,5,19,6
dep-204512,2024,6,19,6
dep-204512,2024,7,21,6
dep-204512,2024,8,19,6
dep-204512,2024,9,19,6
dep-204512,2024,10,18,6
dep-204512,2024,11,17,6
dep-204512,2024,12,17,6
dep-204512,2025,1,16,6
dep-204512,2025,2,21,6
dep-204512,2025,3,20,4
dep-204512,2025,4,22,4
dep-204512,2025,5,22,4
dep-204512,2025,6,24,4
dep-204512,2025,7,23,4
dep-204512,2025,8,23,5
dep-204512,2025,9,23,4
dep-204512,2025,10,23,4
dep-204512,2025,11,25,4
dep-204512,2025,12,24,4
dep-204512,2026,1,24,4
dep-204512,2026,2,24,4
dep-204512,2026,3,23,4
dep-204512,2026,4,23,4
dep-204512,2026,5,24,6
dep-204512,2026,6,24,6
dep-204512,2026,7,25,6
dep-204512,2026,8,25,6
dep-204512,2026,9,25,6
dep-204512,2026,10,25,6
dep-204514,2025,6,0,2
dep-204514,2025,7,0,2
dep-204515,2023,2,10,0
dep-204515,2023,3,10,1
dep-204515,2023,4,10,1
dep-204515,2023,5,10,1
dep-204515,2023,6,10,1
dep-204515,2023,7,7,1
dep-204515,2023,8,8,2
dep-204515,2023,9,7,1
dep-204515,2023,10,8,1
dep-204515,2023,11,8,1
dep-204515,2023,12,8,1
dep-204515,2024,1,9,0
dep-204515,2024,2,11,1
dep-204515,2024,3,12,1
dep-204515,2024,4,11,1
dep-204515,2024,5,12,0
dep-204515,2024,6,11,0
dep-204515,2024,7,12,1
dep-204515,2024,8,10,1
dep-204515,2024,9,10,1
dep-204515,2024,10,10,1
dep-204515,2024,11,9,1
dep-204515,2024,12,10,1
dep-204515,2025,1,10,1
dep-204515,2025,2,8,1
dep-204515,2025,3,11,2
dep-204515,2025,4,11,1
dep-204515,2025,5,9,1
dep-204515,2025,6,11,1
dep-204515,2025,7,11,1
dep-204515,2025,10,8,0
dep-204515,2025,11,10,0
dep-204515,2025,12,10,0
dep-204515,2026,1,10,0
dep-204515,2026,2,10,0
dep-204515,2026,3,4,0
dep-204515,2026,4,5,0
dep-204515,2026,5,8,0
dep-204515,2026,6,8,0
dep-204515,2026,7,9,0
dep-204515,2026,8,9,0
dep-204515,2026,9,9,0
dep-204515,2026,10,9,0
dep-204517,2023,2,23,2
dep-204517,2023,3,24,3
dep-204517,2023,4,23,3
dep-204517,2023,5,25,4
dep-204517,2023,6,24,4
dep-204517,2023,7,26,4
dep-204517,2023,8,26,5
dep-204517,2023,9,25,5
dep-204517,2023,10,26,5
dep-204517,2023,11,26,5
dep-204517,2023,12,25,5
dep-204517,2024,1,25,5
dep-204517,2024,2,25,5
dep-204517,2024,3,25,5
dep-204517,2024,4,27,5
dep-204517,2024,5,25,4
dep-204517,2024,6,25,4
dep-204517,2024,7,24,5
dep-204517,2024,8,24,4
dep-204517,2024,9,25,4
dep-204517,2024,10,25,4
dep-204517,2024,11,26,4
dep-204517,2024,12,26,4
dep-204517,2025,1,25,4
dep-204517,2025,2,25,3
dep-204517,2025,3,27,4
dep-204517,2025,4,22,6
dep-204517,2025,5,23,6
dep-204517,2025,6,25,6
dep-204517,2025,7,25,6
dep-204517,2025,8,25,6
dep-204517,2025,9,26,6
dep-204517,2025,10,26,6
dep-204517,2025,11,25,6
dep-204517,2025,12,26,6
dep-204517,2026,1,24,6
dep-204517,2026,2,25,6
dep-204517,2026,3,20,6
dep-204517,2026,4,20,6
dep-204517,2026,5,20,6
dep-204517,2026,6,20,6
dep-204517,2026,7,23,6
dep-204517,2026,8,25,6
dep-204517,2026,9,25,6
dep-204517,2026,10,25,6
dep-204518,2023,2,23,4
dep-204518,2023,3,25,4
dep-204518,2023,4,25,3
dep-204518,2023,5,24,3
dep-204518,2023,6,25,3
dep-204518,2023,7,25,3
dep-204518,2023,8,25,3
dep-204518,2023,9,25,3
dep-204518,2023,10,25,3
dep-204518,2023,11,25,3
dep-204518,2023,12,25,3
dep-204518,2024,1,25,3
dep-204518,2024,2,25,3
dep-204518,2024,3,25,3
dep-204518,2024,4,28,3
dep-204518,2024,5,24,3
dep-204518,2024,6,25,3
dep-204518,2024,7,24,3
dep-204518,2024,8,25,3
dep-204518,2024,9,25,3
dep-204518,2024,10,26,3
dep-204518,2024,11,26,3
dep-204518,2024,12,26,3
dep-204518,2025,1,27,3
dep-204518,2025,2,26,3
dep-204518,2025,3,24,3
dep-204518,2025,4,24,3
dep-204518,2025,5,24,3
dep-204518,2025,6,25,3
dep-204518,2025,7,24,3
dep-204518,2025,8,24,3
dep-204518,2025,9,24,3
dep-204518,2025,10,24,3
dep-204518,2025,11,24,3
dep-204518,2025,12,24,3
dep-204518,2026,1,24,3
dep-204518,2026,2,24,3
dep-204518,2026,3,17,3
dep-204518,2026,4,17,3
dep-204518,2026,5,19,3
dep-204518,2026,6,23,3
dep-204518,2026,7,25,3
dep-204518,2026,8,25,3
dep-204518,2026,9,25,3
dep-204518,2026,10,25,3
dep-204520,2023,2,11,0
dep-204520,2023,3,12,0
dep-204520,2023,4,14,1
dep-204520,2023,5,13,2
dep-204520,2023,6,12,2
dep-204520,2023,7,12,2
dep-204520,2023,8,13,2
dep-204520,2023,9,13,2
dep-204520,2023,10,13,2
dep-204520,2023,11,13,2
dep-204520,2023,12,13,2
dep-204520,2024,1,13,2
dep-204520,2024,2,13,2
dep-204520,2024,3,13,2
dep-204520,2024,4,13,3
dep-204520,2024,5,14,2
dep-204520,2024,6,16,3
dep-204520,2024,7,17,2
dep-204520,2024,8,16,0
dep-204520,2024,9,16,0
dep-204520,2024,10,19,0
dep-204520,2024,11,20,2
dep-204520,2024,12,17,2
dep-204520,2025,1,14,2
dep-204520,2025,2,16,2
dep-204520,2025,3,16,2
dep-204520,2025,4,17,2
dep-204520,2025,5,17,2
dep-204520,2025,6,17,2
dep-204520,2025,7,17,2
dep-204520,2025,8,17,2
dep-204520,2025,9,18,2
dep-204520,2025,10,18,2
dep-204520,2025,11,19,2
dep-204520,2025,12,17,2
dep-204520,2026,1,17,2
dep-204520,2026,2,18,2
dep-204520,2026,3,15,2
dep-204520,2026,4,17,2
dep-204520,2026,5,17,2
dep-204520,2026,6,20,2
dep-204520,2026,7,21,2
dep-204520,2026,8,21,2
dep-204520,2026,9,22,2
dep-204520,2026,10,22,2
dep-204522,2023,2,16,3
dep-204522,2023,3,16,3
dep-204522,2023,4,17,3
dep-204522,2023,5,18,3
dep-204522,2023,6,19,3
dep-204522,2023,7,19,3
dep-204522,2023,8,19,3
dep-204522,2023,9,21,3
dep-204524,2023,2,24,2
dep-204524,2023,3,27,2
dep-204524,2023,4,24,2
dep-204524,2023,5,24,2
dep-204524,2023,6,24,2
dep-204524,2023,7,24,2
dep-204524,2023,8,25,2
dep-204524,2023,9,25,2
dep-204524,2023,10,26,3
dep-204524,2023,11,25,2
dep-204524,2023,12,25,2
dep-204524,2024,1,24,2
dep-204524,2024,2,24,2
dep-204524,2024,3,25,2
dep-204524,2024,4,26,2
dep-204524,2024,5,26,2
dep-204524,2024,6,26,2
dep-204524,2024,7,23,2
dep-204524,2024,8,24,2
dep-204524,2024,9,24,2
dep-204524,2024,10,24,2
dep-204524,2024,11,24,2
dep-204524,2024,12,24,2
dep-204524,2025,1,24,2
dep-204524,2025,2,16,2
dep-204524,2025,3,15,2
dep-204524,2025,4,16,2
dep-204524,2025,5,18,2
dep-204524,2025,6,21,2
dep-204524,2025,7,20,2
dep-204524,2025,8,20,2
dep-204524,2025,9,22,2
dep-204524,2025,10,22,2
dep-204524,2025,11,24,2
dep-204524,2025,12,22,2
dep-204524,2026,1,22,2
dep-204524,2026,2,21,2
dep-204524,2026,3,15,2
dep-204524,2026,4,16,2
dep-204524,2026,5,20,2
dep-204524,2026,6,22,2
dep-204524,2026,7,22,2
dep-204524,2026,8,22,2
dep-204524,2026,9,23,2
dep-204524,2026,10,23,2
dep-204525,2023,2,15,1
dep-204525,2023,3,17,1
dep-204525,2023,4,16,1
dep-204525,2023,5,15,2
dep-204525,2023,6,16,2
dep-204525,2023,7,16,2
dep-204525,2023,8,17,2
dep-204525,2023,9,16,2
dep-204525,2023,10,16,2
dep-204525,2023,11,16,2
dep-204525,2023,12,16,2
dep-204525,2024,1,16,2
dep-204525,2024,2,16,2
dep-204525,2024,3,16,2
dep-204525,2024,4,16,2
dep-204525,2024,5,16,2
dep-204525,2024,6,16,2
dep-204525,2024,7,16,2
dep-204525,2024,8,16,2
dep-204525,2024,9,16,2
dep-204525,2024,10,16,2
dep-204525,2024,11,16,2
dep-204525,2024,12,16,2
dep-204525,2025,1,16,2
dep-204525,2025,2,16,2
dep-204525,2025,3,15,2
dep-204525,2025,4,15,2
dep-204525,2025,5,15,2
dep-204525,2025,6,15,2
dep-204525,2025,7,16,2
dep-204525,2025,8,16,2
dep-204525,2025,9,16,2
dep-204525,2025,10,16,2
dep-204525,2025,11,16,2
dep-204525,2025,12,16,3
dep-204525,2026,1,16,2
dep-204525,2026,2,16,2
dep-204525,2026,3,10,2
dep-204525,2026,4,15,2
dep-204525,2026,5,15,2
dep-204525,2026,6,18,2
dep-204525,2026,7,20,2
dep-204525,2026,8,21,2
dep-204525,2026,9,21,2
dep-204525,2026,10,21,2
dep-204526,2023,2,10,0
dep-204526,2023,3,11,0
dep-204526,2023,4,11,0
dep-204526,2023,5,11,0
dep-204526,2023,6,11,0
dep-204526,2023,7,11,0
dep-204526,2023,8,11,0
dep-204526,2023,9,11,0
dep-204526,2023,10,11,0
dep-204526,2023,11,11,0
dep-204526,2023,12,10,0
dep-204526,2024,1,10,0
dep-204526,2024,2,11,0
dep-204526,2024,3,11,0
dep-204526,2024,4,11,0
dep-204526,2024,5,10,0
dep-204526,2024,6,10,0
dep-204526,2024,7,10,0
dep-204526,2024,8,10,0
dep-204526,2024,9,10,0
dep-204526,2024,10,10,0
dep-204526,2024,11,10,0
dep-204526,2024,12,10,0
dep-204526,2025,1,11,0
dep-204526,2025,2,12,0
dep-204526,2025,3,12,0
dep-204526,2025,4,11,0
dep-204526,2025,5,11,0
dep-204526,2025,6,11,0
dep-204526,2025,7,11,0
dep-204526,2025,8,11,0
dep-204526,2025,9,10,0
dep-204526,2025,10,10,0
dep-204526,2025,11,10,0
dep-204526,2025,12,10,0
dep-204526,2026,1,10,0
dep-204526,2026,2,10,0
dep-204526,2026,3,7,0
dep-204526,2026,4,7,0
dep-204526,2026,5,7,0
dep-204526,2026,6,8,0
dep-204526,2026,7,8,0
dep-204526,2026,8,8,0
dep-204526,2026,9,8,0
dep-204526,2026,10,9,0
dep-204528,2023,2,13,0
dep-204528,2023,3,13,0
dep-204528,2023,4,14,0
dep-204528,2023,5,13,0
dep-204528,2023,6,14,0
dep-204528,2023,7,12,0
dep-204528,2023,8,12,0
dep-204528,2023,9,12,0
dep-204528,2023,10,13,0
dep-204528,2023,11,13,0
dep-204528,2023,12,13,0
dep-204528,2024,1,13,0
dep-204528,2024,2,12,0
dep-204528,2024,3,14,0
dep-204528,2024,4,15,0
dep-204528,2024,5,13,0
dep-204528,2024,6,14,0
dep-204528,2024,7,13,0
dep-204528,2024,8,13,0
dep-204528,2024,9,14,0
dep-204528,2024,10,15,0
dep-204528,2024,11,18,0
dep-204528,2024,12,17,0
dep-204528,2025,1,16,0
dep-204528,2025,2,15,0
dep-204528,2025,3,18,0
dep-204528,2025,4,17,0
dep-204528,2025,5,17,0
dep-204528,2025,6,17,0
dep-204528,2025,7,19,0
dep-204528,2025,8,21,0
dep-204528,2025,9,21,0
dep-204528,2025,10,20,0
dep-204528,2025,11,20,0
dep-204528,2025,12,20,0
dep-204528,2026,1,20,0
dep-204528,2026,2,18,0
dep-204528,2026,3,11,0
dep-204528,2026,4,12,0
dep-204528,2026,5,12,0
dep-204528,2026,6,13,0
dep-204528,2026,7,14,0
dep-204528,2026,8,14,0
dep-204528,2026,9,14,0
dep-204528,2026,10,14,0
dep-204531,2023,2,4,0
dep-204531,2024,3,16,3
dep-204531,2025,11,12,0
dep-204531,2025,12,12,0
dep-204531,2026,1,1,0
dep-204531,2026,2,1,0
dep-204531,2026,3,1,0
dep-204531,2026,4,1,0
dep-204531,2026,5,1,0
dep-204531,2026,6,2,0
dep-204531,2026,7,2,0
dep-204531,2026,8,6,0
dep-204531,2026,9,6,0
dep-204531,2026,10,6,0
dep-204533,2023,2,19,0
dep-204533,2023,3,17,1
dep-204533,2023,4,19,1
dep-204533,2023,5,20,1
dep-204533,2023,6,21,1
dep-204533,2023,7,21,1
dep-204533,2023,8,22,1
dep-204533,2023,9,22,1
dep-204533,2023,10,22,1
dep-204533,2023,11,22,1
dep-204533,2023,12,22,1
dep-204533,2024,1,22,1
dep-204533,2024,2,22,1
dep-204533,2024,3,21,1
dep-204533,2024,4,20,1
dep-204533,2024,5,21,1
dep-204533,2024,6,21,1
dep-204533,2024,7,22,1
dep-204533,2024,8,21,1
dep-204533,2024,9,21,1
dep-204533,2024,10,20,1
dep-204533,2024,11,20,1
dep-204533,2024,12,20,1
dep-204533,2025,1,20,1
dep-204533,2026,3,13,0
dep-204533,2026,4,14,0
dep-204533,2026,5,17,0
dep-204533,2026,6,21,0
dep-204533,2026,7,21,0
dep-204533,2026,8,23,0
dep-204533,2026,9,23,0
dep-204533,2026,10,23,0
dep-204534,2023,2,24,0
dep-204534,2023,3,24,1
dep-204534,2023,4,24,1
dep-204534,2023,5,22,1
dep-204534,2023,6,24,1
dep-204534,2023,7,23,1
dep-204534,2023,8,25,1
dep-204534,2023,9,24,1
dep-204534,2023,10,24,2
dep-204534,2023,11,24,1
dep-204534,2023,12,25,2
dep-204534,2024,1,22,1
dep-204534,2024,2,23,1
dep-204534,2024,3,24,1
dep-204534,2024,4,23,1
dep-204534,2024,5,22,2
dep-204534,2024,6,22,2
dep-204534,2024,7,21,2
dep-204534,2024,8,4,2
dep-204534,2024,9,5,2
dep-204534,2024,10,11,2
dep-204534,2024,11,18,3
dep-204534,2024,12,20,2
dep-204534,2025,1,20,2
dep-204534,2025,2,19,2
dep-204534,2025,3,19,2
dep-204534,2025,4,21,2
dep-204534,2025,5,21,2
dep-204534,2025,6,22,2
dep-204534,2025,7,21,3
dep-204534,2025,8,21,3
dep-204534,2025,9,23,3
dep-204534,2025,10,25,3
dep-204534,2025,11,23,3
dep-204534,2025,12,23,3
dep-204534,2026,1,23,3
dep-204534,2026,2,21,3
dep-204534,2026,3,1,3
dep-204534,2026,4,2,3
dep-204534,2026,5,3,2
dep-204534,2026,6,3,2
dep-204534,2026,7,3,2
dep-204534,2026,8,6,2
dep-204534,2026,9,7,0
dep-204534,2026,10,8,0
dep-204535,2023,2,24,0
dep-204535,2023,3,24,0
dep-204535,2023,4,23,0
dep-204535,2023,5,22,0
dep-204535,2023,6,22,0
dep-204535,2023,7,22,0
dep-204535,2023,8,22,0
dep-204535,2023,9,22,0
dep-204535,2023,10,22,0
dep-204535,2023,11,22,0
dep-204535,2023,12,22,0
dep-204535,2024,1,22,0
dep-204535,2024,2,22,0
dep-204535,2024,3,22,0
dep-204535,2024,4,22,0
dep-204535,2024,5,23,0
dep-204535,2024,6,22,0
dep-204535,2024,7,22,0
dep-204535,2024,8,20,0
dep-204535,2024,9,20,0
dep-204535,2024,10,20,0
dep-204535,2024,11,21,0
dep-204535,2024,12,21,0
dep-204535,2025,1,21,0
dep-204535,2025,2,21,0
dep-204535,2025,3,22,0
dep-204535,2025,4,21,0
dep-204535,2025,5,21,0
dep-204535,2025,6,21,0
dep-204535,2025,7,21,0
dep-204535,2025,8,21,0
dep-204535,2025,9,21,0
dep-204535,2025,10,20,0
dep-204535,2025,11,20,0
dep-204535,2025,12,21,0
dep-204535,2026,1,21,0
dep-204535,2026,2,21,0
dep-204535,2026,3,17,0
dep-204535,2026,4,18,0
dep-204535,2026,5,18,0
dep-204535,2026,6,18,0
dep-204535,2026,7,20,0
dep-204535,2026,8,20,0
dep-204535,2026,9,20,0
dep-204535,2026,10,20,0
dep-204536,2023,2,13,2
dep-204536,2023,3,14,1
dep-204536,2023,4,12,2
dep-204536,2023,5,12,2
dep-204536,2023,6,12,2
dep-204536,2023,7,12,2
dep-204536,2023,8,13,2
dep-204536,2023,9,12,2
dep-204536,2023,10,12,2
dep-204536,2023,11,12,2
dep-204536,2023,12,12,2
dep-204536,2024,1,12,2
dep-204536,2024,2,12,2
dep-204536,2024,3,12,2
dep-204536,2024,4,12,2
dep-204536,2024,5,12,2
dep-204536,2024,6,11,2
dep-204536,2024,7,11,2
dep-204536,2024,8,12,2
dep-204536,2024,9,10,2
dep-204536,2024,10,10,2
dep-204536,2024,11,10,2
dep-204536,2024,12,10,3
dep-204536,2025,1,12,2
dep-204536,2025,2,11,2
dep-204536,2025,3,13,2
dep-204536,2025,4,12,2
dep-204536,2025,5,14,3
dep-204536,2025,6,13,2
dep-204536,2025,7,14,1
dep-204536,2025,8,14,2
dep-204536,2025,9,15,2
dep-204536,2025,10,15,2
dep-204536,2025,11,14,2
dep-204536,2025,12,14,2
dep-204536,2026,1,14,2
dep-204536,2026,2,11,2
dep-204536,2026,3,7,2
dep-204536,2026,4,7,0
dep-204536,2026,5,7,0
dep-204536,2026,6,15,0
dep-204536,2026,7,15,0
dep-204536,2026,8,15,0
dep-204536,2026,9,15,0
dep-204536,2026,10,15,0
dep-204539,2023,2,9,1
dep-204539,2023,3,9,1
dep-204539,2023,4,9,1
dep-204539,2023,5,9,1
dep-204539,2023,6,9,1
dep-204539,2023,7,9,1
dep-204539,2023,8,11,1
dep-204539,2023,9,11,1
dep-204539,2023,10,11,1
dep-204539,2023,11,11,1
dep-204539,2023,12,12,1
dep-204539,2024,1,12,1
dep-204539,2024,2,12,1
dep-204539,2024,3,12,1
dep-204539,2024,4,13,1
dep-204539,2024,5,12,1
dep-204539,2024,6,12,1
dep-204539,2024,7,12,1
dep-204539,2024,8,11,1
dep-204539,2024,9,11,1
dep-204539,2024,10,13,1
dep-204539,2024,11,13,1
dep-204539,2024,12,13,1
dep-204539,2025,1,12,1
dep-204539,2025,2,13,1
dep-204539,2025,3,13,1
dep-204539,2025,4,12,1
dep-204539,2025,5,12,1
dep-204539,2025,6,13,1
dep-204539,2025,7,13,1
dep-204539,2025,8,13,1
dep-204539,2025,9,13,1
dep-204539,2025,10,13,1
dep-204539,2025,11,13,1
dep-204539,2025,12,14,1
dep-204539,2026,1,13,1
dep-204539,2026,2,13,1
dep-204539,2026,3,5,1
dep-204539,2026,4,8,1
dep-204539,2026,5,8,1
dep-204539,2026,6,8,1
dep-204539,2026,7,10,1
dep-204539,2026,8,12,1
dep-204539,2026,9,12,1
dep-204539,2026,10,12,1
dep-204540,2023,2,19,5
dep-204540,2023,3,20,5
dep-204540,2023,4,21,4
dep-204540,2023,5,20,4
dep-204540,2023,6,20,4
dep-204540,2023,7,21,3
dep-204540,2023,8,21,3
dep-204540,2023,9,21,3
dep-204540,2023,10,21,3
dep-204540,2023,11,21,3
dep-204540,2023,12,21,3
dep-204540,2024,1,22,3
dep-204540,2024,2,20,3
dep-204540,2024,3,21,3
dep-204540,2024,4,20,3
dep-204540,2024,5,20,3
dep-204540,2024,6,21,3
dep-204540,2024,7,22,3
dep-204540,2024,8,20,3
dep-204540,2024,9,21,3
dep-204540,2024,10,21,3
dep-204540,2024,11,20,3
dep-204540,2024,12,21,3
dep-204540,2025,1,22,3
dep-204540,2025,2,21,3
dep-204540,2025,3,20,3
dep-204540,2025,4,20,3
dep-204540,2025,5,22,3
dep-204540,2025,6,21,3
dep-204540,2025,7,20,3
dep-204540,2025,8,20,3
dep-204540,2025,9,20,3
dep-204540,2025,10,21,3
dep-204540,2025,11,21,3
dep-204540,2025,12,21,3
dep-204540,2026,1,21,3
dep-204540,2026,2,22,3
dep-204540,2026,3,21,3
dep-204540,2026,4,22,3
dep-204540,2026,5,22,3
dep-204540,2026,6,23,3
dep-204540,2026,7,23,3
dep-204540,2026,8,23,3
dep-204540,2026,9,23,3
dep-204540,2026,10,23,3
dep-204541,2023,2,16,0
dep-204541,2023,3,17,0
dep-204541,2023,4,16,0
dep-204541,2023,5,16,1
dep-204541,2023,6,15,0
dep-204541,2023,7,12,0
dep-204541,2023,8,15,0
dep-204541,2023,9,14,0
dep-204541,2023,10,14,1
dep-204541,2023,11,14,1
dep-204541,2023,12,14,1
dep-204541,2024,1,14,1
dep-204541,2024,2,14,1
dep-204541,2024,3,14,1
dep-204541,2024,4,15,2
dep-204541,2024,5,14,1
dep-204541,2024,6,14,1
dep-204541,2024,7,14,1
dep-204541,2024,8,14,1
dep-204541,2024,9,13,1
dep-204541,2024,10,13,1
dep-204541,2024,11,13,1
dep-204541,2024,12,13,1
dep-204541,2025,1,13,1
dep-204541,2025,11,13,1
dep-204541,2026,4,13,0
dep-204541,2026,5,16,0
dep-204541,2026,6,18,0
dep-204541,2026,7,18,0
dep-204541,2026,8,18,0
dep-204541,2026,9,18,0
dep-204541,2026,10,18,0
dep-204549,2023,2,13,2
dep-204549,2023,3,14,2
dep-204549,2023,4,14,2
dep-204549,2023,5,14,2
dep-204549,2023,6,14,1
dep-204549,2023,7,15,1
dep-204549,2023,8,15,1
dep-204549,2023,9,16,1
dep-204549,2023,10,16,1
dep-204549,2023,11,16,1
dep-204549,2023,12,16,1
dep-204549,2024,1,16,0
dep-204549,2024,2,16,0
dep-204549,2024,3,16,0
dep-204549,2024,4,16,1
dep-204549,2024,5,16,1
dep-204549,2024,6,16,1
dep-204549,2024,7,15,1
dep-204549,2024,8,15,1
dep-204549,2024,9,15,1
dep-204549,2024,10,15,1
dep-204549,2024,11,15,1
dep-204549,2024,12,15,1
dep-204549,2025,1,15,1
dep-204549,2025,2,15,1
dep-204549,2025,3,14,1
dep-204549,2025,4,14,1
dep-204549,2025,5,15,1
dep-204549,2025,6,15,1
dep-204549,2025,7,15,1
dep-204549,2025,8,15,1
dep-204549,2025,9,15,1
dep-204549,2025,10,15,1
dep-204549,2025,11,15,1
dep-204549,2025,12,15,1
dep-204549,2026,1,15,1
dep-204549,2026,2,15,1
dep-204549,2026,3,12,1
dep-204549,2026,4,13,1
dep-204549,2026,5,13,1
dep-204549,2026,6,14,1
dep-204549,2026,7,14,1
dep-204549,2026,8,14,1
dep-204549,2026,9,14,1
dep-204549,2026,10,14,1
dep-204550,2023,2,27,4
dep-204550,2023,3,21,4
dep-204550,2023,4,21,4
dep-204550,2023,5,23,4
dep-204550,2023,6,23,4
dep-204550,2023,7,23,4
dep-204550,2023,8,24,4
dep-204550,2023,9,23,4
dep-204550,2023,10,23,5
dep-204550,2023,11,23,4
dep-204550,2023,12,23,4
dep-204550,2024,1,22,4
dep-204550,2024,2,25,4
dep-204550,2024,3,25,4
dep-204550,2024,4,26,4
dep-204550,2024,5,25,4
dep-204550,2024,6,26,4
dep-204550,2024,7,25,4
dep-204550,2024,8,25,4
dep-204550,2024,9,26,4
dep-204550,2024,10,25,0
dep-204550,2024,11,24,0
dep-204550,2024,12,25,0
dep-204550,2025,1,26,1
dep-204550,2025,2,24,3
dep-204550,2025,3,23,3
dep-204550,2025,4,24,3
dep-204550,2025,5,25,3
dep-204550,2025,6,25,1
dep-204550,2025,7,26,1
dep-204550,2025,8,24,1
dep-204550,2025,9,24,1
dep-204550,2025,10,24,1
dep-204550,2025,11,24,1
dep-204550,2025,12,25,1
dep-204550,2026,1,25,1
dep-204550,2026,2,25,1
dep-204550,2026,3,18,1
dep-204550,2026,4,19,1
dep-204550,2026,5,20,1
dep-204550,2026,6,23,1
dep-204550,2026,7,25,1
dep-204550,2026,8,25,1
dep-204550,2026,9,25,1
dep-204550,2026,10,25,1
dep-204553,2023,2,22,2
dep-204553,2023,3,20,5
dep-204553,2023,4,21,5
dep-204553,2023,5,22,5
dep-204553,2023,6,22,5
dep-204553,2023,7,22,5
dep-204553,2023,8,22,6
dep-204553,2023,9,22,5
dep-204553,2023,10,22,5
dep-204553,2023,11,22,5
dep-204553,2023,12,22,5
dep-204553,2024,1,22,5
dep-204553,2024,2,22,5
dep-204553,2024,3,21,5
dep-204553,2024,4,21,5
dep-204553,2024,5,23,5
dep-204553,2024,6,22,5
dep-204553,2024,7,23,5
dep-204553,2024,8,23,5
dep-204553,2024,9,23,5
dep-204553,2024,10,23,5
dep-204553,2024,11,23,5
dep-204553,2024,12,23,5
dep-204553,2025,1,23,5
dep-204553,2025,2,23,5
dep-204553,2025,3,23,5
dep-204553,2025,4,23,5
dep-204553,2025,5,23,5
dep-204553,2025,6,23,5
dep-204553,2025,7,26,5
dep-204553,2025,8,24,5
dep-204553,2025,9,25,5
dep-204553,2025,10,25,5
dep-204553,2025,11,25,5
dep-204553,2025,12,24,5
dep-204553,2026,1,24,5
dep-204553,2026,2,25,5
dep-204553,2026,3,14,5
dep-204553,2026,4,14,5
dep-204553,2026,5,24,5
dep-204553,2026,6,24,5
dep-204553,2026,7,24,5
dep-204553,2026,8,25,5
dep-204553,2026,9,25,5
dep-204553,2026,10,25,5
dep-204557,2023,2,24,1
dep-204557,2023,3,27,2
dep-204557,2023,4,26,3
dep-204557,2023,5,24,3
dep-204557,2023,6,24,2
dep-204557,2023,7,24,2
dep-204557,2023,8,25,2
dep-204557,2023,9,24,2
dep-204557,2023,10,23,2
dep-204557,2023,11,23,2
dep-204557,2023,12,23,2
dep-204557,2024,1,22,2
dep-204557,2024,2,22,2
dep-204557,2024,3,23,2
dep-204557,2024,4,23,2
dep-204557,2024,5,25,2
dep-204557,2024,6,26,2
dep-204557,2024,7,28,2
dep-204557,2024,8,25,2
dep-204557,2024,9,24,2
dep-204557,2024,10,24,2
dep-204557,2024,11,24,2
dep-204557,2024,12,23,2
dep-204557,2025,1,22,2
dep-204557,2025,2,24,2
dep-204557,2025,3,26,2
dep-204557,2025,4,21,2
dep-204557,2025,5,21,2
dep-204557,2025,6,21,2
dep-204557,2025,7,22,2
dep-204557,2025,8,22,3
dep-204557,2025,9,21,2
dep-204557,2025,10,21,2
dep-204557,2025,11,21,3
dep-204557,2025,12,20,2
dep-204557,2026,1,20,2
dep-204557,2026,2,19,2
dep-204557,2026,3,14,2
dep-204557,2026,4,16,2
dep-204557,2026,5,16,2
dep-204557,2026,6,16,3
dep-204557,2026,7,16,2
dep-204557,2026,8,16,2
dep-204557,2026,9,17,2
dep-204557,2026,10,17,2
dep-204558,2026,4,18,2
dep-204558,2026,5,19,2
dep-204558,2026,6,20,2
dep-204558,2026,7,20,2
dep-204558,2026,8,21,2
dep-204558,2026,9,21,2
dep-204558,2026,10,21,2
dep-204559,2023,2,22,0
dep-204559,2023,3,24,0
dep-204559,2023,4,23,1
dep-204559,2023,5,23,1
dep-204559,2023,6,25,1
dep-204559,2023,7,24,1
dep-204559,2023,8,24,1
dep-204559,2023,9,24,1
dep-204559,2023,10,25,1
dep-204559,2023,11,23,1
dep-204559,2023,12,24,1
dep-204559,2024,1,24,1
dep-204559,2024,2,25,1
dep-204559,2024,3,25,1
dep-204559,2024,4,25,1
dep-204559,2024,5,24,1
dep-204559,2024,6,25,1
dep-204559,2024,7,26,1
dep-204559,2024,8,25,0
dep-204559,2024,9,24,0
dep-204559,2024,10,26,0
dep-204559,2024,11,23,1
dep-204559,2024,12,23,1
dep-204559,2025,1,24,1
dep-204559,2025,2,26,1
dep-204559,2025,3,25,1
dep-204559,2025,4,25,1
dep-204559,2025,5,24,1
dep-204559,2025,6,26,1
dep-204559,2025,7,25,1
dep-204559,2025,8,24,1
dep-204559,2025,9,24,1
dep-204559,2025,10,24,1
dep-204559,2025,11,26,1
dep-204559,2025,12,25,1
dep-204559,2026,1,24,1
dep-204559,2026,2,21,1
dep-204559,2026,3,1,1
dep-204559,2026,4,2,1
dep-204559,2026,5,15,1
dep-204559,2026,6,18,1
dep-204559,2026,7,23,1
dep-204559,2026,8,24,1
dep-204559,2026,9,25,1
dep-204559,2026,10,25,1
dep-204560,2023,2,20,1
dep-204560,2023,3,17,1
dep-204560,2023,4,17,1
dep-204560,2023,5,18,1
dep-204560,2023,6,18,1
dep-204560,2023,7,18,1
dep-204560,2023,8,20,1
dep-204560,2023,9,20,1
dep-204560,2023,10,20,1
dep-204560,2023,11,20,1
dep-204560,2023,12,20,1
dep-204560,2024,1,20,1
dep-204560,2024,2,19,1
dep-204560,2024,3,19,1
dep-204560,2024,4,19,0
dep-204560,2024,5,20,0
dep-204560,2024,6,19,0
dep-204560,2024,7,20,0
dep-204560,2024,8,20,0
dep-204560,2024,9,19,0
dep-204560,2024,10,19,0
dep-204560,2024,11,19,0
dep-204560,2024,12,20,0
dep-204560,2025,1,20,0
dep-204560,2025,2,20,0
dep-204560,2025,3,20,0
dep-204560,2025,4,20,0
dep-204560,2025,5,20,0
dep-204560,2025,6,20,0
dep-204560,2025,7,20,0
dep-204560,2025,8,20,0
dep-204560,2025,9,20,0
dep-204560,2025,10,21,0
dep-204560,2025,11,20,0
dep-204560,2025,12,20,0
dep-204560,2026,1,20,0
dep-204560,2026,2,20,0
dep-204560,2026,3,20,0
dep-204560,2026,4,21,0
dep-204560,2026,5,21,0
dep-204560,2026,6,21,0
dep-204560,2026,7,21,0
dep-204560,2026,8,21,0
dep-204560,2026,9,21,0
dep-204560,2026,10,21,0
dep-204563,2023,2,27,0
dep-204563,2023,3,24,0
dep-204563,2023,4,24,0
dep-204563,2023,5,23,0
dep-204563,2023,6,23,0
dep-204563,2023,7,23,0
dep-204563,2023,8,23,0
dep-204563,2023,9,24,0
dep-204563,2023,10,24,0
dep-204563,2023,11,25,0
dep-204563,2023,12,25,0
dep-204563,2024,1,25,0
dep-204563,2024,2,25,0
dep-204563,2024,3,25,0
dep-204563,2024,4,25,0
dep-204563,2024,5,26,0
dep-204563,2024,6,25,0
dep-204563,2024,7,25,0
dep-204563,2024,8,25,0
dep-204563,2024,9,25,0
dep-204563,2024,10,25,0
dep-204563,2024,11,25,0
dep-204563,2024,12,25,0
dep-204563,2025,1,24,0
dep-204563,2025,2,24,0
dep-204563,2025,3,24,0
dep-204563,2025,4,28,0
dep-204563,2025,5,26,0
dep-204563,2025,6,27,0
dep-204563,2025,7,25,0
dep-204563,2025,8,25,0
dep-204563,2025,9,26,0
dep-204563,2025,10,23,0
dep-204563,2025,11,23,0
dep-204563,2025,12,23,0
dep-204563,2026,1,22,0
dep-204563,2026,2,22,0
dep-204563,2026,3,16,0
dep-204563,2026,4,22,0
dep-204563,2026,5,22,0
dep-204563,2026,6,25,0
dep-204563,2026,7,25,0
dep-204563,2026,8,25,0
dep-204563,2026,9,25,0
dep-204563,2026,10,25,0
dep-204566,2023,2,22,7
dep-204566,2023,3,26,9
dep-204566,2023,4,25,8
dep-204566,2023,5,25,8
dep-204566,2023,6,25,8
dep-204566,2023,7,25,8
dep-204566,2023,8,25,8
dep-204566,2023,9,25,8
dep-204566,2023,10,25,8
dep-204566,2023,11,25,8
dep-204566,2023,12,25,8
dep-204566,2024,1,25,0
dep-204566,2024,2,25,0
dep-204566,2024,3,25,0
dep-204566,2024,4,25,8
dep-204566,2024,5,25,8
dep-204566,2024,6,25,8
dep-204566,2024,7,25,8
dep-204566,2024,8,25,8
dep-204566,2024,9,25,8
dep-204566,2024,10,25,8
dep-204566,2024,11,25,8
dep-204566,2024,12,25,8
dep-204566,2025,1,25,8
dep-204566,2025,2,26,8
dep-204566,2025,3,23,7
dep-204566,2025,4,27,7
dep-204566,2025,5,25,7
dep-204566,2025,6,25,7
dep-204566,2025,7,25,7
dep-204566,2025,8,26,7
dep-204566,2025,9,25,7
dep-204566,2025,10,25,7
dep-204566,2025,11,25,7
dep-204566,2025,12,25,7
dep-204566,2026,1,15,7
dep-204566,2026,2,21,7
dep-204566,2026,3,20,0
dep-204566,2026,4,21,0
dep-204566,2026,5,21,0
dep-204566,2026,6,21,7
dep-204566,2026,7,21,7
dep-204566,2026,8,22,7
dep-204566,2026,9,22,7
dep-204566,2026,10,22,7
dep-204567,2023,2,21,0
dep-204567,2023,3,24,3
dep-204567,2023,4,23,3
dep-204567,2023,5,23,3
dep-204567,2023,6,24,4
dep-204567,2023,7,23,4
dep-204567,2023,8,23,4
dep-204567,2023,9,23,4
dep-204567,2023,10,22,4
dep-204567,2023,11,22,4
dep-204567,2023,12,22,4
dep-204567,2024,1,21,4
dep-204567,2024,2,22,4
dep-204567,2024,3,23,4
dep-204567,2024,4,22,4
dep-204567,2024,5,23,4
dep-204567,2024,6,24,4
dep-204567,2024,7,23,4
dep-204567,2024,8,23,4
dep-204567,2024,9,24,4
dep-204567,2024,10,23,4
dep-204567,2024,11,23,4
dep-204567,2024,12,23,4
dep-204567,2025,1,24,4
dep-204567,2025,2,25,4
dep-204567,2025,3,25,5
dep-204567,2025,4,24,6
dep-204567,2025,5,25,6
dep-204567,2025,6,25,6
dep-204567,2025,7,24,6
dep-204567,2025,8,24,6
dep-204567,2025,9,24,6
dep-204567,2025,10,24,6
dep-204567,2025,11,25,6
dep-204567,2025,12,22,6
dep-204567,2026,1,22,6
dep-204567,2026,2,22,6
dep-204567,2026,3,15,6
dep-204567,2026,4,17,6
dep-204567,2026,5,18,6
dep-204567,2026,6,19,6
dep-204567,2026,7,22,6
dep-204567,2026,8,22,6
dep-204567,2026,9,25,6
dep-204567,2026,10,25,6
dep-204570,2023,2,13,0
dep-204570,2023,3,13,0
dep-204570,2023,4,13,0
dep-204570,2023,5,14,0
dep-204570,2023,6,14,0
dep-204570,2023,7,14,0
dep-204570,2023,8,14,0
dep-204570,2023,9,14,0
dep-204570,2023,10,14,0
dep-204570,2023,11,14,0
dep-204570,2023,12,13,0
dep-204570,2024,1,13,0
dep-204570,2024,2,13,0
dep-204570,2024,3,13,0
dep-204570,2024,4,13,1
dep-204570,2024,5,13,1
dep-204570,2024,6,13,1
dep-204570,2024,7,13,1
dep-204570,2024,8,13,1
dep-204570,2024,9,13,1
dep-204570,2024,10,13,1
dep-204570,2024,11,13,1
dep-204570,2024,12,13,1
dep-204570,2025,1,14,1
dep-204570,2025,2,14,1
dep-204570,2025,3,14,1
dep-204570,2025,4,15,1
dep-204570,2025,5,14,1
dep-204570,2025,6,14,1
dep-204570,2025,7,14,1
dep-204570,2025,8,14,1
dep-204570,2025,9,14,1
dep-204570,2025,10,14,1
dep-204570,2025,11,14,1
dep-204570,2025,12,14,1
dep-204570,2026,1,14,1
dep-204570,2026,2,14,1
dep-204570,2026,3,1,1
dep-204570,2026,4,1,1
dep-204570,2026,5,1,1
dep-204570,2026,6,1,1
dep-204570,2026,7,1,1
dep-204570,2026,8,9,1
dep-204570,2026,9,18,1
dep-204570,2026,10,18,1
dep-204571,2023,2,16,0
dep-204571,2023,3,20,2
dep-204571,2023,4,18,2
dep-204571,2023,5,18,2
dep-204571,2023,6,18,2
dep-204571,2023,7,18,2
dep-204571,2023,8,18,2
dep-204571,2023,9,18,2
dep-204571,2023,10,18,2
dep-204571,2023,11,18,2
dep-204571,2023,12,18,2
dep-204571,2024,1,18,2
dep-204571,2024,2,18,2
dep-204571,2024,3,18,2
dep-204571,2024,4,18,2
dep-204571,2024,5,18,2
dep-204571,2024,6,18,2
dep-204571,2024,7,18,2
dep-204571,2024,8,18,2
dep-204571,2024,9,18,2
dep-204571,2024,10,18,2
dep-204571,2024,11,18,2
dep-204571,2024,12,18,2
dep-204571,2025,1,18,2
dep-204571,2025,2,18,2
dep-204571,2025,3,19,2
dep-204571,2025,4,19,2
dep-204571,2025,5,19,2
dep-204571,2025,6,20,2
dep-204571,2025,7,20,2
dep-204571,2025,8,21,2
dep-204571,2025,9,20,2
dep-204571,2025,10,20,2
dep-204571,2025,11,20,2
dep-204571,2025,12,20,2
dep-204571,2026,1,20,2
dep-204571,2026,2,22,2
dep-204571,2026,3,19,2
dep-204571,2026,4,20,2
dep-204572,2023,2,18,1
dep-204572,2023,3,21,1
dep-204572,2023,4,19,1
dep-204572,2023,5,19,1
dep-204572,2023,6,19,1
dep-204572,2023,7,19,1
dep-204572,2023,8,19,1
dep-204572,2023,9,20,1
dep-204572,2023,10,20,1
dep-204572,2023,11,19,1
dep-204572,2023,12,20,1
dep-204572,2024,1,19,1
dep-204572,2024,2,19,1
dep-204572,2024,3,19,1
dep-204572,2024,4,18,1
dep-204572,2024,5,18,1
dep-204572,2024,6,18,1
dep-204572,2024,7,18,1
dep-204572,2024,8,18,1
dep-204572,2024,9,18,1
dep-204572,2024,10,18,1
dep-204572,2024,11,18,1
dep-204572,2024,12,18,1
dep-204572,2025,1,19,1
dep-204572,2025,2,19,1
dep-204572,2025,3,20,1
dep-204572,2025,4,19,1
dep-204572,2025,5,19,1
dep-204572,2025,6,19,1
dep-204572,2025,7,19,1
dep-204572,2025,8,19,1
dep-204572,2025,9,19,1
dep-204572,2025,10,19,1
dep-204572,2025,11,19,1
dep-204572,2025,12,18,1
dep-204572,2026,1,18,1
dep-204572,2026,2,18,1
dep-204572,2026,3,16,1
dep-204572,2026,4,16,1
dep-204572,2026,5,16,1
dep-204572,2026,6,16,1
dep-204572,2026,7,16,1
dep-204572,2026,8,16,1
dep-204572,2026,9,17,1
dep-204572,2026,10,17,1
dep-204573,2023,2,25,3
dep-204573,2023,3,25,3
dep-204573,2023,4,25,3
dep-204573,2023,5,26,3
dep-204573,2023,6,25,3
dep-204573,2023,7,27,3
dep-204573,2023,8,25,3
dep-204573,2023,9,25,3
dep-204573,2023,10,26,3
dep-204573,2023,11,25,3
dep-204573,2023,12,25,3
dep-204573,2024,1,25,3
dep-204573,2024,2,25,3
dep-204573,2024,3,25,3
dep-204573,2024,4,26,3
dep-204573,2024,5,25,3
dep-204573,2024,6,26,3
dep-204573,2024,7,27,3
dep-204573,2024,8,25,3
dep-204573,2024,9,25,3
dep-204573,2024,10,25,3
dep-204573,2024,11,25,3
dep-204573,2024,12,26,3
dep-204573,2025,1,25,3
dep-204573,2025,2,28,3
dep-204573,2025,3,24,3
dep-204573,2025,4,24,3
dep-204573,2025,5,24,3
dep-204573,2025,6,24,3
dep-204573,2025,7,24,3
dep-204573,2025,8,24,3
dep-204573,2025,9,24,3
dep-204573,2025,10,24,3
dep-204573,2025,11,24,3
dep-204573,2025,12,24,3
dep-204574,2023,2,27,2
dep-204574,2023,3,25,3
dep-204574,2023,4,25,4
dep-204574,2023,5,25,4
dep-204574,2023,6,25,4
dep-204574,2023,7,24,4
dep-204574,2023,8,25,4
dep-204574,2023,9,25,4
dep-204574,2023,10,25,4
dep-204574,2023,11,25,4
dep-204574,2023,12,25,4
dep-204574,2024,1,25,0
dep-204574,2024,2,25,0
dep-204574,2024,3,26,0
dep-204574,2024,4,25,3
dep-204574,2024,5,25,3
dep-204574,2024,6,25,3
dep-204574,2024,7,25,3
dep-204574,2024,8,26,3
dep-204574,2024,9,25,3
dep-204574,2024,10,25,3
dep-204574,2024,11,25,3
dep-204574,2024,12,26,3
dep-204574,2025,1,25,3
dep-204574,2025,2,25,3
dep-204574,2025,3,26,3
dep-204574,2025,4,25,3
dep-204574,2025,5,25,3
dep-204574,2025,6,25,3
dep-204574,2025,7,23,3
dep-204574,2025,8,23,3
dep-204574,2025,9,23,3
dep-204574,2025,10,22,3
dep-204574,2025,11,23,3
dep-204574,2025,12,23,3
dep-204574,2026,1,23,3
dep-204574,2026,2,23,3
dep-204574,2026,3,24,3
dep-204574,2026,4,25,3
dep-204574,2026,5,25,3
dep-204574,2026,6,25,3
dep-204574,2026,7,25,3
dep-204574,2026,8,25,3
dep-204574,2026,9,25,3
dep-204574,2026,10,25,3
dep-205476,2023,2,20,3
dep-205476,2023,3,26,2
dep-205476,2023,4,24,3
dep-205476,2023,5,24,4
dep-205476,2023,6,26,4
dep-205476,2023,7,25,4
dep-205476,2023,8,25,4
dep-205476,2023,9,25,4
dep-205476,2023,10,25,4
dep-205476,2023,11,25,4
dep-205476,2023,12,25,4
dep-205476,2024,1,25,4
dep-205476,2024,2,25,4
dep-205476,2024,3,25,4
dep-205476,2024,4,26,4
dep-205476,2024,5,24,4
dep-205476,2024,6,24,4
dep-205476,2024,7,25,4
dep-205476,2024,8,25,4
dep-205476,2024,9,25,4
dep-205476,2024,10,25,4
dep-205476,2024,11,26,4
dep-205476,2024,12,25,4
dep-205476,2025,1,26,4
dep-205476,2025,2,28,4
dep-205476,2025,3,25,4
dep-205476,2025,4,25,4
dep-205476,2025,5,26,4
dep-205476,2025,6,25,4
dep-205476,2025,7,25,4
dep-205476,2025,8,25,4
dep-205476,2025,9,25,4
dep-205476,2025,10,25,4
dep-205476,2025,11,25,4
dep-205476,2025,12,5,0
dep-205476,2026,1,5,0
dep-205476,2026,2,15,2
dep-205476,2026,3,17,2
dep-205476,2026,4,21,2
dep-205476,2026,5,22,2
dep-205476,2026,6,22,2
dep-205476,2026,7,22,2
dep-205476,2026,8,24,2
dep-205476,2026,9,24,2
dep-205476,2026,10,24,2
dep-205550,2023,2,17,2
dep-205550,2023,3,17,2
dep-205550,2023,4,15,2
dep-205550,2023,5,18,2
dep-205550,2023,6,18,2
dep-205550,2023,7,18,2
dep-205550,2023,8,18,2
dep-205550,2023,9,18,2
dep-205550,2023,10,18,2
dep-205550,2023,11,18,2
dep-205550,2023,12,17,2
dep-205550,2024,1,18,2
dep-205550,2024,2,18,2
dep-205550,2024,3,18,2
dep-205550,2024,4,18,2
dep-205550,2024,5,18,2
dep-205550,2024,6,18,2
dep-205550,2024,7,18,2
dep-205550,2024,8,18,2
dep-205550,2024,9,19,2
dep-205550,2024,10,18,2
dep-205550,2024,11,18,2
dep-205550,2024,12,18,2
dep-205550,2025,1,18,2
dep-205550,2025,2,18,2
dep-205550,2025,3,17,2
dep-205550,2025,4,17,2
dep-205550,2025,5,19,2
dep-205550,2025,6,20,2
dep-205550,2025,7,19,2
dep-205550,2025,8,19,2
dep-205550,2025,9,20,2
dep-205550,2025,10,19,2
dep-205550,2025,11,19,2
dep-205550,2025,12,19,2
dep-205550,2026,1,19,2
dep-205550,2026,2,19,2
dep-205550,2026,3,17,1
dep-205550,2026,4,17,2
dep-205550,2026,5,18,2
dep-205550,2026,6,18,2
dep-205550,2026,7,19,2
dep-205550,2026,8,20,2
dep-205550,2026,9,20,2
dep-205550,2026,10,20,2
dep-205865,2023,4,14,1
dep-205865,2023,5,16,2
dep-205865,2023,6,15,2
dep-205865,2023,7,16,2
dep-205865,2023,8,16,2
dep-205865,2023,9,16,2
dep-205865,2023,10,17,3
dep-205865,2023,11,17,2
dep-205865,2023,12,18,2
dep-205865,2024,1,18,2
dep-205865,2024,2,18,2
dep-205865,2024,3,18,2
dep-205865,2024,4,18,2
dep-205865,2024,5,18,2
dep-205865,2024,6,18,2
dep-205865,2024,7,19,2
dep-205865,2024,8,17,2
dep-205865,2024,9,17,2
dep-205865,2024,10,17,2
dep-205865,2024,11,17,2
dep-205865,2024,12,18,2
dep-205865,2025,1,17,2
dep-205865,2025,2,18,2
dep-205865,2025,3,17,1
dep-205865,2025,4,17,1
dep-205865,2025,5,18,1
dep-205865,2025,6,19,1
dep-205865,2025,7,18,1
dep-205865,2025,8,20,2
dep-205865,2025,9,22,2
dep-205865,2025,10,22,2
dep-205865,2025,11,23,2
dep-205865,2025,12,23,2
dep-205865,2026,1,23,2
dep-205865,2026,2,23,2
dep-205865,2026,3,23,2
dep-205865,2026,4,23,2
dep-206018,2023,2,18,0
dep-206018,2023,3,19,0
dep-206018,2023,4,19,0
dep-206018,2023,5,18,0
dep-206018,2023,6,18,0
dep-206018,2023,7,18,0
dep-206018,2023,8,15,0
dep-206018,2023,9,15,0
dep-206018,2023,10,16,0
dep-206018,2023,11,14,0
dep-206018,2023,12,15,0
dep-206018,2024,1,15,0
dep-206018,2024,2,16,0
dep-206018,2024,3,18,0
dep-206018,2024,4,18,0
dep-206018,2024,5,17,0
dep-206018,2024,6,17,0
dep-206018,2024,7,18,0
dep-206018,2024,8,18,0
dep-206018,2024,9,18,0
dep-206018,2024,10,18,0
dep-206018,2024,11,18,0
dep-206018,2024,12,17,0
dep-206018,2025,1,17,0
dep-206018,2025,2,17,0
dep-206018,2025,3,17,0
dep-206018,2025,4,17,0
dep-206018,2025,5,18,0
dep-206018,2025,6,19,0
dep-206018,2025,7,18,0
dep-206018,2025,8,18,0
dep-206018,2025,9,17,0
dep-206018,2025,10,17,0
dep-206018,2025,11,17,0
dep-206018,2025,12,15,0
dep-206018,2026,1,15,0
dep-206018,2026,2,16,0
dep-206018,2026,3,8,0
dep-206018,2026,4,12,0
dep-206018,2026,5,17,0
dep-206018,2026,6,18,0
dep-206018,2026,7,21,0
dep-206018,2026,8,22,0
dep-206018,2026,9,22,0
dep-206018,2026,10,22,0
dep-208297,2025,2,0,1
dep-208297,2025,3,0,1
dep-208297,2025,4,0,1
dep-208297,2025,5,0,1
dep-208297,2025,6,0,1
dep-209189,2023,2,23,0
dep-209189,2023,3,23,0
dep-209189,2023,4,21,0
dep-209189,2023,5,23,1
dep-209189,2023,6,22,1
dep-209189,2023,7,22,1
dep-209189,2023,8,22,1
dep-209189,2023,9,23,1
dep-209189,2023,10,24,1
dep-209189,2023,11,23,1
dep-209189,2023,12,23,1
dep-209189,2024,1,24,1
dep-209189,2024,2,24,1
dep-209189,2024,3,24,1
dep-209189,2024,4,25,1
dep-209189,2024,5,23,3
dep-209189,2024,6,22,3
dep-209189,2024,7,22,3
dep-209189,2024,8,23,2
dep-209189,2024,9,23,2
dep-209189,2024,10,23,2
dep-209189,2024,11,23,2
dep-209189,2024,12,24,2
dep-209189,2025,1,25,2
dep-209189,2025,2,24,2
dep-209189,2025,3,24,2
dep-209189,2025,4,24,2
dep-209189,2025,5,25,0
dep-209189,2025,6,25,0
dep-209189,2025,7,25,0
dep-209189,2025,8,25,0
dep-209189,2025,9,24,1
dep-209189,2025,10,25,1
dep-209189,2025,11,26,1
dep-209189,2025,12,25,1
dep-209189,2026,1,25,1
dep-209189,2026,2,25,1
dep-209189,2026,3,17,1
dep-209189,2026,4,19,0
dep-209189,2026,5,19,0
dep-209189,2026,6,20,0
dep-209189,2026,7,21,0
dep-209189,2026,8,22,0
dep-209189,2026,9,23,1
dep-209189,2026,10,23,1
dep-209787,2023,2,10,0
dep-209787,2023,3,12,2
dep-209787,2023,4,11,2
dep-209787,2023,5,11,2
dep-209787,2023,6,11,3
dep-209787,2023,7,11,3
dep-209787,2023,8,10,3
dep-209787,2023,9,10,3
dep-209787,2023,10,10,3
dep-209787,2023,11,10,3
dep-209787,2023,12,11,3
dep-209787,2024,1,11,3
dep-209787,2024,2,11,3
dep-209787,2024,3,11,3
dep-209787,2024,4,11,3
dep-209787,2024,5,13,3
dep-209787,2024,6,13,3
dep-209787,2024,7,12,3
dep-209787,2024,8,12,3
dep-209787,2024,9,12,4
dep-209787,2024,10,11,4
dep-209787,2024,11,12,4
dep-209787,2024,12,12,4
dep-209787,2025,1,10,4
dep-209787,2025,2,11,5
dep-209787,2025,3,11,5
dep-209787,2025,4,12,5
dep-209787,2025,5,12,4
dep-209787,2025,6,12,3
dep-209787,2025,7,12,3
dep-209787,2025,8,12,3
dep-209787,2025,9,12,3
dep-209787,2025,10,12,3
dep-209787,2025,11,12,3
dep-209787,2025,12,13,3
dep-209787,2026,1,13,3
dep-209787,2026,2,13,3
dep-209787,2026,3,9,3
dep-209787,2026,4,9,3
dep-209787,2026,5,9,3
dep-209787,2026,6,9,3
dep-209787,2026,7,9,3
dep-209787,2026,8,11,3
dep-209787,2026,9,11,1
dep-209787,2026,10,11,1
dep-210989,2023,2,11,1
dep-210989,2023,3,16,2
dep-210989,2023,4,19,2
dep-210989,2023,5,21,2
dep-210989,2023,6,21,2
dep-210989,2023,7,22,2
dep-210989,2023,8,23,3
dep-210989,2023,9,24,3
dep-210989,2023,10,24,3
dep-210989,2023,11,24,3
dep-210989,2023,12,24,3
dep-210989,2024,1,24,3
dep-210989,2024,2,22,3
dep-210989,2024,3,22,3
dep-210989,2024,4,24,3
dep-210989,2024,5,24,3
dep-210989,2024,6,24,3
dep-210989,2024,7,25,3
dep-210989,2024,8,24,3
dep-210989,2024,9,23,3
dep-210989,2024,10,24,3
dep-210989,2024,11,23,3
dep-210989,2024,12,22,3
dep-210989,2025,1,23,3
dep-210989,2025,2,25,3
dep-210989,2025,3,26,3
dep-210989,2025,4,24,3
dep-210989,2025,5,24,3
dep-210989,2025,6,25,3
dep-210989,2025,7,24,3
dep-210989,2025,8,24,3
dep-210989,2025,9,24,3
dep-210989,2025,10,24,3
dep-210989,2025,11,24,3
dep-210989,2025,12,24,3
dep-210989,2026,1,21,3
dep-210989,2026,2,25,3
dep-210989,2026,3,23,3
dep-210989,2026,4,23,3
dep-210989,2026,5,23,3
dep-210989,2026,6,24,3
dep-210989,2026,7,24,3
dep-210989,2026,8,25,4
dep-210989,2026,9,25,4
dep-210989,2026,10,25,4
dep-212625,2024,7,0,3
dep-212625,2024,8,0,3
dep-212625,2024,9,0,3
dep-212625,2024,10,0,3
dep-213274,2023,2,14,4
dep-213274,2023,3,14,4
dep-213274,2023,4,14,4
dep-213274,2023,5,14,4
dep-213274,2023,6,13,4
dep-213274,2023,7,13,4
dep-213274,2023,8,13,4
dep-213274,2023,9,13,4
dep-213274,2023,10,13,4
dep-213274,2023,11,13,4
dep-213274,2023,12,13,4
dep-213274,2024,1,13,4
dep-213274,2024,2,13,4
dep-213274,2024,3,13,4
dep-213274,2024,4,13,4
dep-213274,2024,5,13,4
dep-213274,2024,6,13,4
dep-213274,2024,7,11,4
dep-213274,2024,8,11,4
dep-213274,2024,9,11,4
dep-213274,2024,10,11,4
dep-213274,2024,11,11,4
dep-213274,2024,12,12,4
dep-213762,2025,1,8,0
dep-213762,2025,2,14,4
dep-213762,2025,3,22,4
dep-213762,2025,4,22,4
dep-213762,2025,5,22,4
dep-213762,2025,6,22,4
dep-213762,2025,7,22,4
dep-213762,2025,8,22,4
dep-213762,2025,9,22,4
dep-213762,2025,10,24,4
dep-213762,2025,11,25,4
dep-213762,2025,12,25,4
dep-213762,2026,1,25,4
dep-213762,2026,2,25,4
dep-213762,2026,3,19,4
dep-213762,2026,4,19,4
dep-213762,2026,5,21,4
dep-213762,2026,6,21,4
dep-213762,2026,7,22,4
dep-213762,2026,8,24,5
dep-213762,2026,9,24,4
dep-213762,2026,10,24,4
dep-214694,2023,2,15,0
dep-214694,2023,3,16,2
dep-214694,2023,4,14,2
dep-214694,2023,5,17,3
dep-214694,2023,6,17,2
dep-214694,2023,7,17,2
dep-214694,2023,8,19,2
dep-214694,2023,9,19,2
dep-214694,2023,10,19,2
dep-214694,2023,11,19,2
dep-214694,2023,12,22,2
dep-214694,2024,1,22,2
dep-214694,2024,2,20,2
dep-214694,2024,3,21,2
dep-214694,2024,4,22,2
dep-214694,2024,5,22,2
dep-214694,2024,6,25,2
dep-214694,2024,7,21,2
dep-214694,2024,8,21,1
dep-214694,2024,9,22,1
dep-214694,2024,10,22,1
dep-214694,2024,11,20,1
dep-214694,2024,12,22,1
dep-214694,2025,1,20,0
dep-214694,2025,2,15,0
dep-214694,2025,3,13,0
dep-214694,2025,4,12,1
dep-214694,2025,5,18,0
dep-214694,2025,6,21,0
dep-214694,2025,7,21,0
dep-214694,2025,8,21,1
dep-214694,2025,9,25,1
dep-214694,2025,10,23,1
dep-214694,2025,11,23,1
dep-214694,2025,12,23,1
dep-214694,2026,1,23,1
dep-214694,2026,2,22,1
dep-214694,2026,3,17,1
dep-214694,2026,4,19,1
dep-214694,2026,5,19,1
dep-214694,2026,6,22,1
dep-214694,2026,7,22,1
dep-214694,2026,8,22,1
dep-214694,2026,9,23,1
dep-214694,2026,10,23,1
dep-215043,2023,2,19,0
dep-215043,2023,3,20,1
dep-215043,2023,4,18,1
dep-215043,2023,5,19,1
dep-215043,2023,6,20,1
dep-215043,2023,7,20,1
dep-215043,2023,8,21,1
dep-215043,2023,9,21,1
dep-215043,2023,10,20,1
dep-215043,2023,11,20,1
dep-215043,2023,12,20,1
dep-215043,2024,1,20,1
dep-215043,2024,2,20,1
dep-215043,2024,3,20,1
dep-215043,2024,4,20,1
dep-215043,2024,5,21,1
dep-215043,2024,6,20,2
dep-215043,2024,7,21,2
dep-215043,2024,8,21,2
dep-215043,2024,9,21,2
dep-215043,2024,10,22,3
dep-215043,2024,11,21,2
dep-215043,2024,12,21,2
dep-215043,2025,1,20,2
dep-215043,2025,2,20,2
dep-215043,2025,3,20,2
dep-215043,2025,4,22,2
dep-215043,2025,5,22,2
dep-215043,2025,6,22,2
dep-215043,2025,7,23,2
dep-215043,2025,8,21,2
dep-215043,2025,9,20,2
dep-215043,2025,10,23,2
dep-215043,2025,11,23,2
dep-215043,2025,12,23,2
dep-215043,2026,1,22,2
dep-215043,2026,2,24,2
dep-215043,2026,3,21,2
dep-215043,2026,4,22,2
dep-215043,2026,5,22,2
dep-215043,2026,6,23,1
dep-215043,2026,7,24,1
dep-215043,2026,8,24,2
dep-215043,2026,9,25,2
dep-215043,2026,10,25,2
dep-217480,2023,5,2,0
dep-217480,2023,6,13,3
dep-217480,2023,7,13,3
dep-217480,2023,8,13,3
dep-217480,2023,9,13,3
dep-217480,2023,10,13,3
dep-217480,2023,11,13,3
dep-217480,2023,12,14,2
dep-217480,2024,1,14,2
dep-218086,2023,7,22,4
dep-218086,2023,8,24,4
dep-218086,2023,9,21,5
dep-218086,2023,10,20,5
dep-218086,2023,11,20,5
dep-218086,2023,12,19,5
dep-218086,2024,1,19,5
dep-218086,2024,2,19,5
dep-218086,2024,3,20,5
dep-218086,2024,4,20,5
dep-218086,2024,5,20,5
dep-218086,2024,6,19,5
dep-218086,2024,7,20,5
dep-218086,2024,8,19,5
dep-218086,2024,9,19,5
dep-218086,2024,10,19,5
dep-218086,2024,11,20,5
dep-218086,2024,12,19,5
dep-218086,2025,1,19,5
dep-218086,2025,2,20,5
dep-218086,2025,3,21,5
dep-218086,2025,4,18,4
dep-218086,2025,5,19,5
dep-218086,2025,6,20,5
dep-218086,2025,7,17,4
dep-218086,2025,8,17,4
dep-218086,2025,9,17,4
dep-218086,2025,10,17,4
dep-218086,2025,11,17,4
dep-218086,2025,12,17,4
dep-218086,2026,1,16,4
dep-218086,2026,2,17,4
dep-218086,2026,3,19,4
dep-219585,2023,2,18,2
dep-219585,2023,3,18,2
dep-219585,2023,4,19,2
dep-219585,2023,5,20,2
dep-219585,2023,6,23,2
dep-219585,2023,7,20,2
dep-219585,2023,8,21,2
dep-219585,2023,9,20,2
dep-219585,2023,10,20,2
dep-219585,2023,11,20,2
dep-219585,2023,12,20,2
dep-219585,2024,1,21,2
dep-219585,2024,2,21,2
dep-219585,2024,3,22,2
dep-219585,2024,4,22,2
dep-219585,2024,5,21,2
dep-219585,2024,6,23,2
dep-219585,2024,7,24,2
dep-219585,2024,8,23,2
dep-219585,2024,9,23,2
dep-219585,2024,10,23,2
dep-219585,2024,11,23,2
dep-219585,2024,12,23,2
dep-219585,2025,1,18,2
dep-219585,2025,2,21,2
dep-219585,2025,3,21,2
dep-220008,2024,7,0,2
dep-220008,2024,8,0,2
dep-220008,2024,9,0,2
dep-220008,2024,10,0,2
dep-220526,2023,2,13,0
dep-220526,2023,3,15,0
dep-220526,2023,4,18,0
dep-220526,2023,5,22,0
dep-220526,2023,6,22,0
dep-220526,2023,7,23,0
dep-220526,2023,8,23,0
dep-220526,2023,9,23,0
dep-220526,2023,10,24,0
dep-220526,2023,11,24,0
dep-220526,2023,12,24,0
dep-220526,2024,1,25,0
dep-220526,2024,2,23,0
dep-220526,2024,3,23,0
dep-220526,2024,4,22,0
dep-220526,2024,5,23,0
dep-220526,2024,6,23,0
dep-220526,2024,7,28,0
dep-220526,2024,8,23,0
dep-220526,2024,9,23,0
dep-220526,2024,10,22,0
dep-220526,2024,11,21,0
dep-220526,2024,12,21,0
dep-220526,2025,1,19,0
dep-220526,2025,2,19,0
dep-220526,2025,3,20,0
dep-220526,2025,4,22,0
dep-220526,2025,5,22,0
dep-220526,2025,8,12,0
dep-220526,2025,9,17,0
dep-220526,2025,10,19,0
dep-220526,2025,11,21,0
dep-220526,2025,12,22,0
dep-220526,2026,1,20,1
dep-220526,2026,2,21,1
dep-220526,2026,3,12,1
dep-220526,2026,4,14,1
dep-220526,2026,5,14,1
dep-220526,2026,6,14,1
dep-220526,2026,7,16,1
dep-220526,2026,8,16,1
dep-220526,2026,9,16,1
dep-220526,2026,10,18,1
dep-220527,2023,2,2,0
dep-220527,2023,3,15,0
dep-220527,2023,4,17,0
dep-220527,2023,5,18,0
dep-220527,2023,6,18,0
dep-220527,2023,7,18,1
dep-220527,2023,8,16,1
dep-220527,2023,9,16,1
dep-220527,2023,10,18,1
dep-220527,2023,11,18,1
dep-220527,2023,12,19,1
dep-220527,2024,1,19,1
dep-220527,2024,2,18,1
dep-220527,2024,3,18,1
dep-220527,2024,4,25,1
dep-220527,2024,5,18,1
dep-220527,2024,6,18,2
dep-220527,2024,7,17,2
dep-220527,2024,8,15,2
dep-220527,2024,9,15,2
dep-220527,2024,10,15,2
dep-220527,2024,11,15,2
dep-220527,2024,12,17,2
dep-220527,2025,1,17,2
dep-220527,2025,2,17,2
dep-220527,2025,3,17,2
dep-220527,2025,4,17,2
dep-220527,2025,5,17,3
dep-220527,2025,6,16,3
dep-220527,2025,7,15,3
dep-220527,2025,8,16,3
dep-220527,2025,9,15,3
dep-220527,2025,10,15,3
dep-220527,2025,11,18,3
dep-220527,2025,12,18,3
dep-220527,2026,1,18,3
dep-220527,2026,2,18,3
dep-220527,2026,3,14,3
dep-220527,2026,4,14,2
dep-220527,2026,5,15,3
dep-220527,2026,6,16,2
dep-220527,2026,7,16,2
dep-220527,2026,8,18,2
dep-220527,2026,9,18,2
dep-220527,2026,10,18,2
dep-220528,2023,2,7,1
dep-220528,2023,3,11,2
dep-220528,2023,4,13,2
dep-220528,2023,5,14,3
dep-220528,2023,6,13,3
dep-220528,2023,7,15,3
dep-220528,2023,8,14,3
dep-220528,2023,9,14,3
dep-220528,2023,10,16,3
dep-220528,2023,11,17,3
dep-220528,2023,12,16,3
dep-220528,2024,1,16,3
dep-220528,2024,2,15,3
dep-220528,2024,3,16,3
dep-220528,2024,4,16,3
dep-220528,2024,5,15,3
dep-220528,2024,6,14,3
dep-220528,2024,7,15,3
dep-220528,2024,8,16,3
dep-220528,2024,9,16,3
dep-220528,2024,10,16,3
dep-220528,2024,11,12,3
dep-220528,2024,12,11,3
dep-220528,2025,1,13,3
dep-220528,2025,2,15,4
dep-220528,2025,3,15,3
dep-220528,2025,4,14,2
dep-220528,2025,5,15,2
dep-220528,2025,6,17,2
dep-220528,2025,7,19,2
dep-220528,2025,8,20,2
dep-220528,2025,9,20,2
dep-220528,2025,10,20,2
dep-220528,2025,11,20,2
dep-220528,2025,12,19,3
dep-220528,2026,1,18,3
dep-220528,2026,2,19,3
dep-220528,2026,3,17,3
dep-220528,2026,4,18,3
dep-220528,2026,5,18,3
dep-220528,2026,6,19,3
dep-220528,2026,7,19,3
dep-220528,2026,8,19,3
dep-220528,2026,9,20,3
dep-220528,2026,10,20,3
dep-220529,2023,2,9,2
dep-220529,2023,3,18,2
dep-220529,2023,4,22,2
dep-220529,2023,5,22,2
dep-220529,2023,6,22,1
dep-220529,2023,7,22,1
dep-220529,2023,8,24,1
dep-220529,2023,9,22,1
dep-220529,2023,10,24,1
dep-220529,2023,11,23,1
dep-220529,2023,12,23,1
dep-220529,2024,1,23,2
dep-220529,2024,2,21,2
dep-220529,2024,3,21,2
dep-220529,2024,4,20,2
dep-220529,2024,5,20,2
dep-220529,2024,6,20,2
dep-220529,2024,7,17,2
dep-220529,2024,8,15,2
dep-220529,2024,9,15,2
dep-220529,2024,10,15,2
dep-220529,2024,11,15,2
dep-220529,2024,12,14,2
dep-220529,2025,1,13,2
dep-220529,2025,2,16,2
dep-220529,2025,3,17,2
dep-220529,2025,4,19,3
dep-220529,2025,5,23,3
dep-220529,2025,6,22,2
dep-220529,2025,7,24,2
dep-220529,2025,8,23,1
dep-220529,2025,9,23,2
dep-220529,2025,10,22,2
dep-220529,2025,11,22,2
dep-220529,2025,12,23,2
dep-220529,2026,1,23,2
dep-220529,2026,2,23,2
dep-220529,2026,3,17,2
dep-220529,2026,4,19,2
dep-220529,2026,5,19,2
dep-220529,2026,6,19,2
dep-220529,2026,7,20,2
dep-220529,2026,8,21,1
dep-220529,2026,9,21,1
dep-220529,2026,10,21,1
dep-220530,2023,2,13,0
dep-220530,2023,3,15,2
dep-220530,2023,4,17,2
dep-220530,2023,5,18,2
dep-220530,2023,6,18,2
dep-220530,2023,7,18,2
dep-220530,2023,8,19,2
dep-220530,2023,9,18,2
dep-220530,2023,10,19,2
dep-220530,2023,11,19,2
dep-220530,2023,12,19,2
dep-220530,2024,1,19,2
dep-220530,2024,2,19,2
dep-220530,2024,3,20,2
dep-220530,2024,4,19,2
dep-220530,2024,5,19,2
dep-220530,2024,6,20,2
dep-220530,2024,7,20,2
dep-220530,2024,8,19,2
dep-220530,2024,9,18,2
dep-220530,2024,10,18,2
dep-220530,2024,11,19,2
dep-220530,2024,12,19,2
dep-220530,2025,1,19,2
dep-220530,2025,2,20,2
dep-220530,2025,3,21,2
dep-220530,2025,4,20,2
dep-220530,2025,5,21,2
dep-220530,2025,6,21,2
dep-220530,2025,7,22,2
dep-220530,2025,8,22,3
dep-220530,2025,9,22,2
dep-220530,2025,10,21,2
dep-220530,2025,11,21,2
dep-220530,2025,12,23,2
dep-220530,2026,1,23,2
dep-220530,2026,2,23,2
dep-220530,2026,3,17,2
dep-220530,2026,4,19,2
dep-220530,2026,5,20,2
dep-220530,2026,6,21,2
dep-220530,2026,7,21,2
dep-220530,2026,8,22,2
dep-220530,2026,9,23,2
dep-220530,2026,10,23,2
dep-220531,2023,2,12,0
dep-220531,2023,3,23,0
dep-220531,2023,4,25,0
dep-220531,2023,5,25,1
dep-220531,2023,6,25,1
dep-220531,2023,7,25,2
dep-220531,2023,8,25,1
dep-220531,2023,9,24,1
dep-220531,2023,10,24,1
dep-220531,2023,11,27,1
dep-220531,2023,12,25,1
dep-220531,2024,1,26,1
dep-220531,2024,2,25,1
dep-220531,2024,3,25,1
dep-220531,2024,4,26,1
dep-220531,2024,5,25,1
dep-220531,2024,6,26,1
dep-220531,2024,7,25,1
dep-220531,2024,8,25,1
dep-220531,2024,9,26,1
dep-220531,2024,10,25,1
dep-220531,2024,11,25,1
dep-220531,2024,12,25,1
dep-220531,2025,1,26,1
dep-220531,2025,2,25,1
dep-220531,2025,3,27,1
dep-220531,2025,4,26,1
dep-220531,2025,5,25,1
dep-220531,2025,6,24,1
dep-220531,2025,7,25,1
dep-220532,2023,2,17,0
dep-220532,2023,3,19,2
dep-220532,2023,4,16,2
dep-220532,2023,5,19,2
dep-220532,2023,6,19,2
dep-220532,2023,7,19,2
dep-220532,2023,8,20,2
dep-220532,2023,9,21,2
dep-220532,2023,10,21,2
dep-220532,2023,11,21,2
dep-220532,2023,12,21,2
dep-220532,2024,1,21,2
dep-220532,2024,2,22,2
dep-220532,2024,3,21,2
dep-220532,2024,4,20,3
dep-220532,2024,5,20,2
dep-220532,2024,6,20,2
dep-220532,2024,7,20,2
dep-220532,2024,8,20,2
dep-220532,2024,9,20,2
dep-220532,2024,10,20,2
dep-220532,2024,11,20,2
dep-220532,2024,12,21,2
dep-220532,2025,1,20,2
dep-220532,2025,2,20,3
dep-220532,2025,3,20,2
dep-220532,2025,4,20,2
dep-220532,2025,5,21,2
dep-220532,2025,6,20,2
dep-220532,2025,7,20,2
dep-220532,2025,8,20,2
dep-220532,2025,9,20,2
dep-220532,2025,10,20,2
dep-220532,2025,11,20,2
dep-220532,2025,12,20,2
dep-220532,2026,1,20,2
dep-220532,2026,2,20,2
dep-220532,2026,3,18,2
dep-220532,2026,4,19,2
dep-220532,2026,5,19,2
dep-220532,2026,6,20,2
dep-220532,2026,7,21,2
dep-220532,2026,8,23,2
dep-220532,2026,9,23,2
dep-220532,2026,10,23,2
dep-220533,2023,2,11,0
dep-220533,2023,3,15,1
dep-220533,2023,4,17,1
dep-220533,2023,5,19,3
dep-220533,2023,6,19,2
dep-220533,2023,7,20,2
dep-220533,2023,8,19,2
dep-220533,2023,9,19,2
dep-220533,2023,10,19,2
dep-220533,2023,11,21,2
dep-220533,2023,12,21,2
dep-220533,2024,1,22,2
dep-220533,2024,2,21,2
dep-220533,2024,3,21,2
dep-220533,2024,4,22,2
dep-220533,2024,5,21,2
dep-220533,2024,6,20,3
dep-220533,2024,7,20,3
dep-220533,2024,8,21,3
dep-220533,2024,9,21,3
dep-220533,2024,10,21,3
dep-220533,2024,11,21,3
dep-220533,2024,12,23,3
dep-220533,2025,1,21,3
dep-220533,2025,2,21,3
dep-220533,2025,3,22,3
dep-220533,2025,4,23,3
dep-220533,2025,5,23,3
dep-220533,2025,6,23,3
dep-220533,2025,7,23,3
dep-220533,2025,8,24,3
dep-220533,2025,9,23,3
dep-220533,2025,10,23,3
dep-220533,2025,11,23,3
dep-220533,2025,12,23,3
dep-220533,2026,1,23,3
dep-220533,2026,2,23,3
dep-220533,2026,3,23,3
dep-220533,2026,4,23,3
dep-220533,2026,5,23,3
dep-220533,2026,6,23,3
dep-220533,2026,7,24,3
dep-220533,2026,8,24,3
dep-220533,2026,9,24,3
dep-220533,2026,10,24,3
dep-220534,2023,2,13,0
dep-220534,2023,3,13,0
dep-220534,2023,4,14,0
dep-220534,2023,5,15,0
dep-220534,2023,6,14,0
dep-220534,2023,7,14,0
dep-220534,2023,8,14,0
dep-220534,2023,9,14,0
dep-220534,2023,10,14,0
dep-220534,2023,11,14,0
dep-220534,2023,12,14,0
dep-220534,2024,1,14,0
dep-220534,2024,2,14,0
dep-220534,2024,3,14,0
dep-220534,2024,4,14,0
dep-220534,2024,5,15,0
dep-220534,2024,6,15,0
dep-220534,2024,7,15,0
dep-220534,2024,8,14,0
dep-220534,2024,9,14,0
dep-220534,2024,10,15,0
dep-220534,2024,11,14,0
dep-220534,2024,12,14,0
dep-220534,2025,1,14,0
dep-220534,2025,2,14,0
dep-220534,2025,3,15,0
dep-220534,2025,4,13,0
dep-220534,2025,5,13,0
dep-220534,2025,6,12,0
dep-220534,2025,7,18,0
dep-220534,2025,8,18,0
dep-220534,2025,9,19,0
dep-220534,2025,10,19,0
dep-220534,2025,11,19,0
dep-220534,2025,12,18,0
dep-220534,2026,1,18,0
dep-220534,2026,2,19,0
dep-220534,2026,3,15,0
dep-220534,2026,4,20,0
dep-220534,2026,5,22,0
dep-220534,2026,6,22,0
dep-220534,2026,7,24,0
dep-220534,2026,8,24,0
dep-220534,2026,9,24,0
dep-220534,2026,10,24,0
dep-220536,2023,2,25,1
dep-220536,2023,3,25,1
dep-220536,2023,4,26,1
dep-220536,2023,5,25,1
dep-220536,2023,6,25,1
dep-220536,2023,7,28,1
dep-220536,2023,8,25,1
dep-220536,2023,9,25,1
dep-220536,2023,10,26,1
dep-220536,2023,11,25,1
dep-220536,2023,12,25,1
dep-220536,2024,1,25,1
dep-220536,2024,2,25,1
dep-220536,2024,3,25,1
dep-220536,2024,4,25,1
dep-220536,2024,5,25,1
dep-220536,2024,6,26,1
dep-220536,2024,7,27,1
dep-220536,2024,8,25,1
dep-220536,2024,9,26,1
dep-220536,2024,10,25,1
dep-220536,2024,11,25,1
dep-220536,2024,12,27,1
dep-220536,2025,1,25,1
dep-220536,2025,2,27,1
dep-220536,2025,3,25,1
dep-220536,2025,4,26,1
dep-220536,2025,5,25,1
dep-220536,2025,6,25,1
dep-220536,2025,7,25,1
dep-220536,2025,8,25,1
dep-220536,2025,9,25,1
dep-220536,2025,10,27,1
dep-220536,2025,11,25,1
dep-220536,2025,12,25,1
dep-220536,2026,1,25,1
dep-220536,2026,2,23,1
dep-220536,2026,3,18,1
dep-220536,2026,4,18,1
dep-220536,2026,5,20,1
dep-220536,2026,6,23,1
dep-220536,2026,7,23,1
dep-220536,2026,8,24,1
dep-220536,2026,9,24,1
dep-220536,2026,10,24,1
dep-220537,2023,2,12,0
dep-220537,2023,3,16,1
dep-220537,2023,4,17,1
dep-220537,2023,5,17,1
dep-220537,2023,6,17,1
dep-220537,2023,7,18,1
dep-220537,2023,8,18,1
dep-220537,2023,9,16,1
dep-220537,2023,10,17,1
dep-220537,2023,11,17,1
dep-220537,2023,12,17,1
dep-220537,2024,1,17,1
dep-220537,2024,2,17,1
dep-220537,2024,3,16,1
dep-220537,2024,4,17,2
dep-220537,2024,5,16,1
dep-220537,2024,6,16,1
dep-220537,2024,7,18,1
dep-220537,2024,8,17,1
dep-220537,2024,9,16,1
dep-220537,2024,10,17,2
dep-220537,2024,11,16,1
dep-220537,2024,12,17,1
dep-220537,2025,1,17,1
dep-220537,2025,2,17,1
dep-220537,2025,3,19,1
dep-220537,2025,4,19,1
dep-220537,2025,5,19,1
dep-220537,2025,6,19,1
dep-220537,2025,7,19,1
dep-220537,2025,8,20,1
dep-220537,2025,9,20,1
dep-220537,2025,10,23,1
dep-220537,2025,11,21,1
dep-220537,2025,12,22,1
dep-220537,2026,1,16,1
dep-220537,2026,2,19,1
dep-220537,2026,3,10,1
dep-220537,2026,4,10,1
dep-220537,2026,5,10,1
dep-220537,2026,6,12,1
dep-220537,2026,7,14,1
dep-220537,2026,8,18,1
dep-220537,2026,9,20,1
dep-220537,2026,10,20,1
dep-220538,2023,2,17,0
dep-220538,2023,3,19,1
dep-220538,2023,4,19,1
dep-220538,2023,5,19,1
dep-220538,2023,6,19,1
dep-220538,2023,7,20,1
dep-220538,2023,8,19,1
dep-220538,2023,9,19,1
dep-220538,2023,10,19,1
dep-220538,2023,11,18,1
dep-220538,2023,12,19,1
dep-220538,2024,1,19,1
dep-220538,2024,2,21,1
dep-220538,2024,3,22,1
dep-220538,2024,4,24,1
dep-220538,2024,5,23,1
dep-220538,2024,6,23,1
dep-220538,2024,7,23,1
dep-220538,2024,8,22,1
dep-220538,2024,9,23,1
dep-220538,2024,10,24,1
dep-220538,2024,11,24,1
dep-220538,2024,12,23,1
dep-220538,2025,1,23,1
dep-220538,2025,2,25,1
dep-220538,2025,3,25,1
dep-220538,2025,4,25,1
dep-220538,2025,5,25,1
dep-220538,2025,6,25,1
dep-220538,2025,7,25,1
dep-220538,2025,8,25,1
dep-220538,2025,9,25,1
dep-220538,2025,10,25,1
dep-220538,2025,11,25,1
dep-220538,2025,12,25,1
dep-220538,2026,1,25,1
dep-220538,2026,2,25,1
dep-220538,2026,3,21,1
dep-220538,2026,4,21,1
dep-220538,2026,5,22,1
dep-220538,2026,6,22,1
dep-220538,2026,7,23,1
dep-220538,2026,8,23,1
dep-220538,2026,9,24,1
dep-220538,2026,10,25,1
dep-220539,2023,2,22,0
dep-220539,2023,3,24,2
dep-220539,2023,4,23,2
dep-220539,2023,5,23,2
dep-220539,2023,6,23,2
dep-220539,2023,7,26,3
dep-220539,2023,8,25,3
dep-220539,2023,9,25,3
dep-220539,2023,10,25,3
dep-220539,2023,11,25,3
dep-220539,2023,12,25,3
dep-220539,2024,1,25,3
dep-220539,2024,2,25,3
dep-220539,2024,3,25,3
dep-220539,2024,4,25,3
dep-220539,2024,5,25,3
dep-220539,2024,6,25,3
dep-220539,2024,7,25,3
dep-220539,2024,8,26,3
dep-220539,2024,9,25,3
dep-220539,2024,10,25,3
dep-220539,2024,11,25,3
dep-220539,2024,12,25,3
dep-220539,2025,1,25,3
dep-220539,2025,2,26,3
dep-220539,2025,3,25,3
dep-220539,2025,4,25,3
dep-220539,2025,5,23,3
dep-220539,2025,6,22,3
dep-220539,2025,7,22,3
dep-220539,2025,8,24,3
dep-220539,2025,9,24,3
dep-220539,2025,10,25,3
dep-220539,2025,11,25,3
dep-220539,2025,12,25,3
dep-220539,2026,1,25,3
dep-220539,2026,2,26,3
dep-220539,2026,3,23,3
dep-220539,2026,4,23,3
dep-220539,2026,5,24,3
dep-220539,2026,6,24,3
dep-220539,2026,7,24,3
dep-220539,2026,8,24,3
dep-220539,2026,9,24,3
dep-220539,2026,10,24,3
dep-220540,2023,2,10,0
dep-220540,2023,3,15,0
dep-220540,2023,4,18,0
dep-220540,2023,5,16,0
dep-220540,2023,6,18,0
dep-220540,2023,7,18,0
dep-220540,2023,8,17,0
dep-220540,2023,9,18,0
dep-220540,2023,10,18,0
dep-220540,2023,11,16,0
dep-220540,2023,12,18,0
dep-220540,2024,1,17,0
dep-220540,2024,2,22,0
dep-220540,2024,3,21,0
dep-220540,2024,4,22,0
dep-220540,2024,5,21,0
dep-220540,2024,6,22,0
dep-220540,2024,7,21,0
dep-220540,2024,8,22,0
dep-220540,2024,9,20,0
dep-220540,2024,10,21,0
dep-220540,2024,11,24,0
dep-220540,2024,12,23,0
dep-220540,2025,1,22,0
dep-220540,2025,2,22,0
dep-220540,2025,3,23,0
dep-220540,2025,4,23,0
dep-220540,2025,5,22,0
dep-220540,2025,6,22,0
dep-220540,2025,7,24,0
dep-220540,2025,8,23,0
dep-220540,2025,9,24,0
dep-220540,2025,10,25,0
dep-220540,2025,11,25,0
dep-220540,2025,12,23,0
dep-220540,2026,1,23,0
dep-220540,2026,2,21,0
dep-220540,2026,3,18,0
dep-220540,2026,4,18,0
dep-220540,2026,5,18,0
dep-220540,2026,6,18,0
dep-220540,2026,7,22,0
dep-220540,2026,8,22,0
dep-220540,2026,9,23,0
dep-220540,2026,10,23,0
dep-220542,2023,2,11,0
dep-220542,2023,3,22,1
dep-220542,2023,4,23,2
dep-220542,2023,5,23,2
dep-220542,2023,6,24,3
dep-220542,2023,7,22,2
dep-220542,2023,8,23,2
dep-220542,2023,9,24,2
dep-220542,2023,10,23,2
dep-220542,2023,11,23,2
dep-220542,2023,12,23,2
dep-220542,2024,1,23,2
dep-220542,2024,2,24,2
dep-220542,2024,3,24,2
dep-220542,2024,4,24,2
dep-220542,2024,5,25,2
dep-220542,2024,6,25,2
dep-220542,2024,7,28,2
dep-220542,2024,8,25,2
dep-220542,2024,9,25,2
dep-220542,2024,10,25,2
dep-220542,2024,11,24,2
dep-220542,2024,12,25,2
dep-220542,2025,1,26,2
dep-220542,2025,2,25,2
dep-220542,2025,3,25,2
dep-220542,2025,4,21,2
dep-220542,2025,5,23,2
dep-220542,2025,6,23,2
dep-220542,2025,7,23,2
dep-220542,2025,8,23,2
dep-220542,2025,9,23,2
dep-220542,2025,10,23,2
dep-220542,2025,11,23,2
dep-220542,2025,12,23,2
dep-220542,2026,1,22,2
dep-220542,2026,2,22,2
dep-220542,2026,3,20,2
dep-220542,2026,4,20,2
dep-220542,2026,5,20,2
dep-220542,2026,6,22,2
dep-220542,2026,7,22,2
dep-220542,2026,8,23,2
dep-220542,2026,9,24,2
dep-220542,2026,10,24,2
dep-220543,2023,2,19,0
dep-220543,2023,3,24,2
dep-220543,2023,4,25,2
dep-220543,2023,5,25,2
dep-220543,2023,6,26,2
dep-220543,2023,7,25,2
dep-220543,2023,8,25,2
dep-220543,2023,9,25,2
dep-220543,2023,10,26,2
dep-220543,2023,11,25,2
dep-220543,2023,12,25,2
dep-220543,2024,1,25,2
dep-220543,2024,2,25,2
dep-220543,2024,3,25,2
dep-220543,2024,4,25,2
dep-220543,2024,5,25,2
dep-220543,2024,6,25,2
dep-220543,2024,7,25,2
dep-220543,2024,8,25,2
dep-220543,2024,9,25,2
dep-220543,2024,10,27,2
dep-220543,2024,11,26,2
dep-220543,2024,12,25,2
dep-220543,2025,1,23,2
dep-220543,2025,2,23,2
dep-220543,2025,3,26,2
dep-220543,2025,4,25,2
dep-220543,2025,5,24,2
dep-220543,2025,6,25,2
dep-220543,2025,7,25,2
dep-220543,2025,8,25,2
dep-220543,2025,9,25,3
dep-220543,2025,10,25,2
dep-220543,2025,11,24,2
dep-220543,2025,12,23,2
dep-220543,2026,1,23,2
dep-220543,2026,2,20,2
dep-220543,2026,3,16,2
dep-220543,2026,4,18,2
dep-220543,2026,5,25,2
dep-220543,2026,6,25,2
dep-220543,2026,7,25,2
dep-220543,2026,8,25,2
dep-220543,2026,9,25,2
dep-220543,2026,10,25,2
dep-220544,2023,2,19,0
dep-220544,2023,3,24,2
dep-220544,2023,4,22,2
dep-220544,2023,5,26,2
dep-220544,2023,6,25,2
dep-220544,2023,7,25,2
dep-220544,2023,8,25,2
dep-220544,2023,9,25,2
dep-220544,2023,10,25,2
dep-220544,2023,11,25,2
dep-220544,2023,12,25,2
dep-220544,2024,1,25,2
dep-220544,2024,2,27,2
dep-220544,2024,3,27,3
dep-220544,2024,4,25,2
dep-220544,2024,5,25,2
dep-220544,2024,6,26,2
dep-220544,2024,7,29,2
dep-220544,2024,8,24,2
dep-220544,2024,9,24,2
dep-220544,2024,10,24,2
dep-220544,2024,11,24,2
dep-220544,2024,12,26,2
dep-220544,2025,1,29,2
dep-220544,2025,2,26,2
dep-220544,2025,3,26,2
dep-220544,2025,4,25,2
dep-220544,2025,5,26,3
dep-220544,2025,6,27,2
dep-220544,2025,7,25,2
dep-220544,2025,8,25,2
dep-220544,2025,9,25,2
dep-220544,2025,10,25,2
dep-220544,2025,11,27,2
dep-220544,2025,12,26,2
dep-220544,2026,1,25,2
dep-220544,2026,2,25,2
dep-220544,2026,3,21,2
dep-220544,2026,4,21,2
dep-220544,2026,5,24,2
dep-220544,2026,6,24,2
dep-220544,2026,7,24,2
dep-220544,2026,8,25,3
dep-220544,2026,9,25,2
dep-220544,2026,10,25,2
dep-220545,2023,2,12,0
dep-220545,2023,3,15,0
dep-220545,2023,4,17,0
dep-220545,2023,5,16,1
dep-220545,2023,6,17,1
dep-220545,2023,7,17,1
dep-220545,2023,8,17,1
dep-220545,2023,9,17,1
dep-220545,2023,10,18,1
dep-220545,2023,11,18,1
dep-220545,2023,12,18,1
dep-220545,2024,1,18,1
dep-220545,2024,2,17,1
dep-220545,2024,3,18,1
dep-220545,2024,4,18,1
dep-220545,2024,5,17,1
dep-220545,2024,6,17,1
dep-220545,2024,7,18,1
dep-220545,2024,8,17,1
dep-220545,2024,9,17,1
dep-220545,2024,10,17,1
dep-220545,2024,11,17,1
dep-220545,2024,12,15,2
dep-220545,2025,1,15,2
dep-220545,2025,2,17,2
dep-220545,2025,3,17,2
dep-220545,2025,4,18,2
dep-220545,2025,5,18,2
dep-220545,2025,6,19,2
dep-220545,2025,7,19,2
dep-220545,2025,8,18,2
dep-220545,2025,9,18,2
dep-220545,2025,10,18,2
dep-220545,2025,11,18,2
dep-220545,2025,12,18,2
dep-220545,2026,1,18,2
dep-220545,2026,2,16,2
dep-220545,2026,3,12,1
dep-220545,2026,4,12,1
dep-220545,2026,5,13,1
dep-220545,2026,6,13,1
dep-220545,2026,7,14,1
dep-220545,2026,8,16,1
dep-220545,2026,9,16,1
dep-220545,2026,10,17,1
dep-220546,2023,2,9,0
dep-220546,2023,3,12,0
dep-220546,2023,4,13,1
dep-220546,2023,5,17,2
dep-220546,2023,6,18,2
dep-220546,2023,7,17,2
dep-220546,2023,8,18,2
dep-220546,2023,9,18,2
dep-220546,2023,10,18,3
dep-220546,2023,11,19,2
dep-220546,2023,12,18,2
dep-220546,2024,1,18,2
dep-220546,2024,2,16,2
dep-220546,2024,3,16,2
dep-220546,2024,4,18,2
dep-220546,2024,5,20,2
dep-220546,2024,6,23,2
dep-220546,2024,7,22,2
dep-220546,2024,8,19,2
dep-220546,2024,9,18,2
dep-220546,2024,10,18,2
dep-220546,2024,11,19,2
dep-220546,2024,12,18,2
dep-220546,2025,1,19,2
dep-220546,2025,2,19,2
dep-220546,2025,3,18,2
dep-220546,2025,4,18,2
dep-220546,2025,5,19,3
dep-220546,2025,6,20,3
dep-220546,2025,7,22,3
dep-220546,2025,8,22,4
dep-220546,2025,9,22,3
dep-220546,2025,10,20,3
dep-220546,2025,11,22,3
dep-220546,2025,12,22,3
dep-220546,2026,1,22,3
dep-220546,2026,2,22,3
dep-220546,2026,3,14,3
dep-220546,2026,4,14,3
dep-220546,2026,5,17,2
dep-220546,2026,6,17,2
dep-220546,2026,7,20,2
dep-220546,2026,8,20,2
dep-220546,2026,9,23,2
dep-220546,2026,10,23,2
dep-220547,2023,2,11,0
dep-220547,2023,3,13,0
dep-220547,2023,4,14,0
dep-220547,2023,5,17,2
dep-220547,2023,6,20,2
dep-220547,2023,7,20,2
dep-220547,2023,8,20,3
dep-220547,2023,9,18,2
dep-220547,2023,10,17,2
dep-220547,2023,11,17,2
dep-220547,2023,12,17,2
dep-220547,2024,1,17,2
dep-220547,2024,2,18,2
dep-220547,2024,3,16,2
dep-220547,2024,4,16,2
dep-220547,2024,5,15,2
dep-220547,2024,6,17,2
dep-220547,2024,7,16,2
dep-220547,2024,8,16,2
dep-220547,2024,9,14,2
dep-220547,2024,10,13,2
dep-220547,2024,11,15,2
dep-220547,2024,12,14,2
dep-220547,2025,1,15,2
dep-220547,2025,2,15,2
dep-220547,2025,3,18,2
dep-220547,2025,4,21,2
dep-220547,2025,5,28,2
dep-220547,2025,6,25,2
dep-220547,2025,7,25,2
dep-220547,2025,8,25,3
dep-220547,2025,9,24,2
dep-220547,2025,10,24,2
dep-220547,2025,11,26,2
dep-220547,2025,12,21,2
dep-220547,2026,1,21,2
dep-220547,2026,2,19,2
dep-220547,2026,3,9,2
dep-220547,2026,4,9,2
dep-220547,2026,5,11,2
dep-220547,2026,6,13,2
dep-220547,2026,7,14,2
dep-220547,2026,8,21,2
dep-220547,2026,9,22,2
dep-220547,2026,10,22,2
dep-220548,2023,2,20,0
dep-220548,2023,3,21,0
dep-220548,2023,4,21,0
dep-220548,2023,5,19,1
dep-220548,2023,6,18,1
dep-220548,2023,7,17,1
dep-220548,2023,8,17,1
dep-220548,2023,9,17,1
dep-220548,2023,10,18,1
dep-220548,2023,11,19,1
dep-220548,2023,12,19,1
dep-220548,2024,1,19,1
dep-220548,2024,2,19,1
dep-220548,2024,3,22,1
dep-220548,2024,4,19,2
dep-220548,2024,5,19,2
dep-220548,2024,6,19,2
dep-220548,2024,7,21,3
dep-220548,2024,8,21,3
dep-220548,2024,9,15,3
dep-220548,2024,10,14,3
dep-220548,2024,11,20,3
dep-220548,2024,12,16,3
dep-220548,2025,1,18,3
dep-220548,2025,2,17,3
dep-220548,2025,3,17,3
dep-220548,2025,4,15,4
dep-220548,2025,5,17,5
dep-220548,2025,6,17,4
dep-220548,2025,7,16,4
dep-220548,2025,8,18,4
dep-220548,2025,9,17,4
dep-220548,2025,10,16,4
dep-220548,2025,11,19,4
dep-220548,2025,12,19,4
dep-220548,2026,1,17,4
dep-220548,2026,2,18,4
dep-220548,2026,3,5,4
dep-220548,2026,4,10,4
dep-220548,2026,5,11,4
dep-220548,2026,6,11,4
dep-220548,2026,7,14,4
dep-220548,2026,8,16,5
dep-220548,2026,9,19,4
dep-220548,2026,10,19,4
dep-220549,2023,2,13,0
dep-220549,2023,3,14,0
dep-220549,2023,4,14,0
dep-220549,2023,5,14,1
dep-220549,2023,6,14,1
dep-220549,2023,7,14,2
dep-220549,2023,8,13,2
dep-220549,2023,9,14,2
dep-220549,2023,10,14,2
dep-220549,2023,11,14,2
dep-220549,2023,12,14,2
dep-220549,2024,1,14,2
dep-220549,2024,2,14,2
dep-220549,2024,3,14,2
dep-220549,2024,4,14,2
dep-220549,2024,5,14,2
dep-220549,2024,6,15,2
dep-220549,2024,7,14,2
dep-220549,2024,8,13,2
dep-220549,2024,9,12,2
dep-220549,2024,10,12,2
dep-220549,2024,11,12,2
dep-220549,2024,12,12,2
dep-220549,2025,1,12,2
dep-220549,2025,2,12,2
dep-220549,2025,3,13,2
dep-220549,2025,4,14,1
dep-220549,2025,5,14,1
dep-220549,2025,6,14,1
dep-220549,2025,7,14,1
dep-220549,2025,8,14,1
dep-220549,2025,9,14,1
dep-220549,2025,10,14,1
dep-220549,2025,11,13,1
dep-220549,2025,12,13,1
dep-220549,2026,1,13,1
dep-220549,2026,2,13,1
dep-220549,2026,3,8,1
dep-220549,2026,4,9,1
dep-220549,2026,5,9,1
dep-220549,2026,6,9,1
dep-220549,2026,7,12,1
dep-220549,2026,8,12,1
dep-220549,2026,9,14,1
dep-220549,2026,10,14,1
dep-220550,2023,2,9,0
dep-220550,2023,3,9,1
dep-220550,2023,4,8,1
dep-220550,2023,5,8,1
dep-220550,2023,6,8,1
dep-220550,2023,7,9,1
dep-220550,2023,8,9,1
dep-220550,2023,9,9,1
dep-220550,2023,10,10,1
dep-220550,2023,11,10,1
dep-220550,2023,12,10,1
dep-220550,2024,1,11,1
dep-220550,2024,2,12,1
dep-220550,2024,3,12,1
dep-220550,2024,4,11,1
dep-220550,2024,5,11,1
dep-220550,2024,6,11,1
dep-220550,2024,7,10,1
dep-220550,2024,8,11,1
dep-220550,2024,9,11,1
dep-220550,2024,10,11,1
dep-220550,2024,11,11,1
dep-220550,2024,12,11,1
dep-220550,2025,1,12,1
dep-220550,2025,2,12,1
dep-220550,2025,3,12,1
dep-220550,2025,4,12,1
dep-220550,2025,5,12,1
dep-220550,2025,6,12,1
dep-220550,2025,7,12,1
dep-220550,2025,8,12,1
dep-220550,2025,9,12,1
dep-220550,2025,10,12,1
dep-220550,2025,11,12,1
dep-220550,2025,12,12,1
dep-220550,2026,1,12,1
dep-220550,2026,2,11,1
dep-220550,2026,3,13,1
dep-220550,2026,4,13,1
dep-220550,2026,5,13,1
dep-220550,2026,6,13,1
dep-220550,2026,7,14,1
dep-220550,2026,8,14,1
dep-220550,2026,9,14,1
dep-220550,2026,10,14,1
dep-220551,2023,2,12,0
dep-220551,2023,3,13,1
dep-220551,2023,4,13,1
dep-220551,2023,5,13,1
dep-220551,2023,6,13,1
dep-220551,2023,7,14,1
dep-220551,2023,8,14,1
dep-220551,2023,9,14,1
dep-220551,2023,10,14,1
dep-220551,2023,11,14,1
dep-220551,2023,12,14,1
dep-220551,2024,1,14,1
dep-220551,2024,2,14,1
dep-220551,2024,3,14,1
dep-220551,2024,4,14,1
dep-220551,2024,5,14,1
dep-220551,2024,6,16,1
dep-220551,2024,7,15,1
dep-220551,2024,8,14,1
dep-220551,2024,9,14,1
dep-220551,2024,10,14,1
dep-220551,2024,11,14,1
dep-220551,2024,12,16,1
dep-220551,2025,1,14,1
dep-220551,2025,2,14,1
dep-220551,2025,3,15,1
dep-220551,2025,4,14,1
dep-220551,2025,5,14,1
dep-220551,2025,6,14,1
dep-220551,2025,7,14,1
dep-220551,2025,8,14,1
dep-220551,2025,9,14,1
dep-220551,2025,10,14,1
dep-220551,2025,11,14,1
dep-220551,2025,12,14,1
dep-220551,2026,1,14,1
dep-220551,2026,2,14,1
dep-220551,2026,3,2,1
dep-220551,2026,4,10,1
dep-220551,2026,5,10,1
dep-220551,2026,6,12,1
dep-220551,2026,7,15,1
dep-220551,2026,8,16,1
dep-220551,2026,9,19,1
dep-220551,2026,10,19,1
dep-220552,2023,2,21,1
dep-220552,2023,3,21,1
dep-220552,2023,4,21,1
dep-220552,2023,5,20,1
dep-220552,2023,6,20,1
dep-220552,2023,7,19,1
dep-220552,2023,8,20,1
dep-220552,2023,9,20,1
dep-220552,2023,10,20,1
dep-220552,2023,11,21,1
dep-220552,2023,12,22,1
dep-220552,2024,1,24,0
dep-220552,2024,2,24,2
dep-220552,2024,3,23,2
dep-220552,2024,4,23,2
dep-220552,2024,5,23,2
dep-220552,2024,6,23,2
dep-220552,2024,7,19,3
dep-220552,2024,8,18,2
dep-220552,2024,9,17,2
dep-220552,2024,10,18,2
dep-220552,2024,11,18,2
dep-220552,2024,12,19,2
dep-220552,2025,1,19,2
dep-220552,2025,2,17,2
dep-220552,2025,3,17,2
dep-220552,2025,4,17,2
dep-220552,2025,5,16,2
dep-220552,2025,6,16,2
dep-220552,2025,7,14,3
dep-220552,2025,8,14,4
dep-220552,2025,9,13,3
dep-220552,2025,10,13,3
dep-220552,2025,11,13,3
dep-220552,2025,12,14,3
dep-220552,2026,1,14,3
dep-220552,2026,2,14,3
dep-220552,2026,3,0,3
dep-220552,2026,4,0,3
dep-220552,2026,5,0,3
dep-220552,2026,6,0,3
dep-220552,2026,7,0,3
dep-220552,2026,8,12,3
dep-220552,2026,9,12,3
dep-220552,2026,10,12,3
dep-220553,2023,2,14,0
dep-220553,2023,3,19,0
dep-220553,2023,4,19,0
dep-220553,2023,5,21,2
dep-220553,2023,6,20,2
dep-220553,2023,7,20,2
dep-220553,2023,8,20,2
dep-220553,2023,9,20,2
dep-220553,2023,10,21,2
dep-220553,2023,11,21,2
dep-220553,2023,12,21,2
dep-220553,2024,1,21,2
dep-220553,2024,2,20,2
dep-220553,2024,3,22,2
dep-220553,2024,4,22,2
dep-220553,2024,5,23,2
dep-220553,2024,6,23,2
dep-220553,2024,7,22,2
dep-220553,2024,8,22,2
dep-220553,2024,9,22,2
dep-220553,2024,10,22,2
dep-220553,2024,11,23,2
dep-220553,2024,12,22,2
dep-220553,2025,1,22,2
dep-220553,2025,2,19,2
dep-220553,2025,3,21,1
dep-220553,2025,4,21,1
dep-220553,2025,5,21,0
dep-220553,2025,6,21,0
dep-220553,2025,7,21,0
dep-220553,2025,8,23,0
dep-220553,2025,9,24,0
dep-220553,2025,10,24,0
dep-220553,2025,11,25,0
dep-220553,2025,12,25,0
dep-220553,2026,1,25,0
dep-220553,2026,2,25,0
dep-220553,2026,3,11,0
dep-220553,2026,4,14,0
dep-220553,2026,5,19,1
dep-220553,2026,6,19,1
dep-220553,2026,7,21,2
dep-220553,2026,8,23,2
dep-220553,2026,9,24,2
dep-220553,2026,10,24,2
dep-220554,2023,2,15,0
dep-220554,2023,3,17,0
dep-220554,2023,4,17,0
dep-220554,2023,5,17,0
dep-220554,2023,6,15,0
dep-220554,2023,7,18,0
dep-220554,2023,8,18,0
dep-220554,2023,9,19,0
dep-220554,2023,10,20,0
dep-220554,2023,11,20,0
dep-220554,2023,12,20,0
dep-220554,2024,1,20,0
dep-220554,2024,2,20,0
dep-220554,2024,3,20,0
dep-220554,2024,4,20,0
dep-220554,2024,5,20,0
dep-220554,2024,6,21,0
dep-220554,2024,7,23,0
dep-220554,2024,8,20,0
dep-220554,2024,9,20,0
dep-220554,2024,10,21,0
dep-220554,2024,11,20,0
dep-220554,2024,12,20,0
dep-220554,2025,1,18,0
dep-220554,2025,2,19,0
dep-220554,2025,3,18,0
dep-220554,2025,4,17,0
dep-220554,2025,5,19,0
dep-220554,2025,6,19,0
dep-220554,2025,7,19,0
dep-220554,2025,8,20,0
dep-220554,2025,9,19,0
dep-220554,2025,10,20,0
dep-220554,2025,11,20,0
dep-220554,2025,12,21,0
dep-220554,2026,1,21,0
dep-220554,2026,2,23,0
dep-220554,2026,3,17,0
dep-220554,2026,4,19,0
dep-220554,2026,5,22,2
dep-220554,2026,6,22,2
dep-220554,2026,7,24,2
dep-220554,2026,8,24,2
dep-220554,2026,9,24,2
dep-220554,2026,10,24,2
dep-220555,2023,2,16,0
dep-220555,2023,3,17,0
dep-220555,2023,4,17,0
dep-220555,2023,5,18,0
dep-220555,2023,6,18,0
dep-220555,2023,7,18,0
dep-220555,2023,8,17,0
dep-220555,2023,9,17,0
dep-220555,2023,10,18,0
dep-220555,2023,11,17,0
dep-220555,2023,12,17,0
dep-220555,2024,1,18,0
dep-220555,2024,2,19,0
dep-220555,2024,3,19,0
dep-220555,2024,4,21,2
dep-220555,2024,5,19,3
dep-220555,2024,6,19,3
dep-220555,2024,7,16,3
dep-220555,2024,8,16,3
dep-220555,2024,9,16,3
dep-220555,2024,10,16,3
dep-220555,2024,11,16,3
dep-220555,2024,12,18,3
dep-220555,2025,1,19,3
dep-220555,2025,2,19,3
dep-220555,2025,3,19,3
dep-220555,2025,4,20,3
dep-220555,2025,5,20,0
dep-220555,2025,6,17,1
dep-220555,2025,7,16,1
dep-220555,2025,8,16,1
dep-220555,2025,9,17,2
dep-220555,2025,10,16,1
dep-220555,2025,11,15,1
dep-220555,2025,12,15,1
dep-220555,2026,1,15,1
dep-220555,2026,2,14,1
dep-220555,2026,3,11,1
dep-220555,2026,4,12,1
dep-220555,2026,5,12,1
dep-220555,2026,6,14,1
dep-220555,2026,7,14,1
dep-220555,2026,8,15,1
dep-220555,2026,9,15,1
dep-220555,2026,10,15,1
dep-220556,2023,2,9,0
dep-220556,2023,3,11,0
dep-220556,2023,4,13,0
dep-220556,2023,5,14,0
dep-220556,2023,6,16,0
dep-220556,2023,7,18,0
dep-220556,2023,8,19,0
dep-220556,2023,9,19,0
dep-220556,2023,10,18,0
dep-220556,2023,11,20,0
dep-220556,2023,12,21,0
dep-220556,2024,1,21,0
dep-220556,2024,2,21,0
dep-220556,2024,3,21,0
dep-220556,2024,4,24,0
dep-220556,2024,5,24,0
dep-220556,2024,6,25,0
dep-220556,2024,7,21,0
dep-220556,2024,8,20,0
dep-220556,2024,9,20,0
dep-220556,2024,10,20,0
dep-220556,2024,11,22,0
dep-220556,2024,12,22,0
dep-220556,2025,1,26,0
dep-220556,2025,2,22,0
dep-220556,2025,3,23,0
dep-220556,2025,4,23,0
dep-220556,2025,5,25,1
dep-220556,2025,6,23,1
dep-220556,2025,7,23,1
dep-220556,2025,8,23,1
dep-220556,2025,9,23,1
dep-220556,2025,10,24,1
dep-220556,2025,11,25,1
dep-220556,2025,12,23,1
dep-220556,2026,1,23,1
dep-220556,2026,2,24,1
dep-220556,2026,3,22,2
dep-220556,2026,4,22,2
dep-220556,2026,5,22,2
dep-220556,2026,6,22,2
dep-220556,2026,7,23,2
dep-220556,2026,8,23,2
dep-220556,2026,9,23,2
dep-220556,2026,10,23,2
dep-220557,2023,2,9,0
dep-220557,2023,3,9,1
dep-220557,2023,4,10,1
dep-220557,2023,5,12,1
dep-220557,2023,6,13,1
dep-220557,2023,7,15,1
dep-220557,2023,8,20,1
dep-220557,2023,9,20,1
dep-220557,2023,10,18,1
dep-220557,2023,11,21,1
dep-220557,2023,12,19,1
dep-220557,2024,1,18,1
dep-220557,2024,2,18,1
dep-220557,2024,3,21,1
dep-220557,2024,4,23,1
dep-220557,2024,5,23,2
dep-220557,2024,6,23,2
dep-220557,2024,7,22,2
dep-220557,2024,8,21,2
dep-220557,2024,9,23,2
dep-220557,2024,10,22,2
dep-220557,2024,11,23,2
dep-220557,2024,12,22,2
dep-220557,2025,1,21,2
dep-220557,2025,2,21,2
dep-220557,2025,3,21,2
dep-220557,2025,4,20,2
dep-220557,2025,5,20,2
dep-220557,2025,6,21,2
dep-220557,2025,7,18,2
dep-220557,2025,8,20,2
dep-220557,2025,9,22,2
dep-220557,2025,10,21,2
dep-220557,2025,11,24,2
dep-220557,2025,12,22,2
dep-220557,2026,1,22,2
dep-220557,2026,2,20,2
dep-220557,2026,3,10,2
dep-220557,2026,4,14,3
dep-220557,2026,5,14,3
dep-220557,2026,6,15,3
dep-220557,2026,7,16,3
dep-220557,2026,8,20,3
dep-220557,2026,9,22,3
dep-220557,2026,10,22,3
dep-220558,2023,2,15,0
dep-220558,2023,3,15,0
dep-220558,2023,4,15,0
dep-220558,2023,5,17,0
dep-220558,2023,6,15,0
dep-220558,2023,7,17,1
dep-220558,2023,8,17,1
dep-220558,2023,9,15,1
dep-220558,2023,10,14,1
dep-220558,2023,11,13,1
dep-220558,2023,12,13,1
dep-220558,2024,1,16,1
dep-220558,2024,2,15,1
dep-220558,2024,3,16,1
dep-220558,2024,4,18,1
dep-220558,2024,5,17,1
dep-220558,2024,6,18,2
dep-220558,2024,7,16,2
dep-220558,2024,8,16,2
dep-220558,2024,9,16,2
dep-220558,2024,10,17,2
dep-220558,2024,11,16,2
dep-220558,2024,12,17,2
dep-220558,2025,1,16,2
dep-220558,2025,2,18,2
dep-220558,2025,3,18,2
dep-220558,2025,4,17,2
dep-220558,2025,5,17,2
dep-220558,2025,6,17,2
dep-220558,2025,7,17,2
dep-220558,2025,8,17,2
dep-220558,2025,9,17,2
dep-220558,2025,10,17,2
dep-220558,2025,11,17,2
dep-220558,2025,12,17,2
dep-220558,2026,1,17,2
dep-220558,2026,2,17,2
dep-220558,2026,3,17,2
dep-220558,2026,4,18,2
dep-220558,2026,5,19,2
dep-220558,2026,6,20,2
dep-220558,2026,7,20,2
dep-220558,2026,8,22,2
dep-220558,2026,9,22,2
dep-220558,2026,10,22,2
dep-220559,2023,2,20,0
dep-220559,2023,3,21,1
dep-220559,2023,4,22,2
dep-220559,2023,5,21,2
dep-220559,2023,6,22,2
dep-220559,2023,7,23,2
dep-220559,2023,8,20,2
dep-220559,2023,9,20,2
dep-220559,2023,10,23,2
dep-220559,2023,11,24,2
dep-220559,2023,12,22,2
dep-220559,2024,1,22,2
dep-220559,2024,2,21,2
dep-220559,2024,3,21,2
dep-220559,2024,4,21,2
dep-220559,2024,5,21,2
dep-220559,2024,6,21,2
dep-220559,2024,7,22,2
dep-220559,2024,8,22,2
dep-220559,2024,9,21,2
dep-220559,2024,10,20,2
dep-220559,2024,11,21,2
dep-220559,2024,12,21,2
dep-220559,2025,1,19,2
dep-220559,2025,2,18,2
dep-220559,2025,3,18,2
dep-220559,2025,4,18,2
dep-220559,2025,5,19,2
dep-220559,2025,6,21,2
dep-220559,2025,7,21,2
dep-220559,2025,8,21,2
dep-220559,2025,9,20,2
dep-220559,2025,10,17,2
dep-220559,2025,11,19,2
dep-220559,2025,12,19,2
dep-220559,2026,1,18,2
dep-220559,2026,2,17,2
dep-220559,2026,3,14,2
dep-220559,2026,4,14,2
dep-220559,2026,5,16,2
dep-220559,2026,6,17,2
dep-220559,2026,7,19,2
dep-220559,2026,8,20,2
dep-220559,2026,9,21,2
dep-220559,2026,10,21,2
dep-220560,2023,2,10,0
dep-220560,2023,3,16,1
dep-220560,2023,4,15,1
dep-220560,2023,5,15,1
dep-220560,2023,6,17,1
dep-220560,2023,7,17,1
dep-220560,2023,8,16,1
dep-220560,2023,9,16,1
dep-220560,2023,10,16,1
dep-220560,2023,11,16,1
dep-220560,2023,12,16,1
dep-220560,2024,1,16,1
dep-220560,2024,2,18,1
dep-220560,2024,3,17,1
dep-220560,2024,4,17,1
dep-220560,2024,5,20,1
dep-220560,2024,6,24,1
dep-220560,2024,7,26,0
dep-220560,2024,8,25,0
dep-220560,2024,9,25,0
dep-220560,2024,10,26,1
dep-220560,2024,11,25,1
dep-220560,2024,12,25,1
dep-220560,2025,1,22,1
dep-220560,2025,2,24,1
dep-220560,2025,3,23,1
dep-220560,2025,4,22,1
dep-220560,2025,5,21,1
dep-220560,2025,6,21,1
dep-220560,2025,7,21,1
dep-220560,2025,8,22,1
dep-220560,2025,9,23,1
dep-220560,2025,10,21,1
dep-220560,2025,11,21,1
dep-220560,2025,12,21,1
dep-220560,2026,1,21,1
dep-220560,2026,2,18,1
dep-220560,2026,3,15,1
dep-220560,2026,4,18,1
dep-220560,2026,5,20,1
dep-220560,2026,6,20,1
dep-220560,2026,7,21,1
dep-220560,2026,8,22,1
dep-220560,2026,9,23,1
dep-220560,2026,10,23,1
dep-220561,2023,2,21,1
dep-220561,2023,3,20,1
dep-220561,2023,4,22,1
dep-220561,2023,5,21,1
dep-220561,2023,6,21,1
dep-220561,2023,7,21,1
dep-220561,2023,8,21,1
dep-220561,2023,9,21,1
dep-220561,2023,10,21,1
dep-220561,2023,11,21,1
dep-220561,2023,12,21,1
dep-220561,2024,1,22,1
dep-220561,2024,2,23,1
dep-220561,2024,3,22,1
dep-220561,2024,4,21,1
dep-220561,2024,5,21,1
dep-220561,2024,6,22,1
dep-220561,2024,7,23,1
dep-220561,2024,8,22,1
dep-220561,2024,9,22,1
dep-220561,2024,10,22,1
dep-220561,2024,11,22,1
dep-220561,2024,12,22,1
dep-220561,2025,1,22,1
dep-220561,2025,2,22,1
dep-220561,2025,3,22,1
dep-220561,2025,4,23,1
dep-220561,2025,5,22,1
dep-220561,2025,6,23,1
dep-220561,2025,7,23,1
dep-220561,2025,8,24,1
dep-220561,2025,9,23,0
dep-220561,2025,10,23,0
dep-220561,2025,11,23,0
dep-220561,2025,12,23,0
dep-220561,2026,1,23,0
dep-220561,2026,2,21,0
dep-220561,2026,3,20,0
dep-220561,2026,4,22,0
dep-220561,2026,5,22,0
dep-220561,2026,6,23,0
dep-220561,2026,7,24,0
dep-220561,2026,8,24,0
dep-220561,2026,9,25,0
dep-220561,2026,10,25,0
dep-220563,2023,2,5,1
dep-220563,2023,3,10,1
dep-220563,2023,4,18,1
dep-220563,2023,5,19,1
dep-220563,2023,6,24,1
dep-220563,2023,7,24,1
dep-220563,2023,8,24,1
dep-220563,2023,9,25,1
dep-220563,2023,10,25,1
dep-220563,2023,11,25,1
dep-220563,2023,12,25,1
dep-220563,2024,1,25,1
dep-220563,2024,2,24,1
dep-220563,2024,3,25,1
dep-220563,2024,4,23,1
dep-220563,2024,5,23,1
dep-220563,2024,6,23,1
dep-220563,2024,7,25,1
dep-220563,2024,8,23,0
dep-220563,2024,9,23,0
dep-220563,2024,10,23,0
dep-220563,2024,11,23,1
dep-220563,2024,12,23,1
dep-220563,2025,1,24,1
dep-220563,2025,2,23,1
dep-220563,2025,3,23,1
dep-220563,2025,4,23,1
dep-220563,2025,5,24,1
dep-220563,2025,6,23,1
dep-220563,2025,7,23,1
dep-220563,2025,8,23,1
dep-220563,2025,9,23,1
dep-220563,2025,10,23,1
dep-220563,2025,11,23,1
dep-220563,2025,12,23,1
dep-220563,2026,1,22,1
dep-220563,2026,2,23,1
dep-220563,2026,3,18,1
dep-220563,2026,4,18,1
dep-220563,2026,5,18,1
dep-220563,2026,6,18,1
dep-220563,2026,7,18,1
dep-220563,2026,8,22,1
dep-220563,2026,9,22,1
dep-220563,2026,10,22,1
dep-220564,2023,2,11,0
dep-220564,2023,3,13,0
dep-220564,2023,4,13,1
dep-220564,2023,5,13,1
dep-220564,2023,6,13,1
dep-220564,2023,7,13,1
dep-220564,2023,8,13,1
dep-220564,2023,9,13,1
dep-220564,2023,10,14,1
dep-220564,2023,11,14,0
dep-220564,2023,12,14,1
dep-220564,2024,1,14,1
dep-220564,2024,2,14,1
dep-220564,2024,3,14,2
dep-220564,2024,4,14,1
dep-220564,2024,5,14,1
dep-220564,2024,6,14,1
dep-220564,2024,7,14,1
dep-220564,2024,8,16,0
dep-220564,2024,9,16,0
dep-220564,2024,10,16,0
dep-220564,2024,11,16,1
dep-220564,2024,12,16,1
dep-220564,2025,1,14,1
dep-220564,2025,2,15,1
dep-220564,2025,3,14,1
dep-220564,2025,4,14,1
dep-220564,2025,5,14,1
dep-220564,2025,6,14,1
dep-220564,2025,7,14,1
dep-220564,2025,8,14,1
dep-220564,2025,9,14,2
dep-220564,2025,10,14,2
dep-220564,2025,11,14,2
dep-220564,2025,12,14,2
dep-220564,2026,1,14,2
dep-220564,2026,2,14,2
dep-220564,2026,3,12,2
dep-220564,2026,4,12,2
dep-220564,2026,5,13,2
dep-220564,2026,6,13,2
dep-220564,2026,7,14,2
dep-220564,2026,8,15,2
dep-220564,2026,9,15,2
dep-220564,2026,10,15,2
dep-220565,2023,2,24,0
dep-220565,2023,3,25,0
dep-220565,2023,4,25,0
dep-220565,2023,5,25,0
dep-220565,2023,6,25,1
dep-220565,2023,7,25,1
dep-220565,2023,8,25,1
dep-220565,2023,9,25,1
dep-220565,2023,10,25,1
dep-220565,2023,11,25,0
dep-220565,2023,12,24,1
dep-220565,2024,1,24,1
dep-220565,2024,2,23,1
dep-220565,2024,3,24,0
dep-220565,2024,4,24,0
dep-220565,2024,5,24,1
dep-220565,2024,6,24,1
dep-220565,2024,7,24,1
dep-220565,2024,8,24,1
dep-220565,2024,9,24,1
dep-220565,2024,10,24,1
dep-220565,2024,11,24,1
dep-220565,2024,12,25,1
dep-220565,2025,1,26,0
dep-220565,2025,2,22,0
dep-220565,2025,3,22,0
dep-220565,2025,4,23,0
dep-220565,2025,5,23,1
dep-220565,2025,6,23,1
dep-220565,2025,7,23,1
dep-220565,2025,8,23,1
dep-220565,2025,9,23,1
dep-220565,2025,10,21,1
dep-220565,2025,11,21,1
dep-220565,2025,12,21,1
dep-220565,2026,1,21,1
dep-220565,2026,2,21,1
dep-220565,2026,3,15,1
dep-220565,2026,4,15,1
dep-220565,2026,5,15,1
dep-220565,2026,6,15,1
dep-220565,2026,7,18,1
dep-220565,2026,8,18,1
dep-220565,2026,9,19,1
dep-220565,2026,10,21,1
dep-220566,2023,2,15,0
dep-220566,2023,3,22,0
dep-220566,2023,4,23,0
dep-220566,2023,5,22,0
dep-220566,2023,6,22,0
dep-220566,2023,7,22,0
dep-220566,2023,8,23,0
dep-220566,2023,9,22,0
dep-220566,2023,10,22,0
dep-220566,2023,11,22,0
dep-220566,2023,12,23,0
dep-220566,2024,1,24,0
dep-220566,2024,2,24,0
dep-220566,2024,3,25,0
dep-220566,2024,4,25,0
dep-220566,2024,5,25,0
dep-220566,2024,6,25,0
dep-220566,2024,7,25,0
dep-220566,2024,8,25,0
dep-220566,2024,9,25,0
dep-220566,2024,10,25,0
dep-220566,2024,11,26,0
dep-220566,2024,12,25,0
dep-220566,2025,1,24,0
dep-220566,2025,2,27,0
dep-220566,2025,3,27,0
dep-220566,2025,4,25,0
dep-220566,2025,5,24,0
dep-220566,2025,6,25,0
dep-220566,2025,7,24,0
dep-220566,2025,8,26,0
dep-220566,2025,9,25,0
dep-220566,2025,10,26,0
dep-220566,2025,11,25,0
dep-220566,2025,12,25,0
dep-220566,2026,1,25,0
dep-220566,2026,2,26,0
dep-220566,2026,3,23,0
dep-220566,2026,4,24,0
dep-220566,2026,5,24,0
dep-220566,2026,6,25,0
dep-220566,2026,7,25,0
dep-220566,2026,8,25,0
dep-220566,2026,9,25,0
dep-220566,2026,10,25,0
dep-220567,2023,2,13,0
dep-220567,2023,3,15,1
dep-220567,2023,4,15,1
dep-220567,2023,5,15,1
dep-220567,2023,6,16,1
dep-220567,2023,7,16,1
dep-220567,2023,8,16,1
dep-220567,2023,9,16,1
dep-220567,2023,10,15,1
dep-220567,2023,11,16,1
dep-220567,2023,12,16,1
dep-220567,2024,1,15,0
dep-220567,2024,2,13,0
dep-220567,2024,3,15,0
dep-220567,2024,4,17,1
dep-220567,2024,5,22,1
dep-220567,2024,6,24,1
dep-220567,2024,7,28,1
dep-220567,2024,8,25,1
dep-220567,2024,9,25,1
dep-220567,2024,10,24,1
dep-220567,2024,11,24,1
dep-220567,2024,12,24,1
dep-220567,2025,1,24,1
dep-220567,2025,2,24,1
dep-220567,2025,3,26,1
dep-220567,2025,4,22,1
dep-220567,2025,5,22,1
dep-220567,2025,6,23,1
dep-220567,2025,7,22,1
dep-220567,2025,8,24,1
dep-220567,2025,9,25,1
dep-220567,2025,10,25,1
dep-220567,2025,11,27,1
dep-220567,2025,12,25,1
dep-220567,2026,1,25,1
dep-220567,2026,2,24,1
dep-220567,2026,3,10,1
dep-220567,2026,4,10,1
dep-220567,2026,5,10,1
dep-220567,2026,6,13,1
dep-220567,2026,7,13,1
dep-220567,2026,8,13,1
dep-220567,2026,9,18,1
dep-220567,2026,10,21,1
dep-220568,2023,2,16,0
dep-220568,2023,3,16,0
dep-220568,2023,4,16,0
dep-220568,2023,5,16,1
dep-220568,2023,6,16,1
dep-220568,2023,7,16,0
dep-220568,2023,8,16,0
dep-220568,2023,9,16,0
dep-220568,2023,10,17,0
dep-220568,2023,11,19,0
dep-220568,2023,12,17,0
dep-220568,2024,1,18,0
dep-220568,2024,2,18,0
dep-220568,2024,3,18,0
dep-220568,2024,4,18,0
dep-220568,2024,5,18,0
dep-220568,2024,6,18,1
dep-220568,2024,7,16,1
dep-220568,2024,8,17,1
dep-220568,2024,9,18,1
dep-220568,2024,10,20,1
dep-220568,2024,11,19,1
dep-220568,2024,12,19,1
dep-220568,2025,1,17,1
dep-220568,2025,2,14,1
dep-220568,2025,3,12,1
dep-220568,2025,4,12,1
dep-220568,2025,5,12,1
dep-220568,2025,6,12,1
dep-220568,2025,7,13,1
dep-220568,2025,8,13,1
dep-220568,2025,9,13,1
dep-220568,2025,10,13,1
dep-220568,2025,11,13,1
dep-220568,2025,12,13,1
dep-220568,2026,1,13,1
dep-220568,2026,2,13,2
dep-220568,2026,3,11,2
dep-220568,2026,4,11,2
dep-220568,2026,5,11,2
dep-220568,2026,6,12,2
dep-220568,2026,7,15,2
dep-220568,2026,8,16,2
dep-220568,2026,9,16,2
dep-220568,2026,10,16,2
dep-220569,2023,2,10,2
dep-220569,2023,3,10,2
dep-220569,2023,4,10,2
dep-220569,2023,5,10,2
dep-220569,2023,6,10,2
dep-220569,2023,7,10,2
dep-220569,2023,8,9,3
dep-220569,2023,9,10,2
dep-220569,2023,10,9,2
dep-220569,2023,11,10,2
dep-220569,2023,12,11,2
dep-220569,2024,1,11,2
dep-220569,2024,2,11,4
dep-220569,2024,3,11,2
dep-220569,2024,4,11,2
dep-220569,2024,5,11,2
dep-220569,2024,6,13,3
dep-220569,2024,7,12,2
dep-220569,2024,8,12,2
dep-220569,2024,9,11,2
dep-220569,2024,10,11,2
dep-220569,2024,11,11,2
dep-220569,2024,12,11,2
dep-220569,2025,1,11,2
dep-220569,2025,2,12,2
dep-220569,2025,3,10,2
dep-220569,2025,4,11,2
dep-220569,2025,5,11,2
dep-220569,2025,6,11,2
dep-220569,2025,7,12,2
dep-220569,2025,8,12,2
dep-220569,2025,9,12,2
dep-220569,2025,10,12,2
dep-220569,2025,11,11,2
dep-220569,2025,12,11,2
dep-220569,2026,1,11,2
dep-220569,2026,2,12,2
dep-220569,2026,3,8,2
dep-220569,2026,4,8,2
dep-220569,2026,5,8,2
dep-220569,2026,6,8,2
dep-220569,2026,7,8,2
dep-220569,2026,8,10,2
dep-220569,2026,9,10,2
dep-220569,2026,10,10,2
dep-220570,2023,2,9,0
dep-220570,2023,3,15,1
dep-220570,2023,4,15,1
dep-220570,2023,5,16,2
dep-220570,2023,6,15,2
dep-220570,2023,7,17,2
dep-220570,2023,8,17,2
dep-220570,2023,9,17,2
dep-220570,2023,10,17,3
dep-220570,2023,11,17,2
dep-220570,2023,12,17,2
dep-220570,2024,1,16,2
dep-220570,2024,2,18,2
dep-220570,2024,3,18,2
dep-220570,2024,4,18,2
dep-220570,2024,5,18,2
dep-220570,2024,6,19,2
dep-220570,2024,7,20,3
dep-220570,2024,8,20,2
dep-220570,2024,9,21,2
dep-220570,2024,10,21,2
dep-220570,2024,11,21,2
dep-220570,2024,12,20,2
dep-220570,2025,1,23,2
dep-220570,2025,2,22,2
dep-220570,2025,3,21,2
dep-220570,2025,4,23,2
dep-220570,2025,5,20,2
dep-220570,2025,6,20,2
dep-220570,2025,7,20,2
dep-220570,2025,8,21,2
dep-220570,2025,9,22,2
dep-220570,2025,10,21,2
dep-220570,2025,11,23,2
dep-220570,2025,12,22,2
dep-220570,2026,1,22,2
dep-220570,2026,2,22,2
dep-220570,2026,3,18,2
dep-220570,2026,4,20,2
dep-220570,2026,5,22,2
dep-220570,2026,6,22,2
dep-220570,2026,7,24,2
dep-220570,2026,8,24,2
dep-220570,2026,9,24,2
dep-220570,2026,10,24,2
dep-220571,2023,2,11,0
dep-220571,2023,3,17,0
dep-220571,2023,4,16,1
dep-220571,2023,5,16,2
dep-220571,2023,6,16,2
dep-220571,2023,7,16,2
dep-220571,2023,8,18,2
dep-220571,2023,9,16,2
dep-220571,2023,10,16,2
dep-220571,2023,11,17,2
dep-220571,2023,12,18,2
dep-220571,2024,1,18,2
dep-220571,2024,2,17,2
dep-220571,2024,3,17,2
dep-220571,2024,4,18,2
dep-220571,2024,5,18,2
dep-220571,2024,6,19,3
dep-220571,2024,7,18,2
dep-220571,2024,8,18,2
dep-220571,2024,9,18,2
dep-220571,2024,10,18,2
dep-220571,2024,11,18,3
dep-220571,2024,12,18,2
dep-220571,2025,1,16,2
dep-220571,2025,2,17,3
dep-220571,2025,3,19,2
dep-220571,2025,4,17,2
dep-220571,2025,5,19,2
dep-220571,2025,6,18,2
dep-220571,2025,7,18,2
dep-220571,2025,8,18,2
dep-220571,2025,9,18,2
dep-220571,2025,10,21,2
dep-220571,2025,11,22,2
dep-220571,2025,12,22,2
dep-220571,2026,1,22,2
dep-220571,2026,2,21,2
dep-220571,2026,3,11,2
dep-220571,2026,4,11,2
dep-220571,2026,5,12,1
dep-220571,2026,6,12,1
dep-220571,2026,7,12,2
dep-220571,2026,8,12,2
dep-220571,2026,9,12,2
dep-220571,2026,10,19,2
dep-220572,2023,2,15,0
dep-220572,2023,3,16,0
dep-220572,2023,4,16,0
dep-220572,2023,5,16,0
dep-220572,2023,6,17,0
dep-220572,2023,7,16,0
dep-220572,2023,8,16,0
dep-220572,2023,9,16,0
dep-220572,2023,10,17,0
dep-220572,2023,11,17,0
dep-220572,2023,12,17,0
dep-220572,2024,1,17,0
dep-220572,2024,2,17,0
dep-220572,2024,3,16,0
dep-220572,2024,4,17,0
dep-220572,2024,5,17,0
dep-220572,2024,6,17,0
dep-220572,2024,7,17,0
dep-220572,2024,8,16,0
dep-220572,2024,9,17,0
dep-220572,2024,10,19,0
dep-220572,2024,11,17,0
dep-220572,2024,12,17,0
dep-220572,2025,1,18,0
dep-220572,2025,2,18,0
dep-220572,2025,3,19,0
dep-220572,2025,4,19,0
dep-220572,2025,5,19,0
dep-220572,2025,6,19,0
dep-220572,2025,7,19,0
dep-220572,2025,8,20,0
dep-220572,2025,9,20,0
dep-220572,2025,10,20,0
dep-220572,2025,11,20,1
dep-220572,2025,12,20,1
dep-220572,2026,1,19,0
dep-220572,2026,2,18,1
dep-220572,2026,3,15,1
dep-220572,2026,4,15,1
dep-220572,2026,5,16,1
dep-220572,2026,6,17,1
dep-220572,2026,7,17,1
dep-220572,2026,8,19,1
dep-220572,2026,9,19,1
dep-220572,2026,10,19,1
dep-220573,2023,2,21,1
dep-220573,2023,3,21,1
dep-220573,2023,4,22,1
dep-220573,2023,5,25,1
dep-220573,2023,6,25,1
dep-220573,2023,7,26,1
dep-220573,2023,8,25,1
dep-220573,2023,9,25,1
dep-220573,2023,10,25,1
dep-220573,2023,11,25,1
dep-220573,2023,12,25,1
dep-220573,2024,1,24,1
dep-220573,2024,2,24,1
dep-220573,2024,3,26,1
dep-220573,2024,4,25,1
dep-220573,2024,5,25,1
dep-220573,2024,6,24,1
dep-220573,2024,7,23,1
dep-220573,2024,8,23,1
dep-220573,2024,9,23,1
dep-220573,2024,10,24,1
dep-220573,2024,11,19,1
dep-220573,2024,12,18,1
dep-220573,2025,1,19,1
dep-220573,2025,2,19,1
dep-220573,2025,3,19,1
dep-220573,2025,4,17,1
dep-220573,2025,5,17,1
dep-220573,2025,6,19,1
dep-220573,2025,7,18,1
dep-220573,2025,8,18,1
dep-220573,2025,9,20,1
dep-220573,2025,10,20,1
dep-220573,2025,11,21,1
dep-220573,2025,12,20,1
dep-220573,2026,1,20,1
dep-220573,2026,2,21,1
dep-220573,2026,3,20,1
dep-220573,2026,4,22,1
dep-220573,2026,5,22,1
dep-220573,2026,6,23,1
dep-220573,2026,7,24,1
dep-220573,2026,8,24,1
dep-220573,2026,9,24,1
dep-220573,2026,10,24,1
dep-220574,2023,2,17,1
dep-220574,2023,3,24,2
dep-220574,2023,4,24,3
dep-220574,2023,5,25,3
dep-220574,2023,6,25,3
dep-220574,2023,7,25,3
dep-220574,2023,8,25,3
dep-220574,2023,9,25,3
dep-220574,2023,10,25,3
dep-220574,2023,11,24,3
dep-220574,2023,12,24,3
dep-220574,2024,1,24,3
dep-220574,2024,2,25,3
dep-220574,2024,3,25,3
dep-220574,2024,4,25,3
dep-220574,2024,5,25,3
dep-220574,2024,6,24,3
dep-220574,2024,7,25,3
dep-220574,2024,8,24,3
dep-220574,2024,9,25,3
dep-220574,2024,10,25,3
dep-220574,2024,11,25,3
dep-220574,2024,12,25,3
dep-220574,2025,1,24,3
dep-220574,2025,2,26,3
dep-220574,2025,3,25,3
dep-220574,2025,4,25,3
dep-220574,2025,5,25,3
dep-220574,2025,6,25,3
dep-220574,2025,7,25,3
dep-220574,2025,8,25,3
dep-220574,2025,9,26,4
dep-220574,2025,10,25,4
dep-220574,2025,11,26,4
dep-220574,2025,12,25,4
dep-220574,2026,1,12,4
dep-220574,2026,2,25,5
dep-220574,2026,3,25,4
dep-220574,2026,4,25,4
dep-220574,2026,5,25,4
dep-220574,2026,6,25,4
dep-220574,2026,7,25,4
dep-220574,2026,8,25,4
dep-220574,2026,9,25,4
dep-220574,2026,10,25,4
dep-220575,2023,2,8,0
dep-220575,2023,3,12,1
dep-220575,2023,4,20,1
dep-220575,2023,5,21,2
dep-220575,2023,6,18,2
dep-220575,2023,7,18,2
dep-220575,2023,8,17,2
dep-220575,2023,9,19,2
dep-220575,2023,10,19,3
dep-220575,2023,11,19,3
dep-220575,2023,12,19,4
dep-220575,2024,1,20,4
dep-220575,2024,2,20,4
dep-220575,2024,3,17,3
dep-220575,2024,4,17,4
dep-220575,2024,5,17,4
dep-220575,2024,6,17,4
dep-220575,2024,7,17,4
dep-220575,2024,8,17,3
dep-220575,2024,9,17,3
dep-220575,2024,10,17,4
dep-220575,2024,11,17,4
dep-220575,2024,12,17,4
dep-220575,2025,1,17,4
dep-220575,2025,2,14,4
dep-220575,2025,3,19,4
dep-220575,2025,4,9,4
dep-220575,2025,5,9,4
dep-220575,2025,6,10,4
dep-220575,2025,7,11,4
dep-220576,2023,2,15,0
dep-220576,2023,3,19,1
dep-220576,2023,4,19,1
dep-220576,2023,5,19,1
dep-220576,2023,6,18,1
dep-220576,2023,7,17,1
dep-220576,2023,8,18,1
dep-220576,2023,9,17,1
dep-220576,2023,10,17,1
dep-220576,2023,11,17,1
dep-220576,2023,12,17,1
dep-220576,2024,1,17,1
dep-220576,2024,2,17,1
dep-220576,2024,3,17,1
dep-220576,2024,4,18,1
dep-220576,2024,5,23,1
dep-220576,2024,6,22,1
dep-220576,2024,7,23,1
dep-220576,2024,8,22,1
dep-220576,2024,9,22,1
dep-220576,2024,10,22,1
dep-220576,2024,11,22,1
dep-220576,2024,12,22,1
dep-220576,2025,1,23,1
dep-220576,2025,2,21,1
dep-220576,2025,3,21,1
dep-220576,2025,4,21,1
dep-220576,2025,5,21,1
dep-220576,2025,6,21,1
dep-220576,2025,7,21,1
dep-220576,2025,8,21,1
dep-220576,2025,9,20,1
dep-220576,2025,10,20,1
dep-220576,2025,11,20,1
dep-220576,2025,12,20,1
dep-220576,2026,1,20,1
dep-220576,2026,2,20,1
dep-220576,2026,3,16,1
dep-220576,2026,4,17,1
dep-220576,2026,5,17,0
dep-220576,2026,6,17,0
dep-220576,2026,7,17,0
dep-220576,2026,8,17,0
dep-220576,2026,9,17,0
dep-220576,2026,10,17,0
dep-220577,2023,2,13,0
dep-220577,2023,3,17,0
dep-220577,2023,4,20,0
dep-220577,2023,5,20,0
dep-220577,2023,6,21,0
dep-220577,2023,7,25,0
dep-220577,2023,8,19,0
dep-220577,2023,9,19,0
dep-220577,2023,10,21,0
dep-220577,2023,11,21,0
dep-220577,2023,12,21,0
dep-220577,2024,1,21,0
dep-220577,2024,2,21,0
dep-220577,2024,3,21,0
dep-220577,2024,4,23,0
dep-220577,2024,5,23,0
dep-220577,2024,6,25,0
dep-220577,2024,7,24,0
dep-220577,2024,8,24,0
dep-220577,2024,9,23,0
dep-220577,2024,10,23,0
dep-220577,2024,11,21,0
dep-220577,2024,12,22,0
dep-220577,2025,1,22,0
dep-220577,2025,2,20,1
dep-220577,2025,3,22,1
dep-220577,2025,4,23,1
dep-220577,2025,5,22,1
dep-220577,2025,6,22,1
dep-220577,2025,7,22,1
dep-220578,2023,2,23,1
dep-220578,2023,3,24,1
dep-220578,2023,4,26,1
dep-220578,2023,5,24,1
dep-220578,2023,6,24,1
dep-220578,2023,7,24,1
dep-220578,2023,8,24,1
dep-220578,2023,9,24,1
dep-220578,2023,10,25,1
dep-220578,2023,11,25,1
dep-220578,2023,12,25,1
dep-220578,2024,1,25,1
dep-220578,2024,2,25,1
dep-220578,2024,3,25,1
dep-220578,2024,4,25,3
dep-220578,2024,5,26,2
dep-220578,2024,6,25,2
dep-220578,2024,7,25,2
dep-220578,2024,8,25,2
dep-220578,2024,9,25,2
dep-220578,2024,10,24,2
dep-220578,2024,11,25,2
dep-220578,2024,12,25,2
dep-220578,2025,1,25,2
dep-220578,2025,2,25,2
dep-220578,2025,3,25,2
dep-220578,2025,4,25,3
dep-220578,2025,5,24,3
dep-220578,2025,6,26,2
dep-220578,2025,7,25,2
dep-220578,2025,8,25,3
dep-220578,2025,9,26,3
dep-220578,2025,10,25,3
dep-220578,2025,11,26,3
dep-220578,2025,12,26,4
dep-220578,2026,1,25,4
dep-220578,2026,2,25,4
dep-220578,2026,3,24,4
dep-220578,2026,4,24,4
dep-220578,2026,5,24,4
dep-220578,2026,6,24,4
dep-220578,2026,7,24,4
dep-220578,2026,8,24,4
dep-220578,2026,9,24,4
dep-220578,2026,10,24,4
dep-220579,2023,2,10,0
dep-220579,2023,3,15,0
dep-220579,2023,4,15,0
dep-220579,2023,5,16,0
dep-220579,2023,6,16,0
dep-220579,2023,7,16,0
dep-220579,2023,8,16,0
dep-220579,2023,9,16,0
dep-220579,2023,10,17,0
dep-220579,2023,11,19,0
dep-220579,2023,12,17,0
dep-220579,2024,1,17,0
dep-220579,2024,2,17,2
dep-220579,2024,3,15,3
dep-220579,2024,4,15,3
dep-220579,2024,5,15,3
dep-220579,2024,6,15,3
dep-220579,2024,7,15,4
dep-220579,2024,8,14,3
dep-220579,2024,9,14,3
dep-220579,2024,10,13,3
dep-220579,2024,11,14,4
dep-220579,2024,12,14,3
dep-220579,2025,1,16,3
dep-220579,2025,2,14,3
dep-220579,2025,3,14,3
dep-220579,2025,4,15,4
dep-220579,2025,5,15,3
dep-220579,2025,6,15,3
dep-220579,2025,7,14,3
dep-220580,2023,2,12,1
dep-220580,2023,3,12,1
dep-220580,2023,4,13,1
dep-220580,2023,5,17,1
dep-220580,2023,6,15,1
dep-220580,2023,7,16,1
dep-220580,2023,8,17,1
dep-220580,2023,9,16,1
dep-220580,2023,10,17,1
dep-220580,2023,11,17,1
dep-220580,2023,12,17,1
dep-220580,2024,1,17,2
dep-220580,2024,2,19,2
dep-220580,2024,3,18,2
dep-220580,2024,4,19,2
dep-220580,2024,5,19,2
dep-220580,2024,6,19,2
dep-220580,2024,7,18,2
dep-220580,2024,8,18,2
dep-220580,2024,9,19,2
dep-220580,2024,10,18,2
dep-220580,2024,11,21,2
dep-220580,2024,12,21,2
dep-220580,2025,1,21,2
dep-220580,2025,2,20,2
dep-220580,2025,3,24,2
dep-220580,2025,4,25,2
dep-220580,2025,5,25,2
dep-220580,2025,6,25,1
dep-220580,2025,7,25,1
dep-220581,2023,2,9,0
dep-220581,2023,3,11,2
dep-220581,2023,4,10,2
dep-220581,2023,5,9,3
dep-220581,2023,6,9,4
dep-220581,2023,7,9,4
dep-220581,2023,8,9,3
dep-220581,2023,9,9,3
dep-220581,2023,10,9,3
dep-220581,2023,11,9,3
dep-220581,2023,12,9,3
dep-220581,2024,1,9,3
dep-220581,2024,2,9,3
dep-220581,2024,3,9,3
dep-220581,2024,4,9,3
dep-220581,2024,5,9,3
dep-220581,2024,6,8,4
dep-220581,2024,7,8,4
dep-220581,2024,8,8,4
dep-220581,2024,9,8,4
dep-220581,2024,10,8,4
dep-220581,2024,11,8,4
dep-220581,2024,12,8,4
dep-220581,2025,1,8,4
dep-220581,2025,2,8,4
dep-220581,2025,3,8,3
dep-220581,2025,4,8,3
dep-220581,2025,5,8,3
dep-220581,2025,6,8,3
dep-220581,2025,7,8,3
dep-220581,2025,8,8,3
dep-220581,2025,9,8,3
dep-220581,2025,10,8,3
dep-220581,2025,11,8,3
dep-220581,2025,12,8,3
dep-220581,2026,1,8,3
dep-220581,2026,2,8,3
dep-220581,2026,3,9,3
dep-220581,2026,4,9,3
dep-220581,2026,5,9,3
dep-220581,2026,6,9,3
dep-220581,2026,7,9,3
dep-220581,2026,8,9,3
dep-220581,2026,9,9,3
dep-220581,2026,10,9,3
dep-220582,2023,2,11,0
dep-220582,2023,3,12,0
dep-220582,2023,4,13,1
dep-220582,2023,5,13,1
dep-220582,2023,6,13,1
dep-220582,2023,7,13,1
dep-220582,2023,8,12,1
dep-220582,2023,9,12,1
dep-220582,2023,10,12,1
dep-220582,2023,11,13,1
dep-220582,2023,12,13,1
dep-220582,2024,1,14,1
dep-220582,2024,2,14,1
dep-220582,2024,3,14,1
dep-220582,2024,4,15,1
dep-220582,2024,5,15,1
dep-220582,2024,6,15,1
dep-220582,2024,7,15,1
dep-220582,2024,8,15,1
dep-220582,2024,9,13,1
dep-220582,2024,10,12,1
dep-220582,2024,11,11,1
dep-220582,2024,12,13,1
dep-220582,2025,1,13,1
dep-220582,2025,2,13,1
dep-220582,2025,3,13,1
dep-220582,2025,4,13,1
dep-220582,2025,5,13,1
dep-220582,2025,6,13,1
dep-220582,2025,7,14,1
dep-220582,2025,8,14,1
dep-220582,2025,9,14,1
dep-220582,2025,10,15,1
dep-220582,2025,11,16,0
dep-220582,2025,12,15,1
dep-220582,2026,1,15,1
dep-220582,2026,2,14,1
dep-220582,2026,3,10,1
dep-220582,2026,4,11,1
dep-220582,2026,5,11,1
dep-220582,2026,6,12,1
dep-220582,2026,7,13,1
dep-220582,2026,8,15,1
dep-220582,2026,9,15,1
dep-220582,2026,10,15,1
dep-220583,2023,2,15,0
dep-220583,2023,3,15,0
dep-220583,2023,4,16,1
dep-220583,2023,5,17,1
dep-220583,2023,6,18,1
dep-220583,2023,7,18,1
dep-220583,2023,8,20,1
dep-220583,2023,9,17,1
dep-220583,2023,10,17,1
dep-220583,2023,11,17,1
dep-220583,2023,12,17,1
dep-220583,2024,1,17,1
dep-220583,2024,2,16,1
dep-220583,2024,3,16,1
dep-220583,2024,4,17,1
dep-220583,2024,5,17,1
dep-220583,2024,6,19,1
dep-220583,2024,7,18,1
dep-220583,2024,8,18,1
dep-220583,2024,9,18,1
dep-220583,2024,10,18,1
dep-220583,2024,11,19,1
dep-220583,2024,12,18,1
dep-220583,2025,1,20,1
dep-220583,2025,2,18,1
dep-220583,2025,3,18,1
dep-220583,2025,4,19,1
dep-220583,2025,5,20,1
dep-220583,2025,6,19,1
dep-220583,2025,7,19,1
dep-220583,2025,8,19,1
dep-220583,2025,9,20,1
dep-220583,2025,10,20,1
dep-220583,2025,11,20,1
dep-220583,2025,12,20,1
dep-220583,2026,1,20,1
dep-220583,2026,2,20,1
dep-220583,2026,3,19,1
dep-220583,2026,4,20,1
dep-220583,2026,5,20,1
dep-220583,2026,6,22,1
dep-220583,2026,7,22,1
dep-220583,2026,8,22,1
dep-220583,2026,9,22,1
dep-220583,2026,10,22,1
dep-220584,2023,2,18,0
dep-220584,2023,3,23,1
dep-220584,2023,4,26,1
dep-220584,2023,5,25,1
dep-220584,2023,6,25,1
dep-220584,2023,7,25,1
dep-220584,2023,8,25,1
dep-220584,2023,9,25,1
dep-220584,2023,10,25,1
dep-220584,2023,11,25,1
dep-220584,2023,12,25,1
dep-220584,2024,1,25,1
dep-220584,2024,2,25,1
dep-220584,2024,3,25,1
dep-220584,2024,4,25,1
dep-220584,2024,5,26,1
dep-220584,2024,6,25,1
dep-220584,2024,7,25,1
dep-220584,2024,8,25,1
dep-220584,2024,9,25,1
dep-220584,2024,10,25,1
dep-220584,2024,11,25,1
dep-220584,2024,12,25,1
dep-220584,2025,1,25,1
dep-220584,2025,2,25,1
dep-220584,2025,3,25,1
dep-220584,2025,4,25,2
dep-220584,2025,5,25,2
dep-220584,2025,6,25,2
dep-220584,2025,7,25,2
dep-220584,2025,8,25,2
dep-220584,2025,9,24,2
dep-220584,2025,10,25,2
dep-220584,2025,11,25,2
dep-220584,2025,12,25,2
dep-220584,2026,1,25,2
dep-220584,2026,2,25,2
dep-220584,2026,3,22,2
dep-220584,2026,4,22,2
dep-220584,2026,5,22,2
dep-220584,2026,6,22,0
dep-220584,2026,7,22,0
dep-220584,2026,8,24,0
dep-220584,2026,9,25,1
dep-220584,2026,10,25,1
dep-220585,2023,2,13,0
dep-220585,2023,3,13,1
dep-220585,2023,4,13,1
dep-220585,2023,5,13,1
dep-220585,2023,6,13,1
dep-220585,2023,7,13,1
dep-220585,2023,8,14,2
dep-220585,2023,9,13,1
dep-220585,2023,10,13,1
dep-220585,2023,11,13,1
dep-220585,2023,12,13,1
dep-220585,2024,1,13,1
dep-220585,2024,2,13,1
dep-220585,2024,3,14,1
dep-220585,2024,4,14,1
dep-220585,2024,5,14,1
dep-220585,2024,6,14,1
dep-220585,2024,7,14,1
dep-220585,2024,8,14,0
dep-220585,2024,9,14,0
dep-220585,2024,10,14,1
dep-220585,2024,11,15,2
dep-220585,2024,12,15,2
dep-220585,2025,1,15,2
dep-220585,2025,2,15,2
dep-220585,2025,3,15,1
dep-220585,2025,4,14,1
dep-220585,2025,5,14,1
dep-220585,2025,6,14,1
dep-220585,2025,7,14,1
dep-220585,2025,8,14,1
dep-220585,2025,9,13,1
dep-220585,2025,10,13,1
dep-220585,2025,11,13,1
dep-220585,2025,12,13,1
dep-220585,2026,1,13,1
dep-220585,2026,2,14,1
dep-220585,2026,3,11,1
dep-220585,2026,4,11,1
dep-220585,2026,5,11,1
dep-220585,2026,6,11,1
dep-220585,2026,7,13,1
dep-220585,2026,8,14,1
dep-220585,2026,9,14,1
dep-220585,2026,10,14,1
dep-220586,2023,2,10,0
dep-220586,2023,3,16,3
dep-220586,2023,4,13,3
dep-220586,2023,5,16,3
dep-220586,2023,6,17,3
dep-220586,2023,7,17,3
dep-220586,2023,8,18,3
dep-220586,2023,9,19,3
dep-220586,2023,10,18,3
dep-220586,2023,11,18,3
dep-220586,2023,12,17,3
dep-220586,2024,1,16,3
dep-220586,2024,2,18,3
dep-220586,2024,3,18,3
dep-220586,2024,4,18,3
dep-220586,2024,5,18,3
dep-220586,2024,6,19,3
dep-220586,2024,7,20,3
dep-220586,2024,8,19,3
dep-220586,2024,9,18,3
dep-220586,2024,10,18,3
dep-220586,2024,11,19,3
dep-220586,2024,12,19,3
dep-220586,2025,1,19,3
dep-220586,2025,2,19,3
dep-220586,2025,3,20,3
dep-220586,2025,4,20,3
dep-220586,2025,5,20,3
dep-220586,2025,6,21,3
dep-220586,2025,7,20,3
dep-220586,2025,8,19,3
dep-220586,2025,9,20,3
dep-220586,2025,10,19,3
dep-220586,2025,11,19,3
dep-220586,2025,12,19,3
dep-220586,2026,1,18,3
dep-220586,2026,2,18,3
dep-220586,2026,3,15,2
dep-220586,2026,4,15,2
dep-220586,2026,5,16,2
dep-220586,2026,6,16,2
dep-220586,2026,7,16,2
dep-220586,2026,8,16,2
dep-220586,2026,9,16,2
dep-220586,2026,10,16,2
dep-220587,2023,2,11,0
dep-220587,2023,3,12,1
dep-220587,2023,4,12,1
dep-220587,2023,5,12,1
dep-220587,2023,6,12,1
dep-220587,2023,7,13,1
dep-220587,2023,8,13,1
dep-220587,2023,9,15,1
dep-220587,2023,10,14,1
dep-220587,2023,11,15,1
dep-220587,2023,12,15,1
dep-220587,2024,1,16,1
dep-220587,2024,2,13,1
dep-220587,2024,3,13,1
dep-220587,2024,4,13,1
dep-220587,2024,5,13,1
dep-220587,2024,6,14,1
dep-220587,2024,7,15,1
dep-220587,2024,8,13,1
dep-220587,2024,9,13,1
dep-220587,2024,10,13,1
dep-220587,2024,11,13,1
dep-220587,2024,12,13,1
dep-220588,2023,2,19,0
dep-220588,2023,3,21,2
dep-220588,2023,4,20,2
dep-220588,2023,5,22,2
dep-220588,2023,6,22,2
dep-220588,2023,7,23,2
dep-220588,2023,8,23,2
dep-220588,2023,9,23,2
dep-220588,2023,10,23,2
dep-220588,2023,11,23,2
dep-220588,2023,12,23,2
dep-220588,2024,1,23,2
dep-220588,2024,2,23,2
dep-220588,2024,3,23,2
dep-220588,2024,4,23,2
dep-220588,2024,5,24,2
dep-220588,2024,6,24,2
dep-220588,2024,7,23,2
dep-220588,2024,8,23,2
dep-220588,2024,9,22,1
dep-220588,2024,10,22,1
dep-220588,2024,11,21,1
dep-220588,2024,12,22,1
dep-220588,2025,1,20,2
dep-220588,2025,2,21,2
dep-220588,2025,3,21,2
dep-220588,2025,4,22,2
dep-220588,2025,5,24,2
dep-220588,2025,6,24,2
dep-220588,2025,7,24,1
dep-220588,2025,8,25,1
dep-220588,2025,9,25,1
dep-220588,2025,10,25,1
dep-220588,2025,11,26,2
dep-220588,2025,12,25,2
dep-220588,2026,1,25,2
dep-220588,2026,2,24,2
dep-220588,2026,3,18,2
dep-220588,2026,4,18,2
dep-220588,2026,5,21,2
dep-220588,2026,6,23,2
dep-220588,2026,7,23,2
dep-220588,2026,8,24,2
dep-220588,2026,9,24,2
dep-220588,2026,10,24,2
dep-220589,2023,2,14,0
dep-220589,2023,3,22,1
dep-220589,2023,4,23,2
dep-220589,2023,5,23,2
dep-220589,2023,6,23,2
dep-220589,2023,7,22,2
dep-220589,2023,8,23,2
dep-220589,2023,9,23,3
dep-220589,2023,10,25,4
dep-220589,2023,11,24,3
dep-220589,2023,12,24,3
dep-220589,2024,1,25,0
dep-220589,2024,2,24,0
dep-220589,2024,3,24,0
dep-220589,2024,4,26,3
dep-220589,2024,5,26,3
dep-220589,2024,6,26,3
dep-220589,2024,7,25,4
dep-220589,2024,8,24,3
dep-220589,2024,9,25,4
dep-220589,2024,10,26,3
dep-220589,2024,11,25,3
dep-220589,2024,12,25,3
dep-220589,2025,1,25,3
dep-220589,2025,2,25,3
dep-220589,2025,3,23,2
dep-220589,2025,4,24,2
dep-220589,2025,5,24,2
dep-220589,2025,6,25,2
dep-220589,2025,7,23,2
dep-220589,2025,8,25,2
dep-220589,2025,9,25,2
dep-220589,2025,10,26,2
dep-220589,2025,11,24,2
dep-220589,2025,12,24,2
dep-220589,2026,1,24,2
dep-220589,2026,2,24,2
dep-220589,2026,3,16,2
dep-220589,2026,4,16,0
dep-220589,2026,5,16,0
dep-220589,2026,6,19,0
dep-220589,2026,7,19,0
dep-220589,2026,8,24,0
dep-220589,2026,9,25,0
dep-220589,2026,10,25,0
dep-220590,2023,2,14,1
dep-220590,2023,3,22,1
dep-220590,2023,4,25,1
dep-220590,2023,5,23,1
dep-220590,2023,6,24,1
dep-220590,2023,7,24,1
dep-220590,2023,8,24,1
dep-220590,2023,9,25,1
dep-220590,2023,10,25,1
dep-220590,2023,11,26,1
dep-220590,2023,12,25,1
dep-220590,2024,1,25,1
dep-220590,2024,2,25,1
dep-220590,2024,3,26,1
dep-220590,2024,4,25,1
dep-220590,2024,5,25,1
dep-220590,2024,6,25,1
dep-220590,2024,7,25,1
dep-220590,2024,8,25,1
dep-220590,2024,9,25,1
dep-220590,2024,10,25,1
dep-220590,2024,11,24,1
dep-220590,2024,12,26,2
dep-220590,2025,1,25,2
dep-220590,2025,2,23,2
dep-220590,2025,3,24,2
dep-220590,2025,4,23,2
dep-220590,2025,5,25,2
dep-220590,2025,6,25,2
dep-220590,2025,7,25,2
dep-220590,2025,8,25,2
dep-220590,2025,9,26,2
dep-220590,2025,10,25,2
dep-220590,2025,11,25,2
dep-220590,2025,12,24,1
dep-220590,2026,1,12,2
dep-220590,2026,2,21,3
dep-220590,2026,3,18,3
dep-220590,2026,4,19,3
dep-220590,2026,5,20,3
dep-220590,2026,6,20,3
dep-220590,2026,7,20,3
dep-220590,2026,8,24,3
dep-220590,2026,9,24,3
dep-220590,2026,10,25,3
dep-220591,2023,2,11,0
dep-220591,2023,3,17,0
dep-220591,2023,4,19,2
dep-220591,2023,5,18,2
dep-220591,2023,6,18,2
dep-220591,2023,7,18,2
dep-220591,2023,8,18,2
dep-220591,2023,9,18,2
dep-220591,2023,10,18,2
dep-220591,2023,11,18,2
dep-220591,2023,12,17,2
dep-220591,2024,1,17,2
dep-220591,2024,2,17,2
dep-220591,2024,3,17,2
dep-220591,2024,4,17,2
dep-220591,2024,5,17,2
dep-220591,2024,6,17,2
dep-220591,2024,7,17,2
dep-220591,2024,8,17,2
dep-220591,2024,9,17,2
dep-220591,2024,10,16,2
dep-220591,2024,11,16,2
dep-220591,2024,12,17,2
dep-220591,2025,1,18,2
dep-220591,2025,2,16,2
dep-220591,2025,3,17,2
dep-220591,2025,4,17,2
dep-220591,2025,5,16,2
dep-220591,2025,6,15,2
dep-220591,2025,7,16,2
dep-220591,2025,8,16,2
dep-220591,2025,9,17,2
dep-220591,2025,10,18,2
dep-220591,2025,11,17,2
dep-220591,2025,12,17,2
dep-220591,2026,1,17,2
dep-220591,2026,2,14,2
dep-220591,2026,3,14,2
dep-220591,2026,4,15,2
dep-220591,2026,5,15,2
dep-220591,2026,6,15,2
dep-220591,2026,7,16,2
dep-220591,2026,8,16,2
dep-220591,2026,9,16,2
dep-220591,2026,10,16,2
dep-220592,2023,2,14,0
dep-220592,2023,3,16,1
dep-220592,2023,4,16,2
dep-220592,2023,5,15,2
dep-220592,2023,6,15,2
dep-220592,2023,7,15,2
dep-220592,2023,8,15,3
dep-220592,2023,9,15,2
dep-220592,2023,10,15,3
dep-220592,2023,11,14,2
dep-220592,2023,12,14,2
dep-220592,2024,1,14,2
dep-220592,2024,2,14,2
dep-220592,2024,3,14,2
dep-220592,2024,4,14,2
dep-220592,2024,5,14,2
dep-220592,2024,6,14,2
dep-220592,2024,7,14,2
dep-220592,2024,8,14,2
dep-220592,2024,9,14,2
dep-220592,2024,10,15,2
dep-220592,2024,11,14,2
dep-220592,2024,12,14,2
dep-220592,2025,1,14,2
dep-220592,2025,2,14,2
dep-220592,2025,3,14,2
dep-220592,2025,4,14,2
dep-220592,2025,5,15,2
dep-220592,2025,6,15,2
dep-220592,2025,7,14,2
dep-220592,2025,8,14,2
dep-220592,2025,9,15,2
dep-220592,2025,10,15,3
dep-220592,2025,11,15,3
dep-220592,2025,12,16,3
dep-220592,2026,1,16,3
dep-220592,2026,2,16,3
dep-220592,2026,3,12,3
dep-220592,2026,4,12,3
dep-220592,2026,5,13,3
dep-220592,2026,6,13,3
dep-220592,2026,7,13,3
dep-220592,2026,8,13,3
dep-220592,2026,9,17,3
dep-220592,2026,10,19,3
dep-220593,2023,2,21,0
dep-220593,2023,3,21,0
dep-220593,2023,4,20,0
dep-220593,2023,5,21,0
dep-220593,2023,6,22,0
dep-220593,2023,7,23,1
dep-220593,2023,8,22,1
dep-220593,2023,9,22,1
dep-220593,2023,10,21,1
dep-220593,2023,11,22,1
dep-220593,2023,12,21,1
dep-220593,2024,1,21,1
dep-220593,2024,2,21,1
dep-220593,2024,3,21,1
dep-220593,2024,4,20,1
dep-220593,2024,5,22,1
dep-220593,2024,6,20,2
dep-220593,2024,7,19,1
dep-220593,2024,8,13,1
dep-220593,2024,9,12,1
dep-220593,2024,10,12,1
dep-220593,2024,11,17,1
dep-220593,2024,12,20,1
dep-220594,2023,2,11,0
dep-220594,2023,3,12,0
dep-220594,2023,4,14,0
dep-220594,2023,5,14,1
dep-220594,2023,6,16,1
dep-220594,2023,7,14,1
dep-220594,2023,8,15,1
dep-220594,2023,9,15,1
dep-220594,2023,10,15,1
dep-220594,2023,11,14,1
dep-220594,2023,12,14,1
dep-220594,2024,1,15,1
dep-220594,2024,2,17,1
dep-220594,2024,3,18,1
dep-220594,2024,4,23,1
dep-220594,2024,5,23,1
dep-220594,2024,6,23,1
dep-220594,2024,7,24,1
dep-220594,2024,8,24,1
dep-220594,2024,9,24,1
dep-220594,2024,10,24,1
dep-220594,2024,11,24,1
dep-220594,2024,12,24,1
dep-220594,2025,1,23,1
dep-220594,2025,2,23,1
dep-220594,2025,3,22,1
dep-220594,2025,4,21,1
dep-220594,2025,5,20,1
dep-220594,2025,6,22,1
dep-220594,2025,7,23,1
dep-220594,2025,8,22,1
dep-220594,2025,9,22,1
dep-220594,2025,10,22,1
dep-220594,2025,11,23,1
dep-220594,2025,12,22,1
dep-220594,2026,1,22,1
dep-220594,2026,2,22,1
dep-220594,2026,3,14,1
dep-220594,2026,4,16,1
dep-220594,2026,5,17,1
dep-220594,2026,6,17,1
dep-220594,2026,7,18,1
dep-220594,2026,8,19,1
dep-220594,2026,9,19,1
dep-220594,2026,10,19,1
dep-220595,2023,2,19,0
dep-220595,2023,3,20,1
dep-220595,2023,4,20,1
dep-220595,2023,5,22,1
dep-220595,2023,6,23,1
dep-220595,2023,7,24,1
dep-220595,2023,8,24,1
dep-220595,2023,9,23,1
dep-220595,2023,10,24,1
dep-220595,2023,11,24,1
dep-220595,2023,12,25,1
dep-220595,2024,1,26,1
dep-220595,2024,2,25,1
dep-220595,2024,3,24,1
dep-220595,2024,4,24,1
dep-220595,2024,5,24,1
dep-220595,2024,6,24,1
dep-220595,2024,7,25,1
dep-220595,2024,8,25,1
dep-220595,2024,9,25,1
dep-220595,2024,10,24,1
dep-220595,2024,11,25,1
dep-220595,2024,12,25,1
dep-220595,2025,1,21,1
dep-220595,2025,2,21,1
dep-220595,2025,3,22,1
dep-220595,2025,4,23,2
dep-220595,2025,5,24,2
dep-220595,2025,6,23,2
dep-220595,2025,7,24,2
dep-220595,2025,8,25,2
dep-220595,2025,9,25,2
dep-220595,2025,10,24,2
dep-220595,2025,11,25,2
dep-220595,2025,12,24,2
dep-220595,2026,1,13,2
dep-220595,2026,2,19,2
dep-220595,2026,3,21,2
dep-220595,2026,4,23,2
dep-220595,2026,5,23,2
dep-220595,2026,6,23,2
dep-220595,2026,7,24,2
dep-220595,2026,8,25,2
dep-220595,2026,9,25,2
dep-220595,2026,10,25,2
dep-220596,2023,2,13,0
dep-220596,2023,3,14,0
dep-220596,2023,4,15,0
dep-220596,2023,5,18,0
dep-220596,2023,6,19,0
dep-220596,2023,7,18,0
dep-220596,2023,8,19,0
dep-220596,2023,9,20,0
dep-220596,2023,10,19,0
dep-220596,2023,11,19,0
dep-220596,2023,12,20,0
dep-220596,2024,1,20,0
dep-220596,2024,2,20,0
dep-220596,2024,3,21,0
dep-220596,2024,4,21,0
dep-220596,2024,5,21,0
dep-220597,2023,2,15,0
dep-220597,2023,3,20,1
dep-220597,2023,4,21,1
dep-220597,2023,5,19,1
dep-220597,2023,6,20,1
dep-220597,2023,7,21,1
dep-220597,2023,8,22,1
dep-220597,2023,9,22,1
dep-220597,2023,10,23,1
dep-220597,2023,11,23,1
dep-220597,2023,12,23,1
dep-220597,2024,1,23,1
dep-220597,2024,2,23,1
dep-220597,2024,3,23,1
dep-220597,2024,4,23,1
dep-220597,2024,5,23,1
dep-220597,2024,6,24,1
dep-220597,2024,7,26,1
dep-220597,2024,8,23,1
dep-220597,2024,9,23,1
dep-220597,2024,10,25,1
dep-220597,2024,11,24,1
dep-220597,2024,12,24,1
dep-220597,2025,1,25,1
dep-220597,2025,2,25,1
dep-220597,2025,3,24,1
dep-220597,2025,4,22,1
dep-220597,2025,5,22,1
dep-220597,2025,6,24,1
dep-220597,2025,7,25,1
dep-220597,2025,8,25,1
dep-220597,2025,9,25,1
dep-220597,2025,10,26,1
dep-220597,2025,11,25,1
dep-220597,2025,12,25,1
dep-220597,2026,1,25,1
dep-220597,2026,2,26,1
dep-220597,2026,3,23,1
dep-220597,2026,4,24,1
dep-220597,2026,5,24,1
dep-220597,2026,6,24,1
dep-220597,2026,7,24,1
dep-220597,2026,8,24,1
dep-220597,2026,9,24,1
dep-220597,2026,10,24,1
dep-220598,2023,2,15,0
dep-220598,2023,3,16,0
dep-220598,2023,4,16,0
dep-220598,2023,5,16,0
dep-220598,2023,6,15,0
dep-220598,2023,7,15,0
dep-220598,2023,8,15,0
dep-220598,2023,9,15,0
dep-220598,2023,10,15,0
dep-220598,2023,11,15,0
dep-220598,2023,12,15,0
dep-220598,2024,1,15,0
dep-220598,2024,2,15,0
dep-220598,2024,3,15,0
dep-220598,2024,4,14,0
dep-220598,2024,5,14,0
dep-220598,2024,6,14,0
dep-220598,2024,7,14,0
dep-220598,2024,8,12,0
dep-220598,2024,9,12,0
dep-220598,2024,10,12,0
dep-220598,2024,11,14,0
dep-220598,2024,12,14,0
dep-220598,2025,1,14,0
dep-220598,2025,2,16,0
dep-220598,2025,3,16,0
dep-220598,2025,4,15,0
dep-220598,2025,5,15,0
dep-220598,2025,6,15,0
dep-220598,2025,7,15,0
dep-220598,2025,8,15,0
dep-220598,2025,9,15,0
dep-220598,2025,10,16,0
dep-220598,2025,11,16,0
dep-220598,2025,12,16,0
dep-220598,2026,1,15,0
dep-220598,2026,2,16,0
dep-220598,2026,3,10,0
dep-220598,2026,4,13,0
dep-220598,2026,5,14,0
dep-220598,2026,6,16,0
dep-220598,2026,7,17,0
dep-220598,2026,8,17,0
dep-220598,2026,9,17,0
dep-220598,2026,10,17,0
dep-220599,2023,2,9,0
dep-220599,2023,3,14,1
dep-220599,2023,4,15,1
dep-220599,2023,5,15,1
dep-220599,2023,6,16,1
dep-220599,2023,7,16,1
dep-220599,2023,8,16,1
dep-220599,2023,9,16,1
dep-220599,2023,10,16,1
dep-220599,2023,11,16,1
dep-220599,2023,12,16,1
dep-220599,2024,1,16,1
dep-220599,2024,2,16,1
dep-220599,2024,3,16,1
dep-220599,2024,4,16,1
dep-220599,2024,5,15,1
dep-220599,2024,6,15,1
dep-220599,2024,7,15,1
dep-220599,2024,8,15,1
dep-220599,2024,9,15,1
dep-220599,2024,10,15,1
dep-220599,2024,11,15,1
dep-220599,2024,12,15,1
dep-220599,2025,1,15,1
dep-220599,2025,2,15,1
dep-220599,2025,3,15,1
dep-220599,2025,4,16,1
dep-220599,2025,5,16,1
dep-220599,2025,6,16,1
dep-220599,2025,7,16,1
dep-220599,2025,8,16,1
dep-220599,2025,9,16,1
dep-220599,2025,10,16,1
dep-220599,2025,11,16,1
dep-220599,2025,12,17,1
dep-220599,2026,1,16,1
dep-220599,2026,2,16,1
dep-220599,2026,3,13,1
dep-220599,2026,4,15,1
dep-220599,2026,5,17,1
dep-220599,2026,6,19,1
dep-220599,2026,7,22,1
dep-220599,2026,8,22,1
dep-220599,2026,9,22,1
dep-220599,2026,10,22,1
dep-220600,2023,2,8,0
dep-220600,2023,3,10,0
dep-220600,2023,4,14,0
dep-220600,2023,5,19,2
dep-220600,2023,6,17,2
dep-220600,2023,7,17,2
dep-220600,2023,8,19,2
dep-220600,2023,9,20,2
dep-220600,2023,10,21,2
dep-220600,2023,11,21,2
dep-220600,2023,12,21,2
dep-220600,2024,1,21,2
dep-220600,2024,2,21,2
dep-220600,2024,3,21,2
dep-220600,2024,4,21,2
dep-220600,2024,5,21,2
dep-220600,2024,6,21,2
dep-220600,2024,7,21,2
dep-220600,2024,8,21,2
dep-220600,2024,9,21,2
dep-220600,2024,10,21,2
dep-220600,2024,11,19,2
dep-220600,2024,12,18,2
dep-220600,2025,1,19,2
dep-220600,2025,2,20,2
dep-220600,2025,3,22,2
dep-220600,2025,4,21,2
dep-220600,2025,5,21,2
dep-220600,2025,6,20,2
dep-220600,2025,7,20,2
dep-220600,2025,8,0,1
dep-220601,2023,2,11,0
dep-220601,2023,3,11,0
dep-220601,2023,4,12,0
dep-220601,2023,5,14,0
dep-220601,2023,6,14,0
dep-220601,2023,7,15,0
dep-220601,2023,8,15,0
dep-220601,2023,9,16,0
dep-220601,2023,10,16,0
dep-220601,2023,11,16,0
dep-220601,2023,12,16,0
dep-220601,2024,1,16,0
dep-220601,2024,2,14,0
dep-220601,2024,3,14,0
dep-220601,2024,4,14,0
dep-220601,2024,5,14,0
dep-220601,2024,6,14,0
dep-220601,2024,7,13,0
dep-220601,2024,8,13,0
dep-220601,2024,9,14,0
dep-220601,2024,10,13,0
dep-220601,2024,11,14,0
dep-220601,2024,12,14,0
dep-220602,2023,2,21,0
dep-220602,2023,3,20,0
dep-220602,2023,4,24,0
dep-220602,2023,5,23,0
dep-220602,2023,6,24,0
dep-220602,2023,7,27,0
dep-220602,2023,8,26,0
dep-220602,2023,9,25,0
dep-220602,2023,10,24,1
dep-220602,2023,11,23,1
dep-220602,2023,12,24,1
dep-220602,2024,1,24,1
dep-220602,2024,2,23,1
dep-220602,2024,3,22,1
dep-220602,2024,4,21,1
dep-220602,2024,5,20,1
dep-220602,2024,6,22,1
dep-220602,2024,7,23,1
dep-220602,2024,8,23,1
dep-220602,2024,9,23,1
dep-220602,2024,10,22,1
dep-220602,2024,11,26,1
dep-220602,2024,12,22,1
dep-220602,2025,1,21,1
dep-220602,2025,2,23,1
dep-220602,2025,3,23,1
dep-220602,2025,4,24,1
dep-220602,2025,5,25,1
dep-220602,2025,6,25,1
dep-220602,2025,7,25,1
dep-220602,2025,8,25,1
dep-220602,2025,9,25,1
dep-220602,2025,10,22,1
dep-220602,2025,11,21,1
dep-220602,2025,12,21,1
dep-220602,2026,1,21,1
dep-220602,2026,2,21,1
dep-220602,2026,3,17,1
dep-220602,2026,4,17,1
dep-220602,2026,5,17,1
dep-220602,2026,6,19,1
dep-220602,2026,7,21,2
dep-220602,2026,8,22,2
dep-220602,2026,9,24,2
dep-220602,2026,10,24,2
dep-220603,2023,2,21,1
dep-220603,2023,3,21,1
dep-220603,2023,4,22,1
dep-220603,2023,5,21,1
dep-220603,2023,6,21,1
dep-220603,2023,7,21,1
dep-220603,2023,8,20,1
dep-220603,2023,9,19,1
dep-220603,2023,10,19,1
dep-220603,2023,11,21,1
dep-220603,2023,12,21,1
dep-220603,2024,1,21,1
dep-220603,2024,2,21,1
dep-220603,2024,3,21,1
dep-220603,2024,4,21,1
dep-220603,2024,5,20,1
dep-220603,2024,6,19,1
dep-220603,2024,7,19,1
dep-220603,2024,8,22,1
dep-220603,2024,9,20,1
dep-220603,2024,10,20,1
dep-220603,2024,11,20,1
dep-220603,2024,12,20,1
dep-220603,2025,1,20,1
dep-220603,2025,2,20,1
dep-220603,2025,3,21,1
dep-220603,2025,4,21,1
dep-220603,2025,5,21,1
dep-220603,2025,6,21,1
dep-220603,2025,7,21,1
dep-220603,2025,8,21,1
dep-220603,2025,9,21,1
dep-220603,2025,10,21,1
dep-220603,2025,11,21,1
dep-220603,2025,12,21,1
dep-220603,2026,1,21,1
dep-220603,2026,2,21,1
dep-220603,2026,3,16,1
dep-220603,2026,4,16,1
dep-220603,2026,5,17,1
dep-220603,2026,6,18,1
dep-220603,2026,7,21,1
dep-220603,2026,8,21,1
dep-220603,2026,9,21,1
dep-220603,2026,10,21,1
dep-220604,2023,2,5,0
dep-220604,2023,3,10,1
dep-220604,2023,4,10,1
dep-220604,2023,5,10,1
dep-220604,2023,6,11,1
dep-220604,2023,7,11,1
dep-220604,2023,8,11,1
dep-220604,2023,9,11,1
dep-220604,2023,10,12,2
dep-220604,2023,11,14,1
dep-220604,2023,12,14,1
dep-220604,2024,1,14,1
dep-220604,2024,2,14,1
dep-220604,2024,3,15,1
dep-220604,2024,4,15,1
dep-220604,2024,5,15,1
dep-220604,2024,6,16,1
dep-220604,2024,7,15,1
dep-220604,2024,8,15,1
dep-220604,2024,9,15,1
dep-220604,2024,10,15,1
dep-220604,2024,11,15,1
dep-220604,2024,12,16,1
dep-220604,2025,1,13,1
dep-220604,2025,2,14,1
dep-220604,2025,3,14,1
dep-220604,2025,4,14,1
dep-220604,2025,5,14,1
dep-220604,2025,6,14,2
dep-220604,2025,7,15,2
dep-220604,2025,8,13,2
dep-220604,2025,9,13,2
dep-220604,2025,10,13,2
dep-220604,2025,11,13,2
dep-220604,2025,12,13,2
dep-220604,2026,1,12,2
dep-220604,2026,2,14,2
dep-220604,2026,3,13,2
dep-220604,2026,4,15,2
dep-220604,2026,5,16,2
dep-220604,2026,6,21,2
dep-220604,2026,7,21,2
dep-220604,2026,8,22,2
dep-220604,2026,9,22,2
dep-220604,2026,10,22,2
dep-220605,2023,2,8,0
dep-220605,2023,3,12,0
dep-220605,2023,4,12,1
dep-220605,2023,5,14,1
dep-220605,2023,6,14,1
dep-220605,2023,7,14,1
dep-220605,2023,8,15,1
dep-220605,2023,9,16,1
dep-220605,2023,10,16,1
dep-220605,2023,11,16,1
dep-220605,2023,12,16,1
dep-220605,2024,1,16,1
dep-220605,2024,2,16,1
dep-220605,2024,3,16,1
dep-220605,2024,4,16,1
dep-220605,2024,5,16,1
dep-220605,2024,6,16,1
dep-220605,2024,7,16,1
dep-220605,2024,8,16,1
dep-220605,2024,9,16,1
dep-220605,2024,10,15,1
dep-220605,2024,11,15,1
dep-220605,2024,12,14,1
dep-220605,2025,1,14,1
dep-220605,2025,2,14,1
dep-220605,2025,3,16,1
dep-220605,2025,4,17,1
dep-220605,2025,5,17,1
dep-220605,2025,6,17,1
dep-220605,2025,7,17,2
dep-220605,2025,8,17,2
dep-220605,2025,9,17,2
dep-220605,2025,10,17,2
dep-220605,2025,11,17,2
dep-220605,2025,12,17,2
dep-220605,2026,1,17,2
dep-220605,2026,2,16,2
dep-220605,2026,3,8,2
dep-220605,2026,4,9,2
dep-220605,2026,5,9,2
dep-220605,2026,6,9,2
dep-220605,2026,7,16,2
dep-220605,2026,8,19,2
dep-220605,2026,9,19,2
dep-220605,2026,10,19,2
dep-220606,2023,2,12,0
dep-220606,2023,3,16,0
dep-220606,2023,4,16,0
dep-220606,2023,5,16,0
dep-220606,2023,6,16,1
dep-220606,2023,7,17,1
dep-220606,2023,8,18,1
dep-220606,2023,9,18,1
dep-220606,2023,10,18,1
dep-220606,2023,11,18,1
dep-220606,2023,12,19,1
dep-220606,2024,1,19,1
dep-220606,2024,2,19,2
dep-220606,2024,3,19,2
dep-220606,2024,4,20,2
dep-220606,2024,5,20,2
dep-220606,2024,6,20,2
dep-220606,2024,7,22,1
dep-220606,2024,8,20,1
dep-220606,2024,9,20,1
dep-220606,2024,10,20,1
dep-220606,2024,11,20,2
dep-220606,2024,12,20,2
dep-220606,2025,1,20,2
dep-220606,2025,2,21,2
dep-220606,2025,3,20,2
dep-220606,2025,4,20,2
dep-220606,2025,5,20,2
dep-220606,2025,6,20,2
dep-220606,2025,7,20,2
dep-220606,2025,8,21,2
dep-220606,2025,9,21,2
dep-220606,2025,10,20,2
dep-220606,2025,11,20,2
dep-220606,2025,12,20,2
dep-220606,2026,1,20,2
dep-220606,2026,2,20,2
dep-220606,2026,3,21,2
dep-220606,2026,4,23,1
dep-220606,2026,5,25,2
dep-220606,2026,6,25,2
dep-220606,2026,7,25,2
dep-220606,2026,8,25,2
dep-220606,2026,9,25,2
dep-220606,2026,10,25,2
dep-220607,2023,2,9,0
dep-220607,2023,3,21,0
dep-220607,2023,4,22,0
dep-220607,2023,5,23,1
dep-220607,2023,6,25,1
dep-220607,2023,7,25,1
dep-220607,2023,8,25,1
dep-220607,2023,9,25,1
dep-220607,2023,10,25,1
dep-220607,2023,11,26,1
dep-220607,2023,12,25,1
dep-220607,2024,1,25,1
dep-220607,2024,2,25,1
dep-220607,2024,3,25,1
dep-220607,2024,4,26,1
dep-220607,2024,5,25,1
dep-220607,2024,6,25,1
dep-220607,2024,7,24,1
dep-220607,2024,8,25,1
dep-220607,2024,9,25,1
dep-220607,2024,10,25,1
dep-220607,2024,11,25,1
dep-220607,2024,12,25,1
dep-220607,2025,1,26,1
dep-220607,2025,2,23,1
dep-220607,2025,3,24,1
dep-220607,2025,4,24,1
dep-220607,2025,5,24,1
dep-220607,2025,6,25,1
dep-220607,2025,7,26,1
dep-220607,2025,8,25,1
dep-220607,2025,9,25,1
dep-220607,2025,10,26,1
dep-220607,2025,11,25,1
dep-220607,2025,12,25,1
dep-220607,2026,1,25,1
dep-220607,2026,2,24,3
dep-220607,2026,3,21,3
dep-220607,2026,4,21,3
dep-220607,2026,5,24,3
dep-220607,2026,6,24,4
dep-220607,2026,7,24,4
dep-220607,2026,8,24,4
dep-220607,2026,9,25,4
dep-220607,2026,10,25,4
dep-220608,2023,2,19,0
dep-220608,2023,3,18,1
dep-220608,2023,4,18,2
dep-220608,2023,5,19,2
dep-220608,2023,6,19,2
dep-220608,2023,7,19,2
dep-220608,2023,8,21,2
dep-220608,2023,9,21,2
dep-220608,2023,10,21,2
dep-220608,2023,11,21,2
dep-220608,2023,12,21,2
dep-220608,2024,1,21,2
dep-220608,2024,2,20,2
dep-220608,2024,3,20,2
dep-220608,2024,4,20,2
dep-220608,2024,5,20,2
dep-220608,2024,6,19,2
dep-220608,2024,7,22,2
dep-220608,2024,8,19,2
dep-220608,2024,9,19,2
dep-220608,2024,10,19,2
dep-220608,2024,11,21,2
dep-220608,2024,12,19,2
dep-220608,2025,1,19,2
dep-220608,2025,2,19,2
dep-220608,2025,3,20,2
dep-220608,2025,4,20,2
dep-220608,2025,5,20,2
dep-220608,2025,6,19,2
dep-220608,2025,7,22,2
dep-220608,2025,8,22,2
dep-220608,2025,9,22,2
dep-220608,2025,10,22,2
dep-220608,2025,11,22,2
dep-220608,2025,12,22,2
dep-220608,2026,1,22,2
dep-220608,2026,2,22,2
dep-220608,2026,3,14,2
dep-220608,2026,4,14,2
dep-220608,2026,5,14,2
dep-220608,2026,6,14,2
dep-220608,2026,7,15,2
dep-220608,2026,8,21,2
dep-220608,2026,9,22,2
dep-220608,2026,10,22,2
dep-220609,2023,2,13,0
dep-220609,2023,3,13,1
dep-220609,2023,4,13,2
dep-220609,2023,5,15,3
dep-220609,2023,6,14,3
dep-220609,2023,7,14,3
dep-220609,2023,8,14,4
dep-220609,2023,9,14,4
dep-220609,2023,10,14,4
dep-220609,2023,11,14,4
dep-220609,2023,12,14,3
dep-220609,2024,1,13,3
dep-220609,2024,2,13,3
dep-220609,2024,3,13,3
dep-220609,2024,4,14,3
dep-220609,2024,5,13,3
dep-220609,2024,6,13,3
dep-220609,2024,7,14,3
dep-220609,2024,8,11,3
dep-220609,2024,9,11,3
dep-220609,2024,10,11,3
dep-220609,2024,11,11,3
dep-220609,2024,12,11,3
dep-220609,2025,1,11,3
dep-220609,2025,2,15,3
dep-220609,2025,3,14,4
dep-220609,2025,4,14,3
dep-220609,2025,5,15,3
dep-220609,2025,6,16,3
dep-220609,2025,7,15,3
dep-220609,2025,8,15,3
dep-220609,2025,9,15,3
dep-220609,2025,10,15,3
dep-220609,2025,11,15,3
dep-220609,2025,12,15,3
dep-220609,2026,1,14,3
dep-220609,2026,2,14,3
dep-220609,2026,3,11,3
dep-220609,2026,4,13,3
dep-220609,2026,5,13,3
dep-220609,2026,6,14,2
dep-220609,2026,7,16,2
dep-220609,2026,8,16,2
dep-220609,2026,9,18,2
dep-220609,2026,10,18,2
dep-220610,2023,2,13,0
dep-220610,2023,3,16,0
dep-220610,2023,4,18,0
dep-220610,2023,5,20,1
dep-220610,2023,6,19,1
dep-220610,2023,7,19,1
dep-220610,2023,8,19,1
dep-220610,2023,9,21,1
dep-220610,2023,10,23,2
dep-220610,2023,11,22,2
dep-220610,2023,12,21,2
dep-220610,2024,1,21,2
dep-220610,2024,2,21,2
dep-220610,2024,3,22,2
dep-220610,2024,4,24,2
dep-220610,2024,5,24,2
dep-220610,2024,6,21,3
dep-220610,2024,7,22,2
dep-220610,2024,8,22,2
dep-220610,2024,9,22,2
dep-220610,2024,10,22,2
dep-220610,2024,11,24,2
dep-220610,2024,12,26,2
dep-220610,2025,1,24,2
dep-220610,2025,2,24,2
dep-220610,2025,3,24,2
dep-220610,2025,4,23,2
dep-220610,2025,5,22,2
dep-220610,2025,6,23,2
dep-220610,2025,7,23,2
dep-220610,2025,8,21,2
dep-220610,2025,9,21,2
dep-220610,2025,10,21,2
dep-220610,2025,11,23,2
dep-220610,2025,12,22,2
dep-220610,2026,1,15,2
dep-220610,2026,2,19,2
dep-220610,2026,3,14,2
dep-220610,2026,4,14,0
dep-220610,2026,5,18,2
dep-220610,2026,6,18,2
dep-220610,2026,7,18,2
dep-220610,2026,8,19,2
dep-220610,2026,9,20,2
dep-220610,2026,10,21,2
dep-220611,2023,2,13,0
dep-220611,2023,3,14,3
dep-220611,2023,4,14,3
dep-220611,2023,5,14,3
dep-220611,2023,6,14,4
dep-220611,2023,7,14,3
dep-220611,2023,8,14,3
dep-220611,2023,9,14,3
dep-220611,2023,10,14,3
dep-220611,2023,11,14,3
dep-220611,2023,12,14,3
dep-220611,2024,1,13,3
dep-220611,2024,2,13,3
dep-220611,2024,3,13,4
dep-220611,2024,4,13,3
dep-220611,2024,5,14,3
dep-220611,2024,6,14,3
dep-220611,2024,7,14,3
dep-220611,2024,8,14,3
dep-220611,2024,9,14,3
dep-220611,2024,10,13,3
dep-220611,2024,11,14,3
dep-220611,2024,12,14,3
dep-220611,2025,1,14,3
dep-220611,2025,2,15,3
dep-220611,2025,3,15,3
dep-220611,2025,4,15,3
dep-220611,2025,5,15,3
dep-220611,2025,6,15,3
dep-220611,2025,7,15,3
dep-220611,2025,8,14,3
dep-220611,2025,9,14,3
dep-220611,2025,10,15,3
dep-220611,2025,11,15,3
dep-220611,2025,12,15,3
dep-220611,2026,1,15,3
dep-220611,2026,2,15,3
dep-220611,2026,3,11,3
dep-220611,2026,4,13,3
dep-220611,2026,5,14,3
dep-220611,2026,6,14,3
dep-220611,2026,7,16,3
dep-220611,2026,8,17,3
dep-220611,2026,9,18,3
dep-220611,2026,10,18,3
dep-220612,2023,2,9,0
dep-220612,2023,3,14,1
dep-220612,2023,4,14,1
dep-220612,2023,5,14,1
dep-220612,2023,6,14,1
dep-220612,2023,7,14,1
dep-220612,2023,8,14,1
dep-220612,2023,9,14,1
dep-220612,2023,10,14,1
dep-220612,2023,11,14,1
dep-220612,2023,12,14,1
dep-220612,2024,1,15,1
dep-220612,2024,2,16,1
dep-220612,2024,3,15,1
dep-220612,2024,4,15,1
dep-220612,2024,5,15,1
dep-220612,2024,6,15,1
dep-220612,2024,7,15,1
dep-220612,2024,8,14,1
dep-220612,2024,9,15,1
dep-220612,2024,10,15,1
dep-220612,2024,11,15,1
dep-220612,2024,12,15,1
dep-220612,2025,1,15,1
dep-220612,2025,2,16,2
dep-220612,2025,3,15,1
dep-220612,2025,4,21,1
dep-220612,2025,5,24,1
dep-220612,2025,6,24,1
dep-220612,2025,7,24,1
dep-220612,2025,8,24,1
dep-220612,2025,9,25,1
dep-220612,2025,10,25,1
dep-220612,2025,11,25,1
dep-220612,2025,12,25,1
dep-220612,2026,1,25,1
dep-220612,2026,2,24,1
dep-220612,2026,3,19,1
dep-220612,2026,4,20,1
dep-220612,2026,5,21,1
dep-220612,2026,6,21,1
dep-220612,2026,7,25,1
dep-220612,2026,8,25,1
dep-220612,2026,9,25,1
dep-220612,2026,10,25,1
dep-220613,2023,2,12,0
dep-220613,2023,3,13,2
dep-220613,2023,4,14,2
dep-220613,2023,5,14,2
dep-220613,2023,6,14,2
dep-220613,2023,7,14,2
dep-220613,2023,8,14,2
dep-220613,2023,9,14,2
dep-220613,2023,10,14,2
dep-220613,2023,11,14,2
dep-220613,2023,12,14,2
dep-220613,2024,1,14,2
dep-220613,2024,2,14,2
dep-220613,2024,3,14,2
dep-220613,2024,4,14,2
dep-220613,2024,5,14,2
dep-220613,2024,6,14,2
dep-220613,2024,7,15,2
dep-220613,2024,8,14,2
dep-220613,2024,9,14,2
dep-220613,2024,10,14,2
dep-220613,2024,11,14,2
dep-220613,2024,12,15,2
dep-220613,2025,1,14,2
dep-220613,2025,2,14,2
dep-220613,2025,3,14,2
dep-220613,2025,4,14,2
dep-220613,2025,5,14,2
dep-220613,2025,6,14,2
dep-220613,2025,7,14,2
dep-220613,2025,8,14,2
dep-220613,2025,9,13,2
dep-220613,2025,10,13,2
dep-220613,2025,11,13,2
dep-220613,2025,12,13,2
dep-220613,2026,1,13,2
dep-220613,2026,2,13,2
dep-220613,2026,3,10,2
dep-220613,2026,4,10,2
dep-220613,2026,5,10,2
dep-220613,2026,6,10,2
dep-220613,2026,7,14,2
dep-220613,2026,8,14,3
dep-220613,2026,9,15,2
dep-220613,2026,10,15,2
dep-220614,2023,2,5,1
dep-220614,2023,3,8,2
dep-220614,2023,4,15,2
dep-220614,2023,5,15,2
dep-220614,2023,11,14,2
dep-220614,2023,12,14,2
dep-220614,2024,5,22,2
dep-220614,2024,6,22,1
dep-220614,2024,7,25,2
dep-220614,2024,8,24,1
dep-220614,2024,9,26,1
dep-220614,2024,10,25,1
dep-220614,2024,11,20,1
dep-220614,2024,12,21,1
dep-220614,2025,1,16,1
dep-220614,2025,2,17,1
dep-220614,2025,3,17,1
dep-220614,2025,11,19,0
dep-220614,2025,12,18,0
dep-220614,2026,3,15,1
dep-220614,2026,4,16,1
dep-220614,2026,5,21,1
dep-220614,2026,6,22,1
dep-220614,2026,7,23,1
dep-220614,2026,8,23,1
dep-220614,2026,9,23,1
dep-220614,2026,10,23,1
dep-220615,2023,2,15,0
dep-220615,2023,3,15,0
dep-220615,2023,4,17,0
dep-220615,2023,5,17,0
dep-220615,2023,6,17,0
dep-220615,2023,7,16,0
dep-220615,2023,8,17,0
dep-220615,2023,9,18,0
dep-220615,2023,10,17,0
dep-220615,2023,11,18,0
dep-220615,2023,12,18,0
dep-220615,2024,1,18,0
dep-220615,2024,2,18,0
dep-220615,2024,3,18,0
dep-220615,2024,4,19,0
dep-220615,2024,5,19,0
dep-220615,2024,6,19,0
dep-220615,2024,7,18,0
dep-220615,2024,8,18,0
dep-220615,2024,9,18,0
dep-220615,2024,10,17,0
dep-220615,2024,11,17,0
dep-220615,2024,12,17,0
dep-220615,2025,1,17,0
dep-220615,2025,2,17,0
dep-220615,2025,3,17,0
dep-220615,2025,4,17,0
dep-220615,2025,5,17,0
dep-220615,2025,6,17,0
dep-220615,2025,7,17,0
dep-220615,2025,8,17,0
dep-220615,2025,9,17,0
dep-220615,2025,10,16,0
dep-220615,2025,11,15,0
dep-220615,2025,12,15,0
dep-220615,2026,1,15,0
dep-220615,2026,2,12,0
dep-220615,2026,3,8,0
dep-220615,2026,4,8,0
dep-220615,2026,5,10,0
dep-220615,2026,6,10,0
dep-220615,2026,7,12,0
dep-220615,2026,8,12,0
dep-220615,2026,9,15,0
dep-220615,2026,10,15,0
dep-220616,2023,2,14,0
dep-220616,2023,3,25,0
dep-220616,2023,4,25,2
dep-220616,2023,5,23,2
dep-220616,2023,6,25,2
dep-220616,2023,7,26,2
dep-220616,2023,8,25,2
dep-220616,2023,9,24,2
dep-220616,2023,10,27,3
dep-220616,2023,11,22,2
dep-220616,2023,12,24,2
dep-220616,2024,1,24,2
dep-220616,2024,2,24,2
dep-220616,2024,3,24,2
dep-220616,2024,4,25,2
dep-220616,2024,5,23,2
dep-220616,2024,6,24,2
dep-220616,2024,7,24,2
dep-220616,2024,8,25,2
dep-220616,2024,9,25,2
dep-220616,2024,10,24,2
dep-220616,2024,11,25,2
dep-220616,2024,12,24,2
dep-220616,2025,1,28,2
dep-220616,2025,2,25,2
dep-220616,2025,3,25,2
dep-220616,2025,4,29,2
dep-220616,2025,5,23,2
dep-220616,2025,6,25,2
dep-220616,2025,7,24,2
dep-220616,2025,8,23,2
dep-220616,2025,9,23,2
dep-220616,2025,10,24,3
dep-220616,2025,11,26,2
dep-220616,2025,12,24,2
dep-220616,2026,1,24,2
dep-220616,2026,2,24,2
dep-220616,2026,3,21,2
dep-220616,2026,4,22,1
dep-220616,2026,5,22,1
dep-220616,2026,6,23,0
dep-220616,2026,7,24,0
dep-220616,2026,8,25,0
dep-220616,2026,9,25,0
dep-220616,2026,10,25,0
dep-220617,2023,2,14,0
dep-220617,2023,3,14,0
dep-220617,2023,4,14,1
dep-220617,2023,5,14,1
dep-220617,2023,6,15,1
dep-220617,2023,7,15,1
dep-220617,2023,8,17,2
dep-220617,2023,9,16,2
dep-220617,2023,10,15,3
dep-220617,2023,11,15,3
dep-220617,2023,12,16,4
dep-220617,2024,1,16,4
dep-220617,2024,2,16,4
dep-220617,2024,3,16,4
dep-220617,2024,4,17,3
dep-220617,2024,5,17,3
dep-220617,2024,6,17,3
dep-220617,2024,7,18,3
dep-220617,2024,8,18,3
dep-220617,2024,9,18,3
dep-220617,2024,10,18,3
dep-220617,2024,11,18,3
dep-220617,2024,12,20,3
dep-220617,2025,1,15,3
dep-220617,2025,2,15,3
dep-220617,2025,3,22,2
dep-220617,2025,4,25,2
dep-220617,2025,5,25,3
dep-220617,2025,6,25,3
dep-220617,2025,7,24,3
dep-220617,2025,8,25,3
dep-220617,2025,9,25,3
dep-220617,2025,10,23,3
dep-220617,2025,11,23,3
dep-220617,2025,12,23,3
dep-220617,2026,1,23,3
dep-220617,2026,2,25,3
dep-220617,2026,3,24,3
dep-220617,2026,4,24,3
dep-220617,2026,5,25,3
dep-220617,2026,6,25,3
dep-220617,2026,7,25,3
dep-220617,2026,8,25,3
dep-220617,2026,9,25,3
dep-220617,2026,10,25,3
dep-220618,2023,2,15,1
dep-220618,2023,3,22,2
dep-220618,2023,4,23,2
dep-220618,2023,5,25,3
dep-220618,2023,6,24,3
dep-220618,2023,7,24,3
dep-220618,2023,8,25,3
dep-220618,2023,9,23,3
dep-220618,2023,10,21,3
dep-220618,2023,11,22,3
dep-220618,2023,12,23,3
dep-220618,2024,1,23,3
dep-220618,2024,2,23,3
dep-220618,2024,3,25,2
dep-220618,2024,4,26,4
dep-220618,2024,5,25,4
dep-220618,2024,6,25,4
dep-220618,2024,7,26,4
dep-220618,2024,8,26,4
dep-220618,2024,9,24,4
dep-220618,2024,10,24,4
dep-220618,2024,11,24,4
dep-220618,2024,12,24,4
dep-220618,2025,1,24,4
dep-220618,2025,2,26,4
dep-220618,2025,3,25,6
dep-220618,2025,4,24,6
dep-220618,2025,5,23,6
dep-220618,2025,6,25,9
dep-220618,2025,7,23,6
dep-220618,2025,8,23,7
dep-220618,2025,9,23,6
dep-220618,2025,10,23,7
dep-220618,2025,11,24,6
dep-220618,2025,12,23,6
dep-220618,2026,1,23,6
dep-220618,2026,2,22,6
dep-220618,2026,3,12,6
dep-220618,2026,4,13,6
dep-220618,2026,5,16,6
dep-220618,2026,6,16,6
dep-220618,2026,7,16,6
dep-220618,2026,8,16,6
dep-220618,2026,9,16,6
dep-220618,2026,10,19,6
dep-220619,2023,2,12,0
dep-220619,2023,3,19,1
dep-220619,2023,4,18,1
dep-220619,2023,5,20,1
dep-220619,2023,6,23,1
dep-220619,2023,7,23,1
dep-220619,2023,8,23,1
dep-220619,2023,9,24,1
dep-220619,2023,10,24,1
dep-220619,2023,11,24,1
dep-220619,2023,12,24,2
dep-220619,2024,1,22,3
dep-220619,2024,2,23,2
dep-220619,2024,3,22,3
dep-220619,2024,4,23,3
dep-220619,2024,5,25,3
dep-220619,2024,6,25,4
dep-220619,2024,7,17,3
dep-220619,2024,8,17,3
dep-220619,2024,9,17,3
dep-220619,2024,10,18,3
dep-220619,2024,11,18,3
dep-220619,2024,12,19,3
dep-220619,2025,1,16,3
dep-220619,2025,2,16,3
dep-220619,2025,3,16,3
dep-220619,2025,4,16,3
dep-220619,2025,5,15,3
dep-220619,2025,6,15,3
dep-220619,2025,7,15,3
dep-220619,2025,8,15,3
dep-220619,2025,9,15,3
dep-220619,2025,10,14,3
dep-220619,2025,11,14,3
dep-220619,2025,12,14,3
dep-220620,2023,2,12,0
dep-220620,2023,3,14,0
dep-220620,2023,4,14,0
dep-220620,2023,5,16,2
dep-220620,2023,6,17,2
dep-220620,2023,7,17,2
dep-220620,2023,8,17,2
dep-220620,2023,9,17,2
dep-220620,2023,10,17,3
dep-220620,2023,11,17,2
dep-220620,2023,12,17,2
dep-220620,2024,1,18,2
dep-220620,2024,2,18,2
dep-220620,2024,3,18,2
dep-220620,2024,4,18,2
dep-220620,2024,5,19,2
dep-220620,2024,6,19,2
dep-220620,2024,7,17,2
dep-220620,2024,8,17,2
dep-220620,2024,9,17,2
dep-220620,2024,10,17,2
dep-220620,2024,11,16,2
dep-220620,2024,12,17,2
dep-220620,2025,1,17,2
dep-220620,2025,2,18,2
dep-220620,2025,3,19,2
dep-220620,2025,4,19,3
dep-220620,2025,5,19,3
dep-220620,2025,6,20,3
dep-220620,2025,7,20,3
dep-220620,2025,8,20,3
dep-220620,2025,9,19,3
dep-220620,2025,10,20,3
dep-220620,2025,11,18,3
dep-220620,2025,12,18,3
dep-220620,2026,1,18,3
dep-220620,2026,2,20,3
dep-220620,2026,3,20,3
dep-220620,2026,4,22,3
dep-220620,2026,5,22,3
dep-220620,2026,6,22,3
dep-220620,2026,7,22,3
dep-220620,2026,8,24,3
dep-220620,2026,9,24,3
dep-220620,2026,10,24,3
dep-220621,2023,2,4,0
dep-220621,2023,3,15,0
dep-220621,2023,4,17,0
dep-220621,2023,5,21,2
dep-220621,2023,6,19,2
dep-220621,2023,7,18,2
dep-220621,2023,8,19,2
dep-220621,2023,9,20,2
dep-220621,2023,10,20,2
dep-220621,2023,11,20,2
dep-220621,2023,12,20,2
dep-220621,2024,1,20,2
dep-220621,2024,2,19,2
dep-220621,2024,3,18,2
dep-220621,2024,4,17,2
dep-220621,2024,5,18,2
dep-220621,2024,6,20,2
dep-220621,2024,7,20,2
dep-220621,2024,8,20,2
dep-220621,2024,9,20,2
dep-220621,2024,10,21,2
dep-220621,2024,11,20,2
dep-220621,2024,12,21,2
dep-220621,2025,1,19,2
dep-220621,2025,2,19,2
dep-220621,2025,3,19,2
dep-220621,2025,4,18,2
dep-220621,2025,5,18,3
dep-220621,2025,6,18,2
dep-220621,2025,7,18,2
dep-220621,2025,8,20,2
dep-220621,2025,9,19,2
dep-220621,2025,10,19,2
dep-220621,2025,11,19,2
dep-220621,2025,12,19,2
dep-220621,2026,1,19,2
dep-220621,2026,2,19,2
dep-220621,2026,3,19,2
dep-220621,2026,4,20,2
dep-220621,2026,5,20,2
dep-220621,2026,6,21,2
dep-220621,2026,7,21,2
dep-220621,2026,8,21,2
dep-220621,2026,9,21,2
dep-220621,2026,10,21,2
dep-220622,2023,2,21,0
dep-220622,2023,3,21,1
dep-220622,2023,4,21,2
dep-220622,2023,5,22,3
dep-220622,2023,6,21,3
dep-220622,2023,7,21,3
dep-220622,2023,8,21,3
dep-220622,2023,9,21,3
dep-220622,2023,10,21,3
dep-220622,2023,11,21,3
dep-220622,2023,12,22,3
dep-220622,2024,1,22,3
dep-220622,2024,2,25,3
dep-220622,2024,3,25,3
dep-220622,2024,4,25,3
dep-220622,2024,5,25,3
dep-220622,2024,6,25,3
dep-220622,2024,7,26,3
dep-220622,2024,8,25,3
dep-220622,2024,9,25,3
dep-220622,2024,10,24,3
dep-220622,2024,11,24,3
dep-220622,2024,12,24,3
dep-220622,2025,1,25,3
dep-220622,2025,2,24,3
dep-220622,2025,3,23,3
dep-220622,2025,4,24,3
dep-220622,2025,5,23,3
dep-220622,2025,6,22,3
dep-220622,2025,7,22,3
dep-220622,2025,8,22,3
dep-220622,2025,9,23,3
dep-220622,2025,10,22,3
dep-220622,2025,11,23,3
dep-220622,2025,12,22,0
dep-220622,2026,1,22,0
dep-220622,2026,2,22,0
dep-220622,2026,3,22,3
dep-220622,2026,4,22,3
dep-220622,2026,5,22,3
dep-220622,2026,6,22,3
dep-220622,2026,7,22,3
dep-220622,2026,8,23,3
dep-220622,2026,9,23,3
dep-220622,2026,10,23,3
dep-220623,2023,2,13,0
dep-220623,2023,3,14,1
dep-220623,2023,4,14,1
dep-220623,2023,5,15,1
dep-220623,2023,6,16,1
dep-220623,2023,7,15,1
dep-220623,2023,8,15,1
dep-220623,2023,9,15,1
dep-220623,2023,10,15,1
dep-220623,2023,11,15,1
dep-220623,2023,12,15,1
dep-220623,2024,1,15,1
dep-220623,2024,2,16,1
dep-220623,2024,3,16,1
dep-220623,2024,4,15,1
dep-220623,2024,5,15,1
dep-220623,2024,6,16,2
dep-220623,2024,7,15,1
dep-220623,2024,8,15,1
dep-220623,2024,9,11,1
dep-220623,2024,10,13,1
dep-220623,2024,11,21,1
dep-220623,2024,12,17,1
dep-220623,2025,1,17,1
dep-220623,2025,2,17,1
dep-220623,2025,3,17,1
dep-220623,2025,4,17,1
dep-220623,2025,5,18,1
dep-220623,2025,6,17,1
dep-220623,2025,7,17,1
dep-220623,2025,8,16,1
dep-220623,2025,9,17,1
dep-220623,2025,10,16,1
dep-220623,2025,11,15,1
dep-220623,2025,12,16,1
dep-220623,2026,1,15,1
dep-220623,2026,2,14,1
dep-220623,2026,3,4,1
dep-220623,2026,4,4,1
dep-220623,2026,5,4,1
dep-220623,2026,6,4,1
dep-220623,2026,7,5,1
dep-220623,2026,8,9,1
dep-220623,2026,9,10,1
dep-220623,2026,10,10,1
dep-220624,2023,2,15,0
dep-220624,2023,3,18,0
dep-220624,2023,4,18,0
dep-220624,2023,5,19,3
dep-220624,2023,6,17,5
dep-220624,2023,7,16,3
dep-220624,2023,8,17,5
dep-220624,2023,9,15,5
dep-220624,2023,10,15,5
dep-220624,2023,11,15,5
dep-220624,2023,12,15,5
dep-220624,2024,1,15,5
dep-220624,2024,2,15,5
dep-220624,2024,3,15,5
dep-220624,2024,4,15,5
dep-220624,2024,5,15,5
dep-220624,2024,6,15,5
dep-220624,2024,7,16,5
dep-220624,2024,8,16,5
dep-220624,2024,9,16,5
dep-220624,2024,10,17,5
dep-220624,2024,11,17,5
dep-220624,2024,12,17,5
dep-220624,2025,1,15,5
dep-220624,2025,2,16,5
dep-220624,2025,3,15,2
dep-220624,2025,4,18,2
dep-220624,2025,5,18,2
dep-220624,2025,6,18,2
dep-220624,2025,7,18,3
dep-220624,2025,8,17,4
dep-220624,2025,9,15,5
dep-220624,2025,10,16,5
dep-220624,2025,11,16,5
dep-220624,2025,12,16,5
dep-220624,2026,1,16,5
dep-220624,2026,2,16,5
dep-220624,2026,3,13,5
dep-220624,2026,4,16,5
dep-220624,2026,5,16,5
dep-220624,2026,6,17,5
dep-220624,2026,7,17,5
dep-220624,2026,8,20,5
dep-220624,2026,9,20,5
dep-220624,2026,10,20,5
dep-220625,2023,2,21,1
dep-220625,2023,3,22,2
dep-220625,2023,4,22,2
dep-220625,2023,5,22,2
dep-220625,2023,6,23,2
dep-220625,2023,7,23,2
dep-220625,2023,8,24,3
dep-220625,2023,9,23,3
dep-220625,2023,10,23,3
dep-220625,2023,11,23,3
dep-220625,2023,12,23,3
dep-220625,2024,1,23,3
dep-220625,2024,2,23,3
dep-220625,2024,3,24,3
dep-220625,2024,4,21,3
dep-220625,2024,5,21,2
dep-220625,2024,6,21,2
dep-220625,2024,7,21,2
dep-220625,2024,8,21,2
dep-220625,2024,9,20,2
dep-220625,2024,10,20,2
dep-220625,2024,11,21,2
dep-220625,2024,12,21,2
dep-220625,2025,1,23,2
dep-220625,2025,2,20,3
dep-220625,2025,3,19,2
dep-220625,2025,4,20,2
dep-220625,2025,5,20,2
dep-220625,2025,6,19,2
dep-220625,2025,7,19,2
dep-220625,2025,8,19,2
dep-220625,2025,9,19,2
dep-220625,2025,10,19,2
dep-220625,2025,11,19,2
dep-220625,2025,12,19,2
dep-220625,2026,1,19,2
dep-220625,2026,2,18,2
dep-220625,2026,3,15,2
dep-220625,2026,4,17,2
dep-220625,2026,5,18,2
dep-220625,2026,6,20,2
dep-220625,2026,7,22,2
dep-220625,2026,8,22,2
dep-220625,2026,9,22,2
dep-220625,2026,10,22,2
dep-220626,2023,2,11,1
dep-220626,2023,3,13,2
dep-220626,2023,4,13,2
dep-220626,2023,5,15,2
dep-220626,2023,6,14,2
dep-220626,2023,7,15,2
dep-220626,2023,8,15,2
dep-220626,2023,9,16,1
dep-220626,2023,10,16,1
dep-220626,2023,11,16,1
dep-220626,2023,12,16,1
dep-220626,2024,1,16,1
dep-220626,2024,2,17,1
dep-220626,2024,3,17,1
dep-220626,2024,4,17,1
dep-220626,2024,5,18,1
dep-220626,2024,6,18,1
dep-220626,2024,7,19,1
dep-220626,2024,8,17,1
dep-220626,2024,9,17,1
dep-220626,2024,10,17,1
dep-220626,2024,11,18,1
dep-220626,2024,12,18,1
dep-220626,2025,1,18,1
dep-220626,2025,2,18,1
dep-220626,2025,3,19,1
dep-220626,2025,4,19,1
dep-220626,2025,5,19,1
dep-220626,2025,6,19,1
dep-220626,2025,7,20,1
dep-220626,2025,8,20,1
dep-220626,2025,9,21,1
dep-220626,2025,10,21,1
dep-220626,2025,11,20,1
dep-220626,2025,12,20,1
dep-220626,2026,1,20,1
dep-220626,2026,2,20,1
dep-220626,2026,3,17,1
dep-220626,2026,4,17,1
dep-220626,2026,5,19,1
dep-220626,2026,6,22,1
dep-220626,2026,7,22,1
dep-220626,2026,8,22,1
dep-220626,2026,9,22,1
dep-220626,2026,10,22,1
dep-220627,2023,2,14,0
dep-220627,2023,3,15,3
dep-220627,2023,4,14,3
dep-220627,2023,5,15,3
dep-220627,2023,6,14,3
dep-220627,2023,7,14,4
dep-220627,2023,8,14,4
dep-220627,2023,9,15,4
dep-220627,2023,10,14,4
dep-220627,2023,11,14,4
dep-220627,2023,12,14,4
dep-220627,2024,1,15,4
dep-220627,2024,2,15,4
dep-220627,2024,3,15,4
dep-220627,2024,4,15,4
dep-220627,2024,5,15,4
dep-220627,2024,6,15,4
dep-220627,2024,7,15,4
dep-220627,2024,8,15,4
dep-220627,2024,9,15,4
dep-220627,2024,10,15,4
dep-220627,2024,11,15,4
dep-220627,2024,12,15,4
dep-220628,2023,2,15,0
dep-220628,2023,3,15,1
dep-220628,2023,4,15,2
dep-220628,2023,5,13,3
dep-220628,2023,6,12,3
dep-220628,2023,7,11,3
dep-220628,2023,8,11,3
dep-220628,2023,9,11,3
dep-220628,2023,10,11,3
dep-220628,2023,11,11,3
dep-220628,2023,12,11,3
dep-220628,2024,1,11,3
dep-220628,2024,2,11,3
dep-220628,2024,3,11,3
dep-220628,2024,4,11,3
dep-220628,2024,5,11,3
dep-220628,2024,6,13,3
dep-220628,2024,7,14,3
dep-220628,2024,8,14,3
dep-220628,2024,9,14,3
dep-220628,2024,10,14,3
dep-220628,2024,11,14,3
dep-220628,2024,12,16,3
dep-220628,2025,1,14,3
dep-220628,2025,2,14,3
dep-220628,2025,3,14,3
dep-220628,2025,4,14,3
dep-220628,2025,5,13,3
dep-220628,2025,6,14,3
dep-220628,2025,7,12,3
dep-220628,2025,8,14,3
dep-220628,2025,9,14,3
dep-220628,2025,10,12,3
dep-220628,2025,11,13,3
dep-220628,2025,12,15,3
dep-220628,2026,1,14,3
dep-220628,2026,2,14,3
dep-220628,2026,3,7,3
dep-220628,2026,4,8,3
dep-220628,2026,5,12,3
dep-220628,2026,6,12,3
dep-220628,2026,7,13,3
dep-220628,2026,8,13,3
dep-220628,2026,9,13,3
dep-220628,2026,10,13,3
dep-220629,2023,2,17,0
dep-220629,2023,3,20,0
dep-220629,2023,4,21,0
dep-220629,2023,5,20,0
dep-220629,2023,6,20,0
dep-220629,2023,7,21,0
dep-220629,2023,8,21,0
dep-220629,2023,9,22,0
dep-220629,2023,10,21,0
dep-220629,2023,11,18,0
dep-220629,2023,12,19,0
dep-220629,2024,1,19,0
dep-220629,2024,2,19,0
dep-220629,2024,3,19,0
dep-220629,2024,4,22,0
dep-220629,2024,5,21,0
dep-220629,2024,6,21,0
dep-220629,2024,7,20,0
dep-220629,2024,8,21,0
dep-220629,2024,9,21,0
dep-220629,2024,10,20,0
dep-220629,2024,11,20,0
dep-220629,2024,12,20,0
dep-220629,2025,1,20,0
dep-220629,2025,2,22,0
dep-220629,2025,3,21,0
dep-220629,2025,4,21,0
dep-220629,2025,5,21,1
dep-220629,2025,6,20,1
dep-220629,2025,7,20,1
dep-220629,2025,8,19,1
dep-220629,2025,9,19,2
dep-220629,2025,10,19,1
dep-220629,2025,11,19,2
dep-220629,2025,12,20,2
dep-220629,2026,1,20,2
dep-220629,2026,2,19,2
dep-220629,2026,3,12,2
dep-220629,2026,4,13,1
dep-220629,2026,5,14,1
dep-220629,2026,6,16,0
dep-220629,2026,7,19,1
dep-220629,2026,8,20,1
dep-220629,2026,9,20,1
dep-220629,2026,10,20,1
dep-220630,2023,2,9,0
dep-220630,2023,3,12,0
dep-220630,2023,4,18,0
dep-220630,2023,5,17,0
dep-220630,2023,6,16,1
dep-220630,2023,7,14,2
dep-220630,2023,8,14,2
dep-220630,2023,9,15,2
dep-220630,2023,10,14,2
dep-220630,2023,11,14,1
dep-220630,2023,12,14,1
dep-220630,2024,1,15,1
dep-220630,2024,2,16,2
dep-220630,2024,3,16,2
dep-220630,2024,4,19,3
dep-220630,2024,5,18,3
dep-220630,2024,6,19,3
dep-220630,2024,7,18,3
dep-220630,2024,8,18,3
dep-220630,2024,9,16,3
dep-220630,2024,10,16,3
dep-220630,2024,11,17,3
dep-220630,2024,12,18,3
dep-220630,2025,1,20,3
dep-220630,2025,2,19,3
dep-220630,2025,3,18,3
dep-220630,2025,4,20,3
dep-220630,2025,5,19,3
dep-220630,2025,6,21,3
dep-220630,2025,7,21,3
dep-220630,2025,8,22,3
dep-220630,2025,9,22,3
dep-220630,2025,10,21,2
dep-220630,2025,11,21,2
dep-220630,2025,12,18,2
dep-220630,2026,1,18,2
dep-220630,2026,2,19,2
dep-220630,2026,3,8,2
dep-220630,2026,4,8,2
dep-220630,2026,5,11,2
dep-220630,2026,6,14,2
dep-220630,2026,7,16,2
dep-220630,2026,8,16,2
dep-220630,2026,9,20,2
dep-220630,2026,10,20,2
dep-220631,2023,2,12,0
dep-220631,2023,3,13,0
dep-220631,2023,4,14,2
dep-220631,2023,5,14,2
dep-220631,2023,6,15,2
dep-220631,2023,7,14,2
dep-220631,2023,8,14,2
dep-220631,2023,9,14,2
dep-220631,2023,10,15,2
dep-220631,2023,11,14,2
dep-220631,2023,12,15,2
dep-220631,2024,1,15,1
dep-220631,2024,2,14,1
dep-220631,2024,3,14,1
dep-220631,2024,4,14,1
dep-220631,2024,5,14,1
dep-220631,2024,6,14,1
dep-220631,2024,7,17,1
dep-220631,2024,8,16,1
dep-220631,2024,9,16,1
dep-220631,2024,10,16,1
dep-220631,2024,11,16,1
dep-220631,2024,12,15,1
dep-220631,2025,1,15,1
dep-220631,2025,2,15,1
dep-220631,2025,3,15,1
dep-220631,2025,4,14,1
dep-220631,2025,5,14,1
dep-220631,2025,6,15,1
dep-220631,2025,7,17,1
dep-220631,2025,8,16,1
dep-220631,2025,9,16,1
dep-220631,2025,10,15,1
dep-220631,2025,11,14,1
dep-220631,2025,12,14,1
dep-220631,2026,1,14,1
dep-220631,2026,2,9,1
dep-220631,2026,3,13,1
dep-220631,2026,4,13,1
dep-220631,2026,5,13,1
dep-220631,2026,6,14,1
dep-220631,2026,7,15,1
dep-220631,2026,8,15,1
dep-220631,2026,9,15,1
dep-220631,2026,10,15,1
dep-220632,2023,2,11,0
dep-220632,2023,3,16,0
dep-220632,2023,4,17,1
dep-220632,2023,5,18,1
dep-220632,2023,6,18,1
dep-220632,2023,7,18,1
dep-220632,2023,8,18,1
dep-220632,2023,9,18,1
dep-220632,2023,10,20,1
dep-220632,2023,11,20,1
dep-220632,2023,12,21,1
dep-220632,2024,1,21,1
dep-220632,2024,2,21,1
dep-220632,2024,3,22,1
dep-220632,2024,4,20,2
dep-220632,2024,5,20,2
dep-220632,2024,6,19,2
dep-220632,2024,7,21,2
dep-220632,2024,8,20,2
dep-220632,2024,9,21,2
dep-220632,2024,10,22,2
dep-220632,2024,11,20,2
dep-220632,2024,12,19,2
dep-220632,2025,1,17,2
dep-220632,2025,2,20,2
dep-220632,2025,3,21,2
dep-220632,2025,4,22,2
dep-220632,2025,5,23,2
dep-220632,2025,6,23,2
dep-220632,2025,7,23,2
dep-220632,2025,8,23,2
dep-220632,2025,9,23,1
dep-220632,2025,10,23,1
dep-220632,2025,11,22,1
dep-220632,2025,12,22,1
dep-220632,2026,1,17,1
dep-220632,2026,2,20,1
dep-220632,2026,3,18,1
dep-220632,2026,4,18,1
dep-220632,2026,5,21,1
dep-220632,2026,6,21,1
dep-220632,2026,7,21,1
dep-220632,2026,8,21,1
dep-220632,2026,9,24,1
dep-220632,2026,10,24,1
dep-220633,2023,2,9,0
dep-220633,2023,3,10,0
dep-220633,2023,4,13,0
dep-220633,2023,5,13,0
dep-220633,2023,6,13,0
dep-220633,2023,7,13,0
dep-220633,2023,8,13,0
dep-220633,2023,9,14,0
dep-220633,2023,10,14,0
dep-220633,2023,11,14,0
dep-220633,2023,12,14,0
dep-220633,2024,1,13,0
dep-220633,2024,2,13,0
dep-220633,2024,3,13,0
dep-220633,2024,4,13,0
dep-220633,2024,5,13,0
dep-220633,2024,6,14,0
dep-220633,2024,7,13,0
dep-220633,2024,8,13,0
dep-220633,2024,9,13,0
dep-220633,2024,10,13,0
dep-220633,2024,11,13,0
dep-220633,2024,12,13,0
dep-220633,2025,1,13,0
dep-220633,2025,2,13,0
dep-220633,2025,3,12,0
dep-220633,2025,4,13,0
dep-220633,2025,5,13,0
dep-220633,2025,6,13,0
dep-220633,2025,7,13,0
dep-220633,2025,8,13,0
dep-220633,2025,9,13,0
dep-220633,2025,10,14,0
dep-220633,2025,11,14,0
dep-220633,2025,12,14,0
dep-220633,2026,1,14,0
dep-220633,2026,2,14,0
dep-220633,2026,3,15,0
dep-220633,2026,4,15,0
dep-220633,2026,5,16,0
dep-220633,2026,6,16,0
dep-220633,2026,7,16,0
dep-220633,2026,8,17,0
dep-220633,2026,9,17,0
dep-220633,2026,10,17,0
dep-220634,2023,2,8,2
dep-220634,2023,3,22,2
dep-220634,2023,4,20,1
dep-220634,2023,5,26,3
dep-220634,2023,6,25,3
dep-220634,2023,7,25,3
dep-220634,2023,8,25,3
dep-220634,2023,9,25,3
dep-220634,2023,10,25,3
dep-220634,2023,11,25,3
dep-220635,2023,2,13,0
dep-220635,2023,3,27,3
dep-220635,2023,4,23,5
dep-220635,2023,5,24,4
dep-220635,2023,6,24,4
dep-220635,2023,7,24,4
dep-220635,2023,8,23,4
dep-220635,2023,9,23,4
dep-220635,2023,10,23,4
dep-220635,2023,11,24,2
dep-220635,2023,12,25,2
dep-220635,2024,1,25,3
dep-220635,2024,2,26,3
dep-220635,2024,3,25,3
dep-220635,2024,4,25,3
dep-220635,2024,5,25,3
dep-220635,2024,6,25,3
dep-220635,2024,7,24,3
dep-220635,2024,8,24,3
dep-220635,2024,9,23,3
dep-220635,2024,10,23,3
dep-220635,2024,11,24,3
dep-220635,2024,12,26,3
dep-220635,2025,1,32,3
dep-220635,2025,2,23,2
dep-220635,2025,3,23,2
dep-220635,2025,4,24,4
dep-220635,2025,5,24,4
dep-220635,2025,6,24,4
dep-220635,2025,7,24,4
dep-220635,2025,8,24,4
dep-220635,2025,9,24,4
dep-220635,2025,10,24,4
dep-220635,2025,11,24,4
dep-220635,2025,12,24,4
dep-220635,2026,1,24,4
dep-220635,2026,2,24,4
dep-220635,2026,3,6,4
dep-220635,2026,4,22,4
dep-220635,2026,5,23,4
dep-220635,2026,6,23,4
dep-220635,2026,7,24,4
dep-220635,2026,8,24,5
dep-220635,2026,9,24,5
dep-220635,2026,10,24,5
dep-220636,2025,2,20,0
dep-220637,2026,5,1,0
dep-220637,2026,6,1,0
dep-220637,2026,7,1,0
dep-220637,2026,8,8,0
dep-220637,2026,9,9,0
dep-220637,2026,10,9,0
dep-220638,2023,2,8,0
dep-220638,2023,3,10,0
dep-220638,2023,4,12,0
dep-220638,2023,5,13,0
dep-220638,2023,6,13,0
dep-220638,2023,7,13,0
dep-220638,2023,8,14,0
dep-220638,2023,9,15,0
dep-220638,2023,10,15,0
dep-220638,2023,11,16,0
dep-220638,2023,12,17,1
dep-220638,2024,1,15,1
dep-220638,2024,2,15,1
dep-220638,2024,3,15,1
dep-220638,2024,4,17,2
dep-220638,2024,5,16,3
dep-220638,2024,6,17,2
dep-220638,2024,7,17,2
dep-220638,2024,8,16,2
dep-220638,2024,9,18,2
dep-220638,2024,10,17,2
dep-220638,2024,11,17,2
dep-220638,2024,12,17,3
dep-220638,2025,1,13,2
dep-220638,2025,2,16,2
dep-220638,2025,3,22,1
dep-220638,2025,4,21,1
dep-220638,2025,5,21,1
dep-220638,2025,6,22,1
dep-220638,2025,7,22,1
dep-220638,2025,8,22,1
dep-220638,2025,9,22,1
dep-220638,2025,10,23,1
dep-220638,2025,11,22,1
dep-220638,2025,12,22,1
dep-220638,2026,1,22,1
dep-220638,2026,2,23,1
dep-220638,2026,3,22,1
dep-220638,2026,4,22,1
dep-220638,2026,5,23,1
dep-220638,2026,6,23,1
dep-220638,2026,7,23,1
dep-220638,2026,8,23,1
dep-220638,2026,9,23,1
dep-220638,2026,10,23,1
dep-220639,2023,2,14,0
dep-220639,2023,3,16,0
dep-220639,2023,4,16,0
dep-220639,2023,5,16,0
dep-220639,2023,6,16,0
dep-220639,2023,7,16,0
dep-220639,2023,8,16,0
dep-220639,2023,9,16,0
dep-220639,2023,10,16,0
dep-220639,2023,11,16,0
dep-220639,2023,12,16,0
dep-220639,2024,1,16,0
dep-220639,2024,2,16,0
dep-220639,2024,3,17,0
dep-220639,2024,4,16,0
dep-220639,2024,5,16,0
dep-220639,2024,6,16,0
dep-220639,2024,7,16,0
dep-220639,2024,8,15,0
dep-220639,2024,9,15,0
dep-220639,2024,10,15,0
dep-220639,2024,11,15,0
dep-220639,2024,12,16,0
dep-220639,2025,1,16,0
dep-220639,2025,2,16,0
dep-220639,2025,3,17,0
dep-220639,2025,4,16,0
dep-220639,2025,5,16,0
dep-220639,2025,6,16,0
dep-220639,2025,7,16,0
dep-220639,2025,8,15,0
dep-220639,2025,9,15,0
dep-220639,2025,10,15,0
dep-220640,2023,2,18,0
dep-220640,2023,3,21,0
dep-220640,2023,4,20,0
dep-220640,2023,5,21,1
dep-220640,2023,6,21,1
dep-220640,2023,7,22,1
dep-220640,2023,8,22,1
dep-220640,2023,9,22,1
dep-220640,2023,10,22,1
dep-220640,2023,11,22,0
dep-220640,2023,12,24,0
dep-220640,2024,1,23,0
dep-220640,2024,2,24,0
dep-220640,2024,3,23,1
dep-220640,2024,4,23,1
dep-220640,2024,5,25,1
dep-220640,2024,6,25,1
dep-220640,2024,7,25,1
dep-220640,2024,8,24,1
dep-220640,2024,9,25,1
dep-220640,2024,10,25,1
dep-220640,2024,11,25,1
dep-220640,2024,12,25,1
dep-220640,2025,1,23,1
dep-220640,2025,2,21,1
dep-220640,2025,3,21,1
dep-220640,2025,4,21,1
dep-220640,2025,5,22,1
dep-220640,2025,6,22,1
dep-220640,2025,7,20,1
dep-220640,2025,8,21,1
dep-220640,2025,9,21,0
dep-220640,2025,10,22,1
dep-220640,2025,11,22,1
dep-220640,2025,12,23,1
dep-220640,2026,1,22,1
dep-220640,2026,2,19,1
dep-220640,2026,3,14,0
dep-220640,2026,4,19,0
dep-220640,2026,5,19,1
dep-220640,2026,6,20,1
dep-220640,2026,7,21,1
dep-220640,2026,8,24,1
dep-220640,2026,9,24,1
dep-220640,2026,10,24,1
dep-220641,2023,2,14,2
dep-220641,2023,3,17,4
dep-220641,2023,4,18,4
dep-220641,2023,5,18,4
dep-220641,2023,6,17,4
dep-220641,2023,7,17,4
dep-220641,2023,8,18,4
dep-220641,2023,9,19,3
dep-220641,2023,10,19,4
dep-220641,2023,11,20,4
dep-220641,2023,12,20,4
dep-220641,2024,1,20,4
dep-220641,2024,2,20,4
dep-220641,2024,3,20,4
dep-220641,2024,4,21,4
dep-220641,2024,5,20,4
dep-220641,2024,6,19,4
dep-220641,2024,7,21,4
dep-220641,2024,8,19,4
dep-220641,2024,9,19,4
dep-220641,2024,10,22,4
dep-220641,2024,11,24,4
dep-220641,2024,12,24,4
dep-220641,2025,1,26,4
dep-220641,2025,2,25,4
dep-220641,2025,3,24,6
dep-220641,2025,4,24,4
dep-220641,2025,5,22,4
dep-220641,2025,6,23,4
dep-220641,2025,7,21,6
dep-220641,2025,8,22,5
dep-220641,2025,9,23,5
dep-220641,2025,10,25,5
dep-220641,2025,11,24,4
dep-220641,2025,12,24,4
dep-220641,2026,1,24,4
dep-220641,2026,2,23,4
dep-220641,2026,3,15,4
dep-220641,2026,4,15,4
dep-220641,2026,5,15,4
dep-220641,2026,6,15,4
dep-220641,2026,7,16,4
dep-220641,2026,8,22,4
dep-220641,2026,9,22,4
dep-220641,2026,10,22,4
dep-220642,2023,2,3,0
dep-220642,2023,4,12,0
dep-220642,2023,8,11,0
dep-220642,2024,3,13,0
dep-220642,2024,8,15,1
dep-220642,2024,9,18,1
dep-220642,2024,10,19,1
dep-220642,2024,11,14,1
dep-220642,2024,12,15,1
dep-220642,2025,1,19,1
dep-220642,2025,2,22,1
dep-220642,2025,3,22,1
dep-220642,2025,4,22,1
dep-220642,2025,5,22,1
dep-220642,2025,6,25,1
dep-220642,2025,7,22,1
dep-220642,2025,8,22,1
dep-220642,2025,9,25,1
dep-220642,2025,10,24,1
dep-220642,2025,11,24,1
dep-220642,2025,12,24,1
dep-220642,2026,1,24,1
dep-220642,2026,2,22,1
dep-220642,2026,3,16,1
dep-220642,2026,4,17,1
dep-220642,2026,5,19,1
dep-220642,2026,6,19,1
dep-220642,2026,7,20,1
dep-220642,2026,8,20,1
dep-220642,2026,9,22,1
dep-220642,2026,10,22,1
dep-220643,2026,4,3,0
dep-220643,2026,5,4,0
dep-220643,2026,6,7,0
dep-220643,2026,7,10,0
dep-220643,2026,8,13,0
dep-220643,2026,9,14,0
dep-220643,2026,10,14,0
dep-220644,2023,2,8,0
dep-220644,2023,3,9,0
dep-220644,2023,4,9,0
dep-220644,2023,5,11,0
dep-220644,2023,6,12,1
dep-220644,2023,7,13,1
dep-220644,2023,8,11,1
dep-220644,2023,9,10,1
dep-220644,2023,10,10,1
dep-220644,2023,11,10,1
dep-220644,2023,12,10,1
dep-220644,2024,1,10,1
dep-220644,2024,2,12,0
dep-220644,2024,3,11,0
dep-220644,2024,4,11,0
dep-220644,2024,5,11,1
dep-220644,2024,6,11,1
dep-220644,2024,7,10,1
dep-220644,2024,8,10,1
dep-220644,2024,9,10,1
dep-220644,2024,10,10,1
dep-220644,2024,11,10,2
dep-220644,2024,12,9,1
dep-220644,2025,1,9,1
dep-220644,2025,2,6,1
dep-220644,2025,3,8,1
dep-220644,2025,4,8,1
dep-220644,2025,5,9,1
dep-220644,2025,6,9,1
dep-220644,2025,7,8,1
dep-220644,2025,8,9,2
dep-220644,2025,9,7,1
dep-220644,2025,10,9,2
dep-220644,2025,11,9,1
dep-220644,2025,12,8,1
dep-220644,2026,1,8,1
dep-220644,2026,2,7,1
dep-220644,2026,3,0,1
dep-220644,2026,6,5,0
dep-220644,2026,7,7,0
dep-220644,2026,8,7,0
dep-220644,2026,9,8,0
dep-220644,2026,10,8,0
dep-220645,2023,2,13,0
dep-220645,2023,3,16,0
dep-220645,2023,4,17,0
dep-220645,2023,5,18,0
dep-220645,2023,6,18,0
dep-220645,2023,7,18,0
dep-220645,2023,8,17,0
dep-220645,2023,9,17,0
dep-220645,2023,10,18,0
dep-220645,2023,11,18,0
dep-220645,2023,12,18,0
dep-220645,2024,1,17,0
dep-220645,2024,2,17,0
dep-220645,2024,3,18,0
dep-220645,2024,4,18,0
dep-220645,2024,5,19,0
dep-220645,2024,6,18,0
dep-220645,2024,7,19,0
dep-220645,2024,8,17,0
dep-220645,2024,9,15,0
dep-220645,2024,10,15,0
dep-220645,2024,11,16,0
dep-220645,2024,12,16,0
dep-220645,2025,1,17,0
dep-220645,2025,2,17,0
dep-220645,2025,3,15,0
dep-220645,2025,4,15,0
dep-220645,2025,5,15,0
dep-220645,2025,6,14,0
dep-220645,2025,7,14,0
dep-220645,2025,8,14,0
dep-220645,2025,9,14,0
dep-220645,2025,10,14,0
dep-220645,2025,11,14,0
dep-220645,2025,12,14,0
dep-220645,2026,1,14,0
dep-220645,2026,2,14,0
dep-220645,2026,3,3,0
dep-220645,2026,4,3,0
dep-220645,2026,5,4,0
dep-220645,2026,6,4,0
dep-220645,2026,7,8,0
dep-220645,2026,8,12,0
dep-220645,2026,9,12,0
dep-220645,2026,10,12,0
dep-220646,2023,2,7,0
dep-220646,2023,3,7,0
dep-220646,2023,4,10,0
dep-220646,2023,5,11,0
dep-220646,2023,6,14,0
dep-220646,2023,7,13,0
dep-220646,2023,8,13,1
dep-220646,2023,9,12,1
dep-220646,2023,10,12,1
dep-220646,2023,11,12,1
dep-220646,2023,12,11,1
dep-220646,2024,12,8,0
dep-220646,2025,1,10,1
dep-220646,2025,2,10,1
dep-220646,2025,3,10,2
dep-220646,2025,4,10,2
dep-220646,2025,5,10,2
dep-220646,2025,6,10,2
dep-220646,2025,7,10,2
dep-220646,2025,8,10,2
dep-220646,2025,9,12,2
dep-220646,2025,10,11,2
dep-220646,2025,11,11,2
dep-220646,2025,12,11,2
dep-220646,2026,1,11,2
dep-220646,2026,2,8,2
dep-220646,2026,3,8,2
dep-220646,2026,4,8,2
dep-220646,2026,5,16,2
dep-220646,2026,6,17,2
dep-220646,2026,7,17,2
dep-220646,2026,8,17,2
dep-220646,2026,9,17,2
dep-220646,2026,10,17,2
dep-220647,2023,2,18,5
dep-220647,2023,3,20,4
dep-220647,2023,4,21,4
dep-220647,2023,5,19,4
dep-220647,2023,6,20,4
dep-220647,2023,7,20,5
dep-220647,2023,8,21,4
dep-220647,2023,9,22,4
dep-220647,2023,10,22,4
dep-220647,2023,11,22,4
dep-220647,2023,12,21,4
dep-220647,2024,1,21,4
dep-220647,2024,2,21,4
dep-220647,2024,3,21,4
dep-220647,2024,4,23,4
dep-220647,2024,5,22,4
dep-220647,2024,6,22,5
dep-220647,2024,7,16,4
dep-220647,2024,8,16,4
dep-220647,2024,9,16,4
dep-220647,2024,10,19,4
dep-220647,2024,11,19,4
dep-220647,2024,12,21,4
dep-220647,2025,1,21,4
dep-220647,2025,2,22,4
dep-220647,2025,3,24,4
dep-220647,2025,4,25,4
dep-220647,2025,5,24,4
dep-220647,2025,6,24,4
dep-220647,2025,7,24,4
dep-220647,2025,8,25,4
dep-220647,2025,9,25,4
dep-220647,2025,10,25,4
dep-220647,2025,11,25,4
dep-220647,2025,12,25,4
dep-220647,2026,1,25,4
dep-220647,2026,2,25,4
dep-220647,2026,3,19,4
dep-220647,2026,4,19,4
dep-220647,2026,5,20,4
dep-220647,2026,6,21,5
dep-220647,2026,7,22,4
dep-220647,2026,8,23,4
dep-220647,2026,9,24,4
dep-220647,2026,10,24,4
dep-220648,2023,2,9,0
dep-220648,2023,3,9,0
dep-220648,2023,4,8,1
dep-220648,2023,5,8,1
dep-220648,2023,6,8,1
dep-220648,2023,7,9,1
dep-220648,2023,8,9,1
dep-220648,2023,9,10,1
dep-220648,2023,10,9,2
dep-220648,2023,11,10,2
dep-220648,2023,12,12,2
dep-220648,2024,1,12,1
dep-220648,2024,2,13,1
dep-220648,2024,3,14,1
dep-220648,2024,4,13,1
dep-220648,2024,5,19,2
dep-220648,2024,6,21,2
dep-220648,2024,7,22,2
dep-220648,2024,8,17,2
dep-220648,2024,9,16,2
dep-220648,2024,10,16,2
dep-220648,2024,11,12,2
dep-220648,2024,12,12,2
dep-220648,2025,1,12,2
dep-220648,2025,2,14,2
dep-220648,2025,3,16,1
dep-220648,2025,4,16,1
dep-220648,2025,5,17,1
dep-220648,2025,6,19,1
dep-220648,2025,7,19,1
dep-220648,2025,8,20,1
dep-220648,2025,9,19,2
dep-220648,2025,10,20,2
dep-220648,2025,11,21,2
dep-220648,2025,12,22,2
dep-220648,2026,1,22,2
dep-220648,2026,2,22,2
dep-220648,2026,3,20,2
dep-220648,2026,4,20,2
dep-220648,2026,5,21,2
dep-220648,2026,6,24,1
dep-220648,2026,7,25,1
dep-220648,2026,8,25,1
dep-220648,2026,9,25,1
dep-220648,2026,10,25,1
dep-220649,2023,2,8,0
dep-220649,2023,3,9,0
dep-220649,2023,4,9,2
dep-220649,2023,5,10,2
dep-220649,2023,6,11,2
dep-220649,2023,7,11,2
dep-220649,2023,8,11,2
dep-220649,2023,9,12,2
dep-220649,2023,10,12,2
dep-220649,2023,11,12,2
dep-220649,2023,12,12,2
dep-220649,2024,1,12,2
dep-220649,2024,2,12,2
dep-220649,2024,3,12,2
dep-220649,2024,4,13,2
dep-220649,2024,5,12,2
dep-220649,2024,6,13,2
dep-220649,2024,7,12,2
dep-220649,2024,8,12,2
dep-220649,2024,9,12,2
dep-220649,2024,10,12,2
dep-220649,2024,11,12,2
dep-220649,2024,12,12,2
dep-220649,2025,1,12,2
dep-220649,2025,2,12,2
dep-220649,2025,3,12,2
dep-220649,2025,4,12,2
dep-220649,2025,5,13,2
dep-220649,2025,6,13,2
dep-220649,2025,7,13,2
dep-220649,2025,8,13,2
dep-220649,2025,9,13,2
dep-220649,2025,10,13,2
dep-220649,2025,11,13,2
dep-220649,2025,12,13,2
dep-220649,2026,1,12,2
dep-220649,2026,2,13,2
dep-220649,2026,3,9,2
dep-220649,2026,4,11,2
dep-220649,2026,5,12,2
dep-220649,2026,6,12,2
dep-220649,2026,7,13,2
dep-220649,2026,8,15,2
dep-220649,2026,9,17,2
dep-220649,2026,10,17,2
dep-220650,2023,2,7,0
dep-220650,2023,3,9,0
dep-220650,2023,4,9,0
dep-220650,2023,5,9,0
dep-220650,2023,6,10,0
dep-220650,2023,7,10,0
dep-220650,2023,8,10,0
dep-220650,2023,9,10,0
dep-220650,2023,10,10,0
dep-220650,2023,11,11,0
dep-220650,2023,12,11,0
dep-220650,2024,1,11,0
dep-220650,2024,2,12,0
dep-220650,2024,3,12,0
dep-220650,2024,4,12,0
dep-220650,2024,5,12,0
dep-220650,2024,6,12,0
dep-220650,2024,7,12,0
dep-220650,2024,8,11,0
dep-220650,2024,9,11,0
dep-220650,2024,10,11,0
dep-220650,2024,11,11,0
dep-220650,2024,12,11,0
dep-220650,2025,1,13,0
dep-220650,2025,2,13,0
dep-220650,2025,3,13,0
dep-220650,2025,4,14,0
dep-220650,2025,5,16,0
dep-220650,2025,6,15,0
dep-220650,2025,7,14,0
dep-220650,2025,8,14,0
dep-220650,2025,9,14,0
dep-220650,2025,10,13,0
dep-220650,2025,11,13,0
dep-220650,2025,12,13,0
dep-220650,2026,1,13,0
dep-220650,2026,2,13,0
dep-220650,2026,3,12,0
dep-220650,2026,4,12,0
dep-220650,2026,5,12,0
dep-220650,2026,6,12,0
dep-220650,2026,7,12,0
dep-220650,2026,8,12,0
dep-220650,2026,9,12,0
dep-220650,2026,10,12,0
dep-220651,2023,2,17,0
dep-220651,2023,3,21,0
dep-220651,2023,4,21,2
dep-220651,2023,5,19,2
dep-220651,2023,6,20,2
dep-220651,2023,7,19,2
dep-220651,2023,8,19,2
dep-220651,2023,9,18,2
dep-220651,2023,10,18,2
dep-220651,2023,11,19,2
dep-220651,2023,12,19,2
dep-220651,2024,1,18,1
dep-220651,2024,2,17,1
dep-220651,2024,3,17,1
dep-220651,2024,4,17,1
dep-220651,2024,5,17,1
dep-220651,2024,6,17,1
dep-220651,2024,7,16,1
dep-220651,2024,8,16,1
dep-220651,2024,9,16,1
dep-220651,2024,10,17,2
dep-220651,2024,11,17,2
dep-220651,2024,12,17,2
dep-220651,2025,1,17,2
dep-220651,2025,2,16,2
dep-220651,2025,3,16,2
dep-220651,2025,4,16,2
dep-220651,2025,5,16,2
dep-220651,2025,6,16,2
dep-220651,2025,7,17,2
dep-220651,2025,8,17,2
dep-220651,2025,9,17,2
dep-220651,2025,10,17,2
dep-220651,2025,11,17,2
dep-220651,2025,12,14,2
dep-220651,2026,1,13,2
dep-220651,2026,2,13,2
dep-220651,2026,3,13,2
dep-220651,2026,4,13,2
dep-220651,2026,5,13,2
dep-220651,2026,6,14,2
dep-220651,2026,7,14,1
dep-220651,2026,8,15,1
dep-220651,2026,9,15,1
dep-220651,2026,10,15,1
dep-220652,2023,2,16,0
dep-220652,2023,3,19,1
dep-220652,2023,4,20,1
dep-220652,2023,5,20,1
dep-220652,2023,6,20,1
dep-220652,2023,7,20,1
dep-220652,2023,8,21,1
dep-220652,2023,9,22,1
dep-220652,2023,10,22,1
dep-220652,2023,11,23,1
dep-220652,2023,12,22,1
dep-220652,2024,1,22,1
dep-220652,2024,2,24,1
dep-220652,2024,3,24,2
dep-220652,2024,4,23,1
dep-220652,2024,5,22,1
dep-220652,2024,6,25,1
dep-220652,2024,7,24,1
dep-220652,2024,8,25,1
dep-220652,2024,9,25,1
dep-220652,2024,10,25,1
dep-220652,2024,11,25,1
dep-220652,2024,12,25,1
dep-220652,2025,1,21,1
dep-220652,2025,2,21,1
dep-220652,2025,3,19,1
dep-220652,2025,4,19,1
dep-220652,2025,5,19,1
dep-220652,2025,6,20,1
dep-220652,2025,7,21,1
dep-220652,2025,8,22,1
dep-220652,2025,9,21,1
dep-220652,2025,10,22,1
dep-220652,2025,11,22,0
dep-220652,2025,12,22,0
dep-220652,2026,1,21,0
dep-220652,2026,2,21,0
dep-220652,2026,3,22,0
dep-220652,2026,4,22,0
dep-220652,2026,5,22,0
dep-220652,2026,6,22,0
dep-220652,2026,7,22,0
dep-220652,2026,8,22,0
dep-220652,2026,9,22,0
dep-220652,2026,10,22,0
dep-220653,2023,2,5,0
dep-220653,2023,3,8,0
dep-220653,2023,4,8,0
dep-220653,2023,5,8,2
dep-220653,2023,6,7,2
dep-220653,2023,7,7,2
dep-220653,2023,8,8,3
dep-220653,2023,9,8,2
dep-220653,2023,10,8,2
dep-220653,2023,11,8,2
dep-220653,2023,12,8,2
dep-220653,2024,1,9,2
dep-220653,2024,2,8,2
dep-220653,2024,3,10,1
dep-220653,2024,4,10,1
dep-220653,2024,5,10,1
dep-220653,2024,6,10,1
dep-220653,2024,7,8,1
dep-220653,2024,8,8,1
dep-220653,2024,9,8,1
dep-220653,2024,10,8,1
dep-220653,2024,11,7,1
dep-220653,2024,12,7,1
dep-220653,2025,1,7,1
dep-220653,2025,2,7,1
dep-220653,2025,3,9,1
dep-220653,2025,4,8,1
dep-220653,2025,5,9,1
dep-220653,2025,6,9,1
dep-220653,2025,7,9,1
dep-220653,2025,8,8,0
dep-220653,2025,9,9,1
dep-220653,2025,10,8,1
dep-220653,2025,11,9,1
dep-220653,2025,12,9,1
dep-220653,2026,1,9,1
dep-220653,2026,2,9,1
dep-220653,2026,3,8,1
dep-220653,2026,4,9,1
dep-220653,2026,5,9,1
dep-220653,2026,6,9,2
dep-220653,2026,7,10,2
dep-220653,2026,8,10,2
dep-220653,2026,9,10,2
dep-220653,2026,10,10,2
dep-220654,2023,2,12,0
dep-220654,2023,3,12,2
dep-220654,2023,4,12,2
dep-220654,2023,5,15,2
dep-220654,2023,6,16,2
dep-220654,2023,7,16,2
dep-220654,2023,8,16,2
dep-220654,2023,9,16,2
dep-220654,2023,10,17,2
dep-220654,2023,11,16,2
dep-220654,2023,12,16,2
dep-220654,2024,1,16,2
dep-220654,2024,2,17,2
dep-220654,2024,3,18,2
dep-220654,2024,4,17,2
dep-220654,2024,5,19,2
dep-220654,2024,6,17,2
dep-220654,2024,7,20,2
dep-220654,2024,8,20,2
dep-220654,2024,9,20,2
dep-220654,2024,10,21,2
dep-220654,2024,11,18,2
dep-220654,2024,12,19,2
dep-220654,2025,1,19,2
dep-220654,2025,2,20,2
dep-220654,2025,3,20,2
dep-220654,2025,4,22,3
dep-220654,2025,5,20,3
dep-220654,2025,6,19,3
dep-220654,2025,7,19,3
dep-220654,2025,8,19,3
dep-220654,2025,9,18,3
dep-220654,2025,10,18,3
dep-220654,2025,11,18,3
dep-220654,2025,12,18,3
dep-220654,2026,1,17,3
dep-220654,2026,2,18,3
dep-220654,2026,3,10,2
dep-220654,2026,4,10,2
dep-220654,2026,5,12,2
dep-220654,2026,6,13,2
dep-220654,2026,7,13,2
dep-220654,2026,8,15,2
dep-220654,2026,9,15,2
dep-220654,2026,10,15,2
dep-220655,2023,2,10,0
dep-220655,2023,3,12,0
dep-220655,2023,4,12,0
dep-220655,2023,5,12,0
dep-220655,2023,6,11,1
dep-220655,2023,7,11,2
dep-220655,2023,8,11,2
dep-220655,2023,9,11,2
dep-220655,2023,10,11,2
dep-220655,2023,11,10,2
dep-220655,2023,12,10,2
dep-220655,2024,1,10,2
dep-220655,2024,2,11,2
dep-220655,2024,3,10,2
dep-220655,2024,4,11,3
dep-220655,2024,5,13,2
dep-220655,2024,6,13,2
dep-220655,2024,7,13,2
dep-220655,2024,8,13,2
dep-220655,2024,9,13,2
dep-220655,2024,10,13,2
dep-220655,2024,11,13,2
dep-220655,2024,12,14,3
dep-220655,2025,1,12,2
dep-220655,2025,2,12,2
dep-220655,2025,3,13,2
dep-220655,2025,4,13,2
dep-220655,2025,5,12,1
dep-220655,2025,6,13,1
dep-220655,2025,7,13,1
dep-220655,2025,8,13,1
dep-220655,2025,9,14,1
dep-220655,2025,10,15,1
dep-220655,2025,11,19,1
dep-220655,2025,12,17,1
dep-220655,2026,1,17,1
dep-220655,2026,2,15,1
dep-220655,2026,3,13,1
dep-220655,2026,4,13,1
dep-220655,2026,5,13,2
dep-220655,2026,6,13,2
dep-220655,2026,7,14,2
dep-220655,2026,8,15,2
dep-220655,2026,9,15,2
dep-220655,2026,10,15,2
dep-220656,2023,2,16,1
dep-220656,2023,3,19,1
dep-220656,2023,4,20,1
dep-220656,2023,5,25,1
dep-220656,2023,6,24,1
dep-220656,2023,7,25,1
dep-220656,2023,8,25,1
dep-220656,2023,9,26,1
dep-220656,2023,10,25,1
dep-220656,2023,11,25,1
dep-220656,2023,12,25,1
dep-220656,2024,1,25,1
dep-220656,2024,2,26,1
dep-220656,2024,3,25,1
dep-220656,2024,4,25,1
dep-220656,2024,5,25,1
dep-220656,2024,6,24,1
dep-220656,2024,7,27,1
dep-220656,2024,8,25,1
dep-220656,2024,9,25,1
dep-220656,2024,10,25,1
dep-220656,2024,11,25,1
dep-220656,2024,12,25,1
dep-220656,2025,1,25,1
dep-220656,2025,2,25,1
dep-220656,2025,3,23,2
dep-220656,2025,4,25,1
dep-220656,2025,5,25,1
dep-220656,2025,6,26,1
dep-220656,2025,7,25,1
dep-220656,2025,8,25,1
dep-220656,2025,9,26,1
dep-220656,2025,10,25,1
dep-220656,2025,11,25,1
dep-220656,2025,12,25,0
dep-220656,2026,1,25,0
dep-220656,2026,2,25,0
dep-220656,2026,3,23,0
dep-220656,2026,4,23,0
dep-220656,2026,5,23,0
dep-220656,2026,6,23,1
dep-220656,2026,7,24,1
dep-220656,2026,8,24,1
dep-220656,2026,9,24,1
dep-220656,2026,10,24,1
dep-220657,2023,2,9,0
dep-220657,2023,3,12,1
dep-220657,2023,4,11,1
dep-220657,2023,5,11,1
dep-220657,2023,6,12,1
dep-220657,2023,7,13,1
dep-220657,2023,8,14,1
dep-220657,2023,9,13,1
dep-220657,2023,10,14,1
dep-220657,2023,11,14,1
dep-220657,2023,12,14,1
dep-220657,2024,1,15,1
dep-220657,2024,2,14,1
dep-220657,2024,3,13,1
dep-220657,2024,4,15,1
dep-220657,2024,5,15,1
dep-220657,2024,6,15,1
dep-220657,2024,7,15,1
dep-220657,2024,8,13,1
dep-220657,2024,9,13,1
dep-220657,2024,10,15,0
dep-220657,2024,11,17,0
dep-220657,2024,12,15,0
dep-220657,2025,1,16,1
dep-220657,2025,2,14,1
dep-220657,2025,3,17,1
dep-220657,2025,4,17,1
dep-220657,2025,5,19,1
dep-220657,2025,6,18,1
dep-220657,2025,7,20,1
dep-220657,2025,8,18,1
dep-220657,2025,9,19,1
dep-220657,2025,10,19,1
dep-220657,2025,11,18,1
dep-220657,2025,12,18,1
dep-220657,2026,1,18,1
dep-220657,2026,2,16,1
dep-220657,2026,3,12,1
dep-220657,2026,4,16,1
dep-220657,2026,5,17,1
dep-220657,2026,6,17,1
dep-220657,2026,7,21,1
dep-220657,2026,8,22,1
dep-220657,2026,9,22,1
dep-220657,2026,10,22,1
dep-220658,2023,2,8,0
dep-220658,2023,3,10,2
dep-220658,2023,4,11,2
dep-220658,2023,5,11,2
dep-220658,2023,6,13,2
dep-220658,2023,7,13,2
dep-220658,2023,8,14,2
dep-220658,2023,9,15,2
dep-220658,2023,10,15,2
dep-220658,2023,11,15,2
dep-220658,2023,12,15,2
dep-220658,2024,1,15,2
dep-220658,2024,2,15,2
dep-220658,2024,3,15,2
dep-220658,2024,4,15,2
dep-220658,2024,5,15,2
dep-220658,2024,6,15,2
dep-220658,2024,7,15,2
dep-220658,2024,8,14,2
dep-220658,2024,9,14,2
dep-220658,2024,10,14,2
dep-220658,2024,11,14,2
dep-220658,2024,12,14,2
dep-220658,2025,1,14,2
dep-220658,2025,2,15,2
dep-220658,2025,3,13,3
dep-220658,2025,4,13,2
dep-220658,2025,5,13,2
dep-220658,2025,6,13,2
dep-220658,2025,7,12,2
dep-220658,2025,8,12,2
dep-220658,2025,9,12,1
dep-220658,2025,10,12,1
dep-220658,2025,11,12,1
dep-220658,2025,12,12,1
dep-220658,2026,1,12,1
dep-220658,2026,2,12,1
dep-220658,2026,3,10,1
dep-220658,2026,4,10,1
dep-220658,2026,5,12,2
dep-220658,2026,6,13,3
dep-220658,2026,7,13,3
dep-220658,2026,8,13,3
dep-220658,2026,9,13,3
dep-220658,2026,10,14,3
dep-220659,2023,2,25,3
dep-220659,2023,3,25,3
dep-220659,2023,4,24,3
dep-220659,2023,5,26,3
dep-220659,2023,6,25,3
dep-220659,2023,7,25,3
dep-220659,2023,8,25,3
dep-220659,2023,9,25,3
dep-220659,2023,10,25,4
dep-220659,2023,11,25,3
dep-220659,2023,12,25,3
dep-220659,2024,1,25,3
dep-220659,2024,2,25,3
dep-220659,2024,3,25,3
dep-220659,2024,4,25,3
dep-220659,2024,5,26,3
dep-220659,2024,6,25,3
dep-220659,2024,7,25,3
dep-220659,2024,8,25,3
dep-220659,2024,9,24,3
dep-220659,2024,10,24,3
dep-220659,2024,11,24,3
dep-220659,2024,12,24,2
dep-220659,2025,1,23,2
dep-220659,2025,2,24,2
dep-220659,2025,3,25,3
dep-220659,2025,4,26,3
dep-220659,2025,5,25,3
dep-220659,2025,6,25,3
dep-220659,2025,7,24,3
dep-220659,2025,8,24,3
dep-220659,2025,9,24,2
dep-220659,2025,10,24,3
dep-220659,2025,11,24,3
dep-220659,2025,12,25,3
dep-220659,2026,1,25,3
dep-220659,2026,2,25,2
dep-220659,2026,3,25,0
dep-220659,2026,4,25,0
dep-220659,2026,5,25,0
dep-220659,2026,6,25,0
dep-220659,2026,7,18,1
dep-220660,2023,2,14,0
dep-220660,2023,3,16,1
dep-220660,2023,4,13,3
dep-220660,2023,5,17,3
dep-220660,2023,6,18,3
dep-220660,2023,7,19,0
dep-220660,2023,8,20,0
dep-220660,2023,9,19,0
dep-220660,2023,10,19,3
dep-220660,2023,11,20,3
dep-220660,2023,12,21,3
dep-220660,2024,1,22,3
dep-220660,2024,2,24,3
dep-220660,2024,3,23,3
dep-220660,2024,4,25,5
dep-220660,2024,5,24,5
dep-220660,2024,6,24,5
dep-220660,2024,7,25,5
dep-220660,2024,8,25,5
dep-220660,2024,9,26,5
dep-220660,2024,10,24,5
dep-220660,2024,11,23,5
dep-220660,2024,12,23,4
dep-220660,2025,1,21,5
dep-220660,2025,2,24,5
dep-220660,2025,3,24,5
dep-220660,2025,4,24,5
dep-220660,2025,5,27,8
dep-220660,2025,6,25,7
dep-220660,2025,7,23,7
dep-220660,2025,8,22,7
dep-220660,2025,9,25,8
dep-220660,2025,10,24,7
dep-220660,2025,11,24,7
dep-220660,2025,12,25,7
dep-220660,2026,1,25,0
dep-220660,2026,2,26,0
dep-220660,2026,3,13,0
dep-220660,2026,4,13,5
dep-220660,2026,5,15,5
dep-220660,2026,6,18,5
dep-220660,2026,7,20,5
dep-220660,2026,8,20,5
dep-220660,2026,9,21,5
dep-220660,2026,10,21,5
dep-220661,2023,2,19,1
dep-220661,2023,3,22,2
dep-220661,2023,4,22,3
dep-220661,2023,5,22,3
dep-220661,2023,6,23,3
dep-220661,2023,7,23,3
dep-220661,2023,8,24,3
dep-220661,2023,9,24,3
dep-220661,2023,10,24,3
dep-220661,2023,11,24,3
dep-220661,2023,12,23,3
dep-220661,2024,1,23,3
dep-220661,2024,2,23,3
dep-220661,2024,3,23,3
dep-220661,2024,4,23,3
dep-220661,2024,5,23,3
dep-220661,2024,6,24,3
dep-220661,2024,7,24,3
dep-220661,2024,8,21,3
dep-220661,2024,9,21,3
dep-220661,2024,10,22,3
dep-220661,2024,11,22,3
dep-220661,2024,12,22,3
dep-220661,2025,1,21,3
dep-220661,2025,2,22,3
dep-220661,2025,3,23,3
dep-220661,2025,4,23,3
dep-220661,2025,5,23,3
dep-220661,2025,6,24,3
dep-220661,2025,7,24,3
dep-220661,2025,8,24,3
dep-220661,2025,9,25,3
dep-220661,2025,10,25,3
dep-220661,2025,11,25,3
dep-220661,2025,12,25,3
dep-220661,2026,1,25,3
dep-220661,2026,2,24,3
dep-220661,2026,3,21,3
dep-220661,2026,4,22,3
dep-220661,2026,5,23,3
dep-220661,2026,6,23,3
dep-220661,2026,7,24,3
dep-220661,2026,8,25,3
dep-220661,2026,9,25,3
dep-220661,2026,10,25,3
dep-220662,2023,2,19,2
dep-220662,2023,3,20,3
dep-220662,2023,4,19,3
dep-220662,2023,5,19,3
dep-220662,2023,6,19,3
dep-220662,2023,7,19,3
dep-220662,2023,8,19,3
dep-220662,2023,9,20,3
dep-220662,2023,10,20,3
dep-220662,2023,11,19,3
dep-220662,2023,12,21,3
dep-220662,2024,1,20,3
dep-220662,2024,2,20,3
dep-220662,2024,3,22,3
dep-220662,2024,4,23,4
dep-220662,2024,5,22,4
dep-220662,2024,6,22,4
dep-220662,2024,7,22,4
dep-220662,2024,8,22,4
dep-220662,2024,9,22,4
dep-220662,2024,10,25,5
dep-220662,2024,11,24,4
dep-220662,2024,12,25,4
dep-220662,2025,1,24,4
dep-220662,2025,2,25,4
dep-220662,2025,3,24,4
dep-220662,2025,4,25,5
dep-220662,2025,5,25,5
dep-220662,2025,6,25,5
dep-220662,2025,7,25,5
dep-220662,2025,8,26,5
dep-220662,2025,9,24,5
dep-220662,2025,10,25,5
dep-220662,2025,11,25,5
dep-220662,2025,12,25,5
dep-220662,2026,1,25,5
dep-220662,2026,2,25,6
dep-220662,2026,3,23,5
dep-220662,2026,4,23,5
dep-220662,2026,5,23,5
dep-220662,2026,6,23,5
dep-220662,2026,7,23,5
dep-220662,2026,8,25,5
dep-220662,2026,9,25,5
dep-220662,2026,10,25,5
dep-220663,2023,2,8,0
dep-220663,2023,3,13,2
dep-220663,2023,4,12,2
dep-220663,2023,5,13,2
dep-220663,2023,6,14,2
dep-220663,2023,7,17,2
dep-220663,2023,8,16,2
dep-220663,2023,9,17,2
dep-220663,2023,10,17,2
dep-220663,2023,11,22,2
dep-220663,2023,12,22,2
dep-220663,2024,1,22,2
dep-220663,2024,2,22,2
dep-220663,2024,3,22,2
dep-220663,2024,4,23,3
dep-220663,2024,5,23,2
dep-220663,2024,6,24,2
dep-220663,2024,7,23,2
dep-220663,2024,8,23,2
dep-220663,2024,9,22,2
dep-220663,2024,10,22,3
dep-220663,2024,11,22,3
dep-220663,2024,12,21,3
dep-220663,2025,1,21,3
dep-220663,2025,2,21,3
dep-220663,2025,3,23,3
dep-220663,2025,4,24,3
dep-220663,2025,5,25,3
dep-220663,2025,6,26,3
dep-220663,2025,7,25,3
dep-220663,2025,8,24,3
dep-220663,2025,9,23,3
dep-220663,2025,10,23,3
dep-220663,2025,11,24,3
dep-220663,2025,12,24,3
dep-220663,2026,1,24,3
dep-220663,2026,2,24,3
dep-220663,2026,3,23,3
dep-220663,2026,4,23,3
dep-220663,2026,5,25,3
dep-220663,2026,6,25,3
dep-220663,2026,7,25,3
dep-220663,2026,8,25,3
dep-220663,2026,9,25,3
dep-220663,2026,10,25,3
dep-220664,2023,2,21,2
dep-220664,2023,3,22,1
dep-220664,2023,4,24,1
dep-220664,2023,5,24,1
dep-220664,2023,6,24,2
dep-220664,2023,7,23,2
dep-220664,2023,8,24,2
dep-220664,2023,9,24,2
dep-220664,2023,10,27,2
dep-220664,2023,11,25,2
dep-220664,2023,12,25,2
dep-220664,2024,1,25,2
dep-220664,2024,2,25,2
dep-220664,2024,3,24,2
dep-220664,2024,4,24,2
dep-220664,2024,5,25,2
dep-220664,2024,6,24,2
dep-220664,2024,7,24,2
dep-220664,2024,8,24,2
dep-220664,2024,9,23,2
dep-220664,2024,10,23,2
dep-220664,2024,11,23,2
dep-220664,2024,12,23,2
dep-220664,2025,1,23,2
dep-220664,2025,2,24,2
dep-220664,2025,3,23,1
dep-220664,2025,4,24,2
dep-220664,2025,5,24,2
dep-220664,2025,6,25,2
dep-220664,2025,7,24,3
dep-220664,2025,8,24,2
dep-220664,2025,9,23,2
dep-220664,2025,10,26,2
dep-220664,2025,11,25,3
dep-220664,2025,12,25,3
dep-220664,2026,1,25,3
dep-220664,2026,2,25,3
dep-220664,2026,3,18,3
dep-220664,2026,4,18,3
dep-220664,2026,5,20,3
dep-220664,2026,6,23,3
dep-220664,2026,7,23,3
dep-220664,2026,8,23,3
dep-220664,2026,9,23,3
dep-220664,2026,10,23,3
dep-220665,2023,2,17,0
dep-220665,2023,3,17,0
dep-220665,2023,4,17,0
dep-220665,2023,5,16,0
dep-220665,2023,6,16,0
dep-220665,2023,7,16,0
dep-220665,2023,8,16,0
dep-220665,2023,9,15,0
dep-220665,2023,10,15,0
dep-220665,2023,11,15,0
dep-220665,2023,12,15,0
dep-220665,2024,1,16,0
dep-220665,2024,2,14,0
dep-220665,2024,3,14,0
dep-220665,2024,4,15,0
dep-220665,2024,5,15,0
dep-220665,2024,6,15,0
dep-220665,2024,7,15,0
dep-220665,2024,8,14,0
dep-220665,2024,9,14,0
dep-220665,2024,10,14,0
dep-220665,2024,11,15,0
dep-220665,2024,12,15,0
dep-220665,2025,1,15,0
dep-220665,2025,2,15,0
dep-220665,2025,3,17,0
dep-220665,2025,4,17,0
dep-220665,2025,5,17,1
dep-220665,2025,6,18,1
dep-220665,2025,7,17,1
dep-220665,2025,8,17,1
dep-220665,2025,9,17,1
dep-220665,2025,10,17,1
dep-220665,2025,11,17,1
dep-220665,2025,12,17,1
dep-220665,2026,1,17,1
dep-220665,2026,2,15,1
dep-220665,2026,3,11,1
dep-220665,2026,4,11,1
dep-220665,2026,5,11,1
dep-220665,2026,6,13,1
dep-220665,2026,7,19,1
dep-220665,2026,8,19,1
dep-220665,2026,9,19,1
dep-220665,2026,10,19,1
dep-220666,2023,2,23,0
dep-220666,2023,3,23,0
dep-220666,2023,4,25,1
dep-220666,2023,5,25,3
dep-220666,2023,6,24,3
dep-220666,2023,7,24,3
dep-220666,2023,8,24,3
dep-220666,2023,9,26,3
dep-220666,2023,10,25,3
dep-220666,2023,11,24,3
dep-220666,2023,12,24,3
dep-220666,2024,1,23,3
dep-220666,2024,2,24,3
dep-220666,2024,3,25,3
dep-220666,2024,4,25,3
dep-220666,2024,5,25,3
dep-220666,2024,6,25,4
dep-220666,2024,7,28,4
dep-220666,2024,8,25,4
dep-220666,2024,9,25,4
dep-220666,2024,10,25,4
dep-220666,2024,11,24,5
dep-220666,2024,12,27,5
dep-220666,2025,1,23,5
dep-220666,2025,2,26,5
dep-220666,2025,3,26,5
dep-220666,2025,4,25,5
dep-220666,2025,5,25,5
dep-220666,2025,6,25,5
dep-220666,2025,7,25,5
dep-220666,2025,8,25,5
dep-220666,2025,9,25,5
dep-220666,2025,10,25,5
dep-220666,2025,11,25,5
dep-220666,2025,12,25,5
dep-220666,2026,1,25,5
dep-220666,2026,2,25,5
dep-220666,2026,3,20,4
dep-220666,2026,4,20,4
dep-220666,2026,5,22,4
dep-220666,2026,6,22,4
dep-220666,2026,7,23,4
dep-220666,2026,8,24,4
dep-220666,2026,9,24,4
dep-220666,2026,10,24,4
dep-220667,2023,2,10,0
dep-220667,2023,3,17,0
dep-220667,2023,4,18,0
dep-220667,2023,5,19,0
dep-220667,2023,6,19,0
dep-220667,2023,7,20,0
dep-220667,2023,8,20,0
dep-220667,2023,9,21,0
dep-220667,2023,10,21,1
dep-220667,2023,11,19,1
dep-220667,2023,12,19,1
dep-220667,2024,1,20,1
dep-220667,2024,2,20,1
dep-220667,2024,3,20,1
dep-220667,2024,4,17,1
dep-220667,2024,5,16,2
dep-220667,2024,6,17,2
dep-220667,2024,7,19,2
dep-220667,2024,8,19,2
dep-220667,2024,9,19,2
dep-220667,2024,10,19,1
dep-220667,2024,11,20,2
dep-220667,2024,12,18,1
dep-220667,2025,1,19,1
dep-220667,2025,2,19,1
dep-220667,2025,3,19,1
dep-220667,2025,4,17,1
dep-220667,2025,5,19,1
dep-220667,2025,6,19,1
dep-220667,2025,7,19,1
dep-220667,2025,8,19,1
dep-220667,2025,9,18,1
dep-220667,2025,10,19,1
dep-220667,2025,11,18,1
dep-220667,2025,12,18,2
dep-220667,2026,1,17,2
dep-220667,2026,2,17,2
dep-220667,2026,3,13,2
dep-220667,2026,4,14,2
dep-220667,2026,5,16,2
dep-220667,2026,6,17,2
dep-220667,2026,7,17,2
dep-220667,2026,8,18,2
dep-220667,2026,9,18,2
dep-220667,2026,10,18,2
dep-220668,2023,2,14,2
dep-220668,2023,3,15,2
dep-220668,2023,4,14,2
dep-220668,2023,5,14,2
dep-220668,2023,6,15,2
dep-220668,2023,7,15,3
dep-220668,2023,8,17,3
dep-220668,2023,9,17,2
dep-220668,2023,10,18,3
dep-220668,2023,11,19,3
dep-220668,2023,12,19,3
dep-220668,2024,1,19,3
dep-220668,2024,2,22,3
dep-220668,2024,3,21,3
dep-220668,2024,4,21,3
dep-220668,2024,5,21,3
dep-220668,2024,6,21,3
dep-220668,2024,7,21,3
dep-220668,2024,8,22,3
dep-220668,2024,9,21,3
dep-220668,2024,10,22,3
dep-220668,2024,11,22,4
dep-220668,2024,12,22,3
dep-220668,2025,1,22,3
dep-220668,2025,2,23,3
dep-220668,2025,3,23,3
dep-220668,2025,4,22,3
dep-220668,2025,5,23,3
dep-220668,2025,6,24,3
dep-220668,2025,7,24,3
dep-220668,2025,8,24,3
dep-220668,2025,9,24,3
dep-220668,2025,10,25,3
dep-220668,2025,11,24,0
dep-220668,2025,12,23,0
dep-220668,2026,1,23,0
dep-220668,2026,2,22,0
dep-220668,2026,3,15,0
dep-220668,2026,4,15,0
dep-220668,2026,5,18,0
dep-220668,2026,6,19,0
dep-220668,2026,7,21,0
dep-220668,2026,8,22,0
dep-220668,2026,9,22,0
dep-220668,2026,10,22,0
dep-220669,2023,2,12,0
dep-220669,2023,3,17,0
dep-220669,2023,4,18,0
dep-220669,2023,5,20,1
dep-220669,2023,6,18,1
dep-220669,2023,7,20,1
dep-220669,2023,8,19,1
dep-220669,2023,9,18,1
dep-220669,2023,10,17,1
dep-220669,2023,11,17,1
dep-220669,2023,12,17,1
dep-220669,2024,1,18,1
dep-220669,2024,2,18,1
dep-220669,2024,3,18,1
dep-220669,2024,4,18,1
dep-220669,2024,5,18,1
dep-220669,2024,6,17,1
dep-220669,2024,7,16,1
dep-220669,2024,8,17,1
dep-220669,2024,9,19,2
dep-220669,2024,10,17,2
dep-220669,2024,11,17,2
dep-220669,2024,12,18,2
dep-220669,2025,1,18,2
dep-220669,2025,2,16,2
dep-220669,2025,3,17,2
dep-220669,2025,4,15,2
dep-220669,2025,5,16,2
dep-220669,2025,6,19,2
dep-220669,2025,7,19,2
dep-220669,2025,8,20,2
dep-220669,2025,9,19,2
dep-220669,2025,10,20,1
dep-220669,2025,11,19,1
dep-220669,2025,12,20,1
dep-220669,2026,1,20,1
dep-220669,2026,2,20,1
dep-220669,2026,3,16,1
dep-220669,2026,4,17,0
dep-220669,2026,5,18,0
dep-220669,2026,6,18,0
dep-220669,2026,7,20,0
dep-220669,2026,8,21,0
dep-220669,2026,9,23,0
dep-220669,2026,10,23,0
dep-220670,2023,2,5,0
dep-220670,2023,3,7,0
dep-220670,2023,4,10,1
dep-220670,2023,5,10,2
dep-220670,2023,6,11,2
dep-220670,2023,7,11,2
dep-220670,2023,8,13,2
dep-220670,2023,9,13,2
dep-220670,2023,10,14,2
dep-220670,2023,11,14,2
dep-220670,2023,12,14,2
dep-220670,2024,1,14,2
dep-220670,2024,2,14,2
dep-220670,2024,3,14,2
dep-220670,2024,4,14,2
dep-220670,2024,5,14,2
dep-220670,2024,6,12,2
dep-220670,2024,7,10,2
dep-220670,2024,8,11,2
dep-220670,2024,9,11,2
dep-220670,2024,10,11,2
dep-220670,2024,11,10,2
dep-220670,2024,12,9,2
dep-220670,2025,1,10,2
dep-220670,2025,2,11,2
dep-220670,2025,3,12,2
dep-220670,2025,4,13,2
dep-220670,2025,5,13,2
dep-220670,2025,6,13,2
dep-220670,2025,7,13,2
dep-220670,2025,8,13,2
dep-220670,2025,9,13,2
dep-220670,2025,10,12,2
dep-220670,2025,11,12,2
dep-220670,2025,12,12,2
dep-220670,2026,1,12,2
dep-220670,2026,2,13,2
dep-220670,2026,3,8,2
dep-220670,2026,4,8,2
dep-220670,2026,5,8,2
dep-220670,2026,6,9,2
dep-220670,2026,7,10,2
dep-220670,2026,8,10,2
dep-220670,2026,9,11,2
dep-220670,2026,10,11,2
dep-220671,2023,2,12,0
dep-220671,2023,3,24,1
dep-220671,2023,4,24,1
dep-220671,2023,5,25,1
dep-220671,2023,6,25,1
dep-220671,2023,7,25,1
dep-220671,2023,8,26,1
dep-220671,2023,9,25,1
dep-220671,2023,10,25,1
dep-220671,2023,11,25,1
dep-220671,2023,12,25,1
dep-220671,2024,1,25,1
dep-220671,2024,2,24,1
dep-220671,2024,3,25,1
dep-220671,2024,4,25,1
dep-220671,2024,5,25,2
dep-220671,2024,6,26,2
dep-220671,2024,7,21,2
dep-220671,2024,8,21,2
dep-220671,2024,9,23,2
dep-220671,2024,10,23,2
dep-220671,2024,11,24,2
dep-220671,2024,12,24,2
dep-220671,2025,1,26,2
dep-220671,2025,2,25,2
dep-220671,2025,3,25,2
dep-220671,2025,4,26,2
dep-220671,2025,5,26,3
dep-220671,2025,6,26,3
dep-220671,2025,7,25,3
dep-220671,2025,8,25,3
dep-220671,2025,9,27,3
dep-220671,2025,10,26,3
dep-220671,2025,11,25,3
dep-220671,2025,12,25,3
dep-220671,2026,1,25,3
dep-220671,2026,2,26,3
dep-220671,2026,3,21,3
dep-220671,2026,4,22,3
dep-220671,2026,5,23,3
dep-220671,2026,6,23,3
dep-220671,2026,7,25,3
dep-220671,2026,8,25,3
dep-220671,2026,9,25,3
dep-220671,2026,10,25,3
dep-220672,2023,2,5,0
dep-220672,2023,3,14,0
dep-220672,2023,4,18,1
dep-220672,2023,5,20,2
dep-220672,2023,6,22,2
dep-220672,2023,7,23,2
dep-220672,2023,8,24,2
dep-220672,2023,9,24,2
dep-220672,2023,10,25,2
dep-220672,2023,11,25,2
dep-220672,2023,12,24,2
dep-220672,2024,1,24,2
dep-220672,2024,2,24,2
dep-220672,2024,3,24,2
dep-220672,2024,4,24,2
dep-220672,2024,5,25,2
dep-220672,2024,6,25,2
dep-220672,2024,7,27,2
dep-220672,2024,8,25,2
dep-220672,2024,9,25,2
dep-220672,2024,10,25,2
dep-220672,2024,11,25,2
dep-220672,2024,12,26,2
dep-220672,2025,1,24,2
dep-220672,2025,2,25,2
dep-220672,2025,3,23,2
dep-220672,2025,4,23,2
dep-220672,2025,5,23,2
dep-220672,2025,6,23,2
dep-220672,2025,7,23,2
dep-220672,2025,8,25,2
dep-220672,2025,9,25,2
dep-220672,2025,10,25,2
dep-220672,2025,11,25,2
dep-220672,2025,12,25,2
dep-220672,2026,1,25,2
dep-220672,2026,2,25,2
dep-220672,2026,3,21,2
dep-220672,2026,4,21,2
dep-220672,2026,5,24,2
dep-220672,2026,6,24,2
dep-220672,2026,7,24,2
dep-220672,2026,8,24,2
dep-220672,2026,9,24,2
dep-220672,2026,10,24,2
dep-220673,2023,3,1,0
dep-220673,2023,4,9,0
dep-220673,2023,5,9,0
dep-220673,2023,6,10,0
dep-220673,2023,7,11,0
dep-220673,2023,8,12,0
dep-220673,2023,9,12,0
dep-220673,2023,10,12,0
dep-220673,2023,11,13,0
dep-220673,2023,12,13,0
dep-220673,2024,1,13,0
dep-220673,2024,2,13,0
dep-220673,2024,3,12,0
dep-220673,2024,4,14,0
dep-220673,2024,5,15,0
dep-220673,2024,6,15,0
dep-220673,2024,7,15,0
dep-220673,2024,8,14,0
dep-220673,2024,9,14,0
dep-220673,2024,10,14,0
dep-220673,2024,11,13,0
dep-220673,2024,12,14,0
dep-220673,2025,1,14,0
dep-220673,2025,2,15,0
dep-220673,2025,3,17,0
dep-220673,2025,4,17,0
dep-220673,2025,5,17,0
dep-220673,2025,6,17,0
dep-220673,2025,7,17,0
dep-220673,2025,8,17,0
dep-220673,2025,9,18,0
dep-220673,2025,10,16,0
dep-220673,2025,11,16,0
dep-220673,2025,12,16,0
dep-220673,2026,1,14,0
dep-220673,2026,2,16,0
dep-220673,2026,3,16,0
dep-220673,2026,4,16,0
dep-220673,2026,5,16,0
dep-220673,2026,6,16,0
dep-220673,2026,7,16,0
dep-220673,2026,8,16,0
dep-220673,2026,9,16,0
dep-220673,2026,10,16,0
dep-220674,2023,3,3,1
dep-220674,2023,4,5,1
dep-220674,2023,5,7,1
dep-220674,2023,6,7,1
dep-220674,2023,7,10,1
dep-220674,2023,8,16,1
dep-220674,2023,9,21,1
dep-220674,2023,10,20,1
dep-220674,2023,11,20,1
dep-220674,2023,12,20,1
dep-220674,2024,1,21,1
dep-220674,2024,2,23,1
dep-220674,2024,3,22,1
dep-220674,2024,4,22,1
dep-220674,2024,5,23,1
dep-220674,2024,6,22,1
dep-220674,2024,7,22,1
dep-220674,2024,8,25,1
dep-220674,2024,9,23,1
dep-220674,2024,10,23,1
dep-220674,2024,11,23,1
dep-220674,2024,12,23,1
dep-220674,2025,1,22,1
dep-220674,2025,2,19,1
dep-220674,2025,3,20,1
dep-220674,2025,4,19,1
dep-220674,2025,5,19,1
dep-220674,2025,6,20,1
dep-220674,2025,7,21,1
dep-220674,2025,8,22,1
dep-220674,2025,9,22,1
dep-220674,2025,10,22,1
dep-220674,2025,11,22,1
dep-220674,2025,12,25,1
dep-220674,2026,1,24,1
dep-220674,2026,2,24,1
dep-220674,2026,3,18,1
dep-220674,2026,4,21,1
dep-220674,2026,5,21,1
dep-220674,2026,6,21,1
dep-220674,2026,7,22,1
dep-220674,2026,8,22,1
dep-220674,2026,9,23,1
dep-220674,2026,10,23,1
dep-220675,2023,2,10,0
dep-220675,2023,3,15,1
dep-220675,2023,4,16,1
dep-220675,2023,5,17,1
dep-220675,2023,6,16,2
dep-220675,2023,7,16,1
dep-220675,2023,8,20,1
dep-220675,2023,9,21,1
dep-220675,2023,10,21,1
dep-220675,2023,11,21,1
dep-220675,2023,12,21,1
dep-220675,2024,1,21,1
dep-220675,2024,2,21,1
dep-220675,2024,3,21,1
dep-220675,2024,4,21,1
dep-220675,2024,5,22,1
dep-220675,2024,6,22,1
dep-220675,2024,7,25,1
dep-220675,2024,8,25,1
dep-220675,2024,9,25,1
dep-220675,2024,10,26,1
dep-220675,2024,11,25,2
dep-220675,2024,12,22,1
dep-220675,2025,1,22,1
dep-220675,2025,2,23,1
dep-220675,2025,3,24,1
dep-220675,2025,4,24,1
dep-220675,2025,5,25,1
dep-220675,2025,6,25,1
dep-220675,2025,7,25,1
dep-220675,2025,8,25,1
dep-220675,2025,9,23,1
dep-220675,2025,10,23,1
dep-220675,2025,11,24,1
dep-220675,2025,12,24,1
dep-220675,2026,1,24,1
dep-220675,2026,2,19,1
dep-220675,2026,3,12,1
dep-220675,2026,4,12,1
dep-220675,2026,5,13,1
dep-220675,2026,6,13,1
dep-220675,2026,7,16,1
dep-220675,2026,8,17,1
dep-220675,2026,9,20,1
dep-220675,2026,10,22,1
dep-220676,2023,2,3,0
dep-220676,2023,3,9,1
dep-220676,2023,4,11,1
dep-220676,2023,5,11,1
dep-220676,2023,6,12,1
dep-220676,2023,7,13,1
dep-220676,2023,8,14,2
dep-220676,2023,9,15,2
dep-220676,2023,10,15,2
dep-220676,2023,11,15,2
dep-220676,2023,12,15,2
dep-220676,2024,1,15,2
dep-220676,2024,2,15,2
dep-220676,2024,3,15,3
dep-220676,2024,4,15,2
dep-220676,2024,5,16,2
dep-220676,2024,6,16,2
dep-220676,2024,7,15,2
dep-220676,2024,8,15,2
dep-220676,2024,9,15,2
dep-220676,2024,10,16,2
dep-220676,2024,11,16,2
dep-220676,2024,12,17,2
dep-220676,2025,1,16,2
dep-220676,2025,2,15,2
dep-220676,2025,3,17,2
dep-220676,2025,4,16,2
dep-220676,2025,5,16,2
dep-220676,2025,6,17,2
dep-220676,2025,7,17,2
dep-220676,2025,8,17,1
dep-220676,2025,9,17,2
dep-220676,2025,10,17,2
dep-220676,2025,11,17,2
dep-220676,2025,12,16,2
dep-220676,2026,1,16,2
dep-220676,2026,2,16,2
dep-220676,2026,3,16,2
dep-220676,2026,4,16,2
dep-220676,2026,5,16,2
dep-220676,2026,6,16,2
dep-220676,2026,7,17,2
dep-220676,2026,8,17,2
dep-220676,2026,9,17,2
dep-220676,2026,10,17,2
dep-220677,2023,2,12,0
dep-220677,2023,3,12,1
dep-220677,2023,4,13,1
dep-220677,2023,5,13,1
dep-220677,2023,6,16,1
dep-220677,2023,7,16,1
dep-220677,2023,8,17,1
dep-220677,2023,9,17,1
dep-220677,2023,10,17,1
dep-220677,2023,11,17,1
dep-220677,2023,12,17,2
dep-220677,2024,1,17,2
dep-220677,2024,2,16,2
dep-220677,2024,3,17,2
dep-220677,2024,4,17,2
dep-220677,2024,5,17,2
dep-220677,2024,6,17,2
dep-220677,2024,7,17,2
dep-220677,2024,8,17,2
dep-220677,2024,9,17,2
dep-220677,2024,10,17,2
dep-220677,2024,11,17,2
dep-220677,2024,12,17,2
dep-220677,2025,1,18,2
dep-220677,2025,2,19,2
dep-220677,2025,3,25,2
dep-220677,2025,4,25,2
dep-220677,2025,5,26,2
dep-220677,2025,6,25,2
dep-220677,2025,7,25,2
dep-220677,2025,8,25,2
dep-220677,2025,9,25,2
dep-220677,2025,10,25,2
dep-220677,2025,11,25,2
dep-220677,2025,12,25,2
dep-220677,2026,1,24,2
dep-220677,2026,2,25,2
dep-220677,2026,3,17,4
dep-220677,2026,4,19,4
dep-220677,2026,5,21,6
dep-220677,2026,6,22,6
dep-220677,2026,7,22,6
dep-220677,2026,8,24,7
dep-220677,2026,9,24,7
dep-220677,2026,10,25,7
dep-220681,2023,2,2,0
dep-220681,2023,3,9,2
dep-220681,2023,4,9,3
dep-220681,2023,5,9,3
dep-220681,2023,6,10,3
dep-220681,2023,7,9,3
dep-220681,2023,8,10,3
dep-220681,2023,9,10,3
dep-220681,2023,10,11,4
dep-220681,2023,11,10,3
dep-220681,2023,12,10,3
dep-220681,2024,1,9,3
dep-220681,2024,2,10,4
dep-220681,2024,3,8,3
dep-220681,2024,4,8,3
dep-220681,2024,5,9,3
dep-220681,2024,6,8,3
dep-220681,2024,7,8,0
dep-220681,2024,8,8,0
dep-220681,2024,9,9,0
dep-220681,2024,10,8,3
dep-220681,2024,11,8,3
dep-220681,2024,12,8,3
dep-220681,2025,1,8,3
dep-220681,2025,2,8,3
dep-220681,2025,3,8,3
dep-220681,2025,4,10,2
dep-220681,2025,5,10,3
dep-220681,2025,6,10,3
dep-220681,2025,7,11,3
dep-220681,2025,8,10,3
dep-220681,2025,9,10,3
dep-220681,2025,10,10,3
dep-220681,2025,11,10,3
dep-220681,2025,12,10,3
dep-220681,2026,1,8,3
dep-220681,2026,2,10,3
dep-220681,2026,3,7,3
dep-220681,2026,4,8,3
dep-220681,2026,5,8,3
dep-220681,2026,6,9,5
dep-220681,2026,7,9,3
dep-220681,2026,8,10,3
dep-220681,2026,9,10,3
dep-220681,2026,10,10,3
dep-220682,2023,2,14,0
dep-220682,2023,3,15,0
dep-220682,2023,4,16,0
dep-220682,2023,5,16,0
dep-220682,2023,6,16,0
dep-220682,2023,7,16,0
dep-220682,2023,8,16,0
dep-220682,2023,9,16,0
dep-220682,2023,10,16,0
dep-220682,2023,11,16,0
dep-220682,2023,12,16,0
dep-220682,2024,1,16,0
dep-220682,2024,2,16,0
dep-220682,2024,3,16,0
dep-220682,2024,4,16,0
dep-220682,2024,5,16,0
dep-220682,2024,6,16,0
dep-220682,2024,7,16,0
dep-220682,2024,8,16,0
dep-220682,2024,9,16,0
dep-220682,2024,10,16,0
dep-220682,2024,11,16,0
dep-220682,2024,12,16,0
dep-220682,2025,1,16,0
dep-220682,2025,2,16,0
dep-220682,2025,3,16,0
dep-220682,2025,4,16,0
dep-220682,2025,5,16,0
dep-220682,2025,6,16,0
dep-220682,2025,7,16,0
dep-220682,2025,8,16,0
dep-220682,2025,9,17,0
dep-220682,2025,10,17,0
dep-220682,2025,11,17,0
dep-220682,2025,12,17,0
dep-220682,2026,1,17,0
dep-220682,2026,2,17,0
dep-220682,2026,3,1,0
dep-220682,2026,4,1,0
dep-220682,2026,5,1,0
dep-220682,2026,6,2,1
dep-220682,2026,7,19,1
dep-220682,2026,8,19,1
dep-220682,2026,9,19,1
dep-220682,2026,10,19,1
dep-220683,2023,2,6,0
dep-220683,2023,3,11,0
dep-220683,2023,4,12,0
dep-220683,2023,5,13,0
dep-220683,2023,6,13,0
dep-220683,2023,7,13,0
dep-220683,2023,8,15,0
dep-220683,2023,9,17,0
dep-220683,2023,10,16,0
dep-220683,2023,11,16,0
dep-220683,2023,12,14,0
dep-220683,2024,1,14,0
dep-220683,2024,2,14,0
dep-220683,2024,3,13,0
dep-220683,2024,4,13,0
dep-220683,2024,5,14,0
dep-220683,2024,6,14,0
dep-220683,2024,7,14,0
dep-220683,2024,8,14,0
dep-220683,2024,9,14,0
dep-220683,2024,10,16,0
dep-220683,2024,11,15,0
dep-220683,2024,12,15,0
dep-220683,2025,1,15,0
dep-220683,2025,2,13,0
dep-220683,2025,3,17,0
dep-220683,2025,4,18,0
dep-220683,2025,5,18,0
dep-220683,2025,6,18,0
dep-220683,2025,7,19,0
dep-220683,2025,8,19,0
dep-220683,2025,9,18,0
dep-220683,2025,10,18,0
dep-220683,2025,11,18,0
dep-220683,2025,12,18,0
dep-220683,2026,1,17,0
dep-220683,2026,2,18,0
dep-220683,2026,3,15,0
dep-220683,2026,4,15,0
dep-220683,2026,5,15,0
dep-220683,2026,6,16,0
dep-220683,2026,7,16,0
dep-220683,2026,8,19,0
dep-220683,2026,9,19,0
dep-220683,2026,10,19,0
dep-220684,2023,2,11,2
dep-220684,2023,3,12,1
dep-220684,2023,4,12,1
dep-220684,2023,5,12,1
dep-220684,2023,6,15,1
dep-220684,2023,7,13,1
dep-220684,2023,8,13,1
dep-220684,2023,9,13,1
dep-220684,2023,10,13,1
dep-220684,2023,11,13,1
dep-220684,2023,12,14,1
dep-220684,2024,1,13,1
dep-220684,2024,2,13,1
dep-220684,2024,3,13,1
dep-220684,2024,4,13,1
dep-220684,2024,5,13,1
dep-220684,2024,6,13,1
dep-220684,2024,7,13,1
dep-220684,2024,8,13,1
dep-220684,2024,9,13,1
dep-220684,2024,10,13,1
dep-220684,2024,11,13,1
dep-220684,2024,12,13,1
dep-220684,2025,1,13,1
dep-220684,2025,2,14,1
dep-220684,2025,3,13,1
dep-220684,2025,4,13,1
dep-220684,2025,5,13,1
dep-220684,2025,6,13,1
dep-220684,2025,7,14,1
dep-220684,2025,8,13,1
dep-220684,2025,9,13,1
dep-220684,2025,10,13,1
dep-220684,2025,11,13,1
dep-220684,2025,12,13,1
dep-220684,2026,1,13,1
dep-220684,2026,2,13,1
dep-220684,2026,3,9,1
dep-220684,2026,4,9,1
dep-220684,2026,5,10,1
dep-220684,2026,6,10,1
dep-220684,2026,7,10,1
dep-220684,2026,8,11,1
dep-220684,2026,9,11,1
dep-220684,2026,10,11,1
dep-220685,2023,2,9,0
dep-220685,2023,3,11,1
dep-220685,2023,4,10,1
dep-220685,2023,5,10,1
dep-220685,2023,6,10,1
dep-220685,2023,7,10,1
dep-220685,2023,8,10,1
dep-220685,2023,9,10,1
dep-220685,2023,10,10,1
dep-220685,2023,11,10,1
dep-220685,2023,12,10,1
dep-220685,2024,1,9,1
dep-220685,2024,2,9,1
dep-220685,2024,3,10,1
dep-220685,2024,4,11,1
dep-220685,2024,5,10,1
dep-220685,2024,6,10,1
dep-220685,2024,7,11,1
dep-220685,2024,8,9,1
dep-220685,2024,9,9,1
dep-220685,2024,10,11,1
dep-220685,2024,11,11,1
dep-220685,2024,12,11,1
dep-220685,2025,1,11,1
dep-220685,2025,2,14,1
dep-220685,2025,3,12,1
dep-220685,2025,4,12,1
dep-220685,2025,5,12,2
dep-220685,2025,6,12,2
dep-220685,2025,7,13,2
dep-220685,2025,8,14,2
dep-220685,2025,9,13,2
dep-220685,2025,10,13,2
dep-220685,2025,11,13,2
dep-220685,2025,12,15,2
dep-220685,2026,1,15,2
dep-220685,2026,2,16,2
dep-220685,2026,3,17,2
dep-220685,2026,4,17,1
dep-220685,2026,5,17,1
dep-220685,2026,6,17,1
dep-220685,2026,7,17,1
dep-220685,2026,8,17,1
dep-220685,2026,9,17,1
dep-220685,2026,10,17,1
dep-220686,2023,2,10,2
dep-220686,2023,3,10,2
dep-220686,2023,4,10,2
dep-220686,2023,5,11,2
dep-220686,2023,6,11,3
dep-220686,2023,7,10,3
dep-220686,2023,8,10,3
dep-220686,2023,9,10,3
dep-220686,2023,10,10,3
dep-220686,2023,11,9,3
dep-220686,2023,12,9,3
dep-220686,2024,1,9,3
dep-220686,2024,2,9,3
dep-220686,2024,3,9,3
dep-220686,2024,4,9,3
dep-220686,2024,5,9,3
dep-220686,2024,6,9,3
dep-220686,2024,7,9,3
dep-220686,2024,8,9,3
dep-220686,2024,9,9,3
dep-220686,2024,10,9,3
dep-220686,2024,11,11,4
dep-220686,2024,12,9,3
dep-220686,2025,1,9,3
dep-220686,2025,2,9,4
dep-220686,2025,3,9,3
dep-220686,2025,4,10,4
dep-220686,2025,5,9,3
dep-220686,2025,6,9,3
dep-220686,2025,7,9,3
dep-220686,2025,8,9,3
dep-220686,2025,9,9,3
dep-220686,2025,10,9,3
dep-220686,2025,11,9,3
dep-220686,2025,12,10,3
dep-220686,2026,1,9,3
dep-220686,2026,2,7,3
dep-220686,2026,3,5,3
dep-220686,2026,4,7,3
dep-220686,2026,5,7,2
dep-220686,2026,6,8,2
dep-220686,2026,7,9,2
dep-220686,2026,8,12,2
dep-220686,2026,9,12,2
dep-220686,2026,10,12,2
dep-220687,2023,2,16,1
dep-220687,2023,3,19,2
dep-220687,2023,4,21,1
dep-220687,2023,5,22,1
dep-220687,2023,6,22,1
dep-220687,2023,7,22,1
dep-220687,2023,8,22,1
dep-220687,2023,9,22,1
dep-220687,2023,10,22,1
dep-220687,2023,11,22,1
dep-220687,2023,12,23,1
dep-220687,2024,1,23,1
dep-220687,2024,2,24,1
dep-220687,2024,3,24,1
dep-220687,2024,4,25,1
dep-220687,2024,5,24,1
dep-220687,2024,6,25,1
dep-220687,2024,7,24,0
dep-220687,2024,8,24,0
dep-220687,2024,9,24,0
dep-220687,2024,10,24,1
dep-220687,2024,11,24,1
dep-220687,2024,12,23,1
dep-220687,2025,1,22,1
dep-220687,2025,2,22,1
dep-220687,2025,3,23,1
dep-220687,2025,4,24,1
dep-220687,2025,5,24,1
dep-220687,2025,6,24,1
dep-220687,2025,7,23,1
dep-220687,2025,8,23,1
dep-220687,2025,9,22,1
dep-220687,2025,10,22,1
dep-220687,2025,11,22,1
dep-220687,2025,12,24,1
dep-220687,2026,1,23,1
dep-220687,2026,2,23,1
dep-220687,2026,3,15,1
dep-220687,2026,4,17,1
dep-220687,2026,5,22,1
dep-220687,2026,6,22,1
dep-220687,2026,7,23,1
dep-220687,2026,8,23,1
dep-220687,2026,9,23,1
dep-220687,2026,10,24,1
dep-220688,2023,2,15,0
dep-220688,2023,3,15,0
dep-220688,2023,4,15,0
dep-220688,2023,5,15,0
dep-220688,2023,6,16,1
dep-220688,2023,7,16,1
dep-220688,2023,8,16,1
dep-220688,2023,9,20,1
dep-220688,2023,10,21,1
dep-220688,2023,11,21,1
dep-220688,2023,12,21,1
dep-220688,2024,1,21,1
dep-220688,2024,2,21,1
dep-220688,2024,3,21,1
dep-220688,2024,4,21,1
dep-220688,2024,5,21,2
dep-220688,2024,6,20,2
dep-220688,2024,7,21,2
dep-220688,2024,8,22,2
dep-220688,2024,9,22,2
dep-220688,2024,10,22,2
dep-220688,2024,11,22,2
dep-220688,2024,12,22,2
dep-220688,2025,1,22,2
dep-220688,2025,2,22,2
dep-220688,2025,3,22,2
dep-220688,2025,4,22,2
dep-220688,2025,5,21,2
dep-220688,2025,6,22,2
dep-220688,2025,7,22,2
dep-220688,2025,8,22,2
dep-220688,2025,9,22,2
dep-220688,2025,10,22,2
dep-220688,2025,11,22,2
dep-220688,2025,12,23,2
dep-220688,2026,1,22,2
dep-220688,2026,2,22,2
dep-220688,2026,3,20,2
dep-220688,2026,4,24,2
dep-220688,2026,5,25,2
dep-220688,2026,6,25,2
dep-220688,2026,7,25,2
dep-220688,2026,8,25,2
dep-220688,2026,9,25,2
dep-220688,2026,10,25,2
dep-220689,2023,2,6,0
dep-220689,2023,3,20,1
dep-220689,2023,4,21,1
dep-220689,2023,5,24,1
dep-220689,2023,6,23,1
dep-220689,2023,7,23,2
dep-220689,2023,8,23,1
dep-220689,2023,9,23,1
dep-220689,2023,10,23,1
dep-220689,2023,11,23,1
dep-220689,2023,12,23,0
dep-220689,2024,1,23,0
dep-220689,2024,2,23,0
dep-220689,2024,3,23,0
dep-220689,2024,4,23,1
dep-220689,2024,5,24,1
dep-220689,2024,6,26,1
dep-220689,2024,7,25,1
dep-220689,2024,8,25,1
dep-220689,2024,9,25,1
dep-220689,2024,10,25,1
dep-220689,2024,11,24,1
dep-220689,2024,12,24,1
dep-220689,2025,1,24,1
dep-220689,2025,2,25,1
dep-220689,2025,3,25,1
dep-220689,2025,4,26,1
dep-220689,2025,5,28,1
dep-220689,2025,6,27,1
dep-220689,2025,7,25,1
dep-220689,2025,8,25,1
dep-220689,2025,9,27,1
dep-220689,2025,10,20,1
dep-220689,2025,11,20,1
dep-220689,2025,12,20,1
dep-220689,2026,1,20,1
dep-220689,2026,2,20,1
dep-220689,2026,3,13,0
dep-220689,2026,4,16,0
dep-220689,2026,5,18,0
dep-220689,2026,6,22,1
dep-220689,2026,7,22,1
dep-220689,2026,8,25,1
dep-220689,2026,9,25,1
dep-220689,2026,10,25,1
dep-220690,2023,2,22,1
dep-220690,2023,3,23,1
dep-220690,2023,4,23,1
dep-220690,2023,5,23,1
dep-220690,2023,6,24,2
dep-220690,2023,7,23,2
dep-220690,2023,8,22,2
dep-220690,2023,9,23,2
dep-220690,2023,10,24,3
dep-220690,2023,11,24,2
dep-220690,2023,12,22,2
dep-220690,2024,1,21,2
dep-220690,2024,2,20,2
dep-220690,2024,3,20,2
dep-220690,2024,4,21,2
dep-220690,2024,5,21,2
dep-220690,2024,6,20,2
dep-220690,2024,7,21,2
dep-220690,2024,8,22,2
dep-220690,2024,9,22,2
dep-220690,2024,10,22,2
dep-220690,2024,11,23,2
dep-220690,2024,12,24,3
dep-220690,2025,1,23,2
dep-220690,2025,2,23,2
dep-220690,2025,3,23,2
dep-220690,2025,4,23,2
dep-220690,2025,5,23,2
dep-220690,2025,6,23,2
dep-220690,2025,7,23,2
dep-220690,2025,8,22,3
dep-220690,2025,9,21,2
dep-220690,2025,10,22,2
dep-220690,2025,11,22,2
dep-220690,2025,12,22,2
dep-220690,2026,1,22,2
dep-220690,2026,2,22,2
dep-220690,2026,3,13,2
dep-220690,2026,4,19,2
dep-220690,2026,5,19,2
dep-220690,2026,6,21,2
dep-220690,2026,7,23,2
dep-220690,2026,8,23,2
dep-220690,2026,9,23,2
dep-220690,2026,10,23,2
dep-220691,2023,2,8,1
dep-220691,2023,3,13,1
dep-220691,2023,4,15,1
dep-220691,2023,5,16,1
dep-220691,2023,6,16,1
dep-220691,2023,7,18,1
dep-220691,2023,8,18,1
dep-220691,2023,9,18,1
dep-220691,2023,10,18,1
dep-220691,2023,11,18,1
dep-220691,2023,12,18,1
dep-220691,2024,1,18,1
dep-220691,2024,2,18,1
dep-220691,2024,3,18,1
dep-220691,2024,4,19,1
dep-220691,2024,5,19,1
dep-220691,2024,6,20,1
dep-220691,2024,7,20,1
dep-220691,2024,8,20,1
dep-220691,2024,9,20,1
dep-220691,2024,10,20,1
dep-220691,2024,11,20,1
dep-220691,2024,12,21,1
dep-220691,2025,1,20,1
dep-220691,2025,2,20,1
dep-220691,2025,3,20,1
dep-220691,2025,4,20,1
dep-220691,2025,5,20,2
dep-220691,2025,6,19,2
dep-220691,2025,7,20,2
dep-220691,2025,8,20,2
dep-220691,2025,9,20,2
dep-220691,2025,10,20,2
dep-220691,2025,11,20,2
dep-220691,2025,12,20,2
dep-220691,2026,1,20,2
dep-220691,2026,2,20,2
dep-220691,2026,3,17,2
dep-220691,2026,4,18,2
dep-220691,2026,5,18,2
dep-220691,2026,6,18,2
dep-220691,2026,7,18,2
dep-220691,2026,8,18,2
dep-220691,2026,9,19,2
dep-220691,2026,10,19,2
dep-220692,2023,2,9,3
dep-220692,2023,3,13,3
dep-220692,2023,4,16,3
dep-220692,2023,5,22,3
dep-220692,2023,6,24,3
dep-220692,2023,7,25,3
dep-220692,2023,8,25,3
dep-220692,2023,9,24,3
dep-220692,2023,10,25,3
dep-220692,2023,11,25,3
dep-220692,2023,12,25,3
dep-220692,2024,1,25,3
dep-220692,2024,2,25,3
dep-220692,2024,3,25,3
dep-220692,2024,4,24,3
dep-220692,2024,5,25,3
dep-220692,2024,6,26,3
dep-220692,2024,7,26,3
dep-220692,2024,8,25,3
dep-220692,2024,9,25,3
dep-220692,2024,10,26,3
dep-220692,2024,11,25,3
dep-220692,2024,12,25,3
dep-220692,2025,1,26,3
dep-220692,2025,2,24,3
dep-220692,2025,3,26,3
dep-220692,2025,4,26,3
dep-220692,2025,5,25,3
dep-220692,2025,6,25,3
dep-220692,2025,7,25,4
dep-220692,2025,8,25,3
dep-220692,2025,9,25,3
dep-220692,2025,10,25,3
dep-220692,2025,11,25,3
dep-220692,2025,12,25,3
dep-220692,2026,1,24,3
dep-220692,2026,2,18,3
dep-220692,2026,3,18,3
dep-220692,2026,4,19,3
dep-220692,2026,5,20,3
dep-220692,2026,6,21,3
dep-220692,2026,7,21,3
dep-220692,2026,8,23,3
dep-220692,2026,9,24,3
dep-220692,2026,10,24,3
dep-220693,2023,2,16,0
dep-220693,2023,3,17,0
dep-220693,2023,4,17,0
dep-220693,2023,5,17,0
dep-220693,2023,6,18,0
dep-220693,2023,7,19,0
dep-220693,2023,8,19,0
dep-220693,2023,9,19,0
dep-220693,2023,10,19,0
dep-220693,2023,11,19,0
dep-220693,2023,12,19,0
dep-220693,2024,1,19,0
dep-220693,2024,2,19,0
dep-220693,2024,3,19,0
dep-220693,2024,4,19,0
dep-220693,2024,5,19,0
dep-220693,2024,6,20,0
dep-220693,2024,7,19,0
dep-220693,2024,8,19,0
dep-220693,2024,9,19,0
dep-220693,2024,10,19,0
dep-220693,2024,11,19,0
dep-220693,2024,12,19,0
dep-220693,2025,1,19,0
dep-220693,2025,2,19,0
dep-220693,2025,3,20,0
dep-220693,2025,4,20,0
dep-220693,2025,5,20,0
dep-220693,2025,6,20,1
dep-220693,2025,7,22,1
dep-220693,2025,8,23,1
dep-220693,2025,9,22,1
dep-220693,2025,10,23,1
dep-220693,2025,11,23,1
dep-220693,2025,12,23,1
dep-220693,2026,1,23,1
dep-220693,2026,2,23,1
dep-220693,2026,3,20,1
dep-220693,2026,4,22,1
dep-220693,2026,5,23,1
dep-220693,2026,6,25,1
dep-220693,2026,7,25,1
dep-220693,2026,8,25,1
dep-220693,2026,9,25,1
dep-220693,2026,10,25,1
dep-220694,2023,2,7,0
dep-220694,2023,3,19,1
dep-220694,2023,4,19,1
dep-220694,2023,5,19,1
dep-220694,2023,6,19,1
dep-220694,2023,7,19,1
dep-220694,2023,8,19,1
dep-220694,2023,9,20,1
dep-220694,2023,10,20,1
dep-220694,2023,11,23,1
dep-220694,2023,12,23,1
dep-220694,2024,1,23,1
dep-220694,2024,2,23,1
dep-220694,2024,3,25,1
dep-220694,2024,4,23,1
dep-220694,2024,5,24,1
dep-220694,2024,6,25,1
dep-220694,2024,7,22,1
dep-220694,2024,8,23,1
dep-220694,2024,9,23,1
dep-220694,2024,10,22,1
dep-220694,2024,11,23,1
dep-220694,2024,12,23,1
dep-220694,2025,1,23,1
dep-220694,2025,2,24,1
dep-220694,2025,3,26,1
dep-220694,2025,4,25,1
dep-220694,2025,5,25,1
dep-220694,2025,6,25,1
dep-220694,2025,7,25,1
dep-220694,2025,8,25,1
dep-220694,2025,9,25,1
dep-220694,2025,10,25,1
dep-220694,2025,11,25,1
dep-220694,2025,12,24,1
dep-220694,2026,1,24,1
dep-220694,2026,2,24,1
dep-220694,2026,3,20,1
dep-220694,2026,4,20,1
dep-220694,2026,5,23,1
dep-220694,2026,6,23,1
dep-220694,2026,7,24,1
dep-220694,2026,8,24,1
dep-220694,2026,9,24,1
dep-220694,2026,10,24,1
dep-220695,2023,2,19,0
dep-220695,2023,3,21,1
dep-220695,2023,4,22,1
dep-220695,2023,5,25,1
dep-220695,2023,6,24,1
dep-220695,2023,7,24,1
dep-220695,2023,8,24,2
dep-220695,2023,9,23,2
dep-220695,2023,10,23,2
dep-220695,2023,11,22,2
dep-220695,2023,12,23,2
dep-220695,2024,1,22,2
dep-220695,2024,2,22,2
dep-220695,2024,3,22,2
dep-220695,2024,4,24,2
dep-220695,2024,5,24,2
dep-220695,2024,6,24,2
dep-220695,2024,7,24,2
dep-220695,2024,8,24,2
dep-220695,2024,9,24,2
dep-220695,2024,10,24,2
dep-220695,2024,11,24,2
dep-220695,2024,12,23,2
dep-220695,2025,1,22,2
dep-220695,2025,2,22,2
dep-220695,2025,3,23,2
dep-220695,2025,4,23,2
dep-220695,2025,5,24,2
dep-220695,2025,6,24,2
dep-220695,2025,7,24,2
dep-220695,2025,8,24,2
dep-220695,2025,9,25,2
dep-220695,2025,10,25,2
dep-220695,2025,11,25,2
dep-220695,2025,12,25,2
dep-220695,2026,1,25,2
dep-220695,2026,2,25,2
dep-220695,2026,3,20,2
dep-220695,2026,4,20,2
dep-220695,2026,5,20,2
dep-220695,2026,6,22,2
dep-220695,2026,7,23,2
dep-220695,2026,8,23,2
dep-220695,2026,9,23,2
dep-220695,2026,10,23,2
dep-220696,2023,2,13,0
dep-220696,2023,3,17,0
dep-220696,2023,4,18,0
dep-220696,2023,5,18,0
dep-220696,2023,6,18,1
dep-220696,2023,7,18,1
dep-220696,2023,8,18,1
dep-220696,2023,9,18,1
dep-220696,2023,10,18,1
dep-220696,2023,11,18,1
dep-220696,2023,12,18,1
dep-220696,2024,1,17,1
dep-220696,2024,2,18,1
dep-220696,2024,3,19,1
dep-220696,2024,4,19,1
dep-220696,2024,5,19,1
dep-220696,2024,6,21,1
dep-220696,2024,7,19,1
dep-220696,2024,8,19,0
dep-220696,2024,9,19,1
dep-220696,2024,10,19,1
dep-220696,2024,11,18,1
dep-220696,2024,12,18,1
dep-220696,2025,1,18,1
dep-220696,2025,2,20,1
dep-220696,2025,3,19,1
dep-220696,2025,4,19,1
dep-220696,2025,5,19,1
dep-220696,2025,6,20,1
dep-220696,2025,7,20,1
dep-220696,2025,8,20,1
dep-220696,2025,9,20,1
dep-220696,2025,10,20,1
dep-220696,2025,11,20,1
dep-220696,2025,12,20,1
dep-220696,2026,1,19,1
dep-220696,2026,2,20,1
dep-220696,2026,3,10,1
dep-220696,2026,4,14,1
dep-220696,2026,5,15,1
dep-220696,2026,6,16,1
dep-220696,2026,7,18,1
dep-220696,2026,8,20,1
dep-220696,2026,9,21,1
dep-220696,2026,10,21,1
dep-220697,2023,2,8,0
dep-220697,2023,3,14,1
dep-220697,2023,4,21,3
dep-220697,2023,5,24,3
dep-220697,2023,6,25,3
dep-220697,2023,7,25,3
dep-220697,2023,8,25,4
dep-220697,2023,9,25,4
dep-220697,2023,10,25,4
dep-220697,2023,11,25,4
dep-220697,2023,12,25,4
dep-220697,2024,1,25,4
dep-220697,2024,2,25,4
dep-220697,2024,3,24,4
dep-220697,2024,4,25,4
dep-220697,2024,5,25,4
dep-220697,2024,6,25,0
dep-220697,2024,7,26,0
dep-220697,2024,8,26,0
dep-220697,2024,9,25,0
dep-220697,2024,10,24,0
dep-220697,2024,11,24,0
dep-220697,2024,12,24,0
dep-220697,2025,1,23,0
dep-220697,2025,2,23,0
dep-220697,2025,3,23,0
dep-220697,2025,4,23,0
dep-220697,2025,5,24,1
dep-220697,2025,6,22,1
dep-220697,2025,7,22,1
dep-220697,2025,8,22,1
dep-220697,2025,9,22,1
dep-220697,2025,10,25,2
dep-220697,2025,11,24,2
dep-220697,2025,12,24,2
dep-220697,2026,1,24,2
dep-220697,2026,2,24,2
dep-220697,2026,3,18,2
dep-220697,2026,4,19,2
dep-220697,2026,5,19,2
dep-220697,2026,6,19,2
dep-220697,2026,7,19,2
dep-220697,2026,8,19,2
dep-220697,2026,9,19,2
dep-220697,2026,10,21,2
dep-220698,2023,2,11,0
dep-220698,2023,3,13,1
dep-220698,2023,4,13,1
dep-220698,2023,11,14,2
dep-220698,2024,6,14,1
dep-220698,2024,7,15,1
dep-220698,2024,8,13,3
dep-220698,2024,9,13,3
dep-220698,2024,10,13,3
dep-220698,2024,11,14,3
dep-220698,2024,12,13,0
dep-220698,2025,11,18,0
dep-220698,2026,4,3,0
dep-220698,2026,5,5,0
dep-220698,2026,6,6,0
dep-220698,2026,7,7,0
dep-220698,2026,8,8,0
dep-220698,2026,9,10,0
dep-220698,2026,10,10,0
dep-220699,2023,2,13,1
dep-220699,2023,3,13,2
dep-220699,2023,4,14,2
dep-220699,2023,5,17,3
dep-220699,2023,6,15,3
dep-220699,2023,7,15,3
dep-220699,2023,8,15,3
dep-220699,2023,9,15,3
dep-220699,2023,10,15,3
dep-220699,2023,11,15,3
dep-220699,2023,12,15,3
dep-220699,2024,1,15,3
dep-220699,2024,2,15,3
dep-220699,2024,3,15,3
dep-220699,2024,4,15,3
dep-220699,2024,5,15,3
dep-220699,2024,6,14,3
dep-220699,2024,7,16,3
dep-220699,2024,8,16,2
dep-220699,2024,9,16,2
dep-220699,2024,10,15,2
dep-220699,2024,11,15,2
dep-220699,2024,12,16,2
dep-220699,2025,1,16,2
dep-220699,2025,2,15,2
dep-220699,2025,3,15,2
dep-220699,2025,4,14,2
dep-220699,2025,5,17,2
dep-220699,2025,6,19,2
dep-220699,2025,7,19,2
dep-220699,2025,8,20,2
dep-220699,2025,9,20,2
dep-220699,2025,10,20,2
dep-220699,2025,11,20,2
dep-220699,2025,12,20,2
dep-220699,2026,1,20,2
dep-220699,2026,2,20,2
dep-220699,2026,3,14,2
dep-220699,2026,4,14,2
dep-220699,2026,5,15,1
dep-220699,2026,6,15,1
dep-220699,2026,7,16,1
dep-220699,2026,8,17,2
dep-220699,2026,9,17,2
dep-220699,2026,10,17,2
dep-220700,2023,2,13,0
dep-220700,2023,3,13,0
dep-220700,2023,4,13,0
dep-220700,2023,5,13,0
dep-220700,2023,6,13,0
dep-220700,2023,7,14,0
dep-220700,2023,8,13,0
dep-220700,2023,9,13,0
dep-220700,2023,10,13,0
dep-220700,2023,11,13,0
dep-220700,2023,12,13,0
dep-220700,2024,1,13,0
dep-220700,2024,2,13,0
dep-220700,2024,3,15,0
dep-220700,2024,4,16,0
dep-220700,2024,5,15,0
dep-220700,2024,6,15,0
dep-220700,2024,7,15,0
dep-220700,2024,8,15,0
dep-220700,2024,9,15,0
dep-220700,2024,10,15,0
dep-220700,2024,11,15,0
dep-220700,2024,12,15,0
dep-220700,2025,1,15,0
dep-220700,2025,2,16,0
dep-220700,2025,3,17,0
dep-220700,2025,4,18,1
dep-220700,2025,5,18,1
dep-220700,2025,6,18,1
dep-220700,2025,7,18,1
dep-220700,2025,8,18,1
dep-220700,2025,9,18,1
dep-220700,2025,10,18,1
dep-220700,2025,11,19,1
dep-220700,2025,12,16,1
dep-220700,2026,1,16,1
dep-220700,2026,2,16,1
dep-220700,2026,3,17,1
dep-220700,2026,4,24,1
dep-220700,2026,5,24,1
dep-220700,2026,6,24,1
dep-220700,2026,7,24,1
dep-220700,2026,8,24,1
dep-220700,2026,9,24,1
dep-220700,2026,10,24,1
dep-220701,2023,2,12,0
dep-220701,2023,3,12,1
dep-220701,2023,4,13,1
dep-220701,2023,5,12,2
dep-220701,2023,6,11,2
dep-220701,2023,7,12,2
dep-220701,2023,8,11,3
dep-220701,2023,9,12,2
dep-220701,2023,10,12,2
dep-220701,2023,11,13,2
dep-220701,2023,12,13,2
dep-220701,2024,1,13,2
dep-220701,2024,2,15,2
dep-220701,2024,3,16,2
dep-220701,2024,4,15,3
dep-220701,2024,5,15,2
dep-220701,2024,6,15,2
dep-220701,2024,7,19,2
dep-220701,2024,8,16,2
dep-220701,2024,9,16,2
dep-220701,2024,10,20,2
dep-220701,2024,11,16,2
dep-220701,2024,12,17,2
dep-220701,2025,1,18,2
dep-220701,2025,2,20,2
dep-220701,2025,3,21,2
dep-220701,2025,4,21,2
dep-220701,2025,5,19,2
dep-220701,2025,6,20,2
dep-220701,2025,7,20,2
dep-220701,2025,8,21,2
dep-220701,2025,9,22,2
dep-220701,2025,10,22,2
dep-220701,2025,11,22,2
dep-220701,2025,12,22,2
dep-220701,2026,1,22,2
dep-220701,2026,2,18,2
dep-220701,2026,3,15,2
dep-220701,2026,4,21,2
dep-220701,2026,5,21,2
dep-220701,2026,6,21,2
dep-220701,2026,7,23,2
dep-220701,2026,8,23,2
dep-220701,2026,9,24,2
dep-220701,2026,10,24,2
dep-220702,2023,2,17,1
dep-220702,2023,3,23,3
dep-220702,2023,4,23,3
dep-220702,2023,5,23,2
dep-220702,2023,6,18,4
dep-220702,2023,7,18,3
dep-220702,2023,8,18,3
dep-220702,2023,9,22,2
dep-220702,2023,10,23,4
dep-220702,2023,11,22,3
dep-220702,2023,12,22,3
dep-220702,2024,1,22,3
dep-220702,2024,2,23,3
dep-220702,2024,3,21,4
dep-220702,2024,4,21,4
dep-220702,2024,5,22,5
dep-220702,2024,6,22,4
dep-220702,2024,7,24,4
dep-220702,2024,8,22,5
dep-220702,2024,9,22,0
dep-220702,2024,10,21,0
dep-220702,2024,11,19,0
dep-220702,2024,12,18,2
dep-220702,2025,1,18,5
dep-220702,2025,2,18,5
dep-220702,2025,3,18,5
dep-220702,2025,4,20,5
dep-220702,2025,5,22,5
dep-220702,2025,6,24,5
dep-220702,2025,7,24,5
dep-220702,2025,8,25,5
dep-220702,2025,9,25,6
dep-220702,2025,10,25,4
dep-220702,2025,11,25,4
dep-220702,2025,12,25,4
dep-220702,2026,1,23,4
dep-220702,2026,2,19,4
dep-220702,2026,3,15,4
dep-220702,2026,4,16,4
dep-220702,2026,5,18,4
dep-220702,2026,6,19,4
dep-220702,2026,7,19,5
dep-220702,2026,8,20,4
dep-220702,2026,9,20,4
dep-220702,2026,10,20,4
dep-220703,2023,2,16,2
dep-220703,2023,3,17,4
dep-220703,2023,4,18,4
dep-220703,2023,5,19,5
dep-220703,2023,6,18,5
dep-220703,2023,7,18,5
dep-220703,2023,8,18,5
dep-220703,2023,9,20,7
dep-220703,2023,10,19,5
dep-220703,2023,11,19,5
dep-220703,2023,12,19,5
dep-220703,2024,1,19,5
dep-220703,2024,2,20,5
dep-220703,2024,3,21,4
dep-220703,2024,4,20,5
dep-220703,2024,5,22,5
dep-220703,2024,6,25,5
dep-220703,2024,7,23,6
dep-220703,2024,8,24,5
dep-220703,2024,9,24,5
dep-220703,2024,10,24,5
dep-220703,2024,11,24,5
dep-220703,2024,12,24,5
dep-220703,2025,1,23,5
dep-220703,2025,2,25,5
dep-220703,2025,3,28,5
dep-220703,2025,4,25,5
dep-220703,2025,5,27,5
dep-220703,2025,6,26,4
dep-220703,2025,7,26,2
dep-220703,2025,8,25,2
dep-220703,2025,9,25,2
dep-220703,2025,10,25,2
dep-220703,2025,11,24,2
dep-220703,2025,12,25,2
dep-220703,2026,1,22,2
dep-220703,2026,2,22,2
dep-220703,2026,3,15,2
dep-220703,2026,4,19,2
dep-220703,2026,5,19,2
dep-220703,2026,6,20,2
dep-220703,2026,7,22,2
dep-220703,2026,8,25,2
dep-220703,2026,9,25,2
dep-220703,2026,10,25,2
dep-220704,2023,2,18,0
dep-220704,2023,3,19,0
dep-220704,2023,4,20,0
dep-220704,2023,5,19,1
dep-220704,2023,6,20,1
dep-220704,2023,7,20,1
dep-220704,2023,8,19,1
dep-220704,2023,9,19,1
dep-220704,2023,10,19,1
dep-220704,2023,11,18,1
dep-220704,2023,12,14,1
dep-220704,2024,1,14,1
dep-220704,2024,2,15,1
dep-220704,2024,3,14,1
dep-220704,2024,4,23,1
dep-220704,2024,5,21,1
dep-220704,2024,6,20,1
dep-220704,2024,7,19,1
dep-220704,2024,8,18,1
dep-220704,2024,9,18,1
dep-220704,2024,10,18,1
dep-220704,2024,11,15,1
dep-220704,2024,12,15,1
dep-220704,2025,1,15,1
dep-220704,2025,2,14,1
dep-220704,2025,3,14,1
dep-220704,2025,4,14,1
dep-220704,2025,5,14,1
dep-220704,2025,6,14,0
dep-220704,2025,7,14,1
dep-220704,2025,8,19,1
dep-220704,2025,9,18,1
dep-220704,2025,10,19,1
dep-220704,2025,11,19,1
dep-220704,2025,12,17,1
dep-220704,2026,1,16,1
dep-220704,2026,2,17,1
dep-220704,2026,3,9,1
dep-220704,2026,4,14,1
dep-220704,2026,5,16,2
dep-220704,2026,6,18,2
dep-220704,2026,7,18,2
dep-220704,2026,8,18,2
dep-220704,2026,9,18,2
dep-220704,2026,10,18,2
dep-220705,2023,2,12,0
dep-220705,2023,3,11,0
dep-220705,2023,4,13,0
dep-220705,2023,5,13,0
dep-220705,2023,6,13,0
dep-220706,2023,2,10,1
dep-220706,2023,3,16,3
dep-220706,2023,4,16,3
dep-220706,2023,5,21,3
dep-220706,2023,6,23,5
dep-220706,2023,7,24,3
dep-220706,2023,8,25,3
dep-220706,2023,9,26,3
dep-220706,2023,10,25,3
dep-220706,2023,11,25,3
dep-220706,2023,12,25,3
dep-220706,2024,1,25,3
dep-220706,2024,2,25,3
dep-220706,2024,3,25,3
dep-220706,2024,4,25,3
dep-220706,2024,5,25,3
dep-220706,2024,6,25,4
dep-220706,2024,7,24,4
dep-220706,2024,8,24,4
dep-220706,2024,9,24,4
dep-220706,2024,10,23,4
dep-220706,2024,11,23,4
dep-220706,2024,12,24,4
dep-220706,2025,1,24,4
dep-220706,2025,2,25,3
dep-220706,2025,3,27,4
dep-220706,2025,4,26,3
dep-220706,2025,5,26,1
dep-220706,2025,6,25,2
dep-220706,2025,7,26,3
dep-220706,2025,8,25,3
dep-220706,2025,9,25,3
dep-220706,2025,10,25,3
dep-220706,2025,11,26,3
dep-220706,2025,12,24,3
dep-220706,2026,1,24,3
dep-220706,2026,2,24,3
dep-220706,2026,3,21,3
dep-220706,2026,4,21,1
dep-220706,2026,5,21,1
dep-220706,2026,6,23,0
dep-220706,2026,7,24,0
dep-220706,2026,8,24,0
dep-220706,2026,9,24,0
dep-220706,2026,10,24,0
dep-220707,2023,2,8,2
dep-220707,2023,3,9,2
dep-220707,2023,4,12,2
dep-220707,2023,5,12,2
dep-220707,2023,6,12,2
dep-220707,2023,7,12,2
dep-220707,2023,8,12,2
dep-220707,2023,9,13,2
dep-220707,2023,10,13,2
dep-220707,2023,11,13,2
dep-220707,2023,12,13,2
dep-220707,2024,1,13,2
dep-220707,2024,2,13,2
dep-220707,2024,3,14,2
dep-220707,2024,4,13,2
dep-220707,2024,5,14,2
dep-220707,2024,6,15,0
dep-220707,2024,7,14,0
dep-220707,2024,8,14,0
dep-220707,2024,9,14,2
dep-220707,2024,10,14,2
dep-220707,2024,11,14,2
dep-220707,2024,12,14,2
dep-220707,2025,1,14,2
dep-220707,2025,2,14,2
dep-220707,2025,3,14,2
dep-220707,2025,4,14,2
dep-220707,2025,5,14,2
dep-220707,2025,6,14,2
dep-220707,2025,7,14,2
dep-220707,2025,8,15,3
dep-220707,2025,9,14,2
dep-220707,2025,10,17,2
dep-220707,2025,11,16,2
dep-220707,2025,12,16,2
dep-220707,2026,1,14,2
dep-220707,2026,2,15,2
dep-220707,2026,3,11,2
dep-220707,2026,4,11,2
dep-220707,2026,5,14,2
dep-220707,2026,6,14,2
dep-220707,2026,7,14,2
dep-220707,2026,8,14,2
dep-220707,2026,9,14,2
dep-220707,2026,10,14,2
dep-220708,2023,2,14,0
dep-220708,2023,3,18,1
dep-220708,2023,4,17,1
dep-220708,2023,5,19,1
dep-220708,2023,6,18,1
dep-220708,2023,7,18,1
dep-220708,2023,8,18,1
dep-220708,2023,9,18,1
dep-220708,2023,10,18,1
dep-220708,2023,11,18,1
dep-220708,2023,12,19,1
dep-220708,2024,1,18,1
dep-220708,2024,2,17,1
dep-220708,2024,3,18,1
dep-220708,2024,4,17,1
dep-220708,2024,5,18,1
dep-220708,2024,6,18,1
dep-220708,2024,7,17,1
dep-220708,2024,8,17,1
dep-220708,2024,9,17,1
dep-220708,2024,10,17,1
dep-220708,2024,11,17,1
dep-220708,2024,12,17,1
dep-220708,2025,1,17,1
dep-220708,2025,2,19,1
dep-220708,2025,3,19,1
dep-220708,2025,4,19,1
dep-220708,2025,5,19,1
dep-220708,2025,6,19,1
dep-220708,2025,7,20,1
dep-220708,2025,8,20,1
dep-220708,2025,9,21,1
dep-220708,2025,10,21,1
dep-220708,2025,11,21,1
dep-220708,2025,12,21,1
dep-220708,2026,1,18,1
dep-220708,2026,2,20,1
dep-220708,2026,3,19,1
dep-220708,2026,4,19,1
dep-220708,2026,5,20,1
dep-220708,2026,6,22,1
dep-220708,2026,7,22,1
dep-220708,2026,8,22,1
dep-220708,2026,9,22,1
dep-220708,2026,10,22,1
dep-220712,2023,2,13,0
dep-220712,2023,3,15,0
dep-220712,2023,4,15,0
dep-220712,2023,5,15,0
dep-220712,2023,6,14,0
dep-220712,2023,7,14,0
dep-220712,2023,8,14,0
dep-220712,2023,9,12,0
dep-220712,2023,10,12,1
dep-220712,2023,11,12,1
dep-220712,2023,12,12,2
dep-220712,2024,1,11,2
dep-220712,2024,10,3,0
dep-220712,2024,11,5,0
dep-220712,2024,12,11,0
dep-220712,2025,1,12,2
dep-220712,2025,2,12,2
dep-220712,2025,3,12,0
dep-220712,2025,4,12,0
dep-220712,2025,5,12,0
dep-220712,2025,6,11,0
dep-220712,2025,7,12,0
dep-220712,2025,8,12,0
dep-220712,2025,9,12,1
dep-220712,2025,10,11,1
dep-220712,2025,11,12,1
dep-220712,2025,12,12,1
dep-220712,2026,1,12,1
dep-220712,2026,2,12,1
dep-220712,2026,3,13,1
dep-220712,2026,4,13,1
dep-220712,2026,5,13,1
dep-220712,2026,6,13,1
dep-220712,2026,7,13,1
dep-220712,2026,8,13,1
dep-220712,2026,9,13,1
dep-220712,2026,10,13,1
dep-220713,2023,2,16,1
dep-220713,2023,3,20,2
dep-220713,2023,4,17,1
dep-220713,2023,5,18,1
dep-220713,2023,6,17,1
dep-220713,2023,7,16,1
dep-220713,2023,8,17,1
dep-220713,2023,9,17,1
dep-220713,2023,10,19,1
dep-220713,2023,11,23,1
dep-220713,2023,12,23,1
dep-220713,2024,1,25,1
dep-220713,2024,2,23,1
dep-220713,2024,3,22,1
dep-220713,2024,4,23,1
dep-220713,2024,5,21,1
dep-220713,2024,6,22,1
dep-220713,2024,7,21,1
dep-220713,2024,8,21,1
dep-220713,2024,9,21,1
dep-220713,2024,10,22,1
dep-220713,2024,11,22,1
dep-220713,2024,12,19,1
dep-220713,2025,1,19,1
dep-220713,2025,11,24,0
dep-220713,2026,3,7,0
dep-220713,2026,4,9,0
dep-220713,2026,5,11,1
dep-220713,2026,6,11,1
dep-220713,2026,7,13,1
dep-220713,2026,8,13,1
dep-220713,2026,9,14,1
dep-220713,2026,10,14,1
dep-220714,2023,2,13,0
dep-220714,2023,3,15,2
dep-220714,2023,4,14,3
dep-220714,2023,5,14,2
dep-220714,2023,6,14,2
dep-220714,2023,7,14,2
dep-220714,2023,8,14,2
dep-220714,2023,9,14,2
dep-220714,2023,10,13,2
dep-220714,2023,11,14,2
dep-220714,2023,12,13,3
dep-220714,2024,1,14,2
dep-220714,2024,2,13,2
dep-220714,2024,3,13,3
dep-220714,2024,4,14,2
dep-220714,2024,5,16,2
dep-220714,2024,6,15,2
dep-220714,2024,7,15,2
dep-220714,2024,8,15,2
dep-220714,2024,9,17,4
dep-220714,2024,10,15,2
dep-220714,2024,11,15,3
dep-220714,2024,12,15,2
dep-220714,2025,1,14,2
dep-220714,2025,2,14,2
dep-220714,2025,3,14,2
dep-220714,2025,4,15,2
dep-220714,2025,5,17,2
dep-220714,2025,6,32,3
dep-220714,2025,7,25,2
dep-220714,2025,8,26,2
dep-220714,2025,9,25,2
dep-220714,2025,10,26,2
dep-220714,2025,11,26,2
dep-220714,2025,12,25,2
dep-220714,2026,1,25,2
dep-220714,2026,2,25,2
dep-220714,2026,3,15,2
dep-220714,2026,4,15,2
dep-220714,2026,5,15,2
dep-220714,2026,6,17,2
dep-220714,2026,7,23,2
dep-220714,2026,8,23,3
dep-220714,2026,9,25,2
dep-220714,2026,10,25,2
dep-220715,2023,2,15,0
dep-220715,2023,3,16,1
dep-220715,2023,4,16,1
dep-220715,2023,5,17,1
dep-220715,2023,6,18,2
dep-220715,2023,7,17,1
dep-220715,2023,8,18,1
dep-220715,2023,9,18,1
dep-220715,2023,10,18,1
dep-220715,2023,11,17,1
dep-220715,2023,12,18,1
dep-220715,2024,1,18,1
dep-220715,2024,2,25,1
dep-220715,2024,3,24,1
dep-220715,2024,4,23,1
dep-220715,2024,5,23,1
dep-220715,2024,6,24,1
dep-220715,2024,7,19,1
dep-220715,2024,8,19,1
dep-220715,2024,9,18,1
dep-220715,2024,10,17,1
dep-220715,2024,11,18,1
dep-220715,2024,12,19,1
dep-220715,2025,1,18,1
dep-220715,2025,2,20,1
dep-220715,2025,3,21,1
dep-220715,2025,4,20,1
dep-220715,2025,5,20,1
dep-220715,2025,6,20,1
dep-220715,2025,7,19,1
dep-220715,2025,8,19,1
dep-220715,2025,9,19,1
dep-220715,2025,10,20,1
dep-220715,2025,11,19,1
dep-220715,2025,12,21,1
dep-220715,2026,1,21,1
dep-220715,2026,2,21,1
dep-220715,2026,3,6,1
dep-220715,2026,4,6,1
dep-220715,2026,5,6,1
dep-220715,2026,6,6,1
dep-220715,2026,7,9,1
dep-220715,2026,8,9,1
dep-220715,2026,9,10,1
dep-220715,2026,10,18,1
dep-221148,2023,2,16,0
dep-221148,2023,3,17,0
dep-221148,2023,4,17,0
dep-221148,2023,5,17,0
dep-221148,2023,6,18,1
dep-221148,2023,7,19,1
dep-221148,2023,8,19,1
dep-221148,2023,9,19,1
dep-221148,2023,10,19,1
dep-221148,2023,11,20,1
dep-221148,2023,12,20,1
dep-221148,2024,1,20,1
dep-221148,2024,2,20,1
dep-221148,2024,3,20,1
dep-221148,2024,4,21,1
dep-221148,2024,5,21,1
dep-221148,2024,6,21,1
dep-221148,2024,7,21,1
dep-221148,2024,8,21,1
dep-221148,2024,9,21,1
dep-221148,2024,10,21,1
dep-221148,2024,11,21,1
dep-221148,2024,12,21,1
dep-221148,2025,1,27,1
dep-221148,2025,2,21,1
dep-221148,2025,3,21,1
dep-221148,2025,4,23,1
dep-221148,2025,5,24,1
dep-221148,2025,6,24,1
dep-221148,2025,7,25,1
dep-221148,2025,8,25,1
dep-221148,2025,9,25,1
dep-221148,2025,10,25,1
dep-221148,2025,11,25,1
dep-221148,2025,12,25,1
dep-221148,2026,1,23,1
dep-221148,2026,2,21,1
dep-221148,2026,3,18,1
dep-221148,2026,4,18,2
dep-221148,2026,5,18,2
dep-221148,2026,6,20,3
dep-221148,2026,7,20,2
dep-221148,2026,8,20,2
dep-221148,2026,9,20,2
dep-221148,2026,10,25,2
dep-221328,2023,2,8,0
dep-221328,2023,3,15,1
dep-221328,2023,4,14,2
dep-221328,2023,5,16,2
dep-221328,2023,6,15,3
dep-221328,2023,7,15,3
dep-221328,2023,8,16,3
dep-221328,2023,9,16,3
dep-221328,2023,10,17,3
dep-221328,2023,11,17,3
dep-221328,2023,12,16,3
dep-221328,2024,1,16,3
dep-221328,2024,2,16,3
dep-221328,2024,3,16,3
dep-221328,2024,4,18,3
dep-221328,2024,5,15,2
dep-221328,2024,6,15,3
dep-221328,2024,7,14,3
dep-221328,2024,8,14,3
dep-221328,2024,9,14,3
dep-221328,2024,10,15,3
dep-221328,2024,11,15,3
dep-221328,2024,12,14,3
dep-221328,2025,1,14,3
dep-221328,2025,2,14,3
dep-221328,2025,3,14,3
dep-221328,2025,4,14,3
dep-221328,2025,5,14,3
dep-221328,2025,6,14,3
dep-221328,2025,7,13,3
dep-221328,2025,8,14,3
dep-221328,2025,9,12,3
dep-221328,2025,10,13,3
dep-221328,2025,11,12,3
dep-221328,2025,12,15,2
dep-221328,2026,1,11,3
dep-221328,2026,2,11,3
dep-221328,2026,3,9,3
dep-221328,2026,4,10,3
dep-221328,2026,5,11,3
dep-221328,2026,6,11,3
dep-221328,2026,7,12,3
dep-221328,2026,8,15,3
dep-221328,2026,9,15,3
dep-221328,2026,10,15,3
dep-221329,2023,2,13,0
dep-221329,2023,3,21,1
dep-221329,2023,4,23,1
dep-221329,2023,5,24,2
dep-221329,2023,6,25,2
dep-221329,2023,7,25,2
dep-221329,2023,10,25,2
dep-221329,2023,11,25,3
dep-221329,2023,12,25,2
dep-221329,2024,1,25,2
dep-221329,2025,4,2,0
dep-221329,2025,5,21,0
dep-221329,2025,6,24,1
dep-221329,2025,7,24,1
dep-221329,2025,8,27,2
dep-221329,2025,9,26,2
dep-221329,2025,10,25,2
dep-221329,2025,11,26,3
dep-221329,2025,12,25,2
dep-221329,2026,1,25,2
dep-221329,2026,2,25,2
dep-221329,2026,3,18,2
dep-221329,2026,4,19,2
dep-221329,2026,5,20,2
dep-221329,2026,6,22,2
dep-221329,2026,7,25,2
dep-221329,2026,8,25,2
dep-221329,2026,9,25,2
dep-221329,2026,10,25,2
dep-221338,2023,2,3,0
dep-221338,2023,3,6,0
dep-221338,2023,4,6,0
dep-221338,2023,5,7,0
dep-221338,2023,6,8,0
dep-221338,2023,7,8,0
dep-221338,2023,8,8,0
dep-221338,2023,9,8,0
dep-221338,2023,10,8,0
dep-221338,2023,11,8,0
dep-221338,2023,12,8,0
dep-221338,2024,1,8,0
dep-221338,2024,2,8,0
dep-221338,2024,3,8,0
dep-221338,2024,4,8,0
dep-221338,2024,5,9,0
dep-221338,2024,6,9,0
dep-221338,2024,7,9,0
dep-221338,2024,8,11,0
dep-221338,2024,9,11,0
dep-221338,2024,10,11,0
dep-221338,2024,11,12,0
dep-221338,2024,12,12,0
dep-221338,2025,1,12,0
dep-221338,2025,2,13,0
dep-221338,2025,3,12,0
dep-221338,2025,4,12,0
dep-221338,2025,5,12,0
dep-221338,2025,6,12,0
dep-221338,2025,7,12,0
dep-221338,2025,8,12,0
dep-221338,2025,9,12,0
dep-221338,2025,10,12,0
dep-221338,2025,11,11,0
dep-221338,2025,12,12,0
dep-221338,2026,1,12,0
dep-221338,2026,2,12,0
dep-221338,2026,3,11,0
dep-221338,2026,4,11,0
dep-221338,2026,5,11,0
dep-221338,2026,6,11,0
dep-221338,2026,7,12,0
dep-221338,2026,8,12,0
dep-221338,2026,9,12,0
dep-221338,2026,10,12,0
dep-221339,2023,2,21,4
dep-221339,2023,3,24,6
dep-221339,2023,4,24,5
dep-221339,2023,5,23,6
dep-221339,2023,6,23,4
dep-221339,2023,7,25,4
dep-221339,2023,8,24,4
dep-221339,2023,9,24,4
dep-221339,2023,10,25,4
dep-221339,2023,11,25,4
dep-221339,2023,12,24,4
dep-221339,2024,1,24,4
dep-221339,2024,2,23,5
dep-221339,2024,3,23,4
dep-221339,2024,4,24,4
dep-221339,2024,5,25,4
dep-221339,2024,6,26,4
dep-221339,2024,7,25,4
dep-221339,2024,8,25,4
dep-221339,2024,9,25,4
dep-221339,2024,10,25,4
dep-221339,2024,11,25,4
dep-221339,2024,12,25,4
dep-221378,2023,2,9,0
dep-221378,2023,3,17,0
dep-221378,2023,4,20,0
dep-221378,2023,5,21,0
dep-221378,2023,6,18,0
dep-221378,2023,7,21,0
dep-221378,2023,8,20,0
dep-221378,2023,9,21,0
dep-221378,2023,10,21,0
dep-221378,2023,11,21,0
dep-221378,2023,12,20,0
dep-221378,2024,1,20,0
dep-221378,2024,2,20,0
dep-221378,2024,3,19,0
dep-221378,2024,4,22,0
dep-221378,2024,5,20,0
dep-221378,2024,6,20,0
dep-221378,2024,7,22,0
dep-221378,2024,8,19,0
dep-221378,2024,9,22,0
dep-221378,2024,10,21,0
dep-221378,2024,11,21,0
dep-221378,2024,12,19,0
dep-221378,2025,1,15,0
dep-222142,2023,2,11,0
dep-222142,2023,3,14,0
dep-222142,2023,4,12,0
dep-222142,2023,5,15,0
dep-222142,2023,6,13,0
dep-222142,2023,7,14,0
dep-222142,2023,8,13,0
dep-222142,2023,9,13,0
dep-222142,2023,10,15,0
dep-222142,2023,11,14,0
dep-222142,2023,12,14,0
dep-222142,2024,1,13,0
dep-222142,2024,2,13,0
dep-222142,2024,3,13,0
dep-222142,2024,4,14,0
dep-222142,2024,5,16,0
dep-222142,2024,6,19,1
dep-222142,2024,7,17,1
dep-222429,2023,2,17,1
dep-222429,2023,3,21,2
dep-222429,2023,4,22,2
dep-222429,2023,5,21,2
dep-222429,2023,6,21,2
dep-222429,2023,7,21,2
dep-222429,2023,8,22,2
dep-222429,2023,9,21,2
dep-222429,2023,10,21,2
dep-222429,2023,11,21,2
dep-222429,2023,12,21,2
dep-222429,2024,1,21,2
dep-222429,2024,2,21,2
dep-222429,2024,3,21,2
dep-222429,2024,4,21,2
dep-222429,2024,5,21,2
dep-222429,2024,6,21,2
dep-222429,2024,7,20,2
dep-222429,2024,8,19,2
dep-222429,2024,9,19,2
dep-222429,2024,10,20,2
dep-222429,2024,11,20,2
dep-222429,2024,12,20,2
dep-222429,2025,1,20,2
dep-222429,2025,2,20,2
dep-222429,2025,3,20,2
dep-222429,2025,4,20,2
dep-222429,2025,5,20,2
dep-222429,2025,6,20,2
dep-222429,2025,7,20,2
dep-222429,2025,8,20,2
dep-222429,2025,9,20,2
dep-222429,2025,10,20,2
dep-222429,2025,11,20,2
dep-222429,2025,12,20,2
dep-222429,2026,1,20,2
dep-222429,2026,2,20,2
dep-222429,2026,3,20,2
dep-223128,2023,2,9,1
dep-223128,2023,3,12,2
dep-223128,2023,4,15,2
dep-223128,2023,5,15,2
dep-223128,2023,6,15,3
dep-223128,2023,7,15,3
dep-223128,2023,8,15,3
dep-223128,2023,9,15,3
dep-223128,2023,10,15,3
dep-223128,2023,11,15,3
dep-223128,2023,12,15,3
dep-223128,2024,1,15,3
dep-223128,2024,2,15,3
dep-223128,2024,3,16,3
dep-223128,2024,4,17,3
dep-223128,2024,5,15,3
dep-223128,2024,6,16,3
dep-223128,2024,7,18,3
dep-223128,2024,8,16,3
dep-223128,2024,9,17,3
dep-223128,2024,10,16,3
dep-223128,2024,11,17,3
dep-223128,2024,12,16,3
dep-223128,2025,1,18,3
dep-223128,2025,2,15,3
dep-223128,2025,3,16,3
dep-223128,2025,4,15,3
dep-223128,2025,5,15,3
dep-223128,2025,6,15,3
dep-223128,2025,7,15,3
dep-223128,2025,8,16,3
dep-223128,2025,9,14,3
dep-223128,2025,10,15,3
dep-223128,2025,11,15,3
dep-223128,2025,12,15,3
dep-223128,2026,1,15,3
dep-223128,2026,2,15,3
dep-223128,2026,3,15,3
dep-223128,2026,4,6,3
dep-223398,2024,3,0,2
dep-223398,2024,4,0,2
dep-223398,2024,5,0,2
dep-223398,2024,6,0,2
dep-223398,2024,7,0,2
dep-224117,2023,3,16,0
dep-224117,2023,4,19,0
dep-224117,2023,5,22,1
dep-224117,2023,6,22,1
dep-224117,2023,7,22,1
dep-224117,2023,8,25,1
dep-224117,2023,9,25,1
dep-224117,2023,10,25,1
dep-224117,2023,11,25,1
dep-224117,2023,12,26,1
dep-224117,2024,1,24,1
dep-224117,2024,2,25,1
dep-224117,2024,3,25,1
dep-224117,2024,4,25,1
dep-224117,2024,5,25,1
dep-224117,2024,6,25,1
dep-224117,2024,7,25,1
dep-224117,2024,8,25,1
dep-224117,2024,9,25,1
dep-224117,2024,10,26,1
dep-224117,2024,11,26,1
dep-224117,2024,12,25,1
dep-224117,2025,1,27,1
dep-224117,2025,2,24,1
dep-224117,2025,3,24,1
dep-224117,2025,4,24,1
dep-224117,2025,5,24,1
dep-224117,2025,6,25,1
dep-224117,2025,7,25,1
dep-224117,2025,8,25,1
dep-224117,2025,9,25,1
dep-224117,2025,10,25,1
dep-224117,2025,11,25,1
dep-224117,2025,12,24,1
dep-224117,2026,1,24,1
dep-224117,2026,2,24,1
dep-224117,2026,3,16,1
dep-224117,2026,4,16,1
dep-224117,2026,5,18,1
dep-224117,2026,6,19,1
dep-224117,2026,7,21,1
dep-224117,2026,8,22,1
dep-224117,2026,9,25,1
dep-224117,2026,10,25,1
dep-224333,2023,3,23,0
dep-224333,2023,4,24,0
dep-224333,2023,5,25,0
dep-224333,2023,6,25,0
dep-224333,2023,7,24,0
dep-224333,2023,8,25,0
dep-224333,2023,9,24,0
dep-224333,2023,10,24,0
dep-224333,2023,11,24,0
dep-224333,2023,12,24,0
dep-224333,2024,1,23,0
dep-224333,2024,2,24,0
dep-224333,2024,3,23,0
dep-224333,2024,4,23,0
dep-224333,2024,5,23,0
dep-224333,2024,6,23,0
dep-224333,2024,7,21,0
dep-224333,2024,8,22,0
dep-224333,2024,9,22,0
dep-224333,2024,10,24,0
dep-224333,2024,11,23,0
dep-224333,2024,12,23,0
dep-224333,2025,1,23,0
dep-224333,2025,2,22,0
dep-224333,2025,3,20,1
dep-224333,2025,4,23,2
dep-224333,2025,5,23,2
dep-224333,2025,6,24,2
dep-224333,2025,7,23,2
dep-224333,2025,8,22,2
dep-224333,2025,9,22,2
dep-224333,2025,10,23,2
dep-224333,2025,11,24,2
dep-224333,2025,12,23,2
dep-224333,2026,1,23,2
dep-224333,2026,2,25,3
dep-224333,2026,3,20,2
dep-224333,2026,4,20,2
dep-224333,2026,5,20,2
dep-224333,2026,6,20,2
dep-224333,2026,7,20,2
dep-224333,2026,8,20,2
dep-224333,2026,9,24,2
dep-224333,2026,10,24,2
dep-225386,2023,8,13,0
dep-225386,2023,12,14,0
dep-225386,2024,5,21,0
dep-225386,2024,6,23,1
dep-225386,2024,7,22,1
dep-225386,2024,8,23,1
dep-225386,2024,10,25,1
dep-225386,2024,11,21,1
dep-225386,2024,12,21,1
dep-225386,2025,3,17,1
dep-225386,2025,11,19,1
dep-225386,2026,2,17,0
dep-225727,2023,6,0,2
dep-225727,2023,7,0,2
dep-225727,2023,8,0,2
dep-225727,2023,9,0,2
dep-225730,2023,6,0,1
dep-225730,2023,7,0,2
dep-225730,2023,8,0,1
dep-225730,2023,9,0,1
dep-225730,2023,10,0,1
dep-225730,2025,1,13,1
dep-225730,2025,2,14,1
dep-225730,2025,3,12,1
dep-225730,2025,4,12,1
dep-225730,2025,5,13,1
dep-225730,2025,6,14,1
dep-225730,2025,7,13,1
dep-225730,2025,8,13,1
dep-225730,2025,9,14,1
dep-225730,2025,10,14,1
dep-225730,2025,11,15,2
dep-225730,2025,12,13,1
dep-225730,2026,1,13,0
dep-225730,2026,2,13,0
dep-225730,2026,3,14,0
dep-225846,2026,5,7,1
dep-225846,2026,6,7,1
dep-225846,2026,7,7,1
dep-225846,2026,8,13,1
dep-225846,2026,9,13,1
dep-225846,2026,10,13,1
dep-226075,2023,7,0,3
dep-226075,2023,8,0,5
dep-226075,2023,9,0,5
dep-226075,2023,10,0,6
dep-226075,2026,8,15,0
dep-226075,2026,9,21,0
dep-226075,2026,10,21,0
dep-226179,2023,7,17,0
dep-226179,2023,8,16,1
dep-226179,2023,9,17,1
dep-226179,2023,10,17,1
dep-226179,2023,11,18,1
dep-226179,2023,12,15,1
dep-226179,2024,1,15,1
dep-226179,2024,2,15,1
dep-226179,2024,3,16,1
dep-226179,2024,4,15,1
dep-226179,2024,5,14,1
dep-226179,2024,6,14,1
dep-226179,2024,7,14,1
dep-226179,2024,8,14,1
dep-226179,2024,9,14,1
dep-226179,2024,10,14,1
dep-226179,2024,11,14,1
dep-226179,2024,12,14,1
dep-226179,2025,1,14,1
dep-226179,2025,2,15,1
dep-226179,2025,3,16,1
dep-226179,2025,4,17,1
dep-226179,2025,5,17,1
dep-226179,2025,6,17,1
dep-226179,2025,7,17,1
dep-226179,2025,8,17,1
dep-226179,2025,9,18,1
dep-226179,2025,10,17,1
dep-226179,2025,11,18,1
dep-226179,2025,12,17,1
dep-226179,2026,1,18,1
dep-226179,2026,2,17,1
dep-226179,2026,3,18,1
dep-226179,2026,4,17,1
dep-226410,2023,8,0,3
dep-226410,2023,9,0,3
dep-226410,2023,10,0,3
dep-226410,2023,11,0,3
dep-226410,2023,12,0,3
dep-226553,2023,8,19,3
dep-226553,2023,9,20,3
dep-226553,2023,10,20,3
dep-226553,2023,11,18,3
dep-226708,2023,9,17,4
dep-226708,2023,10,22,4
dep-226708,2023,11,25,4
dep-226708,2023,12,24,4
dep-226708,2024,1,25,4
dep-226708,2024,2,26,4
dep-226708,2024,3,25,3
dep-226708,2024,4,25,3
dep-226708,2024,5,25,3
dep-226708,2024,6,25,3
dep-226708,2024,7,25,3
dep-226708,2024,8,25,3
dep-226708,2024,9,24,3
dep-226708,2024,10,24,3
dep-226708,2024,11,24,3
dep-226708,2024,12,25,3
dep-226708,2025,1,26,2
dep-226708,2025,2,25,2
dep-226708,2025,3,25,1
dep-226708,2025,4,26,1
dep-226708,2025,5,25,1
dep-226708,2025,6,26,1
dep-226708,2025,7,24,1
dep-226708,2025,8,24,1
dep-226708,2025,9,24,1
dep-226708,2025,10,24,1
dep-226708,2025,11,25,1
dep-226708,2025,12,25,1
dep-226708,2026,1,24,1
dep-226708,2026,2,24,1
dep-226708,2026,3,24,1
dep-226837,2023,10,15,3
dep-226837,2023,11,15,2
dep-226837,2023,12,17,2
dep-226837,2024,1,19,2
dep-226837,2024,2,14,2
dep-226837,2024,3,18,2
dep-226837,2024,4,19,2
dep-226837,2024,5,20,2
dep-226837,2024,6,20,2
dep-226837,2024,7,22,2
dep-226837,2024,8,18,2
dep-226837,2024,9,18,2
dep-226837,2024,10,18,2
dep-226837,2024,11,16,2
dep-226837,2024,12,16,3
dep-226837,2025,1,16,2
dep-226837,2025,2,16,2
dep-226837,2025,3,19,2
dep-226837,2025,4,20,2
dep-226837,2025,5,21,2
dep-226837,2025,6,21,2
dep-226837,2025,7,19,2
dep-226837,2025,8,18,2
dep-226837,2025,9,20,2
dep-226837,2025,10,19,2
dep-226837,2025,11,19,2
dep-226837,2025,12,20,2
dep-226837,2026,1,19,2
dep-226837,2026,2,19,2
dep-226837,2026,3,16,2
dep-226837,2026,4,21,2
dep-226837,2026,5,22,2
dep-226837,2026,6,22,2
dep-226837,2026,7,23,2
dep-226837,2026,8,23,2
dep-226837,2026,9,23,2
dep-226837,2026,10,23,2
dep-227275,2023,12,0,1
dep-227275,2024,1,0,1
dep-227275,2024,2,0,1
dep-227275,2024,3,0,1
dep-227310,2023,12,0,1
dep-227310,2024,1,0,1
dep-227310,2024,2,0,1
dep-227323,2024,1,0,1
dep-227323,2024,2,0,1
dep-227323,2024,3,0,1
dep-227323,2024,4,0,1
dep-227324,2023,12,0,4
dep-227324,2024,1,0,4
dep-227324,2024,2,0,5
dep-227324,2024,3,0,4
dep-227324,2024,4,0,4
dep-227370,2023,12,0,2
dep-227370,2024,1,0,2
dep-227370,2024,2,0,2
dep-227370,2024,3,0,2
dep-227370,2024,4,0,2
dep-227401,2023,12,0,3
dep-227401,2024,1,0,3
dep-227401,2024,2,0,3
dep-227401,2024,3,0,3
dep-227401,2024,4,0,3
dep-227433,2023,12,7,1
dep-227433,2024,1,7,1
dep-227433,2024,2,8,1
dep-227433,2024,3,8,1
dep-227433,2024,4,8,1
dep-227433,2024,5,8,1
dep-227433,2024,6,8,1
dep-227433,2024,7,8,1
dep-227433,2024,8,8,1
dep-227433,2024,9,8,1
dep-227433,2024,10,8,1
dep-227433,2024,11,8,1
dep-227433,2024,12,8,1
dep-227433,2025,1,8,1
dep-227433,2025,2,14,1
dep-227433,2025,3,13,1
dep-227433,2025,4,14,1
dep-227433,2025,5,15,1
dep-227433,2025,6,15,1
dep-227433,2025,7,15,1
dep-227433,2025,8,15,1
dep-227433,2025,9,15,1
dep-227433,2025,10,15,1
dep-227433,2025,11,14,1
dep-227433,2025,12,14,1
dep-227433,2026,1,14,1
dep-227433,2026,2,14,1
dep-227433,2026,3,15,1
dep-227660,2024,2,16,2
dep-227660,2024,3,16,2
dep-227660,2024,4,16,2
dep-227660,2024,5,16,2
dep-227660,2024,6,16,2
dep-227660,2024,7,16,2
dep-227660,2024,8,16,2
dep-227660,2024,9,16,2
dep-227660,2024,10,16,2
dep-227660,2024,11,15,2
dep-227660,2024,12,15,2
dep-227660,2025,1,16,2
dep-227660,2025,2,16,3
dep-227660,2025,3,16,2
dep-227660,2025,4,16,2
dep-227660,2025,5,16,2
dep-227660,2025,6,16,2
dep-227660,2025,7,16,2
dep-227800,2024,2,0,1
dep-227800,2024,3,0,1
dep-227800,2024,4,0,1
dep-227800,2024,5,0,1
dep-227800,2024,6,0,2
dep-227991,2026,2,5,1
dep-227991,2026,3,17,1
dep-227991,2026,4,19,1
dep-227991,2026,5,19,3
dep-227991,2026,6,23,3
dep-227991,2026,7,23,3
dep-227991,2026,8,24,3
dep-227991,2026,9,25,3
dep-227991,2026,10,25,3
dep-228042,2024,3,17,3
dep-228272,2024,4,0,6
dep-228272,2024,5,0,6
dep-228272,2024,6,0,6
dep-228272,2024,7,0,6
dep-228272,2024,8,0,6
dep-228616,2024,5,0,2
dep-228616,2024,6,0,2
dep-228616,2024,7,0,2
dep-228616,2024,8,0,2
dep-228616,2024,9,0,2
dep-228797,2024,5,25,2
dep-228797,2024,6,25,3
dep-228797,2024,7,24,3
dep-228797,2024,8,25,3
dep-228797,2024,9,25,3
dep-228797,2024,10,24,3
dep-228837,2024,5,0,3
dep-228837,2024,6,0,3
dep-228837,2024,7,0,3
dep-228837,2024,8,0,3
dep-228837,2024,9,0,3
dep-228941,2024,6,0,11
dep-228941,2024,7,0,11
dep-228941,2024,8,0,10
dep-228941,2024,9,0,10
dep-228941,2024,10,0,11
dep-229069,2024,6,0,1
dep-229069,2024,7,0,1
dep-229069,2024,8,0,1
dep-229069,2024,9,0,1
dep-229069,2024,10,0,1
dep-229082,2024,6,0,1
dep-229082,2024,7,0,1
dep-229082,2024,8,0,1
dep-229082,2024,9,0,1
dep-229082,2024,10,0,1
dep-229106,2024,7,0,2
dep-229106,2024,8,0,2
dep-229106,2024,9,0,2
dep-229106,2024,10,0,2
dep-229112,2024,7,0,2
dep-229112,2024,8,0,2
dep-229112,2024,9,0,2
dep-229112,2024,10,0,2
dep-229259,2024,7,0,1
dep-229259,2024,8,0,1
dep-229259,2024,9,0,1
dep-229259,2024,10,0,1
dep-229259,2024,11,0,1
dep-229333,2024,7,0,2
dep-229333,2024,8,0,2
dep-229333,2024,9,0,2
dep-229333,2024,10,0,2
dep-229333,2024,11,0,2
dep-229432,2024,7,0,3
dep-229432,2024,8,0,3
dep-229432,2024,9,0,3
dep-229432,2024,10,0,3
dep-229432,2024,11,0,3
dep-229432,2025,3,15,3
dep-229432,2025,4,19,3
dep-229432,2025,5,21,3
dep-229432,2025,6,21,3
dep-229432,2025,7,23,3
dep-229432,2025,8,22,3
dep-229432,2025,9,22,3
dep-229432,2025,10,23,4
dep-229432,2025,11,23,4
dep-229432,2025,12,22,4
dep-229432,2026,1,22,4
dep-229432,2026,2,22,4
dep-229585,2024,7,0,1
dep-229585,2024,8,0,1
dep-229585,2024,9,0,1
dep-229585,2024,10,0,2
dep-229585,2024,11,0,2
dep-229585,2026,1,25,0
dep-229585,2026,2,22,1
dep-229585,2026,3,21,1
dep-229939,2024,9,0,5
dep-229939,2024,10,0,5
dep-229939,2024,11,0,5
dep-229939,2024,12,0,5
dep-230088,2024,9,0,1
dep-230088,2024,10,0,1
dep-230088,2024,11,0,1
dep-230088,2024,12,0,1
dep-230088,2025,1,0,1
dep-230177,2024,9,0,4
dep-230177,2024,10,0,4
dep-230177,2024,11,0,4
dep-230177,2024,12,0,2
dep-230177,2025,1,0,2
dep-230762,2025,1,15,2
dep-230762,2025,2,17,2
dep-230762,2025,3,19,2
dep-230762,2025,4,20,2
dep-230762,2025,5,23,2
dep-230762,2025,6,23,2
dep-230762,2025,7,23,2
dep-230762,2025,8,23,2
dep-230762,2025,9,24,2
dep-230762,2025,10,24,2
dep-230762,2025,11,24,2
dep-230762,2025,12,25,2
dep-230764,2025,1,21,4
dep-230764,2025,2,24,4
dep-230764,2025,3,25,4
dep-230764,2025,4,25,4
dep-230765,2025,1,8,0
dep-230765,2025,2,12,0
dep-230765,2025,3,12,0
dep-230765,2025,4,12,0
dep-230765,2025,5,13,0
dep-230765,2025,6,13,0
dep-230765,2025,7,13,0
dep-230765,2025,8,13,0
dep-230765,2025,9,14,0
dep-230765,2025,10,14,0
dep-230765,2025,11,14,0
dep-230765,2025,12,14,0
dep-230765,2026,1,14,0
dep-230765,2026,2,14,0
dep-230765,2026,3,13,0
dep-230765,2026,4,13,0
dep-230765,2026,5,13,0
dep-230765,2026,6,15,0
dep-230765,2026,7,17,0
dep-230765,2026,8,19,0
dep-230765,2026,9,19,0
dep-230765,2026,10,19,0
dep-230767,2025,1,17,1
dep-230767,2025,2,17,1
dep-230767,2025,3,17,1
dep-230767,2025,4,18,1
dep-230767,2025,5,19,1
dep-230767,2025,6,19,1
dep-230767,2025,7,19,1
dep-230767,2025,8,20,1
dep-230767,2025,9,19,1
dep-230767,2025,10,19,1
dep-230767,2025,11,19,1
dep-230767,2025,12,19,1
dep-230767,2026,1,18,1
dep-230767,2026,2,18,1
dep-230767,2026,3,21,1
dep-230767,2026,4,21,1
dep-230767,2026,5,23,1
dep-230767,2026,6,23,1
dep-230767,2026,7,23,1
dep-230767,2026,8,24,1
dep-230767,2026,9,25,1
dep-230767,2026,10,25,1
dep-230768,2025,1,9,0
dep-230768,2025,2,11,1
dep-230768,2025,3,11,1
dep-230768,2025,4,12,1
dep-230768,2025,5,13,1
dep-230768,2025,6,13,1
dep-230768,2025,7,14,1
dep-230768,2025,8,14,1
dep-230768,2025,9,15,1
dep-230768,2025,10,15,1
dep-230768,2025,11,15,1
dep-230768,2025,12,16,1
dep-230768,2026,1,16,1
dep-230768,2026,2,16,1
dep-230768,2026,3,15,1
dep-230768,2026,4,16,1
dep-230768,2026,5,17,1
dep-230768,2026,6,21,1
dep-230768,2026,7,21,1
dep-230768,2026,8,21,1
dep-230768,2026,9,21,1
dep-230768,2026,10,21,1
dep-230957,2025,1,0,1
dep-230957,2025,2,10,2
dep-230957,2025,3,13,2
dep-230957,2025,4,15,2
dep-230957,2025,5,18,2
dep-230957,2025,6,17,2
dep-230957,2025,7,21,2
dep-230957,2025,8,21,2
dep-230957,2025,9,21,2
dep-230957,2025,10,22,2
dep-230957,2025,11,22,2
dep-230957,2025,12,22,2
dep-230957,2026,1,22,2
dep-230957,2026,2,22,2
dep-230957,2026,3,20,2
dep-230957,2026,4,20,2
dep-230957,2026,5,20,2
dep-230957,2026,6,23,2
dep-230957,2026,7,23,2
dep-230957,2026,8,23,2
dep-230957,2026,9,23,2
dep-230957,2026,10,24,2
dep-231911,2025,3,10,2
dep-231911,2025,4,15,2
dep-231911,2025,5,15,2
dep-231911,2025,6,15,1
dep-231911,2025,7,18,1
dep-231911,2025,8,18,1
dep-231911,2025,9,19,1
dep-231911,2025,10,20,1
dep-231911,2025,11,20,1
dep-231911,2025,12,23,1
dep-231911,2026,1,23,1
dep-231911,2026,2,23,1
dep-231911,2026,3,24,1
dep-231911,2026,4,24,1
dep-233592,2025,8,9,0
dep-233592,2025,9,14,0
dep-233592,2025,10,15,0
dep-233592,2025,11,15,0
dep-233592,2026,3,9,0
dep-233592,2026,4,13,0
dep-233592,2026,5,16,0
dep-233592,2026,6,18,0
dep-233592,2026,7,19,0
dep-233592,2026,8,21,0
dep-233592,2026,9,21,0
dep-233592,2026,10,22,0
dep-233594,2025,8,9,0
dep-233594,2025,9,22,0
dep-233594,2025,10,21,0
dep-233594,2025,11,20,0
dep-233594,2025,12,20,0
dep-233594,2026,1,20,0
dep-233594,2026,2,21,0
dep-233594,2026,3,11,0
dep-233594,2026,4,12,0
dep-233594,2026,5,12,0
dep-233594,2026,6,12,0
dep-233594,2026,7,14,0
dep-233594,2026,8,15,0
dep-233594,2026,9,18,0
dep-233594,2026,10,19,0
dep-234253,2025,11,17,0
dep-234253,2025,12,17,0
dep-234253,2026,3,24,0
dep-234310,2025,10,12,0
dep-234310,2025,11,14,0
dep-234310,2025,12,7,0
dep-234310,2026,1,7,0
dep-234310,2026,2,8,0
dep-234310,2026,3,10,0
dep-234406,2025,11,23,2
dep-234406,2025,12,23,2
dep-234406,2026,1,23,3
dep-234406,2026,2,23,3
dep-234673,2025,12,0,1
dep-234673,2026,1,0,1
dep-234673,2026,2,0,1
dep-234673,2026,3,0,1
dep-234673,2026,4,0,1
dep-234673,2026,5,0,1
dep-234673,2026,6,0,1
dep-234788,2026,1,15,0
dep-234788,2026,2,19,0
dep-234788,2026,3,23,0
dep-234788,2026,4,22,0
dep-234788,2026,5,22,0
dep-234788,2026,6,22,0
dep-234840,2025,12,17,0
dep-234840,2026,1,24,0
dep-234840,2026,2,23,0
dep-234840,2026,3,23,0
dep-235088,2026,2,0,7
dep-235088,2026,3,0,7
dep-235088,2026,4,0,7
dep-235088,2026,5,0,7
dep-235088,2026,6,0,7
dep-235620,2026,3,0,1
dep-235620,2026,4,0,1
dep-235620,2026,5,0,1
dep-235620,2026,6,0,1
dep-235620,2026,7,0,1
dep-235712,2026,4,0,5
dep-235712,2026,5,0,5
dep-235712,2026,6,0,5
dep-235712,2026,7,0,5
dep-235776,2026,4,0,2
dep-235776,2026,5,0,2
dep-235776,2026,6,0,2
dep-235776,2026,7,0,2
dep-235776,2026,8,0,2
dep-235800,2026,4,17,2
dep-235800,2026,5,17,2
dep-235800,2026,6,18,2
dep-235800,2026,7,18,2
dep-235800,2026,8,18,2
dep-235800,2026,9,18,2
dep-235800,2026,10,18,2
dep-235869,2026,4,0,4
dep-235869,2026,5,0,4
dep-235869,2026,6,0,4
dep-235869,2026,7,0,4
dep-235869,2026,8,0,4
dep-236284,2026,5,1,0
dep-236284,2026,6,10,0
dep-236284,2026,7,12,0
dep-236284,2026,8,12,0
dep-236284,2026,9,12,0
dep-236375,2026,8,0,1
dep-236375,2026,9,0,1
dep-236375,2026,10,0,1
dep-236423,2026,6,0,1
dep-236423,2026,7,0,1
dep-236423,2026,8,0,1
dep-236423,2026,9,0,1
dep-236423,2026,10,0,1
dep-62881,2023,2,19,0
dep-62881,2023,3,18,2
dep-62881,2023,4,19,2
dep-62881,2023,5,22,2
dep-62881,2023,6,22,2
dep-62881,2023,7,22,2
dep-62881,2023,8,22,2
dep-62881,2023,9,24,2
dep-62881,2023,10,23,2
dep-62881,2023,11,23,2
dep-62881,2023,12,23,2
dep-62881,2024,1,23,2
dep-62881,2024,2,23,2
dep-62881,2024,3,23,2
dep-62881,2024,4,24,2
dep-62881,2024,5,23,2
dep-62881,2024,6,23,2
dep-62881,2024,7,23,2
dep-62881,2024,8,23,2
dep-62881,2024,9,22,2
dep-62881,2024,10,22,2
dep-62881,2024,11,22,2
dep-62881,2024,12,23,2
dep-62881,2025,1,19,2
dep-62881,2025,2,21,2
dep-62881,2025,3,23,2
dep-62881,2025,4,23,2
dep-62881,2025,5,23,2
dep-62881,2025,6,23,2
dep-62881,2025,7,23,2
dep-62881,2025,8,24,2
dep-62881,2025,9,24,2
dep-62881,2025,10,24,2
dep-62881,2025,11,24,3
dep-62881,2025,12,25,3
dep-62881,2026,1,24,2
dep-62881,2026,2,24,2
dep-62881,2026,3,17,2
dep-62881,2026,4,17,2
dep-62881,2026,5,17,2
dep-62881,2026,6,22,2
dep-62881,2026,7,23,2
dep-62881,2026,8,23,2
dep-62881,2026,9,24,2
dep-62881,2026,10,24,2
dep-66385,2023,2,11,0
dep-66385,2023,3,15,1
dep-66385,2023,4,14,1
dep-66385,2023,5,15,1
dep-66385,2023,6,18,2
dep-66385,2023,7,18,2
dep-66385,2023,8,18,2
dep-66385,2023,9,18,2
dep-66385,2023,10,18,2
dep-66385,2023,11,20,2
dep-66385,2023,12,21,2
dep-66385,2024,1,20,2
dep-66385,2024,2,20,2
dep-66385,2024,3,20,2
dep-66385,2024,4,20,2
dep-66385,2024,5,20,2
dep-66385,2024,6,22,3
dep-66385,2024,7,22,3
dep-66385,2024,8,22,3
dep-66385,2024,9,23,4
dep-66385,2024,10,23,4
dep-66385,2024,11,23,4
dep-66385,2024,12,23,4
dep-66385,2025,1,23,4
dep-66385,2025,2,24,4
dep-66385,2025,3,24,4
dep-66385,2025,4,23,4
dep-66385,2025,5,25,4
dep-66385,2025,6,23,2
dep-66385,2025,7,23,2
dep-66385,2025,8,23,2
dep-66385,2025,9,24,3
dep-66385,2025,10,23,2
dep-66385,2025,11,23,2
dep-66385,2026,2,17,1
dep-66385,2026,3,20,1
dep-66385,2026,4,21,1
dep-66385,2026,5,23,3
dep-66385,2026,6,23,3
dep-66385,2026,7,23,3
dep-66385,2026,8,24,3
dep-66385,2026,9,24,3
dep-66385,2026,10,24,3
dep-66828,2023,2,26,3
dep-66828,2023,3,28,2
dep-66828,2023,4,25,2
dep-66828,2023,5,26,2
dep-66828,2023,6,25,2
dep-66828,2023,7,25,2
dep-66828,2023,8,25,3
dep-66828,2023,9,25,2
dep-66828,2023,10,27,2
dep-66828,2023,11,25,2
dep-66828,2023,12,25,2
dep-66828,2024,1,25,2
dep-66828,2024,2,25,2
dep-66828,2024,3,25,2
dep-66828,2024,4,25,2
dep-66828,2024,5,24,2
dep-66828,2024,6,23,2
dep-66828,2024,7,26,2
dep-66828,2024,8,22,1
dep-66828,2024,9,22,2
dep-66828,2024,10,21,2
dep-66828,2024,11,21,2
dep-66828,2024,12,23,2
dep-66828,2025,1,23,2
dep-66828,2025,2,23,2
dep-66828,2025,3,23,2
dep-66828,2025,4,22,2
dep-66828,2025,5,21,2
dep-66828,2025,6,22,3
dep-66828,2025,7,22,2
dep-66828,2025,8,22,3
dep-66828,2025,9,23,2
dep-66828,2025,10,23,2
dep-66828,2025,11,23,2
dep-66828,2025,12,23,2
dep-66828,2026,1,23,2
dep-66828,2026,2,23,2
dep-66828,2026,3,17,2
dep-66828,2026,4,18,2
dep-66828,2026,5,18,2
dep-66828,2026,6,20,2
dep-66828,2026,7,20,2
dep-66828,2026,8,22,2
dep-66828,2026,9,23,2
dep-66828,2026,10,24,2
dep-68720,2024,7,0,1
dep-68720,2024,8,0,1
dep-68720,2024,9,0,1
dep-68720,2024,10,0,1
dep-68720,2024,11,0,1
dep-69871,2023,2,16,3
dep-69871,2023,3,13,3
dep-69871,2023,4,14,4
dep-69871,2023,5,14,4
dep-69871,2023,6,14,4
dep-69871,2023,7,14,4
dep-69871,2023,8,14,4
dep-69871,2023,9,14,4
dep-69871,2023,10,13,4
dep-69871,2023,11,14,4
dep-69871,2023,12,14,4
dep-69871,2024,1,14,4
dep-69871,2024,2,15,4
dep-69871,2024,3,16,4
dep-69871,2024,4,16,4
dep-69871,2024,5,15,4
dep-69871,2024,6,15,5
dep-69871,2024,7,15,5
dep-69871,2024,8,15,5
dep-69871,2024,9,15,5
dep-69871,2024,10,15,5
dep-69871,2024,11,15,5
dep-69871,2024,12,15,5
dep-69871,2025,1,15,5
dep-69871,2025,2,15,5
dep-69871,2025,3,14,5
dep-69871,2025,4,14,5
dep-69871,2025,5,14,5
dep-69871,2025,6,14,6
dep-69871,2025,7,14,6
dep-69871,2025,8,15,6
dep-69871,2025,9,16,6
dep-69871,2025,10,16,6
dep-69871,2025,11,16,6
dep-69871,2025,12,16,6
dep-69871,2026,1,16,6
dep-69871,2026,2,16,6
dep-69871,2026,3,12,6
dep-69871,2026,4,15,6
dep-69871,2026,5,16,6
dep-69871,2026,6,16,6
dep-69871,2026,7,16,6
dep-69871,2026,8,17,6
dep-69871,2026,9,17,6
dep-69871,2026,10,17,6
dep-72442,2023,2,18,3
dep-72442,2023,3,16,1
dep-72442,2023,4,17,1
dep-72442,2023,5,17,1
dep-72442,2023,6,17,2
dep-72442,2023,7,16,2
dep-72442,2023,8,16,3
dep-72442,2023,9,16,4
dep-72442,2023,10,16,4
dep-72442,2023,11,16,4
dep-72442,2023,12,16,4
dep-72442,2024,1,16,4
dep-72442,2024,2,16,4
dep-72442,2024,3,16,4
dep-72442,2024,4,16,4
dep-72442,2024,5,16,4
dep-72442,2024,6,15,4
dep-72442,2024,7,15,4
dep-72442,2024,8,15,4
dep-72442,2024,9,15,4
dep-72442,2024,10,15,4
dep-72442,2024,11,15,4
dep-72442,2024,12,15,4
dep-72442,2025,1,15,4
dep-72442,2025,2,16,4
dep-72442,2025,3,13,3
dep-72442,2025,4,12,2
dep-72442,2025,5,14,2
dep-72442,2025,6,14,2
dep-72442,2025,7,14,2
dep-72442,2025,8,13,2
dep-72442,2025,9,13,2
dep-72442,2025,10,13,2
dep-72442,2025,11,15,2
dep-72442,2025,12,13,2
dep-72442,2026,1,13,2
dep-72442,2026,2,13,2
dep-72442,2026,3,11,2
dep-72442,2026,4,12,2
dep-72442,2026,5,12,2
dep-72442,2026,6,13,2
dep-72442,2026,7,13,2
dep-72442,2026,8,14,3
dep-72442,2026,9,14,2
dep-72442,2026,10,14,2
dep-73433,2023,2,20,4
dep-73433,2023,3,20,4
dep-73433,2023,4,20,5
dep-73433,2023,5,18,5
dep-73433,2023,6,18,3
dep-73433,2023,7,19,3
dep-73433,2023,8,17,3
dep-73433,2023,9,17,3
dep-73433,2023,10,17,3
dep-73433,2023,11,17,3
dep-73433,2023,12,17,3
dep-73433,2024,1,17,3
dep-73433,2024,2,16,3
dep-73433,2024,3,16,3
dep-73433,2024,4,16,3
dep-73433,2024,5,16,3
dep-73433,2024,6,16,3
dep-73433,2024,7,13,3
dep-73433,2024,8,13,3
dep-73433,2024,9,13,3
dep-73433,2024,10,14,3
dep-73433,2024,11,13,3
dep-73433,2024,12,14,3
dep-73433,2025,1,13,3
dep-73433,2025,2,13,4
dep-73433,2025,3,13,3
dep-73433,2025,4,14,3
dep-73433,2025,5,15,3
dep-73433,2025,6,15,3
dep-73433,2025,7,14,3
dep-73433,2025,8,14,3
dep-73433,2025,9,14,3
dep-73433,2025,10,15,3
dep-73433,2025,11,14,3
dep-73433,2025,12,13,3
dep-73433,2026,1,13,3
dep-73433,2026,2,13,3
dep-73433,2026,3,14,3
dep-73433,2026,4,18,3
dep-73433,2026,5,20,3
dep-73433,2026,6,21,3
dep-73433,2026,7,21,3
dep-73433,2026,8,21,3
dep-73433,2026,9,21,3
dep-73433,2026,10,21,3
dep-73441,2023,2,24,1
dep-73441,2023,3,23,1
dep-73441,2023,4,23,1
dep-73441,2023,5,23,1
dep-73441,2023,6,22,1
dep-73441,2023,7,24,1
dep-73441,2023,8,23,1
dep-73441,2023,9,23,1
dep-73441,2023,10,21,1
dep-73441,2023,11,19,1
dep-73441,2023,12,19,1
dep-73441,2024,1,19,1
dep-73441,2024,2,21,1
dep-73441,2024,3,21,1
dep-73441,2024,4,21,1
dep-73441,2024,5,20,1
dep-73441,2024,6,21,1
dep-73441,2024,7,21,1
dep-73441,2024,8,20,1
dep-73441,2024,9,21,1
dep-73441,2024,10,21,1
dep-73441,2024,11,21,1
dep-73441,2024,12,24,1
dep-73441,2025,1,24,1
dep-73441,2025,2,23,1
dep-73441,2025,3,23,1
dep-73441,2025,4,23,1
dep-73441,2025,5,23,1
dep-73441,2025,6,24,1
dep-73441,2025,7,24,1
dep-73441,2025,8,23,1
dep-73441,2025,9,24,1
dep-73441,2025,10,24,1
dep-73441,2025,11,23,1
dep-73441,2025,12,25,1
dep-73441,2026,1,25,1
dep-73441,2026,2,24,1
dep-73441,2026,3,19,1
dep-73441,2026,4,19,1
dep-73441,2026,5,19,1
dep-73441,2026,6,21,1
dep-73441,2026,7,22,1
dep-73441,2026,8,22,1
dep-73441,2026,9,22,1
dep-73441,2026,10,22,1
dep-73486,2023,2,21,2
dep-73486,2023,3,22,2
dep-73486,2023,4,21,1
dep-73486,2023,5,23,1
dep-73486,2023,6,23,1
dep-73486,2023,7,23,1
dep-73486,2023,8,23,1
dep-73486,2023,9,22,1
dep-73486,2023,10,25,1
dep-73486,2023,11,24,1
dep-73486,2023,12,24,1
dep-73486,2024,1,24,1
dep-73486,2024,2,25,1
dep-73486,2024,3,25,1
dep-73486,2024,4,24,1
dep-73486,2024,5,24,1
dep-73486,2024,6,25,1
dep-73486,2024,7,24,1
dep-73486,2024,8,24,1
dep-73486,2024,9,23,1
dep-73486,2024,10,23,1
dep-73486,2024,11,23,1
dep-73486,2024,12,22,2
dep-73486,2025,1,20,2
dep-73486,2025,2,22,2
dep-73486,2025,3,24,1
dep-73486,2025,4,25,1
dep-73486,2025,5,25,2
dep-73486,2025,6,24,2
dep-73486,2025,7,24,2
dep-73486,2025,8,24,2
dep-73486,2025,9,24,2
dep-73486,2025,10,24,2
dep-73486,2025,11,24,2
dep-73486,2025,12,24,2
dep-73486,2026,1,23,2
dep-73486,2026,2,23,2
dep-73486,2026,3,14,2
dep-73486,2026,4,18,2
dep-73486,2026,5,20,2
dep-73486,2026,6,20,2
dep-73486,2026,7,21,2
dep-73486,2026,8,21,2
dep-73486,2026,9,23,2
dep-73486,2026,10,23,2
dep-73531,2023,2,13,0
dep-73531,2023,3,16,0
dep-73531,2023,4,16,0
dep-73531,2023,5,16,0
dep-73531,2023,6,16,0
dep-73531,2023,7,16,0
dep-73531,2023,8,16,0
dep-73531,2023,9,16,0
dep-73531,2023,10,16,0
dep-73531,2023,11,16,0
dep-73531,2023,12,16,0
dep-73531,2024,1,16,0
dep-73531,2024,2,16,0
dep-73531,2024,3,15,0
dep-73531,2024,4,15,0
dep-73531,2024,5,16,0
dep-73531,2024,6,17,0
dep-73531,2024,7,17,0
dep-73531,2024,8,18,0
dep-73531,2024,9,17,0
dep-73531,2024,10,16,0
dep-73531,2024,11,16,0
dep-73531,2024,12,16,0
dep-73531,2025,1,17,0
dep-73531,2025,2,14,0
dep-73531,2025,3,15,0
dep-73531,2025,4,14,0
dep-73531,2025,5,14,0
dep-73531,2025,6,15,0
dep-73531,2025,7,14,0
dep-73531,2025,8,14,0
dep-73531,2025,9,15,0
dep-73531,2025,10,17,0
dep-73531,2025,11,16,0
dep-73531,2025,12,16,0
dep-73531,2026,1,16,0
dep-73531,2026,2,16,0
dep-73531,2026,3,16,0
dep-73579,2023,2,15,0
dep-73579,2023,3,19,0
dep-73579,2023,4,20,0
dep-73579,2023,5,23,0
dep-73579,2023,6,23,1
dep-73579,2023,7,21,1
dep-73579,2023,8,23,1
dep-73579,2023,9,23,1
dep-73579,2023,10,23,1
dep-73579,2023,11,24,1
dep-73579,2023,12,24,1
dep-73579,2024,1,24,1
dep-73579,2024,2,24,1
dep-73579,2024,3,24,1
dep-73579,2024,4,26,2
dep-73579,2024,5,24,2
dep-73579,2024,6,24,2
dep-73579,2024,7,24,2
dep-73579,2024,8,24,2
dep-73579,2024,9,24,2
dep-73579,2024,10,24,2
dep-73579,2024,11,25,2
dep-73579,2024,12,24,2
dep-73579,2025,1,24,2
dep-73579,2025,2,24,2
dep-73579,2025,3,24,2
dep-73579,2025,4,25,1
dep-73579,2025,5,25,0
dep-73579,2025,6,24,0
dep-73579,2025,7,24,0
dep-73579,2025,8,24,0
dep-73579,2025,9,24,0
dep-73579,2025,10,24,0
dep-73579,2025,11,24,0
dep-73579,2025,12,24,0
dep-73579,2026,1,24,0
dep-73579,2026,2,24,0
dep-73579,2026,3,15,0
dep-73579,2026,4,15,0
dep-73579,2026,5,15,0
dep-73579,2026,6,15,0
dep-73579,2026,7,15,0
dep-73579,2026,8,15,0
dep-73579,2026,9,24,0
dep-73579,2026,10,24,0
dep-73604,2023,2,23,2
dep-73604,2023,3,24,2
dep-73604,2023,4,23,2
dep-73604,2023,5,23,1
dep-73604,2023,6,23,1
dep-73604,2023,7,23,2
dep-73604,2023,8,23,2
dep-73604,2023,9,23,2
dep-73604,2023,10,23,2
dep-73604,2023,11,23,2
dep-73604,2023,12,23,2
dep-73604,2024,1,23,2
dep-73604,2024,2,23,1
dep-73604,2024,3,23,1
dep-73604,2024,4,23,1
dep-73604,2024,5,22,1
dep-73604,2024,6,22,1
dep-73604,2024,7,22,1
dep-73604,2024,8,22,0
dep-73604,2024,9,22,0
dep-73604,2024,10,22,0
dep-73604,2024,11,24,1
dep-73604,2024,12,24,1
dep-73604,2025,1,24,1
dep-73604,2025,2,24,1
dep-73604,2025,3,25,1
dep-73604,2025,4,25,1
dep-73604,2025,5,25,1
dep-73604,2025,6,25,1
dep-73604,2025,7,25,1
dep-73604,2025,8,25,1
dep-73604,2025,9,24,1
dep-73604,2025,10,24,1
dep-73604,2025,11,24,1
dep-73604,2025,12,24,2
dep-73604,2026,1,24,2
dep-73604,2026,2,24,2
dep-73604,2026,3,12,2
dep-73604,2026,4,21,2
dep-73604,2026,5,21,2
dep-73604,2026,6,24,2
dep-73604,2026,7,24,2
dep-73604,2026,8,24,2
dep-73604,2026,9,25,2
dep-73604,2026,10,25,2
dep-73692,2023,2,20,1
dep-73692,2023,3,20,2
dep-73692,2023,4,20,2
dep-73692,2023,5,20,2
dep-73692,2023,6,20,2
dep-73692,2023,7,19,2
dep-73692,2023,8,19,2
dep-73692,2023,9,19,2
dep-73692,2023,10,19,2
dep-73692,2023,11,18,2
dep-73692,2023,12,18,2
dep-73692,2024,1,18,2
dep-73692,2024,2,18,2
dep-73692,2024,3,18,2
dep-73692,2024,4,18,2
dep-73692,2024,5,18,2
dep-73692,2024,6,18,2
dep-73692,2024,7,18,2
dep-73692,2024,8,17,2
dep-73692,2024,9,17,3
dep-73692,2024,10,17,2
dep-73692,2024,11,17,2
dep-73692,2024,12,17,2
dep-73692,2025,1,18,2
dep-73692,2025,2,17,2
dep-73692,2025,3,16,2
dep-73692,2025,4,16,2
dep-73692,2025,5,16,2
dep-73692,2025,6,15,2
dep-73692,2025,7,17,2
dep-73692,2025,8,16,2
dep-73692,2025,9,16,2
dep-73692,2025,10,16,2
dep-73692,2025,11,16,3
dep-73692,2025,12,16,3
dep-73692,2026,1,16,3
dep-73692,2026,2,16,3
dep-73692,2026,3,12,3
dep-73692,2026,4,13,3
dep-73692,2026,5,13,3
dep-73692,2026,6,13,3
dep-73692,2026,7,14,3
dep-73692,2026,8,15,3
dep-73692,2026,9,15,3
dep-73692,2026,10,15,3
dep-73701,2023,2,19,2
dep-73701,2023,3,18,2
dep-73701,2023,4,17,1
dep-73701,2023,5,17,2
dep-73701,2023,6,17,3
dep-73701,2023,7,17,3
dep-73701,2023,8,17,3
dep-73701,2023,9,17,3
dep-73701,2023,10,17,3
dep-73701,2023,11,17,3
dep-73701,2023,12,17,3
dep-73701,2024,1,17,3
dep-73701,2024,2,17,3
dep-73701,2024,3,18,3
dep-73701,2024,4,17,3
dep-73701,2024,5,17,3
dep-73701,2024,6,18,3
dep-73701,2024,7,17,3
dep-73701,2024,8,17,3
dep-73701,2024,9,17,3
dep-73701,2024,10,18,4
dep-73701,2024,11,17,3
dep-73701,2024,12,16,3
dep-73701,2025,1,16,3
dep-73701,2025,2,16,3
dep-73701,2025,3,17,3
dep-73701,2025,4,18,3
dep-73701,2025,5,18,2
dep-73701,2025,6,18,2
dep-73701,2025,7,19,2
dep-73701,2025,8,19,2
dep-73701,2025,9,19,2
dep-73701,2025,10,19,2
dep-73701,2025,11,18,2
dep-73701,2025,12,18,2
dep-73701,2026,1,18,2
dep-73701,2026,2,18,2
dep-73701,2026,3,16,2
dep-73701,2026,4,16,2
dep-73701,2026,5,18,2
dep-73701,2026,6,20,2
dep-73701,2026,7,20,2
dep-73701,2026,8,20,2
dep-73701,2026,9,20,2
dep-73701,2026,10,20,2
dep-73768,2023,2,12,1
dep-73768,2023,3,17,3
dep-73768,2023,4,19,3
dep-73768,2023,5,20,3
dep-73768,2023,6,20,3
dep-73768,2023,7,22,2
dep-73768,2023,8,21,2
dep-73768,2023,9,20,3
dep-73768,2023,10,21,3
dep-73768,2023,11,21,3
dep-73768,2023,12,22,3
dep-73768,2024,1,22,3
dep-73768,2024,2,22,3
dep-73768,2024,3,22,3
dep-73768,2024,4,22,3
dep-73768,2024,5,23,3
dep-73768,2024,6,23,3
dep-73768,2024,7,22,3
dep-73768,2024,8,23,3
dep-73768,2024,9,23,3
dep-73768,2024,10,24,3
dep-73768,2024,11,24,3
dep-73768,2024,12,24,3
dep-73768,2025,1,22,3
dep-73768,2025,2,23,3
dep-73768,2025,3,22,3
dep-73768,2025,4,24,3
dep-73768,2025,5,26,3
dep-73768,2025,6,25,3
dep-73768,2025,7,25,3
dep-73768,2025,8,26,4
dep-73768,2025,9,25,4
dep-73768,2025,10,25,4
dep-73768,2025,11,25,4
dep-73768,2025,12,26,5
dep-73768,2026,1,25,4
dep-73768,2026,2,24,4
dep-73768,2026,3,18,4
dep-73768,2026,4,18,4
dep-73768,2026,5,20,4
dep-73768,2026,6,20,4
dep-73768,2026,7,21,4
dep-73768,2026,8,24,4
dep-73768,2026,9,25,4
dep-73768,2026,10,25,4
dep-73778,2023,6,5,0
dep-73778,2023,7,10,0
dep-73778,2023,8,11,0
dep-73778,2023,9,11,0
dep-73778,2023,10,11,1
dep-73778,2023,11,11,1
dep-73778,2023,12,11,1
dep-73778,2024,1,11,1
dep-73778,2024,2,11,1
dep-73778,2024,3,11,1
dep-73778,2024,4,11,1
dep-73778,2024,5,11,1
dep-73778,2024,6,11,1
dep-73778,2024,7,11,1
dep-73778,2024,8,11,1
dep-73778,2024,9,11,1
dep-73778,2024,10,11,1
dep-73778,2024,11,12,1
dep-73778,2024,12,12,1
dep-73778,2025,1,12,1
dep-73778,2025,2,13,1
dep-73778,2025,3,13,1
dep-73778,2025,4,13,1
dep-73778,2025,5,13,1
dep-73778,2025,6,12,1
dep-73778,2025,7,13,1
dep-73778,2025,8,13,1
dep-73778,2025,9,13,1
dep-73778,2025,10,13,1
dep-73778,2025,11,13,1
dep-73778,2025,12,13,1
dep-73778,2026,1,13,1
dep-73778,2026,2,13,1
dep-73778,2026,3,13,1
dep-73778,2026,4,13,1
dep-73778,2026,5,13,1
dep-73778,2026,6,13,1
dep-73778,2026,7,13,1
dep-73778,2026,8,13,1
dep-73778,2026,9,13,1
dep-73778,2026,10,13,1
dep-73788,2023,2,14,2
dep-73788,2023,11,18,0
dep-73788,2024,12,22,0
dep-73788,2025,3,22,2
dep-73788,2025,4,22,2
dep-73788,2025,5,22,2
dep-73788,2025,6,22,2
dep-73788,2025,7,19,2
dep-73788,2025,8,19,2
dep-73788,2025,9,18,2
dep-73788,2025,10,18,2
dep-73788,2025,11,18,2
dep-73788,2025,12,17,2
dep-73788,2026,1,17,2
dep-73788,2026,2,17,2
dep-73788,2026,3,19,2
dep-73788,2026,4,19,2
dep-73788,2026,5,19,2
dep-73788,2026,6,19,2
dep-73788,2026,7,19,2
dep-73788,2026,8,19,2
dep-73788,2026,9,19,2
dep-73788,2026,10,19,2
dep-73801,2023,2,23,0
dep-73801,2023,3,22,1
dep-73801,2023,4,22,1
dep-73801,2023,5,22,1
dep-73801,2023,6,21,1
dep-73801,2023,7,20,1
dep-73801,2023,8,20,1
dep-73801,2023,9,20,1
dep-73801,2023,10,21,1
dep-73801,2023,11,22,1
dep-73801,2023,12,22,1
dep-73801,2024,1,22,1
dep-73801,2024,2,21,1
dep-73801,2024,3,21,1
dep-73801,2024,4,21,1
dep-73801,2024,5,20,1
dep-73801,2024,6,21,1
dep-73801,2024,7,20,1
dep-73801,2024,8,20,1
dep-73801,2024,9,20,1
dep-73801,2024,10,21,1
dep-73801,2024,11,21,1
dep-73801,2024,12,21,1
dep-73801,2025,1,20,1
dep-73801,2025,2,20,1
dep-73801,2025,3,20,0
dep-73801,2025,4,20,0
dep-73801,2025,5,20,1
dep-73801,2025,6,20,1
dep-73801,2025,7,20,1
dep-73801,2025,8,20,1
dep-73801,2025,9,20,1
dep-73801,2025,10,20,1
dep-73801,2025,11,20,1
dep-73801,2025,12,20,1
dep-73801,2026,1,20,1
dep-73801,2026,2,20,1
dep-73801,2026,3,19,1
dep-73801,2026,4,19,1
dep-73801,2026,5,20,1
dep-73801,2026,6,21,1
dep-73801,2026,7,22,1
dep-73801,2026,8,23,1
dep-73801,2026,9,23,1
dep-73801,2026,10,23,1
dep-73806,2023,2,10,3
dep-73806,2023,3,15,3
dep-73806,2023,4,15,3
dep-73806,2023,5,15,3
dep-73806,2023,6,16,3
dep-73806,2023,7,16,3
dep-73806,2023,8,17,4
dep-73806,2023,9,17,4
dep-73806,2023,10,17,4
dep-73806,2023,11,17,4
dep-73806,2023,12,17,4
dep-73806,2024,1,17,4
dep-73806,2024,2,17,4
dep-73806,2024,3,17,4
dep-73806,2024,4,17,4
dep-73806,2024,5,18,4
dep-73806,2024,6,17,0
dep-73806,2024,7,17,0
dep-73806,2024,8,17,0
dep-73806,2024,9,17,4
dep-73806,2024,10,17,4
dep-73806,2024,11,16,4
dep-73806,2024,12,17,4
dep-73806,2025,1,17,4
dep-73806,2025,2,17,0
dep-73806,2025,3,17,0
dep-73806,2025,4,17,0
dep-73806,2025,5,17,0
dep-73806,2025,6,17,0
dep-73806,2025,7,17,0
dep-73806,2025,8,17,0
dep-73806,2025,9,17,0
dep-73806,2025,10,18,0
dep-73806,2025,11,18,0
dep-73806,2025,12,18,0
dep-73806,2026,1,18,0
dep-73806,2026,2,19,0
dep-73806,2026,3,15,0
dep-73806,2026,4,15,0
dep-73806,2026,5,16,0
dep-73806,2026,6,16,0
dep-73806,2026,7,16,0
dep-73806,2026,8,16,0
dep-73806,2026,9,16,0
dep-73806,2026,10,17,0
dep-73808,2023,2,18,1
dep-73808,2023,11,25,4
dep-73808,2023,12,25,4
dep-73808,2024,11,23,0
dep-73808,2024,12,25,4
dep-73808,2025,11,25,4
dep-73808,2025,12,23,4
dep-73808,2026,1,15,4
dep-73808,2026,2,17,4
dep-73808,2026,3,8,2
dep-73808,2026,4,14,2
dep-73808,2026,5,15,2
dep-73808,2026,6,17,2
dep-73808,2026,7,19,2
dep-73808,2026,8,25,2
dep-73808,2026,9,25,2
dep-73808,2026,10,25,2
dep-74041,2023,2,21,0
dep-74041,2023,3,23,0
dep-74041,2023,4,23,0
dep-74041,2023,5,23,0
dep-74041,2023,6,23,0
dep-74041,2023,7,23,0
dep-74041,2023,8,23,0
dep-74041,2023,9,23,0
dep-74041,2023,10,23,0
dep-74041,2023,11,23,0
dep-74041,2023,12,23,0
dep-74041,2024,1,22,0
dep-74041,2024,2,22,0
dep-74041,2024,3,21,0
dep-74041,2024,4,21,0
dep-74041,2024,5,21,0
dep-74041,2024,6,21,0
dep-74041,2024,7,21,0
dep-74041,2024,8,21,0
dep-74041,2024,9,21,0
dep-74041,2024,10,21,0
dep-74041,2024,11,21,0
dep-74041,2024,12,21,0
dep-74041,2025,1,21,0
dep-74041,2025,2,21,0
dep-74041,2025,3,21,0
dep-74041,2025,4,21,0
dep-74041,2025,5,21,0
dep-74041,2025,6,21,0
dep-74041,2025,7,21,0
dep-74041,2025,8,21,0
dep-74041,2025,9,21,0
dep-74041,2025,10,21,0
dep-74041,2025,11,21,0
dep-74041,2025,12,21,0
dep-74041,2026,1,21,0
dep-74041,2026,2,21,0
dep-74041,2026,3,13,0
dep-74041,2026,4,14,0
dep-74041,2026,5,14,0
dep-74041,2026,6,18,0
dep-74041,2026,7,18,0
dep-74041,2026,8,21,0
dep-74041,2026,9,21,0
dep-74041,2026,10,21,0
dep-74043,2023,2,25,6
dep-74043,2023,3,25,5
dep-74043,2023,4,26,5
dep-74043,2023,5,26,5
dep-74043,2023,6,24,5
dep-74043,2023,7,25,5
dep-74043,2023,8,25,5
dep-74043,2023,9,25,5
dep-74043,2023,10,25,5
dep-74043,2023,11,25,5
dep-74043,2023,12,25,5
dep-74043,2024,1,25,5
dep-74043,2024,2,25,5
dep-74043,2024,3,25,5
dep-74043,2024,4,25,5
dep-74043,2024,5,25,5
dep-74043,2024,6,25,5
dep-74043,2024,7,25,5
dep-74043,2024,8,25,5
dep-74043,2024,9,25,5
dep-74043,2024,10,25,5
dep-74043,2024,11,25,5
dep-74043,2024,12,25,5
dep-74043,2025,1,25,5
dep-74043,2025,2,25,5
dep-74043,2025,3,25,5
dep-74043,2025,4,26,5
dep-74043,2025,5,26,4
dep-74043,2025,6,26,5
dep-74043,2025,7,25,5
dep-74043,2025,8,25,5
dep-74043,2025,9,24,5
dep-74043,2025,10,25,5
dep-74043,2025,11,25,5
dep-74043,2025,12,25,5
dep-74043,2026,1,25,5
dep-74043,2026,2,22,5
dep-74043,2026,3,12,5
dep-74043,2026,4,12,5
dep-74043,2026,5,13,5
dep-74043,2026,6,15,5
dep-74043,2026,7,16,5
dep-74043,2026,8,18,5
dep-74043,2026,9,25,5
dep-74043,2026,10,25,5
dep-74044,2023,2,23,1
dep-74044,2023,3,24,4
dep-74044,2023,4,23,4
dep-74044,2023,5,19,4
dep-74044,2023,6,19,4
dep-74044,2023,7,19,4
dep-74044,2023,8,19,4
dep-74044,2023,9,18,4
dep-74044,2023,10,18,4
dep-74044,2023,11,19,4
dep-74044,2023,12,20,4
dep-74044,2024,1,20,4
dep-74044,2024,5,20,4
dep-74044,2024,6,20,4
dep-74044,2024,7,20,4
dep-74044,2024,8,20,4
dep-74044,2024,9,20,4
dep-74044,2024,10,20,4
dep-74044,2024,11,20,4
dep-74044,2024,12,20,4
dep-74044,2025,1,20,4
dep-74044,2025,2,19,4
dep-74044,2025,3,19,4
dep-74044,2025,4,19,3
dep-74044,2025,5,19,3
dep-74044,2025,6,19,3
dep-74044,2025,7,19,3
dep-74044,2025,8,19,3
dep-74044,2025,9,19,3
dep-74044,2025,10,19,3
dep-74044,2025,11,19,3
dep-74044,2025,12,19,4
dep-74044,2026,1,19,4
dep-74044,2026,2,19,4
dep-74044,2026,3,15,4
dep-74044,2026,4,15,4
dep-74044,2026,5,15,4
dep-74044,2026,6,20,0
dep-74044,2026,7,20,0
dep-74044,2026,8,20,0
dep-74044,2026,9,20,3
dep-74044,2026,10,20,3
dep-74052,2024,7,0,1
dep-74052,2024,8,0,1
dep-74052,2024,9,0,1
dep-74052,2024,10,0,1
dep-74052,2024,11,0,1
dep-74057,2023,2,20,2
dep-74057,2023,3,20,2
dep-74057,2023,4,20,2
dep-74057,2023,5,20,2
dep-74057,2023,6,20,2
dep-74057,2023,7,20,2
dep-74057,2023,8,20,2
dep-74057,2023,9,20,2
dep-74057,2023,10,20,2
dep-74057,2023,11,19,2
dep-74057,2023,12,19,2
dep-74057,2024,1,19,2
dep-74057,2024,2,19,2
dep-74057,2024,3,19,2
dep-74057,2024,4,18,2
dep-74057,2024,5,18,2
dep-74057,2024,6,18,2
dep-74057,2024,7,18,2
dep-74057,2024,8,19,2
dep-74057,2024,9,19,2
dep-74057,2024,10,19,2
dep-74057,2024,11,19,2
dep-74057,2024,12,19,2
dep-74057,2025,1,18,2
dep-74057,2025,2,19,2
dep-74057,2025,3,18,2
dep-74057,2025,4,19,2
dep-74057,2025,5,19,2
dep-74057,2025,6,19,2
dep-74057,2025,7,19,2
dep-74057,2025,8,19,2
dep-74057,2025,9,19,2
dep-74057,2025,10,19,2
dep-74057,2025,11,19,2
dep-74057,2025,12,19,2
dep-74057,2026,1,19,2
dep-74057,2026,2,19,2
dep-74057,2026,3,17,2
dep-74057,2026,4,17,2
dep-74057,2026,5,18,2
dep-74057,2026,6,20,3
dep-74057,2026,7,20,3
dep-74057,2026,8,20,3
dep-74057,2026,9,20,3
dep-74057,2026,10,20,3
dep-74060,2023,2,23,0
dep-74060,2023,3,22,0
dep-74060,2023,4,22,0
dep-74060,2023,5,22,0
dep-74060,2023,6,22,0
dep-74060,2023,7,22,0
dep-74060,2023,8,22,0
dep-74060,2023,9,22,0
dep-74060,2023,10,22,0
dep-74060,2023,11,22,0
dep-74060,2023,12,22,0
dep-74060,2024,1,22,0
dep-74060,2024,2,22,0
dep-74060,2024,3,22,0
dep-74060,2024,4,22,0
dep-74060,2024,5,22,0
dep-74060,2024,6,22,0
dep-74060,2024,7,22,0
dep-74060,2024,8,22,0
dep-74060,2024,9,22,0
dep-74060,2024,10,23,0
dep-74060,2024,11,22,0
dep-74060,2024,12,22,0
dep-74060,2025,1,22,0
dep-74060,2025,2,22,0
dep-74060,2025,3,22,0
dep-74060,2025,4,24,4
dep-74060,2025,5,22,4
dep-74060,2025,6,22,4
dep-74060,2025,7,22,4
dep-74060,2025,8,22,4
dep-74060,2025,9,22,4
dep-74060,2025,10,22,4
dep-74060,2025,11,22,4
dep-74060,2025,12,22,4
dep-74060,2026,1,22,4
dep-74060,2026,2,22,4
dep-74060,2026,3,22,4
dep-74060,2026,4,22,4
dep-74060,2026,5,25,0
dep-74060,2026,6,25,0
dep-74060,2026,7,25,0
dep-74060,2026,8,25,0
dep-74060,2026,9,25,0
dep-74060,2026,10,25,0
dep-74065,2025,10,22,1
dep-74065,2025,11,24,1
dep-74065,2025,12,24,1
dep-74065,2026,1,23,1
dep-74065,2026,2,26,1
dep-74065,2026,3,24,1
dep-74075,2023,2,15,0
dep-74075,2023,3,15,1
dep-74075,2023,4,15,1
dep-74075,2023,5,14,1
dep-74075,2023,6,14,1
dep-74075,2023,7,14,1
dep-74075,2023,8,15,1
dep-74075,2023,9,13,1
dep-74075,2023,10,13,1
dep-74075,2023,11,15,1
dep-74075,2023,12,15,1
dep-74075,2024,1,15,1
dep-74075,2024,2,15,1
dep-74075,2024,3,15,1
dep-74075,2024,4,15,1
dep-74075,2024,5,15,1
dep-74075,2024,6,15,1
dep-74075,2024,7,16,1
dep-74075,2024,8,15,1
dep-74075,2024,9,14,1
dep-74075,2024,10,14,1
dep-74075,2024,11,14,1
dep-74075,2024,12,14,1
dep-74075,2025,1,14,1
dep-74075,2025,2,14,1
dep-74075,2025,3,14,1
dep-74075,2025,4,15,1
dep-74075,2025,5,14,2
dep-74075,2025,6,14,2
dep-74075,2025,7,14,2
dep-74075,2025,8,14,2
dep-74075,2025,9,14,2
dep-74075,2025,10,15,2
dep-74075,2025,11,14,2
dep-74075,2025,12,14,2
dep-74075,2026,1,14,2
dep-74075,2026,2,13,2
dep-74075,2026,3,10,2
dep-74075,2026,4,10,1
dep-74075,2026,5,10,1
dep-74075,2026,6,10,1
dep-74075,2026,7,10,1
dep-74075,2026,8,12,1
dep-74075,2026,9,14,1
dep-74075,2026,10,14,1
dep-74079,2023,2,20,2
dep-74079,2023,3,20,2
dep-74079,2023,4,20,3
dep-74079,2023,5,18,4
dep-74079,2023,6,17,4
dep-74079,2023,7,17,5
dep-74079,2023,8,17,5
dep-74079,2023,9,16,5
dep-74079,2023,10,17,6
dep-74079,2023,11,18,5
dep-74079,2023,12,18,5
dep-74079,2024,1,17,5
dep-74079,2024,2,17,5
dep-74079,2024,3,18,5
dep-74079,2024,4,18,5
dep-74079,2024,5,18,5
dep-74079,2024,6,20,3
dep-74079,2024,7,19,2
dep-74079,2024,8,20,2
dep-74079,2024,9,20,2
dep-74079,2024,10,20,2
dep-74079,2024,11,20,2
dep-74079,2024,12,20,2
dep-74079,2025,1,20,2
dep-74079,2025,2,20,2
dep-74079,2025,3,20,2
dep-74079,2025,4,20,3
dep-74079,2025,5,20,3
dep-74079,2025,6,21,3
dep-74079,2025,7,21,3
dep-74079,2025,8,21,3
dep-74079,2025,9,21,3
dep-74079,2025,10,21,3
dep-74079,2025,11,21,3
dep-74079,2025,12,21,3
dep-74079,2026,1,21,3
dep-74079,2026,2,19,3
dep-74079,2026,3,16,3
dep-74079,2026,4,16,3
dep-74079,2026,5,18,3
dep-74079,2026,6,19,3
dep-74079,2026,7,20,3
dep-74079,2026,8,20,3
dep-74079,2026,9,20,3
dep-74079,2026,10,22,3
dep-74084,2023,2,22,1
dep-74084,2023,3,25,1
dep-74084,2023,4,24,1
dep-74084,2023,5,25,1
dep-74084,2023,6,25,1
dep-74084,2023,7,26,1
dep-74084,2023,8,25,1
dep-74084,2023,9,25,1
dep-74084,2023,10,25,1
dep-74084,2023,11,25,1
dep-74084,2023,12,25,1
dep-74084,2024,1,25,2
dep-74084,2024,2,25,2
dep-74084,2024,3,25,2
dep-74084,2024,4,25,2
dep-74084,2024,5,25,2
dep-74084,2024,6,25,2
dep-74084,2024,7,24,2
dep-74084,2024,8,24,2
dep-74084,2024,9,25,2
dep-74084,2024,10,25,2
dep-74084,2024,11,25,2
dep-74084,2024,12,25,2
dep-74084,2025,1,25,2
dep-74084,2025,2,25,2
dep-74084,2025,3,26,2
dep-74084,2025,4,25,2
dep-74084,2025,5,25,2
dep-74084,2025,6,25,2
dep-74084,2025,7,25,2
dep-74084,2025,8,25,2
dep-74084,2025,9,25,2
dep-74084,2025,10,25,2
dep-74084,2025,11,25,2
dep-74084,2025,12,25,2
dep-74084,2026,1,25,2
dep-74084,2026,2,25,2
dep-74084,2026,3,25,2
dep-74084,2026,4,25,2
dep-74084,2026,5,25,2
dep-74084,2026,6,25,2
dep-74084,2026,7,25,2
dep-74084,2026,8,25,2
dep-74084,2026,9,25,2
dep-74084,2026,10,25,2
dep-74090,2023,2,25,1
dep-74090,2023,3,26,2
dep-74090,2023,4,25,2
dep-74090,2023,5,25,2
dep-74090,2023,6,25,2
dep-74090,2023,7,25,2
dep-74090,2023,8,26,2
dep-74090,2023,9,25,2
dep-74090,2023,10,25,2
dep-74090,2023,11,25,2
dep-74090,2023,12,25,2
dep-74090,2024,1,25,2
dep-74090,2024,2,25,2
dep-74090,2024,3,26,2
dep-74090,2024,4,25,2
dep-74090,2024,5,25,2
dep-74090,2024,6,25,2
dep-74090,2024,7,26,2
dep-74090,2024,8,24,2
dep-74090,2024,9,24,2
dep-74090,2024,10,25,2
dep-74090,2024,11,25,2
dep-74090,2024,12,25,2
dep-74090,2025,1,25,2
dep-74090,2025,2,25,2
dep-74090,2025,3,25,2
dep-74090,2025,4,25,2
dep-74090,2025,5,25,2
dep-74090,2025,6,25,2
dep-74090,2025,7,25,2
dep-74090,2025,8,26,2
dep-74090,2025,9,25,2
dep-74090,2025,10,25,2
dep-74090,2025,11,25,2
dep-74090,2025,12,25,2
dep-74090,2026,1,25,2
dep-74090,2026,2,26,2
dep-74090,2026,3,9,2
dep-74090,2026,4,12,2
dep-74090,2026,5,12,2
dep-74090,2026,6,12,2
dep-74090,2026,7,25,2
dep-74090,2026,8,25,2
dep-74090,2026,9,25,2
dep-74090,2026,10,25,2
dep-74095,2024,2,17,2
dep-74095,2024,3,23,2
dep-74095,2024,4,25,2
dep-74095,2024,5,25,2
dep-74095,2024,6,25,2
dep-74095,2024,7,25,2
dep-74095,2024,8,25,2
dep-74095,2024,9,25,2
dep-74095,2024,10,25,2
dep-74095,2025,1,23,1
dep-74095,2025,2,24,1
dep-74095,2025,3,25,2
dep-74095,2025,4,24,2
dep-74095,2025,5,24,2
dep-74095,2025,6,24,2
dep-74095,2025,7,24,2
dep-74095,2025,8,24,2
dep-74095,2025,9,24,2
dep-74095,2025,10,25,2
dep-74095,2025,11,24,2
dep-74095,2025,12,24,2
dep-74095,2026,1,24,2
dep-74095,2026,2,24,2
dep-74095,2026,3,24,2
dep-74140,2026,7,0,1
dep-74140,2026,8,0,2
dep-74140,2026,9,0,2
dep-74140,2026,10,0,2
dep-74141,2023,2,13,0
dep-74141,2023,3,15,0
dep-74141,2023,4,14,0
dep-74141,2023,5,15,1
dep-74141,2023,6,15,2
dep-74141,2023,7,16,2
dep-74141,2023,8,21,2
dep-74141,2023,9,19,2
dep-74141,2023,10,19,2
dep-74141,2023,11,20,2
dep-74141,2023,12,20,1
dep-74141,2024,1,20,2
dep-74141,2024,2,20,2
dep-74141,2024,3,20,2
dep-74141,2024,4,21,2
dep-74141,2024,5,22,2
dep-74141,2024,6,22,2
dep-74141,2024,7,22,2
dep-74141,2024,8,22,2
dep-74141,2024,9,22,2
dep-74141,2024,10,22,2
dep-74141,2024,11,22,2
dep-74141,2024,12,21,2
dep-74141,2025,1,21,2
dep-74141,2025,2,22,2
dep-74141,2025,3,22,2
dep-74141,2025,4,22,2
dep-74141,2025,5,22,1
dep-74141,2025,6,22,1
dep-74141,2025,7,22,1
dep-74141,2025,8,22,1
dep-74141,2025,9,22,1
dep-74141,2025,10,22,1
dep-74141,2025,11,22,1
dep-74141,2025,12,22,0
dep-74141,2026,1,22,0
dep-74156,2023,2,27,4
dep-74156,2023,3,25,4
dep-74156,2023,4,24,4
dep-74156,2023,5,23,4
dep-74156,2023,6,23,4
dep-74156,2023,7,24,4
dep-74156,2023,8,25,5
dep-74156,2023,9,24,4
dep-74156,2023,10,24,3
dep-74156,2023,11,24,3
dep-74156,2023,12,24,4
dep-74156,2024,1,24,4
dep-74156,2024,2,24,4
dep-74156,2024,3,24,4
dep-74156,2024,4,24,5
dep-74156,2024,5,24,5
dep-74156,2024,6,25,5
dep-74156,2024,7,23,6
dep-74156,2024,8,22,5
dep-74156,2024,9,22,5
dep-74156,2024,10,21,5
dep-74156,2024,11,21,5
dep-74156,2024,12,22,5
dep-74156,2025,1,22,5
dep-74156,2025,2,25,5
dep-74156,2025,3,26,5
dep-74156,2025,4,25,5
dep-74156,2025,5,25,5
dep-74156,2025,6,25,6
dep-74156,2025,7,24,5
dep-74156,2025,8,24,5
dep-74156,2025,9,25,5
dep-74156,2025,10,25,5
dep-74156,2025,11,25,4
dep-74156,2025,12,25,4
dep-74156,2026,1,25,4
dep-74156,2026,2,25,4
dep-74156,2026,3,22,4
dep-74156,2026,4,24,4
dep-74156,2026,5,24,4
dep-74156,2026,6,24,4
dep-74156,2026,7,24,4
dep-74156,2026,8,25,4
dep-74156,2026,9,25,4
dep-74156,2026,10,25,4
dep-74158,2023,2,17,3
dep-74158,2023,3,19,4
dep-74158,2023,4,21,4
dep-74158,2023,5,20,5
dep-74158,2023,6,20,7
dep-74158,2023,7,21,5
dep-74158,2023,8,21,6
dep-74158,2023,9,21,6
dep-74158,2023,10,21,7
dep-74158,2023,11,21,6
dep-74158,2023,12,21,6
dep-74158,2024,1,21,6
dep-74158,2024,2,21,6
dep-74158,2024,3,21,6
dep-74158,2024,4,27,6
dep-74158,2024,5,24,0
dep-74158,2024,6,25,0
dep-74158,2024,7,25,0
dep-74158,2024,8,24,6
dep-74158,2024,9,24,6
dep-74158,2024,10,25,7
dep-74158,2024,11,17,6
dep-74158,2024,12,18,6
dep-74158,2025,1,18,6
dep-74158,2025,2,18,5
dep-74158,2025,3,20,6
dep-74158,2025,4,21,6
dep-74158,2025,5,20,5
dep-74158,2025,6,22,4
dep-74158,2025,7,23,3
dep-74158,2025,8,22,3
dep-74158,2025,9,22,3
dep-74158,2025,10,22,3
dep-74158,2025,11,22,3
dep-74158,2025,12,23,3
dep-74158,2026,1,23,4
dep-74158,2026,2,23,3
dep-74158,2026,3,20,4
dep-74158,2026,4,20,4
dep-74158,2026,5,22,4
dep-74158,2026,6,23,4
dep-74158,2026,7,23,4
dep-74158,2026,8,25,4
dep-74158,2026,9,25,4
dep-74158,2026,10,25,4
dep-74159,2023,2,21,4
dep-74159,2023,3,20,4
dep-74159,2023,4,19,4
dep-74159,2023,5,18,5
dep-74159,2023,6,18,5
dep-74159,2023,7,19,5
dep-74159,2023,8,20,5
dep-74159,2023,9,18,5
dep-74159,2023,10,19,5
dep-74159,2023,11,19,5
dep-74159,2023,12,19,5
dep-74159,2024,1,20,5
dep-74159,2024,2,20,5
dep-74159,2024,3,21,5
dep-74159,2024,4,21,6
dep-74159,2024,5,21,6
dep-74159,2024,6,21,6
dep-74159,2024,7,21,6
dep-74159,2024,8,19,6
dep-74159,2024,9,19,6
dep-74159,2024,10,19,6
dep-74159,2024,11,19,6
dep-74159,2024,12,19,6
dep-74159,2025,1,19,6
dep-74159,2025,2,18,5
dep-74159,2025,3,19,5
dep-74159,2025,4,18,4
dep-74159,2025,5,18,4
dep-74159,2025,6,18,4
dep-74159,2025,7,18,4
dep-74159,2025,8,18,4
dep-74159,2025,9,18,4
dep-74159,2025,10,18,4
dep-74159,2025,11,19,4
dep-74159,2025,12,19,4
dep-74159,2026,1,19,4
dep-74159,2026,2,19,4
dep-74159,2026,3,19,4
dep-74159,2026,4,20,4
dep-74159,2026,5,19,4
dep-74160,2023,2,16,1
dep-74160,2023,3,18,0
dep-74160,2023,4,17,0
dep-74160,2023,5,17,0
dep-74160,2023,6,17,1
dep-74160,2023,7,18,1
dep-74160,2023,8,18,1
dep-74160,2023,9,18,1
dep-74160,2023,10,18,2
dep-74160,2023,11,18,1
dep-74160,2023,12,18,1
dep-74160,2024,1,18,1
dep-74160,2024,2,18,1
dep-74160,2024,3,18,1
dep-74160,2024,4,18,1
dep-74160,2024,5,18,1
dep-74160,2024,6,18,1
dep-74160,2024,7,18,1
dep-74160,2024,8,18,1
dep-74160,2024,9,18,1
dep-74160,2024,10,18,1
dep-74160,2024,11,18,1
dep-74160,2024,12,18,1
dep-74160,2025,1,18,1
dep-74160,2025,2,18,1
dep-74160,2025,3,18,1
dep-74160,2025,4,18,1
dep-74160,2025,5,18,1
dep-74160,2025,6,18,1
dep-74160,2025,7,18,1
dep-74160,2025,8,18,1
dep-74160,2025,9,18,1
dep-74160,2025,10,18,1
dep-74160,2025,11,18,1
dep-74160,2025,12,18,1
dep-74160,2026,1,18,1
dep-74160,2026,2,18,1
dep-74160,2026,3,15,1
dep-74160,2026,4,15,1
dep-74160,2026,5,16,1
dep-74160,2026,6,18,1
dep-74160,2026,7,18,1
dep-74160,2026,8,18,1
dep-74160,2026,9,18,1
dep-74160,2026,10,18,1
dep-74161,2023,2,24,2
dep-74161,2023,3,25,2
dep-74161,2023,4,22,2
dep-74161,2023,5,22,2
dep-74161,2023,6,22,2
dep-74161,2023,7,21,2
dep-74161,2023,8,22,2
dep-74161,2023,9,23,2
dep-74161,2023,10,25,4
dep-74161,2023,11,25,4
dep-74161,2023,12,24,4
dep-74161,2024,1,23,4
dep-74161,2024,2,23,4
dep-74161,2024,3,24,4
dep-74161,2024,4,23,4
dep-74161,2024,5,25,4
dep-74161,2024,6,24,4
dep-74161,2024,7,25,5
dep-74161,2024,8,20,4
dep-74161,2024,9,20,4
dep-74161,2024,10,20,4
dep-74161,2024,11,22,4
dep-74161,2024,12,23,4
dep-74161,2025,1,23,4
dep-74161,2025,2,24,4
dep-74161,2025,3,24,4
dep-74161,2025,4,23,4
dep-74161,2025,5,24,4
dep-74161,2025,6,22,4
dep-74161,2025,7,22,4
dep-74161,2025,8,22,4
dep-74161,2025,9,22,4
dep-74161,2025,10,22,4
dep-74161,2025,11,22,4
dep-74161,2025,12,23,4
dep-74161,2026,1,23,4
dep-74161,2026,2,23,4
dep-74161,2026,3,16,4
dep-74161,2026,4,17,4
dep-74161,2026,5,20,4
dep-74161,2026,6,22,4
dep-74161,2026,7,22,4
dep-74161,2026,8,23,4
dep-74161,2026,9,23,4
dep-74161,2026,10,23,4
dep-74171,2023,2,14,0
dep-74171,2023,3,14,0
dep-74171,2023,4,14,0
dep-74171,2023,5,15,0
dep-74171,2023,6,16,0
dep-74171,2023,7,16,0
dep-74171,2023,8,15,0
dep-74171,2023,9,15,0
dep-74171,2023,10,15,0
dep-74171,2023,11,14,0
dep-74171,2023,12,14,0
dep-74171,2024,1,14,0
dep-74171,2024,2,14,0
dep-74171,2024,3,15,0
dep-74171,2024,4,15,0
dep-74171,2024,5,15,0
dep-74171,2024,6,15,0
dep-74171,2024,7,15,0
dep-74171,2024,8,15,0
dep-74171,2024,9,15,0
dep-74171,2024,10,15,0
dep-74171,2024,11,15,0
dep-74171,2024,12,15,0
dep-74171,2025,1,15,0
dep-74171,2025,2,15,0
dep-74171,2025,3,15,0
dep-74171,2025,4,15,0
dep-74171,2025,5,16,0
dep-74171,2025,6,15,0
dep-74171,2025,7,15,0
dep-74171,2025,8,15,0
dep-74171,2025,9,15,0
dep-74171,2025,10,15,0
dep-74171,2025,11,15,0
dep-74171,2025,12,15,0
dep-74171,2026,1,15,0
dep-74171,2026,2,15,0
dep-74171,2026,3,9,0
dep-74171,2026,4,9,0
dep-74171,2026,5,11,0
dep-74171,2026,6,11,0
dep-74171,2026,7,11,0
dep-74171,2026,8,16,0
dep-74171,2026,9,16,0
dep-74171,2026,10,16,0
dep-74253,2023,2,36,1
dep-74253,2023,3,25,3
dep-74253,2023,4,26,3
dep-74253,2023,5,25,4
dep-74253,2023,6,25,3
dep-74253,2023,7,25,3
dep-74253,2023,8,25,3
dep-74253,2023,9,25,3
dep-74253,2023,10,25,3
dep-74253,2023,11,25,3
dep-74253,2023,12,25,3
dep-74253,2024,1,25,3
dep-74253,2024,2,25,3
dep-74253,2024,3,24,3
dep-74253,2024,4,24,3
dep-74253,2024,5,26,3
dep-74253,2024,6,24,3
dep-74253,2024,7,24,3
dep-74253,2024,8,24,3
dep-74253,2024,9,24,3
dep-74253,2024,10,24,3
dep-74253,2024,11,23,3
dep-74253,2024,12,23,3
dep-74253,2025,1,24,3
dep-74253,2025,2,24,3
dep-74253,2025,3,25,3
dep-74253,2025,4,24,3
dep-74253,2025,5,25,3
dep-74253,2025,6,24,3
dep-74253,2025,7,24,3
dep-74253,2025,8,24,3
dep-74253,2025,9,24,3
dep-74253,2025,10,24,3
dep-74253,2025,11,25,3
dep-74253,2025,12,25,3
dep-74253,2026,1,25,3
dep-74253,2026,2,25,3
dep-74253,2026,3,21,3
dep-74253,2026,4,21,3
dep-74253,2026,5,23,3
dep-74253,2026,6,23,3
dep-74253,2026,7,23,3
dep-74253,2026,8,23,3
dep-74253,2026,9,25,3
dep-74253,2026,10,25,3
dep-74262,2023,2,23,0
dep-74262,2023,3,24,0
dep-74262,2023,4,22,2
dep-74262,2023,5,21,2
dep-74262,2023,6,21,2
dep-74262,2023,7,22,2
dep-74262,2023,8,21,2
dep-74262,2023,9,21,2
dep-74262,2023,10,21,2
dep-74262,2023,11,21,2
dep-74262,2023,12,21,2
dep-74262,2024,1,21,2
dep-74262,2024,2,21,2
dep-74262,2024,3,20,2
dep-74262,2024,4,20,2
dep-74262,2024,5,20,2
dep-74262,2024,6,17,2
dep-74262,2024,7,17,2
dep-74262,2024,8,16,2
dep-74262,2024,9,16,2
dep-74262,2024,10,16,2
dep-74262,2024,11,17,2
dep-74262,2024,12,17,2
dep-74262,2025,1,17,2
dep-74262,2025,2,17,2
dep-74262,2025,3,19,2
dep-74262,2025,4,18,2
dep-74262,2025,5,18,2
dep-74262,2025,6,16,2
dep-74262,2025,7,16,2
dep-74262,2025,8,16,2
dep-74262,2025,9,16,2
dep-74262,2025,10,15,2
dep-74262,2025,11,16,2
dep-74262,2025,12,16,2
dep-74262,2026,1,16,2
dep-74262,2026,2,16,2
dep-74262,2026,3,15,3
dep-74262,2026,4,15,3
dep-74262,2026,5,15,3
dep-74262,2026,6,15,3
dep-74262,2026,7,15,3
dep-74262,2026,8,16,3
dep-74262,2026,9,16,3
dep-74262,2026,10,16,3
dep-74270,2023,2,21,1
dep-74270,2023,3,22,2
dep-74270,2023,4,22,2
dep-74270,2023,5,21,2
dep-74270,2023,6,22,2
dep-74270,2023,7,22,2
dep-74270,2023,8,22,2
dep-74270,2023,9,22,2
dep-74270,2023,10,22,2
dep-74270,2023,11,21,2
dep-74270,2023,12,21,2
dep-74270,2024,1,21,2
dep-74270,2024,2,21,2
dep-74270,2024,3,21,2
dep-74270,2024,4,21,2
dep-74270,2024,5,21,2
dep-74270,2024,6,20,2
dep-74270,2024,7,20,2
dep-74270,2024,8,19,2
dep-74270,2024,9,20,2
dep-74270,2024,10,21,2
dep-74270,2024,11,21,2
dep-74270,2024,12,21,2
dep-74270,2025,1,21,2
dep-74270,2025,2,21,3
dep-74270,2025,3,20,2
dep-74270,2025,4,19,2
dep-74270,2025,5,19,2
dep-74270,2025,6,19,2
dep-74270,2025,7,20,2
dep-74270,2025,8,20,2
dep-74270,2025,9,19,3
dep-74270,2025,10,19,3
dep-74270,2025,11,19,3
dep-74270,2025,12,19,4
dep-74270,2026,1,19,4
dep-74270,2026,2,20,4
dep-74270,2026,3,19,4
dep-74270,2026,4,19,4
dep-74270,2026,5,21,4
dep-74270,2026,6,21,4
dep-74270,2026,7,21,4
dep-74270,2026,8,23,4
dep-74270,2026,9,24,4
dep-74270,2026,10,24,4
dep-74273,2023,2,18,2
dep-74273,2023,3,16,2
dep-74273,2023,4,16,2
dep-74273,2023,5,16,2
dep-74273,2023,6,16,3
dep-74273,2023,7,16,3
dep-74273,2023,8,16,3
dep-74273,2023,9,16,3
dep-74273,2023,10,16,3
dep-74273,2023,11,16,3
dep-74273,2023,12,16,3
dep-74273,2024,1,16,3
dep-74273,2024,2,16,3
dep-74273,2024,3,15,3
dep-74273,2024,4,15,3
dep-74273,2024,5,16,3
dep-74273,2024,6,16,3
dep-74273,2024,7,16,2
dep-74273,2024,8,16,2
dep-74273,2024,9,16,2
dep-74273,2024,10,16,2
dep-74273,2024,11,16,2
dep-74273,2024,12,16,2
dep-74273,2025,1,16,2
dep-74273,2025,2,16,2
dep-74273,2025,3,16,2
dep-74273,2025,4,16,2
dep-74273,2025,5,16,2
dep-74273,2025,6,16,2
dep-74273,2025,7,16,2
dep-74273,2025,8,16,2
dep-74273,2025,9,16,2
dep-74273,2025,10,16,2
dep-74273,2025,11,16,2
dep-74273,2025,12,16,2
dep-74273,2026,1,16,2
dep-74273,2026,2,16,2
dep-74273,2026,3,15,2
dep-74273,2026,4,15,2
dep-74273,2026,5,16,2
dep-74273,2026,6,16,2
dep-74273,2026,7,16,2
dep-74273,2026,8,16,2
dep-74273,2026,9,16,2
dep-74273,2026,10,16,2
dep-74283,2023,2,24,0
dep-74283,2023,3,25,0
dep-74283,2023,4,24,2
dep-74283,2023,5,25,2
dep-74283,2023,6,25,2
dep-74283,2023,7,24,2
dep-74283,2023,8,24,2
dep-74283,2023,9,25,2
dep-74283,2023,10,25,2
dep-74283,2023,11,25,2
dep-74283,2023,12,25,2
dep-74283,2024,1,25,2
dep-74283,2024,2,25,2
dep-74283,2024,3,25,2
dep-74283,2024,4,25,2
dep-74283,2024,5,25,2
dep-74283,2024,6,25,2
dep-74283,2024,7,25,2
dep-74283,2024,8,25,2
dep-74283,2024,9,25,2
dep-74283,2024,10,25,2
dep-74283,2024,11,25,2
dep-74283,2024,12,26,2
dep-74283,2025,1,25,2
dep-74283,2025,2,25,2
dep-74283,2025,3,25,2
dep-74283,2025,4,24,2
dep-74283,2025,5,24,2
dep-74283,2025,6,24,2
dep-74283,2025,7,24,2
dep-74283,2025,8,25,2
dep-74283,2025,9,25,2
dep-74283,2025,10,25,2
dep-74283,2025,11,24,2
dep-74283,2025,12,24,2
dep-74283,2026,1,24,2
dep-74283,2026,2,24,2
dep-74283,2026,3,24,2
dep-74295,2026,4,5,1
dep-74295,2026,5,8,3
dep-74295,2026,6,13,3
dep-74295,2026,7,16,3
dep-74295,2026,8,17,3
dep-74295,2026,9,17,3
dep-74295,2026,10,17,3
dep-74299,2023,2,24,0
dep-74299,2023,3,27,1
dep-74299,2023,4,24,3
dep-74299,2023,5,26,3
dep-74299,2023,6,25,3
dep-74299,2023,7,25,3
dep-74299,2023,8,25,3
dep-74299,2023,9,26,3
dep-74299,2023,10,25,3
dep-74299,2023,11,24,3
dep-74299,2024,1,16,3
dep-74299,2024,2,20,3
dep-74299,2024,3,20,3
dep-74299,2024,4,20,3
dep-74299,2024,5,20,3
dep-74299,2024,6,19,3
dep-74299,2025,1,18,2
dep-74299,2025,2,20,2
dep-74299,2025,3,19,1
dep-74299,2025,4,17,1
dep-74299,2025,5,18,1
dep-74299,2025,6,18,1
dep-74299,2025,7,18,1
dep-74299,2025,8,18,1
dep-74299,2025,9,18,1
dep-74299,2025,10,19,1
dep-74299,2025,11,19,1
dep-74299,2025,12,19,1
dep-74299,2026,1,19,1
dep-74299,2026,2,19,1
dep-74299,2026,3,33,1
dep-74317,2023,2,27,3
dep-74317,2023,3,22,3
dep-74317,2023,4,21,2
dep-74317,2023,5,22,2
dep-74317,2023,6,23,2
dep-74317,2023,7,23,2
dep-74317,2023,8,23,2
dep-74317,2023,9,23,2
dep-74317,2023,10,23,2
dep-74317,2023,11,23,2
dep-74317,2023,12,23,2
dep-74317,2024,1,23,2
dep-74317,2024,2,23,2
dep-74317,2024,3,23,2
dep-74317,2024,4,23,2
dep-74317,2024,5,24,2
dep-74317,2024,6,24,2
dep-74317,2024,7,24,2
dep-74317,2024,8,23,2
dep-74317,2024,9,23,2
dep-74317,2024,10,23,2
dep-74317,2024,11,23,2
dep-74317,2024,12,23,2
dep-74317,2025,1,23,2
dep-74317,2025,2,23,4
dep-74317,2025,3,26,2
dep-74317,2025,4,25,2
dep-74317,2025,5,26,2
dep-74317,2025,6,25,2
dep-74317,2025,7,25,2
dep-74317,2025,8,25,2
dep-74317,2025,9,25,3
dep-74317,2025,10,25,3
dep-74317,2025,11,26,3
dep-74317,2025,12,25,3
dep-74317,2026,1,25,3
dep-74317,2026,2,25,3
dep-74317,2026,3,16,3
dep-74317,2026,4,16,3
dep-74317,2026,5,20,3
dep-74317,2026,6,20,3
dep-74317,2026,7,20,3
dep-74317,2026,8,21,3
dep-74317,2026,9,22,2
dep-74317,2026,10,23,2
dep-74356,2023,2,24,4
dep-74356,2023,3,17,4
dep-74356,2023,4,19,4
dep-74356,2023,5,18,4
dep-74356,2023,6,22,4
dep-74356,2023,7,22,4
dep-74356,2023,8,22,4
dep-74356,2023,9,22,4
dep-74356,2023,10,22,4
dep-74356,2023,11,22,5
dep-74356,2023,12,22,4
dep-74356,2024,1,22,4
dep-74356,2024,2,22,4
dep-74356,2024,3,22,4
dep-74356,2024,4,22,4
dep-74356,2024,5,22,4
dep-74356,2024,6,22,4
dep-74356,2024,7,22,3
dep-74356,2024,8,21,3
dep-74356,2024,9,21,3
dep-74356,2024,10,21,4
dep-74356,2024,11,21,4
dep-74356,2024,12,21,4
dep-74356,2025,1,21,4
dep-74356,2025,2,21,4
dep-74356,2025,3,21,4
dep-74356,2025,4,21,4
dep-74356,2025,5,21,4
dep-74356,2025,6,21,4
dep-74356,2025,7,21,4
dep-74356,2025,8,23,4
dep-74356,2025,9,25,4
dep-74356,2025,10,24,4
dep-74356,2025,11,24,4
dep-74356,2025,12,24,4
dep-74356,2026,1,24,4
dep-74356,2026,2,24,4
dep-74356,2026,3,23,4
dep-74356,2026,4,25,4
dep-74356,2026,5,25,0
dep-74356,2026,6,25,0
dep-74356,2026,7,25,0
dep-74356,2026,8,25,4
dep-74356,2026,9,25,4
dep-74356,2026,10,25,4
dep-74371,2023,2,24,1
dep-74371,2023,3,25,1
dep-74371,2023,4,25,1
dep-74371,2023,5,24,1
dep-74371,2023,6,22,1
dep-74371,2023,7,21,1
dep-74371,2023,8,21,1
dep-74371,2023,9,22,1
dep-74371,2023,10,22,1
dep-74371,2023,11,22,1
dep-74371,2023,12,22,1
dep-74371,2024,1,22,1
dep-74371,2024,2,22,1
dep-74371,2024,3,22,1
dep-74371,2024,4,23,1
dep-74371,2024,5,23,1
dep-74371,2024,6,24,1
dep-74371,2024,7,24,1
dep-74371,2024,8,23,1
dep-74371,2024,9,23,1
dep-74371,2024,10,23,1
dep-74371,2024,11,23,1
dep-74371,2024,12,24,1
dep-74371,2025,1,24,1
dep-74371,2025,2,24,1
dep-74371,2025,3,24,1
dep-74371,2025,4,25,1
dep-74371,2025,5,25,1
dep-74371,2025,6,25,1
dep-74371,2025,7,25,1
dep-74371,2025,8,25,1
dep-74371,2025,9,24,1
dep-74371,2025,10,24,1
dep-74371,2025,11,24,1
dep-74371,2025,12,24,1
dep-74371,2026,1,24,1
dep-74371,2026,2,24,1
dep-74371,2026,3,19,1
dep-74371,2026,4,19,1
dep-74371,2026,5,22,1
dep-74371,2026,6,22,1
dep-74371,2026,7,22,1
dep-74371,2026,8,24,1
dep-74371,2026,9,24,1
dep-74371,2026,10,24,1
dep-74374,2023,2,10,0
dep-74374,2023,3,12,0
dep-74374,2023,4,15,1
dep-74374,2023,5,18,1
dep-74374,2023,6,18,1
dep-74374,2023,7,16,1
dep-74374,2023,8,17,1
dep-74374,2023,9,19,1
dep-74374,2023,10,19,1
dep-74374,2023,11,19,1
dep-74374,2023,12,20,1
dep-74374,2024,1,20,1
dep-74374,2024,2,20,1
dep-74374,2024,3,22,1
dep-74374,2024,4,24,1
dep-74374,2024,5,23,1
dep-74374,2024,6,23,1
dep-74374,2024,7,23,1
dep-74374,2024,8,23,1
dep-74374,2024,9,23,1
dep-74374,2024,10,23,1
dep-74374,2024,11,22,1
dep-74374,2024,12,22,1
dep-74374,2025,1,21,1
dep-74374,2025,2,20,1
dep-74374,2025,3,18,1
dep-74374,2025,4,18,1
dep-74374,2025,5,20,1
dep-74374,2025,6,21,1
dep-74374,2025,7,21,1
dep-74374,2025,8,21,1
dep-74374,2025,9,21,2
dep-74374,2025,10,22,1
dep-74374,2025,11,22,1
dep-74374,2025,12,24,2
dep-74374,2026,1,22,1
dep-74374,2026,2,22,1
dep-74374,2026,3,15,1
dep-74374,2026,4,17,1
dep-74374,2026,5,18,1
dep-74374,2026,6,19,1
dep-74374,2026,7,19,1
dep-74374,2026,8,19,1
dep-74374,2026,9,19,1
dep-74374,2026,10,21,1
dep-74376,2023,2,21,3
dep-74376,2023,3,22,2
dep-74376,2023,4,22,2
dep-74376,2023,5,23,2
dep-74376,2023,6,22,2
dep-74376,2023,7,22,2
dep-74376,2023,8,24,2
dep-74376,2023,9,23,2
dep-74376,2023,10,23,2
dep-74376,2023,11,23,2
dep-74376,2023,12,23,2
dep-74376,2024,1,23,2
dep-74376,2024,2,22,2
dep-74376,2024,3,22,2
dep-74376,2024,4,22,2
dep-74376,2024,5,24,2
dep-74376,2024,6,24,2
dep-74376,2024,7,23,2
dep-74376,2024,8,21,2
dep-74376,2024,9,21,2
dep-74376,2024,10,22,2
dep-74376,2024,11,21,2
dep-74376,2024,12,22,2
dep-74376,2025,1,22,2
dep-74376,2025,2,20,2
dep-74376,2025,3,20,2
dep-74376,2025,4,20,2
dep-74376,2025,5,22,2
dep-74376,2025,6,22,2
dep-74376,2025,7,22,2
dep-74376,2025,8,21,2
dep-74376,2025,9,21,2
dep-74376,2025,10,21,2
dep-74376,2025,11,21,2
dep-74376,2025,12,20,2
dep-74376,2026,1,20,2
dep-74376,2026,2,20,2
dep-74376,2026,3,17,2
dep-74376,2026,4,17,2
dep-74376,2026,5,19,2
dep-74376,2026,6,19,2
dep-74376,2026,7,22,2
dep-74376,2026,8,23,2
dep-74376,2026,9,23,2
dep-74376,2026,10,23,2
dep-74383,2023,2,15,3
dep-74383,2023,3,15,4
dep-74383,2023,4,17,4
dep-74383,2023,5,16,4
dep-74383,2023,6,16,4
dep-74383,2023,7,16,4
dep-74383,2023,8,14,4
dep-74383,2023,9,16,4
dep-74383,2023,10,16,4
dep-74383,2023,11,16,4
dep-74383,2023,12,16,4
dep-74383,2024,1,15,4
dep-74383,2024,2,16,4
dep-74383,2024,3,16,4
dep-74383,2024,4,16,4
dep-74383,2024,5,16,4
dep-74383,2024,6,17,4
dep-74383,2024,7,16,4
dep-74383,2024,8,16,4
dep-74383,2024,9,16,4
dep-74383,2024,10,16,4
dep-74383,2024,11,16,3
dep-74383,2024,12,16,4
dep-74383,2025,1,15,4
dep-74383,2025,2,15,4
dep-74383,2025,3,13,3
dep-74383,2025,4,13,3
dep-74383,2025,5,13,3
dep-74383,2025,6,13,3
dep-74383,2025,7,13,3
dep-74383,2025,8,17,3
dep-74383,2025,9,14,3
dep-74383,2025,10,15,3
dep-74383,2025,11,15,3
dep-74383,2025,12,15,3
dep-74383,2026,1,15,3
dep-74383,2026,2,15,4
dep-74383,2026,3,15,4
dep-74383,2026,4,16,4
dep-74383,2026,5,12,4
dep-74398,2023,2,21,2
dep-74398,2023,3,25,1
dep-74398,2023,4,24,1
dep-74398,2023,5,25,2
dep-74398,2023,6,24,2
dep-74398,2023,7,24,3
dep-74398,2023,8,24,3
dep-74398,2023,9,25,3
dep-74398,2023,10,23,3
dep-74398,2023,11,23,3
dep-74398,2023,12,24,3
dep-74398,2024,1,23,3
dep-74398,2024,2,23,3
dep-74398,2024,3,23,3
dep-74398,2024,4,24,3
dep-74398,2024,5,23,2
dep-74398,2024,6,23,2
dep-74398,2024,7,24,2
dep-74398,2024,8,23,2
dep-74398,2024,9,23,2
dep-74398,2024,10,23,2
dep-74398,2024,11,23,2
dep-74398,2024,12,24,2
dep-74398,2025,1,22,2
dep-74398,2025,2,23,4
dep-74398,2025,3,22,4
dep-74398,2025,4,21,4
dep-74398,2025,5,23,4
dep-74398,2025,6,24,4
dep-74398,2025,7,23,4
dep-74398,2025,8,21,4
dep-74398,2025,9,22,4
dep-74398,2025,10,23,4
dep-74398,2025,11,23,4
dep-74398,2025,12,23,4
dep-74398,2026,1,22,4
dep-74398,2026,2,21,4
dep-74398,2026,3,12,4
dep-74398,2026,4,12,4
dep-74398,2026,5,13,4
dep-74398,2026,6,15,4
dep-74398,2026,7,16,4
dep-74398,2026,8,20,4
dep-74398,2026,9,20,4
dep-74398,2026,10,20,4
dep-74400,2025,1,5,0
dep-74400,2025,2,11,3
dep-74400,2025,3,16,3
dep-74400,2025,4,24,4
dep-74400,2025,5,25,4
dep-74400,2025,6,25,4
dep-74400,2025,7,25,4
dep-74400,2025,8,25,4
dep-74400,2025,9,27,4
dep-74400,2025,10,24,4
dep-74400,2025,11,23,4
dep-74400,2025,12,24,4
dep-74400,2026,1,23,4
dep-74400,2026,2,23,4
dep-74400,2026,3,14,4
dep-74400,2026,4,14,4
dep-74400,2026,5,16,4
dep-74400,2026,6,20,4
dep-74400,2026,7,21,4
dep-74400,2026,8,22,4
dep-74400,2026,9,23,4
dep-74400,2026,10,23,4
dep-74428,2023,2,6,1
dep-74428,2023,3,7,2
dep-74428,2023,4,7,2
dep-74428,2023,5,8,2
dep-74428,2023,6,15,2
dep-74428,2023,7,17,2
dep-74428,2023,8,18,2
dep-74428,2023,9,18,2
dep-74428,2023,10,18,2
dep-74428,2023,11,18,2
dep-74428,2023,12,19,2
dep-74428,2024,1,19,2
dep-74428,2024,2,19,2
dep-74428,2024,3,19,2
dep-74428,2024,4,19,2
dep-74428,2024,5,20,2
dep-74428,2024,6,20,2
dep-74428,2024,7,20,2
dep-74428,2024,8,20,2
dep-74428,2024,9,19,2
dep-74428,2024,10,20,2
dep-74428,2024,11,19,2
dep-74428,2024,12,20,2
dep-74428,2025,1,20,2
dep-74428,2025,2,20,2
dep-74428,2025,3,20,2
dep-74428,2025,4,21,2
dep-74428,2025,5,20,2
dep-74428,2025,6,20,2
dep-74428,2025,7,19,2
dep-74428,2025,8,19,2
dep-74428,2025,9,19,2
dep-74428,2025,10,19,2
dep-74428,2025,11,19,2
dep-74428,2025,12,20,2
dep-74428,2026,1,20,2
dep-74428,2026,2,19,2
dep-74428,2026,3,17,2
dep-74428,2026,4,19,2
dep-74428,2026,5,19,2
dep-74428,2026,6,19,2
dep-74428,2026,7,19,2
dep-74428,2026,8,19,2
dep-74428,2026,9,19,2
dep-74428,2026,10,19,2
dep-74454,2023,2,2,0
dep-74454,2023,3,5,1
dep-74454,2023,4,6,1
dep-74454,2023,5,6,1
dep-74454,2023,6,7,1
dep-74454,2023,7,9,1
dep-74454,2023,8,10,1
dep-74454,2023,9,10,0
dep-74454,2023,10,12,0
dep-74454,2023,11,13,0
dep-74454,2023,12,13,0
dep-74454,2024,1,14,0
dep-74454,2024,2,14,0
dep-74454,2024,3,13,0
dep-74454,2024,4,14,0
dep-74454,2024,5,15,0
dep-74454,2024,6,15,0
dep-74454,2024,7,15,0
dep-74454,2024,8,15,0
dep-74454,2024,9,15,0
dep-74454,2024,10,15,0
dep-74454,2024,11,15,0
dep-74454,2024,12,16,0
dep-74454,2025,1,16,0
dep-74454,2025,2,16,0
dep-74454,2025,3,16,0
dep-74454,2025,4,17,0
dep-74454,2025,5,17,0
dep-74454,2025,6,17,0
dep-74454,2025,7,18,0
dep-74454,2025,8,20,0
dep-74454,2025,9,21,0
dep-74454,2025,10,21,0
dep-74454,2025,11,22,0
dep-74454,2025,12,21,0
dep-74454,2026,1,20,0
dep-74454,2026,2,20,0
dep-74454,2026,3,6,0
dep-74454,2026,4,6,0
dep-74454,2026,5,6,0
dep-74454,2026,6,6,0
dep-74454,2026,7,11,0
dep-74454,2026,8,16,0
dep-74454,2026,9,19,0
dep-74454,2026,10,19,0
dep-74467,2023,2,22,3
dep-74467,2023,3,22,2
dep-74467,2023,4,22,2
dep-74467,2023,5,22,3
dep-74467,2023,6,22,3
dep-74467,2023,7,22,3
dep-74467,2023,8,22,3
dep-74467,2023,9,22,3
dep-74467,2023,10,20,3
dep-74467,2023,11,20,3
dep-74467,2023,12,20,3
dep-74467,2024,1,20,3
dep-74467,2024,2,20,3
dep-74467,2024,3,20,3
dep-74467,2024,4,21,3
dep-74467,2024,5,22,3
dep-74467,2024,6,22,3
dep-74467,2024,7,22,3
dep-74467,2024,8,22,3
dep-74467,2024,9,22,3
dep-74467,2024,10,22,3
dep-74467,2024,11,22,3
dep-74467,2024,12,22,3
dep-74467,2025,1,22,3
dep-74467,2025,2,22,3
dep-74467,2025,3,22,3
dep-74467,2025,4,22,3
dep-74467,2025,5,22,3
dep-74467,2025,6,22,3
dep-74467,2025,7,22,3
dep-74467,2025,8,21,3
dep-74467,2025,9,21,3
dep-74467,2025,10,23,3
dep-74467,2025,11,23,3
dep-74467,2025,12,22,3
dep-74467,2026,1,21,3
dep-74467,2026,2,21,3
dep-74467,2026,3,17,3
dep-74467,2026,4,18,3
dep-74467,2026,5,21,3
dep-74467,2026,6,22,3
dep-74467,2026,7,22,3
dep-74467,2026,8,22,3
dep-74467,2026,9,22,3
dep-74467,2026,10,22,3
dep-74478,2023,2,12,2
dep-74478,2023,3,13,2
dep-74478,2023,4,13,2
dep-74478,2023,5,13,2
dep-74478,2023,6,13,2
dep-74478,2023,7,13,2
dep-74478,2023,8,14,2
dep-74478,2023,9,15,2
dep-74478,2023,10,14,2
dep-74478,2023,11,14,2
dep-74478,2023,12,14,2
dep-74478,2024,1,14,2
dep-74478,2024,2,14,2
dep-74478,2024,3,14,2
dep-74478,2024,4,14,2
dep-74478,2024,5,15,2
dep-74478,2024,6,15,2
dep-74478,2024,7,14,2
dep-74478,2024,8,14,2
dep-74478,2024,9,14,2
dep-74478,2024,10,15,2
dep-74478,2024,11,15,2
dep-74478,2024,12,15,2
dep-74478,2025,1,15,2
dep-74478,2025,2,18,2
dep-74478,2025,3,19,0
dep-74478,2025,4,20,0
dep-74478,2025,5,21,0
dep-74478,2025,6,21,0
dep-74478,2025,7,21,0
dep-74478,2025,8,21,0
dep-74478,2025,9,21,0
dep-74478,2025,10,21,0
dep-74478,2025,11,21,0
dep-74478,2025,12,21,0
dep-74478,2026,1,21,0
dep-74478,2026,2,21,0
dep-74478,2026,3,22,0
dep-74478,2026,4,22,0
dep-74478,2026,5,22,0
dep-74478,2026,6,22,0
dep-74478,2026,7,22,0
dep-74478,2026,8,22,0
dep-74478,2026,9,22,0
dep-74478,2026,10,22,0
dep-74537,2023,2,13,2
dep-74537,2023,3,14,2
dep-74537,2023,4,14,2
dep-74537,2023,5,14,2
dep-74537,2023,6,14,2
dep-74537,2023,7,14,2
dep-74537,2023,8,14,2
dep-74537,2023,9,14,2
dep-74537,2023,10,14,2
dep-74537,2023,11,15,2
dep-74537,2023,12,14,2
dep-74537,2024,1,13,2
dep-74537,2024,2,13,2
dep-74537,2024,3,12,2
dep-74537,2024,4,12,2
dep-74537,2024,5,12,2
dep-74537,2024,6,12,2
dep-74537,2024,7,14,2
dep-74537,2024,8,14,2
dep-74537,2024,9,14,2
dep-74537,2024,10,13,2
dep-74537,2024,11,13,2
dep-74537,2024,12,14,2
dep-74537,2025,1,13,2
dep-74537,2025,2,13,2
dep-74537,2025,3,14,2
dep-74537,2025,4,13,2
dep-74537,2025,5,13,2
dep-74537,2025,6,13,2
dep-74537,2025,7,12,2
dep-74537,2025,8,13,2
dep-74537,2025,9,15,2
dep-74537,2025,10,15,2
dep-74537,2025,11,15,2
dep-74537,2025,12,15,2
dep-74537,2026,1,15,2
dep-74537,2026,2,15,2
dep-74537,2026,3,10,2
dep-74537,2026,4,14,2
dep-74537,2026,5,16,2
dep-74537,2026,6,16,2
dep-74537,2026,7,17,2
dep-74537,2026,8,17,2
dep-74537,2026,9,17,2
dep-74537,2026,10,17,2
dep-74550,2023,2,15,2
dep-74550,2023,3,15,2
dep-74550,2023,4,15,2
dep-74550,2023,5,15,2
dep-74550,2023,6,15,2
dep-74550,2023,7,15,2
dep-74550,2023,8,15,2
dep-74550,2023,9,15,2
dep-74550,2023,10,15,2
dep-74550,2023,11,16,2
dep-74550,2023,12,16,2
dep-74550,2024,1,16,2
dep-74550,2024,2,16,2
dep-74550,2024,3,16,2
dep-74550,2024,4,16,2
dep-74550,2024,5,16,2
dep-74550,2024,6,16,2
dep-74550,2024,7,16,2
dep-74550,2024,8,17,2
dep-74550,2024,9,18,2
dep-74550,2024,10,17,2
dep-74550,2024,11,17,2
dep-74550,2024,12,18,2
dep-74550,2025,1,17,2
dep-74550,2025,2,18,2
dep-74550,2025,3,18,2
dep-74550,2025,4,18,2
dep-74550,2025,5,19,2
dep-74550,2025,6,18,2
dep-74550,2025,7,18,2
dep-74550,2025,8,18,2
dep-74550,2025,9,18,2
dep-74550,2025,10,18,2
dep-74550,2025,11,17,2
dep-74550,2025,12,17,2
dep-74550,2026,1,17,2
dep-74550,2026,2,17,2
dep-74550,2026,3,17,2
dep-74550,2026,4,17,2
dep-74554,2023,2,18,1
dep-74554,2023,3,18,2
dep-74554,2023,4,18,2
dep-74554,2023,5,18,2
dep-74554,2023,6,18,2
dep-74554,2023,7,18,2
dep-74554,2023,8,18,2
dep-74554,2023,9,19,2
dep-74554,2023,10,18,2
dep-74554,2023,11,18,2
dep-74554,2023,12,18,2
dep-74554,2024,1,18,2
dep-74554,2024,2,18,2
dep-74554,2024,3,18,2
dep-74554,2024,4,18,2
dep-74554,2024,5,18,2
dep-74554,2024,6,18,2
dep-74554,2024,7,18,3
dep-74554,2024,8,18,3
dep-74554,2024,9,18,3
dep-74554,2024,10,18,3
dep-74554,2024,11,18,3
dep-74554,2024,12,19,3
dep-74554,2025,1,18,3
dep-74554,2025,2,17,3
dep-74554,2025,3,17,2
dep-74554,2025,4,17,2
dep-74554,2025,5,17,2
dep-74554,2025,6,17,2
dep-74554,2025,7,17,2
dep-74554,2025,8,17,2
dep-74554,2025,9,17,2
dep-74554,2025,10,16,2
dep-74554,2025,11,15,2
dep-74554,2025,12,15,2
dep-74554,2026,1,15,2
dep-74554,2026,2,16,2
dep-74554,2026,3,15,2
dep-74554,2026,4,16,2
dep-74554,2026,5,16,2
dep-74554,2026,6,16,2
dep-74554,2026,7,16,2
dep-74554,2026,8,16,2
dep-74554,2026,9,16,2
dep-74554,2026,10,16,2
dep-74574,2023,2,8,1
dep-74574,2023,3,14,1
dep-74574,2023,4,16,2
dep-74574,2023,5,16,2
dep-74574,2023,6,15,2
dep-74574,2023,7,18,2
dep-74574,2023,8,18,2
dep-74574,2023,9,19,2
dep-74574,2023,10,20,2
dep-74574,2023,11,20,2
dep-74574,2023,12,20,2
dep-74574,2024,1,20,2
dep-74574,2024,2,20,2
dep-74574,2024,3,21,2
dep-74574,2024,4,21,2
dep-74574,2024,5,21,2
dep-74574,2024,6,22,2
dep-74574,2024,7,19,2
dep-74574,2024,8,23,2
dep-74574,2024,9,23,2
dep-74574,2024,10,23,2
dep-74574,2024,11,23,2
dep-74574,2024,12,23,2
dep-74574,2025,1,23,2
dep-74574,2025,2,23,2
dep-74574,2025,3,23,2
dep-74574,2025,4,24,2
dep-74574,2025,5,24,2
dep-74574,2025,6,24,2
dep-74574,2025,7,24,2
dep-74574,2025,8,24,2
dep-74574,2025,9,25,2
dep-74574,2025,10,25,2
dep-74574,2025,11,25,2
dep-74574,2025,12,25,2
dep-74574,2026,1,25,2
dep-74574,2026,2,25,3
dep-74574,2026,3,21,3
dep-74574,2026,4,23,3
dep-74574,2026,5,23,3
dep-74574,2026,6,25,3
dep-74574,2026,7,25,3
dep-74574,2026,8,25,3
dep-74574,2026,9,25,3
dep-74574,2026,10,25,3
dep-74581,2026,9,1,0
dep-74581,2026,10,2,0
dep-74585,2023,2,21,4
dep-74585,2023,3,22,4
dep-74585,2023,4,22,4
dep-74585,2023,5,23,4
dep-74585,2023,6,23,4
dep-74585,2023,7,23,4
dep-74585,2023,8,22,4
dep-74585,2023,9,23,4
dep-74585,2023,10,23,4
dep-74585,2023,11,23,4
dep-74585,2023,12,25,4
dep-74585,2024,1,25,4
dep-74585,2024,2,25,4
dep-74585,2024,3,25,4
dep-74585,2024,4,25,4
dep-74585,2024,5,25,4
dep-74585,2024,6,25,4
dep-74585,2024,7,25,4
dep-74585,2024,8,25,4
dep-74585,2024,9,25,4
dep-74585,2024,10,25,4
dep-74585,2024,11,24,4
dep-74585,2024,12,24,4
dep-74585,2025,1,23,4
dep-74585,2025,2,23,4
dep-74585,2025,3,21,4
dep-74585,2025,4,21,4
dep-74585,2025,5,21,4
dep-74585,2025,6,24,4
dep-74585,2025,7,24,4
dep-74585,2025,8,23,4
dep-74585,2025,9,23,5
dep-74585,2025,10,23,4
dep-74585,2025,11,23,4
dep-74585,2025,12,23,4
dep-74585,2026,1,23,4
dep-74585,2026,2,23,5
dep-74585,2026,3,19,4
dep-74585,2026,4,19,4
dep-74585,2026,5,20,4
dep-74585,2026,6,20,4
dep-74585,2026,7,22,4
dep-74585,2026,8,23,4
dep-74585,2026,9,24,4
dep-74585,2026,10,24,4
dep-74646,2023,2,22,3
dep-74646,2023,3,22,1
dep-74646,2023,4,22,3
dep-74646,2023,5,25,3
dep-74646,2023,6,25,3
dep-74646,2023,7,25,3
dep-74646,2023,8,21,3
dep-74646,2023,9,22,3
dep-74646,2023,10,23,3
dep-74646,2023,11,23,3
dep-74646,2023,12,22,3
dep-74646,2024,1,22,3
dep-74646,2024,2,23,3
dep-74646,2024,3,23,3
dep-74646,2024,4,24,3
dep-74646,2024,5,24,3
dep-74646,2024,6,24,3
dep-74646,2024,7,24,3
dep-74646,2024,8,24,3
dep-74646,2024,9,23,3
dep-74646,2024,10,23,3
dep-74646,2024,11,23,3
dep-74646,2024,12,24,3
dep-74646,2025,1,22,3
dep-74646,2025,2,22,3
dep-74646,2025,3,22,3
dep-74646,2025,4,22,3
dep-74646,2025,5,23,3
dep-74646,2025,6,23,3
dep-74646,2025,7,23,3
dep-74646,2025,8,23,3
dep-74646,2025,9,23,3
dep-74646,2025,10,23,3
dep-74646,2025,11,23,3
dep-74646,2025,12,23,3
dep-74646,2026,1,23,3
dep-74646,2026,2,23,3
dep-74646,2026,3,20,3
dep-74646,2026,4,21,4
dep-74646,2026,5,22,3
dep-74646,2026,6,24,3
dep-74646,2026,7,24,3
dep-74646,2026,8,25,3
dep-74646,2026,9,25,3
dep-74646,2026,10,25,3
dep-74696,2023,2,11,1
dep-74696,2023,3,12,1
dep-74696,2023,4,14,1
dep-74696,2023,5,15,3
dep-74696,2023,6,14,3
dep-74696,2023,7,16,3
dep-74696,2023,8,19,3
dep-74696,2023,9,19,3
dep-74696,2023,10,19,3
dep-74696,2023,11,19,3
dep-74696,2023,12,19,3
dep-74696,2024,1,20,3
dep-74696,2024,2,20,3
dep-74696,2024,3,20,3
dep-74696,2024,4,20,3
dep-74696,2024,5,20,3
dep-74696,2024,6,20,3
dep-74696,2024,7,17,3
dep-74696,2024,8,16,2
dep-74696,2024,9,11,2
dep-74696,2024,10,8,2
dep-74696,2024,11,8,2
dep-74696,2024,12,8,2
dep-74784,2023,2,11,0
dep-74784,2023,3,10,0
dep-74784,2023,4,10,0
dep-74784,2023,5,10,0
dep-74784,2023,6,10,0
dep-74784,2023,7,10,0
dep-74784,2023,8,10,0
dep-74784,2023,9,10,0
dep-74784,2023,10,10,0
dep-74784,2023,11,10,0
dep-74784,2023,12,10,0
dep-74784,2024,1,10,0
dep-74784,2024,2,10,0
dep-74784,2024,3,10,0
dep-74784,2024,4,10,0
dep-74784,2024,5,10,0
dep-74784,2024,6,10,0
dep-74784,2024,7,10,0
dep-74784,2024,8,10,0
dep-74784,2024,9,10,0
dep-74784,2024,10,10,0
dep-74784,2024,11,10,0
dep-74784,2024,12,10,0
dep-74784,2025,1,9,0
dep-74784,2025,2,9,0
dep-74784,2025,3,9,0
dep-74784,2025,4,9,0
dep-74784,2025,5,9,0
dep-74784,2025,6,9,0
dep-74784,2025,7,9,0
dep-74784,2025,8,9,0
dep-74784,2025,9,9,0
dep-74784,2025,10,9,0
dep-74784,2025,11,9,0
dep-74784,2025,12,9,0
dep-74784,2026,1,9,0
dep-74784,2026,2,10,0
dep-74784,2026,3,10,0
dep-74784,2026,4,10,0
dep-74784,2026,5,10,0
dep-74784,2026,6,10,0
dep-74784,2026,7,10,0
dep-74784,2026,8,10,0
dep-74784,2026,9,10,0
dep-74784,2026,10,10,0
dep-74848,2023,2,13,1
dep-74848,2023,3,13,1
dep-74848,2023,4,14,1
dep-74848,2023,5,13,1
dep-74848,2023,6,13,1
dep-74848,2023,7,13,1
dep-74848,2023,8,13,1
dep-74848,2023,9,13,1
dep-74848,2023,10,13,1
dep-74848,2023,11,13,1
dep-74848,2023,12,13,1
dep-74848,2024,1,13,1
dep-74848,2024,2,13,1
dep-74848,2024,3,14,1
dep-74848,2024,4,13,1
dep-74848,2024,5,13,1
dep-74848,2024,6,13,1
dep-74848,2024,7,13,1
dep-74848,2024,8,13,1
dep-74848,2024,9,13,1
dep-74848,2024,10,13,1
dep-74848,2024,11,13,1
dep-74848,2024,12,13,1
dep-74848,2025,1,13,1
dep-74848,2025,2,13,1
dep-74848,2025,3,13,1
dep-74848,2025,4,13,1
dep-74848,2025,5,13,1
dep-74848,2025,6,13,1
dep-74848,2025,7,13,1
dep-74848,2025,8,13,1
dep-74848,2025,9,13,1
dep-74848,2025,10,13,1
dep-74848,2025,11,13,1
dep-74848,2025,12,13,1
dep-74848,2026,1,13,1
dep-74848,2026,2,13,1
dep-74848,2026,3,12,1
dep-74848,2026,4,12,1
dep-74848,2026,5,14,1
dep-74848,2026,6,14,1
dep-74848,2026,7,14,1
dep-74848,2026,8,14,1
dep-74848,2026,9,14,1
dep-74848,2026,10,14,1
dep-74856,2023,2,17,1
dep-74856,2023,3,18,1
dep-74856,2023,4,20,1
dep-74856,2023,5,16,1
dep-74856,2023,6,17,1
dep-74856,2023,7,17,2
dep-74856,2023,8,17,2
dep-74856,2023,9,17,2
dep-74856,2023,10,17,2
dep-74856,2023,11,17,2
dep-74856,2023,12,17,2
dep-74856,2024,1,17,2
dep-74856,2024,2,17,2
dep-74856,2024,3,17,2
dep-74856,2024,4,17,2
dep-74856,2024,5,17,2
dep-74856,2024,6,18,2
dep-74856,2024,7,17,2
dep-74856,2024,8,17,2
dep-74856,2024,9,17,2
dep-74856,2024,10,17,2
dep-74856,2024,11,17,2
dep-74856,2024,12,17,2
dep-74856,2025,1,19,2
dep-74856,2025,2,17,2
dep-74856,2025,3,17,2
dep-74856,2025,4,17,3
dep-74856,2025,5,17,3
dep-74856,2025,6,17,3
dep-74856,2025,7,18,3
dep-74856,2025,8,17,3
dep-74856,2025,9,18,3
dep-74856,2025,10,18,3
dep-74856,2025,11,18,3
dep-74856,2025,12,18,3
dep-74856,2026,1,18,3
dep-74856,2026,2,18,3
dep-74856,2026,3,15,3
dep-74856,2026,4,16,4
dep-74856,2026,5,20,3
dep-74856,2026,6,20,3
dep-74856,2026,7,22,3
dep-74856,2026,8,22,3
dep-74856,2026,9,23,3
dep-74856,2026,10,23,3
dep-74858,2023,2,10,0
dep-74858,2023,3,13,0
dep-74858,2023,4,13,0
dep-74858,2023,5,13,0
dep-74858,2023,6,13,0
dep-74858,2023,7,13,0
dep-74858,2023,8,13,0
dep-74858,2023,9,13,0
dep-74858,2023,10,13,0
dep-74858,2023,11,13,0
dep-74858,2023,12,13,0
dep-74858,2024,1,13,0
dep-74858,2024,2,13,0
dep-74858,2024,3,13,0
dep-74858,2024,4,13,0
dep-74858,2024,5,13,0
dep-74858,2024,6,13,0
dep-74858,2024,7,13,0
dep-74858,2024,8,13,0
dep-74858,2024,9,13,0
dep-74858,2024,10,13,0
dep-74858,2024,11,13,0
dep-74858,2024,12,13,0
dep-74858,2025,1,11,0
dep-74858,2025,2,13,0
dep-74858,2025,3,12,1
dep-74858,2025,4,12,1
dep-74858,2025,5,12,1
dep-74858,2025,6,13,1
dep-74858,2025,7,13,1
dep-74858,2025,8,13,1
dep-74858,2025,9,13,1
dep-74858,2025,10,13,1
dep-74858,2025,11,13,1
dep-74858,2025,12,13,1
dep-74858,2026,1,13,1
dep-74858,2026,2,14,1
dep-74858,2026,3,13,1
dep-74858,2026,4,13,1
dep-74858,2026,5,14,0
dep-74858,2026,6,14,0
dep-74858,2026,7,14,0
dep-74858,2026,8,15,1
dep-74858,2026,9,15,1
dep-74858,2026,10,15,1
dep-77003,2025,11,0,3
dep-77003,2025,12,0,3
dep-77003,2026,1,0,3
dep-77003,2026,2,0,3
dep-77003,2026,3,0,3
dep-80815,2023,2,14,1
dep-80815,2023,3,17,1
dep-80815,2023,4,17,1
dep-80815,2023,5,19,1
dep-80815,2023,6,19,1
dep-80815,2023,7,20,1
dep-80815,2023,8,20,1
dep-80815,2023,9,20,1
dep-80815,2023,10,20,1
dep-80815,2023,11,21,1
dep-80815,2023,12,21,1
dep-80815,2024,1,21,1
dep-80815,2024,2,21,1
dep-80815,2024,3,22,1
dep-80815,2024,4,23,1
dep-80815,2024,5,22,2
dep-80815,2024,6,20,2
dep-80815,2024,7,21,2
dep-80815,2024,8,21,2
dep-80815,2024,9,22,2
dep-80815,2024,10,22,2
dep-80815,2024,11,19,2
dep-80815,2024,12,20,2
dep-80815,2025,1,19,2
dep-80815,2025,2,20,2
dep-80815,2025,3,20,2
dep-80815,2025,4,20,2
dep-80815,2025,5,23,2
dep-80815,2025,6,21,2
dep-80815,2025,7,22,2
dep-80815,2025,8,22,2
dep-80815,2025,9,23,2
dep-80815,2025,10,23,2
dep-80815,2025,11,23,3
dep-80815,2025,12,23,3
dep-80815,2026,1,23,3
dep-80815,2026,2,23,3
dep-80815,2026,3,19,2
dep-80815,2026,4,20,2
dep-80815,2026,5,20,2
dep-80815,2026,6,23,2
dep-80815,2026,7,25,0
dep-80815,2026,8,25,0
dep-80815,2026,9,25,0
dep-80815,2026,10,25,0
dep-81055,2023,2,18,0
dep-81055,2023,3,20,1
dep-81055,2023,4,19,3
dep-81055,2023,5,19,3
dep-81055,2023,6,18,3
dep-81055,2023,7,18,3
dep-81055,2023,8,19,3
dep-81055,2023,9,19,3
dep-81055,2023,10,19,2
dep-81055,2023,11,19,2
dep-81055,2023,12,19,2
dep-81055,2024,1,19,2
dep-81055,2024,2,19,2
dep-81055,2024,3,21,2
dep-81055,2024,4,20,2
dep-81055,2024,5,21,1
dep-81055,2024,6,22,0
dep-81055,2024,7,20,0
dep-81055,2024,8,20,0
dep-81055,2024,9,21,0
dep-81055,2024,10,21,0
dep-81055,2024,11,22,0
dep-81055,2024,12,22,0
dep-81055,2025,1,22,0
dep-81055,2025,2,21,0
dep-81055,2025,3,21,0
dep-81055,2025,4,21,2
dep-81055,2025,5,19,2
dep-81055,2025,6,20,2
dep-81055,2025,7,21,2
dep-81055,2025,8,23,2
dep-81055,2025,9,23,2
dep-81055,2025,10,23,2
dep-81055,2025,11,23,2
dep-81055,2025,12,23,2
dep-81055,2026,1,23,2
dep-81055,2026,2,23,2
dep-81055,2026,3,19,2
dep-81055,2026,4,20,2
dep-81055,2026,5,20,2
dep-81055,2026,6,23,2
dep-81055,2026,7,25,2
dep-81055,2026,8,25,2
dep-81055,2026,9,25,2
dep-81055,2026,10,25,2
dep-88256,2023,2,10,0
dep-88256,2023,3,13,5
dep-88256,2023,4,10,5
dep-88256,2023,5,9,6
dep-88256,2023,6,11,6
dep-88256,2023,7,12,6
dep-88256,2023,8,13,6
dep-88256,2023,9,15,6
dep-88256,2023,10,15,7
dep-88256,2023,11,14,6
dep-88256,2023,12,14,6
dep-88256,2024,1,15,6
dep-88256,2024,2,17,6
dep-88256,2024,3,19,6
dep-88256,2024,4,18,3
dep-88256,2024,5,18,3
dep-88256,2024,6,18,4
dep-88256,2024,7,18,4
dep-88256,2024,8,16,4
dep-88256,2024,9,16,4
dep-88256,2024,10,16,4
dep-88256,2024,11,16,4
dep-88256,2024,12,16,4
dep-88256,2025,1,16,4
dep-88256,2025,2,16,4
dep-88256,2025,3,16,4
dep-88256,2025,4,18,4
dep-88256,2025,5,16,4
dep-88256,2025,6,18,4
dep-88256,2025,7,22,4
dep-88256,2025,8,21,4
dep-88256,2025,9,24,4
dep-88256,2025,10,22,4
dep-88256,2025,11,26,4
dep-88256,2025,12,25,4
dep-88256,2026,1,25,4
dep-88256,2026,2,25,3
dep-88256,2026,3,15,3
dep-88256,2026,4,15,3
dep-88256,2026,5,15,4
dep-88256,2026,6,15,4
dep-88256,2026,7,15,4
dep-88256,2026,8,20,4
dep-88256,2026,9,20,4
dep-88256,2026,10,21,4
dep-89536,2023,3,24,1
dep-89536,2023,4,24,1
dep-89536,2023,5,24,1
dep-89536,2023,6,25,1
dep-89536,2023,7,23,1
dep-89536,2023,8,24,1
dep-89536,2023,9,24,1
dep-89536,2023,10,24,1
dep-89536,2023,11,24,1
dep-89536,2023,12,22,1
dep-89536,2024,1,22,1
dep-91228,2023,2,18,3
dep-91228,2023,3,24,4
dep-91228,2023,4,25,4
dep-91228,2023,5,27,4
dep-91228,2023,6,25,4
dep-91228,2023,7,25,4
dep-91228,2023,8,25,5
dep-91228,2023,9,25,4
dep-91228,2023,10,25,4
dep-91228,2023,11,25,5
dep-91228,2023,12,25,4
dep-91228,2024,1,25,4
dep-91228,2024,2,25,4
dep-91228,2024,3,25,4
dep-91228,2024,4,25,4
dep-91228,2024,5,25,4
dep-91228,2024,6,24,4
dep-91228,2024,7,24,4
dep-91228,2024,8,24,4
dep-91228,2024,9,26,4
dep-91228,2024,10,25,4
dep-91228,2024,11,25,4
dep-91228,2024,12,26,4
dep-91228,2025,1,25,4
dep-91228,2025,2,25,4
dep-91228,2025,3,25,4
dep-91228,2025,4,21,4
dep-91228,2025,5,22,4
dep-91228,2025,6,25,4
dep-91228,2025,7,25,4
dep-91228,2025,8,25,4
dep-91228,2025,9,25,4
dep-91228,2025,10,26,4
dep-91228,2025,11,25,4
dep-91228,2025,12,24,4
dep-91228,2026,1,24,4
dep-91228,2026,2,25,4
dep-91228,2026,3,19,6
dep-91228,2026,4,19,4
dep-91228,2026,5,21,4
dep-91228,2026,6,24,4
dep-91228,2026,7,24,4
dep-91228,2026,8,25,4
dep-91228,2026,9,25,4
dep-91228,2026,10,25,4
dep-92102,2023,2,21,2
dep-92102,2023,3,21,2
dep-92102,2023,4,21,2
dep-92102,2023,5,21,3
dep-92102,2023,6,22,3
dep-92102,2023,7,22,3
dep-92102,2023,8,23,4
dep-92102,2023,9,20,3
dep-92102,2023,10,23,3
dep-92102,2023,11,23,3
dep-92102,2023,12,23,3
dep-92102,2024,1,23,3
dep-92102,2024,2,23,3
dep-92102,2024,3,23,3
dep-92102,2024,4,23,3
dep-92102,2024,5,23,3
dep-92102,2024,6,24,3
dep-92102,2024,7,22,3
dep-92102,2024,8,21,3
dep-92102,2024,9,21,3
dep-92102,2024,10,23,3
dep-92102,2024,11,23,3
dep-92102,2024,12,23,3
dep-92102,2025,1,23,3
dep-92102,2025,2,23,3
dep-92102,2025,3,23,3
dep-92102,2025,4,23,3
dep-92102,2025,5,24,3
dep-92102,2025,6,24,3
dep-92102,2025,7,24,3
dep-92102,2025,8,24,3
dep-92102,2025,9,23,3
dep-92102,2025,10,24,3
dep-92102,2025,11,24,3
dep-92102,2025,12,24,3
dep-92102,2026,1,13,3
dep-92102,2026,2,18,3
dep-92102,2026,3,16,3
dep-92102,2026,4,21,3
dep-92102,2026,5,24,3
dep-92102,2026,6,24,3
dep-92102,2026,7,25,3
dep-92102,2026,8,25,3
dep-92102,2026,9,25,3
dep-92102,2026,10,25,3
dep-92346,2023,2,10,1
dep-92346,2023,3,10,1
dep-92346,2023,4,9,1
dep-92346,2023,5,8,1
dep-92346,2023,6,8,1
dep-92346,2023,7,8,1
dep-92346,2023,8,8,1
dep-92346,2023,9,9,1
dep-92346,2023,10,10,1
dep-92346,2023,11,10,1
dep-92346,2023,12,9,1
dep-92346,2024,1,9,1
dep-92346,2024,2,9,1
dep-92346,2024,3,9,1
dep-92346,2024,4,10,1
dep-92346,2024,5,10,1
dep-92346,2024,6,10,1
dep-92346,2024,7,10,1
dep-92346,2024,8,10,1
dep-92346,2024,9,10,1
dep-92346,2024,10,10,1
dep-92346,2024,11,10,1
dep-92346,2024,12,10,1
dep-92346,2025,1,10,1
dep-92346,2025,2,10,1
dep-92346,2025,3,11,1
dep-92346,2025,4,8,0
dep-92346,2025,5,8,0
dep-92346,2025,6,8,0
dep-92346,2025,7,8,0
dep-92346,2025,8,8,1
dep-92346,2025,9,8,1
dep-92346,2025,10,8,1
dep-92346,2025,11,8,1
dep-92346,2025,12,8,1
dep-92699,2023,2,23,1
dep-92699,2023,3,23,1
dep-92699,2023,4,22,2
dep-92699,2023,5,23,2
dep-92699,2023,6,24,3
dep-92699,2023,7,24,3
dep-92699,2023,8,25,3
dep-92699,2023,9,24,3
dep-92699,2023,10,24,3
dep-92699,2023,11,24,3
dep-92699,2023,12,24,3
dep-92699,2024,1,22,3
dep-92699,2024,2,23,2
dep-92699,2024,3,25,2
dep-92699,2024,4,25,2
dep-92699,2024,5,25,2
dep-92699,2024,6,25,2
dep-92699,2024,7,26,2
dep-92699,2024,8,26,2
dep-92699,2024,9,25,2
dep-92699,2024,10,25,2
dep-92699,2024,11,25,2
dep-92699,2024,12,25,2
dep-92699,2025,1,25,2
dep-92699,2025,2,23,2
dep-92699,2025,3,24,1
dep-92699,2025,4,24,1
dep-92699,2025,5,25,1
dep-92699,2025,6,24,1
dep-92699,2025,7,24,1
dep-92699,2025,8,23,0
dep-92699,2025,9,23,0
dep-92699,2025,10,23,0
dep-92699,2025,11,23,0
dep-92699,2025,12,24,0
dep-92699,2026,1,17,0
dep-92699,2026,2,19,0
dep-92699,2026,3,16,0
dep-92699,2026,4,16,0
dep-92699,2026,5,16,0
dep-92699,2026,6,16,0
dep-92699,2026,7,16,0
dep-92699,2026,8,20,0
dep-92699,2026,9,20,0
dep-92699,2026,10,20,0
dep-92776,2023,2,23,1
dep-92776,2023,3,22,1
dep-92776,2023,4,22,1
dep-92776,2023,5,22,1
dep-92776,2023,6,22,1
dep-92776,2023,7,22,1
dep-92776,2023,8,22,1
dep-92776,2023,9,22,1
dep-92776,2023,10,22,1
dep-92776,2023,11,22,1
dep-92776,2023,12,23,1
dep-92776,2024,1,21,1
dep-92776,2024,2,20,1
dep-92776,2024,3,20,1
dep-92776,2024,4,22,1
dep-92776,2024,5,22,1
dep-92776,2024,6,22,1
dep-92776,2024,7,23,1
dep-92776,2024,8,22,1
dep-92776,2024,9,22,1
dep-92776,2024,10,21,1
dep-92776,2024,11,21,1
dep-92776,2024,12,22,1
dep-92776,2025,1,22,1
dep-92776,2025,2,22,1
dep-92776,2025,3,22,1
dep-92776,2025,4,22,1
dep-92776,2025,5,22,1
dep-92776,2025,6,21,1
dep-92776,2025,7,21,1
dep-92776,2025,8,22,1
dep-92776,2025,9,23,1
dep-92776,2025,10,23,1
dep-92776,2025,11,24,1
dep-92776,2025,12,23,1
dep-92776,2026,1,23,1
dep-92776,2026,2,23,1
dep-92776,2026,3,5,1
dep-92776,2026,4,5,1
dep-92776,2026,5,8,1
dep-92776,2026,6,9,1
dep-92776,2026,7,10,1
dep-92776,2026,8,11,1
dep-92776,2026,9,13,1
dep-92776,2026,10,13,1
dep-98057,2023,2,24,2
dep-98057,2023,3,25,2
dep-98057,2023,4,25,2
dep-98057,2023,5,27,2
dep-98057,2023,6,25,2
dep-98057,2023,7,25,2
dep-98057,2023,8,24,2
dep-98057,2023,9,24,2
dep-98057,2023,10,23,2
dep-98057,2023,11,23,2
dep-98057,2023,12,23,2
dep-98057,2024,1,23,2
dep-98057,2024,2,22,2
dep-98057,2024,3,23,2
dep-98057,2024,4,23,2
dep-98057,2024,5,23,2
dep-98057,2024,6,23,2
dep-98057,2024,7,22,1
dep-98057,2024,8,22,1
dep-98057,2024,9,22,1
dep-98057,2024,10,22,2
dep-98057,2024,11,22,2
dep-98057,2024,12,22,2
dep-98057,2025,1,22,2
dep-98057,2025,2,22,2
dep-98057,2025,3,22,2
dep-98057,2025,4,22,2
dep-98057,2025,5,25,2
dep-98057,2025,6,22,2
dep-98057,2025,7,22,2
dep-98057,2025,8,22,2
dep-98057,2025,9,22,2
dep-98057,2025,10,22,2
dep-98057,2025,11,22,2
dep-98057,2025,12,23,2
dep-98057,2026,1,22,2
dep-98057,2026,2,22,2
dep-98057,2026,3,18,2
dep-98057,2026,4,18,2
dep-98057,2026,5,19,2
dep-98057,2026,6,20,2
dep-98057,2026,7,20,2
dep-98057,2026,8,24,2
dep-98057,2026,9,24,2
dep-98057,2026,10,24,2
dep-98148,2023,2,12,0
dep-98148,2023,3,15,1
dep-98148,2023,4,17,2
dep-98148,2023,5,16,2
dep-98148,2023,6,18,2
dep-98148,2023,7,18,2
dep-98148,2023,8,18,2
dep-98148,2023,9,18,2
dep-98148,2023,10,18,2
dep-98148,2023,11,18,2
dep-98148,2023,12,18,2
dep-98148,2024,1,18,2
dep-98148,2024,2,18,2
dep-98148,2024,3,18,2
dep-98148,2024,4,18,2
dep-98148,2024,5,18,2
dep-98148,2024,6,19,2
dep-98148,2024,7,18,2
dep-98148,2024,8,17,2
dep-98148,2024,9,17,2
dep-98148,2024,10,17,2
dep-98148,2024,11,18,2
dep-98148,2024,12,17,2
dep-98148,2025,1,16,2
dep-98148,2025,2,17,2
dep-98148,2025,3,17,2
dep-98148,2025,4,19,2
dep-98148,2025,5,21,2
dep-98148,2025,6,21,2
dep-98148,2025,7,21,2
dep-98148,2025,8,21,2
dep-98148,2025,9,21,2
dep-98148,2025,10,21,2
dep-98148,2025,11,21,2
dep-98148,2025,12,21,2
dep-98148,2026,1,20,2
dep-98148,2026,2,19,2
dep-98148,2026,3,19,2
dep-98148,2026,4,21,2
dep-98148,2026,5,22,3
dep-98148,2026,6,24,3
dep-98148,2026,7,24,3
dep-98148,2026,8,24,3
dep-98148,2026,9,24,3
dep-98148,2026,10,24,3
dep-98615,2023,2,20,0
dep-98615,2023,3,22,2
dep-98615,2023,4,21,2
dep-98615,2023,5,21,2
dep-98615,2023,6,20,2
dep-98615,2023,7,19,2
dep-98615,2023,8,21,3
dep-98615,2023,9,20,3
dep-98615,2023,10,20,3
dep-98615,2023,11,20,3
dep-98615,2023,12,20,3
dep-98615,2024,1,19,3
dep-98615,2024,2,19,3
dep-98615,2024,3,19,3
dep-98615,2024,4,21,3
dep-98615,2024,5,20,3
dep-98615,2024,6,21,3
dep-98615,2024,7,20,3
dep-98615,2024,8,20,3
dep-98615,2024,9,19,3
dep-98615,2024,10,20,3
dep-98615,2024,11,21,3
dep-98615,2024,12,21,3
dep-98615,2025,1,20,3
dep-98615,2025,2,20,3
dep-98615,2025,3,19,3
dep-98615,2025,4,20,3
dep-98615,2025,5,20,4
dep-98615,2025,6,22,3
dep-98615,2025,7,21,3
dep-98615,2025,8,21,3
dep-98615,2025,9,21,3
dep-98615,2025,10,21,3
dep-98615,2025,11,21,3
dep-98615,2025,12,21,3
dep-98615,2026,1,21,3
dep-98615,2026,2,20,3
dep-98615,2026,3,21,3
dep-98615,2026,4,21,3
dep-98615,2026,5,21,3
dep-98615,2026,6,22,3
dep-98615,2026,7,23,3
dep-98615,2026,8,24,3
dep-98615,2026,9,25,3
dep-98615,2026,10,25,3
sen-1173,2023,2,24,0
sen-1173,2023,3,20,0
sen-1173,2023,4,20,0
sen-1173,2023,5,19,0
sen-1173,2023,6,19,0
sen-1173,2023,7,20,0
sen-1173,2023,8,20,0
sen-1173,2023,9,21,0
sen-1173,2023,10,21,0
sen-1173,2023,11,21,0
sen-1173,2023,12,21,0
sen-1173,2024,1,21,0
sen-1173,2024,2,21,0
sen-1173,2024,3,20,0
sen-1173,2024,4,21,0
sen-1173,2024,5,21,0
sen-1173,2024,6,20,0
sen-1173,2024,7,19,0
sen-1173,2024,8,20,0
sen-1173,2024,9,20,0
sen-1173,2024,10,20,0
sen-1173,2024,11,20,0
sen-1173,2024,12,19,0
sen-1173,2025,1,20,0
sen-1173,2025,2,20,0
sen-1173,2025,3,21,0
sen-1173,2025,4,20,0
sen-1173,2025,5,20,0
sen-1173,2025,6,20,0
sen-1173,2025,7,21,0
sen-1173,2025,8,22,0
sen-1173,2025,9,22,0
sen-1173,2025,10,23,0
sen-1173,2025,11,25,0
sen-1173,2025,12,24,0
sen-1173,2026,1,24,0
sen-1173,2026,2,25,0
sen-1173,2026,3,25,0
sen-1173,2026,4,25,0
sen-1173,2026,5,25,0
sen-1173,2026,6,25,0
sen-1173,2026,7,25,0
sen-1173,2026,8,24,0
sen-1173,2026,9,24,0
sen-1186,2023,2,9,0
sen-1186,2023,3,9,0
sen-1186,2023,4,9,0
sen-1186,2023,5,9,0
sen-1186,2023,6,7,0
sen-1186,2023,7,9,0
sen-1186,2023,8,9,0
sen-1186,2023,9,9,0
sen-1186,2023,10,8,0
sen-1186,2023,11,8,0
sen-1186,2023,12,8,0
sen-1186,2024,1,9,0
sen-1186,2024,2,9,0
sen-1186,2024,3,9,0
sen-1186,2024,4,9,0
sen-1186,2024,5,9,0
sen-1186,2024,6,9,0
sen-1186,2024,7,9,0
sen-1186,2024,8,9,0
sen-1186,2024,9,9,0
sen-1186,2024,10,9,0
sen-1186,2024,11,9,0
sen-1186,2024,12,9,0
sen-1186,2025,1,10,0
sen-1186,2025,2,10,0
sen-1186,2025,3,10,0
sen-1186,2025,4,10,0
sen-1186,2025,5,10,0
sen-1186,2025,6,10,0
sen-1186,2025,7,12,0
sen-1186,2025,8,12,0
sen-1186,2025,9,12,0
sen-1186,2025,10,12,0
sen-1186,2025,11,12,0
sen-1186,2025,12,12,0
sen-1186,2026,1,12,0
sen-1186,2026,2,12,0
sen-1186,2026,3,13,0
sen-1186,2026,4,13,0
sen-1186,2026,5,14,0
sen-1186,2026,6,15,0
sen-1186,2026,7,14,0
sen-1186,2026,8,15,0
sen-1186,2026,9,14,0
sen-22,2023,2,31,0
sen-22,2023,3,33,0
sen-22,2023,4,33,0
sen-22,2023,5,34,0
sen-22,2023,6,34,0
sen-22,2023,7,35,0
sen-22,2023,8,36,0
sen-22,2023,9,36,0
sen-22,2023,10,36,0
sen-22,2023,11,36,0
sen-22,2023,12,36,0
sen-22,2024,1,36,0
sen-22,2024,2,36,0
sen-22,2024,3,36,0
sen-22,2024,4,36,0
sen-22,2024,5,36,0
sen-22,2024,6,36,0
sen-22,2024,7,38,0
sen-22,2024,8,37,0
sen-22,2024,9,37,0
sen-22,2024,10,37,0
sen-22,2024,11,37,0
sen-22,2024,12,37,0
sen-22,2025,1,37,0
sen-22,2025,2,36,0
sen-22,2025,3,38,0
sen-22,2025,4,39,0
sen-22,2025,5,38,0
sen-22,2025,6,38,0
sen-22,2025,7,38,0
sen-22,2025,8,38,0
sen-22,2025,9,38,0
sen-22,2025,10,38,0
sen-22,2025,11,38,0
sen-22,2025,12,38,0
sen-22,2026,1,38,0
sen-22,2026,2,38,0
sen-22,2026,3,38,0
sen-22,2026,4,38,0
sen-22,2026,5,38,0
sen-22,2026,6,38,0
sen-22,2026,7,38,0
sen-22,2026,8,37,0
sen-22,2026,9,35,0
sen-285,2023,2,46,0
sen-285,2023,3,47,0
sen-285,2023,4,52,0
sen-285,2023,5,54,0
sen-285,2023,6,53,0
sen-285,2023,7,52,0
sen-285,2023,8,52,0
sen-285,2023,9,52,0
sen-285,2023,10,52,0
sen-285,2023,11,51,0
sen-285,2023,12,51,0
sen-285,2024,1,51,0
sen-285,2024,2,52,0
sen-285,2024,3,50,0
sen-285,2024,4,56,0
sen-285,2024,5,52,0
sen-285,2024,6,52,0
sen-285,2024,7,51,0
sen-285,2024,8,52,0
sen-285,2024,9,52,0
sen-285,2024,10,52,0
sen-285,2024,11,52,0
sen-285,2024,12,53,0
sen-285,2025,1,55,0
sen-285,2025,2,55,0
sen-285,2025,3,56,0
sen-285,2025,4,56,0
sen-285,2025,5,59,0
sen-285,2025,6,60,0
sen-285,2025,7,59,0
sen-285,2025,8,61,0
sen-285,2025,9,60,0
sen-285,2025,10,62,0
sen-285,2025,11,65,0
sen-285,2025,12,65,0
sen-285,2026,1,65,0
sen-285,2026,2,66,0
sen-285,2026,3,68,0
sen-285,2026,4,69,0
sen-285,2026,5,68,0
sen-285,2026,6,70,0
sen-285,2026,7,69,0
sen-285,2026,8,70,0
sen-285,2026,9,69,0
sen-345,2023,2,4,0
sen-345,2023,3,4,0
sen-345,2023,4,4,0
sen-345,2023,5,4,0
sen-345,2023,6,3,0
sen-345,2023,7,3,0
sen-345,2023,8,3,0
sen-345,2023,9,3,0
sen-345,2023,10,3,0
sen-345,2023,11,3,0
sen-345,2023,12,6,0
sen-345,2024,1,6,0
sen-345,2024,2,7,0
sen-345,2024,3,7,0
sen-345,2024,4,8,0
sen-345,2024,5,8,0
sen-345,2024,6,8,0
sen-345,2024,7,8,0
sen-345,2024,8,8,0
sen-345,2024,9,8,0
sen-345,2024,10,8,0
sen-345,2024,11,8,0
sen-345,2024,12,8,0
sen-345,2025,1,8,0
sen-345,2025,2,8,0
sen-345,2025,3,9,0
sen-345,2025,4,9,0
sen-345,2025,5,9,0
sen-345,2025,6,9,0
sen-345,2025,7,9,0
sen-345,2025,8,9,0
sen-345,2025,9,9,0
sen-345,2025,10,9,0
sen-345,2025,11,9,0
sen-345,2025,12,9,0
sen-345,2026,1,9,0
sen-345,2026,2,9,0
sen-345,2026,3,10,0
sen-345,2026,4,10,0
sen-345,2026,5,11,0
sen-345,2026,6,11,0
sen-345,2026,7,11,0
sen-345,2026,8,11,0
sen-345,2026,9,11,0
sen-35,2023,2,22,0
sen-35,2023,3,22,0
sen-35,2023,4,23,0
sen-35,2023,5,22,0
sen-35,2023,6,22,0
sen-35,2023,7,22,0
sen-35,2023,8,22,0
sen-35,2023,9,22,0
sen-35,2023,10,22,0
sen-35,2023,11,22,0
sen-35,2023,12,22,0
sen-35,2024,1,22,0
sen-35,2024,2,22,0
sen-35,2024,3,22,0
sen-35,2024,4,22,0
sen-35,2024,5,22,0
sen-35,2024,6,22,0
sen-35,2024,7,22,0
sen-35,2024,8,23,0
sen-35,2024,9,23,0
sen-35,2024,10,22,0
sen-35,2024,11,22,0
sen-35,2024,12,22,0
sen-35,2025,1,22,0
sen-35,2025,2,22,0
sen-35,2025,3,22,0
sen-35,2025,4,22,0
sen-35,2025,5,22,0
sen-35,2025,6,22,0
sen-35,2025,7,22,0
sen-35,2025,8,22,0
sen-35,2025,9,22,0
sen-35,2025,10,22,0
sen-35,2025,11,22,0
sen-35,2025,12,22,0
sen-35,2026,1,22,0
sen-35,2026,2,22,0
sen-35,2026,3,22,0
sen-35,2026,4,22,0
sen-35,2026,5,22,0
sen-35,2026,6,22,0
sen-35,2026,7,22,0
sen-35,2026,8,22,0
sen-35,2026,9,22,0
sen-3777,2023,2,19,0
sen-3777,2023,3,19,0
sen-3777,2023,4,27,0
sen-3777,2023,5,30,0
sen-3777,2023,6,31,0
sen-3777,2023,7,35,0
sen-3777,2023,8,41,0
sen-3777,2023,9,41,0
sen-3777,2023,10,41,0
sen-3777,2023,11,41,0
sen-3777,2023,12,42,0
sen-3777,2024,1,40,0
sen-3777,2024,2,40,0
sen-3777,2024,3,41,0
sen-3777,2024,4,42,0
sen-3777,2024,5,42,0
sen-3777,2024,6,45,0
sen-3777,2024,7,45,0
sen-3777,2024,8,45,0
sen-3777,2024,9,47,0
sen-3777,2024,10,47,0
sen-3777,2024,11,46,0
sen-3777,2024,12,46,0
sen-3777,2025,1,46,0
sen-3777,2025,2,46,0
sen-3777,2025,3,45,0
sen-3777,2025,4,45,0
sen-3777,2025,5,46,0
sen-3777,2025,6,46,0
sen-3777,2025,7,46,0
sen-3777,2025,8,47,0
sen-3777,2025,9,48,0
sen-3777,2025,10,47,0
sen-3777,2025,11,47,0
sen-3777,2025,12,46,0
sen-3777,2026,1,46,0
sen-3777,2026,2,46,0
sen-3777,2026,3,46,0
sen-3777,2026,4,45,0
sen-3777,2026,5,41,0
sen-3777,2026,6,42,0
sen-3777,2026,7,43,0
sen-3777,2026,8,43,0
sen-3777,2026,9,43,0
sen-3806,2023,2,59,0
sen-3806,2023,3,55,0
sen-3806,2023,4,54,0
sen-3806,2023,5,54,0
sen-3806,2023,6,59,0
sen-3806,2023,7,60,0
sen-3806,2023,8,58,0
sen-3806,2023,9,58,0
sen-3806,2023,10,58,0
sen-3806,2023,11,57,0
sen-3806,2023,12,57,0
sen-3806,2024,1,60,0
sen-3806,2024,2,60,0
sen-3806,2024,3,60,0
sen-3806,2024,4,61,0
sen-3806,2024,5,64,0
sen-3806,2024,6,64,0
sen-3806,2024,7,66,0
sen-3806,2024,8,64,0
sen-3806,2024,9,65,0
sen-3806,2024,10,65,0
sen-3806,2024,11,66,0
sen-3806,2024,12,65,0
sen-3806,2025,1,66,0
sen-3806,2025,2,71,0
sen-3806,2025,3,67,0
sen-3806,2025,4,67,0
sen-3806,2025,5,68,0
sen-3806,2025,6,68,0
sen-3806,2025,7,71,0
sen-3806,2025,8,69,0
sen-3806,2025,9,68,0
sen-3806,2025,10,68,0
sen-3806,2025,11,68,0
sen-3806,2025,12,68,0
sen-3806,2026,1,68,0
sen-3806,2026,2,68,0
sen-3806,2026,3,68,0
sen-3806,2026,4,69,0
sen-3806,2026,5,70,0
sen-3806,2026,6,68,0
sen-3806,2026,7,71,0
sen-3806,2026,8,72,0
sen-3806,2026,9,68,0
sen-3830,2023,2,25,0
sen-3830,2023,3,23,0
sen-3830,2023,4,24,0
sen-3830,2023,5,25,0
sen-3830,2023,6,25,0
sen-3830,2023,7,25,0
sen-3830,2023,8,25,0
sen-3830,2023,9,25,0
sen-3830,2023,10,25,0
sen-3830,2023,11,26,0
sen-3830,2023,12,26,0
sen-3830,2024,1,26,0
sen-3830,2024,2,27,0
sen-3830,2024,3,27,0
sen-3830,2024,4,27,0
sen-3830,2024,5,27,0
sen-3830,2024,6,27,0
sen-3830,2024,7,26,0
sen-3830,2024,8,26,0
sen-3830,2024,9,26,0
sen-3830,2024,10,26,0
sen-3830,2024,11,26,0
sen-3830,2024,12,26,0
sen-3830,2025,1,26,0
sen-3830,2025,2,26,0
sen-3830,2025,3,26,0
sen-3830,2025,4,26,0
sen-3830,2025,5,27,0
sen-3830,2025,6,26,0
sen-3830,2025,7,25,0
sen-3830,2025,8,25,0
sen-3830,2025,9,25,0
sen-3830,2025,10,25,0
sen-3830,2025,11,24,0
sen-3830,2025,12,24,0
sen-3830,2026,1,24,0
sen-3830,2026,2,25,0
sen-3830,2026,3,25,0
sen-3830,2026,4,25,0
sen-3830,2026,5,25,0
sen-3830,2026,6,25,0
sen-3830,2026,7,25,0
sen-3830,2026,8,25,0
sen-3830,2026,9,24,0
sen-4531,2023,2,33,0
sen-4531,2023,3,33,0
sen-4531,2023,4,35,0
sen-4531,2023,5,35,0
sen-4531,2023,6,36,0
sen-4531,2023,7,36,0
sen-4531,2023,8,36,0
sen-4531,2023,9,36,0
sen-4531,2023,10,36,0
sen-4531,2023,11,36,0
sen-4531,2023,12,36,0
sen-4531,2024,1,36,0
sen-4531,2024,2,36,0
sen-4531,2024,3,35,0
sen-4531,2024,4,36,0
sen-4531,2024,5,35,0
sen-4531,2024,6,35,0
sen-4531,2024,7,35,0
sen-4531,2024,8,35,0
sen-4531,2024,9,35,0
sen-4531,2024,10,34,0
sen-4531,2024,11,35,0
sen-4531,2024,12,35,0
sen-4531,2025,1,35,0
sen-4531,2025,2,35,0
sen-4531,2025,3,35,0
sen-4531,2025,4,35,0
sen-4531,2025,5,36,0
sen-4531,2025,6,34,0
sen-4531,2025,7,35,0
sen-4531,2025,8,35,0
sen-4531,2025,9,35,0
sen-4531,2025,10,36,0
sen-4531,2025,11,36,0
sen-4531,2025,12,35,0
sen-4531,2026,1,35,0
sen-4531,2026,2,35,0
sen-4531,2026,3,35,0
sen-4531,2026,4,35,0
sen-4531,2026,5,36,0
sen-4531,2026,6,37,0
sen-4531,2026,7,36,0
sen-4531,2026,8,37,0
sen-4531,2026,9,38,0
sen-4560,2023,2,34,0
sen-4560,2023,3,34,0
sen-4560,2023,4,31,0
sen-4560,2023,5,33,0
sen-4560,2023,6,33,0
sen-4560,2023,7,34,0
sen-4560,2023,8,34,0
sen-4560,2023,9,34,0
sen-4560,2023,10,34,0
sen-4560,2023,11,34,0
sen-4560,2023,12,34,0
sen-4560,2024,1,34,0
sen-4560,2024,2,35,0
sen-4560,2024,3,35,0
sen-4560,2024,4,36,0
sen-4560,2024,5,36,0
sen-4560,2024,6,36,0
sen-4560,2024,7,37,0
sen-4560,2024,8,35,0
sen-4560,2024,9,35,0
sen-4560,2024,10,35,0
sen-4560,2024,11,35,0
sen-4560,2024,12,35,0
sen-4560,2025,1,35,0
sen-4560,2025,2,36,0
sen-4560,2025,3,36,0
sen-4560,2025,4,31,0
sen-4560,2025,5,33,0
sen-4560,2025,6,33,0
sen-4560,2025,7,33,0
sen-4560,2025,8,34,0
sen-4560,2025,9,34,0
sen-4560,2025,10,34,0
sen-4560,2025,11,33,0
sen-4560,2025,12,33,0
sen-4560,2026,1,33,0
sen-4560,2026,2,33,0
sen-4560,2026,3,33,0
sen-4560,2026,4,33,0
sen-4560,2026,5,34,0
sen-4560,2026,6,31,0
sen-4560,2026,7,31,0
sen-4560,2026,8,31,0
sen-4560,2026,9,31,0
sen-4639,2023,2,12,0
sen-4639,2023,3,37,0
sen-4639,2023,4,40,0
sen-4639,2023,5,45,0
sen-4639,2023,6,47,0
sen-4639,2023,7,47,0
sen-4639,2023,8,47,0
sen-4639,2023,9,48,0
sen-4639,2023,10,48,0
sen-4639,2023,11,49,0
sen-4639,2023,12,50,0
sen-4639,2024,1,51,0
sen-4639,2024,2,51,0
sen-4639,2024,3,51,0
sen-4639,2024,4,53,0
sen-4639,2024,5,55,0
sen-4639,2024,6,54,0
sen-4639,2024,7,55,0
sen-4639,2024,8,54,0
sen-4639,2024,9,54,0
sen-4639,2024,10,54,0
sen-4639,2024,11,56,0
sen-4639,2024,12,54,0
sen-4639,2025,1,54,0
sen-4639,2025,2,58,0
sen-4639,2025,3,57,0
sen-4639,2025,4,60,0
sen-4639,2025,5,59,0
sen-4639,2025,6,59,0
sen-4639,2025,7,59,0
sen-4639,2025,8,59,0
sen-4639,2025,9,59,0
sen-4639,2025,10,61,0
sen-4639,2025,11,61,0
sen-4639,2025,12,63,0
sen-4639,2026,1,66,0
sen-4639,2026,2,66,0
sen-4639,2026,3,67,0
sen-4639,2026,4,66,0
sen-4639,2026,5,68,0
sen-4639,2026,6,66,0
sen-4639,2026,7,66,0
sen-4639,2026,8,65,0
sen-4639,2026,9,66,0
sen-4642,2023,2,9,0
sen-4642,2023,3,20,0
sen-4642,2023,4,21,0
sen-4642,2023,5,21,0
sen-4642,2023,6,21,0
sen-4642,2023,7,21,0
sen-4642,2023,8,21,0
sen-4642,2023,9,20,0
sen-4642,2023,10,19,0
sen-4642,2023,11,19,0
sen-4642,2023,12,19,0
sen-4642,2024,1,19,0
sen-4642,2024,2,19,0
sen-4642,2024,3,18,0
sen-4642,2024,4,19,0
sen-4642,2024,5,18,0
sen-4642,2024,6,19,0
sen-4642,2024,7,19,0
sen-4642,2024,8,19,0
sen-4642,2024,9,19,0
sen-4642,2024,10,19,0
sen-4642,2024,11,19,0
sen-4642,2024,12,19,0
sen-4642,2025,1,19,0
sen-4642,2025,2,19,0
sen-4642,2025,3,19,0
sen-4642,2025,4,20,0
sen-4642,2025,5,20,0
sen-4642,2025,6,20,0
sen-4642,2025,7,20,0
sen-4642,2025,8,20,0
sen-4642,2025,9,20,0
sen-4642,2025,10,20,0
sen-4642,2025,11,20,0
sen-4642,2025,12,20,0
sen-4642,2026,1,20,0
sen-4642,2026,2,20,0
sen-4642,2026,3,20,0
sen-4642,2026,4,20,0
sen-4642,2026,5,21,0
sen-4642,2026,6,21,0
sen-4642,2026,7,21,0
sen-4642,2026,8,21,0
sen-4642,2026,9,21,0
sen-4694,2023,2,9,0
sen-4694,2023,3,11,0
sen-4694,2023,4,15,0
sen-4694,2023,5,15,0
sen-4694,2023,6,18,0
sen-4694,2023,7,18,0
sen-4694,2023,8,20,0
sen-4694,2023,9,22,0
sen-4694,2023,10,22,0
sen-4694,2023,11,22,0
sen-4694,2023,12,22,0
sen-4694,2024,1,24,0
sen-4694,2024,2,25,0
sen-4694,2024,3,24,0
sen-4694,2024,4,24,0
sen-4694,2024,5,23,0
sen-4694,2024,6,23,0
sen-4694,2024,7,24,0
sen-4694,2024,8,24,0
sen-4694,2024,9,23,0
sen-4694,2024,10,24,0
sen-4694,2024,11,25,0
sen-4694,2024,12,25,0
sen-4694,2025,1,27,0
sen-4694,2025,2,28,0
sen-4694,2025,3,29,0
sen-4694,2025,4,29,0
sen-4694,2025,5,31,0
sen-4694,2025,6,32,0
sen-4694,2025,7,33,0
sen-4694,2025,8,32,0
sen-4694,2025,9,31,0
sen-4694,2025,10,31,0
sen-4694,2025,11,32,0
sen-4694,2025,12,31,0
sen-4694,2026,1,31,0
sen-4694,2026,2,31,0
sen-4694,2026,3,31,0
sen-4694,2026,4,33,0
sen-4694,2026,5,31,0
sen-4694,2026,6,31,0
sen-4694,2026,7,32,0
sen-4694,2026,8,32,0
sen-4694,2026,9,32,0
sen-470,2023,2,31,0
sen-470,2023,3,31,0
sen-470,2023,4,31,0
sen-470,2023,5,34,0
sen-470,2023,6,39,0
sen-470,2023,7,39,0
sen-470,2023,8,39,0
sen-470,2023,9,39,0
sen-470,2023,10,39,0
sen-470,2023,11,39,0
sen-470,2023,12,39,0
sen-470,2024,1,39,0
sen-470,2024,2,39,0
sen-470,2024,3,39,0
sen-470,2024,4,39,0
sen-470,2024,5,38,0
sen-470,2024,6,39,0
sen-470,2024,7,40,0
sen-470,2024,8,40,0
sen-470,2024,9,40,0
sen-470,2024,10,40,0
sen-470,2024,11,40,0
sen-470,2024,12,40,0
sen-470,2025,1,39,0
sen-470,2025,2,40,0
sen-470,2025,3,41,0
sen-470,2025,4,42,0
sen-470,2025,5,41,0
sen-470,2025,6,42,0
sen-470,2025,7,42,0
sen-470,2025,8,44,0
sen-470,2025,9,44,0
sen-470,2025,10,44,0
sen-470,2025,11,43,0
sen-470,2025,12,43,0
sen-470,2026,1,44,0
sen-470,2026,2,44,0
sen-470,2026,3,44,0
sen-470,2026,4,44,0
sen-470,2026,5,44,0
sen-470,2026,6,43,0
sen-470,2026,7,43,0
sen-470,2026,8,43,0
sen-470,2026,9,42,0
sen-475,2023,2,22,0
sen-475,2023,3,22,0
sen-475,2023,4,22,0
sen-475,2023,5,23,0
sen-475,2023,6,23,0
sen-475,2023,7,23,0
sen-475,2023,8,24,0
sen-475,2023,9,23,0
sen-475,2023,10,22,0
sen-475,2023,11,22,0
sen-475,2023,12,22,0
sen-475,2024,1,22,0
sen-475,2024,2,22,0
sen-475,2024,3,23,0
sen-475,2024,4,25,0
sen-475,2024,5,26,0
sen-475,2024,6,25,0
sen-475,2024,7,25,0
sen-475,2024,8,25,0
sen-475,2024,9,25,0
sen-475,2024,10,25,0
sen-475,2024,11,25,0
sen-475,2024,12,25,0
sen-475,2025,1,25,0
sen-475,2025,2,27,0
sen-475,2025,3,29,0
sen-475,2025,4,31,0
sen-475,2025,5,35,0
sen-475,2025,6,34,0
sen-475,2025,7,34,0
sen-475,2025,8,34,0
sen-475,2025,9,35,0
sen-475,2025,10,36,0
sen-475,2025,11,35,0
sen-475,2025,12,36,0
sen-475,2026,1,36,0
sen-475,2026,2,35,0
sen-475,2026,3,35,0
sen-475,2026,4,35,0
sen-475,2026,5,35,0
sen-475,2026,6,36,0
sen-475,2026,7,36,0
sen-475,2026,8,36,0
sen-475,2026,9,36,0
sen-4770,2023,2,33,0
sen-4770,2023,3,33,0
sen-4770,2023,4,30,0
sen-4770,2023,5,21,0
sen-4770,2023,6,20,0
sen-4770,2023,7,22,0
sen-4770,2023,8,22,0
sen-4770,2023,9,22,0
sen-4770,2023,10,26,0
sen-4770,2023,11,25,0
sen-4770,2023,12,25,0
sen-4770,2024,1,24,0
sen-4770,2024,2,22,0
sen-4770,2024,3,22,0
sen-4770,2024,4,22,0
sen-4770,2024,5,22,0
sen-4770,2024,6,23,0
sen-4770,2024,7,23,0
sen-4770,2024,8,23,0
sen-4770,2024,9,23,0
sen-4770,2024,10,23,0
sen-4770,2024,11,23,0
sen-4770,2024,12,24,0
sen-4770,2025,1,23,0
sen-4770,2025,2,23,0
sen-4770,2025,3,23,0
sen-4770,2025,4,23,0
sen-4770,2025,5,18,0
sen-4770,2025,6,17,0
sen-4770,2025,7,18,0
sen-4770,2025,8,21,0
sen-4770,2025,9,21,0
sen-4770,2025,10,24,0
sen-4770,2025,11,24,0
sen-4770,2025,12,24,0
sen-4770,2026,1,23,0
sen-4770,2026,2,23,0
sen-4770,2026,3,25,0
sen-4770,2026,4,24,0
sen-4770,2026,5,24,0
sen-4770,2026,6,26,0
sen-4770,2026,7,26,0
sen-4770,2026,8,26,0
sen-4770,2026,9,27,0
sen-4811,2023,2,9,0
sen-4811,2023,3,13,0
sen-4811,2023,4,15,0
sen-4811,2023,5,15,0
sen-4811,2023,6,15,0
sen-4811,2023,7,14,0
sen-4811,2023,8,16,0
sen-4811,2023,9,17,0
sen-4811,2023,10,19,0
sen-4811,2023,11,20,0
sen-4811,2023,12,21,0
sen-4811,2024,1,21,0
sen-4811,2024,2,20,0
sen-4811,2024,3,21,0
sen-4811,2024,4,21,0
sen-4811,2024,5,21,0
sen-4811,2024,6,21,0
sen-4811,2024,7,23,0
sen-4811,2024,8,23,0
sen-4811,2024,9,23,0
sen-4811,2024,10,22,0
sen-4811,2024,11,22,0
sen-4811,2024,12,21,0
sen-4811,2025,1,22,0
sen-4811,2025,2,22,0
sen-4811,2025,3,22,0
sen-4811,2025,4,25,0
sen-4811,2025,5,25,0
sen-4811,2025,6,25,0
sen-4811,2025,7,24,0
sen-4811,2025,8,28,0
sen-4811,2025,9,28,0
sen-4811,2025,10,28,0
sen-4811,2025,11,30,0
sen-4811,2025,12,32,0
sen-4811,2026,1,35,0
sen-4811,2026,2,34,0
sen-4811,2026,3,34,0
sen-4811,2026,4,34,0
sen-4811,2026,5,33,0
sen-4811,2026,6,35,0
sen-4811,2026,7,36,0
sen-4811,2026,8,37,0
sen-4811,2026,9,37,0
sen-4994,2023,2,20,0
sen-4994,2023,3,19,0
sen-4994,2023,4,20,0
sen-4994,2023,5,18,0
sen-4994,2023,6,18,0
sen-4994,2023,7,18,0
sen-4994,2023,8,19,0
sen-4994,2023,9,19,0
sen-4994,2023,10,19,0
sen-4994,2023,11,20,0
sen-4994,2023,12,19,0
sen-4994,2024,1,19,0
sen-4994,2024,2,19,0
sen-4994,2024,3,19,0
sen-4994,2024,4,19,0
sen-4994,2024,5,19,0
sen-4994,2024,6,19,0
sen-4994,2024,7,19,0
sen-4994,2024,8,18,0
sen-4994,2024,9,18,0
sen-4994,2024,10,18,0
sen-4994,2024,11,18,0
sen-4994,2024,12,18,0
sen-4994,2025,1,18,0
sen-4994,2025,2,18,0
sen-4994,2025,3,18,0
sen-4994,2025,4,18,0
sen-4994,2025,5,18,0
sen-4994,2025,6,17,0
sen-4994,2025,7,17,0
sen-4994,2025,8,17,0
sen-4994,2025,9,17,0
sen-4994,2025,10,17,0
sen-4994,2025,11,17,0
sen-4994,2025,12,17,0
sen-4994,2026,1,17,0
sen-4994,2026,2,17,0
sen-4994,2026,3,17,0
sen-4994,2026,4,17,0
sen-4994,2026,5,17,0
sen-4994,2026,6,17,0
sen-4994,2026,7,17,0
sen-4994,2026,8,17,0
sen-4994,2026,9,17,0
sen-5008,2023,2,13,0
sen-5008,2023,3,12,0
sen-5008,2023,4,12,0
sen-5008,2023,5,12,0
sen-5008,2023,6,12,0
sen-5008,2023,7,12,0
sen-5008,2023,8,12,0
sen-5008,2023,9,12,0
sen-5008,2023,10,12,0
sen-5008,2023,11,12,0
sen-5008,2023,12,12,0
sen-5008,2024,1,12,0
sen-5008,2024,2,12,0
sen-5008,2024,3,12,0
sen-5008,2024,4,12,0
sen-5008,2024,5,12,0
sen-5008,2024,6,12,0
sen-5008,2024,7,12,0
sen-5008,2024,8,12,0
sen-5008,2024,9,11,0
sen-5008,2024,10,12,0
sen-5008,2024,11,12,0
sen-5008,2024,12,12,0
sen-5008,2025,1,12,0
sen-5008,2025,2,12,0
sen-5008,2025,3,12,0
sen-5008,2025,4,12,0
sen-5008,2025,5,12,0
sen-5008,2025,6,12,0
sen-5008,2025,7,12,0
sen-5008,2025,8,12,0
sen-5008,2025,9,12,0
sen-5008,2025,10,14,0
sen-5008,2025,11,14,0
sen-5008,2025,12,14,0
sen-5008,2026,1,14,0
sen-5008,2026,2,14,0
sen-5008,2026,3,14,0
sen-5008,2026,4,14,0
sen-5008,2026,5,15,0
sen-5008,2026,6,15,0
sen-5008,2026,7,15,0
sen-5008,2026,8,15,0
sen-5008,2026,9,13,0
sen-5012,2023,2,14,0
sen-5012,2023,3,16,0
sen-5012,2023,4,18,0
sen-5012,2023,5,18,0
sen-5012,2023,6,18,0
sen-5012,2023,7,18,0
sen-5012,2023,8,20,0
sen-5012,2023,9,20,0
sen-5012,2023,10,21,0
sen-5012,2023,11,20,0
sen-5012,2023,12,21,0
sen-5012,2024,1,21,0
sen-5012,2024,2,21,0
sen-5012,2024,3,23,0
sen-5012,2024,4,24,0
sen-5012,2024,5,24,0
sen-5012,2024,6,23,0
sen-5012,2024,7,21,0
sen-5012,2024,8,21,0
sen-5012,2024,9,21,0
sen-5012,2024,10,21,0
sen-5012,2024,11,21,0
sen-5012,2024,12,21,0
sen-5012,2025,1,21,0
sen-5012,2025,2,20,0
sen-5012,2025,3,20,0
sen-5012,2025,4,20,0
sen-5012,2025,5,20,0
sen-5012,2025,6,20,0
sen-5012,2025,7,21,0
sen-5012,2025,8,21,0
sen-5012,2025,9,22,0
sen-5012,2025,10,22,0
sen-5012,2025,11,21,0
sen-5012,2025,12,21,0
sen-5012,2026,1,22,0
sen-5012,2026,2,22,0
sen-5012,2026,3,22,0
sen-5012,2026,4,22,0
sen-5012,2026,5,22,0
sen-5012,2026,6,21,0
sen-5012,2026,7,21,0
sen-5012,2026,8,21,0
sen-5012,2026,9,21,0
sen-5070,2023,2,8,0
sen-5070,2023,3,9,0
sen-5070,2023,4,10,0
sen-5070,2023,5,10,0
sen-5070,2023,6,10,0
sen-5070,2023,7,10,0
sen-5070,2023,8,9,0
sen-5070,2023,9,9,0
sen-5070,2023,10,9,0
sen-5070,2023,11,9,0
sen-5070,2023,12,9,0
sen-5070,2024,1,9,0
sen-5070,2024,2,9,0
sen-5070,2024,3,8,0
sen-5070,2024,4,11,0
sen-5070,2024,5,10,0
sen-5070,2024,6,10,0
sen-5070,2024,7,10,0
sen-5070,2024,8,10,0
sen-5070,2024,9,10,0
sen-5070,2024,10,10,0
sen-5070,2024,11,10,0
sen-5070,2024,12,9,0
sen-5070,2025,1,9,0
sen-5070,2025,2,8,0
sen-5070,2025,3,8,0
sen-5070,2025,4,8,0
sen-5070,2025,5,8,0
sen-5070,2025,6,8,0
sen-5070,2025,7,8,0
sen-5070,2025,8,8,0
sen-5070,2025,9,8,0
sen-5070,2025,10,9,0
sen-5070,2025,11,9,0
sen-5070,2025,12,9,0
sen-5070,2026,1,9,0
sen-5070,2026,2,9,0
sen-5070,2026,3,9,0
sen-5070,2026,4,9,0
sen-5070,2026,5,9,0
sen-5070,2026,6,9,0
sen-5070,2026,7,9,0
sen-5070,2026,8,8,0
sen-5070,2026,9,7,0
sen-5207,2023,2,6,0
sen-5207,2023,3,9,0
sen-5207,2023,4,9,0
sen-5207,2023,5,9,0
sen-5207,2023,6,10,0
sen-5207,2023,7,10,0
sen-5207,2023,8,10,0
sen-5207,2023,9,10,0
sen-5207,2023,10,10,0
sen-5207,2023,11,10,0
sen-5207,2023,12,10,0
sen-5207,2024,1,10,0
sen-5207,2024,2,10,0
sen-5207,2024,3,10,0
sen-5207,2024,4,10,0
sen-5207,2024,5,10,0
sen-5207,2024,6,10,0
sen-5207,2024,7,10,0
sen-5207,2024,8,10,0
sen-5207,2024,9,10,0
sen-5207,2024,10,10,0
sen-5207,2024,11,10,0
sen-5207,2024,12,10,0
sen-5207,2025,1,10,0
sen-5207,2025,2,10,0
sen-5207,2025,3,10,0
sen-5207,2025,4,10,0
sen-5207,2025,5,10,0
sen-5207,2025,6,10,0
sen-5207,2025,7,10,0
sen-5207,2025,8,10,0
sen-5207,2025,9,10,0
sen-5207,2025,10,11,0
sen-5207,2025,11,11,0
sen-5207,2025,12,11,0
sen-5207,2026,1,11,0
sen-5207,2026,2,11,0
sen-5207,2026,3,11,0
sen-5207,2026,4,11,0
sen-5207,2026,5,11,0
sen-5207,2026,6,11,0
sen-5207,2026,7,10,0
sen-5207,2026,8,10,0
sen-5207,2026,9,10,0
sen-5322,2023,2,28,0
sen-5322,2023,3,26,0
sen-5322,2023,4,26,0
sen-5322,2023,5,26,0
sen-5322,2023,6,29,0
sen-5322,2023,7,31,0
sen-5322,2023,8,30,0
sen-5322,2023,9,30,0
sen-5322,2023,10,30,0
sen-5322,2023,11,29,0
sen-5322,2023,12,30,0
sen-5322,2024,1,30,0
sen-5322,2024,2,28,0
sen-5322,2024,3,28,0
sen-5322,2024,4,28,0
sen-5322,2024,5,28,0
sen-5322,2024,6,28,0
sen-5322,2024,7,29,0
sen-5322,2024,8,30,0
sen-5322,2024,9,30,0
sen-5322,2024,10,29,0
sen-5322,2024,11,29,0
sen-5322,2024,12,29,0
sen-5322,2025,1,30,0
sen-5322,2025,2,30,0
sen-5322,2025,3,29,0
sen-5322,2025,4,27,0
sen-5322,2025,5,27,0
sen-5322,2025,6,27,0
sen-5322,2025,7,27,0
sen-5322,2025,8,27,0
sen-5322,2025,9,27,0
sen-5322,2025,10,28,0
sen-5322,2025,11,28,0
sen-5322,2025,12,28,0
sen-5322,2026,1,28,0
sen-5322,2026,2,28,0
sen-5322,2026,3,28,0
sen-5322,2026,4,28,0
sen-5322,2026,5,28,0
sen-5322,2026,6,28,0
sen-5322,2026,7,28,0
sen-5322,2026,8,28,0
sen-5322,2026,9,28,0
sen-5352,2023,2,69,0
sen-5352,2023,3,70,0
sen-5352,2023,4,70,0
sen-5352,2023,5,67,0
sen-5352,2023,6,68,0
sen-5352,2023,7,68,0
sen-5352,2023,8,69,0
sen-5352,2023,9,69,0
sen-5352,2023,10,69,0
sen-5352,2023,11,68,0
sen-5352,2023,12,68,0
sen-5352,2024,1,69,0
sen-5352,2024,2,72,0
sen-5352,2024,3,69,0
sen-5352,2024,4,79,0
sen-5352,2024,5,75,0
sen-5352,2024,6,77,0
sen-5352,2024,7,76,0
sen-5352,2024,8,76,0
sen-5352,2024,9,75,0
sen-5352,2024,10,76,0
sen-5352,2024,11,76,0
sen-5352,2024,12,76,0
sen-5352,2025,1,78,0
sen-5352,2025,2,76,0
sen-5352,2025,3,69,0
sen-5352,2025,4,70,0
sen-5352,2025,5,71,0
sen-5352,2025,6,72,0
sen-5352,2025,7,72,0
sen-5352,2025,8,75,0
sen-5352,2025,9,77,0
sen-5352,2025,10,78,0
sen-5352,2025,11,81,0
sen-5352,2025,12,81,0
sen-5352,2026,1,81,0
sen-5352,2026,2,81,0
sen-5352,2026,3,82,0
sen-5352,2026,4,82,0
sen-5352,2026,5,82,0
sen-5352,2026,6,82,0
sen-5352,2026,7,82,0
sen-5352,2026,8,82,0
sen-5352,2026,9,82,0
sen-5376,2023,2,28,0
sen-5376,2023,3,28,0
sen-5376,2023,4,28,0
sen-5376,2023,5,28,0
sen-5376,2023,6,28,0
sen-5376,2023,7,28,0
sen-5376,2023,8,28,0
sen-5376,2023,9,29,0
sen-5376,2023,10,29,0
sen-5376,2023,11,29,0
sen-5376,2023,12,29,0
sen-5376,2024,1,29,0
sen-5376,2024,2,29,0
sen-5376,2024,3,28,0
sen-5376,2024,4,28,0
sen-5376,2024,5,28,0
sen-5376,2024,6,28,0
sen-5376,2024,7,28,0
sen-5376,2024,8,28,0
sen-5376,2024,9,28,0
sen-5376,2024,10,29,0
sen-5376,2024,11,29,0
sen-5376,2024,12,28,0
sen-5376,2025,1,28,0
sen-5376,2025,2,28,0
sen-5376,2025,3,28,0
sen-5376,2025,4,28,0
sen-5376,2025,5,28,0
sen-5376,2025,6,28,0
sen-5376,2025,7,28,0
sen-5376,2025,8,26,0
sen-5376,2025,9,28,0
sen-5376,2025,10,27,0
sen-5376,2025,11,27,0
sen-5376,2025,12,27,0
sen-5376,2026,1,27,0
sen-5376,2026,2,28,0
sen-5376,2026,3,28,0
sen-5376,2026,4,28,0
sen-5376,2026,5,27,0
sen-5376,2026,6,28,0
sen-5376,2026,7,28,0
sen-5376,2026,8,28,0
sen-5376,2026,9,21,0
sen-5385,2023,2,11,0
sen-5385,2023,3,15,0
sen-5385,2023,4,16,0
sen-5385,2023,5,18,0
sen-5385,2023,6,20,0
sen-5385,2023,7,20,0
sen-5385,2023,8,20,0
sen-5385,2023,9,20,0
sen-5385,2023,10,20,0
sen-5385,2023,11,20,0
sen-5385,2023,12,20,0
sen-5385,2024,1,22,0
sen-5385,2024,2,23,0
sen-5385,2024,3,21,0
sen-5385,2024,4,24,0
sen-5385,2024,5,21,0
sen-5385,2024,6,21,0
sen-5385,2024,7,21,0
sen-5385,2024,8,22,0
sen-5385,2024,9,21,0
sen-5385,2024,10,20,0
sen-5385,2024,11,20,0
sen-5385,2024,12,20,0
sen-5385,2025,1,20,0
sen-5385,2025,2,20,0
sen-5385,2025,3,20,0
sen-5385,2025,4,20,0
sen-5385,2025,5,19,0
sen-5385,2025,6,20,0
sen-5385,2025,7,19,0
sen-5385,2025,8,19,0
sen-5385,2025,9,19,0
sen-5385,2025,10,19,0
sen-5385,2025,11,19,0
sen-5385,2025,12,20,0
sen-5385,2026,1,19,0
sen-5385,2026,2,20,0
sen-5385,2026,3,19,0
sen-5385,2026,4,19,0
sen-5385,2026,5,18,0
sen-5385,2026,6,17,0
sen-5385,2026,7,19,0
sen-5385,2026,8,19,0
sen-5385,2026,9,17,0
sen-5386,2023,2,10,0
sen-5386,2023,3,12,0
sen-5386,2023,4,14,0
sen-5386,2023,5,15,0
sen-5386,2023,6,15,0
sen-5386,2023,7,15,0
sen-5386,2023,8,15,0
sen-5386,2023,9,16,0
sen-5386,2023,10,17,0
sen-5386,2023,11,17,0
sen-5386,2023,12,17,0
sen-5386,2024,1,17,0
sen-5386,2024,2,17,0
sen-5386,2024,3,17,0
sen-5386,2024,4,17,0
sen-5386,2024,5,17,0
sen-5386,2024,6,18,0
sen-5386,2024,7,18,0
sen-5386,2024,8,18,0
sen-5386,2024,9,18,0
sen-5386,2024,10,18,0
sen-5386,2024,11,18,0
sen-5386,2024,12,18,0
sen-5386,2025,1,18,0
sen-5386,2025,2,18,0
sen-5386,2025,3,18,0
sen-5386,2025,4,19,0
sen-5386,2025,5,19,0
sen-5386,2025,6,19,0
sen-5386,2025,7,20,0
sen-5386,2025,8,21,0
sen-5386,2025,9,22,0
sen-5386,2025,10,24,0
sen-5386,2025,11,23,0
sen-5386,2025,12,23,0
sen-5386,2026,1,22,0
sen-5386,2026,2,22,0
sen-5386,2026,3,22,0
sen-5386,2026,4,22,0
sen-5386,2026,5,23,0
sen-5386,2026,6,23,0
sen-5386,2026,7,22,0
sen-5386,2026,8,22,0
sen-5386,2026,9,22,0
sen-5411,2023,2,47,0
sen-5411,2023,3,63,0
sen-5411,2023,4,63,0
sen-5411,2023,5,64,0
sen-5411,2023,6,62,0
sen-5411,2023,7,62,0
sen-5411,2023,8,62,0
sen-5411,2023,9,61,0
sen-5411,2023,10,61,0
sen-5411,2023,11,60,0
sen-5411,2023,12,60,0
sen-5411,2024,1,60,0
sen-5411,2024,2,61,0
sen-5411,2024,3,60,0
sen-5411,2024,4,62,0
sen-5411,2024,5,61,0
sen-5411,2024,6,63,0
sen-5411,2024,7,61,0
sen-5411,2024,8,61,0
sen-5411,2024,9,62,0
sen-5411,2024,10,62,0
sen-5411,2024,11,63,0
sen-5411,2024,12,64,0
sen-5411,2025,1,64,0
sen-5411,2025,2,58,0
sen-5411,2025,3,59,0
sen-5411,2025,4,65,0
sen-5411,2025,5,66,0
sen-5411,2025,6,69,0
sen-5411,2025,7,69,0
sen-5411,2025,8,69,0
sen-5411,2025,9,69,0
sen-5411,2025,10,69,0
sen-5411,2025,11,69,0
sen-5411,2025,12,69,0
sen-5411,2026,1,68,0
sen-5411,2026,2,68,0
sen-5411,2026,3,68,0
sen-5411,2026,4,68,0
sen-5411,2026,5,68,0
sen-5411,2026,6,68,0
sen-5411,2026,7,68,0
sen-5411,2026,8,68,0
sen-5411,2026,9,69,0
sen-5422,2023,6,39,0
sen-5422,2023,7,39,0
sen-5422,2023,8,39,0
sen-5422,2023,9,41,0
sen-5422,2023,10,41,0
sen-5422,2023,11,42,0
sen-5422,2023,12,42,0
sen-5422,2024,1,42,0
sen-5422,2024,2,45,0
sen-5422,2024,3,47,0
sen-5422,2024,4,51,0
sen-5422,2024,5,49,0
sen-5422,2024,6,48,0
sen-5422,2024,7,47,0
sen-5422,2024,8,49,0
sen-5422,2024,9,48,0
sen-5422,2024,10,49,0
sen-5422,2024,11,49,0
sen-5422,2024,12,49,0
sen-5422,2025,1,49,0
sen-5422,2025,2,51,0
sen-5422,2025,3,53,0
sen-5422,2025,4,53,0
sen-5422,2025,5,57,0
sen-5422,2025,6,56,0
sen-5422,2025,7,55,0
sen-5422,2025,8,55,0
sen-5422,2025,9,56,0
sen-5422,2025,10,59,0
sen-5422,2025,11,58,0
sen-5422,2025,12,58,0
sen-5422,2026,1,58,0
sen-5422,2026,2,58,0
sen-5422,2026,3,56,0
sen-5422,2026,4,57,0
sen-5422,2026,5,57,0
sen-5422,2026,6,56,0
sen-5422,2026,7,58,0
sen-5422,2026,8,58,0
sen-5422,2026,9,57,0
sen-5502,2023,2,46,0
sen-5502,2023,3,47,0
sen-5502,2023,4,47,0
sen-5502,2023,5,49,0
sen-5502,2023,6,48,0
sen-5502,2023,7,47,0
sen-5502,2023,8,46,0
sen-5502,2023,9,46,0
sen-5502,2023,10,46,0
sen-5502,2023,11,45,0
sen-5502,2023,12,45,0
sen-5502,2024,1,45,0
sen-5502,2024,2,45,0
sen-5502,2024,3,46,0
sen-5502,2024,4,48,0
sen-5502,2024,5,45,0
sen-5502,2024,6,45,0
sen-5502,2024,7,46,0
sen-5502,2024,8,46,0
sen-5502,2024,9,46,0
sen-5502,2024,10,46,0
sen-5502,2024,11,46,0
sen-5502,2024,12,46,0
sen-5502,2025,1,46,0
sen-5502,2025,2,47,0
sen-5502,2025,3,48,0
sen-5502,2025,4,49,0
sen-5502,2025,5,49,0
sen-5502,2025,6,49,0
sen-5502,2025,7,49,0
sen-5502,2025,8,48,0
sen-5502,2025,9,48,0
sen-5502,2025,10,48,0
sen-5502,2025,11,48,0
sen-5502,2025,12,49,0
sen-5502,2026,1,50,0
sen-5502,2026,2,51,0
sen-5502,2026,3,51,0
sen-5502,2026,4,51,0
sen-5502,2026,5,52,0
sen-5502,2026,6,53,0
sen-5502,2026,7,54,0
sen-5502,2026,8,54,0
sen-5502,2026,9,53,0
sen-5523,2023,2,39,0
sen-5523,2023,3,43,0
sen-5523,2023,4,41,0
sen-5523,2023,5,42,0
sen-5523,2023,6,42,0
sen-5523,2023,7,43,0
sen-5523,2023,8,43,0
sen-5523,2023,9,42,0
sen-5523,2023,10,42,0
sen-5523,2023,11,43,0
sen-5523,2023,12,42,0
sen-5523,2024,1,42,0
sen-5523,2024,2,42,0
sen-5523,2024,3,42,0
sen-5523,2024,4,42,0
sen-5523,2024,5,42,0
sen-5523,2024,6,43,0
sen-5523,2024,7,38,0
sen-5523,2024,8,40,0
sen-5523,2024,9,40,0
sen-5523,2024,10,40,0
sen-5523,2024,11,39,0
sen-5523,2024,12,39,0
sen-5523,2025,1,40,0
sen-5523,2025,2,39,0
sen-5523,2025,3,39,0
sen-5523,2025,4,41,0
sen-5523,2025,5,40,0
sen-5523,2025,6,40,0
sen-5523,2025,7,40,0
sen-5523,2025,8,40,0
sen-5523,2025,9,41,0
sen-5523,2025,10,41,0
sen-5523,2025,11,41,0
sen-5523,2025,12,43,0
sen-5523,2026,1,43,0
sen-5523,2026,2,43,0
sen-5523,2026,3,43,0
sen-5523,2026,4,44,0
sen-5523,2026,5,46,0
sen-5523,2026,6,48,0
sen-5523,2026,7,49,0
sen-5523,2026,8,50,0
sen-5523,2026,9,50,0
sen-5525,2023,2,57,0
sen-5525,2023,3,58,0
sen-5525,2023,4,60,0
sen-5525,2023,5,60,0
sen-5525,2023,6,59,0
sen-5525,2023,7,58,0
sen-5525,2023,8,59,0
sen-5525,2023,9,59,0
sen-5525,2023,10,59,0
sen-5525,2023,11,59,0
sen-5525,2023,12,59,0
sen-5525,2024,1,59,0
sen-5525,2024,2,59,0
sen-5525,2024,3,58,0
sen-5525,2024,4,61,0
sen-5525,2024,5,59,0
sen-5525,2024,6,59,0
sen-5525,2024,7,60,0
sen-5525,2024,8,60,0
sen-5525,2024,9,61,0
sen-5525,2024,10,61,0
sen-5525,2024,11,62,0
sen-5525,2024,12,61,0
sen-5525,2025,1,61,0
sen-5525,2025,2,61,0
sen-5525,2025,3,61,0
sen-5525,2025,4,62,0
sen-5525,2025,5,61,0
sen-5525,2025,6,62,0
sen-5525,2025,7,62,0
sen-5525,2025,8,63,0
sen-5525,2025,9,63,0
sen-5525,2025,10,63,0
sen-5525,2025,11,63,0
sen-5525,2025,12,64,0
sen-5525,2026,1,64,0
sen-5525,2026,2,62,0
sen-5525,2026,3,62,0
sen-5525,2026,4,64,0
sen-5525,2026,5,64,0
sen-5525,2026,6,65,0
sen-5525,2026,7,68,0
sen-5525,2026,8,68,0
sen-5525,2026,9,67,0
sen-5672,2023,2,4,0
sen-5672,2023,3,5,0
sen-5672,2023,4,5,0
sen-5672,2023,5,4,0
sen-5672,2023,6,4,0
sen-5672,2023,7,4,0
sen-5672,2023,8,8,0
sen-5672,2023,9,10,0
sen-5672,2023,10,10,0
sen-5672,2023,11,10,0
sen-5672,2023,12,10,0
sen-5672,2024,1,9,0
sen-5672,2024,2,9,0
sen-5672,2024,3,9,0
sen-5672,2024,4,11,0
sen-5672,2024,5,9,0
sen-5672,2024,6,9,0
sen-5672,2024,7,6,0
sen-5672,2024,8,5,0
sen-5672,2024,9,5,0
sen-5672,2024,10,5,0
sen-5672,2024,11,5,0
sen-5672,2024,12,6,0
sen-5672,2025,1,7,0
sen-5672,2025,2,8,0
sen-5672,2025,3,7,0
sen-5672,2025,4,8,0
sen-5672,2025,5,9,0
sen-5672,2025,6,10,0
sen-5672,2025,7,10,0
sen-5672,2025,8,12,0
sen-5672,2025,9,13,0
sen-5672,2025,10,13,0
sen-5672,2025,11,12,0
sen-5672,2025,12,12,0
sen-5672,2026,1,13,0
sen-5672,2026,2,13,0
sen-5672,2026,3,14,0
sen-5672,2026,4,15,0
sen-5672,2026,5,15,0
sen-5672,2026,6,15,0
sen-5672,2026,7,15,0
sen-5672,2026,8,17,0
sen-5672,2026,9,15,0
sen-5718,2023,2,44,0
sen-5718,2023,3,45,0
sen-5718,2023,4,46,0
sen-5718,2023,5,47,0
sen-5718,2023,6,43,0
sen-5718,2023,7,43,0
sen-5718,2023,8,44,0
sen-5718,2023,9,44,0
sen-5718,2023,10,45,0
sen-5718,2023,11,45,0
sen-5718,2023,12,45,0
sen-5718,2024,1,46,0
sen-5718,2024,2,46,0
sen-5718,2024,3,45,0
sen-5718,2024,4,49,0
sen-5718,2024,5,46,0
sen-5718,2024,6,46,0
sen-5718,2024,7,46,0
sen-5718,2024,8,49,0
sen-5718,2024,9,49,0
sen-5718,2024,10,50,0
sen-5718,2024,11,53,0
sen-5718,2024,12,51,0
sen-5718,2025,1,55,0
sen-5718,2025,2,56,0
sen-5718,2025,3,56,0
sen-5718,2025,4,56,0
sen-5718,2025,5,56,0
sen-5718,2025,6,56,0
sen-5718,2025,7,56,0
sen-5718,2025,8,57,0
sen-5718,2025,9,57,0
sen-5718,2025,10,57,0
sen-5718,2025,11,58,0
sen-5718,2025,12,60,0
sen-5718,2026,1,60,0
sen-5718,2026,2,60,0
sen-5718,2026,3,61,0
sen-5718,2026,4,63,0
sen-5718,2026,5,63,0
sen-5718,2026,6,64,0
sen-5718,2026,7,64,0
sen-5718,2026,8,64,0
sen-5718,2026,9,64,0
sen-5732,2023,2,26,0
sen-5732,2023,3,27,0
sen-5732,2023,4,29,0
sen-5732,2023,5,27,0
sen-5732,2023,6,28,0
sen-5732,2023,7,28,0
sen-5732,2023,8,28,0
sen-5732,2023,9,28,0
sen-5732,2023,10,28,0
sen-5732,2023,11,28,0
sen-5732,2023,12,28,0
sen-5732,2024,1,28,0
sen-5732,2024,2,28,0
sen-5732,2024,3,27,0
sen-5732,2024,4,27,0
sen-5732,2024,5,26,0
sen-5732,2024,6,25,0
sen-5732,2024,7,22,0
sen-5732,2024,8,22,0
sen-5732,2024,9,22,0
sen-5732,2024,10,22,0
sen-5732,2024,11,22,0
sen-5732,2024,12,22,0
sen-5732,2025,1,24,0
sen-5732,2025,2,24,0
sen-5732,2025,3,24,0
sen-5732,2025,4,24,0
sen-5732,2025,5,24,0
sen-5732,2025,6,24,0
sen-5732,2025,7,24,0
sen-5732,2025,8,25,0
sen-5732,2025,9,25,0
sen-5732,2025,10,25,0
sen-5732,2025,11,25,0
sen-5732,2025,12,25,0
sen-5732,2026,1,25,0
sen-5732,2026,2,25,0
sen-5732,2026,3,24,0
sen-5732,2026,4,24,0
sen-5732,2026,5,23,0
sen-5732,2026,6,23,0
sen-5732,2026,7,22,0
sen-5732,2026,8,22,0
sen-5732,2026,9,22,0
sen-5736,2023,2,11,0
sen-5736,2023,3,14,0
sen-5736,2023,4,16,0
sen-5736,2023,5,17,0
sen-5736,2023,6,17,0
sen-5736,2023,7,18,0
sen-5736,2023,8,18,0
sen-5736,2023,9,18,0
sen-5736,2023,10,18,0
sen-5736,2023,11,19,0
sen-5736,2023,12,18,0
sen-5736,2024,1,19,0
sen-5736,2024,2,18,0
sen-5736,2024,3,18,0
sen-5736,2024,4,20,0
sen-5736,2024,5,19,0
sen-5736,2024,6,20,0
sen-5736,2024,7,20,0
sen-5736,2024,8,20,0
sen-5736,2024,9,20,0
sen-5736,2024,10,20,0
sen-5736,2024,11,20,0
sen-5736,2024,12,20,0
sen-5736,2025,1,20,0
sen-5736,2025,2,21,0
sen-5736,2025,3,21,0
sen-5736,2025,4,22,0
sen-5736,2025,5,23,0
sen-5736,2025,6,23,0
sen-5736,2025,7,23,0
sen-5736,2025,8,23,0
sen-5736,2025,9,23,0
sen-5736,2025,10,23,0
sen-5736,2025,11,23,0
sen-5736,2025,12,23,0
sen-5736,2026,1,23,0
sen-5736,2026,2,23,0
sen-5736,2026,3,23,0
sen-5736,2026,4,23,0
sen-5736,2026,5,23,0
sen-5736,2026,6,23,0
sen-5736,2026,7,23,0
sen-5736,2026,8,23,0
sen-5736,2026,9,23,0
sen-5748,2023,2,50,0
sen-5748,2023,3,50,0
sen-5748,2023,4,49,0
sen-5748,2023,5,49,0
sen-5748,2023,6,48,0
sen-5748,2023,7,48,0
sen-5748,2023,8,48,0
sen-5748,2023,9,49,0
sen-5748,2023,10,50,0
sen-5748,2023,11,51,0
sen-5748,2023,12,51,0
sen-5748,2024,1,50,0
sen-5748,2024,2,50,0
sen-5748,2024,3,51,0
sen-5748,2024,4,52,0
sen-5748,2024,5,51,0
sen-5748,2024,6,51,0
sen-5748,2024,7,51,0
sen-5748,2024,8,50,0
sen-5748,2024,9,52,0
sen-5748,2024,10,53,0
sen-5748,2024,11,53,0
sen-5748,2024,12,54,0
sen-5748,2025,1,54,0
sen-5748,2025,2,54,0
sen-5748,2025,3,49,0
sen-5748,2025,4,50,0
sen-5748,2025,5,51,0
sen-5748,2025,6,50,0
sen-5748,2025,7,50,0
sen-5748,2025,8,50,0
sen-5748,2025,9,51,0
sen-5748,2025,10,52,0
sen-5748,2025,11,53,0
sen-5748,2025,12,52,0
sen-5748,2026,1,52,0
sen-5748,2026,2,51,0
sen-5748,2026,3,53,0
sen-5748,2026,4,52,0
sen-5748,2026,5,52,0
sen-5748,2026,6,52,0
sen-5748,2026,7,51,0
sen-5748,2026,8,50,0
sen-5748,2026,9,50,0
sen-5783,2023,2,34,0
sen-5783,2023,3,33,0
sen-5783,2023,4,33,0
sen-5783,2023,5,33,0
sen-5783,2023,6,32,0
sen-5783,2023,7,33,0
sen-5783,2023,8,34,0
sen-5783,2023,9,33,0
sen-5783,2023,10,34,0
sen-5783,2023,11,34,0
sen-5783,2023,12,34,0
sen-5783,2024,1,33,0
sen-5783,2024,2,33,0
sen-5783,2024,3,32,0
sen-5783,2024,4,33,0
sen-5783,2024,5,32,0
sen-5783,2024,6,32,0
sen-5783,2024,7,33,0
sen-5783,2024,8,32,0
sen-5783,2024,9,32,0
sen-5783,2024,10,32,0
sen-5783,2024,11,32,0
sen-5783,2024,12,32,0
sen-5783,2025,1,29,0
sen-5783,2025,2,27,0
sen-5783,2025,3,28,0
sen-5783,2025,4,29,0
sen-5783,2025,5,30,0
sen-5783,2025,6,30,0
sen-5783,2025,7,31,0
sen-5783,2025,8,33,0
sen-5783,2025,9,32,0
sen-5783,2025,10,30,0
sen-5783,2025,11,30,0
sen-5783,2025,12,30,0
sen-5783,2026,1,30,0
sen-5783,2026,2,29,0
sen-5783,2026,3,28,0
sen-5783,2026,4,27,0
sen-5783,2026,5,27,0
sen-5783,2026,6,27,0
sen-5783,2026,7,28,0
sen-5783,2026,8,28,0
sen-5783,2026,9,28,0
sen-5793,2023,2,4,0
sen-5793,2023,3,4,0
sen-5793,2023,4,5,0
sen-5793,2023,5,5,0
sen-5793,2023,6,5,0
sen-5793,2023,7,4,0
sen-5793,2023,8,4,0
sen-5793,2023,9,4,0
sen-5793,2023,10,4,0
sen-5793,2023,11,4,0
sen-5793,2023,12,6,0
sen-5793,2024,1,6,0
sen-5793,2024,2,6,0
sen-5793,2024,3,6,0
sen-5793,2024,4,6,0
sen-5793,2024,5,6,0
sen-5793,2024,6,6,0
sen-5793,2024,7,6,0
sen-5793,2024,8,6,0
sen-5793,2024,9,6,0
sen-5793,2024,10,7,0
sen-5793,2024,11,7,0
sen-5793,2024,12,7,0
sen-5793,2025,1,7,0
sen-5793,2025,2,7,0
sen-5793,2025,3,8,0
sen-5793,2025,4,9,0
sen-5793,2025,5,9,0
sen-5793,2025,6,9,0
sen-5793,2025,7,9,0
sen-5793,2025,8,9,0
sen-5793,2025,9,9,0
sen-5793,2025,10,9,0
sen-5793,2025,11,8,0
sen-5793,2025,12,8,0
sen-5793,2026,1,8,0
sen-5793,2026,2,8,0
sen-5793,2026,3,8,0
sen-5793,2026,4,8,0
sen-5793,2026,5,9,0
sen-5793,2026,6,9,0
sen-5793,2026,7,9,0
sen-5793,2026,8,9,0
sen-5793,2026,9,9,0
sen-581,2023,2,29,0
sen-581,2023,3,29,0
sen-581,2023,4,30,0
sen-581,2023,5,30,0
sen-581,2023,6,31,0
sen-581,2023,7,30,0
sen-581,2023,8,30,0
sen-581,2023,9,30,0
sen-581,2023,10,30,0
sen-581,2023,11,30,0
sen-581,2023,12,30,0
sen-581,2024,1,29,0
sen-581,2024,2,29,0
sen-581,2024,3,31,0
sen-581,2024,4,33,0
sen-581,2024,5,32,0
sen-581,2024,6,33,0
sen-581,2024,7,34,0
sen-581,2024,8,34,0
sen-581,2024,9,35,0
sen-581,2024,10,35,0
sen-581,2024,11,36,0
sen-581,2024,12,36,0
sen-581,2025,1,37,0
sen-581,2025,2,35,0
sen-581,2025,3,35,0
sen-581,2025,4,35,0
sen-581,2025,5,34,0
sen-581,2025,6,34,0
sen-581,2025,7,36,0
sen-581,2025,8,37,0
sen-581,2025,9,43,0
sen-581,2025,10,40,0
sen-581,2025,11,42,0
sen-581,2025,12,44,0
sen-581,2026,1,45,0
sen-581,2026,2,46,0
sen-581,2026,3,49,0
sen-581,2026,4,47,0
sen-581,2026,5,47,0
sen-581,2026,6,48,0
sen-581,2026,7,50,0
sen-581,2026,8,54,0
sen-581,2026,9,53,0
sen-5894,2023,2,21,0
sen-5894,2023,3,21,0
sen-5894,2023,4,21,0
sen-5894,2023,5,21,0
sen-5894,2023,6,21,0
sen-5894,2023,7,22,0
sen-5894,2023,8,22,0
sen-5894,2023,9,22,0
sen-5894,2023,10,22,0
sen-5894,2023,11,22,0
sen-5894,2023,12,22,0
sen-5894,2024,1,22,0
sen-5894,2024,2,22,0
sen-5894,2024,3,22,0
sen-5894,2024,4,22,0
sen-5894,2024,5,22,0
sen-5894,2024,6,22,0
sen-5894,2024,7,22,0
sen-5894,2024,8,22,0
sen-5894,2024,9,22,0
sen-5894,2024,10,22,0
sen-5894,2024,11,22,0
sen-5894,2024,12,22,0
sen-5894,2025,1,22,0
sen-5894,2025,2,22,0
sen-5894,2025,3,23,0
sen-5894,2025,4,24,0
sen-5894,2025,5,24,0
sen-5894,2025,6,25,0
sen-5894,2025,7,26,0
sen-5894,2025,8,26,0
sen-5894,2025,9,27,0
sen-5894,2025,10,27,0
sen-5894,2025,11,27,0
sen-5894,2025,12,27,0
sen-5894,2026,1,27,0
sen-5894,2026,2,27,0
sen-5894,2026,3,25,0
sen-5894,2026,4,21,0
sen-5894,2026,5,21,0
sen-5894,2026,6,21,0
sen-5894,2026,7,20,0
sen-5894,2026,8,20,0
sen-5894,2026,9,20,0
sen-5895,2023,2,19,0
sen-5895,2023,3,22,0
sen-5895,2023,4,22,0
sen-5895,2023,5,24,0
sen-5895,2023,6,23,0
sen-5895,2023,7,23,0
sen-5895,2023,8,24,0
sen-5895,2023,9,23,0
sen-5895,2023,10,25,0
sen-5895,2023,11,24,0
sen-5895,2023,12,25,0
sen-5895,2024,1,25,0
sen-5895,2024,2,24,0
sen-5895,2024,3,25,0
sen-5895,2024,4,28,0
sen-5895,2024,5,25,0
sen-5895,2024,6,26,0
sen-5895,2024,7,25,0
sen-5895,2024,8,25,0
sen-5895,2024,9,26,0
sen-5895,2024,10,26,0
sen-5895,2024,11,26,0
sen-5895,2024,12,26,0
sen-5895,2025,1,27,0
sen-5895,2025,2,27,0
sen-5895,2025,3,27,0
sen-5895,2025,4,28,0
sen-5895,2025,5,28,0
sen-5895,2025,6,28,0
sen-5895,2025,7,28,0
sen-5895,2025,8,29,0
sen-5895,2025,9,29,0
sen-5895,2025,10,29,0
sen-5895,2025,11,30,0
sen-5895,2025,12,30,0
sen-5895,2026,1,30,0
sen-5895,2026,2,30,0
sen-5895,2026,3,30,0
sen-5895,2026,4,30,0
sen-5895,2026,5,30,0
sen-5895,2026,6,29,0
sen-5895,2026,7,30,0
sen-5895,2026,8,30,0
sen-5895,2026,9,30,0
sen-5899,2023,2,25,0
sen-5899,2023,3,30,0
sen-5899,2023,4,27,0
sen-5899,2023,5,31,0
sen-5899,2023,6,31,0
sen-5899,2023,7,32,0
sen-5899,2023,8,30,0
sen-5899,2023,9,30,0
sen-5899,2023,10,31,0
sen-5899,2023,11,30,0
sen-5899,2023,12,30,0
sen-5899,2024,1,30,0
sen-5899,2024,2,30,0
sen-5899,2024,3,31,0
sen-5899,2024,4,32,0
sen-5899,2024,5,30,0
sen-5899,2024,6,30,0
sen-5899,2024,7,32,0
sen-5899,2024,8,33,0
sen-5899,2024,9,33,0
sen-5899,2024,10,34,0
sen-5899,2024,11,35,0
sen-5899,2024,12,35,0
sen-5899,2025,1,35,0
sen-5899,2025,2,33,0
sen-5899,2025,3,30,0
sen-5899,2025,4,33,0
sen-5899,2025,5,36,0
sen-5899,2025,6,37,0
sen-5899,2025,7,38,0
sen-5899,2025,8,38,0
sen-5899,2025,9,38,0
sen-5899,2025,10,38,0
sen-5899,2025,11,38,0
sen-5899,2025,12,38,0
sen-5899,2026,1,36,0
sen-5899,2026,2,35,0
sen-5899,2026,3,38,0
sen-5899,2026,4,39,0
sen-5899,2026,5,40,0
sen-5899,2026,6,40,0
sen-5899,2026,7,40,0
sen-5899,2026,8,39,0
sen-5899,2026,9,39,0
sen-5905,2023,2,13,0
sen-5905,2023,3,11,0
sen-5905,2023,4,9,0
sen-5905,2023,5,10,0
sen-5905,2023,6,10,0
sen-5905,2023,7,5,0
sen-5905,2023,8,4,0
sen-5905,2023,9,5,0
sen-5905,2023,10,5,0
sen-5905,2023,11,4,0
sen-5905,2023,12,4,0
sen-5905,2024,1,4,0
sen-5905,2024,2,3,0
sen-5905,2024,3,3,0
sen-5905,2024,4,5,0
sen-5905,2024,5,4,0
sen-5905,2024,6,3,0
sen-5905,2024,7,4,0
sen-5906,2024,12,11,0
sen-5906,2025,1,11,0
sen-5906,2025,2,14,0
sen-5906,2025,3,16,0
sen-5906,2025,4,17,0
sen-5906,2025,5,18,0
sen-5906,2025,6,15,0
sen-5906,2025,7,16,0
sen-5906,2025,8,16,0
sen-5906,2025,9,16,0
sen-5906,2025,10,16,0
sen-5906,2025,11,16,0
sen-5906,2025,12,16,0
sen-5906,2026,1,16,0
sen-5906,2026,2,16,0
sen-5906,2026,3,16,0
sen-5906,2026,4,15,0
sen-5906,2026,5,17,0
sen-5906,2026,6,17,0
sen-5906,2026,7,17,0
sen-5906,2026,8,19,0
sen-5906,2026,9,18,0
sen-5917,2023,2,11,0
sen-5917,2023,3,11,0
sen-5917,2023,4,11,0
sen-5917,2023,5,11,0
sen-5917,2023,6,11,0
sen-5917,2023,7,11,0
sen-5917,2023,8,11,0
sen-5917,2023,9,11,0
sen-5917,2023,10,11,0
sen-5917,2023,11,12,0
sen-5917,2023,12,11,0
sen-5917,2024,1,11,0
sen-5917,2024,2,11,0
sen-5917,2024,3,11,0
sen-5917,2024,4,11,0
sen-5917,2024,5,11,0
sen-5917,2024,6,11,0
sen-5917,2024,7,11,0
sen-5917,2024,8,11,0
sen-5917,2024,9,11,0
sen-5917,2024,10,11,0
sen-5917,2024,11,11,0
sen-5917,2024,12,11,0
sen-5917,2025,1,11,0
sen-5917,2025,2,11,0
sen-5917,2025,3,11,0
sen-5917,2025,4,11,0
sen-5917,2025,5,11,0
sen-5917,2025,6,11,0
sen-5917,2025,7,11,0
sen-5917,2025,8,11,0
sen-5917,2025,9,11,0
sen-5917,2025,10,11,0
sen-5917,2025,11,11,0
sen-5917,2025,12,11,0
sen-5917,2026,1,11,0
sen-5917,2026,2,11,0
sen-5917,2026,3,11,0
sen-5917,2026,4,11,0
sen-5917,2026,5,11,0
sen-5917,2026,6,11,0
sen-5917,2026,7,11,0
sen-5917,2026,8,11,0
sen-5917,2026,9,11,0
sen-5924,2023,2,12,0
sen-5924,2023,3,11,0
sen-5924,2023,4,11,0
sen-5924,2023,5,11,0
sen-5924,2023,6,11,0
sen-5924,2023,7,11,0
sen-5924,2023,8,11,0
sen-5924,2023,9,11,0
sen-5924,2023,10,11,0
sen-5924,2023,11,11,0
sen-5924,2023,12,11,0
sen-5924,2024,1,11,0
sen-5924,2024,2,11,0
sen-5924,2024,3,11,0
sen-5924,2024,4,11,0
sen-5924,2024,5,11,0
sen-5924,2024,6,11,0
sen-5924,2024,7,11,0
sen-5924,2024,8,11,0
sen-5924,2024,9,11,0
sen-5924,2024,10,11,0
sen-5924,2024,11,11,0
sen-5924,2024,12,11,0
sen-5924,2025,1,11,0
sen-5924,2025,2,11,0
sen-5924,2025,3,11,0
sen-5924,2025,4,11,0
sen-5924,2025,5,10,0
sen-5924,2025,6,12,0
sen-5924,2025,7,12,0
sen-5924,2025,8,12,0
sen-5924,2025,9,12,0
sen-5924,2025,10,12,0
sen-5924,2025,11,12,0
sen-5924,2025,12,12,0
sen-5924,2026,1,12,0
sen-5924,2026,2,12,0
sen-5924,2026,3,12,0
sen-5924,2026,4,12,0
sen-5924,2026,5,13,0
sen-5924,2026,6,13,0
sen-5924,2026,7,13,0
sen-5924,2026,8,13,0
sen-5924,2026,9,13,0
sen-5926,2023,2,51,0
sen-5926,2023,3,52,0
sen-5926,2023,4,53,0
sen-5926,2023,5,52,0
sen-5926,2023,6,53,0
sen-5926,2023,7,53,0
sen-5926,2023,8,54,0
sen-5926,2023,9,55,0
sen-5926,2023,10,55,0
sen-5926,2023,11,56,0
sen-5926,2023,12,56,0
sen-5926,2024,1,56,0
sen-5926,2024,2,57,0
sen-5926,2024,3,57,0
sen-5926,2024,4,57,0
sen-5926,2024,5,59,0
sen-5926,2024,6,58,0
sen-5926,2024,7,57,0
sen-5926,2024,8,58,0
sen-5926,2024,9,58,0
sen-5926,2024,10,58,0
sen-5926,2024,11,58,0
sen-5926,2024,12,59,0
sen-5926,2025,1,59,0
sen-5926,2025,2,60,0
sen-5926,2025,3,59,0
sen-5926,2025,4,62,0
sen-5926,2025,5,68,0
sen-5926,2025,6,71,0
sen-5926,2025,7,73,0
sen-5926,2025,8,73,0
sen-5926,2025,9,74,0
sen-5926,2025,10,74,0
sen-5926,2025,11,74,0
sen-5926,2025,12,74,0
sen-5926,2026,1,74,0
sen-5926,2026,2,73,0
sen-5926,2026,3,74,0
sen-5926,2026,4,74,0
sen-5926,2026,5,74,0
sen-5926,2026,6,74,0
sen-5926,2026,7,74,0
sen-5926,2026,8,75,0
sen-5926,2026,9,75,0
sen-5936,2023,2,13,0
sen-5936,2023,3,13,0
sen-5936,2023,4,12,0
sen-5936,2023,5,12,0
sen-5936,2023,6,12,0
sen-5936,2023,7,12,0
sen-5936,2023,8,12,0
sen-5936,2023,9,12,0
sen-5936,2023,10,12,0
sen-5936,2023,11,12,0
sen-5936,2023,12,12,0
sen-5936,2024,1,12,0
sen-5936,2024,2,12,0
sen-5936,2024,3,12,0
sen-5936,2024,4,12,0
sen-5936,2024,5,12,0
sen-5936,2024,6,12,0
sen-5936,2024,7,11,0
sen-5936,2024,8,11,0
sen-5936,2024,9,11,0
sen-5936,2024,10,11,0
sen-5936,2024,11,11,0
sen-5936,2024,12,11,0
sen-5936,2025,1,11,0
sen-5936,2025,2,11,0
sen-5936,2025,3,11,0
sen-5936,2025,4,11,0
sen-5936,2025,5,11,0
sen-5936,2025,6,11,0
sen-5936,2025,7,11,0
sen-5936,2025,8,11,0
sen-5936,2025,9,11,0
sen-5936,2025,10,11,0
sen-5936,2025,11,11,0
sen-5936,2025,12,11,0
sen-5936,2026,1,11,0
sen-5936,2026,2,11,0
sen-5936,2026,3,11,0
sen-5936,2026,4,11,0
sen-5936,2026,5,11,0
sen-5936,2026,6,11,0
sen-5936,2026,7,11,0
sen-5936,2026,8,11,0
sen-5936,2026,9,11,0
sen-5942,2023,2,22,0
sen-5942,2023,3,24,0
sen-5942,2023,4,23,0
sen-5942,2023,5,25,0
sen-5942,2023,6,24,0
sen-5942,2023,7,24,0
sen-5942,2023,8,24,0
sen-5942,2023,9,24,0
sen-5942,2023,10,23,0
sen-5942,2023,11,25,0
sen-5942,2023,12,25,0
sen-5942,2024,1,25,0
sen-5942,2024,2,25,0
sen-5942,2024,3,25,0
sen-5942,2024,4,25,0
sen-5942,2024,5,25,0
sen-5942,2024,6,26,0
sen-5942,2024,7,26,0
sen-5942,2024,8,27,0
sen-5942,2024,9,26,0
sen-5942,2024,10,26,0
sen-5942,2024,11,26,0
sen-5942,2024,12,26,0
sen-5942,2025,1,26,0
sen-5942,2025,2,26,0
sen-5942,2025,3,26,0
sen-5942,2025,4,26,0
sen-5942,2025,5,27,0
sen-5942,2025,6,27,0
sen-5942,2025,7,27,0
sen-5942,2025,8,27,0
sen-5942,2025,9,26,0
sen-5942,2025,10,26,0
sen-5942,2025,11,26,0
sen-5942,2025,12,26,0
sen-5942,2026,1,25,0
sen-5942,2026,2,25,0
sen-5942,2026,3,26,0
sen-5942,2026,4,27,0
sen-5942,2026,5,27,0
sen-5942,2026,6,26,0
sen-5942,2026,7,26,0
sen-5942,2026,8,25,0
sen-5942,2026,9,24,0
sen-5953,2023,2,17,0
sen-5953,2023,3,15,0
sen-5953,2023,4,15,0
sen-5953,2023,5,18,0
sen-5953,2023,6,18,0
sen-5953,2023,7,18,0
sen-5953,2023,8,18,0
sen-5953,2023,9,16,0
sen-5953,2023,10,16,0
sen-5953,2023,11,16,0
sen-5953,2023,12,16,0
sen-5953,2024,1,16,0
sen-5953,2024,2,17,0
sen-5953,2024,3,17,0
sen-5953,2024,4,17,0
sen-5953,2024,5,18,0
sen-5953,2024,6,18,0
sen-5953,2024,7,20,0
sen-5953,2024,8,20,0
sen-5953,2024,9,21,0
sen-5953,2024,10,22,0
sen-5953,2024,11,23,0
sen-5953,2024,12,23,0
sen-5953,2025,1,23,0
sen-5953,2025,2,23,0
sen-5953,2025,3,23,0
sen-5953,2025,4,25,0
sen-5953,2025,5,26,0
sen-5953,2025,6,26,0
sen-5953,2025,7,25,0
sen-5953,2025,8,25,0
sen-5953,2025,9,25,0
sen-5953,2025,10,25,0
sen-5953,2025,11,26,0
sen-5953,2025,12,27,0
sen-5953,2026,1,27,0
sen-5953,2026,2,28,0
sen-5953,2026,3,30,0
sen-5953,2026,4,31,0
sen-5953,2026,5,32,0
sen-5953,2026,6,33,0
sen-5953,2026,7,33,0
sen-5953,2026,8,33,0
sen-5953,2026,9,30,0
sen-5959,2023,2,11,0
sen-5959,2023,3,13,0
sen-5959,2023,4,15,0
sen-5959,2023,5,16,0
sen-5959,2023,6,16,0
sen-5959,2023,7,16,0
sen-5959,2023,8,16,0
sen-5959,2023,9,15,0
sen-5959,2023,10,16,0
sen-5959,2023,11,16,0
sen-5959,2023,12,16,0
sen-5959,2024,1,15,0
sen-5959,2024,2,15,0
sen-5959,2024,3,15,0
sen-5959,2024,4,15,0
sen-5959,2024,5,15,0
sen-5959,2024,6,15,0
sen-5959,2024,7,15,0
sen-5959,2024,8,14,0
sen-5959,2024,9,14,0
sen-5959,2024,10,14,0
sen-5959,2024,11,14,0
sen-5959,2024,12,14,0
sen-5959,2025,1,14,0
sen-5959,2025,2,14,0
sen-5959,2025,3,14,0
sen-5959,2025,4,14,0
sen-5959,2025,5,15,0
sen-5959,2025,6,15,0
sen-5959,2025,7,16,0
sen-5959,2025,8,16,0
sen-5959,2025,9,16,0
sen-5959,2025,10,16,0
sen-5959,2025,11,16,0
sen-5959,2025,12,17,0
sen-5959,2026,1,17,0
sen-5959,2026,2,17,0
sen-5959,2026,3,17,0
sen-5959,2026,4,16,0
sen-5959,2026,5,16,0
sen-5959,2026,6,16,0
sen-5959,2026,7,16,0
sen-5959,2026,8,16,0
sen-5959,2026,9,16,0
sen-5967,2023,2,30,0
sen-5967,2023,3,31,0
sen-5967,2023,4,30,0
sen-5967,2023,5,31,0
sen-5967,2023,6,31,0
sen-5967,2023,7,31,0
sen-5967,2023,8,31,0
sen-5967,2023,9,31,0
sen-5967,2023,10,31,0
sen-5967,2023,11,31,0
sen-5967,2023,12,31,0
sen-5967,2024,1,32,0
sen-5967,2024,2,32,0
sen-5967,2024,3,32,0
sen-5967,2024,4,32,0
sen-5967,2024,5,32,0
sen-5967,2024,6,32,0
sen-5967,2024,7,34,0
sen-5967,2024,8,33,0
sen-5967,2024,9,32,0
sen-5967,2024,10,32,0
sen-5967,2024,11,32,0
sen-5967,2024,12,32,0
sen-5967,2025,1,32,0
sen-5967,2025,2,31,0
sen-5967,2025,3,32,0
sen-5967,2025,4,35,0
sen-5967,2025,5,34,0
sen-5967,2025,6,33,0
sen-5967,2025,7,33,0
sen-5967,2025,8,33,0
sen-5967,2025,9,33,0
sen-5967,2025,10,36,0
sen-5967,2025,11,35,0
sen-5967,2025,12,36,0
sen-5967,2026,1,37,0
sen-5967,2026,2,37,0
sen-5967,2026,3,37,0
sen-5967,2026,4,38,0
sen-5967,2026,5,37,0
sen-5967,2026,6,39,0
sen-5967,2026,7,39,0
sen-5967,2026,8,40,0
sen-5967,2026,9,40,0
sen-5973,2023,2,27,0
sen-5973,2023,3,27,0
sen-5973,2023,4,27,0
sen-5973,2023,5,27,0
sen-5973,2023,6,27,0
sen-5973,2023,7,27,0
sen-5973,2023,8,28,0
sen-5973,2023,9,31,0
sen-5973,2023,10,31,0
sen-5973,2023,11,31,0
sen-5973,2023,12,31,0
sen-5973,2024,1,31,0
sen-5973,2024,2,31,0
sen-5973,2024,3,31,0
sen-5973,2024,4,31,0
sen-5973,2024,5,34,0
sen-5973,2024,6,42,0
sen-5973,2024,7,42,0
sen-5973,2024,8,42,0
sen-5973,2024,9,42,0
sen-5973,2024,10,42,0
sen-5973,2024,11,42,0
sen-5973,2024,12,42,0
sen-5973,2025,1,42,0
sen-5973,2025,2,42,0
sen-5973,2025,3,38,0
sen-5973,2025,4,37,0
sen-5973,2025,5,38,0
sen-5973,2025,6,38,0
sen-5973,2025,7,39,0
sen-5973,2025,8,39,0
sen-5973,2025,9,39,0
sen-5973,2025,10,40,0
sen-5973,2025,11,40,0
sen-5973,2025,12,40,0
sen-5973,2026,1,40,0
sen-5973,2026,2,40,0
sen-5973,2026,3,40,0
sen-5973,2026,4,40,0
sen-5973,2026,5,42,0
sen-5973,2026,6,43,0
sen-5973,2026,7,45,0
sen-5973,2026,8,45,0
sen-5973,2026,9,44,0
sen-5974,2026,8,8,0
sen-5974,2026,9,8,0
sen-5976,2023,2,3,0
sen-5976,2023,3,4,0
sen-5976,2023,4,3,0
sen-5976,2023,5,3,0
sen-5976,2023,6,3,0
sen-5976,2023,7,4,0
sen-5976,2023,8,4,0
sen-5976,2023,9,4,0
sen-5976,2023,10,4,0
sen-5976,2023,11,5,0
sen-5976,2023,12,4,0
sen-5976,2024,1,4,0
sen-5976,2024,2,4,0
sen-5976,2024,3,4,0
sen-5976,2024,4,4,0
sen-5976,2024,5,3,0
sen-5976,2024,6,2,0
sen-5976,2024,7,2,0
sen-5976,2024,8,2,0
sen-5976,2024,9,2,0
sen-5976,2024,10,3,0
sen-5976,2024,11,3,0
sen-5976,2024,12,4,0
sen-5976,2025,1,4,0
sen-5976,2025,2,4,0
sen-5976,2025,3,4,0
sen-5976,2025,4,5,0
sen-5976,2025,5,5,0
sen-5976,2025,6,4,0
sen-5976,2025,7,4,0
sen-5976,2025,8,4,0
sen-5976,2025,9,4,0
sen-5976,2025,10,4,0
sen-5976,2025,11,5,0
sen-5976,2025,12,5,0
sen-5976,2026,1,6,0
sen-5976,2026,2,5,0
sen-5976,2026,3,4,0
sen-5976,2026,4,2,0
sen-5976,2026,5,2,0
sen-5976,2026,6,2,0
sen-5979,2023,2,39,0
sen-5979,2023,3,40,0
sen-5979,2023,4,43,0
sen-5979,2023,5,44,0
sen-5979,2023,6,45,0
sen-5979,2023,7,46,0
sen-5979,2023,8,47,0
sen-5979,2023,9,47,0
sen-5979,2023,10,49,0
sen-5979,2023,11,48,0
sen-5979,2023,12,48,0
sen-5979,2024,1,44,0
sen-5979,2024,2,43,0
sen-5979,2024,3,46,0
sen-5979,2024,4,49,0
sen-5979,2024,5,49,0
sen-5979,2024,6,48,0
sen-5979,2024,7,48,0
sen-5979,2024,8,48,0
sen-5979,2024,9,47,0
sen-5979,2024,10,47,0
sen-5979,2024,11,48,0
sen-5979,2024,12,48,0
sen-5979,2025,1,48,0
sen-5979,2025,2,48,0
sen-5979,2025,3,46,0
sen-5979,2025,4,46,0
sen-5979,2025,5,46,0
sen-5979,2025,6,48,0
sen-5979,2025,7,49,0
sen-5979,2025,8,49,0
sen-5979,2025,9,47,0
sen-5979,2025,10,48,0
sen-5979,2025,11,47,0
sen-5979,2025,12,47,0
sen-5979,2026,1,44,0
sen-5979,2026,2,46,0
sen-5979,2026,3,48,0
sen-5979,2026,4,48,0
sen-5979,2026,5,48,0
sen-5979,2026,6,48,0
sen-5979,2026,7,48,0
sen-5979,2026,8,46,0
sen-5979,2026,9,42,0
sen-5982,2023,2,20,0
sen-5982,2023,3,22,0
sen-5982,2023,4,24,0
sen-5982,2023,5,24,0
sen-5982,2023,6,26,0
sen-5982,2023,7,26,0
sen-5982,2023,8,27,0
sen-5982,2023,9,27,0
sen-5982,2023,10,26,0
sen-5982,2023,11,26,0
sen-5982,2023,12,26,0
sen-5982,2024,1,27,0
sen-5982,2024,2,27,0
sen-5982,2024,3,27,0
sen-5982,2024,4,27,0
sen-5982,2024,5,26,0
sen-5982,2024,6,31,0
sen-5982,2024,7,29,0
sen-5982,2024,8,30,0
sen-5982,2024,9,30,0
sen-5982,2024,10,35,0
sen-5982,2024,11,33,0
sen-5982,2024,12,33,0
sen-5982,2025,1,31,0
sen-5982,2025,2,29,0
sen-5982,2025,3,30,0
sen-5982,2025,4,31,0
sen-5982,2025,5,31,0
sen-5982,2025,6,31,0
sen-5982,2025,7,30,0
sen-5982,2025,8,32,0
sen-5982,2025,9,32,0
sen-5982,2025,10,31,0
sen-5982,2025,11,31,0
sen-5982,2025,12,31,0
sen-5982,2026,1,32,0
sen-5982,2026,2,32,0
sen-5982,2026,3,33,0
sen-5982,2026,4,32,0
sen-5982,2026,5,32,0
sen-5982,2026,6,33,0
sen-5982,2026,7,34,0
sen-5982,2026,8,33,0
sen-5982,2026,9,34,0
sen-5985,2023,2,52,0
sen-5985,2023,3,52,0
sen-5985,2023,4,52,0
sen-5985,2023,5,54,0
sen-5985,2023,6,56,0
sen-5985,2023,7,54,0
sen-5985,2023,8,54,0
sen-5985,2023,9,54,0
sen-5985,2023,10,55,0
sen-5985,2023,11,54,0
sen-5985,2023,12,55,0
sen-5985,2024,1,55,0
sen-5985,2024,2,56,0
sen-5985,2024,3,56,0
sen-5985,2024,4,57,0
sen-5985,2024,5,55,0
sen-5985,2024,6,55,0
sen-5985,2024,7,55,0
sen-5985,2024,8,55,0
sen-5985,2024,9,55,0
sen-5985,2024,10,57,0
sen-5985,2024,11,57,0
sen-5985,2024,12,56,0
sen-5985,2025,1,56,0
sen-5985,2025,2,56,0
sen-5985,2025,3,53,0
sen-5985,2025,4,57,0
sen-5985,2025,5,65,0
sen-5985,2025,6,66,0
sen-5985,2025,7,70,0
sen-5985,2025,8,70,0
sen-5985,2025,9,70,0
sen-5985,2025,10,70,0
sen-5985,2025,11,69,0
sen-5985,2025,12,69,0
sen-5985,2026,1,69,0
sen-5985,2026,2,69,0
sen-5985,2026,3,74,0
sen-5985,2026,4,75,0
sen-5985,2026,5,76,0
sen-5985,2026,6,78,0
sen-5985,2026,7,79,0
sen-5985,2026,8,80,0
sen-5985,2026,9,81,0
sen-5988,2023,2,18,0
sen-5988,2023,3,19,0
sen-5988,2023,4,21,0
sen-5988,2023,5,20,0
sen-5988,2023,6,21,0
sen-5988,2023,7,21,0
sen-5988,2023,8,22,0
sen-5988,2023,9,22,0
sen-5988,2023,10,23,0
sen-5988,2023,11,23,0
sen-5988,2023,12,22,0
sen-5988,2024,1,22,0
sen-5988,2024,2,21,0
sen-5988,2024,3,22,0
sen-5988,2024,4,22,0
sen-5988,2024,5,22,0
sen-5988,2024,6,23,0
sen-5988,2024,7,21,0
sen-5988,2024,8,22,0
sen-5988,2024,9,22,0
sen-5988,2024,10,22,0
sen-5988,2024,11,22,0
sen-5988,2024,12,21,0
sen-5988,2025,1,22,0
sen-5988,2025,2,21,0
sen-5988,2025,3,22,0
sen-5988,2025,4,25,0
sen-5988,2025,5,29,0
sen-5988,2025,6,32,0
sen-5988,2025,7,34,0
sen-5988,2025,8,43,0
sen-5988,2025,9,42,0
sen-5988,2025,10,44,0
sen-5988,2025,11,42,0
sen-5988,2025,12,42,0
sen-5988,2026,1,43,0
sen-5988,2026,2,46,0
sen-5988,2026,3,46,0
sen-5988,2026,4,45,0
sen-5988,2026,5,46,0
sen-5988,2026,6,50,0
sen-5988,2026,7,51,0
sen-5988,2026,8,50,0
sen-5988,2026,9,49,0
sen-5990,2023,2,30,0
sen-5990,2023,3,30,0
sen-5990,2023,4,33,0
sen-5990,2023,5,31,0
sen-5990,2023,6,34,0
sen-5990,2023,7,32,0
sen-5990,2023,8,33,0
sen-5990,2023,9,33,0
sen-5990,2023,10,33,0
sen-5990,2023,11,32,0
sen-5990,2023,12,32,0
sen-5990,2024,1,32,0
sen-5990,2024,2,32,0
sen-5990,2024,3,33,0
sen-5990,2024,4,35,0
sen-5990,2024,5,34,0
sen-5990,2024,6,33,0
sen-5990,2024,7,32,0
sen-5990,2024,8,31,0
sen-5990,2024,9,32,0
sen-5990,2024,10,32,0
sen-5990,2024,11,32,0
sen-5990,2024,12,32,0
sen-5990,2025,1,36,0
sen-5990,2025,2,39,0
sen-5990,2025,3,39,0
sen-5990,2025,4,40,0
sen-5990,2025,5,40,0
sen-5990,2025,6,41,0
sen-5990,2025,7,38,0
sen-5990,2025,8,39,0
sen-5990,2025,9,40,0
sen-5990,2025,10,39,0
sen-5990,2025,11,39,0
sen-5990,2025,12,39,0
sen-5990,2026,1,37,0
sen-5990,2026,2,37,0
sen-5990,2026,3,37,0
sen-5990,2026,4,38,0
sen-5990,2026,5,35,0
sen-5990,2026,6,31,0
sen-5990,2026,7,33,0
sen-5990,2026,8,33,0
sen-5990,2026,9,30,0
sen-5991,2024,7,4,0
sen-5991,2024,8,5,0
sen-5991,2024,9,4,0
sen-5991,2024,10,3,0
sen-5991,2024,11,2,0
sen-5998,2023,2,25,0
sen-5998,2023,3,24,0
sen-5998,2023,4,25,0
sen-5998,2023,5,24,0
sen-5998,2023,6,24,0
sen-5998,2023,7,25,0
sen-5998,2023,8,25,0
sen-5998,2023,9,26,0
sen-5998,2023,10,26,0
sen-5998,2023,11,27,0
sen-5998,2023,12,27,0
sen-5998,2024,1,28,0
sen-5998,2024,2,28,0
sen-5998,2024,3,29,0
sen-5998,2024,4,29,0
sen-5998,2024,5,29,0
sen-5998,2024,6,29,0
sen-5998,2024,7,29,0
sen-5998,2024,8,27,0
sen-5998,2024,9,27,0
sen-5998,2024,10,28,0
sen-5998,2024,11,28,0
sen-5998,2024,12,28,0
sen-5998,2025,1,28,0
sen-5998,2025,2,28,0
sen-5998,2025,3,29,0
sen-5998,2025,4,31,0
sen-5998,2025,5,34,0
sen-5998,2025,6,34,0
sen-5998,2025,7,36,0
sen-5998,2025,8,36,0
sen-5998,2025,9,36,0
sen-5998,2025,10,36,0
sen-5998,2025,11,37,0
sen-5998,2025,12,36,0
sen-5998,2026,1,36,0
sen-5998,2026,2,36,0
sen-5998,2026,3,36,0
sen-5998,2026,4,36,0
sen-5998,2026,5,36,0
sen-5998,2026,6,37,0
sen-5998,2026,7,37,0
sen-5998,2026,8,37,0
sen-5998,2026,9,37,0
sen-6008,2023,2,5,0
sen-6008,2023,3,5,0
sen-6008,2023,4,5,0
sen-6008,2023,5,4,0
sen-6008,2023,6,5,0
sen-6008,2023,7,5,0
sen-6008,2023,8,5,0
sen-6008,2023,9,5,0
sen-6008,2023,10,5,0
sen-6008,2023,11,6,0
sen-6008,2023,12,6,0
sen-6008,2024,1,6,0
sen-6008,2024,2,5,0
sen-6008,2024,3,5,0
sen-6008,2024,4,5,0
sen-6008,2024,5,6,0
sen-6008,2024,6,6,0
sen-6008,2024,7,5,0
sen-6008,2024,8,5,0
sen-6008,2024,9,5,0
sen-6008,2024,10,5,0
sen-6008,2024,11,5,0
sen-6008,2024,12,5,0
sen-6008,2025,1,5,0
sen-6008,2025,2,5,0
sen-6008,2025,3,5,0
sen-6008,2025,4,5,0
sen-6008,2025,5,5,0
sen-6008,2025,6,5,0
sen-6008,2025,7,5,0
sen-6008,2025,8,5,0
sen-6008,2025,9,5,0
sen-6008,2025,10,5,0
sen-6008,2025,11,5,0
sen-6008,2025,12,5,0
sen-6008,2026,1,5,0
sen-6008,2026,2,5,0
sen-6008,2026,3,5,0
sen-6008,2026,4,5,0
sen-6008,2026,5,6,0
sen-6008,2026,6,5,0
sen-6008,2026,7,6,0
sen-6008,2026,8,6,0
sen-6008,2026,9,6,0
sen-6009,2023,2,14,0
sen-6009,2023,3,16,0
sen-6009,2023,4,17,0
sen-6009,2023,5,18,0
sen-6009,2023,6,18,0
sen-6009,2023,7,18,0
sen-6009,2023,8,18,0
sen-6009,2023,9,18,0
sen-6009,2023,10,18,0
sen-6009,2023,11,17,0
sen-6009,2023,12,17,0
sen-6009,2024,1,16,0
sen-6009,2024,2,16,0
sen-6009,2024,3,17,0
sen-6009,2024,4,17,0
sen-6009,2024,5,17,0
sen-6009,2024,6,17,0
sen-6009,2024,7,17,0
sen-6009,2024,8,17,0
sen-6009,2024,9,18,0
sen-6009,2024,10,19,0
sen-6009,2024,11,20,0
sen-6009,2024,12,20,0
sen-6009,2025,1,19,0
sen-6009,2025,2,20,0
sen-6009,2025,3,19,0
sen-6009,2025,4,19,0
sen-6009,2025,5,18,0
sen-6009,2025,6,18,0
sen-6009,2025,7,19,0
sen-6009,2025,8,19,0
sen-6009,2025,9,19,0
sen-6009,2025,10,19,0
sen-6009,2025,11,19,0
sen-6009,2025,12,19,0
sen-6009,2026,1,19,0
sen-6009,2026,2,19,0
sen-6009,2026,3,19,0
sen-6009,2026,4,19,0
sen-6009,2026,5,20,0
sen-6009,2026,6,19,0
sen-6009,2026,7,19,0
sen-6009,2026,8,20,0
sen-6009,2026,9,20,0
sen-6010,2023,2,22,0
sen-6010,2023,3,26,0
sen-6010,2023,4,31,0
sen-6010,2023,5,31,0
sen-6010,2023,6,33,0
sen-6010,2023,7,33,0
sen-6010,2023,8,33,0
sen-6010,2023,9,33,0
sen-6010,2023,10,33,0
sen-6010,2023,11,33,0
sen-6010,2023,12,33,0
sen-6010,2024,1,33,0
sen-6010,2024,2,33,0
sen-6010,2024,3,33,0
sen-6010,2024,4,33,0
sen-6010,2024,5,33,0
sen-6010,2024,6,33,0
sen-6010,2024,7,33,0
sen-6010,2024,8,34,0
sen-6010,2024,9,34,0
sen-6010,2024,10,34,0
sen-6010,2024,11,34,0
sen-6010,2024,12,34,0
sen-6010,2025,1,35,0
sen-6010,2025,2,36,0
sen-6010,2025,3,35,0
sen-6010,2025,4,35,0
sen-6010,2025,5,35,0
sen-6010,2025,6,35,0
sen-6010,2025,7,35,0
sen-6010,2025,8,35,0
sen-6010,2025,9,34,0
sen-6010,2025,10,34,0
sen-6010,2025,11,34,0
sen-6010,2025,12,34,0
sen-6010,2026,1,34,0
sen-6010,2026,2,34,0
sen-6010,2026,3,34,0
sen-6010,2026,4,34,0
sen-6010,2026,5,34,0
sen-6010,2026,6,34,0
sen-6010,2026,7,34,0
sen-6010,2026,8,34,0
sen-6010,2026,9,34,0
sen-6011,2024,8,1,0
sen-6011,2024,9,1,0
sen-6011,2024,10,1,0
sen-6011,2024,11,1,0
sen-6025,2026,3,14,0
sen-6025,2026,4,14,0
sen-6025,2026,5,12,0
sen-6025,2026,6,15,0
sen-6025,2026,7,15,0
sen-6025,2026,8,15,0
sen-6025,2026,9,15,0
sen-6027,2023,2,17,0
sen-6027,2023,3,17,0
sen-6027,2023,4,16,0
sen-6027,2023,5,16,0
sen-6027,2023,6,15,0
sen-6027,2023,7,15,0
sen-6027,2023,8,15,0
sen-6027,2023,9,15,0
sen-6027,2023,10,15,0
sen-6027,2023,11,15,0
sen-6027,2023,12,14,0
sen-6027,2024,1,13,0
sen-6027,2024,2,12,0
sen-6027,2024,3,11,0
sen-6027,2024,4,13,0
sen-6027,2024,5,11,0
sen-6027,2024,6,11,0
sen-6027,2024,7,9,0
sen-6027,2024,8,7,0
sen-6027,2024,9,7,0
sen-6027,2024,10,7,0
sen-6027,2024,11,5,0
sen-6027,2024,12,4,0
sen-6027,2025,1,4,0
sen-6027,2025,2,4,0
sen-6027,2025,3,3,0
sen-6027,2025,4,2,0
sen-6027,2025,5,2,0
sen-6027,2025,6,1,0
sen-6027,2025,7,2,0
sen-6027,2025,8,2,0
sen-6027,2025,9,2,0
sen-6027,2025,10,2,0
sen-6027,2025,11,2,0
sen-6027,2025,12,1,0
sen-6027,2026,1,1,0
sen-6027,2026,2,1,0
sen-6027,2026,3,1,0
sen-6295,2023,2,7,0
sen-6295,2023,3,8,0
sen-6295,2023,4,8,0
sen-6295,2023,5,9,0
sen-6295,2023,6,9,0
sen-6295,2023,7,9,0
sen-6295,2023,8,9,0
sen-6295,2023,9,9,0
sen-6295,2023,10,9,0
sen-6295,2023,11,9,0
sen-6295,2023,12,10,0
sen-6295,2024,1,10,0
sen-6295,2024,2,10,0
sen-6295,2024,3,10,0
sen-6295,2024,4,10,0
sen-6295,2024,5,10,0
sen-6295,2024,6,10,0
sen-6295,2024,7,10,0
sen-6295,2024,8,10,0
sen-6295,2024,9,10,0
sen-6295,2024,10,10,0
sen-6295,2024,11,10,0
sen-6295,2024,12,10,0
sen-6295,2025,1,10,0
sen-6295,2025,2,10,0
sen-6295,2025,3,10,0
sen-6295,2025,4,10,0
sen-6295,2025,5,10,0
sen-6295,2025,6,10,0
sen-6295,2025,7,10,0
sen-6295,2025,8,11,0
sen-6295,2025,9,12,0
sen-6295,2025,10,15,0
sen-6295,2025,11,19,0
sen-6295,2025,12,20,0
sen-6295,2026,1,23,0
sen-6295,2026,2,24,0
sen-6295,2026,3,25,0
sen-6295,2026,4,26,0
sen-6295,2026,5,25,0
sen-6295,2026,6,25,0
sen-6295,2026,7,26,0
sen-6295,2026,8,26,0
sen-6295,2026,9,24,0
sen-6304,2023,2,3,0
sen-6304,2023,3,2,0
sen-6304,2023,4,1,0
sen-6304,2023,5,1,0
sen-6304,2023,6,1,0
sen-6304,2023,7,1,0
sen-6304,2023,8,1,0
sen-6304,2023,9,1,0
sen-6304,2023,10,1,0
sen-6304,2023,11,1,0
sen-6304,2023,12,1,0
sen-6304,2025,9,1,0
sen-6304,2025,10,2,0
sen-6304,2025,11,3,0
sen-6304,2025,12,3,0
sen-6304,2026,1,3,0
sen-6304,2026,2,3,0
sen-6305,2025,10,2,0
sen-6305,2025,11,1,0
sen-6305,2025,12,1,0
sen-6305,2026,1,1,0
sen-631,2023,2,6,0
sen-631,2023,3,9,0
sen-631,2023,4,9,0
sen-631,2023,5,11,0
sen-631,2023,6,11,0
sen-631,2023,7,11,0
sen-631,2023,8,12,0
sen-631,2023,9,12,0
sen-631,2023,10,12,0
sen-631,2023,11,12,0
sen-631,2023,12,12,0
sen-631,2024,1,12,0
sen-631,2024,2,12,0
sen-631,2024,3,12,0
sen-631,2024,4,12,0
sen-631,2024,5,12,0
sen-631,2024,6,12,0
sen-631,2024,7,13,0
sen-631,2024,8,12,0
sen-631,2024,9,12,0
sen-631,2024,10,12,0
sen-631,2024,11,12,0
sen-631,2024,12,12,0
sen-631,2025,1,14,0
sen-631,2025,2,14,0
sen-631,2025,3,14,0
sen-631,2025,4,14,0
sen-631,2025,5,15,0
sen-631,2025,6,15,0
sen-631,2025,7,15,0
sen-631,2025,8,15,0
sen-631,2025,9,15,0
sen-631,2025,10,15,0
sen-631,2025,11,15,0
sen-631,2025,12,15,0
sen-631,2026,1,15,0
sen-631,2026,2,15,0
sen-631,2026,3,15,0
sen-631,2026,4,15,0
sen-631,2026,5,15,0
sen-631,2026,6,15,0
sen-631,2026,7,15,0
sen-631,2026,8,15,0
sen-631,2026,9,15,0
sen-6331,2023,2,6,0
sen-6331,2023,3,8,0
sen-6331,2023,4,9,0
sen-6331,2023,5,9,0
sen-6331,2023,6,9,0
sen-6331,2023,7,9,0
sen-6331,2023,8,9,0
sen-6331,2023,9,9,0
sen-6331,2023,10,9,0
sen-6331,2023,11,9,0
sen-6331,2023,12,9,0
sen-6331,2024,1,9,0
sen-6331,2024,2,9,0
sen-6331,2024,3,9,0
sen-6331,2024,4,9,0
sen-6331,2024,5,10,0
sen-6331,2024,6,10,0
sen-6331,2024,7,10,0
sen-6331,2024,8,10,0
sen-6331,2024,9,10,0
sen-6331,2024,10,10,0
sen-6331,2024,11,10,0
sen-6331,2024,12,10,0
sen-6331,2025,1,10,0
sen-6331,2025,2,10,0
sen-6331,2025,3,10,0
sen-6331,2025,4,10,0
sen-6331,2025,5,10,0
sen-6331,2025,6,10,0
sen-6331,2025,7,10,0
sen-6331,2025,8,10,0
sen-6331,2025,9,10,0
sen-6331,2025,10,10,0
sen-6331,2025,11,10,0
sen-6331,2025,12,11,0
sen-6331,2026,1,11,0
sen-6331,2026,2,11,0
sen-6331,2026,3,11,0
sen-6331,2026,4,11,0
sen-6331,2026,5,11,0
sen-6331,2026,6,11,0
sen-6331,2026,7,11,0
sen-6331,2026,8,11,0
sen-6331,2026,9,10,0
sen-6335,2023,2,8,0
sen-6335,2023,3,16,0
sen-6335,2023,4,24,0
sen-6335,2023,5,26,0
sen-6335,2023,6,27,0
sen-6335,2023,7,25,0
sen-6335,2023,8,26,0
sen-6335,2023,9,25,0
sen-6335,2023,10,24,0
sen-6335,2023,11,24,0
sen-6335,2023,12,25,0
sen-6335,2024,1,25,0
sen-6335,2024,2,25,0
sen-6335,2024,3,25,0
sen-6335,2024,4,26,0
sen-6335,2024,5,24,0
sen-6335,2024,6,24,0
sen-6335,2024,7,24,0
sen-6335,2024,8,24,0
sen-6335,2024,9,24,0
sen-6335,2024,10,24,0
sen-6335,2024,11,24,0
sen-6335,2024,12,24,0
sen-6335,2025,1,26,0
sen-6335,2025,2,27,0
sen-6335,2025,3,26,0
sen-6335,2025,4,26,0
sen-6335,2025,5,27,0
sen-6335,2025,6,27,0
sen-6335,2025,7,25,0
sen-6335,2025,8,25,0
sen-6335,2025,9,26,0
sen-6335,2025,10,26,0
sen-6335,2025,11,26,0
sen-6335,2025,12,26,0
sen-6335,2026,1,26,0
sen-6335,2026,2,26,0
sen-6335,2026,3,26,0
sen-6335,2026,4,27,0
sen-6335,2026,5,27,0
sen-6335,2026,6,26,0
sen-6335,2026,7,26,0
sen-6335,2026,8,26,0
sen-6335,2026,9,26,0
sen-6336,2023,2,11,0
sen-6336,2023,3,14,0
sen-6336,2023,4,15,0
sen-6336,2023,5,16,0
sen-6336,2023,6,16,0
sen-6336,2023,7,16,0
sen-6336,2023,8,16,0
sen-6336,2023,9,16,0
sen-6336,2023,10,16,0
sen-6336,2023,11,16,0
sen-6336,2023,12,16,0
sen-6336,2024,1,16,0
sen-6336,2024,2,16,0
sen-6336,2024,3,16,0
sen-6336,2024,4,16,0
sen-6336,2024,5,16,0
sen-6336,2024,6,16,0
sen-6336,2024,7,16,0
sen-6336,2024,8,16,0
sen-6336,2024,9,16,0
sen-6336,2024,10,16,0
sen-6336,2024,11,16,0
sen-6336,2024,12,16,0
sen-6336,2025,1,16,0
sen-6336,2025,2,16,0
sen-6336,2025,3,16,0
sen-6336,2025,4,17,0
sen-6336,2025,5,17,0
sen-6336,2025,6,17,0
sen-6336,2025,7,17,0
sen-6336,2025,8,17,0
sen-6336,2025,9,17,0
sen-6336,2025,10,19,0
sen-6336,2025,11,21,0
sen-6336,2025,12,22,0
sen-6336,2026,1,22,0
sen-6336,2026,2,22,0
sen-6336,2026,3,23,0
sen-6336,2026,4,23,0
sen-6336,2026,5,29,0
sen-6336,2026,6,26,0
sen-6336,2026,7,27,0
sen-6336,2026,8,28,0
sen-6336,2026,9,28,0
sen-6337,2023,2,14,0
sen-6337,2023,3,15,0
sen-6337,2023,4,16,0
sen-6337,2023,5,17,0
sen-6337,2023,6,17,0
sen-6337,2023,7,17,0
sen-6337,2023,8,17,0
sen-6337,2023,9,18,0
sen-6337,2023,10,18,0
sen-6337,2023,11,18,0
sen-6337,2023,12,18,0
sen-6337,2024,1,18,0
sen-6337,2024,2,18,0
sen-6337,2024,3,18,0
sen-6337,2024,4,18,0
sen-6337,2024,5,18,0
sen-6337,2024,6,19,0
sen-6337,2024,7,19,0
sen-6337,2024,8,19,0
sen-6337,2024,9,19,0
sen-6337,2024,10,19,0
sen-6337,2024,11,19,0
sen-6337,2024,12,19,0
sen-6337,2025,1,19,0
sen-6337,2025,2,19,0
sen-6337,2025,3,19,0
sen-6337,2025,4,19,0
sen-6337,2025,5,18,0
sen-6337,2025,6,19,0
sen-6337,2025,7,19,0
sen-6337,2025,8,19,0
sen-6337,2025,9,19,0
sen-6337,2025,10,20,0
sen-6337,2025,11,20,0
sen-6337,2025,12,20,0
sen-6337,2026,1,20,0
sen-6337,2026,2,20,0
sen-6337,2026,3,20,0
sen-6337,2026,4,20,0
sen-6337,2026,5,20,0
sen-6337,2026,6,20,0
sen-6337,2026,7,20,0
sen-6337,2026,8,20,0
sen-6337,2026,9,20,0
sen-6338,2023,2,8,0
sen-6338,2023,3,10,0
sen-6338,2023,4,11,0
sen-6338,2023,5,11,0
sen-6338,2023,6,11,0
sen-6338,2023,7,11,0
sen-6338,2023,8,11,0
sen-6338,2023,9,11,0
sen-6338,2023,10,11,0
sen-6338,2023,11,11,0
sen-6338,2023,12,11,0
sen-6338,2024,1,11,0
sen-6338,2024,2,11,0
sen-6338,2024,3,11,0
sen-6338,2024,4,11,0
sen-6338,2024,5,11,0
sen-6338,2024,6,11,0
sen-6338,2024,7,10,0
sen-6338,2024,8,11,0
sen-6338,2024,9,11,0
sen-6338,2024,10,11,0
sen-6338,2024,11,10,0
sen-6338,2024,12,11,0
sen-6338,2025,1,10,0
sen-6338,2025,2,11,0
sen-6338,2025,3,12,0
sen-6338,2025,4,12,0
sen-6338,2025,5,12,0
sen-6338,2025,6,12,0
sen-6338,2025,7,12,0
sen-6338,2025,8,12,0
sen-6338,2025,9,12,0
sen-6338,2025,10,12,0
sen-6338,2025,11,12,0
sen-6338,2025,12,12,0
sen-6338,2026,1,12,0
sen-6338,2026,2,12,0
sen-6338,2026,3,12,0
sen-6338,2026,4,12,0
sen-6338,2026,5,12,0
sen-6338,2026,6,12,0
sen-6338,2026,7,12,0
sen-6338,2026,8,13,0
sen-6338,2026,9,13,0
sen-6340,2023,2,6,0
sen-6340,2023,3,19,0
sen-6340,2023,4,22,0
sen-6340,2023,5,25,0
sen-6340,2023,6,28,0
sen-6340,2023,7,25,0
sen-6340,2023,8,25,0
sen-6340,2023,9,25,0
sen-6340,2023,10,27,0
sen-6340,2023,11,27,0
sen-6340,2023,12,27,0
sen-6340,2024,1,27,0
sen-6340,2024,2,28,0
sen-6340,2024,3,29,0
sen-6340,2024,4,31,0
sen-6340,2024,5,30,0
sen-6340,2024,6,30,0
sen-6340,2024,7,31,0
sen-6340,2024,8,31,0
sen-6340,2024,9,32,0
sen-6340,2024,10,31,0
sen-6340,2024,11,30,0
sen-6340,2024,12,32,0
sen-6340,2025,1,31,0
sen-6340,2025,2,30,0
sen-6340,2025,3,32,0
sen-6340,2025,4,33,0
sen-6340,2025,5,34,0
sen-6340,2025,6,33,0
sen-6340,2025,7,35,0
sen-6340,2025,8,35,0
sen-6340,2025,9,35,0
sen-6340,2025,10,35,0
sen-6340,2025,11,34,0
sen-6340,2025,12,34,0
sen-6340,2026,1,34,0
sen-6340,2026,2,34,0
sen-6340,2026,3,33,0
sen-6340,2026,4,33,0
sen-6340,2026,5,34,0
sen-6340,2026,6,34,0
sen-6340,2026,7,36,0
sen-6340,2026,8,36,0
sen-6340,2026,9,37,0
sen-6341,2023,2,13,0
sen-6341,2023,3,15,0
sen-6341,2023,4,15,0
sen-6341,2023,5,16,0
sen-6341,2023,6,16,0
sen-6341,2023,7,16,0
sen-6341,2023,8,16,0
sen-6341,2023,9,16,0
sen-6341,2023,10,16,0
sen-6341,2023,11,16,0
sen-6341,2023,12,16,0
sen-6341,2024,1,16,0
sen-6341,2024,2,16,0
sen-6341,2024,3,16,0
sen-6341,2024,4,16,0
sen-6341,2024,5,16,0
sen-6341,2024,6,16,0
sen-6341,2024,7,16,0
sen-6341,2024,8,16,0
sen-6341,2024,9,16,0
sen-6341,2024,10,16,0
sen-6341,2024,11,16,0
sen-6341,2024,12,16,0
sen-6341,2025,1,16,0
sen-6341,2025,2,16,0
sen-6341,2025,3,16,0
sen-6341,2025,4,16,0
sen-6341,2025,5,16,0
sen-6341,2025,6,16,0
sen-6341,2025,7,17,0
sen-6341,2025,8,17,0
sen-6341,2025,9,17,0
sen-6341,2025,10,18,0
sen-6341,2025,11,18,0
sen-6341,2025,12,18,0
sen-6341,2026,1,18,0
sen-6341,2026,2,18,0
sen-6341,2026,3,18,0
sen-6341,2026,4,18,0
sen-6341,2026,5,18,0
sen-6341,2026,6,18,0
sen-6341,2026,7,18,0
sen-6341,2026,8,18,0
sen-6341,2026,9,18,0
sen-6342,2023,2,11,0
sen-6342,2023,3,15,0
sen-6342,2023,4,13,0
sen-6342,2023,5,13,0
sen-6342,2023,6,13,0
sen-6342,2023,7,14,0
sen-6342,2023,8,12,0
sen-6342,2023,9,13,0
sen-6342,2023,10,14,0
sen-6342,2023,11,16,0
sen-6342,2023,12,18,0
sen-6342,2024,1,18,0
sen-6342,2024,2,17,0
sen-6342,2024,3,17,0
sen-6342,2024,4,19,0
sen-6342,2024,5,17,0
sen-6342,2024,6,17,0
sen-6342,2024,7,19,0
sen-6342,2024,8,19,0
sen-6342,2024,9,19,0
sen-6342,2024,10,19,0
sen-6342,2024,11,16,0
sen-6342,2024,12,16,0
sen-6342,2025,1,16,0
sen-6342,2025,2,16,0
sen-6342,2025,3,15,0
sen-6342,2025,4,15,0
sen-6342,2025,5,16,0
sen-6342,2025,6,16,0
sen-6342,2025,7,16,0
sen-6342,2025,8,16,0
sen-6342,2025,9,15,0
sen-6342,2025,10,15,0
sen-6342,2025,11,15,0
sen-6342,2025,12,16,0
sen-6342,2026,1,15,0
sen-6342,2026,2,15,0
sen-6342,2026,3,16,0
sen-6342,2026,4,18,0
sen-6342,2026,5,18,0
sen-6342,2026,6,18,0
sen-6342,2026,7,19,0
sen-6342,2026,8,19,0
sen-6342,2026,9,19,0
sen-6345,2023,2,2,0
sen-6345,2023,3,2,0
sen-6345,2023,4,2,0
sen-6345,2023,5,2,0
sen-6345,2023,6,2,0
sen-6345,2023,7,2,0
sen-6345,2023,8,2,0
sen-6345,2023,9,2,0
sen-6345,2023,10,2,0
sen-6345,2023,11,2,0
sen-6345,2023,12,2,0
sen-6345,2024,1,2,0
sen-6345,2024,2,2,0
sen-6345,2024,3,2,0
sen-6345,2024,4,2,0
sen-6345,2024,5,2,0
sen-6345,2024,6,2,0
sen-6345,2024,7,2,0
sen-6345,2024,8,2,0
sen-6345,2024,9,2,0
sen-6345,2024,10,2,0
sen-6345,2024,11,2,0
sen-6345,2024,12,2,0
sen-6345,2025,1,2,0
sen-6345,2025,2,2,0
sen-6345,2025,3,2,0
sen-6345,2025,4,1,0
sen-6345,2025,5,1,0
sen-6345,2025,6,1,0
sen-6345,2025,7,1,0
sen-6345,2025,8,1,0
sen-6345,2025,9,1,0
sen-6345,2025,10,1,0
sen-6350,2025,2,1,0
sen-6350,2025,3,1,0
sen-6350,2025,4,1,0
sen-6350,2025,5,1,0
sen-6350,2025,6,1,0
sen-6350,2025,7,1,0
sen-6350,2025,8,1,0
sen-6350,2025,9,1,0
sen-6350,2025,10,1,0
sen-6350,2025,11,1,0
sen-6350,2025,12,1,0
sen-6351,2024,4,1,0
sen-6351,2024,5,1,0
sen-6351,2024,6,1,0
sen-6351,2024,7,1,0
sen-6358,2023,2,4,0
sen-6358,2023,3,6,0
sen-6358,2023,4,7,0
sen-6358,2023,5,8,0
sen-6358,2023,6,9,0
sen-6358,2023,7,9,0
sen-6358,2023,8,9,0
sen-6358,2023,9,9,0
sen-6358,2023,10,11,0
sen-6358,2023,11,11,0
sen-6358,2023,12,11,0
sen-6358,2024,1,11,0
sen-6358,2024,2,11,0
sen-6358,2024,3,11,0
sen-6358,2024,4,11,0
sen-6358,2024,5,2,0
sen-6358,2024,6,3,0
sen-6358,2024,7,2,0
sen-6358,2024,8,2,0
sen-6358,2024,9,2,0
sen-6358,2024,10,2,0
sen-6358,2024,11,2,0
sen-6358,2024,12,2,0
sen-6358,2025,1,2,0
sen-6358,2025,2,2,0
sen-6358,2025,3,2,0
sen-6358,2025,4,3,0
sen-6358,2025,5,2,0
sen-6358,2025,6,3,0
sen-6358,2025,7,3,0
sen-6358,2025,8,3,0
sen-6358,2025,9,3,0
sen-6358,2025,10,3,0
sen-6358,2025,11,3,0
sen-6358,2025,12,3,0
sen-6358,2026,1,2,0
sen-6358,2026,2,1,0
sen-6358,2026,3,1,0
sen-6358,2026,4,1,0
sen-6358,2026,5,1,0
sen-6358,2026,6,1,0
sen-6359,2026,8,12,0
sen-6359,2026,9,12,0
sen-6362,2023,7,3,0
sen-6362,2023,8,2,0
sen-6362,2023,9,1,0
sen-6362,2023,10,1,0
sen-6363,2024,6,1,0
sen-6363,2024,7,1,0
sen-6369,2023,2,11,0
sen-6369,2023,3,28,0
sen-6369,2023,4,29,0
sen-6369,2023,5,32,0
sen-6369,2023,6,35,0
sen-6369,2023,7,36,0
sen-6369,2023,8,37,0
sen-6369,2023,9,37,0
sen-6369,2023,10,37,0
sen-6369,2023,11,37,0
sen-6369,2023,12,37,0
sen-6369,2024,1,37,0
sen-6369,2024,2,36,0
sen-6369,2024,3,37,0
sen-6369,2024,4,38,0
sen-6369,2024,5,37,0
sen-6369,2024,6,37,0
sen-6369,2024,7,37,0
sen-6369,2024,8,37,0
sen-6369,2024,9,37,0
sen-6369,2024,10,37,0
sen-6369,2024,11,37,0
sen-6369,2024,12,37,0
sen-6369,2025,1,37,0
sen-6369,2025,2,37,0
sen-6369,2025,3,37,0
sen-6369,2025,4,37,0
sen-6369,2025,5,37,0
sen-6369,2025,6,37,0
sen-6369,2025,7,38,0
sen-6369,2025,8,38,0
sen-6369,2025,9,38,0
sen-6369,2025,10,38,0
sen-6369,2025,11,38,0
sen-6369,2025,12,38,0
sen-6369,2026,1,38,0
sen-6369,2026,2,38,0
sen-6369,2026,3,38,0
sen-6369,2026,4,38,0
sen-6369,2026,5,37,0
sen-6369,2026,6,37,0
sen-6369,2026,7,37,0
sen-6369,2026,8,37,0
sen-6369,2026,9,37,0
sen-6374,2024,6,1,0
sen-6374,2024,7,1,0
sen-6374,2024,8,1,0
sen-6374,2024,9,1,0
sen-6374,2024,10,1,0
sen-6381,2026,5,2,0
sen-6381,2026,6,2,0
sen-6381,2026,7,2,0
sen-6381,2026,8,1,0
sen-6381,2026,9,1,0
sen-70,2023,2,16,0
sen-70,2023,3,16,0
sen-70,2023,4,16,0
sen-70,2023,5,16,0
sen-70,2023,6,16,0
sen-70,2023,7,16,0
sen-70,2023,8,16,0
sen-70,2023,9,16,0
sen-70,2023,10,16,0
sen-70,2023,11,16,0
sen-70,2023,12,16,0
sen-70,2024,1,16,0
sen-70,2024,2,16,0
sen-70,2024,3,16,0
sen-70,2024,4,17,0
sen-70,2024,5,16,0
sen-70,2024,6,16,0
sen-70,2024,7,17,0
sen-70,2024,8,17,0
sen-70,2024,9,17,0
sen-70,2024,10,17,0
sen-70,2024,11,17,0
sen-70,2024,12,17,0
sen-70,2025,1,16,0
sen-70,2025,2,16,0
sen-70,2025,3,18,0
sen-70,2025,4,17,0
sen-70,2025,5,19,0
sen-70,2025,6,19,0
sen-70,2025,7,19,0
sen-70,2025,8,20,0
sen-70,2025,9,21,0
sen-70,2025,10,21,0
sen-70,2025,11,21,0
sen-70,2025,12,21,0
sen-70,2026,1,21,0
sen-70,2026,2,21,0
sen-70,2026,3,21,0
sen-70,2026,4,21,0
sen-70,2026,5,21,0
sen-70,2026,6,21,0
sen-70,2026,7,21,0
sen-70,2026,8,21,0
sen-70,2026,9,21,0
sen-739,2023,2,29,0
sen-739,2023,3,27,0
sen-739,2023,4,28,0
sen-739,2023,5,29,0
sen-739,2023,6,29,0
sen-739,2023,7,29,0
sen-739,2023,8,29,0
sen-739,2023,9,29,0
sen-739,2023,10,29,0
sen-739,2023,11,28,0
sen-739,2023,12,28,0
sen-739,2024,1,29,0
sen-739,2024,2,30,0
sen-739,2024,3,29,0
sen-739,2024,4,29,0
sen-739,2024,5,29,0
sen-739,2024,6,29,0
sen-739,2024,7,28,0
sen-739,2024,8,28,0
sen-739,2024,9,29,0
sen-739,2024,10,31,0
sen-739,2024,11,31,0
sen-739,2024,12,31,0
sen-739,2025,1,31,0
sen-739,2025,2,31,0
sen-739,2025,3,27,0
sen-739,2025,4,26,0
sen-739,2025,5,30,0
sen-739,2025,6,30,0
sen-739,2025,7,33,0
sen-739,2025,8,32,0
sen-739,2025,9,36,0
sen-739,2025,10,36,0
sen-739,2025,11,40,0
sen-739,2025,12,40,0
sen-739,2026,1,40,0
sen-739,2026,2,42,0
sen-739,2026,3,44,0
sen-739,2026,4,43,0
sen-739,2026,5,44,0
sen-739,2026,6,43,0
sen-739,2026,7,44,0
sen-739,2026,8,43,0
sen-739,2026,9,33,0
sen-742,2023,2,39,0
sen-742,2023,3,38,0
sen-742,2023,4,38,0
sen-742,2023,5,41,0
sen-742,2023,6,41,0
sen-742,2023,7,42,0
sen-742,2023,8,44,0
sen-742,2023,9,44,0
sen-742,2023,10,44,0
sen-742,2023,11,44,0
sen-742,2023,12,44,0
sen-742,2024,1,44,0
sen-742,2024,2,45,0
sen-742,2024,3,45,0
sen-742,2024,4,45,0
sen-742,2024,5,45,0
sen-742,2024,6,44,0
sen-742,2024,7,44,0
sen-742,2024,8,45,0
sen-742,2024,9,45,0
sen-742,2024,10,45,0
sen-742,2024,11,45,0
sen-742,2024,12,45,0
sen-742,2025,1,45,0
sen-742,2025,2,46,0
sen-742,2025,3,44,0
sen-742,2025,4,44,0
sen-742,2025,5,45,0
sen-742,2025,6,45,0
sen-742,2025,7,47,0
sen-742,2025,8,47,0
sen-742,2025,9,47,0
sen-742,2025,10,47,0
sen-742,2025,11,47,0
sen-742,2025,12,47,0
sen-742,2026,1,47,0
sen-742,2026,2,47,0
sen-742,2026,3,47,0
sen-742,2026,4,47,0
sen-742,2026,5,47,0
sen-742,2026,6,47,0
sen-742,2026,7,47,0
sen-742,2026,8,47,0
sen-742,2026,9,47,0
sen-825,2023,2,13,0
sen-825,2023,3,16,0
sen-825,2023,4,15,0
sen-825,2023,5,15,0
sen-825,2023,6,15,0
sen-825,2023,7,15,0
sen-825,2023,8,15,0
sen-825,2023,9,15,0
sen-825,2023,10,15,0
sen-825,2023,11,15,0
sen-825,2023,12,15,0
sen-825,2024,1,15,0
sen-825,2024,2,15,0
sen-825,2024,3,15,0
sen-825,2024,4,15,0
sen-825,2024,5,15,0
sen-825,2024,6,15,0
sen-825,2024,7,15,0
sen-825,2024,8,16,0
sen-825,2024,9,15,0
sen-825,2024,10,15,0
sen-825,2024,11,15,0
sen-825,2024,12,15,0
sen-825,2025,1,15,0
sen-825,2025,2,16,0
sen-825,2025,3,16,0
sen-825,2025,4,16,0
sen-825,2025,5,16,0
sen-825,2025,6,16,0
sen-825,2025,7,16,0
sen-825,2025,8,16,0
sen-825,2025,9,16,0
sen-825,2025,10,16,0
sen-825,2025,11,16,0
sen-825,2025,12,16,0
sen-825,2026,1,16,0
sen-825,2026,2,16,0
sen-825,2026,3,15,0
sen-825,2026,4,15,0
sen-825,2026,5,15,0
sen-825,2026,6,15,0
sen-825,2026,7,15,0
sen-825,2026,8,16,0
sen-825,2026,9,17,0
