id_politico,ano,mes,liquido
sen-5672,2023,2,0.0
sen-6358,2023,2,0.0
sen-6369,2023,2,0.0
sen-6341,2023,2,0.0
sen-6350,2023,2,0.0
sen-6336,2023,2,0.0
sen-739,2023,2,0.0
sen-6337,2023,2,0.0
sen-6335,2023,2,0.0
sen-3830,2023,2,2926.06
sen-3830,2023,2,0.0
sen-4642,2023,2,0.0
sen-22,2023,2,0.0
sen-6345,2023,2,0.0
sen-4605,2023,2,0.0
sen-5793,2023,2,0.0
sen-5385,2023,2,0.0
sen-6340,2023,2,0.0
sen-6342,2023,2,0.0
sen-5207,2023,2,0.0
sen-4639,2023,2,0.0
sen-5016,2023,2,0.0
sen-4811,2023,2,0.0
sen-631,2023,2,0.0
sen-6009,2023,2,0.0
sen-6304,2023,2,2886.25
sen-5386,2023,2,0.0
sen-6338,2023,2,0.0
sen-5525,2023,2,2886.25
sen-5525,2023,2,0.0
sen-5523,2023,2,2886.25
sen-5523,2023,2,0.0
sen-5352,2023,2,0.0
sen-4694,2023,2,0.0
sen-5322,2023,2,2681.85
sen-5322,2023,2,0.0
sen-6021,2023,2,0.0
sen-4560,2023,2,0.0
sen-6331,2023,2,0.0
sen-5736,2023,2,0.0
sen-1173,2023,2,2681.85
sen-1173,2023,2,0.0
sen-5411,2023,2,0.0
sen-5070,2023,2,0.0
sen-5672,2023,2,24750.05
sen-5982,2023,2,23475.93
sen-6008,2023,2,28773.15
sen-6358,2023,2,27807.89
sen-5967,2023,2,24750.05
sen-6369,2023,2,23633.94
sen-6341,2023,2,28721.03
sen-6027,2023,2,25518.28
sen-6350,2023,2,21476.8
sen-6336,2023,2,22240.04
sen-5990,2023,2,28721.03
sen-4994,2023,2,24750.05
sen-3777,2023,2,28825.3
sen-5936,2023,2,28825.3
sen-6295,2023,2,28877.43
sen-5973,2023,2,28929.56
sen-739,2023,2,24750.05
sen-6337,2023,2,28721.03
sen-475,2023,2,28721.03
sen-6335,2023,2,28721.03
sen-5998,2023,2,28721.03
sen-3830,2023,2,28825.3
sen-5959,2023,2,29801.58
sen-4642,2023,2,24906.46
sen-5718,2023,2,24802.18
sen-22,2023,2,24750.05
sen-5953,2023,2,28877.43
sen-5917,2023,2,28721.03
sen-6345,2023,2,27703.6
sen-4605,2023,2,29149.08
sen-345,2023,2,24802.18
sen-5894,2023,2,28825.3
sen-470,2023,2,24750.05
sen-5502,2023,2,24750.05
sen-5793,2023,2,28773.15
sen-5008,2023,2,24750.05
sen-5385,2023,2,28739.66
sen-6010,2023,2,28721.03
sen-4770,2023,2,24750.05
sen-35,2023,2,24854.32
sen-6340,2023,2,28721.03
sen-581,2023,2,24750.05
sen-4531,2023,2,28721.03
sen-5895,2023,2,28721.03
sen-6342,2023,2,28825.3
sen-3806,2023,2,28721.03
sen-70,2023,2,31537.55
sen-5207,2023,2,28721.03
sen-4639,2023,2,24750.05
sen-5016,2023,2,24750.05
sen-4811,2023,2,28721.03
sen-5979,2023,2,28721.03
sen-1186,2023,2,24750.05
sen-5976,2023,2,28721.03
sen-5926,2023,2,28721.03
sen-631,2023,2,24750.05
sen-5376,2023,2,24750.05
sen-742,2023,2,28721.03
sen-285,2023,2,23041.82
sen-6009,2023,2,28773.15
sen-5942,2023,2,28825.3
sen-6304,2023,2,27703.6
sen-5386,2023,2,27365.76
sen-6338,2023,2,28721.03
sen-5985,2023,2,24802.18
sen-5525,2023,2,28721.03
sen-5924,2023,2,28721.03
sen-5523,2023,2,28721.03
sen-825,2023,2,24802.18
sen-5012,2023,2,29271.03
sen-5732,2023,2,28773.15
sen-5905,2023,2,32512.19
sen-5352,2023,2,29305.01
sen-4694,2023,2,24854.32
sen-5322,2023,2,24750.05
sen-6021,2023,2,28721.03
sen-4560,2023,2,20368.35
sen-6331,2023,2,28721.03
sen-5988,2023,2,28721.03
sen-5736,2023,2,28721.03
sen-5899,2023,2,28721.03
sen-5748,2023,2,28721.03
sen-1173,2023,2,24750.05
sen-5411,2023,2,24906.46
sen-5070,2023,2,28721.03
sen-5783,2023,2,28029.32
sen-5982,2023,3,0.0
sen-6358,2023,3,0.0
sen-5967,2023,3,0.0
sen-6350,2023,3,0.0
sen-739,2023,3,0.0
sen-4642,2023,3,0.0
sen-5718,2023,3,0.0
sen-22,2023,3,0.0
sen-5953,2023,3,0.0
sen-345,2023,3,0.0
sen-5008,2023,3,0.0
sen-5385,2023,3,0.0
sen-581,2023,3,0.0
sen-70,2023,3,0.0
sen-4811,2023,3,0.0
sen-5979,2023,3,0.0
sen-5376,2023,3,0.0
sen-6009,2023,3,0.0
sen-5985,2023,3,0.0
sen-5012,2023,3,0.0
sen-5352,2023,3,0.0
sen-6021,2023,3,0.0
sen-4560,2023,3,0.0
sen-5748,2023,3,0.0
sen-1173,2023,3,0.0
sen-5070,2023,3,0.0
sen-5672,2023,3,24750.05
sen-5982,2023,3,23475.93
sen-6008,2023,3,28773.15
sen-6358,2023,3,28825.3
sen-5967,2023,3,24750.05
sen-6369,2023,3,28721.03
sen-6341,2023,3,28721.03
sen-6027,2023,3,25518.28
sen-6350,2023,3,22240.04
sen-6336,2023,3,22240.04
sen-5990,2023,3,28721.03
sen-4994,2023,3,24750.05
sen-3777,2023,3,28825.3
sen-5936,2023,3,28825.3
sen-6295,2023,3,28877.43
sen-5973,2023,3,28929.56
sen-739,2023,3,24750.05
sen-6337,2023,3,28721.03
sen-475,2023,3,28721.03
sen-6335,2023,3,28721.03
sen-5998,2023,3,28721.03
sen-3830,2023,3,28825.3
sen-5959,2023,3,29801.58
sen-4642,2023,3,24906.46
sen-5718,2023,3,24802.18
sen-22,2023,3,24750.05
sen-5953,2023,3,28877.43
sen-5917,2023,3,28721.03
sen-6345,2023,3,28721.03
sen-4605,2023,3,29149.08
sen-345,2023,3,24802.18
sen-5894,2023,3,28825.3
sen-470,2023,3,24750.05
sen-5502,2023,3,28721.03
sen-5793,2023,3,28773.15
sen-5008,2023,3,24750.05
sen-5385,2023,3,28739.66
sen-6010,2023,3,28721.03
sen-4770,2023,3,24750.05
sen-35,2023,3,24854.32
sen-6340,2023,3,28721.03
sen-581,2023,3,24750.05
sen-4531,2023,3,28721.03
sen-5895,2023,3,28721.03
sen-6342,2023,3,28825.3
sen-3806,2023,3,28721.03
sen-70,2023,3,31537.55
sen-5207,2023,3,28721.03
sen-4639,2023,3,24750.05
sen-5016,2023,3,24750.05
sen-4811,2023,3,28721.03
sen-5979,2023,3,28721.03
sen-1186,2023,3,24750.05
sen-5976,2023,3,28721.03
sen-5926,2023,3,28721.03
sen-631,2023,3,24802.18
sen-5376,2023,3,24750.05
sen-742,2023,3,28721.03
sen-285,2023,3,23041.82
sen-6009,2023,3,28773.15
sen-5942,2023,3,28825.3
sen-6304,2023,3,28721.03
sen-5386,2023,3,27365.76
sen-6338,2023,3,28721.03
sen-5985,2023,3,24802.18
sen-5525,2023,3,28721.03
sen-5924,2023,3,28721.03
sen-5523,2023,3,28721.03
sen-825,2023,3,24802.18
sen-5012,2023,3,29271.03
sen-5732,2023,3,28773.15
sen-5905,2023,3,32512.19
sen-5352,2023,3,29305.01
sen-4694,2023,3,24854.32
sen-5322,2023,3,24750.05
sen-6021,2023,3,28721.03
sen-4560,2023,3,20368.35
sen-6331,2023,3,28721.03
sen-5988,2023,3,28721.03
sen-5736,2023,3,28721.03
sen-5899,2023,3,28721.03
sen-5748,2023,3,28721.03
sen-1173,2023,3,24750.05
sen-5411,2023,3,24906.46
sen-5070,2023,3,28721.03
sen-5783,2023,3,28029.32
sen-5672,2023,4,0.0
sen-6008,2023,4,0.0
sen-5967,2023,4,0.0
sen-6369,2023,4,0.0
sen-6027,2023,4,0.0
sen-6350,2023,4,0.0
sen-475,2023,4,0.0
sen-5385,2023,4,0.0
sen-4811,2023,4,0.0
sen-5979,2023,4,0.0
sen-5376,2023,4,0.0
sen-6009,2023,4,0.0
sen-5985,2023,4,0.0
sen-5732,2023,4,0.0
sen-5905,2023,4,0.0
sen-5352,2023,4,0.0
sen-5672,2023,4,26134.54
sen-5982,2023,4,25185.19
sen-6008,2023,4,30482.41
sen-6358,2023,4,30534.56
sen-5967,2023,4,26134.54
sen-6369,2023,4,30430.28
sen-6341,2023,4,30430.28
sen-6027,2023,4,26902.78
sen-6350,2023,4,23949.3
sen-6336,2023,4,23949.3
sen-5990,2023,4,30430.28
sen-4994,2023,4,26134.54
sen-3777,2023,4,30534.56
sen-5936,2023,4,30534.56
sen-6295,2023,4,30586.69
sen-5973,2023,4,30638.83
sen-739,2023,4,26134.54
sen-6337,2023,4,30430.28
sen-475,2023,4,30430.28
sen-6335,2023,4,30430.28
sen-5998,2023,4,30430.28
sen-3830,2023,4,30534.56
sen-5959,2023,4,31575.68
sen-4642,2023,4,26290.95
sen-5718,2023,4,26186.68
sen-22,2023,4,26134.54
sen-5953,2023,4,30586.69
sen-5917,2023,4,30430.28
sen-6345,2023,4,30430.28
sen-4605,2023,4,30858.34
sen-345,2023,4,26186.68
sen-5894,2023,4,30534.56
sen-470,2023,4,26134.54
sen-5502,2023,4,30430.28
sen-5793,2023,4,30482.41
sen-5008,2023,4,26134.54
sen-5385,2023,4,30181.27
sen-6010,2023,4,30430.28
sen-4770,2023,4,26134.54
sen-35,2023,4,26238.83
sen-6340,2023,4,30430.28
sen-581,2023,4,26134.54
sen-4531,2023,4,30430.28
sen-5895,2023,4,30430.28
sen-6342,2023,4,30534.56
sen-3806,2023,4,30430.28
sen-70,2023,4,33411.33
sen-5207,2023,4,30430.28
sen-4639,2023,4,26186.68
sen-5016,2023,4,26134.54
sen-4811,2023,4,30430.28
sen-5979,2023,4,30430.28
sen-1186,2023,4,26134.54
sen-5976,2023,4,30430.28
sen-5926,2023,4,30430.28
sen-631,2023,4,26186.68
sen-5376,2023,4,26134.54
sen-742,2023,4,30430.28
sen-285,2023,4,24426.32
sen-6009,2023,4,30482.41
sen-5942,2023,4,30534.56
sen-6304,2023,4,30430.28
sen-5386,2023,4,29075.02
sen-6338,2023,4,30430.28
sen-5985,2023,4,26186.68
sen-5525,2023,4,30430.28
sen-5924,2023,4,30430.28
sen-5523,2023,4,30430.28
sen-825,2023,4,26186.68
sen-5012,2023,4,30980.28
sen-5732,2023,4,30482.41
sen-5905,2023,4,34447.07
sen-5352,2023,4,31014.27
sen-4694,2023,4,26238.83
sen-5322,2023,4,26134.54
sen-6021,2023,4,30430.28
sen-4560,2023,4,27421.14
sen-6331,2023,4,30430.28
sen-5988,2023,4,30430.28
sen-5736,2023,4,30430.28
sen-5899,2023,4,30430.28
sen-5748,2023,4,30430.28
sen-1173,2023,4,26134.54
sen-5411,2023,4,26290.95
sen-5070,2023,4,30430.28
sen-5783,2023,4,29738.58
sen-5672,2023,5,0.0
sen-5990,2023,5,0.0
sen-5973,2023,5,0.0
sen-739,2023,5,0.0
sen-6335,2023,5,0.0
sen-5998,2023,5,0.0
sen-3830,2023,5,0.0
sen-6345,2023,5,0.0
sen-345,2023,5,0.0
sen-5793,2023,5,0.0
sen-5385,2023,5,0.0
sen-5376,2023,5,0.0
sen-6009,2023,5,0.0
sen-6304,2023,5,0.0
sen-6338,2023,5,0.0
sen-5985,2023,5,0.0
sen-5732,2023,5,0.0
sen-5905,2023,5,0.0
sen-5783,2023,5,0.0
sen-5672,2023,5,26150.34
sen-5982,2023,5,25200.79
sen-6008,2023,5,30498.21
sen-6358,2023,5,30550.35
sen-5967,2023,5,26150.34
sen-6369,2023,5,30446.08
sen-6341,2023,5,30446.08
sen-6027,2023,5,26202.47
sen-6350,2023,5,24017.03
sen-6336,2023,5,23964.89
sen-5990,2023,5,30446.08
sen-4994,2023,5,26150.34
sen-3777,2023,5,30550.35
sen-5936,2023,5,30550.35
sen-6295,2023,5,30602.49
sen-5973,2023,5,30654.62
sen-739,2023,5,26150.34
sen-6337,2023,5,30446.08
sen-475,2023,5,30446.08
sen-6335,2023,5,30446.08
sen-5998,2023,5,30446.08
sen-3830,2023,5,30550.35
sen-5959,2023,5,31591.47
sen-4642,2023,5,26306.75
sen-5718,2023,5,26202.47
sen-22,2023,5,26150.34
sen-5953,2023,5,30602.49
sen-5917,2023,5,30446.08
sen-6345,2023,5,30446.08
sen-4605,2023,5,30940.26
sen-345,2023,5,26202.47
sen-5894,2023,5,30550.35
sen-470,2023,5,26150.34
sen-5502,2023,5,30446.08
sen-5793,2023,5,30498.21
sen-5008,2023,5,26150.34
sen-5385,2023,5,30237.32
sen-6010,2023,5,30446.08
sen-4770,2023,5,26150.34
sen-35,2023,5,26254.61
sen-6340,2023,5,30446.08
sen-581,2023,5,26150.34
sen-4531,2023,5,30446.08
sen-5895,2023,5,30446.08
sen-6342,2023,5,30550.35
sen-3806,2023,5,30446.08
sen-70,2023,5,33428.64
sen-5207,2023,5,30446.08
sen-4639,2023,5,26202.47
sen-5016,2023,5,26150.34
sen-4811,2023,5,30446.08
sen-5979,2023,5,30446.08
sen-1186,2023,5,26150.34
sen-5976,2023,5,30446.08
sen-5926,2023,5,30446.08
sen-631,2023,5,26202.47
sen-5376,2023,5,26150.34
sen-742,2023,5,30446.08
sen-285,2023,5,24442.12
sen-6009,2023,5,30498.21
sen-5942,2023,5,30550.35
sen-6304,2023,5,30446.08
sen-5386,2023,5,29090.61
sen-6338,2023,5,30446.08
sen-5985,2023,5,26202.47
sen-5525,2023,5,30446.08
sen-5924,2023,5,30446.08
sen-5523,2023,5,30446.08
sen-825,2023,5,26202.47
sen-5012,2023,5,30996.08
sen-5732,2023,5,30498.21
sen-5905,2023,5,34464.95
sen-5352,2023,5,31029.87
sen-4694,2023,5,26254.61
sen-5322,2023,5,26150.34
sen-6021,2023,5,30446.08
sen-4560,2023,5,27437.59
sen-6331,2023,5,30446.08
sen-5988,2023,5,30446.08
sen-5736,2023,5,30446.08
sen-5899,2023,5,30446.08
sen-5748,2023,5,30446.08
sen-1173,2023,5,26150.34
sen-5411,2023,5,26306.75
sen-5070,2023,5,30602.49
sen-5783,2023,5,29754.17
sen-5672,2023,6,17354.55
sen-5982,2023,6,20825.46
sen-6008,2023,6,20825.46
sen-6358,2023,6,17354.55
sen-5967,2023,6,20825.46
sen-6369,2023,6,17354.55
sen-6341,2023,6,17354.55
sen-6027,2023,6,20825.46
sen-6350,2023,6,17354.55
sen-6336,2023,6,17354.55
sen-5990,2023,6,20825.46
sen-4994,2023,6,20825.46
sen-3777,2023,6,20825.46
sen-5936,2023,6,20825.46
sen-6295,2023,6,20825.46
sen-5973,2023,6,20825.46
sen-739,2023,6,20825.46
sen-6337,2023,6,17354.55
sen-475,2023,6,20825.46
sen-6335,2023,6,17354.55
sen-5998,2023,6,20825.46
sen-3830,2023,6,17354.55
sen-5959,2023,6,20825.46
sen-4642,2023,6,17354.55
sen-5718,2023,6,20825.46
sen-22,2023,6,20825.46
sen-5953,2023,6,20825.46
sen-5917,2023,6,20825.46
sen-6345,2023,6,17354.55
sen-4605,2023,6,17354.55
sen-345,2023,6,20825.46
sen-5894,2023,6,20825.46
sen-470,2023,6,20825.46
sen-5502,2023,6,20825.46
sen-5793,2023,6,17354.55
sen-5008,2023,6,20825.46
sen-5385,2023,6,20825.46
sen-6010,2023,6,20825.46
sen-4770,2023,6,20825.46
sen-35,2023,6,20825.46
sen-6340,2023,6,17354.55
sen-581,2023,6,20825.46
sen-4531,2023,6,20825.46
sen-5895,2023,6,20825.46
sen-6342,2023,6,17354.55
sen-3806,2023,6,20825.46
sen-70,2023,6,20825.46
sen-5207,2023,6,17354.55
sen-4639,2023,6,17354.55
sen-5016,2023,6,17354.55
sen-4811,2023,6,17354.55
sen-5979,2023,6,20825.46
sen-1186,2023,6,20825.46
sen-5976,2023,6,20825.46
sen-5926,2023,6,20825.46
sen-631,2023,6,17354.55
sen-5376,2023,6,20825.46
sen-742,2023,6,20825.46
sen-285,2023,6,20825.46
sen-6009,2023,6,17354.55
sen-5942,2023,6,20825.46
sen-5422,2023,6,17354.55
sen-6304,2023,6,17354.55
sen-5386,2023,6,17354.55
sen-6338,2023,6,17354.55
sen-5985,2023,6,20825.46
sen-5525,2023,6,17354.55
sen-5924,2023,6,20825.46
sen-5523,2023,6,17354.55
sen-825,2023,6,20825.46
sen-5012,2023,6,20825.46
sen-5732,2023,6,20825.46
sen-5905,2023,6,20825.46
sen-5352,2023,6,20825.46
sen-4694,2023,6,17354.55
sen-5322,2023,6,17354.55
sen-6021,2023,6,24152.55
sen-4560,2023,6,20825.46
sen-6331,2023,6,17354.55
sen-5988,2023,6,20825.46
sen-5736,2023,6,17354.55
sen-5899,2023,6,20825.46
sen-5748,2023,6,20825.46
sen-1173,2023,6,17354.55
sen-5411,2023,6,20825.46
sen-5070,2023,6,17354.55
sen-5783,2023,6,20825.46
sen-5672,2023,6,26150.34
sen-5982,2023,6,25200.79
sen-6008,2023,6,30498.21
sen-6358,2023,6,30550.35
sen-5967,2023,6,26150.34
sen-6369,2023,6,30446.08
sen-6341,2023,6,30446.08
sen-6027,2023,6,26202.47
sen-6350,2023,6,22735.91
sen-6336,2023,6,22683.78
sen-5990,2023,6,30446.08
sen-4994,2023,6,26150.34
sen-3777,2023,6,30550.35
sen-5936,2023,6,30550.35
sen-6295,2023,6,30602.49
sen-5973,2023,6,30654.62
sen-739,2023,6,26150.34
sen-6337,2023,6,30446.08
sen-475,2023,6,30446.08
sen-6335,2023,6,30446.08
sen-5998,2023,6,30446.08
sen-3830,2023,6,30550.35
sen-5959,2023,6,31591.47
sen-4642,2023,6,26306.75
sen-5718,2023,6,26202.47
sen-22,2023,6,26150.34
sen-5953,2023,6,30602.49
sen-5917,2023,6,30446.08
sen-6345,2023,6,30446.08
sen-4605,2023,6,30940.26
sen-345,2023,6,26202.47
sen-5894,2023,6,30550.35
sen-470,2023,6,26150.34
sen-5502,2023,6,30446.08
sen-5793,2023,6,30498.21
sen-5008,2023,6,26150.34
sen-5385,2023,6,30237.32
sen-6010,2023,6,30446.08
sen-4770,2023,6,26150.34
sen-35,2023,6,26254.61
sen-6340,2023,6,30446.08
sen-581,2023,6,26150.34
sen-4531,2023,6,30446.08
sen-5895,2023,6,30446.08
sen-6342,2023,6,30550.35
sen-3806,2023,6,30446.08
sen-70,2023,6,33428.64
sen-5207,2023,6,30446.08
sen-4639,2023,6,26202.47
sen-5016,2023,6,26150.34
sen-4811,2023,6,30446.08
sen-5979,2023,6,30446.08
sen-1186,2023,6,26150.34
sen-5976,2023,6,30446.08
sen-5926,2023,6,30446.08
sen-631,2023,6,26202.47
sen-5376,2023,6,26150.34
sen-742,2023,6,30446.08
sen-285,2023,6,24442.12
sen-6009,2023,6,30498.21
sen-5942,2023,6,30550.35
sen-5422,2023,6,30550.35
sen-6304,2023,6,30446.08
sen-5386,2023,6,29090.61
sen-6338,2023,6,30446.08
sen-5985,2023,6,26202.47
sen-5525,2023,6,30446.08
sen-5924,2023,6,30446.08
sen-5523,2023,6,30446.08
sen-825,2023,6,26202.47
sen-5012,2023,6,30996.08
sen-5732,2023,6,30498.21
sen-5905,2023,6,34464.95
sen-5352,2023,6,31029.87
sen-4694,2023,6,26254.61
sen-5322,2023,6,26150.34
sen-4560,2023,6,27437.59
sen-6331,2023,6,30446.08
sen-5988,2023,6,30446.08
sen-5736,2023,6,30446.08
sen-5899,2023,6,30446.08
sen-5748,2023,6,30446.08
sen-1173,2023,6,26150.34
sen-5411,2023,6,26306.75
sen-5070,2023,6,30654.62
sen-5783,2023,6,29754.17
sen-6358,2023,7,0.0
sen-4994,2023,7,0.0
sen-739,2023,7,0.0
sen-345,2023,7,0.0
sen-4811,2023,7,0.0
sen-5376,2023,7,0.0
sen-742,2023,7,0.0
sen-5386,2023,7,0.0
sen-6362,2023,7,0.0
sen-5924,2023,7,0.0
sen-5352,2023,7,0.0
sen-4560,2023,7,0.0
sen-5672,2023,7,26150.34
sen-5982,2023,7,24032.55
sen-6008,2023,7,30498.21
sen-6358,2023,7,30550.35
sen-5967,2023,7,26150.34
sen-6369,2023,7,30446.08
sen-6341,2023,7,30446.08
sen-6027,2023,7,26202.47
sen-6350,2023,7,23537.86
sen-6336,2023,7,23537.86
sen-5990,2023,7,30446.08
sen-4994,2023,7,26150.34
sen-3777,2023,7,30550.35
sen-5936,2023,7,30550.35
sen-6295,2023,7,30602.49
sen-5973,2023,7,30654.62
sen-739,2023,7,22073.76
sen-6337,2023,7,30446.08
sen-475,2023,7,30446.08
sen-6335,2023,7,30446.08
sen-5998,2023,7,30446.08
sen-3830,2023,7,30550.35
sen-5959,2023,7,31591.47
sen-4642,2023,7,26306.75
sen-5718,2023,7,26202.47
sen-22,2023,7,26150.34
sen-5953,2023,7,28654.29
sen-5917,2023,7,30446.08
sen-6345,2023,7,28497.88
sen-4605,2023,7,30940.26
sen-345,2023,7,26202.47
sen-5894,2023,7,30550.35
sen-470,2023,7,26150.34
sen-5502,2023,7,26150.34
sen-5793,2023,7,30498.21
sen-5008,2023,7,26150.34
sen-5385,2023,7,30237.32
sen-6010,2023,7,30446.08
sen-4770,2023,7,26150.34
sen-35,2023,7,26254.61
sen-6340,2023,7,30446.08
sen-581,2023,7,26150.34
sen-4531,2023,7,30446.08
sen-5895,2023,7,30446.08
sen-6342,2023,7,30550.35
sen-3806,2023,7,30446.08
sen-70,2023,7,33428.64
sen-5207,2023,7,30446.08
sen-4639,2023,7,26202.47
sen-5016,2023,7,26150.34
sen-4811,2023,7,30446.08
sen-5979,2023,7,30446.08
sen-1186,2023,7,26150.34
sen-5976,2023,7,30446.08
sen-5926,2023,7,30446.08
sen-631,2023,7,26202.47
sen-5376,2023,7,26150.34
sen-742,2023,7,30446.08
sen-285,2023,7,24442.12
sen-6009,2023,7,30498.21
sen-5942,2023,7,30550.35
sen-5422,2023,7,30550.35
sen-6304,2023,7,30446.08
sen-5386,2023,7,29090.61
sen-6338,2023,7,30446.08
sen-6362,2023,7,26549.7
sen-5985,2023,7,26202.47
sen-5525,2023,7,30446.08
sen-5924,2023,7,30446.08
sen-5523,2023,7,30446.08
sen-825,2023,7,26202.47
sen-5012,2023,7,30996.08
sen-5732,2023,7,30498.21
sen-5905,2023,7,34464.95
sen-5352,2023,7,31029.87
sen-4694,2023,7,26254.61
sen-5322,2023,7,26150.34
sen-4560,2023,7,27437.59
sen-6331,2023,7,30446.08
sen-5988,2023,7,29471.98
sen-5736,2023,7,30446.08
sen-5899,2023,7,30446.08
sen-5748,2023,7,30446.08
sen-1173,2023,7,26150.34
sen-5411,2023,7,26306.75
sen-5070,2023,7,30654.62
sen-5783,2023,7,29754.17
sen-5982,2023,8,0.0
sen-5990,2023,8,0.0
sen-4994,2023,8,0.0
sen-5973,2023,8,0.0
sen-3830,2023,8,0.0
sen-5953,2023,8,0.0
sen-5917,2023,8,0.0
sen-345,2023,8,0.0
sen-5008,2023,8,0.0
sen-4811,2023,8,0.0
sen-5376,2023,8,0.0
sen-5942,2023,8,0.0
sen-5386,2023,8,0.0
sen-6338,2023,8,0.0
sen-6362,2023,8,0.0
sen-5985,2023,8,0.0
sen-5732,2023,8,0.0
sen-5672,2023,8,26150.34
sen-5982,2023,8,24616.68
sen-6008,2023,8,30498.21
sen-6358,2023,8,30550.35
sen-5967,2023,8,26150.34
sen-6369,2023,8,30446.08
sen-6341,2023,8,30446.08
sen-6027,2023,8,26202.47
sen-6350,2023,8,23537.86
sen-6336,2023,8,23537.86
sen-5990,2023,8,30446.08
sen-4994,2023,8,26150.34
sen-3777,2023,8,30550.35
sen-5936,2023,8,30550.35
sen-6295,2023,8,30602.49
sen-5973,2023,8,30654.62
sen-739,2023,8,26150.34
sen-6337,2023,8,30446.08
sen-475,2023,8,30446.08
sen-6335,2023,8,30446.08
sen-5998,2023,8,30446.08
sen-3830,2023,8,30550.35
sen-5959,2023,8,31591.47
sen-4642,2023,8,26306.75
sen-5718,2023,8,26202.47
sen-22,2023,8,26150.34
sen-5953,2023,8,30602.49
sen-5917,2023,8,30446.08
sen-6345,2023,8,29439.51
sen-4605,2023,8,30940.26
sen-345,2023,8,26202.47
sen-5894,2023,8,30550.35
sen-470,2023,8,26150.34
sen-5502,2023,8,26150.34
sen-5793,2023,8,30498.21
sen-5008,2023,8,26150.34
sen-5385,2023,8,30237.32
sen-6010,2023,8,30446.08
sen-4770,2023,8,26150.34
sen-35,2023,8,26254.61
sen-6340,2023,8,30446.08
sen-581,2023,8,26150.34
sen-4531,2023,8,30446.08
sen-5895,2023,8,30446.08
sen-6342,2023,8,30550.35
sen-3806,2023,8,30446.08
sen-70,2023,8,33428.64
sen-5207,2023,8,30446.08
sen-4639,2023,8,26202.47
sen-5016,2023,8,26150.34
sen-4811,2023,8,30446.08
sen-5979,2023,8,30446.08
sen-1186,2023,8,24519.7
sen-5976,2023,8,30446.08
sen-5926,2023,8,30446.08
sen-631,2023,8,26202.47
sen-5376,2023,8,26150.34
sen-742,2023,8,30446.08
sen-285,2023,8,24442.12
sen-6009,2023,8,30498.21
sen-5942,2023,8,30550.35
sen-5422,2023,8,30550.35
sen-6304,2023,8,30446.08
sen-5386,2023,8,29090.61
sen-6338,2023,8,30446.08
sen-6362,2023,8,30498.21
sen-5985,2023,8,26202.47
sen-5525,2023,8,30446.08
sen-5924,2023,8,30446.08
sen-5523,2023,8,30446.08
sen-825,2023,8,26202.47
sen-5012,2023,8,30996.08
sen-5732,2023,8,30498.21
sen-5905,2023,8,34464.95
sen-5352,2023,8,31029.87
sen-4694,2023,8,26254.61
sen-5322,2023,8,26150.34
sen-4560,2023,8,27437.59
sen-6331,2023,8,30446.08
sen-5988,2023,8,30446.08
sen-5736,2023,8,30446.08
sen-5899,2023,8,30446.08
sen-5748,2023,8,30446.08
sen-1173,2023,8,26150.34
sen-5411,2023,8,26306.75
sen-5070,2023,8,30654.62
sen-5783,2023,8,29754.17
sen-5672,2023,9,0.0
sen-6008,2023,9,0.0
sen-6358,2023,9,0.0
sen-5967,2023,9,0.0
sen-6350,2023,9,0.0
sen-5973,2023,9,0.0
sen-6335,2023,9,0.0
sen-3830,2023,9,0.0
sen-5953,2023,9,0.0
sen-345,2023,9,0.0
sen-470,2023,9,0.0
sen-5502,2023,9,0.0
sen-5385,2023,9,0.0
sen-581,2023,9,0.0
sen-4545,2023,9,-21410.61
sen-4811,2023,9,0.0
sen-5376,2023,9,0.0
sen-285,2023,9,0.0
sen-6009,2023,9,0.0
sen-5422,2023,9,0.0
sen-6338,2023,9,0.0
sen-5985,2023,9,0.0
sen-5732,2023,9,0.0
sen-4560,2023,9,0.0
sen-6331,2023,9,0.0
sen-5736,2023,9,0.0
sen-5748,2023,9,0.0
sen-5672,2023,9,26150.34
sen-5982,2023,9,24616.68
sen-6008,2023,9,30498.21
sen-6358,2023,9,30550.35
sen-5967,2023,9,26150.34
sen-6369,2023,9,30446.08
sen-6341,2023,9,30446.08
sen-6027,2023,9,26202.47
sen-6350,2023,9,23537.86
sen-6336,2023,9,23537.86
sen-5990,2023,9,30446.08
sen-4994,2023,9,26150.34
sen-3777,2023,9,30550.35
sen-5936,2023,9,30550.35
sen-6295,2023,9,30602.49
sen-5973,2023,9,30654.62
sen-739,2023,9,26150.34
sen-6337,2023,9,30446.08
sen-475,2023,9,30446.08
sen-6335,2023,9,30446.08
sen-5998,2023,9,30446.08
sen-3830,2023,9,30550.35
sen-5959,2023,9,31591.47
sen-4642,2023,9,26306.75
sen-5718,2023,9,26202.47
sen-22,2023,9,26150.34
sen-5953,2023,9,30602.49
sen-5917,2023,9,30446.08
sen-6345,2023,9,30446.08
sen-4605,2023,9,30940.26
sen-345,2023,9,26202.47
sen-5894,2023,9,30550.35
sen-470,2023,9,26150.34
sen-5502,2023,9,26150.34
sen-5793,2023,9,30498.21
sen-5008,2023,9,26150.34
sen-5385,2023,9,30237.32
sen-6010,2023,9,30446.08
sen-4770,2023,9,26150.34
sen-35,2023,9,26254.61
sen-6340,2023,9,30446.08
sen-581,2023,9,26150.34
sen-4531,2023,9,30446.08
sen-5895,2023,9,30446.08
sen-6342,2023,9,30550.35
sen-3806,2023,9,30446.08
sen-70,2023,9,33428.64
sen-5207,2023,9,30446.08
sen-4639,2023,9,26202.47
sen-5016,2023,9,26150.34
sen-4811,2023,9,30446.08
sen-5979,2023,9,30446.08
sen-1186,2023,9,26150.34
sen-5976,2023,9,30446.08
sen-5926,2023,9,30446.08
sen-631,2023,9,26202.47
sen-5376,2023,9,26150.34
sen-742,2023,9,30446.08
sen-285,2023,9,24442.12
sen-6009,2023,9,30498.21
sen-5942,2023,9,30550.35
sen-5422,2023,9,30550.35
sen-6304,2023,9,30446.08
sen-5386,2023,9,29090.61
sen-6338,2023,9,30446.08
sen-6362,2023,9,30498.21
sen-5985,2023,9,26202.47
sen-5525,2023,9,30446.08
sen-5924,2023,9,30446.08
sen-5523,2023,9,30446.08
sen-825,2023,9,26202.47
sen-5012,2023,9,30996.08
sen-5732,2023,9,30498.21
sen-5905,2023,9,34464.95
sen-5352,2023,9,31029.87
sen-4694,2023,9,26254.61
sen-5322,2023,9,26150.34
sen-4560,2023,9,27437.59
sen-6331,2023,9,30446.08
sen-5988,2023,9,30446.08
sen-5736,2023,9,30446.08
sen-5899,2023,9,30446.08
sen-5748,2023,9,29471.98
sen-1173,2023,9,26150.34
sen-5411,2023,9,25517.74
sen-5070,2023,9,30654.62
sen-5783,2023,9,29754.17
sen-6008,2023,10,0.0
sen-6358,2023,10,0.0
sen-6350,2023,10,0.0
sen-739,2023,10,0.0
sen-5998,2023,10,0.0
sen-3830,2023,10,0.0
sen-5959,2023,10,0.0
sen-5953,2023,10,0.0
sen-345,2023,10,0.0
sen-5894,2023,10,0.0
sen-470,2023,10,0.0
sen-5502,2023,10,0.0
sen-5008,2023,10,0.0
sen-5385,2023,10,0.0
sen-6340,2023,10,0.0
sen-581,2023,10,0.0
sen-6342,2023,10,0.0
sen-4811,2023,10,0.0
sen-5376,2023,10,0.0
sen-285,2023,10,0.0
sen-6338,2023,10,0.0
sen-5985,2023,10,0.0
sen-5924,2023,10,0.0
sen-5732,2023,10,0.0
sen-5352,2023,10,0.0
sen-5672,2023,10,26150.34
sen-5982,2023,10,24616.68
sen-6008,2023,10,30498.21
sen-6358,2023,10,30550.35
sen-5967,2023,10,26150.34
sen-6369,2023,10,30446.08
sen-6341,2023,10,30446.08
sen-6027,2023,10,26202.47
sen-6350,2023,10,23537.86
sen-6336,2023,10,23537.86
sen-5990,2023,10,30446.08
sen-4994,2023,10,26150.34
sen-3777,2023,10,30550.35
sen-5936,2023,10,30498.21
sen-6295,2023,10,30602.49
sen-5973,2023,10,30654.62
sen-739,2023,10,26150.34
sen-6337,2023,10,30446.08
sen-475,2023,10,30446.08
sen-6335,2023,10,30446.08
sen-5998,2023,10,30446.08
sen-3830,2023,10,30550.35
sen-5959,2023,10,31591.47
sen-4642,2023,10,26306.75
sen-5718,2023,10,26202.47
sen-22,2023,10,26150.34
sen-5953,2023,10,30602.49
sen-5917,2023,10,30446.08
sen-6345,2023,10,30446.08
sen-4605,2023,10,30940.26
sen-345,2023,10,26202.47
sen-5894,2023,10,30550.35
sen-470,2023,10,26150.34
sen-5502,2023,10,26150.34
sen-5793,2023,10,30498.21
sen-5008,2023,10,26150.34
sen-5385,2023,10,30237.32
sen-6010,2023,10,30446.08
sen-4770,2023,10,26150.34
sen-35,2023,10,26254.61
sen-6340,2023,10,30446.08
sen-581,2023,10,26150.34
sen-4531,2023,10,30446.08
sen-5895,2023,10,30446.08
sen-6342,2023,10,30550.35
sen-3806,2023,10,30446.08
sen-70,2023,10,33428.64
sen-5207,2023,10,30446.08
sen-4639,2023,10,26202.47
sen-5016,2023,10,26150.34
sen-4811,2023,10,30446.08
sen-5979,2023,10,30446.08
sen-1186,2023,10,26150.34
sen-5976,2023,10,30446.08
sen-5926,2023,10,30446.08
sen-631,2023,10,26202.47
sen-5376,2023,10,26150.34
sen-742,2023,10,30446.08
sen-285,2023,10,24442.12
sen-6009,2023,10,30498.21
sen-5942,2023,10,30550.35
sen-5422,2023,10,30550.35
sen-6304,2023,10,30446.08
sen-5386,2023,10,29090.61
sen-6338,2023,10,30446.08
sen-6362,2023,10,30498.21
sen-5985,2023,10,26202.47
sen-5525,2023,10,30446.08
sen-5924,2023,10,30446.08
sen-5523,2023,10,30446.08
sen-825,2023,10,26202.47
sen-5012,2023,10,30996.08
sen-5732,2023,10,30498.21
sen-5905,2023,10,34464.95
sen-5352,2023,10,31029.87
sen-4694,2023,10,26254.61
sen-5322,2023,10,26150.34
sen-4560,2023,10,27437.59
sen-6331,2023,10,30446.08
sen-5988,2023,10,30446.08
sen-5736,2023,10,30446.08
sen-5899,2023,10,30446.08
sen-5748,2023,10,30446.08
sen-1173,2023,10,26150.34
sen-5411,2023,10,26306.75
sen-5070,2023,10,30706.76
sen-5783,2023,10,29754.17
sen-5672,2023,11,0.0
sen-5982,2023,11,0.0
sen-6350,2023,11,0.0
sen-5959,2023,11,0.0
sen-5718,2023,11,0.0
sen-5953,2023,11,0.0
sen-470,2023,11,0.0
sen-5008,2023,11,0.0
sen-581,2023,11,0.0
sen-4811,2023,11,0.0
sen-5979,2023,11,0.0
sen-6304,2023,11,7295.11
sen-5012,2023,11,0.0
sen-5672,2023,11,26150.34
sen-5982,2023,11,24616.68
sen-6008,2023,11,30498.21
sen-6358,2023,11,30550.35
sen-5967,2023,11,26150.34
sen-6369,2023,11,30446.08
sen-6341,2023,11,30446.08
sen-6027,2023,11,26202.47
sen-6350,2023,11,23537.86
sen-6336,2023,11,23537.86
sen-5990,2023,11,30446.08
sen-4994,2023,11,26150.34
sen-3777,2023,11,30550.35
sen-5936,2023,11,30498.21
sen-6295,2023,11,30602.49
sen-5973,2023,11,30654.62
sen-739,2023,11,26150.34
sen-6337,2023,11,30446.08
sen-475,2023,11,30446.08
sen-6335,2023,11,30446.08
sen-5998,2023,11,30446.08
sen-3830,2023,11,30550.35
sen-5959,2023,11,31591.47
sen-4642,2023,11,26306.75
sen-5718,2023,11,26202.47
sen-22,2023,11,26150.34
sen-5953,2023,11,30602.49
sen-5917,2023,11,30446.08
sen-6345,2023,11,30446.08
sen-4605,2023,11,30940.26
sen-345,2023,11,26202.47
sen-5894,2023,11,30550.35
sen-470,2023,11,26150.34
sen-5502,2023,11,26150.34
sen-5793,2023,11,30498.21
sen-5008,2023,11,26150.34
sen-5385,2023,11,30237.32
sen-6010,2023,11,30446.08
sen-4770,2023,11,26150.34
sen-35,2023,11,26254.61
sen-6340,2023,11,30446.08
sen-581,2023,11,26150.34
sen-4531,2023,11,30446.08
sen-5895,2023,11,30446.08
sen-6342,2023,11,30550.35
sen-3806,2023,11,30446.08
sen-70,2023,11,33428.64
sen-5207,2023,11,30446.08
sen-4639,2023,11,26202.47
sen-5016,2023,11,26150.34
sen-4811,2023,11,30446.08
sen-5979,2023,11,30446.08
sen-1186,2023,11,26150.34
sen-5976,2023,11,30446.08
sen-5926,2023,11,30446.08
sen-631,2023,11,26202.47
sen-5376,2023,11,26150.34
sen-742,2023,11,29471.98
sen-285,2023,11,24442.12
sen-6009,2023,11,30498.21
sen-5942,2023,11,30550.35
sen-5422,2023,11,30550.35
sen-6304,2023,11,30446.08
sen-5386,2023,11,29090.61
sen-6338,2023,11,30446.08
sen-5985,2023,11,26202.47
sen-5525,2023,11,30446.08
sen-5924,2023,11,28432.95
sen-5523,2023,11,30446.08
sen-825,2023,11,26202.47
sen-5012,2023,11,30996.08
sen-5732,2023,11,30498.21
sen-5905,2023,11,34464.95
sen-5352,2023,11,31029.87
sen-4694,2023,11,26254.61
sen-5322,2023,11,26150.34
sen-4560,2023,11,27437.59
sen-6331,2023,11,30446.08
sen-5988,2023,11,30446.08
sen-5736,2023,11,30446.08
sen-5899,2023,11,30446.08
sen-5748,2023,11,30446.08
sen-1173,2023,11,26150.34
sen-5411,2023,11,26306.75
sen-5070,2023,11,27784.48
sen-5783,2023,11,29754.17
sen-5672,2023,12,6757.49
sen-5982,2023,12,3791.22
sen-6008,2023,12,9672.75
sen-6358,2023,12,10679.38
sen-5967,2023,12,5324.88
sen-6369,2023,12,19042.5
sen-6369,2023,12,-102.29
sen-6341,2023,12,10575.11
sen-6027,2023,12,5377.01
sen-6350,2023,12,10528.77
sen-6350,2023,12,-95.55
sen-6336,2023,12,4295.56
sen-5990,2023,12,9620.62
sen-4994,2023,12,5324.88
sen-3777,2023,12,9724.89
sen-5936,2023,12,9672.75
sen-6295,2023,12,9777.03
sen-5973,2023,12,9829.16
sen-739,2023,12,5324.88
sen-6337,2023,12,10575.11
sen-475,2023,12,9620.62
sen-6335,2023,12,10575.11
sen-5998,2023,12,9620.62
sen-3830,2023,12,10679.38
sen-5959,2023,12,10766.01
sen-4642,2023,12,6913.9
sen-5718,2023,12,5377.01
sen-22,2023,12,5324.88
sen-5953,2023,12,9777.03
sen-5917,2023,12,9620.62
sen-6345,2023,12,18068.4
sen-6345,2023,12,10964.19
sen-4605,2023,12,11069.29
sen-345,2023,12,5377.01
sen-5894,2023,12,9724.89
sen-470,2023,12,5324.88
sen-5502,2023,12,5324.88
sen-5793,2023,12,10627.24
sen-5008,2023,12,5324.88
sen-5385,2023,12,9411.86
sen-6010,2023,12,9620.62
sen-4770,2023,12,5324.88
sen-35,2023,12,5429.15
sen-6340,2023,12,10575.11
sen-581,2023,12,5324.88
sen-4531,2023,12,9620.62
sen-5895,2023,12,9620.62
sen-6342,2023,12,10679.38
sen-3806,2023,12,9620.62
sen-70,2023,12,12603.18
sen-5207,2023,12,10575.11
sen-4639,2023,12,6809.63
sen-5016,2023,12,6757.49
sen-4811,2023,12,10575.11
sen-5979,2023,12,9620.62
sen-1186,2023,12,5324.88
sen-5976,2023,12,9620.62
sen-5926,2023,12,9620.62
sen-631,2023,12,6809.63
sen-5376,2023,12,5324.88
sen-742,2023,12,9620.62
sen-285,2023,12,5377.01
sen-6009,2023,12,10627.24
sen-5942,2023,12,9724.89
sen-5422,2023,12,10679.38
sen-6304,2023,12,10893.17
sen-6304,2023,12,10964.19
sen-5386,2023,12,9385.59
sen-6338,2023,12,10575.11
sen-5985,2023,12,5377.01
sen-5525,2023,12,10575.11
sen-5924,2023,12,9620.62
sen-5523,2023,12,10575.11
sen-825,2023,12,5377.01
sen-5012,2023,12,10170.62
sen-5732,2023,12,9672.75
sen-5905,2023,12,13639.49
sen-5352,2023,12,10204.41
sen-4694,2023,12,6861.76
sen-5322,2023,12,6757.49
sen-4560,2023,12,6612.13
sen-6331,2023,12,10627.24
sen-5988,2023,12,9620.62
sen-5736,2023,12,10575.11
sen-5899,2023,12,9620.62
sen-5748,2023,12,9620.62
sen-1173,2023,12,6757.49
sen-5411,2023,12,5481.29
sen-5070,2023,12,10835.79
sen-5783,2023,12,8928.71
sen-5672,2023,12,26150.34
sen-5982,2023,12,24616.68
sen-6008,2023,12,30498.21
sen-6358,2023,12,30550.35
sen-5967,2023,12,26150.34
sen-6369,2023,12,20934.19
sen-6341,2023,12,30446.08
sen-6027,2023,12,26202.47
sen-6350,2023,12,16780.28
sen-6336,2023,12,23537.86
sen-5990,2023,12,30446.08
sen-4994,2023,12,26150.34
sen-3777,2023,12,30550.35
sen-5936,2023,12,30498.21
sen-6295,2023,12,30602.49
sen-5973,2023,12,30654.62
sen-739,2023,12,26150.34
sen-6337,2023,12,30446.08
sen-475,2023,12,30446.08
sen-6335,2023,12,30446.08
sen-5998,2023,12,30446.08
sen-3830,2023,12,30550.35
sen-5959,2023,12,31591.47
sen-4642,2023,12,26306.75
sen-5718,2023,12,26202.47
sen-22,2023,12,26150.34
sen-5953,2023,12,30602.49
sen-5917,2023,12,30446.08
sen-4605,2023,12,30940.26
sen-345,2023,12,26202.47
sen-5894,2023,12,30550.35
sen-470,2023,12,26150.34
sen-5502,2023,12,26150.34
sen-5793,2023,12,30498.21
sen-5008,2023,12,26150.34
sen-5385,2023,12,30237.32
sen-6010,2023,12,30446.08
sen-4770,2023,12,26150.34
sen-35,2023,12,26254.61
sen-6340,2023,12,30446.08
sen-581,2023,12,26150.34
sen-4531,2023,12,30446.08
sen-5895,2023,12,30446.08
sen-6342,2023,12,30550.35
sen-3806,2023,12,30446.08
sen-70,2023,12,33428.64
sen-5207,2023,12,30446.08
sen-4639,2023,12,26202.47
sen-5016,2023,12,26150.34
sen-4811,2023,12,30446.08
sen-5979,2023,12,30446.08
sen-1186,2023,12,26150.34
sen-5976,2023,12,30446.08
sen-5926,2023,12,30446.08
sen-631,2023,12,26202.47
sen-5376,2023,12,26150.34
sen-742,2023,12,30446.08
sen-285,2023,12,24389.97
sen-6009,2023,12,30498.21
sen-5942,2023,12,30550.35
sen-5422,2023,12,30550.35
sen-5386,2023,12,29090.61
sen-6338,2023,12,30446.08
sen-5985,2023,12,26202.47
sen-5525,2023,12,30446.08
sen-5924,2023,12,30446.08
sen-5523,2023,12,30446.08
sen-825,2023,12,26202.47
sen-5012,2023,12,30996.08
sen-5732,2023,12,30498.21
sen-5905,2023,12,34464.95
sen-5352,2023,12,31029.87
sen-4694,2023,12,26254.61
sen-5322,2023,12,26150.34
sen-4560,2023,12,27437.59
sen-6331,2023,12,30498.21
sen-5988,2023,12,30446.08
sen-5736,2023,12,30446.08
sen-5899,2023,12,30446.08
sen-5748,2023,12,30446.08
sen-1173,2023,12,26150.34
sen-5411,2023,12,25517.74
sen-5070,2023,12,30706.76
sen-5783,2023,12,29754.17
sen-6358,2024,1,0.0
sen-5967,2024,1,0.0
sen-6341,2024,1,0.0
sen-6350,2024,1,0.0
sen-6345,2024,1,0.0
sen-5385,2024,1,0.0
sen-4811,2024,1,0.0
sen-6009,2024,1,0.0
sen-5748,2024,1,0.0
sen-5672,2024,1,26180.72
sen-5982,2024,1,24616.68
sen-6008,2024,1,30475.1
sen-6358,2024,1,30527.24
sen-5967,2024,1,26180.72
sen-6369,2024,1,30422.98
sen-6341,2024,1,30422.98
sen-6027,2024,1,25417.54
sen-6350,2024,1,23537.86
sen-6336,2024,1,23537.86
sen-5990,2024,1,30422.98
sen-4994,2024,1,26180.72
sen-3777,2024,1,30527.24
sen-5936,2024,1,30475.1
sen-6295,2024,1,30579.39
sen-5973,2024,1,30631.51
sen-739,2024,1,26180.72
sen-6337,2024,1,30422.98
sen-475,2024,1,30422.98
sen-6335,2024,1,30422.98
sen-5998,2024,1,30422.98
sen-3830,2024,1,30527.24
sen-5959,2024,1,31568.37
sen-4642,2024,1,26337.13
sen-5718,2024,1,26232.85
sen-22,2024,1,26180.72
sen-5953,2024,1,30579.39
sen-5917,2024,1,30422.98
sen-6345,2024,1,30422.98
sen-4605,2024,1,30940.26
sen-345,2024,1,26232.85
sen-5894,2024,1,30527.24
sen-470,2024,1,26180.72
sen-5502,2024,1,26180.72
sen-5793,2024,1,30475.1
sen-5008,2024,1,26180.72
sen-5385,2024,1,30471.34
sen-6010,2024,1,30422.98
sen-4770,2024,1,26180.72
sen-35,2024,1,26284.99
sen-6340,2024,1,30422.98
sen-581,2024,1,26180.72
sen-4531,2024,1,30422.98
sen-5895,2024,1,30422.98
sen-6342,2024,1,30527.24
sen-3806,2024,1,30422.98
sen-70,2024,1,33403.32
sen-5207,2024,1,30422.98
sen-4639,2024,1,26232.85
sen-5016,2024,1,26180.72
sen-4811,2024,1,30422.98
sen-5979,2024,1,30422.98
sen-1186,2024,1,26180.72
sen-5976,2024,1,30422.98
sen-5926,2024,1,30422.98
sen-631,2024,1,26232.85
sen-5376,2024,1,26180.72
sen-742,2024,1,30422.98
sen-285,2024,1,24420.36
sen-6009,2024,1,30475.1
sen-5942,2024,1,30527.24
sen-5422,2024,1,30527.24
sen-6304,2024,1,30422.98
sen-5386,2024,1,29090.61
sen-6338,2024,1,30422.98
sen-5985,2024,1,26232.85
sen-5525,2024,1,30422.98
sen-5924,2024,1,30422.98
sen-5523,2024,1,30422.98
sen-825,2024,1,26232.85
sen-5012,2024,1,30972.98
sen-5732,2024,1,30475.1
sen-5905,2024,1,34438.8
sen-5352,2024,1,31029.87
sen-4694,2024,1,26284.99
sen-5322,2024,1,26180.72
sen-4560,2024,1,27469.22
sen-6331,2024,1,30475.1
sen-5988,2024,1,30422.98
sen-5736,2024,1,30422.98
sen-5899,2024,1,30422.98
sen-5748,2024,1,30422.98
sen-1173,2024,1,26180.72
sen-5411,2024,1,26337.13
sen-5070,2024,1,30683.66
sen-5783,2024,1,29754.17
sen-6358,2024,2,3105.77
sen-6341,2024,2,0.0
sen-6027,2024,2,0.0
sen-5998,2024,2,0.0
sen-4642,2024,2,0.0
sen-22,2024,2,0.0
sen-6345,2024,2,0.0
sen-4605,2024,2,-8057.24
sen-5385,2024,2,0.0
sen-581,2024,2,0.0
sen-6342,2024,2,0.0
sen-4811,2024,2,0.0
sen-5386,2024,2,0.0
sen-5985,2024,2,0.0
sen-5672,2024,2,27576.26
sen-5982,2024,2,26336.97
sen-6008,2024,2,32195.4
sen-5967,2024,2,27576.26
sen-6369,2024,2,32143.27
sen-6341,2024,2,32143.27
sen-6027,2024,2,27628.4
sen-6350,2024,2,24831.15
sen-6336,2024,2,24831.15
sen-5990,2024,2,32143.27
sen-4994,2024,2,27576.26
sen-3777,2024,2,32247.54
sen-5936,2024,2,32247.54
sen-6295,2024,2,32299.68
sen-5973,2024,2,32351.81
sen-739,2024,2,27576.26
sen-6337,2024,2,32143.27
sen-475,2024,2,32143.27
sen-6335,2024,2,32143.27
sen-5998,2024,2,32143.27
sen-3830,2024,2,32247.54
sen-5959,2024,2,33353.5
sen-4642,2024,2,27732.67
sen-5718,2024,2,27628.4
sen-22,2024,2,27576.26
sen-5953,2024,2,32299.68
sen-5917,2024,2,32143.27
sen-6345,2024,2,32143.27
sen-4605,2024,2,32115.12
sen-345,2024,2,27576.26
sen-5894,2024,2,32247.54
sen-470,2024,2,27576.26
sen-5502,2024,2,27576.26
sen-5793,2024,2,32195.4
sen-5008,2024,2,27576.26
sen-5385,2024,2,31872.31
sen-6010,2024,2,32143.27
sen-4770,2024,2,27576.26
sen-35,2024,2,27628.4
sen-6340,2024,2,32143.27
sen-581,2024,2,27576.26
sen-4531,2024,2,32143.27
sen-5895,2024,2,32143.27
sen-6342,2024,2,32247.54
sen-3806,2024,2,32143.27
sen-70,2024,2,35289.19
sen-5207,2024,2,32143.27
sen-4639,2024,2,27628.4
sen-5016,2024,2,27576.26
sen-4811,2024,2,32143.27
sen-5979,2024,2,32143.27
sen-1186,2024,2,27576.26
sen-5976,2024,2,32143.27
sen-5926,2024,2,32143.27
sen-631,2024,2,27628.4
sen-5376,2024,2,27576.26
sen-742,2024,2,32143.27
sen-285,2024,2,25815.9
sen-6009,2024,2,32195.4
sen-5942,2024,2,32247.54
sen-5422,2024,2,32247.54
sen-6304,2024,2,32143.27
sen-5386,2024,2,30810.91
sen-6338,2024,2,32143.27
sen-5985,2024,2,27628.4
sen-5525,2024,2,32143.27
sen-5924,2024,2,32143.27
sen-5523,2024,2,32143.27
sen-825,2024,2,27628.4
sen-5012,2024,2,32693.27
sen-5732,2024,2,32195.4
sen-5905,2024,2,36386.17
sen-5352,2024,2,31913.04
sen-4694,2024,2,27680.53
sen-5322,2024,2,27576.26
sen-4560,2024,2,28870.19
sen-6331,2024,2,32195.4
sen-5988,2024,2,32143.27
sen-5736,2024,2,32143.27
sen-5899,2024,2,32143.27
sen-5748,2024,2,32143.27
sen-1173,2024,2,27576.26
sen-5411,2024,2,27680.53
sen-5070,2024,2,32403.95
sen-5783,2024,2,31430.69
sen-6358,2024,3,0.0
sen-5990,2024,3,0.0
sen-3777,2024,3,0.0
sen-4642,2024,3,0.0
sen-6345,2024,3,0.0
sen-470,2024,3,0.0
sen-5008,2024,3,0.0
sen-4811,2024,3,0.0
sen-6009,2024,3,0.0
sen-5905,2024,3,0.0
sen-4560,2024,3,0.0
sen-5411,2024,3,0.0
sen-5672,2024,3,27576.26
sen-5982,2024,3,26336.97
sen-6008,2024,3,32195.4
sen-6358,2024,3,41490.54
sen-5967,2024,3,27576.26
sen-6369,2024,3,32143.27
sen-6341,2024,3,32143.27
sen-6027,2024,3,27628.4
sen-6350,2024,3,24831.15
sen-6336,2024,3,24831.15
sen-5990,2024,3,32143.27
sen-4994,2024,3,27576.26
sen-3777,2024,3,32247.54
sen-5936,2024,3,32247.54
sen-6295,2024,3,32299.68
sen-5973,2024,3,32351.81
sen-739,2024,3,27576.26
sen-6337,2024,3,32143.27
sen-475,2024,3,32143.27
sen-6335,2024,3,32143.27
sen-5998,2024,3,32143.27
sen-3830,2024,3,32247.54
sen-5959,2024,3,33353.5
sen-4642,2024,3,27732.67
sen-5718,2024,3,27628.4
sen-22,2024,3,27576.26
sen-5953,2024,3,32299.68
sen-5917,2024,3,32143.27
sen-6345,2024,3,32143.27
sen-345,2024,3,27576.26
sen-5894,2024,3,32247.54
sen-470,2024,3,27576.26
sen-5502,2024,3,27576.26
sen-5793,2024,3,32195.4
sen-5008,2024,3,27576.26
sen-5385,2024,3,31924.46
sen-6010,2024,3,32143.27
sen-4770,2024,3,27576.26
sen-35,2024,3,27680.53
sen-6340,2024,3,32143.27
sen-581,2024,3,27576.26
sen-4531,2024,3,32143.27
sen-5895,2024,3,32143.27
sen-6342,2024,3,32247.54
sen-3806,2024,3,32143.27
sen-70,2024,3,35289.19
sen-5207,2024,3,32143.27
sen-4639,2024,3,27628.4
sen-5016,2024,3,27576.26
sen-4811,2024,3,32143.27
sen-5979,2024,3,32143.27
sen-1186,2024,3,27576.26
sen-5976,2024,3,32143.27
sen-5926,2024,3,32143.27
sen-631,2024,3,27628.4
sen-5376,2024,3,27576.26
sen-742,2024,3,32143.27
sen-285,2024,3,25815.9
sen-6009,2024,3,32195.4
sen-5942,2024,3,32247.54
sen-5422,2024,3,32247.54
sen-6304,2024,3,32143.27
sen-5386,2024,3,30810.91
sen-6338,2024,3,32143.27
sen-5985,2024,3,27628.4
sen-5525,2024,3,32143.27
sen-5924,2024,3,32143.27
sen-5523,2024,3,32143.27
sen-825,2024,3,27628.4
sen-5012,2024,3,32693.27
sen-5732,2024,3,32195.4
sen-5905,2024,3,36386.17
sen-5352,2024,3,32279.47
sen-4694,2024,3,27680.53
sen-5322,2024,3,27576.26
sen-4560,2024,3,28870.19
sen-6331,2024,3,32195.4
sen-5988,2024,3,32143.27
sen-5736,2024,3,32143.27
sen-5899,2024,3,32143.27
sen-5748,2024,3,32143.27
sen-1173,2024,3,27576.26
sen-5411,2024,3,27732.67
sen-5070,2024,3,32403.95
sen-5783,2024,3,31452.58
sen-5672,2024,4,0.0
sen-5982,2024,4,0.0
sen-6358,2024,4,0.0
sen-5990,2024,4,0.0
sen-4642,2024,4,0.0
sen-5718,2024,4,0.0
sen-22,2024,4,0.0
sen-5953,2024,4,0.0
sen-6345,2024,4,87575.08
sen-470,2024,4,0.0
sen-5008,2024,4,0.0
sen-6015,2024,4,0.0
sen-6351,2024,4,0.0
sen-5376,2024,4,0.0
sen-6009,2024,4,0.0
sen-6338,2024,4,0.0
sen-5985,2024,4,0.0
sen-4560,2024,4,0.0
sen-5988,2024,4,0.0
sen-5736,2024,4,0.0
sen-5411,2024,4,0.0
sen-5672,2024,4,27576.26
sen-5982,2024,4,26336.97
sen-6008,2024,4,32195.4
sen-6358,2024,4,32247.54
sen-5967,2024,4,27576.26
sen-6369,2024,4,32143.27
sen-6341,2024,4,32143.27
sen-6027,2024,4,27628.4
sen-6350,2024,4,1158.89
sen-6336,2024,4,24831.15
sen-5990,2024,4,32143.27
sen-4994,2024,4,27576.26
sen-3777,2024,4,32247.54
sen-5936,2024,4,32247.54
sen-6295,2024,4,32299.68
sen-5973,2024,4,32351.81
sen-739,2024,4,27576.26
sen-6337,2024,4,32143.27
sen-475,2024,4,32143.27
sen-6335,2024,4,32143.27
sen-5998,2024,4,32143.27
sen-3830,2024,4,32247.54
sen-5959,2024,4,33353.5
sen-4642,2024,4,27732.67
sen-5718,2024,4,27628.4
sen-22,2024,4,27576.26
sen-5953,2024,4,32299.68
sen-5917,2024,4,32143.27
sen-6345,2024,4,-79492.74
sen-345,2024,4,27576.26
sen-5894,2024,4,32247.54
sen-470,2024,4,27576.26
sen-5502,2024,4,27576.26
sen-5793,2024,4,32195.4
sen-5008,2024,4,27576.26
sen-5385,2024,4,31924.46
sen-6015,2024,4,22571.41
sen-6010,2024,4,32143.27
sen-4770,2024,4,27576.26
sen-35,2024,4,27680.53
sen-6340,2024,4,32143.27
sen-6351,2024,4,31079.73
sen-581,2024,4,27576.26
sen-4531,2024,4,32143.27
sen-5895,2024,4,32143.27
sen-6342,2024,4,32247.54
sen-3806,2024,4,32143.27
sen-70,2024,4,35289.19
sen-5207,2024,4,32143.27
sen-4639,2024,4,27628.4
sen-5016,2024,4,27576.26
sen-4811,2024,4,32143.27
sen-5979,2024,4,32143.27
sen-1186,2024,4,27576.26
sen-5976,2024,4,32143.27
sen-5926,2024,4,32143.27
sen-631,2024,4,27628.4
sen-5376,2024,4,27576.26
sen-742,2024,4,32143.27
sen-285,2024,4,25815.9
sen-6009,2024,4,32195.4
sen-5942,2024,4,32247.54
sen-5422,2024,4,32247.54
sen-6304,2024,4,32143.27
sen-5386,2024,4,30810.91
sen-6338,2024,4,32143.27
sen-5985,2024,4,27628.4
sen-5525,2024,4,32143.27
sen-5924,2024,4,32143.27
sen-5523,2024,4,32143.27
sen-825,2024,4,27628.4
sen-5012,2024,4,32693.27
sen-5732,2024,4,32195.4
sen-5905,2024,4,36386.17
sen-5352,2024,4,32279.47
sen-4694,2024,4,27680.53
sen-5322,2024,4,25793.91
sen-4560,2024,4,28870.19
sen-6331,2024,4,32195.4
sen-5988,2024,4,32143.27
sen-5736,2024,4,32143.27
sen-5899,2024,4,32143.27
sen-5748,2024,4,32143.27
sen-1173,2024,4,27576.26
sen-5411,2024,4,27732.67
sen-5070,2024,4,32403.95
sen-5783,2024,4,31452.58
sen-5982,2024,5,0.0
sen-5967,2024,5,0.0
sen-6341,2024,5,0.0
sen-5973,2024,5,0.0
sen-739,2024,5,0.0
sen-5998,2024,5,0.0
sen-22,2024,5,0.0
sen-5953,2024,5,0.0
sen-470,2024,5,0.0
sen-5793,2024,5,0.0
sen-5008,2024,5,0.0
sen-5385,2024,5,0.0
sen-6015,2024,5,0.0
sen-581,2024,5,0.0
sen-5895,2024,5,0.0
sen-6342,2024,5,0.0
sen-3806,2024,5,0.0
sen-4811,2024,5,0.0
sen-5376,2024,5,0.0
sen-6009,2024,5,0.0
sen-5985,2024,5,0.0
sen-5525,2024,5,0.0
sen-825,2024,5,0.0
sen-5905,2024,5,0.0
sen-5352,2024,5,0.0
sen-5672,2024,5,27576.26
sen-5982,2024,5,26336.97
sen-6008,2024,5,32195.4
sen-6358,2024,5,32299.68
sen-5967,2024,5,27576.26
sen-6369,2024,5,32143.27
sen-6341,2024,5,32143.27
sen-6027,2024,5,27628.4
sen-6336,2024,5,24831.15
sen-5990,2024,5,32143.27
sen-4994,2024,5,27576.26
sen-3777,2024,5,32247.54
sen-5936,2024,5,32247.54
sen-6295,2024,5,32299.68
sen-5973,2024,5,32351.81
sen-739,2024,5,27576.26
sen-6337,2024,5,32143.27
sen-475,2024,5,32143.27
sen-6335,2024,5,32143.27
sen-5998,2024,5,32143.27
sen-3830,2024,5,32247.54
sen-5959,2024,5,33353.5
sen-4642,2024,5,27732.67
sen-5718,2024,5,27628.4
sen-22,2024,5,27576.26
sen-5953,2024,5,32299.68
sen-5917,2024,5,32143.27
sen-6345,2024,5,31114.03
sen-345,2024,5,27576.26
sen-5894,2024,5,32247.54
sen-470,2024,5,27576.26
sen-5502,2024,5,27576.26
sen-5793,2024,5,32143.27
sen-5008,2024,5,27576.26
sen-5385,2024,5,31924.46
sen-6015,2024,5,32143.27
sen-6010,2024,5,32143.27
sen-4770,2024,5,27576.26
sen-35,2024,5,27680.53
sen-6340,2024,5,32143.27
sen-6351,2024,5,32143.27
sen-581,2024,5,27576.26
sen-4531,2024,5,32143.27
sen-5895,2024,5,32143.27
sen-6342,2024,5,32247.54
sen-3806,2024,5,32143.27
sen-70,2024,5,35289.19
sen-5207,2024,5,32143.27
sen-4639,2024,5,27628.4
sen-5016,2024,5,27576.26
sen-4811,2024,5,32143.27
sen-5979,2024,5,32143.27
sen-1186,2024,5,27576.26
sen-5976,2024,5,32143.27
sen-5926,2024,5,32143.27
sen-631,2024,5,27628.4
sen-5376,2024,5,27576.26
sen-742,2024,5,32143.27
sen-285,2024,5,25815.9
sen-6009,2024,5,32195.4
sen-5942,2024,5,32247.54
sen-5422,2024,5,32247.54
sen-6304,2024,5,32143.27
sen-5386,2024,5,30810.91
sen-6338,2024,5,32143.27
sen-5985,2024,5,27628.4
sen-5525,2024,5,32143.27
sen-5924,2024,5,32143.27
sen-5523,2024,5,32143.27
sen-825,2024,5,27628.4
sen-5012,2024,5,32693.27
sen-5732,2024,5,32195.4
sen-5905,2024,5,36386.17
sen-5352,2024,5,32279.47
sen-4694,2024,5,27680.53
sen-5322,2024,5,27576.26
sen-4560,2024,5,28870.19
sen-6331,2024,5,32195.4
sen-5988,2024,5,32143.27
sen-5736,2024,5,32143.27
sen-5899,2024,5,32143.27
sen-5748,2024,5,32143.27
sen-1173,2024,5,27576.26
sen-5411,2024,5,27732.67
sen-5070,2024,5,32403.95
sen-5783,2024,5,31452.58
sen-5672,2024,6,22004.26
sen-5982,2024,6,22004.26
sen-6008,2024,6,22004.26
sen-6358,2024,6,14669.5
sen-6366,2024,6,11936.02
sen-5967,2024,6,22004.26
sen-6369,2024,6,22004.26
sen-6341,2024,6,22004.26
sen-6027,2024,6,22004.26
sen-6336,2024,6,22004.26
sen-5990,2024,6,22004.26
sen-4994,2024,6,22004.26
sen-3777,2024,6,22004.26
sen-5936,2024,6,22004.26
sen-6295,2024,6,22004.26
sen-5973,2024,6,22004.26
sen-739,2024,6,22004.26
sen-6337,2024,6,22004.26
sen-475,2024,6,22004.26
sen-6335,2024,6,22004.26
sen-5998,2024,6,22004.26
sen-3830,2024,6,22004.26
sen-5959,2024,6,22004.26
sen-4642,2024,6,22004.26
sen-5718,2024,6,22004.26
sen-22,2024,6,22004.26
sen-5953,2024,6,22004.26
sen-5917,2024,6,22004.26
sen-6345,2024,6,22004.26
sen-345,2024,6,22004.26
sen-6374,2024,6,12999.56
sen-5894,2024,6,22004.26
sen-470,2024,6,22004.26
sen-5502,2024,6,22004.26
sen-5793,2024,6,22004.26
sen-5008,2024,6,22004.26
sen-5385,2024,6,22004.26
sen-6015,2024,6,11002.13
sen-6010,2024,6,22004.26
sen-4770,2024,6,22004.26
sen-35,2024,6,22004.26
sen-6340,2024,6,22004.26
sen-6351,2024,6,11002.13
sen-581,2024,6,22004.26
sen-4531,2024,6,22004.26
sen-5895,2024,6,22004.26
sen-6342,2024,6,22004.26
sen-3806,2024,6,22004.26
sen-70,2024,6,22004.26
sen-5207,2024,6,22004.26
sen-4639,2024,6,22004.26
sen-5016,2024,6,22004.26
sen-4811,2024,6,22004.26
sen-5979,2024,6,22004.26
sen-1186,2024,6,22004.26
sen-5976,2024,6,22004.26
sen-5926,2024,6,22004.26
sen-631,2024,6,22004.26
sen-5376,2024,6,22004.26
sen-742,2024,6,22004.26
sen-285,2024,6,22004.26
sen-6009,2024,6,22004.26
sen-5942,2024,6,22004.26
sen-5422,2024,6,22004.26
sen-6304,2024,6,22004.26
sen-5386,2024,6,22004.26
sen-6338,2024,6,22004.26
sen-5985,2024,6,22004.26
sen-5525,2024,6,22004.26
sen-5924,2024,6,22004.26
sen-5523,2024,6,22004.26
sen-825,2024,6,22004.26
sen-5012,2024,6,22004.26
sen-5732,2024,6,22004.26
sen-5905,2024,6,22004.26
sen-5352,2024,6,22004.26
sen-4694,2024,6,22004.26
sen-5322,2024,6,22004.26
sen-6363,2024,6,0.0
sen-4560,2024,6,22004.26
sen-6331,2024,6,22004.26
sen-5988,2024,6,22004.26
sen-5736,2024,6,22004.26
sen-5899,2024,6,22004.26
sen-5748,2024,6,22004.26
sen-1173,2024,6,22004.26
sen-5411,2024,6,22004.26
sen-5070,2024,6,22004.26
sen-5783,2024,6,22004.26
sen-5672,2024,6,27576.26
sen-5982,2024,6,26336.97
sen-6008,2024,6,32195.4
sen-6358,2024,6,32299.68
sen-5967,2024,6,27576.26
sen-6369,2024,6,32143.27
sen-6341,2024,6,32143.27
sen-6027,2024,6,27628.4
sen-6336,2024,6,24831.15
sen-5990,2024,6,32143.27
sen-4994,2024,6,27576.26
sen-3777,2024,6,32247.54
sen-5936,2024,6,32247.54
sen-6295,2024,6,32299.68
sen-5973,2024,6,32351.81
sen-739,2024,6,27576.26
sen-6337,2024,6,32143.27
sen-475,2024,6,32143.27
sen-6335,2024,6,32143.27
sen-5998,2024,6,32143.27
sen-3830,2024,6,22675.68
sen-5959,2024,6,33353.5
sen-4642,2024,6,27732.67
sen-5718,2024,6,27628.4
sen-22,2024,6,27576.26
sen-5953,2024,6,32299.68
sen-5917,2024,6,32143.27
sen-6345,2024,6,32143.27
sen-345,2024,6,27576.26
sen-5894,2024,6,32247.54
sen-470,2024,6,27576.26
sen-5502,2024,6,27576.26
sen-5793,2024,6,32143.27
sen-5008,2024,6,27576.26
sen-5385,2024,6,31924.46
sen-6015,2024,6,32143.27
sen-6010,2024,6,32143.27
sen-4770,2024,6,27576.26
sen-35,2024,6,27680.53
sen-6340,2024,6,32143.27
sen-6351,2024,6,32143.27
sen-581,2024,6,27576.26
sen-4531,2024,6,32143.27
sen-5895,2024,6,32143.27
sen-6342,2024,6,32195.4
sen-3806,2024,6,32143.27
sen-70,2024,6,35289.19
sen-5207,2024,6,32143.27
sen-4639,2024,6,27628.4
sen-5016,2024,6,27576.26
sen-4811,2024,6,32143.27
sen-5979,2024,6,32143.27
sen-1186,2024,6,27576.26
sen-5976,2024,6,32143.27
sen-5926,2024,6,32143.27
sen-631,2024,6,27628.4
sen-5376,2024,6,27576.26
sen-742,2024,6,32143.27
sen-285,2024,6,25815.9
sen-6009,2024,6,32195.4
sen-5942,2024,6,32247.54
sen-5422,2024,6,32247.54
sen-6304,2024,6,32143.27
sen-5386,2024,6,30810.91
sen-6338,2024,6,32143.27
sen-5985,2024,6,27628.4
sen-5525,2024,6,32143.27
sen-5924,2024,6,32143.27
sen-5523,2024,6,32143.27
sen-825,2024,6,27628.4
sen-5012,2024,6,32693.27
sen-5732,2024,6,32195.4
sen-5905,2024,6,36386.17
sen-5352,2024,6,32279.47
sen-4694,2024,6,27680.53
sen-5322,2024,6,27576.26
sen-6363,2024,6,23048.16
sen-4560,2024,6,28870.19
sen-6331,2024,6,32195.4
sen-5988,2024,6,32143.27
sen-5736,2024,6,32143.27
sen-5899,2024,6,32143.27
sen-5748,2024,6,32143.27
sen-1173,2024,6,27576.26
sen-5411,2024,6,27732.67
sen-5070,2024,6,32403.95
sen-5783,2024,6,31452.58
sen-4979,2024,7,15675.56
sen-5991,2024,7,15675.56
sen-22,2024,7,0.0
sen-6015,2024,7,0.0
sen-6009,2024,7,0.0
sen-5985,2024,7,0.0
sen-5905,2024,7,0.0
sen-5352,2024,7,0.0
sen-5748,2024,7,0.0
sen-5672,2024,7,27576.26
sen-5982,2024,7,26336.97
sen-6008,2024,7,32195.4
sen-6358,2024,7,32299.68
sen-6366,2024,7,32143.27
sen-5967,2024,7,27576.26
sen-6369,2024,7,32143.27
sen-6341,2024,7,32143.27
sen-6027,2024,7,27628.4
sen-6350,2024,7,1121.51
sen-6336,2024,7,24831.15
sen-5990,2024,7,32143.27
sen-4994,2024,7,27576.26
sen-3777,2024,7,32247.54
sen-5936,2024,7,32247.54
sen-6295,2024,7,32299.68
sen-5973,2024,7,32351.81
sen-739,2024,7,27576.26
sen-6337,2024,7,32143.27
sen-475,2024,7,32143.27
sen-6335,2024,7,32143.27
sen-5998,2024,7,32143.27
sen-3830,2024,7,32247.54
sen-5959,2024,7,33353.5
sen-4642,2024,7,-13070.54
sen-5718,2024,7,27628.4
sen-22,2024,7,27576.26
sen-5953,2024,7,32299.68
sen-5917,2024,7,32143.27
sen-6345,2024,7,30084.8
sen-345,2024,7,27576.26
sen-6374,2024,7,32143.27
sen-5894,2024,7,32247.54
sen-470,2024,7,27576.26
sen-5502,2024,7,27576.26
sen-5793,2024,7,32195.4
sen-5008,2024,7,27576.26
sen-5385,2024,7,31924.46
sen-6015,2024,7,32143.27
sen-6010,2024,7,32143.27
sen-4770,2024,7,27576.26
sen-35,2024,7,27680.53
sen-6340,2024,7,32143.27
sen-6351,2024,7,32143.27
sen-581,2024,7,27576.26
sen-4531,2024,7,32143.27
sen-5895,2024,7,32143.27
sen-6342,2024,7,32195.4
sen-3806,2024,7,32143.27
sen-70,2024,7,35289.19
sen-5207,2024,7,32143.27
sen-4639,2024,7,27628.4
sen-5016,2024,7,27576.26
sen-4811,2024,7,32143.27
sen-5979,2024,7,32143.27
sen-1186,2024,7,27576.26
sen-5976,2024,7,32143.27
sen-5926,2024,7,32143.27
sen-631,2024,7,27628.4
sen-5376,2024,7,27576.26
sen-742,2024,7,32143.27
sen-285,2024,7,25815.9
sen-6009,2024,7,32195.4
sen-5942,2024,7,32247.54
sen-5422,2024,7,32247.54
sen-6304,2024,7,32143.27
sen-5386,2024,7,30810.91
sen-6338,2024,7,32143.27
sen-5985,2024,7,27628.4
sen-5525,2024,7,32143.27
sen-5924,2024,7,32143.27
sen-5523,2024,7,32143.27
sen-825,2024,7,27628.4
sen-5012,2024,7,32693.27
sen-5732,2024,7,32195.4
sen-5905,2024,7,36386.17
sen-5352,2024,7,32279.47
sen-4694,2024,7,-11882.3
sen-5322,2024,7,27576.26
sen-6363,2024,7,32143.27
sen-4560,2024,7,28870.19
sen-6331,2024,7,32195.4
sen-5988,2024,7,32143.27
sen-5736,2024,7,32143.27
sen-5899,2024,7,32143.27
sen-5748,2024,7,32143.27
sen-1173,2024,7,27576.26
sen-5411,2024,7,23564.28
sen-5070,2024,7,32403.95
sen-5783,2024,7,31452.58
sen-6366,2024,8,0.0
sen-739,2024,8,0.0
sen-345,2024,8,0.0
sen-470,2024,8,0.0
sen-5008,2024,8,0.0
sen-5385,2024,8,0.0
sen-6015,2024,8,6282.84
sen-6351,2024,8,-1549.28
sen-6011,2024,8,0.0
sen-5376,2024,8,0.0
sen-285,2024,8,0.0
sen-6009,2024,8,0.0
sen-5985,2024,8,0.0
sen-6363,2024,8,0.0
sen-6331,2024,8,0.0
sen-5672,2024,8,27576.26
sen-5982,2024,8,26336.97
sen-6008,2024,8,32195.4
sen-6358,2024,8,32299.68
sen-6366,2024,8,32143.27
sen-5967,2024,8,27576.26
sen-6369,2024,8,32143.27
sen-6341,2024,8,32143.27
sen-6027,2024,8,25905.46
sen-6350,2024,8,24831.15
sen-4979,2024,8,32143.27
sen-6336,2024,8,24831.15
sen-5990,2024,8,-18455.19
sen-4994,2024,8,27576.26
sen-3777,2024,8,32247.54
sen-5936,2024,8,32247.54
sen-6295,2024,8,32299.68
sen-5991,2024,8,32143.27
sen-5973,2024,8,32351.81
sen-739,2024,8,27576.26
sen-6337,2024,8,32143.27
sen-475,2024,8,32143.27
sen-6335,2024,8,32143.27
sen-5998,2024,8,32143.27
sen-3830,2024,8,32247.54
sen-5959,2024,8,33353.5
sen-5718,2024,8,27628.4
sen-22,2024,8,27576.26
sen-5953,2024,8,32299.68
sen-5917,2024,8,32143.27
sen-6345,2024,8,32143.27
sen-345,2024,8,27576.26
sen-6374,2024,8,32143.27
sen-5894,2024,8,32247.54
sen-470,2024,8,27576.26
sen-5502,2024,8,27576.26
sen-5793,2024,8,32195.4
sen-5008,2024,8,27576.26
sen-5385,2024,8,31924.46
sen-6010,2024,8,1313.05
sen-4770,2024,8,27576.26
sen-35,2024,8,27680.53
sen-6340,2024,8,32143.27
sen-581,2024,8,27576.26
sen-4531,2024,8,32143.27
sen-5895,2024,8,32143.27
sen-6342,2024,8,32195.4
sen-3806,2024,8,32143.27
sen-70,2024,8,35289.19
sen-5207,2024,8,32143.27
sen-6011,2024,8,27049.24
sen-4639,2024,8,27628.4
sen-5016,2024,8,27576.26
sen-4811,2024,8,32143.27
sen-5979,2024,8,32143.27
sen-1186,2024,8,27576.26
sen-5976,2024,8,32143.27
sen-5926,2024,8,32143.27
sen-631,2024,8,27628.4
sen-5376,2024,8,27576.26
sen-742,2024,8,32143.27
sen-285,2024,8,25815.9
sen-6009,2024,8,32195.4
sen-5942,2024,8,32247.54
sen-5422,2024,8,32247.54
sen-6304,2024,8,32143.27
sen-5386,2024,8,30810.91
sen-6338,2024,8,32143.27
sen-5985,2024,8,27628.4
sen-5525,2024,8,32143.27
sen-5924,2024,8,32143.27
sen-5523,2024,8,32143.27
sen-825,2024,8,27628.4
sen-5012,2024,8,32693.27
sen-5732,2024,8,32195.4
sen-5905,2024,8,36386.17
sen-5352,2024,8,32279.47
sen-5322,2024,8,27576.26
sen-6363,2024,8,32143.27
sen-4560,2024,8,28870.19
sen-6331,2024,8,32195.4
sen-5988,2024,8,32143.27
sen-5736,2024,8,32143.27
sen-5899,2024,8,32143.27
sen-5748,2024,8,32143.27
sen-1173,2024,8,27576.26
sen-5411,2024,8,27732.67
sen-5070,2024,8,32403.95
sen-5783,2024,8,31452.58
sen-6358,2024,9,0.0
sen-6366,2024,9,0.0
sen-6369,2024,9,896.0
sen-3777,2024,9,896.0
sen-739,2024,9,895.99
sen-5793,2024,9,896.0
sen-6015,2024,9,0.0
sen-581,2024,9,0.0
sen-3806,2024,9,896.0
sen-5979,2024,9,0.0
sen-5926,2024,9,896.0
sen-742,2024,9,896.0
sen-285,2024,9,896.0
sen-6009,2024,9,0.0
sen-6338,2024,9,0.0
sen-5985,2024,9,0.0
sen-5525,2024,9,896.0
sen-6363,2024,9,0.0
sen-4560,2024,9,896.0
sen-5988,2024,9,0.0
sen-5672,2024,9,27576.26
sen-5982,2024,9,24946.4
sen-6008,2024,9,32195.4
sen-6358,2024,9,32299.68
sen-6366,2024,9,32143.27
sen-5967,2024,9,27576.26
sen-6369,2024,9,31247.26
sen-6341,2024,9,32143.27
sen-6027,2024,9,27628.4
sen-6350,2024,9,24831.15
sen-4979,2024,9,32195.4
sen-6336,2024,9,24831.15
sen-4994,2024,9,27576.26
sen-3777,2024,9,31351.54
sen-5936,2024,9,32247.54
sen-6295,2024,9,32299.68
sen-5991,2024,9,32143.27
sen-5973,2024,9,32351.81
sen-739,2024,9,26680.26
sen-6337,2024,9,32143.27
sen-475,2024,9,28026.34
sen-6335,2024,9,32143.27
sen-5998,2024,9,32143.27
sen-3830,2024,9,32247.54
sen-5959,2024,9,33353.5
sen-5718,2024,9,27628.4
sen-22,2024,9,27576.26
sen-5953,2024,9,32299.68
sen-5917,2024,9,32143.27
sen-6345,2024,9,32143.27
sen-345,2024,9,27576.26
sen-6374,2024,9,32143.27
sen-5894,2024,9,32247.54
sen-470,2024,9,27576.26
sen-5502,2024,9,27576.26
sen-5793,2024,9,31299.4
sen-5008,2024,9,27576.26
sen-5385,2024,9,31976.59
sen-4770,2024,9,27576.26
sen-35,2024,9,27680.53
sen-6340,2024,9,32143.27
sen-581,2024,9,27576.26
sen-4531,2024,9,32143.27
sen-5895,2024,9,32143.27
sen-6342,2024,9,32195.4
sen-3806,2024,9,31247.26
sen-70,2024,9,35289.19
sen-5207,2024,9,32143.27
sen-6011,2024,9,32195.4
sen-4639,2024,9,27628.4
sen-5016,2024,9,27576.26
sen-4811,2024,9,32143.27
sen-5979,2024,9,32143.27
sen-1186,2024,9,27576.26
sen-5976,2024,9,32143.27
sen-5926,2024,9,31247.26
sen-631,2024,9,27628.4
sen-5376,2024,9,27576.26
sen-742,2024,9,31247.26
sen-285,2024,9,24919.89
sen-6009,2024,9,32195.4
sen-5942,2024,9,32247.54
sen-5422,2024,9,32247.54
sen-6304,2024,9,32143.27
sen-5386,2024,9,30810.91
sen-6338,2024,9,32143.27
sen-5985,2024,9,27628.4
sen-5525,2024,9,31247.26
sen-5924,2024,9,32143.27
sen-5523,2024,9,32143.27
sen-825,2024,9,27628.4
sen-5012,2024,9,32693.27
sen-5732,2024,9,32195.4
sen-5905,2024,9,36386.17
sen-5352,2024,9,32279.47
sen-5322,2024,9,27576.26
sen-6363,2024,9,32143.27
sen-4560,2024,9,27937.22
sen-6331,2024,9,32195.4
sen-5988,2024,9,32143.27
sen-5736,2024,9,32143.27
sen-5899,2024,9,32143.27
sen-5748,2024,9,32143.27
sen-1173,2024,9,27576.26
sen-5411,2024,9,27732.67
sen-5070,2024,9,32403.95
sen-5783,2024,9,31452.58
sen-5982,2024,10,0.0
sen-6008,2024,10,0.0
sen-6366,2024,10,-16664.17
sen-4979,2024,10,-18055.36
sen-5991,2024,10,0.0
sen-5917,2024,10,0.0
sen-345,2024,10,0.0
sen-6374,2024,10,-16664.17
sen-5008,2024,10,0.0
sen-5385,2024,10,0.0
sen-6011,2024,10,0.0
sen-4811,2024,10,0.0
sen-1186,2024,10,0.0
sen-6009,2024,10,0.0
sen-6304,2024,10,-4436.57
sen-5985,2024,10,0.0
sen-5732,2024,10,0.0
sen-5352,2024,10,0.0
sen-5411,2024,10,0.0
sen-5672,2024,10,27576.26
sen-5982,2024,10,25873.45
sen-6008,2024,10,32195.4
sen-6358,2024,10,32299.68
sen-6366,2024,10,32143.27
sen-5967,2024,10,27576.26
sen-6369,2024,10,32143.27
sen-6341,2024,10,32143.27
sen-6027,2024,10,27628.4
sen-6350,2024,10,24831.15
sen-4979,2024,10,32195.4
sen-6336,2024,10,24831.15
sen-4994,2024,10,27576.26
sen-3777,2024,10,32247.54
sen-5936,2024,10,32247.54
sen-6295,2024,10,32299.68
sen-5991,2024,10,32143.27
sen-5973,2024,10,32351.81
sen-739,2024,10,27576.26
sen-6337,2024,10,32143.27
sen-475,2024,10,32143.27
sen-6335,2024,10,32143.27
sen-5998,2024,10,32143.27
sen-3830,2024,10,32247.54
sen-5959,2024,10,33353.5
sen-4642,2024,10,13437.05
sen-5718,2024,10,27628.4
sen-22,2024,10,27576.26
sen-5953,2024,10,32299.68
sen-5917,2024,10,32143.27
sen-6345,2024,10,32143.27
sen-345,2024,10,27576.26
sen-6374,2024,10,32143.27
sen-5894,2024,10,32247.54
sen-470,2024,10,27576.26
sen-5502,2024,10,27576.26
sen-5793,2024,10,32195.4
sen-5008,2024,10,27576.26
sen-5385,2024,10,31976.59
sen-4770,2024,10,27576.26
sen-35,2024,10,27680.53
sen-6340,2024,10,32143.27
sen-581,2024,10,27576.26
sen-4531,2024,10,32143.27
sen-5895,2024,10,32143.27
sen-6342,2024,10,32195.4
sen-3806,2024,10,32143.27
sen-70,2024,10,35289.19
sen-5207,2024,10,32143.27
sen-6011,2024,10,32195.4
sen-4639,2024,10,27628.4
sen-5016,2024,10,27576.26
sen-4811,2024,10,32143.27
sen-5979,2024,10,32143.27
sen-1186,2024,10,27576.26
sen-5976,2024,10,32143.27
sen-5926,2024,10,32143.27
sen-631,2024,10,27628.4
sen-5376,2024,10,27576.26
sen-742,2024,10,32143.27
sen-285,2024,10,25815.9
sen-6009,2024,10,32195.4
sen-5942,2024,10,32247.54
sen-5422,2024,10,32247.54
sen-6304,2024,10,32143.27
sen-5386,2024,10,30810.91
sen-6338,2024,10,32143.27
sen-5985,2024,10,27628.4
sen-5525,2024,10,32143.27
sen-5924,2024,10,32143.27
sen-5523,2024,10,32143.27
sen-825,2024,10,27628.4
sen-5012,2024,10,32693.27
sen-5732,2024,10,32195.4
sen-5905,2024,10,36386.17
sen-5352,2024,10,32279.47
sen-4694,2024,10,13384.91
sen-5322,2024,10,27576.26
sen-6363,2024,10,32143.27
sen-4560,2024,10,28870.19
sen-6331,2024,10,32195.4
sen-5988,2024,10,32143.27
sen-5736,2024,10,32143.27
sen-5899,2024,10,32143.27
sen-5748,2024,10,32143.27
sen-1173,2024,10,27576.26
sen-5411,2024,10,27732.67
sen-5070,2024,10,32403.95
sen-5783,2024,10,31452.58
sen-6341,2024,11,0.0
sen-4979,2024,11,7685.52
sen-5991,2024,11,-8472.93
sen-5973,2024,11,0.0
sen-6335,2024,11,0.0
sen-4642,2024,11,0.0
sen-22,2024,11,0.0
sen-5008,2024,11,0.0
sen-5385,2024,11,0.0
sen-6011,2024,11,0.0
sen-285,2024,11,0.0
sen-6009,2024,11,0.0
sen-6304,2024,11,0.0
sen-5386,2024,11,0.0
sen-4694,2024,11,3462.17
sen-6363,2024,11,5605.07
sen-4560,2024,11,0.0
sen-5748,2024,11,0.0
sen-5672,2024,11,27576.26
sen-5982,2024,11,25873.45
sen-6008,2024,11,32195.4
sen-6358,2024,11,32299.68
sen-5967,2024,11,27576.26
sen-6369,2024,11,32143.27
sen-6341,2024,11,32143.27
sen-6027,2024,11,27576.26
sen-6350,2024,11,24831.15
sen-6336,2024,11,24831.15
sen-5990,2024,11,16190.19
sen-4994,2024,11,27576.26
sen-3777,2024,11,32247.54
sen-5936,2024,11,32247.54
sen-6295,2024,11,32299.68
sen-5991,2024,11,32143.27
sen-5973,2024,11,32351.81
sen-739,2024,11,27576.26
sen-6337,2024,11,32143.27
sen-475,2024,11,32143.27
sen-6335,2024,11,32143.27
sen-5998,2024,11,32143.27
sen-3830,2024,11,32247.54
sen-5959,2024,11,33353.5
sen-4642,2024,11,27732.67
sen-5718,2024,11,27784.81
sen-22,2024,11,27576.26
sen-5953,2024,11,32299.68
sen-5917,2024,11,32143.27
sen-6345,2024,11,32143.27
sen-345,2024,11,27576.26
sen-5894,2024,11,32247.54
sen-470,2024,11,27576.26
sen-5502,2024,11,27576.26
sen-5793,2024,11,32195.4
sen-5008,2024,11,27576.26
sen-5385,2024,11,31976.59
sen-6010,2024,11,1356.11
sen-4770,2024,11,27576.26
sen-35,2024,11,27680.53
sen-6340,2024,11,32143.27
sen-581,2024,11,27576.26
sen-4531,2024,11,32143.27
sen-5895,2024,11,32143.27
sen-6342,2024,11,32195.4
sen-3806,2024,11,32143.27
sen-70,2024,11,35289.19
sen-5207,2024,11,32143.27
sen-6011,2024,11,32195.4
sen-4639,2024,11,27628.4
sen-5016,2024,11,27576.26
sen-4811,2024,11,32143.27
sen-5979,2024,11,32143.27
sen-1186,2024,11,27576.26
sen-5976,2024,11,32143.27
sen-5926,2024,11,32143.27
sen-631,2024,11,27628.4
sen-5376,2024,11,27576.26
sen-742,2024,11,32143.27
sen-285,2024,11,25815.9
sen-6009,2024,11,32195.4
sen-5942,2024,11,32247.54
sen-5422,2024,11,32247.54
sen-6304,2024,11,32143.27
sen-5386,2024,11,30810.91
sen-6338,2024,11,32143.27
sen-5985,2024,11,27628.4
sen-5525,2024,11,32143.27
sen-5924,2024,11,32143.27
sen-5523,2024,11,32143.27
sen-825,2024,11,27628.4
sen-5012,2024,11,32693.27
sen-5732,2024,11,32195.4
sen-5905,2024,11,36386.17
sen-5352,2024,11,32279.47
sen-4694,2024,11,27680.53
sen-5322,2024,11,27576.26
sen-4560,2024,11,28870.19
sen-6331,2024,11,32195.4
sen-5988,2024,11,32143.27
sen-5736,2024,11,32143.27
sen-5899,2024,11,2308.98
sen-5748,2024,11,32143.27
sen-1173,2024,11,27576.26
sen-5411,2024,11,27732.67
sen-5070,2024,11,32403.95
sen-5783,2024,11,31452.58
sen-5672,2024,12,5572.0
sen-5982,2024,12,3869.19
sen-6008,2024,12,10191.14
sen-6358,2024,12,12312.48
sen-5967,2024,12,5572.0
sen-6369,2024,12,10139.01
sen-6341,2024,12,10139.01
sen-6027,2024,12,5572.0
sen-6350,2024,12,16852.77
sen-6336,2024,12,2826.89
sen-5990,2024,12,2162.46
sen-4994,2024,12,5572.0
sen-3777,2024,12,10243.28
sen-5936,2024,12,10243.28
sen-6295,2024,12,10295.42
sen-5973,2024,12,10347.55
sen-739,2024,12,5572.0
sen-6337,2024,12,10139.01
sen-475,2024,12,10139.01
sen-6335,2024,12,10139.01
sen-5998,2024,12,10139.01
sen-3830,2024,12,10243.28
sen-5959,2024,12,11349.24
sen-4642,2024,12,-2886.26
sen-5718,2024,12,5728.41
sen-22,2024,12,5572.0
sen-5953,2024,12,10295.42
sen-5917,2024,12,10139.01
sen-6345,2024,12,10139.01
sen-345,2024,12,5572.0
sen-6374,2024,12,7661.83
sen-5894,2024,12,10243.28
sen-470,2024,12,5572.0
sen-5502,2024,12,5572.0
sen-5793,2024,12,10191.14
sen-5008,2024,12,5572.0
sen-5385,2024,12,9972.33
sen-6010,2024,12,-496.39
sen-4770,2024,12,5572.0
sen-35,2024,12,5676.27
sen-6340,2024,12,10139.01
sen-581,2024,12,5572.0
sen-4531,2024,12,10139.01
sen-5895,2024,12,10139.01
sen-6342,2024,12,10191.14
sen-3806,2024,12,10139.01
sen-70,2024,12,13284.93
sen-5207,2024,12,10139.01
sen-6011,2024,12,8449.13
sen-4639,2024,12,5624.14
sen-5016,2024,12,5572.0
sen-4811,2024,12,10139.01
sen-5979,2024,12,10139.01
sen-1186,2024,12,5572.0
sen-5976,2024,12,10139.01
sen-5926,2024,12,10139.01
sen-631,2024,12,5624.14
sen-5376,2024,12,5572.0
sen-742,2024,12,10139.01
sen-285,2024,12,5624.14
sen-6009,2024,12,10191.14
sen-5942,2024,12,10243.28
sen-5422,2024,12,10243.28
sen-6304,2024,12,9310.89
sen-6304,2024,12,-11522.73
sen-5386,2024,12,8806.65
sen-6338,2024,12,10139.01
sen-5985,2024,12,5624.14
sen-5525,2024,12,10139.01
sen-5924,2024,12,10139.01
sen-5523,2024,12,10139.01
sen-825,2024,12,5624.14
sen-5012,2024,12,10689.01
sen-5732,2024,12,10191.14
sen-5905,2024,12,14381.91
sen-5352,2024,12,5049.3
sen-4694,2024,12,-2938.39
sen-5322,2024,12,5572.0
sen-4560,2024,12,6865.93
sen-6331,2024,12,10191.14
sen-5988,2024,12,10139.01
sen-5736,2024,12,10139.01
sen-5899,2024,12,7480.16
sen-5748,2024,12,10139.01
sen-1173,2024,12,5572.0
sen-5411,2024,12,5728.41
sen-5070,2024,12,10399.69
sen-5783,2024,12,9448.32
sen-5672,2024,12,27576.26
sen-5982,2024,12,25873.45
sen-6008,2024,12,32195.4
sen-6358,2024,12,32299.68
sen-5967,2024,12,27576.26
sen-6369,2024,12,32143.27
sen-6341,2024,12,32143.27
sen-6027,2024,12,27576.26
sen-6350,2024,12,24831.15
sen-6336,2024,12,24831.15
sen-5990,2024,12,32143.27
sen-4994,2024,12,27576.26
sen-3777,2024,12,32247.54
sen-5936,2024,12,32247.54
sen-6295,2024,12,32299.68
sen-5973,2024,12,32351.81
sen-739,2024,12,27576.26
sen-6337,2024,12,32143.27
sen-475,2024,12,32143.27
sen-6335,2024,12,32143.27
sen-5998,2024,12,32143.27
sen-3830,2024,12,32247.54
sen-5959,2024,12,33353.5
sen-4642,2024,12,40257.82
sen-5718,2024,12,27732.67
sen-22,2024,12,27576.26
sen-5953,2024,12,32299.68
sen-5917,2024,12,32143.27
sen-6345,2024,12,32143.27
sen-345,2024,12,27576.26
sen-5894,2024,12,32247.54
sen-470,2024,12,27576.26
sen-5502,2024,12,27576.26
sen-5793,2024,12,32195.4
sen-5008,2024,12,27576.26
sen-5385,2024,12,31976.59
sen-6010,2024,12,32143.27
sen-4770,2024,12,27576.26
sen-35,2024,12,26013.19
sen-6340,2024,12,32143.27
sen-581,2024,12,27576.26
sen-4531,2024,12,32143.27
sen-5895,2024,12,32143.27
sen-6342,2024,12,32195.4
sen-3806,2024,12,32143.27
sen-70,2024,12,35289.19
sen-5207,2024,12,32143.27
sen-4639,2024,12,27628.4
sen-5016,2024,12,27576.26
sen-4811,2024,12,32143.27
sen-5979,2024,12,22880.18
sen-1186,2024,12,27576.26
sen-5976,2024,12,32143.27
sen-5926,2024,12,32143.27
sen-631,2024,12,27628.4
sen-5376,2024,12,27576.26
sen-742,2024,12,32143.27
sen-285,2024,12,25815.9
sen-6009,2024,12,32195.4
sen-5942,2024,12,32247.54
sen-5422,2024,12,32247.54
sen-6304,2024,12,29055.58
sen-5386,2024,12,30810.91
sen-6338,2024,12,32143.27
sen-5985,2024,12,27628.4
sen-5525,2024,12,32143.27
sen-5924,2024,12,32143.27
sen-5523,2024,12,32143.27
sen-825,2024,12,27628.4
sen-5012,2024,12,32693.27
sen-5732,2024,12,32195.4
sen-5905,2024,12,36386.17
sen-5352,2024,12,32279.47
sen-4694,2024,12,27680.53
sen-5322,2024,12,27576.26
sen-4560,2024,12,28870.19
sen-6331,2024,12,32195.4
sen-5988,2024,12,32143.27
sen-5736,2024,12,32143.27
sen-5899,2024,12,32143.27
sen-5748,2024,12,32143.27
sen-1173,2024,12,27576.26
sen-5411,2024,12,27732.67
sen-5070,2024,12,32403.95
sen-5783,2024,12,31452.58
sen-5982,2025,1,0.0
sen-5967,2025,1,0.0
sen-6341,2025,1,0.0
sen-739,2025,1,0.0
sen-4642,2025,1,-17276.07
sen-5906,2025,1,3641.74
sen-345,2025,1,0.0
sen-581,2025,1,0.0
sen-1186,2025,1,0.0
sen-6009,2025,1,0.0
sen-6304,2025,1,9500.17
sen-5924,2025,1,0.0
sen-5905,2025,1,-4258.89
sen-5672,2025,1,27616.56
sen-5982,2025,1,25873.45
sen-6008,2025,1,32164.38
sen-6358,2025,1,32268.65
sen-5967,2025,1,27616.56
sen-6369,2025,1,32112.24
sen-6341,2025,1,32112.24
sen-6027,2025,1,27616.56
sen-6350,2025,1,24831.15
sen-6336,2025,1,24831.15
sen-5990,2025,1,32112.24
sen-4994,2025,1,27616.56
sen-3777,2025,1,32216.52
sen-5936,2025,1,32216.52
sen-6295,2025,1,32268.65
sen-5973,2025,1,32320.79
sen-739,2025,1,27616.56
sen-6337,2025,1,32112.24
sen-475,2025,1,32112.24
sen-6335,2025,1,32112.24
sen-5998,2025,1,32112.24
sen-3830,2025,1,32216.52
sen-5959,2025,1,33322.48
sen-4642,2025,1,27772.98
sen-5718,2025,1,27772.98
sen-22,2025,1,27616.56
sen-5906,2025,1,32112.24
sen-5953,2025,1,32268.65
sen-5917,2025,1,32112.24
sen-6345,2025,1,32112.24
sen-345,2025,1,27616.56
sen-5894,2025,1,32216.52
sen-470,2025,1,27616.56
sen-5502,2025,1,27616.56
sen-5793,2025,1,32164.38
sen-5008,2025,1,27616.56
sen-5385,2025,1,32251.75
sen-6010,2025,1,32112.24
sen-4770,2025,1,27616.56
sen-35,2025,1,27720.83
sen-6340,2025,1,32112.24
sen-581,2025,1,27616.56
sen-4531,2025,1,32112.24
sen-5895,2025,1,32112.24
sen-6342,2025,1,32164.38
sen-3806,2025,1,32112.24
sen-70,2025,1,35255.18
sen-5207,2025,1,32112.24
sen-4639,2025,1,27668.69
sen-5016,2025,1,27616.56
sen-4811,2025,1,32112.24
sen-5979,2025,1,32112.24
sen-1186,2025,1,27616.56
sen-5976,2025,1,32112.24
sen-5926,2025,1,32112.24
sen-631,2025,1,27668.69
sen-5376,2025,1,27616.56
sen-742,2025,1,32112.24
sen-285,2025,1,25856.19
sen-6009,2025,1,32164.38
sen-5942,2025,1,32216.52
sen-5422,2025,1,32216.52
sen-6304,2025,1,32112.24
sen-5386,2025,1,30810.91
sen-6338,2025,1,32112.24
sen-5985,2025,1,27668.69
sen-5525,2025,1,32112.24
sen-5924,2025,1,32112.24
sen-5523,2025,1,32112.24
sen-825,2025,1,27668.69
sen-5012,2025,1,32662.24
sen-5732,2025,1,32164.38
sen-5352,2025,1,32295.36
sen-4694,2025,1,27720.83
sen-5322,2025,1,27616.56
sen-4560,2025,1,28912.15
sen-6331,2025,1,32164.38
sen-5988,2025,1,32112.24
sen-5736,2025,1,32112.24
sen-5899,2025,1,32112.24
sen-5748,2025,1,32112.24
sen-1173,2025,1,27616.56
sen-5411,2025,1,27772.98
sen-5070,2025,1,32372.93
sen-5783,2025,1,31452.58
sen-5672,2025,2,0.0
sen-6369,2025,2,3215.24
sen-6369,2025,2,0.0
sen-6350,2025,2,2786.34
sen-739,2025,2,0.0
sen-4642,2025,2,0.0
sen-5953,2025,2,0.0
sen-5385,2025,2,0.0
sen-6342,2025,2,0.0
sen-4811,2025,2,0.0
sen-631,2025,2,-1188.23
sen-285,2025,2,0.0
sen-6009,2025,2,0.0
sen-5422,2025,2,0.0
sen-6304,2025,2,3215.24
sen-5386,2025,2,0.0
sen-5985,2025,2,0.0
sen-5352,2025,2,0.0
sen-5672,2025,2,29001.11
sen-5982,2025,2,27582.76
sen-6008,2025,2,33873.69
sen-6358,2025,2,33977.97
sen-5967,2025,2,29001.11
sen-6369,2025,2,31420.45
sen-6341,2025,2,33821.55
sen-6027,2025,2,29053.24
sen-6350,2025,2,23792.85
sen-6336,2025,2,26112.93
sen-5990,2025,2,33821.55
sen-4994,2025,2,29001.11
sen-3777,2025,2,33925.83
sen-5936,2025,2,33925.83
sen-6295,2025,2,33977.97
sen-5973,2025,2,34030.1
sen-739,2025,2,29001.11
sen-6337,2025,2,33821.55
sen-475,2025,2,33821.55
sen-6335,2025,2,33821.55
sen-5998,2025,2,33821.55
sen-3830,2025,2,33925.83
sen-5959,2025,2,35096.62
sen-4642,2025,2,29157.51
sen-5718,2025,2,29209.65
sen-22,2025,2,29001.11
sen-5906,2025,2,33821.55
sen-5953,2025,2,33977.97
sen-5917,2025,2,33821.55
sen-6345,2025,2,33821.55
sen-345,2025,2,29001.11
sen-5894,2025,2,33925.83
sen-470,2025,2,29001.11
sen-5502,2025,2,29001.11
sen-5793,2025,2,33873.69
sen-5008,2025,2,29001.11
sen-5385,2025,2,33589.13
sen-6010,2025,2,33821.55
sen-4770,2025,2,29001.11
sen-35,2025,2,29105.38
sen-6340,2025,2,33821.55
sen-581,2025,2,29001.11
sen-4531,2025,2,33821.55
sen-5895,2025,2,33821.55
sen-6342,2025,2,33873.69
sen-3806,2025,2,33821.55
sen-70,2025,2,37129.01
sen-5207,2025,2,33821.55
sen-4639,2025,2,29053.24
sen-5016,2025,2,29001.11
sen-4811,2025,2,33821.55
sen-5979,2025,2,33821.55
sen-1186,2025,2,29001.11
sen-5976,2025,2,33821.55
sen-5926,2025,2,33821.55
sen-631,2025,2,29053.24
sen-5376,2025,2,29001.11
sen-742,2025,2,33821.55
sen-285,2025,2,27240.74
sen-6009,2025,2,33873.69
sen-5942,2025,2,33925.83
sen-5422,2025,2,33925.83
sen-6304,2025,2,31420.45
sen-5386,2025,2,32520.22
sen-6338,2025,2,33821.55
sen-5985,2025,2,29053.24
sen-5525,2025,2,33821.55
sen-5924,2025,2,33821.55
sen-5523,2025,2,33821.55
sen-825,2025,2,29053.24
sen-5012,2025,2,34371.55
sen-5732,2025,2,33873.69
sen-5352,2025,2,34004.67
sen-4694,2025,2,29105.38
sen-5322,2025,2,29001.11
sen-4560,2025,2,30353.81
sen-6331,2025,2,33873.69
sen-5988,2025,2,33821.55
sen-5736,2025,2,33821.55
sen-5899,2025,2,33821.55
sen-5748,2025,2,33821.55
sen-1173,2025,2,29001.11
sen-5411,2025,2,29157.51
sen-5070,2025,2,34082.24
sen-5783,2025,2,33161.89
sen-5936,2025,3,0.0
sen-739,2025,3,0.0
sen-5998,2025,3,0.0
sen-3830,2025,3,0.0
sen-345,2025,3,0.0
sen-470,2025,3,0.0
sen-581,2025,3,0.0
sen-6009,2025,3,0.0
sen-5386,2025,3,0.0
sen-5732,2025,3,0.0
sen-5988,2025,3,0.0
sen-5672,2025,3,29001.11
sen-5982,2025,3,27582.76
sen-6008,2025,3,33873.69
sen-6358,2025,3,33977.97
sen-5967,2025,3,29001.11
sen-6369,2025,3,33821.55
sen-6341,2025,3,33821.55
sen-6027,2025,3,29053.24
sen-6350,2025,3,26540.46
sen-6336,2025,3,26112.93
sen-5990,2025,3,33821.55
sen-4994,2025,3,29001.11
sen-3777,2025,3,33925.83
sen-5936,2025,3,33925.83
sen-6295,2025,3,33977.97
sen-5973,2025,3,34030.1
sen-739,2025,3,29001.11
sen-6337,2025,3,33821.55
sen-475,2025,3,33821.55
sen-6335,2025,3,33821.55
sen-5998,2025,3,33821.55
sen-3830,2025,3,33925.83
sen-5959,2025,3,35096.62
sen-4642,2025,3,29157.51
sen-5718,2025,3,29209.65
sen-22,2025,3,29001.11
sen-5906,2025,3,33821.55
sen-5953,2025,3,33977.97
sen-5917,2025,3,33821.55
sen-6345,2025,3,33821.55
sen-345,2025,3,29001.11
sen-5894,2025,3,33925.83
sen-470,2025,3,29001.11
sen-5502,2025,3,29001.11
sen-5793,2025,3,33873.69
sen-5008,2025,3,29001.11
sen-5385,2025,3,33589.13
sen-6010,2025,3,33821.55
sen-4770,2025,3,29001.11
sen-35,2025,3,29105.38
sen-6340,2025,3,33821.55
sen-581,2025,3,29001.11
sen-4531,2025,3,33821.55
sen-5895,2025,3,33821.55
sen-6342,2025,3,33873.69
sen-3806,2025,3,33821.55
sen-70,2025,3,37129.01
sen-5207,2025,3,33821.55
sen-4639,2025,3,29001.11
sen-5016,2025,3,29001.11
sen-4811,2025,3,33821.55
sen-5979,2025,3,33821.55
sen-1186,2025,3,29001.11
sen-5976,2025,3,33821.55
sen-5926,2025,3,33821.55
sen-631,2025,3,29053.24
sen-5376,2025,3,29001.11
sen-742,2025,3,33821.55
sen-285,2025,3,27240.74
sen-6009,2025,3,33873.69
sen-5942,2025,3,33925.83
sen-5422,2025,3,33925.83
sen-6304,2025,3,33821.55
sen-5386,2025,3,32520.22
sen-6338,2025,3,33821.55
sen-5985,2025,3,29053.24
sen-5525,2025,3,33821.55
sen-5924,2025,3,33821.55
sen-5523,2025,3,33821.55
sen-825,2025,3,29053.24
sen-5012,2025,3,34371.55
sen-5732,2025,3,33873.69
sen-5352,2025,3,34004.67
sen-4694,2025,3,29105.38
sen-5322,2025,3,29001.11
sen-4560,2025,3,30353.81
sen-6331,2025,3,33873.69
sen-5988,2025,3,33821.55
sen-5736,2025,3,33821.55
sen-5899,2025,3,33821.55
sen-5748,2025,3,33821.55
sen-1173,2025,3,29001.11
sen-5411,2025,3,29157.51
sen-5070,2025,3,34082.24
sen-5783,2025,3,33161.89
sen-5672,2025,4,0.0
sen-5982,2025,4,0.0
sen-5967,2025,4,0.0
sen-739,2025,4,0.0
sen-6335,2025,4,0.0
sen-3830,2025,4,0.0
sen-4642,2025,4,0.0
sen-22,2025,4,0.0
sen-5906,2025,4,0.0
sen-5953,2025,4,0.0
sen-345,2025,4,0.0
sen-470,2025,4,0.0
sen-5793,2025,4,0.0
sen-5008,2025,4,0.0
sen-6340,2025,4,0.0
sen-6342,2025,4,0.0
sen-3806,2025,4,0.0
sen-70,2025,4,0.0
sen-5979,2025,4,0.0
sen-1186,2025,4,0.0
sen-6009,2025,4,0.0
sen-5422,2025,4,0.0
sen-5386,2025,4,0.0
sen-5985,2025,4,0.0
sen-5012,2025,4,0.0
sen-5352,2025,4,0.0
sen-4560,2025,4,0.0
sen-6331,2025,4,0.0
sen-5988,2025,4,0.0
sen-5736,2025,4,0.0
sen-1173,2025,4,0.0
sen-5411,2025,4,0.0
sen-5672,2025,4,29001.11
sen-5982,2025,4,27582.76
sen-6008,2025,4,33873.69
sen-6358,2025,4,33977.97
sen-5967,2025,4,29001.11
sen-6369,2025,4,33821.55
sen-6341,2025,4,33821.55
sen-6027,2025,4,29053.24
sen-6350,2025,4,25303.68
sen-6336,2025,4,26112.93
sen-5990,2025,4,33821.55
sen-4994,2025,4,29001.11
sen-3777,2025,4,33925.83
sen-5936,2025,4,33925.83
sen-6295,2025,4,33977.97
sen-5973,2025,4,34030.1
sen-739,2025,4,29001.11
sen-6337,2025,4,33821.55
sen-475,2025,4,33821.55
sen-6335,2025,4,33821.55
sen-5998,2025,4,33821.55
sen-3830,2025,4,33925.83
sen-5959,2025,4,35096.62
sen-4642,2025,4,29157.51
sen-5718,2025,4,29209.65
sen-22,2025,4,29001.11
sen-5906,2025,4,33821.55
sen-5953,2025,4,33977.97
sen-5917,2025,4,33821.55
sen-6345,2025,4,33821.55
sen-345,2025,4,29001.11
sen-5894,2025,4,33925.83
sen-470,2025,4,29001.11
sen-5502,2025,4,29001.11
sen-5793,2025,4,33873.69
sen-5008,2025,4,29001.11
sen-5385,2025,4,33589.13
sen-6010,2025,4,33821.55
sen-4770,2025,4,29001.11
sen-35,2025,4,29105.38
sen-6340,2025,4,33821.55
sen-581,2025,4,29001.11
sen-4531,2025,4,33821.55
sen-5895,2025,4,33821.55
sen-6342,2025,4,33873.69
sen-3806,2025,4,33821.55
sen-70,2025,4,37129.01
sen-5207,2025,4,33821.55
sen-4639,2025,4,29001.11
sen-5016,2025,4,29001.11
sen-4811,2025,4,33821.55
sen-5979,2025,4,33821.55
sen-1186,2025,4,29001.11
sen-5976,2025,4,33821.55
sen-5926,2025,4,33821.55
sen-631,2025,4,29053.24
sen-5376,2025,4,29001.11
sen-742,2025,4,33821.55
sen-285,2025,4,27240.74
sen-6009,2025,4,33873.69
sen-5942,2025,4,33925.83
sen-5422,2025,4,33925.83
sen-6304,2025,4,33821.55
sen-5386,2025,4,32520.22
sen-6338,2025,4,33821.55
sen-5985,2025,4,29053.24
sen-5525,2025,4,33821.55
sen-5924,2025,4,33821.55
sen-5523,2025,4,33821.55
sen-825,2025,4,29053.24
sen-5012,2025,4,34371.55
sen-5732,2025,4,6260.97
sen-5352,2025,4,34004.67
sen-4694,2025,4,29105.38
sen-5322,2025,4,29001.11
sen-4560,2025,4,30353.81
sen-6331,2025,4,33873.69
sen-5988,2025,4,33821.55
sen-5736,2025,4,33821.55
sen-5899,2025,4,33821.55
sen-5748,2025,4,33821.55
sen-1173,2025,4,29001.11
sen-5411,2025,4,29157.51
sen-5070,2025,4,34082.24
sen-5783,2025,4,33161.89
sen-3777,2025,5,0.0
sen-739,2025,5,0.0
sen-3830,2025,5,0.0
sen-4642,2025,5,0.0
sen-5718,2025,5,0.0
sen-5793,2025,5,0.0
sen-5008,2025,5,0.0
sen-5385,2025,5,0.0
sen-581,2025,5,0.0
sen-6342,2025,5,0.0
sen-4811,2025,5,0.0
sen-5376,2025,5,0.0
sen-5985,2025,5,0.0
sen-5352,2025,5,0.0
sen-5748,2025,5,0.0
sen-5411,2025,5,0.0
sen-5672,2025,5,29013.83
sen-5982,2025,5,27595.49
sen-6008,2025,5,33886.42
sen-6358,2025,5,33990.7
sen-5967,2025,5,29013.83
sen-6369,2025,5,33834.28
sen-6341,2025,5,33834.28
sen-6027,2025,5,29065.97
sen-6350,2025,5,26125.66
sen-6336,2025,5,26125.66
sen-5990,2025,5,33834.28
sen-4994,2025,5,29013.83
sen-3777,2025,5,33938.56
sen-5936,2025,5,33938.56
sen-6295,2025,5,33990.7
sen-5973,2025,5,34042.83
sen-739,2025,5,29013.83
sen-6337,2025,5,33834.28
sen-475,2025,5,33834.28
sen-6335,2025,5,33834.28
sen-5998,2025,5,33834.28
sen-3830,2025,5,33938.56
sen-5959,2025,5,35109.35
sen-4642,2025,5,29170.24
sen-5718,2025,5,29222.38
sen-22,2025,5,29013.83
sen-5906,2025,5,33834.28
sen-5953,2025,5,33990.7
sen-5917,2025,5,33834.28
sen-6345,2025,5,30581.17
sen-345,2025,5,29013.83
sen-5894,2025,5,32854.19
sen-470,2025,5,29013.83
sen-5502,2025,5,29013.83
sen-5793,2025,5,33886.42
sen-5008,2025,5,29013.83
sen-5385,2025,5,33602.39
sen-6010,2025,5,33834.28
sen-4770,2025,5,29013.83
sen-35,2025,5,29118.11
sen-6340,2025,5,33834.28
sen-581,2025,5,29013.83
sen-4531,2025,5,33834.28
sen-5895,2025,5,33834.28
sen-6342,2025,5,33886.42
sen-3806,2025,5,33834.28
sen-70,2025,5,37142.97
sen-5207,2025,5,33834.28
sen-4639,2025,5,29013.83
sen-5016,2025,5,29013.83
sen-4811,2025,5,33834.28
sen-5979,2025,5,33834.28
sen-1186,2025,5,29013.83
sen-5976,2025,5,33834.28
sen-5926,2025,5,33834.28
sen-631,2025,5,29065.97
sen-5376,2025,5,29013.83
sen-742,2025,5,33834.28
sen-285,2025,5,27253.47
sen-6009,2025,5,33886.42
sen-5942,2025,5,33938.56
sen-5422,2025,5,33938.56
sen-6304,2025,5,33834.28
sen-5386,2025,5,32532.95
sen-6338,2025,5,33834.28
sen-5985,2025,5,29065.97
sen-5525,2025,5,33834.28
sen-5924,2025,5,33834.28
sen-5523,2025,5,33834.28
sen-825,2025,5,29065.97
sen-5012,2025,5,34384.28
sen-5732,2025,5,33886.42
sen-5352,2025,5,34017.4
sen-4694,2025,5,29118.11
sen-5322,2025,5,29013.83
sen-4560,2025,5,30367.06
sen-6331,2025,5,33886.42
sen-5988,2025,5,33834.28
sen-5736,2025,5,33834.28
sen-5899,2025,5,33834.28
sen-5748,2025,5,33834.28
sen-1173,2025,5,29013.83
sen-5411,2025,5,29170.24
sen-5070,2025,5,27480.31
sen-5783,2025,5,33174.62
sen-5672,2025,6,23183.09
sen-5982,2025,6,23183.09
sen-6008,2025,6,23183.09
sen-6358,2025,6,23183.09
sen-5967,2025,6,23183.09
sen-6369,2025,6,19319.24
sen-6341,2025,6,23183.09
sen-6027,2025,6,23183.09
sen-6350,2025,6,19319.24
sen-6336,2025,6,23183.09
sen-5990,2025,6,23183.09
sen-4994,2025,6,23183.09
sen-3777,2025,6,23183.09
sen-5936,2025,6,23183.09
sen-6295,2025,6,23183.09
sen-5973,2025,6,23183.09
sen-739,2025,6,23183.09
sen-6337,2025,6,23183.09
sen-475,2025,6,23183.09
sen-6335,2025,6,23183.09
sen-5998,2025,6,23183.09
sen-3830,2025,6,23183.09
sen-5959,2025,6,23183.09
sen-4642,2025,6,23183.09
sen-5718,2025,6,23183.09
sen-22,2025,6,23183.09
sen-5906,2025,6,23183.09
sen-5953,2025,6,23183.09
sen-5917,2025,6,23183.09
sen-6345,2025,6,23183.09
sen-345,2025,6,23183.09
sen-5894,2025,6,23183.09
sen-470,2025,6,23183.09
sen-5502,2025,6,23183.09
sen-5793,2025,6,23183.09
sen-5008,2025,6,23183.09
sen-5385,2025,6,23183.09
sen-6010,2025,6,23183.09
sen-4770,2025,6,23183.09
sen-35,2025,6,23183.09
sen-6340,2025,6,23183.09
sen-581,2025,6,23183.09
sen-4531,2025,6,23183.09
sen-5895,2025,6,23183.09
sen-6342,2025,6,23183.09
sen-3806,2025,6,23183.09
sen-70,2025,6,23183.09
sen-5207,2025,6,23183.09
sen-4639,2025,6,23183.09
sen-5016,2025,6,23183.09
sen-4811,2025,6,23183.09
sen-5979,2025,6,23183.09
sen-1186,2025,6,23183.09
sen-5976,2025,6,23183.09
sen-5926,2025,6,23183.09
sen-631,2025,6,23183.09
sen-5376,2025,6,23183.09
sen-742,2025,6,23183.09
sen-285,2025,6,23183.09
sen-6009,2025,6,23183.09
sen-5942,2025,6,23183.09
sen-5422,2025,6,23183.09
sen-6304,2025,6,19319.24
sen-5386,2025,6,23183.09
sen-6338,2025,6,23183.09
sen-5985,2025,6,23183.09
sen-5525,2025,6,23183.09
sen-5924,2025,6,23183.09
sen-5523,2025,6,23183.09
sen-825,2025,6,23183.09
sen-5012,2025,6,23183.09
sen-5732,2025,6,19319.24
sen-5352,2025,6,23183.09
sen-4694,2025,6,23183.09
sen-5322,2025,6,23183.09
sen-4560,2025,6,23183.09
sen-6331,2025,6,23183.09
sen-5988,2025,6,23183.09
sen-5736,2025,6,23183.09
sen-5899,2025,6,23183.09
sen-5748,2025,6,23183.09
sen-1173,2025,6,23183.09
sen-5411,2025,6,23183.09
sen-5070,2025,6,23183.09
sen-5783,2025,6,23183.09
sen-5672,2025,6,29013.83
sen-5982,2025,6,27595.49
sen-6008,2025,6,33886.42
sen-6358,2025,6,33990.7
sen-5967,2025,6,29013.83
sen-6369,2025,6,33834.28
sen-6341,2025,6,33834.28
sen-6027,2025,6,29065.97
sen-6350,2025,6,26125.66
sen-6336,2025,6,26125.66
sen-5990,2025,6,33834.28
sen-4994,2025,6,29013.83
sen-3777,2025,6,33938.56
sen-5936,2025,6,33938.56
sen-6295,2025,6,33990.7
sen-5973,2025,6,34042.83
sen-739,2025,6,29013.83
sen-6337,2025,6,33834.28
sen-475,2025,6,33834.28
sen-6335,2025,6,33834.28
sen-5998,2025,6,33834.28
sen-3830,2025,6,33938.56
sen-5959,2025,6,35229.95
sen-4642,2025,6,29170.24
sen-5718,2025,6,29222.38
sen-22,2025,6,29013.83
sen-5906,2025,6,33834.28
sen-5953,2025,6,33990.7
sen-5917,2025,6,33834.28
sen-6345,2025,6,33834.28
sen-345,2025,6,29013.83
sen-5894,2025,6,33938.56
sen-470,2025,6,29013.83
sen-5502,2025,6,29013.83
sen-5793,2025,6,33886.42
sen-5008,2025,6,29013.83
sen-5385,2025,6,33602.39
sen-6010,2025,6,33834.28
sen-4770,2025,6,29013.83
sen-35,2025,6,29118.11
sen-6340,2025,6,33834.28
sen-581,2025,6,29013.83
sen-4531,2025,6,33834.28
sen-5895,2025,6,33834.28
sen-6342,2025,6,33886.42
sen-3806,2025,6,33834.28
sen-70,2025,6,37142.97
sen-5207,2025,6,33834.28
sen-4639,2025,6,29013.83
sen-5016,2025,6,29013.83
sen-4811,2025,6,33834.28
sen-5979,2025,6,33834.28
sen-1186,2025,6,29013.83
sen-5976,2025,6,33834.28
sen-5926,2025,6,33834.28
sen-631,2025,6,29065.97
sen-5376,2025,6,29013.83
sen-742,2025,6,33834.28
sen-285,2025,6,27253.47
sen-6009,2025,6,33886.42
sen-5942,2025,6,33938.56
sen-5422,2025,6,33938.56
sen-6304,2025,6,33834.28
sen-5386,2025,6,32532.95
sen-6338,2025,6,33834.28
sen-5985,2025,6,29065.97
sen-5525,2025,6,33834.28
sen-5924,2025,6,33834.28
sen-5523,2025,6,33834.28
sen-825,2025,6,29065.97
sen-5012,2025,6,34384.28
sen-5732,2025,6,33886.42
sen-5352,2025,6,33965.26
sen-4694,2025,6,29118.11
sen-5322,2025,6,29013.83
sen-4560,2025,6,30367.06
sen-6331,2025,6,33886.42
sen-5988,2025,6,33834.28
sen-5736,2025,6,33834.28
sen-5899,2025,6,33834.28
sen-5748,2025,6,33834.28
sen-1173,2025,6,29013.83
sen-5411,2025,6,29170.24
sen-5070,2025,6,32974.45
sen-5783,2025,6,33174.62
sen-5990,2025,7,0.0
sen-739,2025,7,0.0
sen-22,2025,7,0.0
sen-6345,2025,7,0.0
sen-5385,2025,7,0.0
sen-581,2025,7,0.0
sen-6009,2025,7,0.0
sen-5386,2025,7,0.0
sen-5985,2025,7,0.0
sen-453,2025,7,0.0
sen-5352,2025,7,0.0
sen-5736,2025,7,0.0
sen-5899,2025,7,1313.02
sen-5672,2025,7,29013.83
sen-5982,2025,7,14758.24
sen-6008,2025,7,33886.42
sen-6358,2025,7,33990.7
sen-5967,2025,7,29013.83
sen-6369,2025,7,33834.28
sen-6341,2025,7,33834.28
sen-6027,2025,7,29065.97
sen-6350,2025,7,26125.66
sen-6336,2025,7,26125.66
sen-5990,2025,7,33834.28
sen-4994,2025,7,29013.83
sen-3777,2025,7,33938.56
sen-5936,2025,7,33938.56
sen-6295,2025,7,33990.7
sen-5973,2025,7,34042.83
sen-739,2025,7,29013.83
sen-6337,2025,7,33834.28
sen-475,2025,7,33834.28
sen-6335,2025,7,33834.28
sen-5998,2025,7,33834.28
sen-3830,2025,7,33938.56
sen-5959,2025,7,35229.95
sen-4642,2025,7,29170.24
sen-5718,2025,7,29222.38
sen-22,2025,7,29013.83
sen-5906,2025,7,33834.28
sen-5953,2025,7,33990.7
sen-5917,2025,7,33834.28
sen-6345,2025,7,25159.32
sen-345,2025,7,29013.83
sen-5894,2025,7,31769.81
sen-470,2025,7,29013.83
sen-5502,2025,7,29013.83
sen-5793,2025,7,33886.42
sen-5008,2025,7,29013.83
sen-5385,2025,7,33602.39
sen-6010,2025,7,33834.28
sen-4770,2025,7,29013.83
sen-35,2025,7,29118.11
sen-6340,2025,7,33834.28
sen-581,2025,7,29013.83
sen-4531,2025,7,33834.28
sen-5895,2025,7,33834.28
sen-6342,2025,7,33886.42
sen-3806,2025,7,33834.28
sen-70,2025,7,37142.97
sen-5207,2025,7,33834.28
sen-4639,2025,7,29013.83
sen-5016,2025,7,29013.83
sen-4811,2025,7,33834.28
sen-5979,2025,7,33834.28
sen-1186,2025,7,29013.83
sen-5976,2025,7,33834.28
sen-5926,2025,7,33834.28
sen-631,2025,7,29065.97
sen-5376,2025,7,29013.83
sen-742,2025,7,33834.28
sen-285,2025,7,27253.47
sen-6009,2025,7,33886.42
sen-5942,2025,7,33938.56
sen-5422,2025,7,33938.56
sen-6304,2025,7,33834.28
sen-5386,2025,7,32532.95
sen-6338,2025,7,33834.28
sen-5985,2025,7,29065.97
sen-5525,2025,7,33834.28
sen-5924,2025,7,31665.54
sen-5523,2025,7,33834.28
sen-825,2025,7,29065.97
sen-453,2025,7,33834.28
sen-5012,2025,7,34384.28
sen-5732,2025,7,33886.42
sen-5352,2025,7,33965.26
sen-4694,2025,7,29118.11
sen-5322,2025,7,27257.15
sen-4560,2025,7,30367.06
sen-6331,2025,7,33886.42
sen-5988,2025,7,33834.28
sen-5736,2025,7,33834.28
sen-5899,2025,7,1383.51
sen-5748,2025,7,33834.28
sen-1173,2025,7,29013.83
sen-5411,2025,7,29170.24
sen-5070,2025,7,34094.97
sen-5783,2025,7,33174.62
sen-5982,2025,8,0.0
sen-739,2025,8,0.0
sen-6342,2025,8,0.0
sen-4811,2025,8,0.0
sen-6009,2025,8,0.0
sen-6338,2025,8,0.0
sen-5985,2025,8,0.0
sen-5924,2025,8,0.0
sen-5672,2025,8,29013.83
sen-5982,2025,8,27099.54
sen-6008,2025,8,33886.42
sen-6358,2025,8,33990.7
sen-5967,2025,8,29013.83
sen-6369,2025,8,33834.28
sen-6341,2025,8,33834.28
sen-6027,2025,8,29065.97
sen-6350,2025,8,26125.66
sen-6336,2025,8,26125.66
sen-5990,2025,8,33834.28
sen-4994,2025,8,29013.83
sen-3777,2025,8,33938.56
sen-5936,2025,8,33938.56
sen-6295,2025,8,33990.7
sen-5973,2025,8,34042.83
sen-739,2025,8,29013.83
sen-6337,2025,8,33834.28
sen-475,2025,8,33834.28
sen-6335,2025,8,33834.28
sen-5998,2025,8,33834.28
sen-3830,2025,8,33938.56
sen-5959,2025,8,35229.95
sen-4642,2025,8,29170.24
sen-5718,2025,8,29222.38
sen-22,2025,8,29013.83
sen-5906,2025,8,33834.28
sen-5953,2025,8,33990.7
sen-5917,2025,8,33834.28
sen-6345,2025,8,33834.28
sen-345,2025,8,29013.83
sen-5894,2025,8,33938.56
sen-470,2025,8,29013.83
sen-5502,2025,8,29013.83
sen-5793,2025,8,33886.42
sen-5008,2025,8,29013.83
sen-5385,2025,8,33602.39
sen-6010,2025,8,33834.28
sen-4770,2025,8,29013.83
sen-35,2025,8,19368.52
sen-6340,2025,8,33834.28
sen-581,2025,8,29013.83
sen-4531,2025,8,33834.28
sen-5895,2025,8,33834.28
sen-6342,2025,8,33886.42
sen-3806,2025,8,33834.28
sen-70,2025,8,37142.97
sen-5207,2025,8,33834.28
sen-4639,2025,8,29013.83
sen-5016,2025,8,29013.83
sen-4811,2025,8,33834.28
sen-5979,2025,8,33834.28
sen-1186,2025,8,29013.83
sen-5976,2025,8,33834.28
sen-5926,2025,8,33834.28
sen-631,2025,8,29065.97
sen-5376,2025,8,29013.83
sen-742,2025,8,33834.28
sen-285,2025,8,27253.47
sen-6009,2025,8,33886.42
sen-5942,2025,8,33938.56
sen-5422,2025,8,33938.56
sen-6304,2025,8,33834.28
sen-5386,2025,8,32532.95
sen-6338,2025,8,33834.28
sen-5985,2025,8,29065.97
sen-5525,2025,8,33834.28
sen-5924,2025,8,33834.28
sen-5523,2025,8,33834.28
sen-825,2025,8,29065.97
sen-453,2025,8,33834.28
sen-5012,2025,8,34384.28
sen-5732,2025,8,33886.42
sen-5352,2025,8,33965.26
sen-4694,2025,8,29118.11
sen-5322,2025,8,29013.83
sen-4560,2025,8,30367.06
sen-6331,2025,8,33886.42
sen-5988,2025,8,33834.28
sen-5736,2025,8,33834.28
sen-5899,2025,8,-1313.02
sen-5748,2025,8,33834.28
sen-1173,2025,8,29013.83
sen-5411,2025,8,29170.24
sen-5070,2025,8,34147.11
sen-5783,2025,8,33174.62
sen-5672,2025,9,0.0
sen-6341,2025,9,0.0
sen-5936,2025,9,0.0
sen-739,2025,9,0.0
sen-6335,2025,9,0.0
sen-5998,2025,9,0.0
sen-5917,2025,9,0.0
sen-345,2025,9,0.0
sen-470,2025,9,0.0
sen-5793,2025,9,0.0
sen-5008,2025,9,0.0
sen-5385,2025,9,0.0
sen-4811,2025,9,0.0
sen-285,2025,9,0.0
sen-6009,2025,9,0.0
sen-5985,2025,9,0.0
sen-4560,2025,9,0.0
sen-5748,2025,9,0.0
sen-5672,2025,9,29013.83
sen-5982,2025,9,25821.14
sen-6008,2025,9,33886.42
sen-6358,2025,9,33990.7
sen-5967,2025,9,29013.83
sen-6369,2025,9,33834.28
sen-6341,2025,9,33834.28
sen-6027,2025,9,27309.29
sen-6350,2025,9,26125.66
sen-6336,2025,9,26125.66
sen-5990,2025,9,33834.28
sen-4994,2025,9,29013.83
sen-3777,2025,9,33938.56
sen-5936,2025,9,33938.56
sen-6295,2025,9,33990.7
sen-5973,2025,9,34042.83
sen-739,2025,9,29013.83
sen-6337,2025,9,33834.28
sen-475,2025,9,33834.28
sen-6335,2025,9,33834.28
sen-5998,2025,9,33834.28
sen-3830,2025,9,33938.56
sen-5959,2025,9,35229.95
sen-4642,2025,9,29170.24
sen-5718,2025,9,29222.38
sen-22,2025,9,29013.83
sen-5906,2025,9,33834.28
sen-5953,2025,9,33990.7
sen-5917,2025,9,33834.28
sen-6345,2025,9,33834.28
sen-345,2025,9,29013.83
sen-5894,2025,9,33938.56
sen-470,2025,9,29013.83
sen-5502,2025,9,29013.83
sen-5793,2025,9,33886.42
sen-5008,2025,9,29013.83
sen-5385,2025,9,33602.39
sen-6010,2025,9,33834.28
sen-4770,2025,9,29013.83
sen-35,2025,9,29118.11
sen-6340,2025,9,33834.28
sen-581,2025,9,29013.83
sen-4531,2025,9,33834.28
sen-5895,2025,9,33834.28
sen-6342,2025,9,33886.42
sen-3806,2025,9,33834.28
sen-70,2025,9,37142.97
sen-5207,2025,9,33834.28
sen-4639,2025,9,29013.83
sen-5016,2025,9,29013.83
sen-4811,2025,9,33834.28
sen-5979,2025,9,33834.28
sen-1186,2025,9,29013.83
sen-5976,2025,9,33834.28
sen-5926,2025,9,33834.28
sen-631,2025,9,29065.97
sen-5376,2025,9,29013.83
sen-742,2025,9,33834.28
sen-285,2025,9,27253.47
sen-6009,2025,9,33886.42
sen-5942,2025,9,33938.56
sen-5422,2025,9,33938.56
sen-6304,2025,9,33834.28
sen-5386,2025,9,32532.95
sen-6338,2025,9,33834.28
sen-5985,2025,9,29065.97
sen-5525,2025,9,33834.28
sen-5924,2025,9,33834.28
sen-5523,2025,9,33834.28
sen-825,2025,9,29065.97
sen-453,2025,9,33834.28
sen-5012,2025,9,34384.28
sen-5732,2025,9,33886.42
sen-5352,2025,9,33965.26
sen-4694,2025,9,29118.11
sen-5322,2025,9,29013.83
sen-4560,2025,9,30367.06
sen-6331,2025,9,33886.42
sen-5988,2025,9,33834.28
sen-5736,2025,9,33834.28
sen-5748,2025,9,33834.28
sen-1173,2025,9,29013.83
sen-5411,2025,9,29170.24
sen-5070,2025,9,30894.0
sen-5783,2025,9,33174.62
sen-5672,2025,10,0.0
sen-6341,2025,10,0.0
sen-739,2025,10,0.0
sen-4642,2025,10,0.0
sen-5718,2025,10,0.0
sen-22,2025,10,0.0
sen-5906,2025,10,0.0
sen-5917,2025,10,0.0
sen-345,2025,10,0.0
sen-5008,2025,10,0.0
sen-5385,2025,10,0.0
sen-6342,2025,10,0.0
sen-3806,2025,10,0.0
sen-6305,2025,10,0.0
sen-6304,2025,10,1313.02
sen-5386,2025,10,0.0
sen-453,2025,10,0.0
sen-6331,2025,10,0.0
sen-5899,2025,10,2738.99
sen-5672,2025,10,29013.83
sen-5982,2025,10,28374.61
sen-6008,2025,10,33886.42
sen-6358,2025,10,33990.7
sen-5967,2025,10,29013.83
sen-6369,2025,10,33834.28
sen-6341,2025,10,33834.28
sen-6027,2025,10,29732.3
sen-6350,2025,10,26125.66
sen-6336,2025,10,26125.66
sen-5990,2025,10,33834.28
sen-4994,2025,10,29013.83
sen-3777,2025,10,33938.56
sen-5936,2025,10,33938.56
sen-6295,2025,10,33990.7
sen-5973,2025,10,34042.83
sen-739,2025,10,29013.83
sen-6337,2025,10,33834.28
sen-475,2025,10,33834.28
sen-6335,2025,10,33834.28
sen-5998,2025,10,33834.28
sen-3830,2025,10,33938.56
sen-5959,2025,10,35229.95
sen-4642,2025,10,29170.24
sen-5718,2025,10,29222.38
sen-22,2025,10,29013.83
sen-5906,2025,10,33834.28
sen-5953,2025,10,33990.7
sen-5917,2025,10,33834.28
sen-6345,2025,10,34574.65
sen-345,2025,10,29013.83
sen-5894,2025,10,33938.56
sen-470,2025,10,29013.83
sen-5502,2025,10,29013.83
sen-5793,2025,10,33886.42
sen-5008,2025,10,29013.83
sen-5385,2025,10,33604.54
sen-6010,2025,10,33834.28
sen-4770,2025,10,29013.83
sen-35,2025,10,29118.11
sen-6340,2025,10,33834.28
sen-581,2025,10,29013.83
sen-4531,2025,10,33834.28
sen-5895,2025,10,33834.28
sen-6342,2025,10,33886.42
sen-3806,2025,10,33834.28
sen-6305,2025,10,33834.28
sen-70,2025,10,37147.99
sen-5207,2025,10,33834.28
sen-4639,2025,10,29013.83
sen-5016,2025,10,29013.83
sen-4811,2025,10,33834.28
sen-5979,2025,10,33834.28
sen-1186,2025,10,29013.83
sen-5976,2025,10,33834.28
sen-5926,2025,10,33834.28
sen-631,2025,10,29065.97
sen-5376,2025,10,29013.83
sen-742,2025,10,33834.28
sen-285,2025,10,27253.47
sen-6009,2025,10,33886.42
sen-5942,2025,10,33938.56
sen-5422,2025,10,33938.56
sen-6304,2025,10,1383.51
sen-5386,2025,10,32532.95
sen-6338,2025,10,33834.28
sen-5985,2025,10,29065.97
sen-5525,2025,10,33834.28
sen-5924,2025,10,2424.93
sen-5523,2025,10,33834.28
sen-825,2025,10,29065.97
sen-453,2025,10,33834.28
sen-5012,2025,10,34384.28
sen-5732,2025,10,33886.42
sen-5352,2025,10,33965.26
sen-4694,2025,10,29118.11
sen-5322,2025,10,29013.83
sen-4560,2025,10,30373.51
sen-6331,2025,10,33886.42
sen-5988,2025,10,33834.28
sen-5736,2025,10,33834.28
sen-5748,2025,10,33834.28
sen-1173,2025,10,29013.83
sen-5411,2025,10,29170.24
sen-5070,2025,10,35381.05
sen-5783,2025,10,33174.62
sen-3777,2025,11,0.0
sen-6335,2025,11,0.0
sen-5998,2025,11,0.0
sen-4642,2025,11,0.0
sen-22,2025,11,0.0
sen-5906,2025,11,0.0
sen-5917,2025,11,0.0
sen-345,2025,11,0.0
sen-470,2025,11,0.0
sen-5008,2025,11,0.0
sen-581,2025,11,0.0
sen-6305,2025,11,17039.91
sen-6305,2025,11,19267.58
sen-4811,2025,11,0.0
sen-5979,2025,11,0.0
sen-6009,2025,11,0.0
sen-453,2025,11,8432.58
sen-4560,2025,11,0.0
sen-5672,2025,11,29013.83
sen-5982,2025,11,28374.61
sen-6008,2025,11,33886.42
sen-6358,2025,11,33990.7
sen-5967,2025,11,29013.83
sen-6369,2025,11,33834.28
sen-6341,2025,11,33834.28
sen-6027,2025,11,29065.97
sen-6350,2025,11,26125.66
sen-6336,2025,11,26125.66
sen-5990,2025,11,33834.28
sen-4994,2025,11,29013.83
sen-3777,2025,11,33938.56
sen-5936,2025,11,33938.56
sen-6295,2025,11,33990.7
sen-5973,2025,11,34042.83
sen-739,2025,11,29013.83
sen-6337,2025,11,33834.28
sen-475,2025,11,33834.28
sen-6335,2025,11,33834.28
sen-5998,2025,11,33834.28
sen-3830,2025,11,33938.56
sen-5959,2025,11,35229.95
sen-4642,2025,11,29170.24
sen-5718,2025,11,29222.38
sen-22,2025,11,29013.83
sen-5906,2025,11,33834.28
sen-5953,2025,11,33990.7
sen-5917,2025,11,33834.28
sen-6345,2025,11,32713.77
sen-345,2025,11,29013.83
sen-5894,2025,11,33938.56
sen-470,2025,11,29013.83
sen-5502,2025,11,29013.83
sen-5793,2025,11,33886.42
sen-5008,2025,11,29013.83
sen-5385,2025,11,33604.54
sen-6010,2025,11,33834.28
sen-4770,2025,11,29013.83
sen-35,2025,11,29118.11
sen-6340,2025,11,33834.28
sen-581,2025,11,29013.83
sen-4531,2025,11,33834.28
sen-5895,2025,11,33834.28
sen-6342,2025,11,33886.42
sen-3806,2025,11,33834.28
sen-70,2025,11,37147.99
sen-5207,2025,11,33834.28
sen-4639,2025,11,29013.83
sen-5016,2025,11,29013.83
sen-4811,2025,11,33834.28
sen-5979,2025,11,33834.28
sen-1186,2025,11,29013.83
sen-5976,2025,11,33834.28
sen-5926,2025,11,33834.28
sen-631,2025,11,29065.97
sen-5376,2025,11,29013.83
sen-742,2025,11,33834.28
sen-285,2025,11,27253.47
sen-6009,2025,11,33886.42
sen-5942,2025,11,33938.56
sen-5422,2025,11,33938.56
sen-5386,2025,11,32532.95
sen-6338,2025,11,33834.28
sen-5985,2025,11,29065.97
sen-5525,2025,11,33834.28
sen-5924,2025,11,35109.35
sen-5523,2025,11,33834.28
sen-825,2025,11,29065.97
sen-5012,2025,11,34384.28
sen-5732,2025,11,33886.42
sen-5352,2025,11,33965.26
sen-4694,2025,11,29118.11
sen-5322,2025,11,29013.83
sen-4560,2025,11,30373.51
sen-6331,2025,11,33886.42
sen-5988,2025,11,33834.28
sen-5736,2025,11,33834.28
sen-5899,2025,11,34195.36
sen-5748,2025,11,33834.28
sen-1173,2025,11,29013.83
sen-5411,2025,11,25539.76
sen-5070,2025,11,34147.11
sen-5783,2025,11,33174.62
sen-5672,2025,12,5830.74
sen-5982,2025,12,3916.45
sen-6008,2025,12,10703.33
sen-6358,2025,12,10807.61
sen-5967,2025,12,5830.74
sen-6369,2025,12,11713.75
sen-6341,2025,12,10651.19
sen-6027,2025,12,5882.88
sen-6350,2025,12,4705.02
sen-6372,2025,12,3403.36
sen-6336,2025,12,2942.57
sen-5990,2025,12,10651.19
sen-4994,2025,12,5830.74
sen-3777,2025,12,10755.47
sen-5936,2025,12,10755.47
sen-6295,2025,12,10807.61
sen-5973,2025,12,10859.74
sen-739,2025,12,5830.74
sen-6337,2025,12,10651.19
sen-475,2025,12,10651.19
sen-6335,2025,12,10651.19
sen-5998,2025,12,10651.19
sen-3830,2025,12,10755.47
sen-5959,2025,12,12046.86
sen-4642,2025,12,5987.15
sen-5718,2025,12,6039.29
sen-22,2025,12,5830.74
sen-5906,2025,12,10651.19
sen-5953,2025,12,10807.61
sen-5917,2025,12,10651.19
sen-6345,2025,12,10651.19
sen-345,2025,12,5830.74
sen-5894,2025,12,10755.47
sen-470,2025,12,5830.74
sen-5502,2025,12,5830.74
sen-5793,2025,12,10703.33
sen-5008,2025,12,5830.74
sen-5385,2025,12,10419.3
sen-6010,2025,12,10651.19
sen-4770,2025,12,5830.74
sen-35,2025,12,5935.02
sen-6340,2025,12,10651.19
sen-581,2025,12,5830.74
sen-4531,2025,12,10651.19
sen-5895,2025,12,10651.19
sen-6342,2025,12,10755.47
sen-3806,2025,12,10651.19
sen-6305,2025,12,5864.99
sen-70,2025,12,13959.88
sen-5207,2025,12,10651.19
sen-4639,2025,12,5830.74
sen-5016,2025,12,5830.74
sen-4811,2025,12,10651.19
sen-5979,2025,12,10651.19
sen-1186,2025,12,5830.74
sen-5976,2025,12,10651.19
sen-5926,2025,12,10651.19
sen-631,2025,12,5882.88
sen-5376,2025,12,5830.74
sen-742,2025,12,10651.19
sen-285,2025,12,5882.88
sen-6009,2025,12,10703.33
sen-5942,2025,12,10755.47
sen-5422,2025,12,10755.47
sen-6304,2025,12,3309.88
sen-5386,2025,12,9349.86
sen-6338,2025,12,10651.19
sen-5985,2025,12,5882.88
sen-5525,2025,12,10651.19
sen-5924,2025,12,7849.9
sen-5523,2025,12,10651.19
sen-825,2025,12,5882.88
sen-5012,2025,12,11201.19
sen-5732,2025,12,11765.89
sen-5352,2025,12,5271.77
sen-4694,2025,12,5935.02
sen-5322,2025,12,3561.69
sen-4560,2025,12,7183.97
sen-6331,2025,12,10703.33
sen-5988,2025,12,10651.19
sen-5736,2025,12,10651.19
sen-5899,2025,12,-553.97
sen-5748,2025,12,10651.19
sen-1173,2025,12,5830.74
sen-5411,2025,12,5987.15
sen-5070,2025,12,10964.02
sen-5783,2025,12,9991.53
sen-5672,2025,12,29013.83
sen-5982,2025,12,27622.4
sen-6008,2025,12,33886.42
sen-6358,2025,12,33990.7
sen-5967,2025,12,29013.83
sen-6369,2025,12,33834.28
sen-6341,2025,12,33834.28
sen-6027,2025,12,29065.97
sen-6350,2025,12,26125.66
sen-6372,2025,12,17568.73
sen-6336,2025,12,26125.66
sen-5990,2025,12,33834.28
sen-4994,2025,12,29013.83
sen-3777,2025,12,33938.56
sen-5936,2025,12,33938.56
sen-6295,2025,12,33990.7
sen-5973,2025,12,34042.83
sen-739,2025,12,29013.83
sen-6337,2025,12,33834.28
sen-475,2025,12,33834.28
sen-6335,2025,12,33834.28
sen-5998,2025,12,33834.28
sen-3830,2025,12,33938.56
sen-5959,2025,12,35229.95
sen-4642,2025,12,29170.24
sen-5718,2025,12,29222.38
sen-22,2025,12,29013.83
sen-5906,2025,12,33834.28
sen-5953,2025,12,33990.7
sen-5917,2025,12,33834.28
sen-6345,2025,12,33834.28
sen-345,2025,12,29013.83
sen-5894,2025,12,33938.56
sen-470,2025,12,29013.83
sen-5502,2025,12,29013.83
sen-5793,2025,12,33886.42
sen-5008,2025,12,29013.83
sen-5385,2025,12,33604.54
sen-6010,2025,12,33834.28
sen-4770,2025,12,29013.83
sen-35,2025,12,29118.11
sen-6340,2025,12,33834.28
sen-581,2025,12,29013.83
sen-4531,2025,12,33834.28
sen-5895,2025,12,33834.28
sen-6342,2025,12,33938.56
sen-3806,2025,12,33834.28
sen-6305,2025,12,33834.28
sen-70,2025,12,37147.99
sen-5207,2025,12,33834.28
sen-4639,2025,12,29013.83
sen-5016,2025,12,29013.83
sen-4811,2025,12,33834.28
sen-5979,2025,12,33834.28
sen-1186,2025,12,29013.83
sen-5976,2025,12,33834.28
sen-5926,2025,12,33834.28
sen-631,2025,12,29065.97
sen-5376,2025,12,29013.83
sen-742,2025,12,33834.28
sen-285,2025,12,27253.47
sen-6009,2025,12,33886.42
sen-5942,2025,12,33938.56
sen-5422,2025,12,33938.56
sen-5386,2025,12,32532.95
sen-6338,2025,12,33834.28
sen-5985,2025,12,29065.97
sen-5525,2025,12,33834.28
sen-5924,2025,12,35109.35
sen-5523,2025,12,33834.28
sen-825,2025,12,29065.97
sen-5012,2025,12,34384.28
sen-5732,2025,12,33886.42
sen-5352,2025,12,33965.26
sen-4694,2025,12,29118.11
sen-5322,2025,12,7735.39
sen-4560,2025,12,30373.51
sen-6331,2025,12,33886.42
sen-5988,2025,12,33834.28
sen-5736,2025,12,33834.28
sen-5899,2025,12,33834.28
sen-5748,2025,12,33834.28
sen-1173,2025,12,29013.83
sen-5411,2025,12,29170.24
sen-5070,2025,12,34147.11
sen-5783,2025,12,33174.62
sen-6341,2026,1,0.0
sen-739,2026,1,-2503.79
sen-22,2026,1,0.0
sen-345,2026,1,0.0
sen-6305,2026,1,0.0
sen-5924,2026,1,-3091.08
sen-5736,2026,1,-3091.08
sen-5672,2026,1,29048.49
sen-5982,2026,1,27099.54
sen-6008,2026,1,33859.99
sen-6358,2026,1,33964.27
sen-5967,2026,1,29048.49
sen-6369,2026,1,33807.86
sen-6341,2026,1,33807.86
sen-6027,2026,1,29100.62
sen-6350,2026,1,26125.66
sen-6372,2026,1,33859.99
sen-6336,2026,1,26125.66
sen-5990,2026,1,33807.86
sen-4994,2026,1,29048.49
sen-3777,2026,1,33912.13
sen-5936,2026,1,33912.13
sen-6295,2026,1,33964.27
sen-5973,2026,1,34016.41
sen-739,2026,1,29048.49
sen-6337,2026,1,33807.86
sen-475,2026,1,33807.86
sen-6335,2026,1,33807.86
sen-5998,2026,1,33807.86
sen-3830,2026,1,33912.13
sen-5959,2026,1,35202.43
sen-4642,2026,1,29204.9
sen-5718,2026,1,29257.04
sen-22,2026,1,29048.49
sen-5906,2026,1,33807.86
sen-5953,2026,1,33964.27
sen-5917,2026,1,33807.86
sen-6345,2026,1,33807.86
sen-345,2026,1,29048.49
sen-5894,2026,1,33912.13
sen-470,2026,1,29048.49
sen-5502,2026,1,29048.49
sen-5793,2026,1,33859.99
sen-5008,2026,1,29048.49
sen-5385,2026,1,33867.23
sen-6010,2026,1,33807.86
sen-4770,2026,1,29048.49
sen-35,2026,1,29152.76
sen-6340,2026,1,33807.86
sen-581,2026,1,29048.49
sen-4531,2026,1,33807.86
sen-5895,2026,1,33807.86
sen-6342,2026,1,33912.13
sen-3806,2026,1,33807.86
sen-6305,2026,1,33807.86
sen-70,2026,1,37119.02
sen-5207,2026,1,33807.86
sen-4639,2026,1,29048.49
sen-5016,2026,1,29048.49
sen-4811,2026,1,33807.86
sen-5979,2026,1,33807.86
sen-1186,2026,1,29048.49
sen-5976,2026,1,33807.86
sen-5926,2026,1,33807.86
sen-631,2026,1,29100.62
sen-5376,2026,1,29048.49
sen-742,2026,1,33807.86
sen-285,2026,1,27288.12
sen-6009,2026,1,33859.99
sen-5942,2026,1,33912.13
sen-5422,2026,1,33912.13
sen-6304,2026,1,2743.8
sen-5386,2026,1,32532.95
sen-6338,2026,1,33807.86
sen-5985,2026,1,29100.62
sen-5525,2026,1,33807.86
sen-5924,2026,1,33807.86
sen-5523,2026,1,33807.86
sen-825,2026,1,29100.62
sen-5012,2026,1,34357.86
sen-5732,2026,1,33859.99
sen-5352,2026,1,33978.09
sen-4694,2026,1,29152.76
sen-4560,2026,1,30409.6
sen-6331,2026,1,33859.99
sen-5988,2026,1,33807.86
sen-5736,2026,1,33807.86
sen-5899,2026,1,33807.86
sen-5748,2026,1,33807.86
sen-1173,2026,1,29048.49
sen-5411,2026,1,29204.9
sen-5070,2026,1,34120.68
sen-5783,2026,1,33174.62
sen-5967,2026,2,0.0
sen-739,2026,2,0.0
sen-22,2026,2,0.0
sen-581,2026,2,0.0
sen-6305,2026,2,387.63
sen-6009,2026,2,0.0
sen-6304,2026,2,-1313.02
sen-5672,2026,2,29048.49
sen-5982,2026,2,27099.54
sen-6008,2026,2,33859.99
sen-6358,2026,2,33964.27
sen-5967,2026,2,29048.49
sen-6369,2026,2,33807.86
sen-6341,2026,2,33807.86
sen-6027,2026,2,29100.62
sen-6350,2026,2,26125.66
sen-6372,2026,2,33859.99
sen-6336,2026,2,26125.66
sen-5990,2026,2,33807.86
sen-4994,2026,2,29048.49
sen-3777,2026,2,33912.13
sen-5936,2026,2,33912.13
sen-6295,2026,2,33964.27
sen-5973,2026,2,34016.41
sen-739,2026,2,29737.03
sen-6337,2026,2,33807.86
sen-475,2026,2,33807.86
sen-6335,2026,2,33807.86
sen-5998,2026,2,33807.86
sen-3830,2026,2,33912.13
sen-5959,2026,2,35202.43
sen-4642,2026,2,29204.9
sen-5718,2026,2,29257.04
sen-22,2026,2,29048.49
sen-5906,2026,2,33807.86
sen-5953,2026,2,33964.27
sen-5917,2026,2,33807.86
sen-6345,2026,2,33807.86
sen-345,2026,2,29048.49
sen-5894,2026,2,33912.13
sen-470,2026,2,29048.49
sen-5502,2026,2,29048.49
sen-5793,2026,2,33859.99
sen-5008,2026,2,29048.49
sen-5385,2026,2,33867.23
sen-6010,2026,2,33807.86
sen-4770,2026,2,29048.49
sen-35,2026,2,29152.76
sen-6340,2026,2,33807.86
sen-581,2026,2,29048.49
sen-4531,2026,2,33807.86
sen-5895,2026,2,33807.86
sen-6342,2026,2,33912.13
sen-3806,2026,2,33807.86
sen-70,2026,2,37119.02
sen-5207,2026,2,33807.86
sen-4639,2026,2,29048.49
sen-5016,2026,2,29048.49
sen-4811,2026,2,33807.86
sen-5979,2026,2,33807.86
sen-1186,2026,2,29048.49
sen-5976,2026,2,33807.86
sen-5926,2026,2,33807.86
sen-631,2026,2,29100.62
sen-5376,2026,2,29048.49
sen-742,2026,2,33807.86
sen-285,2026,2,27288.12
sen-6009,2026,2,33859.99
sen-5942,2026,2,33912.13
sen-5422,2026,2,33912.13
sen-6304,2026,2,33807.86
sen-5386,2026,2,32532.95
sen-6338,2026,2,33807.86
sen-5985,2026,2,29100.62
sen-5525,2026,2,33807.86
sen-5924,2026,2,35082.93
sen-5523,2026,2,33807.86
sen-825,2026,2,29100.62
sen-5012,2026,2,34357.86
sen-5732,2026,2,33859.99
sen-5352,2026,2,33978.09
sen-4694,2026,2,29152.76
sen-4560,2026,2,30409.6
sen-6331,2026,2,33859.99
sen-5988,2026,2,33807.86
sen-5736,2026,2,34657.9
sen-5899,2026,2,33807.86
sen-5748,2026,2,33807.86
sen-1173,2026,2,29048.49
sen-5411,2026,2,29204.9
sen-5070,2026,2,34120.68
sen-5783,2026,2,33174.62
sen-5967,2026,3,0.0
sen-6027,2026,3,16323.43
sen-1186,2026,3,0.0
sen-6009,2026,3,0.0
sen-6025,2026,3,0.0
sen-5672,2026,3,29048.49
sen-5982,2026,3,27099.54
sen-6008,2026,3,33859.99
sen-6358,2026,3,33964.27
sen-5967,2026,3,29048.49
sen-6369,2026,3,33807.86
sen-6341,2026,3,33807.86
sen-6350,2026,3,26125.66
sen-6372,2026,3,33859.99
sen-6336,2026,3,26125.66
sen-5990,2026,3,33807.86
sen-4994,2026,3,29048.49
sen-3777,2026,3,33859.99
sen-5936,2026,3,33912.13
sen-6295,2026,3,33964.27
sen-5973,2026,3,34016.41
sen-739,2026,3,29048.49
sen-6337,2026,3,33807.86
sen-475,2026,3,33807.86
sen-6335,2026,3,33807.86
sen-5998,2026,3,33807.86
sen-3830,2026,3,33912.13
sen-5959,2026,3,35202.43
sen-4642,2026,3,29204.9
sen-5718,2026,3,29257.04
sen-22,2026,3,29048.49
sen-5906,2026,3,33807.86
sen-5953,2026,3,33964.27
sen-5917,2026,3,33807.86
sen-6345,2026,3,33807.86
sen-345,2026,3,29048.49
sen-5894,2026,3,33912.13
sen-470,2026,3,29048.49
sen-5502,2026,3,29048.49
sen-5793,2026,3,33859.99
sen-5008,2026,3,29048.49
sen-5385,2026,3,33867.23
sen-6010,2026,3,33807.86
sen-4770,2026,3,29048.49
sen-35,2026,3,29152.76
sen-6340,2026,3,33807.86
sen-581,2026,3,29048.49
sen-4531,2026,3,33807.86
sen-5895,2026,3,33807.86
sen-6342,2026,3,33912.13
sen-3806,2026,3,33807.86
sen-70,2026,3,37119.02
sen-5207,2026,3,33807.86
sen-4639,2026,3,29048.49
sen-5016,2026,3,29048.49
sen-4811,2026,3,33807.86
sen-5979,2026,3,33807.86
sen-1186,2026,3,29048.49
sen-5976,2026,3,33807.86
sen-5926,2026,3,33807.86
sen-631,2026,3,29100.62
sen-5376,2026,3,29048.49
sen-742,2026,3,33807.86
sen-285,2026,3,27288.12
sen-6009,2026,3,33859.99
sen-5942,2026,3,33912.13
sen-5422,2026,3,33912.13
sen-6304,2026,3,34168.94
sen-5386,2026,3,32532.95
sen-6338,2026,3,33807.86
sen-5985,2026,3,29100.62
sen-5525,2026,3,33807.86
sen-5924,2026,3,35082.93
sen-5523,2026,3,33807.86
sen-825,2026,3,29100.62
sen-5012,2026,3,34357.86
sen-6025,2026,3,23016.29
sen-5732,2026,3,33859.99
sen-5352,2026,3,33978.09
sen-4694,2026,3,29152.76
sen-4560,2026,3,30409.6
sen-6331,2026,3,33859.99
sen-5988,2026,3,33807.86
sen-5736,2026,3,33807.86
sen-5899,2026,3,33807.86
sen-5748,2026,3,33807.86
sen-1173,2026,3,29048.49
sen-5411,2026,3,29204.9
sen-5070,2026,3,34120.68
sen-5783,2026,3,33174.62
sen-5967,2026,4,0.0
sen-6350,2026,4,8433.93
sen-6372,2026,4,18977.53
sen-6345,2026,4,8596.24
sen-285,2026,4,0.0
sen-6009,2026,4,0.0
sen-6304,2026,4,1383.51
sen-5672,2026,4,29048.49
sen-5982,2026,4,26776.58
sen-6008,2026,4,33859.99
sen-6358,2026,4,33964.27
sen-5967,2026,4,29048.49
sen-6369,2026,4,33807.86
sen-6341,2026,4,33807.86
sen-6336,2026,4,26125.66
sen-5990,2026,4,33807.86
sen-4994,2026,4,29048.49
sen-3777,2026,4,33859.99
sen-5936,2026,4,33912.13
sen-6295,2026,4,33964.27
sen-5973,2026,4,34016.41
sen-739,2026,4,29048.49
sen-6337,2026,4,33807.86
sen-475,2026,4,33807.86
sen-6335,2026,4,33807.86
sen-5998,2026,4,33807.86
sen-3830,2026,4,33912.13
sen-5959,2026,4,35202.43
sen-4642,2026,4,29204.9
sen-5718,2026,4,29204.9
sen-22,2026,4,29048.49
sen-5906,2026,4,33807.86
sen-5953,2026,4,33964.27
sen-5917,2026,4,33807.86
sen-345,2026,4,29048.49
sen-5894,2026,4,33912.13
sen-470,2026,4,29048.49
sen-5502,2026,4,29048.49
sen-5793,2026,4,33859.99
sen-5008,2026,4,29048.49
sen-5385,2026,4,33867.23
sen-6010,2026,4,33807.86
sen-4770,2026,4,29048.49
sen-35,2026,4,29100.62
sen-6340,2026,4,33807.86
sen-581,2026,4,29048.49
sen-4531,2026,4,33807.86
sen-5895,2026,4,33807.86
sen-6342,2026,4,33912.13
sen-3806,2026,4,33807.86
sen-70,2026,4,37119.02
sen-5207,2026,4,33807.86
sen-4639,2026,4,29048.49
sen-5016,2026,4,29048.49
sen-4811,2026,4,33807.86
sen-5979,2026,4,33807.86
sen-1186,2026,4,29048.49
sen-5976,2026,4,33807.86
sen-5926,2026,4,33807.86
sen-631,2026,4,29100.62
sen-5376,2026,4,29048.49
sen-742,2026,4,33807.86
sen-285,2026,4,27288.12
sen-6009,2026,4,33859.99
sen-5942,2026,4,33912.13
sen-5422,2026,4,33912.13
sen-5386,2026,4,32532.95
sen-6338,2026,4,33807.86
sen-5985,2026,4,29100.62
sen-5525,2026,4,33807.86
sen-5924,2026,4,35082.93
sen-5523,2026,4,33807.86
sen-825,2026,4,29100.62
sen-5012,2026,4,34357.86
sen-6025,2026,4,33859.99
sen-5732,2026,4,33859.99
sen-5352,2026,4,33978.09
sen-4694,2026,4,29152.76
sen-5322,2026,4,21454.27
sen-4560,2026,4,30409.6
sen-6331,2026,4,33859.99
sen-5988,2026,4,33807.86
sen-5736,2026,4,33807.86
sen-5899,2026,4,33807.86
sen-5748,2026,4,33807.86
sen-1173,2026,4,29048.49
sen-5411,2026,4,29204.9
sen-5070,2026,4,34120.68
sen-5783,2026,4,33174.62
sen-6369,2026,5,6760.91
sen-6336,2026,5,0.0
sen-5990,2026,5,0.0
sen-345,2026,5,0.0
sen-6381,2026,5,0.0
sen-5376,2026,5,0.0
sen-6304,2026,5,-1607.57
sen-6025,2026,5,0.0
sen-5672,2026,5,29048.49
sen-5982,2026,5,26776.58
sen-6008,2026,5,33859.99
sen-6358,2026,5,33964.27
sen-5967,2026,5,29048.49
sen-6369,2026,5,28386.0
sen-6341,2026,5,33807.86
sen-6336,2026,5,26125.66
sen-5990,2026,5,33807.86
sen-4994,2026,5,29048.49
sen-3777,2026,5,33912.13
sen-5936,2026,5,33912.13
sen-6295,2026,5,33964.27
sen-5973,2026,5,34016.41
sen-739,2026,5,29048.49
sen-6337,2026,5,33807.86
sen-475,2026,5,33807.86
sen-6335,2026,5,33807.86
sen-5998,2026,5,33807.86
sen-3830,2026,5,33912.13
sen-5959,2026,5,35202.43
sen-4642,2026,5,29204.9
sen-5718,2026,5,29204.9
sen-22,2026,5,29048.49
sen-5906,2026,5,33807.86
sen-5953,2026,5,33964.27
sen-5917,2026,5,33807.86
sen-345,2026,5,29048.49
sen-5894,2026,5,33912.13
sen-470,2026,5,29048.49
sen-5502,2026,5,29048.49
sen-6381,2026,5,29470.38
sen-5793,2026,5,33859.99
sen-5008,2026,5,29048.49
sen-5385,2026,5,33867.23
sen-6010,2026,5,33807.86
sen-4770,2026,5,29048.49
sen-35,2026,5,29100.62
sen-6340,2026,5,33807.86
sen-581,2026,5,29048.49
sen-4531,2026,5,33807.86
sen-5895,2026,5,33807.86
sen-6342,2026,5,5069.18
sen-3806,2026,5,33807.86
sen-70,2026,5,37119.02
sen-5207,2026,5,33807.86
sen-4639,2026,5,29048.49
sen-5016,2026,5,29048.49
sen-4811,2026,5,33807.86
sen-5979,2026,5,33807.86
sen-1186,2026,5,29048.49
sen-5976,2026,5,33807.86
sen-5926,2026,5,33807.86
sen-631,2026,5,29100.62
sen-5376,2026,5,29048.49
sen-742,2026,5,33807.86
sen-285,2026,5,27288.12
sen-6009,2026,5,33859.99
sen-5942,2026,5,33912.13
sen-5422,2026,5,33912.13
sen-5386,2026,5,32532.95
sen-6338,2026,5,33807.86
sen-5985,2026,5,29100.62
sen-5525,2026,5,33807.86
sen-5924,2026,5,35082.93
sen-5523,2026,5,33807.86
sen-825,2026,5,29100.62
sen-5012,2026,5,34357.86
sen-6025,2026,5,33859.99
sen-5732,2026,5,33859.99
sen-5352,2026,5,33978.09
sen-4694,2026,5,29152.76
sen-5322,2026,5,30170.8
sen-4560,2026,5,30409.6
sen-6331,2026,5,33807.86
sen-5988,2026,5,33807.86
sen-5736,2026,5,33807.86
sen-5899,2026,5,33807.86
sen-5748,2026,5,33807.86
sen-1173,2026,5,29048.49
sen-5411,2026,5,29257.04
sen-5070,2026,5,34120.68
sen-5783,2026,5,33174.62
sen-5672,2026,6,23183.09
sen-5982,2026,6,23183.09
sen-6008,2026,6,23183.09
sen-6358,2026,6,23183.09
sen-5967,2026,6,23183.09
sen-6369,2026,6,7727.69
sen-6341,2026,6,23183.09
sen-6336,2026,6,23183.09
sen-5990,2026,6,23183.09
sen-4994,2026,6,23183.09
sen-3777,2026,6,23183.09
sen-5936,2026,6,23183.09
sen-6295,2026,6,23183.09
sen-5973,2026,6,23183.09
sen-739,2026,6,23183.09
sen-6337,2026,6,23183.09
sen-475,2026,6,23183.09
sen-6335,2026,6,23183.09
sen-5998,2026,6,23183.09
sen-3830,2026,6,23183.09
sen-5959,2026,6,23183.09
sen-4642,2026,6,23183.09
sen-5718,2026,6,23183.09
sen-22,2026,6,23183.09
sen-5906,2026,6,23183.09
sen-5953,2026,6,23183.09
sen-5917,2026,6,23183.09
sen-345,2026,6,23183.09
sen-5894,2026,6,23183.09
sen-470,2026,6,23183.09
sen-5502,2026,6,23183.09
sen-6381,2026,6,7727.69
sen-5793,2026,6,23183.09
sen-5008,2026,6,23183.09
sen-5385,2026,6,23183.09
sen-6010,2026,6,23183.09
sen-4770,2026,6,23183.09
sen-35,2026,6,23183.09
sen-6340,2026,6,23183.09
sen-581,2026,6,23183.09
sen-4531,2026,6,23183.09
sen-5895,2026,6,23183.09
sen-6342,2026,6,0.0
sen-3806,2026,6,23183.09
sen-70,2026,6,23183.09
sen-5207,2026,6,23183.09
sen-4639,2026,6,23183.09
sen-5016,2026,6,23183.09
sen-4811,2026,6,23183.09
sen-5979,2026,6,23183.09
sen-1186,2026,6,23183.09
sen-5976,2026,6,23183.09
sen-5926,2026,6,23183.09
sen-631,2026,6,23183.09
sen-5376,2026,6,23183.09
sen-742,2026,6,23183.09
sen-285,2026,6,23183.09
sen-6009,2026,6,23183.09
sen-5942,2026,6,23183.09
sen-5422,2026,6,23183.09
sen-5386,2026,6,23183.09
sen-6338,2026,6,23183.09
sen-5985,2026,6,23183.09
sen-5525,2026,6,23183.09
sen-5924,2026,6,23183.09
sen-5523,2026,6,23183.09
sen-825,2026,6,23183.09
sen-5012,2026,6,23183.09
sen-6025,2026,6,15455.39
sen-5732,2026,6,23183.09
sen-5352,2026,6,23183.09
sen-4694,2026,6,23183.09
sen-5322,2026,6,11591.54
sen-4560,2026,6,23183.09
sen-6331,2026,6,23183.09
sen-5988,2026,6,23183.09
sen-5736,2026,6,23183.09
sen-5899,2026,6,23183.09
sen-5748,2026,6,23183.09
sen-1173,2026,6,23183.09
sen-5411,2026,6,23183.09
sen-5070,2026,6,23183.09
sen-5783,2026,6,23183.09
sen-5672,2026,6,29048.49
sen-5982,2026,6,26776.58
sen-6008,2026,6,33859.99
sen-6358,2026,6,33964.27
sen-5967,2026,6,29048.49
sen-6369,2026,6,33807.86
sen-6341,2026,6,33807.86
sen-6336,2026,6,26125.66
sen-5990,2026,6,33807.86
sen-4994,2026,6,29048.49
sen-3777,2026,6,33912.13
sen-5936,2026,6,33912.13
sen-6295,2026,6,33964.27
sen-5973,2026,6,34016.41
sen-739,2026,6,29048.49
sen-6337,2026,6,33807.86
sen-475,2026,6,33807.86
sen-6335,2026,6,33807.86
sen-5998,2026,6,33807.86
sen-3830,2026,6,33912.13
sen-5959,2026,6,35202.43
sen-4642,2026,6,29204.9
sen-5718,2026,6,29257.04
sen-22,2026,6,29048.49
sen-5906,2026,6,33807.86
sen-5953,2026,6,33964.27
sen-5917,2026,6,33807.86
sen-345,2026,6,29048.49
sen-5894,2026,6,33912.13
sen-470,2026,6,29048.49
sen-5502,2026,6,29048.49
sen-6381,2026,6,33807.86
sen-5793,2026,6,33859.99
sen-5008,2026,6,29048.49
sen-5385,2026,6,33867.23
sen-6010,2026,6,33807.86
sen-4770,2026,6,29048.49
sen-35,2026,6,29100.62
sen-6340,2026,6,33807.86
sen-581,2026,6,29048.49
sen-4531,2026,6,33807.86
sen-5895,2026,6,33807.86
sen-3806,2026,6,33807.86
sen-70,2026,6,37119.02
sen-5207,2026,6,33807.86
sen-4639,2026,6,29048.49
sen-5016,2026,6,29048.49
sen-4811,2026,6,33807.86
sen-5979,2026,6,33807.86
sen-1186,2026,6,29048.49
sen-5976,2026,6,33807.86
sen-5926,2026,6,33807.86
sen-631,2026,6,29100.62
sen-5376,2026,6,29048.49
sen-742,2026,6,33807.86
sen-285,2026,6,27340.26
sen-6009,2026,6,33859.99
sen-5942,2026,6,33912.13
sen-5422,2026,6,33912.13
sen-5386,2026,6,32532.95
sen-6338,2026,6,33807.86
sen-5985,2026,6,29100.62
sen-5525,2026,6,33807.86
sen-5924,2026,6,32841.89
sen-5523,2026,6,33807.86
sen-825,2026,6,29100.62
sen-5012,2026,6,34357.86
sen-6025,2026,6,33859.99
sen-5732,2026,6,33859.99
sen-5352,2026,6,33978.09
sen-4694,2026,6,29152.76
sen-5322,2026,6,29048.49
sen-4560,2026,6,30409.6
sen-6331,2026,6,33807.86
sen-5988,2026,6,33807.86
sen-5736,2026,6,33807.86
sen-5899,2026,6,31566.82
sen-5748,2026,6,33807.86
sen-1173,2026,6,29048.49
sen-5411,2026,6,29257.04
sen-5070,2026,6,34120.68
sen-5783,2026,6,33174.62
sen-5924,2026,7,0.0
sen-5672,2026,7,29048.49
sen-5982,2026,7,26776.58
sen-6008,2026,7,33859.99
sen-6358,2026,7,33964.27
sen-5967,2026,7,29048.49
sen-6369,2026,7,33807.86
sen-6341,2026,7,33807.86
sen-6336,2026,7,26125.66
sen-5990,2026,7,33807.86
sen-4994,2026,7,29048.49
sen-3777,2026,7,33912.13
sen-5936,2026,7,33912.13
sen-6295,2026,7,33964.27
sen-5973,2026,7,34016.41
sen-739,2026,7,29048.49
sen-6337,2026,7,33807.86
sen-475,2026,7,33807.86
sen-6335,2026,7,33807.86
sen-5998,2026,7,33807.86
sen-3830,2026,7,33800.81
sen-5959,2026,7,35202.43
sen-4642,2026,7,29369.27
sen-5718,2026,7,29259.48
sen-22,2026,7,29048.49
sen-5906,2026,7,33807.86
sen-5953,2026,7,33964.27
sen-5917,2026,7,33807.86
sen-345,2026,7,29048.49
sen-5894,2026,7,30659.02
sen-470,2026,7,29048.49
sen-5502,2026,7,29048.49
sen-6381,2026,7,33807.86
sen-5793,2026,7,33857.08
sen-5008,2026,7,29048.49
sen-5385,2026,7,33867.23
sen-6010,2026,7,33807.86
sen-4770,2026,7,29048.49
sen-35,2026,7,29100.62
sen-6340,2026,7,33807.86
sen-581,2026,7,29048.49
sen-4531,2026,7,33807.86
sen-5895,2026,7,33807.86
sen-3806,2026,7,33807.86
sen-70,2026,7,37119.02
sen-5207,2026,7,33807.86
sen-4639,2026,7,29048.49
sen-5016,2026,7,29047.13
sen-4811,2026,7,33807.86
sen-5979,2026,7,33807.86
sen-1186,2026,7,29048.49
sen-5976,2026,7,33807.86
sen-5926,2026,7,33807.86
sen-631,2026,7,29100.62
sen-5376,2026,7,29048.49
sen-742,2026,7,33618.3
sen-285,2026,7,27340.26
sen-6009,2026,7,33859.99
sen-5942,2026,7,33912.13
sen-5422,2026,7,33912.13
sen-5386,2026,7,32476.53
sen-6338,2026,7,33807.86
sen-5985,2026,7,29100.62
sen-5525,2026,7,33807.86
sen-5924,2026,7,35082.93
sen-5523,2026,7,33807.86
sen-825,2026,7,29100.62
sen-5012,2026,7,34357.86
sen-6025,2026,7,33859.99
sen-5732,2026,7,33859.99
sen-5352,2026,7,33978.09
sen-4694,2026,7,29152.76
sen-5322,2026,7,28350.15
sen-4560,2026,7,30409.6
sen-6331,2026,7,33807.86
sen-5988,2026,7,33807.86
sen-5736,2026,7,33765.37
sen-5899,2026,7,34657.9
sen-5748,2026,7,33807.86
sen-1173,2026,7,29080.63
sen-5411,2026,7,29257.04
sen-5070,2026,7,34120.68
sen-5783,2026,7,33174.62
sen-345,2026,8,0.0
sen-5385,2026,8,0.0
sen-6009,2026,8,0.0
sen-6359,2026,8,0.0
sen-5985,2026,8,0.0
sen-5974,2026,8,0.0
sen-5322,2026,8,0.0
sen-5672,2026,8,29048.49
sen-5982,2026,8,26776.58
sen-6008,2026,8,33859.99
sen-6358,2026,8,33964.27
sen-5967,2026,8,29048.49
sen-6369,2026,8,33807.86
sen-6341,2026,8,33807.86
sen-6336,2026,8,26125.66
sen-5990,2026,8,33807.86
sen-4994,2026,8,29048.49
sen-3777,2026,8,33912.13
sen-5936,2026,8,33912.13
sen-6295,2026,8,33964.27
sen-5973,2026,8,34016.41
sen-739,2026,8,29048.49
sen-6337,2026,8,33807.86
sen-475,2026,8,33807.86
sen-6335,2026,8,33807.86
sen-5998,2026,8,33807.86
sen-3830,2026,8,33947.78
sen-5959,2026,8,35202.43
sen-4642,2026,8,29459.75
sen-5718,2026,8,29289.62
sen-22,2026,8,29048.49
sen-5906,2026,8,33807.86
sen-5953,2026,8,33964.27
sen-5917,2026,8,33807.86
sen-345,2026,8,29048.49
sen-5894,2026,8,31784.52
sen-470,2026,8,29048.49
sen-5502,2026,8,29048.49
sen-6381,2026,8,33807.86
sen-5793,2026,8,33933.39
sen-5008,2026,8,29048.49
sen-5385,2026,8,33867.23
sen-6010,2026,8,33807.86
sen-4770,2026,8,29048.49
sen-35,2026,8,29100.62
sen-6340,2026,8,33807.86
sen-581,2026,8,29048.49
sen-4531,2026,8,33807.86
sen-5895,2026,8,33807.86
sen-3806,2026,8,33807.86
sen-70,2026,8,37119.02
sen-5207,2026,8,33807.86
sen-4639,2026,8,29048.49
sen-5016,2026,8,29165.56
sen-4811,2026,8,33807.86
sen-5979,2026,8,33807.86
sen-1186,2026,8,29048.49
sen-5976,2026,8,11036.08
sen-5926,2026,8,33807.86
sen-631,2026,8,29100.62
sen-5376,2026,8,29048.49
sen-742,2026,8,33877.89
sen-285,2026,8,27340.26
sen-6009,2026,8,33859.99
sen-5942,2026,8,33912.13
sen-5422,2026,8,33912.13
sen-5386,2026,8,32667.97
sen-6359,2026,8,29470.38
sen-6338,2026,8,33807.86
sen-5985,2026,8,29100.62
sen-5525,2026,8,33807.86
sen-5924,2026,8,33944.96
sen-5523,2026,8,33807.86
sen-825,2026,8,29100.62
sen-5012,2026,8,34357.86
sen-5974,2026,8,23016.29
sen-6025,2026,8,33859.99
sen-5732,2026,8,33859.99
sen-5352,2026,8,33978.09
sen-4694,2026,8,29152.76
sen-5322,2026,8,29420.18
sen-4560,2026,8,30409.6
sen-6331,2026,8,33807.86
sen-5988,2026,8,33807.86
sen-5736,2026,8,33897.59
sen-5899,2026,8,33807.86
sen-5748,2026,8,33807.86
sen-1173,2026,8,29229.69
sen-5411,2026,8,29257.04
sen-5070,2026,8,34068.54
sen-5783,2026,8,33174.62
sen-5990,2026,9,0.0
sen-6381,2026,9,5099.47
sen-5385,2026,9,0.0
sen-6009,2026,9,0.0
sen-5985,2026,9,0.0
sen-5672,2026,9,29048.49
sen-5982,2026,9,26776.58
sen-6008,2026,9,33859.99
sen-6358,2026,9,33964.27
sen-5967,2026,9,29048.49
sen-6369,2026,9,33807.86
sen-6341,2026,9,33807.86
sen-6336,2026,9,26125.66
sen-5990,2026,9,33807.86
sen-4994,2026,9,29048.49
sen-3777,2026,9,33912.13
sen-5936,2026,9,33912.13
sen-6295,2026,9,33964.27
sen-5973,2026,9,34016.41
sen-739,2026,9,29048.49
sen-6337,2026,9,33807.86
sen-475,2026,9,33807.86
sen-6335,2026,9,33807.86
sen-5998,2026,9,33807.86
sen-3830,2026,9,33912.13
sen-5959,2026,9,35202.43
sen-4642,2026,9,29204.9
sen-5718,2026,9,29257.04
sen-22,2026,9,29048.49
sen-5906,2026,9,33807.86
sen-5953,2026,9,33964.27
sen-5917,2026,9,33807.86
sen-345,2026,9,29048.49
sen-5894,2026,9,35187.2
sen-470,2026,9,29048.49
sen-5502,2026,9,29048.49
sen-5793,2026,9,33807.86
sen-5008,2026,9,29048.49
sen-5385,2026,9,33867.23
sen-6010,2026,9,33807.86
sen-4770,2026,9,29048.49
sen-35,2026,9,29100.62
sen-6340,2026,9,33807.86
sen-581,2026,9,29048.49
sen-4531,2026,9,33807.86
sen-5895,2026,9,33807.86
sen-6342,2026,9,32791.62
sen-3806,2026,9,33807.86
sen-70,2026,9,37119.02
sen-5207,2026,9,33807.86
sen-4639,2026,9,29048.49
sen-4811,2026,9,33807.86
sen-5979,2026,9,33807.86
sen-1186,2026,9,29048.49
sen-5926,2026,9,33807.86
sen-631,2026,9,29100.62
sen-5376,2026,9,29048.49
sen-742,2026,9,33807.86
sen-285,2026,9,27340.26
sen-6009,2026,9,33859.99
sen-5942,2026,9,33912.13
sen-5422,2026,9,33912.13
sen-5386,2026,9,32532.95
sen-6359,2026,9,33807.86
sen-6338,2026,9,33807.86
sen-5985,2026,9,29100.62
sen-5525,2026,9,33807.86
sen-5924,2026,9,33807.86
sen-5523,2026,9,33807.86
sen-825,2026,9,29100.62
sen-5012,2026,9,34357.86
sen-5974,2026,9,33859.99
sen-6025,2026,9,33859.99
sen-5732,2026,9,33859.99
sen-5352,2026,9,33978.09
sen-4694,2026,9,29152.76
sen-5322,2026,9,29048.49
sen-4560,2026,9,30409.6
sen-6331,2026,9,33807.86
sen-5988,2026,9,33807.86
sen-5736,2026,9,33807.86
sen-5899,2026,9,33807.86
sen-5748,2026,9,33807.86
sen-1173,2026,9,29048.49
sen-5411,2026,9,29257.04
sen-5070,2026,9,34120.68
sen-5783,2026,9,33174.62
