exercicio,empenho,liquidacao,fornecedor,cnpj_cpf,pf,tipo,observacao,valor
2025,108/2025,87/2025,40.276.965 EDGAR RESPLANDES DE CARVALHO,40.276.965/0001-26,0,"Resolução Normativa nº 62/2013, Art. 6º, Inciso V",,12500.0
2025,108/2025,87/2025,FRANCISCO DAS C DOS SANTOS,51.158.583/0001-14,0,"Resolução Normativa nº 62/2013, Art. 6º, Inciso II",,12500.0
2025,146/2025,119/2025,OLENIR ROSA DE MACEDO SOARES,,1,"Resolução Normativa nº 62/2013, Art. 6º, Inciso IV",,5500.0
2025,146/2025,119/2025,KATIA SAMARA PEREIRA DOS SANTOS SILVA,,1,"Resolução Normativa nº 62/2013, Art. 6º, Inciso VI",,5000.0
2025,146/2025,119/2025,RUBEM MAGALHÃES MENESES,,1,"Resolução Normativa nº 62/2013, Art. 6º, Inciso IV",,5500.0
2025,146/2025,119/2025,LENOEL VIEIRA DE SOUSA ABREU,,1,"Resolução Normativa nº 62/2013, Art. 6º, Inciso IV",,9000.0
2025,147/2025,120/2025,MANDAKARU AGÊNCIA CREATIVE LTDA,56.319.787/0001-03,0,"Resolução Normativa nº 62/2013, Art. 6º, Inciso IV",,7000.0
2025,147/2025,120/2025,JOSE ANTONIO C M R FILHO SOCIEDADE INDIVID DE ADVOCACIA,38.316.551/0001-31,0,"Resolução Normativa nº 62/2013, Art. 6º, Inciso IV",,12000.0
2025,147/2025,120/2025,PLANEJAR CONSULTORIA E TREINAMENTO LTDA,17.723.880/0001-27,0,"Resolução Normativa nº 62/2013, Art. 6º, Inciso IV",,6000.0
2025,148/2025,121/2025,MAURICIO DE LACERDA ALMEIDA NETO,,1,"Resolução Normativa nº 62/2013, Art. 6º, Inciso IV",,6500.0
2025,148/2025,121/2025,R M MALAQUIAS SERVICOS COMBINADOS,11.852.887/0001-62,0,"Resolução Normativa nº 62/2013, Art. 6º, Inciso IV",,12500.0
2025,148/2025,121/2025,PAULO NASCIMENTO DE ARAUJO,,1,"Resolução Normativa nº 62/2013, Art. 6º, Inciso IV",,6000.0
2025,149/2025,122/2025,MENESES E LEAL ADVOCACIA E CONSULTORIA,58.842.671/0001-80,0,"Resolução Normativa nº 62/2013, Art. 6º, Inciso IV",,12500.0
2025,149/2025,122/2025,SOCIAL COMUNICAÇÃO & JORNALISMO LTDA ME,22.145.313/0001-70,0,"Resolução Normativa nº 62/2013, Art. 6º, Inciso IV",,12500.0
2025,150/2025,123/2025,EURIPEDES BEZERRA FEITOSA FILHO - EFCON,39.550.287/0001-69,0,"Resolução Normativa nº 62/2013, Art. 6º, Inciso IV",,12500.0
2025,150/2025,123/2025,EDITORA E AGENCIA DE PUBLICIDADE O ESTADO EURELI,33.688.687/0001-59,0,"Resolução Normativa nº 62/2013, Art. 6º, Inciso IV",,12500.0
2025,151/2025,124/2025,40.276.965 EDGAR RESPLANDES DE CARVALHO,40.276.965/0001-26,0,"Resolução Normativa nº 62/2013, Art. 6º, Inciso V",,12500.0
2025,151/2025,124/2025,FRANCISCO DAS C DOS SANTOS,51.158.583/0001-14,0,"Resolução Normativa nº 62/2013, Art. 6º, Inciso II",,12500.0
2025,152/2025,125/2025,LÍDER CONTABILIDADE E CERTIFICADO DIGITAL,46.422.835/0001-30,0,"Resolução Normativa nº 62/2013, Art. 6º, Inciso IV",,7500.0
2025,152/2025,125/2025,CARVALHO E OLIVEIRA - ADVOGADOS E ASSOCIADOS,10.791.215/0001-21,0,"Resolução Normativa nº 62/2013, Art. 6º, Inciso IV",,8600.0
2025,152/2025,125/2025,RAMOS E MACHADO LTDA ME,33.144.591/0001-20,0,"Resolução Normativa nº 62/2013, Art. 6º, Inciso IV",,8600.0
2025,153/2025,126/2025,CARLOS YURY ARAUJO DE MORAIS SOCIEDADE INDIVIDUAL DE ADVOCAC,26.981.460/0001-31,0,"Resolução Normativa nº 62/2013, Art. 6º, Inciso IV",,8000.0
2025,153/2025,126/2025,FF CONSULTORIA E AUDITORIA LTDA,26.171.508/0001-46,0,"Resolução Normativa nº 62/2013, Art. 6º, Inciso IV",,5000.0
2025,153/2025,126/2025,M. F. LIMA CARNEIRO LTDA E VCIA EPP,04.626.774/0001-83,0,"Resolução Normativa nº 62/2013, Art. 6º, Inciso II",,8500.0
2025,153/2025,126/2025,VICTORY FILMS,37.457.323/0001-19,0,"Resolução Normativa nº 62/2013, Art. 6º, Inciso IV",,3500.0
2025,154/2025,127/2025,MACEDO E MORAES SOCIEDADE DE ADVOGADOS,12.436.746/0001-21,0,"Resolução Normativa nº 62/2013, Art. 6º, Inciso IV",,12500.0
2025,154/2025,127/2025,URBANISMO SERVIÇOS E EVENTOS LTDA,18.445.567/0001-37,0,"Resolução Normativa nº 62/2013, Art. 6º, Inciso IV",,4500.0
2025,154/2025,127/2025,MENDONÇA ASSESSORIA EMPRESARIAL LTDA,41.984.749/0001-06,0,"Resolução Normativa nº 62/2013, Art. 6º, Inciso IV",,8000.0
2025,155/2025,128/2025,EMPRESA PLUG PROPAGANDA & MARKETING LTDA,07.484.108/0001-46,0,"Resolução Normativa nº 62/2013, Art. 6º, Inciso IV",,8000.0
2025,155/2025,128/2025,JOSE HÉLIO LUCIO DA SILVA FILHO,,1,"Resolução Normativa nº 62/2013, Art. 6º, Inciso IV",,11000.0
2025,155/2025,128/2025,RL - EMPREENDIMENTOS IMOBILIÁRIOS,15.183.027/0001-34,0,"Resolução Normativa nº 62/2013, Art. 6º, Inciso II",,6000.0
2025,156/2025,129/2025,POR G D CAMELO VIANA,52.568.120/0001-93,0,"Resolução Normativa nº 62/2013, Art. 6º, Inciso IV",,6000.0
2025,156/2025,129/2025,PAULO L V COSTA,33.263.380/0001-06,0,"Resolução Normativa nº 62/2013, Art. 6º, Inciso IV",,10000.0
2025,156/2025,129/2025,BRENO MACEDO SOCIEDADE INDIVIDUAL DE ADVOCACIA,41.725.928/0001-10,0,"Resolução Normativa nº 62/2013, Art. 6º, Inciso IV",,9000.0
2025,158/2025,131/2025,LANDIM COMUNICAÇÃO E PUBLICIDADE E LTDA,49.547.506/0001-04,0,"Resolução Normativa nº 62/2013, Art. 6º, Inciso IV",,7000.0
2025,158/2025,131/2025,GEORGIA NUNES ADVOGADOS ASSOCIADOS,10.750.754/0001-12,0,"Resolução Normativa nº 62/2013, Art. 6º, Inciso IV",,10000.0
2025,158/2025,131/2025,GWR SILVA CONTABILIDADE E CONSULTORIA,33.650.479/0001-60,0,"Resolução Normativa nº 62/2013, Art. 6º, Inciso IV",,8000.0
2025,159/2025,132/2025,CAVALCANTE & HOLANDA SOCIEDADE DE ADVOGADOS,42.054.947/0001-25,0,"Resolução Normativa nº 62/2013, Art. 6º, Inciso IV",,10000.0
2025,159/2025,132/2025,MENDONÇA ASSESSORIA EMPRESARIAL LTDA,41.984.749/0001-06,0,"Resolução Normativa nº 62/2013, Art. 6º, Inciso IV",,9000.0
2025,159/2025,132/2025,46.029.621 THAIS EDUARDA VILARINHO ALVES,46.029.621/0001-07,0,"Resolução Normativa nº 62/2013, Art. 6º, Inciso IV",,6000.0
2025,160/2025,133/2025,MENDONÇA ASSESSORIA EMPRESARIAL LTDA,41.984.749/0001-06,0,"Resolução Normativa nº 62/2013, Art. 6º, Inciso IV",,7000.0
2025,160/2025,133/2025,URBANISMO SERVIÇOS E EVENTOS LTDA,18.445.567/0001-37,0,"Resolução Normativa nº 62/2013, Art. 6º, Inciso IV",,8000.0
2025,160/2025,133/2025,CAVALCANTE & HOLANDA SOCIEDADE DE ADVOGADOS,42.054.947/0001-25,0,"Resolução Normativa nº 62/2013, Art. 6º, Inciso IV",,10000.0
2025,161/2025,134/2025,VIVIANE ALVES SOCIEDADE DE ADVOCACIA,57.034.475/0001-16,0,"Resolução Normativa nº 62/2013, Art. 6º, Inciso IV",,10600.0
2025,161/2025,134/2025,M. DE F. DA SILVA ARAUJO,15.510.740/0001-45,0,"Resolução Normativa nº 62/2013, Art. 6º, Inciso IV",,7100.0
2025,161/2025,134/2025,TARCIO PEREIRA CRUZ,43.028.880/0001-17,0,"Resolução Normativa nº 62/2013, Art. 6º, Inciso IV",,7000.0
2025,162/2025,135/2025,ZION -COMUNICACAO & ESTRATEGIA LTDA,13.097.115/0001-98,0,"Resolução Normativa nº 62/2013, Art. 6º, Inciso V",,12000.0
2025,162/2025,135/2025,MASTER CONTABILIDADE E SERVIÇOS LTDA,58.865.666/0001-92,0,"Resolução Normativa nº 62/2013, Art. 6º, Inciso IV",,5000.0
2025,162/2025,135/2025,DANIEL LEONARDO DE LIMA VIANA - SOCIEDADE INDIVIDUAL DE ADV,30.215.839/0001-08,0,"Resolução Normativa nº 62/2013, Art. 6º, Inciso IV",,8000.0
2025,164/2025,137/2025,PIAUI LOCAÇÕES DE VEÍCULOS E TRANSPORTE ESCOLAR LTDA,36.731.367/0001-22,0,"Resolução Normativa nº 62/2013, Art. 6º, Inciso II",,12410.0
2025,164/2025,137/2025,MDP COMUNICAÇÃO LTDA,32.635.234/0001-00,0,"Resolução Normativa nº 62/2013, Art. 6º, Inciso IV",,6000.0
2025,164/2025,137/2025,RAFAEL NEIVA NUNES DO REGO SOCIEDADE INDIVIDUAL DE ADVOCACIA,11.410.592/0001-36,0,"Resolução Normativa nº 62/2013, Art. 6º, Inciso IV",,6000.0
2025,164/2025,137/2025,SOFTWARE INFOASSESSOR.COM.BR,35.748.629/0001-07,0,"Resolução Normativa nº 62/2013, Art. 6º, Inciso IV",,590.0
2025,165/2025,138/2025,DÁRIO BISPO CIA,54.533.136/0001-96,0,"Resolução Normativa nº 62/2013, Art. 6º, Inciso IV",,5000.0
2025,165/2025,138/2025,COLIBRI LTDA,45.200.578/0001-20,0,"Resolução Normativa nº 62/2013, Art. 6º, Inciso IV",,8500.0
2025,165/2025,138/2025,LENINE CONTABILIDADE E CONSULTORIA EMPRESARIAL LTDA,45.094.432/0001-47,0,"Resolução Normativa nº 62/2013, Art. 6º, Inciso IV",,11500.0
2025,166/2025,139/2025,MARCOS MACIEL BATISTA DE SOUSA SOCIEDAE INDIVIDUAL DE ADVOCA,39.300.408/0001-14,0,"Resolução Normativa nº 62/2013, Art. 6º, Inciso IV",,12000.0
2025,166/2025,139/2025,MIRANDAS ASSOCIADOS CONTABILIDADE,18.816.149/0001-09,0,"Resolução Normativa nº 62/2013, Art. 6º, Inciso IV",,7000.0
2025,166/2025,139/2025,58.289.818 JOSEFA GEOVANA NUNES COSTA,58.289.818/0001-56,0,"Resolução Normativa nº 62/2013, Art. 6º, Inciso IV",,6000.0
2025,167/2025,140/2025,BRF CONSTRUÇÕES E SERVIÇOS,18.317.476/0001-16,0,"Resolução Normativa nº 62/2013, Art. 6º, Inciso II",,4000.0
2025,167/2025,140/2025,ALMEIDA E BANDEIRA ADVOGADOS ASSOCIADOS,16.750.540/0001-22,0,"Resolução Normativa nº 62/2013, Art. 6º, Inciso IV",,12500.0
2025,167/2025,140/2025,LENINE CONTABILIDADE E CONSULTORIA EMPRESARIAL LTDA,45.094.432/0001-47,0,"Resolução Normativa nº 62/2013, Art. 6º, Inciso IV",,8500.0
2025,168/2025,141/2025,"PIRES, FERREIRA E LIMA SOCIEDADE IND DE ADVOCACIA",58.673.701/0001-71,0,"Resolução Normativa nº 62/2013, Art. 6º, Inciso IV",,6250.0
2025,168/2025,141/2025,FILIPE ALENCAR SOCIEDADE INDV DE ADVOCACIA,50.587.247/0001-24,0,"Resolução Normativa nº 62/2013, Art. 6º, Inciso IV",,6250.0
2025,168/2025,141/2025,ELECT MARKETING LTDA,51.352.934/0001-23,0,"Resolução Normativa nº 62/2013, Art. 6º, Inciso IV",,12500.0
2025,170/2025,142/2025,MARCUS VINICIUS MEDEIROS OLIVEIRA,,1,"Resolução Normativa nº 62/2013, Art. 6º, Inciso IV",,7900.0
2025,170/2025,142/2025,ELISANGELA PEGADO ANDRADE FEITOSA,,1,"Resolução Normativa nº 62/2013, Art. 6º, Inciso V",,6800.0
2025,170/2025,142/2025,GLEYSSON MOURA DA SILVA,11.195.416/0001-29,0,"Resolução Normativa nº 62/2013, Art. 6º, Inciso V",,4000.0
2025,170/2025,142/2025,MARIA NANCY GOMES DE CARVALHO,,1,"Resolução Normativa nº 62/2013, Art. 6º, Inciso IV",,6000.0
2025,171/2025,143/2025,TMJ CRIATIVA LTDA,44.256.234/0001-70,0,"Resolução Normativa nº 62/2013, Art. 6º, Inciso IV",,7000.0
2025,171/2025,143/2025,CARSON ROMULO SOUSA LOPES,17.755.674/0001-07,0,"Resolução Normativa nº 62/2013, Art. 6º, Inciso IV",,7750.0
2025,171/2025,143/2025,CAVALCANTE & HOLANDA SOCIEDADE DE ADVOGADOS,42.054.947/0001-25,0,"Resolução Normativa nº 62/2013, Art. 6º, Inciso IV",,10000.0
2025,172/2025,144/2025,PEDRO HENRIQUE FREITAS SOCIEDADE INDIVIDUAL DE ADVOCACIA,57.388.672/0001-33,0,"Resolução Normativa nº 62/2013, Art. 6º, Inciso IV",,8500.0
2025,172/2025,144/2025,CAPITAL SERVIÇOS LTDA.,11.208.910/0001-80,0,"Resolução Normativa nº 62/2013, Art. 6º, Inciso II",,12500.0
2025,172/2025,144/2025,AVANCE DIGITAL,51.430.500/0001-02,0,"Resolução Normativa nº 62/2013, Art. 6º, Inciso IV",,4000.0
2025,173/2025,145/2025,RAFAEL CAVALCANTI BEZERRA,21.603.479/0001-20,0,"Resolução Normativa nº 62/2013, Art. 6º, Inciso IV",,8000.0
2025,173/2025,145/2025,QSN EMPREENDIMENTOS LTDA,45.951.080/0001-07,0,"Resolução Normativa nº 62/2013, Art. 6º, Inciso II",,8000.0
2025,173/2025,145/2025,A C DE P SILVA,43.588.940/0001-56,0,"Resolução Normativa nº 62/2013, Art. 6º, Inciso V",,9000.0
2025,174/2025,146/2025,LS SERVIÇOS LTDA,48.310.026/0001-62,0,"Resolução Normativa nº 62/2013, Art. 6º, Inciso IV",,4800.0
2025,174/2025,146/2025,ARAUJO E BRANDIM SOCIEDADE DE ADVOGADOS,05.000.033/0001-55,0,"Resolução Normativa nº 62/2013, Art. 6º, Inciso IV",,7000.0
2025,174/2025,146/2025,ILMAR TEIXEIRA LINARD JUNIOR,,1,"Resolução Normativa nº 62/2013, Art. 6º, Inciso IV",,6000.0
2025,174/2025,146/2025,PODIUM SENA EMPREENDIMENTOS LTDA,36.070.625/0001-77,0,"Resolução Normativa nº 62/2013, Art. 6º, Inciso II",,7000.0
2025,175/2025,147/2025,COSTA & BRITO COMUNICAÇÃO LTDA ME,15.009.045/0001-02,0,"Resolução Normativa nº 62/2013, Art. 6º, Inciso IV",,5000.0
2025,175/2025,147/2025,EULALIO OLIVEIRA SOCIEDADE INDIVIDUAL DE ADVOCACIA,56.343.268/0001-80,0,"Resolução Normativa nº 62/2013, Art. 6º, Inciso IV",,8000.0
2025,175/2025,147/2025,M. DE F. DA SILVA ARAUJO,15.510.740/0001-45,0,"Resolução Normativa nº 62/2013, Art. 6º, Inciso IV",,12000.0
2025,176/2025,148/2025,MARIA WILMA R. DE MACEDO,35.023.805/0001-35,0,"Resolução Normativa nº 62/2013, Art. 6º, Inciso IV",,9000.0
2025,176/2025,148/2025,EUCHERLIS TEIXEIRA SOCIEDADE INDV DE ADOCACIA,59.842.391/0001-34,0,"Resolução Normativa nº 62/2013, Art. 6º, Inciso IV",,9000.0
2025,176/2025,148/2025,F T GOMES DA SILVA,59.058.740/0001-21,0,"Resolução Normativa nº 62/2013, Art. 6º, Inciso IV",,7000.0
2025,177/2025,149/2025,SENTRA DISTRIBUIDORA E SERVIÇO,13.170.806/0001-70,0,"Resolução Normativa nº 62/2013, Art. 6º, Inciso II",,6000.0
2025,177/2025,149/2025,ATEVALDO LOPES CARNEIRO SOCIEDADE INDIVIDUAL DE ADVOCACIA,39.522.462/0001-04,0,"Resolução Normativa nº 62/2013, Art. 6º, Inciso IV",,12000.0
2025,177/2025,149/2025,P L DA V COSTA,51.514.260/0001-16,0,"Resolução Normativa nº 62/2013, Art. 6º, Inciso IV",,7000.0
2025,221/2025,206/2025,LS SERVIÇOS LTDA,48.310.026/0001-62,0,"Resolução Normativa nº 62/2013, Art. 6º, Inciso IV",,4800.0
2025,221/2025,206/2025,ARAUJO E BRANDIM SOCIEDADE DE ADVOGADOS,05.000.033/0001-55,0,"Resolução Normativa nº 62/2013, Art. 6º, Inciso IV",,7000.0
2025,221/2025,206/2025,ILMAR TEIXEIRA LINARD JUNIOR,,1,"Resolução Normativa nº 62/2013, Art. 6º, Inciso IV",,6000.0
2025,221/2025,206/2025,PODIUM SENA EMPREENDIMENTOS LTDA,41.149.446/0001-60,0,"Resolução Normativa nº 62/2013, Art. 6º, Inciso II",,7000.0
2025,222/2025,207/2025,LANDIM COMUNICAÇÃO E PUBLICIDADE E LTDA,49.547.506/0001-04,0,"Resolução Normativa nº 62/2013, Art. 6º, Inciso IV",,7000.0
2025,222/2025,207/2025,GWR SILVA CONTABILIDADE E CONSULTORIA,33.650.479/0001-60,0,"Resolução Normativa nº 62/2013, Art. 6º, Inciso IV",,8000.0
2025,222/2025,207/2025,GEORGIA NUNES ADVOGADOS ASSOCIADOS,10.750.754/0001-12,0,"Resolução Normativa nº 62/2013, Art. 6º, Inciso IV",,10000.0
2025,223/2025,208/2025,CAVALCANTE & HOLANDA SOCIEDADE DE ADVOGADOS,42.054.947/0001-25,0,"Resolução Normativa nº 62/2013, Art. 6º, Inciso IV",,10000.0
2025,223/2025,208/2025,MENDONÇA ASSESSORIA EMPRESARIAL LTDA,41.984.749/0001-06,0,"Resolução Normativa nº 62/2013, Art. 6º, Inciso IV",,9000.0
2025,223/2025,208/2025,46.029.621 THAIS EDUARDA VILARINHO ALVES,46.029.621/0001-07,0,"Resolução Normativa nº 62/2013, Art. 6º, Inciso IV",,6000.0
2025,224/2025,209/2025,PIAUI LOCAÇÕES DE VEÍCULOS E TRANSPORTE ESCOLAR LTDA,36.731.367/0001-22,0,"Resolução Normativa nº 62/2013, Art. 6º, Inciso II",,12410.0
2025,224/2025,209/2025,MDP COMUNICAÇÃO LTDA,32.635.234/0001-00,0,"Resolução Normativa nº 62/2013, Art. 6º, Inciso IV",,6000.0
2025,224/2025,209/2025,RAFAEL NEIVA NUNES DO REGO SOCIEDADE INDIVIDUAL DE ADVOCACIA,11.410.592/0001-36,0,"Resolução Normativa nº 62/2013, Art. 6º, Inciso IV",,6000.0
2025,224/2025,209/2025,SOFTWARE INFOASSESSOR.COM.BR,35.748.629/0001-07,0,"Resolução Normativa nº 62/2013, Art. 6º, Inciso IV",,590.0
2025,225/2025,210/2025,MARCOS MACIEL BATISTA DE SOUSA SOCIEDAE INDIVIDUAL DE ADVOCA,39.300.408/0001-14,0,"Resolução Normativa nº 62/2013, Art. 6º, Inciso IV",,12000.0
2025,225/2025,210/2025,MIRANDAS ASSOCIADOS CONTABILIDADE,18.816.149/0001-09,0,"Resolução Normativa nº 62/2013, Art. 6º, Inciso IV",,7000.0
2025,225/2025,210/2025,58.289.818 JOSEFA GEOVANA NUNES COSTA,58.289.818/0001-56,0,"Resolução Normativa nº 62/2013, Art. 6º, Inciso IV",,6000.0
2025,226/2025,211/2025,LÍDER CONTABILIDADE E CERTIFICADO DIGITAL,46.422.835/0001-30,0,"Resolução Normativa nº 62/2013, Art. 6º, Inciso IV",,7500.0
2025,226/2025,211/2025,CARVALHO E OLIVEIRA - ADVOGADOS E ASSOCIADOS,10.791.215/0001-21,0,"Resolução Normativa nº 62/2013, Art. 6º, Inciso IV",,8600.0
2025,226/2025,211/2025,RAMOS E MACHADO LTDA ME,33.144.591/0001-20,0,"Resolução Normativa nº 62/2013, Art. 6º, Inciso IV",,8600.0
2025,227/2025,212/2025,"PIRES, FERREIRA E LIMA SOCIEDADE IND DE ADVOCACIA",58.673.701/0001-71,0,"Resolução Normativa nº 62/2013, Art. 6º, Inciso IV",,6250.0
2025,227/2025,212/2025,FILIPE ALENCAR SOCIEDADE INDV DE ADVOCACIA,50.587.247/0001-24,0,"Resolução Normativa nº 62/2013, Art. 6º, Inciso IV",,6250.0
2025,227/2025,212/2025,ELECT MARKETING LTDA,51.352.934/0001-23,0,"Resolução Normativa nº 62/2013, Art. 6º, Inciso V",,12500.0
2025,228/2025,213/2025,CARLOS YURY ARAUJO DE MORAIS SOCIEDADE INDIVIDUAL DE ADVOCAC,26.981.460/0001-31,0,"Resolução Normativa nº 62/2013, Art. 6º, Inciso IV",,8000.0
2025,228/2025,213/2025,FF CONSULTORIA E AUDITORIA LTDA,26.171.508/0001-46,0,"Resolução Normativa nº 62/2013, Art. 6º, Inciso IV",,5000.0
2025,228/2025,213/2025,M. F. LIMA CARNEIRO LTDA E VCIA EPP,04.626.774/0001-83,0,"Resolução Normativa nº 62/2013, Art. 6º, Inciso II",,8500.0
2025,228/2025,213/2025,VICTORY FILMS,37.457.323/0001-19,0,"Resolução Normativa nº 62/2013, Art. 6º, Inciso IV",,3500.0
2025,229/2025,214/2025,EMPRESA PLUG PROPAGANDA & MARKETING LTDA,07.484.108/0001-46,0,"Resolução Normativa nº 62/2013, Art. 6º, Inciso IV",,8000.0
2025,229/2025,214/2025,JOSE HÉLIO LUCIO DA SILVA FILHO,,1,"Resolução Normativa nº 62/2013, Art. 6º, Inciso IV",,11000.0
2025,229/2025,214/2025,RL - EMPREENDIMENTOS IMOBILIÁRIOS,15.183.027/0001-34,0,"Resolução Normativa nº 62/2013, Art. 6º, Inciso II",,6000.0
2025,230/2025,215/2025,BRF CONSTRUÇÕES E SERVIÇOS,18.317.476/0001-16,0,"Resolução Normativa nº 62/2013, Art. 6º, Inciso II",,4000.0
2025,230/2025,215/2025,ALMEIDA E BANDEIRA ADVOGADOS ASSOCIADOS,16.750.540/0001-22,0,"Resolução Normativa nº 62/2013, Art. 6º, Inciso IV",,12500.0
2025,230/2025,215/2025,LENINE CONTABILIDADE E CONSULTORIA EMPRESARIAL LTDA,45.094.432/0001-47,0,"Resolução Normativa nº 62/2013, Art. 6º, Inciso IV",,8500.0
2025,231/2025,216/2025,MANDAKARU AGÊNCIA CREATIVE LTDA,56.319.787/0001-03,0,"Resolução Normativa nº 62/2013, Art. 6º, Inciso IV",,7000.0
2025,231/2025,216/2025,JOSE ANTONIO C M R FILHO SOCIEDADE INDIVID DE ADVOCACIA,38.316.551/0001-31,0,"Resolução Normativa nº 62/2013, Art. 6º, Inciso IV",,12000.0
2025,231/2025,216/2025,PLANEJAR CONSULTORIA E TREINAMENTO LTDA,17.723.880/0001-27,0,"Resolução Normativa nº 62/2013, Art. 6º, Inciso IV",,6000.0
2025,232/2025,217/2025,EURIPEDES BEZERRA FEITOSA FILHO - EFCON,39.550.287/0001-69,0,"Resolução Normativa nº 62/2013, Art. 6º, Inciso IV",,12500.0
2025,232/2025,217/2025,EDITORA E AGENCIA DE PUBLICIDADE O ESTADO EURELI,33.688.687/0001-59,0,"Resolução Normativa nº 62/2013, Art. 6º, Inciso IV",,12500.0
2025,233/2025,218/2025,MAURICIO DE LACERDA ALMEIDA NETO,,1,"Resolução Normativa nº 62/2013, Art. 6º, Inciso IV",,6500.0
2025,233/2025,218/2025,R M MALAQUIAS SERVICOS COMBINADOS,11.852.887/0001-62,0,"Resolução Normativa nº 62/2013, Art. 6º, Inciso IV",,12500.0
2025,233/2025,218/2025,PAULO NASCIMENTO DE ARAUJO,,1,"Resolução Normativa nº 62/2013, Art. 6º, Inciso IV",,6000.0
2025,234/2025,219/2025,MENDONÇA ASSESSORIA EMPRESARIAL LTDA,41.984.749/0001-06,0,"Resolução Normativa nº 62/2013, Art. 6º, Inciso IV",,7000.0
2025,234/2025,219/2025,URBANISMO SERVIÇOS E EVENTOS LTDA,18.445.567/0001-37,0,"Resolução Normativa nº 62/2013, Art. 6º, Inciso IV",,8000.0
2025,234/2025,219/2025,CAVALCANTE & HOLANDA SOCIEDADE DE ADVOGADOS,42.054.947/0001-25,0,"Resolução Normativa nº 62/2013, Art. 6º, Inciso IV",,10000.0
2025,235/2025,220/2025,MENESES E LEAL ADVOCACIA E CONSULTORIA,58.842.671/0001-80,0,"Resolução Normativa nº 62/2013, Art. 6º, Inciso IV",,12500.0
2025,235/2025,220/2025,SOCIAL COMUNICAÇÃO & JORNALISMO LTDA ME,22.145.313/0001-70,0,"Resolução Normativa nº 62/2013, Art. 6º, Inciso IV",,12500.0
2025,236/2025,221/2025,RAFAEL CAVALCANTI BEZERRA,21.603.479/0001-20,0,"Resolução Normativa nº 62/2013, Art. 6º, Inciso IV",,8000.0
2025,236/2025,221/2025,QSN EMPREENDIMENTOS LTDA,45.951.080/0001-07,0,"Resolução Normativa nº 62/2013, Art. 6º, Inciso II",,8000.0
2025,236/2025,221/2025,A C DE P SILVA,43.588.940/0001-56,0,"Resolução Normativa nº 62/2013, Art. 6º, Inciso IV",,9000.0
2025,237/2025,222/2025,OLENIR ROSA DE MACEDO SOARES,,1,"Resolução Normativa nº 62/2013, Art. 6º, Inciso IV",,5500.0
2025,237/2025,222/2025,KATIA SAMARA PEREIRA DOS SANTOS SILVA,,1,"Resolução Normativa nº 62/2013, Art. 6º, Inciso IV",,5000.0
2025,237/2025,222/2025,RUBEM MAGALHÃES MENESES,,1,"Resolução Normativa nº 62/2013, Art. 6º, Inciso IV",,5500.0
2025,237/2025,222/2025,LENOEL VIEIRA DE SOUSA ABREU,,1,"Resolução Normativa nº 62/2013, Art. 6º, Inciso IV",,9000.0
2025,238/2025,223/2025,TMJ CRIATIVA LTDA,44.256.234/0001-70,0,"Resolução Normativa nº 62/2013, Art. 6º, Inciso IV",,7000.0
2025,238/2025,223/2025,CARSON ROMULO SOUSA LOPES,17.755.674/0001-07,0,"Resolução Normativa nº 62/2013, Art. 6º, Inciso IV",,7750.0
2025,238/2025,223/2025,CAVALCANTE & HOLANDA SOCIEDADE DE ADVOGADOS,42.054.947/0001-25,0,"Resolução Normativa nº 62/2013, Art. 6º, Inciso IV",,10000.0
2025,239/2025,224/2025,ZION -COMUNICACAO & ESTRATEGIA LTDA,13.097.115/0001-98,0,"Resolução Normativa nº 62/2013, Art. 6º, Inciso IV",,12000.0
2025,239/2025,224/2025,MASTER CONTABILIDADE E SERVIÇOS LTDA,58.865.666/0001-92,0,"Resolução Normativa nº 62/2013, Art. 6º, Inciso IV",,5000.0
2025,239/2025,224/2025,DANIEL LEONARDO DE LIMA VIANA - SOCIEDADE INDIVIDUAL DE ADV,30.215.839/0001-08,0,"Resolução Normativa nº 62/2013, Art. 6º, Inciso IV",,8000.0
2025,240/2025,225/2025,POR G D CAMELO VIANA,52.568.120/0001-93,0,"Resolução Normativa nº 62/2013, Art. 6º, Inciso IV",,6000.0
2025,240/2025,225/2025,PAULO L V COSTA,33.263.380/0001-06,0,"Resolução Normativa nº 62/2013, Art. 6º, Inciso IV",,10000.0
2025,240/2025,225/2025,BRENO MACEDO SOCIEDADE INDIVIDUAL DE ADVOCACIA,41.725.928/0001-10,0,"Resolução Normativa nº 62/2013, Art. 6º, Inciso IV",,9000.0
2025,241/2025,226/2025,FRANCISCO DAS C DOS SANTOS,51.158.583/0001-14,0,"Resolução Normativa nº 62/2013, Art. 6º, Inciso II",,12500.0
2025,241/2025,226/2025,40.276.965 EDGAR RESPLANDES DE CARVALHO,40.276.965/0001-26,0,"Resolução Normativa nº 62/2013, Art. 6º, Inciso V",,12500.0
2025,242/2025,227/2025,VIVIANE ALVES SOCIEDADE DE ADVOCACIA,57.034.475/0001-16,0,"Resolução Normativa nº 62/2013, Art. 6º, Inciso IV",,10600.0
2025,242/2025,227/2025,M. DE F. DA SILVA ARAUJO,15.510.740/0001-45,0,"Resolução Normativa nº 62/2013, Art. 6º, Inciso IV",,7100.0
2025,242/2025,227/2025,TARCIO PEREIRA CRUZ,43.028.880/0001-17,0,"Resolução Normativa nº 62/2013, Art. 6º, Inciso IV",,7000.0
2025,243/2025,228/2025,MARIA WILMA R. DE MACEDO,35.023.805/0001-35,0,"Resolução Normativa nº 62/2013, Art. 6º, Inciso V",,9000.0
2025,243/2025,228/2025,EUCHERLIS TEIXEIRA SOCIEDADE INDV DE ADOCACIA,59.842.391/0001-34,0,"Resolução Normativa nº 62/2013, Art. 6º, Inciso IV",,9000.0
2025,243/2025,228/2025,F T GOMES DA SILVA,59.058.740/0001-21,0,"Resolução Normativa nº 62/2013, Art. 6º, Inciso IV",,7000.0
2025,244/2025,229/2025,MACEDO E MORAES SOCIEDADE DE ADVOGADOS,12.436.746/0001-21,0,"Resolução Normativa nº 62/2013, Art. 6º, Inciso IV",,12500.0
2025,244/2025,229/2025,URBANISMO SERVIÇOS E EVENTOS LTDA,18.445.567/0001-37,0,"Resolução Normativa nº 62/2013, Art. 6º, Inciso IV",,4500.0
2025,244/2025,229/2025,MENDONÇA ASSESSORIA EMPRESARIAL LTDA,41.984.749/0001-06,0,"Resolução Normativa nº 62/2013, Art. 6º, Inciso IV",,8000.0
2025,245/2025,230/2025,DÁRIO BISPO CIA,54.533.136/0001-96,0,"Resolução Normativa nº 62/2013, Art. 6º, Inciso IV",,5000.0
2025,245/2025,230/2025,COLIBRI LTDA,45.200.578/0001-20,0,"Resolução Normativa nº 62/2013, Art. 6º, Inciso IV",,8500.0
2025,245/2025,230/2025,LENINE CONTABILIDADE E CONSULTORIA EMPRESARIAL LTDA,45.094.432/0001-47,0,"Resolução Normativa nº 62/2013, Art. 6º, Inciso IV",,11500.0
2025,246/2025,231/2025,PEDRO HENRIQUE FREITAS SOCIEDADE INDIVIDUAL DE ADVOCACIA,57.388.672/0001-33,0,"Resolução Normativa nº 62/2013, Art. 6º, Inciso IV",,8500.0
2025,246/2025,231/2025,CAPITAL SERVIÇOS LTDA.,11.208.910/0001-80,0,"Resolução Normativa nº 62/2013, Art. 6º, Inciso II",,12500.0
2025,246/2025,231/2025,AVANCE DIGITAL,51.430.500/0001-02,0,"Resolução Normativa nº 62/2013, Art. 6º, Inciso IV",,4000.0
2025,247/2025,232/2025,ATEVALDO LOPES CARNEIRO SOCIEDADE INDIVIDUAL DE ADVOCACIA,39.522.462/0001-04,0,"Resolução Normativa nº 62/2013, Art. 6º, Inciso IV",,12000.0
2025,247/2025,232/2025,P L DA V COSTA,51.514.260/0001-16,0,"Resolução Normativa nº 62/2013, Art. 6º, Inciso IV",,7000.0
2025,247/2025,232/2025,SENTRA DISTRIBUIDORA E SERVIÇO,13.170.806/0001-70,0,"Resolução Normativa nº 62/2013, Art. 6º, Inciso II",,6000.0
2025,248/2025,233/2025,MARCUS VINICIUS MEDEIROS OLIVEIRA,,1,"Resolução Normativa nº 62/2013, Art. 6º, Inciso IV",,7900.0
2025,248/2025,233/2025,ELISANGELA PEGADO ANDRADE FEITOSA,,1,"Resolução Normativa nº 62/2013, Art. 6º, Inciso V",,6800.0
2025,248/2025,233/2025,GLEYSSON MOURA DA SILVA,11.195.416/0001-29,0,"Resolução Normativa nº 62/2013, Art. 6º, Inciso V",,4000.0
2025,248/2025,233/2025,MARIA NANCY GOMES DE CARVALHO,,1,"Resolução Normativa nº 62/2013, Art. 6º, Inciso IV",,6000.0
2025,249/2025,234/2025,COSTA & BRITO COMUNICAÇÃO LTDA ME,15.009.045/0001-02,0,"Resolução Normativa nº 62/2013, Art. 6º, Inciso IV",,5000.0
2025,249/2025,234/2025,EULALIO OLIVEIRA SOCIEDADE INDIVIDUAL DE ADVOCACIA,56.343.268/0001-80,0,"Resolução Normativa nº 62/2013, Art. 6º, Inciso IV",,8000.0
2025,249/2025,234/2025,M. DE F. DA SILVA ARAUJO,15.510.740/0001-45,0,"Resolução Normativa nº 62/2013, Art. 6º, Inciso IV",,12000.0
2025,295/2025,279/2025,CAPITAL SERVIÇOS LTDA.,11.208.910/0001-80,0,"Resolução Normativa nº 62/2013, Art. 6º, Inciso II",,12500.0
2025,295/2025,279/2025,PEDRO HENRIQUE FREITAS SOCIEDADE INDIVIDUAL DE ADVOCACIA,57.388.672/0001-33,0,"Resolução Normativa nº 62/2013, Art. 6º, Inciso IV",,8500.0
2025,295/2025,279/2025,AVANCE DIGITAL,51.430.500/0001-02,0,"Resolução Normativa nº 62/2013, Art. 6º, Inciso IV",,4000.0
2025,296/2025,280/2025,POR G D CAMELO VIANA,52.568.120/0001-93,0,"Resolução Normativa nº 62/2013, Art. 6º, Inciso IV",,6000.0
2025,296/2025,280/2025,PAULO L V COSTA,33.263.380/0001-06,0,"Resolução Normativa nº 62/2013, Art. 6º, Inciso IV",,10000.0
2025,296/2025,280/2025,BRENO MACEDO SOCIEDADE INDIVIDUAL DE ADVOCACIA,41.725.928/0001-10,0,"Resolução Normativa nº 62/2013, Art. 6º, Inciso IV",,9000.0
2025,297/2025,281/2025,LANDIM COMUNICAÇÃO E PUBLICIDADE E LTDA,49.547.506/0001-04,0,"Resolução Normativa nº 62/2013, Art. 6º, Inciso V",,7000.0
2025,297/2025,281/2025,GWR SILVA CONTABILIDADE E CONSULTORIA,33.650.479/0001-60,0,"Resolução Normativa nº 62/2013, Art. 6º, Inciso IV",,8000.0
2025,297/2025,281/2025,GEORGIA NUNES ADVOGADOS ASSOCIADOS,10.750.754/0001-12,0,"Resolução Normativa nº 62/2013, Art. 6º, Inciso IV",,10000.0
2025,298/2025,282/2025,MARIA WILMA R. DE MACEDO,35.023.805/0001-35,0,"Resolução Normativa nº 62/2013, Art. 6º, Inciso V",,9000.0
2025,298/2025,282/2025,EUCHERLIS TEIXEIRA SOCIEDADE INDV DE ADOCACIA,59.842.391/0001-34,0,"Resolução Normativa nº 62/2013, Art. 6º, Inciso IV",,9000.0
2025,298/2025,282/2025,F T GOMES DA SILVA,59.058.740/0001-21,0,"Resolução Normativa nº 62/2013, Art. 6º, Inciso IV",,7000.0
2025,299/2025,283/2025,A C DE P SILVA,43.588.940/0001-56,0,"Resolução Normativa nº 62/2013, Art. 6º, Inciso V",,9000.0
2025,299/2025,283/2025,QSN EMPREENDIMENTOS LTDA,45.951.080/0001-07,0,"Resolução Normativa nº 62/2013, Art. 6º, Inciso II",,8000.0
2025,299/2025,283/2025,RAFAEL CAVALCANTI BEZERRA,21.603.479/0001-20,0,"Resolução Normativa nº 62/2013, Art. 6º, Inciso IV",,8000.0
2025,300/2025,284/2025,OLENIR ROSA DE MACEDO SOARES,,1,"Resolução Normativa nº 62/2013, Art. 6º, Inciso IV",,5500.0
2025,300/2025,284/2025,KATIA SAMARA PEREIRA DOS SANTOS SILVA,,1,"Resolução Normativa nº 62/2013, Art. 6º, Inciso IV",,5000.0
2025,300/2025,284/2025,RUBEM MAGALHÃES MENESES,,1,"Resolução Normativa nº 62/2013, Art. 6º, Inciso IV",,5500.0
2025,300/2025,284/2025,LENOEL VIEIRA DE SOUSA ABREU,,1,"Resolução Normativa nº 62/2013, Art. 6º, Inciso IV",,9000.0
2025,301/2025,285/2025,MARCUS VINICIUS MEDEIROS OLIVEIRA,,1,"Resolução Normativa nº 62/2013, Art. 6º, Inciso IV",,7900.0
2025,301/2025,285/2025,ELISANGELA PEGADO ANDRADE FEITOSA,,1,"Resolução Normativa nº 62/2013, Art. 6º, Inciso V",,6800.0
2025,301/2025,285/2025,GLEYSSON MOURA DA SILVA,11.195.416/0001-29,0,"Resolução Normativa nº 62/2013, Art. 6º, Inciso V",,4000.0
2025,301/2025,285/2025,MARIA NANCY GOMES DE CARVALHO,,1,"Resolução Normativa nº 62/2013, Art. 6º, Inciso IV",,6000.0
2025,302/2025,286/2025,VIVIANE ALVES SOCIEDADE DE ADVOCACIA,57.034.475/0001-16,0,"Resolução Normativa nº 62/2013, Art. 6º, Inciso IV",,10600.0
2025,302/2025,286/2025,M. DE F. DA SILVA ARAUJO,15.510.740/0001-45,0,"Resolução Normativa nº 62/2013, Art. 6º, Inciso IV",,7100.0
2025,302/2025,286/2025,TARCIO PEREIRA CRUZ,43.028.880/0001-17,0,"Resolução Normativa nº 62/2013, Art. 6º, Inciso IV",,7000.0
2025,303/2025,287/2025,LÍDER CONTABILIDADE E CERTIFICADO DIGITAL,46.422.835/0001-30,0,"Resolução Normativa nº 62/2013, Art. 6º, Inciso IV",,7500.0
2025,303/2025,287/2025,CARVALHO E OLIVEIRA - ADVOGADOS E ASSOCIADOS,10.791.215/0001-21,0,"Resolução Normativa nº 62/2013, Art. 6º, Inciso IV",,8600.0
2025,303/2025,287/2025,RAMOS E MACHADO LTDA ME,33.144.591/0001-20,0,"Resolução Normativa nº 62/2013, Art. 6º, Inciso IV",,8600.0
2025,304/2025,288/2025,CAVALCANTE & HOLANDA SOCIEDADE DE ADVOGADOS,42.054.947/0001-25,0,"Resolução Normativa nº 62/2013, Art. 6º, Inciso IV",,10000.0
2025,304/2025,288/2025,TMJ CRIATIVA LTDA,44.256.234/0001-70,0,"Resolução Normativa nº 62/2013, Art. 6º, Inciso IV",,7000.0
2025,304/2025,288/2025,CARSON ROMULO SOUSA LOPES,17.755.674/0001-07,0,"Resolução Normativa nº 62/2013, Art. 6º, Inciso IV",,7750.0
2025,305/2025,289/2025,BRF CONSTRUÇÕES E SERVIÇOS,18.317.476/0001-16,0,"Resolução Normativa nº 62/2013, Art. 6º, Inciso II",,4000.0
2025,305/2025,289/2025,ALMEIDA E BANDEIRA ADVOGADOS ASSOCIADOS,16.750.540/0001-22,0,"Resolução Normativa nº 62/2013, Art. 6º, Inciso IV",,12500.0
2025,305/2025,289/2025,LENINE CONTABILIDADE E CONSULTORIA EMPRESARIAL LTDA,45.094.432/0001-47,0,"Resolução Normativa nº 62/2013, Art. 6º, Inciso IV",,8500.0
2025,306/2025,290/2025,FRANCISCO DAS C DOS SANTOS,51.158.583/0001-14,0,"Resolução Normativa nº 62/2013, Art. 6º, Inciso II",,12500.0
2025,306/2025,290/2025,40.276.965 EDGAR RESPLANDES DE CARVALHO,40.276.965/0001-26,0,"Resolução Normativa nº 62/2013, Art. 6º, Inciso V",,12500.0
2025,307/2025,291/2025,CAVALCANTE & HOLANDA SOCIEDADE DE ADVOGADOS,42.054.947/0001-25,0,"Resolução Normativa nº 62/2013, Art. 6º, Inciso IV",,10000.0
2025,307/2025,291/2025,MENDONÇA ASSESSORIA EMPRESARIAL LTDA,41.984.749/0001-06,0,"Resolução Normativa nº 62/2013, Art. 6º, Inciso IV",,9000.0
2025,307/2025,291/2025,46.029.621 THAIS EDUARDA VILARINHO ALVES,46.029.621/0001-07,0,"Resolução Normativa nº 62/2013, Art. 6º, Inciso IV",,6000.0
2025,308/2025,292/2025,SENTRA DISTRIBUIDORA E SERVIÇO,13.170.806/0001-70,0,"Resolução Normativa nº 62/2013, Art. 6º, Inciso II",,6000.0
2025,308/2025,292/2025,ATEVALDO LOPES CARNEIRO SOCIEDADE INDIVIDUAL DE ADVOCACIA,39.522.462/0001-04,0,"Resolução Normativa nº 62/2013, Art. 6º, Inciso IV",,12000.0
2025,308/2025,292/2025,P L DA V COSTA,51.514.260/0001-16,0,"Resolução Normativa nº 62/2013, Art. 6º, Inciso IV",,7000.0
2025,309/2025,293/2025,MANDAKARU AGÊNCIA CREATIVE LTDA,56.319.787/0001-03,0,"Resolução Normativa nº 62/2013, Art. 6º, Inciso IV",,7000.0
2025,309/2025,293/2025,JOSE ANTONIO C M R FILHO SOCIEDADE INDIVID DE ADVOCACIA,38.316.551/0001-31,0,"Resolução Normativa nº 62/2013, Art. 6º, Inciso IV",,12000.0
2025,309/2025,293/2025,PLANEJAR CONSULTORIA E TREINAMENTO LTDA,17.723.880/0001-27,0,"Resolução Normativa nº 62/2013, Art. 6º, Inciso IV",,6000.0
2025,310/2025,294/2025,MAURICIO DE LACERDA ALMEIDA NETO,,1,"Resolução Normativa nº 62/2013, Art. 6º, Inciso IV",,6500.0
2025,310/2025,294/2025,R M MALAQUIAS SERVICOS COMBINADOS,11.852.887/0001-62,0,"Resolução Normativa nº 62/2013, Art. 6º, Inciso IV",,12500.0
2025,310/2025,294/2025,PAULO NASCIMENTO DE ARAUJO,,1,"Resolução Normativa nº 62/2013, Art. 6º, Inciso IV",,6000.0
2025,311/2025,295/2025,DÁRIO BISPO CIA,54.533.136/0001-96,0,"Resolução Normativa nº 62/2013, Art. 6º, Inciso IV",,5000.0
2025,311/2025,295/2025,COLIBRI LTDA,45.200.578/0001-20,0,"Resolução Normativa nº 62/2013, Art. 6º, Inciso IV",,8500.0
2025,311/2025,295/2025,LENINE CONTABILIDADE E CONSULTORIA EMPRESARIAL LTDA,45.094.432/0001-47,0,"Resolução Normativa nº 62/2013, Art. 6º, Inciso IV",,11500.0
2025,312/2025,296/2025,CARLOS YURY ARAUJO DE MORAIS SOCIEDADE INDIVIDUAL DE ADVOCAC,26.981.460/0001-31,0,"Resolução Normativa nº 62/2013, Art. 6º, Inciso IV",,8000.0
2025,312/2025,296/2025,FF CONSULTORIA E AUDITORIA LTDA,26.171.508/0001-46,0,"Resolução Normativa nº 62/2013, Art. 6º, Inciso IV",,5000.0
2025,312/2025,296/2025,M. F. LIMA CARNEIRO LTDA E VCIA EPP,04.626.774/0001-83,0,"Resolução Normativa nº 62/2013, Art. 6º, Inciso II",,8500.0
2025,312/2025,296/2025,VICTORY FILMS,37.457.323/0001-19,0,"Resolução Normativa nº 62/2013, Art. 6º, Inciso IV",,3500.0
2025,312/2025,306/2025,COSTA & BRITO COMUNICAÇÃO LTDA ME,15.009.045/0001-02,0,"Resolução Normativa nº 62/2013, Art. 6º, Inciso IV",,5000.0
2025,312/2025,306/2025,EULALIO OLIVEIRA SOCIEDADE INDIVIDUAL DE ADVOCACIA,56.343.268/0001-80,0,"Resolução Normativa nº 62/2013, Art. 6º, Inciso IV",,8000.0
2025,312/2025,306/2025,M. DE F. DA SILVA ARAUJO,15.510.740/0001-45,0,"Resolução Normativa nº 62/2013, Art. 6º, Inciso IV",,12000.0
2025,313/2025,297/2025,"PIRES, FERREIRA E LIMA SOCIEDADE IND DE ADVOCACIA",58.673.701/0001-71,0,"Resolução Normativa nº 62/2013, Art. 6º, Inciso IV",,6250.0
2025,313/2025,297/2025,ELECT MARKETING LTDA,51.352.934/0001-23,0,"Resolução Normativa nº 62/2013, Art. 6º, Inciso V",,12500.0
2025,313/2025,297/2025,FILIPE ALENCAR SOCIEDADE INDV DE ADVOCACIA,50.587.247/0001-24,0,"Resolução Normativa nº 62/2013, Art. 6º, Inciso IV",,6250.0
2025,314/2025,298/2025,EMPRESA PLUG PROPAGANDA & MARKETING LTDA,07.484.108/0001-46,0,"Resolução Normativa nº 62/2013, Art. 6º, Inciso IV",,8000.0
2025,314/2025,298/2025,JOSE HÉLIO LUCIO DA SILVA FILHO,,1,"Resolução Normativa nº 62/2013, Art. 6º, Inciso IV",,11000.0
2025,314/2025,298/2025,RL - EMPREENDIMENTOS IMOBILIÁRIOS,15.183.027/0001-34,0,"Resolução Normativa nº 62/2013, Art. 6º, Inciso II",,6000.0
2025,315/2025,299/2025,MENESES E LEAL ADVOCACIA E CONSULTORIA,58.842.671/0001-80,0,"Resolução Normativa nº 62/2013, Art. 6º, Inciso IV",,12500.0
2025,315/2025,299/2025,CELSO EDUARDO COMERCIO SERVIÇO LTDA,05.248.304/0001-96,0,"Resolução Normativa nº 62/2013, Art. 6º, Inciso IV",,12500.0
2025,316/2025,300/2025,PIAUI LOCAÇÕES DE VEÍCULOS E TRANSPORTE ESCOLAR LTDA,36.731.367/0001-22,0,"Resolução Normativa nº 62/2013, Art. 6º, Inciso II",,12410.0
2025,316/2025,300/2025,MDP COMUNICAÇÃO LTDA,32.635.234/0001-00,0,"Resolução Normativa nº 62/2013, Art. 6º, Inciso IV",,6000.0
2025,316/2025,300/2025,RAFAEL NEIVA NUNES DO REGO SOCIEDADE INDIVIDUAL DE ADVOCACIA,11.410.592/0001-36,0,"Resolução Normativa nº 62/2013, Art. 6º, Inciso IV",,6000.0
2025,316/2025,300/2025,SOFTWARE INFOASSESSOR.COM.BR,35.748.629/0001-07,0,"Resolução Normativa nº 62/2013, Art. 6º, Inciso IV",,590.0
2025,317/2025,302/2025,EURIPEDES BEZERRA FEITOSA FILHO - EFCON,39.550.287/0001-69,0,"Resolução Normativa nº 62/2013, Art. 6º, Inciso II",,12500.0
2025,317/2025,302/2025,EDITORA E AGENCIA DE PUBLICIDADE O ESTADO EURELI,33.688.687/0001-59,0,"Resolução Normativa nº 62/2013, Art. 6º, Inciso IV",,12500.0
2025,318/2025,303/2025,MENDONÇA ASSESSORIA EMPRESARIAL LTDA,41.984.749/0001-06,0,"Resolução Normativa nº 62/2013, Art. 6º, Inciso IV",,7000.0
2025,318/2025,303/2025,URBANISMO SERVIÇOS E EVENTOS LTDA,18.445.567/0001-37,0,"Resolução Normativa nº 62/2013, Art. 6º, Inciso IV",,8000.0
2025,318/2025,303/2025,CAVALCANTE & HOLANDA SOCIEDADE DE ADVOGADOS,42.054.947/0001-25,0,"Resolução Normativa nº 62/2013, Art. 6º, Inciso IV",,10000.0
2025,319/2025,304/2025,MASTER CONTABILIDADE E SERVIÇOS LTDA,58.865.666/0001-92,0,"Resolução Normativa nº 62/2013, Art. 6º, Inciso IV",,5000.0
2025,319/2025,304/2025,DANIEL LEONARDO DE LIMA VIANA - SOCIEDADE INDIVIDUAL DE ADV,30.215.839/0001-08,0,"Resolução Normativa nº 62/2013, Art. 6º, Inciso IV",,8000.0
2025,319/2025,304/2025,ZION -COMUNICACAO & ESTRATEGIA LTDA,13.097.115/0001-98,0,"Resolução Normativa nº 62/2013, Art. 6º, Inciso IV",,12000.0
2025,320/2025,305/2025,MACEDO E MORAES SOCIEDADE DE ADVOGADOS,12.436.746/0001-21,0,"Resolução Normativa nº 62/2013, Art. 6º, Inciso IV",,12500.0
2025,320/2025,305/2025,URBANISMO SERVIÇOS E EVENTOS LTDA,18.445.567/0001-37,0,"Resolução Normativa nº 62/2013, Art. 6º, Inciso V",,4500.0
2025,320/2025,305/2025,MENDONÇA ASSESSORIA EMPRESARIAL LTDA,41.984.749/0001-06,0,"Resolução Normativa nº 62/2013, Art. 6º, Inciso IV",,8000.0
2025,325/2025,319/2025,MARCOS MACIEL BATISTA DE SOUSA SOCIEDAE INDIVIDUAL DE ADVOCA,39.300.408/0001-14,0,"Resolução Normativa nº 62/2013, Art. 6º, Inciso IV",,12000.0
2025,325/2025,319/2025,MIRANDAS ASSOCIADOS CONTABILIDADE,18.816.149/0001-09,0,"Resolução Normativa nº 62/2013, Art. 6º, Inciso IV",,7000.0
2025,325/2025,319/2025,58.289.818 JOSEFA GEOVANA NUNES COSTA,58.289.818/0001-56,0,"Resolução Normativa nº 62/2013, Art. 6º, Inciso V",,6000.0
2025,361/2025,353/2025,DÁRIO BISPO CIA,54.533.136/0001-96,0,"Resolução Normativa nº 62/2013, Art. 6º, Inciso IV",,5000.0
2025,361/2025,353/2025,LENINE CONTABILIDADE E CONSULTORIA EMPRESARIAL LTDA,45.094.432/0001-47,0,"Resolução Normativa nº 62/2013, Art. 6º, Inciso IV",,11500.0
2025,361/2025,353/2025,COSTA PRODUCOES ARTISTICAS LTDA,32.270.295/0001-02,0,"Resolução Normativa nº 62/2013, Art. 6º, Inciso V",,8500.0
2025,362/2025,354/2025,VICTORY FILMS,37.457.323/0001-19,0,"Resolução Normativa nº 62/2013, Art. 6º, Inciso V",,3500.0
2025,362/2025,354/2025,CARLOS YURY ARAUJO DE MORAIS SOCIEDADE INDIVIDUAL DE ADVOCAC,26.981.460/0001-31,0,"Resolução Normativa nº 62/2013, Art. 6º, Inciso IV",,8000.0
2025,362/2025,354/2025,FF CONSULTORIA E AUDITORIA LTDA,26.171.508/0001-46,0,"Resolução Normativa nº 62/2013, Art. 6º, Inciso IV",,5000.0
2025,362/2025,354/2025,M. F. LIMA CARNEIRO LTDA E VCIA EPP,04.626.774/0001-83,0,"Resolução Normativa nº 62/2013, Art. 6º, Inciso II",,8500.0
2025,363/2025,355/2025,"PIRES, FERREIRA E LIMA SOCIEDADE IND DE ADVOCACIA",58.673.701/0001-71,0,"Resolução Normativa nº 62/2013, Art. 6º, Inciso IV",,6250.0
2025,363/2025,355/2025,FILIPE ALENCAR SOCIEDADE INDV DE ADVOCACIA,50.587.247/0001-24,0,"Resolução Normativa nº 62/2013, Art. 6º, Inciso IV",,6250.0
2025,363/2025,355/2025,ELECT MARKETING LTDA,51.352.934/0001-23,0,"Resolução Normativa nº 62/2013, Art. 6º, Inciso IV",,12500.0
2025,364/2025,356/2025,DANIEL LEONARDO DE LIMA VIANA - SOCIEDADE INDIVIDUAL DE ADV,30.215.839/0001-08,0,"Resolução Normativa nº 62/2013, Art. 6º, Inciso IV",,8000.0
2025,364/2025,356/2025,MASTER CONTABILIDADE E SERVIÇOS LTDA,58.865.666/0001-92,0,"Resolução Normativa nº 62/2013, Art. 6º, Inciso IV",,5000.0
2025,364/2025,356/2025,ZION -COMUNICACAO & ESTRATEGIA LTDA,13.097.115/0001-98,0,"Resolução Normativa nº 62/2013, Art. 6º, Inciso V",,12000.0
2025,365/2025,357/2025,GWR SILVA CONTABILIDADE E CONSULTORIA,33.650.479/0001-60,0,"Resolução Normativa nº 62/2013, Art. 6º, Inciso IV",,8000.0
2025,365/2025,357/2025,LANDIM COMUNICAÇÃO E PUBLICIDADE E LTDA,49.547.506/0001-04,0,"Resolução Normativa nº 62/2013, Art. 6º, Inciso V",,7000.0
2025,365/2025,357/2025,GEORGIA NUNES ADVOGADOS ASSOCIADOS,10.750.754/0001-12,0,"Resolução Normativa nº 62/2013, Art. 6º, Inciso IV",,10000.0
2025,366/2025,358/2025,JOSE ANTONIO C M R FILHO SOCIEDADE INDIVID DE ADVOCACIA,38.316.551/0001-31,0,"Resolução Normativa nº 62/2013, Art. 6º, Inciso IV",,12000.0
2025,366/2025,358/2025,PLANEJAR CONSULTORIA E TREINAMENTO LTDA,17.723.880/0001-27,0,"Resolução Normativa nº 62/2013, Art. 6º, Inciso IV",,6000.0
2025,366/2025,358/2025,MANDAKARU AGÊNCIA CREATIVE LTDA,56.319.787/0001-03,0,"Resolução Normativa nº 62/2013, Art. 6º, Inciso V",,7000.0
2025,367/2025,359/2025,RL - EMPREENDIMENTOS IMOBILIÁRIOS,15.183.027/0001-34,0,"Resolução Normativa nº 62/2013, Art. 6º, Inciso II",,6000.0
2025,367/2025,359/2025,EMPRESA PLUG PROPAGANDA & MARKETING LTDA,07.484.108/0001-46,0,"Resolução Normativa nº 62/2013, Art. 6º, Inciso V",,8000.0
2025,367/2025,359/2025,JOSE HELIO LUCIO DA SILVA FILHO,33.243.298/0001-10,0,"Resolução Normativa nº 62/2013, Art. 6º, Inciso IV",,11000.0
2025,368/2025,360/2025,OLENIR ROSA DE MACEDO SOARES,,1,"Resolução Normativa nº 62/2013, Art. 6º, Inciso IV",,5500.0
2025,368/2025,360/2025,KATIA SAMARA PEREIRA DOS SANTOS SILVA,,1,"Resolução Normativa nº 62/2013, Art. 6º, Inciso IV",,5000.0
2025,368/2025,360/2025,LENOEL VIEIRA DE SOUSA ABREU,,1,"Resolução Normativa nº 62/2013, Art. 6º, Inciso IV",,9000.0
2025,369/2025,361/2025,PAULO NASCIMENTO DE ARAUJO,,1,"Resolução Normativa nº 62/2013, Art. 6º, Inciso IV",,6000.0
2025,369/2025,361/2025,R M MALAQUIAS SERVICOS COMBINADOS,11.852.887/0001-62,0,"Resolução Normativa nº 62/2013, Art. 6º, Inciso IV",,12500.0
2025,369/2025,361/2025,MAURICIO DE LACERDA ALMEIDA NETO,,1,"Resolução Normativa nº 62/2013, Art. 6º, Inciso IV",,6500.0
2025,370/2025,362/2025,MARCOS MACIEL BATISTA DE SOUSA SOCIEDAE INDIVIDUAL DE ADVOCA,39.300.408/0001-14,0,"Resolução Normativa nº 62/2013, Art. 6º, Inciso IV",,12000.0
2025,370/2025,362/2025,58.289.818 JOSEFA GEOVANA NUNES COSTA,58.289.818/0001-56,0,"Resolução Normativa nº 62/2013, Art. 6º, Inciso V",,6000.0
2025,370/2025,362/2025,MARCOS MACIEL BATISTA DE SOUSA SOCIEDAE INDIVIDUAL DE ADVOCA,39.300.408/0001-14,0,"Resolução Normativa nº 62/2013, Art. 6º, Inciso IV",,12000.0
2025,370/2025,362/2025,MIRANDAS ASSOCIADOS CONTABILIDADE,18.816.149/0001-09,0,"Resolução Normativa nº 62/2013, Art. 6º, Inciso IV",,7000.0
2025,371/2025,363/2025,LÍDER CONTABILIDADE E CERTIFICADO DIGITAL,46.422.835/0001-30,0,"Resolução Normativa nº 62/2013, Art. 6º, Inciso IV",,7500.0
2025,371/2025,363/2025,CARVALHO E OLIVEIRA - ADVOGADOS E ASSOCIADOS,10.791.215/0001-21,0,"Resolução Normativa nº 62/2013, Art. 6º, Inciso IV",,8600.0
2025,371/2025,363/2025,RAMOS E MACHADO LTDA ME,33.144.591/0001-20,0,"Resolução Normativa nº 62/2013, Art. 6º, Inciso V",,8600.0
2025,372/2025,364/2025,CELSO EDUARDO COMERCIO SERVIÇO LTDA,05.248.304/0001-96,0,"Resolução Normativa nº 62/2013, Art. 6º, Inciso V",,12500.0
2025,372/2025,364/2025,MENESES E LEAL ADVOCACIA E CONSULTORIA,58.842.671/0001-80,0,"Resolução Normativa nº 62/2013, Art. 6º, Inciso IV",,12500.0
2025,373/2025,365/2025,PIAUI LOCAÇÕES DE VEÍCULOS E TRANSPORTE ESCOLAR LTDA,36.731.367/0001-22,0,"Resolução Normativa nº 62/2013, Art. 6º, Inciso II",,12410.0
2025,373/2025,365/2025,MDP COMUNICAÇÃO LTDA,32.635.234/0001-00,0,"Resolução Normativa nº 62/2013, Art. 6º, Inciso V",,6000.0
2025,373/2025,365/2025,RAFAEL NEIVA NUNES DO REGO SOCIEDADE INDIVIDUAL DE ADVOCACIA,11.410.592/0001-36,0,"Resolução Normativa nº 62/2013, Art. 6º, Inciso IV",,6000.0
2025,373/2025,365/2025,SOFTWARE INFOASSESSOR.COM.BR,35.748.629/0001-07,0,"Resolução Normativa nº 62/2013, Art. 6º, Inciso IX",,590.0
2025,375/2025,366/2025,PORTAL NOTICIA DIRETA LTDA,59.788.319/0001-76,0,"Resolução Normativa nº 62/2013, Art. 6º, Inciso V",,12000.0
2025,375/2025,366/2025,CAVALCANTE & HOLANDA SOCIEDADE DE ADVOGADOS,42.054.947/0001-25,0,"Resolução Normativa nº 62/2013, Art. 6º, Inciso IV",,9000.0
2025,375/2025,366/2025,CARSON ROMULO SOUSA LOPES,17.755.674/0001-07,0,"Resolução Normativa nº 62/2013, Art. 6º, Inciso IV",,3750.0
2025,376/2025,367/2025,PEDRO HENRIQUE FREITAS SOCIEDADE INDIVIDUAL DE ADVOCACIA,57.388.672/0001-33,0,"Resolução Normativa nº 62/2013, Art. 6º, Inciso IV",,8500.0
2025,376/2025,367/2025,AVANCE DIGITAL,51.430.500/0001-02,0,"Resolução Normativa nº 62/2013, Art. 6º, Inciso V",,4000.0
2025,376/2025,367/2025,CAPITAL SERVIÇOS LTDA.,11.208.910/0001-80,0,"Resolução Normativa nº 62/2013, Art. 6º, Inciso II",,12500.0
2025,377/2025,368/2025,DAVID CUNHA CARVALHO,,1,"Resolução Normativa nº 62/2013, Art. 6º, Inciso V",,4500.0
2025,377/2025,368/2025,L R DO NASCIMENTO LIMA LTDA,43.004.368/0001-30,0,"Resolução Normativa nº 62/2013, Art. 6º, Inciso II",,8000.0
2025,377/2025,368/2025,ALMEIDA E BANDEIRA ADVOGADOS ASSOCIADOS,16.750.540/0001-22,0,"Resolução Normativa nº 62/2013, Art. 6º, Inciso IV",,12500.0
2025,378/2025,369/2025,MENDONÇA ASSESSORIA EMPRESARIAL LTDA,41.984.749/0001-06,0,"Resolução Normativa nº 62/2013, Art. 6º, Inciso IV",,7000.0
2025,378/2025,369/2025,URBANISMO SERVIÇOS E EVENTOS LTDA,18.445.567/0001-37,0,"Resolução Normativa nº 62/2013, Art. 6º, Inciso V",,8000.0
2025,378/2025,369/2025,CAVALCANTE & HOLANDA SOCIEDADE DE ADVOGADOS,42.054.947/0001-25,0,"Resolução Normativa nº 62/2013, Art. 6º, Inciso IV",,10000.0
2025,379/2025,370/2025,EULALIO OLIVEIRA SOCIEDADE INDIVIDUAL DE ADVOCACIA,56.343.268/0001-80,0,"Resolução Normativa nº 62/2013, Art. 6º, Inciso IV",,8000.0
2025,379/2025,370/2025,COSTA & BRITO COMUNICAÇÃO LTDA ME,15.009.045/0001-02,0,"Resolução Normativa nº 62/2013, Art. 6º, Inciso V",,5000.0
2025,379/2025,370/2025,M. DE F. DA SILVA ARAUJO,15.510.740/0001-45,0,"Resolução Normativa nº 62/2013, Art. 6º, Inciso IV",,12000.0
2025,380/2025,371/2025,MENDONÇA ASSESSORIA EMPRESARIAL LTDA,41.984.749/0001-06,0,"Resolução Normativa nº 62/2013, Art. 6º, Inciso IV",,9000.0
2025,380/2025,371/2025,46.029.621 THAIS EDUARDA VILARINHO ALVES,46.029.621/0001-07,0,"Resolução Normativa nº 62/2013, Art. 6º, Inciso V",,6000.0
2025,380/2025,371/2025,CAVALCANTE & HOLANDA SOCIEDADE DE ADVOGADOS,42.054.947/0001-25,0,"Resolução Normativa nº 62/2013, Art. 6º, Inciso IV",,10000.0
2025,381/2025,372/2025,EDITORA E AGENCIA DE PUBLICIDADE O ESTADO EURELI,33.688.687/0001-59,0,"Resolução Normativa nº 62/2013, Art. 6º, Inciso V",,12500.0
2025,381/2025,372/2025,EURIPEDES BEZERRA FEITOSA FILHO - EFCON,39.550.287/0001-69,0,"Resolução Normativa nº 62/2013, Art. 6º, Inciso IV",,12500.0
2025,382/2025,373/2025,SENTRA DISTRIBUIDORA E SERVIÇO,13.170.806/0001-70,0,"Resolução Normativa nº 62/2013, Art. 6º, Inciso II",,6000.0
2025,382/2025,373/2025,ATEVALDO LOPES CARNEIRO SOCIEDADE INDIVIDUAL DE ADVOCACIA,39.522.462/0001-04,0,"Resolução Normativa nº 62/2013, Art. 6º, Inciso IV",,12000.0
2025,382/2025,373/2025,P L DA V COSTA,51.514.260/0001-16,0,"Resolução Normativa nº 62/2013, Art. 6º, Inciso IV",,7000.0
2025,383/2025,374/2025,TARCIO PEREIRA CRUZ,43.028.880/0001-17,0,"Resolução Normativa nº 62/2013, Art. 6º, Inciso V",,7000.0
2025,383/2025,374/2025,M. DE F. DA SILVA ARAUJO,15.510.740/0001-45,0,"Resolução Normativa nº 62/2013, Art. 6º, Inciso IV",,7100.0
2025,383/2025,374/2025,VIVIANE ALVES SOCIEDADE DE ADVOCACIA,57.034.475/0001-16,0,"Resolução Normativa nº 62/2013, Art. 6º, Inciso IV",,10600.0
2025,384/2025,375/2025,A C DE P SILVA,43.588.940/0001-56,0,"Resolução Normativa nº 62/2013, Art. 6º, Inciso V",,9000.0
2025,384/2025,375/2025,QSN EMPREENDIMENTOS LTDA,45.951.080/0001-07,0,"Resolução Normativa nº 62/2013, Art. 6º, Inciso II",,8000.0
2025,384/2025,375/2025,RAFAEL CAVALCANTI BEZERRA,21.603.479/0001-20,0,"Resolução Normativa nº 62/2013, Art. 6º, Inciso IV",,8000.0
2025,385/2025,376/2025,POR G D CAMELO VIANA,52.568.120/0001-93,0,"Resolução Normativa nº 62/2013, Art. 6º, Inciso IV",,6000.0
2025,385/2025,376/2025,PAULO L V COSTA,33.263.380/0001-06,0,"Resolução Normativa nº 62/2013, Art. 6º, Inciso IV",,10000.0
2025,385/2025,376/2025,BRENO MACEDO SOCIEDADE INDIVIDUAL DE ADVOCACIA,41.725.928/0001-10,0,"Resolução Normativa nº 62/2013, Art. 6º, Inciso IV",,9000.0
2025,386/2025,377/2025,MENDONÇA ASSESSORIA EMPRESARIAL LTDA,41.984.749/0001-06,0,"Resolução Normativa nº 62/2013, Art. 6º, Inciso IV",,8000.0
2025,386/2025,377/2025,MACEDO E MORAES SOCIEDADE DE ADVOGADOS,12.436.746/0001-21,0,"Resolução Normativa nº 62/2013, Art. 6º, Inciso IV",,12500.0
2025,386/2025,377/2025,URBANISMO SERVIÇOS E EVENTOS LTDA,18.445.567/0001-37,0,"Resolução Normativa nº 62/2013, Art. 6º, Inciso IV",,4500.0
2025,389/2025,380/2025,MARCUS VINICIUS MEDEIROS OLIVEIRA,,1,"Resolução Normativa nº 62/2013, Art. 6º, Inciso IV",,7900.0
2025,389/2025,380/2025,ELISANGELA PEGADO ANDRADE FEITOSA,,1,"Resolução Normativa nº 62/2013, Art. 6º, Inciso V",,6800.0
2025,389/2025,380/2025,GLEYSSON MOURA DA SILVA,11.195.416/0001-29,0,"Resolução Normativa nº 62/2013, Art. 6º, Inciso V",,4000.0
2025,389/2025,380/2025,MARIA NANCY GOMES DE CARVALHO,,1,"Resolução Normativa nº 62/2013, Art. 6º, Inciso V",,6000.0
2025,390/2025,381/2025,FRANCISCO DAS C DOS SANTOS,51.158.583/0001-14,0,"Resolução Normativa nº 62/2013, Art. 6º, Inciso II",,12500.0
2025,390/2025,381/2025,40.276.965 EDGAR RESPLANDES DE CARVALHO,40.276.965/0001-26,0,"Resolução Normativa nº 62/2013, Art. 6º, Inciso V",,12500.0
2025,391/2025,382/2025,F T GOMES DA SILVA,59.058.740/0001-21,0,"Resolução Normativa nº 62/2013, Art. 6º, Inciso IV",,7000.0
2025,391/2025,382/2025,MARIA WILMA R. DE MACEDO,35.023.805/0001-35,0,"Resolução Normativa nº 62/2013, Art. 6º, Inciso V",,9000.0
2025,391/2025,382/2025,EUCHERLIS TEIXEIRA SOCIEDADE INDV DE ADOCACIA,59.842.391/0001-34,0,"Resolução Normativa nº 62/2013, Art. 6º, Inciso IV",,9000.0
2025,432/2025,425/2025,KATIA SAMARA PEREIRA DOS SANTOS SILVA,,1,"Resolução Normativa nº 62/2013, Art. 6º, Inciso IV",,5000.0
2025,432/2025,425/2025,LENOEL VIEIRA DE SOUSA ABREU,,1,"Resolução Normativa nº 62/2013, Art. 6º, Inciso IV",,9000.0
2025,432/2025,425/2025,OLENIR ROSA DE MACEDO SOARES,,1,"Resolução Normativa nº 62/2013, Art. 6º, Inciso IV",,5500.0
2025,432/2025,425/2025,RUBEM MAGALHÃES MENESES,,1,"Resolução Normativa nº 62/2013, Art. 6º, Inciso V",,5500.0
2025,433/2025,426/2025,FF CONSULTORIA E AUDITORIA LTDA,26.171.508/0001-46,0,"Resolução Normativa nº 62/2013, Art. 6º, Inciso IV",,5000.0
2025,433/2025,426/2025,VICTORY FILMS,37.457.323/0001-19,0,"Resolução Normativa nº 62/2013, Art. 6º, Inciso V",,3500.0
2025,433/2025,426/2025,CARLOS YURY ARAUJO DE MORAIS SOCIEDADE INDIVIDUAL DE ADVOCAC,26.981.460/0001-31,0,"Resolução Normativa nº 62/2013, Art. 6º, Inciso IV",,8000.0
2025,433/2025,426/2025,M. F. LIMA CARNEIRO LTDA E VCIA EPP,04.626.774/0001-83,0,"Resolução Normativa nº 62/2013, Art. 6º, Inciso II",,8500.0
2025,434/2025,427/2025,GLEYSSON MOURA DA SILVA,11.195.416/0001-29,0,"Resolução Normativa nº 62/2013, Art. 6º, Inciso IV",,4000.0
2025,434/2025,427/2025,MARCUS VINICIUS MEDEIROS OLIVEIRA,,1,"Resolução Normativa nº 62/2013, Art. 6º, Inciso IV",,7900.0
2025,434/2025,427/2025,ELISANGELA PEGADO ANDRADE FEITOSA,,1,"Resolução Normativa nº 62/2013, Art. 6º, Inciso IV",,6800.0
2025,434/2025,427/2025,MARIA NANCY GOMES DE CARVALHO,,1,"Resolução Normativa nº 62/2013, Art. 6º, Inciso IV",,6000.0
2025,435/2025,428/2025,MENESES E LEAL ADVOCACIA E CONSULTORIA,58.842.671/0001-80,0,"Resolução Normativa nº 62/2013, Art. 6º, Inciso IV",,12500.0
2025,435/2025,428/2025,SOCIAL COMUNICAÇÃO & JORNALISMO LTDA ME,22.145.313/0001-70,0,"Resolução Normativa nº 62/2013, Art. 6º, Inciso V",,12500.0
2025,436/2025,429/2025,JOSE ANTONIO C M R FILHO SOCIEDADE INDIVID DE ADVOCACIA,38.316.551/0001-31,0,"Resolução Normativa nº 62/2013, Art. 6º, Inciso IV",,12000.0
2025,436/2025,429/2025,PLANEJAR CONSULTORIA E TREINAMENTO LTDA,17.723.880/0001-27,0,"Resolução Normativa nº 62/2013, Art. 6º, Inciso IV",,6000.0
2025,437/2025,430/2025,ELECT MARKETING LTDA,51.352.934/0001-23,0,"Resolução Normativa nº 62/2013, Art. 6º, Inciso V",,12500.0
2025,437/2025,430/2025,FILIPE ALENCAR SOCIEDADE INDV DE ADVOCACIA,50.587.247/0001-24,0,"Resolução Normativa nº 62/2013, Art. 6º, Inciso IV",,6250.0
2025,437/2025,430/2025,"PIRES, FERREIRA E LIMA SOCIEDADE IND DE ADVOCACIA",58.673.701/0001-71,0,"Resolução Normativa nº 62/2013, Art. 6º, Inciso IV",,6250.0
2025,438/2025,431/2025,LÍDER CONTABILIDADE E CERTIFICADO DIGITAL,46.422.835/0001-30,0,"Resolução Normativa nº 62/2013, Art. 6º, Inciso IV",,7500.0
2025,438/2025,431/2025,RAMOS E MACHADO LTDA ME,33.144.591/0001-20,0,"Resolução Normativa nº 62/2013, Art. 6º, Inciso V",,8600.0
2025,438/2025,431/2025,CARVALHO E OLIVEIRA - ADVOGADOS E ASSOCIADOS,10.791.215/0001-21,0,"Resolução Normativa nº 62/2013, Art. 6º, Inciso IV",,8600.0
2025,439/2025,432/2025,M. DE F. DA SILVA ARAUJO,15.510.740/0001-45,0,"Resolução Normativa nº 62/2013, Art. 6º, Inciso IV",,7100.0
2025,439/2025,432/2025,TARCIO PEREIRA CRUZ,43.028.880/0001-17,0,"Resolução Normativa nº 62/2013, Art. 6º, Inciso V",,7000.0
2025,439/2025,432/2025,VIVIANE ALVES SOCIEDADE DE ADVOCACIA,57.034.475/0001-16,0,"Resolução Normativa nº 62/2013, Art. 6º, Inciso IV",,10600.0
2025,440/2025,433/2025,ATEVALDO LOPES CARNEIRO SOCIEDADE INDIVIDUAL DE ADVOCACIA,39.522.462/0001-04,0,"Resolução Normativa nº 62/2013, Art. 6º, Inciso IV",,12000.0
2025,440/2025,433/2025,P L DA V COSTA,51.514.260/0001-16,0,"Resolução Normativa nº 62/2013, Art. 6º, Inciso IV",,7000.0
2025,440/2025,433/2025,SENTRA DISTRIBUIDORA E SERVIÇO,13.170.806/0001-70,0,"Resolução Normativa nº 62/2013, Art. 6º, Inciso II",,6000.0
2025,441/2025,434/2025,RAFAEL NEIVA NUNES DO REGO SOCIEDADE INDIVIDUAL DE ADVOCACIA,11.410.592/0001-36,0,"Resolução Normativa nº 62/2013, Art. 6º, Inciso IV",,6000.0
2025,441/2025,434/2025,MDP COMUNICAÇÃO LTDA,32.635.234/0001-00,0,"Resolução Normativa nº 62/2013, Art. 6º, Inciso V",,6000.0
2025,441/2025,434/2025,SOFTWARE INFOASSESSOR.COM.BR,35.748.629/0001-07,0,"Resolução Normativa nº 62/2013, Art. 6º, Inciso IX",,590.0
2025,441/2025,434/2025,PIAUI LOCAÇÕES DE VEÍCULOS E TRANSPORTE ESCOLAR LTDA,36.731.367/0001-22,0,"Resolução Normativa nº 62/2013, Art. 6º, Inciso II",,12410.0
2025,442/2025,435/2025,ALMEIDA E BANDEIRA ADVOGADOS ASSOCIADOS,16.750.540/0001-22,0,"Resolução Normativa nº 62/2013, Art. 6º, Inciso IV",,12500.0
2025,442/2025,435/2025,DAVID CUNHA CARVALHO,,1,"Resolução Normativa nº 62/2013, Art. 6º, Inciso V",,4500.0
2025,442/2025,435/2025,L R DO NASCIMENTO LIMA LTDA,43.004.368/0001-30,0,"Resolução Normativa nº 62/2013, Art. 6º, Inciso II",,8000.0
2025,443/2025,436/2025,MAURICIO DE LACERDA ALMEIDA NETO,,1,"Resolução Normativa nº 62/2013, Art. 6º, Inciso IV",,6500.0
2025,443/2025,436/2025,PAULO NASCIMENTO DE ARAUJO,,1,"Resolução Normativa nº 62/2013, Art. 6º, Inciso IV",,6000.0
2025,443/2025,436/2025,R M MALAQUIAS SERVICOS COMBINADOS,11.852.887/0001-62,0,"Resolução Normativa nº 62/2013, Art. 6º, Inciso IV",,12500.0
2025,444/2025,437/2025,JOSE HELIO LUCIO DA SILVA FILHO,33.243.298/0001-10,0,"Resolução Normativa nº 62/2013, Art. 6º, Inciso IV",,11000.0
2025,444/2025,437/2025,EMPRESA PLUG PROPAGANDA & MARKETING LTDA,07.484.108/0001-46,0,"Resolução Normativa nº 62/2013, Art. 6º, Inciso V",,8000.0
2025,444/2025,437/2025,RL - EMPREENDIMENTOS IMOBILIÁRIOS,15.183.027/0001-34,0,"Resolução Normativa nº 62/2013, Art. 6º, Inciso II",,6000.0
2025,445/2025,438/2025,COSTA PRODUCOES ARTISTICAS LTDA,32.270.295/0001-02,0,"Resolução Normativa nº 62/2013, Art. 6º, Inciso IV",,8500.0
2025,445/2025,438/2025,DÁRIO BISPO CIA,54.533.136/0001-96,0,"Resolução Normativa nº 62/2013, Art. 6º, Inciso IV",,5000.0
2025,445/2025,438/2025,LENINE CONTABILIDADE E CONSULTORIA EMPRESARIAL LTDA,45.094.432/0001-47,0,"Resolução Normativa nº 62/2013, Art. 6º, Inciso IV",,11500.0
2025,446/2025,439/2025,DANIEL LEONARDO DE LIMA VIANA - SOCIEDADE INDIVIDUAL DE ADV,30.215.839/0001-08,0,"Resolução Normativa nº 62/2013, Art. 6º, Inciso IV",,8000.0
2025,446/2025,439/2025,MASTER CONTABILIDADE E SERVIÇOS LTDA,58.865.666/0001-92,0,"Resolução Normativa nº 62/2013, Art. 6º, Inciso IV",,5000.0
2025,446/2025,439/2025,ZION -COMUNICACAO & ESTRATEGIA LTDA,13.097.115/0001-98,0,"Resolução Normativa nº 62/2013, Art. 6º, Inciso V",,12000.0
2025,447/2025,440/2025,URBANISMO SERVIÇOS E EVENTOS LTDA,18.445.567/0001-37,0,"Resolução Normativa nº 62/2013, Art. 6º, Inciso IV",,8000.0
2025,447/2025,440/2025,CAVALCANTE & HOLANDA SOCIEDADE DE ADVOGADOS,42.054.947/0001-25,0,"Resolução Normativa nº 62/2013, Art. 6º, Inciso IV",,10000.0
2025,447/2025,440/2025,MENDONÇA ASSESSORIA EMPRESARIAL LTDA,41.984.749/0001-06,0,"Resolução Normativa nº 62/2013, Art. 6º, Inciso IV",,7000.0
2025,448/2025,441/2025,58.289.818 JOSEFA GEOVANA NUNES COSTA,58.289.818/0001-56,0,"Resolução Normativa nº 62/2013, Art. 6º, Inciso V",,6000.0
2025,448/2025,441/2025,MARCOS MACIEL BATISTA DE SOUSA SOCIEDAE INDIVIDUAL DE ADVOCA,39.300.408/0001-14,0,"Resolução Normativa nº 62/2013, Art. 6º, Inciso IV",,12000.0
2025,448/2025,441/2025,MIRANDAS ASSOCIADOS CONTABILIDADE,18.816.149/0001-09,0,"Resolução Normativa nº 62/2013, Art. 6º, Inciso IV",,7000.0
2025,449/2025,442/2025,EUCHERLIS TEIXEIRA SOCIEDADE INDV DE ADOCACIA,59.842.391/0001-34,0,"Resolução Normativa nº 62/2013, Art. 6º, Inciso IV",,9000.0
2025,449/2025,442/2025,F T GOMES DA SILVA,59.058.740/0001-21,0,"Resolução Normativa nº 62/2013, Art. 6º, Inciso IV",,7000.0
2025,449/2025,442/2025,MARIA WILMA R. DE MACEDO,35.023.805/0001-35,0,"Resolução Normativa nº 62/2013, Art. 6º, Inciso V",,9000.0
2025,450/2025,443/2025,EDITORA E AGENCIA DE PUBLICIDADE O ESTADO EURELI,33.688.687/0001-59,0,"Resolução Normativa nº 62/2013, Art. 6º, Inciso V",,12500.0
2025,450/2025,443/2025,EURIPEDES BEZERRA FEITOSA FILHO - EFCON,39.550.287/0001-69,0,"Resolução Normativa nº 62/2013, Art. 6º, Inciso IV",,12500.0
2025,451/2025,444/2025,RAFAEL CAVALCANTI BEZERRA,21.603.479/0001-20,0,"Resolução Normativa nº 62/2013, Art. 6º, Inciso IV",,8000.0
2025,451/2025,444/2025,A C DE P SILVA,43.588.940/0001-56,0,"Resolução Normativa nº 62/2013, Art. 6º, Inciso V",,9000.0
2025,451/2025,444/2025,QSN EMPREENDIMENTOS LTDA,45.951.080/0001-07,0,"Resolução Normativa nº 62/2013, Art. 6º, Inciso II",,8000.0
2025,452/2025,445/2025,40.276.965 EDGAR RESPLANDES DE CARVALHO,40.276.965/0001-26,0,"Resolução Normativa nº 62/2013, Art. 6º, Inciso V",,12500.0
2025,452/2025,445/2025,FRANCISCO DAS C DOS SANTOS,51.158.583/0001-14,0,"Resolução Normativa nº 62/2013, Art. 6º, Inciso II",,12500.0
2025,453/2025,446/2025,COSTA & BRITO COMUNICAÇÃO LTDA ME,15.009.045/0001-02,0,"Resolução Normativa nº 62/2013, Art. 6º, Inciso V",,5000.0
2025,453/2025,446/2025,EULALIO OLIVEIRA SOCIEDADE INDIVIDUAL DE ADVOCACIA,56.343.268/0001-80,0,"Resolução Normativa nº 62/2013, Art. 6º, Inciso IV",,8000.0
2025,453/2025,446/2025,M. DE F. DA SILVA ARAUJO,15.510.740/0001-45,0,"Resolução Normativa nº 62/2013, Art. 6º, Inciso IV",,12000.0
2025,454/2025,447/2025,BRENO MACEDO SOCIEDADE INDIVIDUAL DE ADVOCACIA,41.725.928/0001-10,0,"Resolução Normativa nº 62/2013, Art. 6º, Inciso IV",,9000.0
2025,454/2025,447/2025,POR G D CAMELO VIANA,52.568.120/0001-93,0,"Resolução Normativa nº 62/2013, Art. 6º, Inciso IV",,6000.0
2025,454/2025,447/2025,PAULO L V COSTA,33.263.380/0001-06,0,"Resolução Normativa nº 62/2013, Art. 6º, Inciso IV",,10000.0
2025,455/2025,448/2025,GEORGIA NUNES ADVOGADOS ASSOCIADOS,10.750.754/0001-12,0,"Resolução Normativa nº 62/2013, Art. 6º, Inciso IV",,10000.0
2025,455/2025,448/2025,GWR SILVA CONTABILIDADE E CONSULTORIA,33.650.479/0001-60,0,"Resolução Normativa nº 62/2013, Art. 6º, Inciso IV",,8000.0
2025,455/2025,448/2025,LANDIM COMUNICAÇÃO E PUBLICIDADE E LTDA,49.547.506/0001-04,0,"Resolução Normativa nº 62/2013, Art. 6º, Inciso V",,7000.0
2025,456/2025,449/2025,PEDRO HENRIQUE FREITAS SOCIEDADE INDIVIDUAL DE ADVOCACIA,57.388.672/0001-33,0,"Resolução Normativa nº 62/2013, Art. 6º, Inciso IV",,8500.0
2025,456/2025,449/2025,AVANCE DIGITAL,51.430.500/0001-02,0,"Resolução Normativa nº 62/2013, Art. 6º, Inciso V",,4000.0
2025,456/2025,449/2025,CAPITAL SERVIÇOS LTDA.,11.208.910/0001-80,0,"Resolução Normativa nº 62/2013, Art. 6º, Inciso II",,12500.0
2025,457/2025,450/2025,CAVALCANTE & HOLANDA SOCIEDADE DE ADVOGADOS,42.054.947/0001-25,0,"Resolução Normativa nº 62/2013, Art. 6º, Inciso IV",,10000.0
2025,457/2025,450/2025,TARSO DE NORONHA PESSOA,,1,"Resolução Normativa nº 62/2013, Art. 6º, Inciso IV",,5000.0
2025,457/2025,450/2025,ZION -COMUNICACAO & ESTRATEGIA LTDA,13.097.115/0001-98,0,"Resolução Normativa nº 62/2013, Art. 6º, Inciso V",,10000.0
2025,458/2025,451/2025,MACEDO E MORAES SOCIEDADE DE ADVOGADOS,12.436.746/0001-21,0,"Resolução Normativa nº 62/2013, Art. 6º, Inciso IV",,12500.0
2025,458/2025,451/2025,MENDONÇA ASSESSORIA EMPRESARIAL LTDA,41.984.749/0001-06,0,"Resolução Normativa nº 62/2013, Art. 6º, Inciso IV",,8000.0
2025,458/2025,451/2025,URBANISMO SERVIÇOS E EVENTOS LTDA,18.445.567/0001-37,0,"Resolução Normativa nº 62/2013, Art. 6º, Inciso V",,4500.0
2025,459/2025,545/2025,CARSON ROMULO SOUSA LOPES,17.755.674/0001-07,0,"Resolução Normativa nº 62/2013, Art. 6º, Inciso IV",,3750.0
2025,459/2025,545/2025,CAVALCANTE & HOLANDA SOCIEDADE DE ADVOGADOS,42.054.947/0001-25,0,"Resolução Normativa nº 62/2013, Art. 6º, Inciso IV",,9000.0
2025,459/2025,545/2025,PORTAL NOTICIA DIRETA LTDA,59.788.319/0001-76,0,"Resolução Normativa nº 62/2013, Art. 6º, Inciso IV",,12000.0
2025,460/2025,455/2025,ALMEIDA & ALENCAR ADVOGADOS ASSOCIADOS,22.439.402/0001-20,0,"Resolução Normativa nº 62/2013, Art. 6º, Inciso IV",,7000.0
2025,460/2025,455/2025,GWR SILVA CONTABILIDADE E CONSULTORIA,33.650.479/0001-60,0,"Resolução Normativa nº 62/2013, Art. 6º, Inciso IV",,7000.0
2025,460/2025,455/2025,ISADORA MIRANDA LEAL LTDA,59.858.714/0001-88,0,"Resolução Normativa nº 62/2013, Art. 6º, Inciso V",,800.0
2025,460/2025,455/2025,ISADORA MIRANDA LEAL LTDA,59.858.714/0001-88,0,"Resolução Normativa nº 62/2013, Art. 6º, Inciso V",,3000.0
2025,460/2025,455/2025,JOAO MAGALHAES CARVALHO,54.214.890/0001-63,0,"Resolução Normativa nº 62/2013, Art. 6º, Inciso V",,6000.0
2025,504/2025,508/2025,AVANCE DIGITAL,51.430.500/0001-02,0,"Resolução Normativa nº 62/2013, Art. 6º, Inciso V",,4000.0
2025,504/2025,508/2025,CAPITAL SERVIÇOS LTDA.,11.208.910/0001-80,0,"Resolução Normativa nº 62/2013, Art. 6º, Inciso II",,12500.0
2025,504/2025,508/2025,PEDRO HENRIQUE FREITAS SOCIEDADE INDIVIDUAL DE ADVOCACIA,57.388.672/0001-33,0,"Resolução Normativa nº 62/2013, Art. 6º, Inciso IV",,8500.0
2025,505/2025,509/2025,LÍDER CONTABILIDADE E CERTIFICADO DIGITAL,46.422.835/0001-30,0,"Resolução Normativa nº 62/2013, Art. 6º, Inciso IV",,7500.0
2025,505/2025,509/2025,RAMOS E MACHADO LTDA ME,33.144.591/0001-20,0,"Resolução Normativa nº 62/2013, Art. 6º, Inciso V",,8600.0
2025,505/2025,509/2025,CARVALHO E OLIVEIRA - ADVOGADOS E ASSOCIADOS,10.791.215/0001-21,0,"Resolução Normativa nº 62/2013, Art. 6º, Inciso IV",,8600.0
2025,506/2025,510/2025,RAFAEL NEIVA NUNES DO REGO SOCIEDADE INDIVIDUAL DE ADVOCACIA,11.410.592/0001-36,0,"Resolução Normativa nº 62/2013, Art. 6º, Inciso IV",,6000.0
2025,506/2025,510/2025,MDP COMUNICAÇÃO LTDA,32.635.234/0001-00,0,"Resolução Normativa nº 62/2013, Art. 6º, Inciso V",,6000.0
2025,506/2025,510/2025,SOFTWARE INFOASSESSOR.COM.BR,35.748.629/0001-07,0,"Resolução Normativa nº 62/2013, Art. 6º, Inciso IX",,590.0
2025,506/2025,510/2025,PIAUI LOCAÇÕES DE VEÍCULOS E TRANSPORTE ESCOLAR LTDA,36.731.367/0001-22,0,"Resolução Normativa nº 62/2013, Art. 6º, Inciso II",,12410.0
2025,507/2025,511/2025,ALMEIDA & ALENCAR ADVOGADOS ASSOCIADOS,22.439.402/0001-20,0,"Resolução Normativa nº 62/2013, Art. 6º, Inciso IV",,7000.0
2025,507/2025,511/2025,GWR SILVA CONTABILIDADE E CONSULTORIA,33.650.479/0001-60,0,"Resolução Normativa nº 62/2013, Art. 6º, Inciso IV",,7000.0
2025,507/2025,511/2025,ISADORA MIRANDA LEAL LTDA,59.858.714/0001-88,0,"Resolução Normativa nº 62/2013, Art. 6º, Inciso V",,3000.0
2025,507/2025,511/2025,JOAO MAGALHAES CARVALHO,54.214.890/0001-63,0,"Resolução Normativa nº 62/2013, Art. 6º, Inciso V",,6000.0
2025,508/2025,512/2025,BRENO MACEDO SOCIEDADE INDIVIDUAL DE ADVOCACIA,41.725.928/0001-10,0,"Resolução Normativa nº 62/2013, Art. 6º, Inciso IV",,9000.0
2025,508/2025,512/2025,POR G D CAMELO VIANA,52.568.120/0001-93,0,"Resolução Normativa nº 62/2013, Art. 6º, Inciso V",,6000.0
2025,508/2025,512/2025,PAULO L V COSTA,33.263.380/0001-06,0,"Resolução Normativa nº 62/2013, Art. 6º, Inciso IV",,10000.0
2025,509/2025,513/2025,MACEDO E MORAES SOCIEDADE DE ADVOGADOS,12.436.746/0001-21,0,"Resolução Normativa nº 62/2013, Art. 6º, Inciso IV",,12500.0
2025,509/2025,513/2025,MENDONÇA ASSESSORIA EMPRESARIAL LTDA,41.984.749/0001-06,0,"Resolução Normativa nº 62/2013, Art. 6º, Inciso IV",,8000.0
2025,509/2025,513/2025,URBANISMO SERVIÇOS E EVENTOS LTDA,18.445.567/0001-37,0,"Resolução Normativa nº 62/2013, Art. 6º, Inciso IV",,4500.0
2025,510/2025,514/2025,M. DE F. DA SILVA ARAUJO,15.510.740/0001-45,0,"Resolução Normativa nº 62/2013, Art. 6º, Inciso IV",,7100.0
2025,510/2025,514/2025,TARCIO PEREIRA CRUZ,43.028.880/0001-17,0,"Resolução Normativa nº 62/2013, Art. 6º, Inciso V",,7000.0
2025,510/2025,514/2025,VIVIANE ALVES SOCIEDADE DE ADVOCACIA,57.034.475/0001-16,0,"Resolução Normativa nº 62/2013, Art. 6º, Inciso IV",,10600.0
2025,511/2025,515/2025,JOSEFA GEOVANA NUNES COSTA,,1,"Resolução Normativa nº 62/2013, Art. 6º, Inciso V",,6000.0
2025,511/2025,515/2025,MARCOS MACIEL BATISTA DE SOUSA SOCIEDAE INDIVIDUAL DE ADVOCA,39.300.408/0001-14,0,"Resolução Normativa nº 62/2013, Art. 6º, Inciso IV",,12000.0
2025,511/2025,515/2025,MIRANDAS ASSOCIADOS CONTABILIDADE,18.816.149/0001-09,0,"Resolução Normativa nº 62/2013, Art. 6º, Inciso IV",,7000.0
2025,512/2025,516/2025,EUCHERLIS TEIXEIRA SOCIEDADE INDV DE ADOCACIA,59.842.391/0001-34,0,"Resolução Normativa nº 62/2013, Art. 6º, Inciso IV",,9000.0
2025,512/2025,516/2025,F T GOMES DA SILVA,59.058.740/0001-21,0,"Resolução Normativa nº 62/2013, Art. 6º, Inciso IV",,7000.0
2025,512/2025,516/2025,MARIA WILMA R. DE MACEDO,35.023.805/0001-35,0,"Resolução Normativa nº 62/2013, Art. 6º, Inciso IV",,9000.0
2025,513/2025,517/2025,CAVALCANTE & HOLANDA SOCIEDADE DE ADVOGADOS,42.054.947/0001-25,0,"Resolução Normativa nº 62/2013, Art. 6º, Inciso IV",,10000.0
2025,513/2025,517/2025,TARSO DE NORONHA PESSOA,,1,"Resolução Normativa nº 62/2013, Art. 6º, Inciso IV",,5000.0
2025,513/2025,517/2025,ZION -COMUNICACAO & ESTRATEGIA LTDA,13.097.115/0001-98,0,"Resolução Normativa nº 62/2013, Art. 6º, Inciso V",,10000.0
2025,514/2025,518/2025,VICTORY FILMS,37.457.323/0001-19,0,"Resolução Normativa nº 62/2013, Art. 6º, Inciso V",,3500.0
2025,514/2025,518/2025,CARLOS YURY ARAUJO DE MORAIS SOCIEDADE INDIVIDUAL DE ADVOCAC,26.981.460/0001-31,0,"Resolução Normativa nº 62/2013, Art. 6º, Inciso IV",,8000.0
2025,514/2025,518/2025,FF CONSULTORIA E AUDITORIA LTDA,26.171.508/0001-46,0,"Resolução Normativa nº 62/2013, Art. 6º, Inciso IV",,5000.0
2025,514/2025,518/2025,M. F. LIMA CARNEIRO LTDA E VCIA EPP,04.626.774/0001-83,0,"Resolução Normativa nº 62/2013, Art. 6º, Inciso II",,8500.0
2025,515/2025,519/2025,COSTA PRODUCOES ARTISTICAS LTDA,32.270.295/0001-02,0,"Resolução Normativa nº 62/2013, Art. 6º, Inciso V",,8500.0
2025,515/2025,519/2025,DÁRIO BISPO CIA,54.533.136/0001-96,0,"Resolução Normativa nº 62/2013, Art. 6º, Inciso IV",,5000.0
2025,515/2025,519/2025,LENINE CONTABILIDADE E CONSULTORIA EMPRESARIAL LTDA,45.094.432/0001-47,0,"Resolução Normativa nº 62/2013, Art. 6º, Inciso IV",,11500.0
2025,516/2025,520/2025,MAURICIO DE LACERDA ALMEIDA NETO,,1,"Resolução Normativa nº 62/2013, Art. 6º, Inciso IV",,6500.0
2025,516/2025,520/2025,PAULO NASCIMENTO DE ARAUJO,,1,"Resolução Normativa nº 62/2013, Art. 6º, Inciso IV",,6000.0
2025,516/2025,520/2025,R M MALAQUIAS SERVICOS COMBINADOS,11.852.887/0001-62,0,"Resolução Normativa nº 62/2013, Art. 6º, Inciso IV",,12500.0
2025,517/2025,521/2025,ELECT MARKETING LTDA,51.352.934/0001-23,0,"Resolução Normativa nº 62/2013, Art. 6º, Inciso V",,12500.0
2025,517/2025,521/2025,FILIPE ALENCAR SOCIEDADE INDV DE ADVOCACIA,50.587.247/0001-24,0,"Resolução Normativa nº 62/2013, Art. 6º, Inciso IV",,6250.0
2025,517/2025,521/2025,"PIRES, FERREIRA E LIMA SOCIEDADE IND DE ADVOCACIA",58.673.701/0001-71,0,"Resolução Normativa nº 62/2013, Art. 6º, Inciso IV",,6250.0
2025,518/2025,522/2025,MENESES E LEAL ADVOCACIA E CONSULTORIA,58.842.671/0001-80,0,"Resolução Normativa nº 62/2013, Art. 6º, Inciso IV",,12500.0
2025,518/2025,522/2025,SOCIAL COMUNICAÇÃO & JORNALISMO LTDA ME,22.145.313/0001-70,0,"Resolução Normativa nº 62/2013, Art. 6º, Inciso V",,12500.0
2025,519/2025,523/2025,CAVALCANTE & HOLANDA SOCIEDADE DE ADVOGADOS,42.054.947/0001-25,0,"Resolução Normativa nº 62/2013, Art. 6º, Inciso IV",,10000.0
2025,519/2025,523/2025,MENDONÇA ASSESSORIA EMPRESARIAL LTDA,41.984.749/0001-06,0,"Resolução Normativa nº 62/2013, Art. 6º, Inciso IV",,7000.0
2025,519/2025,523/2025,URBANISMO SERVIÇOS E EVENTOS LTDA,18.445.567/0001-37,0,"Resolução Normativa nº 62/2013, Art. 6º, Inciso IV",,8000.0
2025,520/2025,524/2025,JOSE HELIO LUCIO DA SILVA FILHO,33.243.298/0001-10,0,"Resolução Normativa nº 62/2013, Art. 6º, Inciso IV",,11000.0
2025,520/2025,524/2025,EMPRESA PLUG PROPAGANDA & MARKETING LTDA,07.484.108/0001-46,0,"Resolução Normativa nº 62/2013, Art. 6º, Inciso V",,8000.0
2025,520/2025,524/2025,RL - EMPREENDIMENTOS IMOBILIÁRIOS,15.183.027/0001-34,0,"Resolução Normativa nº 62/2013, Art. 6º, Inciso II",,6000.0
2025,521/2025,525/2025,EDITORA E AGENCIA DE PUBLICIDADE O ESTADO EURELI,33.688.687/0001-59,0,"Resolução Normativa nº 62/2013, Art. 6º, Inciso V",,12500.0
2025,521/2025,525/2025,EURIPEDES BEZERRA FEITOSA FILHO - EFCON,39.550.287/0001-69,0,"Resolução Normativa nº 62/2013, Art. 6º, Inciso IV",,12500.0
2025,522/2025,526/2025,B DE M DOS SANTOS BS GESTAO CONTABIL,61.895.925/0001-32,0,"Resolução Normativa nº 62/2013, Art. 6º, Inciso IV",,6250.0
2025,522/2025,526/2025,JOSE ANTONIO C M R FILHO SOCIEDADE INDIVID DE ADVOCACIA,38.316.551/0001-31,0,"Resolução Normativa nº 62/2013, Art. 6º, Inciso IV",,12000.0
2025,522/2025,526/2025,R A DE O PEREIRA CONECTHE GESTAO,60.587.365/0001-96,0,"Resolução Normativa nº 62/2013, Art. 6º, Inciso V",,6750.0
2025,523/2025,527/2025,GWR SILVA CONTABILIDADE E CONSULTORIA,33.650.479/0001-60,0,"Resolução Normativa nº 62/2013, Art. 6º, Inciso IV",,8000.0
2025,523/2025,527/2025,GEORGIA NUNES ADVOGADOS ASSOCIADOS,10.750.754/0001-12,0,"Resolução Normativa nº 62/2013, Art. 6º, Inciso IV",,10000.0
2025,523/2025,527/2025,LANDIM COMUNICAÇÃO E PUBLICIDADE E LTDA,49.547.506/0001-04,0,"Resolução Normativa nº 62/2013, Art. 6º, Inciso V",,7000.0
2025,524/2025,528/2025,KATIA SAMARA PEREIRA DOS SANTOS SILVA,,1,"Resolução Normativa nº 62/2013, Art. 6º, Inciso IV",,5000.0
2025,524/2025,528/2025,OLENIR ROSA DE MACEDO SOARES,,1,"Resolução Normativa nº 62/2013, Art. 6º, Inciso IV",,5500.0
2025,524/2025,528/2025,RENATO LUCAS VIEIRA DA SILVA,,1,"Resolução Normativa nº 62/2013, Art. 6º, Inciso IV",,9000.0
2025,524/2025,528/2025,RUBEM MAGALHÃES MENESES,,1,"Resolução Normativa nº 62/2013, Art. 6º, Inciso V",,5500.0
2025,525/2025,529/2025,40.276.965 EDGAR RESPLANDES DE CARVALHO,40.276.965/0001-26,0,"Resolução Normativa nº 62/2013, Art. 6º, Inciso V",,12500.0
2025,525/2025,529/2025,FRANCISCO DAS C DOS SANTOS,51.158.583/0001-14,0,"Resolução Normativa nº 62/2013, Art. 6º, Inciso II",,12500.0
2025,526/2025,530/2025,ALMEIDA E BANDEIRA ADVOGADOS ASSOCIADOS,16.750.540/0001-22,0,"Resolução Normativa nº 62/2013, Art. 6º, Inciso IV",,12500.0
2025,526/2025,530/2025,DAVID CUNHA CARVALHO,,1,"Resolução Normativa nº 62/2013, Art. 6º, Inciso V",,4500.0
2025,526/2025,530/2025,L R DO NASCIMENTO LIMA LTDA,43.004.368/0001-30,0,"Resolução Normativa nº 62/2013, Art. 6º, Inciso II",,8000.0
2025,527/2025,531/2025,CARSON ROMULO SOUSA LOPES,17.755.674/0001-07,0,"Resolução Normativa nº 62/2013, Art. 6º, Inciso IV",,3750.0
2025,527/2025,531/2025,CAVALCANTE & HOLANDA SOCIEDADE DE ADVOGADOS,42.054.947/0001-25,0,"Resolução Normativa nº 62/2013, Art. 6º, Inciso IV",,6000.0
2025,527/2025,531/2025,EDUARDO SILVA,34.031.466/0001-76,0,"Resolução Normativa nº 62/2013, Art. 6º, Inciso IV",,6000.0
2025,527/2025,531/2025,PORTAL NOTICIA DIRETA LTDA,59.788.319/0001-76,0,"Resolução Normativa nº 62/2013, Art. 6º, Inciso V",,9000.0
2025,528/2025,532/2025,ATEVALDO LOPES CARNEIRO SOCIEDADE INDIVIDUAL DE ADVOCACIA,39.522.462/0001-04,0,"Resolução Normativa nº 62/2013, Art. 6º, Inciso IV",,12000.0
2025,528/2025,532/2025,P L DA V COSTA,51.514.260/0001-16,0,"Resolução Normativa nº 62/2013, Art. 6º, Inciso IV",,7000.0
2025,528/2025,532/2025,SENTRA DISTRIBUIDORA E SERVIÇO,13.170.806/0001-70,0,"Resolução Normativa nº 62/2013, Art. 6º, Inciso II",,6000.0
2025,529/2025,533/2025,DANIEL LEONARDO DE LIMA VIANA - SOCIEDADE INDIVIDUAL DE ADV,30.215.839/0001-08,0,"Resolução Normativa nº 62/2013, Art. 6º, Inciso IV",,8000.0
2025,529/2025,533/2025,MASTER CONTABILIDADE E SERVIÇOS LTDA,58.865.666/0001-92,0,"Resolução Normativa nº 62/2013, Art. 6º, Inciso IV",,5000.0
2025,529/2025,533/2025,ZION -COMUNICACAO & ESTRATEGIA LTDA,13.097.115/0001-98,0,"Resolução Normativa nº 62/2013, Art. 6º, Inciso V",,12000.0
2025,530/2025,534/2025,A C DE P SILVA,43.588.940/0001-56,0,"Resolução Normativa nº 62/2013, Art. 6º, Inciso V",,9000.0
2025,530/2025,534/2025,QSN EMPREENDIMENTOS LTDA,45.951.080/0001-07,0,"Resolução Normativa nº 62/2013, Art. 6º, Inciso II",,8000.0
2025,530/2025,534/2025,RAFAEL CAVALCANTI BEZERRA,21.603.479/0001-20,0,"Resolução Normativa nº 62/2013, Art. 6º, Inciso IV",,8000.0
2025,531/2025,535/2025,ELISANGELA PEGADO ANDRADE FEITOSA,,1,"Resolução Normativa nº 62/2013, Art. 6º, Inciso V",,6800.0
2025,531/2025,535/2025,GLEYSSON MOURA DA SILVA,11.195.416/0001-29,0,"Resolução Normativa nº 62/2013, Art. 6º, Inciso IV",,4000.0
2025,531/2025,535/2025,MARCUS VINICIUS MEDEIROS OLIVEIRA,,1,"Resolução Normativa nº 62/2013, Art. 6º, Inciso IV",,7900.0
2025,531/2025,535/2025,MARIA NANCY GOMES DE CARVALHO,,1,"Resolução Normativa nº 62/2013, Art. 6º, Inciso IV",,6000.0
2025,534/2025,537/2025,COSTA & BRITO COMUNICAÇÃO LTDA ME,15.009.045/0001-02,0,"Resolução Normativa nº 62/2013, Art. 6º, Inciso V",,5000.0
2025,534/2025,537/2025,EULALIO OLIVEIRA SOCIEDADE INDIVIDUAL DE ADVOCACIA,56.343.268/0001-80,0,"Resolução Normativa nº 62/2013, Art. 6º, Inciso IV",,8000.0
2025,534/2025,537/2025,M. DE F. DA SILVA ARAUJO,15.510.740/0001-45,0,"Resolução Normativa nº 62/2013, Art. 6º, Inciso IV",,12000.0
2025,58/2025,47/2025,KATIA SAMARA PEREIRA DOS SANTOS SILVA,,1,"Resolução Normativa nº 62/2013, Art. 6º, Inciso IV",,5000.0
2025,58/2025,47/2025,LENOEL VIEIRA DE SOUSA ABREU,,1,"Resolução Normativa nº 62/2013, Art. 6º, Inciso IV",,9000.0
2025,58/2025,47/2025,RUBEM MAGALHÃES MENESES,,1,"Resolução Normativa nº 62/2013, Art. 6º, Inciso IV",,5500.0
2025,58/2025,47/2025,OLENIR ROSA DE MACEDO SOARES,,1,"Resolução Normativa nº 62/2013, Art. 6º, Inciso IV",,5500.0
2025,582/2025,589/2025,ELECT MARKETING LTDA,51.352.934/0001-23,0,"Resolução Normativa nº 62/2013, Art. 6º, Inciso V",,12500.0
2025,582/2025,589/2025,FILIPE ALENCAR SOCIEDADE INDV DE ADVOCACIA,50.587.247/0001-24,0,"Resolução Normativa nº 62/2013, Art. 6º, Inciso IV",,6250.0
2025,582/2025,589/2025,"PIRES, FERREIRA E LIMA SOCIEDADE IND DE ADVOCACIA",58.673.701/0001-71,0,"Resolução Normativa nº 62/2013, Art. 6º, Inciso IV",,6250.0
2025,583/2025,590/2025,JOSE HELIO LUCIO DA SILVA FILHO,33.243.298/0001-10,0,"Resolução Normativa nº 62/2013, Art. 6º, Inciso IV",,11000.0
2025,583/2025,590/2025,EMPRESA PLUG PROPAGANDA & MARKETING LTDA,07.484.108/0001-46,0,"Resolução Normativa nº 62/2013, Art. 6º, Inciso V",,8000.0
2025,583/2025,590/2025,RL - EMPREENDIMENTOS IMOBILIÁRIOS,15.183.027/0001-34,0,"Resolução Normativa nº 62/2013, Art. 6º, Inciso II",,6000.0
2025,584/2025,591/2025,RAFAEL NEIVA NUNES DO REGO SOCIEDADE INDIVIDUAL DE ADVOCACIA,11.410.592/0001-36,0,"Resolução Normativa nº 62/2013, Art. 6º, Inciso IV",,6000.0
2025,584/2025,591/2025,MDP COMUNICAÇÃO LTDA,32.635.234/0001-00,0,"Resolução Normativa nº 62/2013, Art. 6º, Inciso V",,6000.0
2025,584/2025,591/2025,SOFTWARE INFOASSESSOR.COM.BR,35.748.629/0001-07,0,"Resolução Normativa nº 62/2013, Art. 6º, Inciso IX",,590.0
2025,584/2025,591/2025,PIAUI LOCAÇÕES DE VEÍCULOS E TRANSPORTE ESCOLAR LTDA,36.731.367/0001-22,0,"Resolução Normativa nº 62/2013, Art. 6º, Inciso II",,12410.0
2025,585/2025,592/2025,KATIA SAMARA PEREIRA DOS SANTOS SILVA,,1,"Resolução Normativa nº 62/2013, Art. 6º, Inciso IV",,5000.0
2025,585/2025,592/2025,OLENIR ROSA DE MACEDO SOARES,,1,"Resolução Normativa nº 62/2013, Art. 6º, Inciso IV",,5500.0
2025,585/2025,592/2025,RENATO LUCAS VIEIRA DA SILVA,,1,"Resolução Normativa nº 62/2013, Art. 6º, Inciso IV",,9000.0
2025,585/2025,592/2025,RUBEM MAGALHÃES MENESES,,1,"Resolução Normativa nº 62/2013, Art. 6º, Inciso V",,5500.0
2025,586/2025,593/2025,LÍDER CONTABILIDADE E CERTIFICADO DIGITAL,46.422.835/0001-30,0,"Resolução Normativa nº 62/2013, Art. 6º, Inciso IV",,7500.0
2025,586/2025,593/2025,RAMOS E MACHADO LTDA ME,33.144.591/0001-20,0,"Resolução Normativa nº 62/2013, Art. 6º, Inciso V",,8600.0
2025,586/2025,593/2025,CARVALHO E OLIVEIRA - ADVOGADOS E ASSOCIADOS,10.791.215/0001-21,0,"Resolução Normativa nº 62/2013, Art. 6º, Inciso IV",,8600.0
2025,587/2025,594/2025,A C DE P SILVA,43.588.940/0001-56,0,"Resolução Normativa nº 62/2013, Art. 6º, Inciso V",,9000.0
2025,587/2025,594/2025,QSN EMPREENDIMENTOS LTDA,45.951.080/0001-07,0,"Resolução Normativa nº 62/2013, Art. 6º, Inciso II",,8000.0
2025,587/2025,594/2025,RAFAEL CAVALCANTI BEZERRA,21.603.479/0001-20,0,"Resolução Normativa nº 62/2013, Art. 6º, Inciso IV",,8000.0
2025,588/2025,595/2025,ALMEIDA E BANDEIRA ADVOGADOS ASSOCIADOS,16.750.540/0001-22,0,"Resolução Normativa nº 62/2013, Art. 6º, Inciso IV",,12500.0
2025,588/2025,595/2025,DAVID CUNHA CARVALHO,,1,"Resolução Normativa nº 62/2013, Art. 6º, Inciso V",,4500.0
2025,588/2025,595/2025,L R DO NASCIMENTO LIMA LTDA,43.004.368/0001-30,0,"Resolução Normativa nº 62/2013, Art. 6º, Inciso II",,8000.0
2025,589/2025,596/2025,BRENO MACEDO SOCIEDADE INDIVIDUAL DE ADVOCACIA,41.725.928/0001-10,0,"Resolução Normativa nº 62/2013, Art. 6º, Inciso IV",,9000.0
2025,589/2025,596/2025,POR G D CAMELO VIANA,52.568.120/0001-93,0,"Resolução Normativa nº 62/2013, Art. 6º, Inciso IV",,6000.0
2025,589/2025,596/2025,PAULO L V COSTA,33.263.380/0001-06,0,"Resolução Normativa nº 62/2013, Art. 6º, Inciso IV",,10000.0
2025,59/2025,48/2025,CAVALCANTE & HOLANDA SOCIEDADE DE ADVOGADOS,42.054.947/0001-25,0,"Resolução Normativa nº 62/2013, Art. 6º, Inciso IV",,10000.0
2025,59/2025,48/2025,MENDONÇA ASSESSORIA EMPRESARIAL LTDA,41.984.749/0001-06,0,"Resolução Normativa nº 62/2013, Art. 6º, Inciso IV",,9000.0
2025,59/2025,48/2025,46.029.621 THAIS EDUARDA VILARINHO ALVES,46.029.621/0001-07,0,"Resolução Normativa nº 62/2013, Art. 6º, Inciso IV",,6000.0
2025,590/2025,597/2025,CARSON ROMULO SOUSA LOPES,17.755.674/0001-07,0,"Resolução Normativa nº 62/2013, Art. 6º, Inciso IV",,3750.0
2025,590/2025,597/2025,CAVALCANTE & HOLANDA SOCIEDADE DE ADVOGADOS,42.054.947/0001-25,0,"Resolução Normativa nº 62/2013, Art. 6º, Inciso IV",,6000.0
2025,590/2025,597/2025,EDUARDO SILVA,34.031.466/0001-76,0,"Resolução Normativa nº 62/2013, Art. 6º, Inciso IV",,6000.0
2025,590/2025,597/2025,PORTAL NOTICIA DIRETA LTDA,59.788.319/0001-76,0,"Resolução Normativa nº 62/2013, Art. 6º, Inciso V",,9000.0
2025,591/2025,598/2025,JOSEFA GEOVANA NUNES COSTA,,1,"Resolução Normativa nº 62/2013, Art. 6º, Inciso V",,6000.0
2025,591/2025,598/2025,MARCOS MACIEL BATISTA DE SOUSA SOCIEDAE INDIVIDUAL DE ADVOCA,39.300.408/0001-14,0,"Resolução Normativa nº 62/2013, Art. 6º, Inciso IV",,12000.0
2025,591/2025,598/2025,MIRANDAS ASSOCIADOS CONTABILIDADE,18.816.149/0001-09,0,"Resolução Normativa nº 62/2013, Art. 6º, Inciso IV",,7000.0
2025,592/2025,599/2025,VICTORY FILMS,37.457.323/0001-19,0,"Resolução Normativa nº 62/2013, Art. 6º, Inciso V",,3500.0
2025,592/2025,599/2025,CARLOS YURY ARAUJO DE MORAIS SOCIEDADE INDIVIDUAL DE ADVOCAC,26.981.460/0001-31,0,"Resolução Normativa nº 62/2013, Art. 6º, Inciso IV",,8000.0
2025,592/2025,599/2025,FF CONSULTORIA E AUDITORIA LTDA,26.171.508/0001-46,0,"Resolução Normativa nº 62/2013, Art. 6º, Inciso IV",,5000.0
2025,592/2025,599/2025,M. F. LIMA CARNEIRO LTDA E VCIA EPP,04.626.774/0001-83,0,"Resolução Normativa nº 62/2013, Art. 6º, Inciso II",,8500.0
2025,593/2025,600/2025,B DE M DOS SANTOS BS GESTAO CONTABIL,61.895.925/0001-32,0,"Resolução Normativa nº 62/2013, Art. 6º, Inciso IV",,6250.0
2025,593/2025,600/2025,JOSE ANTONIO C M R FILHO SOCIEDADE INDIVID DE ADVOCACIA,38.316.551/0001-31,0,"Resolução Normativa nº 62/2013, Art. 6º, Inciso IV",,12000.0
2025,593/2025,600/2025,R A DE O PEREIRA CONECTHE GESTAO,60.587.365/0001-96,0,"Resolução Normativa nº 62/2013, Art. 6º, Inciso V",,6750.0
2025,594/2025,601/2025,ALMEIDA & ALENCAR ADVOGADOS ASSOCIADOS,22.439.402/0001-20,0,"Resolução Normativa nº 62/2013, Art. 6º, Inciso IV",,7000.0
2025,594/2025,601/2025,GWR SILVA CONTABILIDADE E CONSULTORIA,33.650.479/0001-60,0,"Resolução Normativa nº 62/2013, Art. 6º, Inciso IV",,7000.0
2025,594/2025,601/2025,ISADORA MIRANDA LEAL LTDA,59.858.714/0001-88,0,"Resolução Normativa nº 62/2013, Art. 6º, Inciso V",,3000.0
2025,594/2025,601/2025,JOAO MAGALHAES CARVALHO,54.214.890/0001-63,0,"Resolução Normativa nº 62/2013, Art. 6º, Inciso IV",,6000.0
2025,595/2025,602/2025,CAVALCANTE & HOLANDA SOCIEDADE DE ADVOGADOS,42.054.947/0001-25,0,"Resolução Normativa nº 62/2013, Art. 6º, Inciso IV",,10000.0
2025,595/2025,602/2025,MENDONÇA ASSESSORIA EMPRESARIAL LTDA,41.984.749/0001-06,0,"Resolução Normativa nº 62/2013, Art. 6º, Inciso IV",,7000.0
2025,595/2025,602/2025,URBANISMO SERVIÇOS E EVENTOS LTDA,18.445.567/0001-37,0,"Resolução Normativa nº 62/2013, Art. 6º, Inciso V",,8000.0
2025,596/2025,603/2025,40.276.965 EDGAR RESPLANDES DE CARVALHO,40.276.965/0001-26,0,"Resolução Normativa nº 62/2013, Art. 6º, Inciso V",,12500.0
2025,596/2025,603/2025,FRANCISCO DAS C DOS SANTOS,51.158.583/0001-14,0,"Resolução Normativa nº 62/2013, Art. 6º, Inciso II",,12500.0
2025,597/2025,604/2025,DANIEL LEONARDO DE LIMA VIANA - SOCIEDADE INDIVIDUAL DE ADV,30.215.839/0001-08,0,"Resolução Normativa nº 62/2013, Art. 6º, Inciso IV",,8000.0
2025,597/2025,604/2025,MASTER CONTABILIDADE E SERVIÇOS LTDA,58.865.666/0001-92,0,"Resolução Normativa nº 62/2013, Art. 6º, Inciso IV",,5000.0
2025,597/2025,604/2025,ZION -COMUNICACAO & ESTRATEGIA LTDA,13.097.115/0001-98,0,"Resolução Normativa nº 62/2013, Art. 6º, Inciso V",,12000.0
2025,598/2025,605/2025,EUCHERLIS TEIXEIRA SOCIEDADE INDV DE ADOCACIA,59.842.391/0001-34,0,"Resolução Normativa nº 62/2013, Art. 6º, Inciso IV",,9000.0
2025,598/2025,605/2025,F T GOMES DA SILVA,59.058.740/0001-21,0,"Resolução Normativa nº 62/2013, Art. 6º, Inciso IV",,7000.0
2025,598/2025,605/2025,MARIA WILMA R. DE MACEDO,35.023.805/0001-35,0,"Resolução Normativa nº 62/2013, Art. 6º, Inciso V",,9000.0
2025,599/2025,606/2025,COSTA PRODUCOES ARTISTICAS LTDA,32.270.295/0001-02,0,"Resolução Normativa nº 62/2013, Art. 6º, Inciso V",,8500.0
2025,599/2025,606/2025,DÁRIO BISPO CIA,54.533.136/0001-96,0,"Resolução Normativa nº 62/2013, Art. 6º, Inciso IV",,5000.0
2025,599/2025,606/2025,LENINE CONTABILIDADE E CONSULTORIA EMPRESARIAL LTDA,45.094.432/0001-47,0,"Resolução Normativa nº 62/2013, Art. 6º, Inciso IV",,11500.0
2025,60/2025,49/2025,MANDAKARU AGÊNCIA CREATIVE LTDA,56.319.787/0001-03,0,"Resolução Normativa nº 62/2013, Art. 6º, Inciso IV",,7000.0
2025,60/2025,49/2025,JOSE ANTONIO C M R FILHO SOCIEDADE INDIVID DE ADVOCACIA,38.316.551/0001-31,0,"Resolução Normativa nº 62/2013, Art. 6º, Inciso IV",,12000.0
2025,60/2025,49/2025,PLANEJAR CONSULTORIA E TREINAMENTO LTDA,17.723.880/0001-27,0,"Resolução Normativa nº 62/2013, Art. 6º, Inciso IV",,6000.0
2025,600/2025,607/2025,URBANISMO SERVIÇOS E EVENTOS LTDA,18.445.567/0001-37,0,"Resolução Normativa nº 62/2013, Art. 6º, Inciso IV",,4500.0
2025,600/2025,607/2025,MACEDO E MORAES SOCIEDADE DE ADVOGADOS,12.436.746/0001-21,0,"Resolução Normativa nº 62/2013, Art. 6º, Inciso IV",,12500.0
2025,600/2025,607/2025,MENDONÇA ASSESSORIA EMPRESARIAL LTDA,41.984.749/0001-06,0,"Resolução Normativa nº 62/2013, Art. 6º, Inciso IV",,8000.0
2025,601/2025,608/2025,CAVALCANTE & HOLANDA SOCIEDADE DE ADVOGADOS,42.054.947/0001-25,0,"Resolução Normativa nº 62/2013, Art. 6º, Inciso IV",,10000.0
2025,601/2025,608/2025,TARSO DE NORONHA PESSOA,,1,"Resolução Normativa nº 62/2013, Art. 6º, Inciso IV",,5000.0
2025,601/2025,608/2025,ZION -COMUNICACAO & ESTRATEGIA LTDA,13.097.115/0001-98,0,"Resolução Normativa nº 62/2013, Art. 6º, Inciso V",,10000.0
2025,602/2025,609/2025,M. DE F. DA SILVA ARAUJO,15.510.740/0001-45,0,"Resolução Normativa nº 62/2013, Art. 6º, Inciso IV",,7100.0
2025,602/2025,609/2025,TARCIO PEREIRA CRUZ,43.028.880/0001-17,0,"Resolução Normativa nº 62/2013, Art. 6º, Inciso V",,7000.0
2025,602/2025,609/2025,VIVIANE ALVES SOCIEDADE DE ADVOCACIA,57.034.475/0001-16,0,"Resolução Normativa nº 62/2013, Art. 6º, Inciso IV",,10600.0
2025,603/2025,610/2025,ATEVALDO LOPES CARNEIRO SOCIEDADE INDIVIDUAL DE ADVOCACIA,39.522.462/0001-04,0,"Resolução Normativa nº 62/2013, Art. 6º, Inciso IV",,12000.0
2025,603/2025,610/2025,P L DA V COSTA,51.514.260/0001-16,0,"Resolução Normativa nº 62/2013, Art. 6º, Inciso IV",,7000.0
2025,603/2025,610/2025,SENTRA DISTRIBUIDORA E SERVIÇO,13.170.806/0001-70,0,"Resolução Normativa nº 62/2013, Art. 6º, Inciso II",,6000.0
2025,604/2025,614/2025,MAURICIO DE LACERDA ALMEIDA NETO,,1,"Resolução Normativa nº 62/2013, Art. 6º, Inciso IV",,6500.0
2025,604/2025,614/2025,PAULO NASCIMENTO DE ARAUJO,,1,"Resolução Normativa nº 62/2013, Art. 6º, Inciso IV",,6000.0
2025,604/2025,614/2025,R M MALAQUIAS SERVICOS COMBINADOS,11.852.887/0001-62,0,"Resolução Normativa nº 62/2013, Art. 6º, Inciso IV",,12500.0
2025,605/2025,615/2025,LUAN OLIVEIRA LEAL PUBLICIDADE,47.480.502/0001-20,0,"Resolução Normativa nº 62/2013, Art. 6º, Inciso V",,12500.0
2025,605/2025,615/2025,MARIANO CERQUEIRA SOCIEDADE INDIVIDUAL DE ADVOCACIA,56.194.149/0001-03,0,"Resolução Normativa nº 62/2013, Art. 6º, Inciso IV",,12500.0
2025,606/2025,616/2025,ELISANGELA PEGADO ANDRADE FEITOSA,,1,"Resolução Normativa nº 62/2013, Art. 6º, Inciso IV",,6800.0
2025,606/2025,616/2025,GLEYSSON MOURA DA SILVA,11.195.416/0001-29,0,"Resolução Normativa nº 62/2013, Art. 6º, Inciso V",,4000.0
2025,606/2025,616/2025,MARCUS VINICIUS MEDEIROS OLIVEIRA,,1,"Resolução Normativa nº 62/2013, Art. 6º, Inciso IV",,7900.0
2025,606/2025,616/2025,MARIA NANCY GOMES DE CARVALHO,,1,"Resolução Normativa nº 62/2013, Art. 6º, Inciso IV",,6000.0
2025,607/2025,617/2025,MENESES E LEAL ADVOCACIA E CONSULTORIA,58.842.671/0001-80,0,"Resolução Normativa nº 62/2013, Art. 6º, Inciso IV",,12500.0
2025,607/2025,617/2025,SOCIAL COMUNICAÇÃO & JORNALISMO LTDA ME,22.145.313/0001-70,0,"Resolução Normativa nº 62/2013, Art. 6º, Inciso V",,12500.0
2025,608/2025,618/2025,EDITORA E AGENCIA DE PUBLICIDADE O ESTADO EURELI,33.688.687/0001-59,0,"Resolução Normativa nº 62/2013, Art. 6º, Inciso V",,12500.0
2025,608/2025,618/2025,EURIPEDES BEZERRA FEITOSA FILHO - EFCON,39.550.287/0001-69,0,"Resolução Normativa nº 62/2013, Art. 6º, Inciso IV",,12500.0
2025,609/2025,619/2025,COSTA & BRITO COMUNICAÇÃO LTDA ME,15.009.045/0001-02,0,"Resolução Normativa nº 62/2013, Art. 6º, Inciso V",,5000.0
2025,609/2025,619/2025,EULALIO OLIVEIRA SOCIEDADE INDIVIDUAL DE ADVOCACIA,56.343.268/0001-80,0,"Resolução Normativa nº 62/2013, Art. 6º, Inciso IV",,8000.0
2025,609/2025,619/2025,M. DE F. DA SILVA ARAUJO,15.510.740/0001-45,0,"Resolução Normativa nº 62/2013, Art. 6º, Inciso IV",,12000.0
2025,611/2025,622/2025,AVANCE DIGITAL,51.430.500/0001-02,0,"Resolução Normativa nº 62/2013, Art. 6º, Inciso V",,4000.0
2025,611/2025,622/2025,CAPITAL SERVIÇOS LTDA.,11.208.910/0001-80,0,"Resolução Normativa nº 62/2013, Art. 6º, Inciso II",,12500.0
2025,611/2025,622/2025,PEDRO HENRIQUE FREITAS SOCIEDADE INDIVIDUAL DE ADVOCACIA,57.388.672/0001-33,0,"Resolução Normativa nº 62/2013, Art. 6º, Inciso IV",,8500.0
2025,62/2025,50/2025,LÍDER CONTABILIDADE E CERTIFICADO DIGITAL,46.422.835/0001-30,0,"Resolução Normativa nº 62/2013, Art. 6º, Inciso IV",,7500.0
2025,62/2025,50/2025,CARVALHO E OLIVEIRA - ADVOGADOS E ASSOCIADOS,10.791.215/0001-21,0,"Resolução Normativa nº 62/2013, Art. 6º, Inciso IV",,8600.0
2025,62/2025,50/2025,RAMOS E MACHADO LTDA ME,33.144.591/0001-20,0,"Resolução Normativa nº 62/2013, Art. 6º, Inciso IV",,8600.0
2025,63/2025,51/2025,RL - EMPREENDIMENTOS IMOBILIÁRIOS,15.183.027/0001-34,0,"Resolução Normativa nº 62/2013, Art. 6º, Inciso II",,5000.0
2025,63/2025,51/2025,VIVIANE ALVES SOCIEDADE DE ADVOCACIA,57.034.475/0001-16,0,"Resolução Normativa nº 62/2013, Art. 6º, Inciso IV",,8600.0
2025,63/2025,51/2025,M. DE F. DA SILVA ARAUJO,15.510.740/0001-45,0,"Resolução Normativa nº 62/2013, Art. 6º, Inciso IV",,6100.0
2025,63/2025,51/2025,TARCIO PEREIRA CRUZ,43.028.880/0001-17,0,"Resolução Normativa nº 62/2013, Art. 6º, Inciso IV",,5000.0
2025,64/2025,52/2025,MAURICIO DE LACERDA ALMEIDA NETO,,1,"Resolução Normativa nº 62/2013, Art. 6º, Inciso IV",,6500.0
2025,64/2025,52/2025,R M MALAQUIAS SERVICOS COMBINADOS,11.852.887/0001-62,0,"Resolução Normativa nº 62/2013, Art. 6º, Inciso IV",,12500.0
2025,64/2025,52/2025,PAULO NASCIMENTO DE ARAUJO,,1,"Resolução Normativa nº 62/2013, Art. 6º, Inciso IV",,6000.0
2025,65/2025,53/2025,PIAUI LOCAÇÕES DE VEÍCULOS E TRANSPORTE ESCOLAR LTDA,36.731.367/0001-22,0,"Resolução Normativa nº 62/2013, Art. 6º, Inciso II",,12410.0
2025,65/2025,53/2025,MDP COMUNICAÇÃO LTDA,32.635.234/0001-00,0,"Resolução Normativa nº 62/2013, Art. 6º, Inciso IV",,6000.0
2025,65/2025,53/2025,RAFAEL NEIVA NUNES DO REGO SOCIEDADE INDIVIDUAL DE ADVOCACIA,11.410.592/0001-36,0,"Resolução Normativa nº 62/2013, Art. 6º, Inciso IV",,6000.0
2025,65/2025,53/2025,SOFTWARE INFOASSESSOR.COM.BR,35.748.629/0001-07,0,"Resolução Normativa nº 62/2013, Art. 6º, Inciso IV",,590.0
2025,653/2025,670/2025,RAFAEL NEIVA NUNES DO REGO SOCIEDADE INDIVIDUAL DE ADVOCACIA,11.410.592/0001-36,0,"Resolução Normativa nº 62/2013, Art. 6º, Inciso IV",,6000.0
2025,653/2025,670/2025,MDP COMUNICAÇÃO LTDA,32.635.234/0001-00,0,"Resolução Normativa nº 62/2013, Art. 6º, Inciso V",,6000.0
2025,653/2025,670/2025,SOFTWARE INFOASSESSOR.COM.BR,35.748.629/0001-07,0,"Resolução Normativa nº 62/2013, Art. 6º, Inciso IX",,590.0
2025,653/2025,670/2025,PIAUI LOCAÇÕES DE VEÍCULOS E TRANSPORTE ESCOLAR LTDA,36.731.367/0001-22,0,"Resolução Normativa nº 62/2013, Art. 6º, Inciso II",,12410.0
2025,654/2025,671/2025,CAVALCANTE & HOLANDA SOCIEDADE DE ADVOGADOS,42.054.947/0001-25,0,"Resolução Normativa nº 62/2013, Art. 6º, Inciso IV",,10000.0
2025,654/2025,671/2025,MENDONÇA ASSESSORIA EMPRESARIAL LTDA,41.984.749/0001-06,0,"Resolução Normativa nº 62/2013, Art. 6º, Inciso IV",,7000.0
2025,654/2025,671/2025,URBANISMO SERVIÇOS E EVENTOS LTDA,18.445.567/0001-37,0,"Resolução Normativa nº 62/2013, Art. 6º, Inciso V",,8000.0
2025,655/2025,672/2025,ELECT MARKETING LTDA,51.352.934/0001-23,0,"Resolução Normativa nº 62/2013, Art. 6º, Inciso V",,12500.0
2025,655/2025,672/2025,FILIPE ALENCAR SOCIEDADE INDV DE ADVOCACIA,50.587.247/0001-24,0,"Resolução Normativa nº 62/2013, Art. 6º, Inciso IV",,6250.0
2025,655/2025,672/2025,"PIRES, FERREIRA E LIMA SOCIEDADE IND DE ADVOCACIA",58.673.701/0001-71,0,"Resolução Normativa nº 62/2013, Art. 6º, Inciso IV",,6250.0
2025,656/2025,673/2025,JOSE HELIO LUCIO DA SILVA FILHO,33.243.298/0001-10,0,"Resolução Normativa nº 62/2013, Art. 6º, Inciso IV",,11000.0
2025,656/2025,673/2025,EMPRESA PLUG PROPAGANDA & MARKETING LTDA,07.484.108/0001-46,0,"Resolução Normativa nº 62/2013, Art. 6º, Inciso IV",,8000.0
2025,656/2025,673/2025,RL - EMPREENDIMENTOS IMOBILIÁRIOS,15.183.027/0001-34,0,"Resolução Normativa nº 62/2013, Art. 6º, Inciso II",,6000.0
2025,657/2025,674/2025,EDITORA E AGENCIA DE PUBLICIDADE O ESTADO EURELI,33.688.687/0001-59,0,"Resolução Normativa nº 62/2013, Art. 6º, Inciso V",,12500.0
2025,657/2025,674/2025,EURIPEDES BEZERRA FEITOSA FILHO - EFCON,39.550.287/0001-69,0,"Resolução Normativa nº 62/2013, Art. 6º, Inciso IV",,12500.0
2025,658/2025,675/2025,LÍDER CONTABILIDADE E CERTIFICADO DIGITAL,46.422.835/0001-30,0,"Resolução Normativa nº 62/2013, Art. 6º, Inciso IV",,7500.0
2025,658/2025,675/2025,RAMOS E MACHADO LTDA ME,33.144.591/0001-20,0,"Resolução Normativa nº 62/2013, Art. 6º, Inciso V",,8600.0
2025,658/2025,675/2025,CARVALHO E OLIVEIRA - ADVOGADOS E ASSOCIADOS,10.791.215/0001-21,0,"Resolução Normativa nº 62/2013, Art. 6º, Inciso IV",,8600.0
2025,659/2025,676/2025,ALMEIDA E BANDEIRA ADVOGADOS ASSOCIADOS,16.750.540/0001-22,0,"Resolução Normativa nº 62/2013, Art. 6º, Inciso IV",,12500.0
2025,659/2025,676/2025,DAVID CUNHA CARVALHO,,1,"Resolução Normativa nº 62/2013, Art. 6º, Inciso V",,4500.0
2025,659/2025,676/2025,L R DO NASCIMENTO LIMA LTDA,43.004.368/0001-30,0,"Resolução Normativa nº 62/2013, Art. 6º, Inciso II",,8000.0
2025,66/2025,54/2025,"PIRES, FERREIRA E LIMA SOCIEDADE IND DE ADVOCACIA",58.673.701/0001-71,0,"Resolução Normativa nº 62/2013, Art. 6º, Inciso IV",,6250.0
2025,66/2025,54/2025,FILIPE ALENCAR SOCIEDADE INDV DE ADVOCACIA,50.587.247/0001-24,0,"Resolução Normativa nº 62/2013, Art. 6º, Inciso IV",,6250.0
2025,66/2025,54/2025,ELECT MARKETING LTDA,51.352.934/0001-23,0,"Resolução Normativa nº 62/2013, Art. 6º, Inciso IV",,12500.0
2025,660/2025,677/2025,COSTA PRODUCOES ARTISTICAS LTDA,32.270.295/0001-02,0,"Resolução Normativa nº 62/2013, Art. 6º, Inciso V",,8500.0
2025,660/2025,677/2025,DÁRIO BISPO CIA,54.533.136/0001-96,0,"Resolução Normativa nº 62/2013, Art. 6º, Inciso IV",,5000.0
2025,660/2025,677/2025,DIVINO MOREIRA MENDES NEТО,06.082.433/0001-10,0,"Resolução Normativa nº 62/2013, Art. 6º, Inciso IV",,11500.0
2025,662/2025,679/2025,KATIA SAMARA PEREIRA DOS SANTOS SILVA,,1,"Resolução Normativa nº 62/2013, Art. 6º, Inciso IV",,5000.0
2025,662/2025,679/2025,OLENIR ROSA DE MACEDO SOARES,,1,"Resolução Normativa nº 62/2013, Art. 6º, Inciso IV",,5500.0
2025,662/2025,679/2025,RENATO LUCAS VIEIRA DA SILVA,,1,"Resolução Normativa nº 62/2013, Art. 6º, Inciso IV",,9000.0
2025,662/2025,679/2025,RUBEM MAGALHÃES MENESES,,1,"Resolução Normativa nº 62/2013, Art. 6º, Inciso V",,6500.0
2025,663/2025,680/2025,ATEVALDO LOPES CARNEIRO SOCIEDADE INDIVIDUAL DE ADVOCACIA,39.522.462/0001-04,0,"Resolução Normativa nº 62/2013, Art. 6º, Inciso IV",,12000.0
2025,663/2025,680/2025,P L DA V COSTA,51.514.260/0001-16,0,"Resolução Normativa nº 62/2013, Art. 6º, Inciso IV",,7000.0
2025,663/2025,680/2025,SENTRA DISTRIBUIDORA E SERVIÇO,13.170.806/0001-70,0,"Resolução Normativa nº 62/2013, Art. 6º, Inciso II",,6000.0
2025,664/2025,681/2025,DANIEL LEONARDO DE LIMA VIANA - SOCIEDADE INDIVIDUAL DE ADV,30.215.839/0001-08,0,"Resolução Normativa nº 62/2013, Art. 6º, Inciso IV",,8000.0
2025,664/2025,681/2025,MASTER CONTABILIDADE E SERVIÇOS LTDA,58.865.666/0001-92,0,"Resolução Normativa nº 62/2013, Art. 6º, Inciso IV",,5000.0
2025,664/2025,681/2025,ZION -COMUNICACAO & ESTRATEGIA LTDA,13.097.115/0001-98,0,"Resolução Normativa nº 62/2013, Art. 6º, Inciso V",,12000.0
2025,665/2025,682/2025,40.276.965 EDGAR RESPLANDES DE CARVALHO,40.276.965/0001-26,0,"Resolução Normativa nº 62/2013, Art. 6º, Inciso V",,12500.0
2025,665/2025,682/2025,FRANCISCO DAS C DOS SANTOS,51.158.583/0001-14,0,"Resolução Normativa nº 62/2013, Art. 6º, Inciso II",,12500.0
2025,666/2025,683/2025,B DE M DOS SANTOS BS GESTAO CONTABIL,61.895.925/0001-32,0,"Resolução Normativa nº 62/2013, Art. 6º, Inciso IV",,6250.0
2025,666/2025,683/2025,JOSE ANTONIO C M R FILHO SOCIEDADE INDIVID DE ADVOCACIA,38.316.551/0001-31,0,"Resolução Normativa nº 62/2013, Art. 6º, Inciso IV",,12000.0
2025,666/2025,683/2025,R A DE O PEREIRA CONECTHE GESTAO,60.587.365/0001-96,0,"Resolução Normativa nº 62/2013, Art. 6º, Inciso IV",,6750.0
2025,667/2025,684/2025,ELISANGELA PEGADO ANDRADE FEITOSA,,1,"Resolução Normativa nº 62/2013, Art. 6º, Inciso V",,6800.0
2025,667/2025,684/2025,GLEYSSON MOURA DA SILVA,11.195.416/0001-29,0,"Resolução Normativa nº 62/2013, Art. 6º, Inciso V",,4000.0
2025,667/2025,684/2025,MARCUS VINICIUS MEDEIROS OLIVEIRA,,1,"Resolução Normativa nº 62/2013, Art. 6º, Inciso IV",,7900.0
2025,667/2025,684/2025,MARIA NANCY GOMES DE CARVALHO,,1,"Resolução Normativa nº 62/2013, Art. 6º, Inciso IV",,6000.0
2025,668/2025,685/2025,M. DE F. DA SILVA ARAUJO,15.510.740/0001-45,0,"Resolução Normativa nº 62/2013, Art. 6º, Inciso IV",,7100.0
2025,668/2025,685/2025,TARCIO PEREIRA CRUZ,43.028.880/0001-17,0,"Resolução Normativa nº 62/2013, Art. 6º, Inciso V",,7000.0
2025,668/2025,685/2025,VIVIANE ALVES SOCIEDADE DE ADVOCACIA,57.034.475/0001-16,0,"Resolução Normativa nº 62/2013, Art. 6º, Inciso IV",,10600.0
2025,669/2025,686/2025,MAURICIO DE LACERDA ALMEIDA NETO,,1,"Resolução Normativa nº 62/2013, Art. 6º, Inciso IV",,6500.0
2025,669/2025,686/2025,PAULO NASCIMENTO DE ARAUJO,,1,"Resolução Normativa nº 62/2013, Art. 6º, Inciso IV",,6000.0
2025,669/2025,686/2025,R M MALAQUIAS SERVICOS COMBINADOS,11.852.887/0001-62,0,"Resolução Normativa nº 62/2013, Art. 6º, Inciso IV",,12500.0
2025,670/2025,687/2025,EUCHERLIS TEIXEIRA SOCIEDADE INDV DE ADOCACIA,59.842.391/0001-34,0,"Resolução Normativa nº 62/2013, Art. 6º, Inciso IV",,10500.0
2025,670/2025,687/2025,F T GOMES DA SILVA,59.058.740/0001-21,0,"Resolução Normativa nº 62/2013, Art. 6º, Inciso IV",,7000.0
2025,670/2025,687/2025,IT PRODUCOES LTDA,41.174.419/0001-47,0,"Resolução Normativa nº 62/2013, Art. 6º, Inciso V",,7500.0
2025,671/2025,688/2025,CARSON ROMULO SOUSA LOPES,17.755.674/0001-07,0,"Resolução Normativa nº 62/2013, Art. 6º, Inciso IV",,3750.0
2025,671/2025,688/2025,CAVALCANTE & HOLANDA SOCIEDADE DE ADVOGADOS,42.054.947/0001-25,0,"Resolução Normativa nº 62/2013, Art. 6º, Inciso IV",,6000.0
2025,671/2025,688/2025,EDUARDO SILVA,34.031.466/0001-76,0,"Resolução Normativa nº 62/2013, Art. 6º, Inciso IV",,6000.0
2025,671/2025,688/2025,PORTAL NOTICIA DIRETA LTDA,59.788.319/0001-76,0,"Resolução Normativa nº 62/2013, Art. 6º, Inciso IV",,9000.0
2025,672/2025,689/2025,A C DE P SILVA,43.588.940/0001-56,0,"Resolução Normativa nº 62/2013, Art. 6º, Inciso V",,9000.0
2025,672/2025,689/2025,QSN EMPREENDIMENTOS LTDA,45.951.080/0001-07,0,"Resolução Normativa nº 62/2013, Art. 6º, Inciso II",,8000.0
2025,672/2025,689/2025,RAFAEL CAVALCANTI BEZERRA,21.603.479/0001-20,0,"Resolução Normativa nº 62/2013, Art. 6º, Inciso IV",,8000.0
2025,673/2025,690/2025,LUAN OLIVEIRA LEAL PUBLICIDADE,47.480.502/0001-20,0,"Resolução Normativa nº 62/2013, Art. 6º, Inciso V",,12500.0
2025,673/2025,690/2025,MARIANO CERQUEIRA SOCIEDADE INDIVIDUAL DE ADVOCACIA,56.194.149/0001-03,0,"Resolução Normativa nº 62/2013, Art. 6º, Inciso IV",,12500.0
2025,674/2025,691/2025,VICTORY FILMS,37.457.323/0001-19,0,"Resolução Normativa nº 62/2013, Art. 6º, Inciso V",,3500.0
2025,674/2025,691/2025,CARLOS YURY ARAUJO DE MORAIS SOCIEDADE INDIVIDUAL DE ADVOCAC,26.981.460/0001-31,0,"Resolução Normativa nº 62/2013, Art. 6º, Inciso IV",,8000.0
2025,674/2025,691/2025,FF CONSULTORIA E AUDITORIA LTDA,26.171.508/0001-46,0,"Resolução Normativa nº 62/2013, Art. 6º, Inciso IV",,5000.0
2025,674/2025,691/2025,M. F. LIMA CARNEIRO LTDA E VCIA EPP,04.626.774/0001-83,0,"Resolução Normativa nº 62/2013, Art. 6º, Inciso II",,8500.0
2025,675/2025,692/2025,GABRIELA MACENA SOUSA,50.398.845/0001-55,0,"Resolução Normativa nº 62/2013, Art. 6º, Inciso IV",,12500.0
2025,675/2025,692/2025,MENESES E LEAL ADVOCACIA E CONSULTORIA,58.842.671/0001-80,0,"Resolução Normativa nº 62/2013, Art. 6º, Inciso IV",,12500.0
2025,676/2025,693/2025,BRENO MACEDO SOCIEDADE INDIVIDUAL DE ADVOCACIA,41.725.928/0001-10,0,"Resolução Normativa nº 62/2013, Art. 6º, Inciso IV",,9000.0
2025,676/2025,693/2025,POR G D CAMELO VIANA,52.568.120/0001-93,0,"Resolução Normativa nº 62/2013, Art. 6º, Inciso IV",,6000.0
2025,676/2025,693/2025,PAULO L V COSTA,33.263.380/0001-06,0,"Resolução Normativa nº 62/2013, Art. 6º, Inciso IV",,10000.0
2025,677/2025,694/2025,ALMEIDA & ALENCAR ADVOGADOS ASSOCIADOS,22.439.402/0001-20,0,"Resolução Normativa nº 62/2013, Art. 6º, Inciso IV",,7000.0
2025,677/2025,694/2025,GWR SILVA CONTABILIDADE E CONSULTORIA,33.650.479/0001-60,0,"Resolução Normativa nº 62/2013, Art. 6º, Inciso IV",,7000.0
2025,677/2025,694/2025,JOAO MAGALHAES CARVALHO,54.214.890/0001-63,0,"Resolução Normativa nº 62/2013, Art. 6º, Inciso IV",,11000.0
2025,678/2025,695/2025,CAVALCANTE & HOLANDA SOCIEDADE DE ADVOGADOS,42.054.947/0001-25,0,"Resolução Normativa nº 62/2013, Art. 6º, Inciso IV",,10000.0
2025,678/2025,695/2025,TARSO DE NORONHA PESSOA,,1,"Resolução Normativa nº 62/2013, Art. 6º, Inciso IV",,5000.0
2025,678/2025,695/2025,ZION -COMUNICACAO & ESTRATEGIA LTDA,13.097.115/0001-98,0,"Resolução Normativa nº 62/2013, Art. 6º, Inciso V",,10000.0
2025,679/2025,696/2025,AVANCE DIGITAL,51.430.500/0001-02,0,"Resolução Normativa nº 62/2013, Art. 6º, Inciso IV",,4000.0
2025,679/2025,696/2025,CAPITAL SERVIÇOS LTDA.,11.208.910/0001-80,0,"Resolução Normativa nº 62/2013, Art. 6º, Inciso II",,12500.0
2025,679/2025,696/2025,PEDRO HENRIQUE FREITAS SOCIEDADE INDIVIDUAL DE ADVOCACIA,57.388.672/0001-33,0,"Resolução Normativa nº 62/2013, Art. 6º, Inciso IV",,8500.0
2025,680/2025,697/2025,JOSEFA GEOVANA NUNES COSTA,,1,"Resolução Normativa nº 62/2013, Art. 6º, Inciso V",,6000.0
2025,680/2025,697/2025,MARCOS MACIEL BATISTA DE SOUSA SOCIEDAE INDIVIDUAL DE ADVOCA,39.300.408/0001-14,0,"Resolução Normativa nº 62/2013, Art. 6º, Inciso IV",,12000.0
2025,680/2025,697/2025,MIRANDAS ASSOCIADOS CONTABILIDADE,18.816.149/0001-09,0,"Resolução Normativa nº 62/2013, Art. 6º, Inciso IV",,7000.0
2025,682/2025,698/2025,COSTA & BRITO COMUNICAÇÃO LTDA ME,15.009.045/0001-02,0,"Resolução Normativa nº 62/2013, Art. 6º, Inciso V",,5000.0
2025,682/2025,698/2025,EULALIO OLIVEIRA SOCIEDADE INDIVIDUAL DE ADVOCACIA,56.343.268/0001-80,0,"Resolução Normativa nº 62/2013, Art. 6º, Inciso IV",,8000.0
2025,682/2025,698/2025,M. DE F. DA SILVA ARAUJO,15.510.740/0001-45,0,"Resolução Normativa nº 62/2013, Art. 6º, Inciso IV",,12000.0
2025,683/2025,699/2025,MACEDO E MORAES SOCIEDADE DE ADVOGADOS,12.436.746/0001-21,0,"Resolução Normativa nº 62/2013, Art. 6º, Inciso IV",,12500.0
2025,683/2025,699/2025,MENDONÇA ASSESSORIA EMPRESARIAL LTDA,41.984.749/0001-06,0,"Resolução Normativa nº 62/2013, Art. 6º, Inciso IV",,8000.0
2025,683/2025,699/2025,URBANISMO SERVIÇOS E EVENTOS LTDA,18.445.567/0001-37,0,"Resolução Normativa nº 62/2013, Art. 6º, Inciso IV",,4500.0
2025,69/2025,55/2025,A C DE P SILVA,43.588.940/0001-56,0,"Resolução Normativa nº 62/2013, Art. 6º, Inciso IV",,9000.0
2025,69/2025,55/2025,RAFAEL CAVALCANTI BEZERRA,21.603.479/0001-20,0,"Resolução Normativa nº 62/2013, Art. 6º, Inciso IV",,8000.0
2025,69/2025,55/2025,QSN EMPREENDIMENTOS LTDA,45.951.080/0001-07,0,"Resolução Normativa nº 62/2013, Art. 6º, Inciso II",,8000.0
2025,70/2025,56/2025,MARCUS VINICIUS MEDEIROS OLIVEIRA,,1,"Resolução Normativa nº 62/2013, Art. 6º, Inciso IV",,5861.32
2025,70/2025,56/2025,ELISANGELA PEGADO ANDRADE FEITOSA,,1,"Resolução Normativa nº 62/2013, Art. 6º, Inciso V",,5045.05
2025,70/2025,56/2025,GLEYSSON MOURA DA SILVA,11.195.416/0001-29,0,"Resolução Normativa nº 62/2013, Art. 6º, Inciso V",,2967.69
2025,70/2025,56/2025,MARIA NANCY GOMES DE CARVALHO,,1,"Resolução Normativa nº 62/2013, Art. 6º, Inciso V",,4451.65
2025,71/2025,57/2025,CARLOS YURY ARAUJO DE MORAIS SOCIEDADE INDIVIDUAL DE ADVOCAC,26.981.460/0001-31,0,"Resolução Normativa nº 62/2013, Art. 6º, Inciso IV",,8000.0
2025,71/2025,57/2025,FF CONSULTORIA E AUDITORIA LTDA,26.171.508/0001-46,0,"Resolução Normativa nº 62/2013, Art. 6º, Inciso IV",,5000.0
2025,71/2025,57/2025,ASSD COMERCIO DE VEICULOS LTDA,49.399.367/0001-19,0,"Resolução Normativa nº 62/2013, Art. 6º, Inciso II",,8500.0
2025,71/2025,57/2025,VICTORY FILMS,37.457.323/0001-19,0,"Resolução Normativa nº 62/2013, Art. 6º, Inciso V",,3500.0
2025,72/2025,58/2025,EURIPEDES BEZERRA FEITOSA FILHO - EFCON,39.550.287/0001-69,0,"Resolução Normativa nº 62/2013, Art. 6º, Inciso IV",,12500.0
2025,72/2025,58/2025,EDITORA E AGENCIA DE PUBLICIDADE O ESTADO EURELI,33.688.687/0001-59,0,"Resolução Normativa nº 62/2013, Art. 6º, Inciso IV",,12500.0
2025,728/2025,757/2025,JOSE ANTONIO C M R FILHO SOCIEDADE INDIVID DE ADVOCACIA,38.316.551/0001-31,0,"Resolução Normativa nº 62/2013, Art. 6º, Inciso IV",,12000.0
2025,728/2025,757/2025,R A DE O PEREIRA CONECTHE GESTAO,60.587.365/0001-96,0,"Resolução Normativa nº 62/2013, Art. 6º, Inciso V",,6750.0
2025,728/2025,757/2025,B DE M DOS SANTOS BS GESTAO CONTABIL,61.895.925/0001-32,0,"Resolução Normativa nº 62/2013, Art. 6º, Inciso IV",,6250.0
2025,729/2025,758/2025,MDP COMUNICAÇÃO LTDA,32.635.234/0001-00,0,"Resolução Normativa nº 62/2013, Art. 6º, Inciso V",,6000.0
2025,729/2025,758/2025,SOFTWARE INFOASSESSOR.COM.BR,35.748.629/0001-07,0,"Resolução Normativa nº 62/2013, Art. 6º, Inciso IX",,590.0
2025,729/2025,758/2025,PIAUI LOCAÇÕES DE VEÍCULOS E TRANSPORTE ESCOLAR LTDA,36.731.367/0001-22,0,"Resolução Normativa nº 62/2013, Art. 6º, Inciso II",,12410.0
2025,73/2025,59/2025,LANDIM COMUNICAÇÃO E PUBLICIDADE E LTDA,49.547.506/0001-04,0,"Resolução Normativa nº 62/2013, Art. 6º, Inciso IV",,7000.0
2025,73/2025,59/2025,GEORGIA NUNES ADVOGADOS ASSOCIADOS,10.750.754/0001-12,0,"Resolução Normativa nº 62/2013, Art. 6º, Inciso IV",,10000.0
2025,73/2025,59/2025,GWR SILVA CONTABILIDADE E CONSULTORIA,33.650.479/0001-60,0,"Resolução Normativa nº 62/2013, Art. 6º, Inciso IV",,8000.0
2025,730/2025,759/2025,MENESES E LEAL ADVOCACIA E CONSULTORIA,58.842.671/0001-80,0,"Resolução Normativa nº 62/2013, Art. 6º, Inciso IV",,12500.0
2025,730/2025,759/2025,GABRIELA MACENA SOUSA,50.398.845/0001-55,0,"Resolução Normativa nº 62/2013, Art. 6º, Inciso IV",,12500.0
2025,731/2025,760/2025,VICTORY FILMS,37.457.323/0001-19,0,"Resolução Normativa nº 62/2013, Art. 6º, Inciso V",,3500.0
2025,731/2025,760/2025,CARLOS YURY ARAUJO DE MORAIS SOCIEDADE INDIVIDUAL DE ADVOCAC,26.981.460/0001-31,0,"Resolução Normativa nº 62/2013, Art. 6º, Inciso IV",,8000.0
2025,731/2025,760/2025,FF CONSULTORIA E AUDITORIA LTDA,26.171.508/0001-46,0,"Resolução Normativa nº 62/2013, Art. 6º, Inciso IV",,5000.0
2025,731/2025,760/2025,M. F. LIMA CARNEIRO LTDA E VCIA EPP,04.626.774/0001-83,0,"Resolução Normativa nº 62/2013, Art. 6º, Inciso II",,8500.0
2025,732/2025,761/2025,M. DE F. DA SILVA ARAUJO,15.510.740/0001-45,0,"Resolução Normativa nº 62/2013, Art. 6º, Inciso IV",,7100.0
2025,732/2025,761/2025,TARCIO PEREIRA CRUZ,43.028.880/0001-17,0,"Resolução Normativa nº 62/2013, Art. 6º, Inciso V",,7000.0
2025,732/2025,761/2025,VIVIANE ALVES SOCIEDADE DE ADVOCACIA,57.034.475/0001-16,0,"Resolução Normativa nº 62/2013, Art. 6º, Inciso IV",,10600.0
2025,733/2025,762/2025,EDUARDO SILVA,34.031.466/0001-76,0,"Resolução Normativa nº 62/2013, Art. 6º, Inciso IV",,12375.0
2025,733/2025,762/2025,PORTAL NOTICIA DIRETA LTDA,59.788.319/0001-76,0,"Resolução Normativa nº 62/2013, Art. 6º, Inciso V",,12375.0
2025,734/2025,763/2025,EMPRESA PLUG PROPAGANDA & MARKETING LTDA,07.484.108/0001-46,0,"Resolução Normativa nº 62/2013, Art. 6º, Inciso V",,8000.0
2025,734/2025,763/2025,JOSE HELIO LUCIO DA SILVA FILHO,33.243.298/0001-10,0,"Resolução Normativa nº 62/2013, Art. 6º, Inciso IV",,11000.0
2025,734/2025,763/2025,RL - EMPREENDIMENTOS IMOBILIÁRIOS,15.183.027/0001-34,0,"Resolução Normativa nº 62/2013, Art. 6º, Inciso II",,6000.0
2025,735/2025,764/2025,MAURICIO DE LACERDA ALMEIDA NETO,,1,"Resolução Normativa nº 62/2013, Art. 6º, Inciso IV",,6500.0
2025,735/2025,764/2025,PAULO NASCIMENTO DE ARAUJO,,1,"Resolução Normativa nº 62/2013, Art. 6º, Inciso IV",,6000.0
2025,735/2025,764/2025,R M MALAQUIAS SERVICOS COMBINADOS,11.852.887/0001-62,0,"Resolução Normativa nº 62/2013, Art. 6º, Inciso IV",,12500.0
2025,736/2025,765/2025,LÍDER CONTABILIDADE E CERTIFICADO DIGITAL,46.422.835/0001-30,0,"Resolução Normativa nº 62/2013, Art. 6º, Inciso IV",,7500.0
2025,736/2025,765/2025,RAMOS E MACHADO LTDA ME,33.144.591/0001-20,0,"Resolução Normativa nº 62/2013, Art. 6º, Inciso V",,8600.0
2025,736/2025,765/2025,CARVALHO E OLIVEIRA - ADVOGADOS E ASSOCIADOS,10.791.215/0001-21,0,"Resolução Normativa nº 62/2013, Art. 6º, Inciso IV",,8600.0
2025,737/2025,766/2025,ATEVALDO LOPES CARNEIRO SOCIEDADE INDIVIDUAL DE ADVOCACIA,39.522.462/0001-04,0,"Resolução Normativa nº 62/2013, Art. 6º, Inciso IV",,12000.0
2025,737/2025,766/2025,P L DA V COSTA,51.514.260/0001-16,0,"Resolução Normativa nº 62/2013, Art. 6º, Inciso IV",,7000.0
2025,737/2025,766/2025,SENTRA DISTRIBUIDORA E SERVIÇO,13.170.806/0001-70,0,"Resolução Normativa nº 62/2013, Art. 6º, Inciso II",,6000.0
2025,738/2025,767/2025,EDITORA E AGENCIA DE PUBLICIDADE O ESTADO EURELI,33.688.687/0001-59,0,"Resolução Normativa nº 62/2013, Art. 6º, Inciso V",,12500.0
2025,738/2025,767/2025,EURIPEDES BEZERRA FEITOSA FILHO - EFCON,39.550.287/0001-69,0,"Resolução Normativa nº 62/2013, Art. 6º, Inciso IV",,12500.0
2025,739/2025,768/2025,AVANCE DIGITAL,51.430.500/0001-02,0,"Resolução Normativa nº 62/2013, Art. 6º, Inciso V",,2451.61
2025,739/2025,768/2025,CAPITAL SERVIÇOS LTDA.,11.208.910/0001-80,0,"Resolução Normativa nº 62/2013, Art. 6º, Inciso II",,7661.29
2025,739/2025,768/2025,PEDRO HENRIQUE FREITAS SOCIEDADE INDIVIDUAL DE ADVOCACIA,57.388.672/0001-33,0,"Resolução Normativa nº 62/2013, Art. 6º, Inciso IV",,5209.68
2025,740/2025,769/2025,PEDRO HENRIQUE FREITAS SOCIEDADE INDIVIDUAL DE ADVOCACIA,57.388.672/0001-33,0,"Resolução Normativa nº 62/2013, Art. 6º, Inciso IV",,3290.32
2025,740/2025,769/2025,AVANCE DIGITAL,51.430.500/0001-02,0,"Resolução Normativa nº 62/2013, Art. 6º, Inciso V",,1548.39
2025,740/2025,769/2025,CAPITAL SERVIÇOS LTDA.,11.208.910/0001-80,0,"Resolução Normativa nº 62/2013, Art. 6º, Inciso II",,4838.71
2025,741/2025,770/2025,DANIEL LEONARDO DE LIMA VIANA - SOCIEDADE INDIVIDUAL DE ADV,30.215.839/0001-08,0,"Resolução Normativa nº 62/2013, Art. 6º, Inciso IV",,8000.0
2025,741/2025,770/2025,MASTER CONTABILIDADE E SERVIÇOS LTDA,58.865.666/0001-92,0,"Resolução Normativa nº 62/2013, Art. 6º, Inciso IV",,5000.0
2025,741/2025,770/2025,ZION -COMUNICACAO & ESTRATEGIA LTDA,13.097.115/0001-98,0,"Resolução Normativa nº 62/2013, Art. 6º, Inciso V",,12000.0
2025,742/2025,771/2025,CAVALCANTE & HOLANDA SOCIEDADE DE ADVOGADOS,42.054.947/0001-25,0,"Resolução Normativa nº 62/2013, Art. 6º, Inciso IV",,10000.0
2025,742/2025,771/2025,MENDONÇA ASSESSORIA EMPRESARIAL LTDA,41.984.749/0001-06,0,"Resolução Normativa nº 62/2013, Art. 6º, Inciso IV",,7000.0
2025,742/2025,771/2025,URBANISMO SERVIÇOS E EVENTOS LTDA,18.445.567/0001-37,0,"Resolução Normativa nº 62/2013, Art. 6º, Inciso V",,8000.0
2025,743/2025,772/2025,JOSEFA GEOVANA NUNES COSTA,,1,"Resolução Normativa nº 62/2013, Art. 6º, Inciso V",,6000.0
2025,743/2025,772/2025,MARCOS MACIEL BATISTA DE SOUSA SOCIEDAE INDIVIDUAL DE ADVOCA,39.300.408/0001-14,0,"Resolução Normativa nº 62/2013, Art. 6º, Inciso IV",,12000.0
2025,743/2025,772/2025,MIRANDAS ASSOCIADOS CONTABILIDADE,18.816.149/0001-09,0,"Resolução Normativa nº 62/2013, Art. 6º, Inciso IV",,7000.0
2025,744/2025,773/2025,DAVID CUNHA CARVALHO,,1,"Resolução Normativa nº 62/2013, Art. 6º, Inciso V",,4500.0
2025,744/2025,773/2025,L R DO NASCIMENTO LIMA LTDA,43.004.368/0001-30,0,"Resolução Normativa nº 62/2013, Art. 6º, Inciso II",,8000.0
2025,744/2025,773/2025,ALMEIDA E BANDEIRA ADVOGADOS ASSOCIADOS,16.750.540/0001-22,0,"Resolução Normativa nº 62/2013, Art. 6º, Inciso IV",,12500.0
2025,745/2025,774/2025,A C DE P SILVA,43.588.940/0001-56,0,"Resolução Normativa nº 62/2013, Art. 6º, Inciso V",,9000.0
2025,745/2025,774/2025,QSN EMPREENDIMENTOS LTDA,45.951.080/0001-07,0,"Resolução Normativa nº 62/2013, Art. 6º, Inciso II",,8000.0
2025,745/2025,774/2025,RAFAEL CAVALCANTI BEZERRA,21.603.479/0001-20,0,"Resolução Normativa nº 62/2013, Art. 6º, Inciso IV",,8000.0
2025,746/2025,775/2025,EUCHERLIS TEIXEIRA SOCIEDADE INDV DE ADOCACIA,59.842.391/0001-34,0,"Resolução Normativa nº 62/2013, Art. 6º, Inciso IV",,10500.0
2025,746/2025,775/2025,F T GOMES DA SILVA,59.058.740/0001-21,0,"Resolução Normativa nº 62/2013, Art. 6º, Inciso IV",,7000.0
2025,746/2025,775/2025,IT PRODUCOES LTDA,41.174.419/0001-47,0,"Resolução Normativa nº 62/2013, Art. 6º, Inciso V",,7500.0
2025,747/2025,776/2025,OLENIR ROSA DE MACEDO SOARES,,1,"Resolução Normativa nº 62/2013, Art. 6º, Inciso IV",,5500.0
2025,747/2025,776/2025,RUBEM MAGALHÃES MENESES,,1,"Resolução Normativa nº 62/2013, Art. 6º, Inciso V",,5500.0
2025,747/2025,776/2025,KATIA SAMARA PEREIRA DOS SANTOS SILVA,,1,"Resolução Normativa nº 62/2013, Art. 6º, Inciso IV",,5000.0
2025,747/2025,776/2025,RENATO LUCAS VIEIRA DA SILVA,,1,"Resolução Normativa nº 62/2013, Art. 6º, Inciso IV",,9000.0
2025,748/2025,777/2025,ELECT MARKETING LTDA,51.352.934/0001-23,0,"Resolução Normativa nº 62/2013, Art. 6º, Inciso V",,12500.0
2025,748/2025,777/2025,FILIPE ALENCAR SOCIEDADE INDV DE ADVOCACIA,50.587.247/0001-24,0,"Resolução Normativa nº 62/2013, Art. 6º, Inciso IV",,6250.0
2025,748/2025,777/2025,"PIRES, FERREIRA E LIMA SOCIEDADE IND DE ADVOCACIA",58.673.701/0001-71,0,"Resolução Normativa nº 62/2013, Art. 6º, Inciso IV",,6250.0
2025,749/2025,778/2025,CAVALCANTE & HOLANDA SOCIEDADE DE ADVOGADOS,42.054.947/0001-25,0,"Resolução Normativa nº 62/2013, Art. 6º, Inciso IV",,10000.0
2025,749/2025,778/2025,TARSO DE NORONHA PESSOA,,1,"Resolução Normativa nº 62/2013, Art. 6º, Inciso IV",,5000.0
2025,749/2025,778/2025,ZION -COMUNICACAO & ESTRATEGIA LTDA,13.097.115/0001-98,0,"Resolução Normativa nº 62/2013, Art. 6º, Inciso V",,10000.0
2025,750/2025,779/2025,COSTA & BRITO COMUNICAÇÃO LTDA ME,15.009.045/0001-02,0,"Resolução Normativa nº 62/2013, Art. 6º, Inciso V",,5000.0
2025,750/2025,779/2025,EULALIO OLIVEIRA SOCIEDADE INDIVIDUAL DE ADVOCACIA,56.343.268/0001-80,0,"Resolução Normativa nº 62/2013, Art. 6º, Inciso IV",,8000.0
2025,750/2025,779/2025,M. DE F. DA SILVA ARAUJO,15.510.740/0001-45,0,"Resolução Normativa nº 62/2013, Art. 6º, Inciso IV",,12000.0
2025,751/2025,780/2025,ALMEIDA & ALENCAR ADVOGADOS ASSOCIADOS,22.439.402/0001-20,0,"Resolução Normativa nº 62/2013, Art. 6º, Inciso IV",,7000.0
2025,751/2025,780/2025,GWR SILVA CONTABILIDADE E CONSULTORIA,33.650.479/0001-60,0,"Resolução Normativa nº 62/2013, Art. 6º, Inciso IV",,7000.0
2025,751/2025,780/2025,JOAO MAGALHAES CARVALHO,54.214.890/0001-63,0,"Resolução Normativa nº 62/2013, Art. 6º, Inciso V",,11000.0
2025,752/2025,781/2025,BRENO MACEDO SOCIEDADE INDIVIDUAL DE ADVOCACIA,41.725.928/0001-10,0,"Resolução Normativa nº 62/2013, Art. 6º, Inciso IV",,9000.0
2025,752/2025,781/2025,POR G D CAMELO VIANA,52.568.120/0001-93,0,"Resolução Normativa nº 62/2013, Art. 6º, Inciso IV",,6000.0
2025,752/2025,781/2025,PAULO L V COSTA,33.263.380/0001-06,0,"Resolução Normativa nº 62/2013, Art. 6º, Inciso IV",,10000.0
2025,753/2025,782/2025,GLEYSSON MOURA DA SILVA,11.195.416/0001-29,0,"Resolução Normativa nº 62/2013, Art. 6º, Inciso V",,4000.0
2025,753/2025,782/2025,MARCUS VINICIUS MEDEIROS OLIVEIRA,,1,"Resolução Normativa nº 62/2013, Art. 6º, Inciso IV",,7900.0
2025,753/2025,782/2025,MARIA NANCY GOMES DE CARVALHO,,1,"Resolução Normativa nº 62/2013, Art. 6º, Inciso IV",,6000.0
2025,753/2025,782/2025,ELISANGELA PEGADO ANDRADE FEITOSA,,1,"Resolução Normativa nº 62/2013, Art. 6º, Inciso IV",,6800.0
2025,754/2025,783/2025,COSTA PRODUCOES ARTISTICAS LTDA,32.270.295/0001-02,0,"Resolução Normativa nº 62/2013, Art. 6º, Inciso V",,8500.0
2025,754/2025,783/2025,DÁRIO BISPO CIA,54.533.136/0001-96,0,"Resolução Normativa nº 62/2013, Art. 6º, Inciso IV",,5000.0
2025,754/2025,783/2025,DIVINO MOREIRA MENDES NEТО,06.082.433/0001-10,0,"Resolução Normativa nº 62/2013, Art. 6º, Inciso IV",,11500.0
2025,755/2025,784/2025,MACEDO E MORAES SOCIEDADE DE ADVOGADOS,12.436.746/0001-21,0,"Resolução Normativa nº 62/2013, Art. 6º, Inciso IV",,12500.0
2025,755/2025,784/2025,MENDONÇA ASSESSORIA EMPRESARIAL LTDA,41.984.749/0001-06,0,"Resolução Normativa nº 62/2013, Art. 6º, Inciso IV",,8000.0
2025,755/2025,784/2025,URBANISMO SERVIÇOS E EVENTOS LTDA,18.445.567/0001-37,0,"Resolução Normativa nº 62/2013, Art. 6º, Inciso V",,4500.0
2025,756/2025,785/2025,FRANCISCO DAS C DOS SANTOS,51.158.583/0001-14,0,"Resolução Normativa nº 62/2013, Art. 6º, Inciso II",,12500.0
2025,756/2025,785/2025,40.276.965 EDGAR RESPLANDES DE CARVALHO,40.276.965/0001-26,0,"Resolução Normativa nº 62/2013, Art. 6º, Inciso V",,12500.0
2025,77/2025,60/2025,POR G D CAMELO VIANA,52.568.120/0001-93,0,"Resolução Normativa nº 62/2013, Art. 6º, Inciso IV",,6000.0
2025,77/2025,60/2025,PAULO L V COSTA,33.263.380/0001-06,0,"Resolução Normativa nº 62/2013, Art. 6º, Inciso IV",,10000.0
2025,77/2025,60/2025,BRENO MACEDO SOCIEDADE INDIVIDUAL DE ADVOCACIA,41.725.928/0001-10,0,"Resolução Normativa nº 62/2013, Art. 6º, Inciso IV",,9000.0
2025,78/2025,61/2025,HENRIQUE SIMÕES GONDIM,,1,"Resolução Normativa nº 62/2013, Art. 6º, Inciso IV",,11500.0
2025,78/2025,61/2025,COLIBRI LTDA,45.200.578/0001-20,0,"Resolução Normativa nº 62/2013, Art. 6º, Inciso IV",,8500.0
2025,78/2025,61/2025,PARECER CONTÁBIL S/S,10.016.184/0001-31,0,"Resolução Normativa nº 62/2013, Art. 6º, Inciso IV",,5000.0
2025,79/2025,62/2025,EXXYA EMPREENDIMENTOS DE ENGENHARIA E ENERGIAS RENOVÁVEIS EI,41.767.536/0001-14,0,"Resolução Normativa nº 62/2013, Art. 6º, Inciso II",,6000.0
2025,79/2025,62/2025,ATEVALDO LOPES CARNEIRO SOCIEDADE INDIVIDUAL DE ADVOCACIA,39.522.462/0001-04,0,"Resolução Normativa nº 62/2013, Art. 6º, Inciso IV",,12000.0
2025,79/2025,62/2025,P L DA V COSTA,51.514.260/0001-16,0,"Resolução Normativa nº 62/2013, Art. 6º, Inciso IV",,7000.0
2025,790/2025,830/2025,CAVALCANTE & HOLANDA SOCIEDADE DE ADVOGADOS,42.054.947/0001-25,0,"Resolução Normativa nº 62/2013, Art. 6º, Inciso IV",,10000.0
2025,790/2025,830/2025,TARSO DE NORONHA PESSOA,,1,"Resolução Normativa nº 62/2013, Art. 6º, Inciso IV",,5000.0
2025,790/2025,830/2025,ZION -COMUNICACAO & ESTRATEGIA LTDA,13.097.115/0001-98,0,"Resolução Normativa nº 62/2013, Art. 6º, Inciso V",,10000.0
2025,791/2025,831/2025,R A DE O PEREIRA CONECTHE GESTAO,60.587.365/0001-96,0,"Resolução Normativa nº 62/2013, Art. 6º, Inciso V",,6750.0
2025,791/2025,831/2025,B DE M DOS SANTOS BS GESTAO CONTABIL,61.895.925/0001-32,0,"Resolução Normativa nº 62/2013, Art. 6º, Inciso IV",,6250.0
2025,791/2025,831/2025,JOSE ANTONIO C M R FILHO SOCIEDADE INDIVID DE ADVOCACIA,38.316.551/0001-31,0,"Resolução Normativa nº 62/2013, Art. 6º, Inciso IV",,12000.0
2025,792/2025,832/2025,KATIA SAMARA PEREIRA DOS SANTOS SILVA,,1,"Resolução Normativa nº 62/2013, Art. 6º, Inciso IV",,5000.0
2025,792/2025,832/2025,OLENIR ROSA DE MACEDO SOARES,,1,"Resolução Normativa nº 62/2013, Art. 6º, Inciso IV",,5500.0
2025,792/2025,832/2025,RENATO LUCAS VIEIRA DA SILVA,,1,"Resolução Normativa nº 62/2013, Art. 6º, Inciso IV",,9000.0
2025,792/2025,832/2025,RUBEM MAGALHÃES MENESES,,1,"Resolução Normativa nº 62/2013, Art. 6º, Inciso IV",,5500.0
2025,793/2025,833/2025,MIRANDAS ASSOCIADOS CONTABILIDADE,18.816.149/0001-09,0,"Resolução Normativa nº 62/2013, Art. 6º, Inciso IV",,7000.0
2025,793/2025,833/2025,JOSEFA GEOVANA NUNES COSTA,,1,"Resolução Normativa nº 62/2013, Art. 6º, Inciso V",,6000.0
2025,793/2025,833/2025,MARCOS MACIEL BATISTA DE SOUSA SOCIEDAE INDIVIDUAL DE ADVOCA,39.300.408/0001-14,0,"Resolução Normativa nº 62/2013, Art. 6º, Inciso IV",,12000.0
2025,794/2025,834/2025,DANIEL LEONARDO DE LIMA VIANA - SOCIEDADE INDIVIDUAL DE ADV,30.215.839/0001-08,0,"Resolução Normativa nº 62/2013, Art. 6º, Inciso IV",,8000.0
2025,794/2025,834/2025,MASTER CONTABILIDADE E SERVIÇOS LTDA,58.865.666/0001-92,0,"Resolução Normativa nº 62/2013, Art. 6º, Inciso IV",,5000.0
2025,794/2025,834/2025,ZION -COMUNICACAO & ESTRATEGIA LTDA,13.097.115/0001-98,0,"Resolução Normativa nº 62/2013, Art. 6º, Inciso V",,12000.0
2025,795/2025,835/2025,40.276.965 EDGAR RESPLANDES DE CARVALHO,40.276.965/0001-26,0,"Resolução Normativa nº 62/2013, Art. 6º, Inciso V",,12500.0
2025,795/2025,835/2025,FRANCISCO DAS C DOS SANTOS,51.158.583/0001-14,0,"Resolução Normativa nº 62/2013, Art. 6º, Inciso II",,12500.0
2025,796/2025,836/2025,CAPITAL SERVIÇOS LTDA.,11.208.910/0001-80,0,"Resolução Normativa nº 62/2013, Art. 6º, Inciso II",,12500.0
2025,796/2025,836/2025,PEDRO HENRIQUE FREITAS SOCIEDADE INDIVIDUAL DE ADVOCACIA,57.388.672/0001-33,0,"Resolução Normativa nº 62/2013, Art. 6º, Inciso IV",,8500.0
2025,796/2025,836/2025,AVANCE DIGITAL,51.430.500/0001-02,0,"Resolução Normativa nº 62/2013, Art. 6º, Inciso V",,4000.0
2025,797/2025,837/2025,CAVALCANTE & HOLANDA SOCIEDADE DE ADVOGADOS,42.054.947/0001-25,0,"Resolução Normativa nº 62/2013, Art. 6º, Inciso IV",,10000.0
2025,797/2025,837/2025,MENDONÇA ASSESSORIA EMPRESARIAL LTDA,41.984.749/0001-06,0,"Resolução Normativa nº 62/2013, Art. 6º, Inciso IV",,7000.0
2025,797/2025,837/2025,URBANISMO SERVIÇOS E EVENTOS LTDA,18.445.567/0001-37,0,"Resolução Normativa nº 62/2013, Art. 6º, Inciso V",,8000.0
2025,798/2025,838/2025,JOSE HELIO LUCIO DA SILVA FILHO,33.243.298/0001-10,0,"Resolução Normativa nº 62/2013, Art. 6º, Inciso IV",,11000.0
2025,798/2025,838/2025,EMPRESA PLUG PROPAGANDA & MARKETING LTDA,07.484.108/0001-46,0,"Resolução Normativa nº 62/2013, Art. 6º, Inciso V",,8000.0
2025,798/2025,838/2025,RL - EMPREENDIMENTOS IMOBILIÁRIOS,15.183.027/0001-34,0,"Resolução Normativa nº 62/2013, Art. 6º, Inciso II",,6000.0
2025,799/2025,839/2025,EUCHERLIS TEIXEIRA SOCIEDADE INDV DE ADOCACIA,59.842.391/0001-34,0,"Resolução Normativa nº 62/2013, Art. 6º, Inciso IV",,10500.0
2025,799/2025,839/2025,F T GOMES DA SILVA,59.058.740/0001-21,0,"Resolução Normativa nº 62/2013, Art. 6º, Inciso IV",,7000.0
2025,799/2025,839/2025,IT PRODUCOES LTDA,41.174.419/0001-47,0,"Resolução Normativa nº 62/2013, Art. 6º, Inciso V",,7500.0
2025,80/2025,63/2025,TMJ CRIATIVA LTDA,44.256.234/0001-70,0,"Resolução Normativa nº 62/2013, Art. 6º, Inciso IV",,7000.0
2025,80/2025,63/2025,CARSON ROMULO SOUSA LOPES,17.755.674/0001-07,0,"Resolução Normativa nº 62/2013, Art. 6º, Inciso IV",,7750.0
2025,80/2025,63/2025,CAVALCANTE & HOLANDA SOCIEDADE DE ADVOGADOS,42.054.947/0001-25,0,"Resolução Normativa nº 62/2013, Art. 6º, Inciso IV",,10000.0
2025,800/2025,840/2025,EDUARDO SILVA,34.031.466/0001-76,0,"Resolução Normativa nº 62/2013, Art. 6º, Inciso IV",,12500.0
2025,800/2025,840/2025,PORTAL NOTICIA DIRETA LTDA,59.788.319/0001-76,0,"Resolução Normativa nº 62/2013, Art. 6º, Inciso V",,12500.0
2025,801/2025,841/2025,ALMEIDA E BANDEIRA ADVOGADOS ASSOCIADOS,16.750.540/0001-22,0,"Resolução Normativa nº 62/2013, Art. 6º, Inciso IV",,12500.0
2025,801/2025,841/2025,DAVID CUNHA CARVALHO,,1,"Resolução Normativa nº 62/2013, Art. 6º, Inciso V",,4500.0
2025,801/2025,841/2025,L R DO NASCIMENTO LIMA LTDA,43.004.368/0001-30,0,"Resolução Normativa nº 62/2013, Art. 6º, Inciso II",,8000.0
2025,802/2025,842/2025,COSTA PRODUCOES ARTISTICAS LTDA,32.270.295/0001-02,0,"Resolução Normativa nº 62/2013, Art. 6º, Inciso V",,8500.0
2025,802/2025,842/2025,DÁRIO BISPO CIA,54.533.136/0001-96,0,"Resolução Normativa nº 62/2013, Art. 6º, Inciso IV",,5000.0
2025,802/2025,842/2025,DIVINO MOREIRA MENDES NEТО,06.082.433/0001-10,0,"Resolução Normativa nº 62/2013, Art. 6º, Inciso IV",,11500.0
2025,803/2025,843/2025,GABRIELA MACENA SOUSA,50.398.845/0001-55,0,"Resolução Normativa nº 62/2013, Art. 6º, Inciso V",,12500.0
2025,803/2025,843/2025,MENESES E LEAL ADVOCACIA E CONSULTORIA,58.842.671/0001-80,0,"Resolução Normativa nº 62/2013, Art. 6º, Inciso IV",,12500.0
2025,804/2025,844/2025,VICTORY FILMS,37.457.323/0001-19,0,"Resolução Normativa nº 62/2013, Art. 6º, Inciso V",,5000.0
2025,804/2025,844/2025,CARLOS YURY ARAUJO DE MORAIS SOCIEDADE INDIVIDUAL DE ADVOCAC,26.981.460/0001-31,0,"Resolução Normativa nº 62/2013, Art. 6º, Inciso IV",,8000.0
2025,804/2025,844/2025,FF CONSULTORIA E AUDITORIA LTDA,26.171.508/0001-46,0,"Resolução Normativa nº 62/2013, Art. 6º, Inciso IV",,5000.0
2025,804/2025,844/2025,M. F. LIMA CARNEIRO LTDA E VCIA EPP,04.626.774/0001-83,0,"Resolução Normativa nº 62/2013, Art. 6º, Inciso II",,8500.0
2025,805/2025,845/2025,MAURICIO DE LACERDA ALMEIDA NETO,,1,"Resolução Normativa nº 62/2013, Art. 6º, Inciso IV",,6500.0
2025,805/2025,845/2025,PAULO NASCIMENTO DE ARAUJO,,1,"Resolução Normativa nº 62/2013, Art. 6º, Inciso IV",,6000.0
2025,805/2025,845/2025,R M MALAQUIAS SERVICOS COMBINADOS,11.852.887/0001-62,0,"Resolução Normativa nº 62/2013, Art. 6º, Inciso IV",,12500.0
2025,806/2025,846/2025,ELECT MARKETING LTDA,51.352.934/0001-23,0,"Resolução Normativa nº 62/2013, Art. 6º, Inciso V",,12500.0
2025,806/2025,846/2025,FILIPE ALENCAR SOCIEDADE INDV DE ADVOCACIA,50.587.247/0001-24,0,"Resolução Normativa nº 62/2013, Art. 6º, Inciso IV",,6250.0
2025,806/2025,846/2025,"PIRES, FERREIRA E LIMA SOCIEDADE IND DE ADVOCACIA",58.673.701/0001-71,0,"Resolução Normativa nº 62/2013, Art. 6º, Inciso IV",,6250.0
2025,807/2025,847/2025,MACEDO E MORAES SOCIEDADE DE ADVOGADOS,12.436.746/0001-21,0,"Resolução Normativa nº 62/2013, Art. 6º, Inciso IV",,12500.0
2025,807/2025,847/2025,MENDONÇA ASSESSORIA EMPRESARIAL LTDA,41.984.749/0001-06,0,"Resolução Normativa nº 62/2013, Art. 6º, Inciso IV",,8000.0
2025,807/2025,847/2025,URBANISMO SERVIÇOS E EVENTOS LTDA,18.445.567/0001-37,0,"Resolução Normativa nº 62/2013, Art. 6º, Inciso V",,4500.0
2025,808/2025,848/2025,GEORGIA NUNES ADVOGADOS ASSOCIADOS,10.750.754/0001-12,0,"Resolução Normativa nº 62/2013, Art. 6º, Inciso IV",,10000.0
2025,808/2025,848/2025,GWR SILVA CONTABILIDADE E CONSULTORIA,33.650.479/0001-60,0,"Resolução Normativa nº 62/2013, Art. 6º, Inciso IV",,8000.0
2025,808/2025,848/2025,LANDIM COMUNICAÇÃO E PUBLICIDADE E LTDA,49.547.506/0001-04,0,"Resolução Normativa nº 62/2013, Art. 6º, Inciso V",,7000.0
2025,809/2025,849/2025,ELISANGELA PEGADO ANDRADE FEITOSA,,1,"Resolução Normativa nº 62/2013, Art. 6º, Inciso V",,6800.0
2025,809/2025,849/2025,GLEYSSON MOURA DA SILVA,11.195.416/0001-29,0,"Resolução Normativa nº 62/2013, Art. 6º, Inciso V",,4000.0
2025,809/2025,849/2025,MARCUS VINICIUS MEDEIROS OLIVEIRA,,1,"Resolução Normativa nº 62/2013, Art. 6º, Inciso IV",,7900.0
2025,809/2025,849/2025,MARIA NANCY GOMES DE CARVALHO,,1,"Resolução Normativa nº 62/2013, Art. 6º, Inciso IV",,6000.0
2025,81/2025,64/2025,MASTER CONTABILIDADE E SERVIÇOS LTDA,58.865.666/0001-92,0,"Resolução Normativa nº 62/2013, Art. 6º, Inciso IV",,9000.0
2025,81/2025,64/2025,DANIEL LEONARDO DE LIMA VIANA - SOCIEDADE INDIVIDUAL DE ADV,30.215.839/0001-08,0,"Resolução Normativa nº 62/2013, Art. 6º, Inciso IV",,10000.0
2025,81/2025,64/2025,46.213.264 LUANA GABRIELY SAMPAIO DOS SANTOS,46.213.264/0001-24,0,"Resolução Normativa nº 62/2013, Art. 6º, Inciso V",,6000.0
2025,810/2025,850/2025,EDITORA E AGENCIA DE PUBLICIDADE O ESTADO EURELI,33.688.687/0001-59,0,"Resolução Normativa nº 62/2013, Art. 6º, Inciso V",,12500.0
2025,810/2025,850/2025,EURIPEDES BEZERRA FEITOSA FILHO - EFCON,39.550.287/0001-69,0,"Resolução Normativa nº 62/2013, Art. 6º, Inciso IV",,12500.0
2025,811/2025,851/2025,ALMEIDA & ALENCAR ADVOGADOS ASSOCIADOS,22.439.402/0001-20,0,"Resolução Normativa nº 62/2013, Art. 6º, Inciso IV",,7000.0
2025,811/2025,851/2025,GWR SILVA CONTABILIDADE E CONSULTORIA,33.650.479/0001-60,0,"Resolução Normativa nº 62/2013, Art. 6º, Inciso IV",,7000.0
2025,811/2025,851/2025,JOAO MAGALHAES CARVALHO,54.214.890/0001-63,0,"Resolução Normativa nº 62/2013, Art. 6º, Inciso V",,11000.0
2025,812/2025,852/2025,A C DE P SILVA,43.588.940/0001-56,0,"Resolução Normativa nº 62/2013, Art. 6º, Inciso V",,9000.0
2025,812/2025,852/2025,QSN EMPREENDIMENTOS LTDA,45.951.080/0001-07,0,"Resolução Normativa nº 62/2013, Art. 6º, Inciso II",,8000.0
2025,812/2025,852/2025,RAFAEL CAVALCANTI BEZERRA,21.603.479/0001-20,0,"Resolução Normativa nº 62/2013, Art. 6º, Inciso IV",,8000.0
2025,813/2025,853/2025,RAFAEL NEIVA NUNES DO REGO SOCIEDADE INDIVIDUAL DE ADVOCACIA,11.410.592/0001-36,0,"Resolução Normativa nº 62/2013, Art. 6º, Inciso IV",,6000.0
2025,813/2025,853/2025,MDP COMUNICAÇÃO LTDA,32.635.234/0001-00,0,"Resolução Normativa nº 62/2013, Art. 6º, Inciso IV",,6000.0
2025,813/2025,853/2025,SOFTWARE INFOASSESSOR.COM.BR,35.748.629/0001-07,0,"Resolução Normativa nº 62/2013, Art. 6º, Inciso IX",,590.0
2025,813/2025,853/2025,PIAUI LOCAÇÕES DE VEÍCULOS E TRANSPORTE ESCOLAR LTDA,36.731.367/0001-22,0,"Resolução Normativa nº 62/2013, Art. 6º, Inciso II",,12410.0
2025,814/2025,854/2025,LÍDER CONTABILIDADE E CERTIFICADO DIGITAL,46.422.835/0001-30,0,"Resolução Normativa nº 62/2013, Art. 6º, Inciso IV",,7500.0
2025,814/2025,854/2025,RAMOS E MACHADO LTDA ME,33.144.591/0001-20,0,"Resolução Normativa nº 62/2013, Art. 6º, Inciso V",,8600.0
2025,814/2025,854/2025,CARVALHO E OLIVEIRA - ADVOGADOS E ASSOCIADOS,10.791.215/0001-21,0,"Resolução Normativa nº 62/2013, Art. 6º, Inciso IV",,8600.0
2025,815/2025,855/2025,M. DE F. DA SILVA ARAUJO,15.510.740/0001-45,0,"Resolução Normativa nº 62/2013, Art. 6º, Inciso IV",,7100.0
2025,815/2025,855/2025,TARCIO PEREIRA CRUZ,43.028.880/0001-17,0,"Resolução Normativa nº 62/2013, Art. 6º, Inciso V",,7000.0
2025,815/2025,855/2025,VIVIANE ALVES SOCIEDADE DE ADVOCACIA,57.034.475/0001-16,0,"Resolução Normativa nº 62/2013, Art. 6º, Inciso IV",,10600.0
2025,816/2025,856/2025,BRENO MACEDO SOCIEDADE INDIVIDUAL DE ADVOCACIA,41.725.928/0001-10,0,"Resolução Normativa nº 62/2013, Art. 6º, Inciso IV",,9000.0
2025,816/2025,856/2025,CELSO EDUARDO COMERCIO SERVIÇO LTDA,05.248.304/0001-96,0,"Resolução Normativa nº 62/2013, Art. 6º, Inciso V",,10000.0
2025,816/2025,856/2025,POR G D CAMELO VIANA,52.568.120/0001-93,0,"Resolução Normativa nº 62/2013, Art. 6º, Inciso IV",,6000.0
2025,817/2025,857/2025,COSTA & BRITO COMUNICAÇÃO LTDA ME,15.009.045/0001-02,0,"Resolução Normativa nº 62/2013, Art. 6º, Inciso V",,5000.0
2025,817/2025,857/2025,EULALIO OLIVEIRA SOCIEDADE INDIVIDUAL DE ADVOCACIA,56.343.268/0001-80,0,"Resolução Normativa nº 62/2013, Art. 6º, Inciso IV",,8000.0
2025,817/2025,857/2025,M. DE F. DA SILVA ARAUJO,15.510.740/0001-45,0,"Resolução Normativa nº 62/2013, Art. 6º, Inciso IV",,12000.0
2025,82/2025,65/2025,MACEDO E MORAES SOCIEDADE DE ADVOGADOS,12.436.746/0001-21,0,"Resolução Normativa nº 62/2013, Art. 6º, Inciso IV",,12500.0
2025,82/2025,65/2025,URBANISMO SERVIÇOS E EVENTOS LTDA,18.445.567/0001-37,0,"Resolução Normativa nº 62/2013, Art. 6º, Inciso IV",,4500.0
2025,82/2025,65/2025,MENDONÇA ASSESSORIA EMPRESARIAL LTDA,41.984.749/0001-06,0,"Resolução Normativa nº 62/2013, Art. 6º, Inciso IV",,8000.0
2025,824/2025,864/2025,ATEVALDO LOPES CARNEIRO SOCIEDADE INDIVIDUAL DE ADVOCACIA,39.522.462/0001-04,0,"Resolução Normativa nº 62/2013, Art. 6º, Inciso IV",,12000.0
2025,824/2025,864/2025,CELSO EDUARDO COMERCIO SERVIÇO LTDA,05.248.304/0001-96,0,"Resolução Normativa nº 62/2013, Art. 6º, Inciso IV",,7000.0
2025,824/2025,864/2025,SENTRA DISTRIBUIDORA E SERVIÇO,13.170.806/0001-70,0,"Resolução Normativa nº 62/2013, Art. 6º, Inciso II",,6000.0
2025,83/2025,66/2025,COSTA & BRITO COMUNICAÇÃO LTDA ME,15.009.045/0001-02,0,"Resolução Normativa nº 62/2013, Art. 6º, Inciso IV",,5000.0
2025,83/2025,66/2025,BRENO MACEDO SOCIEDADE INDIVIDUAL DE ADVOCACIA,41.725.928/0001-10,0,"Resolução Normativa nº 62/2013, Art. 6º, Inciso IV",,8000.0
2025,83/2025,66/2025,M. DE F. DA SILVA ARAUJO,15.510.740/0001-45,0,"Resolução Normativa nº 62/2013, Art. 6º, Inciso IV",,12000.0
2025,84/2025,67/2025,EUCHERLIS TEIXEIRA LIMA FILHO,,1,"Resolução Normativa nº 62/2013, Art. 6º, Inciso IV",,12500.0
2025,84/2025,67/2025,MARIA WILMA R. DE MACEDO,35.023.805/0001-35,0,"Resolução Normativa nº 62/2013, Art. 6º, Inciso IV",,12500.0
2025,848/2025,882/2025,COSTA PRODUCOES ARTISTICAS LTDA,32.270.295/0001-02,0,"Resolução Normativa nº 62/2013, Art. 6º, Inciso IV",,8500.0
2025,848/2025,882/2025,DÁRIO BISPO CIA,54.533.136/0001-96,0,"Resolução Normativa nº 62/2013, Art. 6º, Inciso IV",,5000.0
2025,848/2025,882/2025,DIVINO MOREIRA MENDES NEТО,06.082.433/0001-10,0,"Resolução Normativa nº 62/2013, Art. 6º, Inciso IV",,11500.0
2025,849/2025,883/2025,ATEVALDO LOPES CARNEIRO SOCIEDADE INDIVIDUAL DE ADVOCACIA,39.522.462/0001-04,0,"Resolução Normativa nº 62/2013, Art. 6º, Inciso IV",,12000.0
2025,849/2025,883/2025,CELSO EDUARDO COMERCIO SERVIÇO LTDA,05.248.304/0001-96,0,"Resolução Normativa nº 62/2013, Art. 6º, Inciso IV",,7000.0
2025,849/2025,883/2025,SENTRA DISTRIBUIDORA E SERVIÇO,13.170.806/0001-70,0,"Resolução Normativa nº 62/2013, Art. 6º, Inciso II",,6000.0
2025,85/2025,68/2025,MARCOS MACIEL BATISTA DE SOUSA SOCIEDAE INDIVIDUAL DE ADVOCA,39.300.408/0001-14,0,"Resolução Normativa nº 62/2013, Art. 6º, Inciso IV",,12000.0
2025,85/2025,68/2025,MIRANDAS ASSOCIADOS CONTABILIDADE,18.816.149/0001-09,0,"Resolução Normativa nº 62/2013, Art. 6º, Inciso IV",,7000.0
2025,85/2025,68/2025,58.289.818 JOSEFA GEOVANA NUNES COSTA,58.289.818/0001-56,0,"Resolução Normativa nº 62/2013, Art. 6º, Inciso V",,6000.0
2025,850/2025,884/2025,BRENO MACEDO SOCIEDADE INDIVIDUAL DE ADVOCACIA,41.725.928/0001-10,0,"Resolução Normativa nº 62/2013, Art. 6º, Inciso IV",,9000.0
2025,850/2025,884/2025,CELSO EDUARDO COMERCIO SERVIÇO LTDA,05.248.304/0001-96,0,"Resolução Normativa nº 62/2013, Art. 6º, Inciso IV",,10000.0
2025,850/2025,884/2025,POR G D CAMELO VIANA,52.568.120/0001-93,0,"Resolução Normativa nº 62/2013, Art. 6º, Inciso IV",,6000.0
2025,851/2025,885/2025,JOAQUIM LUCAS GUIMARAES FLORO,,1,"Resolução Normativa nº 62/2013, Art. 6º, Inciso IV",,6000.0
2025,851/2025,885/2025,JOSE HELIO LUCIO DA SILVA FILHO,33.243.298/0001-10,0,"Resolução Normativa nº 62/2013, Art. 6º, Inciso IV",,11000.0
2025,851/2025,885/2025,EMPRESA PLUG PROPAGANDA & MARKETING LTDA,07.484.108/0001-46,0,"Resolução Normativa nº 62/2013, Art. 6º, Inciso V",,8000.0
2025,852/2025,886/2025,EUCHERLIS TEIXEIRA SOCIEDADE INDV DE ADOCACIA,59.842.391/0001-34,0,"Resolução Normativa nº 62/2013, Art. 6º, Inciso IV",,10500.0
2025,852/2025,886/2025,F T GOMES DA SILVA,59.058.740/0001-21,0,"Resolução Normativa nº 62/2013, Art. 6º, Inciso IV",,7000.0
2025,852/2025,886/2025,ITELSINO B FILHO & SILVA LTDA,24.260.553/0001-41,0,"Resolução Normativa nº 62/2013, Art. 6º, Inciso V",,7500.0
2025,853/2025,887/2025,DANIEL LEONARDO DE LIMA VIANA - SOCIEDADE INDIVIDUAL DE ADV,30.215.839/0001-08,0,"Resolução Normativa nº 62/2013, Art. 6º, Inciso IV",,8000.0
2025,853/2025,887/2025,MASTER CONTABILIDADE E SERVIÇOS LTDA,58.865.666/0001-92,0,"Resolução Normativa nº 62/2013, Art. 6º, Inciso IV",,5000.0
2025,853/2025,887/2025,ZION -COMUNICACAO & ESTRATEGIA LTDA,13.097.115/0001-98,0,"Resolução Normativa nº 62/2013, Art. 6º, Inciso V",,12000.0
2025,854/2025,888/2025,40.276.965 EDGAR RESPLANDES DE CARVALHO,40.276.965/0001-26,0,"Resolução Normativa nº 62/2013, Art. 6º, Inciso V",,12500.0
2025,854/2025,888/2025,FRANCISCO DAS C DOS SANTOS,51.158.583/0001-14,0,"Resolução Normativa nº 62/2013, Art. 6º, Inciso II",,12500.0
2025,855/2025,889/2025,ELISANGELA PEGADO ANDRADE FEITOSA,,1,"Resolução Normativa nº 62/2013, Art. 6º, Inciso V",,6800.0
2025,855/2025,889/2025,GLEYSSON MOURA DA SILVA,11.195.416/0001-29,0,"Resolução Normativa nº 62/2013, Art. 6º, Inciso V",,4000.0
2025,855/2025,889/2025,MARIA NANCY GOMES DE CARVALHO,,1,"Resolução Normativa nº 62/2013, Art. 6º, Inciso IV",,6000.0
2025,856/2025,890/2025,MAURICIO DE LACERDA ALMEIDA NETO,,1,"Resolução Normativa nº 62/2013, Art. 6º, Inciso IV",,6500.0
2025,856/2025,890/2025,PAULO NASCIMENTO DE ARAUJO,,1,"Resolução Normativa nº 62/2013, Art. 6º, Inciso IV",,6000.0
2025,856/2025,890/2025,R M MALAQUIAS SERVICOS COMBINADOS,11.852.887/0001-62,0,"Resolução Normativa nº 62/2013, Art. 6º, Inciso IV",,12500.0
2025,857/2025,891/2025,B DE M DOS SANTOS BS GESTAO CONTABIL,61.895.925/0001-32,0,"Resolução Normativa nº 62/2013, Art. 6º, Inciso IV",,6250.0
2025,857/2025,891/2025,JOSE ANTONIO C M R FILHO SOCIEDADE INDIVID DE ADVOCACIA,38.316.551/0001-31,0,"Resolução Normativa nº 62/2013, Art. 6º, Inciso IV",,12000.0
2025,857/2025,891/2025,R A DE O PEREIRA CONECTHE GESTAO,60.587.365/0001-96,0,"Resolução Normativa nº 62/2013, Art. 6º, Inciso V",,6750.0
2025,858/2025,892/2025,EDUARDO SILVA,34.031.466/0001-76,0,"Resolução Normativa nº 62/2013, Art. 6º, Inciso IV",,12500.0
2025,858/2025,892/2025,PORTAL NOTICIA DIRETA LTDA,59.788.319/0001-76,0,"Resolução Normativa nº 62/2013, Art. 6º, Inciso V",,12500.0
2025,859/2025,893/2025,KATIA SAMARA PEREIRA DOS SANTOS SILVA,,1,"Resolução Normativa nº 62/2013, Art. 6º, Inciso IV",,5000.0
2025,859/2025,893/2025,OLENIR ROSA DE MACEDO SOARES,,1,"Resolução Normativa nº 62/2013, Art. 6º, Inciso IV",,5500.0
2025,859/2025,893/2025,RENATO LUCAS VIEIRA DA SILVA,,1,"Resolução Normativa nº 62/2013, Art. 6º, Inciso IV",,9000.0
2025,859/2025,893/2025,RUBEM MAGALHÃES MENESES,,1,"Resolução Normativa nº 62/2013, Art. 6º, Inciso V",,5500.0
2025,86/2025,69/2025,ADIEL RODRIGUES BRITO,,1,"Resolução Normativa nº 62/2013, Art. 6º, Inciso IV",,3540.0
2025,86/2025,69/2025,RAIMUNDO ERNALDO GOMES VALE,,1,"Resolução Normativa nº 62/2013, Art. 6º, Inciso IV",,3000.0
2025,860/2025,894/2025,MACEDO E MORAES SOCIEDADE DE ADVOGADOS,12.436.746/0001-21,0,"Resolução Normativa nº 62/2013, Art. 6º, Inciso IV",,12500.0
2025,860/2025,894/2025,MENDONÇA ASSESSORIA EMPRESARIAL LTDA,41.984.749/0001-06,0,"Resolução Normativa nº 62/2013, Art. 6º, Inciso IV",,8000.0
2025,860/2025,894/2025,URBANISMO SERVIÇOS E EVENTOS LTDA,18.445.567/0001-37,0,"Resolução Normativa nº 62/2013, Art. 6º, Inciso V",,4500.0
2025,861/2025,895/2025,RAFAEL NEIVA NUNES DO REGO SOCIEDADE INDIVIDUAL DE ADVOCACIA,11.410.592/0001-36,0,"Resolução Normativa nº 62/2013, Art. 6º, Inciso IV",,6000.0
2025,861/2025,895/2025,MDP COMUNICAÇÃO LTDA,32.635.234/0001-00,0,"Resolução Normativa nº 62/2013, Art. 6º, Inciso V",,6000.0
2025,861/2025,895/2025,SOFTWARE INFOASSESSOR.COM.BR,35.748.629/0001-07,0,"Resolução Normativa nº 62/2013, Art. 6º, Inciso IX",,590.0
2025,861/2025,895/2025,PIAUI LOCAÇÕES DE VEÍCULOS E TRANSPORTE ESCOLAR LTDA,36.731.367/0001-22,0,"Resolução Normativa nº 62/2013, Art. 6º, Inciso II",,12410.0
2025,862/2025,896/2025,CAVALCANTE & HOLANDA SOCIEDADE DE ADVOGADOS,42.054.947/0001-25,0,"Resolução Normativa nº 62/2013, Art. 6º, Inciso IV",,10000.0
2025,862/2025,896/2025,MENDONÇA ASSESSORIA EMPRESARIAL LTDA,41.984.749/0001-06,0,"Resolução Normativa nº 62/2013, Art. 6º, Inciso IV",,7000.0
2025,862/2025,896/2025,URBANISMO SERVIÇOS E EVENTOS LTDA,18.445.567/0001-37,0,"Resolução Normativa nº 62/2013, Art. 6º, Inciso V",,8000.0
2025,863/2025,897/2025,VICTORY FILMS,37.457.323/0001-19,0,"Resolução Normativa nº 62/2013, Art. 6º, Inciso V",,3500.0
2025,863/2025,897/2025,CARLOS YURY ARAUJO DE MORAIS SOCIEDADE INDIVIDUAL DE ADVOCAC,26.981.460/0001-31,0,"Resolução Normativa nº 62/2013, Art. 6º, Inciso IV",,8000.0
2025,863/2025,897/2025,FF CONSULTORIA E AUDITORIA LTDA,26.171.508/0001-46,0,"Resolução Normativa nº 62/2013, Art. 6º, Inciso IV",,5000.0
2025,863/2025,897/2025,M. F. LIMA CARNEIRO LTDA E VCIA EPP,04.626.774/0001-83,0,"Resolução Normativa nº 62/2013, Art. 6º, Inciso II",,8500.0
2025,864/2025,898/2025,LÍDER CONTABILIDADE E CERTIFICADO DIGITAL,46.422.835/0001-30,0,"Resolução Normativa nº 62/2013, Art. 6º, Inciso IV",,7500.0
2025,864/2025,898/2025,RAMOS E MACHADO LTDA ME,33.144.591/0001-20,0,"Resolução Normativa nº 62/2013, Art. 6º, Inciso V",,8600.0
2025,864/2025,898/2025,CARVALHO E OLIVEIRA - ADVOGADOS E ASSOCIADOS,10.791.215/0001-21,0,"Resolução Normativa nº 62/2013, Art. 6º, Inciso IV",,8600.0
2025,865/2025,899/2025,LISIA GOMES ALEXANDRE DE SOUZA,53.103.074/0001-10,0,"Resolução Normativa nº 62/2013, Art. 6º, Inciso V",,7000.0
2025,865/2025,899/2025,M. DE F. DA SILVA ARAUJO,15.510.740/0001-45,0,"Resolução Normativa nº 62/2013, Art. 6º, Inciso IV",,7100.0
2025,865/2025,899/2025,VIVIANE ALVES SOCIEDADE DE ADVOCACIA,57.034.475/0001-16,0,"Resolução Normativa nº 62/2013, Art. 6º, Inciso IV",,10600.0
2025,866/2025,900/2025,EDITORA E AGENCIA DE PUBLICIDADE O ESTADO EURELI,33.688.687/0001-59,0,"Resolução Normativa nº 62/2013, Art. 6º, Inciso V",,12500.0
2025,866/2025,900/2025,EURIPEDES BEZERRA FEITOSA FILHO - EFCON,39.550.287/0001-69,0,"Resolução Normativa nº 62/2013, Art. 6º, Inciso IV",,12500.0
2025,867/2025,901/2025,CAVALCANTE & HOLANDA SOCIEDADE DE ADVOGADOS,42.054.947/0001-25,0,"Resolução Normativa nº 62/2013, Art. 6º, Inciso IV",,10000.0
2025,867/2025,901/2025,TARSO DE NORONHA PESSOA,,1,"Resolução Normativa nº 62/2013, Art. 6º, Inciso IV",,5000.0
2025,867/2025,901/2025,ZION -COMUNICACAO & ESTRATEGIA LTDA,13.097.115/0001-98,0,"Resolução Normativa nº 62/2013, Art. 6º, Inciso V",,10000.0
2025,869/2025,903/2025,ALMEIDA & ALENCAR ADVOGADOS ASSOCIADOS,22.439.402/0001-20,0,"Resolução Normativa nº 62/2013, Art. 6º, Inciso IV",,7000.0
2025,869/2025,903/2025,GWR SILVA CONTABILIDADE E CONSULTORIA,33.650.479/0001-60,0,"Resolução Normativa nº 62/2013, Art. 6º, Inciso IV",,7000.0
2025,869/2025,903/2025,JOAO MAGALHAES CARVALHO,54.214.890/0001-63,0,"Resolução Normativa nº 62/2013, Art. 6º, Inciso V",,11000.0
2025,87/2025,70/2025,BRF CONSTRUÇÕES E SERVIÇOS,18.317.476/0001-16,0,"Resolução Normativa nº 62/2013, Art. 6º, Inciso II",,4000.0
2025,87/2025,70/2025,ALMEIDA E BANDEIRA ADVOGADOS ASSOCIADOS,16.750.540/0001-22,0,"Resolução Normativa nº 62/2013, Art. 6º, Inciso IV",,12500.0
2025,87/2025,70/2025,LENINE CONTABILIDADE E CONSULTORIA EMPRESARIAL LTDA,45.094.432/0001-47,0,"Resolução Normativa nº 62/2013, Art. 6º, Inciso IV",,8500.0
2025,870/2025,904/2025,AVANCE DIGITAL,51.430.500/0001-02,0,"Resolução Normativa nº 62/2013, Art. 6º, Inciso V",,4000.0
2025,870/2025,904/2025,CAPITAL SERVIÇOS LTDA.,11.208.910/0001-80,0,"Resolução Normativa nº 62/2013, Art. 6º, Inciso II",,12500.0
2025,870/2025,904/2025,PEDRO HENRIQUE FREITAS SOCIEDADE INDIVIDUAL DE ADVOCACIA,57.388.672/0001-33,0,"Resolução Normativa nº 62/2013, Art. 6º, Inciso IV",,8500.0
2025,871/2025,905/2025,GABRIELA MACENA SOUSA,50.398.845/0001-55,0,"Resolução Normativa nº 62/2013, Art. 6º, Inciso V",,12500.0
2025,871/2025,905/2025,MENESES E LEAL ADVOCACIA E CONSULTORIA,58.842.671/0001-80,0,"Resolução Normativa nº 62/2013, Art. 6º, Inciso IV",,12500.0
2025,872/2025,906/2025,GEORGIA NUNES ADVOGADOS ASSOCIADOS,10.750.754/0001-12,0,"Resolução Normativa nº 62/2013, Art. 6º, Inciso IV",,10000.0
2025,872/2025,906/2025,GWR SILVA CONTABILIDADE E CONSULTORIA,33.650.479/0001-60,0,"Resolução Normativa nº 62/2013, Art. 6º, Inciso IV",,8000.0
2025,872/2025,906/2025,SOCIAL COMUNICAÇÃO & JORNALISMO LTDA ME,22.145.313/0001-70,0,"Resolução Normativa nº 62/2013, Art. 6º, Inciso V",,7000.0
2025,873/2025,907/2025,ELECT MARKETING LTDA,51.352.934/0001-23,0,"Resolução Normativa nº 62/2013, Art. 6º, Inciso V",,12500.0
2025,873/2025,907/2025,FILIPE ALENCAR SOCIEDADE INDV DE ADVOCACIA,50.587.247/0001-24,0,"Resolução Normativa nº 62/2013, Art. 6º, Inciso IV",,6250.0
2025,873/2025,907/2025,"PIRES, FERREIRA E LIMA SOCIEDADE IND DE ADVOCACIA",58.673.701/0001-71,0,"Resolução Normativa nº 62/2013, Art. 6º, Inciso IV",,6250.0
2025,874/2025,908/2025,A C DE P SILVA,43.588.940/0001-56,0,"Resolução Normativa nº 62/2013, Art. 6º, Inciso V",,9000.0
2025,874/2025,908/2025,QSN EMPREENDIMENTOS LTDA,45.951.080/0001-07,0,"Resolução Normativa nº 62/2013, Art. 6º, Inciso II",,8000.0
2025,874/2025,908/2025,RAFAEL CAVALCANTI BEZERRA,21.603.479/0001-20,0,"Resolução Normativa nº 62/2013, Art. 6º, Inciso IV",,8000.0
2025,875/2025,909/2025,ALMEIDA E BANDEIRA ADVOGADOS ASSOCIADOS,16.750.540/0001-22,0,"Resolução Normativa nº 62/2013, Art. 6º, Inciso IV",,12500.0
2025,875/2025,909/2025,DAVID CUNHA CARVALHO,,1,"Resolução Normativa nº 62/2013, Art. 6º, Inciso V",,4500.0
2025,875/2025,909/2025,L R DO NASCIMENTO LIMA LTDA,43.004.368/0001-30,0,"Resolução Normativa nº 62/2013, Art. 6º, Inciso II",,8000.0
2025,876/2025,910/2025,JOSEFA GEOVANA NUNES COSTA,,1,"Resolução Normativa nº 62/2013, Art. 6º, Inciso V",,6000.0
2025,876/2025,910/2025,MARCOS MACIEL BATISTA DE SOUSA SOCIEDAE INDIVIDUAL DE ADVOCA,39.300.408/0001-14,0,"Resolução Normativa nº 62/2013, Art. 6º, Inciso IV",,12000.0
2025,876/2025,910/2025,MIRANDAS ASSOCIADOS CONTABILIDADE,18.816.149/0001-09,0,"Resolução Normativa nº 62/2013, Art. 6º, Inciso IV",,7000.0
2025,88/2025,71/2025,ARAUJO E BRANDIM SOCIEDADE DE ADVOGADOS,05.000.033/0001-55,0,"Resolução Normativa nº 62/2013, Art. 6º, Inciso IV",,7000.0
2025,88/2025,71/2025,LS SERVIÇOS LTDA,48.310.026/0001-62,0,"Resolução Normativa nº 62/2013, Art. 6º, Inciso V",,4800.0
2025,88/2025,71/2025,ILMAR TEIXEIRA LINARD JUNIOR,,1,"Resolução Normativa nº 62/2013, Art. 6º, Inciso IV",,6000.0
2025,88/2025,71/2025,PODIUM SENA EMPREENDIMENTOS LTDA,36.070.625/0001-77,0,"Resolução Normativa nº 62/2013, Art. 6º, Inciso II",,7000.0
2025,89/2025,72/2025,MENDONÇA ASSESSORIA EMPRESARIAL LTDA,41.984.749/0001-06,0,"Resolução Normativa nº 62/2013, Art. 6º, Inciso IV",,7000.0
2025,89/2025,72/2025,URBANISMO SERVIÇOS E EVENTOS LTDA,18.445.567/0001-37,0,"Resolução Normativa nº 62/2013, Art. 6º, Inciso IV",,8000.0
2025,89/2025,72/2025,CAVALCANTE & HOLANDA SOCIEDADE DE ADVOGADOS,42.054.947/0001-25,0,"Resolução Normativa nº 62/2013, Art. 6º, Inciso IV",,10000.0
2025,90/2025,73/2025,SOCIAL COMUNICAÇÃO & JORNALISMO LTDA ME,22.145.313/0001-70,0,"Resolução Normativa nº 62/2013, Art. 6º, Inciso IV",,12500.0
2025,90/2025,73/2025,MENESES E LEAL ADVOCACIA E CONSULTORIA,58.842.671/0001-80,0,"Resolução Normativa nº 62/2013, Art. 6º, Inciso IV",,12500.0
2025,91/2025,74/2025,PEDRO HENRIQUE FREITAS SOCIEDADE INDIVIDUAL DE ADVOCACIA,57.388.672/0001-33,0,"Resolução Normativa nº 62/2013, Art. 6º, Inciso IV",,10080.64
2025,91/2025,74/2025,CAPITAL SERVIÇOS LTDA.,11.208.910/0001-80,0,"Resolução Normativa nº 62/2013, Art. 6º, Inciso II",,10080.64
2025,92/2025,75/2025,AVANCE DIGITAL,51.430.500/0001-02,0,"Resolução Normativa nº 62/2013, Art. 6º, Inciso IV",,2419.35
2025,92/2025,75/2025,MAZUAD AUTO LOCADORA E LOGÍSTICA LTDA,09.192.288/0001-18,0,"Resolução Normativa nº 62/2013, Art. 6º, Inciso II",,2419.35
2025,93/2025,76/2025,EMPRESA PLUG PROPAGANDA & MARKETING LTDA,07.484.108/0001-46,0,"Resolução Normativa nº 62/2013, Art. 6º, Inciso IV",,8000.0
2025,93/2025,76/2025,JOSE HÉLIO LUCIO DA SILVA FILHO,,1,"Resolução Normativa nº 62/2013, Art. 6º, Inciso IV",,11000.0
2025,93/2025,76/2025,RL - EMPREENDIMENTOS IMOBILIÁRIOS,15.183.027/0001-34,0,"Resolução Normativa nº 62/2013, Art. 6º, Inciso II",,6000.0
2025,99/2025,79/2025,LUAN OLIVEIRA LEAL PUBLICIDADE,47.480.502/0001-20,0,"Resolução Normativa nº 62/2013, Art. 6º, Inciso IV",,4838.75
2026,115/2026,103/2026,JOSEFA GEOVANA NUNES COSTA,,1,"Resolução Normativa nº 62/2013, Art. 6º, Inciso V",,6000.0
2026,115/2026,103/2026,MARCOS MACIEL BATISTA DE SOUSA SOCIEDAE INDIVIDUAL DE ADVOCA,39.300.408/0001-14,0,"Resolução Normativa nº 62/2013, Art. 6º, Inciso IV",,12000.0
2026,115/2026,103/2026,MIRANDAS ASSOCIADOS CONTABILIDADE,18.816.149/0001-09,0,"Resolução Normativa nº 62/2013, Art. 6º, Inciso IV",,7000.0
2026,116/2026,104/2026,GEORGIA NUNES ADVOGADOS ASSOCIADOS,10.750.754/0001-12,0,"Resolução Normativa nº 62/2013, Art. 6º, Inciso IV",,10000.0
2026,116/2026,104/2026,GWR SILVA CONTABILIDADE E CONSULTORIA,33.650.479/0001-60,0,"Resolução Normativa nº 62/2013, Art. 6º, Inciso IV",,8000.0
2026,116/2026,104/2026,SOCIAL COMUNICAÇÃO & JORNALISMO LTDA ME,22.145.313/0001-70,0,"Resolução Normativa nº 62/2013, Art. 6º, Inciso V",,7000.0
2026,118/2026,106/2026,MARIA EUGENIA COELHO COSTA,,1,"Resolução Normativa nº 62/2013, Art. 6º, Inciso V",,2000.0
2026,118/2026,106/2026,MAURICIO DE LACERDA ALMEIDA NETO,,1,"Resolução Normativa nº 62/2013, Art. 6º, Inciso IV",,6500.0
2026,118/2026,106/2026,PAULO NASCIMENTO DE ARAUJO,,1,"Resolução Normativa nº 62/2013, Art. 6º, Inciso IV",,4000.0
2026,118/2026,106/2026,R M MALAQUIAS SERVICOS COMBINADOS,11.852.887/0001-62,0,"Resolução Normativa nº 62/2013, Art. 6º, Inciso IV",,12500.0
2026,119/2026,117/2026,ALMEIDA E BANDEIRA ADVOGADOS ASSOCIADOS,16.750.540/0001-22,0,"Resolução Normativa nº 62/2013, Art. 6º, Inciso IV",,12500.0
2026,119/2026,117/2026,DAVID CUNHA CARVALHO,,1,"Resolução Normativa nº 62/2013, Art. 6º, Inciso IV",,4500.0
2026,119/2026,117/2026,L R DO NASCIMENTO LIMA LTDA,43.004.368/0001-30,0,"Resolução Normativa nº 62/2013, Art. 6º, Inciso II",,8000.0
2026,120/2026,118/2026,CAVALCANTE & HOLANDA SOCIEDADE DE ADVOGADOS,42.054.947/0001-25,0,"Resolução Normativa nº 62/2013, Art. 6º, Inciso IV",,10000.0
2026,120/2026,118/2026,MENDONÇA ASSESSORIA EMPRESARIAL LTDA,41.984.749/0001-06,0,"Resolução Normativa nº 62/2013, Art. 6º, Inciso IV",,7000.0
2026,120/2026,118/2026,URBANISMO SERVIÇOS E EVENTOS LTDA,18.445.567/0001-37,0,"Resolução Normativa nº 62/2013, Art. 6º, Inciso V",,8000.0
2026,121/2026,119/2026,ATALO FERNANDES DE ARAUJO PESSOA JUNIOR SOCIEDADE INDIVIDUAL,64.154.542/0001-00,0,"Resolução Normativa nº 62/2013, Art. 6º, Inciso IV",,6250.0
2026,121/2026,119/2026,ELECT MARKETING LTDA,51.352.934/0001-23,0,"Resolução Normativa nº 62/2013, Art. 6º, Inciso V",,12500.0
2026,121/2026,119/2026,"PIRES, FERREIRA E LIMA SOCIEDADE IND DE ADVOCACIA",58.673.701/0001-71,0,"Resolução Normativa nº 62/2013, Art. 6º, Inciso IV",,6250.0
2026,122/2026,120/2026,EDUARDO SILVA,34.031.466/0001-76,0,"Resolução Normativa nº 62/2013, Art. 6º, Inciso IV",,12500.0
2026,122/2026,120/2026,PORTAL NOTICIA DIRETA LTDA,59.788.319/0001-76,0,"Resolução Normativa nº 62/2013, Art. 6º, Inciso V",,12500.0
2026,123/2026,121/2026,RAMOS E MACHADO LTDA ME,33.144.591/0001-20,0,"Resolução Normativa nº 62/2013, Art. 6º, Inciso IV",,8600.0
2026,123/2026,121/2026,CARVALHO E OLIVEIRA - ADVOGADOS E ASSOCIADOS,10.791.215/0001-21,0,"Resolução Normativa nº 62/2013, Art. 6º, Inciso IV",,8600.0
2026,123/2026,121/2026,LÍDER CONTABILIDADE E CERTIFICADO DIGITAL,46.422.835/0001-30,0,"Resolução Normativa nº 62/2013, Art. 6º, Inciso IV",,7500.0
2026,124/2026,122/2026,MASTER CONTABILIDADE E SERVIÇOS LTDA,58.865.666/0001-92,0,"Resolução Normativa nº 62/2013, Art. 6º, Inciso IV",,5000.0
2026,124/2026,122/2026,VASCONCELOS & VASCONCELOS SOCIEDADE DE ADVOGADOS,64.645.066/0001-11,0,"Resolução Normativa nº 62/2013, Art. 6º, Inciso IV",,8000.0
2026,124/2026,122/2026,ZION -COMUNICACAO & ESTRATEGIA LTDA,13.097.115/0001-98,0,"Resolução Normativa nº 62/2013, Art. 6º, Inciso V",,12000.0
2026,125/2026,123/2026,LISIA GOMES ALEXANDRE DE SOUZA,53.103.074/0001-10,0,"Resolução Normativa nº 62/2013, Art. 6º, Inciso V",,7300.0
2026,125/2026,123/2026,M. DE F. DA SILVA ARAUJO,15.510.740/0001-45,0,"Resolução Normativa nº 62/2013, Art. 6º, Inciso IV",,7100.0
2026,125/2026,123/2026,VIVIANE ALVES SOCIEDADE DE ADVOCACIA,57.034.475/0001-16,0,"Resolução Normativa nº 62/2013, Art. 6º, Inciso IV",,10600.0
2026,126/2026,125/2026,B DE M DOS SANTOS BS GESTAO CONTABIL,61.895.925/0001-32,0,"Resolução Normativa nº 62/2013, Art. 6º, Inciso IV",,6250.0
2026,126/2026,125/2026,DJENANE RIBEIRO PEREIRA ASSIS,,1,"Resolução Normativa nº 62/2013, Art. 6º, Inciso IV",,12000.0
2026,126/2026,125/2026,R A DE O PEREIRA CONECTHE GESTAO,60.587.365/0001-96,0,"Resolução Normativa nº 62/2013, Art. 6º, Inciso V",,6750.0
2026,127/2026,124/2026,MENESES E LEAL ADVOCACIA E CONSULTORIA,58.842.671/0001-80,0,"Resolução Normativa nº 62/2013, Art. 6º, Inciso IV",,12500.0
2026,127/2026,124/2026,SOLUCAO VISUAL LTDA,64.757.697/0001-22,0,"Resolução Normativa nº 62/2013, Art. 6º, Inciso V",,12500.0
2026,128/2026,126/2026,OLENIR ROSA DE MACEDO SOARES,,1,"Resolução Normativa nº 62/2013, Art. 6º, Inciso IV",,6000.0
2026,128/2026,126/2026,RENATO LUCAS VIEIRA DA SILVA,,1,"Resolução Normativa nº 62/2013, Art. 6º, Inciso IV",,12000.0
2026,128/2026,126/2026,RUBEM MAGALHÃES MENESES,,1,"Resolução Normativa nº 62/2013, Art. 6º, Inciso IV",,7000.0
2026,129/2026,127/2026,EUCHERLIS TEIXEIRA SOCIEDADE INDV DE ADOCACIA,59.842.391/0001-34,0,"Resolução Normativa nº 62/2013, Art. 6º, Inciso IV",,10500.0
2026,129/2026,127/2026,F T GOMES DA SILVA,59.058.740/0001-21,0,"Resolução Normativa nº 62/2013, Art. 6º, Inciso IV",,7000.0
2026,129/2026,127/2026,IT PRODUCOES LTDA,41.174.419/0001-47,0,"Resolução Normativa nº 62/2013, Art. 6º, Inciso V",,7500.0
2026,130/2026,128/2026,JOELSON LENILSON OLIVEIRA BATISTA,62.024.026/0001-27,0,"Resolução Normativa nº 62/2013, Art. 6º, Inciso V",,9000.0
2026,130/2026,128/2026,QSN EMPREENDIMENTOS LTDA,45.951.080/0001-07,0,"Resolução Normativa nº 62/2013, Art. 6º, Inciso II",,8000.0
2026,130/2026,128/2026,RAFAEL CAVALCANTI BEZERRA,21.603.479/0001-20,0,"Resolução Normativa nº 62/2013, Art. 6º, Inciso IV",,8000.0
2026,131/2026,129/2026,ATEVALDO LOPES CARNEIRO SOCIEDADE INDIVIDUAL DE ADVOCACIA,39.522.462/0001-04,0,"Resolução Normativa nº 62/2013, Art. 6º, Inciso IV",,12000.0
2026,131/2026,129/2026,CELSO EDUARDO COMERCIO SERVIÇO LTDA,05.248.304/0001-96,0,"Resolução Normativa nº 62/2013, Art. 6º, Inciso IV",,7000.0
2026,131/2026,129/2026,SENTRA DISTRIBUIDORA E SERVIÇO,13.170.806/0001-70,0,"Resolução Normativa nº 62/2013, Art. 6º, Inciso II",,6000.0
2026,132/2026,130/2026,DÁRIO BISPO CIA,54.533.136/0001-96,0,"Resolução Normativa nº 62/2013, Art. 6º, Inciso IV",,5000.0
2026,132/2026,130/2026,DIVINO MOREIRA MENDES NEТО,06.082.433/0001-10,0,"Resolução Normativa nº 62/2013, Art. 6º, Inciso IV",,11500.0
2026,132/2026,130/2026,JACKSON DE MOURA GONCALVES JUNIOR,58.753.882/0001-46,0,"Resolução Normativa nº 62/2013, Art. 6º, Inciso V",,8500.0
2026,133/2026,131/2026,AVANCE DIGITAL,51.430.500/0001-02,0,"Resolução Normativa nº 62/2013, Art. 6º, Inciso V",,4000.0
2026,133/2026,131/2026,CAPITAL SERVIÇOS LTDA.,11.208.910/0001-80,0,"Resolução Normativa nº 62/2013, Art. 6º, Inciso II",,12500.0
2026,133/2026,131/2026,PEDRO HENRIQUE FREITAS SOCIEDADE INDIVIDUAL DE ADVOCACIA,57.388.672/0001-33,0,"Resolução Normativa nº 62/2013, Art. 6º, Inciso IV",,8500.0
2026,134/2026,132/2026,VICTORY FILMS,37.457.323/0001-19,0,"Resolução Normativa nº 62/2013, Art. 6º, Inciso V",,3500.0
2026,134/2026,132/2026,CARLOS YURY ARAUJO DE MORAIS SOCIEDADE INDIVIDUAL DE ADVOCAC,26.981.460/0001-31,0,"Resolução Normativa nº 62/2013, Art. 6º, Inciso IV",,8000.0
2026,134/2026,132/2026,FF CONSULTORIA E AUDITORIA LTDA,26.171.508/0001-46,0,"Resolução Normativa nº 62/2013, Art. 6º, Inciso IV",,5000.0
2026,134/2026,132/2026,M. F. LIMA CARNEIRO LTDA E VCIA EPP,04.626.774/0001-83,0,"Resolução Normativa nº 62/2013, Art. 6º, Inciso II",,8500.0
2026,135/2026,133/2026,GWR SILVA CONTABILIDADE E CONSULTORIA,33.650.479/0001-60,0,"Resolução Normativa nº 62/2013, Art. 6º, Inciso IV",,7000.0
2026,135/2026,133/2026,JOAO MAGALHAES CARVALHO,54.214.890/0001-63,0,"Resolução Normativa nº 62/2013, Art. 6º, Inciso IV",,11000.0
2026,135/2026,133/2026,MARIA EUGENIA MARQUES SOCIEDADE INDIVIDUAL DE ADVOCACIA,61.431.648/0001-07,0,"Resolução Normativa nº 62/2013, Art. 6º, Inciso IV",,7000.0
2026,136/2026,134/2026,BRENO MACEDO SOCIEDADE INDIVIDUAL DE ADVOCACIA,41.725.928/0001-10,0,"Resolução Normativa nº 62/2013, Art. 6º, Inciso IV",,9000.0
2026,136/2026,134/2026,CELSO EDUARDO COMERCIO SERVIÇO LTDA,05.248.304/0001-96,0,"Resolução Normativa nº 62/2013, Art. 6º, Inciso IV",,10000.0
2026,136/2026,134/2026,NATANAEL R. DE ASSIS EIRELI,00.633.937/0001-02,0,"Resolução Normativa nº 62/2013, Art. 6º, Inciso II",,6000.0
2026,137/2026,135/2026,ELISANGELA PEGADO ANDRADE FEITOSA,,1,"Resolução Normativa nº 62/2013, Art. 6º, Inciso IV",,6800.0
2026,137/2026,135/2026,GLEYSSON MOURA DA SILVA,11.195.416/0001-29,0,"Resolução Normativa nº 62/2013, Art. 6º, Inciso V",,4000.0
2026,137/2026,135/2026,MARCUS VINICIUS MEDEIROS OLIVEIRA,,1,"Resolução Normativa nº 62/2013, Art. 6º, Inciso IV",,7900.0
2026,137/2026,135/2026,MARIA NANCY GOMES DE CARVALHO,,1,"Resolução Normativa nº 62/2013, Art. 6º, Inciso IV",,6000.0
2026,138/2026,136/2026,RAFAEL NEIVA NUNES DO REGO SOCIEDADE INDIVIDUAL DE ADVOCACIA,11.410.592/0001-36,0,"Resolução Normativa nº 62/2013, Art. 6º, Inciso IV",,6000.0
2026,138/2026,136/2026,MDP COMUNICAÇÃO LTDA,32.635.234/0001-00,0,"Resolução Normativa nº 62/2013, Art. 6º, Inciso IV",,6000.0
2026,138/2026,136/2026,SOFTWARE INFOASSESSOR.COM.BR,35.748.629/0001-07,0,"Resolução Normativa nº 62/2013, Art. 6º, Inciso IX",,590.0
2026,138/2026,136/2026,PIAUI LOCAÇÕES DE VEÍCULOS E TRANSPORTE ESCOLAR LTDA,36.731.367/0001-22,0,"Resolução Normativa nº 62/2013, Art. 6º, Inciso II",,12410.0
2026,139/2026,137/2026,JOAQUIM LUCAS GUIMARAES FLORO,,1,"Resolução Normativa nº 62/2013, Art. 6º, Inciso IV",,6000.0
2026,139/2026,137/2026,JOSE HELIO LUCIO DA SILVA FILHO,33.243.298/0001-10,0,"Resolução Normativa nº 62/2013, Art. 6º, Inciso IV",,11000.0
2026,139/2026,137/2026,EMPRESA PLUG PROPAGANDA & MARKETING LTDA,07.484.108/0001-46,0,"Resolução Normativa nº 62/2013, Art. 6º, Inciso V",,8000.0
2026,140/2026,138/2026,46.029.621 THAIS EDUARDA VILARINHO ALVES,46.029.621/0001-07,0,"Resolução Normativa nº 62/2013, Art. 6º, Inciso IV",,10000.0
2026,140/2026,138/2026,CAVALCANTE & HOLANDA SOCIEDADE DE ADVOGADOS,42.054.947/0001-25,0,"Resolução Normativa nº 62/2013, Art. 6º, Inciso IV",,10000.0
2026,140/2026,138/2026,TARSO DE NORONHA PESSOA,,1,"Resolução Normativa nº 62/2013, Art. 6º, Inciso IV",,5000.0
2026,141/2026,140/2026,MARCOS MACIEL BATISTA DE SOUSA SOCIEDAE INDIVIDUAL DE ADVOCA,39.300.408/0001-14,0,"Resolução Normativa nº 62/2013, Art. 6º, Inciso IV",,12500.0
2026,141/2026,140/2026,URBANISMO SERVIÇOS E EVENTOS LTDA,18.445.567/0001-37,0,"Resolução Normativa nº 62/2013, Art. 6º, Inciso V",,12500.0
2026,142/2026,141/2026,COSTA & BRITO COMUNICAÇÃO LTDA ME,15.009.045/0001-02,0,"Resolução Normativa nº 62/2013, Art. 6º, Inciso V",,5000.0
2026,142/2026,141/2026,EULALIO OLIVEIRA SOCIEDADE INDIVIDUAL DE ADVOCACIA,56.343.268/0001-80,0,"Resolução Normativa nº 62/2013, Art. 6º, Inciso IV",,8000.0
2026,142/2026,141/2026,M. DE F. DA SILVA ARAUJO,15.510.740/0001-45,0,"Resolução Normativa nº 62/2013, Art. 6º, Inciso IV",,12000.0
2026,143/2026,142/2026,ALISSON FARIAS SOCIEDADE INDIVIDUAL DE ADVOCACIA,41.573.272/0001-68,0,"Resolução Normativa nº 62/2013, Art. 6º, Inciso IV",,12500.0
2026,143/2026,142/2026,EURIPEDES BEZERRA FEITOSA FILHO - EFCON,39.550.287/0001-69,0,"Resolução Normativa nº 62/2013, Art. 6º, Inciso IV",,12500.0
2026,144/2026,144/2026,40.276.965 EDGAR RESPLANDES DE CARVALHO,40.276.965/0001-26,0,"Resolução Normativa nº 62/2013, Art. 6º, Inciso V",,12500.0
2026,144/2026,144/2026,FRANCISCO DAS C DOS SANTOS,51.158.583/0001-14,0,"Resolução Normativa nº 62/2013, Art. 6º, Inciso II",,12500.0
2026,182/2026,188/2026,B DE M DOS SANTOS BS GESTAO CONTABIL,61.895.925/0001-32,0,"Resolução Normativa nº 62/2013, Art. 6º, Inciso IV",,6250.0
2026,182/2026,188/2026,DJENANE RIBEIRO PEREIRA ASSIS,,1,"Resolução Normativa nº 62/2013, Art. 6º, Inciso IV",,12000.0
2026,182/2026,188/2026,R A DE O PEREIRA CONECTHE GESTAO,60.587.365/0001-96,0,"Resolução Normativa nº 62/2013, Art. 6º, Inciso V",,6750.0
2026,183/2026,189/2026,ATALO FERNANDES DE ARAUJO PESSOA JUNIOR SOCIEDADE INDIVIDUAL,64.154.542/0001-00,0,"Resolução Normativa nº 62/2013, Art. 6º, Inciso IV",,6250.0
2026,183/2026,189/2026,ELECT MARKETING LTDA,51.352.934/0001-23,0,"Resolução Normativa nº 62/2013, Art. 6º, Inciso V",,12500.0
2026,183/2026,189/2026,"PIRES, FERREIRA E LIMA SOCIEDADE IND DE ADVOCACIA",58.673.701/0001-71,0,"Resolução Normativa nº 62/2013, Art. 6º, Inciso IV",,6250.0
2026,190/2026,190/2026,GEORGIA NUNES ADVOGADOS ASSOCIADOS,10.750.754/0001-12,0,"Resolução Normativa nº 62/2013, Art. 6º, Inciso IV",,10000.0
2026,190/2026,190/2026,GWR SILVA CONTABILIDADE E CONSULTORIA,33.650.479/0001-60,0,"Resolução Normativa nº 62/2013, Art. 6º, Inciso IV",,8000.0
2026,190/2026,190/2026,SOCIAL COMUNICAÇÃO & JORNALISMO LTDA ME,22.145.313/0001-70,0,"Resolução Normativa nº 62/2013, Art. 6º, Inciso V",,7000.0
2026,193/2026,191/2026,MENESES E LEAL ADVOCACIA E CONSULTORIA,58.842.671/0001-80,0,"Resolução Normativa nº 62/2013, Art. 6º, Inciso IV",,12500.0
2026,193/2026,191/2026,SOLUCAO VISUAL LTDA,64.757.697/0001-22,0,"Resolução Normativa nº 62/2013, Art. 6º, Inciso V",,12500.0
2026,194/2026,192/2026,VICTORY FILMS,37.457.323/0001-19,0,"Resolução Normativa nº 62/2013, Art. 6º, Inciso V",,3500.0
2026,194/2026,192/2026,CARLOS YURY ARAUJO DE MORAIS SOCIEDADE INDIVIDUAL DE ADVOCAC,26.981.460/0001-31,0,"Resolução Normativa nº 62/2013, Art. 6º, Inciso IV",,8000.0
2026,194/2026,192/2026,M. F. LIMA CARNEIRO LTDA E VCIA EPP,04.626.774/0001-83,0,"Resolução Normativa nº 62/2013, Art. 6º, Inciso II",,8500.0
2026,194/2026,192/2026,FF CONSULTORIA E AUDITORIA LTDA,26.171.508/0001-46,0,"Resolução Normativa nº 62/2013, Art. 6º, Inciso IV",,5000.0
2026,195/2026,193/2026,EUCHERLIS TEIXEIRA SOCIEDADE INDV DE ADOCACIA,59.842.391/0001-34,0,"Resolução Normativa nº 62/2013, Art. 6º, Inciso IV",,10500.0
2026,195/2026,193/2026,F T GOMES DA SILVA,59.058.740/0001-21,0,"Resolução Normativa nº 62/2013, Art. 6º, Inciso IV",,7000.0
2026,195/2026,193/2026,IT PRODUCOES LTDA,41.174.419/0001-47,0,"Resolução Normativa nº 62/2013, Art. 6º, Inciso V",,7500.0
2026,196/2026,194/2026,LÍDER CONTABILIDADE E CERTIFICADO DIGITAL,46.422.835/0001-30,0,"Resolução Normativa nº 62/2013, Art. 6º, Inciso IV",,7500.0
2026,196/2026,194/2026,RAMOS E MACHADO LTDA ME,33.144.591/0001-20,0,"Resolução Normativa nº 62/2013, Art. 6º, Inciso V",,8600.0
2026,196/2026,194/2026,CARVALHO E OLIVEIRA - ADVOGADOS E ASSOCIADOS,10.791.215/0001-21,0,"Resolução Normativa nº 62/2013, Art. 6º, Inciso IV",,8600.0
2026,197/2026,195/2026,MAURICIO DE LACERDA ALMEIDA NETO,,1,"Resolução Normativa nº 62/2013, Art. 6º, Inciso IV",,6500.0
2026,197/2026,195/2026,PAULO NASCIMENTO DE ARAUJO,,1,"Resolução Normativa nº 62/2013, Art. 6º, Inciso IV",,6000.0
2026,197/2026,195/2026,R M MALAQUIAS SERVICOS COMBINADOS,11.852.887/0001-62,0,"Resolução Normativa nº 62/2013, Art. 6º, Inciso IV",,12500.0
2026,198/2026,196/2026,PEDRO HENRIQUE FREITAS SOCIEDADE INDIVIDUAL DE ADVOCACIA,57.388.672/0001-33,0,"Resolução Normativa nº 62/2013, Art. 6º, Inciso IV",,8500.0
2026,198/2026,196/2026,AVANCE DIGITAL,51.430.500/0001-02,0,"Resolução Normativa nº 62/2013, Art. 6º, Inciso V",,4000.0
2026,198/2026,196/2026,CAPITAL SERVIÇOS LTDA.,11.208.910/0001-80,0,"Resolução Normativa nº 62/2013, Art. 6º, Inciso II",,12500.0
2026,199/2026,197/2026,RAFAEL NEIVA NUNES DO REGO SOCIEDADE INDIVIDUAL DE ADVOCACIA,11.410.592/0001-36,0,"Resolução Normativa nº 62/2013, Art. 6º, Inciso IV",,6000.0
2026,199/2026,197/2026,MDP COMUNICAÇÃO LTDA,32.635.234/0001-00,0,"Resolução Normativa nº 62/2013, Art. 6º, Inciso V",,6000.0
2026,199/2026,197/2026,SOFTWARE INFOASSESSOR.COM.BR,35.748.629/0001-07,0,"Resolução Normativa nº 62/2013, Art. 6º, Inciso IX",,590.0
2026,199/2026,197/2026,PIAUI LOCAÇÕES DE VEÍCULOS E TRANSPORTE ESCOLAR LTDA,36.731.367/0001-22,0,"Resolução Normativa nº 62/2013, Art. 6º, Inciso II",,12410.0
2026,200/2026,199/2026,ALMEIDA E BANDEIRA ADVOGADOS ASSOCIADOS,16.750.540/0001-22,0,"Resolução Normativa nº 62/2013, Art. 6º, Inciso IV",,12500.0
2026,200/2026,199/2026,DAVID CUNHA CARVALHO,,1,"Resolução Normativa nº 62/2013, Art. 6º, Inciso V",,4000.0
2026,200/2026,199/2026,M. F. LIMA CARNEIRO LTDA E VCIA EPP,04.626.774/0001-83,0,"Resolução Normativa nº 62/2013, Art. 6º, Inciso II",,8500.0
2026,201/2026,198/2026,NATANAEL R. DE ASSIS EIRELI,00.633.937/0001-02,0,"Resolução Normativa nº 62/2013, Art. 6º, Inciso II",,6000.0
2026,201/2026,198/2026,BRENO MACEDO SOCIEDADE INDIVIDUAL DE ADVOCACIA,41.725.928/0001-10,0,"Resolução Normativa nº 62/2013, Art. 6º, Inciso IV",,9000.0
2026,201/2026,198/2026,CELSO EDUARDO COMERCIO SERVIÇO LTDA,05.248.304/0001-96,0,"Resolução Normativa nº 62/2013, Art. 6º, Inciso V",,10000.0
2026,202/2026,200/2026,EDUARDO SILVA,34.031.466/0001-76,0,"Resolução Normativa nº 62/2013, Art. 6º, Inciso IV",,12500.0
2026,202/2026,200/2026,PORTAL NOTICIA DIRETA LTDA,59.788.319/0001-76,0,"Resolução Normativa nº 62/2013, Art. 6º, Inciso V",,12500.0
2026,203/2026,201/2026,JOAQUIM LUCAS GUIMARAES FLORO,,1,"Resolução Normativa nº 62/2013, Art. 6º, Inciso IV",,6000.0
2026,203/2026,201/2026,JOSE HELIO LUCIO DA SILVA FILHO,33.243.298/0001-10,0,"Resolução Normativa nº 62/2013, Art. 6º, Inciso IV",,11000.0
2026,203/2026,201/2026,EMPRESA PLUG PROPAGANDA & MARKETING LTDA,07.484.108/0001-46,0,"Resolução Normativa nº 62/2013, Art. 6º, Inciso V",,8000.0
2026,204/2026,202/2026,GWR SILVA CONTABILIDADE E CONSULTORIA,33.650.479/0001-60,0,"Resolução Normativa nº 62/2013, Art. 6º, Inciso IV",,7000.0
2026,204/2026,202/2026,JOAO MAGALHAES CARVALHO,54.214.890/0001-63,0,"Resolução Normativa nº 62/2013, Art. 6º, Inciso IV",,11000.0
2026,204/2026,202/2026,MARIA EUGENIA MARQUES SOCIEDADE INDIVIDUAL DE ADVOCACIA,61.431.648/0001-07,0,"Resolução Normativa nº 62/2013, Art. 6º, Inciso IV",,7000.0
2026,207/2026,203/2026,CAVALCANTE & HOLANDA SOCIEDADE DE ADVOGADOS,42.054.947/0001-25,0,"Resolução Normativa nº 62/2013, Art. 6º, Inciso IV",,10000.0
2026,207/2026,203/2026,MENDONÇA ASSESSORIA EMPRESARIAL LTDA,41.984.749/0001-06,0,"Resolução Normativa nº 62/2013, Art. 6º, Inciso IV",,7000.0
2026,207/2026,203/2026,URBANISMO SERVIÇOS E EVENTOS LTDA,18.445.567/0001-37,0,"Resolução Normativa nº 62/2013, Art. 6º, Inciso V",,8000.0
2026,209/2026,204/2026,DÁRIO BISPO CIA,54.533.136/0001-96,0,"Resolução Normativa nº 62/2013, Art. 6º, Inciso IV",,5000.0
2026,209/2026,204/2026,DIVINO MOREIRA MENDES NEТО,06.082.433/0001-10,0,"Resolução Normativa nº 62/2013, Art. 6º, Inciso IV",,11500.0
2026,209/2026,204/2026,JACKSON DE MOURA GONCALVES JUNIOR,58.753.882/0001-46,0,"Resolução Normativa nº 62/2013, Art. 6º, Inciso IV",,8500.0
2026,211/2026,205/2026,ATEVALDO LOPES CARNEIRO SOCIEDADE INDIVIDUAL DE ADVOCACIA,39.522.462/0001-04,0,"Resolução Normativa nº 62/2013, Art. 6º, Inciso IV",,12000.0
2026,211/2026,205/2026,CELSO EDUARDO COMERCIO SERVIÇO LTDA,05.248.304/0001-96,0,"Resolução Normativa nº 62/2013, Art. 6º, Inciso V",,7000.0
2026,211/2026,205/2026,SENTRA DISTRIBUIDORA E SERVIÇO,13.170.806/0001-70,0,"Resolução Normativa nº 62/2013, Art. 6º, Inciso II",,6000.0
2026,211/2026,205/2026,ATEVALDO LOPES CARNEIRO SOCIEDADE INDIVIDUAL DE ADVOCACIA,39.522.462/0001-04,0,"Resolução Normativa nº 62/2013, Art. 6º, Inciso IV",,12000.0
2026,212/2026,206/2026,JOELSON LENILSON OLIVEIRA BATISTA,62.024.026/0001-27,0,"Resolução Normativa nº 62/2013, Art. 6º, Inciso V",,9000.0
2026,212/2026,206/2026,QSN EMPREENDIMENTOS LTDA,45.951.080/0001-07,0,"Resolução Normativa nº 62/2013, Art. 6º, Inciso II",,8000.0
2026,212/2026,206/2026,RAFAEL CAVALCANTI BEZERRA,21.603.479/0001-20,0,"Resolução Normativa nº 62/2013, Art. 6º, Inciso IV",,8000.0
2026,213/2026,207/2026,MASTER CONTABILIDADE E SERVIÇOS LTDA,58.865.666/0001-92,0,"Resolução Normativa nº 62/2013, Art. 6º, Inciso IV",,5000.0
2026,213/2026,207/2026,VASCONCELOS & VASCONCELOS SOCIEDADE DE ADVOGADOS,64.645.066/0001-11,0,"Resolução Normativa nº 62/2013, Art. 6º, Inciso IV",,8000.0
2026,213/2026,207/2026,ZION -COMUNICACAO & ESTRATEGIA LTDA,13.097.115/0001-98,0,"Resolução Normativa nº 62/2013, Art. 6º, Inciso V",,12000.0
2026,214/2026,208/2026,COSTA & BRITO COMUNICAÇÃO LTDA ME,15.009.045/0001-02,0,"Resolução Normativa nº 62/2013, Art. 6º, Inciso V",,5000.0
2026,214/2026,208/2026,EULALIO OLIVEIRA SOCIEDADE INDIVIDUAL DE ADVOCACIA,56.343.268/0001-80,0,"Resolução Normativa nº 62/2013, Art. 6º, Inciso IV",,8000.0
2026,214/2026,208/2026,M. DE F. DA SILVA ARAUJO,15.510.740/0001-45,0,"Resolução Normativa nº 62/2013, Art. 6º, Inciso IV",,12000.0
2026,215/2026,209/2026,LISIA GOMES ALEXANDRE DE SOUZA,53.103.074/0001-10,0,"Resolução Normativa nº 62/2013, Art. 6º, Inciso V",,7300.0
2026,215/2026,209/2026,M. DE F. DA SILVA ARAUJO,15.510.740/0001-45,0,"Resolução Normativa nº 62/2013, Art. 6º, Inciso IV",,7100.0
2026,215/2026,209/2026,VIVIANE ALVES SOCIEDADE DE ADVOCACIA,57.034.475/0001-16,0,"Resolução Normativa nº 62/2013, Art. 6º, Inciso IV",,10600.0
2026,216/2026,210/2026,ELISANGELA PEGADO ANDRADE FEITOSA,,1,"Resolução Normativa nº 62/2013, Art. 6º, Inciso V",,6800.0
2026,216/2026,210/2026,GLEYSSON MOURA DA SILVA,11.195.416/0001-29,0,"Resolução Normativa nº 62/2013, Art. 6º, Inciso IV",,4000.0
2026,216/2026,210/2026,MARCUS VINICIUS MEDEIROS OLIVEIRA,,1,"Resolução Normativa nº 62/2013, Art. 6º, Inciso IV",,7900.0
2026,216/2026,210/2026,MARIA NANCY GOMES DE CARVALHO,,1,"Resolução Normativa nº 62/2013, Art. 6º, Inciso IV",,6000.0
2026,217/2026,211/2026,JOSEFA GEOVANA NUNES COSTA,,1,"Resolução Normativa nº 62/2013, Art. 6º, Inciso V",,6000.0
2026,217/2026,211/2026,MARCOS MACIEL BATISTA DE SOUSA SOCIEDAE INDIVIDUAL DE ADVOCA,39.300.408/0001-14,0,"Resolução Normativa nº 62/2013, Art. 6º, Inciso IV",,12000.0
2026,217/2026,211/2026,MIRANDAS ASSOCIADOS CONTABILIDADE,18.816.149/0001-09,0,"Resolução Normativa nº 62/2013, Art. 6º, Inciso IV",,7000.0
2026,218/2026,212/2026,ALISSON FARIAS SOCIEDADE INDIVIDUAL DE ADVOCACIA,41.573.272/0001-68,0,"Resolução Normativa nº 62/2013, Art. 6º, Inciso IV",,12500.0
2026,218/2026,212/2026,EURIPEDES BEZERRA FEITOSA FILHO - EFCON,39.550.287/0001-69,0,"Resolução Normativa nº 62/2013, Art. 6º, Inciso IV",,12500.0
2026,219/2026,213/2026,40.276.965 EDGAR RESPLANDES DE CARVALHO,40.276.965/0001-26,0,"Resolução Normativa nº 62/2013, Art. 6º, Inciso V",,12500.0
2026,219/2026,213/2026,FRANCISCO DAS C DOS SANTOS,51.158.583/0001-14,0,"Resolução Normativa nº 62/2013, Art. 6º, Inciso II",,12500.0
2026,220/2026,214/2026,46.029.621 THAIS EDUARDA VILARINHO ALVES,46.029.621/0001-07,0,"Resolução Normativa nº 62/2013, Art. 6º, Inciso V",,10000.0
2026,220/2026,214/2026,GILBERTO HOLANDA SOCIEDADE INDIVIDUAL DE ADVOCACIA,65.619.328/0001-36,0,"Resolução Normativa nº 62/2013, Art. 6º, Inciso IV",,10000.0
2026,220/2026,214/2026,TARSO DE NORONHA PESSOA,,1,"Resolução Normativa nº 62/2013, Art. 6º, Inciso IV",,5000.0
2026,221/2026,215/2026,OLENIR ROSA DE MACEDO SOARES,,1,"Resolução Normativa nº 62/2013, Art. 6º, Inciso IV",,6000.0
2026,221/2026,215/2026,RENATO LUCAS VIEIRA DA SILVA,,1,"Resolução Normativa nº 62/2013, Art. 6º, Inciso IV",,12000.0
2026,221/2026,215/2026,RUBEM MAGALHÃES MENESES,,1,"Resolução Normativa nº 62/2013, Art. 6º, Inciso V",,7000.0
2026,222/2026,216/2026,MARCOS MACIEL BATISTA DE SOUSA SOCIEDAE INDIVIDUAL DE ADVOCA,39.300.408/0001-14,0,"Resolução Normativa nº 62/2013, Art. 6º, Inciso IV",,12500.0
2026,222/2026,216/2026,URBANISMO SERVIÇOS E EVENTOS LTDA,18.445.567/0001-37,0,"Resolução Normativa nº 62/2013, Art. 6º, Inciso V",,12500.0
2026,252/2026,551/2026,R M MALAQUIAS SERVICOS COMBINADOS,11.852.887/0001-62,0,"Resolução Normativa nº 62/2013, Art. 6º, Inciso IV",,12500.0
2026,252/2026,551/2026,PAULO NASCIMENTO DE ARAUJO,,1,"Resolução Normativa nº 62/2013, Art. 6º, Inciso IV",,6000.0
2026,252/2026,551/2026,MAURICIO DE LACERDA ALMEIDA NETO,,1,"Resolução Normativa nº 62/2013, Art. 6º, Inciso IV",,6500.0
2026,295/2026,289/2026,MARIA EUGENIA MARQUES SOCIEDADE INDIVIDUAL DE ADVOCACIA,61.431.648/0001-07,0,"Resolução Normativa nº 62/2013, Art. 6º, Inciso IV",,12500.0
2026,295/2026,289/2026,PORTAL NOTICIA DIRETA LTDA,59.788.319/0001-76,0,"Resolução Normativa nº 62/2013, Art. 6º, Inciso V",,12500.0
2026,296/2026,290/2026,RAFAEL NEIVA NUNES DO REGO SOCIEDADE INDIVIDUAL DE ADVOCACIA,11.410.592/0001-36,0,"Resolução Normativa nº 62/2013, Art. 6º, Inciso IV",,6000.0
2026,296/2026,290/2026,MDP COMUNICAÇÃO LTDA,32.635.234/0001-00,0,"Resolução Normativa nº 62/2013, Art. 6º, Inciso V",,6000.0
2026,296/2026,290/2026,SOFTWARE INFOASSESSOR.COM.BR,35.748.629/0001-07,0,"Resolução Normativa nº 62/2013, Art. 6º, Inciso IX",,590.0
2026,296/2026,290/2026,PIAUI LOCAÇÕES DE VEÍCULOS E TRANSPORTE ESCOLAR LTDA,36.731.367/0001-22,0,"Resolução Normativa nº 62/2013, Art. 6º, Inciso II",,12410.0
2026,297/2026,291/2026,VICTORY FILMS,37.457.323/0001-19,0,"Resolução Normativa nº 62/2013, Art. 6º, Inciso V",,3500.0
2026,297/2026,291/2026,CARLOS YURY ARAUJO DE MORAIS SOCIEDADE INDIVIDUAL DE ADVOCAC,26.981.460/0001-31,0,"Resolução Normativa nº 62/2013, Art. 6º, Inciso IV",,8000.0
2026,297/2026,291/2026,FF CONSULTORIA E AUDITORIA LTDA,26.171.508/0001-46,0,"Resolução Normativa nº 62/2013, Art. 6º, Inciso IV",,5000.0
2026,297/2026,291/2026,M. F. LIMA CARNEIRO LTDA E VCIA EPP,04.626.774/0001-83,0,"Resolução Normativa nº 62/2013, Art. 6º, Inciso II",,8500.0
2026,298/2026,292/2026,ATALO FERNANDES DE ARAUJO PESSOA JUNIOR SOCIEDADE INDIVIDUAL,64.154.542/0001-00,0,"Resolução Normativa nº 62/2013, Art. 6º, Inciso IV",,6250.0
2026,298/2026,292/2026,ELECT MARKETING LTDA,51.352.934/0001-23,0,"Resolução Normativa nº 62/2013, Art. 6º, Inciso V",,12500.0
2026,298/2026,292/2026,"PIRES, FERREIRA E LIMA SOCIEDADE IND DE ADVOCACIA",58.673.701/0001-71,0,"Resolução Normativa nº 62/2013, Art. 6º, Inciso IV",,6250.0
2026,299/2026,293/2026,B DE M DOS SANTOS BS GESTAO CONTABIL,61.895.925/0001-32,0,"Resolução Normativa nº 62/2013, Art. 6º, Inciso IV",,6250.0
2026,299/2026,293/2026,DJENANE RIBEIRO PEREIRA ASSIS,,1,"Resolução Normativa nº 62/2013, Art. 6º, Inciso IV",,12000.0
2026,299/2026,293/2026,R A DE O PEREIRA CONECTHE GESTAO,60.587.365/0001-96,0,"Resolução Normativa nº 62/2013, Art. 6º, Inciso V",,6750.0
2026,300/2026,294/2026,JOAQUIM LUCAS GUIMARAES FLORO,,1,"Resolução Normativa nº 62/2013, Art. 6º, Inciso IV",,6000.0
2026,300/2026,294/2026,JOSE HELIO LUCIO DA SILVA FILHO,33.243.298/0001-10,0,"Resolução Normativa nº 62/2013, Art. 6º, Inciso IV",,11000.0
2026,300/2026,294/2026,EMPRESA PLUG PROPAGANDA & MARKETING LTDA,07.484.108/0001-46,0,"Resolução Normativa nº 62/2013, Art. 6º, Inciso V",,8000.0
2026,301/2026,295/2026,ELISANGELA PEGADO ANDRADE FEITOSA,,1,"Resolução Normativa nº 62/2013, Art. 6º, Inciso IV",,6800.0
2026,301/2026,295/2026,GLEYSSON MOURA DA SILVA,11.195.416/0001-29,0,"Resolução Normativa nº 62/2013, Art. 6º, Inciso V",,4000.0
2026,301/2026,295/2026,MARCUS VINICIUS MEDEIROS OLIVEIRA,,1,"Resolução Normativa nº 62/2013, Art. 6º, Inciso IV",,7900.0
2026,301/2026,295/2026,MARIA NANCY GOMES DE CARVALHO,,1,"Resolução Normativa nº 62/2013, Art. 6º, Inciso IV",,6000.0
2026,302/2026,296/2026,46.029.621 THAIS EDUARDA VILARINHO ALVES,46.029.621/0001-07,0,"Resolução Normativa nº 62/2013, Art. 6º, Inciso V",,10000.0
2026,302/2026,296/2026,GILBERTO HOLANDA SOCIEDADE INDIVIDUAL DE ADVOCACIA,65.619.328/0001-36,0,"Resolução Normativa nº 62/2013, Art. 6º, Inciso IV",,10000.0
2026,302/2026,296/2026,TARSO DE NORONHA PESSOA,,1,"Resolução Normativa nº 62/2013, Art. 6º, Inciso V",,5000.0
2026,303/2026,297/2026,JOSEFA GEOVANA NUNES COSTA,,1,"Resolução Normativa nº 62/2013, Art. 6º, Inciso IV",,6000.0
2026,303/2026,297/2026,MARCOS MACIEL BATISTA DE SOUSA SOCIEDAE INDIVIDUAL DE ADVOCA,39.300.408/0001-14,0,"Resolução Normativa nº 62/2013, Art. 6º, Inciso IV",,12000.0
2026,303/2026,297/2026,MIRANDAS ASSOCIADOS CONTABILIDADE,18.816.149/0001-09,0,"Resolução Normativa nº 62/2013, Art. 6º, Inciso IV",,7000.0
2026,304/2026,298/2026,ALISSON FARIAS SOCIEDADE INDIVIDUAL DE ADVOCACIA,41.573.272/0001-68,0,"Resolução Normativa nº 62/2013, Art. 6º, Inciso IV",,12500.0
2026,304/2026,298/2026,EURIPEDES BEZERRA FEITOSA FILHO - EFCON,39.550.287/0001-69,0,"Resolução Normativa nº 62/2013, Art. 6º, Inciso IV",,12500.0
2026,305/2026,299/2026,GEORGIA NUNES ADVOGADOS ASSOCIADOS,10.750.754/0001-12,0,"Resolução Normativa nº 62/2013, Art. 6º, Inciso IV",,10000.0
2026,305/2026,299/2026,GWR SILVA CONTABILIDADE E CONSULTORIA,33.650.479/0001-60,0,"Resolução Normativa nº 62/2013, Art. 6º, Inciso IV",,8000.0
2026,305/2026,299/2026,SOCIAL COMUNICAÇÃO & JORNALISMO LTDA ME,22.145.313/0001-70,0,"Resolução Normativa nº 62/2013, Art. 6º, Inciso V",,7000.0
2026,306/2026,300/2026,GWR SILVA CONTABILIDADE E CONSULTORIA,33.650.479/0001-60,0,"Resolução Normativa nº 62/2013, Art. 6º, Inciso IV",,7000.0
2026,306/2026,300/2026,JOAO MAGALHAES CARVALHO,54.214.890/0001-63,0,"Resolução Normativa nº 62/2013, Art. 6º, Inciso IV",,11000.0
2026,306/2026,300/2026,MARIA EUGENIA MARQUES SOCIEDADE INDIVIDUAL DE ADVOCACIA,61.431.648/0001-07,0,"Resolução Normativa nº 62/2013, Art. 6º, Inciso IV",,7000.0
2026,307/2026,301/2026,ATEVALDO LOPES CARNEIRO SOCIEDADE INDIVIDUAL DE ADVOCACIA,39.522.462/0001-04,0,"Resolução Normativa nº 62/2013, Art. 6º, Inciso IV",,12000.0
2026,307/2026,301/2026,CELSO EDUARDO COMERCIO SERVIÇO LTDA,05.248.304/0001-96,0,"Resolução Normativa nº 62/2013, Art. 6º, Inciso V",,7000.0
2026,307/2026,301/2026,SENTRA DISTRIBUIDORA E SERVIÇO,13.170.806/0001-70,0,"Resolução Normativa nº 62/2013, Art. 6º, Inciso II",,6000.0
2026,308/2026,302/2026,EUCHERLIS TEIXEIRA SOCIEDADE INDV DE ADOCACIA,59.842.391/0001-34,0,"Resolução Normativa nº 62/2013, Art. 6º, Inciso IV",,10500.0
2026,308/2026,302/2026,F T GOMES DA SILVA,59.058.740/0001-21,0,"Resolução Normativa nº 62/2013, Art. 6º, Inciso IV",,7000.0
2026,308/2026,302/2026,IT PRODUCOES LTDA,41.174.419/0001-47,0,"Resolução Normativa nº 62/2013, Art. 6º, Inciso V",,7500.0
2026,309/2026,303/2026,LISIA GOMES ALEXANDRE DE SOUZA,53.103.074/0001-10,0,"Resolução Normativa nº 62/2013, Art. 6º, Inciso V",,7300.0
2026,309/2026,303/2026,M. DE F. DA SILVA ARAUJO,15.510.740/0001-45,0,"Resolução Normativa nº 62/2013, Art. 6º, Inciso IV",,7100.0
2026,309/2026,303/2026,VIVIANE ALVES SOCIEDADE DE ADVOCACIA,57.034.475/0001-16,0,"Resolução Normativa nº 62/2013, Art. 6º, Inciso IV",,10600.0
2026,310/2026,304/2026,ALMEIDA E BANDEIRA ADVOGADOS ASSOCIADOS,16.750.540/0001-22,0,"Resolução Normativa nº 62/2013, Art. 6º, Inciso IV",,12500.0
2026,310/2026,304/2026,DAVID CUNHA CARVALHO,,1,"Resolução Normativa nº 62/2013, Art. 6º, Inciso V",,4000.0
2026,310/2026,304/2026,M. F. LIMA CARNEIRO LTDA E VCIA EPP,04.626.774/0001-83,0,"Resolução Normativa nº 62/2013, Art. 6º, Inciso II",,8500.0
2026,311/2026,305/2026,DÁRIO BISPO CIA,54.533.136/0001-96,0,"Resolução Normativa nº 62/2013, Art. 6º, Inciso IV",,2500.0
2026,311/2026,305/2026,JACKSON DE MOURA GONCALVES JUNIOR,58.753.882/0001-46,0,"Resolução Normativa nº 62/2013, Art. 6º, Inciso V",,3000.0
2026,311/2026,305/2026,A. E. C. B. CAVALCANTI,10.945.452/0001-08,0,"Resolução Normativa nº 62/2013, Art. 6º, Inciso II",,11500.0
2026,311/2026,305/2026,LUCAS RIBEIRO SOCIEDADE INDIVIDUAL DE ADVOCACIA,65.800.747/0001-70,0,"Resolução Normativa nº 62/2013, Art. 6º, Inciso IV",,8000.0
2026,312/2026,306/2026,JOELSON LENILSON OLIVEIRA BATISTA,62.024.026/0001-27,0,"Resolução Normativa nº 62/2013, Art. 6º, Inciso V",,9000.0
2026,312/2026,306/2026,QSN EMPREENDIMENTOS LTDA,45.951.080/0001-07,0,"Resolução Normativa nº 62/2013, Art. 6º, Inciso II",,8000.0
2026,312/2026,306/2026,RAFAEL CAVALCANTI BEZERRA,21.603.479/0001-20,0,"Resolução Normativa nº 62/2013, Art. 6º, Inciso IV",,8000.0
2026,313/2026,308/2026,SOLUCAO VISUAL LTDA,64.757.697/0001-22,0,"Resolução Normativa nº 62/2013, Art. 6º, Inciso IV",,12500.0
2026,313/2026,308/2026,MENESES E LEAL ADVOCACIA E CONSULTORIA,58.842.671/0001-80,0,"Resolução Normativa nº 62/2013, Art. 6º, Inciso IV",,12500.0
2026,314/2026,307/2026,GILBERTO HOLANDA SOCIEDADE INDIVIDUAL DE ADVOCACIA,65.619.328/0001-36,0,"Resolução Normativa nº 62/2013, Art. 6º, Inciso IV",,10000.0
2026,314/2026,307/2026,MENDONÇA ASSESSORIA EMPRESARIAL LTDA,41.984.749/0001-06,0,"Resolução Normativa nº 62/2013, Art. 6º, Inciso IV",,7000.0
2026,314/2026,307/2026,URBANISMO SERVIÇOS E EVENTOS LTDA,18.445.567/0001-37,0,"Resolução Normativa nº 62/2013, Art. 6º, Inciso V",,8000.0
2026,315/2026,309/2026,AVANCE DIGITAL,51.430.500/0001-02,0,"Resolução Normativa nº 62/2013, Art. 6º, Inciso V",,4000.0
2026,315/2026,309/2026,CAPITAL SERVIÇOS LTDA.,11.208.910/0001-80,0,"Resolução Normativa nº 62/2013, Art. 6º, Inciso II",,12500.0
2026,315/2026,309/2026,PEDRO HENRIQUE FREITAS SOCIEDADE INDIVIDUAL DE ADVOCACIA,57.388.672/0001-33,0,"Resolução Normativa nº 62/2013, Art. 6º, Inciso IV",,8500.0
2026,316/2026,310/2026,LÍDER CONTABILIDADE E CERTIFICADO DIGITAL,46.422.835/0001-30,0,"Resolução Normativa nº 62/2013, Art. 6º, Inciso IV",,7500.0
2026,316/2026,310/2026,RAMOS E MACHADO LTDA ME,33.144.591/0001-20,0,"Resolução Normativa nº 62/2013, Art. 6º, Inciso IV",,8600.0
2026,316/2026,310/2026,CARVALHO E OLIVEIRA - ADVOGADOS E ASSOCIADOS,10.791.215/0001-21,0,"Resolução Normativa nº 62/2013, Art. 6º, Inciso IV",,8600.0
2026,317/2026,311/2026,MASTER CONTABILIDADE E SERVIÇOS LTDA,58.865.666/0001-92,0,"Resolução Normativa nº 62/2013, Art. 6º, Inciso IV",,5000.0
2026,317/2026,311/2026,VASCONCELOS & VASCONCELOS SOCIEDADE DE ADVOGADOS,64.645.066/0001-11,0,"Resolução Normativa nº 62/2013, Art. 6º, Inciso IV",,8000.0
2026,317/2026,311/2026,ZION -COMUNICACAO & ESTRATEGIA LTDA,13.097.115/0001-98,0,"Resolução Normativa nº 62/2013, Art. 6º, Inciso V",,12000.0
2026,318/2026,312/2026,NATANAEL R. DE ASSIS EIRELI,00.633.937/0001-02,0,"Resolução Normativa nº 62/2013, Art. 6º, Inciso II",,6000.0
2026,318/2026,312/2026,BRENO MACEDO SOCIEDADE INDIVIDUAL DE ADVOCACIA,41.725.928/0001-10,0,"Resolução Normativa nº 62/2013, Art. 6º, Inciso IV",,9000.0
2026,318/2026,312/2026,CELSO EDUARDO COMERCIO SERVIÇO LTDA,05.248.304/0001-96,0,"Resolução Normativa nº 62/2013, Art. 6º, Inciso V",,10000.0
2026,319/2026,314/2026,OLENIR ROSA DE MACEDO SOARES,,1,"Resolução Normativa nº 62/2013, Art. 6º, Inciso IV",,6000.0
2026,319/2026,314/2026,RUBEM MAGALHÃES MENESES,,1,"Resolução Normativa nº 62/2013, Art. 6º, Inciso V",,7000.0
2026,319/2026,314/2026,RENATO LUCAS VIEIRA DA SILVA,,1,"Resolução Normativa nº 62/2013, Art. 6º, Inciso IV",,12000.0
2026,320/2026,313/2026,MAURICIO DE LACERDA ALMEIDA NETO,,1,"Resolução Normativa nº 62/2013, Art. 6º, Inciso IV",,6500.0
2026,320/2026,313/2026,PAULO NASCIMENTO DE ARAUJO,,1,"Resolução Normativa nº 62/2013, Art. 6º, Inciso IV",,6000.0
2026,320/2026,313/2026,R M MALAQUIAS SERVICOS COMBINADOS,11.852.887/0001-62,0,"Resolução Normativa nº 62/2013, Art. 6º, Inciso IV",,12500.0
2026,321/2026,315/2026,40.276.965 EDGAR RESPLANDES DE CARVALHO,40.276.965/0001-26,0,"Resolução Normativa nº 62/2013, Art. 6º, Inciso V",,12500.0
2026,321/2026,315/2026,NATANAEL R. DE ASSIS EIRELI,00.633.937/0001-02,0,"Resolução Normativa nº 62/2013, Art. 6º, Inciso II",,12500.0
2026,322/2026,316/2026,COSTA & BRITO COMUNICAÇÃO LTDA ME,15.009.045/0001-02,0,"Resolução Normativa nº 62/2013, Art. 6º, Inciso V",,5000.0
2026,322/2026,316/2026,EULALIO OLIVEIRA SOCIEDADE INDIVIDUAL DE ADVOCACIA,56.343.268/0001-80,0,"Resolução Normativa nº 62/2013, Art. 6º, Inciso IV",,8000.0
2026,322/2026,316/2026,M. DE F. DA SILVA ARAUJO,15.510.740/0001-45,0,"Resolução Normativa nº 62/2013, Art. 6º, Inciso IV",,12000.0
2026,323/2026,319/2026,MARCOS MACIEL BATISTA DE SOUSA SOCIEDAE INDIVIDUAL DE ADVOCA,39.300.408/0001-14,0,"Resolução Normativa nº 62/2013, Art. 6º, Inciso IV",,12500.0
2026,323/2026,319/2026,URBANISMO SERVIÇOS E EVENTOS LTDA,18.445.567/0001-37,0,"Resolução Normativa nº 62/2013, Art. 6º, Inciso V",,12500.0
2026,374/2026,375/2026,MARIA EUGENIA MARQUES SOCIEDADE INDIVIDUAL DE ADVOCACIA,61.431.648/0001-07,0,"Resolução Normativa nº 62/2013, Art. 6º, Inciso IV",,12500.0
2026,374/2026,375/2026,PORTAL NOTICIA DIRETA LTDA,59.788.319/0001-76,0,"Resolução Normativa nº 62/2013, Art. 6º, Inciso IV",,12500.0
2026,375/2026,376/2026,ALISSON FARIAS SOCIEDADE INDIVIDUAL DE ADVOCACIA,41.573.272/0001-68,0,"Resolução Normativa nº 62/2013, Art. 6º, Inciso IV",,12500.0
2026,375/2026,376/2026,EURIPEDES BEZERRA FEITOSA FILHO - EFCON,39.550.287/0001-69,0,"Resolução Normativa nº 62/2013, Art. 6º, Inciso IV",,12500.0
2026,376/2026,377/2026,SOLUCAO VISUAL LTDA,64.757.697/0001-22,0,"Resolução Normativa nº 62/2013, Art. 6º, Inciso IV",,12500.0
2026,376/2026,377/2026,MENESES E LEAL ADVOCACIA E CONSULTORIA,58.842.671/0001-80,0,"Resolução Normativa nº 62/2013, Art. 6º, Inciso IV",,12500.0
2026,377/2026,378/2026,GEORGIA NUNES ADVOGADOS ASSOCIADOS,10.750.754/0001-12,0,"Resolução Normativa nº 62/2013, Art. 6º, Inciso IV",,10000.0
2026,377/2026,378/2026,SOCIAL COMUNICAÇÃO & JORNALISMO LTDA ME,22.145.313/0001-70,0,"Resolução Normativa nº 62/2013, Art. 6º, Inciso V",,7000.0
2026,377/2026,378/2026,GWR SILVA CONTABILIDADE E CONSULTORIA,33.650.479/0001-60,0,"Resolução Normativa nº 62/2013, Art. 6º, Inciso IV",,8000.0
2026,378/2026,379/2026,PAULO NASCIMENTO DE ARAUJO,,1,"Resolução Normativa nº 62/2013, Art. 6º, Inciso IV",,6000.0
2026,378/2026,379/2026,MAURICIO DE LACERDA ALMEIDA NETO,,1,"Resolução Normativa nº 62/2013, Art. 6º, Inciso IV",,6500.0
2026,378/2026,379/2026,R M MALAQUIAS SERVICOS COMBINADOS,11.852.887/0001-62,0,"Resolução Normativa nº 62/2013, Art. 6º, Inciso IV",,12500.0
2026,379/2026,380/2026,EMPRESA PLUG PROPAGANDA & MARKETING LTDA,07.484.108/0001-46,0,"Resolução Normativa nº 62/2013, Art. 6º, Inciso IV",,8000.0
2026,379/2026,380/2026,JOSE HÉLIO LUCIO DA SILVA FILHO,,1,"Resolução Normativa nº 62/2013, Art. 6º, Inciso IV",,11000.0
2026,379/2026,380/2026,JOAQUIM LUCAS GUIMARAES FLORO,,1,"Resolução Normativa nº 62/2013, Art. 6º, Inciso IV",,6000.0
2026,380/2026,381/2026,JOAO MAGALHAES CARVALHO,54.214.890/0001-63,0,"Resolução Normativa nº 62/2013, Art. 6º, Inciso V",,11000.0
2026,380/2026,381/2026,GWR SILVA CONTABILIDADE E CONSULTORIA,33.650.479/0001-60,0,"Resolução Normativa nº 62/2013, Art. 6º, Inciso IV",,7000.0
2026,380/2026,381/2026,MARIA EUGENIA MARQUES SOCIEDADE INDIVIDUAL DE ADVOCACIA,61.431.648/0001-07,0,"Resolução Normativa nº 62/2013, Art. 6º, Inciso IV",,7000.0
2026,381/2026,383/2026,AVANCE DIGITAL,51.430.500/0001-02,0,"Resolução Normativa nº 62/2013, Art. 6º, Inciso IV",,4000.0
2026,381/2026,383/2026,PEDRO HENRIQUE FREITAS SOCIEDADE INDIVIDUAL DE ADVOCACIA,57.388.672/0001-33,0,"Resolução Normativa nº 62/2013, Art. 6º, Inciso IV",,8500.0
2026,381/2026,383/2026,CAPITAL SERVIÇOS LTDA.,11.208.910/0001-80,0,"Resolução Normativa nº 62/2013, Art. 6º, Inciso II",,12500.0
2026,382/2026,382/2026,RAMOS E MACHADO LTDA ME,33.144.591/0001-20,0,"Resolução Normativa nº 62/2013, Art. 6º, Inciso IV",,8600.0
2026,382/2026,382/2026,LÍDER CONTABILIDADE E CERTIFICADO DIGITAL,46.422.835/0001-30,0,"Resolução Normativa nº 62/2013, Art. 6º, Inciso IV",,7500.0
2026,382/2026,382/2026,CARVALHO E OLIVEIRA - ADVOGADOS E ASSOCIADOS,10.791.215/0001-21,0,"Resolução Normativa nº 62/2013, Art. 6º, Inciso IV",,8600.0
2026,383/2026,384/2026,MENDONÇA ASSESSORIA EMPRESARIAL LTDA,41.984.749/0001-06,0,"Resolução Normativa nº 62/2013, Art. 6º, Inciso IV",,7000.0
2026,383/2026,384/2026,URBANISMO SERVIÇOS E EVENTOS LTDA,18.445.567/0001-37,0,"Resolução Normativa nº 62/2013, Art. 6º, Inciso IV",,8000.0
2026,383/2026,384/2026,GILBERTO HOLANDA SOCIEDADE INDIVIDUAL DE ADVOCACIA,65.619.328/0001-36,0,"Resolução Normativa nº 62/2013, Art. 6º, Inciso IV",,10000.0
2026,384/2026,385/2026,QSN EMPREENDIMENTOS LTDA,45.951.080/0001-07,0,"Resolução Normativa nº 62/2013, Art. 6º, Inciso II",,8000.0
2026,384/2026,385/2026,RAFAEL CAVALCANTI BEZERRA,21.603.479/0001-20,0,"Resolução Normativa nº 62/2013, Art. 6º, Inciso IV",,8000.0
2026,384/2026,385/2026,JOELSON LENILSON OLIVEIRA BATISTA,62.024.026/0001-27,0,"Resolução Normativa nº 62/2013, Art. 6º, Inciso V",,9000.0
2026,385/2026,386/2026,VIVIANE ALVES SOCIEDADE DE ADVOCACIA,57.034.475/0001-16,0,"Resolução Normativa nº 62/2013, Art. 6º, Inciso IV",,10600.0
2026,385/2026,386/2026,M. DE F. DA SILVA ARAUJO,15.510.740/0001-45,0,"Resolução Normativa nº 62/2013, Art. 6º, Inciso IV",,7100.0
2026,385/2026,386/2026,LISIA GOMES ALEXANDRE DE SOUZA,53.103.074/0001-10,0,"Resolução Normativa nº 62/2013, Art. 6º, Inciso V",,7300.0
2026,386/2026,387/2026,"PIRES, FERREIRA E LIMA SOCIEDADE IND DE ADVOCACIA",58.673.701/0001-71,0,"Resolução Normativa nº 62/2013, Art. 6º, Inciso IV",,6250.0
2026,386/2026,387/2026,ATALO FERNANDES DE ARAUJO PESSOA JUNIOR SOCIEDADE INDIVIDUAL,64.154.542/0001-00,0,"Resolução Normativa nº 62/2013, Art. 6º, Inciso IV",,12500.0
2026,386/2026,387/2026,ELECT MARKETING LTDA,51.352.934/0001-23,0,"Resolução Normativa nº 62/2013, Art. 6º, Inciso V",,12500.0
2026,387/2026,388/2026,EUCHERLIS TEIXEIRA SOCIEDADE INDV DE ADOCACIA,59.842.391/0001-34,0,"Resolução Normativa nº 62/2013, Art. 6º, Inciso IV",,10500.0
2026,387/2026,388/2026,IT PRODUCOES LTDA,41.174.419/0001-47,0,"Resolução Normativa nº 62/2013, Art. 6º, Inciso V",,7500.0
2026,387/2026,388/2026,F T GOMES DA SILVA,59.058.740/0001-21,0,"Resolução Normativa nº 62/2013, Art. 6º, Inciso IV",,7000.0
2026,388/2026,389/2026,JOSEFA GEOVANA NUNES COSTA,,1,"Resolução Normativa nº 62/2013, Art. 6º, Inciso V",,6000.0
2026,388/2026,389/2026,MIRANDAS ASSOCIADOS CONTABILIDADE,18.816.149/0001-09,0,"Resolução Normativa nº 62/2013, Art. 6º, Inciso IV",,7000.0
2026,388/2026,389/2026,MARCOS MACIEL BATISTA DE SOUSA SOCIEDAE INDIVIDUAL DE ADVOCA,39.300.408/0001-14,0,"Resolução Normativa nº 62/2013, Art. 6º, Inciso IV",,12000.0
2026,389/2026,390/2026,DÁRIO BISPO CIA,54.533.136/0001-96,0,"Resolução Normativa nº 62/2013, Art. 6º, Inciso IV",,2500.0
2026,389/2026,390/2026,JACKSON DE MOURA GONCALVES JUNIOR,58.753.882/0001-46,0,"Resolução Normativa nº 62/2013, Art. 6º, Inciso V",,3000.0
2026,389/2026,390/2026,LUCAS RIBEIRO SOCIEDADE INDIVIDUAL DE ADVOCACIA,65.800.747/0001-70,0,"Resolução Normativa nº 62/2013, Art. 6º, Inciso IV",,8000.0
2026,389/2026,390/2026,A. E. C. B. CAVALCANTI,10.945.452/0001-08,0,"Resolução Normativa nº 62/2013, Art. 6º, Inciso II",,11500.0
2026,390/2026,391/2026,ATEVALDO LOPES CARNEIRO SOCIEDADE INDIVIDUAL DE ADVOCACIA,39.522.462/0001-04,0,"Resolução Normativa nº 62/2013, Art. 6º, Inciso IV",,12000.0
2026,390/2026,391/2026,CELSO EDUARDO COMERCIO SERVIÇO LTDA,05.248.304/0001-96,0,"Resolução Normativa nº 62/2013, Art. 6º, Inciso IV",,7000.0
2026,390/2026,391/2026,SENTRA DISTRIBUIDORA E SERVIÇO,13.170.806/0001-70,0,"Resolução Normativa nº 62/2013, Art. 6º, Inciso II",,6000.0
2026,391/2026,392/2026,R A DE O PEREIRA CONECTHE GESTAO,60.587.365/0001-96,0,"Resolução Normativa nº 62/2013, Art. 6º, Inciso IV",,6750.0
2026,391/2026,392/2026,DJENANE RIBEIRO PEREIRA ASSIS,,1,"Resolução Normativa nº 62/2013, Art. 6º, Inciso IV",,12000.0
2026,391/2026,392/2026,B DE M DOS SANTOS BS GESTAO CONTABIL,61.895.925/0001-32,0,"Resolução Normativa nº 62/2013, Art. 6º, Inciso IV",,6250.0
2026,392/2026,393/2026,M. F. LIMA CARNEIRO LTDA E VCIA EPP,04.626.774/0001-83,0,"Resolução Normativa nº 62/2013, Art. 6º, Inciso II",,8500.0
2026,392/2026,393/2026,DAVID CUNHA CARVALHO,,1,"Resolução Normativa nº 62/2013, Art. 6º, Inciso IV",,4000.0
2026,392/2026,393/2026,ALMEIDA E BANDEIRA ADVOGADOS ASSOCIADOS,16.750.540/0001-22,0,"Resolução Normativa nº 62/2013, Art. 6º, Inciso IV",,12500.0
2026,393/2026,394/2026,NATANAEL R. DE ASSIS EIRELI,00.633.937/0001-02,0,"Resolução Normativa nº 62/2013, Art. 6º, Inciso II",,6000.0
2026,393/2026,394/2026,CELSO EDUARDO COMERCIO SERVIÇO LTDA,05.248.304/0001-96,0,"Resolução Normativa nº 62/2013, Art. 6º, Inciso IV",,10000.0
2026,393/2026,394/2026,BRENO MACEDO SOCIEDADE INDIVIDUAL DE ADVOCACIA,41.725.928/0001-10,0,"Resolução Normativa nº 62/2013, Art. 6º, Inciso III",,9000.0
2026,394/2026,395/2026,MASTER CONTABILIDADE E SERVIÇOS LTDA,58.865.666/0001-92,0,"Resolução Normativa nº 62/2013, Art. 6º, Inciso IV",,5000.0
2026,394/2026,395/2026,VASCONCELOS & VASCONCELOS SOCIEDADE DE ADVOGADOS,64.645.066/0001-11,0,"Resolução Normativa nº 62/2013, Art. 6º, Inciso IV",,8000.0
2026,394/2026,395/2026,ZION -COMUNICACAO & ESTRATEGIA LTDA,13.097.115/0001-98,0,"Resolução Normativa nº 62/2013, Art. 6º, Inciso V",,12000.0
2026,395/2026,396/2026,CARLOS YURY ARAUJO DE MORAIS SOCIEDADE INDIVIDUAL DE ADVOCAC,26.981.460/0001-31,0,"Resolução Normativa nº 62/2013, Art. 6º, Inciso IV",,8000.0
2026,395/2026,396/2026,FF CONSULTORIA E AUDITORIA LTDA,26.171.508/0001-46,0,"Resolução Normativa nº 62/2013, Art. 6º, Inciso IV",,5000.0
2026,395/2026,396/2026,VICTORY FILMS,37.457.323/0001-19,0,"Resolução Normativa nº 62/2013, Art. 6º, Inciso IV",,3500.0
2026,395/2026,396/2026,M. F. LIMA CARNEIRO LTDA E VCIA EPP,04.626.774/0001-83,0,"Resolução Normativa nº 62/2013, Art. 6º, Inciso II",,8500.0
2026,396/2026,397/2026,NATANAEL R. DE ASSIS EIRELI,00.633.937/0001-02,0,"Resolução Normativa nº 62/2013, Art. 6º, Inciso II",,12500.0
2026,396/2026,397/2026,40.276.965 EDGAR RESPLANDES DE CARVALHO,40.276.965/0001-26,0,"Resolução Normativa nº 62/2013, Art. 6º, Inciso V",,12500.0
2026,397/2026,398/2026,EULALIO OLIVEIRA SOCIEDADE INDIVIDUAL DE ADVOCACIA,56.343.268/0001-80,0,"Resolução Normativa nº 62/2013, Art. 6º, Inciso IV",,8000.0
2026,397/2026,398/2026,COSTA & BRITO COMUNICAÇÃO LTDA ME,15.009.045/0001-02,0,"Resolução Normativa nº 62/2013, Art. 6º, Inciso IV",,5000.0
2026,397/2026,398/2026,M. DE F. DA SILVA ARAUJO,15.510.740/0001-45,0,"Resolução Normativa nº 62/2013, Art. 6º, Inciso IV",,12000.0
2026,398/2026,399/2026,PIAUI LOCAÇÕES DE VEÍCULOS E TRANSPORTE ESCOLAR LTDA,36.731.367/0001-22,0,"Resolução Normativa nº 62/2013, Art. 6º, Inciso II",,12410.0
2026,398/2026,399/2026,MDP COMUNICAÇÃO LTDA,32.635.234/0001-00,0,"Resolução Normativa nº 62/2013, Art. 6º, Inciso IV",,6000.0
2026,398/2026,399/2026,RAFAEL NEIVA NUNES DO REGO SOCIEDADE INDIVIDUAL DE ADVOCACIA,11.410.592/0001-36,0,"Resolução Normativa nº 62/2013, Art. 6º, Inciso IV",,6000.0
2026,398/2026,399/2026,SOFTWARE INFOASSESSOR.COM.BR,35.748.629/0001-07,0,"Resolução Normativa nº 62/2013, Art. 6º, Inciso IV",,590.0
2026,399/2026,401/2026,MARCUS VINICIUS MEDEIROS OLIVEIRA,,1,"Resolução Normativa nº 62/2013, Art. 6º, Inciso IV",,7900.0
2026,399/2026,401/2026,ELISANGELA PEGADO ANDRADE FEITOSA,,1,"Resolução Normativa nº 62/2013, Art. 6º, Inciso IV",,6800.0
2026,399/2026,401/2026,GLEYSSON MOURA DA SILVA,11.195.416/0001-29,0,"Resolução Normativa nº 62/2013, Art. 6º, Inciso IV",,4000.0
2026,399/2026,401/2026,MARIA NANCY GOMES DE CARVALHO,,1,"Resolução Normativa nº 62/2013, Art. 6º, Inciso IV",,6000.0
2026,400/2026,400/2026,URBANISMO SERVIÇOS E EVENTOS LTDA,18.445.567/0001-37,0,"Resolução Normativa nº 62/2013, Art. 6º, Inciso V",,12500.0
2026,400/2026,400/2026,MARCOS MACIEL BATISTA DE SOUSA SOCIEDAE INDIVIDUAL DE ADVOCA,39.300.408/0001-14,0,"Resolução Normativa nº 62/2013, Art. 6º, Inciso IV",,12500.0
2026,401/2026,402/2026,GILBERTO HOLANDA SOCIEDADE INDIVIDUAL DE ADVOCACIA,65.619.328/0001-36,0,"Resolução Normativa nº 62/2013, Art. 6º, Inciso IV",,10000.0
2026,401/2026,402/2026,TARSO DE NORONHA PESSOA,,1,"Resolução Normativa nº 62/2013, Art. 6º, Inciso IV",,5000.0
2026,401/2026,402/2026,46.029.621 THAIS EDUARDA VILARINHO ALVES,46.029.621/0001-07,0,"Resolução Normativa nº 62/2013, Art. 6º, Inciso IV",,10000.0
2026,402/2026,404/2026,RUBEM MAGALHÃES MENESES,,1,"Resolução Normativa nº 62/2013, Art. 6º, Inciso V",,7000.0
2026,402/2026,404/2026,OLENIR ROSA DE MACEDO SOARES,,1,"Resolução Normativa nº 62/2013, Art. 6º, Inciso IV",,6000.0
2026,402/2026,404/2026,RENATO LUCAS VIEIRA DA SILVA,,1,"Resolução Normativa nº 62/2013, Art. 6º, Inciso IV",,12000.0
2026,449/2026,461/2026,PORTAL NOTICIA DIRETA LTDA,59.788.319/0001-76,0,"Resolução Normativa nº 62/2013, Art. 6º, Inciso IV",,12500.0
2026,449/2026,461/2026,MARIA EUGENIA MARQUES SOCIEDADE INDIVIDUAL DE ADVOCACIA,61.431.648/0001-07,0,"Resolução Normativa nº 62/2013, Art. 6º, Inciso IV",,12500.0
2026,450/2026,462/2026,M. F. LIMA CARNEIRO LTDA E VCIA EPP,04.626.774/0001-83,0,"Resolução Normativa nº 62/2013, Art. 6º, Inciso II",,8500.0
2026,450/2026,462/2026,ALMEIDA E BANDEIRA ADVOGADOS ASSOCIADOS,16.750.540/0001-22,0,"Resolução Normativa nº 62/2013, Art. 6º, Inciso IV",,12500.0
2026,450/2026,462/2026,DAVID CUNHA CARVALHO,,1,"Resolução Normativa nº 62/2013, Art. 6º, Inciso IV",,4000.0
2026,451/2026,463/2026,MAURICIO DE LACERDA ALMEIDA NETO,,1,"Resolução Normativa nº 62/2013, Art. 6º, Inciso IV",,6500.0
2026,451/2026,463/2026,R M MALAQUIAS SERVICOS COMBINADOS,11.852.887/0001-62,0,"Resolução Normativa nº 62/2013, Art. 6º, Inciso IV",,12500.0
2026,451/2026,463/2026,PAULO NASCIMENTO DE ARAUJO,,1,"Resolução Normativa nº 62/2013, Art. 6º, Inciso IV",,6000.0
2026,452/2026,464/2026,MENDONÇA ASSESSORIA EMPRESARIAL LTDA,41.984.749/0001-06,0,"Resolução Normativa nº 62/2013, Art. 6º, Inciso IV",,7000.0
2026,452/2026,464/2026,URBANISMO SERVIÇOS E EVENTOS LTDA,18.445.567/0001-37,0,"Resolução Normativa nº 62/2013, Art. 6º, Inciso IV",,8000.0
2026,452/2026,464/2026,GILBERTO HOLANDA SOCIEDADE INDIVIDUAL DE ADVOCACIA,65.619.328/0001-36,0,"Resolução Normativa nº 62/2013, Art. 6º, Inciso IV",,10000.0
2026,453/2026,465/2026,MIRANDAS ASSOCIADOS CONTABILIDADE,18.816.149/0001-09,0,"Resolução Normativa nº 62/2013, Art. 6º, Inciso IV",,7000.0
2026,453/2026,465/2026,MARCOS MACIEL BATISTA DE SOUSA SOCIEDAE INDIVIDUAL DE ADVOCA,39.300.408/0001-14,0,"Resolução Normativa nº 62/2013, Art. 6º, Inciso IV",,12000.0
2026,453/2026,465/2026,JOSEFA GEOVANA NUNES COSTA,,1,"Resolução Normativa nº 62/2013, Art. 6º, Inciso IV",,6000.0
2026,454/2026,466/2026,EURIPEDES BEZERRA FEITOSA FILHO - EFCON,39.550.287/0001-69,0,"Resolução Normativa nº 62/2013, Art. 6º, Inciso IV",,12500.0
2026,454/2026,466/2026,ALISSON FARIAS SOCIEDADE INDIVIDUAL DE ADVOCACIA,41.573.272/0001-68,0,"Resolução Normativa nº 62/2013, Art. 6º, Inciso IV",,12500.0
2026,455/2026,467/2026,RAFAEL CAVALCANTI BEZERRA,21.603.479/0001-20,0,"Resolução Normativa nº 62/2013, Art. 6º, Inciso IV",,8000.0
2026,455/2026,467/2026,JOELSON LENILSON OLIVEIRA BATISTA,62.024.026/0001-27,0,"Resolução Normativa nº 62/2013, Art. 6º, Inciso V",,9000.0
2026,455/2026,467/2026,QSN EMPREENDIMENTOS LTDA,45.951.080/0001-07,0,"Resolução Normativa nº 62/2013, Art. 6º, Inciso II",,8000.0
2026,456/2026,468/2026,LUCAS RIBEIRO SOCIEDADE INDIVIDUAL DE ADVOCACIA,65.800.747/0001-70,0,"Resolução Normativa nº 62/2013, Art. 6º, Inciso IV",,8000.0
2026,456/2026,468/2026,DÁRIO BISPO CIA,54.533.136/0001-96,0,"Resolução Normativa nº 62/2013, Art. 6º, Inciso IV",,2500.0
2026,456/2026,468/2026,JACKSON DE MOURA GONCALVES JUNIOR,58.753.882/0001-46,0,"Resolução Normativa nº 62/2013, Art. 6º, Inciso IV",,3000.0
2026,456/2026,468/2026,A. E. C. B. CAVALCANTI,10.945.452/0001-08,0,"Resolução Normativa nº 62/2013, Art. 6º, Inciso II",,11500.0
2026,457/2026,469/2026,DJENANE RIBEIRO PEREIRA ASSIS,,1,"Resolução Normativa nº 62/2013, Art. 6º, Inciso IV",,12000.0
2026,457/2026,469/2026,B DE M DOS SANTOS BS GESTAO CONTABIL,61.895.925/0001-32,0,"Resolução Normativa nº 62/2013, Art. 6º, Inciso IV",,6250.0
2026,458/2026,470/2026,SENTRA DISTRIBUIDORA E SERVIÇO,13.170.806/0001-70,0,"Resolução Normativa nº 62/2013, Art. 6º, Inciso II",,12000.0
2026,458/2026,470/2026,ATEVALDO LOPES CARNEIRO SOCIEDADE INDIVIDUAL DE ADVOCACIA,39.522.462/0001-04,0,"Resolução Normativa nº 62/2013, Art. 6º, Inciso IV",,12000.0
2026,459/2026,471/2026,OLENIR ROSA DE MACEDO SOARES,,1,"Resolução Normativa nº 62/2013, Art. 6º, Inciso IV",,6000.0
2026,459/2026,471/2026,RENATO LUCAS VIEIRA DA SILVA,,1,"Resolução Normativa nº 62/2013, Art. 6º, Inciso IV",,12000.0
2026,459/2026,471/2026,RUBEM MAGALHÃES MENESES,,1,"Resolução Normativa nº 62/2013, Art. 6º, Inciso V",,7000.0
2026,46/2026,33/2026,40.276.965 EDGAR RESPLANDES DE CARVALHO,40.276.965/0001-26,0,"Resolução Normativa nº 62/2013, Art. 6º, Inciso V",,12500.0
2026,46/2026,33/2026,FRANCISCO DAS C DOS SANTOS,51.158.583/0001-14,0,"Resolução Normativa nº 62/2013, Art. 6º, Inciso II",,12500.0
2026,460/2026,472/2026,MENESES E LEAL ADVOCACIA E CONSULTORIA,58.842.671/0001-80,0,"Resolução Normativa nº 62/2013, Art. 6º, Inciso IV",,12500.0
2026,460/2026,472/2026,SOLUCAO VISUAL LTDA,64.757.697/0001-22,0,"Resolução Normativa nº 62/2013, Art. 6º, Inciso V",,12500.0
2026,461/2026,473/2026,MARIA EUGENIA MARQUES SOCIEDADE INDIVIDUAL DE ADVOCACIA,61.431.648/0001-07,0,"Resolução Normativa nº 62/2013, Art. 6º, Inciso IV",,7000.0
2026,461/2026,473/2026,JOAO MAGALHAES CARVALHO,54.214.890/0001-63,0,"Resolução Normativa nº 62/2013, Art. 6º, Inciso V",,11000.0
2026,461/2026,473/2026,GWR SILVA CONTABILIDADE E CONSULTORIA,33.650.479/0001-60,0,"Resolução Normativa nº 62/2013, Art. 6º, Inciso IV",,7000.0
2026,462/2026,474/2026,IT PRODUCOES LTDA,41.174.419/0001-47,0,"Resolução Normativa nº 62/2013, Art. 6º, Inciso V",,7500.0
2026,462/2026,474/2026,EUCHERLIS TEIXEIRA SOCIEDADE INDV DE ADOCACIA,59.842.391/0001-34,0,"Resolução Normativa nº 62/2013, Art. 6º, Inciso IV",,10500.0
2026,462/2026,474/2026,F T GOMES DA SILVA,59.058.740/0001-21,0,"Resolução Normativa nº 62/2013, Art. 6º, Inciso IV",,7000.0
2026,463/2026,475/2026,GLEYSSON MOURA DA SILVA,11.195.416/0001-29,0,"Resolução Normativa nº 62/2013, Art. 6º, Inciso IV",,4000.0
2026,463/2026,475/2026,MARIA NANCY GOMES DE CARVALHO,,1,"Resolução Normativa nº 62/2013, Art. 6º, Inciso IV",,6000.0
2026,463/2026,475/2026,MARCUS VINICIUS MEDEIROS OLIVEIRA,,1,"Resolução Normativa nº 62/2013, Art. 6º, Inciso IV",,7900.0
2026,463/2026,475/2026,ELISANGELA PEGADO ANDRADE FEITOSA,,1,"Resolução Normativa nº 62/2013, Art. 6º, Inciso IV",,6800.0
2026,464/2026,476/2026,COSTA & BRITO COMUNICAÇÃO LTDA ME,15.009.045/0001-02,0,"Resolução Normativa nº 62/2013, Art. 6º, Inciso IV",,5000.0
2026,464/2026,476/2026,EULALIO OLIVEIRA SOCIEDADE INDIVIDUAL DE ADVOCACIA,56.343.268/0001-80,0,"Resolução Normativa nº 62/2013, Art. 6º, Inciso IV",,8000.0
2026,464/2026,476/2026,M. DE F. DA SILVA ARAUJO,15.510.740/0001-45,0,"Resolução Normativa nº 62/2013, Art. 6º, Inciso IV",,12000.0
2026,465/2026,477/2026,JOSE HÉLIO LUCIO DA SILVA FILHO,,1,"Resolução Normativa nº 62/2013, Art. 6º, Inciso IV",,11000.0
2026,465/2026,477/2026,EMPRESA PLUG PROPAGANDA & MARKETING LTDA,07.484.108/0001-46,0,"Resolução Normativa nº 62/2013, Art. 6º, Inciso IV",,8000.0
2026,465/2026,477/2026,JOAQUIM LUCAS GUIMARAES FLORO,,1,"Resolução Normativa nº 62/2013, Art. 6º, Inciso IV",,6000.0
2026,466/2026,478/2026,VIVIANE ALVES SOCIEDADE DE ADVOCACIA,57.034.475/0001-16,0,"Resolução Normativa nº 62/2013, Art. 6º, Inciso IV",,10600.0
2026,466/2026,478/2026,M. DE F. DA SILVA ARAUJO,15.510.740/0001-45,0,"Resolução Normativa nº 62/2013, Art. 6º, Inciso IV",,7100.0
2026,466/2026,478/2026,LISIA GOMES ALEXANDRE DE SOUZA,53.103.074/0001-10,0,"Resolução Normativa nº 62/2013, Art. 6º, Inciso IV",,7300.0
2026,467/2026,479/2026,40.276.965 EDGAR RESPLANDES DE CARVALHO,40.276.965/0001-26,0,"Resolução Normativa nº 62/2013, Art. 6º, Inciso V",,12500.0
2026,467/2026,479/2026,NATANAEL R. DE ASSIS EIRELI,00.633.937/0001-02,0,"Resolução Normativa nº 62/2013, Art. 6º, Inciso II",,12500.0
2026,468/2026,480/2026,CARLOS YURY ARAUJO DE MORAIS SOCIEDADE INDIVIDUAL DE ADVOCAC,26.981.460/0001-31,0,"Resolução Normativa nº 62/2013, Art. 6º, Inciso IV",,8000.0
2026,468/2026,480/2026,FF CONSULTORIA E AUDITORIA LTDA,26.171.508/0001-46,0,"Resolução Normativa nº 62/2013, Art. 6º, Inciso IV",,5000.0
2026,468/2026,480/2026,M. F. LIMA CARNEIRO LTDA E VCIA EPP,04.626.774/0001-83,0,"Resolução Normativa nº 62/2013, Art. 6º, Inciso II",,8500.0
2026,468/2026,480/2026,VICTORY FILMS,37.457.323/0001-19,0,"Resolução Normativa nº 62/2013, Art. 6º, Inciso IV",,3500.0
2026,469/2026,482/2026,LÍDER CONTABILIDADE E CERTIFICADO DIGITAL,46.422.835/0001-30,0,"Resolução Normativa nº 62/2013, Art. 6º, Inciso IV",,7500.0
2026,469/2026,482/2026,CARVALHO E OLIVEIRA - ADVOGADOS E ASSOCIADOS,10.791.215/0001-21,0,"Resolução Normativa nº 62/2013, Art. 6º, Inciso IV",,8600.0
2026,469/2026,482/2026,NF SERVIÇOS E LOCAÇÕES LTDA,60.812.873/0001-20,0,"Resolução Normativa nº 62/2013, Art. 6º, Inciso IV",,8600.0
2026,47/2026,34/2026,JOELSON LENILSON OLIVEIRA BATISTA,62.024.026/0001-27,0,"Resolução Normativa nº 62/2013, Art. 6º, Inciso V",,9000.0
2026,47/2026,34/2026,QSN EMPREENDIMENTOS LTDA,45.951.080/0001-07,0,"Resolução Normativa nº 62/2013, Art. 6º, Inciso II",,8000.0
2026,47/2026,34/2026,RAFAEL CAVALCANTI BEZERRA,21.603.479/0001-20,0,"Resolução Normativa nº 62/2013, Art. 6º, Inciso IV",,8000.0
2026,470/2026,483/2026,GWR SILVA CONTABILIDADE E CONSULTORIA,33.650.479/0001-60,0,"Resolução Normativa nº 62/2013, Art. 6º, Inciso IV",,8000.0
2026,470/2026,483/2026,GEORGIA NUNES ADVOGADOS ASSOCIADOS,10.750.754/0001-12,0,"Resolução Normativa nº 62/2013, Art. 6º, Inciso IV",,10000.0
2026,470/2026,483/2026,SIDNEI LOPES DE MIRANDA,31.480.622/0001-98,0,"Resolução Normativa nº 62/2013, Art. 6º, Inciso II",,7000.0
2026,471/2026,484/2026,CAPITAL SERVIÇOS LTDA.,11.208.910/0001-80,0,"Resolução Normativa nº 62/2013, Art. 6º, Inciso II",,12500.0
2026,471/2026,484/2026,PEDRO HENRIQUE FREITAS SOCIEDADE INDIVIDUAL DE ADVOCACIA,57.388.672/0001-33,0,"Resolução Normativa nº 62/2013, Art. 6º, Inciso III",,8500.0
2026,471/2026,484/2026,LUIZ MARIO DE ARAUJO ROCHA,,1,"Resolução Normativa nº 62/2013, Art. 6º, Inciso IV",,4000.0
2026,472/2026,485/2026,GILBERTO HOLANDA SOCIEDADE INDIVIDUAL DE ADVOCACIA,65.619.328/0001-36,0,"Resolução Normativa nº 62/2013, Art. 6º, Inciso IV",,10000.0
2026,472/2026,485/2026,TARSO DE NORONHA PESSOA,,1,"Resolução Normativa nº 62/2013, Art. 6º, Inciso IV",,5000.0
2026,472/2026,485/2026,46.029.621 THAIS EDUARDA VILARINHO ALVES,46.029.621/0001-07,0,"Resolução Normativa nº 62/2013, Art. 6º, Inciso IV",,10000.0
2026,473/2026,486/2026,PAULO L V COSTA,33.263.380/0001-06,0,"Resolução Normativa nº 62/2013, Art. 6º, Inciso IV",,10000.0
2026,473/2026,486/2026,PEDRO HENRIQUE SOCIEDADE INDIVIDUAL DE ADVOCACIA,59.639.681/0001-85,0,"Resolução Normativa nº 62/2013, Art. 6º, Inciso IV",,9000.0
2026,473/2026,486/2026,NATANAEL R. DE ASSIS EIRELI,00.633.937/0001-02,0,"Resolução Normativa nº 62/2013, Art. 6º, Inciso II",,6000.0
2026,474/2026,487/2026,MARCOS MACIEL BATISTA DE SOUSA SOCIEDAE INDIVIDUAL DE ADVOCA,39.300.408/0001-14,0,"Resolução Normativa nº 62/2013, Art. 6º, Inciso IV",,12500.0
2026,474/2026,487/2026,URBANISMO SERVIÇOS E EVENTOS LTDA,18.445.567/0001-37,0,"Resolução Normativa nº 62/2013, Art. 6º, Inciso IV",,12500.0
2026,475/2026,488/2026,PIAUI LOCAÇÕES DE VEÍCULOS E TRANSPORTE ESCOLAR LTDA,36.731.367/0001-22,0,"Resolução Normativa nº 62/2013, Art. 6º, Inciso II",,12410.0
2026,475/2026,488/2026,SOFTWARE INFOASSESSOR.COM.BR,35.748.629/0001-07,0,"Resolução Normativa nº 62/2013, Art. 6º, Inciso IV",,590.0
2026,475/2026,488/2026,RAFAEL NEIVA NUNES DO REGO SOCIEDADE INDIVIDUAL DE ADVOCACIA,11.410.592/0001-36,0,"Resolução Normativa nº 62/2013, Art. 6º, Inciso IV",,6000.0
2026,475/2026,488/2026,JOSE RENAN PARENTE CONTABILIDADE,25.206.164/0001-09,0,"Resolução Normativa nº 62/2013, Art. 6º, Inciso IV",,6000.0
2026,476/2026,489/2026,VASCONCELOS & VASCONCELOS SOCIEDADE DE ADVOGADOS,64.645.066/0001-11,0,"Resolução Normativa nº 62/2013, Art. 6º, Inciso IV",,10000.0
2026,476/2026,489/2026,M. F. LIMA CARNEIRO LTDA E VCIA EPP,04.626.774/0001-83,0,"Resolução Normativa nº 62/2013, Art. 6º, Inciso II",,10000.0
2026,476/2026,489/2026,MASTER CONTABILIDADE E SERVIÇOS LTDA,58.865.666/0001-92,0,"Resolução Normativa nº 62/2013, Art. 6º, Inciso IV",,5000.0
2026,477/2026,490/2026,ATALO FERNANDES DE ARAUJO PESSOA JUNIOR SOCIEDADE INDIVIDUAL,64.154.542/0001-00,0,"Resolução Normativa nº 62/2013, Art. 6º, Inciso IV",,6250.0
2026,477/2026,490/2026,ALCAR SERVIÇOS E LOCAÇÕES LTDA,60.441.096/0001-55,0,"Resolução Normativa nº 62/2013, Art. 6º, Inciso II",,12500.0
2026,477/2026,490/2026,"PIRES, FERREIRA E LIMA SOCIEDADE IND DE ADVOCACIA",58.673.701/0001-71,0,"Resolução Normativa nº 62/2013, Art. 6º, Inciso IV",,6250.0
2026,48/2026,35/2026,ATALO FERNANDES DE ARAUJO PESSOA JUNIOR SOCIEDADE INDIVIDUAL,64.154.542/0001-00,0,"Resolução Normativa nº 62/2013, Art. 6º, Inciso IV",,6250.0
2026,48/2026,35/2026,ELECT MARKETING LTDA,51.352.934/0001-23,0,"Resolução Normativa nº 62/2013, Art. 6º, Inciso V",,12500.0
2026,48/2026,35/2026,"PIRES, FERREIRA E LIMA SOCIEDADE IND DE ADVOCACIA",58.673.701/0001-71,0,"Resolução Normativa nº 62/2013, Art. 6º, Inciso IV",,6250.0
2026,49/2026,36/2026,EDUARDO SILVA,34.031.466/0001-76,0,"Resolução Normativa nº 62/2013, Art. 6º, Inciso IV",,12500.0
2026,49/2026,36/2026,PORTAL NOTICIA DIRETA LTDA,59.788.319/0001-76,0,"Resolução Normativa nº 62/2013, Art. 6º, Inciso IV",,12500.0
2026,50/2026,37/2026,B DE M DOS SANTOS BS GESTAO CONTABIL,61.895.925/0001-32,0,"Resolução Normativa nº 62/2013, Art. 6º, Inciso IV",,6250.0
2026,50/2026,37/2026,DJENANE RIBEIRO PEREIRA ASSIS,,1,"Resolução Normativa nº 62/2013, Art. 6º, Inciso IV",,12000.0
2026,50/2026,37/2026,R A DE O PEREIRA CONECTHE GESTAO,60.587.365/0001-96,0,"Resolução Normativa nº 62/2013, Art. 6º, Inciso V",,6750.0
2026,51/2026,38/2026,GWR SILVA CONTABILIDADE E CONSULTORIA,33.650.479/0001-60,0,"Resolução Normativa nº 62/2013, Art. 6º, Inciso IV",,7000.0
2026,51/2026,38/2026,JOAO MAGALHAES CARVALHO,54.214.890/0001-63,0,"Resolução Normativa nº 62/2013, Art. 6º, Inciso V",,11000.0
2026,51/2026,38/2026,MARIA EUGENIA MARQUES SOCIEDADE INDIVIDUAL DE ADVOCACIA,61.431.648/0001-07,0,"Resolução Normativa nº 62/2013, Art. 6º, Inciso IV",,7000.0
2026,519/2026,545/2026,PEDRO HENRIQUE SOCIEDADE INDIVIDUAL DE ADVOCACIA,59.639.681/0001-85,0,"Resolução Normativa nº 62/2013, Art. 6º, Inciso IV",,9000.0
2026,519/2026,545/2026,PAULO L V COSTA,33.263.380/0001-06,0,"Resolução Normativa nº 62/2013, Art. 6º, Inciso IV",,10000.0
2026,519/2026,545/2026,NATANAEL R. DE ASSIS EIRELI,00.633.937/0001-02,0,"Resolução Normativa nº 62/2013, Art. 6º, Inciso II",,6000.0
2026,52/2026,39/2026,CAVALCANTE & HOLANDA SOCIEDADE DE ADVOGADOS,42.054.947/0001-25,0,"Resolução Normativa nº 62/2013, Art. 6º, Inciso IV",,10000.0
2026,52/2026,39/2026,MENDONÇA ASSESSORIA EMPRESARIAL LTDA,41.984.749/0001-06,0,"Resolução Normativa nº 62/2013, Art. 6º, Inciso IV",,7000.0
2026,52/2026,39/2026,URBANISMO SERVIÇOS E EVENTOS LTDA,18.445.567/0001-37,0,"Resolução Normativa nº 62/2013, Art. 6º, Inciso V",,8000.0
2026,520/2026,546/2026,M. DE F. DA SILVA ARAUJO,15.510.740/0001-45,0,"Resolução Normativa nº 62/2013, Art. 6º, Inciso IV",,7100.0
2026,520/2026,546/2026,LISIA GOMES ALEXANDRE DE SOUZA,53.103.074/0001-10,0,"Resolução Normativa nº 62/2013, Art. 6º, Inciso IV",,7300.0
2026,520/2026,546/2026,VIVIANE ALVES SOCIEDADE DE ADVOCACIA,57.034.475/0001-16,0,"Resolução Normativa nº 62/2013, Art. 6º, Inciso IV",,10600.0
2026,521/2026,547/2026,M. F. LIMA CARNEIRO LTDA E VCIA EPP,04.626.774/0001-83,0,"Resolução Normativa nº 62/2013, Art. 6º, Inciso II",,8500.0
2026,521/2026,547/2026,ALMEIDA E BANDEIRA ADVOGADOS ASSOCIADOS,16.750.540/0001-22,0,"Resolução Normativa nº 62/2013, Art. 6º, Inciso IV",,12500.0
2026,521/2026,547/2026,DAVID CUNHA CARVALHO,,1,"Resolução Normativa nº 62/2013, Art. 6º, Inciso IV",,4000.0
2026,522/2026,548/2026,PORTAL NOTICIA DIRETA LTDA,59.788.319/0001-76,0,"Resolução Normativa nº 62/2013, Art. 6º, Inciso IV",,12500.0
2026,522/2026,548/2026,MARIA EUGENIA MARQUES SOCIEDADE INDIVIDUAL DE ADVOCACIA,61.431.648/0001-07,0,"Resolução Normativa nº 62/2013, Art. 6º, Inciso IV",,12500.0
2026,523/2026,549/2026,PIAUI LOCAÇÕES DE VEÍCULOS E TRANSPORTE ESCOLAR LTDA,36.731.367/0001-22,0,"Resolução Normativa nº 62/2013, Art. 6º, Inciso II",,12410.0
2026,523/2026,549/2026,JOSE RENAN PARENTE CONTABILIDADE,25.206.164/0001-09,0,"Resolução Normativa nº 62/2013, Art. 6º, Inciso IV",,6000.0
2026,523/2026,549/2026,RAFAEL NEIVA NUNES DO REGO SOCIEDADE INDIVIDUAL DE ADVOCACIA,11.410.592/0001-36,0,"Resolução Normativa nº 62/2013, Art. 6º, Inciso IV",,6000.0
2026,523/2026,549/2026,SOFTWARE INFOASSESSOR.COM.BR,35.748.629/0001-07,0,"Resolução Normativa nº 62/2013, Art. 6º, Inciso IV",,590.0
2026,524/2026,550/2026,GEORGIA NUNES ADVOGADOS ASSOCIADOS,10.750.754/0001-12,0,"Resolução Normativa nº 62/2013, Art. 6º, Inciso IV",,10000.0
2026,524/2026,550/2026,GWR SILVA CONTABILIDADE E CONSULTORIA,33.650.479/0001-60,0,"Resolução Normativa nº 62/2013, Art. 6º, Inciso IV",,8000.0
2026,524/2026,550/2026,SIDNEI LOPES DE MIRANDA,31.480.622/0001-98,0,"Resolução Normativa nº 62/2013, Art. 6º, Inciso II",,7000.0
2026,526/2026,552/2026,EMPRESA PLUG PROPAGANDA & MARKETING LTDA,07.484.108/0001-46,0,"Resolução Normativa nº 62/2013, Art. 6º, Inciso IV",,8000.0
2026,526/2026,552/2026,JOSE HÉLIO LUCIO DA SILVA FILHO,,1,"Resolução Normativa nº 62/2013, Art. 6º, Inciso IV",,11000.0
2026,526/2026,552/2026,JOAQUIM LUCAS GUIMARAES FLORO,,1,"Resolução Normativa nº 62/2013, Art. 6º, Inciso IV",,6000.0
2026,527/2026,553/2026,URBANISMO SERVIÇOS E EVENTOS LTDA,18.445.567/0001-37,0,"Resolução Normativa nº 62/2013, Art. 6º, Inciso IV",,8000.0
2026,527/2026,553/2026,GILBERTO HOLANDA SOCIEDADE INDIVIDUAL DE ADVOCACIA,65.619.328/0001-36,0,"Resolução Normativa nº 62/2013, Art. 6º, Inciso IV",,10000.0
2026,527/2026,553/2026,MENDONÇA ASSESSORIA EMPRESARIAL LTDA,41.984.749/0001-06,0,"Resolução Normativa nº 62/2013, Art. 6º, Inciso IV",,7000.0
2026,528/2026,554/2026,EURIPEDES BEZERRA FEITOSA FILHO - EFCON,39.550.287/0001-69,0,"Resolução Normativa nº 62/2013, Art. 6º, Inciso IV",,12500.0
2026,528/2026,554/2026,ALISSON FARIAS SOCIEDADE INDIVIDUAL DE ADVOCACIA,41.573.272/0001-68,0,"Resolução Normativa nº 62/2013, Art. 6º, Inciso IV",,12500.0
2026,529/2026,555/2026,RUBEM MAGALHÃES MENESES,,1,"Resolução Normativa nº 62/2013, Art. 6º, Inciso IV",,7000.0
2026,529/2026,555/2026,RENATO LUCAS VIEIRA DA SILVA,,1,"Resolução Normativa nº 62/2013, Art. 6º, Inciso IV",,12000.0
2026,529/2026,555/2026,OLENIR ROSA DE MACEDO SOARES,,1,"Resolução Normativa nº 62/2013, Art. 6º, Inciso IV",,6000.0
2026,53/2026,40/2026,VICTORY FILMS,37.457.323/0001-19,0,"Resolução Normativa nº 62/2013, Art. 6º, Inciso V",,3500.0
2026,53/2026,40/2026,CARLOS YURY ARAUJO DE MORAIS SOCIEDADE INDIVIDUAL DE ADVOCAC,26.981.460/0001-31,0,"Resolução Normativa nº 62/2013, Art. 6º, Inciso IV",,8000.0
2026,53/2026,40/2026,FF CONSULTORIA E AUDITORIA LTDA,26.171.508/0001-46,0,"Resolução Normativa nº 62/2013, Art. 6º, Inciso IV",,5000.0
2026,53/2026,40/2026,M. F. LIMA CARNEIRO LTDA E VCIA EPP,04.626.774/0001-83,0,"Resolução Normativa nº 62/2013, Art. 6º, Inciso II",,8500.0
2026,530/2026,556/2026,GWR SILVA CONTABILIDADE E CONSULTORIA,33.650.479/0001-60,0,"Resolução Normativa nº 62/2013, Art. 6º, Inciso IV",,7000.0
2026,530/2026,556/2026,JOAO MAGALHAES CARVALHO,54.214.890/0001-63,0,"Resolução Normativa nº 62/2013, Art. 6º, Inciso IV",,11000.0
2026,530/2026,556/2026,MARIA EUGENIA MARQUES SOCIEDADE INDIVIDUAL DE ADVOCACIA,61.431.648/0001-07,0,"Resolução Normativa nº 62/2013, Art. 6º, Inciso IV",,7000.0
2026,531/2026,557/2026,DÁRIO BISPO CIA,54.533.136/0001-96,0,"Resolução Normativa nº 62/2013, Art. 6º, Inciso IV",,2500.0
2026,531/2026,557/2026,JACKSON DE MOURA GONCALVES JUNIOR,58.753.882/0001-46,0,"Resolução Normativa nº 62/2013, Art. 6º, Inciso IV",,3000.0
2026,531/2026,557/2026,A. E. C. B. CAVALCANTI,10.945.452/0001-08,0,"Resolução Normativa nº 62/2013, Art. 6º, Inciso II",,11500.0
2026,531/2026,557/2026,LUCAS RIBEIRO SOCIEDADE INDIVIDUAL DE ADVOCACIA,65.800.747/0001-70,0,"Resolução Normativa nº 62/2013, Art. 6º, Inciso IV",,8000.0
2026,532/2026,558/2026,MIRANDAS ASSOCIADOS CONTABILIDADE,18.816.149/0001-09,0,"Resolução Normativa nº 62/2013, Art. 6º, Inciso IV",,7000.0
2026,532/2026,558/2026,JOSEFA GEOVANA NUNES COSTA,,1,"Resolução Normativa nº 62/2013, Art. 6º, Inciso IV",,6000.0
2026,532/2026,558/2026,MARCOS MACIEL BATISTA DE SOUSA SOCIEDAE INDIVIDUAL DE ADVOCA,39.300.408/0001-14,0,"Resolução Normativa nº 62/2013, Art. 6º, Inciso IV",,12000.0
2026,533/2026,559/2026,IT PRODUCOES LTDA,41.174.419/0001-47,0,"Resolução Normativa nº 62/2013, Art. 6º, Inciso IV",,7500.0
2026,533/2026,559/2026,F T GOMES DA SILVA,59.058.740/0001-21,0,"Resolução Normativa nº 62/2013, Art. 6º, Inciso IV",,7000.0
2026,533/2026,559/2026,EUCHERLIS TEIXEIRA SOCIEDADE INDV DE ADOCACIA,59.842.391/0001-34,0,"Resolução Normativa nº 62/2013, Art. 6º, Inciso IV",,10500.0
2026,534/2026,560/2026,"PIRES, FERREIRA E LIMA SOCIEDADE IND DE ADVOCACIA",58.673.701/0001-71,0,"Resolução Normativa nº 62/2013, Art. 6º, Inciso IV",,6250.0
2026,534/2026,560/2026,ATALO FERNANDES DE ARAUJO PESSOA JUNIOR SOCIEDADE INDIVIDUAL,64.154.542/0001-00,0,"Resolução Normativa nº 62/2013, Art. 6º, Inciso IV",,6250.0
2026,534/2026,560/2026,ELECT MARKETING LTDA,51.352.934/0001-23,0,"Resolução Normativa nº 62/2013, Art. 6º, Inciso IV",,12500.0
2026,535/2026,561/2026,NF SERVIÇOS E LOCAÇÕES LTDA,60.812.873/0001-20,0,"Resolução Normativa nº 62/2013, Art. 6º, Inciso II",,8600.0
2026,535/2026,561/2026,LÍDER CONTABILIDADE E CERTIFICADO DIGITAL,46.422.835/0001-30,0,"Resolução Normativa nº 62/2013, Art. 6º, Inciso IV",,7500.0
2026,535/2026,561/2026,CARVALHO E OLIVEIRA - ADVOGADOS E ASSOCIADOS,10.791.215/0001-21,0,"Resolução Normativa nº 62/2013, Art. 6º, Inciso IV",,8600.0
2026,536/2026,562/2026,SENTRA DISTRIBUIDORA E SERVIÇO,13.170.806/0001-70,0,"Resolução Normativa nº 62/2013, Art. 6º, Inciso II",,12000.0
2026,536/2026,562/2026,ATEVALDO LOPES CARNEIRO SOCIEDADE INDIVIDUAL DE ADVOCACIA,39.522.462/0001-04,0,"Resolução Normativa nº 62/2013, Art. 6º, Inciso IV",,12000.0
2026,537/2026,563/2021,CARLOS YURY ARAUJO DE MORAIS SOCIEDADE INDIVIDUAL DE ADVOCAC,26.981.460/0001-31,0,"Resolução Normativa nº 62/2013, Art. 6º, Inciso IV",,8000.0
2026,537/2026,563/2021,FF CONSULTORIA E AUDITORIA LTDA,26.171.508/0001-46,0,"Resolução Normativa nº 62/2013, Art. 6º, Inciso IV",,5000.0
2026,537/2026,563/2021,M. F. LIMA CARNEIRO LTDA E VCIA EPP,04.626.774/0001-83,0,"Resolução Normativa nº 62/2013, Art. 6º, Inciso II",,8500.0
2026,537/2026,563/2021,VICTORY FILMS,37.457.323/0001-19,0,"Resolução Normativa nº 62/2013, Art. 6º, Inciso IV",,3500.0
2026,538/2026,566/2026,MARCOS MACIEL BATISTA DE SOUSA SOCIEDAE INDIVIDUAL DE ADVOCA,39.300.408/0001-14,0,"Resolução Normativa nº 62/2013, Art. 6º, Inciso IV",,12500.0
2026,538/2026,566/2026,URBANISMO SERVIÇOS E EVENTOS LTDA,18.445.567/0001-37,0,"Resolução Normativa nº 62/2013, Art. 6º, Inciso IV",,12500.0
2026,539/2026,567/2026,40.276.965 EDGAR RESPLANDES DE CARVALHO,40.276.965/0001-26,0,"Resolução Normativa nº 62/2013, Art. 6º, Inciso IV",,12500.0
2026,539/2026,567/2026,NATANAEL R. DE ASSIS EIRELI,00.633.937/0001-02,0,"Resolução Normativa nº 62/2013, Art. 6º, Inciso II",,12500.0
2026,54/2026,41/2026,AVANCE DIGITAL,51.430.500/0001-02,0,"Resolução Normativa nº 62/2013, Art. 6º, Inciso V",,4000.0
2026,54/2026,41/2026,CAPITAL SERVIÇOS LTDA.,11.208.910/0001-80,0,"Resolução Normativa nº 62/2013, Art. 6º, Inciso II",,12500.0
2026,54/2026,41/2026,PEDRO HENRIQUE FREITAS SOCIEDADE INDIVIDUAL DE ADVOCACIA,57.388.672/0001-33,0,"Resolução Normativa nº 62/2013, Art. 6º, Inciso IV",,8500.0
2026,542/2026,569/2026,COSTA & BRITO COMUNICAÇÃO LTDA ME,15.009.045/0001-02,0,"Resolução Normativa nº 62/2013, Art. 6º, Inciso IV",,5000.0
2026,542/2026,569/2026,EULALIO OLIVEIRA SOCIEDADE INDIVIDUAL DE ADVOCACIA,56.343.268/0001-80,0,"Resolução Normativa nº 62/2013, Art. 6º, Inciso IV",,8000.0
2026,542/2026,569/2026,M. DE F. DA SILVA ARAUJO,15.510.740/0001-45,0,"Resolução Normativa nº 62/2013, Art. 6º, Inciso IV",,12000.0
2026,543/2026,570/2026,MARCUS VINICIUS MEDEIROS OLIVEIRA,,1,"Resolução Normativa nº 62/2013, Art. 6º, Inciso IV",,7900.0
2026,543/2026,570/2026,ELISANGELA PEGADO ANDRADE FEITOSA,,1,"Resolução Normativa nº 62/2013, Art. 6º, Inciso IV",,6800.0
2026,543/2026,570/2026,GLEYSSON MOURA DA SILVA,11.195.416/0001-29,0,"Resolução Normativa nº 62/2013, Art. 6º, Inciso IV",,4000.0
2026,543/2026,570/2026,MARIA NANCY GOMES DE CARVALHO,,1,"Resolução Normativa nº 62/2013, Art. 6º, Inciso IV",,6000.0
2026,544/2026,571/2026,46.029.621 THAIS EDUARDA VILARINHO ALVES,46.029.621/0001-07,0,"Resolução Normativa nº 62/2013, Art. 6º, Inciso IV",,10000.0
2026,544/2026,571/2026,GILBERTO HOLANDA SOCIEDADE INDIVIDUAL DE ADVOCACIA,65.619.328/0001-36,0,"Resolução Normativa nº 62/2013, Art. 6º, Inciso IV",,10000.0
2026,544/2026,571/2026,TARSO DE NORONHA PESSOA,,1,"Resolução Normativa nº 62/2013, Art. 6º, Inciso IV",,5000.0
2026,545/2026,572/2026,CAPITAL SERVIÇOS LTDA.,11.208.910/0001-80,0,"Resolução Normativa nº 62/2013, Art. 6º, Inciso II",,12500.0
2026,545/2026,572/2026,PEDRO HENRIQUE FREITAS SOCIEDADE INDIVIDUAL DE ADVOCACIA,57.388.672/0001-33,0,"Resolução Normativa nº 62/2013, Art. 6º, Inciso IV",,8500.0
2026,545/2026,572/2026,LUIZ MARIO DE ARAUJO ROCHA,,1,"Resolução Normativa nº 62/2013, Art. 6º, Inciso IV",,4000.0
2026,546/2026,573/2026,MENESES E LEAL ADVOCACIA E CONSULTORIA,58.842.671/0001-80,0,"Resolução Normativa nº 62/2013, Art. 6º, Inciso IV",,12500.0
2026,546/2026,573/2026,SOLUCAO VISUAL LTDA,64.757.697/0001-22,0,"Resolução Normativa nº 62/2013, Art. 6º, Inciso IV",,12500.0
2026,547/2026,574/2026,DJENANE RIBEIRO PEREIRA ASSIS,,1,"Resolução Normativa nº 62/2013, Art. 6º, Inciso IV",,13000.0
2026,547/2026,574/2026,B DE M DOS SANTOS BS GESTAO CONTABIL,61.895.925/0001-32,0,"Resolução Normativa nº 62/2013, Art. 6º, Inciso IV",,6250.0
2026,548/2026,575/2026,VASCONCELOS & VASCONCELOS SOCIEDADE DE ADVOGADOS,64.645.066/0001-11,0,"Resolução Normativa nº 62/2013, Art. 6º, Inciso IV",,10000.0
2026,548/2026,575/2026,M. F. LIMA CARNEIRO LTDA E VCIA EPP,04.626.774/0001-83,0,"Resolução Normativa nº 62/2013, Art. 6º, Inciso II",,10000.0
2026,548/2026,575/2026,MASTER CONTABILIDADE E SERVIÇOS LTDA,58.865.666/0001-92,0,"Resolução Normativa nº 62/2013, Art. 6º, Inciso IV",,5000.0
2026,55/2026,42/2026,MASTER CONTABILIDADE E SERVIÇOS LTDA,58.865.666/0001-92,0,"Resolução Normativa nº 62/2013, Art. 6º, Inciso IV",,5000.0
2026,55/2026,42/2026,VASCONCELOS & VASCONCELOS SOCIEDADE DE ADVOGADOS,64.645.066/0001-11,0,"Resolução Normativa nº 62/2013, Art. 6º, Inciso IV",,8000.0
2026,55/2026,42/2026,ZION -COMUNICACAO & ESTRATEGIA LTDA,13.097.115/0001-98,0,"Resolução Normativa nº 62/2013, Art. 6º, Inciso V",,12000.0
2026,554/2026,580/2026,QSN EMPREENDIMENTOS LTDA,45.951.080/0001-07,0,"Resolução Normativa nº 62/2013, Art. 6º, Inciso II",,8000.0
2026,554/2026,580/2026,JOELSON LENILSON OLIVEIRA BATISTA,62.024.026/0001-27,0,"Resolução Normativa nº 62/2013, Art. 6º, Inciso IV",,9000.0
2026,56/2026,43/2026,EUCHERLIS TEIXEIRA SOCIEDADE INDV DE ADOCACIA,59.842.391/0001-34,0,"Resolução Normativa nº 62/2013, Art. 6º, Inciso IV",,10500.0
2026,56/2026,43/2026,F T GOMES DA SILVA,59.058.740/0001-21,0,"Resolução Normativa nº 62/2013, Art. 6º, Inciso IV",,7000.0
2026,56/2026,43/2026,IT PRODUCOES LTDA,41.174.419/0001-47,0,"Resolução Normativa nº 62/2013, Art. 6º, Inciso V",,7500.0
2026,57/2026,44/2026,ALMEIDA E BANDEIRA ADVOGADOS ASSOCIADOS,16.750.540/0001-22,0,"Resolução Normativa nº 62/2013, Art. 6º, Inciso IV",,12500.0
2026,57/2026,44/2026,DAVID CUNHA CARVALHO,,1,"Resolução Normativa nº 62/2013, Art. 6º, Inciso V",,4500.0
2026,57/2026,44/2026,L R DO NASCIMENTO LIMA LTDA,43.004.368/0001-30,0,"Resolução Normativa nº 62/2013, Art. 6º, Inciso II",,8000.0
2026,58/2026,46/2026,COSTA PRODUCOES ARTISTICAS LTDA,32.270.295/0001-02,0,"Resolução Normativa nº 62/2013, Art. 6º, Inciso V",,8500.0
2026,58/2026,46/2026,DÁRIO BISPO CIA,54.533.136/0001-96,0,"Resolução Normativa nº 62/2013, Art. 6º, Inciso IV",,5000.0
2026,58/2026,46/2026,DIVINO MOREIRA MENDES NEТО,06.082.433/0001-10,0,"Resolução Normativa nº 62/2013, Art. 6º, Inciso IV",,11500.0
2026,59/2026,45/2026,M. DE F. DA SILVA ARAUJO,15.510.740/0001-45,0,"Resolução Normativa nº 62/2013, Art. 6º, Inciso IV",,7100.0
2026,59/2026,45/2026,TARCIO PEREIRA CRUZ,43.028.880/0001-17,0,"Resolução Normativa nº 62/2013, Art. 6º, Inciso V",,7000.0
2026,59/2026,45/2026,VIVIANE ALVES SOCIEDADE DE ADVOCACIA,57.034.475/0001-16,0,"Resolução Normativa nº 62/2013, Art. 6º, Inciso IV",,10600.0
2026,596/2026,620/2026,PIAUI LOCAÇÕES DE VEÍCULOS E TRANSPORTE ESCOLAR LTDA,36.731.367/0001-22,0,"Resolução Normativa nº 62/2013, Art. 6º, Inciso II",,12410.0
2026,596/2026,620/2026,JOSE RENAN PARENTE CONTABILIDADE,25.206.164/0001-09,0,"Resolução Normativa nº 62/2013, Art. 6º, Inciso IV",,6000.0
2026,596/2026,620/2026,SOFTWARE INFOASSESSOR.COM.BR,35.748.629/0001-07,0,"Resolução Normativa nº 62/2013, Art. 6º, Inciso IV",,590.0
2026,596/2026,620/2026,RAFAEL NEIVA NUNES DO REGO SOCIEDADE INDIVIDUAL DE ADVOCACIA,11.410.592/0001-36,0,"Resolução Normativa nº 62/2013, Art. 6º, Inciso IV",,11000.0
2026,597/2026,621/2026,"PIRES, FERREIRA E LIMA SOCIEDADE IND DE ADVOCACIA",58.673.701/0001-71,0,"Resolução Normativa nº 62/2013, Art. 6º, Inciso IV",,8750.0
2026,597/2026,621/2026,ATALO FERNANDES DE ARAUJO PESSOA JUNIOR SOCIEDADE INDIVIDUAL,64.154.542/0001-00,0,"Resolução Normativa nº 62/2013, Art. 6º, Inciso IV",,6250.0
2026,597/2026,621/2026,ELECT MARKETING LTDA,51.352.934/0001-23,0,"Resolução Normativa nº 62/2013, Art. 6º, Inciso IV",,15000.0
2026,598/2026,622/2026,B DE M DOS SANTOS BS GESTAO CONTABIL,61.895.925/0001-32,0,"Resolução Normativa nº 62/2013, Art. 6º, Inciso IV",,6250.0
2026,598/2026,622/2026,DJENANE RIBEIRO PEREIRA ASSIS,,1,"Resolução Normativa nº 62/2013, Art. 6º, Inciso IV",,13000.0
2026,599/2026,6263/2026,MARIA EUGENIA MARQUES SOCIEDADE INDIVIDUAL DE ADVOCACIA,61.431.648/0001-07,0,"Resolução Normativa nº 62/2013, Art. 6º, Inciso IV",,15000.0
2026,599/2026,6263/2026,PORTAL NOTICIA DIRETA LTDA,59.788.319/0001-76,0,"Resolução Normativa nº 62/2013, Art. 6º, Inciso IV",,15000.0
2026,600/2026,624/2026,EUCHERLIS TEIXEIRA SOCIEDADE INDV DE ADOCACIA,59.842.391/0001-34,0,"Resolução Normativa nº 62/2013, Art. 6º, Inciso IV",,15000.0
2026,600/2026,624/2026,F T GOMES DA SILVA,59.058.740/0001-21,0,"Resolução Normativa nº 62/2013, Art. 6º, Inciso IV",,7000.0
2026,600/2026,624/2026,IT PRODUCOES LTDA,41.174.419/0001-47,0,"Resolução Normativa nº 62/2013, Art. 6º, Inciso IV",,7500.0
2026,601/2026,625/2026,JOELSON LENILSON OLIVEIRA BATISTA,62.024.026/0001-27,0,"Resolução Normativa nº 62/2013, Art. 6º, Inciso IV",,9000.0
2026,601/2026,625/2026,QSN EMPREENDIMENTOS LTDA,45.951.080/0001-07,0,"Resolução Normativa nº 62/2013, Art. 6º, Inciso II",,8000.0
2026,601/2026,625/2026,GWR SILVA CONTABILIDADE E CONSULTORIA,33.650.479/0001-60,0,"Resolução Normativa nº 62/2013, Art. 6º, Inciso IV",,5000.0
2026,601/2026,625/2026,RAFAEL CAVALCANTI BEZERRA,21.603.479/0001-20,0,"Resolução Normativa nº 62/2013, Art. 6º, Inciso IV",,8000.0
2026,602/2026,626/2026,M. F. LIMA CARNEIRO LTDA E VCIA EPP,04.626.774/0001-83,0,"Resolução Normativa nº 62/2013, Art. 6º, Inciso II",,13500.0
2026,602/2026,626/2026,ALMEIDA E BANDEIRA ADVOGADOS ASSOCIADOS,16.750.540/0001-22,0,"Resolução Normativa nº 62/2013, Art. 6º, Inciso IV",,12500.0
2026,602/2026,626/2026,DAVID CUNHA CARVALHO,,1,"Resolução Normativa nº 62/2013, Art. 6º, Inciso IV",,4000.0
2026,603/2026,627/2026,MENDONÇA ASSESSORIA EMPRESARIAL LTDA,41.984.749/0001-06,0,"Resolução Normativa nº 62/2013, Art. 6º, Inciso IV",,7000.0
2026,603/2026,627/2026,URBANISMO SERVIÇOS E EVENTOS LTDA,18.445.567/0001-37,0,"Resolução Normativa nº 62/2013, Art. 6º, Inciso IV",,8000.0
2026,603/2026,627/2026,GILBERTO HOLANDA SOCIEDADE INDIVIDUAL DE ADVOCACIA,65.619.328/0001-36,0,"Resolução Normativa nº 62/2013, Art. 6º, Inciso IV",,10000.0
2026,603/2026,627/2026,BRF CONSTRUÇÕES E SERVIÇOS,18.317.476/0001-16,0,"Resolução Normativa nº 62/2013, Art. 6º, Inciso II",,5000.0
2026,605/2026,629/2026,LÍDER CONTABILIDADE E CERTIFICADO DIGITAL,46.422.835/0001-30,0,"Resolução Normativa nº 62/2013, Art. 6º, Inciso IV",,8600.0
2026,605/2026,629/2026,NF SERVIÇOS E LOCAÇÕES LTDA,60.812.873/0001-20,0,"Resolução Normativa nº 62/2013, Art. 6º, Inciso II",,12500.0
2026,605/2026,629/2026,CARVALHO E OLIVEIRA - ADVOGADOS E ASSOCIADOS,10.791.215/0001-21,0,"Resolução Normativa nº 62/2013, Art. 6º, Inciso IV",,8600.0
2026,606/2026,630/2026,MENESES E LEAL ADVOCACIA E CONSULTORIA,58.842.671/0001-80,0,"Resolução Normativa nº 62/2013, Art. 6º, Inciso IV",,12500.0
2026,606/2026,630/2026,SOLUCAO VISUAL LTDA,64.757.697/0001-22,0,"Resolução Normativa nº 62/2013, Art. 6º, Inciso IV",,12500.0
2026,606/2026,630/2026,LUIZ ALBANIR DO VALE LINHARES LTDA,68.752.669/0001-73,0,"Resolução Normativa nº 62/2013, Art. 6º, Inciso IV",,5000.0
2026,607/2026,631/2026,DÁRIO BISPO CIA,54.533.136/0001-96,0,"Resolução Normativa nº 62/2013, Art. 6º, Inciso IV",,2500.0
2026,607/2026,631/2026,JACKSON DE MOURA GONCALVES JUNIOR,58.753.882/0001-46,0,"Resolução Normativa nº 62/2013, Art. 6º, Inciso IV",,3000.0
2026,607/2026,631/2026,LUCAS RIBEIRO SOCIEDADE INDIVIDUAL DE ADVOCACIA,65.800.747/0001-70,0,"Resolução Normativa nº 62/2013, Art. 6º, Inciso IV",,13000.0
2026,607/2026,631/2026,A. E. C. B. CAVALCANTI,10.945.452/0001-08,0,"Resolução Normativa nº 62/2013, Art. 6º, Inciso II",,11500.0
2026,608/2026,632/2026,JOAO MAGALHAES CARVALHO,54.214.890/0001-63,0,"Resolução Normativa nº 62/2013, Art. 6º, Inciso IV",,11000.0
2026,608/2026,632/2026,GWR SILVA CONTABILIDADE E CONSULTORIA,33.650.479/0001-60,0,"Resolução Normativa nº 62/2013, Art. 6º, Inciso IV",,7000.0
2026,608/2026,632/2026,MARIA EUGENIA MARQUES SOCIEDADE INDIVIDUAL DE ADVOCACIA,61.431.648/0001-07,0,"Resolução Normativa nº 62/2013, Art. 6º, Inciso IV",,12000.0
2026,609/2026,633/2026,VIVIANE ALVES SOCIEDADE DE ADVOCACIA,57.034.475/0001-16,0,"Resolução Normativa nº 62/2013, Art. 6º, Inciso IV",,10600.0
2026,609/2026,633/2026,M. DE F. DA SILVA ARAUJO,15.510.740/0001-45,0,"Resolução Normativa nº 62/2013, Art. 6º, Inciso IV",,10100.0
2026,609/2026,633/2026,LISIA GOMES ALEXANDRE DE SOUZA,53.103.074/0001-10,0,"Resolução Normativa nº 62/2013, Art. 6º, Inciso IV",,9300.0
2026,61/2026,47/2026,RAFAEL NEIVA NUNES DO REGO SOCIEDADE INDIVIDUAL DE ADVOCACIA,11.410.592/0001-36,0,"Resolução Normativa nº 62/2013, Art. 6º, Inciso IV",,6000.0
2026,61/2026,47/2026,MDP COMUNICAÇÃO LTDA,32.635.234/0001-00,0,"Resolução Normativa nº 62/2013, Art. 6º, Inciso V",,6000.0
2026,61/2026,47/2026,SOFTWARE INFOASSESSOR.COM.BR,35.748.629/0001-07,0,"Resolução Normativa nº 62/2013, Art. 6º, Inciso IX",,590.0
2026,61/2026,47/2026,PIAUI LOCAÇÕES DE VEÍCULOS E TRANSPORTE ESCOLAR LTDA,36.731.367/0001-22,0,"Resolução Normativa nº 62/2013, Art. 6º, Inciso II",,12410.0
2026,610/2026,635/2026,NATANAEL R. DE ASSIS EIRELI,00.633.937/0001-02,0,"Resolução Normativa nº 62/2013, Art. 6º, Inciso II",,11000.0
2026,610/2026,635/2026,PEDRO HENRIQUE SOCIEDADE INDIVIDUAL DE ADVOCACIA,59.639.681/0001-85,0,"Resolução Normativa nº 62/2013, Art. 6º, Inciso IV",,9000.0
2026,610/2026,635/2026,PAULO L V COSTA,33.263.380/0001-06,0,"Resolução Normativa nº 62/2013, Art. 6º, Inciso IV",,10000.0
2026,611/2026,636/2026,MIRANDAS ASSOCIADOS CONTABILIDADE,18.816.149/0001-09,0,"Resolução Normativa nº 62/2013, Art. 6º, Inciso IV",,9000.0
2026,611/2026,636/2026,MARCOS MACIEL BATISTA DE SOUSA SOCIEDAE INDIVIDUAL DE ADVOCA,39.300.408/0001-14,0,"Resolução Normativa nº 62/2013, Art. 6º, Inciso IV",,14000.0
2026,611/2026,636/2026,JOSEFA GEOVANA NUNES COSTA,,1,"Resolução Normativa nº 62/2013, Art. 6º, Inciso IV",,6000.0
2026,612/2026,637/2026,ATEVALDO LOPES CARNEIRO SOCIEDADE INDIVIDUAL DE ADVOCACIA,39.522.462/0001-04,0,"Resolução Normativa nº 62/2013, Art. 6º, Inciso IV",,12000.0
2026,612/2026,637/2026,PAULO L V COSTA,33.263.380/0001-06,0,"Resolução Normativa nº 62/2013, Art. 6º, Inciso IV",,5500.0
2026,612/2026,637/2026,EXXYA EMPREENDIMENTOS DE ENGENHARIA E ENERGIAS RENOVÁVEIS EI,41.767.536/0001-14,0,"Resolução Normativa nº 62/2013, Art. 6º, Inciso II",,12500.0
2026,613/2026,638/2026,COSTA & BRITO COMUNICAÇÃO LTDA ME,15.009.045/0001-02,0,"Resolução Normativa nº 62/2013, Art. 6º, Inciso IV",,5000.0
2026,613/2026,638/2026,M. DE F. DA SILVA ARAUJO,15.510.740/0001-45,0,"Resolução Normativa nº 62/2013, Art. 6º, Inciso IV",,12000.0
2026,613/2026,638/2026,EULALIO OLIVEIRA SOCIEDADE INDIVIDUAL DE ADVOCACIA,56.343.268/0001-80,0,"Resolução Normativa nº 62/2013, Art. 6º, Inciso IV",,8000.0
2026,613/2026,638/2026,BRF CONSTRUÇÕES E SERVIÇOS,18.317.476/0001-16,0,"Resolução Normativa nº 62/2013, Art. 6º, Inciso IV",,5000.0
2026,614/2026,639/2026,MAURICIO DE LACERDA ALMEIDA NETO,,1,"Resolução Normativa nº 62/2013, Art. 6º, Inciso IV",,6500.0
2026,614/2026,639/2026,PAULO NASCIMENTO DE ARAUJO,,1,"Resolução Normativa nº 62/2013, Art. 6º, Inciso IV",,8500.0
2026,614/2026,639/2026,R M MALAQUIAS SERVICOS COMBINADOS,11.852.887/0001-62,0,"Resolução Normativa nº 62/2013, Art. 6º, Inciso IV",,15000.0
2026,615/2026,640/2026,CAPITAL SERVIÇOS LTDA.,11.208.910/0001-80,0,"Resolução Normativa nº 62/2013, Art. 6º, Inciso II",,15000.0
2026,615/2026,640/2026,PEDRO HENRIQUE FREITAS SOCIEDADE INDIVIDUAL DE ADVOCACIA,57.388.672/0001-33,0,"Resolução Normativa nº 62/2013, Art. 6º, Inciso IV",,8500.0
2026,615/2026,640/2026,JOAQUIM LUCAS GUIMARAES FLORO,,1,"Resolução Normativa nº 62/2013, Art. 6º, Inciso IV",,2500.0
2026,615/2026,640/2026,LUIZ MARIO DE ARAUJO ROCHA,,1,"Resolução Normativa nº 62/2013, Art. 6º, Inciso IV",,4000.0
2026,616/2026,641/2026,MARCUS VINICIUS MEDEIROS OLIVEIRA,,1,"Resolução Normativa nº 62/2013, Art. 6º, Inciso IV",,7900.0
2026,616/2026,641/2026,ELISANGELA PEGADO ANDRADE FEITOSA,,1,"Resolução Normativa nº 62/2013, Art. 6º, Inciso IV",,6800.0
2026,616/2026,641/2026,GLEYSSON MOURA DA SILVA,11.195.416/0001-29,0,"Resolução Normativa nº 62/2013, Art. 6º, Inciso IV",,6000.0
2026,616/2026,641/2026,FIDES CONTABILIDADE E GESTÃO EMPRESARIAL LTDA,64.572.557/0001-80,0,"Resolução Normativa nº 62/2013, Art. 6º, Inciso IV",,9000.0
2026,617/2026,642/2026,GEORGIA NUNES ADVOGADOS ASSOCIADOS,10.750.754/0001-12,0,"Resolução Normativa nº 62/2013, Art. 6º, Inciso IV",,10000.0
2026,617/2026,642/2026,NASCAR LTDA,41.750.671/0001-57,0,"Resolução Normativa nº 62/2013, Art. 6º, Inciso II",,5000.0
2026,617/2026,642/2026,SIDNEI LOPES DE MIRANDA,31.480.622/0001-98,0,"Resolução Normativa nº 62/2013, Art. 6º, Inciso IV",,7000.0
2026,617/2026,642/2026,GWR SILVA CONTABILIDADE E CONSULTORIA,33.650.479/0001-60,0,"Resolução Normativa nº 62/2013, Art. 6º, Inciso IV",,8000.0
2026,618/2026,643/2026,46.029.621 THAIS EDUARDA VILARINHO ALVES,46.029.621/0001-07,0,"Resolução Normativa nº 62/2013, Art. 6º, Inciso IV",,10000.0
2026,618/2026,643/2026,GILBERTO HOLANDA SOCIEDADE INDIVIDUAL DE ADVOCACIA,65.619.328/0001-36,0,"Resolução Normativa nº 62/2013, Art. 6º, Inciso IV",,15000.0
2026,618/2026,643/2026,TARSO DE NORONHA PESSOA,,1,"Resolução Normativa nº 62/2013, Art. 6º, Inciso IV",,5000.0
2026,619/2026,644/2026,EURIPEDES BEZERRA FEITOSA FILHO - EFCON,39.550.287/0001-69,0,"Resolução Normativa nº 62/2013, Art. 6º, Inciso IV",,12500.0
2026,619/2026,644/2026,ALISSON FARIAS SOCIEDADE INDIVIDUAL DE ADVOCACIA,41.573.272/0001-68,0,"Resolução Normativa nº 62/2013, Art. 6º, Inciso IV",,12500.0
2026,619/2026,644/2026,HELIO DOS SANTOS VIVEIROS,49.268.876/0001-02,0,"Resolução Normativa nº 62/2013, Art. 6º, Inciso IV",,5000.0
2026,62/2026,49/2026,GEORGIA NUNES ADVOGADOS ASSOCIADOS,10.750.754/0001-12,0,"Resolução Normativa nº 62/2013, Art. 6º, Inciso IV",,10000.0
2026,62/2026,49/2026,GWR SILVA CONTABILIDADE E CONSULTORIA,33.650.479/0001-60,0,"Resolução Normativa nº 62/2013, Art. 6º, Inciso IV",,8000.0
2026,62/2026,49/2026,SOCIAL COMUNICAÇÃO & JORNALISMO LTDA ME,22.145.313/0001-70,0,"Resolução Normativa nº 62/2013, Art. 6º, Inciso V",,7000.0
2026,621/2026,645/2026,VALQUIRIA ALVES DE CASTRO,,1,"Resolução Normativa nº 62/2013, Art. 6º, Inciso IV",,5000.0
2026,621/2026,645/2026,NATANAEL R. DE ASSIS EIRELI,00.633.937/0001-02,0,"Resolução Normativa nº 62/2013, Art. 6º, Inciso II",,12500.0
2026,621/2026,645/2026,40.276.965 EDGAR RESPLANDES DE CARVALHO,40.276.965/0001-26,0,"Resolução Normativa nº 62/2013, Art. 6º, Inciso IV",,12500.0
2026,63/2026,50/2026,OLENIR ROSA DE MACEDO SOARES,,1,"Resolução Normativa nº 62/2013, Art. 6º, Inciso IV",,6000.0
2026,63/2026,50/2026,RENATO LUCAS VIEIRA DA SILVA,,1,"Resolução Normativa nº 62/2013, Art. 6º, Inciso IV",,12000.0
2026,63/2026,50/2026,RUBEM MAGALHÃES MENESES,,1,"Resolução Normativa nº 62/2013, Art. 6º, Inciso V",,7000.0
2026,65/2026,52/2026,MARCOS MACIEL BATISTA DE SOUSA SOCIEDAE INDIVIDUAL DE ADVOCA,39.300.408/0001-14,0,"Resolução Normativa nº 62/2013, Art. 6º, Inciso IV",,12500.0
2026,65/2026,52/2026,URBANISMO SERVIÇOS E EVENTOS LTDA,18.445.567/0001-37,0,"Resolução Normativa nº 62/2013, Art. 6º, Inciso V",,12500.0
2026,66/2026,53/2026,EDITORA E AGENCIA DE PUBLICIDADE O ESTADO EURELI,33.688.687/0001-59,0,"Resolução Normativa nº 62/2013, Art. 6º, Inciso V",,12500.0
2026,66/2026,53/2026,EURIPEDES BEZERRA FEITOSA FILHO - EFCON,39.550.287/0001-69,0,"Resolução Normativa nº 62/2013, Art. 6º, Inciso IV",,12500.0
2026,67/2026,54/2026,LÍDER CONTABILIDADE E CERTIFICADO DIGITAL,46.422.835/0001-30,0,"Resolução Normativa nº 62/2013, Art. 6º, Inciso IV",,7500.0
2026,67/2026,54/2026,RAMOS E MACHADO LTDA ME,33.144.591/0001-20,0,"Resolução Normativa nº 62/2013, Art. 6º, Inciso V",,8600.0
2026,67/2026,54/2026,CARVALHO E OLIVEIRA - ADVOGADOS E ASSOCIADOS,10.791.215/0001-21,0,"Resolução Normativa nº 62/2013, Art. 6º, Inciso IV",,8600.0
2026,68/2026,55/2026,46.029.621 THAIS EDUARDA VILARINHO ALVES,46.029.621/0001-07,0,"Resolução Normativa nº 62/2013, Art. 6º, Inciso V",,10000.0
2026,68/2026,55/2026,CAVALCANTE & HOLANDA SOCIEDADE DE ADVOGADOS,42.054.947/0001-25,0,"Resolução Normativa nº 62/2013, Art. 6º, Inciso IV",,10000.0
2026,68/2026,55/2026,TARSO DE NORONHA PESSOA,,1,"Resolução Normativa nº 62/2013, Art. 6º, Inciso IV",,5000.0
2026,69/2026,56/2026,ELISANGELA PEGADO ANDRADE FEITOSA,,1,"Resolução Normativa nº 62/2013, Art. 6º, Inciso V",,6800.0
2026,69/2026,56/2026,GLEYSSON MOURA DA SILVA,11.195.416/0001-29,0,"Resolução Normativa nº 62/2013, Art. 6º, Inciso V",,4000.0
2026,69/2026,56/2026,MARCUS VINICIUS MEDEIROS OLIVEIRA,,1,"Resolução Normativa nº 62/2013, Art. 6º, Inciso IV",,7900.0
2026,69/2026,56/2026,MARIA NANCY GOMES DE CARVALHO,,1,"Resolução Normativa nº 62/2013, Art. 6º, Inciso IV",,6000.0
2026,70/2026,57/2026,JOAQUIM LUCAS GUIMARAES FLORO,,1,"Resolução Normativa nº 62/2013, Art. 6º, Inciso IV",,6000.0
2026,70/2026,57/2026,JOSE HELIO LUCIO DA SILVA FILHO,33.243.298/0001-10,0,"Resolução Normativa nº 62/2013, Art. 6º, Inciso IV",,11000.0
2026,70/2026,57/2026,EMPRESA PLUG PROPAGANDA & MARKETING LTDA,07.484.108/0001-46,0,"Resolução Normativa nº 62/2013, Art. 6º, Inciso V",,8000.0
2026,71/2026,58/2026,ATEVALDO LOPES CARNEIRO SOCIEDADE INDIVIDUAL DE ADVOCACIA,39.522.462/0001-04,0,"Resolução Normativa nº 62/2013, Art. 6º, Inciso IV",,12000.0
2026,71/2026,58/2026,CELSO EDUARDO COMERCIO SERVIÇO LTDA,05.248.304/0001-96,0,"Resolução Normativa nº 62/2013, Art. 6º, Inciso V",,7000.0
2026,71/2026,58/2026,SENTRA DISTRIBUIDORA E SERVIÇO,13.170.806/0001-70,0,"Resolução Normativa nº 62/2013, Art. 6º, Inciso II",,6000.0
2026,72/2026,620/2026,JOSEFA GEOVANA NUNES COSTA,,1,"Resolução Normativa nº 62/2013, Art. 6º, Inciso V",,6000.0
2026,72/2026,620/2026,MARCOS MACIEL BATISTA DE SOUSA SOCIEDAE INDIVIDUAL DE ADVOCA,39.300.408/0001-14,0,"Resolução Normativa nº 62/2013, Art. 6º, Inciso IV",,12000.0
2026,72/2026,620/2026,MIRANDAS ASSOCIADOS CONTABILIDADE,18.816.149/0001-09,0,"Resolução Normativa nº 62/2013, Art. 6º, Inciso IV",,7000.0
2026,73/2026,59/2026,COSTA & BRITO COMUNICAÇÃO LTDA ME,15.009.045/0001-02,0,"Resolução Normativa nº 62/2013, Art. 6º, Inciso V",,5000.0
2026,73/2026,59/2026,EULALIO OLIVEIRA SOCIEDADE INDIVIDUAL DE ADVOCACIA,56.343.268/0001-80,0,"Resolução Normativa nº 62/2013, Art. 6º, Inciso IV",,8000.0
2026,73/2026,59/2026,M. DE F. DA SILVA ARAUJO,15.510.740/0001-45,0,"Resolução Normativa nº 62/2013, Art. 6º, Inciso IV",,12000.0
2026,74/2026,61/2026,BRENO MACEDO SOCIEDADE INDIVIDUAL DE ADVOCACIA,41.725.928/0001-10,0,"Resolução Normativa nº 62/2013, Art. 6º, Inciso IV",,9000.0
2026,74/2026,61/2026,CELSO EDUARDO COMERCIO SERVIÇO LTDA,05.248.304/0001-96,0,"Resolução Normativa nº 62/2013, Art. 6º, Inciso V",,10000.0
2026,74/2026,61/2026,NATANAEL R. DE ASSIS EIRELI,00.633.937/0001-02,0,"Resolução Normativa nº 62/2013, Art. 6º, Inciso II",,6000.0
2026,75/2026,62/2026,GABRIELA MACENA SOUSA,50.398.845/0001-55,0,"Resolução Normativa nº 62/2013, Art. 6º, Inciso V",,12500.0
2026,75/2026,62/2026,MENESES E LEAL ADVOCACIA E CONSULTORIA,58.842.671/0001-80,0,"Resolução Normativa nº 62/2013, Art. 6º, Inciso IV",,12500.0
